id,cloud,reference,speed,horizon,yaw,template_available,byte_equal,geometry,fast_first,full_ms,fast_ms,receiver_ms,acquisition_ms,age_s,full_age_s,fast_conditional_stop,full_conditional_stop,physical_movement_authorized,packet_bytes
base_0_far_00_v0.0_h0.2,base_0_far_00,2.0,0.0,0.2,0.015969110057049807,False,True,False,True,0.00037100000049861137,0.0007639999992647972,0.0005139999998959865,22.415094000002966,0.04241637200000213,0.042415979000003365,False,False,False,0
base_0_far_00_v0.0_h0.3,base_0_far_00,2.0,0.0,0.3,0.015969110057049807,False,True,False,False,0.00017600000035145058,0.00013100000018084756,0.0001489999998938174,22.415094000002966,0.042415374000003045,0.042415419000003216,False,False,False,0
base_0_far_00_v0.0_h0.4,base_0_far_00,2.0,0.0,0.4,0.015969110057049807,False,True,False,True,0.00010900000013691624,0.00014099999923189444,0.00011500000063335847,22.415094000002966,0.042415350000002836,0.04241531800000374,False,False,False,0
base_0_far_00_v0.5_h0.2,base_0_far_00,2.0,0.5,0.2,0.015969110057049807,False,True,False,False,9.99999993922529e-05,7.39999990173601e-05,0.00010299999964047402,22.415094000002966,0.04241527100000163,0.042415297000002,False,False,False,0
base_0_far_00_v0.5_h0.3,base_0_far_00,2.0,0.5,0.3,0.015969110057049807,False,True,False,True,6.600000013179397e-05,0.00012499999968440534,8.09999995965427e-05,22.415094000002966,0.04241530000000225,0.0424152410000027,False,False,False,0
base_0_far_00_v0.5_h0.4,base_0_far_00,2.0,0.5,0.4,0.015969110057049807,False,True,False,False,9.10000004239464e-05,0.00010399999972321439,9.200000050668677e-05,22.415094000002966,0.0424152900000032,0.0424152770000039,False,False,False,0
base_0_far_00_v1.0_h0.2,base_0_far_00,2.0,1.0,0.2,0.015969110057049807,False,True,False,True,9.699999914403179e-05,9.499999897855105e-05,7.799999934832158e-05,22.415094000002966,0.0424152670000013,0.04241526900000146,False,False,False,0
base_0_far_00_v1.0_h0.3,base_0_far_00,2.0,1.0,0.3,0.015969110057049807,False,True,False,False,0.0006489999986314388,0.00020899999952916914,0.00033499999929631485,22.415094000002966,0.042415638000001796,0.0424160780000009,False,False,False,0
base_0_far_00_v1.0_h0.4,base_0_far_00,2.0,1.0,0.4,0.015969110057049807,False,True,False,True,0.00016400000113492297,0.00022600000093575545,0.00030300000020133666,22.415094000002966,0.04241562300000411,0.042415561000004307,False,False,False,0
base_0_far_01_v0.0_h0.2,base_0_far_01,2.05,0.0,0.2,0.015969110057049807,False,True,False,False,0.00027699999982644385,0.00013599999881819258,0.00025800000003073364,11.491152000001392,0.031491546000000245,0.03149168700000125,False,False,False,0
base_0_far_01_v0.0_h0.3,base_0_far_01,2.05,0.0,0.3,0.015969110057049807,False,True,False,True,0.00012099999935344385,0.00014800000158743387,0.00014099999923189444,11.491152000001392,0.031491441000002215,0.03149141399999998,False,False,False,0
base_0_far_01_v0.0_h0.4,base_0_far_01,2.05,0.0,0.4,0.015969110057049807,False,True,False,False,0.00011899999918796311,9.29999988130703e-05,0.0001229999995189246,11.491152000001392,0.03149136799999973,0.0314913940000001,False,False,False,0
base_0_far_01_v0.5_h0.2,base_0_far_01,2.05,0.5,0.2,0.015969110057049807,False,True,False,True,8.800000017572529e-05,0.00012000000104706032,9.200000050668677e-05,11.491152000001392,0.03149136400000295,0.03149133200000208,False,False,False,0
base_0_far_01_v0.5_h0.3,base_0_far_01,2.05,0.5,0.3,0.015969110057049807,False,True,False,False,9.699999914403179e-05,8.600000001024455e-05,9.10000004239464e-05,11.491152000001392,0.03149132900000183,0.031491340000000964,False,False,False,0
base_0_far_01_v0.5_h0.4,base_0_far_01,2.05,0.5,0.4,0.015969110057049807,False,True,False,True,9.99999993922529e-05,9.99999993922529e-05,8.800000017572529e-05,11.491152000001392,0.031491340000000964,0.031491340000000964,False,False,False,0
base_0_far_01_v1.0_h0.2,base_0_far_01,2.05,1.0,0.2,0.015969110057049807,False,True,False,False,0.00015500000039025963,7.600000095919768e-05,8.900000025846566e-05,11.491152000001392,0.031491317000002614,0.031491396000002045,False,False,False,0
base_0_far_01_v1.0_h0.3,base_0_far_01,2.05,1.0,0.3,0.015969110057049807,False,True,False,True,6.700000021453434e-05,0.00010399999972321439,8.199999967928306e-05,11.491152000001392,0.0314913380000008,0.03149130100000129,False,False,False,0
base_0_far_01_v1.0_h0.4,base_0_far_01,2.05,1.0,0.4,0.015969110057049807,False,True,False,False,7.400000079371694e-05,7.100000054549582e-05,8.900000025846566e-05,11.491152000001392,0.0314913120000022,0.03149131500000245,False,False,False,0
base_0_far_02_v0.0_h0.2,base_0_far_02,2.1,0.0,0.2,0.015969110057049807,False,True,False,True,0.00017700000043419095,0.00035799999942298655,0.0003280000004934891,24.81636899999984,0.04481705499999976,0.04481687400000077,False,False,False,0
base_0_far_02_v0.0_h0.3,base_0_far_02,2.1,0.0,0.3,0.015969110057049807,False,True,False,False,0.00022200000060479397,0.00014299999939737518,0.00012699999984988608,24.81636899999984,0.04481663899999909,0.0448167180000003,False,False,False,0
base_0_far_02_v0.0_h0.4,base_0_far_02,2.1,0.0,0.4,0.015969110057049807,False,True,False,True,0.0001229999995189246,0.00015100000005929815,0.00013100000018084756,24.81636899999984,0.04481665100000008,0.04481662299999954,False,False,False,0
base_0_far_02_v0.5_h0.2,base_0_far_02,2.1,0.5,0.2,0.015969110057049807,False,True,False,False,0.00012399999960166497,0.00013400000042906868,0.00013800000076003016,24.81636899999984,0.04481664100000103,0.044816631000000204,False,False,False,0
base_0_far_02_v0.5_h0.3,base_0_far_02,2.1,0.5,0.3,0.015969110057049807,False,True,False,True,0.00013600000059454942,0.0001069999999714355,0.00015899999894486427,24.81636899999984,0.04481663499999876,0.04481666399999938,False,False,False,0
base_0_far_02_v0.5_h0.4,base_0_far_02,2.1,0.5,0.4,0.015969110057049807,False,True,False,False,0.00010799999827781903,0.00013100000018084756,0.00016399999935856613,24.81636899999984,0.04481666399999938,0.04481664099999748,False,False,False,0
base_0_far_02_v1.0_h0.2,base_0_far_02,2.1,1.0,0.2,0.015969110057049807,False,True,False,True,0.00010599999988869513,0.00013799999898367332,0.00010299999964047402,24.81636899999984,0.044816609999998466,0.04481657799999937,False,False,False,0
base_0_far_02_v1.0_h0.3,base_0_far_02,2.1,1.0,0.3,0.015969110057049807,False,True,False,False,9.199999873032993e-05,7.599999918284084e-05,8.900000025846566e-05,24.81636899999984,0.04481653399999928,0.04481654999999883,False,False,False,0
base_0_far_02_v1.0_h0.4,base_0_far_02,2.1,1.0,0.4,0.015969110057049807,False,True,False,True,6.399999996631323e-05,9.99999993922529e-05,8.09999995965427e-05,24.81636899999984,0.04481654999999883,0.044816513999999405,False,False,False,0
base_0_far_03_v0.0_h0.2,base_0_far_03,2.15,0.0,0.2,0.015969110057049807,False,True,False,False,0.0004870000012147102,0.00019499999837080395,0.00036000000136482413,20.066582999998417,0.040067137999998156,0.040067430000001,False,False,False,0
base_0_far_03_v0.0_h0.3,base_0_far_03,2.15,0.0,0.3,0.015969110057049807,False,True,False,True,0.00014499999956285592,0.00027099999933000163,0.0003050000003668174,20.066582999998417,0.04006715899999812,0.04006703299999835,False,False,False,0
base_0_far_03_v0.0_h0.4,base_0_far_03,2.15,0.0,0.4,0.015969110057049807,False,True,False,False,0.0002050000009745645,0.00013500000051180905,0.0002779999999091842,20.066582999998417,0.04006699599999884,0.040067065999999305,False,False,False,0
base_0_far_03_v0.5_h0.2,base_0_far_03,2.15,0.5,0.2,0.015969110057049807,False,True,False,True,0.00014300000117373202,0.0001950000001471608,0.0002459999990378492,20.066582999998417,0.040067023999997606,0.04006697199999863,False,False,False,0
base_0_far_03_v0.5_h0.3,base_0_far_03,2.15,0.5,0.3,0.015969110057049807,False,True,False,False,0.00017400000018596984,0.0001389999990664137,0.00024500000073146566,20.066582999998417,0.04006696699999822,0.04006700199999934,False,False,False,0
base_0_far_03_v0.5_h0.4,base_0_far_03,2.15,0.5,0.4,0.015969110057049807,False,True,False,True,0.00011300000046787773,0.00016700000138314408,0.00027099999933000163,20.066582999998417,0.040067020999999134,0.04006696699999822,False,False,False,0
base_0_far_03_v1.0_h0.2,base_0_far_03,2.15,1.0,0.2,0.015969110057049807,False,True,False,False,0.00017099999993774873,0.00012900000001536682,0.00023499999990406195,20.066582999998417,0.04006694699999834,0.04006698899999826,False,False,False,0
base_0_far_03_v1.0_h0.3,base_0_far_03,2.15,1.0,0.3,0.015969110057049807,False,True,False,True,0.00011500000063335847,0.00016200000096944223,0.0002529999996170318,20.066582999998417,0.04006699799999901,0.04006695099999867,False,False,False,0
base_0_far_03_v1.0_h0.4,base_0_far_03,2.15,1.0,0.4,0.015969110057049807,False,True,False,False,0.00015700000055574037,0.00011899999918796311,0.00024200000048324455,20.066582999998417,0.04006694399999809,0.04006698199999946,False,False,False,0
base_0_far_04_v0.0_h0.2,base_0_far_04,2.2,0.0,0.2,0.015969110057049807,False,True,False,True,0.00018400000101337355,0.00038800000012884084,0.0003359999993790552,15.8336900000009,0.03583441400000041,0.035834210000001296,False,False,False,0
base_0_far_04_v0.0_h0.3,base_0_far_04,2.2,0.0,0.3,0.015969110057049807,False,True,False,False,0.00018700000126159466,0.0001630000010521826,0.00019100000159255615,15.8336900000009,0.03583404400000355,0.03583406800000376,False,False,False,0
base_0_far_04_v0.0_h0.4,base_0_far_04,2.2,0.0,0.4,0.015969110057049807,False,True,False,True,0.00013600000059454942,0.00015899999894486427,0.00022499999907665824,15.8336900000009,0.035834073999998925,0.035834051000000575,False,False,False,0
base_0_far_04_v0.5_h0.2,base_0_far_04,2.2,0.5,0.2,0.015969110057049807,False,True,False,False,0.00016000000080396148,0.00011200000038513735,0.00013200000026358794,15.8336900000009,0.03583393400000155,0.03583398200000197,False,False,False,0
base_0_far_04_v0.5_h0.3,base_0_far_04,2.2,0.5,0.3,0.015969110057049807,False,True,False,True,0.00013200000026358794,0.00012399999960166497,0.00014299999939737518,15.8336900000009,0.0358339569999999,0.035833965000000564,False,False,False,0
base_0_far_04_v0.5_h0.4,base_0_far_04,2.2,0.5,0.4,0.015969110057049807,False,True,False,False,0.00011200000038513735,0.0001069999999714355,0.00012699999984988608,15.8336900000009,0.035833924000000725,0.03583392900000114,False,False,False,0
base_0_far_04_v1.0_h0.2,base_0_far_04,2.2,1.0,0.2,0.015969110057049807,False,True,False,True,0.00012099999935344385,0.00012099999935344385,0.00012900000001536682,15.8336900000009,0.03583394000000027,0.03583394000000027,False,False,False,0
base_0_far_04_v1.0_h0.3,base_0_far_04,2.2,1.0,0.3,0.015969110057049807,False,True,False,False,0.00010199999955773364,0.00012700000162624292,0.00012699999984988608,15.8336900000009,0.03583394400000238,0.03583391900000031,False,False,False,0
base_0_far_04_v1.0_h0.4,base_0_far_04,2.2,1.0,0.4,0.015969110057049807,False,True,False,True,9.10000004239464e-05,9.899999930951253e-05,0.00012199999943618423,15.8336900000009,0.03583391099999965,0.035833903000000764,False,False,False,0
base_0_far_05_v0.0_h0.2,base_0_far_05,2.25,0.0,0.2,0.015969110057049807,False,True,False,False,0.0004019999995108492,0.00019199999989893968,0.0003139999993351239,18.159221000001224,0.03815972700000046,0.038159937000000074,False,False,False,0
base_0_far_05_v0.0_h0.3,base_0_far_05,2.25,0.0,0.3,0.015969110057049807,False,True,False,True,0.0001750000002687102,0.0001950000001471608,0.00021600000010835174,18.159221000001224,0.038159632000001484,0.038159612000001605,False,False,False,0
base_0_far_05_v0.0_h0.4,base_0_far_05,2.25,0.0,0.4,0.015969110057049807,False,True,False,False,0.00014499999956285592,0.0001389999990664137,0.00015500000039025963,18.159221000001224,0.038159515000000685,0.03815952100000118,False,False,False,0
base_0_far_05_v0.5_h0.2,base_0_far_05,2.25,0.5,0.2,0.015969110057049807,False,True,False,True,0.00012900000001536682,0.00012699999984988608,0.00013200000026358794,18.159221000001224,0.03815948000000134,0.03815948200000151,False,False,False,0
base_0_far_05_v0.5_h0.3,base_0_far_05,2.25,0.5,0.3,0.015969110057049807,False,True,False,False,0.00014399999948011555,0.00013100000018084756,0.00014200000109099165,18.159221000001224,0.0381594940000025,0.0381595070000018,False,False,False,0
base_0_far_05_v0.5_h0.4,base_0_far_05,2.25,0.5,0.4,0.015969110057049807,False,True,False,True,0.00012399999960166497,0.00013600000059454942,0.00015100000005929815,18.159221000001224,0.03815950800000188,0.03815949600000089,False,False,False,0
base_0_far_05_v1.0_h0.2,base_0_far_05,2.25,1.0,0.2,0.015969110057049807,False,True,False,False,0.00011600000071609884,0.00012900000001536682,0.00014499999956285592,18.159221000001224,0.038159495000000807,0.03815948200000151,False,False,False,0
base_0_far_05_v1.0_h0.3,base_0_far_05,2.25,1.0,0.3,0.015969110057049807,False,True,False,True,0.00011000000021965661,0.00011299999869152089,0.00014399999948011555,18.159221000001224,0.0381594779999994,0.03815947500000093,False,False,False,0
base_0_far_05_v1.0_h0.4,base_0_far_05,2.25,1.0,0.4,0.015969110057049807,False,True,False,False,0.000115999998939742,9.899999930951253e-05,0.00011800000088157958,18.159221000001224,0.03815943800000142,0.03815945500000105,False,False,False,0
base_0_far_06_v0.0_h0.2,base_0_far_06,2.3,0.0,0.2,0.015969110057049807,False,True,False,True,0.00016700000138314408,0.0003559999992575058,0.00032600000032800835,17.08157899999918,0.03708226099999877,0.037082072000000896,False,False,False,0
base_0_far_06_v0.0_h0.3,base_0_far_06,2.3,0.0,0.3,0.015969110057049807,False,True,False,False,0.0002069999993636884,0.00010499999980595476,0.00012000000104706032,17.08157899999918,0.03708180400000004,0.037081905999999595,False,False,False,0
base_0_far_06_v0.0_h0.4,base_0_far_06,2.3,0.0,0.4,0.015969110057049807,False,True,False,True,0.0001210000011298007,0.0001140000005506181,9.700000092038863e-05,17.08157899999918,0.037081790000000656,0.037081797000001235,False,False,False,0
base_0_far_06_v0.5_h0.2,base_0_far_06,2.3,0.5,0.2,0.015969110057049807,False,True,False,False,0.00013399999865271184,7.400000079371694e-05,0.00010599999988869513,17.08157899999918,0.03708175899999987,0.037081818999997726,False,False,False,0
base_0_far_06_v0.5_h0.3,base_0_far_06,2.3,0.5,0.3,0.015969110057049807,False,True,False,True,6.900000038001508e-05,0.0001069999999714355,0.00010800000005417587,17.08157899999918,0.03708179399999921,0.03708175599999962,False,False,False,0
base_0_far_06_v0.5_h0.4,base_0_far_06,2.3,0.5,0.4,0.015969110057049807,False,True,False,False,0.00010300000141683086,6.199999980083248e-05,8.299999976202344e-05,17.08157899999918,0.03708172399999875,0.03708176500000036,False,False,False,0
base_0_far_06_v1.0_h0.2,base_0_far_06,2.3,1.0,0.2,0.015969110057049807,False,True,False,True,8.199999967928306e-05,9.500000075490789e-05,8.09999995965427e-05,17.08157899999918,0.037081754999999536,0.03708174199999846,False,False,False,0
base_0_far_06_v1.0_h0.3,base_0_far_06,2.3,1.0,0.3,0.015969110057049807,False,True,False,False,8.900000025846566e-05,6.399999996631323e-05,7.999999951380232e-05,17.08157899999918,0.037081722999998665,0.03708174799999896,False,False,False,0
base_0_far_06_v1.0_h0.4,base_0_far_06,2.3,1.0,0.4,0.015969110057049807,False,True,False,True,6.700000021453434e-05,9.000000034120603e-05,8.199999967928306e-05,17.08157899999918,0.037081750999999205,0.03708172799999908,False,False,False,0
base_0_far_07_v0.0_h0.2,base_0_far_07,2.35,0.0,0.2,0.015969110057049807,False,True,False,False,0.0002860000005711072,0.00012900000001536682,0.00026400000052717587,21.829748000001814,0.04183014100000236,0.041830298000002916,False,False,False,0
base_0_far_07_v0.0_h0.3,base_0_far_07,2.35,0.0,0.3,0.015969110057049807,False,True,False,True,0.0001300000000981072,9.899999930951253e-05,0.00013500000051180905,21.829748000001814,0.04182998200000164,0.04183001300000243,False,False,False,0
base_0_far_07_v0.0_h0.4,base_0_far_07,2.35,0.0,0.4,0.015969110057049807,False,True,False,False,0.00013600000059454942,0.00011100000030239698,9.400000067216752e-05,21.829748000001814,0.04182995300000279,0.041829978000003085,False,False,False,0
base_0_far_07_v0.5_h0.2,base_0_far_07,2.35,0.5,0.2,0.015969110057049807,False,True,False,True,0.00010000000116860974,0.00010300000141683086,0.0001069999999714355,21.829748000001814,0.041829958000003206,0.04182995500000296,False,False,False,0
base_0_far_07_v0.5_h0.3,base_0_far_07,2.35,0.5,0.3,0.015969110057049807,False,True,False,False,0.0001259999997671457,8.600000001024455e-05,9.000000034120603e-05,21.829748000001814,0.04182992400000217,0.041829964000001926,False,False,False,0
base_0_far_07_v0.5_h0.4,base_0_far_07,2.35,0.5,0.4,0.015969110057049807,False,True,False,True,0.00010299999964047402,9.199999873032993e-05,7.499999910010047e-05,21.829748000001814,0.04182991499999965,0.04182992600000056,False,False,False,0
base_0_far_07_v1.0_h0.2,base_0_far_07,2.35,1.0,0.2,0.015969110057049807,False,True,False,False,9.000000034120603e-05,6.800000029727471e-05,9.600000083764826e-05,21.829748000001814,0.04182991200000295,0.041829934000003,False,False,False,0
base_0_far_07_v1.0_h0.3,base_0_far_07,2.35,1.0,0.3,0.015969110057049807,False,True,False,True,6.50000000490536e-05,0.00011100000030239698,8.299999976202344e-05,21.829748000001814,0.04182994200000188,0.04182989600000163,False,False,False,0
base_0_far_07_v1.0_h0.4,base_0_far_07,2.35,1.0,0.4,0.015969110057049807,False,True,False,False,0.00010599999988869513,7.000000046275545e-05,9.10000004239464e-05,21.829748000001814,0.041829909000002705,0.04182994500000213,False,False,False,0
base_0_far_08_v0.0_h0.2,base_0_far_08,2.4,0.0,0.2,0.015969110057049807,False,True,False,True,0.00012699999984988608,0.00029999999995311555,0.00026400000052717587,17.539029000001705,0.03753959300000219,0.037539420000002086,False,False,False,0
base_0_far_08_v0.0_h0.3,base_0_far_08,2.4,0.0,0.3,0.015969110057049807,False,True,False,False,0.0001370000006772898,0.0001069999999714355,0.0001489999998938174,17.539029000001705,0.037539285000001574,0.03753931500000228,False,False,False,0
base_0_far_08_v0.0_h0.4,base_0_far_08,2.4,0.0,0.4,0.015969110057049807,False,True,False,True,0.00010900000013691624,0.00012099999935344385,0.00013200000026358794,17.539029000001705,0.037539282000001326,0.03753927000000211,False,False,False,0
base_0_far_08_v0.5_h0.2,base_0_far_08,2.4,0.5,0.2,0.015969110057049807,False,True,False,False,0.00011999999927070348,9.500000075490789e-05,9.600000083764826e-05,17.539029000001705,0.0375392200000033,0.03753924500000182,False,False,False,0
base_0_far_08_v0.5_h0.3,base_0_far_08,2.4,0.5,0.3,0.015969110057049807,False,True,False,True,7.400000079371694e-05,0.00010999999844329977,9.399999889581068e-05,17.539029000001705,0.03753923299999905,0.0375391970000014,False,False,False,0
base_0_far_08_v0.5_h0.4,base_0_far_08,2.4,0.5,0.4,0.015969110057049807,False,True,False,False,0.00010599999988869513,7.50000008764573e-05,7.799999934832158e-05,17.539029000001705,0.03753918200000193,0.037539213000000946,False,False,False,0
base_0_far_08_v1.0_h0.2,base_0_far_08,2.4,1.0,0.2,0.015969110057049807,False,True,False,True,7.400000079371694e-05,7.299999893461973e-05,7.899999943106195e-05,17.539029000001705,0.037539181000000074,0.03753918200000193,False,False,False,0
base_0_far_08_v1.0_h0.3,base_0_far_08,2.4,1.0,0.3,0.015969110057049807,False,True,False,False,0.00010499999980595476,6.600000013179397e-05,7.999999951380232e-05,17.539029000001705,0.037539175000001354,0.03753921400000103,False,False,False,0
base_0_far_08_v1.0_h0.4,base_0_far_08,2.4,1.0,0.4,0.015969110057049807,False,True,False,True,0.00010099999947499327,0.00010099999947499327,8.09999995965427e-05,17.539029000001705,0.03753921100000078,0.03753921100000078,False,False,False,0
base_0_far_09_v0.0_h0.2,base_0_far_09,2.45,0.0,0.2,0.015969110057049807,False,True,False,False,0.0003589999995057269,0.00014799999981107703,0.00029599999962215406,21.357682000001432,0.04135812600000087,0.041358337000000564,False,False,False,0
base_0_far_09_v0.0_h0.3,base_0_far_09,2.45,0.0,0.3,0.015969110057049807,False,True,False,True,0.0001969999985362847,0.00022500000085301508,0.00015700000055574037,21.357682000001432,0.041358064000002845,0.04135803600000053,False,False,False,0
base_0_far_09_v0.0_h0.4,base_0_far_09,2.45,0.0,0.4,0.015969110057049807,False,True,False,False,0.00013500000051180905,0.00013100000018084756,0.00014099999923189444,21.357682000001432,0.04135795400000085,0.04135795800000118,False,False,False,0
base_0_far_09_v0.5_h0.2,base_0_far_09,2.45,0.5,0.2,0.015969110057049807,False,True,False,True,0.00013599999881819258,0.00010800000005417587,0.00018300000093063318,21.357682000001432,0.04135797300000242,0.041358001000001185,False,False,False,0
base_0_far_09_v0.5_h0.3,base_0_far_09,2.45,0.5,0.3,0.015969110057049807,False,True,False,False,0.0001259999997671457,0.00012900000001536682,0.0001489999998938174,21.357682000001432,0.041357960000001345,0.0413579570000011,False,False,False,0
base_0_far_09_v0.5_h0.4,base_0_far_09,2.45,0.5,0.4,0.015969110057049807,False,True,False,True,0.00011700000079883921,0.00011499999885700163,0.00015999999902760464,21.357682000001432,0.04135795699999932,0.04135795900000126,False,False,False,0
base_0_far_09_v1.0_h0.2,base_0_far_09,2.45,1.0,0.2,0.015969110057049807,False,True,False,False,0.00011799999910522274,0.00010700000174779234,0.00013500000051180905,21.357682000001432,0.041357924000003696,0.04135793500000105,False,False,False,0
base_0_far_09_v1.0_h0.3,base_0_far_09,2.45,1.0,0.3,0.015969110057049807,False,True,False,True,0.00011899999918796311,0.00012199999943618423,0.00024099999862414734,21.357682000001432,0.041358044999999496,0.04135804199999925,False,False,False,0
base_0_far_09_v1.0_h0.4,base_0_far_09,2.45,1.0,0.4,0.015969110057049807,False,True,False,False,9.400000067216752e-05,0.00012199999943618423,0.00015700000055574037,21.357682000001432,0.04135796100000143,0.041357933000002664,False,False,False,0
base_0_free_01_v0.0_h0.2,base_0_free_01,2.55,0.0,0.2,0.015969110057049807,False,True,False,True,0.00014500000133921276,0.00028100000015740534,0.000267000000775397,11.47978899999913,0.031480337000000067,0.03148020100000125,False,False,False,0
base_0_free_01_v0.0_h0.3,base_0_free_01,2.55,0.0,0.3,0.015969110057049807,False,True,False,False,0.00013799999898367332,0.0001300000000981072,0.00014200000109099165,11.47978899999913,0.03148006100000032,0.03148006899999921,False,False,False,0
base_0_free_01_v0.0_h0.4,base_0_free_01,2.55,0.0,0.4,0.015969110057049807,False,True,False,True,0.0001330000003463283,0.00015800000063848074,0.00016899999977226798,11.47978899999913,0.031480115999999544,0.03148009099999925,False,False,False,0
base_0_free_01_v0.5_h0.2,base_0_free_01,2.55,0.5,0.2,0.015969110057049807,False,True,False,False,0.00010399999972321439,0.00011200000038513735,0.00010600000166505197,11.47978899999913,0.031480007000001184,0.03147999900000052,False,False,False,0
base_0_free_01_v0.5_h0.3,base_0_free_01,2.55,0.5,0.3,0.015969110057049807,False,True,False,True,0.00012600000154350255,0.00010299999964047402,0.00012499999968440534,11.47978899999913,0.03148001699999846,0.03148004000000036,False,False,False,0
base_0_free_01_v0.5_h0.4,base_0_free_01,2.55,0.5,0.4,0.015969110057049807,False,True,False,False,0.00015400000030751926,0.00012099999935344385,0.00015999999902760464,11.47978899999913,0.031480069999997515,0.03148010299999847,False,False,False,0
base_0_free_01_v1.0_h0.2,base_0_free_01,2.55,1.0,0.2,0.015969110057049807,False,True,False,True,0.0001069999999714355,0.00013200000026358794,0.00013699999890093295,11.47978899999913,0.0314800579999983,0.031480032999998006,False,False,False,0
base_0_free_01_v1.0_h0.3,base_0_free_01,2.55,1.0,0.3,0.015969110057049807,False,True,False,False,9.300000058942715e-05,9.399999889581068e-05,0.00011999999927070348,11.47978899999913,0.0314800029999973,0.031480001999998994,False,False,False,0
base_0_free_01_v1.0_h0.4,base_0_free_01,2.55,1.0,0.4,0.015969110057049807,False,True,False,True,0.00012099999935344385,0.00011100000030239698,0.0001389999990664137,11.47978899999913,0.0314800389999985,0.031480048999997554,False,False,False,0
base_0_free_02_v0.0_h0.2,base_0_free_02,2.6,0.0,0.2,0.015969110057049807,False,True,False,False,0.0003559999992575058,0.00017400000018596984,0.00034799999859558284,13.143762000000336,0.03314428399999912,0.03314446599999819,False,False,False,0
base_0_free_02_v0.0_h0.3,base_0_free_02,2.6,0.0,0.3,0.015969110057049807,False,True,False,True,0.00011699999902248237,0.00016299999927582576,0.00013099999840449073,13.143762000000336,0.03314405599999802,0.03314400999999777,False,False,False,0
base_0_free_02_v0.0_h0.4,base_0_free_02,2.6,0.0,0.4,0.015969110057049807,False,True,False,False,0.00012700000162624292,8.700000009298492e-05,0.00010299999964047402,13.143762000000336,0.033143952000000074,0.03314399200000161,False,False,False,0
base_0_free_02_v0.5_h0.2,base_0_free_02,2.6,0.5,0.2,0.015969110057049807,False,True,False,True,6.799999852091787e-05,0.0001140000005506181,9.700000092038863e-05,13.143762000000336,0.03314397300000181,0.03314392699999978,False,False,False,0
base_0_free_02_v0.5_h0.3,base_0_free_02,2.6,0.5,0.3,0.015969110057049807,False,True,False,False,0.00011800000088157958,7.899999943106195e-05,7.899999943106195e-05,13.143762000000336,0.0331439199999992,0.03314395900000065,False,False,False,0
base_0_free_02_v0.5_h0.4,base_0_free_02,2.6,0.5,0.4,0.015969110057049807,False,True,False,True,7.000000046275545e-05,0.00010399999972321439,8.799999839936845e-05,13.143762000000336,0.03314395399999846,0.0331439199999992,False,False,False,0
base_0_free_02_v1.0_h0.2,base_0_free_02,2.6,1.0,0.2,0.015969110057049807,False,True,False,False,9.29999988130703e-05,6.600000013179397e-05,7.999999951380232e-05,13.143762000000336,0.033143907999999986,0.03314393499999867,False,False,False,0
base_0_free_02_v1.0_h0.3,base_0_free_02,2.6,1.0,0.3,0.015969110057049807,False,True,False,True,6.399999996631323e-05,0.00010900000013691624,8.299999976202344e-05,13.143762000000336,0.03314395400000024,0.03314390900000007,False,False,False,0
base_0_free_02_v1.0_h0.4,base_0_free_02,2.6,1.0,0.4,0.015969110057049807,False,True,False,False,9.600000083764826e-05,6.499999827269676e-05,8.20000014556399e-05,13.143762000000336,0.03314390900000007,0.033143940000002634,False,False,False,0
base_0_free_03_v0.0_h0.2,base_0_free_03,2.65,0.0,0.2,0.015969110057049807,False,True,False,True,0.0001649999994413065,0.0004799999988591708,0.00044599999959871184,22.320635000001587,0.04232156100000005,0.04232124600000063,False,False,False,0
base_0_free_03_v0.0_h0.3,base_0_free_03,2.65,0.0,0.3,0.015969110057049807,False,True,False,False,0.00016299999927582576,0.00010099999947499327,0.000156000000473,22.320635000001587,0.04232089200000154,0.04232095400000134,False,False,False,0
base_0_free_03_v0.0_h0.4,base_0_free_03,2.65,0.0,0.4,0.015969110057049807,False,True,False,True,8.000000129015916e-05,0.00012199999943618423,0.00010399999972321439,22.320635000001587,0.04232086100000075,0.042320819000002605,False,False,False,0
base_0_free_03_v0.5_h0.2,base_0_free_03,2.65,0.5,0.2,0.015969110057049807,False,True,False,False,0.0001259999997671457,0.00010599999988869513,9.199999873032993e-05,22.320635000001587,0.04232083300000021,0.04232085300000009,False,False,False,0
base_0_free_03_v0.5_h0.3,base_0_free_03,2.65,0.5,0.3,0.015969110057049807,False,True,False,True,9.29999988130703e-05,8.800000017572529e-05,0.0001259999997671457,22.320635000001587,0.042320849000001534,0.04232085400000017,False,False,False,0
base_0_free_03_v0.5_h0.4,base_0_free_03,2.65,0.5,0.4,0.015969110057049807,False,True,False,False,0.0001140000005506181,0.00012099999935344385,0.00014799999981107703,22.320635000001587,0.042320904000000756,0.04232089700000195,False,False,False,0
base_0_free_03_v1.0_h0.2,base_0_free_03,2.65,1.0,0.2,0.015969110057049807,False,True,False,True,9.700000092038863e-05,0.0001400000009255109,0.00011999999927070348,22.320635000001587,0.04232089500000179,0.04232085200000178,False,False,False,0
base_0_free_03_v1.0_h0.3,base_0_free_03,2.65,1.0,0.3,0.015969110057049807,False,True,False,False,0.0001489999998938174,6.299999988357285e-05,8.700000009298492e-05,22.320635000001587,0.04232078500000157,0.04232087100000158,False,False,False,0
base_0_free_03_v1.0_h0.4,base_0_free_03,2.65,1.0,0.4,0.015969110057049807,False,True,False,True,0.00011499999885700163,0.00010199999955773364,0.00013999999914915406,22.320635000001587,0.0423208770000003,0.0423208899999996,False,False,False,0
base_0_free_04_v0.0_h0.2,base_0_free_04,2.7,0.0,0.2,0.015969110057049807,False,True,False,False,0.0005249999990297738,0.0001750000002687102,0.0004219999993892998,39.29433599999932,0.05929493299999898,0.05929528299999774,False,False,False,0
base_0_free_04_v0.0_h0.3,base_0_free_04,2.7,0.0,0.3,0.015969110057049807,False,True,False,True,0.0001750000002687102,0.000271999999412742,0.0002830000003228861,39.29433599999932,0.05929489099999906,0.059294793999999915,False,False,False,0
base_0_free_04_v0.0_h0.4,base_0_free_04,2.7,0.0,0.4,0.015969110057049807,False,True,False,False,0.00022499999907665824,0.00015700000055574037,0.00028100000015740534,39.29433599999932,0.059294774000000036,0.05929484199999856,False,False,False,0
base_0_free_04_v0.5_h0.2,base_0_free_04,2.7,0.5,0.2,0.015969110057049807,False,True,False,True,0.00014499999956285592,0.00021500000002561137,0.00027099999933000163,39.29433599999932,0.05929482199999868,0.059294751999998216,False,False,False,0
base_0_free_04_v0.5_h0.3,base_0_free_04,2.7,0.5,0.3,0.015969110057049807,False,True,False,False,0.0002370000000695427,0.0001330000003463283,0.0002459999990378492,39.29433599999932,0.05929471499999871,0.05929481899999843,False,False,False,0
base_0_free_04_v0.5_h0.4,base_0_free_04,2.7,0.5,0.4,0.015969110057049807,False,True,False,True,0.00014200000109099165,0.00016999999985500835,0.0002779999999091842,39.29433599999932,0.05929478399999909,0.05929475600000032,False,False,False,0
base_0_free_04_v1.0_h0.2,base_0_free_04,2.7,1.0,0.2,0.015969110057049807,False,True,False,False,0.00023099999957310047,0.00015200000014203852,0.0002630000004444355,39.29433599999932,0.05929475099999991,0.05929482999999934,False,False,False,0
base_0_free_04_v1.0_h0.3,base_0_free_04,2.7,1.0,0.3,0.015969110057049807,False,True,False,True,0.0001590000007212211,0.00018299999915427634,0.000259000000113474,39.29433599999932,0.05929477799999859,0.05929475400000016,False,False,False,0
base_0_free_04_v1.0_h0.4,base_0_free_04,2.7,1.0,0.4,0.015969110057049807,False,True,False,False,0.00018899999965071856,0.00012699999984988608,0.00021800000027383248,39.29433599999932,0.05929468099999945,0.05929474299999925,False,False,False,0
base_0_free_05_v0.0_h0.2,base_0_free_05,2.75,0.0,0.2,0.015969110057049807,False,True,False,True,0.0001459999996455963,0.0002679999990817805,0.0002919999992911926,39.52243000000166,0.05952299000000004,0.0595228680000006,False,False,False,0
base_0_free_05_v0.0_h0.3,base_0_free_05,2.75,0.0,0.3,0.015969110057049807,False,True,False,False,0.0001619999991930854,0.00012399999960166497,0.00014299999939737518,39.52243000000166,0.059522697000000666,0.05952273500000026,False,False,False,0
base_0_free_05_v0.0_h0.4,base_0_free_05,2.75,0.0,0.4,0.015969110057049807,False,True,False,True,8.700000009298492e-05,0.00011200000038513735,0.0001140000005506181,39.52243000000166,0.0595226560000026,0.05952263100000231,False,False,False,0
base_0_free_05_v0.5_h0.2,base_0_free_05,2.75,0.5,0.2,0.015969110057049807,False,True,False,False,9.099999864758956e-05,8.600000001024455e-05,0.00010399999972321439,39.52243000000166,0.0595226200000014,0.05952262500000004,False,False,False,0
base_0_free_05_v0.5_h0.3,base_0_free_05,2.75,0.5,0.3,0.015969110057049807,False,True,False,True,7.000000046275545e-05,9.499999897855105e-05,8.800000017572529e-05,39.52243000000166,0.05952261300000082,0.059522588000002305,False,False,False,0
base_0_free_05_v0.5_h0.4,base_0_free_05,2.75,0.5,0.4,0.015969110057049807,False,True,False,False,9.400000067216752e-05,8.600000001024455e-05,8.09999995965427e-05,39.52243000000166,0.05952259700000127,0.059522605000001935,False,False,False,0
base_0_free_05_v1.0_h0.2,base_0_free_05,2.75,1.0,0.2,0.015969110057049807,False,True,False,True,9.200000050668677e-05,0.00012099999935344385,0.00013799999898367332,39.52243000000166,0.059522689000000004,0.05952266000000116,False,False,False,0
base_0_free_05_v1.0_h0.3,base_0_free_05,2.75,1.0,0.3,0.015969110057049807,False,True,False,False,0.00010900000013691624,8.600000001024455e-05,9.400000067216752e-05,39.52243000000166,0.05952261000000235,0.059522633000002476,False,False,False,0
base_0_free_05_v1.0_h0.4,base_0_free_05,2.75,1.0,0.4,0.015969110057049807,False,True,False,True,7.999999951380232e-05,0.00011499999885700163,8.800000017572529e-05,39.52243000000166,0.0595226330000007,0.059522598000001356,False,False,False,0
base_0_free_06_v0.0_h0.2,base_0_free_06,2.8,0.0,0.2,0.015969110057049807,False,True,False,False,0.0005170000001442077,0.00017800000051693132,0.0003660000000849095,48.75951500000042,0.06876005900000103,0.06876039800000065,False,False,False,0
base_0_free_06_v0.0_h0.3,base_0_free_06,2.8,0.0,0.3,0.015969110057049807,False,True,False,True,0.00017099999993774873,0.00027500000143731995,0.0002559999998652529,48.75951500000042,0.06876004600000173,0.06875994200000023,False,False,False,0
base_0_free_06_v0.0_h0.4,base_0_free_06,2.8,0.0,0.4,0.015969110057049807,False,True,False,False,0.00021899999858021602,0.00015100000005929815,0.00024600000081420603,48.75951500000042,0.0687599120000013,0.06875997999999982,False,False,False,0
base_0_free_06_v0.5_h0.2,base_0_free_06,2.8,0.5,0.2,0.015969110057049807,False,True,False,True,0.00014799999981107703,0.0002370000000695427,0.00024600000081420603,48.75951500000042,0.06875999800000131,0.06875990900000105,False,False,False,0
base_0_free_06_v0.5_h0.3,base_0_free_06,2.8,0.5,0.3,0.015969110057049807,False,True,False,False,0.00021699999841473527,0.0001530000002247789,0.00022499999907665824,48.75951500000042,0.06875989299999972,0.06875995699999791,False,False,False,0
base_0_free_06_v0.5_h0.4,base_0_free_06,2.8,0.5,0.4,0.015969110057049807,False,True,False,True,0.00011800000088157958,0.0001750000002687102,0.00023099999957310047,48.75951500000042,0.06875992100000027,0.06875986400000088,False,False,False,0
base_0_free_06_v1.0_h0.2,base_0_free_06,2.8,1.0,0.2,0.015969110057049807,False,True,False,False,0.0001720000000204891,0.00014499999956285592,0.0002069999993636884,48.75951500000042,0.06875986699999935,0.06875989399999981,False,False,False,0
base_0_free_06_v1.0_h0.3,base_0_free_06,2.8,1.0,0.3,0.015969110057049807,False,True,False,True,0.0001389999990664137,0.0001909999998161993,0.00023099999957310047,48.75951500000042,0.06875993699999981,0.06875988499999906,False,False,False,0
base_0_free_06_v1.0_h0.4,base_0_free_06,2.8,1.0,0.4,0.015969110057049807,False,True,False,False,0.00016999999985500835,0.0001330000003463283,0.0002280000011012362,48.75951500000042,0.06875987600000187,0.06875991300000138,False,False,False,0
base_0_free_07_v0.0_h0.2,base_0_free_07,2.85,0.0,0.2,0.015969110057049807,False,True,False,True,0.00016100000088670186,0.00034600000020645894,0.0003329999991308341,37.15566900000056,0.0571563479999999,0.05715616300000058,False,False,False,0
base_0_free_07_v0.0_h0.3,base_0_free_07,2.85,0.0,0.3,0.015969110057049807,False,True,False,False,0.0002259999991593986,0.00015599999869664316,0.000173999998409613,37.15566900000056,0.05715599899999767,0.05715606899999813,False,False,False,0
base_0_free_07_v0.0_h0.4,base_0_free_07,2.85,0.0,0.4,0.015969110057049807,False,True,False,True,9.600000083764826e-05,0.001181000000016752,7.799999934832158e-05,37.15566900000056,0.057156927999999926,0.05715584300000075,False,False,False,0
base_0_free_07_v0.5_h0.2,base_0_free_07,2.85,0.5,0.2,0.015969110057049807,False,True,False,False,0.00011200000038513735,7.899999943106195e-05,9.000000034120603e-05,37.15566900000056,0.057155838000000334,0.05715587100000129,False,False,False,0
base_0_free_07_v0.5_h0.3,base_0_free_07,2.85,0.5,0.3,0.015969110057049807,False,True,False,True,5.999999963535174e-05,9.000000034120603e-05,7.699999926558121e-05,37.15566900000056,0.05715583600000017,0.05715580599999946,False,False,False,0
base_0_free_07_v0.5_h0.4,base_0_free_07,2.85,0.5,0.4,0.015969110057049807,False,True,False,False,0.00011199999860878052,0.00015800000063848074,8.09999995965427e-05,37.15566900000056,0.057155908000000796,0.05715586199999877,False,False,False,0
base_0_free_07_v1.0_h0.2,base_0_free_07,2.85,1.0,0.2,0.015969110057049807,False,True,False,True,6.900000038001508e-05,7.199999885187935e-05,8.800000017572529e-05,37.15566900000056,0.05715582899999959,0.05715582600000112,False,False,False,0
base_0_free_07_v1.0_h0.3,base_0_free_07,2.85,1.0,0.3,0.015969110057049807,False,True,False,False,9.699999914403179e-05,6.900000038001508e-05,7.999999951380232e-05,37.15566900000056,0.057155818000000455,0.05715584599999922,False,False,False,0
base_0_free_07_v1.0_h0.4,base_0_free_07,2.85,1.0,0.4,0.015969110057049807,False,True,False,True,6.800000029727471e-05,9.500000075490789e-05,8.299999976202344e-05,37.15566900000056,0.05715584700000108,0.05715582000000062,False,False,False,0
base_0_free_08_v0.0_h0.2,base_0_free_08,2.9,0.0,0.2,0.015969110057049807,False,True,False,False,0.00028800000073658794,0.00012200000121254106,0.00021900000035657285,23.366901999999357,0.04336724300000093,0.043367409000000454,False,False,False,0
base_0_free_08_v0.0_h0.3,base_0_free_08,2.9,0.0,0.3,0.015969110057049807,False,True,False,True,0.00011900000096431995,0.00011499999885700163,9.300000058942715e-05,23.366901999999357,0.04336710999999881,0.043367114000000914,False,False,False,0
base_0_free_08_v0.0_h0.4,base_0_free_08,2.9,0.0,0.4,0.015969110057049807,False,True,False,False,9.600000083764826e-05,7.700000104193805e-05,9.600000083764826e-05,23.366901999999357,0.04336707500000124,0.043367094000001036,False,False,False,0
base_0_free_08_v0.5_h0.2,base_0_free_08,2.9,0.5,0.2,0.015969110057049807,False,True,False,True,7.20000006282362e-05,6.999999868639861e-05,8.600000001024455e-05,23.366901999999357,0.04336705799999806,0.04336706,False,False,False,0
base_0_free_08_v0.5_h0.3,base_0_free_08,2.9,0.5,0.3,0.015969110057049807,False,True,False,False,7.20000006282362e-05,7.600000095919768e-05,9.700000092038863e-05,23.366901999999357,0.04336707500000124,0.04336707100000091,False,False,False,0
base_0_free_08_v0.5_h0.4,base_0_free_08,2.9,0.5,0.4,0.015969110057049807,False,True,False,True,6.700000021453434e-05,9.199999873032993e-05,8.199999967928306e-05,23.366901999999357,0.04336707599999777,0.043367050999999254,False,False,False,0
base_0_free_08_v1.0_h0.2,base_0_free_08,2.9,1.0,0.2,0.015969110057049807,False,True,False,False,9.200000050668677e-05,6.199999980083248e-05,8.09999995965427e-05,23.366901999999357,0.04336704499999876,0.043367074999999464,False,False,False,0
base_0_free_08_v1.0_h0.3,base_0_free_08,2.9,1.0,0.3,0.015969110057049807,False,True,False,True,6.700000021453434e-05,9.10000004239464e-05,8.600000001024455e-05,23.366901999999357,0.043367078999999795,0.043367054999999585,False,False,False,0
base_0_free_08_v1.0_h0.4,base_0_free_08,2.9,1.0,0.4,0.015969110057049807,False,True,False,False,0.00010499999980595476,6.799999852091787e-05,8.600000001024455e-05,23.366901999999357,0.04336705599999789,0.04336709299999918,False,False,False,0
base_0_free_09_v0.0_h0.2,base_0_free_09,2.95,0.0,0.2,0.015969110057049807,False,True,False,True,0.00016299999927582576,0.0003540000008683819,0.0003060000004495578,18.116319000000658,0.03811697900000198,0.03811678800000039,False,False,False,0
base_0_free_09_v0.0_h0.3,base_0_free_09,2.95,0.0,0.3,0.015969110057049807,False,True,False,False,0.00018100000076515244,0.0001649999994413065,0.00023399999982132158,18.116319000000658,0.038116717999999924,0.03811673400000125,False,False,False,0
base_0_free_09_v0.0_h0.4,base_0_free_09,2.95,0.0,0.4,0.015969110057049807,False,True,False,True,0.0001330000003463283,0.00016200000096944223,0.00016899999977226798,18.116319000000658,0.038116650000001404,0.03811662100000078,False,False,False,0
base_0_free_09_v0.5_h0.2,base_0_free_09,2.95,0.5,0.2,0.015969110057049807,False,True,False,False,0.0001619999991930854,0.0001470000015046935,0.00018000000068241206,18.116319000000658,0.03811664600000285,0.03811666100000054,False,False,False,0
base_0_free_09_v0.5_h0.3,base_0_free_09,2.95,0.5,0.3,0.015969110057049807,False,True,False,True,0.00011100000030239698,0.00013799999898367332,0.000156000000473,18.116319000000658,0.03811661300000012,0.03811658600000144,False,False,False,0
base_0_free_09_v0.5_h0.4,base_0_free_09,2.95,0.5,0.4,0.015969110057049807,False,True,False,False,0.00013299999856997147,0.00014399999948011555,0.00015899999894486427,18.116319000000658,0.03811662199999909,0.03811661099999818,False,False,False,0
base_0_free_09_v1.0_h0.2,base_0_free_09,2.95,1.0,0.2,0.015969110057049807,False,True,False,True,0.0001140000005506181,0.00011900000096431995,0.0001470000015046935,18.116319000000658,0.03811658500000313,0.03811658000000272,False,False,False,0
base_0_free_09_v1.0_h0.3,base_0_free_09,2.95,1.0,0.3,0.015969110057049807,False,True,False,False,0.00012200000121254106,0.00012200000121254106,0.0001489999998938174,18.116319000000658,0.03811659000000177,0.03811659000000177,False,False,False,0
base_0_free_09_v1.0_h0.4,base_0_free_09,2.95,1.0,0.4,0.015969110057049807,False,True,False,True,0.0001280000017089833,0.0001259999997671457,0.00013500000051180905,18.116319000000658,0.03811658000000094,0.03811658200000288,False,False,False,0
base_0_near_00_v0.0_h0.2,base_0_near_00,3.0,0.0,0.2,0.015969110057049807,False,True,False,False,0.0003020000001185963,0.0001459999996455963,0.00026100000027895476,31.93558999999979,0.05193599699999972,0.05193615300000019,False,False,False,0
base_0_near_00_v0.0_h0.3,base_0_near_00,3.0,0.0,0.3,0.015969110057049807,False,True,False,True,0.0001140000005506181,0.00012399999960166497,0.00017300000010322947,31.93558999999979,0.0519358869999995,0.05193587700000045,False,False,False,0
base_0_near_00_v0.0_h0.4,base_0_near_00,3.0,0.0,0.4,0.015969110057049807,False,True,False,False,0.00014099999923189444,0.00010599999988869513,0.00010999999844329977,31.93558999999979,0.05193580599999813,0.05193584099999747,False,False,False,0
base_0_near_00_v0.5_h0.2,base_0_near_00,3.0,0.5,0.2,0.015969110057049807,False,True,False,True,8.700000009298492e-05,0.00012300000129528144,0.00010999999844329977,31.93558999999979,0.051935822999999534,0.05193578699999833,False,False,False,0
base_0_near_00_v0.5_h0.3,base_0_near_00,3.0,0.5,0.3,0.015969110057049807,False,True,False,False,0.00012399999960166497,7.100000054549582e-05,0.00011100000030239698,31.93558999999979,0.05193577200000064,0.0519358249999997,False,False,False,0
base_0_near_00_v0.5_h0.4,base_0_near_00,3.0,0.5,0.4,0.015969110057049807,False,True,False,True,8.000000129015916e-05,8.499999992750418e-05,8.499999992750418e-05,31.93558999999979,0.05193575999999965,0.05193575500000101,False,False,False,0
base_0_near_00_v1.0_h0.2,base_0_near_00,3.0,1.0,0.2,0.015969110057049807,False,True,False,False,0.00011200000038513735,9.000000034120603e-05,8.699999831662808e-05,31.93558999999979,0.05193576699999845,0.0519357889999985,False,False,False,0
base_0_near_00_v1.0_h0.3,base_0_near_00,3.0,1.0,0.3,0.015969110057049807,False,True,False,True,6.700000021453434e-05,9.899999930951253e-05,8.20000014556399e-05,31.93558999999979,0.05193577100000056,0.051935739000001466,False,False,False,0
base_0_near_00_v1.0_h0.4,base_0_near_00,3.0,1.0,0.4,0.015969110057049807,False,True,False,False,7.39999990173601e-05,0.00010499999980595476,7.900000120741879e-05,31.93558999999979,0.05193577400000081,0.05193574300000002,False,False,False,0
base_0_near_01_v0.0_h0.2,base_0_near_01,3.05,0.0,0.2,0.015969110057049807,False,True,False,True,0.0001259999997671457,0.0002400000003177638,0.00026200000036169513,19.43136799999934,0.03943187000000002,0.03943175599999947,False,False,False,0
base_0_near_01_v0.0_h0.3,base_0_near_01,3.05,0.0,0.3,0.015969110057049807,False,True,False,False,0.00013100000018084756,0.00012199999943618423,0.00013200000026358794,19.43136799999934,0.03943162199999904,0.03943163099999979,False,False,False,0
base_0_near_01_v0.0_h0.4,base_0_near_01,3.05,0.0,0.4,0.015969110057049807,False,True,False,True,8.39999998447638e-05,0.00011200000038513735,0.00010800000005417587,19.43136799999934,0.03943158799999978,0.03943155999999924,False,False,False,0
base_0_near_01_v0.5_h0.2,base_0_near_01,3.05,0.5,0.2,0.015969110057049807,False,True,False,False,0.00011600000071609884,7.900000120741879e-05,0.00011600000071609884,19.43136799999934,0.039431563000001266,0.039431600000000774,False,False,False,0
base_0_near_01_v0.5_h0.3,base_0_near_01,3.05,0.5,0.3,0.015969110057049807,False,True,False,True,9.699999914403179e-05,0.00011299999869152089,9.499999897855105e-05,19.43136799999934,0.03943157599999701,0.039431559999997465,False,False,False,0
base_0_near_01_v0.5_h0.4,base_0_near_01,3.05,0.5,0.4,0.015969110057049807,False,True,False,False,0.00011799999910522274,7.20000006282362e-05,9.400000067216752e-05,19.43136799999934,0.03943153400000064,0.03943157999999912,False,False,False,0
base_0_near_01_v1.0_h0.2,base_0_near_01,3.05,1.0,0.2,0.015969110057049807,False,True,False,True,8.000000129015916e-05,9.499999897855105e-05,8.299999976202344e-05,19.43136799999934,0.03943154599999808,0.039431531000000394,False,False,False,0
base_0_near_01_v1.0_h0.3,base_0_near_01,3.05,1.0,0.3,0.015969110057049807,False,True,False,False,9.8000001003129e-05,7.899999943106195e-05,8.600000001024455e-05,19.43136799999934,0.039431532999998783,0.039431552000000356,False,False,False,0
base_0_near_01_v1.0_h0.4,base_0_near_01,3.05,1.0,0.4,0.015969110057049807,False,True,False,True,8.800000017572529e-05,7.199999885187935e-05,8.499999992750418e-05,19.43136799999934,0.03943152499999812,0.039431540999999445,False,False,False,0
base_0_near_02_v0.0_h0.2,base_0_near_02,3.1,0.0,0.2,0.015969110057049807,False,True,False,False,0.00025099999945155105,0.0001530000002247789,0.00026100000027895476,16.439633999997483,0.03644004799999799,0.03644014599999722,False,False,False,0
base_0_near_02_v0.0_h0.3,base_0_near_02,3.1,0.0,0.3,0.015969110057049807,False,True,False,True,0.00010299999964047402,0.00011999999927070348,0.00015899999894486427,16.439633999997483,0.0364399129999957,0.03643989599999607,False,False,False,0
base_0_near_02_v0.0_h0.4,base_0_near_02,3.1,0.0,0.4,0.015969110057049807,False,True,False,False,0.00011700000079883921,9.900000108586937e-05,0.00011200000038513735,16.439633999997483,0.03643984499999896,0.03643986299999867,False,False,False,0
base_0_near_02_v0.5_h0.2,base_0_near_02,3.1,0.5,0.2,0.015969110057049807,False,True,False,True,8.09999995965427e-05,9.000000034120603e-05,8.299999976202344e-05,16.439633999997483,0.03643980699999759,0.036439797999996845,False,False,False,0
base_0_near_02_v0.5_h0.3,base_0_near_02,3.1,0.5,0.3,0.015969110057049807,False,True,False,False,0.00012399999960166497,9.899999930951253e-05,8.900000025846566e-05,16.439633999997483,0.036439821999997055,0.03643984699999735,False,False,False,0
base_0_near_02_v0.5_h0.4,base_0_near_02,3.1,0.5,0.4,0.015969110057049807,False,True,False,True,6.50000000490536e-05,0.00010800000005417587,7.899999943106195e-05,16.439633999997483,0.03643982099999697,0.03643977799999697,False,False,False,0
base_0_near_02_v1.0_h0.2,base_0_near_02,3.1,1.0,0.2,0.015969110057049807,False,True,False,False,8.700000009298492e-05,7.100000054549582e-05,8.900000025846566e-05,16.439633999997483,0.03643979399999829,0.03643980999999784,False,False,False,0
base_0_near_02_v1.0_h0.3,base_0_near_02,3.1,1.0,0.3,0.015969110057049807,False,True,False,True,6.69999984381775e-05,9.599999906129142e-05,7.999999951380232e-05,16.439633999997483,0.03643980999999606,0.03643978099999544,False,False,False,0
base_0_near_02_v1.0_h0.4,base_0_near_02,3.1,1.0,0.4,0.015969110057049807,False,True,False,False,0.00011399999877426126,6.600000013179397e-05,8.199999967928306e-05,16.439633999997483,0.0364397819999973,0.03643982999999594,False,False,False,0
base_0_near_03_v0.0_h0.2,base_0_near_03,3.1500000000000004,0.0,0.2,0.015969110057049807,False,True,False,True,0.00012799999993262645,0.000259000000113474,0.0002449999989551088,18.44768400000163,0.0384481880000007,0.03844805700000052,False,False,False,0
base_0_near_03_v0.0_h0.3,base_0_near_03,3.1500000000000004,0.0,0.3,0.015969110057049807,False,True,False,False,0.0001300000000981072,0.00012199999943618423,0.00012499999968440534,18.44768400000163,0.038447931000000754,0.038447939000001416,False,False,False,0
base_0_near_03_v0.0_h0.4,base_0_near_03,3.1500000000000004,0.0,0.4,0.015969110057049807,False,True,False,True,0.00010800000005417587,0.00012300000129528144,0.00010399999972321439,18.44768400000163,0.03844791100000265,0.03844789600000141,False,False,False,0
base_0_near_03_v0.5_h0.2,base_0_near_03,3.1500000000000004,0.5,0.2,0.015969110057049807,False,True,False,False,9.900000108586937e-05,8.499999992750418e-05,9.29999988130703e-05,18.44768400000163,0.038447862000000374,0.03844787600000153,False,False,False,0
base_0_near_03_v0.5_h0.3,base_0_near_03,3.1500000000000004,0.5,0.3,0.015969110057049807,False,True,False,True,9.900000108586937e-05,0.00012199999943618423,9.29999988130703e-05,18.44768400000163,0.03844789899999988,0.03844787600000153,False,False,False,0
base_0_near_03_v0.5_h0.4,base_0_near_03,3.1500000000000004,0.5,0.4,0.015969110057049807,False,True,False,False,8.899999848210882e-05,8.09999995965427e-05,0.00010499999980595476,18.44768400000163,0.038447870000001036,0.03844787799999992,False,False,False,0
base_0_near_03_v1.0_h0.2,base_0_near_03,3.1500000000000004,1.0,0.2,0.015969110057049807,False,True,False,True,7.499999910010047e-05,7.100000054549582e-05,8.100000137289953e-05,18.44768400000163,0.03844783600000355,0.038447840000002106,False,False,False,0
base_0_near_03_v1.0_h0.3,base_0_near_03,3.1500000000000004,1.0,0.3,0.015969110057049807,False,True,False,False,9.399999889581068e-05,6.600000013179397e-05,7.999999951380232e-05,18.44768400000163,0.03844783000000128,0.03844785800000004,False,False,False,0
base_0_near_03_v1.0_h0.4,base_0_near_03,3.1500000000000004,1.0,0.4,0.015969110057049807,False,True,False,True,6.600000013179397e-05,9.600000083764826e-05,7.799999934832158e-05,18.44768400000163,0.03844785800000182,0.038447828000001114,False,False,False,0
base_0_near_04_v0.0_h0.2,base_0_near_04,3.2,0.0,0.2,0.015969110057049807,False,True,False,False,0.0002470000008969464,0.0001820000008478928,0.0003080000006150385,32.59744100000006,0.05259793100000153,0.052597996000001576,False,False,False,0
base_0_near_04_v0.0_h0.3,base_0_near_04,3.2,0.0,0.3,0.015969110057049807,False,True,False,True,0.000156000000473,0.00010200000133409048,0.00016500000121766334,32.59744100000006,0.052597708000002616,0.052597762000001755,False,False,False,0
base_0_near_04_v0.0_h0.4,base_0_near_04,3.2,0.0,0.4,0.015969110057049807,False,True,False,False,0.00011999999927070348,9.699999914403179e-05,0.00014099999923189444,32.59744100000006,0.05259767899999844,0.05259770199999857,False,False,False,0
base_0_near_04_v0.5_h0.2,base_0_near_04,3.2,0.5,0.2,0.015969110057049807,False,True,False,True,0.00015200000014203852,0.0001140000005506181,0.00017099999993774873,32.59744100000006,0.05259772600000055,0.052597764000000144,False,False,False,0
base_0_near_04_v0.5_h0.3,base_0_near_04,3.2,0.5,0.3,0.015969110057049807,False,True,False,False,9.500000075490789e-05,9.29999988130703e-05,0.0001229999995189246,32.59744100000006,0.052597656999998396,0.05259765900000034,False,False,False,0
base_0_near_04_v0.5_h0.4,base_0_near_04,3.2,0.5,0.4,0.015969110057049807,False,True,False,True,0.0001319999984872311,0.0001069999999714355,0.00011000000021965661,32.59744100000006,0.052597658000000255,0.05259768299999877,False,False,False,0
base_0_near_04_v1.0_h0.2,base_0_near_04,3.2,1.0,0.2,0.015969110057049807,False,True,False,False,0.00012900000001536682,0.00012499999968440534,0.0001229999995189246,32.59744100000006,0.05259768899999927,0.0525976929999996,False,False,False,0
base_0_near_04_v1.0_h0.3,base_0_near_04,3.2,1.0,0.3,0.015969110057049807,False,True,False,True,0.0001069999999714355,0.00012099999935344385,0.00012499999968440534,32.59744100000006,0.0525976869999991,0.05259767299999972,False,False,False,0
base_0_near_04_v1.0_h0.4,base_0_near_04,3.2,1.0,0.4,0.015969110057049807,False,True,False,False,0.00022099999874569676,0.00011200000038513735,0.0001419999993146348,32.59744100000006,0.052597694999999764,0.052597803999998125,False,False,False,0
base_0_near_05_v0.0_h0.2,base_0_near_05,3.25,0.0,0.2,0.015969110057049807,False,True,False,True,0.0001370000006772898,0.00026399999875081903,0.00026400000052717587,31.425654999999608,0.05142618299999889,0.05142605600000082,False,False,False,0
base_0_near_05_v0.0_h0.3,base_0_near_05,3.25,0.0,0.3,0.015969110057049807,False,True,False,False,0.0001330000003463283,0.0001349999987354522,0.00013399999865271184,31.425654999999608,0.051425923999997,0.05142592199999861,False,False,False,0
base_0_near_05_v0.0_h0.4,base_0_near_05,3.25,0.0,0.4,0.015969110057049807,False,True,False,True,0.00011500000063335847,0.00014999999997655777,0.00013600000059454942,31.425654999999608,0.05142594100000018,0.05142590600000084,False,False,False,0
base_0_near_05_v0.5_h0.2,base_0_near_05,3.25,0.5,0.2,0.015969110057049807,False,True,False,False,9.399999889581068e-05,8.999999856484919e-05,0.00010800000005417587,31.425654999999608,0.05142585299999823,0.05142585699999856,False,False,False,0
base_0_near_05_v0.5_h0.3,base_0_near_05,3.25,0.5,0.3,0.015969110057049807,False,True,False,True,7.999999951380232e-05,0.00011300000046787773,8.39999998447638e-05,31.425654999999608,0.051425851999999925,0.05142581899999897,False,False,False,0
base_0_near_05_v0.5_h0.4,base_0_near_05,3.25,0.5,0.4,0.015969110057049807,False,True,False,False,0.00010800000005417587,7.800000112467842e-05,0.00011999999927070348,31.425654999999608,0.05142585300000001,0.05142588299999894,False,False,False,0
base_0_near_05_v1.0_h0.2,base_0_near_05,3.25,1.0,0.2,0.015969110057049807,False,True,False,True,6.799999852091787e-05,9.000000034120603e-05,7.800000112467842e-05,31.425654999999608,0.05142582300000108,0.05142580099999926,False,False,False,0
base_0_near_05_v1.0_h0.3,base_0_near_05,3.25,1.0,0.3,0.015969110057049807,False,True,False,False,9.499999897855105e-05,6.599999835543713e-05,7.699999926558121e-05,31.425654999999608,0.05142579799999723,0.051425826999997856,False,False,False,0
base_0_near_05_v1.0_h0.4,base_0_near_05,3.25,1.0,0.4,0.015969110057049807,False,True,False,True,6.900000038001508e-05,0.00012199999943618423,0.00010100000125135011,31.425654999999608,0.0514258780000003,0.05142582500000124,False,False,False,0
base_0_near_06_v0.0_h0.2,base_0_near_06,3.3,0.0,0.2,0.015969110057049807,False,True,False,False,0.0002779999999091842,0.00013200000026358794,0.00027099999933000163,17.496551000000693,0.03749695400000029,0.037497099999999936,False,False,False,0
base_0_near_06_v0.0_h0.3,base_0_near_06,3.3,0.0,0.3,0.015969110057049807,False,True,False,True,0.00013600000059454942,0.00013500000051180905,0.00014399999948011555,17.496551000000693,0.03749683000000069,0.03749683100000077,False,False,False,0
base_0_near_06_v0.0_h0.4,base_0_near_06,3.3,0.0,0.4,0.015969110057049807,False,True,False,False,0.0001140000005506181,8.600000001024455e-05,9.900000108586937e-05,17.496551000000693,0.03749673600000179,0.03749676400000233,False,False,False,0
base_0_near_06_v0.5_h0.2,base_0_near_06,3.3,0.5,0.2,0.015969110057049807,False,True,False,True,0.00010399999972321439,0.00013200000026358794,7.699999926558121e-05,17.496551000000693,0.037496760000000226,0.037496731999999686,False,False,False,0
base_0_near_06_v0.5_h0.3,base_0_near_06,3.3,0.5,0.3,0.015969110057049807,False,True,False,False,0.00011500000063335847,7.099999876913898e-05,9.699999914403179e-05,17.496551000000693,0.03749671899999861,0.037496763000000474,False,False,False,0
base_0_near_06_v0.5_h0.4,base_0_near_06,3.3,0.5,0.4,0.015969110057049807,False,True,False,True,6.600000013179397e-05,9.600000083764826e-05,9.399999889581068e-05,17.496551000000693,0.03749674100000043,0.037496710999999724,False,False,False,0
base_0_near_06_v1.0_h0.2,base_0_near_06,3.3,1.0,0.2,0.015969110057049807,False,True,False,False,0.00010100000125135011,0.00010399999972321439,8.499999992750418e-05,17.496551000000693,0.03749674000000035,0.037496737000001876,False,False,False,0
base_0_near_06_v1.0_h0.3,base_0_near_06,3.3,1.0,0.3,0.015969110057049807,False,True,False,True,6.50000000490536e-05,0.00011099999852604014,8.20000014556399e-05,17.496551000000693,0.03749674400000068,0.0374966980000022,False,False,False,0
base_0_near_06_v1.0_h0.4,base_0_near_06,3.3,1.0,0.4,0.015969110057049807,False,True,False,False,9.300000058942715e-05,6.700000021453434e-05,8.09999995965427e-05,17.496551000000693,0.03749669900000051,0.03749672500000088,False,False,False,0
base_0_near_07_v0.0_h0.2,base_0_near_07,3.35,0.0,0.2,0.015969110057049807,False,True,False,True,0.00019299999998168005,0.0003340000009899313,0.00028000000007466497,18.67422600000168,0.03867484000000275,0.03867469900000174,False,False,False,0
base_0_near_07_v0.0_h0.3,base_0_near_07,3.35,0.0,0.3,0.015969110057049807,False,True,False,False,0.0001619999991930854,0.00013999999914915406,0.0001980000003953819,18.67422600000168,0.03867456400000123,0.038674586000001274,False,False,False,0
base_0_near_07_v0.0_h0.4,base_0_near_07,3.35,0.0,0.4,0.015969110057049807,False,True,False,True,0.00015100000005929815,0.0001300000000981072,0.00016800000146588445,18.67422600000168,0.03867452400000325,0.03867454500000321,False,False,False,0
base_0_near_07_v0.5_h0.2,base_0_near_07,3.35,0.5,0.2,0.015969110057049807,False,True,False,False,0.00015200000014203852,0.00015200000014203852,0.00015400000030751926,18.67422600000168,0.038674532000002135,0.038674532000002135,False,False,False,0
base_0_near_07_v0.5_h0.3,base_0_near_07,3.35,0.5,0.3,0.015969110057049807,False,True,False,True,0.00012300000129528144,0.00013500000051180905,0.00014999999997655777,18.67422600000168,0.038674511000002174,0.03867449900000296,False,False,False,0
base_0_near_07_v0.5_h0.4,base_0_near_07,3.35,0.5,0.4,0.015969110057049807,False,True,False,False,0.00013100000018084756,0.00012399999960166497,0.00015800000063848074,18.67422600000168,0.038674508000001925,0.038674515000002505,False,False,False,0
base_0_near_07_v1.0_h0.2,base_0_near_07,3.35,1.0,0.2,0.015969110057049807,False,True,False,True,0.0001400000009255109,0.00012900000001536682,0.00014600000142195313,18.67422600000168,0.03867450100000312,0.03867451200000403,False,False,False,0
base_0_near_07_v1.0_h0.3,base_0_near_07,3.35,1.0,0.3,0.015969110057049807,False,True,False,False,0.0001389999990664137,0.00010499999980595476,0.00014100000100825127,18.67422600000168,0.0386744720000025,0.03867450600000176,False,False,False,0
base_0_near_07_v1.0_h0.4,base_0_near_07,3.35,1.0,0.4,0.015969110057049807,False,True,False,True,0.00013400000042906868,0.00013100000018084756,0.00014299999939737518,18.67422600000168,0.03867450000000126,0.03867450300000151,False,False,False,0
base_0_near_08_v0.0_h0.2,base_0_near_08,3.4000000000000004,0.0,0.2,0.015969110057049807,False,True,False,False,0.0004819999990246515,0.00017400000018596984,0.00035200000070290116,16.76561400000054,0.03676614000000143,0.03676644800000027,False,False,False,0
base_0_near_08_v0.0_h0.3,base_0_near_08,3.4000000000000004,0.0,0.3,0.015969110057049807,False,True,False,True,0.00013699999890093295,0.000213999999942871,0.000267000000775397,16.76561400000054,0.03676609500000126,0.03676601800000022,False,False,False,0
base_0_near_08_v0.0_h0.4,base_0_near_08,3.4000000000000004,0.0,0.4,0.015969110057049807,False,True,False,False,0.00020299999903272692,0.00014999999997655777,0.00023900000023502344,16.76561400000054,0.036766003000000755,0.03676605599999981,False,False,False,0
base_0_near_08_v0.5_h0.2,base_0_near_08,3.4000000000000004,0.5,0.2,0.015969110057049807,False,True,False,True,0.0001649999994413065,0.0001459999996455963,0.0002600000001962144,16.76561400000054,0.036766020000000385,0.03676603900000018,False,False,False,0
base_0_near_08_v0.5_h0.3,base_0_near_08,3.4000000000000004,0.5,0.3,0.015969110057049807,False,True,False,False,0.00021800000027383248,0.0001370000006772898,0.0002440000006487253,16.76561400000054,0.03676599500000187,0.036766076000001466,False,False,False,0
base_0_near_08_v0.5_h0.4,base_0_near_08,3.4000000000000004,0.5,0.4,0.015969110057049807,False,True,False,True,0.00012799999993262645,0.00018100000076515244,0.00025300000139338863,16.76561400000054,0.0367660480000027,0.03676599500000187,False,False,False,0
base_0_near_08_v1.0_h0.2,base_0_near_08,3.4000000000000004,1.0,0.2,0.015969110057049807,False,True,False,False,0.00016899999977226798,0.00012200000121254106,0.00023399999982132158,16.76561400000054,0.03676597000000158,0.03676601700000014,False,False,False,0
base_0_near_08_v1.0_h0.3,base_0_near_08,3.4000000000000004,1.0,0.3,0.015969110057049807,False,True,False,True,0.00014100000100825127,0.00015999999902760464,0.00023099999957310047,16.76561400000054,0.036766004999999144,0.036765986000001125,False,False,False,0
base_0_near_08_v1.0_h0.4,base_0_near_08,3.4000000000000004,1.0,0.4,0.015969110057049807,False,True,False,False,0.00016399999935856613,0.00010900000013691624,0.00024300000056598492,16.76561400000054,0.036765966000001246,0.03676602100000047,False,False,False,0
base_0_near_09_v0.0_h0.2,base_0_near_09,3.45,0.0,0.2,0.015969110057049807,False,True,False,True,0.0001419999993146348,0.00035799999942298655,0.0002600000001962144,19.99581199999767,0.03999642999999729,0.039996213999997185,False,False,False,0
base_0_near_09_v0.0_h0.3,base_0_near_09,3.45,0.0,0.3,0.015969110057049807,False,True,False,False,0.0001549999986139028,0.00012799999993262645,0.0001400000009255109,19.99581199999767,0.03999607999999853,0.039996106999997214,False,False,False,0
base_0_near_09_v0.0_h0.4,base_0_near_09,3.45,0.0,0.4,0.015969110057049807,False,True,False,True,9.899999930951253e-05,0.00013800000076003016,0.00011700000079883921,19.99581199999767,0.03999606699999923,0.03999602799999778,False,False,False,0
base_0_near_09_v0.5_h0.2,base_0_near_09,3.45,0.5,0.2,0.015969110057049807,False,True,False,False,0.00011100000030239698,9.400000067216752e-05,9.400000067216752e-05,19.99581199999767,0.03999599999999902,0.03999601699999865,False,False,False,0
base_0_near_09_v0.5_h0.3,base_0_near_09,3.45,0.5,0.3,0.015969110057049807,False,True,False,True,7.20000006282362e-05,0.00011900000096431995,8.800000017572529e-05,19.99581199999767,0.039996018999998814,0.03999597199999848,False,False,False,0
base_0_near_09_v0.5_h0.4,base_0_near_09,3.45,0.5,0.4,0.015969110057049807,False,True,False,False,0.00010099999947499327,7.700000104193805e-05,7.999999951380232e-05,19.99581199999767,0.03999596899999823,0.03999599299999666,False,False,False,0
base_0_near_09_v1.0_h0.2,base_0_near_09,3.45,1.0,0.2,0.015969110057049807,False,True,False,True,6.299999988357285e-05,0.00013600000059454942,8.09999995965427e-05,19.99581199999767,0.039996028999997865,0.039995955999997154,False,False,False,0
base_0_near_09_v1.0_h0.3,base_0_near_09,3.45,1.0,0.3,0.015969110057049807,False,True,False,False,7.999999951380232e-05,7.300000071097656e-05,8.499999992750418e-05,19.99581199999767,0.03999596999999831,0.039995976999997115,False,False,False,0
base_0_near_09_v1.0_h0.4,base_0_near_09,3.45,1.0,0.4,0.015969110057049807,False,True,False,True,7.50000008764573e-05,0.00011299999869152089,9.10000004239464e-05,19.99581199999767,0.03999601599999679,0.039995977999998975,False,False,False,0
base_1_far_00_v0.0_h0.2,base_1_far_00,3.5,0.0,0.2,0.015969110221760577,False,True,False,False,0.00041899999914107866,0.00020300000080908376,0.0003240000001625276,18.255266000004156,0.03825579300000513,0.03825600900000346,False,False,False,0
base_1_far_00_v0.0_h0.3,base_1_far_00,3.5,0.0,0.3,0.015969110221760577,False,True,False,True,0.00018400000101337355,0.00021600000010835174,0.00020600000105730487,18.255266000004156,0.038255688000005325,0.03825565600000623,False,False,False,0
base_1_far_00_v0.0_h0.4,base_1_far_00,3.5,0.0,0.4,0.015969110221760577,False,True,False,False,0.00015100000005929815,0.00015200000014203852,0.00015599999869664316,18.255266000004156,0.038255574000003,0.038255573000002915,False,False,False,0
base_1_far_00_v0.5_h0.2,base_1_far_00,3.5,0.5,0.2,0.015969110221760577,False,True,False,True,0.0001909999998161993,0.00015999999902760464,0.00015100000005929815,18.255266000004156,0.038255577000003246,0.038255608000004035,False,False,False,0
base_1_far_00_v0.5_h0.3,base_1_far_00,3.5,0.5,0.3,0.015969110221760577,False,True,False,False,0.000156000000473,0.00011999999927070348,0.00011899999918796311,18.255266000004156,0.03825550500000262,0.03825554100000382,False,False,False,0
base_1_far_00_v0.5_h0.4,base_1_far_00,3.5,0.5,0.4,0.015969110221760577,False,True,False,True,0.00010499999980595476,0.00010400000149957123,0.00013200000026358794,18.255266000004156,0.03825550200000592,0.03825550300000423,False,False,False,0
base_1_far_00_v1.0_h0.2,base_1_far_00,3.5,1.0,0.2,0.015969110221760577,False,True,False,False,0.0001229999995189246,0.0001140000005506181,0.0001530000002247789,18.255266000004156,0.038255533000004935,0.0382555420000039,False,False,False,0
base_1_far_00_v1.0_h0.3,base_1_far_00,3.5,1.0,0.3,0.015969110221760577,False,True,False,True,0.00012000000104706032,0.00011600000071609884,0.0001400000009255109,18.255266000004156,0.0382555220000058,0.03825552600000613,False,False,False,0
base_1_far_00_v1.0_h0.4,base_1_far_00,3.5,1.0,0.4,0.015969110221760577,False,True,False,False,0.00011300000046787773,0.00011700000079883921,0.00015700000055574037,18.255266000004156,0.038255540000005514,0.03825553600000518,False,False,False,0
base_1_far_01_v0.0_h0.2,base_1_far_01,3.55,0.0,0.2,0.015969110221760577,False,True,False,True,0.00012600000154350255,0.0004639999993116817,0.000213999999942871,19.580382999997425,0.039581060999996684,0.039580722999998916,False,False,False,0
base_1_far_01_v0.0_h0.3,base_1_far_01,3.55,0.0,0.3,0.015969110221760577,False,True,False,False,0.00011699999902248237,0.00011500000063335847,0.00014499999956285592,19.580382999997425,0.039580642999997626,0.039580644999996015,False,False,False,0
base_1_far_01_v0.0_h0.4,base_1_far_01,3.55,0.0,0.4,0.015969110221760577,False,True,False,True,0.00010099999947499327,0.00012799999993262645,0.0001259999997671457,19.580382999997425,0.03958063699999713,0.03958060999999667,False,False,False,0
base_1_far_01_v0.5_h0.2,base_1_far_01,3.55,0.5,0.2,0.015969110221760577,False,True,False,False,0.00012099999935344385,9.400000067216752e-05,9.500000075490789e-05,19.580382999997425,0.039580571999998856,0.03958059899999754,False,False,False,0
base_1_far_01_v0.5_h0.3,base_1_far_01,3.55,0.5,0.3,0.015969110221760577,False,True,False,True,7.20000006282362e-05,0.00010999999844329977,9.899999930951253e-05,19.580382999997425,0.03958059199999518,0.03958055399999737,False,False,False,0
base_1_far_01_v0.5_h0.4,base_1_far_01,3.55,0.5,0.4,0.015969110221760577,False,True,False,False,9.399999889581068e-05,0.00011099999852604014,7.799999934832158e-05,19.580382999997425,0.039580571999995304,0.039580554999995674,False,False,False,0
base_1_far_01_v1.0_h0.2,base_1_far_01,3.55,1.0,0.2,0.015969110221760577,False,True,False,True,6.700000021453434e-05,9.400000067216752e-05,8.700000009298492e-05,19.580382999997425,0.039580563999998195,0.03958053699999774,False,False,False,0
base_1_far_01_v1.0_h0.3,base_1_far_01,3.55,1.0,0.3,0.015969110221760577,False,True,False,False,0.00010900000013691624,7.999999951380232e-05,8.09999995965427e-05,19.580382999997425,0.03958054399999654,0.03958057299999716,False,False,False,0
base_1_far_01_v1.0_h0.4,base_1_far_01,3.55,1.0,0.4,0.015969110221760577,False,True,False,True,6.800000029727471e-05,0.00011300000046787773,8.499999992750418e-05,19.580382999997425,0.039580580999997825,0.039580535999997654,False,False,False,0
base_1_far_02_v0.0_h0.2,base_1_far_02,3.6,0.0,0.2,0.015969110221760577,False,True,False,False,0.0002480000009796868,0.0001259999997671457,0.00024500000073146566,32.31486500000358,0.05231523600000408,0.052315358000005294,False,False,False,0
base_1_far_02_v0.0_h0.3,base_1_far_02,3.6,0.0,0.3,0.015969110221760577,False,True,False,True,0.00013400000042906868,0.0001590000007212211,0.0001400000009255109,32.31486500000358,0.05231516400000523,0.05231513900000494,False,False,False,0
base_1_far_02_v0.0_h0.4,base_1_far_02,3.6,0.0,0.4,0.015969110221760577,False,True,False,False,0.0001330000003463283,0.00011699999902248237,0.00010300000141683086,32.31486500000358,0.05231508500000402,0.052315101000005346,False,False,False,0
base_1_far_02_v0.5_h0.2,base_1_far_02,3.6,0.5,0.2,0.015969110221760577,False,True,False,True,7.700000104193805e-05,0.00011200000038513735,0.00010000000116860974,32.31486500000358,0.052315077000005136,0.05231504200000579,False,False,False,0
base_1_far_02_v0.5_h0.3,base_1_far_02,3.6,0.5,0.3,0.015969110221760577,False,True,False,False,0.00011700000079883921,7.39999990173601e-05,7.999999951380232e-05,32.31486500000358,0.052315019000002114,0.052315062000003895,False,False,False,0
base_1_far_02_v0.5_h0.4,base_1_far_02,3.6,0.5,0.4,0.015969110221760577,False,True,False,True,8.499999992750418e-05,9.600000083764826e-05,8.09999995965427e-05,32.31486500000358,0.05231504200000402,0.05231503100000311,False,False,False,0
base_1_far_02_v1.0_h0.2,base_1_far_02,3.6,1.0,0.2,0.015969110221760577,False,True,False,False,0.00011500000063335847,0.00010099999947499327,7.799999934832158e-05,32.31486500000358,0.052315044000002406,0.052315058000003564,False,False,False,0
base_1_far_02_v1.0_h0.3,base_1_far_02,3.6,1.0,0.3,0.015969110221760577,False,True,False,True,6.600000013179397e-05,0.000115999998939742,8.499999992750418e-05,32.31486500000358,0.05231506600000245,0.05231501600000364,False,False,False,0
base_1_far_02_v1.0_h0.4,base_1_far_02,3.6,1.0,0.4,0.015969110221760577,False,True,False,False,9.400000067216752e-05,9.400000067216752e-05,0.00014100000100825127,32.31486500000358,0.05231510000000526,0.05231510000000526,False,False,False,0
base_1_far_03_v0.0_h0.2,base_1_far_03,3.6500000000000004,0.0,0.2,0.015969110221760577,False,True,False,True,0.00013799999898367332,0.00021500000002561137,0.00024299999878962808,26.605674999998996,0.046606132999997815,0.04660605599999677,False,False,False,0
base_1_far_03_v0.0_h0.3,base_1_far_03,3.6500000000000004,0.0,0.3,0.015969110221760577,False,True,False,False,8.700000009298492e-05,0.00010499999980595476,0.0001069999999714355,26.605674999998996,0.04660588699999878,0.046605868999999064,False,False,False,0
base_1_far_03_v0.0_h0.4,base_1_far_03,3.6500000000000004,0.0,0.4,0.015969110221760577,False,True,False,True,7.100000054549582e-05,0.00010399999972321439,0.00010199999955773364,26.605674999998996,0.04660588099999828,0.0466058479999991,False,False,False,0
base_1_far_03_v0.5_h0.2,base_1_far_03,3.6500000000000004,0.5,0.2,0.015969110221760577,False,True,False,False,0.00011600000071609884,7.20000006282362e-05,9.099999864758956e-05,26.605674999998996,0.046605837999998276,0.046605881999998364,False,False,False,0
base_1_far_03_v0.5_h0.3,base_1_far_03,3.6500000000000004,0.5,0.3,0.015969110221760577,False,True,False,True,8.400000162112065e-05,0.00010800000005417587,7.699999926558121e-05,26.605674999998996,0.04660585999999832,0.04660583599999989,False,False,False,0
base_1_far_03_v0.5_h0.4,base_1_far_03,3.6500000000000004,0.5,0.4,0.015969110221760577,False,True,False,False,6.899999860365824e-05,9.300000058942715e-05,9.399999889581068e-05,26.605674999998996,0.046605861999998485,0.0466058379999965,False,False,False,0
base_1_far_03_v1.0_h0.2,base_1_far_03,3.6500000000000004,1.0,0.2,0.015969110221760577,False,True,False,True,6.099999971809211e-05,0.00010599999988869513,7.899999943106195e-05,26.605674999998996,0.04660585999999832,0.04660581499999815,False,False,False,0
base_1_far_03_v1.0_h0.3,base_1_far_03,3.6500000000000004,1.0,0.3,0.015969110221760577,False,True,False,False,9.199999873032993e-05,6.700000021453434e-05,7.999999951380232e-05,26.605674999998996,0.04660582199999873,0.046605846999997244,False,False,False,0
base_1_far_03_v1.0_h0.4,base_1_far_03,3.6500000000000004,1.0,0.4,0.015969110221760577,False,True,False,True,8.499999992750418e-05,7.299999893461973e-05,8.09999995965427e-05,26.605674999998996,0.04660582899999753,0.046605840999998524,False,False,False,0
base_1_far_04_v0.0_h0.2,base_1_far_04,3.7,0.0,0.2,0.015969110221760577,False,True,False,False,0.00026399999875081903,0.00014999999997655777,0.00028100000015740534,20.85168700000395,0.04085211800000409,0.04085223200000286,False,False,False,0
base_1_far_04_v0.0_h0.3,base_1_far_04,3.7,0.0,0.3,0.015969110221760577,False,True,False,True,0.00012900000001536682,0.00016699999960678724,0.00013500000051180905,20.85168700000395,0.04085198900000407,0.04085195100000448,False,False,False,0
base_1_far_04_v0.0_h0.4,base_1_far_04,3.7,0.0,0.4,0.015969110221760577,False,True,False,False,0.00013999999914915406,0.00011100000030239698,8.700000009298492e-05,20.85168700000395,0.04085188500000435,0.040851914000003195,False,False,False,0
base_1_far_04_v0.5_h0.2,base_1_far_04,3.7,0.5,0.2,0.015969110221760577,False,True,False,True,0.00010299999964047402,0.00012199999943618423,9.200000050668677e-05,20.85168700000395,0.040851901000003896,0.0408518820000041,False,False,False,0
base_1_far_04_v0.5_h0.3,base_1_far_04,3.7,0.5,0.3,0.015969110221760577,False,True,False,False,0.0001140000005506181,9.300000058942715e-05,7.900000120741879e-05,20.85168700000395,0.04085185900000575,0.04085188000000571,False,False,False,0
base_1_far_04_v0.5_h0.4,base_1_far_04,3.7,0.5,0.4,0.015969110221760577,False,True,False,True,8.600000001024455e-05,0.00011000000021965661,0.00010099999947499327,20.85168700000395,0.04085189800000365,0.04085187400000344,False,False,False,0
base_1_far_04_v1.0_h0.2,base_1_far_04,3.7,1.0,0.2,0.015969110221760577,False,True,False,False,0.0001069999999714355,9.199999873032993e-05,8.600000001024455e-05,20.85168700000395,0.04085186500000269,0.040851880000003934,False,False,False,0
base_1_far_04_v1.0_h0.3,base_1_far_04,3.7,1.0,0.3,0.015969110221760577,False,True,False,True,6.700000021453434e-05,9.799999922677216e-05,9.200000050668677e-05,20.85168700000395,0.040851877000003686,0.040851846000004674,False,False,False,0
base_1_far_04_v1.0_h0.4,base_1_far_04,3.7,1.0,0.4,0.015969110221760577,False,True,False,False,0.00012200000121254106,6.600000013179397e-05,7.999999951380232e-05,20.85168700000395,0.0408518330000036,0.04085188900000468,False,False,False,0
base_1_far_05_v0.0_h0.2,base_1_far_05,3.75,0.0,0.2,0.015969110221760577,False,True,False,True,0.00011500000063335847,0.0002510000012279079,0.00023499999990406195,36.42175299999906,0.05642223900000019,0.0564221029999996,False,False,False,0
base_1_far_05_v0.0_h0.3,base_1_far_05,3.75,0.0,0.3,0.015969110221760577,False,True,False,False,0.0001140000005506181,0.0001050000015823116,0.00012799999993262645,36.42175299999906,0.056421986000000576,0.056421994999999545,False,False,False,0
base_1_far_05_v0.0_h0.4,base_1_far_05,3.75,0.0,0.4,0.015969110221760577,False,True,False,True,7.799999934832158e-05,0.0001069999999714355,9.699999914403179e-05,36.42175299999906,0.05642195699999818,0.056421927999997554,False,False,False,0
base_1_far_05_v0.5_h0.2,base_1_far_05,3.75,0.5,0.2,0.015969110221760577,False,True,False,False,0.00010300000141683086,6.399999996631323e-05,9.000000034120603e-05,36.42175299999906,0.05642190699999937,0.05642194600000082,False,False,False,0
base_1_far_05_v0.5_h0.3,base_1_far_05,3.75,0.5,0.3,0.015969110221760577,False,True,False,True,7.20000006282362e-05,9.600000083764826e-05,9.10000004239464e-05,36.42175299999906,0.05642194000000032,0.056421916000000114,False,False,False,0
base_1_far_05_v0.5_h0.4,base_1_far_05,3.75,0.5,0.4,0.015969110221760577,False,True,False,False,6.600000013179397e-05,7.400000079371694e-05,8.39999998447638e-05,36.42175299999906,0.0564219109999997,0.05642190299999904,False,False,False,0
base_1_far_05_v1.0_h0.2,base_1_far_05,3.75,1.0,0.2,0.015969110221760577,False,True,False,True,8.800000017572529e-05,0.00011699999902248237,8.499999992750418e-05,36.42175299999906,0.05642195499999801,0.056421925999999165,False,False,False,0
base_1_far_05_v1.0_h0.3,base_1_far_05,3.75,1.0,0.3,0.015969110221760577,False,True,False,False,0.00011000000021965661,6.50000000490536e-05,7.799999934832158e-05,36.42175299999906,0.05642189599999846,0.05642194099999863,False,False,False,0
base_1_far_05_v1.0_h0.4,base_1_far_05,3.75,1.0,0.4,0.015969110221760577,False,True,False,True,6.50000000490536e-05,0.00010800000005417587,7.999999951380232e-05,36.42175299999906,0.05642194099999863,0.056421897999998624,False,False,False,0
base_1_far_06_v0.0_h0.2,base_1_far_06,3.8,0.0,0.2,0.015969110221760577,False,True,False,False,0.0003470000002891993,0.00015500000039025963,0.0002679999990817805,18.39925600000214,0.038399679000001616,0.038399871000001515,False,False,False,0
base_1_far_06_v0.0_h0.3,base_1_far_06,3.8,0.0,0.3,0.015969110221760577,False,True,False,True,0.00012499999968440534,0.0001489999998938174,0.00014500000133921276,18.39925600000214,0.03839955000000338,0.03839952600000317,False,False,False,0
base_1_far_06_v0.0_h0.4,base_1_far_06,3.8,0.0,0.4,0.015969110221760577,False,True,False,False,0.00011600000071609884,0.00011299999869152089,0.00011899999918796311,18.39925600000214,0.03839948800000002,0.03839949100000205,False,False,False,0
base_1_far_06_v0.5_h0.2,base_1_far_06,3.8,0.5,0.2,0.015969110221760577,False,True,False,True,9.300000058942715e-05,0.00011299999869152089,9.29999988130703e-05,18.39925600000214,0.03839946199999965,0.038399442000001546,False,False,False,0
base_1_far_06_v0.5_h0.3,base_1_far_06,3.8,0.5,0.3,0.015969110221760577,False,True,False,False,0.00013500000051180905,8.499999992750418e-05,8.39999998447638e-05,18.39925600000214,0.038399425000001916,0.0383994750000025,False,False,False,0
base_1_far_06_v0.5_h0.4,base_1_far_06,3.8,0.5,0.4,0.015969110221760577,False,True,False,True,6.50000000490536e-05,0.00010800000005417587,8.39999998447638e-05,18.39925600000214,0.03839944800000204,0.03839940500000204,False,False,False,0
base_1_far_06_v1.0_h0.2,base_1_far_06,3.8,1.0,0.2,0.015969110221760577,False,True,False,False,0.00010599999988869513,6.600000013179397e-05,7.600000095919768e-05,18.39925600000214,0.038399398000003235,0.03839943800000299,False,False,False,0
base_1_far_06_v1.0_h0.3,base_1_far_06,3.8,1.0,0.3,0.015969110221760577,False,True,False,True,6.50000000490536e-05,9.400000067216752e-05,0.00011500000063335847,18.39925600000214,0.03839946500000345,0.038399436000002826,False,False,False,0
base_1_far_06_v1.0_h0.4,base_1_far_06,3.8,1.0,0.4,0.015969110221760577,False,True,False,False,7.20000006282362e-05,6.800000029727471e-05,8.600000001024455e-05,18.39925600000214,0.03839941000000245,0.03839941400000278,False,False,False,0
base_1_far_07_v0.0_h0.2,base_1_far_07,3.85,0.0,0.2,0.015969110221760577,False,True,False,True,0.00014600000142195313,0.00025800000003073364,0.00025800000003073364,23.891216999999187,0.04389173299999925,0.043891621000000644,False,False,False,0
base_1_far_07_v0.0_h0.3,base_1_far_07,3.85,0.0,0.3,0.015969110221760577,False,True,False,False,0.0001459999996455963,0.00011299999869152089,0.00014099999923189444,23.891216999999187,0.043891470999997115,0.04389150399999807,False,False,False,0
base_1_far_07_v0.0_h0.4,base_1_far_07,3.85,0.0,0.4,0.015969110221760577,False,True,False,True,9.10000004239464e-05,0.00012099999935344385,0.00011300000046787773,23.891216999999187,0.04389145099999901,0.04389142100000008,False,False,False,0
base_1_far_07_v0.5_h0.2,base_1_far_07,3.85,0.5,0.2,0.015969110221760577,False,True,False,False,0.00013200000026358794,8.499999992750418e-05,8.699999831662808e-05,23.891216999999187,0.043891388999997435,0.04389143599999777,False,False,False,0
base_1_far_07_v0.5_h0.3,base_1_far_07,3.85,0.5,0.3,0.015969110221760577,False,True,False,True,7.799999934832158e-05,0.00010099999947499327,8.700000009298492e-05,23.891216999999187,0.04389140499999876,0.04389138199999863,False,False,False,0
base_1_far_07_v0.5_h0.4,base_1_far_07,3.85,0.5,0.4,0.015969110221760577,False,True,False,False,9.99999993922529e-05,7.39999990173601e-05,9.400000067216752e-05,23.891216999999187,0.04389138499999888,0.043891410999999256,False,False,False,0
base_1_far_07_v1.0_h0.2,base_1_far_07,3.85,1.0,0.2,0.015969110221760577,False,True,False,True,8.600000001024455e-05,7.20000006282362e-05,8.199999967928306e-05,23.891216999999187,0.0438913709999995,0.04389138499999888,False,False,False,0
base_1_far_07_v1.0_h0.3,base_1_far_07,3.85,1.0,0.3,0.015969110221760577,False,True,False,False,6.799999852091787e-05,8.800000017572529e-05,8.299999976202344e-05,23.891216999999187,0.04389138799999913,0.043891367999997474,False,False,False,0
base_1_far_07_v1.0_h0.4,base_1_far_07,3.85,1.0,0.4,0.015969110221760577,False,True,False,True,7.300000071097656e-05,8.600000001024455e-05,7.700000104193805e-05,23.891216999999187,0.043891380000000244,0.043891367000000944,False,False,False,0
base_1_far_08_v0.0_h0.2,base_1_far_08,3.9000000000000004,0.0,0.2,0.015969110221760577,False,True,False,False,0.0002519999995342914,0.00013800000076003016,0.00030899999892142205,35.041448000001196,0.05504189500000088,0.055042008999999656,False,False,False,0
base_1_far_08_v0.0_h0.3,base_1_far_08,3.9000000000000004,0.0,0.3,0.015969110221760577,False,True,False,True,0.00012199999943618423,0.00016299999927582576,0.0001619999991930854,35.041448000001196,0.05504177299999967,0.05504173199999983,False,False,False,0
base_1_far_08_v0.0_h0.4,base_1_far_08,3.9000000000000004,0.0,0.4,0.015969110221760577,False,True,False,False,0.0001259999997671457,0.00011299999869152089,9.99999993922529e-05,35.041448000001196,0.055041660999999284,0.05504167400000036,False,False,False,0
base_1_far_08_v0.5_h0.2,base_1_far_08,3.9000000000000004,0.5,0.2,0.015969110221760577,False,True,False,True,9.799999922677216e-05,0.00012300000129528144,9.399999889581068e-05,35.041448000001196,0.05504166500000139,0.05504163999999932,False,False,False,0
base_1_far_08_v0.5_h0.3,base_1_far_08,3.9000000000000004,0.5,0.3,0.015969110221760577,False,True,False,False,0.00010099999947499327,6.200000157718932e-05,0.00010800000005417587,35.041448000001196,0.05504161800000283,0.05504165700000073,False,False,False,0
base_1_far_08_v0.5_h0.4,base_1_far_08,3.9000000000000004,0.5,0.4,0.015969110221760577,False,True,False,True,7.499999910010047e-05,8.20000014556399e-05,8.800000017572529e-05,35.041448000001196,0.05504161800000283,0.055041611000000476,False,False,False,0
base_1_far_08_v1.0_h0.2,base_1_far_08,3.9000000000000004,1.0,0.2,0.015969110221760577,False,True,False,False,9.500000075490789e-05,7.000000046275545e-05,8.09999995965427e-05,35.041448000001196,0.05504159900000126,0.05504162400000155,False,False,False,0
base_1_far_08_v1.0_h0.3,base_1_far_08,3.9000000000000004,1.0,0.3,0.015969110221760577,False,True,False,True,6.600000013179397e-05,0.00011999999927070348,7.900000120741879e-05,35.041448000001196,0.05504164700000168,0.05504159300000254,False,False,False,0
base_1_far_08_v1.0_h0.4,base_1_far_08,3.9000000000000004,1.0,0.4,0.015969110221760577,False,True,False,False,9.899999930951253e-05,6.50000000490536e-05,8.39999998447638e-05,35.041448000001196,0.055041597000001094,0.055041631000000354,False,False,False,0
base_1_far_09_v0.0_h0.2,base_1_far_09,3.95,0.0,0.2,0.015969110221760577,False,True,False,True,0.00013100000018084756,0.0002690000009408777,0.00030499999859046056,28.279623999999615,0.04828019799999915,0.04828005999999839,False,False,False,0
base_1_far_09_v0.0_h0.3,base_1_far_09,3.95,0.0,0.3,0.015969110221760577,False,True,False,False,0.0001489999998938174,0.00011700000079883921,0.0001370000006772898,28.279623999999615,0.048279878000001095,0.04827991000000019,False,False,False,0
base_1_far_09_v0.0_h0.4,base_1_far_09,3.95,0.0,0.4,0.015969110221760577,False,True,False,True,8.499999992750418e-05,0.00012900000001536682,0.00010800000005417587,28.279623999999615,0.04827986099999969,0.0482798169999996,False,False,False,0
base_1_far_09_v0.5_h0.2,base_1_far_09,3.95,0.5,0.2,0.015969110221760577,False,True,False,False,0.00015100000005929815,9.99999993922529e-05,0.00010000000116860974,28.279623999999615,0.04827982400000018,0.048279875000000846,False,False,False,0
base_1_far_09_v0.5_h0.3,base_1_far_09,3.95,0.5,0.3,0.015969110221760577,False,True,False,True,8.39999998447638e-05,0.00011100000030239698,8.39999998447638e-05,28.279623999999615,0.048279818999999766,0.04827979199999931,False,False,False,0
base_1_far_09_v0.5_h0.4,base_1_far_09,3.95,0.5,0.4,0.015969110221760577,False,True,False,False,0.00012699999984988608,6.399999996631323e-05,8.39999998447638e-05,28.279623999999615,0.04827977199999943,0.04827983499999931,False,False,False,0
base_1_far_09_v1.0_h0.2,base_1_far_09,3.95,1.0,0.2,0.015969110221760577,False,True,False,True,6.600000013179397e-05,7.20000006282362e-05,7.600000095919768e-05,28.279623999999615,0.048279772000001206,0.04827976600000071,False,False,False,0
base_1_far_09_v1.0_h0.3,base_1_far_09,3.95,1.0,0.3,0.015969110221760577,False,True,False,False,0.0001069999999714355,6.700000021453434e-05,9.500000075490789e-05,28.279623999999615,0.04827978600000059,0.048279826000000345,False,False,False,0
base_1_far_09_v1.0_h0.4,base_1_far_09,3.95,1.0,0.4,0.015969110221760577,False,True,False,True,6.700000021453434e-05,0.00010800000005417587,8.400000162112065e-05,28.279623999999615,0.048279816000001294,0.048279775000001454,False,False,False,0
base_1_free_01_v0.0_h0.2,base_1_free_01,4.050000000000001,0.0,0.2,0.015969110221760577,False,True,False,False,0.0003149999994178643,0.00012499999968440534,0.0002449999989551088,18.497583999998568,0.03849795399999721,0.038498143999996945,False,False,False,0
base_1_free_01_v0.0_h0.3,base_1_free_01,4.050000000000001,0.0,0.3,0.015969110221760577,False,True,False,True,0.0001210000011298007,9.899999930951253e-05,0.00014799999981107703,18.497583999998568,0.03849783099999769,0.03849785299999951,False,False,False,0
base_1_free_01_v0.0_h0.4,base_1_free_01,4.050000000000001,0.0,0.4,0.015969110221760577,False,True,False,False,0.00013200000026358794,0.00011899999918796311,9.10000004239464e-05,18.497583999998568,0.038497793999998184,0.03849780699999926,False,False,False,0
base_1_free_01_v0.5_h0.2,base_1_free_01,4.050000000000001,0.5,0.2,0.015969110221760577,False,True,False,True,7.999999951380232e-05,0.00011100000030239698,9.99999993922529e-05,18.497583999998568,0.03849779499999827,0.03849776399999748,False,False,False,0
base_1_free_01_v0.5_h0.3,base_1_free_01,4.050000000000001,0.5,0.3,0.015969110221760577,False,True,False,False,9.699999914403179e-05,9.10000004239464e-05,8.900000025846566e-05,18.497583999998568,0.038497763999999254,0.038497769999997974,False,False,False,0
base_1_free_01_v0.5_h0.4,base_1_free_01,4.050000000000001,0.5,0.4,0.015969110221760577,False,True,False,True,8.499999992750418e-05,0.00011100000030239698,8.20000014556399e-05,18.497583999998568,0.03849777700000033,0.038497750999999955,False,False,False,0
base_1_free_01_v1.0_h0.2,base_1_free_01,4.050000000000001,1.0,0.2,0.015969110221760577,False,True,False,False,0.00011899999918796311,6.50000000490536e-05,0.00010100000125135011,18.497583999998568,0.03849774999999987,0.03849780399999901,False,False,False,0
base_1_free_01_v1.0_h0.3,base_1_free_01,4.050000000000001,1.0,0.3,0.015969110221760577,False,True,False,True,6.399999996631323e-05,0.00012700000162624292,7.999999951380232e-05,18.497583999998568,0.03849779099999971,0.03849772799999805,False,False,False,0
base_1_free_01_v1.0_h0.4,base_1_free_01,4.050000000000001,1.0,0.4,0.015969110221760577,False,True,False,False,0.00010900000013691624,6.600000013179397e-05,8.800000017572529e-05,18.497583999998568,0.03849773799999888,0.038497780999998885,False,False,False,0
base_1_free_02_v0.0_h0.2,base_1_free_02,4.1,0.0,0.2,0.015969110221760577,False,True,False,True,0.00012600000154350255,0.0002240000007702747,0.0002470000008969464,21.491148000002624,0.041491619000004296,0.04149152100000507,False,False,False,0
base_1_free_02_v0.0_h0.3,base_1_free_02,4.1,0.0,0.3,0.015969110221760577,False,True,False,False,0.00012199999943618423,9.200000050668677e-05,0.00012900000001536682,21.491148000002624,0.04149136900000315,0.04149139900000208,False,False,False,0
base_1_free_02_v0.0_h0.4,base_1_free_02,4.1,0.0,0.4,0.015969110221760577,False,True,False,True,8.09999995965427e-05,0.00011700000079883921,0.0001140000005506181,21.491148000002624,0.04149137900000398,0.041491343000002776,False,False,False,0
base_1_free_02_v0.5_h0.2,base_1_free_02,4.1,0.5,0.2,0.015969110221760577,False,True,False,False,0.00013500000051180905,0.0001259999997671457,0.00010099999947499327,21.491148000002624,0.04149137500000187,0.041491384000002615,False,False,False,0
base_1_free_02_v0.5_h0.3,base_1_free_02,4.1,0.5,0.3,0.015969110221760577,False,True,False,True,7.50000008764573e-05,0.00011999999927070348,8.900000025846566e-05,21.491148000002624,0.04149135700000216,0.04149131200000376,False,False,False,0
base_1_free_02_v0.5_h0.4,base_1_free_02,4.1,0.5,0.4,0.015969110221760577,False,True,False,False,9.300000058942715e-05,6.50000000490536e-05,0.00010000000116860974,21.491148000002624,0.041491313000003846,0.041491341000004386,False,False,False,0
base_1_free_02_v1.0_h0.2,base_1_free_02,4.1,1.0,0.2,0.015969110221760577,False,True,False,True,6.900000038001508e-05,0.00010200000133409048,8.39999998447638e-05,21.491148000002624,0.04149133400000381,0.04149130100000285,False,False,False,0
base_1_free_02_v1.0_h0.3,base_1_free_02,4.1,1.0,0.3,0.015969110221760577,False,True,False,False,9.600000083764826e-05,6.800000029727471e-05,8.700000009298492e-05,21.491148000002624,0.04149130300000302,0.04149133100000356,False,False,False,0
base_1_free_02_v1.0_h0.4,base_1_free_02,4.1,1.0,0.4,0.015969110221760577,False,True,False,True,6.199999980083248e-05,0.00017099999993774873,7.899999943106195e-05,21.491148000002624,0.041491398000002,0.04149128900000186,False,False,False,0
base_1_free_03_v0.0_h0.2,base_1_free_03,4.15,0.0,0.2,0.015969110221760577,False,True,False,False,0.0003480000003719397,0.00018299999915427634,0.00039100000037706195,16.359404000002797,0.03635997800000233,0.03636014300000355,False,False,False,0
base_1_free_03_v0.0_h0.3,base_1_free_03,4.15,0.0,0.3,0.015969110221760577,False,True,False,True,0.00015700000055574037,0.00017899999882331485,0.00018899999965071856,16.359404000002797,0.036359772000001275,0.03635975000000301,False,False,False,0
base_1_free_03_v0.0_h0.4,base_1_free_03,4.15,0.0,0.4,0.015969110221760577,False,True,False,False,0.000156000000473,0.0001489999998938174,0.00014499999956285592,16.359404000002797,0.03635969800000226,0.03635970500000284,False,False,False,0
base_1_free_03_v0.5_h0.2,base_1_free_03,4.15,0.5,0.2,0.015969110221760577,False,True,False,True,0.00011900000096431995,0.00012200000121254106,0.00016000000080396148,16.359404000002797,0.03635968600000482,0.03635968300000457,False,False,False,0
base_1_free_03_v0.5_h0.3,base_1_free_03,4.15,0.5,0.3,0.015969110221760577,False,True,False,False,0.00014299999939737518,0.0001370000006772898,0.00014299999939737518,16.359404000002797,0.036359684000002876,0.036359690000001596,False,False,False,0
base_1_free_03_v0.5_h0.4,base_1_free_03,4.15,0.5,0.4,0.015969110221760577,False,True,False,True,8.700000009298492e-05,0.0001300000000981072,0.00012200000121254106,16.359404000002797,0.03635965600000411,0.03635961300000411,False,False,False,0
base_1_free_03_v1.0_h0.2,base_1_free_03,4.15,1.0,0.2,0.015969110221760577,False,True,False,False,0.00011899999918796311,0.00011299999869152089,0.00013699999890093295,16.359404000002797,0.036359654000000394,0.03635966000000089,False,False,False,0
base_1_free_03_v1.0_h0.3,base_1_free_03,4.15,1.0,0.3,0.015969110221760577,False,True,False,True,0.00010800000005417587,0.00010399999972321439,0.0001590000007212211,16.359404000002797,0.036359667000003246,0.03635967100000358,False,False,False,0
base_1_free_03_v1.0_h0.4,base_1_free_03,4.15,1.0,0.4,0.015969110221760577,False,True,False,False,9.700000092038863e-05,0.00010599999988869513,0.00013699999890093295,16.359404000002797,0.03635964700000159,0.03635963800000262,False,False,False,0
base_1_free_04_v0.0_h0.2,base_1_free_04,4.2,0.0,0.2,0.015969110221760577,False,True,False,True,0.00012499999968440534,0.000267000000775397,0.0002569999999479933,40.32551699999942,0.06032604100000015,0.06032589899999906,False,False,False,0
base_1_free_04_v0.0_h0.3,base_1_free_04,4.2,0.0,0.3,0.015969110221760577,False,True,False,False,0.00012199999943618423,0.00011799999910522274,0.00012199999943618423,40.32551699999942,0.06032575699999797,0.0603257609999983,False,False,False,0
base_1_free_04_v0.0_h0.4,base_1_free_04,4.2,0.0,0.4,0.015969110221760577,False,True,False,True,9.499999897855105e-05,0.00012499999968440534,9.900000108586937e-05,40.32551699999942,0.060325741000000196,0.06032571099999949,False,False,False,0
base_1_free_04_v0.5_h0.2,base_1_free_04,4.2,0.5,0.2,0.015969110221760577,False,True,False,False,0.00014300000117373202,8.09999995965427e-05,0.00010499999980595476,40.32551699999942,0.06032570299999883,0.060325765000000406,False,False,False,0
base_1_free_04_v0.5_h0.3,base_1_free_04,4.2,0.5,0.3,0.015969110221760577,False,True,False,True,7.20000006282362e-05,9.799999922677216e-05,9.000000034120603e-05,40.32551699999942,0.060325704999998994,0.060325679000000396,False,False,False,0
base_1_free_04_v0.5_h0.4,base_1_free_04,4.2,0.5,0.4,0.015969110221760577,False,True,False,False,0.00011200000038513735,9.000000034120603e-05,8.800000017572529e-05,40.32551699999942,0.06032569499999994,0.06032571699999999,False,False,False,0
base_1_free_04_v1.0_h0.2,base_1_free_04,4.2,1.0,0.2,0.015969110221760577,False,True,False,True,7.199999885187935e-05,9.600000083764826e-05,8.600000001024455e-05,40.32551699999942,0.060325699000000274,0.06032567499999829,False,False,False,0
base_1_free_04_v1.0_h0.3,base_1_free_04,4.2,1.0,0.3,0.015969110221760577,False,True,False,False,9.500000075490789e-05,7.000000046275545e-05,8.299999976202344e-05,40.32551699999942,0.06032566999999965,0.06032569499999994,False,False,False,0
base_1_free_04_v1.0_h0.4,base_1_free_04,4.2,1.0,0.4,0.015969110221760577,False,True,False,True,7.299999893461973e-05,9.600000083764826e-05,8.199999967928306e-05,40.32551699999942,0.06032569499999994,0.06032567199999804,False,False,False,0
base_1_free_05_v0.0_h0.2,base_1_free_05,4.25,0.0,0.2,0.015969110221760577,False,True,False,False,0.00031100000086325963,0.00014200000109099165,0.0002830000003228861,28.16131800000221,0.04816174300000363,0.0481619120000034,False,False,False,0
base_1_free_05_v0.0_h0.3,base_1_free_05,4.25,0.0,0.3,0.015969110221760577,False,True,False,True,0.0001389999990664137,0.0001419999993146348,0.00014399999948011555,28.16131800000221,0.04816160400000101,0.04816160100000076,False,False,False,0
base_1_free_05_v0.0_h0.4,base_1_free_05,4.25,0.0,0.4,0.015969110221760577,False,True,False,False,0.00013099999840449073,0.00010900000013691624,0.00011800000088157958,28.16131800000221,0.048161545000003234,0.0481615670000015,False,False,False,0
base_1_free_05_v0.5_h0.2,base_1_free_05,4.25,0.5,0.2,0.015969110221760577,False,True,False,True,9.200000050668677e-05,0.00011100000030239698,9.499999897855105e-05,28.16131800000221,0.048161524000001496,0.0481615050000017,False,False,False,0
base_1_free_05_v0.5_h0.3,base_1_free_05,4.25,0.5,0.3,0.015969110221760577,False,True,False,False,0.00013600000059454942,7.899999943106195e-05,8.700000009298492e-05,28.16131800000221,0.04816148400000174,0.0481615410000029,False,False,False,0
base_1_free_05_v0.5_h0.4,base_1_free_05,4.25,0.5,0.4,0.015969110221760577,False,True,False,True,7.400000079371694e-05,0.00013699999890093295,0.00011000000021965661,28.16131800000221,0.048161565000001336,0.04816150200000323,False,False,False,0
base_1_free_05_v1.0_h0.2,base_1_free_05,4.25,1.0,0.2,0.015969110221760577,False,True,False,False,8.700000009298492e-05,7.899999943106195e-05,9.499999897855105e-05,28.16131800000221,0.048161492000000625,0.04816150000000129,False,False,False,0
base_1_free_05_v1.0_h0.3,base_1_free_05,4.25,1.0,0.3,0.015969110221760577,False,True,False,True,7.50000008764573e-05,0.00010000000116860974,8.700000009298492e-05,28.16131800000221,0.04816150500000348,0.048161480000003185,False,False,False,0
base_1_free_05_v1.0_h0.4,base_1_free_05,4.25,1.0,0.4,0.015969110221760577,False,True,False,False,0.00010200000133409048,6.600000013179397e-05,7.900000120741879e-05,28.16131800000221,0.048161463000003554,0.04816149900000476,False,False,False,0
base_1_free_06_v0.0_h0.2,base_1_free_06,4.300000000000001,0.0,0.2,0.015969110221760577,False,True,False,True,0.00014999999997655777,0.00026200000036169513,0.0002989999998703752,29.654392000001195,0.04965495300000143,0.049654841000001046,False,False,False,0
base_1_free_06_v0.0_h0.3,base_1_free_06,4.300000000000001,0.0,0.3,0.015969110221760577,False,True,False,False,0.00013799999898367332,0.00012499999968440534,0.0001370000006772898,29.654392000001195,0.04965465400000156,0.04965466700000086,False,False,False,0
base_1_free_06_v0.0_h0.4,base_1_free_06,4.300000000000001,0.0,0.4,0.015969110221760577,False,True,False,True,0.00012099999935344385,0.00013400000042906868,0.0001370000006772898,29.654392000001195,0.049654663000002305,0.04965465000000123,False,False,False,0
base_1_free_06_v0.5_h0.2,base_1_free_06,4.300000000000001,0.5,0.2,0.015969110221760577,False,True,False,False,0.00010000000116860974,9.300000058942715e-05,9.700000092038863e-05,29.654392000001195,0.04965458200000271,0.04965458900000329,False,False,False,0
base_1_free_06_v0.5_h0.3,base_1_free_06,4.300000000000001,0.5,0.3,0.015969110221760577,False,True,False,True,9.10000004239464e-05,0.00013200000026358794,9.899999930951253e-05,29.654392000001195,0.04965462300000077,0.04965458200000093,False,False,False,0
base_1_free_06_v0.5_h0.4,base_1_free_06,4.300000000000001,0.5,0.4,0.015969110221760577,False,True,False,False,0.00010800000005417587,7.799999934832158e-05,9.200000050668677e-05,29.654392000001195,0.049654562000001054,0.04965459200000176,False,False,False,0
base_1_free_06_v1.0_h0.2,base_1_free_06,4.300000000000001,1.0,0.2,0.015969110221760577,False,True,False,True,6.499999827269676e-05,0.0001229999995189246,9.10000004239464e-05,29.654392000001195,0.04965460600000114,0.049654547999999896,False,False,False,0
base_1_free_06_v1.0_h0.3,base_1_free_06,4.300000000000001,1.0,0.3,0.015969110221760577,False,True,False,False,0.0001069999999714355,8.100000137289953e-05,8.499999992750418e-05,29.654392000001195,0.0496545580000025,0.0496545840000011,False,False,False,0
base_1_free_06_v1.0_h0.4,base_1_free_06,4.300000000000001,1.0,0.4,0.015969110221760577,False,True,False,True,7.299999893461973e-05,0.00012499999968440534,8.499999992750418e-05,29.654392000001195,0.04965460200000081,0.04965455000000006,False,False,False,0
base_1_free_07_v0.0_h0.2,base_1_free_07,4.35,0.0,0.2,0.015969110221760577,False,True,False,False,0.00037099999872225453,0.00017599999857509374,0.00031899999974882576,27.455605000000105,0.04745609999999843,0.04745629499999858,False,False,False,0
base_1_free_07_v0.0_h0.3,base_1_free_07,4.35,0.0,0.3,0.015969110221760577,False,True,False,True,0.00016999999985500835,0.00017800000051693132,0.00018499999931975708,27.455605000000105,0.047455967999999946,0.047455959999999284,False,False,False,0
base_1_free_07_v0.0_h0.4,base_1_free_07,4.35,0.0,0.4,0.015969110221760577,False,True,False,False,0.0001370000006772898,0.00016999999985500835,0.00017999999890605523,27.455605000000105,0.04745595499999887,0.04745592199999969,False,False,False,0
base_1_free_07_v0.5_h0.2,base_1_free_07,4.35,0.5,0.2,0.015969110221760577,False,True,False,True,0.0001909999998161993,0.0002979999997876348,0.00025800000003073364,27.455605000000105,0.04745616099999993,0.047456053999999956,False,False,False,0
base_1_free_07_v0.5_h0.3,base_1_free_07,4.35,0.5,0.3,0.015969110221760577,False,True,False,False,0.00018000000068241206,0.00013900000084277053,0.00016999999985500835,27.455605000000105,0.04745591400000081,0.047455955000000646,False,False,False,0
base_1_free_07_v0.5_h0.4,base_1_free_07,4.35,0.5,0.4,0.015969110221760577,False,True,False,True,0.00011200000038513735,0.00013200000026358794,0.00011699999902248237,27.455605000000105,0.047455853999999395,0.04745583399999952,False,False,False,0
base_1_free_07_v1.0_h0.2,base_1_free_07,4.35,1.0,0.2,0.015969110221760577,False,True,False,False,0.00011000000021965661,0.00011900000096431995,0.00014200000109099165,27.455605000000105,0.047455866000002164,0.04745585700000142,False,False,False,0
base_1_free_07_v1.0_h0.3,base_1_free_07,4.35,1.0,0.3,0.015969110221760577,False,True,False,True,0.00011899999918796311,0.0001229999995189246,0.00015500000039025963,27.455605000000105,0.04745588300000002,0.04745587899999969,False,False,False,0
base_1_free_07_v1.0_h0.4,base_1_free_07,4.35,1.0,0.4,0.015969110221760577,False,True,False,False,0.00012500000146076218,0.00011999999927070348,0.00013999999914915406,27.455605000000105,0.04745586499999853,0.04745587000000072,False,False,False,0
base_1_free_08_v0.0_h0.2,base_1_free_08,4.4,0.0,0.2,0.015969110221760577,False,True,False,True,0.0001649999994413065,0.0003139999993351239,0.000325000000245268,37.68776699999776,0.05768840599999735,0.05768825699999745,False,False,False,0
base_1_free_08_v0.0_h0.3,base_1_free_08,4.4,0.0,0.3,0.015969110221760577,False,True,False,False,0.0001459999996455963,0.00016399999935856613,0.00015599999869664316,37.68776699999776,0.05768808699999582,0.05768806899999611,False,False,False,0
base_1_free_08_v0.0_h0.4,base_1_free_08,4.4,0.0,0.4,0.015969110221760577,False,True,False,True,0.00012900000001536682,0.00019400000006442042,0.00015700000055574037,37.68776699999776,0.05768811799999839,0.05768805299999834,False,False,False,0
base_1_free_08_v0.5_h0.2,base_1_free_08,4.4,0.5,0.2,0.015969110221760577,False,True,False,False,0.00012799999993262645,0.00010800000005417587,0.00010499999980595476,37.68776699999776,0.05768797999999763,0.057687999999997505,False,False,False,0
base_1_free_08_v0.5_h0.3,base_1_free_08,4.4,0.5,0.3,0.015969110221760577,False,True,False,True,0.00012900000001536682,0.00010299999964047402,0.0001140000005506181,37.68776699999776,0.05768798399999796,0.05768800999999833,False,False,False,0
base_1_free_08_v0.5_h0.4,base_1_free_08,4.4,0.5,0.4,0.015969110221760577,False,True,False,False,0.00010499999980595476,8.899999848210882e-05,0.0001069999999714355,37.68776699999776,0.05768796299999622,0.057687978999997544,False,False,False,0
base_1_free_08_v1.0_h0.2,base_1_free_08,4.4,1.0,0.2,0.015969110221760577,False,True,False,True,7.799999934832158e-05,0.00013200000026358794,9.99999993922529e-05,37.68776699999776,0.05768799899999742,0.05768794499999651,False,False,False,0
base_1_free_08_v1.0_h0.3,base_1_free_08,4.4,1.0,0.3,0.015969110221760577,False,True,False,False,8.600000001024455e-05,7.099999876913898e-05,8.000000129015916e-05,37.68776699999776,0.057687917999997826,0.05768793299999907,False,False,False,0
base_1_free_08_v1.0_h0.4,base_1_free_08,4.4,1.0,0.4,0.015969110221760577,False,True,False,True,6.899999860365824e-05,0.00011500000063335847,8.900000025846566e-05,37.68776699999776,0.05768797099999866,0.05768792499999663,False,False,False,0
base_1_free_09_v0.0_h0.2,base_1_free_09,4.45,0.0,0.2,0.015969110221760577,False,True,False,False,0.0002559999998652529,0.0001229999995189246,0.00024200000048324455,20.254809000000762,0.04025517400000077,0.040255307000001114,False,False,False,0
base_1_free_09_v0.0_h0.3,base_1_free_09,4.45,0.0,0.3,0.015969110221760577,False,True,False,True,0.0001140000005506181,0.00013099999840449073,0.00013500000051180905,20.254809000000762,0.04025507499999968,0.04025505800000183,False,False,False,0
base_1_free_09_v0.0_h0.4,base_1_free_09,4.45,0.0,0.4,0.015969110221760577,False,True,False,False,0.00013400000042906868,0.00010299999964047402,0.0001140000005506181,20.254809000000762,0.04025502600000096,0.040255057000001745,False,False,False,0
base_1_free_09_v0.5_h0.2,base_1_free_09,4.45,0.5,0.2,0.015969110221760577,False,True,False,True,8.700000009298492e-05,9.799999922677216e-05,0.00011500000063335847,20.254809000000762,0.040255022000000626,0.04025501100000149,False,False,False,0
base_1_free_09_v0.5_h0.3,base_1_free_09,4.45,0.5,0.3,0.015969110221760577,False,True,False,False,0.00012000000104706032,7.400000079371694e-05,8.600000001024455e-05,20.254809000000762,0.04025496900000157,0.04025501500000182,False,False,False,0
base_1_free_09_v0.5_h0.4,base_1_free_09,4.45,0.5,0.4,0.015969110221760577,False,True,False,True,9.99999993922529e-05,8.09999995965427e-05,9.899999930951253e-05,20.254809000000762,0.04025498899999967,0.04025500799999947,False,False,False,0
base_1_free_09_v1.0_h0.2,base_1_free_09,4.45,1.0,0.2,0.015969110221760577,False,True,False,False,0.0001069999999714355,6.600000013179397e-05,8.09999995965427e-05,20.254809000000762,0.040254956000000494,0.040254997000000334,False,False,False,0
base_1_free_09_v1.0_h0.3,base_1_free_09,4.45,1.0,0.3,0.015969110221760577,False,True,False,True,7.300000071097656e-05,0.0001649999994413065,8.199999967928306e-05,20.254809000000762,0.040255055999999886,0.040254964000001156,False,False,False,0
base_1_free_09_v1.0_h0.4,base_1_free_09,4.45,1.0,0.4,0.015969110221760577,False,True,False,False,9.400000067216752e-05,7.000000046275545e-05,8.39999998447638e-05,20.254809000000762,0.04025496300000107,0.04025498700000128,False,False,False,0
base_1_near_00_v0.0_h0.2,base_1_near_00,4.5,0.0,0.2,0.015969110221760577,False,True,False,True,0.00022699999924213898,0.0003760000009123132,0.0003970000008735042,26.410048999998992,0.04641082200000078,0.04641067299999911,False,False,False,0
base_1_near_00_v0.0_h0.3,base_1_near_00,4.5,0.0,0.3,0.015969110221760577,False,True,False,False,0.00016000000080396148,0.00018000000068241206,0.00018199999907153597,26.410048999998992,0.04641041099999875,0.04641039099999887,False,False,False,0
base_1_near_00_v0.0_h0.4,base_1_near_00,4.5,0.0,0.4,0.015969110221760577,False,True,False,True,0.0001590000007212211,0.0001750000002687102,0.00017300000010322947,26.410048999998992,0.04641039699999937,0.04641038099999982,False,False,False,0
base_1_near_00_v0.5_h0.2,base_1_near_00,4.5,0.5,0.2,0.015969110221760577,False,True,False,False,0.00011600000071609884,0.00011500000063335847,0.00014299999939737518,26.410048999998992,0.046410306999999026,0.04641030799999911,False,False,False,0
base_1_near_00_v0.5_h0.3,base_1_near_00,4.5,0.5,0.3,0.015969110221760577,False,True,False,True,0.0001069999999714355,0.00013200000026358794,0.00013800000076003016,26.410048999998992,0.04641031900000002,0.04641029399999973,False,False,False,0
base_1_near_00_v0.5_h0.4,base_1_near_00,4.5,0.5,0.4,0.015969110221760577,False,True,False,False,0.0001530000002247789,0.00012199999943618423,0.0001400000009255109,26.410048999998992,0.04641031099999936,0.046410342000000146,False,False,False,0
base_1_near_00_v1.0_h0.2,base_1_near_00,4.5,1.0,0.2,0.015969110221760577,False,True,False,True,0.00011700000079883921,0.00011100000030239698,0.00014999999997655777,26.410048999998992,0.046410309999999275,0.04641031599999977,False,False,False,0
base_1_near_00_v1.0_h0.3,base_1_near_00,4.5,1.0,0.3,0.015969110221760577,False,True,False,False,0.00013200000026358794,0.00013100000018084756,0.00015400000030751926,26.410048999998992,0.046410333999999484,0.04641033499999957,False,False,False,0
base_1_near_00_v1.0_h0.4,base_1_near_00,4.5,1.0,0.4,0.015969110221760577,False,True,False,True,0.00011899999918796311,0.00012399999960166497,0.00013800000076003016,26.410048999998992,0.04641031099999936,0.046410305999998944,False,False,False,0
base_1_near_01_v0.0_h0.2,base_1_near_01,4.550000000000001,0.0,0.2,0.015969110221760577,False,True,False,False,0.0003099999990041624,0.0001330000003463283,0.0002779999999091842,21.751715999997145,0.041752126999997405,0.04175230399999606,False,False,False,0
base_1_near_01_v0.0_h0.3,base_1_near_01,4.550000000000001,0.0,0.3,0.015969110221760577,False,True,False,True,0.00011899999918796311,0.0001679999996895276,0.00010900000013691624,21.751715999997145,0.041751992999996976,0.041751943999996474,False,False,False,0
base_1_near_01_v0.0_h0.4,base_1_near_01,4.550000000000001,0.0,0.4,0.015969110221760577,False,True,False,False,0.00011600000071609884,0.00011499999885700163,9.600000083764826e-05,21.751715999997145,0.041751926999996844,0.0417519279999987,False,False,False,0
base_1_near_01_v0.5_h0.2,base_1_near_01,4.550000000000001,0.5,0.2,0.015969110221760577,False,True,False,True,9.000000034120603e-05,0.00010900000013691624,8.799999839936845e-05,21.751715999997145,0.041751912999995686,0.04175189399999589,False,False,False,0
base_1_near_01_v0.5_h0.3,base_1_near_01,4.550000000000001,0.5,0.3,0.015969110221760577,False,True,False,False,0.00010199999955773364,7.800000112467842e-05,8.600000001024455e-05,21.751715999997145,0.041751879999998284,0.04175190399999672,False,False,False,0
base_1_near_01_v0.5_h0.4,base_1_near_01,4.550000000000001,0.5,0.4,0.015969110221760577,False,True,False,True,8.000000129015916e-05,0.00010499999980595476,9.200000050668677e-05,21.751715999997145,0.04175191299999746,0.041751887999998946,False,False,False,0
base_1_near_01_v1.0_h0.2,base_1_near_01,4.550000000000001,1.0,0.2,0.015969110221760577,False,True,False,False,9.500000075490789e-05,8.900000025846566e-05,8.499999992750418e-05,21.751715999997145,0.041751889999997335,0.04175189599999783,False,False,False,0
base_1_near_01_v1.0_h0.3,base_1_near_01,4.550000000000001,1.0,0.3,0.015969110221760577,False,True,False,True,6.900000038001508e-05,9.700000092038863e-05,9.000000034120603e-05,21.751715999997145,0.04175190299999841,0.04175187499999787,False,False,False,0
base_1_near_01_v1.0_h0.4,base_1_near_01,4.550000000000001,1.0,0.4,0.015969110221760577,False,True,False,False,0.00012900000001536682,6.299999988357285e-05,8.299999976202344e-05,21.751715999997145,0.041751861999996795,0.04175192799999693,False,False,False,0
base_1_near_02_v0.0_h0.2,base_1_near_02,4.6,0.0,0.2,0.015969110221760577,False,True,False,True,0.0001370000006772898,0.0002400000003177638,0.00024200000048324455,17.27241800000101,0.037272900000001816,0.037272797000002175,False,False,False,0
base_1_near_02_v0.0_h0.3,base_1_near_02,4.6,0.0,0.3,0.015969110221760577,False,True,False,False,0.00014399999948011555,0.0001069999999714355,0.00015100000005929815,17.27241800000101,0.037272676000001045,0.037272713000000554,False,False,False,0
base_1_near_02_v0.0_h0.4,base_1_near_02,4.6,0.0,0.4,0.015969110221760577,False,True,False,True,0.00010499999980595476,0.0001229999995189246,9.900000108586937e-05,17.27241800000101,0.03727264000000162,0.037272622000001907,False,False,False,0
base_1_near_02_v0.5_h0.2,base_1_near_02,4.6,0.5,0.2,0.015969110221760577,False,True,False,False,0.0001259999997671457,8.900000025846566e-05,9.99999993922529e-05,17.27241800000101,0.037272607000000665,0.037272644000000174,False,False,False,0
base_1_near_02_v0.5_h0.3,base_1_near_02,4.6,0.5,0.3,0.015969110221760577,False,True,False,True,9.000000034120603e-05,0.00011000000021965661,8.09999995965427e-05,17.27241800000101,0.03727260900000083,0.03727258900000095,False,False,False,0
base_1_near_02_v0.5_h0.4,base_1_near_02,4.6,0.5,0.4,0.015969110221760577,False,True,False,False,0.00011399999877426126,6.800000029727471e-05,0.00011799999910522274,17.27241800000101,0.03727260400000042,0.037272649999998894,False,False,False,0
base_1_near_02_v1.0_h0.2,base_1_near_02,4.6,1.0,0.2,0.015969110221760577,False,True,False,True,7.499999910010047e-05,0.00010000000116860974,9.99999993922529e-05,17.27241800000101,0.037272618000001576,0.03727259299999951,False,False,False,0
base_1_near_02_v1.0_h0.3,base_1_near_02,4.6,1.0,0.3,0.015969110221760577,False,True,False,False,7.100000054549582e-05,6.50000000490536e-05,8.39999998447638e-05,17.27241800000101,0.03727256700000091,0.037272573000001405,False,False,False,0
base_1_near_02_v1.0_h0.4,base_1_near_02,4.6,1.0,0.4,0.015969110221760577,False,True,False,True,7.20000006282362e-05,7.100000054549582e-05,8.100000137289953e-05,17.27241800000101,0.03727257000000293,0.037272571000003016,False,False,False,0
base_1_near_03_v0.0_h0.2,base_1_near_03,4.65,0.0,0.2,0.015969110221760577,False,True,False,False,0.000370000000415871,0.00015200000014203852,0.00028400000040562645,17.94834899999742,0.03794878499999797,0.037949002999998246,False,False,False,0
base_1_near_03_v0.0_h0.3,base_1_near_03,4.65,0.0,0.3,0.015969110221760577,False,True,False,True,0.0001370000006772898,0.00012799999993262645,0.00012300000129528144,17.94834899999742,0.03794859999999865,0.0379486089999994,False,False,False,0
base_1_near_03_v0.0_h0.4,base_1_near_03,4.65,0.0,0.4,0.015969110221760577,False,True,False,False,0.00010099999947499327,0.00010599999988869513,0.00011600000071609884,17.94834899999742,0.03794857099999803,0.037948565999997616,False,False,False,0
base_1_near_03_v0.5_h0.2,base_1_near_03,4.65,0.5,0.2,0.015969110221760577,False,True,False,True,9.600000083764826e-05,0.00014999999997655777,0.00010600000166505197,17.94834899999742,0.03794860499999907,0.03794855099999993,False,False,False,0
base_1_near_03_v0.5_h0.3,base_1_near_03,4.65,0.5,0.3,0.015969110221760577,False,True,False,False,0.00012499999968440534,8.20000014556399e-05,9.499999897855105e-05,17.94834899999742,0.03794852599999786,0.03794856899999609,False,False,False,0
base_1_near_03_v0.5_h0.4,base_1_near_03,4.65,0.5,0.4,0.015969110221760577,False,True,False,True,6.900000038001508e-05,0.00010999999844329977,0.00010099999947499327,17.94834899999742,0.03794855999999534,0.03794851899999728,False,False,False,0
base_1_near_03_v1.0_h0.2,base_1_near_03,4.65,1.0,0.2,0.015969110221760577,False,True,False,False,0.00011100000030239698,0.00010200000133409048,9.000000034120603e-05,17.94834899999742,0.0379485409999991,0.03794854999999807,False,False,False,0
base_1_near_03_v1.0_h0.3,base_1_near_03,4.65,1.0,0.3,0.015969110221760577,False,True,False,True,7.999999951380232e-05,0.00011500000063335847,8.299999976202344e-05,17.94834899999742,0.03794854699999782,0.0379485119999967,False,False,False,0
base_1_near_03_v1.0_h0.4,base_1_near_03,4.65,1.0,0.4,0.015969110221760577,False,True,False,False,0.00011200000038513735,6.900000038001508e-05,8.39999998447638e-05,17.94834899999742,0.03794850199999765,0.037948544999997655,False,False,False,0
base_1_near_04_v0.0_h0.2,base_1_near_04,4.7,0.0,0.2,0.015969110221760577,False,True,False,True,0.0001300000000981072,0.00027500000143731995,0.00025800000003073364,38.663995000000284,0.058664528000001756,0.05866438300000042,False,False,False,0
base_1_near_04_v0.0_h0.3,base_1_near_04,4.7,0.0,0.3,0.015969110221760577,False,True,False,False,0.0001530000002247789,0.00011500000063335847,0.00012699999984988608,38.663995000000284,0.05866423700000077,0.05866427500000036,False,False,False,0
base_1_near_04_v0.0_h0.4,base_1_near_04,4.7,0.0,0.4,0.015969110221760577,False,True,False,True,9.700000092038863e-05,0.0001389999990664137,0.00011899999918796311,38.663995000000284,0.05866425299999854,0.058664211000000396,False,False,False,0
base_1_near_04_v0.5_h0.2,base_1_near_04,4.7,0.5,0.2,0.015969110221760577,False,True,False,False,0.0001259999997671457,0.00011100000030239698,9.000000034120603e-05,38.663995000000284,0.05866419600000093,0.058664211000000396,False,False,False,0
base_1_near_04_v0.5_h0.3,base_1_near_04,4.7,0.5,0.3,0.015969110221760577,False,True,False,True,6.399999996631323e-05,0.00010800000005417587,7.799999934832158e-05,38.663995000000284,0.05866418099999969,0.0586641369999996,False,False,False,0
base_1_near_04_v0.5_h0.4,base_1_near_04,4.7,0.5,0.4,0.015969110221760577,False,True,False,False,0.00010200000133409048,8.600000001024455e-05,7.999999951380232e-05,38.663995000000284,0.05866416099999981,0.058664177000001136,False,False,False,0
base_1_near_04_v1.0_h0.2,base_1_near_04,4.7,1.0,0.2,0.015969110221760577,False,True,False,True,6.399999996631323e-05,0.00010800000005417587,7.800000112467842e-05,38.663995000000284,0.05866418100000147,0.05866413700000138,False,False,False,0
base_1_near_04_v1.0_h0.3,base_1_near_04,4.7,1.0,0.3,0.015969110221760577,False,True,False,False,9.700000092038863e-05,6.600000013179397e-05,8.39999998447638e-05,38.663995000000284,0.058664145000000265,0.05866417600000105,False,False,False,0
base_1_near_04_v1.0_h0.4,base_1_near_04,4.7,1.0,0.4,0.015969110221760577,False,True,False,True,8.299999976202344e-05,0.00012099999935344385,8.09999995965427e-05,38.663995000000284,0.05866419699999924,0.05866415899999965,False,False,False,0
base_1_near_05_v0.0_h0.2,base_1_near_05,4.75,0.0,0.2,0.015969110221760577,False,True,False,False,0.0002609999985025979,0.00012399999960166497,0.00025399999969977216,17.66344600000025,0.037663823999999554,0.037663960999998455,False,False,False,0
base_1_near_05_v0.0_h0.3,base_1_near_05,4.75,0.0,0.3,0.015969110221760577,False,True,False,True,0.0001300000000981072,0.00016399999935856613,0.0001330000003463283,17.66344600000025,0.03766374299999996,0.0376637090000007,False,False,False,0
base_1_near_05_v0.0_h0.4,base_1_near_05,4.75,0.0,0.4,0.015969110221760577,False,True,False,False,0.00010900000013691624,0.0001069999999714355,0.0001069999999714355,17.66344600000025,0.037663660000000196,0.03766366200000036,False,False,False,0
base_1_near_05_v0.5_h0.2,base_1_near_05,4.75,0.5,0.2,0.015969110221760577,False,True,False,True,7.900000120741879e-05,0.00012500000146076218,0.00011500000063335847,17.66344600000025,0.03766368600000235,0.037663640000002094,False,False,False,0
base_1_near_05_v0.5_h0.3,base_1_near_05,4.75,0.5,0.3,0.015969110221760577,False,True,False,False,0.00011900000096431995,8.299999976202344e-05,9.300000058942715e-05,17.66344600000025,0.037663622000000604,0.03766365800000181,False,False,False,0
base_1_near_05_v0.5_h0.4,base_1_near_05,4.75,0.5,0.4,0.015969110221760577,False,True,False,True,6.50000000490536e-05,0.00010800000005417587,9.99999993922529e-05,17.66344600000025,0.0376636539999997,0.037663610999999694,False,False,False,0
base_1_near_05_v1.0_h0.2,base_1_near_05,4.75,1.0,0.2,0.015969110221760577,False,True,False,False,0.0001069999999714355,6.599999835543713e-05,7.699999926558121e-05,17.66344600000025,0.037663588999997874,0.03766362999999949,False,False,False,0
base_1_near_05_v1.0_h0.3,base_1_near_05,4.75,1.0,0.3,0.015969110221760577,False,True,False,True,0.00011500000063335847,7.299999893461973e-05,7.999999951380232e-05,17.66344600000025,0.0376635989999987,0.0376636410000004,False,False,False,0
base_1_near_05_v1.0_h0.4,base_1_near_05,4.75,1.0,0.4,0.015969110221760577,False,True,False,False,8.899999848210882e-05,6.800000029727471e-05,7.799999934832158e-05,17.66344600000025,0.0376635919999999,0.03766361299999808,False,False,False,0
base_1_near_06_v0.0_h0.2,base_1_near_06,4.800000000000001,0.0,0.2,0.015969110221760577,False,True,False,True,0.0001489999998938174,0.0002779999999091842,0.0002789999999919246,22.84851599999982,0.042849072999999724,0.04284894399999971,False,False,False,0
base_1_near_06_v0.0_h0.3,base_1_near_06,4.800000000000001,0.0,0.3,0.015969110221760577,False,True,False,False,0.00018000000068241206,0.00014100000100825127,0.00013599999881819258,22.84851599999982,0.04284879299999965,0.04284883199999932,False,False,False,0
base_1_near_06_v0.0_h0.4,base_1_near_06,4.800000000000001,0.0,0.4,0.015969110221760577,False,True,False,True,8.199999967928306e-05,0.00013200000026358794,0.00011199999860878052,22.84851599999982,0.042848759999998695,0.04284870999999811,False,False,False,0
base_1_near_06_v0.5_h0.2,base_1_near_06,4.800000000000001,0.5,0.2,0.015969110221760577,False,True,False,False,0.0001440000012564724,9.799999922677216e-05,9.200000050668677e-05,22.84851599999982,0.042848705999999556,0.042848752000001586,False,False,False,0
base_1_near_06_v0.5_h0.3,base_1_near_06,4.800000000000001,0.5,0.3,0.015969110221760577,False,True,False,True,6.999999868639861e-05,0.000115999998939742,9.300000058942715e-05,22.84851599999982,0.04284872499999935,0.0428486789999991,False,False,False,0
base_1_near_06_v0.5_h0.4,base_1_near_06,4.800000000000001,0.5,0.4,0.015969110221760577,False,True,False,False,0.00012799999993262645,9.499999897855105e-05,9.899999930951253e-05,22.84851599999982,0.04284870999999811,0.042848742999999065,False,False,False,0
base_1_near_06_v1.0_h0.2,base_1_near_06,4.800000000000001,1.0,0.2,0.015969110221760577,False,True,False,True,8.39999998447638e-05,0.00011800000088157958,8.900000025846566e-05,22.84851599999982,0.04284872300000096,0.042848688999999926,False,False,False,0
base_1_near_06_v1.0_h0.3,base_1_near_06,4.800000000000001,1.0,0.3,0.015969110221760577,False,True,False,False,0.00010499999980595476,7.299999893461973e-05,9.199999873032993e-05,22.84851599999982,0.04284868099999749,0.04284871299999836,False,False,False,0
base_1_near_06_v1.0_h0.4,base_1_near_06,4.800000000000001,1.0,0.4,0.015969110221760577,False,True,False,True,7.20000006282362e-05,0.00015500000039025963,9.200000050668677e-05,22.84851599999982,0.04284876300000072,0.04284868000000096,False,False,False,0
base_1_near_07_v0.0_h0.2,base_1_near_07,4.85,0.0,0.2,0.015969110221760577,False,True,False,False,0.00039100000037706195,0.0002109999996946499,0.0003409999997927571,18.18310600000217,0.03818365800000166,0.03818383800000234,False,False,False,0
base_1_near_07_v0.0_h0.3,base_1_near_07,4.85,0.0,0.3,0.015969110221760577,False,True,False,True,0.00017800000051693132,0.00020100000064360302,0.00016000000080396148,18.18310600000217,0.03818346700000362,0.038183444000003494,False,False,False,0
base_1_near_07_v0.0_h0.4,base_1_near_07,4.85,0.0,0.4,0.015969110221760577,False,True,False,False,0.00014099999923189444,0.00015200000014203852,0.00016299999927582576,18.18310600000217,0.03818342100000159,0.03818341000000068,False,False,False,0
base_1_near_07_v0.5_h0.2,base_1_near_07,4.85,0.5,0.2,0.015969110221760577,False,True,False,True,0.00011699999902248237,0.00012399999960166497,0.0001619999991930854,18.18310600000217,0.03818339200000097,0.03818338500000039,False,False,False,0
base_1_near_07_v0.5_h0.3,base_1_near_07,4.85,0.5,0.3,0.015969110221760577,False,True,False,False,0.0001419999993146348,9.099999864758956e-05,0.0001259999997671457,18.18310600000217,0.03818332300000059,0.038183374000001255,False,False,False,0
base_1_near_07_v0.5_h0.4,base_1_near_07,4.85,0.5,0.4,0.015969110221760577,False,True,False,True,0.0001069999999714355,0.0001069999999714355,0.00012000000104706032,18.18310600000217,0.03818333300000319,0.03818333300000319,False,False,False,0
base_1_near_07_v1.0_h0.2,base_1_near_07,4.85,1.0,0.2,0.015969110221760577,False,True,False,False,0.00012900000001536682,0.00010499999980595476,0.00011800000088157958,18.18310600000217,0.03818332900000286,0.03818335300000307,False,False,False,0
base_1_near_07_v1.0_h0.3,base_1_near_07,4.85,1.0,0.3,0.015969110221760577,False,True,False,True,0.00012099999935344385,0.0001300000000981072,0.0001229999995189246,18.18310600000217,0.03818335900000179,0.038183350000001046,False,False,False,0
base_1_near_07_v1.0_h0.4,base_1_near_07,4.85,1.0,0.4,0.015969110221760577,False,True,False,False,0.00012300000129528144,0.0001069999999714355,0.00012699999984988608,18.18310600000217,0.038183340000001995,0.03818335600000332,False,False,False,0
base_1_near_08_v0.0_h0.2,base_1_near_08,4.9,0.0,0.2,0.015969110221760577,False,True,False,True,0.00013500000051180905,0.0002890000008193283,0.0002830000003228861,19.597654000001796,0.03959822600000294,0.039598072000002635,False,False,False,0
base_1_near_08_v0.0_h0.3,base_1_near_08,4.9,0.0,0.3,0.015969110221760577,False,True,False,False,0.00016200000096944223,0.00014999999997655777,0.00015800000063848074,19.597654000001796,0.039597962000002415,0.03959797400000341,False,False,False,0
base_1_near_08_v0.0_h0.4,base_1_near_08,4.9,0.0,0.4,0.015969110221760577,False,True,False,True,0.00010499999980595476,0.00013500000051180905,9.300000058942715e-05,19.597654000001796,0.0395978820000029,0.039597852000002196,False,False,False,0
base_1_near_08_v0.5_h0.2,base_1_near_08,4.9,0.5,0.2,0.015969110221760577,False,True,False,False,0.00010800000005417587,9.600000083764826e-05,9.000000034120603e-05,19.597654000001796,0.03959784000000298,0.039597852000002196,False,False,False,0
base_1_near_08_v0.5_h0.3,base_1_near_08,4.9,0.5,0.3,0.015969110221760577,False,True,False,True,7.099999876913898e-05,9.99999993922529e-05,0.00011999999927070348,19.597654000001796,0.03959787400000046,0.03959784499999984,False,False,False,0
base_1_near_08_v0.5_h0.4,base_1_near_08,4.9,0.5,0.4,0.015969110221760577,False,True,False,False,0.00011300000046787773,7.300000071097656e-05,0.00012699999984988608,19.597654000001796,0.03959785400000236,0.03959789400000212,False,False,False,0
base_1_near_08_v1.0_h0.2,base_1_near_08,4.9,1.0,0.2,0.015969110221760577,False,True,False,True,7.599999918284084e-05,0.00012600000154350255,0.0001069999999714355,19.597654000001796,0.039597887000003315,0.039597837000000954,False,False,False,0
base_1_near_08_v1.0_h0.3,base_1_near_08,4.9,1.0,0.3,0.015969110221760577,False,True,False,False,9.599999906129142e-05,7.299999893461973e-05,8.700000009298492e-05,19.597654000001796,0.03959781400000083,0.039597837000000954,False,False,False,0
base_1_near_08_v1.0_h0.4,base_1_near_08,4.9,1.0,0.4,0.015969110221760577,False,True,False,True,7.000000046275545e-05,9.300000058942715e-05,0.00010800000005417587,19.597654000001796,0.039597855000002444,0.03959783200000232,False,False,False,0
base_1_near_09_v0.0_h0.2,base_1_near_09,4.95,0.0,0.2,0.015969110221760577,False,True,False,False,0.00025800000003073364,0.0001419999993146348,0.00023800000015228306,21.096315999997728,0.0410966959999972,0.041096811999997915,False,False,False,0
base_1_near_09_v0.0_h0.3,base_1_near_09,4.95,0.0,0.3,0.015969110221760577,False,True,False,True,0.00013200000026358794,0.00013600000059454942,0.00012700000162624292,21.096315999997728,0.04109657899999995,0.04109657499999962,False,False,False,0
base_1_near_09_v0.0_h0.4,base_1_near_09,4.95,0.0,0.4,0.015969110221760577,False,True,False,False,0.00012099999935344385,0.00010299999964047402,0.00010399999972321439,21.096315999997728,0.041096522999997095,0.04109654099999681,False,False,False,0
base_1_near_09_v0.5_h0.2,base_1_near_09,4.95,0.5,0.2,0.015969110221760577,False,True,False,True,7.50000008764573e-05,0.00012499999968440534,9.899999930951253e-05,21.096315999997728,0.041096539999996726,0.04109648999999792,False,False,False,0
base_1_near_09_v0.5_h0.3,base_1_near_09,4.95,0.5,0.3,0.015969110221760577,False,True,False,False,0.0001069999999714355,6.299999988357285e-05,8.299999976202344e-05,21.096315999997728,0.04109646199999738,0.041096505999997465,False,False,False,0
base_1_near_09_v0.5_h0.4,base_1_near_09,4.95,0.5,0.4,0.015969110221760577,False,True,False,True,6.700000021453434e-05,9.600000083764826e-05,8.09999995965427e-05,21.096315999997728,0.041096492999998166,0.04109646399999754,False,False,False,0
base_1_near_09_v1.0_h0.2,base_1_near_09,4.95,1.0,0.2,0.015969110221760577,False,True,False,False,9.8000001003129e-05,6.399999996631323e-05,8.09999995965427e-05,21.096315999997728,0.041096460999997295,0.04109649499999833,False,False,False,0
base_1_near_09_v1.0_h0.3,base_1_near_09,4.95,1.0,0.3,0.015969110221760577,False,True,False,True,6.399999996631323e-05,0.00010800000005417587,7.799999934832158e-05,21.096315999997728,0.041096501999997134,0.041096457999997046,False,False,False,0
base_1_near_09_v1.0_h0.4,base_1_near_09,4.95,1.0,0.4,0.015969110221760577,False,True,False,False,8.700000009298492e-05,7.799999934832158e-05,7.899999943106195e-05,21.096315999997728,0.04109647299999651,0.041096481999997256,False,False,False,0
dense_0_far_00_v0.0_h0.2,dense_0_far_00,5.0,0.0,0.2,0.015969110057049807,True,True,True,True,145.42744200000078,155.00675999999913,12.810047000000324,56.18788799999663,0.2440046949999961,0.23442537699999774,False,False,False,39371
dense_0_far_00_v0.0_h0.3,dense_0_far_00,5.0,0.0,0.3,0.015969110057049807,True,True,False,False,169.2673840000012,117.24009899999999,0.0005159999982851105,56.18788799999663,0.19342850299999492,0.24545578799999612,False,False,False,0
dense_0_far_00_v0.0_h0.4,dense_0_far_00,5.0,0.0,0.4,0.015969110057049807,True,True,False,True,158.89424299999888,143.83157800000035,0.0007390000007490016,56.18788799999663,0.22002020499999772,0.23508286999999625,False,False,False,0
dense_0_far_00_v0.5_h0.2,dense_0_far_00,5.0,0.5,0.2,0.015969110057049807,True,True,True,False,164.18709900000118,114.60658600000073,17.690793999999954,56.18788799999663,0.2084852679999973,0.2580657809999978,False,False,False,40238
dense_0_far_00_v0.5_h0.3,dense_0_far_00,5.0,0.5,0.3,0.015969110057049807,True,True,False,True,117.68082100000044,128.69482700000034,0.0007189999990941942,56.18788799999663,0.20488343399999606,0.19386942799999615,False,False,False,0
dense_0_far_00_v0.5_h0.4,dense_0_far_00,5.0,0.5,0.4,0.015969110057049807,True,True,False,False,184.88185800000068,88.53770600000033,0.0011369999999288893,56.18788799999663,0.1647267309999969,0.26107088299999726,False,False,False,0
dense_0_far_00_v1.0_h0.2,dense_0_far_00,5.0,1.0,0.2,0.015969110057049807,True,True,True,True,120.39555299999982,141.5667169999999,33.57956400000006,56.18788799999663,0.2513341689999966,0.23016300499999653,False,False,False,41041
dense_0_far_00_v1.0_h0.3,dense_0_far_00,5.0,1.0,0.3,0.015969110057049807,True,True,False,False,183.38664500000056,123.89317800000121,0.0008979999996938659,56.18788799999663,0.20008196399999756,0.25957543099999686,False,False,False,0
dense_0_far_00_v1.0_h0.4,dense_0_far_00,5.0,1.0,0.4,0.015969110057049807,True,True,False,True,141.6629510000007,125.55033299999963,0.0011030000006684304,56.18788799999663,0.20173932399999694,0.21785194199999802,False,False,False,0
dense_0_far_01_v0.0_h0.2,dense_0_far_01,5.050000000000001,0.0,0.2,0.015969110057049807,True,True,False,False,120.41082400000036,89.98523800000058,0.0005839999985823852,60.62754199999887,0.17061336399999802,0.2010389499999978,False,False,False,0
dense_0_far_01_v0.0_h0.3,dense_0_far_01,5.050000000000001,0.0,0.3,0.015969110057049807,True,True,False,True,159.4149800000011,111.99210200000032,0.0007829999990605074,60.62754199999887,0.19262042699999823,0.24004330499999899,False,False,False,0
dense_0_far_01_v0.0_h0.4,dense_0_far_01,5.050000000000001,0.0,0.4,0.015969110057049807,True,True,False,False,150.50847400000043,143.269351999999,0.0004970000002657571,60.62754199999887,0.22389739099999814,0.23113651299999957,False,False,False,0
dense_0_far_01_v0.5_h0.2,dense_0_far_01,5.050000000000001,0.5,0.2,0.015969110057049807,True,True,False,True,147.15535000000023,118.0632199999998,0.0008470000008031775,60.62754199999887,0.19869160899999944,0.2277837389999999,False,False,False,0
dense_0_far_01_v0.5_h0.3,dense_0_far_01,5.050000000000001,0.5,0.3,0.015969110057049807,True,True,False,False,106.43210499999967,79.52369000000026,0.0008070000028226332,60.62754199999887,0.16015203900000197,0.18706045400000135,False,False,False,0
dense_0_far_01_v0.5_h0.4,dense_0_far_01,5.050000000000001,0.5,0.4,0.015969110057049807,True,True,False,True,162.4994159999993,96.21203200000039,0.0012169999976663348,60.62754199999887,0.17684079099999692,0.2431281749999958,False,False,False,0
dense_0_far_01_v1.0_h0.2,dense_0_far_01,5.050000000000001,1.0,0.2,0.015969110057049807,True,True,False,False,133.6203840000003,69.6289830000012,0.0007080000017367638,60.62754199999887,0.1502572330000018,0.2142486340000009,False,False,False,0
dense_0_far_01_v1.0_h0.3,dense_0_far_01,5.050000000000001,1.0,0.3,0.015969110057049807,True,True,False,True,159.7655539999998,78.8104340000011,0.0006819999995855142,60.62754199999887,0.15943865799999954,0.24039377799999825,False,False,False,0
dense_0_far_01_v1.0_h0.4,dense_0_far_01,5.050000000000001,1.0,0.4,0.015969110057049807,True,True,False,False,166.492084999998,139.5474270000001,0.0007900000014160469,60.62754199999887,0.2201757590000004,0.2471204169999983,False,False,False,0
dense_0_far_02_v0.0_h0.2,dense_0_far_02,5.1,0.0,0.2,0.015969110057049807,True,True,True,True,149.3593560000015,82.77702400000209,17.69531500000099,53.36547699999983,0.1738378160000029,0.2404201480000023,False,False,False,39371
dense_0_far_02_v0.0_h0.3,dense_0_far_02,5.1,0.0,0.3,0.015969110057049807,True,True,False,False,129.90471599999864,140.70740000000015,0.0007020000012403216,53.36547699999983,0.2140735790000012,0.2032708949999997,False,False,False,0
dense_0_far_02_v0.0_h0.4,dense_0_far_02,5.1,0.0,0.4,0.015969110057049807,True,True,False,True,157.2078449999985,118.99087300000133,0.0009419999997817285,53.36547699999983,0.19235729200000093,0.2305742639999981,False,False,False,0
dense_0_far_02_v0.5_h0.2,dense_0_far_02,5.1,0.5,0.2,0.015969110057049807,True,True,True,False,99.56253900000078,72.22066799999993,22.034883999999977,53.36547699999983,0.16762102899999973,0.19496290000000058,False,False,False,40238
dense_0_far_02_v0.5_h0.3,dense_0_far_02,5.1,0.5,0.3,0.015969110057049807,True,True,False,True,91.49601100000027,116.33531100000027,0.0005719999975895007,53.36547699999983,0.18970135999999768,0.16486205999999767,False,False,False,0
dense_0_far_02_v0.5_h0.4,dense_0_far_02,5.1,0.5,0.4,0.015969110057049807,True,True,False,False,150.41650700000275,113.38808400000033,0.000543999998825484,53.36547699999983,0.18675410499999898,0.2237825280000014,False,False,False,0
dense_0_far_02_v1.0_h0.2,dense_0_far_02,5.1,1.0,0.2,0.015969110057049807,True,True,True,True,126.36973200000057,115.56355400000129,14.099092000002145,53.36547699999983,0.20302812300000325,0.21383430100000253,False,False,False,41041
dense_0_far_02_v1.0_h0.3,dense_0_far_02,5.1,1.0,0.3,0.015969110057049807,True,True,False,False,133.02809400000015,121.69838500000196,0.000783999997366891,53.36547699999983,0.19506464599999915,0.20639435499999734,False,False,False,0
dense_0_far_02_v1.0_h0.4,dense_0_far_02,5.1,1.0,0.4,0.015969110057049807,True,True,False,True,149.47243599999993,130.87548300000051,0.0007900000014160469,53.36547699999983,0.20424175000000175,0.22283870300000116,False,False,False,0
dense_0_far_03_v0.0_h0.2,dense_0_far_03,5.15,0.0,0.2,0.015969110057049807,True,True,True,False,95.7398970000014,71.98477800000092,23.151988000002177,56.279058999997744,0.17141582500000083,0.19517094400000132,False,False,False,39371
dense_0_far_03_v0.0_h0.3,dense_0_far_03,5.15,0.0,0.3,0.015969110057049807,True,True,False,True,139.11361999999983,105.75818199999887,0.00059699999965801,56.279058999997744,0.18203783799999626,0.21539327599999722,False,False,False,0
dense_0_far_03_v0.0_h0.4,dense_0_far_03,5.15,0.0,0.4,0.015969110057049807,True,True,False,False,136.8534220000015,124.69417100000157,0.0005509999994046666,56.279058999997744,0.2009737809999987,0.21313303199999864,False,False,False,0
dense_0_far_03_v0.5_h0.2,dense_0_far_03,5.15,0.5,0.2,0.015969110057049807,True,True,True,True,137.00692099999756,112.9338730000029,14.227281000000147,56.279058999997744,0.20344021300000079,0.22751326099999544,False,False,False,40238
dense_0_far_03_v0.5_h0.3,dense_0_far_03,5.15,0.5,0.3,0.015969110057049807,True,True,False,False,140.1569070000015,118.85419600000091,0.000810999999600881,56.279058999997744,0.19513406599999825,0.21643677699999883,False,False,False,0
dense_0_far_03_v0.5_h0.4,dense_0_far_03,5.15,0.5,0.4,0.015969110057049807,True,True,False,True,137.27200099999948,125.89258400000247,0.00046199999914620093,56.279058999997744,0.20217210499999935,0.21355152199999636,False,False,False,0
dense_0_far_03_v1.0_h0.2,dense_0_far_03,5.15,1.0,0.2,0.015969110057049807,True,True,True,False,96.95983399999974,83.57024799999735,31.47912999999747,56.279058999997744,0.19132843699999255,0.20471802299999495,False,False,False,41041
dense_0_far_03_v1.0_h0.3,dense_0_far_03,5.15,1.0,0.3,0.015969110057049807,True,True,False,True,143.47125700000163,128.06349999999966,0.0007360000005007805,56.279058999997744,0.2043432949999979,0.21975105199999986,False,False,False,0
dense_0_far_03_v1.0_h0.4,dense_0_far_03,5.15,1.0,0.4,0.015969110057049807,True,True,False,False,140.23147300000005,127.89807800000119,0.0005309999977498592,56.279058999997744,0.20417766799999668,0.21651106299999553,False,False,False,0
dense_0_far_04_v0.0_h0.2,dense_0_far_04,5.2,0.0,0.2,0.015969110057049807,True,True,True,True,138.5958599999988,98.8530869999984,13.071627999998725,73.62567999999925,0.20555039499999636,0.24529316799999676,False,False,False,39371
dense_0_far_04_v0.0_h0.3,dense_0_far_04,5.2,0.0,0.3,0.015969110057049807,True,True,False,False,97.53574100000151,92.04275299999765,0.0007840000009196046,73.62567999999925,0.1856692169999978,0.19116220500000167,False,False,False,0
dense_0_far_04_v0.0_h0.4,dense_0_far_04,5.2,0.0,0.4,0.015969110057049807,True,True,False,True,165.72405499999832,90.33581999999996,0.0009640000016020167,73.62567999999925,0.1839624640000008,0.2593506989999992,False,False,False,0
dense_0_far_04_v0.5_h0.2,dense_0_far_04,5.2,0.5,0.2,0.015969110057049807,True,True,True,False,104.53650099999834,119.5959749999993,16.801882999999407,73.62567999999925,0.23002353799999795,0.21496406399999698,False,False,False,40238
dense_0_far_04_v0.5_h0.3,dense_0_far_04,5.2,0.5,0.3,0.015969110057049807,True,True,False,True,139.53196099999943,126.37273400000026,0.0007980000020779698,73.62567999999925,0.21999921200000158,0.23315843900000074,False,False,False,0
dense_0_far_04_v0.5_h0.4,dense_0_far_04,5.2,0.5,0.4,0.015969110057049807,True,True,False,False,144.5580849999999,123.25088700000109,0.000667999998427149,73.62567999999925,0.21687723499999875,0.23818443299999756,False,False,False,0
dense_0_far_04_v1.0_h0.2,dense_0_far_04,5.2,1.0,0.2,0.015969110057049807,True,True,True,True,144.60759299999992,93.87900800000182,13.744374999998143,73.62567999999925,0.2012490629999992,0.25197764799999733,False,False,False,41041
dense_0_far_04_v1.0_h0.3,dense_0_far_04,5.2,1.0,0.3,0.015969110057049807,True,True,False,False,128.63312899999713,109.92574500000174,0.0007820000007541239,73.62567999999925,0.20355220700000173,0.22225959099999712,False,False,False,0
dense_0_far_04_v1.0_h0.4,dense_0_far_04,5.2,1.0,0.4,0.015969110057049807,True,True,False,True,147.47208,125.65481900000108,0.000588999998996087,73.62567999999925,0.21928108799999932,0.24109834899999824,False,False,False,0
dense_0_far_05_v0.0_h0.2,dense_0_far_05,5.25,0.0,0.2,0.015969110057049807,True,True,True,False,106.454240999998,119.89476199999771,15.931797000000358,44.11757599999788,0.19994413499999594,0.18650361399999624,False,False,False,39371
dense_0_far_05_v0.0_h0.3,dense_0_far_05,5.25,0.0,0.3,0.015969110057049807,True,True,False,True,149.08355700000087,98.25606500000106,0.0006629999980134471,44.11757599999788,0.16237430399999694,0.21320179599999675,False,False,False,0
dense_0_far_05_v0.0_h0.4,dense_0_far_05,5.25,0.0,0.4,0.015969110057049807,True,True,False,False,127.83366300000054,127.4248259999986,0.0005650000005630318,44.11757599999788,0.19154296699999704,0.19195180399999898,False,False,False,0
dense_0_far_05_v0.5_h0.2,dense_0_far_05,5.25,0.5,0.2,0.015969110057049807,True,True,True,True,139.77662499999965,105.000553,12.944329999999837,44.11757599999788,0.1820624589999977,0.21683853099999736,False,False,False,40238
dense_0_far_05_v0.5_h0.3,dense_0_far_05,5.25,0.5,0.3,0.015969110057049807,True,True,False,False,116.52661099999762,114.07703999999796,0.0007410000009144824,44.11757599999788,0.17819535699999675,0.1806449279999964,False,False,False,0
dense_0_far_05_v0.5_h0.4,dense_0_far_05,5.25,0.5,0.4,0.015969110057049807,True,True,False,True,131.11758499999837,140.33295900000198,0.001362999999088288,44.11757599999788,0.20445189799999894,0.19523652399999533,False,False,False,0
dense_0_far_05_v1.0_h0.2,dense_0_far_05,5.25,1.0,0.2,0.015969110057049807,True,True,True,False,91.12300199999979,71.23138100000048,22.58227999999818,44.11757599999788,0.15793123699999653,0.17782285799999584,False,False,False,41041
dense_0_far_05_v1.0_h0.3,dense_0_far_05,5.25,1.0,0.3,0.015969110057049807,True,True,False,True,148.09742200000287,120.67692399999785,0.0005040000026212965,44.11757599999788,0.18479500399999835,0.21221550200000336,False,False,False,0
dense_0_far_05_v1.0_h0.4,dense_0_far_05,5.25,1.0,0.4,0.015969110057049807,True,True,False,False,159.02547099999964,134.6012959999996,0.0008799999982045392,44.11757599999788,0.19871975199999567,0.22314392699999572,False,False,False,0
dense_0_far_06_v0.0_h0.2,dense_0_far_06,5.300000000000001,0.0,0.2,0.015969110057049807,True,True,False,True,140.3976060000005,116.68993900000046,0.0005270000009716114,53.592442000002904,0.19028290800000433,0.21399057500000437,False,False,False,0
dense_0_far_06_v0.0_h0.3,dense_0_far_06,5.300000000000001,0.0,0.3,0.015969110057049807,True,True,False,False,130.03090299999798,79.49302900000177,0.0006200000015610385,53.592442000002904,0.15308609100000622,0.20362396500000243,False,False,False,0
dense_0_far_06_v0.0_h0.4,dense_0_far_06,5.300000000000001,0.0,0.4,0.015969110057049807,True,True,False,True,144.8497720000006,132.40062599999902,0.00094600000011269,53.592442000002904,0.20599401400000203,0.2184431600000036,False,False,False,0
dense_0_far_06_v0.5_h0.2,dense_0_far_06,5.300000000000001,0.5,0.2,0.015969110057049807,True,True,False,False,96.45423000000264,90.96101200000106,0.001177999997992174,53.592442000002904,0.16455463200000195,0.17004785000000353,False,False,False,0
dense_0_far_06_v0.5_h0.3,dense_0_far_06,5.300000000000001,0.5,0.3,0.015969110057049807,True,True,False,True,144.2039500000014,103.68464300000113,0.0005959999995752696,53.592442000002904,0.1772776810000036,0.21779698800000388,False,False,False,0
dense_0_far_06_v0.5_h0.4,dense_0_far_06,5.300000000000001,0.5,0.4,0.015969110057049807,True,True,False,False,136.57152800000105,116.76038499999919,0.0005789999981686833,53.592442000002904,0.19035340600000025,0.21016454900000212,False,False,False,0
dense_0_far_06_v1.0_h0.2,dense_0_far_06,5.300000000000001,1.0,0.2,0.015969110057049807,True,True,False,True,141.11394600000082,107.78956999999778,0.0006650000017316415,53.592442000002904,0.1813826770000024,0.21470705300000545,False,False,False,0
dense_0_far_06_v1.0_h0.3,dense_0_far_06,5.300000000000001,1.0,0.3,0.015969110057049807,True,True,False,False,136.60863199999795,120.11568100000147,0.0004950000018766332,53.592442000002904,0.19370861800000624,0.21020156900000272,False,False,False,0
dense_0_far_06_v1.0_h0.4,dense_0_far_06,5.300000000000001,1.0,0.4,0.015969110057049807,True,True,False,True,131.07548300000005,135.76475600000038,0.0011809999982403951,53.592442000002904,0.2093583790000015,0.20466910600000118,False,False,False,0
dense_0_far_07_v0.0_h0.2,dense_0_far_07,5.35,0.0,0.2,0.015969110057049807,True,True,True,False,143.162113999999,111.07137000000122,13.512298000001977,44.530240000000276,0.18911390800000347,0.22120465200000125,False,False,False,39371
dense_0_far_07_v0.0_h0.3,dense_0_far_07,5.35,0.0,0.3,0.015969110057049807,True,True,False,True,93.41547100000014,116.68153600000153,0.0008890000025019162,44.530240000000276,0.1812126650000043,0.1579466000000029,False,False,False,0
dense_0_far_07_v0.0_h0.4,dense_0_far_07,5.35,0.0,0.4,0.015969110057049807,True,True,False,False,161.8749870000009,130.66065599999988,0.0008519999994405225,44.530240000000276,0.19519174799999958,0.22640607900000062,False,False,False,0
dense_0_far_07_v0.5_h0.2,dense_0_far_07,5.35,0.5,0.2,0.015969110057049807,True,True,True,True,125.33219699999876,99.69841600000251,19.52322700000053,44.530240000000276,0.1837518830000033,0.20938566399999956,False,False,False,40238
dense_0_far_07_v0.5_h0.3,dense_0_far_07,5.35,0.5,0.3,0.015969110057049807,True,True,False,False,139.180795999998,91.03884399999984,0.0009569999974701204,44.530240000000276,0.15557004099999758,0.20371199299999573,False,False,False,0
dense_0_far_07_v0.5_h0.4,dense_0_far_07,5.35,0.5,0.4,0.015969110057049807,True,True,False,True,152.7032350000006,141.22455999999772,0.0008049999991044388,44.530240000000276,0.2057556049999971,0.21723427999999997,False,False,False,0
dense_0_far_07_v1.0_h0.2,dense_0_far_07,5.35,1.0,0.2,0.015969110057049807,True,True,True,False,145.50490899999957,107.21800899999678,15.662888999997904,44.530240000000276,0.18741113799999495,0.22569803799999774,False,False,False,41041
dense_0_far_07_v1.0_h0.3,dense_0_far_07,5.35,1.0,0.3,0.015969110057049807,True,True,False,True,156.6609089999993,101.05514199999988,0.0007880000012505661,44.530240000000276,0.1655861700000014,0.2211919370000008,False,False,False,0
dense_0_far_07_v1.0_h0.4,dense_0_far_07,5.35,1.0,0.4,0.015969110057049807,True,True,False,False,143.24294900000112,112.06675699999735,0.0006900000002474371,44.530240000000276,0.17659768699999787,0.20777387900000163,False,False,False,0
dense_0_far_08_v0.0_h0.2,dense_0_far_08,5.4,0.0,0.2,0.015969110057049807,True,True,True,True,138.17837699999913,61.967122000002206,18.38414300000224,48.899433999999076,0.1492506990000035,0.22546195400000044,False,False,False,39371
dense_0_far_08_v0.0_h0.3,dense_0_far_08,5.4,0.0,0.3,0.015969110057049807,True,True,False,False,130.3229779999988,109.37585300000308,0.0008299999976202344,48.899433999999076,0.17827611699999976,0.1992232419999955,False,False,False,0
dense_0_far_08_v0.0_h0.4,dense_0_far_08,5.4,0.0,0.4,0.015969110057049807,True,True,False,True,145.08658199999758,124.66944099999822,0.0004960000019593735,48.899433999999076,0.19356937099999924,0.2139865119999986,False,False,False,0
dense_0_far_08_v0.5_h0.2,dense_0_far_08,5.4,0.5,0.2,0.015969110057049807,True,True,True,False,115.92430800000031,117.94000299999752,25.20864899999964,48.899433999999076,0.21204808599999622,0.210032390999999,False,False,False,40238
dense_0_far_08_v0.5_h0.3,dense_0_far_08,5.4,0.5,0.3,0.015969110057049807,True,True,False,True,103.93197900000217,94.25297100000307,0.0010260000067319197,48.899433999999076,0.16315343100000887,0.17283243900000797,False,False,False,0
dense_0_far_08_v0.5_h0.4,dense_0_far_08,5.4,0.5,0.4,0.015969110057049807,True,True,False,False,169.64189799999474,132.72256399999804,0.000696999997273906,48.899433999999076,0.20162269499999438,0.23854202899999108,False,False,False,0
dense_0_far_08_v1.0_h0.2,dense_0_far_08,5.4,1.0,0.2,0.015969110057049807,True,True,True,True,149.2661639999966,85.16869599999666,13.24329500000232,48.899433999999076,0.16731142499999804,0.23140889299999798,False,False,False,41041
dense_0_far_08_v1.0_h0.3,dense_0_far_08,5.4,1.0,0.3,0.015969110057049807,True,True,False,False,136.47767199999805,121.83259700000093,0.000624000001892,48.899433999999076,0.1907326550000019,0.205377729999999,False,False,False,0
dense_0_far_08_v1.0_h0.4,dense_0_far_08,5.4,1.0,0.4,0.015969110057049807,True,True,False,True,122.64645100000138,136.93070100000426,0.0010629999991351724,48.899433999999076,0.20583119800000246,0.19154694799999958,False,False,False,0
dense_0_far_09_v0.0_h0.2,dense_0_far_09,5.45,0.0,0.2,0.015969110057049807,True,True,True,False,132.21001400000176,124.68276299999559,13.893881999997859,57.61450700000381,0.21619115199999725,0.22371840300000342,False,False,False,39371
dense_0_far_09_v0.0_h0.3,dense_0_far_09,5.45,0.0,0.3,0.015969110057049807,True,True,False,True,140.61021700000254,119.84722399999725,0.0005420000022127169,57.61450700000381,0.19746227300000327,0.21822526600000855,False,False,False,0
dense_0_far_09_v0.0_h0.4,dense_0_far_09,5.45,0.0,0.4,0.015969110057049807,True,True,False,False,131.8781809999976,105.10685999999936,0.000534000001550794,57.61450700000381,0.1827219010000047,0.20949322200000295,False,False,False,0
dense_0_far_09_v0.5_h0.2,dense_0_far_09,5.45,0.5,0.2,0.015969110057049807,True,True,True,True,95.38105800000096,112.48073499999833,22.780326999999545,57.61450700000381,0.21287556900000168,0.1957758920000043,False,False,False,40238
dense_0_far_09_v0.5_h0.3,dense_0_far_09,5.45,0.5,0.3,0.015969110057049807,True,True,False,False,143.4208909999981,112.11825600000225,0.0006650000017316415,57.61450700000381,0.18973342800000778,0.22103606300000364,False,False,False,0
dense_0_far_09_v0.5_h0.4,dense_0_far_09,5.45,0.5,0.4,0.015969110057049807,True,True,False,True,135.01702800000004,128.41676699999738,0.0008059999956344654,57.61450700000381,0.20603207999999681,0.21263234099999948,False,False,False,0
dense_0_far_09_v1.0_h0.2,dense_0_far_09,5.45,1.0,0.2,0.015969110057049807,True,True,True,False,138.62701600000094,122.21031900000412,13.416481000000147,57.61450700000381,0.21324130700000807,0.22965800400000488,False,False,False,41041
dense_0_far_09_v1.0_h0.3,dense_0_far_09,5.45,1.0,0.3,0.015969110057049807,True,True,False,True,144.79940100000022,111.13173199999693,0.0007370000005835209,57.61450700000381,0.18874697600000132,0.2224146450000046,False,False,False,0
dense_0_far_09_v1.0_h0.4,dense_0_far_09,5.45,1.0,0.4,0.015969110057049807,True,True,False,False,146.21491999999847,126.91588900000284,0.0006419999962758993,57.61450700000381,0.2045310380000029,0.22383006899999855,False,False,False,0
dense_0_free_01_v0.0_h0.2,dense_0_free_01,5.550000000000001,0.0,0.2,0.015969110057049807,True,True,False,True,132.47778800000276,102.84614899999411,0.0006529999936333297,56.30076599999967,0.1791475679999874,0.20877920699999605,False,False,False,0
dense_0_free_01_v0.0_h0.3,dense_0_free_01,5.550000000000001,0.0,0.3,0.015969110057049807,True,True,False,False,138.2277270000003,71.0023640000017,0.0008800000017572529,56.30076599999967,0.14730401000000312,0.21452937300000172,False,False,False,0
dense_0_free_01_v0.0_h0.4,dense_0_free_01,5.550000000000001,0.0,0.4,0.015969110057049807,True,True,False,True,154.52633900000023,82.07789200000093,0.0008210000004282847,56.30076599999967,0.15837947900000102,0.23082792600000032,False,False,False,0
dense_0_free_01_v0.5_h0.2,dense_0_free_01,5.550000000000001,0.5,0.2,0.015969110057049807,True,True,False,False,131.15472900000213,116.25543899999968,0.0006889999966119831,56.30076599999967,0.19255689399999595,0.2074561839999984,False,False,False,0
dense_0_free_01_v0.5_h0.3,dense_0_free_01,5.550000000000001,0.5,0.3,0.015969110057049807,True,True,False,True,109.6332539999949,118.01814199999683,0.0010950000017828643,56.30076599999967,0.19432000299999827,0.18593511499999635,False,False,False,0
dense_0_free_01_v0.5_h0.4,dense_0_free_01,5.550000000000001,0.5,0.4,0.015969110057049807,True,True,False,False,139.18334099999896,119.27652899999686,0.0007180000025641675,56.30076599999967,0.19557801299999908,0.21548482500000118,False,False,False,0
dense_0_free_01_v1.0_h0.2,dense_0_free_01,5.550000000000001,1.0,0.2,0.015969110057049807,True,True,False,True,141.22618599999726,90.49443500000365,0.0005730000012249548,56.30076599999967,0.16679577400000453,0.21752752499999814,False,False,False,0
dense_0_free_01_v1.0_h0.3,dense_0_free_01,5.550000000000001,1.0,0.3,0.015969110057049807,True,True,False,False,106.45613299999468,130.35957499999995,0.0008869999987837218,56.30076599999967,0.2066612279999984,0.18275778599999312,False,False,False,0
dense_0_free_01_v1.0_h0.4,dense_0_free_01,5.550000000000001,1.0,0.4,0.015969110057049807,True,True,False,True,135.6078459999992,120.18791999999934,0.000598999996270777,56.30076599999967,0.19648928499999527,0.21190921099999513,False,False,False,0
dense_0_free_02_v0.0_h0.2,dense_0_free_02,5.6,0.0,0.2,0.015969110057049807,True,True,True,False,91.26151699999951,71.5880969999958,23.538799999997195,54.92483400000481,0.1700517309999978,0.1897251510000015,False,False,False,39372
dense_0_free_02_v0.0_h0.3,dense_0_free_02,5.6,0.0,0.3,0.015969110057049807,True,True,True,True,142.15793800000398,79.62720300000115,17.395893999996304,54.92483400000481,0.17194793100000225,0.23447866600000508,False,False,False,53046
dense_0_free_02_v0.0_h0.4,dense_0_free_02,5.6,0.0,0.4,0.015969110057049807,True,True,True,False,144.17160099999649,109.59608900000006,26.246646999993573,54.92483400000481,0.21076756999999843,0.24534308199999486,False,False,False,70693
dense_0_free_02_v0.5_h0.2,dense_0_free_02,5.6,0.5,0.2,0.015969110057049807,True,True,True,True,113.42174100000335,109.4755410000019,24.441516000003105,54.92483400000481,0.2088418910000098,0.21278809100001125,False,False,False,40235
dense_0_free_02_v0.5_h0.3,dense_0_free_02,5.6,0.5,0.3,0.015969110057049807,True,True,True,False,136.94907699999703,114.03624100000087,17.91154000000006,54.92483400000481,0.20687261500000573,0.2297854510000019,False,False,False,54341
dense_0_free_02_v0.5_h0.4,dense_0_free_02,5.6,0.5,0.4,0.015969110057049807,True,True,True,True,141.65193200000203,118.7444310000032,25.433539000005112,54.92483400000481,0.2191028040000131,0.24201030500001194,False,False,False,72442
dense_0_free_02_v1.0_h0.2,dense_0_free_02,5.6,1.0,0.2,0.015969110057049807,True,True,True,False,103.1186780000013,107.93906700000377,18.775857000001395,54.92483400000481,0.20163975800000997,0.1968193690000075,False,False,False,41038
dense_0_free_02_v1.0_h0.3,dense_0_free_02,5.6,1.0,0.3,0.015969110057049807,True,True,True,True,152.48533000000464,102.65583700000036,19.531772999997088,54.92483400000481,0.19711244400000225,0.24694193700000652,False,False,False,56354
dense_0_free_02_v1.0_h0.4,dense_0_free_02,5.6,1.0,0.4,0.015969110057049807,True,True,True,False,149.30743400000068,134.9926830000001,25.76429199999808,54.92483400000481,0.235681809000003,0.24999656000000356,False,False,False,74790
dense_0_free_03_v0.0_h0.2,dense_0_free_03,5.65,0.0,0.2,0.015969110057049807,True,True,True,True,141.0133019999975,112.07411000000178,12.779797000000315,43.389707999999416,0.1882436150000015,0.21718280699999723,False,False,False,39372
dense_0_free_03_v0.0_h0.3,dense_0_free_03,5.65,0.0,0.3,0.015969110057049807,True,True,True,False,140.42865100000057,109.85105000000317,17.96365299999536,43.389707999999416,0.19120441099999794,0.22178201199999534,False,False,False,53046
dense_0_free_03_v0.0_h0.4,dense_0_free_03,5.65,0.0,0.4,0.015969110057049807,True,True,True,True,136.67097299999398,130.3297819999969,24.54036999999687,43.389707999999416,0.21825985999999317,0.22460105099999025,False,False,False,70693
dense_0_free_03_v0.5_h0.2,dense_0_free_03,5.65,0.5,0.2,0.015969110057049807,True,True,True,False,104.9662400000031,84.25462200000311,30.122270999996203,43.389707999999416,0.17776660099999872,0.1984782189999987,False,False,False,40235
dense_0_free_03_v0.5_h0.3,dense_0_free_03,5.65,0.5,0.3,0.015969110057049807,True,True,True,True,147.38070899999656,105.31752900000413,17.602196000005677,43.389707999999416,0.1863094330000092,0.22837261300000164,False,False,False,54341
dense_0_free_03_v0.5_h0.4,dense_0_free_03,5.65,0.5,0.4,0.015969110057049807,True,True,True,False,154.75919700000418,141.17506399999513,27.3471009999966,43.389707999999416,0.23191187299999114,0.24549600600000018,False,False,False,72442
dense_0_free_03_v1.0_h0.2,dense_0_free_03,5.65,1.0,0.2,0.015969110057049807,True,True,True,True,139.30397000000028,95.81578399999557,13.544888000005528,43.389707999999416,0.1727503800000005,0.2162385660000052,False,False,False,41038
dense_0_free_03_v1.0_h0.3,dense_0_free_03,5.65,1.0,0.3,0.015969110057049807,True,True,True,False,145.58483700000124,108.33702200000062,18.983179000002792,43.389707999999416,0.19070990900000281,0.22795772400000344,False,False,False,56354
dense_0_free_03_v1.0_h0.4,dense_0_free_03,5.65,1.0,0.4,0.015969110057049807,True,True,True,True,150.00392299999987,115.8495110000004,27.03989900000181,43.389707999999416,0.20627911800000162,0.2404335300000011,False,False,False,74790
dense_0_free_04_v0.0_h0.2,dense_0_free_04,5.7,0.0,0.2,0.015969110057049807,True,True,True,False,122.42920099999566,116.74006799999859,13.633742000003224,70.38995700000328,0.22076376700000508,0.22645290000000215,False,False,False,39372
dense_0_free_04_v0.0_h0.3,dense_0_free_04,5.7,0.0,0.3,0.015969110057049807,True,True,True,True,111.78707799999898,119.96599899999438,24.05979899999977,70.38995700000328,0.23441575499999742,0.22623683400000202,False,False,False,53046
dense_0_free_04_v0.0_h0.4,dense_0_free_04,5.7,0.0,0.4,0.015969110057049807,True,True,True,False,120.67624600000215,130.19720500000176,25.84292299999902,70.38995700000328,0.24643008500000405,0.23690912600000444,False,False,False,70693
dense_0_free_04_v0.5_h0.2,dense_0_free_04,5.7,0.5,0.2,0.015969110057049807,True,True,True,True,140.6764299999992,84.45636399999756,16.516312000000255,70.38995700000328,0.1913626330000011,0.2475826990000027,False,False,False,40235
dense_0_free_04_v0.5_h0.3,dense_0_free_04,5.7,0.5,0.3,0.015969110057049807,True,True,True,False,147.49537199999452,125.62846799999505,18.09072900000075,70.38995700000328,0.23410915399999907,0.25597605799999856,False,False,False,54341
dense_0_free_04_v0.5_h0.4,dense_0_free_04,5.7,0.5,0.4,0.015969110057049807,True,True,True,True,140.38382500000068,129.0083029999991,25.633233999997174,70.38995700000328,0.24503149399999954,0.25640701600000115,False,False,False,72442
dense_0_free_04_v1.0_h0.2,dense_0_free_04,5.7,1.0,0.2,0.015969110057049807,True,True,True,False,125.89984800000309,106.9945919999995,13.483441999994739,70.38995700000328,0.2108679909999975,0.2297732470000011,False,False,False,41038
dense_0_free_04_v1.0_h0.3,dense_0_free_04,5.7,1.0,0.3,0.015969110057049807,True,True,True,True,141.36832700000213,122.7064540000029,18.214395000001105,70.38995700000328,0.23131080600000728,0.2499726790000065,False,False,False,56354
dense_0_free_04_v1.0_h0.4,dense_0_free_04,5.7,1.0,0.4,0.015969110057049807,True,True,True,False,154.30575999999974,135.7332640000024,26.930282999998667,70.38995700000328,0.25305350400000437,0.2716260000000017,False,False,False,74790
dense_0_free_05_v0.0_h0.2,dense_0_free_05,5.75,0.0,0.2,0.015969110057049807,True,True,True,True,142.1097369999984,71.74943600000461,15.13494999999665,61.5428179999995,0.16842720400000075,0.23878750499999454,False,False,False,39372
dense_0_free_05_v0.0_h0.3,dense_0_free_05,5.75,0.0,0.3,0.015969110057049807,True,True,True,False,144.54589500000026,111.88496300000139,18.444219999999234,61.5428179999995,0.21187200100000012,0.24453293299999898,False,False,False,53046
dense_0_free_05_v0.0_h0.4,dense_0_free_05,5.75,0.0,0.4,0.015969110057049807,True,True,True,True,156.26409900000482,131.3848210000046,26.53534899999954,61.5428179999995,0.23946298800000362,0.2643422660000039,False,False,False,70693
dense_0_free_05_v0.5_h0.2,dense_0_free_05,5.75,0.5,0.2,0.015969110057049807,True,True,True,False,107.97122399999637,134.02088899999853,13.374024000000873,61.5428179999995,0.2289377309999989,0.20288806599999673,False,False,False,40235
dense_0_free_05_v0.5_h0.3,dense_0_free_05,5.75,0.5,0.3,0.015969110057049807,True,True,True,True,150.2304210000034,116.18209700000648,17.55400900000126,61.5428179999995,0.21527892400000723,0.24932724800000414,False,False,False,54341
dense_0_free_05_v0.5_h0.4,dense_0_free_05,5.75,0.5,0.4,0.015969110057049807,True,True,True,False,115.52315000000135,132.10742300000078,26.03006100000016,61.5428179999995,0.23968030200000043,0.223096029000001,False,False,False,72442
dense_0_free_05_v1.0_h0.2,dense_0_free_05,5.75,1.0,0.2,0.015969110057049807,True,True,True,True,94.18843299999935,110.33847800000274,22.75888899999501,61.5428179999995,0.21464018499999724,0.19849013999999385,False,False,False,41038
dense_0_free_05_v1.0_h0.3,dense_0_free_05,5.75,1.0,0.3,0.015969110057049807,True,True,True,False,145.49452699999676,111.99717599999559,19.53502900000359,61.5428179999995,0.21307502299999867,0.24657237399999984,False,False,False,56354
dense_0_free_05_v1.0_h0.4,dense_0_free_05,5.75,1.0,0.4,0.015969110057049807,True,True,True,True,133.83105399999806,125.73841999999757,26.56564899999836,61.5428179999995,0.23384688699999542,0.2419395209999959,False,False,False,74790
dense_0_free_06_v0.0_h0.2,dense_0_free_06,5.800000000000001,0.0,0.2,0.015969110057049807,True,True,False,False,98.38283199999864,97.63116700000296,0.000999000000945216,50.829843000002484,0.16846200900000638,0.16921367400000206,False,False,False,0
dense_0_free_06_v0.0_h0.3,dense_0_free_06,5.800000000000001,0.0,0.3,0.015969110057049807,True,True,False,True,133.30529200000285,123.99774899999727,0.0007310000000870787,50.829843000002484,0.19482832299999983,0.2041358660000054,False,False,False,0
dense_0_free_06_v0.0_h0.4,dense_0_free_06,5.800000000000001,0.0,0.4,0.015969110057049807,True,True,False,False,140.43534599999674,118.13138099999776,0.0007279999962861439,50.829843000002484,0.18896195199999652,0.2112659169999955,False,False,False,0
dense_0_free_06_v0.5_h0.2,dense_0_free_06,5.800000000000001,0.5,0.2,0.015969110057049807,True,True,False,True,142.92908099999835,100.86857999999665,0.0005990000033762044,50.829843000002484,0.1716990220000025,0.2137595230000042,False,False,False,0
dense_0_free_06_v0.5_h0.3,dense_0_free_06,5.800000000000001,0.5,0.3,0.015969110057049807,True,True,False,False,100.2610319999988,134.89082100000616,0.0008960000030810988,50.829843000002484,0.2057215600000117,0.17109177100000436,False,False,False,0
dense_0_free_06_v0.5_h0.4,dense_0_free_06,5.800000000000001,0.5,0.4,0.015969110057049807,True,True,False,True,138.45346999999464,124.19382699999915,0.0005310000048552865,50.829843000002484,0.19502420100000648,0.20928384400000197,False,False,False,0
dense_0_free_06_v1.0_h0.2,dense_0_free_06,5.800000000000001,1.0,0.2,0.015969110057049807,True,True,False,False,93.70308199999755,70.3564909999983,0.000962000001436536,50.829843000002484,0.1411872960000022,0.16453388700000146,False,False,False,0
dense_0_free_06_v1.0_h0.3,dense_0_free_06,5.800000000000001,1.0,0.3,0.015969110057049807,True,True,False,True,125.34210900000176,73.242000999997,0.0014969999995173566,50.829843000002484,0.144073340999999,0.19617344900000375,False,False,False,0
dense_0_free_06_v1.0_h0.4,dense_0_free_06,5.800000000000001,1.0,0.4,0.015969110057049807,True,True,False,False,152.70398700000243,107.99816299999776,0.000992000003918747,50.829843000002484,0.17882899800000415,0.22353482200000882,False,False,False,0
dense_0_free_07_v0.0_h0.2,dense_0_free_07,5.85,0.0,0.2,0.015969110057049807,True,True,True,True,109.04734700000063,115.99951800000241,23.88277200000033,66.15014399999808,0.2260324340000008,0.21908026299999903,False,False,False,39372
dense_0_free_07_v0.0_h0.3,dense_0_free_07,5.85,0.0,0.3,0.015969110057049807,True,True,True,False,110.3480279999971,115.26966499999958,18.058881000001747,66.15014399999808,0.2194786899999994,0.21455705299999692,False,False,False,53046
dense_0_free_07_v0.0_h0.4,dense_0_free_07,5.85,0.0,0.4,0.015969110057049807,True,True,True,True,133.4492079999947,124.7140879999975,29.700185000002932,66.15014399999808,0.2405644169999985,0.2492995369999957,False,False,False,70693
dense_0_free_07_v0.5_h0.2,dense_0_free_07,5.85,0.5,0.2,0.015969110057049807,True,True,True,False,113.18431100000481,112.55130699999683,14.055487000000255,66.15014399999808,0.21275693799999515,0.21338994200000314,False,False,False,40235
dense_0_free_07_v0.5_h0.3,dense_0_free_07,5.85,0.5,0.3,0.015969110057049807,True,True,True,True,138.8999299999938,100.68730999999786,17.680032999997763,66.15014399999808,0.2045174869999937,0.24273010699998962,False,False,False,54341
dense_0_free_07_v0.5_h0.4,dense_0_free_07,5.85,0.5,0.4,0.015969110057049807,True,True,True,False,143.23825799999668,135.19426899999587,25.958447000000717,66.15014399999808,0.24730285999999466,0.2553468489999955,False,False,False,72442
dense_0_free_07_v1.0_h0.2,dense_0_free_07,5.85,1.0,0.2,0.015969110057049807,True,True,True,True,126.69162399999578,105.10087699999815,14.415860999996255,66.15014399999808,0.20566688199999247,0.2272576289999901,False,False,False,41038
dense_0_free_07_v1.0_h0.3,dense_0_free_07,5.85,1.0,0.3,0.015969110057049807,True,True,True,False,136.70076100000017,118.97014899999903,18.991379999995672,66.15014399999808,0.22411167299999277,0.2418422849999939,False,False,False,56354
dense_0_free_07_v1.0_h0.4,dense_0_free_07,5.85,1.0,0.4,0.015969110057049807,True,True,True,True,156.21106300000065,126.96747100000039,26.47959899999819,66.15014399999808,0.23959721399999664,0.26884080599999693,False,False,False,74790
dense_0_free_08_v0.0_h0.2,dense_0_free_08,5.9,0.0,0.2,0.015969110057049807,True,True,True,False,124.04794300000077,116.94299999999913,13.444521000003817,45.1322879999978,0.19551980900000074,0.20262475200000238,False,False,False,39372
dense_0_free_08_v0.0_h0.3,dense_0_free_08,5.9,0.0,0.3,0.015969110057049807,True,True,True,True,148.7381439999993,83.57823899999772,17.550176000000306,45.1322879999978,0.16626070299999582,0.2314206079999974,False,False,False,53046
dense_0_free_08_v0.0_h0.4,dense_0_free_08,5.9,0.0,0.4,0.015969110057049807,True,True,True,False,118.2323760000017,127.68907399999563,24.63097900000122,45.1322879999978,0.21745234099999464,0.2079956430000007,False,False,False,70693
dense_0_free_08_v0.5_h0.2,dense_0_free_08,5.9,0.5,0.2,0.015969110057049807,True,True,True,True,132.40274999999713,66.71711199999919,22.955698000004077,45.1322879999978,0.15480509800000106,0.220490735999999,False,False,False,40235
dense_0_free_08_v0.5_h0.3,dense_0_free_08,5.9,0.5,0.3,0.015969110057049807,True,True,True,False,137.5090720000003,95.06777400000033,25.621569999998428,45.1322879999978,0.18582163199999654,0.2282629299999965,False,False,False,54341
dense_0_free_08_v0.5_h0.4,dense_0_free_08,5.9,0.5,0.4,0.015969110057049807,True,True,True,True,144.109377999996,98.17889199999996,25.86599500000375,45.1322879999978,0.1891771750000015,0.23510766099999755,False,False,False,72442
dense_0_free_08_v1.0_h0.2,dense_0_free_08,5.9,1.0,0.2,0.015969110057049807,True,True,True,False,125.82258599999818,126.13632500000449,13.572226999997383,45.1322879999978,0.20484083999999966,0.20452710099999336,False,False,False,41038
dense_0_free_08_v1.0_h0.3,dense_0_free_08,5.9,1.0,0.3,0.015969110057049807,True,True,True,True,138.19653499999873,117.34418300000016,20.258564000002366,45.1322879999978,0.2027350350000003,0.2235873869999989,False,False,False,56354
dense_0_free_08_v1.0_h0.4,dense_0_free_08,5.9,1.0,0.4,0.015969110057049807,True,True,True,False,147.81097600000237,117.90572099999963,26.00831499999856,45.1322879999978,0.20904632399999598,0.23895157899999872,False,False,False,74790
dense_0_free_09_v0.0_h0.2,dense_0_free_09,5.95,0.0,0.2,0.015969110057049807,True,True,True,True,143.72712400000154,98.46315800000127,12.906352999998205,48.537170000003016,0.17990668100000248,0.22517064700000275,False,False,False,39372
dense_0_free_09_v0.0_h0.3,dense_0_free_09,5.95,0.0,0.3,0.015969110057049807,True,True,True,False,124.57239400000475,105.82590799999991,19.280207999997856,48.537170000003016,0.19364328600000077,0.2123897720000056,False,False,False,53046
dense_0_free_09_v0.0_h0.4,dense_0_free_09,5.95,0.0,0.4,0.015969110057049807,True,True,True,True,154.74017600000423,126.4930729999989,24.852319000004286,48.537170000003016,0.2198825620000062,0.24812966500001152,False,False,False,70693
dense_0_free_09_v0.5_h0.2,dense_0_free_09,5.95,0.5,0.2,0.015969110057049807,True,True,True,False,128.254321,106.53129999999322,13.694915999998614,48.537170000003016,0.18876338599999484,0.21048640700000162,False,False,False,40235
dense_0_free_09_v0.5_h0.3,dense_0_free_09,5.95,0.5,0.3,0.015969110057049807,True,True,True,True,130.46245700000014,116.97589699999611,18.1356120000018,48.537170000003016,0.20364867900000092,0.21713523900000495,False,False,False,54341
dense_0_free_09_v0.5_h0.4,dense_0_free_09,5.95,0.5,0.4,0.015969110057049807,True,True,True,False,147.23657100000054,128.0613389999985,26.655675000000656,48.537170000003016,0.22325418400000216,0.2424294160000042,False,False,False,72442
dense_0_free_09_v1.0_h0.2,dense_0_free_09,5.95,1.0,0.2,0.015969110057049807,True,True,True,True,115.83276000000353,122.889899999997,21.33730500000297,48.537170000003016,0.21276437500000298,0.2057072350000095,False,False,False,41038
dense_0_free_09_v1.0_h0.3,dense_0_free_09,5.95,1.0,0.3,0.015969110057049807,True,True,True,False,140.20148000000177,112.76239600000082,18.397483999997633,48.537170000003016,0.19969705000000146,0.2271361340000024,False,False,False,56354
dense_0_free_09_v1.0_h0.4,dense_0_free_09,5.95,1.0,0.4,0.015969110057049807,True,True,True,True,147.26882100000438,137.29418799999848,25.75495099999614,48.537170000003016,0.23158630899999763,0.24156094200000353,False,False,False,74790
dense_0_near_00_v0.0_h0.2,dense_0_near_00,6.0,0.0,0.2,0.015969110057049807,True,True,False,False,108.46362000000198,91.14265799999544,0.0009999999974752427,48.91894599999347,0.16006260399998637,0.17738356599999291,False,False,False,0
dense_0_near_00_v0.0_h0.3,dense_0_near_00,6.0,0.0,0.3,0.015969110057049807,True,True,False,True,140.67765200000082,126.30686299999638,0.0006809999959500601,48.91894599999347,0.1952264899999858,0.20959727899999023,False,False,False,0
dense_0_near_00_v0.0_h0.4,dense_0_near_00,6.0,0.0,0.4,0.015969110057049807,True,True,False,False,119.8697180000039,129.58239599999644,0.0006459999966068608,48.91894599999347,0.1985019879999865,0.18878930999999397,False,False,False,0
dense_0_near_00_v0.5_h0.2,dense_0_near_00,6.0,0.5,0.2,0.015969110057049807,True,True,False,True,101.42229699999916,111.74765300000189,0.0009310000024242981,48.91894599999347,0.18066752999999777,0.17034217399999504,False,False,False,0
dense_0_near_00_v0.5_h0.3,dense_0_near_00,6.0,0.5,0.3,0.015969110057049807,True,True,False,False,124.99124200000011,128.34002400000344,0.000802999998938958,48.91894599999347,0.19725977299999584,0.1939109909999925,False,False,False,0
dense_0_near_00_v0.5_h0.4,dense_0_near_00,6.0,0.5,0.4,0.015969110057049807,True,True,False,True,123.79240399999958,126.48355799999678,0.0014710000044715343,48.91894599999347,0.1954039749999947,0.1927128209999975,False,False,False,0
dense_0_near_00_v1.0_h0.2,dense_0_near_00,6.0,1.0,0.2,0.015969110057049807,True,True,False,False,116.81058599999972,114.79464499999636,0.0010700000032670687,48.91894599999347,0.1837146609999931,0.18573060199999644,False,False,False,0
dense_0_near_00_v1.0_h0.3,dense_0_near_00,6.0,1.0,0.3,0.015969110057049807,True,True,False,True,96.10810000000214,119.32185499999548,0.001486999998689953,48.91894599999347,0.18824228799998763,0.1650285329999943,False,False,False,0
dense_0_near_00_v1.0_h0.4,dense_0_near_00,6.0,1.0,0.4,0.015969110057049807,True,True,False,False,161.0657350000011,122.80422100000266,0.0005830000020523585,48.91894599999347,0.19172374999999817,0.2299852639999966,False,False,False,0
dense_0_near_01_v0.0_h0.2,dense_0_near_01,6.05,0.0,0.2,0.015969110057049807,True,True,False,True,99.10506800000007,106.42184099999952,0.0009919999968133197,59.57702500000295,0.18599985799999927,0.17868308499999982,False,False,False,0
dense_0_near_01_v0.0_h0.3,dense_0_near_01,6.05,0.0,0.3,0.015969110057049807,True,True,False,False,164.191608000003,116.96228599999614,0.0009800000029258626,59.57702500000295,0.196540291000002,0.24376961300000885,False,False,False,0
dense_0_near_01_v0.0_h0.4,dense_0_near_01,6.05,0.0,0.4,0.015969110057049807,True,True,False,True,114.7875000000056,114.95609899999693,0.0010899999978164487,59.57702500000295,0.19453421399999768,0.19436561500000635,False,False,False,0
dense_0_near_01_v0.5_h0.2,dense_0_near_01,6.05,0.5,0.2,0.015969110057049807,True,True,False,False,141.82224799999688,104.98103400000502,0.0013519999981781439,59.57702500000295,0.18455941100000614,0.221400624999998,False,False,False,0
dense_0_near_01_v0.5_h0.3,dense_0_near_01,6.05,0.5,0.3,0.015969110057049807,True,True,False,True,140.65635299999713,85.08167800000876,0.0007360000040534942,59.57702500000295,0.16465943900001576,0.22023411400000412,False,False,False,0
dense_0_near_01_v0.5_h0.4,dense_0_near_01,6.05,0.5,0.4,0.015969110057049807,True,True,False,False,150.53737699999203,115.30365000000131,0.0007780000004231624,59.57702500000295,0.19488145300000467,0.2301151799999954,False,False,False,0
dense_0_near_01_v1.0_h0.2,dense_0_near_01,6.05,1.0,0.2,0.015969110057049807,True,True,False,True,136.03818400000023,86.725248999997,0.0007000000010748408,59.57702500000295,0.16630297400000102,0.21561590900000424,False,False,False,0
dense_0_near_01_v1.0_h0.3,dense_0_near_01,6.05,1.0,0.3,0.015969110057049807,True,True,False,False,122.23460600000635,115.27070100000003,0.0005189999967569747,59.57702500000295,0.19484824499999973,0.20181215000000605,False,False,False,0
dense_0_near_01_v1.0_h0.4,dense_0_near_01,6.05,1.0,0.4,0.015969110057049807,True,True,False,True,148.63989100000197,116.45453999999233,0.0005160000000614673,59.57702500000295,0.19603208099999533,0.22821743200000497,False,False,False,0
dense_0_near_02_v0.0_h0.2,dense_0_near_02,6.1000000000000005,0.0,0.2,0.015969110057049807,True,True,False,False,114.56365499999777,120.50428399999191,0.0007129999914923246,48.42182099999803,0.18892681799998143,0.18298618899998728,False,False,False,0
dense_0_near_02_v0.0_h0.3,dense_0_near_02,6.1000000000000005,0.0,0.3,0.015969110057049807,True,True,False,True,108.10862499999985,109.31961999999373,0.0010619999954997184,48.42182099999803,0.17774250299998726,0.17653150799999337,False,False,False,0
dense_0_near_02_v0.0_h0.4,dense_0_near_02,6.1000000000000005,0.0,0.4,0.015969110057049807,True,True,False,False,150.76720399999033,127.18250199999659,0.0006119999937936882,48.42182099999803,0.1956049349999884,0.21918963699998215,False,False,False,0
dense_0_near_02_v0.5_h0.2,dense_0_near_02,6.1000000000000005,0.5,0.2,0.015969110057049807,True,True,False,True,150.9725880000019,62.00557100000026,0.0006659999911562409,48.42182099999803,0.13042805799998944,0.21939507499999109,False,False,False,0
dense_0_near_02_v0.5_h0.3,dense_0_near_02,6.1000000000000005,0.5,0.3,0.015969110057049807,True,True,False,False,133.42941600001268,114.05663299998992,0.0012910000037891223,48.42182099999803,0.18247974499999173,0.2018525280000145,False,False,False,0
dense_0_near_02_v0.5_h0.4,dense_0_near_02,6.1000000000000005,0.5,0.4,0.015969110057049807,True,True,False,True,137.10560600000576,121.72212600000876,0.0005919999921388808,48.42182099999803,0.19014453899999892,0.20552801899999593,False,False,False,0
dense_0_near_02_v1.0_h0.2,dense_0_near_02,6.1000000000000005,1.0,0.2,0.015969110057049807,True,True,False,False,122.19950100001142,77.46248499999808,0.0009159999905250515,48.42182099999803,0.14588522199998663,0.19062223799999997,False,False,False,0
dense_0_near_02_v1.0_h0.3,dense_0_near_02,6.1000000000000005,1.0,0.3,0.015969110057049807,True,True,False,True,149.4255570000007,111.86629799999537,0.0005650000076684591,48.42182099999803,0.18028868400000106,0.2178479430000064,False,False,False,0
dense_0_near_02_v1.0_h0.4,dense_0_near_02,6.1000000000000005,1.0,0.4,0.015969110057049807,True,True,False,False,145.91089300000704,126.83715000000007,0.0008250000007592462,48.42182099999803,0.19525979599999885,0.21433353900000582,False,False,False,0
dense_0_near_03_v0.0_h0.2,dense_0_near_03,6.15,0.0,0.2,0.015969110057049807,True,True,False,True,123.14894099999663,115.80323500000134,0.0010779999968235643,58.389854999994384,0.19419416799999253,0.20153987399998782,False,False,False,0
dense_0_near_03_v0.0_h0.3,dense_0_near_03,6.15,0.0,0.3,0.015969110057049807,True,True,False,False,137.2336819999873,113.67166800000916,0.0005339999944453666,58.389854999994384,0.19206205699999798,0.21562407099997613,False,False,False,0
dense_0_near_03_v0.0_h0.4,dense_0_near_03,6.15,0.0,0.4,0.015969110057049807,True,True,False,True,141.36945499998887,113.20268300001146,0.0007089999911613631,58.389854999994384,0.191593246999997,0.2197600189999744,False,False,False,0
dense_0_near_03_v0.5_h0.2,dense_0_near_03,6.15,0.5,0.2,0.015969110057049807,True,True,False,False,131.71268499999655,81.09070599999768,0.0008920000027501374,58.389854999994384,0.1594814529999948,0.21010343199999368,False,False,False,0
dense_0_near_03_v0.5_h0.3,dense_0_near_03,6.15,0.5,0.3,0.015969110057049807,True,True,False,True,136.2036010000054,134.1436950000059,0.0009729999987939664,58.389854999994384,0.21253452299999906,0.21459442899999856,False,False,False,0
dense_0_near_03_v0.5_h0.4,dense_0_near_03,6.15,0.5,0.4,0.015969110057049807,True,True,False,False,134.39454800000306,120.88401500000145,0.0007950000053824624,58.389854999994384,0.1992746650000012,0.2127851980000028,False,False,False,0
dense_0_near_03_v1.0_h0.2,dense_0_near_03,6.15,1.0,0.2,0.015969110057049807,True,True,False,True,125.24823199998991,101.65418200000431,0.000759000002403809,58.389854999994384,0.1800447960000011,0.2036388459999867,False,False,False,0
dense_0_near_03_v1.0_h0.3,dense_0_near_03,6.15,1.0,0.3,0.015969110057049807,True,True,False,False,113.8988249999926,117.56267399999842,0.0007779999862123077,58.389854999994384,0.195953306999979,0.19228945799997318,False,False,False,0
dense_0_near_03_v1.0_h0.4,dense_0_near_03,6.15,1.0,0.4,0.015969110057049807,True,True,False,True,125.34347599999762,129.39739200000133,0.0008840000020882144,58.389854999994384,0.2077881309999978,0.20373421499999408,False,False,False,0
dense_0_near_04_v0.0_h0.2,dense_0_near_04,6.2,0.0,0.2,0.015969110057049807,True,True,False,False,132.86112199999423,78.49450700000205,0.001045000004751273,54.97058499999952,0.1534661370000063,0.20783275199999848,False,False,False,0
dense_0_near_04_v0.0_h0.3,dense_0_near_04,6.2,0.0,0.3,0.015969110057049807,True,True,False,True,147.3888410000086,116.14787400000637,0.0006930000040483719,54.97058499999952,0.19111915200000992,0.22236011900001215,False,False,False,0
dense_0_near_04_v0.0_h0.4,dense_0_near_04,6.2,0.0,0.4,0.015969110057049807,True,True,False,False,137.05097799999066,130.69517600000324,0.0007079999875259091,54.97058499999952,0.20566646899999028,0.2120222709999777,False,False,False,0
dense_0_near_04_v0.5_h0.2,dense_0_near_04,6.2,0.5,0.2,0.015969110057049807,True,True,False,True,149.47546500000897,88.9038369999895,0.0009030000001075678,54.97058499999952,0.1638753249999891,0.22444695300000858,False,False,False,0
dense_0_near_04_v0.5_h0.3,dense_0_near_04,6.2,0.5,0.3,0.015969110057049807,True,True,False,False,136.98442300000124,109.99884199999599,0.0006490000004077956,54.97058499999952,0.1849700759999959,0.21195565700000116,False,False,False,0
dense_0_near_04_v0.5_h0.4,dense_0_near_04,6.2,0.5,0.4,0.015969110057049807,True,True,False,True,101.39142900000309,128.6781030000128,0.0012280000021291926,54.97058499999952,0.20364991600001445,0.17636324200000472,False,False,False,0
dense_0_near_04_v1.0_h0.2,dense_0_near_04,6.2,1.0,0.2,0.015969110057049807,True,True,False,False,148.6555940000045,113.56262500000014,0.000580000005356851,54.97058499999952,0.188533790000005,0.22362675900000936,False,False,False,0
dense_0_near_04_v1.0_h0.3,dense_0_near_04,6.2,1.0,0.3,0.015969110057049807,True,True,False,True,136.10492600000157,117.53572399999257,0.0007009999904994402,54.97058499999952,0.19250700999998258,0.21107621199999158,False,False,False,0
dense_0_near_04_v1.0_h0.4,dense_0_near_04,6.2,1.0,0.4,0.015969110057049807,True,True,False,False,126.37085199999376,120.7661330000036,0.0008049999991044388,54.97058499999952,0.19573752300000222,0.20134224199999237,False,False,False,0
dense_0_near_05_v0.0_h0.2,dense_0_near_05,6.25,0.0,0.2,0.015969110057049807,True,True,False,True,148.3118830000052,70.85020700000655,0.0005189999967569747,66.97659499999986,0.15782732100000316,0.2352889970000018,False,False,False,0
dense_0_near_05_v0.0_h0.3,dense_0_near_05,6.25,0.0,0.3,0.015969110057049807,True,True,False,False,97.84591500000772,70.57695100000672,0.001053000005413196,66.97659499999986,0.15755459900001198,0.18482356300001299,False,False,False,0
dense_0_near_05_v0.0_h0.4,dense_0_near_05,6.25,0.0,0.4,0.015969110057049807,True,True,False,True,158.62527400000204,84.20766099999355,0.000740999993809055,66.97659499999986,0.1711849969999872,0.2456026099999957,False,False,False,0
dense_0_near_05_v0.5_h0.2,dense_0_near_05,6.25,0.5,0.2,0.015969110057049807,True,True,False,False,138.58490199999096,115.0945069999949,0.0006530000007387571,66.97659499999986,0.2020717549999955,0.22556214999999155,False,False,False,0
dense_0_near_05_v0.5_h0.3,dense_0_near_05,6.25,0.5,0.3,0.015969110057049807,True,True,False,True,138.68986700001074,113.47800899999072,0.0008020000024089313,66.97659499999986,0.20045540599999298,0.225667264000013,False,False,False,0
dense_0_near_05_v0.5_h0.4,dense_0_near_05,6.25,0.5,0.4,0.015969110057049807,True,True,False,False,144.81811499999253,106.34809500000131,0.0008590000106778461,66.97659499999986,0.19332554900001184,0.23179556900000306,False,False,False,0
dense_0_near_05_v1.0_h0.2,dense_0_near_05,6.25,1.0,0.2,0.015969110057049807,True,True,False,True,130.9191870000035,101.6409890000034,0.0005379999947763281,66.97659499999986,0.18861812199999803,0.21789631999999812,False,False,False,0
dense_0_near_05_v1.0_h0.3,dense_0_near_05,6.25,1.0,0.3,0.015969110057049807,True,True,False,False,140.7977079999938,119.97463300001243,0.0006650000017316415,66.97659499999986,0.20695189300001401,0.2277749679999954,False,False,False,0
dense_0_near_05_v1.0_h0.4,dense_0_near_05,6.25,1.0,0.4,0.015969110057049807,True,True,False,True,146.34793800000523,113.06646199999193,0.000748999994470978,66.97659499999986,0.20004380599998625,0.23332528199999955,False,False,False,0
dense_0_near_06_v0.0_h0.2,dense_0_near_06,6.3,0.0,0.2,0.015969110057049807,True,True,False,False,100.31853099999921,68.70453599999848,0.0009879999964823583,55.74866200000628,0.14445418600000123,0.17606818100000196,False,False,False,0
dense_0_near_06_v0.0_h0.3,dense_0_near_06,6.3,0.0,0.3,0.015969110057049807,True,True,False,True,156.23801499999956,70.81872700000247,0.0008579999928315374,55.74866200000628,0.14656824700000157,0.23198753499999866,False,False,False,0
dense_0_near_06_v0.0_h0.4,dense_0_near_06,6.3,0.0,0.4,0.015969110057049807,True,True,False,False,130.49735299999554,127.21230300000741,0.0007689999961257854,55.74866200000628,0.2029617340000098,0.20624678399999793,False,False,False,0
dense_0_near_06_v0.5_h0.2,dense_0_near_06,6.3,0.5,0.2,0.015969110057049807,True,True,False,True,107.99798799999394,104.2394330000036,0.0009520000077145596,55.74866200000628,0.17998904700001758,0.18374760200000792,False,False,False,0
dense_0_near_06_v0.5_h0.3,dense_0_near_06,6.3,0.5,0.3,0.015969110057049807,True,True,False,False,144.22880400000793,79.02159600000402,0.0010990000021138258,55.74866200000628,0.1547713570000124,0.2199785650000163,False,False,False,0
dense_0_near_06_v0.5_h0.4,dense_0_near_06,6.3,0.5,0.4,0.015969110057049807,True,True,False,True,158.31468199999676,102.20395300000007,0.0011019999988093332,55.74866200000628,0.17795371700000515,0.23406444600000184,False,False,False,0
dense_0_near_06_v1.0_h0.2,dense_0_near_06,6.3,1.0,0.2,0.015969110057049807,True,True,False,False,139.35095899999794,106.52093800000273,0.0011380000017879865,55.74866200000628,0.18227073800001078,0.215100759000006,False,False,False,0
dense_0_near_06_v1.0_h0.3,dense_0_near_06,6.3,1.0,0.3,0.015969110057049807,True,True,False,True,98.9524700000004,119.65320200000917,0.0007529999948019395,55.74866200000628,0.19540261700001024,0.17470188500000147,False,False,False,0
dense_0_near_06_v1.0_h0.4,dense_0_near_06,6.3,1.0,0.4,0.015969110057049807,True,True,False,False,154.39109599999767,126.76602400000547,0.000749999998106432,55.74866200000628,0.20251543600000985,0.23014050800000205,False,False,False,0
dense_0_near_07_v0.0_h0.2,dense_0_near_07,6.3500000000000005,0.0,0.2,0.015969110057049807,True,True,False,True,133.19978100000185,105.12242799998717,0.0006989999974393868,63.2936489999949,0.1884167759999795,0.21649412899999418,False,False,False,0
dense_0_near_07_v0.0_h0.3,dense_0_near_07,6.3500000000000005,0.0,0.3,0.015969110057049807,True,True,False,False,109.80812600000434,93.46386400000029,0.0010039999978062042,63.2936489999949,0.17675851699999298,0.19310277899999703,False,False,False,0
dense_0_near_07_v0.0_h0.4,dense_0_near_07,6.3500000000000005,0.0,0.4,0.015969110057049807,True,True,False,True,112.15853099999151,137.78151700000763,0.0008720000010953299,63.2936489999949,0.2210760380000036,0.1954530519999875,False,False,False,0
dense_0_near_07_v0.5_h0.2,dense_0_near_07,6.3500000000000005,0.5,0.2,0.015969110057049807,True,True,False,False,132.5915749999922,73.82348800000216,0.0009059999968030752,63.2936489999949,0.15711804299999385,0.21588612999998388,False,False,False,0
dense_0_near_07_v0.5_h0.3,dense_0_near_07,6.3500000000000005,0.5,0.3,0.015969110057049807,True,True,False,True,127.61941700000534,82.34298500001103,0.0013089999981730216,63.2936489999949,0.1656379430000041,0.2109143749999984,False,False,False,0
dense_0_near_07_v0.5_h0.4,dense_0_near_07,6.3500000000000005,0.5,0.4,0.015969110057049807,True,True,False,False,156.1955490000031,116.03309199999501,0.0007000000010748408,63.2936489999949,0.19932744099999097,0.23948989799999906,False,False,False,0
dense_0_near_07_v1.0_h0.2,dense_0_near_07,6.3500000000000005,1.0,0.2,0.015969110057049807,True,True,False,True,140.09747200000788,109.44542000000013,0.0005939999994097889,63.2936489999949,0.19273966299999443,0.22339171500000218,False,False,False,0
dense_0_near_07_v1.0_h0.3,dense_0_near_07,6.3500000000000005,1.0,0.3,0.015969110057049807,True,True,False,False,138.20190299999524,122.66001400000448,0.0008020000024089313,63.2936489999949,0.20595446500000178,0.22149635399999254,False,False,False,0
dense_0_near_07_v1.0_h0.4,dense_0_near_07,6.3500000000000005,1.0,0.4,0.015969110057049807,True,True,False,True,156.3726269999961,92.48300600000903,0.0010180000060699967,63.2936489999949,0.17577767300001,0.23966729399999706,False,False,False,0
dense_0_near_08_v0.0_h0.2,dense_0_near_08,6.4,0.0,0.2,0.015969110057049807,True,True,False,False,104.21318599999552,114.70319600000778,0.0007299999964516246,57.007671000000926,0.19171159700000515,0.18122158699999288,False,False,False,0
dense_0_near_08_v0.0_h0.3,dense_0_near_08,6.4,0.0,0.3,0.015969110057049807,True,True,False,True,138.62911300000746,120.67324599999552,0.0007889999977805928,57.007671000000926,0.1976817059999942,0.21563757300000616,False,False,False,0
dense_0_near_08_v0.0_h0.4,dense_0_near_08,6.4,0.0,0.4,0.015969110057049807,True,True,False,False,148.62192900000082,120.39608100000976,0.0006060000004026733,57.007671000000926,0.19740435800001108,0.22563020600000214,False,False,False,0
dense_0_near_08_v0.5_h0.2,dense_0_near_08,6.4,0.5,0.2,0.015969110057049807,True,True,False,True,135.88796000000514,93.24002800001097,0.0009000000034120603,57.007671000000926,0.1702485990000153,0.21289653100000946,False,False,False,0
dense_0_near_08_v0.5_h0.3,dense_0_near_08,6.4,0.5,0.3,0.015969110057049807,True,True,False,False,116.29966099999933,121.18638799999815,0.0009510000040791056,57.007671000000926,0.19819501000000314,0.19330828300000433,False,False,False,0
dense_0_near_08_v0.5_h0.4,dense_0_near_08,6.4,0.5,0.4,0.015969110057049807,True,True,False,True,148.13486100000262,113.29519199999538,0.0006009999964362578,57.007671000000926,0.19030346399999273,0.22514313299999997,False,False,False,0
dense_0_near_08_v1.0_h0.2,dense_0_near_08,6.4,1.0,0.2,0.015969110057049807,True,True,False,False,128.60154099999477,114.83119199999692,0.0010769999931881102,57.007671000000926,0.19183993999999102,0.20561028899998887,False,False,False,0
dense_0_near_08_v1.0_h0.3,dense_0_near_08,6.4,1.0,0.3,0.015969110057049807,True,True,False,True,125.6766469999917,106.99239099999147,0.0009750000060648745,57.007671000000926,0.18400103699999845,0.20268529299999868,False,False,False,0
dense_0_near_08_v1.0_h0.4,dense_0_near_08,6.4,1.0,0.4,0.015969110057049807,True,True,False,False,147.61870099999896,122.34509400001059,0.0006260000020574807,57.007671000000926,0.19935339100001356,0.22462699800000194,False,False,False,0
dense_0_near_09_v0.0_h0.2,dense_0_near_09,6.45,0.0,0.2,0.015969110057049807,True,True,False,True,132.89726000000712,110.99851200000899,0.0011549999925364318,62.70385699999537,0.19370352399999688,0.21560227199999502,False,False,False,0
dense_0_near_09_v0.0_h0.3,dense_0_near_09,6.45,0.0,0.3,0.015969110057049807,True,True,False,False,123.41705299999717,108.91212999999311,0.0007969999984425158,62.70385699999537,0.1916167839999869,0.20612170699999097,False,False,False,0
dense_0_near_09_v0.0_h0.4,dense_0_near_09,6.45,0.0,0.4,0.015969110057049807,True,True,False,True,113.65970000001369,114.1447429999971,0.001116999996497725,62.70385699999537,0.19684971699998896,0.19636467400000554,False,False,False,0
dense_0_near_09_v0.5_h0.2,dense_0_near_09,6.45,0.5,0.2,0.015969110057049807,True,True,False,False,137.7253279999877,76.39641200000824,0.0008690000043998225,62.70385699999537,0.159101138000008,0.22043005399998747,False,False,False,0
dense_0_near_09_v0.5_h0.3,dense_0_near_09,6.45,0.5,0.3,0.015969110057049807,True,True,False,True,138.49544700001104,124.85794600000588,0.0006799999994200334,62.70385699999537,0.20756248300000066,0.22119998400000582,False,False,False,0
dense_0_near_09_v0.5_h0.4,dense_0_near_09,6.45,0.5,0.4,0.015969110057049807,True,True,False,False,143.9448130000045,68.95552999999666,0.0006570000010697186,62.70385699999537,0.15166004399999308,0.22664932700000093,False,False,False,0
dense_0_near_09_v1.0_h0.2,dense_0_near_09,6.45,1.0,0.2,0.015969110057049807,True,True,False,True,147.97565500001042,61.90490599999521,0.0010840000044254339,62.70385699999537,0.144609846999995,0.2306805960000102,False,False,False,0
dense_0_near_09_v1.0_h0.3,dense_0_near_09,6.45,1.0,0.3,0.015969110057049807,True,True,False,False,133.9493790000006,120.5336740000007,0.0006810000030554875,62.70385699999537,0.2032382119999991,0.216653916999999,False,False,False,0
dense_0_near_09_v1.0_h0.4,dense_0_near_09,6.45,1.0,0.4,0.015969110057049807,True,True,False,True,141.71209999999235,110.27399000001026,0.0006650000017316415,62.70385699999537,0.19297851200000735,0.22441662199998944,False,False,False,0
dense_1_far_00_v0.0_h0.2,dense_1_far_00,6.5,0.0,0.2,0.015969110221760577,False,True,False,False,0.00026899999738816405,0.00014500000133921276,0.00025800000003073364,51.67781999999477,0.07167822299999614,0.07167834699999219,False,False,False,0
dense_1_far_00_v0.0_h0.3,dense_1_far_00,6.5,0.0,0.3,0.015969110221760577,False,True,False,True,0.00011699999902248237,0.0001349999934063817,0.00013599999704183574,51.67781999999477,0.07167809099998522,0.07167807299999084,False,False,False,0
dense_1_far_00_v0.0_h0.4,dense_1_far_00,6.5,0.0,0.4,0.015969110221760577,False,True,False,False,0.00013399998977092764,9.400000067216752e-05,0.00011199999505606684,51.67781999999477,0.0716780259999905,0.0716780659999796,False,False,False,0
dense_1_far_00_v0.5_h0.2,dense_1_far_00,6.5,0.5,0.2,0.015969110221760577,False,True,False,True,9.299999703671347e-05,0.0001000000082740371,0.00011499999175157427,51.67781999999477,0.0716780349999948,0.07167802799998356,False,False,False,0
dense_1_far_00_v0.5_h0.3,dense_1_far_00,6.5,0.5,0.3,0.015969110221760577,False,True,False,False,9.199999340125942e-05,8.699998943484388e-05,9.000000034120603e-05,51.67781999999477,0.07167799699998455,0.07167800199998851,False,False,False,0
dense_1_far_00_v0.5_h0.4,dense_1_far_00,6.5,0.5,0.4,0.015969110221760577,False,True,False,True,6.999999868639861e-05,9.400000067216752e-05,8.300000331473711e-05,51.67781999999477,0.07167799699999876,0.07167797299999677,False,False,False,0
dense_1_far_00_v1.0_h0.2,dense_1_far_00,6.5,1.0,0.2,0.015969110221760577,False,True,False,False,0.0001089999983605594,6.700000199089118e-05,8.600000001024455e-05,51.67781999999477,0.07167797299999677,0.07167801499999314,False,False,False,0
dense_1_far_00_v1.0_h0.3,dense_1_far_00,6.5,1.0,0.3,0.015969110221760577,False,True,False,True,6.800000562634523e-05,0.0001089999983605594,8.399999273933645e-05,51.67781999999477,0.07167801299998587,0.07167797199999314,False,False,False,0
dense_1_far_00_v1.0_h0.4,dense_1_far_00,6.5,1.0,0.4,0.015969110221760577,False,True,False,False,0.00011000000199601345,6.799999141549051e-05,8.199999967928306e-05,51.67781999999477,0.07167796999998587,0.07167801199999645,False,False,False,0
dense_1_far_01_v0.0_h0.2,dense_1_far_01,6.55,0.0,0.2,0.015969110221760577,False,True,False,True,0.0001220000029888979,0.0002550000033352262,0.00028699999177206337,47.293979999992075,0.06729452199998719,0.06729438899998684,False,False,False,0
dense_1_far_01_v0.0_h0.3,dense_1_far_01,6.55,0.0,0.3,0.015969110221760577,False,True,False,False,0.00014900000167017424,0.00012099999935344385,0.00014299999406830466,47.293979999992075,0.0672942439999855,0.06729427199998782,False,False,False,0
dense_1_far_01_v0.0_h0.4,dense_1_far_01,6.55,0.0,0.4,0.015969110221760577,False,True,False,True,0.00010200000133409048,0.00013999999737279722,0.00010099999769863643,47.293979999992075,0.06729422099998715,0.06729418299999111,False,False,False,0
dense_1_far_01_v0.5_h0.2,dense_1_far_01,6.55,0.5,0.2,0.015969110221760577,False,True,False,False,0.00010300000496954453,0.00012900000001536682,9.299999703671347e-05,47.293979999992075,0.06729420199998913,0.06729417599999409,False,False,False,0
dense_1_far_01_v0.5_h0.3,dense_1_far_01,6.55,0.5,0.3,0.015969110221760577,False,True,False,True,8.70000036456986e-05,0.00013100000728627492,9.499999009676685e-05,47.293979999992075,0.06729420599998946,0.06729416199998582,False,False,False,0
dense_1_far_01_v0.5_h0.4,dense_1_far_01,6.55,0.5,0.4,0.015969110221760577,False,True,False,False,9.900000463858305e-05,7.900000298377563e-05,9.199999340125942e-05,47.293979999992075,0.06729415099998846,0.06729417099999012,False,False,False,0
dense_1_far_01_v1.0_h0.2,dense_1_far_01,6.55,1.0,0.2,0.015969110221760577,False,True,False,True,7.60000062882682e-05,9.999999406318238e-05,0.0001000000082740371,47.293979999992075,0.06729417999999442,0.06729415600000664,False,False,False,0
dense_1_far_01_v1.0_h0.3,dense_1_far_01,6.55,1.0,0.3,0.015969110221760577,False,True,False,False,9.499999009676685e-05,8.600000001024455e-05,9.299999703671347e-05,47.293979999992075,0.06729415899998913,0.06729416799997921,False,False,False,0
dense_1_far_01_v1.0_h0.4,dense_1_far_01,6.55,1.0,0.4,0.015969110221760577,False,True,False,True,8.600000001024455e-05,9.999999406318238e-05,9.200000761211413e-05,47.293979999992075,0.06729417199999375,0.0672941579999997,False,False,False,0
dense_1_far_02_v0.0_h0.2,dense_1_far_02,6.6000000000000005,0.0,0.2,0.015969110221760577,False,True,False,False,0.00026699999011725595,0.00012799999637991277,0.00022700000101849582,70.03422200000387,0.09003457700000127,0.090034715999995,False,False,False,0
dense_1_far_02_v0.0_h0.3,dense_1_far_02,6.6000000000000005,0.0,0.3,0.015969110221760577,False,True,False,True,0.0001089999983605594,0.00011900000629339047,0.00016399999935856613,70.03422200000387,0.09003450500000952,0.09003449500000159,False,False,False,0
dense_1_far_02_v0.0_h0.4,dense_1_far_02,6.6000000000000005,0.0,0.4,0.015969110221760577,False,True,False,False,0.00010600000166505197,0.00010299999075868982,0.00012300000662435195,70.03422200000387,0.09003444800000125,0.09003445100001216,False,False,False,0
dense_1_far_02_v0.5_h0.2,dense_1_far_02,6.6000000000000005,0.5,0.2,0.015969110221760577,False,True,False,True,0.00010799999472510535,9.900000463858305e-05,0.00010599998745419725,70.03422200000387,0.09003442699999596,0.09003443599998605,False,False,False,0
dense_1_far_02_v0.5_h0.3,dense_1_far_02,6.6000000000000005,0.5,0.3,0.015969110221760577,False,True,False,False,9.699999736767495e-05,7.500000265281415e-05,0.00010799999472510535,70.03422200000387,0.09003440500000125,0.09003442699999596,False,False,False,0
dense_1_far_02_v0.5_h0.4,dense_1_far_02,6.6000000000000005,0.5,0.4,0.015969110221760577,False,True,False,True,7.39999990173601e-05,7.100000232185266e-05,8.199999967928306e-05,70.03422200000387,0.09003437500000587,0.09003437800000257,False,False,False,0
dense_1_far_02_v1.0_h0.2,dense_1_far_02,6.6000000000000005,1.0,0.2,0.015969110221760577,False,True,False,False,0.0001089999983605594,6.799999141549051e-05,9.099998976580537e-05,70.03422200000387,0.09003438099998505,0.090034421999992,False,False,False,0
dense_1_far_02_v1.0_h0.3,dense_1_far_02,6.6000000000000005,1.0,0.3,0.015969110221760577,False,True,False,True,6.699998778003646e-05,9.8000001003129e-05,8.099999604382901e-05,70.03422200000387,0.09003440100000092,0.09003436999998769,False,False,False,0
dense_1_far_02_v1.0_h0.4,dense_1_far_02,6.6000000000000005,1.0,0.4,0.015969110221760577,False,True,False,False,0.00010800000893596007,6.30000016599297e-05,0.00012299999241349724,70.03422200000387,0.09003440799999794,0.09003445300000522,False,False,False,0
dense_1_far_03_v0.0_h0.2,dense_1_far_03,6.65,0.0,0.2,0.015969110221760577,False,True,False,True,0.00011299999869152089,0.00017700000398690463,0.00022599999738304177,50.694569999990335,0.07069497299999171,0.07069490899998641,False,False,False,0
dense_1_far_03_v0.0_h0.3,dense_1_far_03,6.65,0.0,0.3,0.015969110221760577,False,True,False,False,0.00011800000265793642,9.900000463858305e-05,0.00014900000167017424,50.694569999990335,0.07069481799999665,0.07069483699999467,False,False,False,0
dense_1_far_03_v0.0_h0.4,dense_1_far_03,6.65,0.0,0.4,0.015969110221760577,False,True,False,True,7.799999934832158e-05,0.00011800000265793642,0.00012599998910900467,50.694569999990335,0.0706948139999821,0.0706947739999788,False,False,False,0
dense_1_far_03_v0.5_h0.2,dense_1_far_03,6.65,0.5,0.2,0.015969110221760577,False,True,False,False,0.00010800000893596007,7.500000265281415e-05,9.100000397666008e-05,50.694569999990335,0.07069473599999697,0.07069476900000325,False,False,False,0
dense_1_far_03_v0.5_h0.3,dense_1_far_03,6.65,0.5,0.3,0.015969110221760577,False,True,False,True,7.599999207741348e-05,0.00011200000926692155,9.999999406318238e-05,50.694569999990335,0.07069478199999367,0.07069474599997648,False,False,False,0
dense_1_far_03_v0.5_h0.4,dense_1_far_03,6.65,0.5,0.4,0.015969110221760577,False,True,False,False,9.499999009676685e-05,0.00010400000860499858,9.200000761211413e-05,50.694569999990335,0.07069476600000656,0.07069475699998805,False,False,False,0
dense_1_far_03_v1.0_h0.2,dense_1_far_03,6.65,1.0,0.2,0.015969110221760577,False,True,False,True,6.799999141549051e-05,0.00010799999472510535,8.199999967928306e-05,50.694569999990335,0.07069475999998474,0.07069471999998143,False,False,False,0
dense_1_far_03_v1.0_h0.3,dense_1_far_03,6.65,1.0,0.3,0.015969110221760577,False,True,False,False,7.200000595730671e-05,7.900000298377563e-05,8.000000661922968e-05,50.694569999990335,0.07069472899999994,0.07069472200000292,False,False,False,0
dense_1_far_03_v1.0_h0.4,dense_1_far_03,6.65,1.0,0.4,0.015969110221760577,False,True,False,True,8.400000695019116e-05,0.00010900001257141412,8.899999670575198e-05,50.694569999990335,0.07069476799999962,0.070694742999994,False,False,False,0
dense_1_far_04_v0.0_h0.2,dense_1_far_04,6.7,0.0,0.2,0.015969110221760577,False,True,False,False,0.0002550000033352262,0.00012499999968440534,0.0002419999987068877,48.632939000000874,0.06863330599999927,0.06863343600000292,False,False,False,0
dense_1_far_04_v0.0_h0.3,dense_1_far_04,6.7,0.0,0.3,0.015969110221760577,False,True,False,True,0.0001350000076172364,0.00012700000695531344,0.0001330000003463283,48.632939000000874,0.06863319900000818,0.06863320700000884,False,False,False,0
dense_1_far_04_v0.0_h0.4,dense_1_far_04,6.7,0.0,0.4,0.015969110221760577,False,True,False,False,0.00013399998977092764,8.400000695019116e-05,0.00011499999175157427,48.632939000000874,0.06863313799999958,0.0686331879999824,False,False,False,0
dense_1_far_04_v0.5_h0.2,dense_1_far_04,6.7,0.5,0.2,0.015969110221760577,False,True,False,True,8.799999307029793e-05,0.0001370000006772898,0.00011299999869152089,48.632939000000874,0.06863318900000025,0.06863313999999264,False,False,False,0
dense_1_far_04_v0.5_h0.3,dense_1_far_04,6.7,0.5,0.3,0.015969110221760577,False,True,False,False,0.00012499999968440534,9.299999703671347e-05,8.300000331473711e-05,48.632939000000874,0.06863311500000123,0.06863314700000388,False,False,False,0
dense_1_far_04_v0.5_h0.4,dense_1_far_04,6.7,0.5,0.4,0.015969110221760577,False,True,False,True,8.799999307029793e-05,0.00011500000596242899,0.00010999998778515874,48.632939000000874,0.06863316399999463,0.06863313699998173,False,False,False,0
dense_1_far_04_v1.0_h0.2,dense_1_far_04,6.7,1.0,0.2,0.015969110221760577,False,True,False,False,9.600000794307562e-05,6.800000562634523e-05,9.8000001003129e-05,48.632939000000874,0.06863310500000751,0.06863313300000982,False,False,False,0
dense_1_far_04_v1.0_h0.3,dense_1_far_04,6.7,1.0,0.3,0.015969110221760577,False,True,False,True,6.50000089308378e-05,0.00010200000133409048,0.00011200000926692155,48.632939000000874,0.06863315300001148,0.06863311600001908,False,False,False,0
dense_1_far_04_v1.0_h0.4,dense_1_far_04,6.7,1.0,0.4,0.015969110221760577,False,True,False,False,9.500000430762157e-05,6.900000926179928e-05,8.500001058564521e-05,48.632939000000874,0.06863309300002073,0.06863311900001577,False,False,False,0
dense_1_far_05_v0.0_h0.2,dense_1_far_05,6.75,0.0,0.2,0.015969110221760577,False,True,False,True,0.00018000000068241206,0.00030600000400227145,0.00031899999441975524,46.66340600000751,0.06666403100000594,0.06666390500000262,False,False,False,0
dense_1_far_05_v0.0_h0.3,dense_1_far_05,6.75,0.0,0.3,0.015969110221760577,False,True,False,False,0.0001679999996895276,0.00013199999671087426,0.00015999999902760464,46.66340600000751,0.06666369800000325,0.06666373400000623,False,False,False,0
dense_1_far_05_v0.0_h0.4,dense_1_far_05,6.75,0.0,0.4,0.015969110221760577,False,True,False,True,0.00011299999869152089,0.00014700000861012086,0.0001199999957179898,46.66340600000751,0.06666367300001184,0.06666363900000193,False,False,False,0
dense_1_far_05_v0.5_h0.2,dense_1_far_05,6.75,0.5,0.2,0.015969110221760577,False,True,False,False,0.00020800000299914245,0.00012299999241349724,9.900000463858305e-05,46.66340600000751,0.06666362800000457,0.06666371300001515,False,False,False,0
dense_1_far_05_v0.5_h0.3,dense_1_far_05,6.75,0.5,0.3,0.015969110221760577,False,True,False,True,8.600000001024455e-05,0.00011499999175157427,9.999999406318238e-05,46.66340600000751,0.06666362099999333,0.06666359200000159,False,False,False,0
dense_1_far_05_v0.5_h0.4,dense_1_far_05,6.75,0.5,0.4,0.015969110221760577,False,True,False,False,0.00016399999935856613,8.300000331473711e-05,0.00010300000496954453,46.66340600000751,0.0666635920000158,0.06666367300001184,False,False,False,0
dense_1_far_05_v1.0_h0.2,dense_1_far_05,6.75,1.0,0.2,0.015969110221760577,False,True,False,True,9.299999703671347e-05,0.0001350000076172364,0.00010299999075868982,46.66340600000751,0.06666364400000589,0.06666360199999531,False,False,False,0
dense_1_far_05_v1.0_h0.3,dense_1_far_05,6.75,1.0,0.3,0.015969110221760577,False,True,False,False,7.299999538190605e-05,8.70000036456986e-05,8.099999604382901e-05,46.66340600000751,0.0666635740000072,0.06666355999999894,False,False,False,0
dense_1_far_05_v1.0_h0.4,dense_1_far_05,6.75,1.0,0.4,0.015969110221760577,False,True,False,True,7.699999571286753e-05,9.299999703671347e-05,7.999999240837496e-05,46.66340600000751,0.06666357899999696,0.06666356299999564,False,False,False,0
dense_1_far_06_v0.0_h0.2,dense_1_far_06,6.800000000000001,0.0,0.2,0.015969110221760577,False,True,False,False,0.00018400000101337355,0.00010400000860499858,0.0002260000115938965,42.657482999999274,0.06265781300001948,0.06265789300001189,False,False,False,0
dense_1_far_06_v0.0_h0.3,dense_1_far_06,6.800000000000001,0.0,0.3,0.015969110221760577,False,True,False,True,9.699999736767495e-05,0.00010099999769863643,0.0001220000029888979,42.657482999999274,0.06265770599999997,0.06265770199999963,False,False,False,0
dense_1_far_06_v0.0_h0.4,dense_1_far_06,6.800000000000001,0.0,0.4,0.015969110221760577,False,True,False,False,7.999999240837496e-05,7.799999934832158e-05,0.00011400000232697494,42.657482999999274,0.06265767500000095,0.06265767699999401,False,False,False,0
dense_1_far_06_v0.5_h0.2,dense_1_far_06,6.800000000000001,0.5,0.2,0.015969110221760577,False,True,False,True,8.49999963747905e-05,0.00012599998910900467,0.00011200000926692155,42.657482999999274,0.06265772099999765,0.06265768000000492,False,False,False,0
dense_1_far_06_v0.5_h0.3,dense_1_far_06,6.800000000000001,0.5,0.3,0.015969110221760577,False,True,False,False,9.400000067216752e-05,8.199999967928306e-05,7.699999571286753e-05,42.657482999999274,0.06265764199999467,0.06265765399999566,False,False,False,0
dense_1_far_06_v0.5_h0.4,dense_1_far_06,6.800000000000001,0.5,0.4,0.015969110221760577,False,True,False,True,7.000001289725333e-05,7.400001322821481e-05,8.800000728115265e-05,42.657482999999274,0.06265764500001979,0.06265764100001946,False,False,False,0
dense_1_far_06_v1.0_h0.2,dense_1_far_06,6.800000000000001,1.0,0.2,0.015969110221760577,False,True,False,False,8.49999963747905e-05,6.399999108452903e-05,8.199999967928306e-05,42.657482999999274,0.06265762899999004,0.06265764999999533,False,False,False,0
dense_1_far_06_v1.0_h0.3,dense_1_far_06,6.800000000000001,1.0,0.3,0.015969110221760577,False,True,False,True,6.499999471998308e-05,7.500000265281415e-05,7.900000298377563e-05,42.657482999999274,0.06265763700000491,0.06265762699999698,False,False,False,0
dense_1_far_06_v1.0_h0.4,dense_1_far_06,6.800000000000001,1.0,0.4,0.015969110221760577,False,True,False,False,7.60000062882682e-05,6.700000199089118e-05,8.099999604382901e-05,42.657482999999274,0.06265763099999731,0.06265764000000161,False,False,False,0
dense_1_far_07_v0.0_h0.2,dense_1_far_07,6.8500000000000005,0.0,0.2,0.015969110221760577,False,True,False,True,0.00010299999075868982,0.00021299999275470327,0.00024700000267330324,44.06379399999594,0.06406425399999137,0.06406414399998937,False,False,False,0
dense_1_far_07_v0.0_h0.3,dense_1_far_07,6.8500000000000005,0.0,0.3,0.015969110221760577,False,True,False,False,9.500000430762157e-05,0.00012700000695531344,0.0001110000056314675,44.06379399999594,0.06406403200000853,0.06406400000000588,False,False,False,0
dense_1_far_07_v0.0_h0.4,dense_1_far_07,6.8500000000000005,0.0,0.4,0.015969110221760577,False,True,False,True,0.00012900000001536682,0.00010700000530050602,9.8000001003129e-05,44.06379399999594,0.06406399900000224,0.06406402099999696,False,False,False,0
dense_1_far_07_v0.5_h0.2,dense_1_far_07,6.8500000000000005,0.5,0.2,0.015969110221760577,False,True,False,False,9.499999009676685e-05,9.100000397666008e-05,0.0001199999957179898,44.06379399999594,0.06406400499999564,0.06406400899998176,False,False,False,0
dense_1_far_07_v0.5_h0.3,dense_1_far_07,6.8500000000000005,0.5,0.3,0.015969110221760577,False,True,False,True,6.999999868639861e-05,9.699999736767495e-05,7.799999934832158e-05,44.06379399999594,0.06406396899999266,0.06406394199999398,False,False,False,0
dense_1_far_07_v0.5_h0.4,dense_1_far_07,6.8500000000000005,0.5,0.4,0.015969110221760577,False,True,False,False,9.8000001003129e-05,6.999999868639861e-05,8.199999967928306e-05,44.06379399999594,0.0640639459999943,0.06406397399999662,False,False,False,0
dense_1_far_07_v1.0_h0.2,dense_1_far_07,6.8500000000000005,1.0,0.2,0.015969110221760577,False,True,False,True,6.999999868639861e-05,9.899999042772833e-05,8.899999670575198e-05,44.06379399999594,0.06406398199998307,0.06406395299999133,False,False,False,0
dense_1_far_07_v1.0_h0.3,dense_1_far_07,6.8500000000000005,1.0,0.3,0.015969110221760577,False,True,False,False,9.400000067216752e-05,6.399999108452903e-05,9.899999042772833e-05,44.06379399999594,0.06406395699997745,0.06406398699998704,False,False,False,0
dense_1_far_07_v1.0_h0.4,dense_1_far_07,6.8500000000000005,1.0,0.4,0.015969110221760577,False,True,False,True,0.00010200000133409048,9.900000463858305e-05,0.00013199999671087426,44.06379399999594,0.06406402499999729,0.06406402799999399,False,False,False,0
dense_1_far_08_v0.0_h0.2,dense_1_far_08,6.9,0.0,0.2,0.015969110221760577,False,True,False,False,0.0002630000039971492,0.00012900000001536682,0.00023900000201138027,63.67235999999821,0.08367272800000024,0.08367286200000422,False,False,False,0
dense_1_far_08_v0.0_h0.3,dense_1_far_08,6.9,0.0,0.3,0.015969110221760577,False,True,False,True,9.699999736767495e-05,0.0001089999983605594,0.00010099999769863643,63.67235999999821,0.08367256999999427,0.08367255799999328,False,False,False,0
dense_1_far_08_v0.0_h0.4,dense_1_far_08,6.9,0.0,0.4,0.015969110221760577,False,True,False,False,9.400000067216752e-05,9.100000397666008e-05,0.00013000000365082087,63.67235999999821,0.08367258100000584,0.08367258400000253,False,False,False,0
dense_1_far_08_v0.5_h0.2,dense_1_far_08,6.9,0.5,0.2,0.015969110221760577,False,True,False,True,8.70000036456986e-05,0.00012499999968440534,8.400000695019116e-05,63.67235999999821,0.08367256900000485,0.0836725310000088,False,False,False,0
dense_1_far_08_v0.5_h0.3,dense_1_far_08,6.9,0.5,0.3,0.015969110221760577,False,True,False,False,0.00011699999902248237,9.100000397666008e-05,9.200000761211413e-05,63.67235999999821,0.0836725430000098,0.08367256900000485,False,False,False,0
dense_1_far_08_v0.5_h0.4,dense_1_far_08,6.9,0.5,0.4,0.015969110221760577,False,True,False,True,8.399999273933645e-05,9.8000001003129e-05,8.199999967928306e-05,63.67235999999821,0.0836725399999989,0.08367252599999063,False,False,False,0
dense_1_far_08_v1.0_h0.2,dense_1_far_08,6.9,1.0,0.2,0.015969110221760577,False,True,False,False,0.00015999999902760464,6.0999994389021595e-05,8.000000661922968e-05,63.67235999999821,0.08367250099999922,0.08367260000000386,False,False,False,0
dense_1_far_08_v1.0_h0.3,dense_1_far_08,6.9,1.0,0.3,0.015969110221760577,False,True,False,True,0.00011800000265793642,9.500000430762157e-05,0.00011299999869152089,63.67235999999821,0.08367256800000121,0.08367259099999956,False,False,False,0
dense_1_far_08_v1.0_h0.4,dense_1_far_08,6.9,1.0,0.4,0.015969110221760577,False,True,False,False,9.500000430762157e-05,6.599999835543713e-05,8.099999604382901e-05,63.67235999999821,0.08367250699999261,0.08367253599999856,False,False,False,0
dense_1_far_09_v0.0_h0.2,dense_1_far_09,6.95,0.0,0.2,0.015969110221760577,False,True,False,True,0.0001390000079481979,0.00028200000201650255,0.00026499999705720256,58.326203000007126,0.0783267500000062,0.07832660700001214,False,False,False,0
dense_1_far_09_v0.0_h0.3,dense_1_far_09,6.95,0.0,0.3,0.015969110221760577,False,True,False,False,0.00014299999406830466,0.00012599998910900467,0.00012099999935344385,58.326203000007126,0.07832644999999559,0.07832646700000055,False,False,False,0
dense_1_far_09_v0.0_h0.4,dense_1_far_09,6.95,0.0,0.4,0.015969110221760577,False,True,False,True,0.0001330000003463283,0.00014000001158365194,8.799999307029793e-05,58.326203000007126,0.07832643100001178,0.07832642400000055,False,False,False,0
dense_1_far_09_v0.5_h0.2,dense_1_far_09,6.95,0.5,0.2,0.015969110221760577,False,True,False,False,0.0001309999930754202,7.900000298377563e-05,9.199999340125942e-05,58.326203000007126,0.07832637400000352,0.0783264259999936,False,False,False,0
dense_1_far_09_v0.5_h0.3,dense_1_far_09,6.95,0.5,0.3,0.015969110221760577,False,True,False,True,8.399999273933645e-05,0.0001069999910896513,9.900000463858305e-05,58.326203000007126,0.07832640900000286,0.07832638600000451,False,False,False,0
dense_1_far_09_v0.5_h0.4,dense_1_far_09,6.95,0.5,0.4,0.015969110221760577,False,True,False,False,0.00011600000959788304,7.799999934832158e-05,8.800000728115265e-05,58.326203000007126,0.07832636900001376,0.07832640700002401,False,False,False,0
dense_1_far_09_v1.0_h0.2,dense_1_far_09,6.95,1.0,0.2,0.015969110221760577,False,True,False,True,6.30000016599297e-05,0.00011199999505606684,7.999999240837496e-05,58.326203000007126,0.0783263949999946,0.0783263460000012,False,False,False,0
dense_1_far_09_v1.0_h0.3,dense_1_far_09,6.95,1.0,0.3,0.015969110221760577,False,True,False,False,9.699999736767495e-05,6.700000199089118e-05,8.500001058564521e-05,58.326203000007126,0.0783263550000197,0.07832638500001508,False,False,False,0
dense_1_far_09_v1.0_h0.4,dense_1_far_09,6.95,1.0,0.4,0.015969110221760577,False,True,False,True,6.899999505094456e-05,9.400000067216752e-05,9.699999736767495e-05,58.326203000007126,0.07832639400000517,0.07832636899999955,False,False,False,0
dense_1_free_01_v0.0_h0.2,dense_1_free_01,7.050000000000001,0.0,0.2,0.015969110221760577,False,True,False,False,0.0002789999911101404,0.0001479999980347202,0.00026499999705720256,48.07130399999693,0.06807171699999202,0.0680718479999851,False,False,False,0
dense_1_free_01_v0.0_h0.3,dense_1_free_01,7.050000000000001,0.0,0.3,0.015969110221760577,False,True,False,True,0.00014100000100825127,0.0001460000049746668,0.0001309999930754202,48.07130399999693,0.06807158099999498,0.06807157599999102,False,False,False,0
dense_1_free_01_v0.0_h0.4,dense_1_free_01,7.050000000000001,0.0,0.4,0.015969110221760577,False,True,False,False,0.00012799999637991277,0.00012299999241349724,9.000000034120603e-05,48.07130399999693,0.06807151699998969,0.06807152199999365,False,False,False,0
dense_1_free_01_v0.5_h0.2,dense_1_free_01,7.050000000000001,0.5,0.2,0.015969110221760577,False,True,False,True,8.899999670575198e-05,0.00014100000100825127,0.00011400000232697494,48.07130399999693,0.06807155900000027,0.06807150699999596,False,False,False,0
dense_1_free_01_v0.5_h0.3,dense_1_free_01,7.050000000000001,0.5,0.3,0.015969110221760577,False,True,False,False,0.00010799999472510535,6.900000926179928e-05,8.600000001024455e-05,48.07130399999693,0.0680714590000062,0.06807149799999167,False,False,False,0
dense_1_free_01_v0.5_h0.4,dense_1_free_01,7.050000000000001,0.5,0.4,0.015969110221760577,False,True,False,True,7.099998811099795e-05,0.00012299999241349724,0.00012099999935344385,48.07130399999693,0.0680715479999887,0.0680714959999844,False,False,False,0
dense_1_free_01_v1.0_h0.2,dense_1_free_01,7.050000000000001,1.0,0.2,0.015969110221760577,False,True,False,False,0.00010099999769863643,8.000000661922968e-05,8.199999967928306e-05,48.07130399999693,0.06807146600000323,0.06807148699999431,False,False,False,0
dense_1_free_01_v1.0_h0.3,dense_1_free_01,7.050000000000001,1.0,0.3,0.015969110221760577,False,True,False,True,7.599999207741348e-05,0.00012099999935344385,0.00011000000199601345,48.07130399999693,0.06807153499999828,0.068071489999991,False,False,False,0
dense_1_free_01_v1.0_h0.4,dense_1_free_01,7.050000000000001,1.0,0.4,0.015969110221760577,False,True,False,False,9.700001157852967e-05,6.499999471998308e-05,0.00010499999802959792,48.07130399999693,0.06807147399998968,0.06807150600000654,False,False,False,0
dense_1_free_02_v0.0_h0.2,dense_1_free_02,7.1000000000000005,0.0,0.2,0.015969110221760577,False,True,False,True,0.00013599999704183574,0.0002630000039971492,0.00026000000730164174,63.022291999999425,0.08302281500001073,0.08302268800000377,False,False,False,0
dense_1_free_02_v0.0_h0.3,dense_1_free_02,7.1000000000000005,0.0,0.3,0.015969110221760577,False,True,False,False,0.0001549999950611891,0.00013999999737279722,0.0001349999934063817,63.022291999999425,0.08302256699999021,0.0830225819999879,False,False,False,0
dense_1_free_02_v0.0_h0.4,dense_1_free_02,7.1000000000000005,0.0,0.4,0.015969110221760577,False,True,False,True,0.00011299999869152089,0.00012699999274445872,0.00011700001323333709,63.022291999999425,0.0830225360000054,0.08302252200001135,False,False,False,0
dense_1_free_02_v0.5_h0.2,dense_1_free_02,7.1000000000000005,0.5,0.2,0.015969110221760577,False,True,False,False,0.0001370000006772898,9.000000034120603e-05,9.500000430762157e-05,63.022291999999425,0.08302247700000408,0.08302252400000441,False,False,False,0
dense_1_free_02_v0.5_h0.3,dense_1_free_02,7.1000000000000005,0.5,0.3,0.015969110221760577,False,True,False,True,8.300000331473711e-05,0.00011199999505606684,8.699998943484388e-05,63.022291999999425,0.08302249099998392,0.08302246199999218,False,False,False,0
dense_1_free_02_v0.5_h0.4,dense_1_free_02,7.1000000000000005,0.5,0.4,0.015969110221760577,False,True,False,False,8.90000109166067e-05,6.600001256629184e-05,8.29999891038824e-05,63.022291999999425,0.0830224410000011,0.08302246399999945,False,False,False,0
dense_1_free_02_v1.0_h0.2,dense_1_free_02,7.1000000000000005,1.0,0.2,0.015969110221760577,False,True,False,True,6.899999505094456e-05,0.00011099999142061279,8.199999967928306e-05,63.022291999999425,0.08302248499999053,0.08302244299999416,False,False,False,0
dense_1_free_02_v1.0_h0.3,dense_1_free_02,7.1000000000000005,1.0,0.3,0.015969110221760577,False,True,False,False,9.900000463858305e-05,6.899999505094456e-05,8.399999273933645e-05,63.022291999999425,0.08302244499998722,0.0830224749999968,False,False,False,0
dense_1_free_02_v1.0_h0.4,dense_1_free_02,7.1000000000000005,1.0,0.4,0.015969110221760577,False,True,False,True,6.799999141549051e-05,9.699999736767495e-05,8.199999967928306e-05,63.022291999999425,0.08302247099999648,0.08302244199999052,False,False,False,0
dense_1_free_03_v0.0_h0.2,dense_1_free_03,7.15,0.0,0.2,0.015969110221760577,False,True,False,False,0.00022999999771400326,0.00011400000232697494,0.00021699999308566476,50.73404699999884,0.07073437799999426,0.07073449399998964,False,False,False,0
dense_1_free_03_v0.0_h0.3,dense_1_free_03,7.15,0.0,0.3,0.015969110221760577,False,True,False,True,0.00011800000265793642,0.000152999987790281,0.00014100000100825127,50.73404699999884,0.07073434099998764,0.07073430600000251,False,False,False,0
dense_1_free_03_v0.0_h0.4,dense_1_free_03,7.15,0.0,0.4,0.015969110221760577,False,True,False,False,0.00011699999902248237,9.999999406318238e-05,0.0001220000029888979,50.73404699999884,0.0707342689999959,0.07073428600000085,False,False,False,0
dense_1_free_03_v0.5_h0.2,dense_1_free_03,7.15,0.5,0.2,0.015969110221760577,False,True,False,True,9.700001157852967e-05,0.0001239999960489513,0.000124000010259806,50.73404699999884,0.07073429500000515,0.07073426800002068,False,False,False,0
dense_1_free_03_v0.5_h0.3,dense_1_free_03,7.15,0.5,0.3,0.015969110221760577,False,True,False,False,0.00013199999671087426,8.49999963747905e-05,0.00013399998977092764,50.73404699999884,0.07073426599998499,0.07073431299998532,False,False,False,0
dense_1_free_03_v0.5_h0.4,dense_1_free_03,7.15,0.5,0.4,0.015969110221760577,False,True,False,True,0.00010400000860499858,0.00010800000893596007,9.8000001003129e-05,50.73404699999884,0.07073425300000878,0.07073424900000845,False,False,False,0
dense_1_free_03_v1.0_h0.2,dense_1_free_03,7.15,1.0,0.2,0.015969110221760577,False,True,False,False,9.8000001003129e-05,7.900000298377563e-05,8.399999273933645e-05,50.73404699999884,0.07073420999999457,0.07073422899999258,False,False,False,0
dense_1_free_03_v1.0_h0.3,dense_1_free_03,7.15,1.0,0.3,0.015969110221760577,False,True,False,True,6.800000562634523e-05,7.699999571286753e-05,9.899999042772833e-05,50.73404699999884,0.07073422299998498,0.0707342139999949,False,False,False,0
dense_1_free_03_v1.0_h0.4,dense_1_free_03,7.15,1.0,0.4,0.015969110221760577,False,True,False,False,0.00011199999505606684,8.099999604382901e-05,9.699999736767495e-05,50.73404699999884,0.07073422499999225,0.07073425599999127,False,False,False,0
dense_1_free_04_v0.0_h0.2,dense_1_free_04,7.2,0.0,0.2,0.015969110221760577,False,True,False,True,0.00013100000728627492,0.0001679999996895276,0.0001829999973779195,53.305349999995144,0.07330570099999222,0.07330566399999981,False,False,False,0
dense_1_free_04_v0.0_h0.3,dense_1_free_04,7.2,0.0,0.3,0.015969110221760577,False,True,False,False,0.00012799999637991277,0.00010299999075868982,0.00013400000398178236,53.305349999995144,0.07330558699998989,0.07330561199999551,False,False,False,0
dense_1_free_04_v0.0_h0.4,dense_1_free_04,7.2,0.0,0.4,0.015969110221760577,False,True,False,True,9.199999340125942e-05,0.0001000000082740371,0.00011900000629339047,53.305349999995144,0.07330556900000972,0.07330556099999484,False,False,False,0
dense_1_free_04_v0.5_h0.2,dense_1_free_04,7.2,0.5,0.2,0.015969110221760577,False,True,False,False,0.00011900000629339047,0.0001000000082740371,8.49999963747905e-05,53.305349999995144,0.0733055349999998,0.07330555399999782,False,False,False,0
dense_1_free_04_v0.5_h0.3,dense_1_free_04,7.2,0.5,0.3,0.015969110221760577,False,True,False,True,7.999999240837496e-05,7.60000062882682e-05,8.300000331473711e-05,53.305349999995144,0.07330550900000475,0.07330551299999087,False,False,False,0
dense_1_free_04_v0.5_h0.4,dense_1_free_04,7.2,0.5,0.4,0.015969110221760577,False,True,False,False,9.500000430762157e-05,8.49999963747905e-05,8.600000001024455e-05,53.305349999995144,0.07330552099999153,0.07330553099999947,False,False,False,0
dense_1_free_04_v1.0_h0.2,dense_1_free_04,7.2,1.0,0.2,0.015969110221760577,False,True,False,True,8.399999273933645e-05,0.00011600000959788304,8.600000001024455e-05,53.305349999995144,0.07330555200000476,0.0733055199999879,False,False,False,0
dense_1_free_04_v1.0_h0.3,dense_1_free_04,7.2,1.0,0.3,0.015969110221760577,False,True,False,False,9.699999736767495e-05,0.00010399999439414387,8.300000331473711e-05,53.305349999995144,0.07330553699999286,0.07330552999999583,False,False,False,0
dense_1_free_04_v1.0_h0.4,dense_1_free_04,7.2,1.0,0.4,0.015969110221760577,False,True,False,True,8.100001025468373e-05,0.00011599999538702832,8.399999273933645e-05,53.305349999995144,0.07330554999998327,0.07330551499999814,False,False,False,0
dense_1_free_05_v0.0_h0.2,dense_1_free_05,7.25,0.0,0.2,0.015969110221760577,False,True,False,False,0.00022900000828940392,0.00012900000001536682,0.00021299999275470327,73.45538299999532,0.0934557249999881,0.09345582499999637,False,False,False,0
dense_1_free_05_v0.0_h0.3,dense_1_free_05,7.25,0.0,0.3,0.015969110221760577,False,True,False,True,0.00012099999935344385,0.0001260000033198594,0.0001590000096030053,73.45538299999532,0.09345566800000825,0.09345566300000428,False,False,False,0
dense_1_free_05_v0.0_h0.4,dense_1_free_05,7.25,0.0,0.4,0.015969110221760577,False,True,False,False,0.000124000010259806,0.00010400000860499858,0.00013000000365082087,73.45538299999532,0.09345561700000758,0.09345563700000924,False,False,False,0
dense_1_free_05_v0.5_h0.2,dense_1_free_05,7.25,0.5,0.2,0.015969110221760577,False,True,False,True,8.199999967928306e-05,9.8000001003129e-05,0.00011200000926692155,73.45538299999532,0.0934555930000056,0.09345557700000427,False,False,False,0
dense_1_free_05_v0.5_h0.3,dense_1_free_05,7.25,0.5,0.3,0.015969110221760577,False,True,False,False,0.00010300000496954453,7.000001289725333e-05,0.00010600000166505197,73.45538299999532,0.09345555900000989,0.09345559200000196,False,False,False,0
dense_1_free_05_v0.5_h0.4,dense_1_free_05,7.25,0.5,0.4,0.015969110221760577,False,True,False,True,7.100000232185266e-05,9.699999736767495e-05,8.600000001024455e-05,73.45538299999532,0.0934555659999927,0.09345553999999766,False,False,False,0
dense_1_free_05_v1.0_h0.2,dense_1_free_05,7.25,1.0,0.2,0.015969110221760577,False,True,False,False,0.0001110000056314675,6.799999141549051e-05,9.8000001003129e-05,73.45538299999532,0.09345554899998774,0.09345559200000196,False,False,False,0
dense_1_free_05_v1.0_h0.3,dense_1_free_05,7.25,1.0,0.3,0.015969110221760577,False,True,False,True,6.999999868639861e-05,9.400000067216752e-05,8.099999604382901e-05,73.45538299999532,0.09345555799999204,0.09345553399999006,False,False,False,0
dense_1_free_05_v1.0_h0.4,dense_1_free_05,7.25,1.0,0.4,0.015969110221760577,False,True,False,False,9.499999009676685e-05,6.899999505094456e-05,8.300000331473711e-05,73.45538299999532,0.09345553499999369,0.09345556099998874,False,False,False,0
dense_1_free_06_v0.0_h0.2,dense_1_free_06,7.300000000000001,0.0,0.2,0.015969110221760577,False,True,False,True,0.0001179999884470817,0.00019499999837080395,0.00021400001060101204,49.695388000003504,0.06969579700001248,0.06969572000000256,False,False,False,0
dense_1_free_06_v0.0_h0.3,dense_1_free_06,7.300000000000001,0.0,0.3,0.015969110221760577,False,True,False,False,0.00014500000133921276,0.0001349999934063817,0.00014899998745931953,49.695388000003504,0.06969567199998437,0.0696956819999923,False,False,False,0
dense_1_free_06_v0.0_h0.4,dense_1_free_06,7.300000000000001,0.0,0.4,0.015969110221760577,False,True,False,True,0.00012900000001536682,0.00012699999274445872,0.00011000000199601345,49.695388000003504,0.06969562499999825,0.06969562700000552,False,False,False,0
dense_1_free_06_v0.5_h0.2,dense_1_free_06,7.300000000000001,0.5,0.2,0.015969110221760577,False,True,False,False,0.00010799999472510535,9.699999736767495e-05,9.8000001003129e-05,49.695388000003504,0.06969558300000188,0.06969559399999924,False,False,False,0
dense_1_free_06_v0.5_h0.3,dense_1_free_06,7.300000000000001,0.5,0.3,0.015969110221760577,False,True,False,True,6.50000089308378e-05,0.00012799999637991277,0.00010499999802959792,49.695388000003504,0.06969562099999792,0.06969555800001047,False,False,False,0
dense_1_free_06_v0.5_h0.4,dense_1_free_06,7.300000000000001,0.5,0.4,0.015969110221760577,False,True,False,False,6.999999868639861e-05,7.999999240837496e-05,8.100001025468373e-05,49.695388000003504,0.06969554900000617,0.06969553900001245,False,False,False,0
dense_1_free_06_v1.0_h0.2,dense_1_free_06,7.300000000000001,1.0,0.2,0.015969110221760577,False,True,False,True,9.59999937322209e-05,0.0001000000082740371,8.199999967928306e-05,49.695388000003504,0.06969557000001146,0.06969556599999692,False,False,False,0
dense_1_free_06_v1.0_h0.3,dense_1_free_06,7.300000000000001,1.0,0.3,0.015969110221760577,False,True,False,False,9.400000067216752e-05,6.999999868639861e-05,0.00011699999902248237,49.695388000003504,0.06969557500000122,0.0696955990000032,False,False,False,0
dense_1_free_06_v1.0_h0.4,dense_1_free_06,7.300000000000001,1.0,0.4,0.015969110221760577,False,True,False,True,6.700000199089118e-05,0.00010200000133409048,8.70000036456986e-05,49.695388000003504,0.06969557700000849,0.06969554200000914,False,False,False,0
dense_1_free_07_v0.0_h0.2,dense_1_free_07,7.3500000000000005,0.0,0.2,0.015969110221760577,False,True,False,False,0.00020600000993908907,0.00011699999902248237,0.0002089999924237418,45.67144500000353,0.06567177099999498,0.0656718600000059,False,False,False,0
dense_1_free_07_v0.0_h0.3,dense_1_free_07,7.3500000000000005,0.0,0.3,0.015969110221760577,False,True,False,True,9.59999937322209e-05,0.00010700000530050602,0.0001459999907638121,45.67144500000353,0.0656716979999996,0.06567168699998803,False,False,False,0
dense_1_free_07_v0.0_h0.4,dense_1_free_07,7.3500000000000005,0.0,0.4,0.015969110221760577,False,True,False,False,9.299999703671347e-05,9.199999340125942e-05,0.00011400000232697494,45.67144500000353,0.06567165099999926,0.0656716520000029,False,False,False,0
dense_1_free_07_v0.5_h0.2,dense_1_free_07,7.3500000000000005,0.5,0.2,0.015969110221760577,False,True,False,True,6.50000089308378e-05,0.0001370000006772898,0.0001199999957179898,45.67144500000353,0.06567170199999993,0.06567163000000818,False,False,False,0
dense_1_free_07_v0.5_h0.3,dense_1_free_07,7.3500000000000005,0.5,0.3,0.015969110221760577,False,True,False,False,7.1999991746452e-05,8.799999307029793e-05,0.00010400000860499858,45.67144500000353,0.06567163700000521,0.06567162100000389,False,False,False,0
dense_1_free_07_v0.5_h0.4,dense_1_free_07,7.3500000000000005,0.5,0.4,0.015969110221760577,False,True,False,True,6.999999868639861e-05,9.699999736767495e-05,8.400000695019116e-05,45.67144500000353,0.06567162600000785,0.06567159900000917,False,False,False,0
dense_1_free_07_v1.0_h0.2,dense_1_free_07,7.3500000000000005,1.0,0.2,0.015969110221760577,False,True,False,False,0.00011199999505606684,6.399999108452903e-05,8.300000331473711e-05,45.67144500000353,0.06567159199999793,0.0656716400000019,False,False,False,0
dense_1_free_07_v1.0_h0.3,dense_1_free_07,7.3500000000000005,1.0,0.3,0.015969110221760577,False,True,False,True,7.300000959276076e-05,7.300000959276076e-05,8.49999963747905e-05,45.67144500000353,0.0656716030000095,0.0656716030000095,False,False,False,0
dense_1_free_07_v1.0_h0.4,dense_1_free_07,7.3500000000000005,1.0,0.4,0.015969110221760577,False,True,False,False,9.59999937322209e-05,6.499999471998308e-05,8.000000661922968e-05,45.67144500000353,0.06567159000000487,0.06567162100000389,False,False,False,0
dense_1_free_08_v0.0_h0.2,dense_1_free_08,7.4,0.0,0.2,0.015969110221760577,False,True,False,True,0.0001479999980347202,0.00019700000564171205,0.00020500000630363502,54.78008199999351,0.07478048400000546,0.07478043499999786,False,False,False,0
dense_1_free_08_v0.0_h0.3,dense_1_free_08,7.4,0.0,0.3,0.015969110221760577,False,True,False,False,8.899999670575198e-05,0.00012699999274445872,0.00015599999869664316,54.78008199999351,0.07478036499998496,0.07478032699998892,False,False,False,0
dense_1_free_08_v0.0_h0.4,dense_1_free_08,7.4,0.0,0.4,0.015969110221760577,False,True,False,True,8.600000001024455e-05,0.00012900000001536682,9.59999937322209e-05,54.78008199999351,0.07478030699998726,0.07478026399998726,False,False,False,0
dense_1_free_08_v0.5_h0.2,dense_1_free_08,7.4,0.5,0.2,0.015969110221760577,False,True,False,False,0.00012799999637991277,7.500000265281415e-05,9.499999009676685e-05,54.78008199999351,0.07478025199998627,0.07478030499998,False,False,False,0
dense_1_free_08_v0.5_h0.3,dense_1_free_08,7.4,0.5,0.3,0.015969110221760577,False,True,False,True,7.699999571286753e-05,0.0001239999960489513,0.0001069999910896513,54.78008199999351,0.07478031299998066,0.07478026599998032,False,False,False,0
dense_1_free_08_v0.5_h0.4,dense_1_free_08,7.4,0.5,0.4,0.015969110221760577,False,True,False,False,0.0001089999983605594,6.400000529538374e-05,9.8000001003129e-05,54.78008199999351,0.07478024399999982,0.07478028899999288,False,False,False,0
dense_1_free_08_v1.0_h0.2,dense_1_free_08,7.4,1.0,0.2,0.015969110221760577,False,True,False,True,6.999999868639861e-05,0.00011400000232697494,8.70000036456986e-05,54.78008199999351,0.07478028299999949,0.07478023899999585,False,False,False,0
dense_1_free_08_v1.0_h0.3,dense_1_free_08,7.4,1.0,0.3,0.015969110221760577,False,True,False,False,9.199999340125942e-05,6.800000562634523e-05,9.100000397666008e-05,54.78008199999351,0.07478024100000312,0.0747802649999909,False,False,False,0
dense_1_free_08_v1.0_h0.4,dense_1_free_08,7.4,1.0,0.4,0.015969110221760577,False,True,False,True,7.100000232185266e-05,0.00011400000232697494,8.199999967928306e-05,54.78008199999351,0.07478027799999552,0.07478023499999552,False,False,False,0
dense_1_free_09_v0.0_h0.2,dense_1_free_09,7.45,0.0,0.2,0.015969110221760577,False,True,False,False,0.00018900000497978908,0.00010399999439414387,0.00020299999903272692,48.72237400000046,0.06872268099999389,0.06872276600000447,False,False,False,0
dense_1_free_09_v0.0_h0.3,dense_1_free_09,7.45,0.0,0.3,0.015969110221760577,False,True,False,True,0.00010099999769863643,0.00011599999538702832,0.00014500000133921276,48.72237400000046,0.06872263499999719,0.0687226199999995,False,False,False,0
dense_1_free_09_v0.0_h0.4,dense_1_free_09,7.45,0.0,0.4,0.015969110221760577,False,True,False,False,0.00010200000133409048,9.199999340125942e-05,0.00015599999869664316,48.72237400000046,0.06872262199999256,0.06872263200000049,False,False,False,0
dense_1_free_09_v0.5_h0.2,dense_1_free_09,7.45,0.5,0.2,0.015969110221760577,False,True,False,True,7.799999934832158e-05,0.00013199999671087426,0.00010700000530050602,48.72237400000046,0.06872261300000247,0.06872255900000511,False,False,False,0
dense_1_free_09_v0.5_h0.3,dense_1_free_09,7.45,0.5,0.3,0.015969110221760577,False,True,False,False,0.0001370000006772898,8.199999967928306e-05,8.400000695019116e-05,48.72237400000046,0.06872254000000709,0.06872259500000809,False,False,False,0
dense_1_free_09_v0.5_h0.4,dense_1_free_09,7.45,0.5,0.4,0.015969110221760577,False,True,False,True,8.099999604382901e-05,9.900000463858305e-05,9.699999736767495e-05,48.72237400000046,0.06872257000000247,0.06872255199999387,False,False,False,0
dense_1_free_09_v1.0_h0.2,dense_1_free_09,7.45,1.0,0.2,0.015969110221760577,False,True,False,False,0.0001720000000204891,7.500000265281415e-05,9.499999009676685e-05,48.72237400000046,0.06872254399999321,0.06872264099999058,False,False,False,0
dense_1_free_09_v1.0_h0.3,dense_1_free_09,7.45,1.0,0.3,0.015969110221760577,False,True,False,True,9.699999736767495e-05,0.00010400000860499858,8.199999967928306e-05,48.72237400000046,0.06872256000000874,0.06872255299999751,False,False,False,0
dense_1_free_09_v1.0_h0.4,dense_1_free_09,7.45,1.0,0.4,0.015969110221760577,False,True,False,False,9.799998679227429e-05,7.100000232185266e-05,8.800000728115265e-05,48.72237400000046,0.06872253300001006,0.06872255999999453,False,False,False,0
dense_1_near_00_v0.0_h0.2,dense_1_near_00,7.5,0.0,0.2,0.015969110221760577,False,True,False,True,0.00018999999440438842,0.00029999999640040187,0.00029299999937393295,73.73541000000472,0.0937360030000005,0.0937358929999985,False,False,False,0
dense_1_near_00_v0.0_h0.3,dense_1_near_00,7.5,0.0,0.3,0.015969110221760577,False,True,False,False,0.00015400000563658978,0.00015999999902760464,0.00017999998647155735,73.73541000000472,0.09373574999999022,0.09373574399999683,False,False,False,0
dense_1_near_00_v0.0_h0.4,dense_1_near_00,7.5,0.0,0.4,0.015969110221760577,False,True,False,True,0.0001330000003463283,0.00013100000728627492,0.00014700000861012086,73.73541000000472,0.09373568800002062,0.09373569000001368,False,False,False,0
dense_1_near_00_v0.5_h0.2,dense_1_near_00,7.5,0.5,0.2,0.015969110221760577,False,True,False,False,0.00013799999010188913,0.0001089999983605594,0.0001439999977037587,73.73541000000472,0.09373566300000079,0.09373569199999253,False,False,False,0
dense_1_near_00_v0.5_h0.3,dense_1_near_00,7.5,0.5,0.3,0.015969110221760577,False,True,False,True,7.999999240837496e-05,0.00010299999075868982,0.00010600000166505197,73.73541000000472,0.09373561899999715,0.0937355959999988,False,False,False,0
dense_1_near_00_v0.5_h0.4,dense_1_near_00,7.5,0.5,0.4,0.015969110221760577,False,True,False,False,7.299999538190605e-05,8.899999670575198e-05,8.29999891038824e-05,73.73541000000472,0.09373558199999053,0.09373556599998921,False,False,False,0
dense_1_near_00_v1.0_h0.2,dense_1_near_00,7.5,1.0,0.2,0.015969110221760577,False,True,False,True,7.400001322821481e-05,0.00011199999505606684,9.500000430762157e-05,73.73541000000472,0.09373561700000409,0.09373557900002226,False,False,False,0
dense_1_near_00_v1.0_h0.3,dense_1_near_00,7.5,1.0,0.3,0.015969110221760577,False,True,False,False,9.400000067216752e-05,6.700000199089118e-05,8.799999307029793e-05,73.73541000000472,0.09373556499999978,0.09373559199999847,False,False,False,0
dense_1_near_00_v1.0_h0.4,dense_1_near_00,7.5,1.0,0.4,0.015969110221760577,False,True,False,True,9.8000001003129e-05,7.300000959276076e-05,8.799999307029793e-05,73.73541000000472,0.09373557100000739,0.0937355959999988,False,False,False,0
dense_1_near_01_v0.0_h0.2,dense_1_near_01,7.550000000000001,0.0,0.2,0.015969110221760577,False,True,False,False,0.00031699998714884714,0.00013400000398178236,0.0002350000016804188,64.60211999999643,0.0846024890000021,0.08460267199998527,False,False,False,0
dense_1_near_01_v0.0_h0.3,dense_1_near_01,7.550000000000001,0.0,0.3,0.015969110221760577,False,True,False,True,0.00012900000001536682,0.00017099999638503505,0.00014500000133921276,64.60211999999643,0.08460243599999416,0.08460239399999779,False,False,False,0
dense_1_near_01_v0.0_h0.4,dense_1_near_01,7.550000000000001,0.0,0.4,0.015969110221760577,False,True,False,False,0.00014200000464370532,0.00011000000199601345,0.00010799999472510535,64.60211999999643,0.08460233799999316,0.0846023699999958,False,False,False,0
dense_1_near_01_v0.5_h0.2,dense_1_near_01,7.550000000000001,0.5,0.2,0.015969110221760577,False,True,False,True,8.000000661922968e-05,0.00010600000166505197,9.000000034120603e-05,64.60211999999643,0.08460231599999844,0.0846022900000034,False,False,False,0
dense_1_near_01_v0.5_h0.3,dense_1_near_01,7.550000000000001,0.5,0.3,0.015969110221760577,False,True,False,False,9.59999937322209e-05,9.300001124756818e-05,0.00010600000166505197,64.60211999999643,0.08460231900000935,0.08460232199999183,False,False,False,0
dense_1_near_01_v0.5_h0.4,dense_1_near_01,7.550000000000001,0.5,0.4,0.015969110221760577,False,True,False,True,6.999999868639861e-05,0.00015599999869664316,9.899999042772833e-05,64.60211999999643,0.08460237499998556,0.08460228899998555,False,False,False,0
dense_1_near_01_v1.0_h0.2,dense_1_near_01,7.550000000000001,1.0,0.2,0.015969110221760577,False,True,False,False,8.600000001024455e-05,9.500000430762157e-05,8.899999670575198e-05,64.60211999999643,0.08460230399999745,0.08460229499999315,False,False,False,0
dense_1_near_01_v1.0_h0.3,dense_1_near_01,7.550000000000001,1.0,0.3,0.015969110221760577,False,True,False,True,8.90000109166067e-05,0.0001220000029888979,0.0001089999983605594,64.60211999999643,0.08460235099999779,0.08460231800000571,False,False,False,0
dense_1_near_01_v1.0_h0.4,dense_1_near_01,7.550000000000001,1.0,0.4,0.015969110221760577,False,True,False,False,0.00011000000199601345,8.899999670575198e-05,0.00012900000001536682,64.60211999999643,0.08460233799999316,0.08460235899999845,False,False,False,0
dense_1_near_02_v0.0_h0.2,dense_1_near_02,7.6000000000000005,0.0,0.2,0.015969110221760577,False,True,False,True,0.00014100000100825127,0.0002989999927649478,0.00024100000928228837,57.75668799999778,0.07775722799999983,0.07775707000000807,False,False,False,0
dense_1_near_02_v0.0_h0.3,dense_1_near_02,7.6000000000000005,0.0,0.3,0.015969110221760577,False,True,False,False,0.0001239999960489513,0.00011899999208253575,0.00017299998944508843,57.75668799999778,0.07775697999997931,0.07775698499998328,False,False,False,0
dense_1_near_02_v0.0_h0.4,dense_1_near_02,7.6000000000000005,0.0,0.4,0.015969110221760577,False,True,False,True,9.500000430762157e-05,0.00011000000199601345,0.00011099999142061279,57.75668799999778,0.0777569089999912,0.07775689399999351,False,False,False,0
dense_1_near_02_v0.5_h0.2,dense_1_near_02,7.6000000000000005,0.5,0.2,0.015969110221760577,False,True,False,False,0.00016500000299402018,8.600000001024455e-05,8.899999670575198e-05,57.75668799999778,0.0777568629999945,0.07775694199999748,False,False,False,0
dense_1_near_02_v0.5_h0.3,dense_1_near_02,7.6000000000000005,0.5,0.3,0.015969110221760577,False,True,False,True,7.900000298377563e-05,9.59999937322209e-05,0.00010499999802959792,57.75668799999778,0.07775688899998955,0.0777568719999988,False,False,False,0
dense_1_near_02_v0.5_h0.4,dense_1_near_02,7.6000000000000005,0.5,0.4,0.015969110221760577,False,True,False,False,9.999999406318238e-05,6.499999471998308e-05,9.199999340125942e-05,57.75668799999778,0.0777568449999859,0.07775687999998525,False,False,False,0
dense_1_near_02_v1.0_h0.2,dense_1_near_02,7.6000000000000005,1.0,0.2,0.015969110221760577,False,True,False,True,6.499999471998308e-05,8.90000109166067e-05,0.0001089999983605594,57.75668799999778,0.07775688600000706,0.07775686199999086,False,False,False,0
dense_1_near_02_v1.0_h0.3,dense_1_near_02,7.6000000000000005,1.0,0.3,0.015969110221760577,False,True,False,False,0.00011199999505606684,0.0001000000082740371,8.300000331473711e-05,57.75668799999778,0.07775687100000937,0.07775688299999615,False,False,False,0
dense_1_near_02_v1.0_h0.4,dense_1_near_02,7.6000000000000005,1.0,0.4,0.015969110221760577,False,True,False,True,6.399999108452903e-05,9.199999340125942e-05,7.900000298377563e-05,57.75668799999778,0.07775685899999417,0.07775683099999185,False,False,False,0
dense_1_near_03_v0.0_h0.2,dense_1_near_03,7.65,0.0,0.2,0.015969110221760577,False,True,False,False,0.0002049999920927803,0.00011800000265793642,0.00023600000531587284,51.488871000003655,0.07148922500001163,0.07148931200000107,False,False,False,0
dense_1_near_03_v0.0_h0.3,dense_1_near_03,7.65,0.0,0.3,0.015969110221760577,False,True,False,True,0.0001199999957179898,0.0001000000082740371,0.00014500000133921276,51.488871000003655,0.07148911600001327,0.07148913600000072,False,False,False,0
dense_1_near_03_v0.0_h0.4,dense_1_near_03,7.65,0.0,0.4,0.015969110221760577,False,True,False,False,0.00011600000959788304,7.299999538190605e-05,0.00012000000992884452,51.488871000003655,0.07148906400000897,0.07148910700002319,False,False,False,0
dense_1_near_03_v0.5_h0.2,dense_1_near_03,7.65,0.5,0.2,0.015969110221760577,False,True,False,True,8.600000001024455e-05,0.00011400000232697494,0.00010800000893596007,51.488871000003655,0.07148909300001492,0.0714890650000126,False,False,False,0
dense_1_near_03_v0.5_h0.3,dense_1_near_03,7.65,0.5,0.3,0.015969110221760577,False,True,False,False,0.00010299999075868982,6.699998778003646e-05,7.699999571286753e-05,51.488871000003655,0.07148901499998715,0.07148905099999013,False,False,False,0
dense_1_near_03_v0.5_h0.4,dense_1_near_03,7.65,0.5,0.4,0.015969110221760577,False,True,False,True,6.900000926179928e-05,9.999999406318238e-05,8.799999307029793e-05,51.488871000003655,0.07148905899999079,0.07148902800000599,False,False,False,0
dense_1_near_03_v1.0_h0.2,dense_1_near_03,7.65,1.0,0.2,0.015969110221760577,False,True,False,False,0.0001089999983605594,6.999999868639861e-05,8.699998943484388e-05,51.488871000003655,0.07148902799999178,0.07148906699999145,False,False,False,0
dense_1_near_03_v1.0_h0.3,dense_1_near_03,7.65,1.0,0.3,0.015969110221760577,False,True,False,True,8.399999273933645e-05,9.699999736767495e-05,9.59999937322209e-05,51.488871000003655,0.07148906399999476,0.07148905099999013,False,False,False,0
dense_1_near_03_v1.0_h0.4,dense_1_near_03,7.65,1.0,0.4,0.015969110221760577,False,True,False,False,0.00011200000926692155,6.700000199089118e-05,8.699998943484388e-05,51.488871000003655,0.07148902499999508,0.07148907000000236,False,False,False,0
dense_1_near_04_v0.0_h0.2,dense_1_near_04,7.7,0.0,0.2,0.015969110221760577,False,True,False,True,0.00013400000398178236,0.0002200000039920269,0.0002419999987068877,62.54730700000266,0.08254776900000536,0.08254768300000535,False,False,False,0
dense_1_near_04_v0.0_h0.3,dense_1_near_04,7.7,0.0,0.3,0.015969110221760577,False,True,False,False,0.00013100000728627492,0.00013000000365082087,0.00011900000629339047,62.54730700000266,0.08254755600001261,0.08254755700001624,False,False,False,0
dense_1_near_04_v0.0_h0.4,dense_1_near_04,7.7,0.0,0.4,0.015969110221760577,False,True,False,True,8.799999307029793e-05,0.00010099999769863643,9.000000034120603e-05,62.54730700000266,0.0825474980000007,0.08254748499999608,False,False,False,0
dense_1_near_04_v0.5_h0.2,dense_1_near_04,7.7,0.5,0.2,0.015969110221760577,False,True,False,False,0.00011500000596242899,0.00010300000496954453,8.70000036456986e-05,62.54730700000266,0.08254749700001128,0.08254750900001227,False,False,False,0
dense_1_near_04_v0.5_h0.3,dense_1_near_04,7.7,0.5,0.3,0.015969110221760577,False,True,False,True,0.0001069999910896513,0.00012000000992884452,8.800000728115265e-05,62.54730700000266,0.08254751500001987,0.08254750200000104,False,False,False,0
dense_1_near_04_v0.5_h0.4,dense_1_near_04,7.7,0.5,0.4,0.015969110221760577,False,True,False,False,8.800000728115265e-05,9.499999009676685e-05,9.199999340125942e-05,62.54730700000266,0.08254749399998616,0.08254748700000335,False,False,False,0
dense_1_near_04_v1.0_h0.2,dense_1_near_04,7.7,1.0,0.2,0.015969110221760577,False,True,False,True,7.799999934832158e-05,0.00010099999769863643,7.999999240837496e-05,62.54730700000266,0.08254748799999277,0.08254746499999442,False,False,False,0
dense_1_near_04_v1.0_h0.3,dense_1_near_04,7.7,1.0,0.3,0.015969110221760577,False,True,False,False,0.00010300000496954453,6.999999868639861e-05,8.400000695019116e-05,62.54730700000266,0.0825474610000083,0.08254749400001458,False,False,False,0
dense_1_near_04_v1.0_h0.4,dense_1_near_04,7.7,1.0,0.4,0.015969110221760577,False,True,False,True,6.900000926179928e-05,9.699999736767495e-05,8.600000001024455e-05,62.54730700000266,0.08254749000000004,0.08254746200001194,False,False,False,0
dense_1_near_05_v0.0_h0.2,dense_1_near_05,7.75,0.0,0.2,0.015969110221760577,False,True,False,False,0.00024099999507143366,0.00013599999704183574,0.0002569999963952796,59.670968999995466,0.07967136199998891,0.07967146699998694,False,False,False,0
dense_1_near_05_v0.0_h0.3,dense_1_near_05,7.75,0.0,0.3,0.015969110221760577,False,True,False,True,0.00011800000265793642,0.00015399999142573506,0.00017099999638503505,59.670968999995466,0.07967129399998328,0.07967125799999451,False,False,False,0
dense_1_near_05_v0.0_h0.4,dense_1_near_05,7.75,0.0,0.4,0.015969110221760577,False,True,False,False,0.00012900000001536682,9.900000463858305e-05,0.00011800000265793642,59.670968999995466,0.07967118600000277,0.07967121599999814,False,False,False,0
dense_1_near_05_v0.5_h0.2,dense_1_near_05,7.75,0.5,0.2,0.015969110221760577,False,True,False,True,7.900000298377563e-05,0.00012900000001536682,0.0001110000056314675,59.670968999995466,0.07967120900000112,0.07967115900000409,False,False,False,0
dense_1_near_05_v0.5_h0.3,dense_1_near_05,7.75,0.5,0.3,0.015969110221760577,False,True,False,False,0.00012799999637991277,8.600000001024455e-05,9.400000067216752e-05,59.670968999995466,0.07967114899999615,0.07967119099999252,False,False,False,0
dense_1_near_05_v0.5_h0.4,dense_1_near_05,7.75,0.5,0.4,0.015969110221760577,False,True,False,True,7.799999934832158e-05,0.00010200000133409048,0.00010399999439414387,59.670968999995466,0.0796711749999912,0.07967115099998921,False,False,False,0
dense_1_near_05_v1.0_h0.2,dense_1_near_05,7.75,1.0,0.2,0.015969110221760577,False,True,False,False,7.500000265281415e-05,7.299999538190605e-05,8.500001058564521e-05,59.670968999995466,0.07967112700000144,0.07967112900000871,False,False,False,0
dense_1_near_05_v1.0_h0.3,dense_1_near_05,7.75,1.0,0.3,0.015969110221760577,False,True,False,True,7.100000232185266e-05,9.59999937322209e-05,9.199999340125942e-05,59.670968999995466,0.0796711569999826,0.0796711319999912,False,False,False,0
dense_1_near_05_v1.0_h0.4,dense_1_near_05,7.75,1.0,0.4,0.015969110221760577,False,True,False,False,0.0001089999983605594,6.999999868639861e-05,8.199999967928306e-05,59.670968999995466,0.07967112099999384,0.07967115999999351,False,False,False,0
dense_1_near_06_v0.0_h0.2,dense_1_near_06,7.800000000000001,0.0,0.2,0.015969110221760577,False,True,False,True,0.00011299999869152089,0.00024099999507143366,0.0002069999993636884,44.827802999989785,0.06482825099998422,0.06482812299998784,False,False,False,0
dense_1_near_06_v0.0_h0.3,dense_1_near_06,7.800000000000001,0.0,0.3,0.015969110221760577,False,True,False,False,0.0001370000006772898,0.0001419999904328506,0.0001459999907638121,44.827802999989785,0.06482809099997099,0.06482808599998123,False,False,False,0
dense_1_near_06_v0.0_h0.4,dense_1_near_06,7.800000000000001,0.0,0.4,0.015969110221760577,False,True,False,True,8.199999967928306e-05,0.00010700000530050602,0.00011700001323333709,44.827802999989785,0.06482802700000832,0.0648280020000027,False,False,False,0
dense_1_near_06_v0.5_h0.2,dense_1_near_06,7.800000000000001,0.5,0.2,0.015969110221760577,False,True,False,False,0.00011099999142061279,8.399999273933645e-05,9.699999736767495e-05,44.827802999989785,0.0648279839999799,0.06482801099997858,False,False,False,0
dense_1_near_06_v0.5_h0.3,dense_1_near_06,7.800000000000001,0.5,0.3,0.015969110221760577,False,True,False,True,7.900000298377563e-05,9.600000794307562e-05,9.600000794307562e-05,44.827802999989785,0.06482799500000568,0.06482797800000072,False,False,False,0
dense_1_near_06_v0.5_h0.4,dense_1_near_06,7.800000000000001,0.5,0.4,0.015969110221760577,False,True,False,False,0.00010099999769863643,7.900000298377563e-05,7.999999240837496e-05,44.827802999989785,0.06482796199998518,0.0648279839999799,False,False,False,0
dense_1_near_06_v1.0_h0.2,dense_1_near_06,7.800000000000001,1.0,0.2,0.015969110221760577,False,True,False,True,6.599999835543713e-05,0.00010399999439414387,8.099999604382901e-05,44.827802999989785,0.06482798799998023,0.06482794999998419,False,False,False,0
dense_1_near_06_v1.0_h0.3,dense_1_near_06,7.800000000000001,1.0,0.3,0.015969110221760577,False,True,False,False,0.00011000000199601345,7.100000232185266e-05,8.000000661922968e-05,44.827802999989785,0.06482795399999873,0.0648279929999984,False,False,False,0
dense_1_near_06_v1.0_h0.4,dense_1_near_06,7.800000000000001,1.0,0.4,0.015969110221760577,False,True,False,True,6.800000562634523e-05,0.00010799999472510535,7.899998877292091e-05,44.827802999989785,0.06482798999997329,0.06482794999998419,False,False,False,0
dense_1_near_07_v0.0_h0.2,dense_1_near_07,7.8500000000000005,0.0,0.2,0.015969110221760577,False,True,False,False,0.00022599999738304177,0.00013800000431274384,0.00022300000068753434,60.46323799999698,0.08046359900000198,0.08046368699999505,False,False,False,0
dense_1_near_07_v0.0_h0.3,dense_1_near_07,7.8500000000000005,0.0,0.3,0.015969110221760577,False,True,False,True,9.700001157852967e-05,9.8000001003129e-05,0.00013200001092172897,60.46323799999698,0.0804634680000089,0.08046346700001948,False,False,False,0
dense_1_near_07_v0.0_h0.4,dense_1_near_07,7.8500000000000005,0.0,0.4,0.015969110221760577,False,True,False,False,0.00013399998977092764,0.00010799999472510535,8.099999604382901e-05,60.46323799999698,0.08046342699998775,0.0804634529999828,False,False,False,0
dense_1_near_07_v0.5_h0.2,dense_1_near_07,7.8500000000000005,0.5,0.2,0.015969110221760577,False,True,False,True,9.099998976580537e-05,0.0001110000056314675,9.499999009676685e-05,60.46323799999698,0.08046344399999271,0.08046342399997684,False,False,False,0
dense_1_near_07_v0.5_h0.3,dense_1_near_07,7.8500000000000005,0.5,0.3,0.015969110221760577,False,True,False,False,0.00012499999968440534,8.29999891038824e-05,8.199999967928306e-05,60.46323799999698,0.08046340299998576,0.08046344499999634,False,False,False,0
dense_1_near_07_v0.5_h0.4,dense_1_near_07,7.8500000000000005,0.5,0.4,0.015969110221760577,False,True,False,True,6.700000199089118e-05,7.200000595730671e-05,9.900000463858305e-05,60.46323799999698,0.08046340900000758,0.08046340400000361,False,False,False,0
dense_1_near_07_v1.0_h0.2,dense_1_near_07,7.8500000000000005,1.0,0.2,0.015969110221760577,False,True,False,False,0.00013999999737279722,7.200000595730671e-05,8.600000001024455e-05,60.46323799999698,0.08046339600000295,0.08046346399999436,False,False,False,0
dense_1_near_07_v1.0_h0.3,dense_1_near_07,7.8500000000000005,1.0,0.3,0.015969110221760577,False,True,False,True,7.699999571286753e-05,0.00011199999505606684,8.300000331473711e-05,60.46323799999698,0.08046343299999535,0.08046339799999601,False,False,False,0
dense_1_near_07_v1.0_h0.4,dense_1_near_07,7.8500000000000005,1.0,0.4,0.015969110221760577,False,True,False,False,8.699998943484388e-05,6.499999471998308e-05,9.500000430762157e-05,60.46323799999698,0.08046339799999601,0.08046341999999072,False,False,False,0
dense_1_near_08_v0.0_h0.2,dense_1_near_08,7.9,0.0,0.2,0.015969110221760577,False,True,False,True,0.00014699999439926614,0.00025399999969977216,0.00024300000234234176,68.33924900000454,0.08833974600000659,0.08833963900000129,False,False,False,0
dense_1_near_08_v0.0_h0.3,dense_1_near_08,7.9,0.0,0.3,0.015969110221760577,False,True,False,False,0.00014200000464370532,0.0001330000003463283,0.00013599999704183574,68.33924900000454,0.08833951800000193,0.08833952700000623,False,False,False,0
dense_1_near_08_v0.0_h0.4,dense_1_near_08,7.9,0.0,0.4,0.015969110221760577,False,True,False,True,9.299999703671347e-05,0.00013100000728627492,0.00010600000166505197,68.33924900000454,0.0883394860000135,0.08833944800000325,False,False,False,0
dense_1_near_08_v0.5_h0.2,dense_1_near_08,7.9,0.5,0.2,0.015969110221760577,False,True,False,False,0.00010200000133409048,0.00010200000133409048,0.00011000000199601345,68.33924900000454,0.08833946100000788,0.08833946100000788,False,False,False,0
dense_1_near_08_v0.5_h0.3,dense_1_near_08,7.9,0.5,0.3,0.015969110221760577,False,True,False,True,9.299999703671347e-05,9.499999009676685e-05,0.00010600000166505197,68.33924900000454,0.08833944999999631,0.08833944800000325,False,False,False,0
dense_1_near_08_v0.5_h0.4,dense_1_near_08,7.9,0.5,0.4,0.015969110221760577,False,True,False,False,9.699999736767495e-05,6.799999141549051e-05,8.400000695019116e-05,68.33924900000454,0.08833940100000291,0.08833943000000886,False,False,False,0
dense_1_near_08_v1.0_h0.2,dense_1_near_08,7.9,1.0,0.2,0.015969110221760577,False,True,False,True,6.700000199089118e-05,9.200000761211413e-05,8.70000036456986e-05,68.33924900000454,0.0883394280000158,0.08833940300001018,False,False,False,0
dense_1_near_08_v1.0_h0.3,dense_1_near_08,7.9,1.0,0.3,0.015969110221760577,False,True,False,False,7.100000232185266e-05,0.0001000000082740371,8.199999967928306e-05,68.33924900000454,0.0883394310000125,0.08833940200000655,False,False,False,0
dense_1_near_08_v1.0_h0.4,dense_1_near_08,7.9,1.0,0.4,0.015969110221760577,False,True,False,True,7.000001289725333e-05,0.0001089999983605594,8.400000695019116e-05,68.33924900000454,0.08833944200000986,0.0883394030000244,False,False,False,0
dense_1_near_09_v0.0_h0.2,dense_1_near_09,7.95,0.0,0.2,0.015969110221760577,False,True,False,False,0.0002590000036661877,0.00010300000496954453,0.00023200000498491136,38.83432199999959,0.058834657000009546,0.05883481300000824,False,False,False,0
dense_1_near_09_v0.0_h0.3,dense_1_near_09,7.95,0.0,0.3,0.015969110221760577,False,True,False,True,0.00010200000133409048,0.00012499999968440534,0.0001130000129023756,38.83432199999959,0.05883456000001218,0.05883453700001383,False,False,False,0
dense_1_near_09_v0.0_h0.4,dense_1_near_09,7.95,0.0,0.4,0.015969110221760577,False,True,False,False,0.00013200001092172897,6.499999471998308e-05,0.00012900000001536682,38.83432199999959,0.05883451599999433,0.05883458300001053,False,False,False,0
dense_1_near_09_v0.5_h0.2,dense_1_near_09,7.95,0.5,0.2,0.015969110221760577,False,True,False,True,8.699998943484388e-05,0.00012900000001536682,9.59999937322209e-05,38.83432199999959,0.05883454699999334,0.05883450499998276,False,False,False,0
dense_1_near_09_v0.5_h0.3,dense_1_near_09,7.95,0.5,0.3,0.015969110221760577,False,True,False,False,9.900000463858305e-05,8.70000036456986e-05,9.000000034120603e-05,38.83432199999959,0.05883449900000358,0.05883451100000457,False,False,False,0
dense_1_near_09_v0.5_h0.4,dense_1_near_09,7.95,0.5,0.4,0.015969110221760577,False,True,False,True,7.899998877292091e-05,9.8000001003129e-05,9.100000397666008e-05,38.83432199999959,0.05883451100000457,0.05883449199999234,False,False,False,0
dense_1_near_09_v1.0_h0.2,dense_1_near_09,7.95,1.0,0.2,0.015969110221760577,False,True,False,False,0.0001239999960489513,8.400000695019116e-05,8.49999963747905e-05,38.83432199999959,0.05883449100000292,0.058834530999992016,False,False,False,0
dense_1_near_09_v1.0_h0.3,dense_1_near_09,7.95,1.0,0.3,0.015969110221760577,False,True,False,True,7.500000265281415e-05,9.999999406318238e-05,9.8000001003129e-05,38.83432199999959,0.05883451999999466,0.05883449500000325,False,False,False,0
dense_1_near_09_v1.0_h0.4,dense_1_near_09,7.95,1.0,0.4,0.015969110221760577,False,True,False,False,0.00011000000199601345,7.999999240837496e-05,8.099999604382901e-05,38.83432199999959,0.058834482999988044,0.05883451299999763,False,False,False,0
