seed,case,family,q,budget,entropy,exact_subset,greedy_voi,no_comm,pair_lookahead,exact_gain,pair_gain
0,0,single_requirement,0.5,1,0.20045656715352633,0.26678671733832265,0.26678671733832265,0.0,0.26678671733832265,0.0,0.0
0,0,single_requirement,0.5,2,0.20045656715352628,0.4260969533019261,0.4260969533019261,0.0,0.4260969533019261,0.0,0.0
0,0,single_requirement,0.5,3,0.38578742734273197,0.4971690728090531,0.4971690728090531,0.0,0.4971690728090531,0.0,0.0
0,0,single_requirement,0.5,4,0.4971690728090531,0.4971690728090531,0.4971690728090531,0.0,0.4971690728090531,0.0,0.0
0,0,single_requirement,0.8,1,0.32073050744564235,0.4268587477413165,0.4268587477413165,0.0,0.4268587477413165,0.0,0.0
0,0,single_requirement,0.8,2,0.3207305074456422,0.5812837917361796,0.5812837917361796,0.0,0.5812837917361796,0.0,0.0
0,0,single_requirement,0.8,3,0.5417683494580475,0.6211071795771435,0.6211071795771435,0.0,0.6211071795771435,0.0,0.0
0,0,single_requirement,0.8,4,0.6211071795771435,0.6211071795771435,0.6211071795771435,0.0,0.6211071795771435,0.0,0.0
0,0,single_requirement,1.0,1,0.40091313430705267,0.5335734346766453,0.5335734346766453,0.0,0.5335734346766453,0.0,0.0
0,0,single_requirement,1.0,2,0.40091313430705267,0.6428786283811396,0.6428786283811396,0.0,0.6428786283811396,0.0,0.0
0,0,single_requirement,1.0,3,0.614300824913956,0.6572879991080742,0.6572879991080742,0.0,0.6572879991080742,0.0,0.0
0,0,single_requirement,1.0,4,0.657287999108074,0.6572879991080742,0.657287999108074,0.0,0.657287999108074,2.220446049250313e-16,0.0
0,0,three_requirements,0.5,1,0.0,0.0,0.0,0.0,0.0,0.0,0.0
0,0,three_requirements,0.5,2,0.0,0.0,0.0,0.0,0.0,0.0,0.0
0,0,three_requirements,0.5,3,0.0,0.02705133835383796,0.0,0.0,0.0,0.02705133835383796,0.0
0,0,three_requirements,0.5,4,0.027051338353837946,0.02705133835383796,0.027051338353837946,0.0,0.027051338353837946,1.3877787807814457e-17,0.0
0,0,three_requirements,0.8,1,0.0,0.0,0.0,0.0,0.0,0.0,0.0
0,0,three_requirements,0.8,2,0.0,0.0,0.0,0.0,0.0,0.0,0.0
0,0,three_requirements,0.8,3,0.0,0.11080228189732028,0.0,0.0,0.0,0.11080228189732028,0.0
0,0,three_requirements,0.8,4,0.1108022818973203,0.1108022818973203,0.1108022818973203,0.0,0.1108022818973203,0.0,0.0
0,0,three_requirements,1.0,1,0.0,0.0,0.0,0.0,0.0,0.0,0.0
0,0,three_requirements,1.0,2,0.0,0.0,0.0,0.0,0.0,0.0,0.0
0,0,three_requirements,1.0,3,0.0,0.21641070683070368,0.0,0.0,0.0,0.21641070683070368,0.0
0,0,three_requirements,1.0,4,0.21641070683070363,0.21641070683070368,0.21641070683070363,0.0,0.21641070683070363,5.551115123125783e-17,0.0
0,0,two_requirements,0.5,1,0.0,0.0,0.0,0.0,0.0,0.0,0.0
0,0,two_requirements,0.5,2,0.0,0.08383233063926221,0.0,0.0,0.08383233063926221,0.08383233063926221,0.08383233063926221
0,0,two_requirements,0.5,3,0.08383233063926222,0.11893004948087284,0.08383233063926222,0.0,0.11893004948087284,0.035097718841610615,0.035097718841610615
0,0,two_requirements,0.5,4,0.11893004948087287,0.11893004948087287,0.11893004948087287,0.0,0.11893004948087287,0.0,0.0
0,0,two_requirements,0.8,1,0.0,0.0,0.0,0.0,0.0,0.0,0.0
0,0,two_requirements,0.8,2,0.0,0.21461076643651117,0.0,0.0,0.21461076643651117,0.21461076643651117,0.21461076643651117
0,0,two_requirements,0.8,3,0.21461076643651128,0.26966085596160294,0.21461076643651128,0.0,0.26966085596160294,0.05505008952509166,0.05505008952509166
0,0,two_requirements,0.8,4,0.26966085596160305,0.26966085596160305,0.26966085596160305,0.0,0.26966085596160305,0.0,0.0
0,0,two_requirements,1.0,1,0.0,0.0,0.0,0.0,0.0,0.0,0.0
0,0,two_requirements,1.0,2,0.0,0.33532932255704884,0.0,0.0,0.33532932255704884,0.33532932255704884,0.33532932255704884
0,0,two_requirements,1.0,3,0.3353293225570488,0.3850950137843471,0.3353293225570488,0.0,0.3850950137843471,0.04976569122729829,0.04976569122729829
0,0,two_requirements,1.0,4,0.38509501378434696,0.3850950137843471,0.38509501378434696,0.0,0.38509501378434696,1.1102230246251565e-16,0.0
0,1,single_requirement,0.5,1,0.20604114020325556,0.3430055091090111,0.3430055091090111,0.0,0.3430055091090111,0.0,0.0
0,1,single_requirement,0.5,2,0.4395654404510772,0.5271085136866439,0.5271085136866439,0.0,0.5271085136866439,0.0,0.0
0,1,single_requirement,0.5,3,0.5996904192010045,0.5996904192010045,0.5996904192010045,0.0,0.5996904192010045,0.0,0.0
0,1,single_requirement,0.5,4,0.5996904192010045,0.5996904192010045,0.5996904192010045,0.0,0.5996904192010045,0.0,0.0
0,1,single_requirement,0.8,1,0.32966582432520897,0.548808814574418,0.548808814574418,0.0,0.548808814574418,0.0,0.0
0,1,single_requirement,0.8,2,0.6248278355375491,0.7174523088710743,0.7174523088710743,0.0,0.7174523088710743,0.0,0.0
0,1,single_requirement,0.8,3,0.7577027829582108,0.7577027829582108,0.7577027829582108,0.0,0.7577027829582108,0.0,0.0
0,1,single_requirement,0.8,4,0.7577027829582108,0.7577027829582108,0.7577027829582108,0.0,0.7577027829582108,0.0,0.0
0,1,single_requirement,1.0,1,0.4120822804065111,0.6860110182180222,0.6860110182180222,0.0,0.6860110182180222,0.0,0.0
0,1,single_requirement,1.0,2,0.7156374034351238,0.7918809585658794,0.7918809585658794,0.0,0.7918809585658794,0.0,0.0
0,1,single_requirement,1.0,3,0.8061687235644636,0.8061687235644636,0.8061687235644636,0.0,0.8061687235644636,0.0,0.0
0,1,single_requirement,1.0,4,0.8061687235644636,0.8061687235644636,0.8061687235644636,0.0,0.8061687235644636,0.0,0.0
0,1,three_requirements,0.5,1,0.0,0.0,0.0,0.0,0.0,0.0,0.0
0,1,three_requirements,0.5,2,0.0,0.0,0.0,0.0,0.0,0.0,0.0
0,1,three_requirements,0.5,3,0.0,0.04694452551913367,0.0,0.0,0.0,0.04694452551913367,0.0
0,1,three_requirements,0.5,4,0.046944525519133654,0.04694452551913367,0.046944525519133654,0.0,0.046944525519133654,1.3877787807814457e-17,0.0
0,1,three_requirements,0.8,1,0.0,0.0,0.0,0.0,0.0,0.0,0.0
0,1,three_requirements,0.8,2,0.0,0.0,0.0,0.0,0.0,0.0,0.0
0,1,three_requirements,0.8,3,0.0,0.19228477652637171,0.0,0.0,0.0,0.19228477652637171,0.0
0,1,three_requirements,0.8,4,0.19228477652637166,0.19228477652637171,0.19228477652637166,0.0,0.19228477652637166,5.551115123125783e-17,0.0
0,1,three_requirements,1.0,1,0.0,0.0,0.0,0.0,0.0,0.0,0.0
0,1,three_requirements,1.0,2,0.0,0.0,0.0,0.0,0.0,0.0,0.0
0,1,three_requirements,1.0,3,0.0,0.37555620415306934,0.0,0.0,0.0,0.37555620415306934,0.0
0,1,three_requirements,1.0,4,0.37555620415306923,0.37555620415306934,0.37555620415306923,0.0,0.37555620415306923,1.1102230246251565e-16,0.0
0,1,two_requirements,0.5,1,0.0,0.0,0.0,0.0,0.0,0.0,0.0
0,1,two_requirements,0.5,2,0.07445311136296118,0.11512072022458798,0.11512072022458798,0.0,0.11512072022458798,0.0,0.0
0,1,two_requirements,0.5,3,0.11545215199037104,0.15632578867529384,0.15632578867529384,0.0,0.15632578867529384,0.0,0.0
0,1,two_requirements,0.5,4,0.17901615371900534,0.17901615371900534,0.17901615371900534,0.0,0.17901615371900534,0.0,0.0
0,1,two_requirements,0.8,1,0.0,0.0,0.0,0.0,0.0,0.0,0.0
0,1,two_requirements,0.8,2,0.19059996508918065,0.2947090437749452,0.2947090437749452,0.0,0.2947090437749452,0.0,0.0
0,1,two_requirements,0.8,3,0.25414001887923954,0.3491250250955281,0.3491250250955281,0.0,0.3491250250955281,0.0,0.0
0,1,two_requirements,0.8,4,0.36726560753756,0.36726560753756,0.36726560753756,0.0,0.36726560753756,0.0,0.0
0,1,two_requirements,1.0,1,0.0,0.0,0.0,0.0,0.0,0.0,0.0
0,1,two_requirements,1.0,2,0.2978124454518447,0.46048288089835193,0.46048288089835193,0.0,0.46048288089835193,0.0,0.0
0,1,two_requirements,1.0,3,0.3539505605236966,0.492310983052154,0.492310983052154,0.0,0.492310983052154,0.0,0.0
0,1,two_requirements,1.0,4,0.49831063044270507,0.49831063044270507,0.49831063044270507,0.0,0.49831063044270507,0.0,0.0
0,2,single_requirement,0.5,1,0.2243223111707278,0.2650875060166491,0.2650875060166491,0.0,0.2650875060166491,0.0,0.0
0,2,single_requirement,0.5,2,0.3223623465629814,0.3938468851958676,0.3938468851958676,0.0,0.3938468851958676,0.0,0.0
0,2,single_requirement,0.5,3,0.3223623465629815,0.45012115424174776,0.45012115424174776,0.0,0.45012115424174776,0.0,0.0
0,2,single_requirement,0.5,4,0.45012115424174776,0.45012115424174776,0.45012115424174776,0.0,0.45012115424174776,0.0,0.0
0,2,single_requirement,0.8,1,0.3589156978731644,0.42414000962663845,0.42414000962663845,0.0,0.42414000962663845,0.0,0.0
0,2,single_requirement,0.8,2,0.45491515101953767,0.538414601601539,0.538414601601539,0.0,0.538414601601539,0.0,0.0
0,2,single_requirement,0.8,3,0.4549151510195377,0.5689797131392134,0.5689797131392134,0.0,0.5689797131392134,0.0,0.0
0,2,single_requirement,0.8,4,0.5689797131392134,0.5689797131392134,0.5689797131392134,0.0,0.5689797131392134,0.0,0.0
0,2,single_requirement,1.0,1,0.4486446223414556,0.5301750120332982,0.5301750120332982,0.0,0.5301750120332982,0.0,0.0
0,2,single_requirement,1.0,2,0.5179234358733946,0.5965679064087166,0.5965679064087166,0.0,0.5965679064087166,0.0,0.0
0,2,single_requirement,1.0,3,0.5179234358733946,0.6068201655916643,0.6068201655916643,0.0,0.6068201655916643,0.0,0.0
0,2,single_requirement,1.0,4,0.6068201655916644,0.6068201655916644,0.6068201655916644,0.0,0.6068201655916644,0.0,0.0
0,2,three_requirements,0.5,1,0.0,0.0,0.0,0.0,0.0,0.0,0.0
0,2,three_requirements,0.5,2,0.0,0.0,0.0,0.0,0.0,0.0,0.0
0,2,three_requirements,0.5,3,0.0,0.0,0.0,0.0,0.0,0.0,0.0
0,2,three_requirements,0.5,4,0.0,0.0,0.0,0.0,0.0,0.0,0.0
0,2,three_requirements,0.8,1,0.0,0.0,0.0,0.0,0.0,0.0,0.0
0,2,three_requirements,0.8,2,0.0,0.0,0.0,0.0,0.0,0.0,0.0
0,2,three_requirements,0.8,3,0.0,0.0,0.0,0.0,0.0,0.0,0.0
0,2,three_requirements,0.8,4,0.0,0.0,0.0,0.0,0.0,0.0,0.0
0,2,three_requirements,1.0,1,0.0,0.0,0.0,0.0,0.0,0.0,0.0
0,2,three_requirements,1.0,2,0.0,0.0,0.0,0.0,0.0,0.0,0.0
0,2,three_requirements,1.0,3,0.0,0.0,0.0,0.0,0.0,0.0,0.0
0,2,three_requirements,1.0,4,0.0,0.0,0.0,0.0,0.0,0.0,0.0
0,2,two_requirements,0.5,1,0.0,0.0,0.0,0.0,0.0,0.0,0.0
0,2,two_requirements,0.5,2,0.0,0.0715412374120532,0.05888670346356974,0.0,0.0715412374120532,0.012654533948483468,0.012654533948483468
0,2,two_requirements,0.5,3,0.0,0.10698561850976396,0.10698561850976396,0.0,0.10698561850976396,0.0,0.0
0,2,two_requirements,0.5,4,0.10698561850976396,0.10698561850976396,0.10698561850976396,0.0,0.10698561850976396,0.0,0.0
0,2,two_requirements,0.8,1,0.0,0.0,0.0,0.0,0.0,0.0,0.0
0,2,two_requirements,0.8,2,0.0,0.18314556777485633,0.15074996086673836,0.0,0.18314556777485633,0.03239560690811796,0.03239560690811796
0,2,two_requirements,0.8,3,0.0,0.23787577623103634,0.23787577623103634,0.0,0.23787577623103634,0.0,0.0
0,2,two_requirements,0.8,4,0.23787577623103645,0.23787577623103645,0.23787577623103645,0.0,0.23787577623103645,0.0,0.0
0,2,two_requirements,1.0,1,0.0,0.0,0.0,0.0,0.0,0.0,0.0
0,2,two_requirements,1.0,2,0.0,0.2861649496482128,0.23554681385427895,0.0,0.2861649496482128,0.05061813579393387,0.05061813579393387
0,2,two_requirements,1.0,3,0.0,0.3341731845756198,0.3341731845756198,0.0,0.3341731845756198,0.0,0.0
0,2,two_requirements,1.0,4,0.33417318457561995,0.33417318457561995,0.33417318457561995,0.0,0.33417318457561995,0.0,0.0
0,3,single_requirement,0.5,1,0.21332349479003634,0.3266801143117554,0.3266801143117554,0.0,0.3266801143117554,0.0,0.0
0,3,single_requirement,0.5,2,0.3973948020077912,0.48004799375162743,0.48004799375162743,0.0,0.48004799375162743,0.0,0.0
0,3,single_requirement,0.5,3,0.3973948020077912,0.5473052552107989,0.5473052552107989,0.0,0.5473052552107989,0.0,0.0
0,3,single_requirement,0.5,4,0.5473052552107989,0.5473052552107989,0.5473052552107989,0.0,0.5473052552107989,0.0,0.0
0,3,single_requirement,0.8,1,0.34131759166405806,0.5226881828988089,0.5226881828988089,0.0,0.5226881828988089,0.0,0.0
0,3,single_requirement,0.8,2,0.54734056060215,0.6501103767255206,0.6501103767255206,0.0,0.6501103767255206,0.0,0.0
0,3,single_requirement,0.8,3,0.5473405606021501,0.6804787849413413,0.6804787849413413,0.0,0.6804787849413413,0.0,0.0
0,3,single_requirement,0.8,4,0.6804787849413412,0.6804787849413413,0.6804787849413412,0.0,0.6804787849413412,1.1102230246251565e-16,0.0
0,3,single_requirement,1.0,1,0.4266469895800727,0.6533602286235108,0.6533602286235108,0.0,0.6533602286235108,0.0,0.0
0,3,single_requirement,1.0,2,0.6104330985774242,0.714332626509331,0.714332626509331,0.0,0.714332626509331,0.0,0.0
0,3,single_requirement,1.0,3,0.6104330985774242,0.7207260730752584,0.7207260730752584,0.0,0.7207260730752584,0.0,0.0
0,3,single_requirement,1.0,4,0.720726073075258,0.7207260730752584,0.720726073075258,0.0,0.720726073075258,3.3306690738754696e-16,0.0
0,3,three_requirements,0.5,1,0.0,0.0,0.0,0.0,0.0,0.0,0.0
0,3,three_requirements,0.5,2,0.0,0.0,0.0,0.0,0.0,0.0,0.0
0,3,three_requirements,0.5,3,0.0,0.0,0.0,0.0,0.0,0.0,0.0
0,3,three_requirements,0.5,4,0.0,0.0,0.0,0.0,0.0,0.0,0.0
0,3,three_requirements,0.8,1,0.0,0.0,0.0,0.0,0.0,0.0,0.0
0,3,three_requirements,0.8,2,0.0,0.0,0.0,0.0,0.0,0.0,0.0
0,3,three_requirements,0.8,3,0.0,0.0,0.0,0.0,0.0,0.0,0.0
0,3,three_requirements,0.8,4,0.0,0.0,0.0,0.0,0.0,0.0,0.0
0,3,three_requirements,1.0,1,0.0,0.0,0.0,0.0,0.0,0.0,0.0
0,3,three_requirements,1.0,2,0.0,0.0,0.0,0.0,0.0,0.0,0.0
0,3,three_requirements,1.0,3,0.0,0.0,0.0,0.0,0.0,0.0,0.0
0,3,three_requirements,1.0,4,0.0,0.0,0.0,0.0,0.0,0.0,0.0
0,3,two_requirements,0.5,1,0.0,0.0,0.0,0.0,0.0,0.0,0.0
0,3,two_requirements,0.5,2,0.0,0.08468533021600791,0.06695786009396529,0.0,0.08468533021600791,0.01772747012204262,0.01772747012204262
0,3,two_requirements,0.5,3,0.10676370370699348,0.12277311253518736,0.10676370370699348,0.0,0.12277311253518736,0.016009408828193877,0.016009408828193877
0,3,two_requirements,0.5,4,0.17932733130017015,0.17932733130017015,0.17932733130017015,0.0,0.17932733130017015,0.0,0.0
0,3,two_requirements,0.8,1,0.0,0.0,0.0,0.0,0.0,0.0,0.0
0,3,two_requirements,0.8,2,0.0,0.21679444535298026,0.1714121218405511,0.0,0.21679444535298026,0.04538232351242916,0.04538232351242916
0,3,two_requirements,0.8,3,0.229080280986249,0.26742542543907355,0.229080280986249,0.0,0.26742542543907355,0.03834514445282455,0.03834514445282455
0,3,two_requirements,0.8,4,0.33453702757579296,0.33453702757579296,0.33453702757579296,0.0,0.33453702757579296,0.0,0.0
0,3,two_requirements,1.0,1,0.0,0.0,0.0,0.0,0.0,0.0,0.0
0,3,two_requirements,1.0,2,0.0,0.33874132086403164,0.26783144037586115,0.0,0.33874132086403164,0.07090988048817048,0.07090988048817048
0,3,two_requirements,1.0,3,0.31186002184970724,0.3697121801150034,0.31186002184970724,0.0,0.3697121801150034,0.05785215826529616,0.05785215826529616
0,3,two_requirements,1.0,4,0.40984319978669914,0.40984319978669914,0.40984319978669914,0.0,0.40984319978669914,0.0,0.0
0,4,single_requirement,0.5,1,0.2658097701979294,0.304809431523185,0.304809431523185,0.0,0.304809431523185,0.0,0.0
0,4,single_requirement,0.5,2,0.42319750671043066,0.4557489900694384,0.4557489900694384,0.0,0.4557489900694384,0.0,0.0
0,4,single_requirement,0.5,3,0.5451213086719546,0.5451213086719546,0.5451213086719546,0.0,0.5451213086719546,0.0,0.0
0,4,single_requirement,0.5,4,0.5451213086719546,0.5451213086719546,0.5451213086719546,0.0,0.5451213086719546,0.0,0.0
0,4,single_requirement,0.8,1,0.4252956323166871,0.4876950904370958,0.4876950904370958,0.0,0.4876950904370958,0.0,0.0
0,4,single_requirement,0.8,2,0.5730313630691624,0.6189229809254922,0.6189229809254922,0.0,0.6189229809254922,0.0,0.0
0,4,single_requirement,0.8,3,0.6645078560647062,0.6645078560647062,0.6645078560647062,0.0,0.6645078560647062,0.0,0.0
0,4,single_requirement,0.8,4,0.664507856064706,0.6645078560647062,0.664507856064706,0.0,0.664507856064706,2.220446049250313e-16,0.0
0,4,single_requirement,1.0,1,0.5316195403958588,0.60961886304637,0.60961886304637,0.0,0.60961886304637,0.0,0.0
0,4,single_requirement,1.0,2,0.6295519974468475,0.6817575568355247,0.6817575568355247,0.0,0.6817575568355247,0.0,0.0
0,4,single_requirement,1.0,3,0.6950466084869377,0.6950466084869377,0.6950466084869377,0.0,0.6950466084869377,0.0,0.0
0,4,single_requirement,1.0,4,0.6950466084869376,0.6950466084869377,0.6950466084869376,0.0,0.6950466084869376,1.1102230246251565e-16,0.0
0,4,three_requirements,0.5,1,0.0,0.0,0.0,0.0,0.0,0.0,0.0
0,4,three_requirements,0.5,2,0.0,0.0,0.0,0.0,0.0,0.0,0.0
0,4,three_requirements,0.5,3,0.0,0.048459429377511055,0.0,0.0,0.0,0.048459429377511055,0.0
0,4,three_requirements,0.5,4,0.04845942937751106,0.04845942937751106,0.04845942937751106,0.0,0.04845942937751106,0.0,0.0
0,4,three_requirements,0.8,1,0.0,0.0,0.0,0.0,0.0,0.0,0.0
0,4,three_requirements,0.8,2,0.0,0.0,0.0,0.0,0.0,0.0,0.0
0,4,three_requirements,0.8,3,0.0,0.19848982273028526,0.0,0.0,0.0,0.19848982273028526,0.0
0,4,three_requirements,0.8,4,0.1984898227302853,0.1984898227302853,0.1984898227302853,0.0,0.1984898227302853,0.0,0.0
0,4,three_requirements,1.0,1,0.0,0.0,0.0,0.0,0.0,0.0,0.0
0,4,three_requirements,1.0,2,0.0,0.0,0.0,0.0,0.0,0.0,0.0
0,4,three_requirements,1.0,3,0.0,0.38767543502008844,0.0,0.0,0.0,0.38767543502008844,0.0
0,4,three_requirements,1.0,4,0.3876754350200885,0.3876754350200885,0.3876754350200885,0.0,0.3876754350200885,0.0,0.0
0,4,two_requirements,0.5,1,0.0,0.0,0.0,0.0,0.0,0.0,0.0
0,4,two_requirements,0.5,2,0.04390154848491301,0.11575148395260797,0.11575148395260797,0.0,0.11575148395260797,0.0,0.0
0,4,two_requirements,0.5,3,0.18039142743093228,0.18039142743093228,0.18039142743093228,0.0,0.18039142743093228,0.0,0.0
0,4,two_requirements,0.5,4,0.18039142743093234,0.18039142743093234,0.18039142743093234,0.0,0.18039142743093234,0.0,0.0
0,4,two_requirements,0.8,1,0.0,0.0,0.0,0.0,0.0,0.0,0.0
0,4,two_requirements,0.8,2,0.11238796412137725,0.29632379891867644,0.29632379891867644,0.0,0.29632379891867644,0.0,0.0
0,4,two_requirements,0.8,3,0.3906422540898087,0.3906422540898087,0.3906422540898087,0.0,0.3906422540898087,0.0,0.0
0,4,two_requirements,0.8,4,0.3906422540898086,0.3906422540898087,0.3906422540898086,0.0,0.3906422540898086,5.551115123125783e-17,0.0
0,4,two_requirements,1.0,1,0.0,0.0,0.0,0.0,0.0,0.0,0.0
0,4,two_requirements,1.0,2,0.17560619393965204,0.46300593581043187,0.46300593581043187,0.0,0.46300593581043187,0.0,0.0
0,4,two_requirements,1.0,3,0.5362537302097237,0.5362537302097237,0.5362537302097237,0.0,0.5362537302097237,0.0,0.0
0,4,two_requirements,1.0,4,0.5362537302097237,0.5362537302097237,0.5362537302097237,0.0,0.5362537302097237,0.0,0.0
0,5,single_requirement,0.5,1,0.25692983142720577,0.28300150066412344,0.28300150066412344,0.0,0.28300150066412344,0.0,0.0
0,5,single_requirement,0.5,2,0.2569298314272058,0.4289871418933112,0.4289871418933112,0.0,0.4289871418933112,0.0,0.0
0,5,single_requirement,0.5,3,0.4289871418933111,0.4289871418933112,0.4289871418933111,0.0,0.4289871418933111,1.1102230246251565e-16,0.0
0,5,single_requirement,0.5,4,0.4289871418933112,0.4289871418933112,0.4289871418933112,0.0,0.4289871418933112,0.0,0.0
0,5,single_requirement,0.8,1,0.4110877302835292,0.4528024010625976,0.4528024010625976,0.0,0.4528024010625976,0.0,0.0
0,5,single_requirement,0.8,2,0.4110877302835294,0.5798730044392009,0.5798730044392009,0.0,0.5798730044392009,0.0,0.0
0,5,single_requirement,0.8,3,0.5798730044392009,0.5798730044392009,0.5798730044392009,0.0,0.5798730044392009,0.0,0.0
0,5,single_requirement,0.8,4,0.5798730044392008,0.5798730044392009,0.5798730044392008,0.0,0.5798730044392008,1.1102230246251565e-16,0.0
0,5,single_requirement,1.0,1,0.5138596628544115,0.5660030013282469,0.5660030013282469,0.0,0.5660030013282469,0.0,0.0
0,5,single_requirement,1.0,2,0.5138596628544116,0.6360859033905863,0.6360859033905863,0.0,0.6360859033905863,0.0,0.0
0,5,single_requirement,1.0,3,0.6360859033905863,0.6360859033905866,0.6360859033905863,0.0,0.6360859033905863,2.220446049250313e-16,0.0
0,5,single_requirement,1.0,4,0.6360859033905868,0.6360859033905868,0.6360859033905868,0.0,0.6360859033905868,0.0,0.0
0,5,three_requirements,0.5,1,0.0,0.0,0.0,0.0,0.0,0.0,0.0
0,5,three_requirements,0.5,2,0.0,0.0,0.0,0.0,0.0,0.0,0.0
0,5,three_requirements,0.5,3,0.0,0.019678387228315483,0.018446930328769623,0.0,0.019678387228315483,0.0012314568995458602,0.0012314568995458602
0,5,three_requirements,0.5,4,0.03015979741644529,0.03015979741644529,0.03015979741644529,0.0,0.03015979741644529,0.0,0.0
0,5,three_requirements,0.8,1,0.0,0.0,0.0,0.0,0.0,0.0,0.0
0,5,three_requirements,0.8,2,0.0,0.0,0.0,0.0,0.0,0.0,0.0
0,5,three_requirements,0.8,3,0.0,0.08060267408718017,0.07555862662664031,0.0,0.08060267408718017,0.005044047460539852,0.005044047460539852
0,5,three_requirements,0.8,4,0.10395846792012337,0.10395846792012337,0.10395846792012337,0.0,0.10395846792012337,0.0,0.0
0,5,three_requirements,1.0,1,0.0,0.0,0.0,0.0,0.0,0.0,0.0
0,5,three_requirements,1.0,2,0.0,0.0,0.0,0.0,0.0,0.0,0.0
0,5,three_requirements,1.0,3,0.0,0.15742709782652387,0.14757544263015698,0.0,0.15742709782652387,0.009851655196366882,0.009851655196366882
0,5,three_requirements,1.0,4,0.17755421820644368,0.17755421820644368,0.17755421820644368,0.0,0.17755421820644368,0.0,0.0
0,5,two_requirements,0.5,1,0.0,0.0,0.0,0.0,0.0,0.0,0.0
0,5,two_requirements,0.5,2,0.07918994612499825,0.131970094669135,0.13185451329126413,0.0,0.131970094669135,0.00011558137787087697,0.00011558137787087697
0,5,two_requirements,0.5,3,0.07918994612499823,0.20985268841948534,0.20985268841948534,0.0,0.20985268841948534,0.0,0.0
0,5,two_requirements,0.5,4,0.2533874094673677,0.2533874094673677,0.2533874094673677,0.0,0.2533874094673677,0.0,0.0
0,5,two_requirements,0.8,1,0.0,0.0,0.0,0.0,0.0,0.0,0.0
0,5,two_requirements,0.8,2,0.2027262620799956,0.33784344235298575,0.3375475540256362,0.0,0.33784344235298575,0.0002958883273495583,0.0002958883273495583
0,5,two_requirements,0.8,3,0.20272626207999556,0.45432201393903904,0.45432201393903904,0.0,0.45432201393903904,0.0,0.0
0,5,two_requirements,0.8,4,0.5110044741031677,0.5110044741031677,0.5110044741031677,0.0,0.5110044741031677,0.0,0.0
0,5,two_requirements,1.0,1,0.0,0.0,0.0,0.0,0.0,0.0,0.0
0,5,two_requirements,1.0,2,0.316759784499993,0.52788037867654,0.5274180531650565,0.0,0.52788037867654,0.00046232551148350787,0.00046232551148350787
0,5,two_requirements,1.0,3,0.31675978449999287,0.6235230755142864,0.6235230755142864,0.0,0.6235230755142864,0.0,0.0
0,5,two_requirements,1.0,4,0.6550410593973521,0.6550410593973521,0.6550410593973521,0.0,0.6550410593973521,0.0,0.0
0,6,single_requirement,0.5,1,0.15887455761562952,0.3537345563321852,0.3537345563321852,0.0,0.3537345563321852,0.0,0.0
0,6,single_requirement,0.5,2,0.15887455761562946,0.542720386579113,0.542720386579113,0.0,0.542720386579113,0.0,0.0
0,6,single_requirement,0.5,3,0.4297163370355169,0.5930150583875013,0.5930150583875013,0.0,0.5930150583875013,0.0,0.0
0,6,single_requirement,0.5,4,0.5930150583875013,0.5930150583875013,0.5930150583875013,0.0,0.5930150583875013,0.0,0.0
0,6,single_requirement,0.8,1,0.25419929218500725,0.5659752901314962,0.5659752901314962,0.0,0.5659752901314962,0.0,0.0
0,6,single_requirement,0.8,2,0.25419929218500714,0.7239610483383294,0.7239610483383294,0.0,0.7239610483383294,0.0,0.0
0,6,single_requirement,0.8,3,0.6217362802746171,0.746859380374363,0.746859380374363,0.0,0.746859380374363,0.0,0.0
0,6,single_requirement,0.8,4,0.746859380374363,0.746859380374363,0.746859380374363,0.0,0.746859380374363,0.0,0.0
0,6,single_requirement,1.0,1,0.31774911523125904,0.7074691126643704,0.7074691126643704,0.0,0.7074691126643704,0.0,0.0
0,6,single_requirement,1.0,2,0.317749115231259,0.7846250019327026,0.7846250019327026,0.0,0.7846250019327026,0.0,0.0
0,6,single_requirement,1.0,3,0.7223288011914297,0.7895742289286526,0.7895742289286526,0.0,0.7895742289286526,0.0,0.0
0,6,single_requirement,1.0,4,0.7895742289286523,0.7895742289286526,0.7895742289286523,0.0,0.7895742289286523,3.3306690738754696e-16,0.0
0,6,three_requirements,0.5,1,0.0,0.0,0.0,0.0,0.0,0.0,0.0
0,6,three_requirements,0.5,2,0.0,0.0,0.0,0.0,0.0,0.0,0.0
0,6,three_requirements,0.5,3,0.0,0.0,0.0,0.0,0.0,0.0,0.0
0,6,three_requirements,0.5,4,0.0,0.0,0.0,0.0,0.0,0.0,0.0
0,6,three_requirements,0.8,1,0.0,0.0,0.0,0.0,0.0,0.0,0.0
0,6,three_requirements,0.8,2,0.0,0.0,0.0,0.0,0.0,0.0,0.0
0,6,three_requirements,0.8,3,0.0,0.0,0.0,0.0,0.0,0.0,0.0
0,6,three_requirements,0.8,4,0.0,0.0,0.0,0.0,0.0,0.0,0.0
0,6,three_requirements,1.0,1,0.0,0.0,0.0,0.0,0.0,0.0,0.0
0,6,three_requirements,1.0,2,0.0,0.0,0.0,0.0,0.0,0.0,0.0
0,6,three_requirements,1.0,3,0.0,0.0,0.0,0.0,0.0,0.0,0.0
0,6,three_requirements,1.0,4,0.0,0.0,0.0,0.0,0.0,0.0,0.0
0,6,two_requirements,0.5,1,0.0,0.0,0.0,0.0,0.0,0.0,0.0
0,6,two_requirements,0.5,2,0.0,0.09881124383511516,0.0,0.0,0.09881124383511516,0.09881124383511516,0.09881124383511516
0,6,two_requirements,0.5,3,0.0,0.15617796007119986,0.09881124383511516,0.0,0.15617796007119986,0.05736671623608469,0.05736671623608469
0,6,two_requirements,0.5,4,0.15617796007119983,0.15617796007119986,0.15617796007119983,0.0,0.15617796007119983,2.7755575615628914e-17,0.0
0,6,two_requirements,0.8,1,0.0,0.0,0.0,0.0,0.0,0.0,0.0
0,6,two_requirements,0.8,2,0.0,0.2529567842178947,0.0,0.0,0.2529567842178947,0.2529567842178947,0.2529567842178947
0,6,two_requirements,0.8,3,0.0,0.3408439436493139,0.25295678421789486,0.0,0.3408439436493139,0.08788715943141906,0.08788715943141906
0,6,two_requirements,0.8,4,0.3408439436493138,0.3408439436493139,0.3408439436493138,0.0,0.3408439436493138,1.1102230246251565e-16,0.0
0,6,two_requirements,1.0,1,0.0,0.0,0.0,0.0,0.0,0.0,0.0
0,6,two_requirements,1.0,2,0.0,0.39524497534046066,0.0,0.0,0.39524497534046066,0.39524497534046066,0.39524497534046066
0,6,two_requirements,1.0,3,0.0,0.4711398763968884,0.3952449753404606,0.0,0.4711398763968884,0.07589490105642782,0.07589490105642782
0,6,two_requirements,1.0,4,0.4711398763968883,0.4711398763968884,0.4711398763968883,0.0,0.4711398763968883,1.1102230246251565e-16,0.0
0,7,single_requirement,0.5,1,0.33758712914745886,0.4349557680404593,0.4349557680404593,0.0,0.4349557680404593,0.0,0.0
0,7,single_requirement,0.5,2,0.4879943376398607,0.6137743337319328,0.6137743337319328,0.0,0.6137743337319328,0.0,0.0
0,7,single_requirement,0.5,3,0.5655966398579488,0.6934444365589918,0.6934444365589918,0.0,0.6934444365589918,0.0,0.0
0,7,single_requirement,0.5,4,0.7345500687909997,0.7345500687909997,0.7345500687909997,0.0,0.7345500687909997,0.0,0.0
0,7,single_requirement,0.8,1,0.5401394066359337,0.695929228864735,0.695929228864735,0.0,0.695929228864735,0.0,0.0
0,7,single_requirement,0.8,2,0.6864246214562775,0.8296211130533464,0.8296211130533464,0.0,0.8296211130533464,0.0,0.0
0,7,single_requirement,0.8,3,0.7297752627370059,0.8658287027200074,0.8658287027200074,0.0,0.8658287027200074,0.0,0.0
0,7,single_requirement,0.8,4,0.8765585788268094,0.8765585788268094,0.8765585788268094,0.0,0.8765585788268094,0.0,0.0
0,7,single_requirement,1.0,1,0.6751742582949177,0.8699115360809186,0.8699115360809186,0.0,0.8699115360809186,0.0,0.0
0,7,single_requirement,1.0,2,0.7793921778474301,0.9100115405518946,0.9100115405518946,0.0,0.9100115405518946,0.0,0.0
0,7,single_requirement,1.0,3,0.7950186259154975,0.9162012597076065,0.9162012597076065,0.0,0.9162012597076065,0.0,0.0
0,7,single_requirement,1.0,4,0.9171293469824051,0.9171293469824051,0.9171293469824051,0.0,0.9171293469824051,0.0,0.0
0,7,three_requirements,0.5,1,0.0,0.0,0.0,0.0,0.0,0.0,0.0
0,7,three_requirements,0.5,2,0.0,0.0,0.0,0.0,0.0,0.0,0.0
0,7,three_requirements,0.5,3,0.0,0.04316814737690722,0.0,0.0,0.04316814737690722,0.04316814737690722,0.04316814737690722
0,7,three_requirements,0.5,4,0.04316814737690722,0.04316814737690722,0.04316814737690722,0.0,0.04316814737690722,0.0,0.0
0,7,three_requirements,0.8,1,0.0,0.0,0.0,0.0,0.0,0.0,0.0
0,7,three_requirements,0.8,2,0.0,0.0,0.0,0.0,0.0,0.0,0.0
0,7,three_requirements,0.8,3,0.0,0.17681673165581202,0.0,0.0,0.17681673165581202,0.17681673165581202,0.17681673165581202
0,7,three_requirements,0.8,4,0.1768167316558121,0.1768167316558121,0.1768167316558121,0.0,0.1768167316558121,0.0,0.0
0,7,three_requirements,1.0,1,0.0,0.0,0.0,0.0,0.0,0.0,0.0
0,7,three_requirements,1.0,2,0.0,0.0,0.0,0.0,0.0,0.0,0.0
0,7,three_requirements,1.0,3,0.0,0.34534517901525774,0.0,0.0,0.34534517901525774,0.34534517901525774,0.34534517901525774
0,7,three_requirements,1.0,4,0.3453451790152578,0.3453451790152578,0.3453451790152578,0.0,0.3453451790152578,0.0,0.0
0,7,two_requirements,0.5,1,0.0,0.0,0.0,0.0,0.0,0.0,0.0
0,7,two_requirements,0.5,2,0.05511268655406143,0.09431973674935898,0.09431973674935898,0.0,0.09431973674935898,0.0,0.0
0,7,two_requirements,0.5,3,0.1254723482296493,0.1254723482296493,0.1254723482296493,0.0,0.1254723482296493,0.0,0.0
0,7,two_requirements,0.5,4,0.1254723482296493,0.1254723482296493,0.1254723482296493,0.0,0.1254723482296493,0.0,0.0
0,7,two_requirements,0.8,1,0.0,0.0,0.0,0.0,0.0,0.0,0.0
0,7,two_requirements,0.8,2,0.14108847757839738,0.24145852607835888,0.24145852607835888,0.0,0.24145852607835888,0.0,0.0
0,7,two_requirements,0.8,3,0.28440653615458994,0.28440653615458994,0.28440653615458994,0.0,0.28440653615458994,0.0,0.0
0,7,two_requirements,0.8,4,0.28440653615459005,0.28440653615459005,0.28440653615459005,0.0,0.28440653615459005,0.0,0.0
0,7,two_requirements,1.0,1,0.0,0.0,0.0,0.0,0.0,0.0,0.0
0,7,two_requirements,1.0,2,0.22045074621624572,0.3772789469974359,0.3772789469974359,0.0,0.3772789469974359,0.0,0.0
0,7,two_requirements,1.0,3,0.40604909262351285,0.40604909262351285,0.40604909262351285,0.0,0.40604909262351285,0.0,0.0
0,7,two_requirements,1.0,4,0.4060490926235132,0.4060490926235132,0.4060490926235132,0.0,0.4060490926235132,0.0,0.0
0,8,single_requirement,0.5,1,0.19258173082946295,0.3971553278192504,0.3971553278192504,0.0,0.3971553278192504,0.0,0.0
0,8,single_requirement,0.5,2,0.38014271614143447,0.543044294815774,0.543044294815774,0.0,0.543044294815774,0.0,0.0
0,8,single_requirement,0.5,3,0.6038118423223948,0.6038118423223948,0.6038118423223948,0.0,0.6038118423223948,0.0,0.0
0,8,single_requirement,0.5,4,0.6038118423223948,0.6038118423223948,0.6038118423223948,0.0,0.6038118423223948,0.0,0.0
0,8,single_requirement,0.8,1,0.30813076932714084,0.6354485245108009,0.6354485245108009,0.0,0.6354485245108009,0.0,0.0
0,8,single_requirement,0.8,2,0.5306599634367625,0.7512973517328757,0.7512973517328757,0.0,0.7512973517328757,0.0,0.0
0,8,single_requirement,0.8,3,0.7786237775625064,0.7786237775625064,0.7786237775625064,0.0,0.7786237775625064,0.0,0.0
0,8,single_requirement,0.8,4,0.7786237775625064,0.7786237775625064,0.7786237775625064,0.0,0.7786237775625064,0.0,0.0
0,8,single_requirement,1.0,1,0.3851634616589259,0.7943106556385008,0.7943106556385008,0.0,0.7943106556385008,0.0,0.0
0,8,single_requirement,1.0,2,0.5986846356380089,0.841143756355792,0.841143756355792,0.0,0.841143756355792,0.0,0.0
0,8,single_requirement,1.0,3,0.8465503956841989,0.8465503956841989,0.8465503956841989,0.0,0.8465503956841989,0.0,0.0
0,8,single_requirement,1.0,4,0.8465503956841987,0.8465503956841989,0.8465503956841987,0.0,0.8465503956841987,2.220446049250313e-16,0.0
0,8,three_requirements,0.5,1,0.0,0.0,0.0,0.0,0.0,0.0,0.0
0,8,three_requirements,0.5,2,0.0,0.0,0.0,0.0,0.0,0.0,0.0
0,8,three_requirements,0.5,3,0.0,0.05229571690032266,0.024406251860525294,0.0,0.024406251860525294,0.02788946503979737,0.0
0,8,three_requirements,0.5,4,0.06556365740639697,0.06556365740639697,0.06556365740639697,0.0,0.06556365740639697,0.0,0.0
0,8,three_requirements,0.8,1,0.0,0.0,0.0,0.0,0.0,0.0,0.0
0,8,three_requirements,0.8,2,0.0,0.0,0.0,0.0,0.0,0.0,0.0
0,8,three_requirements,0.8,3,0.0,0.21420325642372173,0.09996800762071162,0.0,0.09996800762071162,0.11423524880301011,0.0
0,8,three_requirements,0.8,4,0.2411752267519032,0.2411752267519032,0.2411752267519032,0.0,0.2411752267519032,0.0,0.0
0,8,three_requirements,1.0,1,0.0,0.0,0.0,0.0,0.0,0.0,0.0
0,8,three_requirements,1.0,2,0.0,0.0,0.0,0.0,0.0,0.0,0.0
0,8,three_requirements,1.0,3,0.0,0.4183657352025813,0.19525001488420235,0.0,0.19525001488420235,0.22311572031837895,0.0
0,8,three_requirements,1.0,4,0.4354027684155677,0.4354027684155677,0.4354027684155677,0.0,0.4354027684155677,0.0,0.0
0,8,two_requirements,0.5,1,0.0,0.0,0.0,0.0,0.0,0.0,0.0
0,8,two_requirements,0.5,2,0.0,0.13838296319677146,0.07091542500339816,0.0,0.13838296319677146,0.0674675381933733,0.0674675381933733
0,8,two_requirements,0.5,3,0.13838296319677157,0.13838296319677157,0.07091542500339813,0.0,0.13838296319677157,0.06746753819337344,0.06746753819337344
0,8,two_requirements,0.5,4,0.1957197132803058,0.1957197132803058,0.1957197132803058,0.0,0.1957197132803058,0.0,0.0
0,8,two_requirements,0.8,1,0.0,0.0,0.0,0.0,0.0,0.0,0.0
0,8,two_requirements,0.8,2,0.0,0.3542603857837352,0.18154348800869935,0.0,0.3542603857837352,0.17271689777503585,0.17271689777503585
0,8,two_requirements,0.8,3,0.35426038578373525,0.35426038578373525,0.18154348800869918,0.0,0.35426038578373525,0.17271689777503607,0.17271689777503607
0,8,two_requirements,0.8,4,0.4468146698376146,0.4468146698376146,0.4468146698376146,0.0,0.4468146698376146,0.0,0.0
0,8,two_requirements,1.0,1,0.0,0.0,0.0,0.0,0.0,0.0,0.0
0,8,two_requirements,1.0,2,0.0,0.5535318527870858,0.28366170001359264,0.0,0.5535318527870858,0.2698701527734932,0.2698701527734932
0,8,two_requirements,1.0,3,0.5535318527870865,0.5535318527870865,0.2836617000135925,0.0,0.5535318527870865,0.269870152773494,0.269870152773494
0,8,two_requirements,1.0,4,0.6199347540828567,0.6199347540828567,0.6199347540828567,0.0,0.6199347540828567,0.0,0.0
0,9,single_requirement,0.5,1,0.2541490435213217,0.4062539958328618,0.4062539958328618,0.0,0.4062539958328618,0.0,0.0
0,9,single_requirement,0.5,2,0.2541490435213217,0.5512277931657059,0.5512277931657059,0.0,0.5512277931657059,0.0,0.0
0,9,single_requirement,0.5,3,0.5495635065828557,0.6372932860409047,0.6372932860409047,0.0,0.6372932860409047,0.0,0.0
0,9,single_requirement,0.5,4,0.6372932860409047,0.6372932860409047,0.6372932860409047,0.0,0.6372932860409047,0.0,0.0
0,9,single_requirement,0.8,1,0.40663846963411476,0.6500063933325788,0.6500063933325788,0.0,0.6500063933325788,0.0,0.0
0,9,single_requirement,0.8,2,0.4066384696341146,0.7743228006140357,0.7743228006140357,0.0,0.7743228006140357,0.0,0.0
0,9,single_requirement,0.8,3,0.7728956590720943,0.8186724044673515,0.8186724044673515,0.0,0.8186724044673515,0.0,0.0
0,9,single_requirement,0.8,4,0.8186724044673515,0.8186724044673515,0.8186724044673515,0.0,0.8186724044673515,0.0,0.0
0,9,single_requirement,1.0,1,0.5082980870426435,0.8125079916657236,0.8125079916657236,0.0,0.8125079916657236,0.0,0.0
0,9,single_requirement,1.0,2,0.5082980870426433,0.8782021103916329,0.8782021103916329,0.0,0.8782021103916329,0.0,0.0
0,9,single_requirement,1.0,3,0.8774479476230554,0.8912624111864402,0.8912624111864402,0.0,0.8912624111864402,0.0,0.0
0,9,single_requirement,1.0,4,0.8912624111864401,0.8912624111864402,0.8912624111864401,0.0,0.8912624111864401,1.1102230246251565e-16,0.0
0,9,three_requirements,0.5,1,0.0,0.0,0.0,0.0,0.0,0.0,0.0
0,9,three_requirements,0.5,2,0.0,0.0,0.0,0.0,0.0,0.0,0.0
0,9,three_requirements,0.5,3,0.0,0.03823846710439273,0.0,0.0,0.0,0.03823846710439273,0.0
0,9,three_requirements,0.5,4,0.03823846710439273,0.03823846710439273,0.03823846710439273,0.0,0.03823846710439273,0.0,0.0
0,9,three_requirements,0.8,1,0.0,0.0,0.0,0.0,0.0,0.0,0.0
0,9,three_requirements,0.8,2,0.0,0.0,0.0,0.0,0.0,0.0,0.0
0,9,three_requirements,0.8,3,0.0,0.15662476125959274,0.0,0.0,0.0,0.15662476125959274,0.0
0,9,three_requirements,0.8,4,0.15662476125959274,0.15662476125959274,0.15662476125959274,0.0,0.15662476125959274,0.0,0.0
0,9,three_requirements,1.0,1,0.0,0.0,0.0,0.0,0.0,0.0,0.0
0,9,three_requirements,1.0,2,0.0,0.0,0.0,0.0,0.0,0.0,0.0
0,9,three_requirements,1.0,3,0.0,0.30590773683514183,0.0,0.0,0.0,0.30590773683514183,0.0
0,9,three_requirements,1.0,4,0.3059077368351418,0.30590773683514183,0.3059077368351418,0.0,0.3059077368351418,5.551115123125783e-17,0.0
0,9,two_requirements,0.5,1,0.0,0.0,0.0,0.0,0.0,0.0,0.0
0,9,two_requirements,0.5,2,0.0,0.09696816049099857,0.07202287446777862,0.0,0.09696816049099857,0.02494528602321995,0.02494528602321995
0,9,two_requirements,0.5,3,0.06880406746528478,0.13855977369667866,0.13855977369667866,0.0,0.13855977369667866,0.0,0.0
0,9,two_requirements,0.5,4,0.1772019001748636,0.1772019001748636,0.1772019001748636,0.0,0.1772019001748636,0.0,0.0
0,9,two_requirements,0.8,1,0.0,0.0,0.0,0.0,0.0,0.0,0.0
0,9,two_requirements,0.8,2,0.0,0.24823849085695635,0.1843785586375132,0.0,0.24823849085695635,0.06385993221944314,0.06385993221944314
0,9,two_requirements,0.8,3,0.17613841271112898,0.30797060336491383,0.30797060336491383,0.0,0.30797060336491383,0.0,0.0
0,9,two_requirements,0.8,4,0.3605657057928822,0.3605657057928822,0.3605657057928822,0.0,0.3605657057928822,0.0,0.0
0,9,two_requirements,1.0,1,0.0,0.0,0.0,0.0,0.0,0.0,0.0
0,9,two_requirements,1.0,2,0.0,0.3878726419639943,0.2880914978711145,0.0,0.3878726419639943,0.0997811440928798,0.0997811440928798
0,9,two_requirements,1.0,3,0.27521626986113895,0.4325140497383203,0.4325140497383203,0.0,0.4325140497383203,0.0,0.0
0,9,two_requirements,1.0,4,0.4664347917026612,0.4664347917026612,0.4664347917026612,0.0,0.4664347917026612,0.0,0.0
1,0,single_requirement,0.5,1,0.25248916029668234,0.41081756118871005,0.41081756118871005,0.0,0.41081756118871005,0.0,0.0
1,0,single_requirement,0.5,2,0.2524891602966824,0.548308090919858,0.548308090919858,0.0,0.548308090919858,0.0,0.0
1,0,single_requirement,0.5,3,0.25248916029668245,0.548308090919858,0.548308090919858,0.0,0.548308090919858,0.0,0.0
1,0,single_requirement,0.5,4,0.548308090919858,0.548308090919858,0.548308090919858,0.0,0.548308090919858,0.0,0.0
1,0,single_requirement,0.8,1,0.4039826564746921,0.6573080979019361,0.6573080979019361,0.0,0.6573080979019361,0.0,0.0
1,0,single_requirement,0.8,2,0.403982656474692,0.76689426012886,0.76689426012886,0.0,0.76689426012886,0.0,0.0
1,0,single_requirement,0.8,3,0.4039826564746919,0.76689426012886,0.7668942601288599,0.0,0.7668942601288599,1.1102230246251565e-16,0.0
1,0,single_requirement,0.8,4,0.7668942601288599,0.76689426012886,0.7668942601288599,0.0,0.7668942601288599,1.1102230246251565e-16,0.0
1,0,single_requirement,1.0,1,0.5049783205933647,0.8216351223774201,0.8216351223774201,0.0,0.8216351223774201,0.0,0.0
1,0,single_requirement,1.0,2,0.5049783205933649,0.8666189207086472,0.8666189207086472,0.0,0.8666189207086472,0.0,0.0
1,0,single_requirement,1.0,3,0.5049783205933649,0.8666189207086473,0.8666189207086473,0.0,0.8666189207086473,0.0,0.0
1,0,single_requirement,1.0,4,0.8666189207086473,0.8666189207086473,0.8666189207086473,0.0,0.8666189207086473,0.0,0.0
1,0,three_requirements,0.5,1,0.0,0.0,0.0,0.0,0.0,0.0,0.0
1,0,three_requirements,0.5,2,0.0,0.0,0.0,0.0,0.0,0.0,0.0
1,0,three_requirements,0.5,3,0.0,0.043974532663865945,0.0,0.0,0.043974532663865945,0.043974532663865945,0.043974532663865945
1,0,three_requirements,0.5,4,0.043974532663865945,0.043974532663865945,0.043974532663865945,0.0,0.043974532663865945,0.0,0.0
1,0,three_requirements,0.8,1,0.0,0.0,0.0,0.0,0.0,0.0,0.0
1,0,three_requirements,0.8,2,0.0,0.0,0.0,0.0,0.0,0.0,0.0
1,0,three_requirements,0.8,3,0.0,0.18011968579119497,0.0,0.0,0.18011968579119497,0.18011968579119497,0.18011968579119497
1,0,three_requirements,0.8,4,0.18011968579119494,0.18011968579119497,0.18011968579119494,0.0,0.18011968579119494,2.7755575615628914e-17,0.0
1,0,three_requirements,1.0,1,0.0,0.0,0.0,0.0,0.0,0.0,0.0
1,0,three_requirements,1.0,2,0.0,0.0,0.0,0.0,0.0,0.0,0.0
1,0,three_requirements,1.0,3,0.0,0.35179626131092756,0.0,0.0,0.35179626131092756,0.35179626131092756,0.35179626131092756
1,0,three_requirements,1.0,4,0.35179626131092756,0.35179626131092756,0.35179626131092756,0.0,0.35179626131092756,0.0,0.0
1,0,two_requirements,0.5,1,0.0,0.0,0.0,0.0,0.0,0.0,0.0
1,0,two_requirements,0.5,2,0.0,0.14272270171757598,0.10423851759278728,0.0,0.14272270171757598,0.0384841841247887,0.0384841841247887
1,0,two_requirements,0.5,3,0.08739801101604555,0.20000582025754965,0.20000582025754965,0.0,0.20000582025754965,0.0,0.0
1,0,two_requirements,0.5,4,0.24759756169280644,0.24759756169280644,0.24759756169280644,0.0,0.24759756169280644,0.0,0.0
1,0,two_requirements,0.8,1,0.0,0.0,0.0,0.0,0.0,0.0,0.0
1,0,two_requirements,0.8,2,0.0,0.3653701163969947,0.2668506050375356,0.0,0.3653701163969947,0.09851951135945908,0.09851951135945908
1,0,two_requirements,0.8,3,0.22373890820107672,0.4398914069142055,0.4398914069142055,0.0,0.4398914069142055,0.0,0.0
1,0,two_requirements,0.8,4,0.5005838349123711,0.5005838349123711,0.5005838349123711,0.0,0.5005838349123711,0.0,0.0
1,0,two_requirements,1.0,1,0.0,0.0,0.0,0.0,0.0,0.0,0.0
1,0,two_requirements,1.0,2,0.0,0.5708908068703039,0.4169540703711491,0.0,0.5708908068703039,0.1539367364991548,0.1539367364991548
1,0,two_requirements,1.0,3,0.34959204406418215,0.6122016848189441,0.6122016848189441,0.0,0.6122016848189441,0.0,0.0
1,0,two_requirements,1.0,4,0.6433435722368162,0.6433435722368162,0.6433435722368162,0.0,0.6433435722368162,0.0,0.0
1,1,single_requirement,0.5,1,0.0,0.4010645571487122,0.4010645571487122,0.0,0.4010645571487122,0.0,0.0
1,1,single_requirement,0.5,2,0.2752050366030042,0.6197410544331475,0.6197410544331475,0.0,0.6197410544331475,0.0,0.0
1,1,single_requirement,0.5,3,0.5502883303341679,0.7022097223404337,0.7022097223404337,0.0,0.7022097223404337,0.0,0.0
1,1,single_requirement,0.5,4,0.7022097223404338,0.7022097223404338,0.7022097223404338,0.0,0.7022097223404338,0.0,0.0
1,1,single_requirement,0.8,1,0.0,0.6417032914379394,0.6417032914379394,0.0,0.6417032914379394,0.0,0.0
1,1,single_requirement,0.8,2,0.4403280585648066,0.8190293634280804,0.8190293634280804,0.0,0.8190293634280804,0.0,0.0
1,1,single_requirement,0.8,3,0.7620555294585725,0.8525236361471795,0.8525236361471795,0.0,0.8525236361471795,0.0,0.0
1,1,single_requirement,0.8,4,0.8525236361471795,0.8525236361471795,0.8525236361471795,0.0,0.8525236361471795,0.0,0.0
1,1,single_requirement,1.0,1,0.0,0.8021291142974244,0.8021291142974244,0.0,0.8021291142974244,0.0,0.0
1,1,single_requirement,1.0,2,0.5504100732060084,0.8799897678976382,0.8799897678976382,0.0,0.8799897678976382,0.0,0.0
1,1,single_requirement,1.0,3,0.8538979125931356,0.8849005069856969,0.8849005069856969,0.0,0.8849005069856969,0.0,0.0
1,1,single_requirement,1.0,4,0.884900506985697,0.884900506985697,0.884900506985697,0.0,0.884900506985697,0.0,0.0
1,1,three_requirements,0.5,1,0.0,0.0,0.0,0.0,0.0,0.0,0.0
1,1,three_requirements,0.5,2,0.0,0.0,0.0,0.0,0.0,0.0,0.0
1,1,three_requirements,0.5,3,0.041277299007375506,0.05320603121119285,0.041277299007375506,0.0,0.05320603121119285,0.011928732203817342,0.011928732203817342
1,1,three_requirements,0.5,4,0.09725510209774689,0.09725510209774689,0.09725510209774689,0.0,0.09725510209774689,0.0,0.0
1,1,three_requirements,0.8,1,0.0,0.0,0.0,0.0,0.0,0.0,0.0
1,1,three_requirements,0.8,2,0.0,0.0,0.0,0.0,0.0,0.0,0.0
1,1,three_requirements,0.8,3,0.16907181673421023,0.2179319038410459,0.16907181673421023,0.0,0.2179319038410459,0.048860087106835676,0.048860087106835676
1,1,three_requirements,0.8,4,0.308820462325184,0.308820462325184,0.308820462325184,0.0,0.308820462325184,0.0,0.0
1,1,three_requirements,1.0,1,0.0,0.0,0.0,0.0,0.0,0.0,0.0
1,1,three_requirements,1.0,2,0.0,0.0,0.0,0.0,0.0,0.0,0.0
1,1,three_requirements,1.0,3,0.33021839205900405,0.4256482496895428,0.33021839205900405,0.0,0.4256482496895428,0.09542985763053874,0.09542985763053874
1,1,three_requirements,1.0,4,0.48658106461014206,0.48658106461014206,0.48658106461014206,0.0,0.48658106461014206,0.0,0.0
1,1,two_requirements,0.5,1,0.0,0.0,0.0,0.0,0.0,0.0,0.0
1,1,two_requirements,0.5,2,0.08271670774318451,0.12759302808760853,0.10347173299834737,0.0,0.12759302808760853,0.024121295089261155,0.024121295089261155
1,1,two_requirements,0.5,3,0.13375097020494098,0.23247811025219908,0.23247811025219908,0.0,0.23247811025219908,0.0,0.0
1,1,two_requirements,0.5,4,0.26019160105555494,0.26019160105555494,0.26019160105555494,0.0,0.26019160105555494,0.0,0.0
1,1,two_requirements,0.8,1,0.0,0.0,0.0,0.0,0.0,0.0,0.0
1,1,two_requirements,0.8,2,0.21175477182255242,0.3266381519042778,0.26488763647576924,0.0,0.3266381519042778,0.06175051542850857,0.06175051542850857
1,1,two_requirements,0.8,3,0.2855329348506971,0.4702620034714478,0.4702620034714478,0.0,0.4702620034714478,0.0,0.0
1,1,two_requirements,0.8,4,0.4900979367782963,0.4900979367782963,0.4900979367782963,0.0,0.4900979367782963,0.0,0.0
1,1,two_requirements,1.0,1,0.0,0.0,0.0,0.0,0.0,0.0,0.0
1,1,two_requirements,1.0,2,0.33086683097273806,0.5103721123504341,0.4138869319933895,0.0,0.5103721123504341,0.09648518035704462,0.09648518035704462
1,1,two_requirements,1.0,3,0.38690609729384745,0.6046990067010309,0.6046990067010309,0.0,0.6046990067010309,0.0,0.0
1,1,two_requirements,1.0,4,0.6095225261595996,0.6095225261595996,0.6095225261595996,0.0,0.6095225261595996,0.0,0.0
1,2,single_requirement,0.5,1,0.0,0.35331265665982625,0.35331265665982625,0.0,0.35331265665982625,0.0,0.0
1,2,single_requirement,0.5,2,0.20572086180305313,0.5476523351125446,0.5476523351125446,0.0,0.5476523351125446,0.0,0.0
1,2,single_requirement,0.5,3,0.47100331304926213,0.6125995895724821,0.6125995895724821,0.0,0.6125995895724821,0.0,0.0
1,2,single_requirement,0.5,4,0.6125995895724821,0.6125995895724821,0.6125995895724821,0.0,0.6125995895724821,0.0,0.0
1,2,single_requirement,0.8,1,0.0,0.5653002506557221,0.5653002506557221,0.0,0.5653002506557221,0.0,0.0
1,2,single_requirement,0.8,2,0.329153378884885,0.7366961132379757,0.7366961132379757,0.0,0.7366961132379757,0.0,0.0
1,2,single_requirement,0.8,3,0.6690963036817468,0.7660657727147017,0.7660657727147017,0.0,0.7660657727147017,0.0,0.0
1,2,single_requirement,0.8,4,0.7660657727147017,0.7660657727147017,0.7660657727147017,0.0,0.7660657727147017,0.0,0.0
1,2,single_requirement,1.0,1,0.0,0.7066253133196525,0.7066253133196525,0.0,0.7066253133196525,0.0,0.0
1,2,single_requirement,1.0,2,0.41144172360610626,0.8045804557623897,0.8045804557623897,0.0,0.8045804557623897,0.0,0.0
1,2,single_requirement,1.0,3,0.7659462152712898,0.8107316963247237,0.8107316963247237,0.0,0.8107316963247237,0.0,0.0
1,2,single_requirement,1.0,4,0.8107316963247237,0.8107316963247237,0.8107316963247237,0.0,0.8107316963247237,0.0,0.0
1,2,three_requirements,0.5,1,0.0,0.0,0.0,0.0,0.0,0.0,0.0
1,2,three_requirements,0.5,2,0.0,0.0,0.0,0.0,0.0,0.0,0.0
1,2,three_requirements,0.5,3,0.014370703521993065,0.041079312448034214,0.014370703521993065,0.0,0.041079312448034214,0.02670860892604115,0.02670860892604115
1,2,three_requirements,0.5,4,0.06489969315935548,0.06489969315935548,0.06489969315935548,0.0,0.06489969315935548,0.0,0.0
1,2,three_requirements,0.8,1,0.0,0.0,0.0,0.0,0.0,0.0,0.0
1,2,three_requirements,0.8,2,0.0,0.0,0.0,0.0,0.0,0.0,0.0
1,2,three_requirements,0.8,3,0.058862401626083694,0.1682608637871483,0.058862401626083694,0.0,0.1682608637871483,0.10939846216106461,0.10939846216106461
1,2,three_requirements,0.8,4,0.22622491498265543,0.22622491498265543,0.22622491498265543,0.0,0.22622491498265543,0.0,0.0
1,2,three_requirements,1.0,1,0.0,0.0,0.0,0.0,0.0,0.0,0.0
1,2,three_requirements,1.0,2,0.0,0.0,0.0,0.0,0.0,0.0,0.0
1,2,three_requirements,1.0,3,0.11496562817594452,0.3286344995842737,0.11496562817594452,0.0,0.3286344995842737,0.2136688714083292,0.2136688714083292
1,2,three_requirements,1.0,4,0.3902775316092687,0.3902775316092687,0.3902775316092687,0.0,0.3902775316092687,0.0,0.0
1,2,two_requirements,0.5,1,0.0,0.0,0.0,0.0,0.0,0.0,0.0
1,2,two_requirements,0.5,2,0.0,0.1011595791788684,0.1011595791788684,0.0,0.1011595791788684,0.0,0.0
1,2,two_requirements,0.5,3,0.08168768576259068,0.1011595791788684,0.1011595791788684,0.0,0.1011595791788684,0.0,0.0
1,2,two_requirements,0.5,4,0.16899307102712155,0.16899307102712155,0.16899307102712155,0.0,0.16899307102712155,0.0,0.0
1,2,two_requirements,0.8,1,0.0,0.0,0.0,0.0,0.0,0.0,0.0
1,2,two_requirements,0.8,2,0.0,0.2589685226979031,0.2589685226979031,0.0,0.2589685226979031,0.0,0.0
1,2,two_requirements,0.8,3,0.20912047555223215,0.2589685226979033,0.2589685226979032,0.0,0.2589685226979032,1.1102230246251565e-16,0.0
1,2,two_requirements,0.8,4,0.37729415301313296,0.37729415301313296,0.37729415301313296,0.0,0.37729415301313296,0.0,0.0
1,2,two_requirements,1.0,1,0.0,0.0,0.0,0.0,0.0,0.0,0.0
1,2,two_requirements,1.0,2,0.0,0.4046383167154736,0.4046383167154736,0.0,0.4046383167154736,0.0,0.0
1,2,two_requirements,1.0,3,0.32675074305036267,0.4046383167154736,0.4046383167154736,0.0,0.4046383167154736,0.0,0.0
1,2,two_requirements,1.0,4,0.5097219571364359,0.5097219571364359,0.5097219571364359,0.0,0.5097219571364359,0.0,0.0
1,3,single_requirement,0.5,1,0.2649517026732845,0.2915673938342278,0.2915673938342278,0.0,0.2915673938342278,0.0,0.0
1,3,single_requirement,0.5,2,0.4502946343180685,0.4502946343180685,0.4502946343180685,0.0,0.4502946343180685,0.0,0.0
1,3,single_requirement,0.5,3,0.4502946343180686,0.4502946343180686,0.4502946343180686,0.0,0.4502946343180686,0.0,0.0
1,3,single_requirement,0.5,4,0.4502946343180686,0.4502946343180686,0.4502946343180686,0.0,0.4502946343180686,0.0,0.0
1,3,single_requirement,0.8,1,0.42392272427725497,0.4665078301347645,0.4665078301347645,0.0,0.4665078301347645,0.0,0.0
1,3,single_requirement,0.8,2,0.6184959312070438,0.6184959312070438,0.6184959312070438,0.0,0.6184959312070438,0.0,0.0
1,3,single_requirement,0.8,3,0.6184959312070437,0.6184959312070438,0.6184959312070437,0.0,0.6184959312070437,1.1102230246251565e-16,0.0
1,3,single_requirement,0.8,4,0.6184959312070437,0.6184959312070438,0.6184959312070437,0.0,0.6184959312070437,1.1102230246251565e-16,0.0
1,3,single_requirement,1.0,1,0.529903405346569,0.5831347876684556,0.5831347876684556,0.0,0.5831347876684556,0.0,0.0
1,3,single_requirement,1.0,2,0.6881403442572496,0.6881403442572496,0.6881403442572496,0.0,0.6881403442572496,0.0,0.0
1,3,single_requirement,1.0,3,0.6881403442572497,0.6881403442572498,0.6881403442572497,0.0,0.6881403442572497,1.1102230246251565e-16,0.0
1,3,single_requirement,1.0,4,0.6881403442572496,0.6881403442572498,0.6881403442572496,0.0,0.6881403442572496,2.220446049250313e-16,0.0
1,3,three_requirements,0.5,1,0.0,0.0,0.0,0.0,0.0,0.0,0.0
1,3,three_requirements,0.5,2,0.0,0.0,0.0,0.0,0.0,0.0,0.0
1,3,three_requirements,0.5,3,0.03965955654789942,0.046158675254348414,0.03965955654789942,0.0,0.03965955654789942,0.006499118706448995,0.0
1,3,three_requirements,0.5,4,0.08958296472247432,0.08958296472247432,0.08958296472247432,0.0,0.08958296472247432,0.0,0.0
1,3,three_requirements,0.8,1,0.0,0.0,0.0,0.0,0.0,0.0,0.0
1,3,three_requirements,0.8,2,0.0,0.0,0.0,0.0,0.0,0.0,0.0
1,3,three_requirements,0.8,3,0.16244554362019586,0.18906593384181103,0.16244554362019586,0.0,0.16244554362019586,0.026620390221615164,0.0
1,3,three_requirements,0.8,4,0.27939676365303756,0.27939676365303756,0.27939676365303756,0.0,0.27939676365303756,0.0,0.0
1,3,three_requirements,1.0,1,0.0,0.0,0.0,0.0,0.0,0.0,0.0
1,3,three_requirements,1.0,2,0.0,0.0,0.0,0.0,0.0,0.0,0.0
1,3,three_requirements,1.0,3,0.31727645238319535,0.3692694020347873,0.31727645238319535,0.0,0.31727645238319535,0.05199294965159196,0.0
1,3,three_requirements,1.0,4,0.43171886149653516,0.43171886149653516,0.43171886149653516,0.0,0.43171886149653516,0.0,0.0
1,3,two_requirements,0.5,1,0.0,0.0,0.0,0.0,0.0,0.0,0.0
1,3,two_requirements,0.5,2,0.0,0.12443122050817704,0.12079227636629959,0.0,0.12443122050817704,0.0036389441418774454,0.0036389441418774454
1,3,two_requirements,0.5,3,0.1207922763662996,0.17540681982465112,0.16772964981508642,0.0,0.17540681982465112,0.007677170009564693,0.007677170009564693
1,3,two_requirements,0.5,4,0.2514122637454354,0.2514122637454354,0.2514122637454354,0.0,0.2514122637454354,0.0,0.0
1,3,two_requirements,0.8,1,0.0,0.0,0.0,0.0,0.0,0.0,0.0
1,3,two_requirements,0.8,2,0.0,0.3185439245009334,0.30922822749772694,0.0,0.3185439245009334,0.009315697003206447,0.009315697003206447
1,3,two_requirements,0.8,3,0.3092282274977269,0.3966420205052775,0.3707857503480244,0.0,0.3966420205052775,0.025856270157253114,0.025856270157253114
1,3,two_requirements,0.8,4,0.5061187079738305,0.5061187079738305,0.5061187079738305,0.0,0.5061187079738305,0.0,0.0
1,3,two_requirements,1.0,1,0.0,0.0,0.0,0.0,0.0,0.0,0.0
1,3,two_requirements,1.0,2,0.0,0.49772488203270815,0.48316910546519837,0.0,0.49772488203270815,0.014555776567509782,0.014555776567509782
1,3,two_requirements,1.0,3,0.4831691054651984,0.5651704088667573,0.5183088253577496,0.0,0.5651704088667573,0.04686158350900771,0.04686158350900771
1,3,two_requirements,1.0,4,0.636969743008903,0.636969743008903,0.636969743008903,0.0,0.636969743008903,0.0,0.0
1,4,single_requirement,0.5,1,0.0,0.3213012840552772,0.3213012840552772,0.0,0.3213012840552772,0.0,0.0
1,4,single_requirement,0.5,2,0.2400902887432707,0.46122459589745346,0.46122459589745346,0.0,0.46122459589745346,0.0,0.0
1,4,single_requirement,0.5,3,0.46122459589745346,0.46122459589745346,0.46122459589745346,0.0,0.46122459589745346,0.0,0.0
1,4,single_requirement,0.5,4,0.46122459589745346,0.46122459589745346,0.46122459589745346,0.0,0.46122459589745346,0.0,0.0
1,4,single_requirement,0.8,1,0.0,0.5140820544884437,0.5140820544884437,0.0,0.5140820544884437,0.0,0.0
1,4,single_requirement,0.8,2,0.38414446198923324,0.6417990556108748,0.6417990556108748,0.0,0.6417990556108748,0.0,0.0
1,4,single_requirement,0.8,3,0.6417990556108746,0.6417990556108748,0.6417990556108746,0.0,0.6417990556108746,2.220446049250313e-16,0.0
1,4,single_requirement,0.8,4,0.6417990556108746,0.6417990556108748,0.6417990556108746,0.0,0.6417990556108746,2.220446049250313e-16,0.0
1,4,single_requirement,1.0,1,0.0,0.6426025681105544,0.6426025681105544,0.0,0.6426025681105544,0.0,0.0
1,4,single_requirement,1.0,2,0.4801805774865414,0.7221152379927177,0.7221152379927177,0.0,0.7221152379927177,0.0,0.0
1,4,single_requirement,1.0,3,0.7221152379927177,0.7221152379927177,0.7221152379927177,0.0,0.7221152379927177,0.0,0.0
1,4,single_requirement,1.0,4,0.7221152379927175,0.7221152379927177,0.7221152379927175,0.0,0.7221152379927175,2.220446049250313e-16,0.0
1,4,three_requirements,0.5,1,0.0,0.0,0.0,0.0,0.0,0.0,0.0
1,4,three_requirements,0.5,2,0.0,0.0,0.0,0.0,0.0,0.0,0.0
1,4,three_requirements,0.5,3,0.0,0.0,0.0,0.0,0.0,0.0,0.0
1,4,three_requirements,0.5,4,0.0,0.0,0.0,0.0,0.0,0.0,0.0
1,4,three_requirements,0.8,1,0.0,0.0,0.0,0.0,0.0,0.0,0.0
1,4,three_requirements,0.8,2,0.0,0.0,0.0,0.0,0.0,0.0,0.0
1,4,three_requirements,0.8,3,0.0,0.0,0.0,0.0,0.0,0.0,0.0
1,4,three_requirements,0.8,4,0.0,0.0,0.0,0.0,0.0,0.0,0.0
1,4,three_requirements,1.0,1,0.0,0.0,0.0,0.0,0.0,0.0,0.0
1,4,three_requirements,1.0,2,0.0,0.0,0.0,0.0,0.0,0.0,0.0
1,4,three_requirements,1.0,3,0.0,0.0,0.0,0.0,0.0,0.0,0.0
1,4,three_requirements,1.0,4,0.0,0.0,0.0,0.0,0.0,0.0,0.0
1,4,two_requirements,0.5,1,0.0,0.0,0.0,0.0,0.0,0.0,0.0
1,4,two_requirements,0.5,2,0.0,0.0830587380658076,0.0,0.0,0.0830587380658076,0.0830587380658076,0.0830587380658076
1,4,two_requirements,0.5,3,0.03535422476158781,0.1033433855528875,0.03535422476158781,0.0,0.1033433855528875,0.06798916079129969,0.06798916079129969
1,4,two_requirements,0.5,4,0.10334338555288747,0.1033433855528875,0.10334338555288747,0.0,0.10334338555288747,2.7755575615628914e-17,0.0
1,4,two_requirements,0.8,1,0.0,0.0,0.0,0.0,0.0,0.0,0.0
1,4,two_requirements,0.8,2,0.0,0.21263036944846747,0.0,0.0,0.21263036944846747,0.21263036944846747,0.21263036944846747
1,4,two_requirements,0.8,3,0.09050681538966479,0.24141219632174787,0.09050681538966479,0.0,0.24141219632174787,0.15090538093208308,0.15090538093208308
1,4,two_requirements,0.8,4,0.24141219632174782,0.24141219632174787,0.24141219632174782,0.0,0.24141219632174782,5.551115123125783e-17,0.0
1,4,two_requirements,1.0,1,0.0,0.0,0.0,0.0,0.0,0.0,0.0
1,4,two_requirements,1.0,2,0.0,0.3322349522632304,0.0,0.0,0.3322349522632304,0.3322349522632304,0.3322349522632304
1,4,two_requirements,1.0,3,0.14141689904635113,0.3530952331135182,0.14141689904635113,0.0,0.3530952331135182,0.21167833406716707,0.21167833406716707
1,4,two_requirements,1.0,4,0.35309523311351826,0.35309523311351826,0.35309523311351826,0.0,0.35309523311351826,0.0,0.0
1,5,single_requirement,0.5,1,0.22979513514356764,0.2981313824318984,0.2981313824318984,0.0,0.2981313824318984,0.0,0.0
1,5,single_requirement,0.5,2,0.33050866003791074,0.427942941562932,0.427942941562932,0.0,0.427942941562932,0.0,0.0
1,5,single_requirement,0.5,3,0.4848361376871616,0.4848361376871616,0.4848361376871616,0.0,0.4848361376871616,0.0,0.0
1,5,single_requirement,0.5,4,0.4848361376871616,0.4848361376871616,0.4848361376871616,0.0,0.4848361376871616,0.0,0.0
1,5,single_requirement,0.8,1,0.36767221622970825,0.4770102118910373,0.4770102118910373,0.0,0.4770102118910373,0.0,0.0
1,5,single_requirement,0.8,2,0.4653099522975586,0.5887244735286585,0.5887244735286585,0.0,0.5887244735286585,0.0,0.0
1,5,single_requirement,0.8,3,0.6183909185612476,0.6183909185612476,0.6183909185612476,0.0,0.6183909185612476,0.0,0.0
1,5,single_requirement,0.8,4,0.6183909185612476,0.6183909185612476,0.6183909185612476,0.0,0.6183909185612476,0.0,0.0
1,5,single_requirement,1.0,1,0.4595902702871353,0.5962627648637968,0.5962627648637968,0.0,0.5962627648637968,0.0,0.0
1,5,single_requirement,1.0,2,0.5287175205693662,0.6559187311007959,0.6559187311007959,0.0,0.6559187311007959,0.0,0.0
1,5,single_requirement,1.0,3,0.6648916210323363,0.6648916210323363,0.6648916210323363,0.0,0.6648916210323363,0.0,0.0
1,5,single_requirement,1.0,4,0.6648916210323363,0.6648916210323363,0.6648916210323363,0.0,0.6648916210323363,0.0,0.0
1,5,three_requirements,0.5,1,0.0,0.0,0.0,0.0,0.0,0.0,0.0
1,5,three_requirements,0.5,2,0.0,0.0,0.0,0.0,0.0,0.0,0.0
1,5,three_requirements,0.5,3,0.0,0.026374564905678473,0.0,0.0,0.026374564905678473,0.026374564905678473,0.026374564905678473
1,5,three_requirements,0.5,4,0.02637456490567846,0.026374564905678473,0.02637456490567846,0.0,0.02637456490567846,1.3877787807814457e-17,0.0
1,5,three_requirements,0.8,1,0.0,0.0,0.0,0.0,0.0,0.0,0.0
1,5,three_requirements,0.8,2,0.0,0.0,0.0,0.0,0.0,0.0,0.0
1,5,three_requirements,0.8,3,0.0,0.1080302178536589,0.0,0.0,0.1080302178536589,0.1080302178536589,0.1080302178536589
1,5,three_requirements,0.8,4,0.10803021785365896,0.10803021785365896,0.10803021785365896,0.0,0.10803021785365896,0.0,0.0
1,5,three_requirements,1.0,1,0.0,0.0,0.0,0.0,0.0,0.0,0.0
1,5,three_requirements,1.0,2,0.0,0.0,0.0,0.0,0.0,0.0,0.0
1,5,three_requirements,1.0,3,0.0,0.21099651924542778,0.0,0.0,0.21099651924542778,0.21099651924542778,0.21099651924542778
1,5,three_requirements,1.0,4,0.21099651924542767,0.21099651924542778,0.21099651924542767,0.0,0.21099651924542767,1.1102230246251565e-16,0.0
1,5,two_requirements,0.5,1,0.0,0.0,0.0,0.0,0.0,0.0,0.0
1,5,two_requirements,0.5,2,0.0,0.11059796828619098,0.09233652077496751,0.0,0.11059796828619098,0.018261447511223466,0.018261447511223466
1,5,two_requirements,0.5,3,0.0,0.1627589843105075,0.1627589843105075,0.0,0.1627589843105075,0.0,0.0
1,5,two_requirements,0.5,4,0.17778970421993257,0.17778970421993257,0.17778970421993257,0.0,0.17778970421993257,0.0,0.0
1,5,two_requirements,0.8,1,0.0,0.0,0.0,0.0,0.0,0.0,0.0
1,5,two_requirements,0.8,2,0.0,0.283130798812649,0.23638149318391682,0.0,0.283130798812649,0.046749305628732196,0.046749305628732196
1,5,two_requirements,0.8,3,0.0,0.35495342453789924,0.35495342453789924,0.0,0.35495342453789924,0.0,0.0
1,5,two_requirements,0.8,4,0.3674936383102325,0.3674936383102325,0.3674936383102325,0.0,0.3674936383102325,0.0,0.0
1,5,two_requirements,1.0,1,0.0,0.0,0.0,0.0,0.0,0.0,0.0
1,5,two_requirements,1.0,2,0.0,0.4423918731447639,0.36934608309987005,0.0,0.4423918731447639,0.07304579004489387,0.07304579004489387
1,5,two_requirements,1.0,3,0.0,0.4903339182394262,0.4903339182394262,0.0,0.4903339182394262,0.0,0.0
1,5,two_requirements,1.0,4,0.4950750473911295,0.4950750473911295,0.4950750473911295,0.0,0.4950750473911295,0.0,0.0
1,6,single_requirement,0.5,1,0.22155149360848123,0.29656261344936463,0.29656261344936463,0.0,0.29656261344936463,0.0,0.0
1,6,single_requirement,0.5,2,0.384782153018535,0.4423950238007458,0.4423950238007458,0.0,0.4423950238007458,0.0,0.0
1,6,single_requirement,0.5,3,0.384782153018535,0.515848630946072,0.515848630946072,0.0,0.515848630946072,0.0,0.0
1,6,single_requirement,0.5,4,0.515848630946072,0.515848630946072,0.515848630946072,0.0,0.515848630946072,0.0,0.0
1,6,single_requirement,0.8,1,0.35448238977357005,0.4745001815189835,0.4745001815189835,0.0,0.4745001815189835,0.0,0.0
1,6,single_requirement,0.8,2,0.526695808176681,0.6021740823318926,0.6021740823318926,0.0,0.6021740823318926,0.0,0.0
1,6,single_requirement,0.8,3,0.5266958081766813,0.6387420861973381,0.6387420861973381,0.0,0.6387420861973381,0.0,0.0
1,6,single_requirement,0.8,4,0.638742086197338,0.6387420861973381,0.638742086197338,0.0,0.638742086197338,1.1102230246251565e-16,0.0
1,6,single_requirement,1.0,1,0.44310298721696245,0.5931252268987293,0.5931252268987293,0.0,0.5931252268987293,0.0,0.0
1,6,single_requirement,1.0,2,0.5842400630100392,0.6646693064571153,0.6646693064571153,0.0,0.6646693064571153,0.0,0.0
1,6,single_requirement,1.0,3,0.5842400630100391,0.6747979442734161,0.6747979442734161,0.0,0.6747979442734161,0.0,0.0
1,6,single_requirement,1.0,4,0.6747979442734163,0.6747979442734163,0.6747979442734163,0.0,0.6747979442734163,0.0,0.0
1,6,three_requirements,0.5,1,0.0,0.0,0.0,0.0,0.0,0.0,0.0
1,6,three_requirements,0.5,2,0.0,0.0,0.0,0.0,0.0,0.0,0.0
1,6,three_requirements,0.5,3,0.0,0.018504295265867873,0.014734723406912481,0.0,0.014734723406912481,0.0037695718589553923,0.0
1,6,three_requirements,0.5,4,0.02696277476849218,0.02696277476849218,0.02696277476849218,0.0,0.02696277476849218,0.0,0.0
1,6,three_requirements,0.8,1,0.0,0.0,0.0,0.0,0.0,0.0,0.0
1,6,three_requirements,0.8,2,0.0,0.0,0.0,0.0,0.0,0.0,0.0
1,6,three_requirements,0.8,3,0.0,0.07579359340899486,0.06035342707471372,0.0,0.06035342707471372,0.015440166334281136,0.0
1,6,three_requirements,0.8,4,0.0950150284325654,0.0950150284325654,0.0950150284325654,0.0,0.0950150284325654,0.0,0.0
1,6,three_requirements,1.0,1,0.0,0.0,0.0,0.0,0.0,0.0,0.0
1,6,three_requirements,1.0,2,0.0,0.0,0.0,0.0,0.0,0.0,0.0
1,6,three_requirements,1.0,3,0.0,0.148034362126943,0.11787778725529985,0.0,0.11787778725529985,0.030156574871643138,0.0
1,6,three_requirements,1.0,4,0.16549224691363207,0.16549224691363207,0.16549224691363207,0.0,0.16549224691363207,0.0,0.0
1,6,two_requirements,0.5,1,0.0,0.0,0.0,0.0,0.0,0.0,0.0
1,6,two_requirements,0.5,2,0.09004308608925418,0.10805506693511575,0.09004308608925418,0.0,0.10805506693511575,0.018011980845861572,0.018011980845861572
1,6,two_requirements,0.5,3,0.13282349139811261,0.14996321687060926,0.13282349139811261,0.0,0.14996321687060926,0.017139725472496647,0.017139725472496647
1,6,two_requirements,0.5,4,0.20598246358947594,0.20598246358947594,0.20598246358947594,0.0,0.20598246358947594,0.0,0.0
1,6,two_requirements,0.8,1,0.0,0.0,0.0,0.0,0.0,0.0,0.0
1,6,two_requirements,0.8,2,0.23051030038849063,0.2766209713538965,0.23051030038849063,0.0,0.2766209713538965,0.04611067096540589,0.04611067096540589
1,6,two_requirements,0.8,3,0.2927869030668855,0.3353248160229886,0.2927869030668855,0.0,0.3353248160229886,0.0425379129561031,0.0425379129561031
1,6,two_requirements,0.8,4,0.41844245857336,0.41844245857336,0.41844245857336,0.0,0.41844245857336,0.0,0.0
1,6,two_requirements,1.0,1,0.0,0.0,0.0,0.0,0.0,0.0,0.0
1,6,two_requirements,1.0,2,0.3601723443570167,0.432220267740463,0.3601723443570167,0.0,0.432220267740463,0.07204792338344629,0.07204792338344629
1,6,two_requirements,1.0,3,0.4082699163417142,0.4733397967382409,0.4082699163417142,0.0,0.4733397967382409,0.06506988039652667,0.06506988039652667
1,6,two_requirements,1.0,4,0.5351788096705306,0.5351788096705306,0.5351788096705306,0.0,0.5351788096705306,0.0,0.0
1,7,single_requirement,0.5,1,0.22580293520075434,0.2655629729935058,0.2655629729935058,0.0,0.2655629729935058,0.0,0.0
1,7,single_requirement,0.5,2,0.22580293520075434,0.39263094677705085,0.39263094677705085,0.0,0.39263094677705085,0.0,0.0
1,7,single_requirement,0.5,3,0.22580293520075434,0.3926309467770509,0.39263094677705085,0.0,0.39263094677705085,5.551115123125783e-17,0.0
1,7,single_requirement,0.5,4,0.39263094677705085,0.3926309467770509,0.39263094677705085,0.0,0.39263094677705085,5.551115123125783e-17,0.0
1,7,single_requirement,0.8,1,0.3612846963212069,0.4249007567896095,0.4249007567896095,0.0,0.4249007567896095,0.0,0.0
1,7,single_requirement,0.8,2,0.36128469632120686,0.5334239518827605,0.5334239518827605,0.0,0.5334239518827605,0.0,0.0
1,7,single_requirement,0.8,3,0.3612846963212067,0.5334239518827605,0.5334239518827605,0.0,0.5334239518827605,0.0,0.0
1,7,single_requirement,0.8,4,0.5334239518827605,0.5334239518827605,0.5334239518827605,0.0,0.5334239518827605,0.0,0.0
1,7,single_requirement,1.0,1,0.4516058704015087,0.5311259459870116,0.5311259459870116,0.0,0.5311259459870116,0.0,0.0
1,7,single_requirement,1.0,2,0.4516058704015088,0.5877919707196831,0.5877919707196831,0.0,0.5877919707196831,0.0,0.0
1,7,single_requirement,1.0,3,0.45160587040150835,0.5877919707196834,0.587791970719683,0.0,0.587791970719683,3.3306690738754696e-16,0.0
1,7,single_requirement,1.0,4,0.587791970719683,0.5877919707196834,0.587791970719683,0.0,0.587791970719683,3.3306690738754696e-16,0.0
1,7,three_requirements,0.5,1,0.0,0.0,0.0,0.0,0.0,0.0,0.0
1,7,three_requirements,0.5,2,0.0,0.0,0.0,0.0,0.0,0.0,0.0
1,7,three_requirements,0.5,3,0.0,0.0,0.0,0.0,0.0,0.0,0.0
1,7,three_requirements,0.5,4,0.0,0.0,0.0,0.0,0.0,0.0,0.0
1,7,three_requirements,0.8,1,0.0,0.0,0.0,0.0,0.0,0.0,0.0
1,7,three_requirements,0.8,2,0.0,0.0,0.0,0.0,0.0,0.0,0.0
1,7,three_requirements,0.8,3,0.0,0.0,0.0,0.0,0.0,0.0,0.0
1,7,three_requirements,0.8,4,0.0,0.0,0.0,0.0,0.0,0.0,0.0
1,7,three_requirements,1.0,1,0.0,0.0,0.0,0.0,0.0,0.0,0.0
1,7,three_requirements,1.0,2,0.0,0.0,0.0,0.0,0.0,0.0,0.0
1,7,three_requirements,1.0,3,0.0,0.0,0.0,0.0,0.0,0.0,0.0
1,7,three_requirements,1.0,4,0.0,0.0,0.0,0.0,0.0,0.0,0.0
1,7,two_requirements,0.5,1,0.0,0.0,0.0,0.0,0.0,0.0,0.0
1,7,two_requirements,0.5,2,0.0,0.07298554105698675,0.03791122635488642,0.0,0.07298554105698675,0.03507431470210033,0.03507431470210033
1,7,two_requirements,0.5,3,0.03791122635488639,0.07298554105698675,0.03791122635488639,0.0,0.07298554105698674,0.03507431470210036,0.035074314702100345
1,7,two_requirements,0.5,4,0.10444435377798586,0.10444435377798586,0.10444435377798586,0.0,0.10444435377798586,0.0,0.0
1,7,two_requirements,0.8,1,0.0,0.0,0.0,0.0,0.0,0.0,0.0
1,7,two_requirements,0.8,2,0.0,0.18684298510588598,0.09705273946850923,0.0,0.18684298510588598,0.08979024563737675,0.08979024563737675
1,7,two_requirements,0.8,3,0.09705273946850915,0.1868429851058861,0.09705273946850915,0.0,0.186842985105886,0.08979024563737695,0.08979024563737686
1,7,two_requirements,0.8,4,0.24160918658335157,0.24160918658335157,0.24160918658335157,0.0,0.24160918658335157,0.0,0.0
1,7,two_requirements,1.0,1,0.0,0.0,0.0,0.0,0.0,0.0,0.0
1,7,two_requirements,1.0,2,0.0,0.291942164227947,0.15164490541954567,0.0,0.291942164227947,0.14029725880840133,0.14029725880840133
1,7,two_requirements,1.0,3,0.1516449054195455,0.291942164227947,0.1516449054195455,0.0,0.2919421642279467,0.1402972588084015,0.14029725880840122
1,7,two_requirements,1.0,4,0.3403484515052963,0.3403484515052963,0.3403484515052963,0.0,0.3403484515052963,0.0,0.0
1,8,single_requirement,0.5,1,0.2115802066973771,0.3147636996025249,0.3147636996025249,0.0,0.3147636996025249,0.0,0.0
1,8,single_requirement,0.5,2,0.3699642973632918,0.45881821866838723,0.45881821866838723,0.0,0.45881821866838723,0.0,0.0
1,8,single_requirement,0.5,3,0.3699642973632918,0.534620694361634,0.534620694361634,0.0,0.534620694361634,0.0,0.0
1,8,single_requirement,0.5,4,0.534620694361634,0.534620694361634,0.534620694361634,0.0,0.534620694361634,0.0,0.0
1,8,single_requirement,0.8,1,0.33852833071580335,0.5036219193640401,0.5036219193640401,0.0,0.5036219193640401,0.0,0.0
1,8,single_requirement,0.8,2,0.5112802086384386,0.6396900939905409,0.6396900939905409,0.0,0.6396900939905409,0.0,0.0
1,8,single_requirement,0.8,3,0.5112802086384385,0.6829916445722045,0.6829916445722045,0.0,0.6829916445722045,0.0,0.0
1,8,single_requirement,0.8,4,0.6829916445722046,0.6829916445722046,0.6829916445722046,0.0,0.6829916445722046,0.0,0.0
1,8,single_requirement,1.0,1,0.4231604133947542,0.6295273992050499,0.6295273992050499,0.0,0.6295273992050499,0.0,0.0
1,8,single_requirement,1.0,2,0.5718813715123581,0.7209300709224439,0.7209300709224439,0.0,0.7209300709224439,0.0,0.0
1,8,single_requirement,1.0,3,0.5718813715123582,0.7373446937288906,0.7373446937288906,0.0,0.7373446937288906,0.0,0.0
1,8,single_requirement,1.0,4,0.7373446937288907,0.7373446937288907,0.7373446937288907,0.0,0.7373446937288907,0.0,0.0
1,8,three_requirements,0.5,1,0.0,0.0,0.0,0.0,0.0,0.0,0.0
1,8,three_requirements,0.5,2,0.0,0.0,0.0,0.0,0.0,0.0,0.0
1,8,three_requirements,0.5,3,0.0,0.0,0.0,0.0,0.0,0.0,0.0
1,8,three_requirements,0.5,4,0.0,0.0,0.0,0.0,0.0,0.0,0.0
1,8,three_requirements,0.8,1,0.0,0.0,0.0,0.0,0.0,0.0,0.0
1,8,three_requirements,0.8,2,0.0,0.0,0.0,0.0,0.0,0.0,0.0
1,8,three_requirements,0.8,3,0.0,0.0,0.0,0.0,0.0,0.0,0.0
1,8,three_requirements,0.8,4,0.0,0.0,0.0,0.0,0.0,0.0,0.0
1,8,three_requirements,1.0,1,0.0,0.0,0.0,0.0,0.0,0.0,0.0
1,8,three_requirements,1.0,2,0.0,0.0,0.0,0.0,0.0,0.0,0.0
1,8,three_requirements,1.0,3,0.0,0.0,0.0,0.0,0.0,0.0,0.0
1,8,three_requirements,1.0,4,0.0,0.0,0.0,0.0,0.0,0.0,0.0
1,8,two_requirements,0.5,1,0.0,0.0,0.0,0.0,0.0,0.0,0.0
1,8,two_requirements,0.5,2,0.0,0.11011447957121323,0.11011447957121323,0.0,0.11011447957121323,0.0,0.0
1,8,two_requirements,0.5,3,0.05031926937686154,0.18830796005595568,0.18830796005595568,0.0,0.18830796005595568,0.0,0.0
1,8,two_requirements,0.5,4,0.18830796005595574,0.18830796005595574,0.18830796005595574,0.0,0.18830796005595574,0.0,0.0
1,8,two_requirements,0.8,1,0.0,0.0,0.0,0.0,0.0,0.0,0.0
1,8,two_requirements,0.8,2,0.0,0.28189306770230577,0.28189306770230577,0.0,0.28189306770230577,0.0,0.0
1,8,two_requirements,0.8,3,0.12881732960476544,0.40283121696563806,0.40283121696563806,0.0,0.40283121696563806,0.0,0.0
1,8,two_requirements,0.8,4,0.40283121696563806,0.40283121696563806,0.40283121696563806,0.0,0.40283121696563806,0.0,0.0
1,8,two_requirements,1.0,1,0.0,0.0,0.0,0.0,0.0,0.0,0.0
1,8,two_requirements,1.0,2,0.0,0.4404579182848529,0.4404579182848529,0.0,0.4404579182848529,0.0,0.0
1,8,two_requirements,1.0,3,0.20127707750744617,0.5468850673654669,0.5468850673654669,0.0,0.5468850673654669,0.0,0.0
1,8,two_requirements,1.0,4,0.5468850673654672,0.5468850673654672,0.5468850673654672,0.0,0.5468850673654672,0.0,0.0
1,9,single_requirement,0.5,1,0.0,0.34036817108341866,0.34036817108341866,0.0,0.34036817108341866,0.0,0.0
1,9,single_requirement,0.5,2,0.34036817108341866,0.520682768464104,0.520682768464104,0.0,0.520682768464104,0.0,0.0
1,9,single_requirement,0.5,3,0.520682768464104,0.5206827684641041,0.520682768464104,0.0,0.520682768464104,1.1102230246251565e-16,0.0
1,9,single_requirement,0.5,4,0.520682768464104,0.5206827684641041,0.520682768464104,0.0,0.520682768464104,1.1102230246251565e-16,0.0
1,9,single_requirement,0.8,1,0.0,0.54458907373347,0.54458907373347,0.0,0.54458907373347,0.0,0.0
1,9,single_requirement,0.8,2,0.5445890737334698,0.7030005840494962,0.7030005840494962,0.0,0.7030005840494962,0.0,0.0
1,9,single_requirement,0.8,3,0.7030005840494963,0.7030005840494963,0.7030005840494963,0.0,0.7030005840494963,0.0,0.0
1,9,single_requirement,0.8,4,0.7030005840494963,0.7030005840494963,0.7030005840494963,0.0,0.7030005840494963,0.0,0.0
1,9,single_requirement,1.0,1,0.0,0.6807363421668373,0.6807363421668373,0.0,0.6807363421668373,0.0,0.0
1,9,single_requirement,1.0,2,0.6807363421668373,0.770340858817645,0.770340858817645,0.0,0.770340858817645,0.0,0.0
1,9,single_requirement,1.0,3,0.7703408588176451,0.7703408588176451,0.7703408588176451,0.0,0.7703408588176451,0.0,0.0
1,9,single_requirement,1.0,4,0.770340858817645,0.7703408588176451,0.770340858817645,0.0,0.770340858817645,1.1102230246251565e-16,0.0
1,9,three_requirements,0.5,1,0.0,0.0,0.0,0.0,0.0,0.0,0.0
1,9,three_requirements,0.5,2,0.0,0.0,0.0,0.0,0.0,0.0,0.0
1,9,three_requirements,0.5,3,0.0,0.03771894116586066,0.02316009997088768,0.0,0.03001401699488923,0.014558841194972978,0.006853917024001552
1,9,three_requirements,0.5,4,0.06807415916492411,0.06807415916492411,0.06807415916492411,0.0,0.06807415916492411,0.0,0.0
1,9,three_requirements,0.8,1,0.0,0.0,0.0,0.0,0.0,0.0,0.0
1,9,three_requirements,0.8,2,0.0,0.0,0.0,0.0,0.0,0.0,0.0
1,9,three_requirements,0.8,3,0.0,0.15449678301536518,0.09486376948075603,0.0,0.12293741361106639,0.05963301353460915,0.028073644130310355
1,9,three_requirements,0.8,4,0.22275202983893402,0.22275202983893402,0.22275202983893402,0.0,0.22275202983893402,0.0,0.0
1,9,three_requirements,1.0,1,0.0,0.0,0.0,0.0,0.0,0.0,0.0
1,9,three_requirements,1.0,2,0.0,0.0,0.0,0.0,0.0,0.0,0.0
1,9,three_requirements,1.0,3,0.0,0.30175152932688526,0.18528079976710143,0.0,0.24011213595911385,0.11647072955978383,0.054831336192012414
1,9,three_requirements,1.0,4,0.3620420815856848,0.3620420815856848,0.3620420815856848,0.0,0.3620420815856848,0.0,0.0
1,9,two_requirements,0.5,1,0.0,0.0,0.0,0.0,0.0,0.0,0.0
1,9,two_requirements,0.5,2,0.07381892189685553,0.1035663417902293,0.07381892189685553,0.0,0.1035663417902293,0.029747419893373775,0.029747419893373775
1,9,two_requirements,0.5,3,0.10685810494900294,0.1431975373150936,0.1431975373150936,0.0,0.1431975373150936,0.0,0.0
1,9,two_requirements,0.5,4,0.17623672036724103,0.17623672036724103,0.17623672036724103,0.0,0.17623672036724103,0.0,0.0
1,9,two_requirements,0.8,1,0.0,0.0,0.0,0.0,0.0,0.0,0.0
1,9,two_requirements,0.8,2,0.18897644005595007,0.2651298349829871,0.18897644005595007,0.0,0.2651298349829871,0.07615339492703702,0.07615339492703702
1,9,two_requirements,0.8,3,0.23541782162284447,0.3140733478192612,0.3140733478192612,0.0,0.3140733478192612,0.0,0.0
1,9,two_requirements,0.8,4,0.3605147293861555,0.3605147293861555,0.3605147293861555,0.0,0.3605147293861555,0.0,0.0
1,9,two_requirements,1.0,1,0.0,0.0,0.0,0.0,0.0,0.0,0.0
1,9,two_requirements,1.0,2,0.2952756875874221,0.4142653671609172,0.2952756875874221,0.0,0.4142653671609172,0.1189896795734951,0.1189896795734951
1,9,two_requirements,1.0,3,0.3281122972788164,0.4360392437724096,0.4360392437724096,0.0,0.4360392437724096,0.0,0.0
1,9,two_requirements,1.0,4,0.46887585346380384,0.46887585346380384,0.46887585346380384,0.0,0.46887585346380384,0.0,0.0
2,0,single_requirement,0.5,1,0.0,0.39107230753161265,0.39107230753161265,0.0,0.39107230753161265,0.0,0.0
2,0,single_requirement,0.5,2,0.3225532170587319,0.56156434690051,0.56156434690051,0.0,0.56156434690051,0.0,0.0
2,0,single_requirement,0.5,3,0.49434746608356406,0.6523696786072426,0.6523696786072426,0.0,0.6523696786072426,0.0,0.0
2,0,single_requirement,0.5,4,0.6523696786072426,0.6523696786072426,0.6523696786072426,0.0,0.6523696786072426,0.0,0.0
2,0,single_requirement,0.8,1,0.0,0.6257156920505804,0.6257156920505804,0.0,0.6257156920505804,0.0,0.0
2,0,single_requirement,0.8,2,0.516085147293971,0.7525242244585753,0.7525242244585753,0.0,0.7525242244585753,0.0,0.0
2,0,single_requirement,0.8,3,0.667842383442304,0.7898128627756585,0.7898128627756585,0.0,0.7898128627756585,0.0,0.0
2,0,single_requirement,0.8,4,0.7898128627756587,0.7898128627756587,0.7898128627756587,0.0,0.7898128627756587,0.0,0.0
2,0,single_requirement,1.0,1,0.0,0.7821446150632253,0.7821446150632253,0.0,0.7821446150632253,0.0,0.0
2,0,single_requirement,1.0,2,0.6451064341174637,0.8190063384213512,0.8190063384213512,0.0,0.8190063384213512,0.0,0.0
2,0,single_requirement,1.0,3,0.7322083440600475,0.823983387693322,0.823983387693322,0.0,0.823983387693322,0.0,0.0
2,0,single_requirement,1.0,4,0.8239833876933219,0.823983387693322,0.8239833876933219,0.0,0.8239833876933219,1.1102230246251565e-16,0.0
2,0,three_requirements,0.5,1,0.0,0.0,0.0,0.0,0.0,0.0,0.0
2,0,three_requirements,0.5,2,0.0,0.0,0.0,0.0,0.0,0.0,0.0
2,0,three_requirements,0.5,3,0.03984302904684282,0.057894088234157016,0.03984302904684282,0.0,0.03984302904684282,0.018051059187314193,0.0
2,0,three_requirements,0.5,4,0.09780694392351585,0.09780694392351585,0.09780694392351585,0.0,0.09780694392351585,0.0,0.0
2,0,three_requirements,0.8,1,0.0,0.0,0.0,0.0,0.0,0.0,0.0
2,0,three_requirements,0.8,2,0.0,0.0,0.0,0.0,0.0,0.0,0.0
2,0,three_requirements,0.8,3,0.16319704697586832,0.23713418540710723,0.16319704697586832,0.0,0.16319704697586832,0.07393713843123892,0.0
2,0,three_requirements,0.8,4,0.31857159423386194,0.31857159423386194,0.31857159423386194,0.0,0.31857159423386194,0.0,0.0
2,0,three_requirements,1.0,1,0.0,0.0,0.0,0.0,0.0,0.0,0.0
2,0,three_requirements,1.0,2,0.0,0.0,0.0,0.0,0.0,0.0,0.0
2,0,three_requirements,1.0,3,0.3187442323747426,0.46315270587325613,0.3187442323747426,0.0,0.3187442323747426,0.14440847349851355,0.0
2,0,three_requirements,1.0,4,0.5153798740546012,0.5153798740546012,0.5153798740546012,0.0,0.5153798740546012,0.0,0.0
2,0,two_requirements,0.5,1,0.0,0.0,0.0,0.0,0.0,0.0,0.0
2,0,two_requirements,0.5,2,0.09006261458942941,0.17035429962964752,0.09006261458942941,0.0,0.17035429962964752,0.08029168504021811,0.08029168504021811
2,0,two_requirements,0.5,3,0.09006261458942941,0.17035429962964754,0.09006261458942941,0.0,0.1703542996296475,0.08029168504021814,0.08029168504021808
2,0,two_requirements,0.5,4,0.2418858476624543,0.2418858476624543,0.2418858476624543,0.0,0.2418858476624543,0.0,0.0
2,0,two_requirements,0.8,1,0.0,0.0,0.0,0.0,0.0,0.0,0.0
2,0,two_requirements,0.8,2,0.2305602933489394,0.4361070070518977,0.2305602933489394,0.0,0.4361070070518977,0.2055467137029583,0.2055467137029583
2,0,two_requirements,0.8,3,0.2305602933489394,0.43610700705189775,0.2305602933489394,0.0,0.43610700705189764,0.20554671370295835,0.20554671370295824
2,0,two_requirements,0.8,4,0.5452221026153551,0.5452221026153551,0.5452221026153551,0.0,0.5452221026153551,0.0,0.0
2,0,two_requirements,1.0,1,0.0,0.0,0.0,0.0,0.0,0.0,0.0
2,0,two_requirements,1.0,2,0.36025045835771763,0.6814171985185901,0.36025045835771763,0.0,0.6814171985185901,0.32116674016087243,0.32116674016087243
2,0,two_requirements,1.0,3,0.36025045835771763,0.6814171985185902,0.36025045835771763,0.0,0.68141719851859,0.32116674016087254,0.3211667401608723
2,0,two_requirements,1.0,4,0.745170591970346,0.745170591970346,0.745170591970346,0.0,0.745170591970346,0.0,0.0
2,1,single_requirement,0.5,1,0.245009007289331,0.35238866669199564,0.35238866669199564,0.0,0.35238866669199564,0.0,0.0
2,1,single_requirement,0.5,2,0.422683729624154,0.5082186796729389,0.5082186796729389,0.0,0.5082186796729389,0.0,0.0
2,1,single_requirement,0.5,3,0.584201912410099,0.584201912410099,0.584201912410099,0.0,0.584201912410099,0.0,0.0
2,1,single_requirement,0.5,4,0.584201912410099,0.584201912410099,0.584201912410099,0.0,0.584201912410099,0.0,0.0
2,1,single_requirement,0.8,1,0.39201441166292983,0.5638218667071928,0.5638218667071928,0.0,0.5638218667071928,0.0,0.0
2,1,single_requirement,0.8,2,0.5740898045003295,0.6899748035986608,0.6899748035986608,0.0,0.6899748035986608,0.0,0.0
2,1,single_requirement,0.8,3,0.7231266540016132,0.7231266540016132,0.7231266540016132,0.0,0.7231266540016132,0.0,0.0
2,1,single_requirement,0.8,4,0.7231266540016135,0.7231266540016135,0.7231266540016135,0.0,0.7231266540016135,0.0,0.0
2,1,single_requirement,1.0,1,0.490018014578662,0.7047773333839913,0.7047773333839913,0.0,0.7047773333839913,0.0,0.0
2,1,single_requirement,1.0,2,0.6324421198768144,0.7598226012666247,0.7598226012666247,0.0,0.7598226012666247,0.0,0.0
2,1,single_requirement,1.0,3,0.7660380947032186,0.7660380947032186,0.7660380947032186,0.0,0.7660380947032186,0.0,0.0
2,1,single_requirement,1.0,4,0.7660380947032186,0.7660380947032186,0.7660380947032186,0.0,0.7660380947032186,0.0,0.0
2,1,three_requirements,0.5,1,0.0,0.0,0.0,0.0,0.0,0.0,0.0
2,1,three_requirements,0.5,2,0.0,0.0,0.0,0.0,0.0,0.0,0.0
2,1,three_requirements,0.5,3,0.03690665536601168,0.03690665536601168,0.03690665536601168,0.0,0.03690665536601168,0.0,0.0
2,1,three_requirements,0.5,4,0.06669536754559133,0.06669536754559133,0.06669536754559133,0.0,0.06669536754559133,0.0,0.0
2,1,three_requirements,0.8,1,0.0,0.0,0.0,0.0,0.0,0.0,0.0
2,1,three_requirements,0.8,2,0.0,0.0,0.0,0.0,0.0,0.0,0.0
2,1,three_requirements,0.8,3,0.1511696603791839,0.1511696603791839,0.1511696603791839,0.0,0.1511696603791839,0.0,0.0
2,1,three_requirements,0.8,4,0.2156406864036421,0.2156406864036421,0.2156406864036421,0.0,0.2156406864036421,0.0,0.0
2,1,three_requirements,1.0,1,0.0,0.0,0.0,0.0,0.0,0.0,0.0
2,1,three_requirements,1.0,2,0.0,0.0,0.0,0.0,0.0,0.0,0.0
2,1,three_requirements,1.0,3,0.29525324292809346,0.29525324292809346,0.29525324292809346,0.0,0.29525324292809346,0.0,0.0
2,1,three_requirements,1.0,4,0.34624673247703486,0.34624673247703486,0.34624673247703486,0.0,0.34624673247703486,0.0,0.0
2,1,two_requirements,0.5,1,0.0,0.0,0.0,0.0,0.0,0.0,0.0
2,1,two_requirements,0.5,2,0.050842557680685074,0.1421461725809256,0.050842557680685074,0.0,0.1421461725809256,0.09130361490024053,0.09130361490024053
2,1,two_requirements,0.5,3,0.05084255768068509,0.20359057348859322,0.13984837062475858,0.0,0.20359057348859322,0.06374220286383464,0.06374220286383464
2,1,two_requirements,0.5,4,0.23140242756434742,0.23140242756434742,0.23140242756434742,0.0,0.23140242756434742,0.0,0.0
2,1,two_requirements,0.8,1,0.0,0.0,0.0,0.0,0.0,0.0,0.0
2,1,two_requirements,0.8,2,0.13015694766255378,0.3638942018071696,0.13015694766255378,0.0,0.3638942018071696,0.2337372541446158,0.2337372541446158
2,1,two_requirements,0.8,3,0.13015694766255384,0.4434823785057055,0.3226366680622083,0.0,0.4434823785057055,0.12084571044349718,0.12084571044349718
2,1,two_requirements,0.8,4,0.47930556420246284,0.47930556420246284,0.47930556420246284,0.0,0.47930556420246284,0.0,0.0
2,1,two_requirements,1.0,1,0.0,0.0,0.0,0.0,0.0,0.0,0.0
2,1,two_requirements,1.0,2,0.2033702307227403,0.5685846903237024,0.2033702307227403,0.0,0.5685846903237024,0.3652144596009621,0.3652144596009621
2,1,two_requirements,1.0,3,0.2033702307227404,0.6119938313890259,0.4672706680793112,0.0,0.6119938313890259,0.14472316330971463,0.14472316330971463
2,1,two_requirements,1.0,4,0.6311184332723199,0.6311184332723199,0.6311184332723199,0.0,0.6311184332723199,0.0,0.0
2,2,single_requirement,0.5,1,0.0,0.3313963110750527,0.3313963110750527,0.0,0.3313963110750527,0.0,0.0
2,2,single_requirement,0.5,2,0.33139631107505263,0.4987441262697183,0.4987441262697183,0.0,0.4987441262697183,0.0,0.0
2,2,single_requirement,0.5,3,0.4764018307743253,0.5789095030759014,0.5789095030759014,0.0,0.5789095030759014,0.0,0.0
2,2,single_requirement,0.5,4,0.5789095030759014,0.5789095030759014,0.5789095030759014,0.0,0.5789095030759014,0.0,0.0
2,2,single_requirement,0.8,1,0.0,0.5302340977200843,0.5302340977200843,0.0,0.5302340977200843,0.0,0.0
2,2,single_requirement,0.8,2,0.5302340977200843,0.6746052500382067,0.6746052500382067,0.0,0.6746052500382067,0.0,0.0
2,2,single_requirement,0.8,3,0.6553305260607846,0.7102014132210218,0.7102014132210218,0.0,0.7102014132210218,0.0,0.0
2,2,single_requirement,0.8,4,0.7102014132210218,0.7102014132210218,0.7102014132210218,0.0,0.7102014132210218,0.0,0.0
2,2,single_requirement,1.0,1,0.0,0.6627926221501054,0.6627926221501054,0.0,0.6627926221501054,0.0,0.0
2,2,single_requirement,1.0,2,0.6627926221501051,0.7404354358866396,0.7404354358866396,0.0,0.7404354358866396,0.0,0.0
2,2,single_requirement,1.0,3,0.7300694882608668,0.7475457425303148,0.7475457425303148,0.0,0.7475457425303148,0.0,0.0
2,2,single_requirement,1.0,4,0.7475457425303147,0.7475457425303148,0.7475457425303147,0.0,0.7475457425303147,1.1102230246251565e-16,0.0
2,2,three_requirements,0.5,1,0.0,0.0,0.0,0.0,0.0,0.0,0.0
2,2,three_requirements,0.5,2,0.0,0.0,0.0,0.0,0.0,0.0,0.0
2,2,three_requirements,0.5,3,0.02895185716071557,0.0483897236972477,0.02895185716071557,0.0,0.02895185716071557,0.01943786653653213,0.0
2,2,three_requirements,0.5,4,0.0938578559220132,0.0938578559220132,0.0938578559220132,0.0,0.0938578559220132,0.0,0.0
2,2,three_requirements,0.8,1,0.0,0.0,0.0,0.0,0.0,0.0,0.0
2,2,three_requirements,0.8,2,0.0,0.0,0.0,0.0,0.0,0.0,0.0
2,2,three_requirements,0.8,3,0.11858680693029114,0.19820430826392657,0.11858680693029114,0.0,0.11858680693029114,0.07961750133363543,0.0
2,2,three_requirements,0.8,4,0.29582674133658066,0.29582674133658066,0.29582674133658066,0.0,0.29582674133658066,0.0,0.0
2,2,three_requirements,1.0,1,0.0,0.0,0.0,0.0,0.0,0.0,0.0
2,2,three_requirements,1.0,2,0.0,0.0,0.0,0.0,0.0,0.0,0.0
2,2,three_requirements,1.0,3,0.23161485728572456,0.3871177895779816,0.23161485728572456,0.0,0.23161485728572456,0.15550293229225703,0.0
2,2,three_requirements,1.0,4,0.46240244203761127,0.46240244203761127,0.46240244203761127,0.0,0.46240244203761127,0.0,0.0
2,2,two_requirements,0.5,1,0.0,0.0,0.0,0.0,0.0,0.0,0.0
2,2,two_requirements,0.5,2,0.0,0.11290120044643098,0.11290120044643098,0.0,0.11290120044643098,0.0,0.0
2,2,two_requirements,0.5,3,0.09849163979186563,0.20660869416114014,0.1683737377500072,0.0,0.1683737377500072,0.03823495641113295,0.0
2,2,two_requirements,0.5,4,0.2547194661802859,0.2547194661802859,0.2547194661802859,0.0,0.2547194661802859,0.0,0.0
2,2,two_requirements,0.8,1,0.0,0.0,0.0,0.0,0.0,0.0,0.0
2,2,two_requirements,0.8,2,0.0,0.2890270731428633,0.2890270731428633,0.0,0.2890270731428633,0.0,0.0
2,2,two_requirements,0.8,3,0.25213859786717613,0.3988636828191032,0.36784962201619564,0.0,0.36784962201619564,0.031014060802907584,0.0
2,2,two_requirements,0.8,4,0.4650269943770019,0.4650269943770019,0.4650269943770019,0.0,0.4650269943770019,0.0,0.0
2,2,two_requirements,1.0,1,0.0,0.0,0.0,0.0,0.0,0.0,0.0
2,2,two_requirements,1.0,2,0.0,0.45160480178572393,0.45160480178572393,0.0,0.45160480178572393,0.0,0.0
2,2,two_requirements,1.0,3,0.3939665591674625,0.5089450900004902,0.5089450900004902,0.0,0.5089450900004902,0.0,0.0
2,2,two_requirements,1.0,4,0.5594367690668959,0.5594367690668959,0.5594367690668959,0.0,0.5594367690668959,0.0,0.0
2,3,single_requirement,0.5,1,0.30015135175544616,0.3758674085886264,0.3758674085886264,0.0,0.3758674085886264,0.0,0.0
2,3,single_requirement,0.5,2,0.4496750232296187,0.5359176961050431,0.5359176961050431,0.0,0.5359176961050431,0.0,0.0
2,3,single_requirement,0.5,3,0.6156484934843932,0.6156484934843932,0.6156484934843932,0.0,0.6156484934843932,0.0,0.0
2,3,single_requirement,0.5,4,0.6156484934843931,0.6156484934843932,0.6156484934843931,0.0,0.6156484934843931,1.1102230246251565e-16,0.0
2,3,single_requirement,0.8,1,0.4802421628087139,0.6013878537418019,0.6013878537418019,0.0,0.6013878537418019,0.0,0.0
2,3,single_requirement,0.8,2,0.6009341494951761,0.7229712920986003,0.7229712920986003,0.0,0.7229712920986003,0.0,0.0
2,3,single_requirement,0.8,3,0.7535270155645096,0.7535270155645096,0.7535270155645096,0.0,0.7535270155645096,0.0,0.0
2,3,single_requirement,0.8,4,0.7535270155645093,0.7535270155645096,0.7535270155645093,0.0,0.7535270155645093,3.3306690738754696e-16,0.0
2,3,single_requirement,1.0,1,0.6003027035108923,0.7517348171772528,0.7517348171772528,0.0,0.7517348171772528,0.0,0.0
2,3,single_requirement,1.0,2,0.6523794471421256,0.791633263732027,0.791633263732027,0.0,0.791633263732027,0.0,0.0
2,3,single_requirement,1.0,3,0.7950944861459286,0.7950944861459286,0.7950944861459286,0.0,0.7950944861459286,0.0,0.0
2,3,single_requirement,1.0,4,0.7950944861459281,0.7950944861459286,0.7950944861459281,0.0,0.7950944861459281,4.440892098500626e-16,0.0
2,3,three_requirements,0.5,1,0.0,0.0,0.0,0.0,0.0,0.0,0.0
2,3,three_requirements,0.5,2,0.0,0.0,0.0,0.0,0.0,0.0,0.0
2,3,three_requirements,0.5,3,0.03878908461957287,0.06259697912023265,0.03878908461957287,0.0,0.03878908461957287,0.023807894500659788,0.0
2,3,three_requirements,0.5,4,0.10086181112435011,0.10086181112435011,0.10086181112435011,0.0,0.10086181112435011,0.0,0.0
2,3,three_requirements,0.8,1,0.0,0.0,0.0,0.0,0.0,0.0,0.0
2,3,three_requirements,0.8,2,0.0,0.0,0.0,0.0,0.0,0.0,0.0
2,3,three_requirements,0.8,3,0.15888009060177055,0.25639722647647295,0.15888009060177055,0.0,0.15888009060177055,0.0975171358747024,0.0
2,3,three_requirements,0.8,4,0.331668466726324,0.331668466726324,0.331668466726324,0.0,0.331668466726324,0.0,0.0
2,3,three_requirements,1.0,1,0.0,0.0,0.0,0.0,0.0,0.0,0.0
2,3,three_requirements,1.0,2,0.0,0.0,0.0,0.0,0.0,0.0,0.0
2,3,three_requirements,1.0,3,0.31031267695658293,0.5007758329618612,0.31031267695658293,0.0,0.31031267695658293,0.1904631560052783,0.0
2,3,three_requirements,1.0,4,0.5417202974615516,0.5417202974615516,0.5417202974615516,0.0,0.5417202974615516,0.0,0.0
2,3,two_requirements,0.5,1,0.0,0.0,0.0,0.0,0.0,0.0,0.0
2,3,two_requirements,0.5,2,0.0,0.1534362396339376,0.14379213259033358,0.0,0.1534362396339376,0.009644107043604022,0.009644107043604022
2,3,two_requirements,0.5,3,0.23389602898224632,0.23389602898224632,0.23389602898224632,0.0,0.23389602898224632,0.0,0.0
2,3,two_requirements,0.5,4,0.23389602898224632,0.23389602898224632,0.23389602898224632,0.0,0.23389602898224632,0.0,0.0
2,3,two_requirements,0.8,1,0.0,0.0,0.0,0.0,0.0,0.0,0.0
2,3,two_requirements,0.8,2,0.0,0.39279677346288017,0.3681078594312538,0.0,0.39279677346288017,0.024688914031626374,0.024688914031626374
2,3,two_requirements,0.8,3,0.5014953549748004,0.5014953549748004,0.5014953549748004,0.0,0.5014953549748004,0.0,0.0
2,3,two_requirements,0.8,4,0.5014953549748002,0.5014953549748004,0.5014953549748002,0.0,0.5014953549748002,1.1102230246251565e-16,0.0
2,3,two_requirements,1.0,1,0.0,0.0,0.0,0.0,0.0,0.0,0.0
2,3,two_requirements,1.0,2,0.0,0.6137449585357504,0.5751685303613343,0.0,0.6137449585357504,0.03857642817441609,0.03857642817441609
2,3,two_requirements,1.0,3,0.6822547429608855,0.6822547429608855,0.6822547429608855,0.0,0.6822547429608855,0.0,0.0
2,3,two_requirements,1.0,4,0.6822547429608852,0.6822547429608855,0.6822547429608852,0.0,0.6822547429608852,3.3306690738754696e-16,0.0
2,4,single_requirement,0.5,1,0.1675411788318134,0.38004609852489496,0.38004609852489496,0.0,0.38004609852489496,0.0,0.0
2,4,single_requirement,0.5,2,0.38511624925934196,0.545514347118974,0.545514347118974,0.0,0.545514347118974,0.0,0.0
2,4,single_requirement,0.5,3,0.5061566205138163,0.6400916260847404,0.6400916260847404,0.0,0.6400916260847404,0.0,0.0
2,4,single_requirement,0.5,4,0.6728933506281312,0.6728933506281312,0.6728933506281312,0.0,0.6728933506281312,0.0,0.0
2,4,single_requirement,0.8,1,0.2680658861309014,0.608073757639832,0.608073757639832,0.0,0.608073757639832,0.0,0.0
2,4,single_requirement,0.8,2,0.550502867587633,0.7571172752029324,0.7571172752029324,0.0,0.7571172752029324,0.0,0.0
2,4,single_requirement,0.8,3,0.6400983762413026,0.8070246822122347,0.8070246822122347,0.0,0.8070246822122347,0.0,0.0
2,4,single_requirement,0.8,4,0.816561917365733,0.816561917365733,0.816561917365733,0.0,0.816561917365733,0.0,0.0
2,4,single_requirement,1.0,1,0.3350823576636268,0.7600921970497899,0.7600921970497899,0.0,0.7600921970497899,0.0,0.0
2,4,single_requirement,1.0,2,0.6333926417951127,0.8499751938474776,0.8499751938474776,0.0,0.8499751938474776,0.0,0.0
2,4,single_requirement,1.0,3,0.6820913848729833,0.8658877516630291,0.8658877516630291,0.0,0.8658877516630291,0.0,0.0
2,4,single_requirement,1.0,4,0.8672766198925003,0.8672766198925003,0.8672766198925003,0.0,0.8672766198925003,0.0,0.0
2,4,three_requirements,0.5,1,0.0,0.0,0.0,0.0,0.0,0.0,0.0
2,4,three_requirements,0.5,2,0.0,0.0,0.0,0.0,0.0,0.0,0.0
2,4,three_requirements,0.5,3,0.0,0.026789475748900574,0.0,0.0,0.0,0.026789475748900574,0.0
2,4,three_requirements,0.5,4,0.0267894757489006,0.0267894757489006,0.0267894757489006,0.0,0.0267894757489006,0.0,0.0
2,4,three_requirements,0.8,1,0.0,0.0,0.0,0.0,0.0,0.0,0.0
2,4,three_requirements,0.8,2,0.0,0.0,0.0,0.0,0.0,0.0,0.0
2,4,three_requirements,0.8,3,0.0,0.10972969266749677,0.0,0.0,0.0,0.10972969266749677,0.0
2,4,three_requirements,0.8,4,0.10972969266749677,0.10972969266749677,0.10972969266749677,0.0,0.10972969266749677,0.0,0.0
2,4,three_requirements,1.0,1,0.0,0.0,0.0,0.0,0.0,0.0,0.0
2,4,three_requirements,1.0,2,0.0,0.0,0.0,0.0,0.0,0.0,0.0
2,4,three_requirements,1.0,3,0.0,0.2143158059912046,0.0,0.0,0.0,0.2143158059912046,0.0
2,4,three_requirements,1.0,4,0.21431580599120492,0.21431580599120492,0.21431580599120492,0.0,0.21431580599120492,0.0,0.0
2,4,two_requirements,0.5,1,0.0,0.0,0.0,0.0,0.0,0.0,0.0
2,4,two_requirements,0.5,2,0.06374526904072861,0.07819678536568203,0.06374526904072861,0.0,0.07819678536568203,0.014451516324953423,0.014451516324953423
2,4,two_requirements,0.5,3,0.0918873511984023,0.10571797815390536,0.0918873511984023,0.0,0.10571797815390536,0.013830626955503064,0.013830626955503064
2,4,two_requirements,0.5,4,0.14672558737649813,0.14672558737649813,0.14672558737649813,0.0,0.14672558737649813,0.0,0.0
2,4,two_requirements,0.8,1,0.0,0.0,0.0,0.0,0.0,0.0,0.0
2,4,two_requirements,0.8,2,0.16318788874426537,0.2001837705361461,0.16318788874426537,0.0,0.2001837705361461,0.036995881791880736,0.036995881791880736
2,4,two_requirements,0.8,3,0.20539406045589415,0.2398467793905065,0.20539406045589415,0.0,0.2398467793905065,0.03445271893461235,0.03445271893461235
2,4,two_requirements,0.8,4,0.30176123452986114,0.30176123452986114,0.30176123452986114,0.0,0.30176123452986114,0.0,0.0
2,4,two_requirements,1.0,1,0.0,0.0,0.0,0.0,0.0,0.0,0.0
2,4,two_requirements,1.0,2,0.25498107616291443,0.3127871414627281,0.25498107616291443,0.0,0.3127871414627281,0.05780606529981369,0.05780606529981369
2,4,two_requirements,1.0,3,0.2898474292414853,0.3426863795856964,0.2898474292414853,0.0,0.3426863795856964,0.0528389503442111,0.0528389503442111
2,4,two_requirements,1.0,4,0.38926884976268383,0.38926884976268383,0.38926884976268383,0.0,0.38926884976268383,0.0,0.0
2,5,single_requirement,0.5,1,0.36240092257179235,0.36240092257179235,0.36240092257179235,0.0,0.36240092257179235,0.0,0.0
2,5,single_requirement,0.5,2,0.3624009225717924,0.556539232936777,0.556539232936777,0.0,0.556539232936777,0.0,0.0
2,5,single_requirement,0.5,3,0.3624009225717924,0.556539232936777,0.5565392329367769,0.0,0.5565392329367769,1.1102230246251565e-16,0.0
2,5,single_requirement,0.5,4,0.5565392329367769,0.556539232936777,0.5565392329367769,0.0,0.5565392329367769,1.1102230246251565e-16,0.0
2,5,single_requirement,0.8,1,0.5798414761148679,0.5798414761148679,0.5798414761148679,0.0,0.5798414761148679,0.0,0.0
2,5,single_requirement,0.8,2,0.579841476114868,0.7524356380230071,0.7524356380230071,0.0,0.7524356380230071,0.0,0.0
2,5,single_requirement,0.8,3,0.5798414761148678,0.7524356380230071,0.752435638023007,0.0,0.752435638023007,1.1102230246251565e-16,0.0
2,5,single_requirement,0.8,4,0.7524356380230068,0.7524356380230071,0.7524356380230068,0.0,0.7524356380230068,2.220446049250313e-16,0.0
2,5,single_requirement,1.0,1,0.7248018451435847,0.7248018451435847,0.7248018451435847,0.0,0.7248018451435847,0.0,0.0
2,5,single_requirement,1.0,2,0.7248018451435848,0.8255219352988952,0.8255219352988952,0.0,0.8255219352988952,0.0,0.0
2,5,single_requirement,1.0,3,0.7248018451435849,0.8255219352988954,0.8255219352988954,0.0,0.8255219352988954,0.0,0.0
2,5,single_requirement,1.0,4,0.8255219352988948,0.8255219352988954,0.8255219352988948,0.0,0.8255219352988948,5.551115123125783e-16,0.0
2,5,three_requirements,0.5,1,0.0,0.0,0.0,0.0,0.0,0.0,0.0
2,5,three_requirements,0.5,2,0.0,0.0,0.0,0.0,0.0,0.0,0.0
2,5,three_requirements,0.5,3,0.04802252791432299,0.063440520213954,0.04802252791432299,0.0,0.063440520213954,0.015417992299631006,0.015417992299631006
2,5,three_requirements,0.5,4,0.11069313715707237,0.11069313715707237,0.11069313715707237,0.0,0.11069313715707237,0.0,0.0
2,5,three_requirements,0.8,1,0.0,0.0,0.0,0.0,0.0,0.0,0.0
2,5,three_requirements,0.8,2,0.0,0.0,0.0,0.0,0.0,0.0,0.0
2,5,three_requirements,0.8,3,0.196700274337067,0.2598523707963556,0.196700274337067,0.0,0.2598523707963556,0.0631520964592886,0.0631520964592886
2,5,three_requirements,0.8,4,0.3560896784156219,0.3560896784156219,0.3560896784156219,0.0,0.3560896784156219,0.0,0.0
2,5,three_requirements,1.0,1,0.0,0.0,0.0,0.0,0.0,0.0,0.0
2,5,three_requirements,1.0,2,0.0,0.0,0.0,0.0,0.0,0.0,0.0
2,5,three_requirements,1.0,3,0.3841802233145839,0.507524161711632,0.3841802233145839,0.0,0.507524161711632,0.12334393839704805,0.12334393839704805
2,5,three_requirements,1.0,4,0.5687826904214662,0.5687826904214662,0.5687826904214662,0.0,0.5687826904214662,0.0,0.0
2,5,two_requirements,0.5,1,0.0,0.0,0.0,0.0,0.0,0.0,0.0
2,5,two_requirements,0.5,2,0.0,0.1546067107730964,0.13755428530996408,0.0,0.1546067107730964,0.01705242546313232,0.01705242546313232
2,5,two_requirements,0.5,3,0.13755428530996408,0.2361262439365822,0.22936132274573887,0.0,0.2361262439365822,0.0067649211908433204,0.0067649211908433204
2,5,two_requirements,0.5,4,0.31088085590922465,0.31088085590922465,0.31088085590922465,0.0,0.31088085590922465,0.0,0.0
2,5,two_requirements,0.8,1,0.0,0.0,0.0,0.0,0.0,0.0,0.0
2,5,two_requirements,0.8,2,0.0,0.3957931795791269,0.35213897039350794,0.0,0.3957931795791269,0.043654209185618964,0.043654209185618964
2,5,two_requirements,0.8,3,0.35213897039350806,0.4998889432944892,0.49070468798296557,0.0,0.4998889432944892,0.009184255311523615,0.009184255311523615
2,5,two_requirements,0.8,4,0.5948004516983281,0.5948004516983281,0.5948004516983281,0.0,0.5948004516983281,0.0,0.0
2,5,two_requirements,1.0,1,0.0,0.0,0.0,0.0,0.0,0.0,0.0
2,5,two_requirements,1.0,2,0.0,0.6184268430923856,0.5502171412398563,0.0,0.6184268430923856,0.06820970185252928,0.06820970185252928
2,5,two_requirements,1.0,3,0.5502171412398563,0.6721241393318468,0.666246597633669,0.0,0.6721241393318468,0.0058775416981777795,0.0058775416981777795
2,5,two_requirements,1.0,4,0.7199438938731301,0.7199438938731301,0.7199438938731301,0.0,0.7199438938731301,0.0,0.0
2,6,single_requirement,0.5,1,0.21614415429542752,0.36609238581562825,0.36609238581562825,0.0,0.36609238581562825,0.0,0.0
2,6,single_requirement,0.5,2,0.41726654387202594,0.5264981217561516,0.5264981217561516,0.0,0.5264981217561516,0.0,0.0
2,6,single_requirement,0.5,3,0.5922483906416897,0.5922483906416897,0.5922483906416897,0.0,0.5922483906416897,0.0,0.0
2,6,single_requirement,0.5,4,0.5922483906416895,0.5922483906416897,0.5922483906416895,0.0,0.5922483906416895,1.1102230246251565e-16,0.0
2,6,single_requirement,0.8,1,0.3458306468726839,0.5857478173050054,0.5857478173050054,0.0,0.5857478173050054,0.0,0.0
2,6,single_requirement,0.8,2,0.5765873906737644,0.7122699277977333,0.7122699277977333,0.0,0.7122699277977333,0.0,0.0
2,6,single_requirement,0.8,3,0.7398065249312651,0.7398065249312651,0.7398065249312651,0.0,0.7398065249312651,0.0,0.0
2,6,single_requirement,0.8,4,0.7398065249312651,0.7398065249312651,0.7398065249312651,0.0,0.7398065249312651,0.0,0.0
2,6,single_requirement,1.0,1,0.43228830859085504,0.7321847716312565,0.7321847716312565,0.0,0.7321847716312565,0.0,0.0
2,6,single_requirement,1.0,2,0.6448683387409748,0.781898187237076,0.781898187237076,0.0,0.781898187237076,0.0,0.0
2,6,single_requirement,1.0,3,0.7863461023919271,0.7863461023919271,0.7863461023919271,0.0,0.7863461023919271,0.0,0.0
2,6,single_requirement,1.0,4,0.7863461023919271,0.7863461023919271,0.7863461023919271,0.0,0.7863461023919271,0.0,0.0
2,6,three_requirements,0.5,1,0.0,0.0,0.0,0.0,0.0,0.0,0.0
2,6,three_requirements,0.5,2,0.0,0.0,0.0,0.0,0.0,0.0,0.0
2,6,three_requirements,0.5,3,0.0,0.04935876008398331,0.03867900245614406,0.0,0.04935876008398331,0.01067975762783925,0.01067975762783925
2,6,three_requirements,0.5,4,0.07032255120168618,0.07032255120168618,0.07032255120168618,0.0,0.07032255120168618,0.0,0.0
2,6,three_requirements,0.8,1,0.0,0.0,0.0,0.0,0.0,0.0,0.0
2,6,three_requirements,0.8,2,0.0,0.0,0.0,0.0,0.0,0.0,0.0
2,6,three_requirements,0.8,3,0.0,0.20217348130399557,0.15842919406036612,0.0,0.20217348130399557,0.04374428724362944,0.04374428724362944
2,6,three_requirements,0.8,4,0.2445042663367535,0.2445042663367535,0.2445042663367535,0.0,0.2445042663367535,0.0,0.0
2,6,three_requirements,1.0,1,0.0,0.0,0.0,0.0,0.0,0.0,0.0
2,6,three_requirements,1.0,2,0.0,0.0,0.0,0.0,0.0,0.0,0.0
2,6,three_requirements,1.0,3,0.0,0.39487008067186646,0.30943201964915246,0.0,0.39487008067186646,0.085438061022714,0.085438061022714
2,6,three_requirements,1.0,4,0.42085871890595994,0.42085871890595994,0.42085871890595994,0.0,0.42085871890595994,0.0,0.0
2,6,two_requirements,0.5,1,0.0,0.0,0.0,0.0,0.0,0.0,0.0
2,6,two_requirements,0.5,2,0.07915879305317676,0.17262876782523992,0.10325365676382164,0.0,0.17262876782523992,0.06937511106141828,0.06937511106141828
2,6,two_requirements,0.5,3,0.07915879305317676,0.2285916405748681,0.2285916405748681,0.0,0.2285916405748681,0.0,0.0
2,6,two_requirements,0.5,4,0.27207256927556916,0.27207256927556916,0.27207256927556916,0.0,0.27207256927556916,0.0,0.0
2,6,two_requirements,0.8,1,0.0,0.0,0.0,0.0,0.0,0.0,0.0
2,6,two_requirements,0.8,2,0.2026465102161324,0.4419296456326144,0.2643293613153834,0.0,0.4419296456326144,0.17760028431723096,0.17760028431723096
2,6,two_requirements,0.8,3,0.20264651021613247,0.5125559556258611,0.5125559556258611,0.0,0.5125559556258611,0.0,0.0
2,6,two_requirements,0.8,4,0.5690659334542529,0.5690659334542529,0.5690659334542529,0.0,0.5690659334542529,0.0,0.0
2,6,two_requirements,1.0,1,0.0,0.0,0.0,0.0,0.0,0.0,0.0
2,6,two_requirements,1.0,2,0.31663517221270704,0.6905150713009597,0.4130146270552866,0.0,0.6905150713009597,0.2775004442456731,0.2775004442456731
2,6,two_requirements,1.0,3,0.316635172212707,0.7252034262426985,0.7252034262426985,0.0,0.7252034262426985,0.0,0.0
2,6,two_requirements,1.0,4,0.7564156836355997,0.7564156836355997,0.7564156836355997,0.0,0.7564156836355997,0.0,0.0
2,7,single_requirement,0.5,1,0.19865484845688652,0.27780990293922664,0.27780990293922664,0.0,0.27780990293922664,0.0,0.0
2,7,single_requirement,0.5,2,0.35220714660105845,0.40740635478772635,0.40740635478772635,0.0,0.40740635478772635,0.0,0.0
2,7,single_requirement,0.5,3,0.35220714660105845,0.47408792324853405,0.47408792324853405,0.0,0.47408792324853405,0.0,0.0
2,7,single_requirement,0.5,4,0.47408792324853405,0.47408792324853405,0.47408792324853405,0.0,0.47408792324853405,0.0,0.0
2,7,single_requirement,0.8,1,0.3178477575310187,0.4444958447027627,0.4444958447027627,0.0,0.4444958447027627,0.0,0.0
2,7,single_requirement,0.8,2,0.4876919636867516,0.5530130843415748,0.5530130843415748,0.0,0.5530130843415748,0.0,0.0
2,7,single_requirement,0.8,3,0.4876919636867516,0.5867302784964281,0.5867302784964281,0.0,0.5867302784964281,0.0,0.0
2,7,single_requirement,0.8,4,0.5867302784964281,0.5867302784964281,0.5867302784964281,0.0,0.5867302784964281,0.0,0.0
2,7,single_requirement,1.0,1,0.39730969691377305,0.5556198058784533,0.5556198058784533,0.0,0.5556198058784533,0.0,0.0
2,7,single_requirement,1.0,2,0.5464153955459877,0.6089021193279792,0.6089021193279792,0.0,0.6089021193279792,0.0,0.0
2,7,single_requirement,1.0,3,0.5464153955459878,0.6182172207725324,0.6182172207725324,0.0,0.6182172207725324,0.0,0.0
2,7,single_requirement,1.0,4,0.6182172207725323,0.6182172207725324,0.6182172207725323,0.0,0.6182172207725323,1.1102230246251565e-16,0.0
2,7,three_requirements,0.5,1,0.0,0.0,0.0,0.0,0.0,0.0,0.0
2,7,three_requirements,0.5,2,0.0,0.0,0.0,0.0,0.0,0.0,0.0
2,7,three_requirements,0.5,3,0.0,0.026784457884093435,0.0,0.0,0.0,0.026784457884093435,0.0
2,7,three_requirements,0.5,4,0.02678445788409342,0.026784457884093435,0.02678445788409342,0.0,0.02678445788409342,1.3877787807814457e-17,0.0
2,7,three_requirements,0.8,1,0.0,0.0,0.0,0.0,0.0,0.0,0.0
2,7,three_requirements,0.8,2,0.0,0.0,0.0,0.0,0.0,0.0,0.0
2,7,three_requirements,0.8,3,0.0,0.1097091394932467,0.0,0.0,0.0,0.1097091394932467,0.0
2,7,three_requirements,0.8,4,0.1097091394932467,0.1097091394932467,0.1097091394932467,0.0,0.1097091394932467,0.0,0.0
2,7,three_requirements,1.0,1,0.0,0.0,0.0,0.0,0.0,0.0,0.0
2,7,three_requirements,1.0,2,0.0,0.0,0.0,0.0,0.0,0.0,0.0
2,7,three_requirements,1.0,3,0.0,0.21427566307274748,0.0,0.0,0.0,0.21427566307274748,0.0
2,7,three_requirements,1.0,4,0.2142756630727472,0.21427566307274748,0.2142756630727472,0.0,0.2142756630727472,2.7755575615628914e-16,0.0
2,7,two_requirements,0.5,1,0.0,0.0,0.0,0.0,0.0,0.0,0.0
2,7,two_requirements,0.5,2,0.035568588019253,0.0917101297320999,0.035568588019253,0.0,0.0917101297320999,0.056141541712846896,0.056141541712846896
2,7,two_requirements,0.5,3,0.035568588019253014,0.14673962055014406,0.11132169625919153,0.0,0.14673962055014406,0.03541792429095253,0.03541792429095253
2,7,two_requirements,0.5,4,0.16656128546804533,0.16656128546804533,0.16656128546804533,0.0,0.16656128546804533,0.0,0.0
2,7,two_requirements,0.8,1,0.0,0.0,0.0,0.0,0.0,0.0,0.0
2,7,two_requirements,0.8,2,0.09105558532928773,0.2347779321141757,0.09105558532928773,0.0,0.2347779321141757,0.14372234678488796,0.14372234678488796
2,7,two_requirements,0.8,3,0.09105558532928776,0.31963467836466264,0.2607962685398541,0.0,0.31963467836466264,0.058838409824808535,0.058838409824808535
2,7,two_requirements,0.8,4,0.34619086667081383,0.34619086667081383,0.34619086667081383,0.0,0.34619086667081383,0.0,0.0
2,7,two_requirements,1.0,1,0.0,0.0,0.0,0.0,0.0,0.0,0.0
2,7,two_requirements,1.0,2,0.142274352077012,0.3668405189283996,0.142274352077012,0.0,0.3668405189283996,0.22456616685138758,0.22456616685138758
2,7,two_requirements,1.0,3,0.14227435207701222,0.44107632010759185,0.3822990926313593,0.0,0.44107632010759185,0.05877722747623254,0.05877722747623254
2,7,two_requirements,1.0,4,0.45737528737378996,0.45737528737378996,0.45737528737378996,0.0,0.45737528737378996,0.0,0.0
2,8,single_requirement,0.5,1,0.0,0.34577124545898325,0.34577124545898325,0.0,0.34577124545898325,0.0,0.0
2,8,single_requirement,0.5,2,0.2617608550539636,0.5078342301860463,0.5078342301860463,0.0,0.5078342301860463,0.0,0.0
2,8,single_requirement,0.5,3,0.4983007162813188,0.5963572585709287,0.5963572585709287,0.0,0.5963572585709287,0.0,0.0
2,8,single_requirement,0.5,4,0.5963572585709287,0.5963572585709287,0.5963572585709287,0.0,0.5963572585709287,0.0,0.0
2,8,single_requirement,0.8,1,0.0,0.5532339927343735,0.5532339927343735,0.0,0.5532339927343735,0.0,0.0
2,8,single_requirement,0.8,2,0.4188173680863419,0.7011184662765182,0.7011184662765182,0.0,0.7011184662765182,0.0,0.0
2,8,single_requirement,0.8,3,0.6924190171877471,0.746852820951253,0.746852820951253,0.0,0.746852820951253,0.0,0.0
2,8,single_requirement,0.8,4,0.746852820951253,0.746852820951253,0.746852820951253,0.0,0.746852820951253,0.0,0.0
2,8,single_requirement,1.0,1,0.0,0.6915424909179665,0.6915424909179665,0.0,0.6915424909179665,0.0,0.0
2,8,single_requirement,1.0,2,0.5235217101079274,0.7835511644946841,0.7835511644946841,0.0,0.7835511644946841,0.0,0.0
2,8,single_requirement,1.0,3,0.7781386640993814,0.7974700649607684,0.7974700649607684,0.0,0.7974700649607684,0.0,0.0
2,8,single_requirement,1.0,4,0.7974700649607684,0.7974700649607684,0.7974700649607684,0.0,0.7974700649607684,0.0,0.0
2,8,three_requirements,0.5,1,0.0,0.0,0.0,0.0,0.0,0.0,0.0
2,8,three_requirements,0.5,2,0.0,0.0,0.0,0.0,0.0,0.0,0.0
2,8,three_requirements,0.5,3,0.03477564787890178,0.045722793563340386,0.03477564787890178,0.0,0.03477564787890178,0.010947145684438608,0.0
2,8,three_requirements,0.5,4,0.08514164622876672,0.08514164622876672,0.08514164622876672,0.0,0.08514164622876672,0.0,0.0
2,8,three_requirements,0.8,1,0.0,0.0,0.0,0.0,0.0,0.0,0.0
2,8,three_requirements,0.8,2,0.0,0.0,0.0,0.0,0.0,0.0,0.0
2,8,three_requirements,0.8,3,0.14244105371198154,0.1872805624354423,0.14244105371198154,0.0,0.14244105371198154,0.044839508723460764,0.0
2,8,three_requirements,0.8,4,0.27538792831680425,0.27538792831680425,0.27538792831680425,0.0,0.27538792831680425,0.0,0.0
2,8,three_requirements,1.0,1,0.0,0.0,0.0,0.0,0.0,0.0,0.0
2,8,three_requirements,1.0,2,0.0,0.0,0.0,0.0,0.0,0.0,0.0
2,8,three_requirements,1.0,3,0.2782051830312142,0.3657823485067231,0.2782051830312142,0.0,0.2782051830312142,0.08757716547550887,0.0
2,8,three_requirements,1.0,4,0.4423562992695078,0.4423562992695078,0.4423562992695078,0.0,0.4423562992695078,0.0,0.0
2,8,two_requirements,0.5,1,0.0,0.0,0.0,0.0,0.0,0.0,0.0
2,8,two_requirements,0.5,2,0.0,0.10116257412511939,0.10116257412511939,0.0,0.10116257412511939,0.0,0.0
2,8,two_requirements,0.5,3,0.1492540227109264,0.19408625273293895,0.1560924395370607,0.0,0.1560924395370607,0.037993813195878245,0.0
2,8,two_requirements,0.5,4,0.24121878630243054,0.24121878630243054,0.24121878630243054,0.0,0.24121878630243054,0.0,0.0
2,8,two_requirements,0.8,1,0.0,0.0,0.0,0.0,0.0,0.0,0.0
2,8,two_requirements,0.8,2,0.0,0.2589761897603057,0.2589761897603057,0.0,0.2589761897603057,0.0,0.0
2,8,two_requirements,0.8,3,0.33474096478306264,0.38830863536670135,0.34551442092921036,0.0,0.34551442092921036,0.042794214437490985,0.0
2,8,two_requirements,0.8,4,0.45548404356976274,0.45548404356976274,0.45548404356976274,0.0,0.45548404356976274,0.0,0.0
2,8,two_requirements,1.0,1,0.0,0.0,0.0,0.0,0.0,0.0,0.0
2,8,two_requirements,1.0,2,0.0,0.40465029650047757,0.40465029650047757,0.0,0.40465029650047757,0.0,0.0
2,8,two_requirements,1.0,3,0.47371053522675566,0.49365706397961384,0.4835306324043233,0.0,0.4835306324043233,0.010126431575290529,0.0
2,8,two_requirements,1.0,4,0.5621160743117855,0.5621160743117855,0.5621160743117855,0.0,0.5621160743117855,0.0,0.0
2,9,single_requirement,0.5,1,0.24675476937709465,0.33015053911234005,0.33015053911234005,0.0,0.33015053911234005,0.0,0.0
2,9,single_requirement,0.5,2,0.3222280691221733,0.46379322272192075,0.46379322272192075,0.0,0.46379322272192075,0.0,0.0
2,9,single_requirement,0.5,3,0.3222280691221733,0.5046696537804358,0.5046696537804358,0.0,0.5046696537804358,0.0,0.0
2,9,single_requirement,0.5,4,0.5046696537804358,0.5046696537804358,0.5046696537804358,0.0,0.5046696537804358,0.0,0.0
2,9,single_requirement,0.8,1,0.39480763100335153,0.5282408625797442,0.5282408625797442,0.0,0.5282408625797442,0.0,0.0
2,9,single_requirement,0.8,2,0.4671648669083118,0.6334815540182599,0.6334815540182599,0.0,0.6334815540182599,0.0,0.0
2,9,single_requirement,0.8,3,0.4671648669083118,0.6527692398156837,0.6527692398156837,0.0,0.6527692398156837,0.0,0.0
2,9,single_requirement,0.8,4,0.6527692398156836,0.6527692398156837,0.6527692398156836,0.0,0.6527692398156836,1.1102230246251565e-16,0.0
2,9,single_requirement,1.0,1,0.4935095387541893,0.6603010782246801,0.6603010782246801,0.0,0.6603010782246801,0.0,0.0
2,9,single_requirement,1.0,2,0.5436227138960855,0.7013622739088136,0.7013622739088136,0.0,0.7013622739088136,0.0,0.0
2,9,single_requirement,1.0,3,0.5436227138960853,0.7055318121431691,0.7055318121431691,0.0,0.7055318121431691,0.0,0.0
2,9,single_requirement,1.0,4,0.7055318121431691,0.7055318121431691,0.7055318121431691,0.0,0.7055318121431691,0.0,0.0
2,9,three_requirements,0.5,1,0.0,0.0,0.0,0.0,0.0,0.0,0.0
2,9,three_requirements,0.5,2,0.0,0.0,0.0,0.0,0.0,0.0,0.0
2,9,three_requirements,0.5,3,0.0,0.03716650575422517,0.0,0.0,0.03716650575422517,0.03716650575422517,0.03716650575422517
2,9,three_requirements,0.5,4,0.03716650575422516,0.03716650575422517,0.03716650575422516,0.0,0.03716650575422516,1.3877787807814457e-17,0.0
2,9,three_requirements,0.8,1,0.0,0.0,0.0,0.0,0.0,0.0,0.0
2,9,three_requirements,0.8,2,0.0,0.0,0.0,0.0,0.0,0.0,0.0
2,9,three_requirements,0.8,3,0.0,0.15223400756930616,0.0,0.0,0.15223400756930616,0.15223400756930616,0.15223400756930616
2,9,three_requirements,0.8,4,0.15223400756930627,0.15223400756930627,0.15223400756930627,0.0,0.15223400756930627,0.0,0.0
2,9,three_requirements,1.0,1,0.0,0.0,0.0,0.0,0.0,0.0,0.0
2,9,three_requirements,1.0,2,0.0,0.0,0.0,0.0,0.0,0.0,0.0
2,9,three_requirements,1.0,3,0.0,0.29733204603380137,0.0,0.0,0.29733204603380137,0.29733204603380137,0.29733204603380137
2,9,three_requirements,1.0,4,0.29733204603380126,0.29733204603380137,0.29733204603380126,0.0,0.29733204603380126,1.1102230246251565e-16,0.0
2,9,two_requirements,0.5,1,0.0,0.0,0.0,0.0,0.0,0.0,0.0
2,9,two_requirements,0.5,2,0.0,0.08286157294611976,0.06892102904346031,0.0,0.08286157294611976,0.013940543902659447,0.013940543902659447
2,9,two_requirements,0.5,3,0.05672930473411804,0.12369524945224672,0.12369524945224672,0.0,0.12369524945224672,0.0,0.0
2,9,two_requirements,0.5,4,0.15441990998509797,0.15441990998509797,0.15441990998509797,0.0,0.15441990998509797,0.0,0.0
2,9,two_requirements,0.8,1,0.0,0.0,0.0,0.0,0.0,0.0,0.0
2,9,two_requirements,0.8,2,0.0,0.21212562674206645,0.17643783435125854,0.0,0.21212562674206645,0.03568779239080791,0.03568779239080791
2,9,two_requirements,0.8,3,0.1452270201193422,0.2735176651004078,0.2735176651004078,0.0,0.2735176651004078,0.0,0.0
2,9,two_requirements,0.8,4,0.31222966257136103,0.31222966257136103,0.31222966257136103,0.0,0.31222966257136103,0.0,0.0
2,9,two_requirements,1.0,1,0.0,0.0,0.0,0.0,0.0,0.0,0.0
2,9,two_requirements,1.0,2,0.0,0.33144629178447904,0.27568411617384125,0.0,0.33144629178447904,0.05576217561063779,0.05576217561063779
2,9,two_requirements,1.0,3,0.2269172189364721,0.38243158765965357,0.38243158765965357,0.0,0.38243158765965357,0.0,0.0
2,9,two_requirements,1.0,4,0.4013116529859913,0.4013116529859913,0.4013116529859913,0.0,0.4013116529859913,0.0,0.0
3,0,single_requirement,0.5,1,0.0,0.4034355896287065,0.4034355896287065,0.0,0.4034355896287065,0.0,0.0
3,0,single_requirement,0.5,2,0.3366546978522038,0.5944113351555618,0.5944113351555618,0.0,0.5944113351555618,0.0,0.0
3,0,single_requirement,0.5,3,0.5944113351555619,0.5944113351555619,0.5944113351555619,0.0,0.5944113351555619,0.0,0.0
3,0,single_requirement,0.5,4,0.5944113351555618,0.5944113351555619,0.5944113351555618,0.0,0.5944113351555618,1.1102230246251565e-16,0.0
3,0,single_requirement,0.8,1,0.0,0.6454969434059303,0.6454969434059303,0.0,0.6454969434059303,0.0,0.0
3,0,single_requirement,0.8,2,0.5386475165635263,0.8112063420165647,0.8112063420165647,0.0,0.8112063420165647,0.0,0.0
3,0,single_requirement,0.8,3,0.8112063420165647,0.8112063420165647,0.8112063420165647,0.0,0.8112063420165647,0.0,0.0
3,0,single_requirement,0.8,4,0.8112063420165645,0.8112063420165647,0.8112063420165645,0.0,0.8112063420165645,2.220446049250313e-16,0.0
3,0,single_requirement,1.0,1,0.0,0.806871179257413,0.806871179257413,0.0,0.806871179257413,0.0,0.0
3,0,single_requirement,1.0,2,0.6733093957044077,0.8974647656604267,0.8974647656604267,0.0,0.8974647656604267,0.0,0.0
3,0,single_requirement,1.0,3,0.8974647656604269,0.8974647656604269,0.8974647656604269,0.0,0.8974647656604269,0.0,0.0
3,0,single_requirement,1.0,4,0.8974647656604269,0.8974647656604269,0.8974647656604269,0.0,0.8974647656604269,0.0,0.0
3,0,three_requirements,0.5,1,0.0,0.0,0.0,0.0,0.0,0.0,0.0
3,0,three_requirements,0.5,2,0.0,0.0,0.0,0.0,0.0,0.0,0.0
3,0,three_requirements,0.5,3,0.027106711292385254,0.04239376371491213,0.028421603535967732,0.0,0.03357242937577411,0.013972160178944398,0.005150825839806375
3,0,three_requirements,0.5,4,0.09240223255686732,0.09240223255686732,0.09240223255686732,0.0,0.09240223255686732,0.0,0.0
3,0,three_requirements,0.8,1,0.0,0.0,0.0,0.0,0.0,0.0,0.0
3,0,three_requirements,0.8,2,0.0,0.0,0.0,0.0,0.0,0.0,0.0
3,0,three_requirements,0.8,3,0.11102908945361015,0.17364485617628017,0.1164148880833237,0.0,0.13751267072317097,0.05722996809295647,0.021097782639847268
3,0,three_requirements,0.8,4,0.28240636862285495,0.28240636862285495,0.28240636862285495,0.0,0.28240636862285495,0.0,0.0
3,0,three_requirements,1.0,1,0.0,0.0,0.0,0.0,0.0,0.0,0.0
3,0,three_requirements,1.0,2,0.0,0.0,0.0,0.0,0.0,0.0,0.0
3,0,three_requirements,1.0,3,0.21685369033908203,0.33915010971929704,0.22737282828774186,0.0,0.26857943500619286,0.11177728143155519,0.041206606718451
3,0,three_requirements,1.0,4,0.42647965755756334,0.42647965755756334,0.42647965755756334,0.0,0.42647965755756334,0.0,0.0
3,0,two_requirements,0.5,1,0.0,0.0,0.0,0.0,0.0,0.0,0.0
3,0,two_requirements,0.5,2,0.0,0.15745422453261035,0.11680132939887035,0.0,0.15745422453261035,0.04065289513374,0.04065289513374
3,0,two_requirements,0.5,3,0.18986824301089106,0.22390936947493875,0.22058578264010753,0.0,0.22390936947493875,0.0033235868348312214,0.0033235868348312214
3,0,two_requirements,0.5,4,0.26007872442572894,0.26007872442572894,0.26007872442572894,0.0,0.26007872442572894,0.0,0.0
3,0,two_requirements,0.8,1,0.0,0.0,0.0,0.0,0.0,0.0,0.0
3,0,two_requirements,0.8,2,0.0,0.40308281480348257,0.2990114032611084,0.0,0.40308281480348257,0.10407141154237415,0.10407141154237415
3,0,two_requirements,0.8,3,0.40944169249645535,0.4864312995677701,0.48226283485512655,0.0,0.4864312995677701,0.004168464712643538,0.004168464712643538
3,0,two_requirements,0.8,4,0.5115054403898999,0.5115054403898999,0.5115054403898999,0.0,0.5115054403898999,0.0,0.0
3,0,two_requirements,1.0,1,0.0,0.0,0.0,0.0,0.0,0.0,0.0
3,0,two_requirements,1.0,2,0.0,0.6298168981304414,0.4672053175954814,0.0,0.6298168981304414,0.16261158053496,0.16261158053496
3,0,two_requirements,1.0,3,0.5599390928471426,0.6696565240245641,0.667664045394938,0.0,0.6696565240245641,0.0019924786296261487,0.0019924786296261487
3,0,two_requirements,1.0,4,0.6751761791745905,0.6751761791745905,0.6751761791745905,0.0,0.6751761791745905,0.0,0.0
3,1,single_requirement,0.5,1,0.3520849686581389,0.3707926961766276,0.3707926961766276,0.0,0.3707926961766276,0.0,0.0
3,1,single_requirement,0.5,2,0.3520849686581388,0.5678600612006118,0.5678600612006118,0.0,0.5678600612006118,0.0,0.0
3,1,single_requirement,0.5,3,0.5678600612006118,0.5678600612006118,0.5678600612006118,0.0,0.5678600612006118,0.0,0.0
3,1,single_requirement,0.5,4,0.5678600612006117,0.5678600612006118,0.5678600612006117,0.0,0.5678600612006117,1.1102230246251565e-16,0.0
3,1,single_requirement,0.8,1,0.5633359498530223,0.5932683138826041,0.5932683138826041,0.0,0.5932683138826041,0.0,0.0
3,1,single_requirement,0.8,2,0.5633359498530223,0.7597591984321902,0.7597591984321902,0.0,0.7597591984321902,0.0,0.0
3,1,single_requirement,0.8,3,0.7597591984321903,0.7597591984321903,0.7597591984321903,0.0,0.7597591984321903,0.0,0.0
3,1,single_requirement,0.8,4,0.7597591984321903,0.7597591984321903,0.7597591984321903,0.0,0.7597591984321903,0.0,0.0
3,1,single_requirement,1.0,1,0.7041699373162777,0.7415853923532552,0.7415853923532552,0.0,0.7415853923532552,0.0,0.0
3,1,single_requirement,1.0,2,0.7041699373162775,0.8256849151329144,0.8256849151329144,0.0,0.8256849151329144,0.0,0.0
3,1,single_requirement,1.0,3,0.8256849151329143,0.8256849151329144,0.8256849151329143,0.0,0.8256849151329143,1.1102230246251565e-16,0.0
3,1,single_requirement,1.0,4,0.8256849151329142,0.8256849151329144,0.8256849151329142,0.0,0.8256849151329142,2.220446049250313e-16,0.0
3,1,three_requirements,0.5,1,0.0,0.0,0.0,0.0,0.0,0.0,0.0
3,1,three_requirements,0.5,2,0.0,0.0,0.0,0.0,0.0,0.0,0.0
3,1,three_requirements,0.5,3,0.0,0.04890400580074816,0.04890400580074816,0.0,0.04890400580074816,0.0,0.0
3,1,three_requirements,0.5,4,0.09735443116116946,0.09735443116116946,0.09735443116116946,0.0,0.09735443116116946,0.0,0.0
3,1,three_requirements,0.8,1,0.0,0.0,0.0,0.0,0.0,0.0,0.0
3,1,three_requirements,0.8,2,0.0,0.0,0.0,0.0,0.0,0.0,0.0
3,1,three_requirements,0.8,3,0.0,0.20031080775986443,0.20031080775986443,0.0,0.20031080775986443,0.0,0.0
3,1,three_requirements,0.8,4,0.3075171211004778,0.3075171211004778,0.3075171211004778,0.0,0.3075171211004778,0.0,0.0
3,1,three_requirements,1.0,1,0.0,0.0,0.0,0.0,0.0,0.0,0.0
3,1,three_requirements,1.0,2,0.0,0.0,0.0,0.0,0.0,0.0,0.0
3,1,three_requirements,1.0,3,0.0,0.3912320464059853,0.3912320464059853,0.0,0.3912320464059853,0.0,0.0
3,1,three_requirements,1.0,4,0.48180866238938097,0.48180866238938097,0.48180866238938097,0.0,0.48180866238938097,0.0,0.0
3,1,two_requirements,0.5,1,0.0,0.0,0.0,0.0,0.0,0.0,0.0
3,1,two_requirements,0.5,2,0.0,0.15914940671730232,0.15107872831736752,0.0,0.15914940671730232,0.008070678399934805,0.008070678399934805
3,1,two_requirements,0.5,3,0.1551516372400013,0.3067083028661002,0.24369241331332933,0.0,0.3067083028661002,0.06301588955277085,0.06301588955277085
3,1,two_requirements,0.5,4,0.36416729006158977,0.36416729006158977,0.36416729006158977,0.0,0.36416729006158977,0.0,0.0
3,1,two_requirements,0.8,1,0.0,0.0,0.0,0.0,0.0,0.0,0.0
3,1,two_requirements,0.8,2,0.0,0.4074224811962939,0.3867615444924608,0.0,0.4074224811962939,0.020660936703833066,0.020660936703833066
3,1,two_requirements,0.8,3,0.3971881913344033,0.5966366612860607,0.5216537095181443,0.0,0.5966366612860607,0.07498295176791647,0.07498295176791647
3,1,two_requirements,0.8,4,0.6516835271392818,0.6516835271392818,0.6516835271392818,0.0,0.6516835271392818,0.0,0.0
3,1,two_requirements,1.0,1,0.0,0.0,0.0,0.0,0.0,0.0,0.0
3,1,two_requirements,1.0,2,0.0,0.6365976268692093,0.6043149132694701,0.0,0.6365976268692093,0.03228271359973922,0.03228271359973922
3,1,two_requirements,1.0,3,0.6206065489600052,0.735852497789516,0.7086267663679555,0.0,0.735852497789516,0.027225731421560484,0.027225731421560484
3,1,two_requirements,1.0,4,0.7596723108468938,0.7596723108468938,0.7596723108468938,0.0,0.7596723108468938,0.0,0.0
3,2,single_requirement,0.5,1,0.2889626569937552,0.3703186252358094,0.3703186252358094,0.0,0.3703186252358094,0.0,0.0
3,2,single_requirement,0.5,2,0.2889626569937552,0.5525186668738186,0.5525186668738186,0.0,0.5525186668738186,0.0,0.0
3,2,single_requirement,0.5,3,0.531199100201261,0.6401387522476819,0.6401387522476819,0.0,0.6401387522476819,0.0,0.0
3,2,single_requirement,0.5,4,0.640138752247682,0.640138752247682,0.640138752247682,0.0,0.640138752247682,0.0,0.0
3,2,single_requirement,0.8,1,0.46234025119000843,0.5925098003772951,0.5925098003772951,0.0,0.5925098003772951,0.0,0.0
3,2,single_requirement,0.8,2,0.46234025119000827,0.7447766994057765,0.7447766994057765,0.0,0.7447766994057765,0.0,0.0
3,2,single_requirement,0.8,3,0.726959665574846,0.781267137200848,0.781267137200848,0.0,0.781267137200848,0.0,0.0
3,2,single_requirement,0.8,4,0.7812671372008477,0.781267137200848,0.7812671372008477,0.0,0.7812671372008477,2.220446049250313e-16,0.0
3,2,single_requirement,1.0,1,0.5779253139875103,0.7406372504716188,0.7406372504716188,0.0,0.7406372504716188,0.0,0.0
3,2,single_requirement,1.0,2,0.5779253139875105,0.814926567930276,0.814926567930276,0.0,0.814926567930276,0.0,0.0
3,2,single_requirement,1.0,3,0.8062338363459147,0.8207815171881834,0.8207815171881834,0.0,0.8207815171881834,0.0,0.0
3,2,single_requirement,1.0,4,0.8207815171881833,0.8207815171881834,0.8207815171881833,0.0,0.8207815171881833,1.1102230246251565e-16,0.0
3,2,three_requirements,0.5,1,0.0,0.0,0.0,0.0,0.0,0.0,0.0
3,2,three_requirements,0.5,2,0.0,0.0,0.0,0.0,0.0,0.0,0.0
3,2,three_requirements,0.5,3,0.021488789627127622,0.05287651287116954,0.021488789627127622,0.0,0.05287651287116954,0.03138772324404192,0.03138772324404192
3,2,three_requirements,0.5,4,0.0936227694495452,0.0936227694495452,0.0936227694495452,0.0,0.0936227694495452,0.0,0.0
3,2,three_requirements,0.8,1,0.0,0.0,0.0,0.0,0.0,0.0,0.0
3,2,three_requirements,0.8,2,0.0,0.0,0.0,0.0,0.0,0.0,0.0
3,2,three_requirements,0.8,3,0.08801808231271471,0.21658219672031043,0.08801808231271471,0.0,0.21658219672031043,0.12856411440759571,0.12856411440759571
3,2,three_requirements,0.8,4,0.30812385302575496,0.30812385302575496,0.30812385302575496,0.0,0.30812385302575496,0.0,0.0
3,2,three_requirements,1.0,1,0.0,0.0,0.0,0.0,0.0,0.0,0.0
3,2,three_requirements,1.0,2,0.0,0.0,0.0,0.0,0.0,0.0,0.0
3,2,three_requirements,1.0,3,0.17191031701702097,0.4230121029693563,0.17191031701702097,0.0,0.4230121029693563,0.25110178595233534,0.25110178595233534
3,2,three_requirements,1.0,4,0.5036858970039714,0.5036858970039714,0.5036858970039714,0.0,0.5036858970039714,0.0,0.0
3,2,two_requirements,0.5,1,0.0,0.0,0.0,0.0,0.0,0.0,0.0
3,2,two_requirements,0.5,2,0.0,0.16180072025859404,0.07574985483565742,0.0,0.16180072025859404,0.08605086542293662,0.08605086542293662
3,2,two_requirements,0.5,3,0.17387096705173907,0.23269680322516487,0.203056247066203,0.0,0.23269680322516487,0.029640556158961856,0.029640556158961856
3,2,two_requirements,0.5,4,0.25649579733603994,0.25649579733603994,0.25649579733603994,0.0,0.25649579733603994,0.0,0.0
3,2,two_requirements,0.8,1,0.0,0.0,0.0,0.0,0.0,0.0,0.0
3,2,two_requirements,0.8,2,0.0,0.4142098438620009,0.193919628379283,0.0,0.4142098438620009,0.22029021548271788,0.22029021548271788
3,2,two_requirements,0.8,3,0.3958775179956928,0.5046540136724142,0.46684070463839744,0.0,0.5046540136724142,0.03781330903401681,0.03781330903401681
3,2,two_requirements,0.8,4,0.5216531940183105,0.5216531940183105,0.5216531940183105,0.0,0.5216531940183105,0.0,0.0
3,2,two_requirements,1.0,1,0.0,0.0,0.0,0.0,0.0,0.0,0.0
3,2,two_requirements,1.0,2,0.0,0.6472028810343762,0.3029994193426297,0.0,0.6472028810343762,0.3442034616917465,0.3442034616917465
3,2,two_requirements,1.0,3,0.5672751243091458,0.6936783520048057,0.6742476761526184,0.0,0.6936783520048057,0.019430675852187274,0.019430675852187274
3,2,two_requirements,1.0,4,0.6978361117709269,0.6978361117709269,0.6978361117709269,0.0,0.6978361117709269,0.0,0.0
3,3,single_requirement,0.5,1,0.17650395005729091,0.3569839819813176,0.3569839819813176,0.0,0.3569839819813176,0.0,0.0
3,3,single_requirement,0.5,2,0.17650395005729086,0.45519257926115886,0.45519257926115886,0.0,0.45519257926115886,0.0,0.0
3,3,single_requirement,0.5,3,0.17650395005729091,0.45519257926115886,0.45519257926115886,0.0,0.45519257926115886,0.0,0.0
3,3,single_requirement,0.5,4,0.45519257926115875,0.45519257926115886,0.45519257926115875,0.0,0.45519257926115875,1.1102230246251565e-16,0.0
3,3,single_requirement,0.8,1,0.2824063200916654,0.5711743711701083,0.5711743711701083,0.0,0.5711743711701083,0.0,0.0
3,3,single_requirement,0.8,2,0.28240632009166544,0.6531445881515026,0.6531445881515026,0.0,0.6531445881515026,0.0,0.0
3,3,single_requirement,0.8,3,0.28240632009166544,0.6531445881515026,0.6531445881515023,0.0,0.6531445881515023,2.220446049250313e-16,0.0
3,3,single_requirement,0.8,4,0.6531445881515023,0.6531445881515026,0.6531445881515023,0.0,0.6531445881515023,2.220446049250313e-16,0.0
3,3,single_requirement,1.0,1,0.35300790011458183,0.7139679639626352,0.7139679639626352,0.0,0.7139679639626352,0.0,0.0
3,3,single_requirement,1.0,2,0.3530079001145817,0.7537944529674183,0.7537944529674183,0.0,0.7537944529674183,0.0,0.0
3,3,single_requirement,1.0,3,0.3530079001145818,0.7537944529674184,0.7537944529674184,0.0,0.7537944529674184,0.0,0.0
3,3,single_requirement,1.0,4,0.7537944529674182,0.7537944529674184,0.7537944529674182,0.0,0.7537944529674182,2.220446049250313e-16,0.0
3,3,three_requirements,0.5,1,0.0,0.0,0.0,0.0,0.0,0.0,0.0
3,3,three_requirements,0.5,2,0.0,0.0,0.0,0.0,0.0,0.0,0.0
3,3,three_requirements,0.5,3,0.024348765388696278,0.04525663633578357,0.024348765388696278,0.0,0.030974633590200355,0.020907870947087293,0.006625868201504077
3,3,three_requirements,0.5,4,0.0883350575818039,0.0883350575818039,0.0883350575818039,0.0,0.0883350575818039,0.0,0.0
3,3,three_requirements,0.8,1,0.0,0.0,0.0,0.0,0.0,0.0,0.0
3,3,three_requirements,0.8,2,0.0,0.0,0.0,0.0,0.0,0.0,0.0
3,3,three_requirements,0.8,3,0.09973254303210002,0.18537118243136955,0.09973254303210002,0.0,0.12687209918546055,0.08563863939926952,0.027139556153360528
3,3,three_requirements,0.8,4,0.27910714833974615,0.27910714833974615,0.27910714833974615,0.0,0.27910714833974615,0.0,0.0
3,3,three_requirements,1.0,1,0.0,0.0,0.0,0.0,0.0,0.0,0.0
3,3,three_requirements,1.0,2,0.0,0.0,0.0,0.0,0.0,0.0,0.0
3,3,three_requirements,1.0,3,0.19479012310957022,0.36205309068626856,0.19479012310957022,0.0,0.24779706872160284,0.16726296757669834,0.05300694561203262
3,3,three_requirements,1.0,4,0.43743160806549,0.43743160806549,0.43743160806549,0.0,0.43743160806549,0.0,0.0
3,3,two_requirements,0.5,1,0.0,0.0,0.0,0.0,0.0,0.0,0.0
3,3,two_requirements,0.5,2,0.0554466459122261,0.12281930551529521,0.0554466459122261,0.0,0.12281930551529521,0.06737265960306911,0.06737265960306911
3,3,two_requirements,0.5,3,0.18114943395873093,0.1891746625969466,0.18114943395873093,0.0,0.1891746625969466,0.00802522863821567,0.00802522863821567
3,3,two_requirements,0.5,4,0.23710708377135586,0.23710708377135586,0.23710708377135586,0.0,0.23710708377135586,0.0,0.0
3,3,two_requirements,0.8,1,0.0,0.0,0.0,0.0,0.0,0.0,0.0
3,3,two_requirements,0.8,2,0.14194341353529888,0.3144174221191559,0.14194341353529888,0.0,0.3144174221191559,0.17247400858385703,0.17247400858385703
3,3,two_requirements,0.8,3,0.3903553778257677,0.40303146477551827,0.3903553778257677,0.0,0.40303146477551827,0.012676086949750587,0.012676086949750587
3,3,two_requirements,0.8,4,0.4570433925662091,0.4570433925662091,0.4570433925662091,0.0,0.4570433925662091,0.0,0.0
3,3,two_requirements,1.0,1,0.0,0.0,0.0,0.0,0.0,0.0,0.0
3,3,two_requirements,1.0,2,0.2217865836489044,0.49127722206118085,0.2217865836489044,0.0,0.49127722206118085,0.26949063841227644,0.26949063841227644
3,3,two_requirements,1.0,3,0.5334853058646541,0.5450953392610545,0.5334853058646541,0.0,0.5450953392610545,0.011610033396400321,0.011610033396400321
3,3,two_requirements,1.0,4,0.5749471936958239,0.5749471936958239,0.5749471936958239,0.0,0.5749471936958239,0.0,0.0
3,4,single_requirement,0.5,1,0.2455412373312338,0.32532808611323133,0.32532808611323133,0.0,0.32532808611323133,0.0,0.0
3,4,single_requirement,0.5,2,0.2455412373312339,0.5015572577333144,0.5015572577333144,0.0,0.5015572577333144,0.0,0.0
3,4,single_requirement,0.5,3,0.451118644914292,0.5827329044907954,0.5827329044907954,0.0,0.5827329044907954,0.0,0.0
3,4,single_requirement,0.5,4,0.5827329044907954,0.5827329044907954,0.5827329044907954,0.0,0.5827329044907954,0.0,0.0
3,4,single_requirement,0.8,1,0.39286597972997406,0.52052493778117,0.52052493778117,0.0,0.52052493778117,0.0,0.0
3,4,single_requirement,0.8,2,0.39286597972997417,0.6751726822102476,0.6751726822102476,0.0,0.6751726822102476,0.0,0.0
3,4,single_requirement,0.8,3,0.6226452082242679,0.7153802961479264,0.7153802961479264,0.0,0.7153802961479264,0.0,0.0
3,4,single_requirement,0.8,4,0.7153802961479265,0.7153802961479265,0.7153802961479265,0.0,0.7153802961479265,0.0,0.0
3,4,single_requirement,1.0,1,0.4910824746624676,0.6506561722264627,0.6506561722264627,0.0,0.6506561722264627,0.0,0.0
3,4,single_requirement,1.0,2,0.4910824746624678,0.7378667442935966,0.7378667442935966,0.0,0.7378667442935966,0.0,0.0
3,4,single_requirement,1.0,3,0.6956859905815017,0.7488762995686362,0.7488762995686362,0.0,0.7488762995686362,0.0,0.0
3,4,single_requirement,1.0,4,0.7488762995686362,0.7488762995686362,0.7488762995686362,0.0,0.7488762995686362,0.0,0.0
3,4,three_requirements,0.5,1,0.0,0.0,0.0,0.0,0.0,0.0,0.0
3,4,three_requirements,0.5,2,0.0,0.0,0.0,0.0,0.0,0.0,0.0
3,4,three_requirements,0.5,3,0.0,0.027099350971167557,0.022793316225659395,0.0,0.027099350971167557,0.004306034745508162,0.004306034745508162
3,4,three_requirements,0.5,4,0.04030570508054404,0.04030570508054404,0.04030570508054404,0.0,0.04030570508054404,0.0,0.0
3,4,three_requirements,0.8,1,0.0,0.0,0.0,0.0,0.0,0.0,0.0
3,4,three_requirements,0.8,2,0.0,0.0,0.0,0.0,0.0,0.0,0.0
3,4,three_requirements,0.8,3,0.0,0.11099894157790235,0.09336142326030086,0.0,0.11099894157790235,0.01763751831760149,0.01763751831760149
3,4,three_requirements,0.8,4,0.14153124991293148,0.14153124991293148,0.14153124991293148,0.0,0.14153124991293148,0.0,0.0
3,4,three_requirements,1.0,1,0.0,0.0,0.0,0.0,0.0,0.0,0.0
3,4,three_requirements,1.0,2,0.0,0.0,0.0,0.0,0.0,0.0,0.0
3,4,three_requirements,1.0,3,0.0,0.21679480776934046,0.18234652980527516,0.0,0.21679480776934046,0.0344482779640653,0.0344482779640653
3,4,three_requirements,1.0,4,0.24574994371408876,0.24574994371408876,0.24574994371408876,0.0,0.24574994371408876,0.0,0.0
3,4,two_requirements,0.5,1,0.0,0.0,0.0,0.0,0.0,0.0,0.0
3,4,two_requirements,0.5,2,0.0,0.11409780881077358,0.11409780881077358,0.0,0.11409780881077358,0.0,0.0
3,4,two_requirements,0.5,3,0.07125310745081705,0.1547542821997181,0.1547542821997181,0.0,0.1547542821997181,0.0,0.0
3,4,two_requirements,0.5,4,0.1547542821997181,0.1547542821997181,0.1547542821997181,0.0,0.1547542821997181,0.0,0.0
3,4,two_requirements,0.8,1,0.0,0.0,0.0,0.0,0.0,0.0,0.0
3,4,two_requirements,0.8,2,0.0,0.29209039055558034,0.29209039055558034,0.0,0.29209039055558034,0.0,0.0
3,4,two_requirements,0.8,3,0.1824079550740918,0.3491745325122421,0.3491745325122421,0.0,0.3491745325122421,0.0,0.0
3,4,two_requirements,0.8,4,0.34917453251224223,0.34917453251224223,0.34917453251224223,0.0,0.34917453251224223,0.0,0.0
3,4,two_requirements,1.0,1,0.0,0.0,0.0,0.0,0.0,0.0,0.0
3,4,two_requirements,1.0,2,0.0,0.45639123524309433,0.45639123524309433,0.0,0.45639123524309433,0.0,0.0
3,4,two_requirements,1.0,3,0.2850124298032682,0.4966305925513822,0.4966305925513822,0.0,0.4966305925513822,0.0,0.0
3,4,two_requirements,1.0,4,0.4966305925513823,0.4966305925513823,0.4966305925513823,0.0,0.4966305925513823,0.0,0.0
3,5,single_requirement,0.5,1,0.26260228384316203,0.3921908198352584,0.3921908198352584,0.0,0.3921908198352584,0.0,0.0
3,5,single_requirement,0.5,2,0.4433559049182272,0.5941566607803754,0.5941566607803754,0.0,0.5941566607803754,0.0,0.0
3,5,single_requirement,0.5,3,0.6178795312444998,0.6838817844680748,0.6838817844680748,0.0,0.6838817844680748,0.0,0.0
3,5,single_requirement,0.5,4,0.7307554661727625,0.7307554661727625,0.7307554661727625,0.0,0.7307554661727625,0.0,0.0
3,5,single_requirement,0.8,1,0.42016365414905954,0.6275053117364134,0.6275053117364134,0.0,0.6275053117364134,0.0,0.0
3,5,single_requirement,0.8,2,0.6033227129233051,0.7906942542992071,0.7906942542992071,0.0,0.7906942542992071,0.0,0.0
3,5,single_requirement,0.8,3,0.7705287567849529,0.8293303798585722,0.8293303798585722,0.0,0.8293303798585722,0.0,0.0
3,5,single_requirement,0.8,4,0.8407211552149563,0.8407211552149563,0.8407211552149563,0.0,0.8407211552149563,0.0,0.0
3,5,single_requirement,1.0,1,0.5252045676863241,0.7843816396705168,0.7843816396705168,0.0,0.7843816396705168,0.0,0.0
3,5,single_requirement,1.0,2,0.6657811120325827,0.855070815416181,0.855070815416181,0.0,0.855070815416181,0.0,0.0
3,5,single_requirement,1.0,3,0.8201107280609314,0.862028214214996,0.862028214214996,0.0,0.862028214214996,0.0,0.0
3,5,single_requirement,1.0,4,0.863023773819775,0.863023773819775,0.863023773819775,0.0,0.863023773819775,0.0,0.0
3,5,three_requirements,0.5,1,0.0,0.0,0.0,0.0,0.0,0.0,0.0
3,5,three_requirements,0.5,2,0.0,0.0,0.0,0.0,0.0,0.0,0.0
3,5,three_requirements,0.5,3,0.023716510814115466,0.03020080902687597,0.023716510814115466,0.0,0.023716510814115466,0.006484298212760503,0.0
3,5,three_requirements,0.5,4,0.043196177363431565,0.043196177363431565,0.043196177363431565,0.0,0.043196177363431565,0.0,0.0
3,5,three_requirements,0.8,1,0.0,0.0,0.0,0.0,0.0,0.0,0.0
3,5,three_requirements,0.8,2,0.0,0.0,0.0,0.0,0.0,0.0,0.0
3,5,three_requirements,0.8,3,0.09714282829461696,0.12370251377408403,0.09714282829461696,0.0,0.09714282829461696,0.026559685479467077,0.0
3,5,three_requirements,0.8,4,0.15058326272776476,0.15058326272776476,0.15058326272776476,0.0,0.15058326272776476,0.0,0.0
3,5,three_requirements,1.0,1,0.0,0.0,0.0,0.0,0.0,0.0,0.0
3,5,three_requirements,1.0,2,0.0,0.0,0.0,0.0,0.0,0.0,0.0
3,5,three_requirements,1.0,3,0.18973208651292373,0.24160647221500775,0.18973208651292373,0.0,0.18973208651292373,0.051874385702084025,0.0
3,5,three_requirements,1.0,4,0.25980027908697373,0.25980027908697373,0.25980027908697373,0.0,0.25980027908697373,0.0,0.0
3,5,two_requirements,0.5,1,0.0,0.0,0.0,0.0,0.0,0.0,0.0
3,5,two_requirements,0.5,2,0.0,0.14556625742298016,0.0963024347120886,0.0,0.14556625742298016,0.04926382271089155,0.04926382271089155
3,5,two_requirements,0.5,3,0.1165898635283077,0.20945121220129193,0.1997156854422324,0.0,0.20945121220129193,0.009735526759059532,0.009735526759059532
3,5,two_requirements,0.5,4,0.2636006402205443,0.2636006402205443,0.2636006402205443,0.0,0.2636006402205443,0.0,0.0
3,5,two_requirements,0.8,1,0.0,0.0,0.0,0.0,0.0,0.0,0.0
3,5,two_requirements,0.8,2,0.0,0.3726496190028291,0.24653423286294704,0.0,0.3726496190028291,0.12611538613988207,0.12611538613988207
3,5,two_requirements,0.8,3,0.2984700506324678,0.4552403633953137,0.4465251364519185,0.0,0.4552403633953137,0.008715226943395216,0.008715226943395216
3,5,two_requirements,0.8,4,0.5291158808444032,0.5291158808444032,0.5291158808444032,0.0,0.5291158808444032,0.0,0.0
3,5,two_requirements,1.0,1,0.0,0.0,0.0,0.0,0.0,0.0,0.0
3,5,two_requirements,1.0,2,0.0,0.5822650296919206,0.3852097388483544,0.0,0.5822650296919206,0.1970552908435662,0.1970552908435662
3,5,two_requirements,1.0,3,0.46635945411323065,0.6302507149975844,0.6302507149975844,0.0,0.6302507149975844,0.0,0.0
3,5,two_requirements,1.0,4,0.6749708991108481,0.6749708991108481,0.6749708991108481,0.0,0.6749708991108481,0.0,0.0
3,6,single_requirement,0.5,1,0.0,0.36455350476784176,0.36455350476784176,0.0,0.36455350476784176,0.0,0.0
3,6,single_requirement,0.5,2,0.33953032557285223,0.5480739561189969,0.5480739561189969,0.0,0.5480739561189969,0.0,0.0
3,6,single_requirement,0.5,3,0.5186679448192754,0.6449001134956844,0.6449001134956844,0.0,0.6449001134956844,0.0,0.0
3,6,single_requirement,0.5,4,0.6449001134956844,0.6449001134956844,0.6449001134956844,0.0,0.6449001134956844,0.0,0.0
3,6,single_requirement,0.8,1,0.0,0.5832856076285471,0.5832856076285471,0.0,0.5832856076285471,0.0,0.0
3,6,single_requirement,0.8,2,0.5432485209165633,0.7271488505375658,0.7271488505375658,0.0,0.7271488505375658,0.0,0.0
3,6,single_requirement,0.8,3,0.6993152030924752,0.7684784780347498,0.7684784780347498,0.0,0.7684784780347498,0.0,0.0
3,6,single_requirement,0.8,4,0.7684784780347498,0.7684784780347498,0.7684784780347498,0.0,0.7684784780347498,0.0,0.0
3,6,single_requirement,1.0,1,0.0,0.7291070095356835,0.7291070095356835,0.0,0.7291070095356835,0.0,0.0
3,6,single_requirement,1.0,2,0.6790606511457044,0.7841281637945994,0.7841281637945994,0.0,0.7841281637945994,0.0,0.0
3,6,single_requirement,1.0,3,0.7653494133502896,0.79111974442596,0.79111974442596,0.0,0.79111974442596,0.0,0.0
3,6,single_requirement,1.0,4,0.7911197444259599,0.79111974442596,0.7911197444259599,0.0,0.7911197444259599,1.1102230246251565e-16,0.0
3,6,three_requirements,0.5,1,0.0,0.0,0.0,0.0,0.0,0.0,0.0
3,6,three_requirements,0.5,2,0.0,0.0,0.0,0.0,0.0,0.0,0.0
3,6,three_requirements,0.5,3,0.025845788300568023,0.0535646393321186,0.025845788300568023,0.0,0.025845788300568023,0.027718851031550577,0.0
3,6,three_requirements,0.5,4,0.06753461602402061,0.06753461602402061,0.06753461602402061,0.0,0.06753461602402061,0.0,0.0
3,6,three_requirements,0.8,1,0.0,0.0,0.0,0.0,0.0,0.0,0.0
3,6,three_requirements,0.8,2,0.0,0.0,0.0,0.0,0.0,0.0,0.0
3,6,three_requirements,0.8,3,0.1058643488791266,0.21940076270435777,0.1058643488791266,0.0,0.1058643488791266,0.11353641382523116,0.0
3,6,three_requirements,0.8,4,0.24743579262493087,0.24743579262493087,0.24743579262493087,0.0,0.24743579262493087,0.0,0.0
3,6,three_requirements,1.0,1,0.0,0.0,0.0,0.0,0.0,0.0,0.0
3,6,three_requirements,1.0,2,0.0,0.0,0.0,0.0,0.0,0.0,0.0
3,6,three_requirements,1.0,3,0.2067663064045442,0.4285171146569488,0.2067663064045442,0.0,0.2067663064045442,0.22175080825240462,0.0
3,6,three_requirements,1.0,4,0.4452704353228366,0.4452704353228366,0.4452704353228366,0.0,0.4452704353228366,0.0,0.0
3,6,two_requirements,0.5,1,0.0,0.0,0.0,0.0,0.0,0.0,0.0
3,6,two_requirements,0.5,2,0.03473887838142145,0.1491752060240698,0.07213777221314217,0.0,0.1491752060240698,0.07703743381092763,0.07703743381092763
3,6,two_requirements,0.5,3,0.20905401700001983,0.20905401700001983,0.20905401700001983,0.0,0.20905401700001983,0.0,0.0
3,6,two_requirements,0.5,4,0.2479833439268446,0.2479833439268446,0.2479833439268446,0.0,0.2479833439268446,0.0,0.0
3,6,two_requirements,0.8,1,0.0,0.0,0.0,0.0,0.0,0.0,0.0
3,6,two_requirements,0.8,2,0.08893152865643877,0.38188852742161894,0.18467269686564403,0.0,0.38188852742161894,0.1972158305559749,0.1972158305559749
3,6,two_requirements,0.8,3,0.46298960186586047,0.46298960186586047,0.46298960186586047,0.0,0.46298960186586047,0.0,0.0
3,6,two_requirements,0.8,4,0.5057734351143095,0.5057734351143095,0.5057734351143095,0.0,0.5057734351143095,0.0,0.0
3,6,two_requirements,1.0,1,0.0,0.0,0.0,0.0,0.0,0.0,0.0
3,6,two_requirements,1.0,2,0.1389555135256858,0.5967008240962792,0.2885510888525687,0.0,0.5967008240962792,0.30814973524371053,0.30814973524371053
3,6,two_requirements,1.0,3,0.6482247095256256,0.6482247095256256,0.6482247095256256,0.0,0.6482247095256256,0.0,0.0
3,6,two_requirements,1.0,4,0.6674945904333667,0.6674945904333667,0.6674945904333667,0.0,0.6674945904333667,0.0,0.0
3,7,single_requirement,0.5,1,0.28505650789198433,0.3521483622178476,0.3521483622178476,0.0,0.3521483622178476,0.0,0.0
3,7,single_requirement,0.5,2,0.4947673964346737,0.5360227340520741,0.5360227340520741,0.0,0.5360227340520741,0.0,0.0
3,7,single_requirement,0.5,3,0.6224747737256374,0.6224747737256374,0.6224747737256374,0.0,0.6224747737256374,0.0,0.0
3,7,single_requirement,0.5,4,0.6224747737256374,0.6224747737256374,0.6224747737256374,0.0,0.6224747737256374,0.0,0.0
3,7,single_requirement,0.8,1,0.4560904126271751,0.5634373795485563,0.5634373795485563,0.0,0.5634373795485563,0.0,0.0
3,7,single_requirement,0.8,2,0.6698740404458066,0.7110795245935224,0.7110795245935224,0.0,0.7110795245935224,0.0,0.0
3,7,single_requirement,0.8,3,0.7471122387289204,0.7471122387289204,0.7471122387289204,0.0,0.7471122387289204,0.0,0.0
3,7,single_requirement,0.8,4,0.7471122387289204,0.7471122387289204,0.7471122387289204,0.0,0.7471122387289204,0.0,0.0
3,7,single_requirement,1.0,1,0.5701130157839687,0.7042967244356952,0.7042967244356952,0.0,0.7042967244356952,0.0,0.0
3,7,single_requirement,1.0,2,0.7358810556825317,0.7667186975004062,0.7667186975004062,0.0,0.7667186975004062,0.0,0.0
3,7,single_requirement,1.0,3,0.7725433720444946,0.7725433720444946,0.7725433720444946,0.0,0.7725433720444946,0.0,0.0
3,7,single_requirement,1.0,4,0.7725433720444946,0.7725433720444946,0.7725433720444946,0.0,0.7725433720444946,0.0,0.0
3,7,three_requirements,0.5,1,0.0,0.0,0.0,0.0,0.0,0.0,0.0
3,7,three_requirements,0.5,2,0.0,0.0,0.0,0.0,0.0,0.0,0.0
3,7,three_requirements,0.5,3,0.03833629332371471,0.03833629332371471,0.03833629332371471,0.0,0.03833629332371471,0.0,0.0
3,7,three_requirements,0.5,4,0.05763953006712705,0.05763953006712705,0.05763953006712705,0.0,0.05763953006712705,0.0,0.0
3,7,three_requirements,0.8,1,0.0,0.0,0.0,0.0,0.0,0.0,0.0
3,7,three_requirements,0.8,2,0.0,0.0,0.0,0.0,0.0,0.0,0.0
3,7,three_requirements,0.8,3,0.1570254574539355,0.1570254574539355,0.1570254574539355,0.0,0.1570254574539355,0.0,0.0
3,7,three_requirements,0.8,4,0.19716917213263696,0.19716917213263696,0.19716917213263696,0.0,0.19716917213263696,0.0,0.0
3,7,three_requirements,1.0,1,0.0,0.0,0.0,0.0,0.0,0.0,0.0
3,7,three_requirements,1.0,2,0.0,0.0,0.0,0.0,0.0,0.0,0.0
3,7,three_requirements,1.0,3,0.30669034658971767,0.30669034658971767,0.30669034658971767,0.0,0.30669034658971767,0.0,0.0
3,7,three_requirements,1.0,4,0.33441590517791653,0.33441590517791653,0.33441590517791653,0.0,0.33441590517791653,0.0,0.0
3,7,two_requirements,0.5,1,0.0,0.0,0.0,0.0,0.0,0.0,0.0
3,7,two_requirements,0.5,2,0.0,0.11443532005270253,0.0,0.0,0.11443532005270253,0.11443532005270253,0.11443532005270253
3,7,two_requirements,0.5,3,0.1125260591086132,0.22966649683196472,0.1125260591086132,0.0,0.22966649683196472,0.11714043772335152,0.11714043772335152
3,7,two_requirements,0.5,4,0.22966649683196472,0.22966649683196472,0.22966649683196472,0.0,0.22966649683196472,0.0,0.0
3,7,two_requirements,0.8,1,0.0,0.0,0.0,0.0,0.0,0.0,0.0
3,7,two_requirements,0.8,2,0.0,0.2929544193349184,0.0,0.0,0.2929544193349184,0.2929544193349184,0.2929544193349184
3,7,two_requirements,0.8,3,0.28806671131804984,0.4413619933885607,0.28806671131804984,0.0,0.4413619933885607,0.15329528207051085,0.15329528207051085
3,7,two_requirements,0.8,4,0.44136199338856075,0.44136199338856075,0.44136199338856075,0.0,0.44136199338856075,0.0,0.0
3,7,two_requirements,1.0,1,0.0,0.0,0.0,0.0,0.0,0.0,0.0
3,7,two_requirements,1.0,2,0.0,0.4577412802108101,0.0,0.0,0.4577412802108101,0.4577412802108101,0.4577412802108101
3,7,two_requirements,1.0,3,0.4501042364344526,0.5369361995641375,0.4501042364344526,0.0,0.5369361995641375,0.08683196312968494,0.08683196312968494
3,7,two_requirements,1.0,4,0.5369361995641377,0.5369361995641377,0.5369361995641377,0.0,0.5369361995641377,0.0,0.0
3,8,single_requirement,0.5,1,0.3205305408087915,0.3453789990816215,0.3453789990816215,0.0,0.3453789990816215,0.0,0.0
3,8,single_requirement,0.5,2,0.48992821443911566,0.5313741363142405,0.5313741363142405,0.0,0.5313741363142405,0.0,0.0
3,8,single_requirement,0.5,3,0.48992821443911555,0.6208883676100724,0.6208883676100724,0.0,0.6208883676100724,0.0,0.0
3,8,single_requirement,0.5,4,0.6208883676100725,0.6208883676100725,0.6208883676100725,0.0,0.6208883676100725,0.0,0.0
3,8,single_requirement,0.8,1,0.5128488652940663,0.5526063985305942,0.5526063985305942,0.0,0.5526063985305942,0.0,0.0
3,8,single_requirement,0.8,2,0.6801191977400843,0.721044630669659,0.721044630669659,0.0,0.721044630669659,0.0,0.0
3,8,single_requirement,0.8,3,0.6801191977400844,0.7621065715139561,0.7621065715139561,0.0,0.7621065715139561,0.0,0.0
3,8,single_requirement,0.8,4,0.7621065715139559,0.7621065715139561,0.7621065715139559,0.0,0.7621065715139559,2.220446049250313e-16,0.0
3,8,single_requirement,1.0,1,0.641061081617583,0.690757998163243,0.690757998163243,0.0,0.690757998163243,0.0,0.0
3,8,single_requirement,1.0,2,0.7636773760396884,0.7936774654761359,0.7936774654761359,0.0,0.7936774654761359,0.0,0.0
3,8,single_requirement,1.0,3,0.7636773760396882,0.8006485863274049,0.8006485863274049,0.0,0.8006485863274049,0.0,0.0
3,8,single_requirement,1.0,4,0.800648586327405,0.800648586327405,0.800648586327405,0.0,0.800648586327405,0.0,0.0
3,8,three_requirements,0.5,1,0.0,0.0,0.0,0.0,0.0,0.0,0.0
3,8,three_requirements,0.5,2,0.0,0.0,0.0,0.0,0.0,0.0,0.0
3,8,three_requirements,0.5,3,0.0,0.05012369080106234,0.019188902785169756,0.0,0.048147427562915054,0.030934788015892584,0.028958524777745298
3,8,three_requirements,0.5,4,0.0893224188835231,0.0893224188835231,0.0893224188835231,0.0,0.0893224188835231,0.0,0.0
3,8,three_requirements,0.8,1,0.0,0.0,0.0,0.0,0.0,0.0,0.0
3,8,three_requirements,0.8,2,0.0,0.0,0.0,0.0,0.0,0.0,0.0
3,8,three_requirements,0.8,3,0.0,0.20530663752115136,0.07859774580805526,0.0,0.1972118632977,0.1267088917130961,0.11861411748964473
3,8,three_requirements,0.8,4,0.29671365641891295,0.29671365641891295,0.29671365641891295,0.0,0.29671365641891295,0.0,0.0
3,8,three_requirements,1.0,1,0.0,0.0,0.0,0.0,0.0,0.0,0.0
3,8,three_requirements,1.0,2,0.0,0.0,0.0,0.0,0.0,0.0,0.0
3,8,three_requirements,1.0,3,0.0,0.4009895264084987,0.15351122228135805,0.0,0.38517942050332044,0.24747830412714067,0.23166819822196238
3,8,three_requirements,1.0,4,0.4894785329431924,0.4894785329431924,0.4894785329431924,0.0,0.4894785329431924,0.0,0.0
3,8,two_requirements,0.5,1,0.0,0.0,0.0,0.0,0.0,0.0,0.0
3,8,two_requirements,0.5,2,0.07007604629695616,0.18307639419752306,0.07007604629695616,0.0,0.18307639419752306,0.1130003479005669,0.1130003479005669
3,8,two_requirements,0.5,3,0.1254358335345947,0.22895089914552114,0.1254358335345947,0.0,0.22895089914552114,0.10351506561092644,0.10351506561092644
3,8,two_requirements,0.5,4,0.26757333659059934,0.26757333659059934,0.26757333659059934,0.0,0.26757333659059934,0.0,0.0
3,8,two_requirements,0.8,1,0.0,0.0,0.0,0.0,0.0,0.0,0.0
3,8,two_requirements,0.8,2,0.17939467852020788,0.468675569145659,0.17939467852020788,0.0,0.468675569145659,0.28928089062545115,0.28928089062545115
3,8,two_requirements,0.8,3,0.27280299065207797,0.5232321650191616,0.27280299065207797,0.0,0.5232321650191616,0.2504291743670836,0.2504291743670836
3,8,two_requirements,0.8,4,0.5737928616820771,0.5737928616820771,0.5737928616820771,0.0,0.5737928616820771,0.0,0.0
3,8,two_requirements,1.0,1,0.0,0.0,0.0,0.0,0.0,0.0,0.0
3,8,two_requirements,1.0,2,0.28030418518782463,0.7323055767900922,0.28030418518782463,0.0,0.7323055767900922,0.4520013916022676,0.4520013916022676
3,8,two_requirements,1.0,3,0.37592889873086677,0.7520480320160104,0.37592889873086677,0.0,0.7520480320160104,0.3761191332851437,0.3761191332851437
3,8,two_requirements,1.0,4,0.7807233463888112,0.7807233463888112,0.7807233463888112,0.0,0.7807233463888112,0.0,0.0
3,9,single_requirement,0.5,1,0.0,0.3522231548371568,0.3522231548371568,0.0,0.3522231548371568,0.0,0.0
3,9,single_requirement,0.5,2,0.3143362824772347,0.5294397143354338,0.5294397143354338,0.0,0.5294397143354338,0.0,0.0
3,9,single_requirement,0.5,3,0.5294397143354338,0.5294397143354338,0.5294397143354338,0.0,0.5294397143354338,0.0,0.0
3,9,single_requirement,0.5,4,0.5294397143354338,0.5294397143354338,0.5294397143354338,0.0,0.5294397143354338,0.0,0.0
3,9,single_requirement,0.8,1,0.0,0.563557047739451,0.563557047739451,0.0,0.563557047739451,0.0,0.0
3,9,single_requirement,0.8,2,0.5029380519635754,0.7154686088768946,0.7154686088768946,0.0,0.7154686088768946,0.0,0.0
3,9,single_requirement,0.8,3,0.7154686088768949,0.7154686088768949,0.7154686088768949,0.0,0.7154686088768949,0.0,0.0
3,9,single_requirement,0.8,4,0.7154686088768947,0.7154686088768949,0.7154686088768947,0.0,0.7154686088768947,2.220446049250313e-16,0.0
3,9,single_requirement,1.0,1,0.0,0.7044463096743137,0.7044463096743137,0.0,0.7044463096743137,0.0,0.0
3,9,single_requirement,1.0,2,0.6286725649544694,0.7846399827129522,0.7846399827129522,0.0,0.7846399827129522,0.0,0.0
3,9,single_requirement,1.0,3,0.784639982712952,0.7846399827129522,0.784639982712952,0.0,0.784639982712952,2.220446049250313e-16,0.0
3,9,single_requirement,1.0,4,0.784639982712952,0.7846399827129522,0.784639982712952,0.0,0.784639982712952,2.220446049250313e-16,0.0
3,9,three_requirements,0.5,1,0.0,0.0,0.0,0.0,0.0,0.0,0.0
3,9,three_requirements,0.5,2,0.0,0.0,0.0,0.0,0.0,0.0,0.0
3,9,three_requirements,0.5,3,0.029886717640746865,0.03931862767953028,0.03931862767953028,0.0,0.03931862767953028,0.0,0.0
3,9,three_requirements,0.5,4,0.0558124122481324,0.0558124122481324,0.0558124122481324,0.0,0.0558124122481324,0.0,0.0
3,9,three_requirements,0.8,1,0.0,0.0,0.0,0.0,0.0,0.0,0.0
3,9,three_requirements,0.8,2,0.0,0.0,0.0,0.0,0.0,0.0,0.0
3,9,three_requirements,0.8,3,0.12241599545649934,0.1610490989753559,0.1610490989753559,0.0,0.1610490989753559,0.0,0.0
3,9,three_requirements,0.8,4,0.19569316825024752,0.19569316825024752,0.19569316825024752,0.0,0.19569316825024752,0.0,0.0
3,9,three_requirements,1.0,1,0.0,0.0,0.0,0.0,0.0,0.0,0.0
3,9,three_requirements,1.0,2,0.0,0.0,0.0,0.0,0.0,0.0,0.0
3,9,three_requirements,1.0,3,0.23909374112597492,0.31454902143624225,0.31454902143624225,0.0,0.31454902143624225,0.0,0.0
3,9,three_requirements,1.0,4,0.33935583340790143,0.33935583340790143,0.33935583340790143,0.0,0.33935583340790143,0.0,0.0
3,9,two_requirements,0.5,1,0.0,0.0,0.0,0.0,0.0,0.0,0.0
3,9,two_requirements,0.5,2,0.0630327953590625,0.10669321092638229,0.09475769283329033,0.0,0.10669321092638229,0.011935518093091957,0.011935518093091957
3,9,two_requirements,0.5,3,0.06303279535906248,0.19695338666667295,0.19695338666667295,0.0,0.19695338666667295,0.0,0.0
3,9,two_requirements,0.5,4,0.19695338666667295,0.19695338666667295,0.19695338666667295,0.0,0.19695338666667295,0.0,0.0
3,9,two_requirements,0.8,1,0.0,0.0,0.0,0.0,0.0,0.0,0.0
3,9,two_requirements,0.8,2,0.16136395611919993,0.27313461997153876,0.2425796936532233,0.0,0.27313461997153876,0.030554926318315467,0.030554926318315467
3,9,two_requirements,0.8,3,0.16136395611920004,0.4004741099403153,0.4004741099403153,0.0,0.4004741099403153,0.0,0.0
3,9,two_requirements,0.8,4,0.40047410994031524,0.4004741099403153,0.40047410994031524,0.0,0.40047410994031524,5.551115123125783e-17,0.0
3,9,two_requirements,1.0,1,0.0,0.0,0.0,0.0,0.0,0.0,0.0
3,9,two_requirements,1.0,2,0.25213118143625,0.42677284370552915,0.3790307713331613,0.0,0.42677284370552915,0.04774207237236783,0.04774207237236783
3,9,two_requirements,1.0,3,0.25213118143624985,0.5176922968584433,0.5176922968584433,0.0,0.5176922968584433,0.0,0.0
3,9,two_requirements,1.0,4,0.5176922968584432,0.5176922968584433,0.5176922968584432,0.0,0.5176922968584432,1.1102230246251565e-16,0.0
4,0,single_requirement,0.5,1,0.32193679670097064,0.3359389955447746,0.3359389955447746,0.0,0.3359389955447746,0.0,0.0
4,0,single_requirement,0.5,2,0.3219367967009707,0.5149341897477642,0.5149341897477642,0.0,0.5149341897477642,0.0,0.0
4,0,single_requirement,0.5,3,0.461172271724133,0.5919013092167246,0.5919013092167246,0.0,0.5919013092167246,0.0,0.0
4,0,single_requirement,0.5,4,0.5919013092167246,0.5919013092167246,0.5919013092167246,0.0,0.5919013092167246,0.0,0.0
4,0,single_requirement,0.8,1,0.5150988747215534,0.5375023928716394,0.5375023928716394,0.0,0.5375023928716394,0.0,0.0
4,0,single_requirement,0.8,2,0.5150988747215531,0.6866707651983608,0.6866707651983608,0.0,0.6866707651983608,0.0,0.0
4,0,single_requirement,0.8,3,0.6388771978068204,0.7218800206032068,0.7218800206032068,0.0,0.7218800206032068,0.0,0.0
4,0,single_requirement,0.8,4,0.7218800206032067,0.7218800206032068,0.7218800206032067,0.0,0.7218800206032067,1.1102230246251565e-16,0.0
4,0,single_requirement,1.0,1,0.6438735934019413,0.6718779910895492,0.6718779910895492,0.0,0.6718779910895492,0.0,0.0
4,0,single_requirement,1.0,2,0.6438735934019415,0.7439851744995662,0.7439851744995662,0.0,0.7439851744995662,0.0,0.0
4,0,single_requirement,1.0,3,0.7160977997986984,0.7516097152897644,0.7516097152897644,0.0,0.7516097152897644,0.0,0.0
4,0,single_requirement,1.0,4,0.7516097152897645,0.7516097152897645,0.7516097152897645,0.0,0.7516097152897645,0.0,0.0
4,0,three_requirements,0.5,1,0.0,0.0,0.0,0.0,0.0,0.0,0.0
4,0,three_requirements,0.5,2,0.0,0.0,0.0,0.0,0.0,0.0,0.0
4,0,three_requirements,0.5,3,0.036098042460576636,0.04120105968554152,0.036098042460576636,0.0,0.04120105968554152,0.005103017224964881,0.005103017224964881
4,0,three_requirements,0.5,4,0.09884612382290987,0.09884612382290987,0.09884612382290987,0.0,0.09884612382290987,0.0,0.0
4,0,three_requirements,0.8,1,0.0,0.0,0.0,0.0,0.0,0.0,0.0
4,0,three_requirements,0.8,2,0.0,0.0,0.0,0.0,0.0,0.0,0.0
4,0,three_requirements,0.8,3,0.14785758191852177,0.1687595404719781,0.14785758191852177,0.0,0.1687595404719781,0.020901958553456335,0.020901958553456335
4,0,three_requirements,0.8,4,0.29563730180836206,0.29563730180836206,0.29563730180836206,0.0,0.29563730180836206,0.0,0.0
4,0,three_requirements,1.0,1,0.0,0.0,0.0,0.0,0.0,0.0,0.0
4,0,three_requirements,1.0,2,0.0,0.0,0.0,0.0,0.0,0.0,0.0
4,0,three_requirements,1.0,3,0.2887843396846131,0.32960847748433214,0.2887843396846131,0.0,0.32960847748433214,0.04082413779971905,0.04082413779971905
4,0,three_requirements,1.0,4,0.43518168143524294,0.43518168143524294,0.43518168143524294,0.0,0.43518168143524294,0.0,0.0
4,0,two_requirements,0.5,1,0.0,0.0,0.0,0.0,0.0,0.0,0.0
4,0,two_requirements,0.5,2,0.11540809108833527,0.13275138860178942,0.125266629865423,0.0,0.13275138860178942,0.00748475873636642,0.00748475873636642
4,0,two_requirements,0.5,3,0.19076294779628986,0.2517495846289342,0.19076294779628986,0.0,0.2517495846289342,0.06098663683264435,0.06098663683264435
4,0,two_requirements,0.5,4,0.3012028843331338,0.3012028843331338,0.3012028843331338,0.0,0.3012028843331338,0.0,0.0
4,0,two_requirements,0.8,1,0.0,0.0,0.0,0.0,0.0,0.0,0.0
4,0,two_requirements,0.8,2,0.29544471318613824,0.33984355482058104,0.320682572455483,0.0,0.33984355482058104,0.019160982365098056,0.019160982365098056
4,0,two_requirements,0.8,3,0.41168866278863053,0.5000171761589104,0.41168866278863053,0.0,0.5000171761589104,0.08832851337027986,0.08832851337027986
4,0,two_requirements,0.8,4,0.5502915567643435,0.5502915567643435,0.5502915567643435,0.0,0.5502915567643435,0.0,0.0
4,0,two_requirements,1.0,1,0.0,0.0,0.0,0.0,0.0,0.0,0.0
4,0,two_requirements,1.0,2,0.4616323643533411,0.5310055544071577,0.501066519461692,0.0,0.5310055544071577,0.02993903494546568,0.02993903494546568
4,0,two_requirements,1.0,3,0.5634046985552857,0.6307958372366711,0.5634046985552857,0.0,0.6307958372366711,0.06739113868138535,0.06739113868138535
4,0,two_requirements,1.0,4,0.6559651180463413,0.6559651180463413,0.6559651180463413,0.0,0.6559651180463413,0.0,0.0
4,1,single_requirement,0.5,1,0.260200468067787,0.31932462814916546,0.31932462814916546,0.0,0.31932462814916546,0.0,0.0
4,1,single_requirement,0.5,2,0.38274709032587584,0.4972029620394516,0.4972029620394516,0.0,0.4972029620394516,0.0,0.0
4,1,single_requirement,0.5,3,0.5463992104775272,0.5837020291642009,0.5837020291642009,0.0,0.5837020291642009,0.0,0.0
4,1,single_requirement,0.5,4,0.6244404974049735,0.6244404974049735,0.6244404974049735,0.0,0.6244404974049735,0.0,0.0
4,1,single_requirement,0.8,1,0.41632074890845927,0.5109194050386647,0.5109194050386647,0.0,0.5109194050386647,0.0,0.0
4,1,single_requirement,0.8,2,0.5344194074090863,0.6784568779977228,0.6784568779977228,0.0,0.6784568779977228,0.0,0.0
4,1,single_requirement,0.8,3,0.6975607142656437,0.7215718321803921,0.7215718321803921,0.0,0.7215718321803921,0.0,0.0
4,1,single_requirement,0.8,4,0.7338023497888453,0.7338023497888453,0.7338023497888453,0.0,0.7338023497888453,0.0,0.0
4,1,single_requirement,1.0,1,0.520400936135574,0.6386492562983309,0.6386492562983309,0.0,0.6386492562983309,0.0,0.0
4,1,single_requirement,1.0,2,0.6030443116677626,0.7505145464426539,0.7505145464426539,0.0,0.7505145464426539,0.0,0.0
4,1,single_requirement,1.0,3,0.7511481252768929,0.7622291279945833,0.7622291279945833,0.0,0.7622291279945833,0.0,0.0
4,1,single_requirement,1.0,4,0.7640894869892996,0.7640894869892996,0.7640894869892996,0.0,0.7640894869892996,0.0,0.0
4,1,three_requirements,0.5,1,0.0,0.0,0.0,0.0,0.0,0.0,0.0
4,1,three_requirements,0.5,2,0.0,0.0,0.0,0.0,0.0,0.0,0.0
4,1,three_requirements,0.5,3,0.0,0.03149491962667132,0.03149491962667132,0.0,0.03149491962667132,0.0,0.0
4,1,three_requirements,0.5,4,0.0634157204843353,0.0634157204843353,0.0634157204843353,0.0,0.0634157204843353,0.0,0.0
4,1,three_requirements,0.8,1,0.0,0.0,0.0,0.0,0.0,0.0,0.0
4,1,three_requirements,0.8,2,0.0,0.0,0.0,0.0,0.0,0.0,0.0
4,1,three_requirements,0.8,3,0.0,0.1290031907908458,0.1290031907908458,0.0,0.1290031907908458,0.0,0.0
4,1,three_requirements,0.8,4,0.207368134554282,0.207368134554282,0.207368134554282,0.0,0.207368134554282,0.0,0.0
4,1,three_requirements,1.0,1,0.0,0.0,0.0,0.0,0.0,0.0,0.0
4,1,three_requirements,1.0,2,0.0,0.0,0.0,0.0,0.0,0.0,0.0
4,1,three_requirements,1.0,3,0.0,0.2519593570133706,0.2519593570133706,0.0,0.2519593570133706,0.0,0.0
4,1,three_requirements,1.0,4,0.33680930375243134,0.33680930375243134,0.33680930375243134,0.0,0.33680930375243134,0.0,0.0
4,1,two_requirements,0.5,1,0.0,0.0,0.0,0.0,0.0,0.0,0.0
4,1,two_requirements,0.5,2,0.04216142088748555,0.09625664482209788,0.0936132218637974,0.0,0.09625664482209788,0.002643422958300473,0.002643422958300473
4,1,two_requirements,0.5,3,0.11615102474525832,0.17578757642513676,0.17578757642513676,0.0,0.17578757642513676,0.0,0.0
4,1,two_requirements,0.5,4,0.2181667016207174,0.2181667016207174,0.2181667016207174,0.0,0.2181667016207174,0.0,0.0
4,1,two_requirements,0.8,1,0.0,0.0,0.0,0.0,0.0,0.0,0.0
4,1,two_requirements,0.8,2,0.10793323747196293,0.24641701074457054,0.23964984797132152,0.0,0.24641701074457054,0.006767162773249014,0.006767162773249014
4,1,two_requirements,0.8,3,0.2710071868924524,0.3636258553246472,0.3636258553246472,0.0,0.3636258553246472,0.0,0.0
4,1,two_requirements,0.8,4,0.41575218528316127,0.41575218528316127,0.41575218528316127,0.0,0.41575218528316127,0.0,0.0
4,1,two_requirements,1.0,1,0.0,0.0,0.0,0.0,0.0,0.0,0.0
4,1,two_requirements,1.0,2,0.1686456835499422,0.3850265792883915,0.3744528874551896,0.0,0.3850265792883915,0.010573691833201893,0.010573691833201893
4,1,two_requirements,1.0,3,0.39601181654507267,0.47817546110757064,0.47817546110757064,0.0,0.47817546110757064,0.0,0.0
4,1,two_requirements,1.0,4,0.5129731981982746,0.5129731981982746,0.5129731981982746,0.0,0.5129731981982746,0.0,0.0
4,2,single_requirement,0.5,1,0.15667935413627163,0.34374474672628885,0.34374474672628885,0.0,0.34374474672628885,0.0,0.0
4,2,single_requirement,0.5,2,0.15667935413627163,0.5138958291168647,0.5138958291168647,0.0,0.5138958291168647,0.0,0.0
4,2,single_requirement,0.5,3,0.3876177999453405,0.5650639486620793,0.5650639486620793,0.0,0.5650639486620793,0.0,0.0
4,2,single_requirement,0.5,4,0.5650639486620793,0.5650639486620793,0.5650639486620793,0.0,0.5650639486620793,0.0,0.0
4,2,single_requirement,0.8,1,0.2506869666180346,0.5499915947620622,0.5499915947620622,0.0,0.5499915947620622,0.0,0.0
4,2,single_requirement,0.8,2,0.25068696661803463,0.699496344184586,0.699496344184586,0.0,0.699496344184586,0.0,0.0
4,2,single_requirement,0.8,3,0.5558073663919002,0.7242685533867762,0.7242685533867762,0.0,0.7242685533867762,0.0,0.0
4,2,single_requirement,0.8,4,0.7242685533867762,0.7242685533867762,0.7242685533867762,0.0,0.7242685533867762,0.0,0.0
4,2,single_requirement,1.0,1,0.31335870827254325,0.6874894934525777,0.6874894934525777,0.0,0.6874894934525777,0.0,0.0
4,2,single_requirement,1.0,2,0.31335870827254325,0.7720896115620679,0.7720896115620679,0.0,0.7720896115620679,0.0,0.0
4,2,single_requirement,1.0,3,0.6411082800560048,0.7784919313070024,0.7784919313070024,0.0,0.7784919313070024,0.0,0.0
4,2,single_requirement,1.0,4,0.7784919313070024,0.7784919313070024,0.7784919313070024,0.0,0.7784919313070024,0.0,0.0
4,2,three_requirements,0.5,1,0.0,0.0,0.0,0.0,0.0,0.0,0.0
4,2,three_requirements,0.5,2,0.0,0.0,0.0,0.0,0.0,0.0,0.0
4,2,three_requirements,0.5,3,0.0,0.018621872720228923,0.0,0.0,0.0,0.018621872720228923,0.0
4,2,three_requirements,0.5,4,0.018621872720228923,0.018621872720228923,0.018621872720228923,0.0,0.018621872720228923,0.0,0.0
4,2,three_requirements,0.8,1,0.0,0.0,0.0,0.0,0.0,0.0,0.0
4,2,three_requirements,0.8,2,0.0,0.0,0.0,0.0,0.0,0.0,0.0
4,2,three_requirements,0.8,3,0.0,0.07627519066205748,0.0,0.0,0.0,0.07627519066205748,0.0
4,2,three_requirements,0.8,4,0.07627519066205751,0.07627519066205751,0.07627519066205751,0.0,0.07627519066205751,0.0,0.0
4,2,three_requirements,1.0,1,0.0,0.0,0.0,0.0,0.0,0.0,0.0
4,2,three_requirements,1.0,2,0.0,0.0,0.0,0.0,0.0,0.0,0.0
4,2,three_requirements,1.0,3,0.0,0.14897498176183138,0.0,0.0,0.0,0.14897498176183138,0.0
4,2,three_requirements,1.0,4,0.14897498176183127,0.14897498176183138,0.14897498176183127,0.0,0.14897498176183127,1.1102230246251565e-16,0.0
4,2,two_requirements,0.5,1,0.0,0.0,0.0,0.0,0.0,0.0,0.0
4,2,two_requirements,0.5,2,0.05414425856213034,0.11583675914516002,0.05414425856213034,0.0,0.11583675914516002,0.06169250058302968,0.06169250058302968
4,2,two_requirements,0.5,3,0.14680558299411828,0.16545962497639174,0.14680558299411828,0.0,0.16545962497639174,0.018654041982273467,0.018654041982273467
4,2,two_requirements,0.5,4,0.20515594483261312,0.20515594483261312,0.20515594483261312,0.0,0.20515594483261312,0.0,0.0
4,2,two_requirements,0.8,1,0.0,0.0,0.0,0.0,0.0,0.0,0.0
4,2,two_requirements,0.8,2,0.13860930191905357,0.2965421034116096,0.13860930191905357,0.0,0.2965421034116096,0.157932801492556,0.157932801492556
4,2,two_requirements,0.8,3,0.3402248247455104,0.3690204167295098,0.3402248247455104,0.0,0.3690204167295098,0.02879559198399939,0.02879559198399939
4,2,two_requirements,0.8,4,0.41972675639611706,0.41972675639611706,0.41972675639611706,0.0,0.41972675639611706,0.0,0.0
4,2,two_requirements,1.0,1,0.0,0.0,0.0,0.0,0.0,0.0,0.0
4,2,two_requirements,1.0,2,0.21657703424852137,0.4633470365806401,0.21657703424852137,0.0,0.4633470365806401,0.2467700023321187,0.2467700023321187
4,2,two_requirements,1.0,3,0.4945205931237849,0.5197650019627214,0.4945205931237849,0.0,0.5197650019627214,0.025244408838936472,0.025244408838936472
4,2,two_requirements,1.0,4,0.5534356064823067,0.5534356064823067,0.5534356064823067,0.0,0.5534356064823067,0.0,0.0
4,3,single_requirement,0.5,1,0.0,0.30697464475603276,0.30697464475603276,0.0,0.30697464475603276,0.0,0.0
4,3,single_requirement,0.5,2,0.30697464475603287,0.4769053368815849,0.4769053368815849,0.0,0.4769053368815849,0.0,0.0
4,3,single_requirement,0.5,3,0.30697464475603276,0.4769053368815849,0.4769053368815849,0.0,0.4769053368815849,0.0,0.0
4,3,single_requirement,0.5,4,0.4769053368815849,0.4769053368815849,0.4769053368815849,0.0,0.4769053368815849,0.0,0.0
4,3,single_requirement,0.8,1,0.0,0.4911594316096526,0.4911594316096526,0.0,0.4911594316096526,0.0,0.0
4,3,single_requirement,0.8,2,0.49115943160965264,0.6512025882998046,0.6512025882998046,0.0,0.6512025882998046,0.0,0.0
4,3,single_requirement,0.8,3,0.4911594316096526,0.6512025882998049,0.6512025882998049,0.0,0.6512025882998049,0.0,0.0
4,3,single_requirement,0.8,4,0.6512025882998047,0.6512025882998049,0.6512025882998047,0.0,0.6512025882998047,2.220446049250313e-16,0.0
4,3,single_requirement,1.0,1,0.0,0.6139492895120655,0.6139492895120655,0.0,0.6139492895120655,0.0,0.0
4,3,single_requirement,1.0,2,0.6139492895120657,0.7207982764491472,0.7207982764491472,0.0,0.7207982764491472,0.0,0.0
4,3,single_requirement,1.0,3,0.6139492895120657,0.7207982764491472,0.7207982764491466,0.0,0.7207982764491466,5.551115123125783e-16,0.0
4,3,single_requirement,1.0,4,0.7207982764491468,0.7207982764491472,0.7207982764491468,0.0,0.7207982764491468,3.3306690738754696e-16,0.0
4,3,three_requirements,0.5,1,0.0,0.0,0.0,0.0,0.0,0.0,0.0
4,3,three_requirements,0.5,2,0.0,0.0,0.0,0.0,0.0,0.0,0.0
4,3,three_requirements,0.5,3,0.0306250952654026,0.0306250952654026,0.0306250952654026,0.0,0.0306250952654026,0.0,0.0
4,3,three_requirements,0.5,4,0.030625095265402615,0.030625095265402615,0.030625095265402615,0.0,0.030625095265402615,0.0,0.0
4,3,three_requirements,0.8,1,0.0,0.0,0.0,0.0,0.0,0.0,0.0
4,3,three_requirements,0.8,2,0.0,0.0,0.0,0.0,0.0,0.0,0.0
4,3,three_requirements,0.8,3,0.1254403902070892,0.1254403902070892,0.1254403902070892,0.0,0.1254403902070892,0.0,0.0
4,3,three_requirements,0.8,4,0.12544039020708916,0.1254403902070892,0.12544039020708916,0.0,0.12544039020708916,2.7755575615628914e-17,0.0
4,3,three_requirements,1.0,1,0.0,0.0,0.0,0.0,0.0,0.0,0.0
4,3,three_requirements,1.0,2,0.0,0.0,0.0,0.0,0.0,0.0,0.0
4,3,three_requirements,1.0,3,0.2450007621232208,0.2450007621232208,0.2450007621232208,0.0,0.2450007621232208,0.0,0.0
4,3,three_requirements,1.0,4,0.24500076212322103,0.24500076212322103,0.24500076212322103,0.0,0.24500076212322103,0.0,0.0
4,3,two_requirements,0.5,1,0.0,0.0,0.0,0.0,0.0,0.0,0.0
4,3,two_requirements,0.5,2,0.09187710624783074,0.09578535787205297,0.09578535787205297,0.0,0.09578535787205297,0.0,0.0
4,3,two_requirements,0.5,3,0.14691804156995592,0.14930142831192922,0.14930142831192922,0.0,0.14930142831192922,0.0,0.0
4,3,two_requirements,0.5,4,0.20434236363405445,0.20434236363405445,0.20434236363405445,0.0,0.20434236363405445,0.0,0.0
4,3,two_requirements,0.8,1,0.0,0.0,0.0,0.0,0.0,0.0,0.0
4,3,two_requirements,0.8,2,0.2352053919944468,0.24521051615245565,0.24521051615245565,0.0,0.24521051615245565,0.0,0.0
4,3,two_requirements,0.8,3,0.3222754368832286,0.323289105477521,0.323289105477521,0.0,0.323289105477521,0.0,0.0
4,3,two_requirements,0.8,4,0.41035915036630277,0.41035915036630277,0.41035915036630277,0.0,0.41035915036630277,0.0,0.0
4,3,two_requirements,1.0,1,0.0,0.0,0.0,0.0,0.0,0.0,0.0
4,3,two_requirements,1.0,2,0.36750842499132297,0.3831414314882119,0.3831414314882119,0.0,0.3831414314882119,0.0,0.0
4,3,two_requirements,1.0,3,0.44747750603019176,0.44747750603019176,0.4437615700158992,0.0,0.4437615700158992,0.0037159360142925424,0.0
4,3,two_requirements,1.0,4,0.5237306510547681,0.5237306510547681,0.5237306510547681,0.0,0.5237306510547681,0.0,0.0
4,4,single_requirement,0.5,1,0.0,0.32221870216755377,0.32221870216755377,0.0,0.32221870216755377,0.0,0.0
4,4,single_requirement,0.5,2,0.3222187021675537,0.49458475546563224,0.49458475546563224,0.0,0.49458475546563224,0.0,0.0
4,4,single_requirement,0.5,3,0.47632676402673124,0.5808746550330018,0.5808746550330018,0.0,0.5808746550330018,0.0,0.0
4,4,single_requirement,0.5,4,0.580874655033002,0.580874655033002,0.580874655033002,0.0,0.580874655033002,0.0,0.0
4,4,single_requirement,0.8,1,0.0,0.5155499234680858,0.5155499234680858,0.0,0.5155499234680858,0.0,0.0
4,4,single_requirement,0.8,2,0.515549923468086,0.6679671536019467,0.6679671536019467,0.0,0.6679671536019467,0.0,0.0
4,4,single_requirement,0.8,3,0.6518222548258951,0.7082887452264698,0.7082887452264698,0.0,0.7082887452264698,0.0,0.0
4,4,single_requirement,0.8,4,0.7082887452264698,0.7082887452264698,0.7082887452264698,0.0,0.7082887452264698,0.0,0.0
4,4,single_requirement,1.0,1,0.0,0.6444374043351075,0.6444374043351075,0.0,0.6444374043351075,0.0,0.0
4,4,single_requirement,1.0,2,0.6444374043351073,0.7321518960498795,0.7321518960498795,0.0,0.7321518960498795,0.0,0.0
4,4,single_requirement,1.0,3,0.7228606788516394,0.7415518852891337,0.7415518852891337,0.0,0.7415518852891337,0.0,0.0
4,4,single_requirement,1.0,4,0.7415518852891337,0.7415518852891337,0.7415518852891337,0.0,0.7415518852891337,0.0,0.0
4,4,three_requirements,0.5,1,0.0,0.0,0.0,0.0,0.0,0.0,0.0
4,4,three_requirements,0.5,2,0.0,0.0,0.0,0.0,0.0,0.0,0.0
4,4,three_requirements,0.5,3,0.022028272337790304,0.022028272337790304,0.022028272337790304,0.0,0.022028272337790304,0.0,0.0
4,4,three_requirements,0.5,4,0.02202827233779029,0.022028272337790304,0.02202827233779029,0.0,0.02202827233779029,1.3877787807814457e-17,0.0
4,4,three_requirements,0.8,1,0.0,0.0,0.0,0.0,0.0,0.0,0.0
4,4,three_requirements,0.8,2,0.0,0.0,0.0,0.0,0.0,0.0,0.0
4,4,three_requirements,0.8,3,0.09022780349558923,0.09022780349558923,0.09022780349558923,0.0,0.09022780349558923,0.0,0.0
4,4,three_requirements,0.8,4,0.09022780349558904,0.09022780349558923,0.09022780349558904,0.0,0.09022780349558904,1.942890293094024e-16,0.0
4,4,three_requirements,1.0,1,0.0,0.0,0.0,0.0,0.0,0.0,0.0
4,4,three_requirements,1.0,2,0.0,0.0,0.0,0.0,0.0,0.0,0.0
4,4,three_requirements,1.0,3,0.17622617870232243,0.17622617870232243,0.17622617870232243,0.0,0.17622617870232243,0.0,0.0
4,4,three_requirements,1.0,4,0.17622617870232232,0.17622617870232243,0.17622617870232232,0.0,0.17622617870232232,1.1102230246251565e-16,0.0
4,4,two_requirements,0.5,1,0.0,0.0,0.0,0.0,0.0,0.0,0.0
4,4,two_requirements,0.5,2,0.0,0.11425086979047089,0.07028766961325353,0.0,0.11425086979047089,0.04396320017721736,0.04396320017721736
4,4,two_requirements,0.5,3,0.15451747158301676,0.15451747158301676,0.15451747158301676,0.0,0.15451747158301676,0.0,0.0
4,4,two_requirements,0.5,4,0.20868336403632062,0.20868336403632062,0.20868336403632062,0.0,0.20868336403632062,0.0,0.0
4,4,two_requirements,0.8,1,0.0,0.0,0.0,0.0,0.0,0.0,0.0
4,4,two_requirements,0.8,2,0.0,0.2924822266636056,0.1799364342099289,0.0,0.2924822266636056,0.11254579245367671,0.11254579245367671
4,4,two_requirements,0.8,3,0.3494523670799161,0.3494523670799161,0.3494523670799161,0.0,0.3494523670799161,0.0,0.0
4,4,two_requirements,0.8,4,0.41667172438238187,0.41667172438238187,0.41667172438238187,0.0,0.41667172438238187,0.0,0.0
4,4,two_requirements,1.0,1,0.0,0.0,0.0,0.0,0.0,0.0,0.0
4,4,two_requirements,1.0,2,0.0,0.45700347916188355,0.2811506784530141,0.0,0.45700347916188355,0.17585280070886944,0.17585280070886944
4,4,two_requirements,1.0,3,0.49798561504923644,0.49798561504923644,0.49798561504923644,0.0,0.49798561504923644,0.0,0.0
4,4,two_requirements,1.0,4,0.5441911448976364,0.5441911448976364,0.5441911448976364,0.0,0.5441911448976364,0.0,0.0
4,5,single_requirement,0.5,1,0.0,0.40467145710616037,0.40467145710616037,0.0,0.40467145710616037,0.0,0.0
4,5,single_requirement,0.5,2,0.0,0.5919390139247576,0.5919390139247576,0.0,0.5919390139247576,0.0,0.0
4,5,single_requirement,0.5,3,0.3505548937798594,0.5919390139247576,0.5919390139247576,0.0,0.5919390139247576,0.0,0.0
4,5,single_requirement,0.5,4,0.5919390139247576,0.5919390139247576,0.5919390139247576,0.0,0.5919390139247576,0.0,0.0
4,5,single_requirement,0.8,1,0.0,0.6474743313698569,0.6474743313698569,0.0,0.6474743313698569,0.0,0.0
4,5,single_requirement,0.8,2,0.0,0.7903465787968004,0.7903465787968004,0.0,0.7903465787968004,0.0,0.0
4,5,single_requirement,0.8,3,0.5608878300477753,0.7903465787968004,0.7903465787968001,0.0,0.7903465787968001,2.220446049250313e-16,0.0
4,5,single_requirement,0.8,4,0.7903465787968003,0.7903465787968004,0.7903465787968003,0.0,0.7903465787968003,1.1102230246251565e-16,0.0
4,5,single_requirement,1.0,1,0.0,0.8093429142123207,0.8093429142123207,0.0,0.8093429142123207,0.0,0.0
4,5,single_requirement,1.0,2,0.0,0.8573033539269905,0.8573033539269905,0.0,0.8573033539269905,0.0,0.0
4,5,single_requirement,1.0,3,0.7011097875597188,0.8573033539269905,0.85730335392699,0.0,0.85730335392699,5.551115123125783e-16,0.0
4,5,single_requirement,1.0,4,0.8573033539269903,0.8573033539269905,0.8573033539269903,0.0,0.8573033539269903,2.220446049250313e-16,0.0
4,5,three_requirements,0.5,1,0.0,0.0,0.0,0.0,0.0,0.0,0.0
4,5,three_requirements,0.5,2,0.0,0.0,0.0,0.0,0.0,0.0,0.0
4,5,three_requirements,0.5,3,0.0,0.04183901975994811,0.04183901975994811,0.0,0.04183901975994811,0.0,0.0
4,5,three_requirements,0.5,4,0.06566817152800926,0.06566817152800926,0.06566817152800926,0.0,0.06566817152800926,0.0,0.0
4,5,three_requirements,0.8,1,0.0,0.0,0.0,0.0,0.0,0.0,0.0
4,5,three_requirements,0.8,2,0.0,0.0,0.0,0.0,0.0,0.0,0.0
4,5,three_requirements,0.8,3,0.0,0.1713726249367475,0.1713726249367475,0.0,0.1713726249367475,0.0,0.0
4,5,three_requirements,0.8,4,0.23113050545352076,0.23113050545352076,0.23113050545352076,0.0,0.23113050545352076,0.0,0.0
4,5,three_requirements,1.0,1,0.0,0.0,0.0,0.0,0.0,0.0,0.0
4,5,three_requirements,1.0,2,0.0,0.0,0.0,0.0,0.0,0.0,0.0
4,5,three_requirements,1.0,3,0.0,0.3347121580795849,0.3347121580795849,0.0,0.3347121580795849,0.0,0.0
4,5,three_requirements,1.0,4,0.40214769929046346,0.40214769929046346,0.40214769929046346,0.0,0.40214769929046346,0.0,0.0
4,5,two_requirements,0.5,1,0.0,0.0,0.0,0.0,0.0,0.0,0.0
4,5,two_requirements,0.5,2,0.0,0.14494937927935062,0.14494937927935062,0.0,0.14494937927935062,0.0,0.0
4,5,two_requirements,0.5,3,0.07598217606413418,0.20886954817010617,0.20886954817010617,0.0,0.20886954817010617,0.0,0.0
4,5,two_requirements,0.5,4,0.24945947210431993,0.24945947210431993,0.24945947210431993,0.0,0.24945947210431993,0.0,0.0
4,5,two_requirements,0.8,1,0.0,0.0,0.0,0.0,0.0,0.0,0.0
4,5,two_requirements,0.8,2,0.0,0.3710704109551375,0.3710704109551375,0.0,0.3710704109551375,0.0,0.0
4,5,two_requirements,0.8,3,0.19451437072418373,0.4712558333204816,0.4712558333204816,0.0,0.4712558333204816,0.0,0.0
4,5,two_requirements,0.8,4,0.520803539320511,0.520803539320511,0.520803539320511,0.0,0.520803539320511,0.0,0.0
4,5,two_requirements,1.0,1,0.0,0.0,0.0,0.0,0.0,0.0,0.0
4,5,two_requirements,1.0,2,0.0,0.5797975171174025,0.5797975171174025,0.0,0.5797975171174025,0.0,0.0
4,5,two_requirements,1.0,3,0.3039287042565366,0.6702432708184706,0.6702432708184706,0.0,0.6702432708184706,0.0,0.0
4,5,two_requirements,1.0,4,0.6910339580356444,0.6910339580356444,0.6910339580356444,0.0,0.6910339580356444,0.0,0.0
4,6,single_requirement,0.5,1,0.0,0.37275351210122526,0.37275351210122526,0.0,0.37275351210122526,0.0,0.0
4,6,single_requirement,0.5,2,0.0,0.5227236711136767,0.5227236711136767,0.0,0.5227236711136767,0.0,0.0
4,6,single_requirement,0.5,3,0.2695286507686814,0.5227236711136768,0.5227236711136768,0.0,0.5227236711136768,0.0,0.0
4,6,single_requirement,0.5,4,0.5227236711136768,0.5227236711136768,0.5227236711136768,0.0,0.5227236711136768,0.0,0.0
4,6,single_requirement,0.8,1,0.0,0.5964056193619605,0.5964056193619605,0.0,0.5964056193619605,0.0,0.0
4,6,single_requirement,0.8,2,0.0,0.7215817216959021,0.7215817216959021,0.0,0.7215817216959021,0.0,0.0
4,6,single_requirement,0.8,3,0.43124584122989024,0.7215817216959022,0.721581721695902,0.0,0.721581721695902,2.220446049250313e-16,0.0
4,6,single_requirement,0.8,4,0.721581721695902,0.7215817216959022,0.721581721695902,0.0,0.721581721695902,2.220446049250313e-16,0.0
4,6,single_requirement,1.0,1,0.0,0.7455070242024505,0.7455070242024505,0.0,0.7455070242024505,0.0,0.0
4,6,single_requirement,1.0,2,0.0,0.8063303587148936,0.8063303587148936,0.0,0.8063303587148936,0.0,0.0
4,6,single_requirement,1.0,3,0.5390573015373629,0.8063303587148938,0.8063303587148938,0.0,0.8063303587148938,0.0,0.0
4,6,single_requirement,1.0,4,0.8063303587148933,0.8063303587148938,0.8063303587148933,0.0,0.8063303587148933,4.440892098500626e-16,0.0
4,6,three_requirements,0.5,1,0.0,0.0,0.0,0.0,0.0,0.0,0.0
4,6,three_requirements,0.5,2,0.0,0.0,0.0,0.0,0.0,0.0,0.0
4,6,three_requirements,0.5,3,0.0,0.02883679877011802,0.02883679877011802,0.0,0.02883679877011802,0.0,0.0
4,6,three_requirements,0.5,4,0.03782942987871454,0.03782942987871454,0.03782942987871454,0.0,0.03782942987871454,0.0,0.0
4,6,three_requirements,0.8,1,0.0,0.0,0.0,0.0,0.0,0.0,0.0
4,6,three_requirements,0.8,2,0.0,0.0,0.0,0.0,0.0,0.0,0.0
4,6,three_requirements,0.8,3,0.0,0.11811552776240333,0.11811552776240333,0.0,0.11811552776240333,0.0,0.0
4,6,three_requirements,0.8,4,0.13954349640096925,0.13954349640096925,0.13954349640096925,0.0,0.13954349640096925,0.0,0.0
4,6,three_requirements,1.0,1,0.0,0.0,0.0,0.0,0.0,0.0,0.0
4,6,three_requirements,1.0,2,0.0,0.0,0.0,0.0,0.0,0.0,0.0
4,6,three_requirements,1.0,3,0.0,0.23069439016094417,0.23069439016094417,0.0,0.23069439016094417,0.0,0.0
4,6,three_requirements,1.0,4,0.25248619299376107,0.25248619299376107,0.25248619299376107,0.0,0.25248619299376107,0.0,0.0
4,6,two_requirements,0.5,1,0.0,0.0,0.0,0.0,0.0,0.0,0.0
4,6,two_requirements,0.5,2,0.0,0.1169625821891931,0.10309492310021834,0.0,0.1169625821891931,0.013867659088974763,0.013867659088974763
4,6,two_requirements,0.5,3,0.10726904904497103,0.17689955908167915,0.17689955908167915,0.0,0.17689955908167915,0.0,0.0
4,6,two_requirements,0.5,4,0.23658581616978108,0.23658581616978108,0.23658581616978108,0.0,0.23658581616978108,0.0,0.0
4,6,two_requirements,0.8,1,0.0,0.0,0.0,0.0,0.0,0.0,0.0
4,6,two_requirements,0.8,2,0.0,0.2994242104043343,0.2639230031365589,0.0,0.2994242104043343,0.03550120726777539,0.03550120726777539
4,6,two_requirements,0.8,3,0.25142805690453346,0.3865722658740216,0.3865722658740216,0.0,0.3865722658740216,0.0,0.0
4,6,two_requirements,0.8,4,0.45955333878349564,0.45955333878349564,0.45955333878349564,0.0,0.45955333878349564,0.0,0.0
4,6,two_requirements,1.0,1,0.0,0.0,0.0,0.0,0.0,0.0,0.0
4,6,two_requirements,1.0,2,0.0,0.4678503287567724,0.41237969240087335,0.0,0.4678503287567724,0.05547063635589905,0.05547063635589905
4,6,two_requirements,1.0,3,0.3687097674022997,0.5349664514957875,0.5349664514957875,0.0,0.5349664514957875,0.0,0.0
4,6,two_requirements,1.0,4,0.5765689999758039,0.5765689999758039,0.5765689999758039,0.0,0.5765689999758039,0.0,0.0
4,7,single_requirement,0.5,1,0.22538230103688883,0.3158539176426044,0.3158539176426044,0.0,0.3158539176426044,0.0,0.0
4,7,single_requirement,0.5,2,0.3903645432092814,0.45467824359619,0.45467824359619,0.0,0.45467824359619,0.0,0.0
4,7,single_requirement,0.5,3,0.45321971282936113,0.5249605319352985,0.5249605319352985,0.0,0.5249605319352985,0.0,0.0
4,7,single_requirement,0.5,4,0.5586301669948575,0.5586301669948575,0.5586301669948575,0.0,0.5586301669948575,0.0,0.0
4,7,single_requirement,0.8,1,0.36061168165902213,0.5053662682281672,0.5053662682281672,0.0,0.5053662682281672,0.0,0.0
4,7,single_requirement,0.8,2,0.5341725094764596,0.6119628305254584,0.6119628305254584,0.0,0.6119628305254584,0.0,0.0
4,7,single_requirement,0.8,3,0.5688158112387989,0.6426871499174356,0.6426871499174356,0.0,0.6426871499174356,0.0,0.0
4,7,single_requirement,0.8,4,0.6515929783871455,0.6515929783871455,0.6515929783871455,0.0,0.6515929783871455,0.0,0.0
4,7,single_requirement,1.0,1,0.45076460207377766,0.6317078352852088,0.6317078352852088,0.0,0.6317078352852088,0.0,0.0
4,7,single_requirement,1.0,2,0.5923733371302486,0.6686849054664518,0.6686849054664518,0.0,0.6686849054664518,0.0,0.0
4,7,single_requirement,1.0,3,0.6044979733467228,0.6739678688305473,0.6739678688305473,0.0,0.6739678688305473,0.0,0.0
4,7,single_requirement,1.0,4,0.6748328428277149,0.6748328428277149,0.6748328428277149,0.0,0.6748328428277149,0.0,0.0
4,7,three_requirements,0.5,1,0.0,0.0,0.0,0.0,0.0,0.0,0.0
4,7,three_requirements,0.5,2,0.0,0.0,0.0,0.0,0.0,0.0,0.0
4,7,three_requirements,0.5,3,0.0,0.0,0.0,0.0,0.0,0.0,0.0
4,7,three_requirements,0.5,4,0.0,0.0,0.0,0.0,0.0,0.0,0.0
4,7,three_requirements,0.8,1,0.0,0.0,0.0,0.0,0.0,0.0,0.0
4,7,three_requirements,0.8,2,0.0,0.0,0.0,0.0,0.0,0.0,0.0
4,7,three_requirements,0.8,3,0.0,0.0,0.0,0.0,0.0,0.0,0.0
4,7,three_requirements,0.8,4,0.0,0.0,0.0,0.0,0.0,0.0,0.0
4,7,three_requirements,1.0,1,0.0,0.0,0.0,0.0,0.0,0.0,0.0
4,7,three_requirements,1.0,2,0.0,0.0,0.0,0.0,0.0,0.0,0.0
4,7,three_requirements,1.0,3,0.0,0.0,0.0,0.0,0.0,0.0,0.0
4,7,three_requirements,1.0,4,0.0,0.0,0.0,0.0,0.0,0.0,0.0
4,7,two_requirements,0.5,1,0.0,0.0,0.0,0.0,0.0,0.0,0.0
4,7,two_requirements,0.5,2,0.0,0.1222667519988731,0.1222667519988731,0.0,0.1222667519988731,0.0,0.0
4,7,two_requirements,0.5,3,0.05810659770333895,0.1943516941058956,0.1943516941058956,0.0,0.1943516941058956,0.0,0.0
4,7,two_requirements,0.5,4,0.23087406181323372,0.23087406181323372,0.23087406181323372,0.0,0.23087406181323372,0.0,0.0
4,7,two_requirements,0.8,1,0.0,0.0,0.0,0.0,0.0,0.0,0.0
4,7,two_requirements,0.8,2,0.0,0.31300288511711516,0.31300288511711516,0.0,0.31300288511711516,0.0,0.0
4,7,two_requirements,0.8,3,0.14875289012054776,0.41468682411379887,0.41468682411379887,0.0,0.41468682411379887,0.0,0.0
4,7,two_requirements,0.8,4,0.45535212926220103,0.45535212926220103,0.45535212926220103,0.0,0.45535212926220103,0.0,0.0
4,7,two_requirements,1.0,1,0.0,0.0,0.0,0.0,0.0,0.0,0.0
4,7,two_requirements,1.0,2,0.0,0.4890670079954924,0.4890670079954924,0.0,0.4890670079954924,0.0,0.0
4,7,two_requirements,1.0,3,0.2324263908133558,0.5623934791245517,0.5623934791245517,0.0,0.5623934791245517,0.0,0.0
4,7,two_requirements,1.0,4,0.5881737157152334,0.5881737157152334,0.5881737157152334,0.0,0.5881737157152334,0.0,0.0
4,8,single_requirement,0.5,1,0.23739473391248173,0.3557783633671778,0.3557783633671778,0.0,0.3557783633671778,0.0,0.0
4,8,single_requirement,0.5,2,0.4042320713613032,0.5119397036756559,0.5119397036756559,0.0,0.5119397036756559,0.0,0.0
4,8,single_requirement,0.5,3,0.5920525091925746,0.5920525091925746,0.5920525091925746,0.0,0.5920525091925746,0.0,0.0
4,8,single_requirement,0.5,4,0.5920525091925746,0.5920525091925746,0.5920525091925746,0.0,0.5920525091925746,0.0,0.0
4,8,single_requirement,0.8,1,0.3798315742599708,0.5692453813874846,0.5692453813874846,0.0,0.5692453813874846,0.0,0.0
4,8,single_requirement,0.8,2,0.5504517203606161,0.7125349748088505,0.7125349748088505,0.0,0.7125349748088505,0.0,0.0
4,8,single_requirement,0.8,3,0.7537578876799302,0.7537578876799302,0.7537578876799302,0.0,0.7537578876799302,0.0,0.0
4,8,single_requirement,0.8,4,0.7537578876799302,0.7537578876799302,0.7537578876799302,0.0,0.7537578876799302,0.0,0.0
4,8,single_requirement,1.0,1,0.47478946782496345,0.7115567267343555,0.7115567267343555,0.0,0.7115567267343555,0.0,0.0
4,8,single_requirement,1.0,2,0.607798322269546,0.8018615926175642,0.8018615926175642,0.0,0.8018615926175642,0.0,0.0
4,8,single_requirement,1.0,3,0.8142761471304581,0.8142761471304581,0.8142761471304581,0.0,0.8142761471304581,0.0,0.0
4,8,single_requirement,1.0,4,0.8142761471304581,0.8142761471304581,0.8142761471304581,0.0,0.8142761471304581,0.0,0.0
4,8,three_requirements,0.5,1,0.0,0.0,0.0,0.0,0.0,0.0,0.0
4,8,three_requirements,0.5,2,0.0,0.0,0.0,0.0,0.0,0.0,0.0
4,8,three_requirements,0.5,3,0.0,0.03927706609700357,0.0,0.0,0.03927706609700357,0.03927706609700357,0.03927706609700357
4,8,three_requirements,0.5,4,0.05296946751691976,0.05296946751691976,0.05296946751691976,0.0,0.05296946751691976,0.0,0.0
4,8,three_requirements,0.8,1,0.0,0.0,0.0,0.0,0.0,0.0,0.0
4,8,three_requirements,0.8,2,0.0,0.0,0.0,0.0,0.0,0.0,0.0
4,8,three_requirements,0.8,3,0.0,0.16087886273332663,0.0,0.0,0.16087886273332663,0.16087886273332663,0.16087886273332663
4,8,three_requirements,0.8,4,0.19337701963070664,0.19337701963070664,0.19337701963070664,0.0,0.19337701963070664,0.0,0.0
4,8,three_requirements,1.0,1,0.0,0.0,0.0,0.0,0.0,0.0,0.0
4,8,three_requirements,1.0,2,0.0,0.0,0.0,0.0,0.0,0.0,0.0
4,8,three_requirements,1.0,3,0.0,0.31421652877602857,0.0,0.0,0.31421652877602857,0.31421652877602857,0.31421652877602857
4,8,three_requirements,1.0,4,0.34697865902013436,0.34697865902013436,0.34697865902013436,0.0,0.34697865902013436,0.0,0.0
4,8,two_requirements,0.5,1,0.0,0.0,0.0,0.0,0.0,0.0,0.0
4,8,two_requirements,0.5,2,0.0,0.1025572203985092,0.1025572203985092,0.0,0.1025572203985092,0.0,0.0
4,8,two_requirements,0.5,3,0.09171027003146989,0.15479941145057016,0.15479941145057016,0.0,0.15479941145057016,0.0,0.0
4,8,two_requirements,0.5,4,0.20199629274200956,0.20199629274200956,0.20199629274200956,0.0,0.20199629274200956,0.0,0.0
4,8,two_requirements,0.8,1,0.0,0.0,0.0,0.0,0.0,0.0,0.0
4,8,two_requirements,0.8,2,0.0,0.26254648422018356,0.26254648422018356,0.0,0.26254648422018356,0.0,0.0
4,8,two_requirements,0.8,3,0.23477829128056305,0.33566352400108745,0.33566352400108745,0.0,0.33566352400108745,0.0,0.0
4,8,two_requirements,0.8,4,0.4056755148782512,0.4056755148782512,0.4056755148782512,0.0,0.4056755148782512,0.0,0.0
4,8,two_requirements,1.0,1,0.0,0.0,0.0,0.0,0.0,0.0,0.0
4,8,two_requirements,1.0,2,0.0,0.4102288815940368,0.4102288815940368,0.0,0.4102288815940368,0.0,0.0
4,8,two_requirements,1.0,3,0.36684108012587957,0.4666934243928122,0.4666934243928122,0.0,0.4666934243928122,0.0,0.0
4,8,two_requirements,1.0,4,0.51778987268342,0.51778987268342,0.51778987268342,0.0,0.51778987268342,0.0,0.0
4,9,single_requirement,0.5,1,0.0,0.38299907249743426,0.38299907249743426,0.0,0.38299907249743426,0.0,0.0
4,9,single_requirement,0.5,2,0.2523571491109749,0.526390729483541,0.526390729483541,0.0,0.526390729483541,0.0,0.0
4,9,single_requirement,0.5,3,0.526390729483541,0.526390729483541,0.526390729483541,0.0,0.526390729483541,0.0,0.0
4,9,single_requirement,0.5,4,0.5263907294835412,0.5263907294835412,0.5263907294835412,0.0,0.5263907294835412,0.0,0.0
4,9,single_requirement,0.8,1,0.0,0.6127985159958949,0.6127985159958949,0.0,0.6127985159958949,0.0,0.0
4,9,single_requirement,0.8,2,0.40377143857755987,0.7376182947337924,0.7376182947337924,0.0,0.7376182947337924,0.0,0.0
4,9,single_requirement,0.8,3,0.7376182947337924,0.7376182947337924,0.7376182947337924,0.0,0.7376182947337924,0.0,0.0
4,9,single_requirement,0.8,4,0.7376182947337925,0.7376182947337925,0.7376182947337925,0.0,0.7376182947337925,0.0,0.0
4,9,single_requirement,1.0,1,0.0,0.7659981449948685,0.7659981449948685,0.0,0.7659981449948685,0.0,0.0
4,9,single_requirement,1.0,2,0.5047142982219497,0.834850474717346,0.834850474717346,0.0,0.834850474717346,0.0,0.0
4,9,single_requirement,1.0,3,0.834850474717346,0.834850474717346,0.834850474717346,0.0,0.834850474717346,0.0,0.0
4,9,single_requirement,1.0,4,0.8348504747173459,0.834850474717346,0.8348504747173459,0.0,0.8348504747173459,1.1102230246251565e-16,0.0
4,9,three_requirements,0.5,1,0.0,0.0,0.0,0.0,0.0,0.0,0.0
4,9,three_requirements,0.5,2,0.0,0.0,0.0,0.0,0.0,0.0,0.0
4,9,three_requirements,0.5,3,0.0,0.0417723597553272,0.0,0.0,0.0417723597553272,0.0417723597553272,0.0417723597553272
4,9,three_requirements,0.5,4,0.058124415623508535,0.058124415623508535,0.058124415623508535,0.0,0.058124415623508535,0.0,0.0
4,9,three_requirements,0.8,1,0.0,0.0,0.0,0.0,0.0,0.0,0.0
4,9,three_requirements,0.8,2,0.0,0.0,0.0,0.0,0.0,0.0,0.0
4,9,three_requirements,0.8,3,0.0,0.17109958555782023,0.0,0.0,0.17109958555782023,0.17109958555782023,0.17109958555782023
4,9,three_requirements,0.8,4,0.21044113214437454,0.21044113214437454,0.21044113214437454,0.0,0.21044113214437454,0.0,0.0
4,9,three_requirements,1.0,1,0.0,0.0,0.0,0.0,0.0,0.0,0.0
4,9,three_requirements,1.0,2,0.0,0.0,0.0,0.0,0.0,0.0,0.0
4,9,three_requirements,1.0,3,0.0,0.3341788780426176,0.0,0.0,0.3341788780426176,0.3341788780426176,0.3341788780426176
4,9,three_requirements,1.0,4,0.37503284370708995,0.37503284370708995,0.37503284370708995,0.0,0.37503284370708995,0.0,0.0
4,9,two_requirements,0.5,1,0.0,0.0,0.0,0.0,0.0,0.0,0.0
4,9,two_requirements,0.5,2,0.06417732550417407,0.07924506080095542,0.07924506080095542,0.0,0.07924506080095542,0.0,0.0
4,9,two_requirements,0.5,3,0.15426128167970468,0.15426128167970468,0.15426128167970468,0.0,0.15426128167970468,0.0,0.0
4,9,two_requirements,0.5,4,0.15426128167970465,0.15426128167970468,0.15426128167970465,0.0,0.15426128167970465,2.7755575615628914e-17,0.0
4,9,two_requirements,0.8,1,0.0,0.0,0.0,0.0,0.0,0.0,0.0
4,9,two_requirements,0.8,2,0.16429395329068575,0.20286735565044595,0.20286735565044595,0.0,0.20286735565044595,0.0,0.0
4,9,two_requirements,0.8,3,0.3116237869987756,0.3116237869987756,0.3116237869987756,0.0,0.3116237869987756,0.0,0.0
4,9,two_requirements,0.8,4,0.31162378699877563,0.31162378699877563,0.31162378699877563,0.0,0.31162378699877563,0.0,0.0
4,9,two_requirements,1.0,1,0.0,0.0,0.0,0.0,0.0,0.0,0.0
4,9,two_requirements,1.0,2,0.2567093020166963,0.3169802432038217,0.3169802432038217,0.0,0.3169802432038217,0.0,0.0
4,9,two_requirements,1.0,3,0.40015686083009905,0.40015686083009905,0.40015686083009905,0.0,0.40015686083009905,0.0,0.0
4,9,two_requirements,1.0,4,0.40015686083009894,0.40015686083009905,0.40015686083009894,0.0,0.40015686083009894,1.1102230246251565e-16,0.0
5,0,single_requirement,0.5,1,0.24378522513901266,0.24378522513901266,0.24378522513901266,0.0,0.24378522513901266,0.0,0.0
5,0,single_requirement,0.5,2,0.24378522513901266,0.24378522513901268,0.24378522513901266,0.0,0.24378522513901266,2.7755575615628914e-17,0.0
5,0,single_requirement,0.5,3,0.24378522513901266,0.24378522513901268,0.24378522513901266,0.0,0.24378522513901266,2.7755575615628914e-17,0.0
5,0,single_requirement,0.5,4,0.24378522513901268,0.24378522513901268,0.24378522513901268,0.0,0.24378522513901268,0.0,0.0
5,0,single_requirement,0.8,1,0.3900563602224205,0.3900563602224205,0.3900563602224205,0.0,0.3900563602224205,0.0,0.0
5,0,single_requirement,0.8,2,0.3900563602224204,0.3900563602224205,0.3900563602224204,0.0,0.3900563602224204,1.1102230246251565e-16,0.0
5,0,single_requirement,0.8,3,0.3900563602224203,0.3900563602224205,0.3900563602224203,0.0,0.3900563602224203,2.220446049250313e-16,0.0
5,0,single_requirement,0.8,4,0.3900563602224202,0.3900563602224205,0.3900563602224202,0.0,0.3900563602224202,3.3306690738754696e-16,0.0
5,0,single_requirement,1.0,1,0.4875704502780253,0.4875704502780253,0.4875704502780253,0.0,0.4875704502780253,0.0,0.0
5,0,single_requirement,1.0,2,0.4875704502780253,0.48757045027802537,0.4875704502780253,0.0,0.4875704502780253,5.551115123125783e-17,0.0
5,0,single_requirement,1.0,3,0.4875704502780255,0.4875704502780256,0.4875704502780255,0.0,0.4875704502780255,1.1102230246251565e-16,0.0
5,0,single_requirement,1.0,4,0.4875704502780252,0.4875704502780256,0.4875704502780252,0.0,0.4875704502780252,3.885780586188048e-16,0.0
5,0,three_requirements,0.5,1,0.0,0.0,0.0,0.0,0.0,0.0,0.0
5,0,three_requirements,0.5,2,0.0,0.0,0.0,0.0,0.0,0.0,0.0
5,0,three_requirements,0.5,3,0.0,0.028638266968272305,0.0,0.0,0.0,0.028638266968272305,0.0
5,0,three_requirements,0.5,4,0.02863826696827232,0.02863826696827232,0.02863826696827232,0.0,0.02863826696827232,0.0,0.0
5,0,three_requirements,0.8,1,0.0,0.0,0.0,0.0,0.0,0.0,0.0
5,0,three_requirements,0.8,2,0.0,0.0,0.0,0.0,0.0,0.0,0.0
5,0,three_requirements,0.8,3,0.0,0.11730234150204363,0.0,0.0,0.0,0.11730234150204363,0.0
5,0,three_requirements,0.8,4,0.11730234150204347,0.11730234150204363,0.11730234150204347,0.0,0.11730234150204347,1.6653345369377348e-16,0.0
5,0,three_requirements,1.0,1,0.0,0.0,0.0,0.0,0.0,0.0,0.0
5,0,three_requirements,1.0,2,0.0,0.0,0.0,0.0,0.0,0.0,0.0
5,0,three_requirements,1.0,3,0.0,0.22910613574617844,0.0,0.0,0.0,0.22910613574617844,0.0
5,0,three_requirements,1.0,4,0.22910613574617866,0.22910613574617866,0.22910613574617866,0.0,0.22910613574617866,0.0,0.0
5,0,two_requirements,0.5,1,0.0,0.0,0.0,0.0,0.0,0.0,0.0
5,0,two_requirements,0.5,2,0.0,0.13667894295329303,0.09286379708960948,0.0,0.13667894295329303,0.04381514586368354,0.04381514586368354
5,0,two_requirements,0.5,3,0.0,0.18929948504959943,0.18929948504959943,0.0,0.18929948504959943,0.0,0.0
5,0,two_requirements,0.5,4,0.2095516514079266,0.2095516514079266,0.2095516514079266,0.0,0.2095516514079266,0.0,0.0
5,0,two_requirements,0.8,1,0.0,0.0,0.0,0.0,0.0,0.0,0.0
5,0,two_requirements,0.8,2,0.0,0.34989809396043037,0.23773132054940016,0.0,0.34989809396043037,0.11216677341103021,0.11216677341103021
5,0,two_requirements,0.8,3,0.0,0.4227930420572608,0.4227930420572608,0.0,0.4227930420572608,0.0,0.0
5,0,two_requirements,0.8,4,0.4395020015678198,0.4395020015678198,0.4395020015678198,0.0,0.4395020015678198,0.0,0.0
5,0,two_requirements,1.0,1,0.0,0.0,0.0,0.0,0.0,0.0,0.0
5,0,two_requirements,1.0,2,0.0,0.5467157718131721,0.37145518835843794,0.0,0.5467157718131721,0.17526058345473416,0.17526058345473416
5,0,two_requirements,1.0,3,0.0,0.5962249202251851,0.5962249202251851,0.0,0.5962249202251851,0.0,0.0
5,0,two_requirements,1.0,4,0.6024359230552702,0.6024359230552702,0.6024359230552702,0.0,0.6024359230552702,0.0,0.0
5,1,single_requirement,0.5,1,0.15829852209244427,0.35167635658458,0.35167635658458,0.0,0.35167635658458,0.0,0.0
5,1,single_requirement,0.5,2,0.15829852209244433,0.5270603323520942,0.5270603323520942,0.0,0.5270603323520942,0.0,0.0
5,1,single_requirement,0.5,3,0.40681103377240924,0.5772743265767935,0.5772743265767935,0.0,0.5772743265767935,0.0,0.0
5,1,single_requirement,0.5,4,0.5772743265767935,0.5772743265767935,0.5772743265767935,0.0,0.5772743265767935,0.0,0.0
5,1,single_requirement,0.8,1,0.25327763534791115,0.5626821705353281,0.5626821705353281,0.0,0.5626821705353281,0.0,0.0
5,1,single_requirement,0.8,2,0.25327763534791103,0.7080533250786246,0.7080533250786246,0.0,0.7080533250786246,0.0,0.0
5,1,single_requirement,0.8,3,0.5858578418270817,0.7309895109508557,0.7309895109508557,0.0,0.7309895109508557,0.0,0.0
5,1,single_requirement,0.8,4,0.7309895109508556,0.7309895109508557,0.7309895109508556,0.0,0.7309895109508556,1.1102230246251565e-16,0.0
5,1,single_requirement,1.0,1,0.31659704418488854,0.70335271316916,0.70335271316916,0.0,0.70335271316916,0.0,0.0
5,1,single_requirement,1.0,2,0.31659704418488877,0.7723639841110091,0.7723639841110091,0.0,0.7723639841110091,0.0,0.0
5,1,single_requirement,1.0,3,0.678122458776541,0.7773389112669683,0.7773389112669683,0.0,0.7773389112669683,0.0,0.0
5,1,single_requirement,1.0,4,0.7773389112669684,0.7773389112669684,0.7773389112669684,0.0,0.7773389112669684,0.0,0.0
5,1,three_requirements,0.5,1,0.0,0.0,0.0,0.0,0.0,0.0,0.0
5,1,three_requirements,0.5,2,0.0,0.0,0.0,0.0,0.0,0.0,0.0
5,1,three_requirements,0.5,3,0.0,0.03442146226296488,0.0,0.0,0.016188705404721393,0.03442146226296488,0.016188705404721393
5,1,three_requirements,0.5,4,0.04374068553463481,0.04374068553463481,0.04374068553463481,0.0,0.04374068553463481,0.0,0.0
5,1,three_requirements,0.8,1,0.0,0.0,0.0,0.0,0.0,0.0,0.0
5,1,three_requirements,0.8,2,0.0,0.0,0.0,0.0,0.0,0.0,0.0
5,1,three_requirements,0.8,3,0.0,0.14099030942910395,0.0,0.0,0.06630893733773877,0.14099030942910395,0.06630893733773877
5,1,three_requirements,0.8,4,0.1622794086596768,0.1622794086596768,0.1622794086596768,0.0,0.1622794086596768,0.0,0.0
5,1,three_requirements,1.0,1,0.0,0.0,0.0,0.0,0.0,0.0,0.0
5,1,three_requirements,1.0,2,0.0,0.0,0.0,0.0,0.0,0.0,0.0
5,1,three_requirements,1.0,3,0.0,0.27537169810371903,0.0,0.0,0.12950964323777114,0.27537169810371903,0.12950964323777114
5,1,three_requirements,1.0,4,0.29496962721266673,0.29496962721266673,0.29496962721266673,0.0,0.29496962721266673,0.0,0.0
5,1,two_requirements,0.5,1,0.0,0.0,0.0,0.0,0.0,0.0,0.0
5,1,two_requirements,0.5,2,0.0,0.10978954840223498,0.0,0.0,0.10978954840223498,0.10978954840223498,0.10978954840223498
5,1,two_requirements,0.5,3,0.09580611592436332,0.16291904458366557,0.10978954840223495,0.0,0.16291904458366557,0.05312949618143062,0.05312949618143062
5,1,two_requirements,0.5,4,0.16291904458366552,0.16291904458366557,0.16291904458366552,0.0,0.16291904458366552,5.551115123125783e-17,0.0
5,1,two_requirements,0.8,1,0.0,0.0,0.0,0.0,0.0,0.0,0.0
5,1,two_requirements,0.8,2,0.0,0.2810612439097215,0.0,0.0,0.2810612439097215,0.2810612439097215,0.2810612439097215
5,1,two_requirements,0.8,3,0.24526365676637013,0.351521466209039,0.2810612439097214,0.0,0.351521466209039,0.07046022229931759,0.07046022229931759
5,1,two_requirements,0.8,4,0.351521466209039,0.351521466209039,0.351521466209039,0.0,0.351521466209039,0.0,0.0
5,1,two_requirements,1.0,1,0.0,0.0,0.0,0.0,0.0,0.0,0.0
5,1,two_requirements,1.0,2,0.0,0.43915819360893993,0.0,0.0,0.43915819360893993,0.43915819360893993,0.43915819360893993
5,1,two_requirements,1.0,3,0.38322446369745333,0.4809696993629312,0.43915819360893976,0.0,0.4809696993629312,0.04181150575399145,0.04181150575399145
5,1,two_requirements,1.0,4,0.4809696993629311,0.4809696993629312,0.4809696993629311,0.0,0.4809696993629311,1.1102230246251565e-16,0.0
5,2,single_requirement,0.5,1,0.0,0.34441037559045423,0.34441037559045423,0.0,0.34441037559045423,0.0,0.0
5,2,single_requirement,0.5,2,0.34441037559045423,0.5299293525013294,0.5299293525013294,0.0,0.5299293525013294,0.0,0.0
5,2,single_requirement,0.5,3,0.34441037559045423,0.5299293525013294,0.5299293525013294,0.0,0.5299293525013294,0.0,0.0
5,2,single_requirement,0.5,4,0.5299293525013293,0.5299293525013294,0.5299293525013293,0.0,0.5299293525013293,1.1102230246251565e-16,0.0
5,2,single_requirement,0.8,1,0.0,0.551056600944727,0.551056600944727,0.0,0.551056600944727,0.0,0.0
5,2,single_requirement,0.8,2,0.5510566009447269,0.7210134809637383,0.7210134809637383,0.0,0.7210134809637383,0.0,0.0
5,2,single_requirement,0.8,3,0.551056600944727,0.7210134809637383,0.7210134809637381,0.0,0.7210134809637381,2.220446049250313e-16,0.0
5,2,single_requirement,0.8,4,0.7210134809637382,0.7210134809637383,0.7210134809637382,0.0,0.7210134809637382,1.1102230246251565e-16,0.0
5,2,single_requirement,1.0,1,0.0,0.6888207511809085,0.6888207511809085,0.0,0.6888207511809085,0.0,0.0
5,2,single_requirement,1.0,2,0.6888207511809085,0.795538948672682,0.795538948672682,0.0,0.795538948672682,0.0,0.0
5,2,single_requirement,1.0,3,0.6888207511809087,0.795538948672682,0.795538948672682,0.0,0.795538948672682,0.0,0.0
5,2,single_requirement,1.0,4,0.795538948672682,0.795538948672682,0.795538948672682,0.0,0.795538948672682,0.0,0.0
5,2,three_requirements,0.5,1,0.0,0.0,0.0,0.0,0.0,0.0,0.0
5,2,three_requirements,0.5,2,0.0,0.0,0.0,0.0,0.0,0.0,0.0
5,2,three_requirements,0.5,3,0.027723428024406194,0.05155593050756313,0.05155593050756313,0.0,0.05155593050756313,0.0,0.0
5,2,three_requirements,0.5,4,0.09604447249013794,0.09604447249013794,0.09604447249013794,0.0,0.09604447249013794,0.0,0.0
5,2,three_requirements,0.8,1,0.0,0.0,0.0,0.0,0.0,0.0,0.0
5,2,three_requirements,0.8,2,0.0,0.0,0.0,0.0,0.0,0.0,0.0
5,2,three_requirements,0.8,3,0.11355516118796782,0.2111730913589786,0.2111730913589786,0.0,0.2111730913589786,0.0,0.0
5,2,three_requirements,0.8,4,0.31086458006074846,0.31086458006074846,0.31086458006074846,0.0,0.31086458006074846,0.0,0.0
5,2,three_requirements,1.0,1,0.0,0.0,0.0,0.0,0.0,0.0,0.0
5,2,three_requirements,1.0,2,0.0,0.0,0.0,0.0,0.0,0.0,0.0
5,2,three_requirements,1.0,3,0.22178742419524955,0.41244744406050504,0.41244744406050504,0.0,0.41244744406050504,0.0,0.0
5,2,three_requirements,1.0,4,0.4996917849378463,0.4996917849378463,0.4996917849378463,0.0,0.4996917849378463,0.0,0.0
5,2,two_requirements,0.5,1,0.0,0.0,0.0,0.0,0.0,0.0,0.0
5,2,two_requirements,0.5,2,0.10287103421407562,0.14987476686368761,0.1070959524798856,0.0,0.14987476686368761,0.042778814383802016,0.042778814383802016
5,2,two_requirements,0.5,3,0.16590775321924067,0.20815260578494327,0.20815260578494327,0.0,0.20815260578494327,0.0,0.0
5,2,two_requirements,0.5,4,0.26696440652429837,0.26696440652429837,0.26696440652429837,0.0,0.26696440652429837,0.0,0.0
5,2,two_requirements,0.8,1,0.0,0.0,0.0,0.0,0.0,0.0,0.0
5,2,two_requirements,0.8,2,0.2633498475880337,0.38367940317104055,0.27416563834850716,0.0,0.38367940317104055,0.10951376482253339,0.10951376482253339
5,2,two_requirements,0.8,3,0.35704886562408544,0.4578860483833991,0.4578860483833991,0.0,0.4578860483833991,0.0,0.0
5,2,two_requirements,0.8,4,0.5407692756589775,0.5407692756589775,0.5407692756589775,0.0,0.5407692756589775,0.0,0.0
5,2,two_requirements,1.0,1,0.0,0.0,0.0,0.0,0.0,0.0,0.0
5,2,two_requirements,1.0,2,0.4114841368563025,0.5994990674547505,0.4283838099195424,0.0,0.5994990674547505,0.17111525753520807,0.17111525753520807
5,2,two_requirements,1.0,3,0.4873940789780805,0.6373379689052532,0.6373379689052532,0.0,0.6373379689052532,0.0,0.0
5,2,two_requirements,1.0,4,0.6963482379637914,0.6963482379637914,0.6963482379637914,0.0,0.6963482379637914,0.0,0.0
5,3,single_requirement,0.5,1,0.32317423040368387,0.32317423040368387,0.32317423040368387,0.0,0.32317423040368387,0.0,0.0
5,3,single_requirement,0.5,2,0.5006686911183343,0.5034140551769205,0.5034140551769205,0.0,0.5034140551769205,0.0,0.0
5,3,single_requirement,0.5,3,0.6096894258214289,0.6096894258214289,0.6096894258214289,0.0,0.6096894258214289,0.0,0.0
5,3,single_requirement,0.5,4,0.6096894258214289,0.6096894258214289,0.6096894258214289,0.0,0.6096894258214289,0.0,0.0
5,3,single_requirement,0.8,1,0.5170787686458942,0.5170787686458942,0.5170787686458942,0.0,0.5170787686458942,0.0,0.0
5,3,single_requirement,0.8,2,0.6868598242398642,0.6894858825741906,0.6894858825741906,0.0,0.6894858825741906,0.0,0.0
5,3,single_requirement,0.8,3,0.7502683610464562,0.7502683610464562,0.7502683610464562,0.0,0.7502683610464562,0.0,0.0
5,3,single_requirement,0.8,4,0.7502683610464563,0.7502683610464563,0.7502683610464563,0.0,0.7502683610464563,0.0,0.0
5,3,single_requirement,1.0,1,0.6463484608073677,0.6463484608073677,0.6463484608073677,0.0,0.6463484608073677,0.0,0.0
5,3,single_requirement,1.0,2,0.7633997123419382,0.7652101817936704,0.7652101817936704,0.0,0.7652101817936704,0.0,0.0
5,3,single_requirement,1.0,3,0.7883285455941805,0.7883285455941805,0.7883285455941805,0.0,0.7883285455941805,0.0,0.0
5,3,single_requirement,1.0,4,0.7883285455941803,0.7883285455941805,0.7883285455941803,0.0,0.7883285455941803,2.220446049250313e-16,0.0
5,3,three_requirements,0.5,1,0.0,0.0,0.0,0.0,0.0,0.0,0.0
5,3,three_requirements,0.5,2,0.0,0.0,0.0,0.0,0.0,0.0,0.0
5,3,three_requirements,0.5,3,0.0,0.0417698825044933,0.027358438901337594,0.0,0.0417698825044933,0.014411443603155709,0.014411443603155709
5,3,three_requirements,0.5,4,0.07773391924341956,0.07773391924341956,0.07773391924341956,0.0,0.07773391924341956,0.0,0.0
5,3,three_requirements,0.8,1,0.0,0.0,0.0,0.0,0.0,0.0,0.0
5,3,three_requirements,0.8,2,0.0,0.0,0.0,0.0,0.0,0.0,0.0
5,3,three_requirements,0.8,3,0.0,0.17108943873840446,0.11206016573987869,0.0,0.17108943873840446,0.05902927299852577,0.05902927299852577
5,3,three_requirements,0.8,4,0.2538737079770583,0.2538737079770583,0.2538737079770583,0.0,0.2538737079770583,0.0,0.0
5,3,three_requirements,1.0,1,0.0,0.0,0.0,0.0,0.0,0.0,0.0
5,3,three_requirements,1.0,2,0.0,0.0,0.0,0.0,0.0,0.0,0.0
5,3,three_requirements,1.0,3,0.0,0.3341590600359464,0.21886751121070075,0.0,0.3341590600359464,0.11529154882524567,0.11529154882524567
5,3,three_requirements,1.0,4,0.4118309071895825,0.4118309071895825,0.4118309071895825,0.0,0.4118309071895825,0.0,0.0
5,3,two_requirements,0.5,1,0.0,0.0,0.0,0.0,0.0,0.0,0.0
5,3,two_requirements,0.5,2,0.09969571309953486,0.11942962154725358,0.11942962154725358,0.0,0.11942962154725358,0.0,0.0
5,3,two_requirements,0.5,3,0.16033623426048876,0.23495628778027033,0.23495628778027033,0.0,0.23495628778027033,0.0,0.0
5,3,two_requirements,0.5,4,0.26841332378034244,0.26841332378034244,0.26841332378034244,0.0,0.26841332378034244,0.0,0.0
5,3,two_requirements,0.8,1,0.0,0.0,0.0,0.0,0.0,0.0,0.0
5,3,two_requirements,0.8,2,0.2552210255348092,0.30573983116096903,0.30573983116096903,0.0,0.30573983116096903,0.0,0.0
5,3,two_requirements,0.8,3,0.34802943569496175,0.4702503087294877,0.4702503087294877,0.0,0.4702503087294877,0.0,0.0
5,3,two_requirements,0.8,4,0.4964931685389817,0.4964931685389817,0.4964931685389817,0.0,0.4964931685389817,0.0,0.0
5,3,two_requirements,1.0,1,0.0,0.0,0.0,0.0,0.0,0.0,0.0
5,3,two_requirements,1.0,2,0.39878285239813943,0.4777184861890143,0.4777184861890143,0.0,0.4777184861890143,0.0,0.0
5,3,two_requirements,1.0,3,0.4787633640943266,0.5980600782356539,0.5980600782356539,0.0,0.5980600782356539,0.0,0.0
5,3,two_requirements,1.0,4,0.6063344432421598,0.6063344432421598,0.6063344432421598,0.0,0.6063344432421598,0.0,0.0
5,4,single_requirement,0.5,1,0.23617318894869183,0.2531605717978059,0.2531605717978059,0.0,0.2531605717978059,0.0,0.0
5,4,single_requirement,0.5,2,0.39134186400717474,0.39134186400717474,0.39134186400717474,0.0,0.39134186400717474,0.0,0.0
5,4,single_requirement,0.5,3,0.39134186400717474,0.4646006189363231,0.4646006189363231,0.0,0.4646006189363231,0.0,0.0
5,4,single_requirement,0.5,4,0.4646006189363231,0.4646006189363231,0.4646006189363231,0.0,0.4646006189363231,0.0,0.0
5,4,single_requirement,0.8,1,0.377877102317907,0.40505691487648954,0.40505691487648954,0.0,0.40505691487648954,0.0,0.0
5,4,single_requirement,0.8,2,0.5320747615417295,0.5320747615417295,0.5320747615417295,0.0,0.5320747615417295,0.0,0.0
5,4,single_requirement,0.8,3,0.5320747615417294,0.5714464895723848,0.5714464895723848,0.0,0.5714464895723848,0.0,0.0
5,4,single_requirement,0.8,4,0.5714464895723849,0.5714464895723849,0.5714464895723849,0.0,0.5714464895723849,0.0,0.0
5,4,single_requirement,1.0,1,0.47234637789738365,0.5063211435956118,0.5063211435956118,0.0,0.5063211435956118,0.0,0.0
5,4,single_requirement,1.0,2,0.5866999345357033,0.5866999345357033,0.5866999345357033,0.0,0.5866999345357033,0.0,0.0
5,4,single_requirement,1.0,3,0.5866999345357032,0.5993709777527394,0.5993709777527394,0.0,0.5993709777527394,0.0,0.0
5,4,single_requirement,1.0,4,0.5993709777527395,0.5993709777527395,0.5993709777527395,0.0,0.5993709777527395,0.0,0.0
5,4,three_requirements,0.5,1,0.0,0.0,0.0,0.0,0.0,0.0,0.0
5,4,three_requirements,0.5,2,0.0,0.0,0.0,0.0,0.0,0.0,0.0
5,4,three_requirements,0.5,3,0.0,0.00942529076167143,0.0,0.0,0.00942529076167143,0.00942529076167143,0.00942529076167143
5,4,three_requirements,0.5,4,0.009425290761671437,0.009425290761671437,0.009425290761671437,0.0,0.009425290761671437,0.0,0.0
5,4,three_requirements,0.8,1,0.0,0.0,0.0,0.0,0.0,0.0,0.0
5,4,three_requirements,0.8,2,0.0,0.0,0.0,0.0,0.0,0.0,0.0
5,4,three_requirements,0.8,3,0.0,0.03860599095980627,0.0,0.0,0.03860599095980627,0.03860599095980627,0.03860599095980627
5,4,three_requirements,0.8,4,0.03860599095980627,0.03860599095980627,0.03860599095980627,0.0,0.03860599095980627,0.0,0.0
5,4,three_requirements,1.0,1,0.0,0.0,0.0,0.0,0.0,0.0,0.0
5,4,three_requirements,1.0,2,0.0,0.0,0.0,0.0,0.0,0.0,0.0
5,4,three_requirements,1.0,3,0.0,0.07540232609337144,0.0,0.0,0.07540232609337144,0.07540232609337144,0.07540232609337144
5,4,three_requirements,1.0,4,0.07540232609337161,0.07540232609337161,0.07540232609337161,0.0,0.07540232609337161,0.0,0.0
5,4,two_requirements,0.5,1,0.0,0.0,0.0,0.0,0.0,0.0,0.0
5,4,two_requirements,0.5,2,0.056731660538055284,0.10008284166246117,0.10008284166246117,0.0,0.10008284166246117,0.0,0.0
5,4,two_requirements,0.5,3,0.05673166053805527,0.18276145817860157,0.18276145817860157,0.0,0.18276145817860157,0.0,0.0
5,4,two_requirements,0.5,4,0.1827614581786015,0.18276145817860157,0.1827614581786015,0.0,0.1827614581786015,5.551115123125783e-17,0.0
5,4,two_requirements,0.8,1,0.0,0.0,0.0,0.0,0.0,0.0,0.0
5,4,two_requirements,0.8,2,0.14523305097742145,0.2562120746559006,0.2562120746559006,0.0,0.2562120746559006,0.0,0.0
5,4,two_requirements,0.8,3,0.1452330509774213,0.37991977910770625,0.37991977910770625,0.0,0.37991977910770625,0.0,0.0
5,4,two_requirements,0.8,4,0.37991977910770647,0.37991977910770647,0.37991977910770647,0.0,0.37991977910770647,0.0,0.0
5,4,two_requirements,1.0,1,0.0,0.0,0.0,0.0,0.0,0.0,0.0
5,4,two_requirements,1.0,2,0.22692664215222114,0.4003313666498447,0.4003313666498447,0.0,0.4003313666498447,0.0,0.0
5,4,two_requirements,1.0,3,0.22692664215222097,0.5020105362833809,0.5020105362833809,0.0,0.5020105362833809,0.0,0.0
5,4,two_requirements,1.0,4,0.502010536283381,0.502010536283381,0.502010536283381,0.0,0.502010536283381,0.0,0.0
5,5,single_requirement,0.5,1,0.26324533741357364,0.33617687032334664,0.33617687032334664,0.0,0.33617687032334664,0.0,0.0
5,5,single_requirement,0.5,2,0.26324533741357364,0.5050578932360384,0.5050578932360384,0.0,0.5050578932360384,0.0,0.0
5,5,single_requirement,0.5,3,0.4579501247904545,0.5872335120834731,0.5872335120834731,0.0,0.5872335120834731,0.0,0.0
5,5,single_requirement,0.5,4,0.5872335120834733,0.5872335120834733,0.5872335120834733,0.0,0.5872335120834733,0.0,0.0
5,5,single_requirement,0.8,1,0.42119253986171756,0.5378829925173547,0.5378829925173547,0.0,0.5378829925173547,0.0,0.0
5,5,single_requirement,0.8,2,0.42119253986171773,0.6744862545721461,0.6744862545721461,0.0,0.6744862545721461,0.0,0.0
5,5,single_requirement,0.8,3,0.6239046389448333,0.710797720229771,0.710797720229771,0.0,0.710797720229771,0.0,0.0
5,5,single_requirement,0.8,4,0.7107977202297713,0.7107977202297713,0.7107977202297713,0.0,0.7107977202297713,0.0,0.0
5,5,single_requirement,1.0,1,0.5264906748271473,0.6723537406466933,0.6723537406466933,0.0,0.6723537406466933,0.0,0.0
5,5,single_requirement,1.0,2,0.5264906748271473,0.7317691727105862,0.7317691727105862,0.0,0.7317691727105862,0.0,0.0
5,5,single_requirement,1.0,3,0.6892011647477961,0.7388179663076127,0.7388179663076127,0.0,0.7388179663076127,0.0,0.0
5,5,single_requirement,1.0,4,0.7388179663076125,0.7388179663076127,0.7388179663076125,0.0,0.7388179663076125,1.1102230246251565e-16,0.0
5,5,three_requirements,0.5,1,0.0,0.0,0.0,0.0,0.0,0.0,0.0
5,5,three_requirements,0.5,2,0.0,0.0,0.0,0.0,0.0,0.0,0.0
5,5,three_requirements,0.5,3,0.0,0.0,0.0,0.0,0.0,0.0,0.0
5,5,three_requirements,0.5,4,0.0,0.0,0.0,0.0,0.0,0.0,0.0
5,5,three_requirements,0.8,1,0.0,0.0,0.0,0.0,0.0,0.0,0.0
5,5,three_requirements,0.8,2,0.0,0.0,0.0,0.0,0.0,0.0,0.0
5,5,three_requirements,0.8,3,0.0,0.0,0.0,0.0,0.0,0.0,0.0
5,5,three_requirements,0.8,4,0.0,0.0,0.0,0.0,0.0,0.0,0.0
5,5,three_requirements,1.0,1,0.0,0.0,0.0,0.0,0.0,0.0,0.0
5,5,three_requirements,1.0,2,0.0,0.0,0.0,0.0,0.0,0.0,0.0
5,5,three_requirements,1.0,3,0.0,0.0,0.0,0.0,0.0,0.0,0.0
5,5,three_requirements,1.0,4,0.0,0.0,0.0,0.0,0.0,0.0,0.0
5,5,two_requirements,0.5,1,0.0,0.0,0.0,0.0,0.0,0.0,0.0
5,5,two_requirements,0.5,2,0.05135547609884189,0.07906748998272464,0.07906748998272464,0.0,0.07906748998272464,0.0,0.0
5,5,two_requirements,0.5,3,0.10712963283192031,0.1484615475370757,0.1484615475370757,0.0,0.1484615475370757,0.0,0.0
5,5,two_requirements,0.5,4,0.18289063888806564,0.18289063888806564,0.18289063888806564,0.0,0.18289063888806564,0.0,0.0
5,5,two_requirements,0.8,1,0.0,0.0,0.0,0.0,0.0,0.0,0.0
5,5,two_requirements,0.8,2,0.13147001881303516,0.20241277435577515,0.20241277435577515,0.0,0.20241277435577515,0.0,0.0
5,5,two_requirements,0.8,3,0.240286434594431,0.30462364270871417,0.30462364270871417,0.0,0.30462364270871417,0.0,0.0
5,5,two_requirements,0.8,4,0.344613496398102,0.344613496398102,0.344613496398102,0.0,0.344613496398102,0.0,0.0
5,5,two_requirements,1.0,1,0.0,0.0,0.0,0.0,0.0,0.0,0.0
5,5,two_requirements,1.0,2,0.20542190439536756,0.31626995993089857,0.31626995993089857,0.0,0.31626995993089857,0.0,0.0
5,5,two_requirements,1.0,3,0.34006690253787564,0.39739327612174136,0.39739327612174136,0.0,0.39739327612174136,0.0,0.0
5,5,two_requirements,1.0,4,0.4218338244921345,0.4218338244921345,0.4218338244921345,0.0,0.4218338244921345,0.0,0.0
5,6,single_requirement,0.5,1,0.21773344244011095,0.2958968159458088,0.2958968159458088,0.0,0.2958968159458088,0.0,0.0
5,6,single_requirement,0.5,2,0.4205576074889982,0.4205576074889982,0.4205576074889982,0.0,0.4205576074889982,0.0,0.0
5,6,single_requirement,0.5,3,0.4205576074889982,0.4205576074889982,0.4205576074889982,0.0,0.4205576074889982,0.0,0.0
5,6,single_requirement,0.5,4,0.42055760748899806,0.4205576074889982,0.42055760748899806,0.0,0.42055760748899806,1.1102230246251565e-16,0.0
5,6,single_requirement,0.8,1,0.3483735079041774,0.47343490551329415,0.47343490551329415,0.0,0.47343490551329415,0.0,0.0
5,6,single_requirement,0.8,2,0.5835424271213523,0.5835424271213523,0.5835424271213523,0.0,0.5835424271213523,0.0,0.0
5,6,single_requirement,0.8,3,0.5835424271213523,0.5835424271213525,0.5835424271213523,0.0,0.5835424271213523,2.220446049250313e-16,0.0
5,6,single_requirement,0.8,4,0.5835424271213525,0.5835424271213525,0.5835424271213525,0.0,0.5835424271213525,0.0,0.0
5,6,single_requirement,1.0,1,0.4354668848802219,0.5917936318916176,0.5917936318916176,0.0,0.5917936318916176,0.0,0.0
5,6,single_requirement,1.0,2,0.6549699131841531,0.6549699131841531,0.6549699131841531,0.0,0.6549699131841531,0.0,0.0
5,6,single_requirement,1.0,3,0.6549699131841531,0.6549699131841531,0.6549699131841531,0.0,0.6549699131841531,0.0,0.0
5,6,single_requirement,1.0,4,0.6549699131841529,0.6549699131841531,0.6549699131841529,0.0,0.6549699131841529,2.220446049250313e-16,0.0
5,6,three_requirements,0.5,1,0.0,0.0,0.0,0.0,0.0,0.0,0.0
5,6,three_requirements,0.5,2,0.0,0.0,0.0,0.0,0.0,0.0,0.0
5,6,three_requirements,0.5,3,0.035825998671587755,0.06433591863155655,0.035825998671587755,0.0,0.035825998671587755,0.028509919959968794,0.0
5,6,three_requirements,0.5,4,0.08350352711754697,0.08350352711754697,0.08350352711754697,0.0,0.08350352711754697,0.0,0.0
5,6,three_requirements,0.8,1,0.0,0.0,0.0,0.0,0.0,0.0,0.0
5,6,three_requirements,0.8,2,0.0,0.0,0.0,0.0,0.0,0.0,0.0
5,6,three_requirements,0.8,3,0.14674329055882346,0.2635199227148558,0.14674329055882346,0.0,0.14674329055882346,0.11677663215603235,0.0
5,6,three_requirements,0.8,4,0.3010907873533487,0.3010907873533487,0.3010907873533487,0.0,0.3010907873533487,0.0,0.0
5,6,three_requirements,1.0,1,0.0,0.0,0.0,0.0,0.0,0.0,0.0
5,6,three_requirements,1.0,2,0.0,0.0,0.0,0.0,0.0,0.0,0.0
5,6,three_requirements,1.0,3,0.28660798937270204,0.5146873490524524,0.28660798937270204,0.0,0.28660798937270204,0.22807935967975035,0.0
5,6,three_requirements,1.0,4,0.5347610954555971,0.5347610954555971,0.5347610954555971,0.0,0.5347610954555971,0.0,0.0
5,6,two_requirements,0.5,1,0.0,0.0,0.0,0.0,0.0,0.0,0.0
5,6,two_requirements,0.5,2,0.0,0.15759891885327437,0.10346146578439391,0.0,0.15759891885327437,0.05413745306888046,0.05413745306888046
5,6,two_requirements,0.5,3,0.12931135326560755,0.22678301655030353,0.21683459746267641,0.0,0.22678301655030353,0.009948419087627114,0.009948419087627114
5,6,two_requirements,0.5,4,0.2860186951597055,0.2860186951597055,0.2860186951597055,0.0,0.2860186951597055,0.0,0.0
5,6,two_requirements,0.8,1,0.0,0.0,0.0,0.0,0.0,0.0,0.0
5,6,two_requirements,0.8,2,0.0,0.40345323226438273,0.2648613524080484,0.0,0.40345323226438273,0.1385918798563343,0.1385918798563343
5,6,two_requirements,0.8,3,0.3310370643599554,0.48820905781544094,0.48716576040366416,0.0,0.48820905781544094,0.001043297411776778,0.001043297411776778
5,6,two_requirements,0.8,4,0.5719215859547225,0.5719215859547225,0.5719215859547225,0.0,0.5719215859547225,0.0,0.0
5,6,two_requirements,1.0,1,0.0,0.0,0.0,0.0,0.0,0.0,0.0
5,6,two_requirements,1.0,2,0.0,0.6303956754130975,0.41384586313757565,0.0,0.6303956754130975,0.21654981227552184,0.21654981227552184
5,6,two_requirements,1.0,3,0.5172454130624302,0.690435241150738,0.690435241150738,0.0,0.690435241150738,0.0,0.0
5,6,two_requirements,1.0,4,0.726662609664541,0.726662609664541,0.726662609664541,0.0,0.726662609664541,0.0,0.0
5,7,single_requirement,0.5,1,0.0,0.41736223602350575,0.41736223602350575,0.0,0.41736223602350575,0.0,0.0
5,7,single_requirement,0.5,2,0.0,0.41736223602350575,0.4173622360235057,0.0,0.4173622360235057,5.551115123125783e-17,0.0
5,7,single_requirement,0.5,3,0.0,0.41736223602350575,0.41736223602350564,0.0,0.41736223602350564,1.1102230246251565e-16,0.0
5,7,single_requirement,0.5,4,0.4173622360235057,0.41736223602350575,0.4173622360235057,0.0,0.4173622360235057,5.551115123125783e-17,0.0
5,7,single_requirement,0.8,1,0.0,0.6677795776376092,0.6677795776376092,0.0,0.6677795776376092,0.0,0.0
5,7,single_requirement,0.8,2,0.0,0.6677795776376093,0.6677795776376093,0.0,0.6677795776376093,0.0,0.0
5,7,single_requirement,0.8,3,0.0,0.6677795776376093,0.6677795776376093,0.0,0.6677795776376093,0.0,0.0
5,7,single_requirement,0.8,4,0.6677795776376092,0.6677795776376093,0.6677795776376092,0.0,0.6677795776376092,1.1102230246251565e-16,0.0
5,7,single_requirement,1.0,1,0.0,0.8347244720470115,0.8347244720470115,0.0,0.8347244720470115,0.0,0.0
5,7,single_requirement,1.0,2,0.0,0.8347244720470115,0.8347244720470113,0.0,0.8347244720470113,2.220446049250313e-16,0.0
5,7,single_requirement,1.0,3,0.0,0.8347244720470116,0.8347244720470112,0.0,0.8347244720470112,4.440892098500626e-16,0.0
5,7,single_requirement,1.0,4,0.8347244720470114,0.8347244720470116,0.8347244720470114,0.0,0.8347244720470114,2.220446049250313e-16,0.0
5,7,three_requirements,0.5,1,0.0,0.0,0.0,0.0,0.0,0.0,0.0
5,7,three_requirements,0.5,2,0.0,0.0,0.0,0.0,0.0,0.0,0.0
5,7,three_requirements,0.5,3,0.04671600055351539,0.04926940499765296,0.04671600055351539,0.0,0.04926940499765296,0.002553404444137576,0.002553404444137576
5,7,three_requirements,0.5,4,0.09390908617795067,0.09390908617795067,0.09390908617795067,0.0,0.09390908617795067,0.0,0.0
5,7,three_requirements,0.8,1,0.0,0.0,0.0,0.0,0.0,0.0,0.0
5,7,three_requirements,0.8,2,0.0,0.0,0.0,0.0,0.0,0.0,0.0
5,7,three_requirements,0.8,3,0.191348738267199,0.20180748287038647,0.191348738267199,0.0,0.20180748287038647,0.010458744603187464,0.010458744603187464
5,7,three_requirements,0.8,4,0.2954826667291637,0.2954826667291637,0.2954826667291637,0.0,0.2954826667291637,0.0,0.0
5,7,three_requirements,1.0,1,0.0,0.0,0.0,0.0,0.0,0.0,0.0
5,7,three_requirements,1.0,2,0.0,0.0,0.0,0.0,0.0,0.0,0.0
5,7,three_requirements,1.0,3,0.3737280044281231,0.3941552399812237,0.3737280044281231,0.0,0.3941552399812237,0.02042723555310061,0.02042723555310061
5,7,three_requirements,1.0,4,0.46100917947659226,0.46100917947659226,0.46100917947659226,0.0,0.46100917947659226,0.0,0.0
5,7,two_requirements,0.5,1,0.0,0.0,0.0,0.0,0.0,0.0,0.0
5,7,two_requirements,0.5,2,0.0598162298567842,0.12746097623006827,0.08587241493051445,0.0,0.12746097623006827,0.04158856129955382,0.04158856129955382
5,7,two_requirements,0.5,3,0.20969043660885486,0.20969043660885486,0.20969043660885486,0.0,0.20969043660885486,0.0,0.0
5,7,two_requirements,0.5,4,0.2096904366088549,0.2096904366088549,0.2096904366088549,0.0,0.2096904366088549,0.0,0.0
5,7,two_requirements,0.8,1,0.0,0.0,0.0,0.0,0.0,0.0,0.0
5,7,two_requirements,0.8,2,0.1531295484333676,0.3263000991489749,0.21983338222211696,0.0,0.3263000991489749,0.10646671692685794,0.10646671692685794
5,7,two_requirements,0.8,3,0.439334210467194,0.439334210467194,0.439334210467194,0.0,0.439334210467194,0.0,0.0
5,7,two_requirements,0.8,4,0.439334210467194,0.439334210467194,0.439334210467194,0.0,0.439334210467194,0.0,0.0
5,7,two_requirements,1.0,1,0.0,0.0,0.0,0.0,0.0,0.0,0.0
5,7,two_requirements,1.0,2,0.2392649194271368,0.5098439049202731,0.3434896597220578,0.0,0.5098439049202731,0.1663542451982153,0.1663542451982153
5,7,two_requirements,1.0,3,0.5849250088013713,0.5849250088013713,0.5849250088013713,0.0,0.5849250088013713,0.0,0.0
5,7,two_requirements,1.0,4,0.5849250088013712,0.5849250088013713,0.5849250088013712,0.0,0.5849250088013712,1.1102230246251565e-16,0.0
5,8,single_requirement,0.5,1,0.28319249451586087,0.3203223161314402,0.3203223161314402,0.0,0.3203223161314402,0.0,0.0
5,8,single_requirement,0.5,2,0.28319249451586087,0.4800813593072687,0.4800813593072687,0.0,0.4800813593072687,0.0,0.0
5,8,single_requirement,0.5,3,0.4800813593072688,0.564363990635435,0.564363990635435,0.0,0.564363990635435,0.0,0.0
5,8,single_requirement,0.5,4,0.564363990635435,0.564363990635435,0.564363990635435,0.0,0.564363990635435,0.0,0.0
5,8,single_requirement,0.8,1,0.4531079912253774,0.5125157058103043,0.5125157058103043,0.0,0.5125157058103043,0.0,0.0
5,8,single_requirement,0.8,2,0.45310799122537737,0.649634061605199,0.649634061605199,0.0,0.649634061605199,0.0,0.0
5,8,single_requirement,0.8,3,0.649634061605199,0.6945495224696161,0.6945495224696161,0.0,0.6945495224696161,0.0,0.0
5,8,single_requirement,0.8,4,0.6945495224696161,0.6945495224696161,0.6945495224696161,0.0,0.6945495224696161,0.0,0.0
5,8,single_requirement,1.0,1,0.5663849890317217,0.6406446322628804,0.6406446322628804,0.0,0.6406446322628804,0.0,0.0
5,8,single_requirement,1.0,2,0.5663849890317217,0.7132958159344727,0.7132958159344727,0.0,0.7132958159344727,0.0,0.0
5,8,single_requirement,1.0,3,0.7132958159344729,0.7273302669051078,0.7273302669051078,0.0,0.7273302669051078,0.0,0.0
5,8,single_requirement,1.0,4,0.7273302669051082,0.7273302669051082,0.7273302669051082,0.0,0.7273302669051082,0.0,0.0
5,8,three_requirements,0.5,1,0.0,0.0,0.0,0.0,0.0,0.0,0.0
5,8,three_requirements,0.5,2,0.0,0.0,0.0,0.0,0.0,0.0,0.0
5,8,three_requirements,0.5,3,0.014086405337456795,0.030495515713831134,0.030495515713831134,0.0,0.030495515713831134,0.0,0.0
5,8,three_requirements,0.5,4,0.038252963213152705,0.038252963213152705,0.038252963213152705,0.0,0.038252963213152705,0.0,0.0
5,8,three_requirements,0.8,1,0.0,0.0,0.0,0.0,0.0,0.0,0.0
5,8,three_requirements,0.8,2,0.0,0.0,0.0,0.0,0.0,0.0,0.0
5,8,three_requirements,0.8,3,0.05769791626222304,0.1249096323638523,0.1249096323638523,0.0,0.1249096323638523,0.0,0.0
5,8,three_requirements,0.8,4,0.14113009053807246,0.14113009053807246,0.14113009053807246,0.0,0.14113009053807246,0.0,0.0
5,8,three_requirements,1.0,1,0.0,0.0,0.0,0.0,0.0,0.0,0.0
5,8,three_requirements,1.0,2,0.0,0.0,0.0,0.0,0.0,0.0,0.0
5,8,three_requirements,1.0,3,0.11269124269965436,0.24396412571064907,0.24396412571064907,0.0,0.24396412571064907,0.0,0.0
5,8,three_requirements,1.0,4,0.2553920430001399,0.2553920430001399,0.2553920430001399,0.0,0.2553920430001399,0.0,0.0
5,8,two_requirements,0.5,1,0.0,0.0,0.0,0.0,0.0,0.0,0.0
5,8,two_requirements,0.5,2,0.07974763862249165,0.09725934127374218,0.07974763862249165,0.0,0.09725934127374218,0.01751170265125053,0.01751170265125053
5,8,two_requirements,0.5,3,0.12496156552636781,0.1776459799439194,0.14117672864040018,0.0,0.1776459799439194,0.03646925130351922,0.03646925130351922
5,8,two_requirements,0.5,4,0.2059533778658738,0.2059533778658738,0.2059533778658738,0.0,0.2059533778658738,0.0,0.0
5,8,two_requirements,0.8,1,0.0,0.0,0.0,0.0,0.0,0.0,0.0
5,8,two_requirements,0.8,2,0.2041539548735786,0.24898391366077996,0.2041539548735786,0.0,0.24898391366077996,0.04482995878720136,0.04482995878720136
5,8,two_requirements,0.8,3,0.27636293746097407,0.3610171181825651,0.3063771593904639,0.0,0.3610171181825651,0.054639958792101206,0.054639958792101206
5,8,two_requirements,0.8,4,0.38577060954588377,0.38577060954588377,0.38577060954588377,0.0,0.38577060954588377,0.0,0.0
5,8,two_requirements,1.0,1,0.0,0.0,0.0,0.0,0.0,0.0,0.0
5,8,two_requirements,1.0,2,0.3189905544899666,0.3890373650949687,0.3189905544899666,0.0,0.3890373650949687,0.07004681060500212,0.07004681060500212
5,8,two_requirements,1.0,3,0.386464308234306,0.4664261320833114,0.42138590953826605,0.0,0.4664261320833114,0.04504022254504536,0.04504022254504536
5,8,two_requirements,1.0,4,0.4757787531536824,0.4757787531536824,0.4757787531536824,0.0,0.4757787531536824,0.0,0.0
5,9,single_requirement,0.5,1,0.18615760416915678,0.31903025751166686,0.31903025751166686,0.0,0.31903025751166686,0.0,0.0
5,9,single_requirement,0.5,2,0.18615760416915683,0.4843900906801939,0.4843900906801939,0.0,0.4843900906801939,0.0,0.0
5,9,single_requirement,0.5,3,0.40586009406188017,0.5396065969802364,0.5396065969802364,0.0,0.5396065969802364,0.0,0.0
5,9,single_requirement,0.5,4,0.5396065969802366,0.5396065969802366,0.5396065969802366,0.0,0.5396065969802366,0.0,0.0
5,9,single_requirement,0.8,1,0.2978521666706509,0.510448412018667,0.510448412018667,0.0,0.510448412018667,0.0,0.0
5,9,single_requirement,0.8,2,0.297852166670651,0.6416782423078187,0.6416782423078187,0.0,0.6416782423078187,0.0,0.0
5,9,single_requirement,0.8,3,0.5681991981737453,0.6636156035088929,0.6636156035088929,0.0,0.6636156035088929,0.0,0.0
5,9,single_requirement,0.8,4,0.6636156035088929,0.6636156035088929,0.6636156035088929,0.0,0.6636156035088929,0.0,0.0
5,9,single_requirement,1.0,1,0.37231520833831355,0.6380605150233337,0.6380605150233337,0.0,0.6380605150233337,0.0,0.0
5,9,single_requirement,1.0,2,0.37231520833831366,0.6909762172343634,0.6909762172343634,0.0,0.6909762172343634,0.0,0.0
5,9,single_requirement,1.0,3,0.6426015374461289,0.6939395473132925,0.6939395473132925,0.0,0.6939395473132925,0.0,0.0
5,9,single_requirement,1.0,4,0.6939395473132928,0.6939395473132928,0.6939395473132928,0.0,0.6939395473132928,0.0,0.0
5,9,three_requirements,0.5,1,0.0,0.0,0.0,0.0,0.0,0.0,0.0
5,9,three_requirements,0.5,2,0.0,0.0,0.0,0.0,0.0,0.0,0.0
5,9,three_requirements,0.5,3,0.0,0.02074494180975573,0.02074494180975573,0.0,0.02074494180975573,0.0,0.0
5,9,three_requirements,0.5,4,0.020744941809755738,0.020744941809755738,0.020744941809755738,0.0,0.020744941809755738,0.0,0.0
5,9,three_requirements,0.8,1,0.0,0.0,0.0,0.0,0.0,0.0,0.0
5,9,three_requirements,0.8,2,0.0,0.0,0.0,0.0,0.0,0.0,0.0
5,9,three_requirements,0.8,3,0.0,0.08497128165275944,0.08497128165275944,0.0,0.08497128165275944,0.0,0.0
5,9,three_requirements,0.8,4,0.0849712816527595,0.0849712816527595,0.0849712816527595,0.0,0.0849712816527595,0.0,0.0
5,9,three_requirements,1.0,1,0.0,0.0,0.0,0.0,0.0,0.0,0.0
5,9,three_requirements,1.0,2,0.0,0.0,0.0,0.0,0.0,0.0,0.0
5,9,three_requirements,1.0,3,0.0,0.16595953447804584,0.16595953447804584,0.0,0.16595953447804584,0.0,0.0
5,9,three_requirements,1.0,4,0.1659595344780459,0.1659595344780459,0.1659595344780459,0.0,0.1659595344780459,0.0,0.0
5,9,two_requirements,0.5,1,0.0,0.0,0.0,0.0,0.0,0.0,0.0
5,9,two_requirements,0.5,2,0.0,0.1039149450134413,0.0969952095359814,0.0,0.1039149450134413,0.006919735477459901,0.006919735477459901
5,9,two_requirements,0.5,3,0.10391494501344134,0.16821207284162332,0.16074539517316144,0.0,0.16821207284162332,0.007466677668461874,0.007466677668461874
5,9,two_requirements,0.5,4,0.2237601905135203,0.2237601905135203,0.2237601905135203,0.0,0.2237601905135203,0.0,0.0
5,9,two_requirements,0.8,1,0.0,0.0,0.0,0.0,0.0,0.0,0.0
5,9,two_requirements,0.8,2,0.0,0.26602225923441,0.24830773641211246,0.0,0.26602225923441,0.017714522822297518,0.017714522822297518
5,9,two_requirements,0.8,3,0.2660222592344099,0.37025233335703434,0.3502975353203931,0.0,0.37025233335703434,0.01995479803664124,0.01995479803664124
5,9,two_requirements,0.8,4,0.4448694906453239,0.4448694906453239,0.4448694906453239,0.0,0.4448694906453239,0.0,0.0
5,9,two_requirements,1.0,1,0.0,0.0,0.0,0.0,0.0,0.0,0.0
5,9,two_requirements,1.0,2,0.0,0.4156597800537652,0.3879808381439256,0.0,0.4156597800537652,0.027678941909839605,0.027678941909839605
5,9,two_requirements,1.0,3,0.41565978005376536,0.5156332572062812,0.4835787777684261,0.0,0.5156332572062812,0.032054479437855055,0.032054479437855055
5,9,two_requirements,1.0,4,0.5592662313732959,0.5592662313732959,0.5592662313732959,0.0,0.5592662313732959,0.0,0.0
6,0,single_requirement,0.5,1,0.11050513637637818,0.37213474198166785,0.37213474198166785,0.0,0.37213474198166785,0.0,0.0
6,0,single_requirement,0.5,2,0.11050513637637818,0.5276438105262686,0.5276438105262686,0.0,0.5276438105262686,0.0,0.0
6,0,single_requirement,0.5,3,0.34279512561990166,0.5619570343053589,0.5619570343053589,0.0,0.5619570343053589,0.0,0.0
6,0,single_requirement,0.5,4,0.5619570343053589,0.5619570343053589,0.5619570343053589,0.0,0.5619570343053589,0.0,0.0
6,0,single_requirement,0.8,1,0.17680821820220516,0.5954155871706686,0.5954155871706686,0.0,0.5954155871706686,0.0,0.0
6,0,single_requirement,0.8,2,0.1768082182022051,0.7239222234820414,0.7239222234820414,0.0,0.7239222234820414,0.0,0.0
6,0,single_requirement,0.8,3,0.5018740115028199,0.7389503633253222,0.7389503633253222,0.0,0.7389503633253222,0.0,0.0
6,0,single_requirement,0.8,4,0.7389503633253222,0.7389503633253222,0.7389503633253222,0.0,0.7389503633253222,0.0,0.0
6,0,single_requirement,1.0,1,0.22101027275275636,0.7442694839633357,0.7442694839633357,0.0,0.7442694839633357,0.0,0.0
6,0,single_requirement,1.0,2,0.22101027275275648,0.8046462182192282,0.8046462182192282,0.0,0.8046462182192282,0.0,0.0
6,0,single_requirement,1.0,3,0.5885106898043391,0.80753263717172,0.80753263717172,0.0,0.80753263717172,0.0,0.0
6,0,single_requirement,1.0,4,0.8075326371717203,0.8075326371717203,0.8075326371717203,0.0,0.8075326371717203,0.0,0.0
6,0,three_requirements,0.5,1,0.0,0.0,0.0,0.0,0.0,0.0,0.0
6,0,three_requirements,0.5,2,0.0,0.0,0.0,0.0,0.0,0.0,0.0
6,0,three_requirements,0.5,3,0.0,0.03569075259499413,0.0,0.0,0.0,0.03569075259499413,0.0
6,0,three_requirements,0.5,4,0.035690752594994136,0.035690752594994136,0.035690752594994136,0.0,0.035690752594994136,0.0,0.0
6,0,three_requirements,0.8,1,0.0,0.0,0.0,0.0,0.0,0.0,0.0
6,0,three_requirements,0.8,2,0.0,0.0,0.0,0.0,0.0,0.0,0.0
6,0,three_requirements,0.8,3,0.0,0.14618932262909592,0.0,0.0,0.0,0.14618932262909592,0.0
6,0,three_requirements,0.8,4,0.14618932262909598,0.14618932262909598,0.14618932262909598,0.0,0.14618932262909598,0.0,0.0
6,0,three_requirements,1.0,1,0.0,0.0,0.0,0.0,0.0,0.0,0.0
6,0,three_requirements,1.0,2,0.0,0.0,0.0,0.0,0.0,0.0,0.0
6,0,three_requirements,1.0,3,0.0,0.28552602075995304,0.0,0.0,0.0,0.28552602075995304,0.0
6,0,three_requirements,1.0,4,0.28552602075995326,0.28552602075995326,0.28552602075995326,0.0,0.28552602075995326,0.0,0.0
6,0,two_requirements,0.5,1,0.0,0.0,0.0,0.0,0.0,0.0,0.0
6,0,two_requirements,0.5,2,0.0,0.12584435191447257,0.06366678886868238,0.0,0.12584435191447257,0.062177563045790196,0.062177563045790196
6,0,two_requirements,0.5,3,0.1615661332034756,0.1615661332034756,0.1615661332034756,0.0,0.1615661332034756,0.0,0.0
6,0,two_requirements,0.5,4,0.19375252288730854,0.19375252288730854,0.19375252288730854,0.0,0.19375252288730854,0.0,0.0
6,0,two_requirements,0.8,1,0.0,0.0,0.0,0.0,0.0,0.0,0.0
6,0,two_requirements,0.8,2,0.0,0.32216154090104976,0.16298697950382682,0.0,0.32216154090104976,0.15917456139722294,0.15917456139722294
6,0,two_requirements,0.8,3,0.37068576935851016,0.37068576935851016,0.37068576935851016,0.0,0.37068576935851016,0.0,0.0
6,0,two_requirements,0.8,4,0.41435606173193223,0.41435606173193223,0.41435606173193223,0.0,0.41435606173193223,0.0,0.0
6,0,two_requirements,1.0,1,0.0,0.0,0.0,0.0,0.0,0.0,0.0
6,0,two_requirements,1.0,2,0.0,0.5033774076578903,0.2546671554747295,0.0,0.5033774076578903,0.24871025218316078,0.24871025218316078
6,0,two_requirements,1.0,3,0.5344845024951852,0.5344845024951852,0.5344845024951852,0.0,0.5344845024951852,0.0,0.0
6,0,two_requirements,1.0,4,0.5623788497274179,0.5623788497274179,0.5623788497274179,0.0,0.5623788497274179,0.0,0.0
6,1,single_requirement,0.5,1,0.0,0.34123379316066565,0.34123379316066565,0.0,0.34123379316066565,0.0,0.0
6,1,single_requirement,0.5,2,0.15744557676310883,0.5188773808283941,0.5188773808283941,0.0,0.5188773808283941,0.0,0.0
6,1,single_requirement,0.5,3,0.43527807900773086,0.5716345520276,0.5716345520276,0.0,0.5716345520276,0.0,0.0
6,1,single_requirement,0.5,4,0.5716345520276003,0.5716345520276003,0.5716345520276003,0.0,0.5716345520276003,0.0,0.0
6,1,single_requirement,0.8,1,0.0,0.5459740690570654,0.5459740690570654,0.0,0.5459740690570654,0.0,0.0
6,1,single_requirement,0.8,2,0.2519129228209741,0.7152332997143446,0.7152332997143446,0.0,0.7152332997143446,0.0,0.0
6,1,single_requirement,0.8,3,0.6355796871329673,0.741897380946921,0.741897380946921,0.0,0.741897380946921,0.0,0.0
6,1,single_requirement,0.8,4,0.7418973809469213,0.7418973809469213,0.7418973809469213,0.0,0.7418973809469213,0.0,0.0
6,1,single_requirement,1.0,1,0.0,0.6824675863213313,0.6824675863213313,0.0,0.6824675863213313,0.0,0.0
6,1,single_requirement,1.0,2,0.3148911535262178,0.7982328666336924,0.7982328666336924,0.0,0.7982328666336924,0.0,0.0
6,1,single_requirement,1.0,3,0.7437535761833741,0.8057075766938656,0.8057075766938656,0.0,0.8057075766938656,0.0,0.0
6,1,single_requirement,1.0,4,0.805707576693866,0.805707576693866,0.805707576693866,0.0,0.805707576693866,0.0,0.0
6,1,three_requirements,0.5,1,0.0,0.0,0.0,0.0,0.0,0.0,0.0
6,1,three_requirements,0.5,2,0.0,0.0,0.0,0.0,0.0,0.0,0.0
6,1,three_requirements,0.5,3,0.0,0.0,0.0,0.0,0.0,0.0,0.0
6,1,three_requirements,0.5,4,0.0,0.0,0.0,0.0,0.0,0.0,0.0
6,1,three_requirements,0.8,1,0.0,0.0,0.0,0.0,0.0,0.0,0.0
6,1,three_requirements,0.8,2,0.0,0.0,0.0,0.0,0.0,0.0,0.0
6,1,three_requirements,0.8,3,0.0,0.0,0.0,0.0,0.0,0.0,0.0
6,1,three_requirements,0.8,4,0.0,0.0,0.0,0.0,0.0,0.0,0.0
6,1,three_requirements,1.0,1,0.0,0.0,0.0,0.0,0.0,0.0,0.0
6,1,three_requirements,1.0,2,0.0,0.0,0.0,0.0,0.0,0.0,0.0
6,1,three_requirements,1.0,3,0.0,0.0,0.0,0.0,0.0,0.0,0.0
6,1,three_requirements,1.0,4,0.0,0.0,0.0,0.0,0.0,0.0,0.0
6,1,two_requirements,0.5,1,0.0,0.0,0.0,0.0,0.0,0.0,0.0
6,1,two_requirements,0.5,2,0.0,0.11804938258901351,0.0,0.0,0.11804938258901351,0.11804938258901351,0.11804938258901351
6,1,two_requirements,0.5,3,0.0,0.11804938258901351,0.0,0.0,0.11804938258901349,0.11804938258901351,0.11804938258901349
6,1,two_requirements,0.5,4,0.11804938258901346,0.11804938258901351,0.11804938258901346,0.0,0.11804938258901346,5.551115123125783e-17,0.0
6,1,two_requirements,0.8,1,0.0,0.0,0.0,0.0,0.0,0.0,0.0
6,1,two_requirements,0.8,2,0.0,0.30220641942787463,0.0,0.0,0.30220641942787463,0.30220641942787463,0.30220641942787463
6,1,two_requirements,0.8,3,0.0,0.30220641942787463,0.0,0.0,0.3022064194278745,0.30220641942787463,0.3022064194278745
6,1,two_requirements,0.8,4,0.30220641942787463,0.30220641942787463,0.30220641942787463,0.0,0.30220641942787463,0.0,0.0
6,1,two_requirements,1.0,1,0.0,0.0,0.0,0.0,0.0,0.0,0.0
6,1,two_requirements,1.0,2,0.0,0.47219753035605405,0.0,0.0,0.47219753035605405,0.47219753035605405,0.47219753035605405
6,1,two_requirements,1.0,3,0.0,0.47219753035605405,0.0,0.0,0.4721975303560539,0.47219753035605405,0.4721975303560539
6,1,two_requirements,1.0,4,0.4721975303560541,0.4721975303560541,0.4721975303560541,0.0,0.4721975303560541,0.0,0.0
6,2,single_requirement,0.5,1,0.3687230229709555,0.3687230229709555,0.3687230229709555,0.0,0.3687230229709555,0.0,0.0
6,2,single_requirement,0.5,2,0.5216238481131089,0.5646592160976123,0.5646592160976123,0.0,0.5646592160976123,0.0,0.0
6,2,single_requirement,0.5,3,0.6497086911492915,0.6497086911492915,0.6497086911492915,0.0,0.6497086911492915,0.0,0.0
6,2,single_requirement,0.5,4,0.6497086911492913,0.6497086911492915,0.6497086911492913,0.0,0.6497086911492913,2.220446049250313e-16,0.0
6,2,single_requirement,0.8,1,0.5899568367535286,0.5899568367535286,0.5899568367535286,0.0,0.5899568367535286,0.0,0.0
6,2,single_requirement,0.8,2,0.7335246472582098,0.7739331509406076,0.7739331509406076,0.0,0.7739331509406076,0.0,0.0
6,2,single_requirement,0.8,3,0.8155653988271597,0.8155653988271597,0.8155653988271597,0.0,0.8155653988271597,0.0,0.0
6,2,single_requirement,0.8,4,0.8155653988271597,0.8155653988271597,0.8155653988271597,0.0,0.8155653988271597,0.0,0.0
6,2,single_requirement,1.0,1,0.737446045941911,0.737446045941911,0.737446045941911,0.0,0.737446045941911,0.0,0.0
6,2,single_requirement,1.0,2,0.8326778843037914,0.8594817763294493,0.8594817763294493,0.0,0.8594817763294493,0.0,0.0
6,2,single_requirement,1.0,3,0.8701933539478841,0.8701933539478841,0.8701933539478841,0.0,0.8701933539478841,0.0,0.0
6,2,single_requirement,1.0,4,0.8701933539478839,0.8701933539478841,0.8701933539478839,0.0,0.8701933539478839,2.220446049250313e-16,0.0
6,2,three_requirements,0.5,1,0.0,0.0,0.0,0.0,0.0,0.0,0.0
6,2,three_requirements,0.5,2,0.0,0.0,0.0,0.0,0.0,0.0,0.0
6,2,three_requirements,0.5,3,0.024486416886113097,0.05332096363448214,0.024486416886113097,0.0,0.05332096363448214,0.028834546748369043,0.028834546748369043
6,2,three_requirements,0.5,4,0.09753620908784702,0.09753620908784702,0.09753620908784702,0.0,0.09753620908784702,0.0,0.0
6,2,three_requirements,0.8,1,0.0,0.0,0.0,0.0,0.0,0.0,0.0
6,2,three_requirements,0.8,2,0.0,0.0,0.0,0.0,0.0,0.0,0.0
6,2,three_requirements,0.8,3,0.10029636356551924,0.21840266704683878,0.10029636356551924,0.0,0.21840266704683878,0.11810630348131954,0.11810630348131954
6,2,three_requirements,0.8,4,0.31942480179204175,0.31942480179204175,0.31942480179204175,0.0,0.31942480179204175,0.0,0.0
6,2,three_requirements,1.0,1,0.0,0.0,0.0,0.0,0.0,0.0,0.0
6,2,three_requirements,1.0,2,0.0,0.0,0.0,0.0,0.0,0.0,0.0
6,2,three_requirements,1.0,3,0.19589133508890477,0.4265677090758571,0.19589133508890477,0.0,0.4265677090758571,0.23067637398695234,0.23067637398695234
6,2,three_requirements,1.0,4,0.5196011615316181,0.5196011615316181,0.5196011615316181,0.0,0.5196011615316181,0.0,0.0
6,2,two_requirements,0.5,1,0.0,0.0,0.0,0.0,0.0,0.0,0.0
6,2,two_requirements,0.5,2,0.0,0.155299132064225,0.155299132064225,0.0,0.155299132064225,0.0,0.0
6,2,two_requirements,0.5,3,0.0,0.2397375056770617,0.2397375056770617,0.0,0.2397375056770617,0.0,0.0
6,2,two_requirements,0.5,4,0.2786541224941177,0.2786541224941177,0.2786541224941177,0.0,0.2786541224941177,0.0,0.0
6,2,two_requirements,0.8,1,0.0,0.0,0.0,0.0,0.0,0.0,0.0
6,2,two_requirements,0.8,2,0.0,0.3975657780844163,0.3975657780844163,0.0,0.3975657780844163,0.0,0.0
6,2,two_requirements,0.8,3,0.0,0.5244206322517567,0.5244206322517567,0.0,0.5244206322517567,0.0,0.0
6,2,two_requirements,0.8,4,0.5581226638746446,0.5581226638746446,0.5581226638746446,0.0,0.5581226638746446,0.0,0.0
6,2,two_requirements,1.0,1,0.0,0.0,0.0,0.0,0.0,0.0,0.0
6,2,two_requirements,1.0,2,0.0,0.6211965282569,0.6211965282569,0.0,0.6211965282569,0.0,0.0
6,2,two_requirements,1.0,3,0.0,0.7263787146834514,0.7263787146834514,0.0,0.7263787146834514,0.0,0.0
6,2,two_requirements,1.0,4,0.7406342034303401,0.7406342034303401,0.7406342034303401,0.0,0.7406342034303401,0.0,0.0
6,3,single_requirement,0.5,1,0.0,0.4365804345835993,0.4365804345835993,0.0,0.4365804345835993,0.0,0.0
6,3,single_requirement,0.5,2,0.0,0.6289407915343957,0.6289407915343957,0.0,0.6289407915343957,0.0,0.0
6,3,single_requirement,0.5,3,0.4365804345835993,0.6289407915343957,0.6289407915343957,0.0,0.6289407915343957,0.0,0.0
6,3,single_requirement,0.5,4,0.6289407915343956,0.6289407915343957,0.6289407915343956,0.0,0.6289407915343956,1.1102230246251565e-16,0.0
6,3,single_requirement,0.8,1,0.0,0.6985286953337588,0.6985286953337588,0.0,0.6985286953337588,0.0,0.0
6,3,single_requirement,0.8,2,0.0,0.8480509166344266,0.8480509166344266,0.0,0.8480509166344266,0.0,0.0
6,3,single_requirement,0.8,3,0.6985286953337588,0.8480509166344266,0.8480509166344266,0.0,0.8480509166344266,0.0,0.0
6,3,single_requirement,0.8,4,0.8480509166344266,0.8480509166344266,0.8480509166344266,0.0,0.8480509166344266,0.0,0.0
6,3,single_requirement,1.0,1,0.0,0.8731608691671986,0.8731608691671986,0.0,0.8731608691671986,0.0,0.0
6,3,single_requirement,1.0,2,0.0,0.928185020942528,0.928185020942528,0.0,0.928185020942528,0.0,0.0
6,3,single_requirement,1.0,3,0.8731608691671985,0.928185020942528,0.9281850209425279,0.0,0.9281850209425279,1.1102230246251565e-16,0.0
6,3,single_requirement,1.0,4,0.9281850209425277,0.928185020942528,0.9281850209425277,0.0,0.9281850209425277,2.220446049250313e-16,0.0
6,3,three_requirements,0.5,1,0.0,0.0,0.0,0.0,0.0,0.0,0.0
6,3,three_requirements,0.5,2,0.0,0.0,0.0,0.0,0.0,0.0,0.0
6,3,three_requirements,0.5,3,0.023194134376049794,0.06049155588791694,0.026969885687404695,0.0,0.027322427330414983,0.03352167020051224,0.00035254164301028873
6,3,three_requirements,0.5,4,0.10365226069651368,0.10365226069651368,0.10365226069651368,0.0,0.10365226069651368,0.0,0.0
6,3,three_requirements,0.8,1,0.0,0.0,0.0,0.0,0.0,0.0,0.0
6,3,three_requirements,0.8,2,0.0,0.0,0.0,0.0,0.0,0.0,0.0
6,3,three_requirements,0.8,3,0.0950031744043,0.2477734129169078,0.11046865177560974,0.0,0.11191266234537975,0.13730476114129805,0.0014440105697700045
6,3,three_requirements,0.8,4,0.34020071483535386,0.34020071483535386,0.34020071483535386,0.0,0.34020071483535386,0.0,0.0
6,3,three_requirements,1.0,1,0.0,0.0,0.0,0.0,0.0,0.0,0.0
6,3,three_requirements,1.0,2,0.0,0.0,0.0,0.0,0.0,0.0,0.0
6,3,three_requirements,1.0,3,0.18555307500839835,0.4839324471033355,0.21575908549923756,0.0,0.21857941864331987,0.26817336160409794,0.00282033314408231
6,3,three_requirements,1.0,4,0.5546121448899277,0.5546121448899277,0.5546121448899277,0.0,0.5546121448899277,0.0,0.0
6,3,two_requirements,0.5,1,0.0,0.0,0.0,0.0,0.0,0.0,0.0
6,3,two_requirements,0.5,2,0.07663248132304434,0.10246211622088609,0.07699373229671952,0.0,0.10246211622088609,0.025468383924166574,0.025468383924166574
6,3,two_requirements,0.5,3,0.12132567384158258,0.14467707125104728,0.12132567384158258,0.0,0.14467707125104728,0.023351397409464708,0.023351397409464708
6,3,two_requirements,0.5,4,0.18937026376958546,0.18937026376958546,0.18937026376958546,0.0,0.18937026376958546,0.0,0.0
6,3,two_requirements,0.8,1,0.0,0.0,0.0,0.0,0.0,0.0,0.0
6,3,two_requirements,0.8,2,0.19617915218699378,0.26230301752546836,0.19710395467960184,0.0,0.26230301752546836,0.06519906284586652,0.06519906284586652
6,3,two_requirements,0.8,3,0.2609800959351648,0.31750798201681263,0.2609800959351648,0.0,0.31750798201681263,0.05652788608164783,0.05652788608164783
6,3,two_requirements,0.8,4,0.38230892576498376,0.38230892576498376,0.38230892576498376,0.0,0.38230892576498376,0.0,0.0
6,3,two_requirements,1.0,1,0.0,0.0,0.0,0.0,0.0,0.0,0.0
6,3,two_requirements,1.0,2,0.3065299252921774,0.40984846488354437,0.3079749291868781,0.0,0.40984846488354437,0.1018735356966663,0.1018735356966663
6,3,two_requirements,1.0,3,0.3561005362536048,0.4410381798326568,0.3561005362536048,0.0,0.4410381798326568,0.08493764357905198,0.08493764357905198
6,3,two_requirements,1.0,4,0.4906087907940839,0.4906087907940839,0.4906087907940839,0.0,0.4906087907940839,0.0,0.0
6,4,single_requirement,0.5,1,0.29414423456954253,0.36671749555689737,0.36671749555689737,0.0,0.36671749555689737,0.0,0.0
6,4,single_requirement,0.5,2,0.29414423456954253,0.5251651056894637,0.5251651056894637,0.0,0.5251651056894637,0.0,0.0
6,4,single_requirement,0.5,3,0.421945774915425,0.594008367800992,0.594008367800992,0.0,0.594008367800992,0.0,0.0
6,4,single_requirement,0.5,4,0.5940083678009918,0.594008367800992,0.5940083678009918,0.0,0.5940083678009918,2.220446049250313e-16,0.0
6,4,single_requirement,0.8,1,0.4706307753112681,0.586747992891036,0.586747992891036,0.0,0.586747992891036,0.0,0.0
6,4,single_requirement,0.8,2,0.470630775311268,0.7099954096436449,0.7099954096436449,0.0,0.7099954096436449,0.0,0.0
6,4,single_requirement,0.8,3,0.5958795146661159,0.7427951847259191,0.7427951847259191,0.0,0.7427951847259191,0.0,0.0
6,4,single_requirement,0.8,4,0.7427951847259191,0.7427951847259191,0.7427951847259191,0.0,0.7427951847259191,0.0,0.0
6,4,single_requirement,1.0,1,0.5882884691390851,0.7334349911137947,0.7334349911137947,0.0,0.7334349911137947,0.0,0.0
6,4,single_requirement,1.0,2,0.5882884691390851,0.7789369625049753,0.7789369625049753,0.0,0.7789369625049753,0.0,0.0
6,4,single_requirement,1.0,3,0.6788212890005085,0.7859393465315156,0.7859393465315156,0.0,0.7859393465315156,0.0,0.0
6,4,single_requirement,1.0,4,0.7859393465315155,0.7859393465315156,0.7859393465315155,0.0,0.7859393465315155,1.1102230246251565e-16,0.0
6,4,three_requirements,0.5,1,0.0,0.0,0.0,0.0,0.0,0.0,0.0
6,4,three_requirements,0.5,2,0.0,0.0,0.0,0.0,0.0,0.0,0.0
6,4,three_requirements,0.5,3,0.0,0.030065994573190438,0.030065994573190438,0.0,0.030065994573190438,0.0,0.0
6,4,three_requirements,0.5,4,0.030065994573190438,0.030065994573190438,0.030065994573190438,0.0,0.030065994573190438,0.0,0.0
6,4,three_requirements,0.8,1,0.0,0.0,0.0,0.0,0.0,0.0,0.0
6,4,three_requirements,0.8,2,0.0,0.0,0.0,0.0,0.0,0.0,0.0
6,4,three_requirements,0.8,3,0.0,0.12315031377178809,0.12315031377178809,0.0,0.12315031377178809,0.0,0.0
6,4,three_requirements,0.8,4,0.12315031377178812,0.12315031377178812,0.12315031377178812,0.0,0.12315031377178812,0.0,0.0
6,4,three_requirements,1.0,1,0.0,0.0,0.0,0.0,0.0,0.0,0.0
6,4,three_requirements,1.0,2,0.0,0.0,0.0,0.0,0.0,0.0,0.0
6,4,three_requirements,1.0,3,0.0,0.2405279565855235,0.2405279565855235,0.0,0.2405279565855235,0.0,0.0
6,4,three_requirements,1.0,4,0.2405279565855235,0.2405279565855235,0.2405279565855235,0.0,0.2405279565855235,0.0,0.0
6,4,two_requirements,0.5,1,0.0,0.0,0.0,0.0,0.0,0.0,0.0
6,4,two_requirements,0.5,2,0.08783091940882787,0.08783091940882787,0.08783091940882787,0.0,0.08783091940882787,0.0,0.0
6,4,two_requirements,0.5,3,0.1276021331681456,0.1276021331681456,0.1276021331681456,0.0,0.1276021331681456,0.0,0.0
6,4,two_requirements,0.5,4,0.18314748338190887,0.18314748338190887,0.18314748338190887,0.0,0.18314748338190887,0.0,0.0
6,4,two_requirements,0.8,1,0.0,0.0,0.0,0.0,0.0,0.0,0.0
6,4,two_requirements,0.8,2,0.22484715368659947,0.22484715368659947,0.22484715368659947,0.0,0.22484715368659947,0.0,0.0
6,4,two_requirements,0.8,3,0.28653035781896447,0.28653035781896447,0.28653035781896447,0.0,0.28653035781896447,0.0,0.0
6,4,two_requirements,0.8,4,0.3757980028460147,0.3757980028460147,0.3757980028460147,0.0,0.3757980028460147,0.0,0.0
6,4,two_requirements,1.0,1,0.0,0.0,0.0,0.0,0.0,0.0,0.0
6,4,two_requirements,1.0,2,0.35132367763531147,0.35132367763531147,0.35132367763531147,0.0,0.35132367763531147,0.0,0.0
6,4,two_requirements,1.0,3,0.4059004517051654,0.4059004517051654,0.4059004517051654,0.0,0.4059004517051654,0.0,0.0
6,4,two_requirements,1.0,4,0.4877501098311581,0.4877501098311581,0.4877501098311581,0.0,0.4877501098311581,0.0,0.0
6,5,single_requirement,0.5,1,0.2873851547395157,0.2873851547395157,0.2873851547395157,0.0,0.2873851547395157,0.0,0.0
6,5,single_requirement,0.5,2,0.4641408856864827,0.4641408856864827,0.4641408856864827,0.0,0.4641408856864827,0.0,0.0
6,5,single_requirement,0.5,3,0.5547656940164364,0.5547656940164364,0.5547656940164364,0.0,0.5547656940164364,0.0,0.0
6,5,single_requirement,0.5,4,0.5547656940164363,0.5547656940164364,0.5547656940164363,0.0,0.5547656940164363,1.1102230246251565e-16,0.0
6,5,single_requirement,0.8,1,0.45981624758322537,0.45981624758322537,0.45981624758322537,0.0,0.45981624758322537,0.0,0.0
6,5,single_requirement,0.8,2,0.6371897299710023,0.6371897299710023,0.6371897299710023,0.0,0.6371897299710023,0.0,0.0
6,5,single_requirement,0.8,3,0.6899256507563197,0.6899256507563197,0.6899256507563197,0.0,0.6899256507563197,0.0,0.0
6,5,single_requirement,0.8,4,0.6899256507563197,0.6899256507563197,0.6899256507563197,0.0,0.6899256507563197,0.0,0.0
6,5,single_requirement,1.0,1,0.5747703094790314,0.5747703094790314,0.5747703094790314,0.0,0.5747703094790314,0.0,0.0
6,5,single_requirement,1.0,2,0.7086240898576106,0.7086240898576106,0.7086240898576106,0.0,0.7086240898576106,0.0,0.0
6,5,single_requirement,1.0,3,0.7291998350923873,0.7291998350923873,0.7291998350923873,0.0,0.7291998350923873,0.0,0.0
6,5,single_requirement,1.0,4,0.7291998350923873,0.7291998350923873,0.7291998350923873,0.0,0.7291998350923873,0.0,0.0
6,5,three_requirements,0.5,1,0.0,0.0,0.0,0.0,0.0,0.0,0.0
6,5,three_requirements,0.5,2,0.0,0.0,0.0,0.0,0.0,0.0,0.0
6,5,three_requirements,0.5,3,0.0,0.03775059914161189,0.03775059914161189,0.0,0.03775059914161189,0.0,0.0
6,5,three_requirements,0.5,4,0.037750599141611885,0.03775059914161189,0.037750599141611885,0.0,0.037750599141611885,6.938893903907228e-18,0.0
6,5,three_requirements,0.8,1,0.0,0.0,0.0,0.0,0.0,0.0,0.0
6,5,three_requirements,0.8,2,0.0,0.0,0.0,0.0,0.0,0.0,0.0
6,5,three_requirements,0.8,3,0.0,0.15462645408404238,0.15462645408404238,0.0,0.15462645408404238,0.0,0.0
6,5,three_requirements,0.8,4,0.15462645408404227,0.15462645408404238,0.15462645408404227,0.0,0.15462645408404227,1.1102230246251565e-16,0.0
6,5,three_requirements,1.0,1,0.0,0.0,0.0,0.0,0.0,0.0,0.0
6,5,three_requirements,1.0,2,0.0,0.0,0.0,0.0,0.0,0.0,0.0
6,5,three_requirements,1.0,3,0.0,0.30200479313289513,0.30200479313289513,0.0,0.30200479313289513,0.0,0.0
6,5,three_requirements,1.0,4,0.3020047931328951,0.30200479313289513,0.3020047931328951,0.0,0.3020047931328951,5.551115123125783e-17,0.0
6,5,two_requirements,0.5,1,0.0,0.0,0.0,0.0,0.0,0.0,0.0
6,5,two_requirements,0.5,2,0.054996689322137006,0.12794482018920922,0.12794482018920922,0.0,0.12794482018920922,0.0,0.0
6,5,two_requirements,0.5,3,0.05499668932213701,0.23158348245401583,0.23158348245401583,0.0,0.23158348245401583,0.0,0.0
6,5,two_requirements,0.5,4,0.2704437514835061,0.2704437514835061,0.2704437514835061,0.0,0.2704437514835061,0.0,0.0
6,5,two_requirements,0.8,1,0.0,0.0,0.0,0.0,0.0,0.0,0.0
6,5,two_requirements,0.8,2,0.1407915246646708,0.3275387396843756,0.3275387396843756,0.0,0.3275387396843756,0.0,0.0
6,5,two_requirements,0.8,3,0.14079152466467074,0.4879204309692976,0.4879204309692976,0.0,0.4879204309692976,0.0,0.0
6,5,two_requirements,0.8,4,0.5241018185076671,0.5241018185076671,0.5241018185076671,0.0,0.5241018185076671,0.0,0.0
6,5,two_requirements,1.0,1,0.0,0.0,0.0,0.0,0.0,0.0,0.0
6,5,two_requirements,1.0,2,0.21998675728854802,0.5117792807568369,0.5117792807568369,0.0,0.5117792807568369,0.0,0.0
6,5,two_requirements,1.0,3,0.2199867572885481,0.6530701691051701,0.6530701691051701,0.0,0.6530701691051701,0.0,0.0
6,5,two_requirements,1.0,4,0.6707160877016434,0.6707160877016434,0.6707160877016434,0.0,0.6707160877016434,0.0,0.0
6,6,single_requirement,0.5,1,0.0,0.45455597217302907,0.45455597217302907,0.0,0.45455597217302907,0.0,0.0
6,6,single_requirement,0.5,2,0.2637114120437104,0.6383603557309213,0.6383603557309213,0.0,0.6383603557309213,0.0,0.0
6,6,single_requirement,0.5,3,0.4910125641488033,0.7144009708776338,0.7144009708776338,0.0,0.7144009708776338,0.0,0.0
6,6,single_requirement,0.5,4,0.7144009708776339,0.7144009708776339,0.7144009708776339,0.0,0.7144009708776339,0.0,0.0
6,6,single_requirement,0.8,1,0.0,0.7272895554768466,0.7272895554768466,0.0,0.7272895554768466,0.0,0.0
6,6,single_requirement,0.8,2,0.42193825926993667,0.8643982644347418,0.8643982644347418,0.0,0.8643982644347418,0.0,0.0
6,6,single_requirement,0.8,3,0.6703986957086652,0.8926928333754778,0.8926928333754778,0.0,0.8926928333754778,0.0,0.0
6,6,single_requirement,0.8,4,0.8926928333754777,0.8926928333754778,0.8926928333754777,0.0,0.8926928333754777,1.1102230246251565e-16,0.0
6,6,single_requirement,1.0,1,0.0,0.9091119443460581,0.9091119443460581,0.0,0.9091119443460581,0.0,0.0
6,6,single_requirement,1.0,2,0.5274228240874208,0.9496825765978164,0.9496825765978164,0.0,0.9496825765978164,0.0,0.0
6,6,single_requirement,1.0,3,0.7419805305279816,0.952447082178272,0.952447082178272,0.0,0.952447082178272,0.0,0.0
6,6,single_requirement,1.0,4,0.952447082178272,0.952447082178272,0.952447082178272,0.0,0.952447082178272,0.0,0.0
6,6,three_requirements,0.5,1,0.0,0.0,0.0,0.0,0.0,0.0,0.0
6,6,three_requirements,0.5,2,0.0,0.0,0.0,0.0,0.0,0.0,0.0
6,6,three_requirements,0.5,3,0.0,0.025062824385557368,0.025062824385557368,0.0,0.025062824385557368,0.0,0.0
6,6,three_requirements,0.5,4,0.025062824385557375,0.025062824385557375,0.025062824385557375,0.0,0.025062824385557375,0.0,0.0
6,6,three_requirements,0.8,1,0.0,0.0,0.0,0.0,0.0,0.0,0.0
6,6,three_requirements,0.8,2,0.0,0.0,0.0,0.0,0.0,0.0,0.0
6,6,three_requirements,0.8,3,0.0,0.10265732868324312,0.10265732868324312,0.0,0.10265732868324312,0.0,0.0
6,6,three_requirements,0.8,4,0.10265732868324298,0.10265732868324312,0.10265732868324298,0.0,0.10265732868324298,1.3877787807814457e-16,0.0
6,6,three_requirements,1.0,1,0.0,0.0,0.0,0.0,0.0,0.0,0.0
6,6,three_requirements,1.0,2,0.0,0.0,0.0,0.0,0.0,0.0,0.0
6,6,three_requirements,1.0,3,0.0,0.20050259508445895,0.20050259508445895,0.0,0.20050259508445895,0.0,0.0
6,6,three_requirements,1.0,4,0.2005025950844591,0.2005025950844591,0.2005025950844591,0.0,0.2005025950844591,0.0,0.0
6,6,two_requirements,0.5,1,0.0,0.0,0.0,0.0,0.0,0.0,0.0
6,6,two_requirements,0.5,2,0.0,0.08739842564693358,0.08739842564693358,0.0,0.08739842564693358,0.0,0.0
6,6,two_requirements,0.5,3,0.08739842564693362,0.13250252272975943,0.13250252272975943,0.0,0.13250252272975943,0.0,0.0
6,6,two_requirements,0.5,4,0.13250252272975943,0.13250252272975943,0.13250252272975943,0.0,0.13250252272975943,0.0,0.0
6,6,two_requirements,0.8,1,0.0,0.0,0.0,0.0,0.0,0.0,0.0
6,6,two_requirements,0.8,2,0.0,0.2237399696561501,0.2237399696561501,0.0,0.2237399696561501,0.0,0.0
6,6,two_requirements,0.8,3,0.22373996965614995,0.28133755040623076,0.28133755040623076,0.0,0.28133755040623076,0.0,0.0
6,6,two_requirements,0.8,4,0.28133755040623065,0.28133755040623076,0.28133755040623065,0.0,0.28133755040623065,1.1102230246251565e-16,0.0
6,6,two_requirements,1.0,1,0.0,0.0,0.0,0.0,0.0,0.0,0.0
6,6,two_requirements,1.0,2,0.0,0.3495937025877343,0.3495937025877343,0.0,0.3495937025877343,0.0,0.0
6,6,two_requirements,1.0,3,0.34959370258773464,0.3793098102368675,0.3793098102368675,0.0,0.3793098102368675,0.0,0.0
6,6,two_requirements,1.0,4,0.3793098102368675,0.3793098102368675,0.3793098102368675,0.0,0.3793098102368675,0.0,0.0
6,7,single_requirement,0.5,1,0.0,0.34544279969798375,0.34544279969798375,0.0,0.34544279969798375,0.0,0.0
6,7,single_requirement,0.5,2,0.2813584094515428,0.5021345233199671,0.5021345233199671,0.0,0.5021345233199671,0.0,0.0
6,7,single_requirement,0.5,3,0.5021345233199672,0.5021345233199672,0.5021345233199672,0.0,0.5021345233199672,0.0,0.0
6,7,single_requirement,0.5,4,0.5021345233199671,0.5021345233199672,0.5021345233199671,0.0,0.5021345233199671,1.1102230246251565e-16,0.0
6,7,single_requirement,0.8,1,0.0,0.5527084795167739,0.5527084795167739,0.0,0.5527084795167739,0.0,0.0
6,7,single_requirement,0.8,2,0.45017345512246854,0.6837352189155707,0.6837352189155707,0.0,0.6837352189155707,0.0,0.0
6,7,single_requirement,0.8,3,0.6837352189155705,0.6837352189155707,0.6837352189155705,0.0,0.6837352189155705,1.1102230246251565e-16,0.0
6,7,single_requirement,0.8,4,0.6837352189155705,0.6837352189155707,0.6837352189155705,0.0,0.6837352189155705,1.1102230246251565e-16,0.0
6,7,single_requirement,1.0,1,0.0,0.6908855993959675,0.6908855993959675,0.0,0.6908855993959675,0.0,0.0
6,7,single_requirement,1.0,2,0.5627168189030858,0.7549356749808156,0.7549356749808156,0.0,0.7549356749808156,0.0,0.0
6,7,single_requirement,1.0,3,0.7549356749808156,0.7549356749808158,0.7549356749808156,0.0,0.7549356749808156,2.220446049250313e-16,0.0
6,7,single_requirement,1.0,4,0.7549356749808159,0.7549356749808159,0.7549356749808159,0.0,0.7549356749808159,0.0,0.0
6,7,three_requirements,0.5,1,0.0,0.0,0.0,0.0,0.0,0.0,0.0
6,7,three_requirements,0.5,2,0.0,0.0,0.0,0.0,0.0,0.0,0.0
6,7,three_requirements,0.5,3,0.0,0.049374165702470475,0.049374165702470475,0.0,0.049374165702470475,0.0,0.0
6,7,three_requirements,0.5,4,0.09640377647998304,0.09640377647998304,0.09640377647998304,0.0,0.09640377647998304,0.0,0.0
6,7,three_requirements,0.8,1,0.0,0.0,0.0,0.0,0.0,0.0,0.0
6,7,three_requirements,0.8,2,0.0,0.0,0.0,0.0,0.0,0.0,0.0
6,7,three_requirements,0.8,3,0.0,0.20223658271731917,0.20223658271731917,0.0,0.20223658271731917,0.0,0.0
6,7,three_requirements,0.8,4,0.3091175596158276,0.3091175596158276,0.3091175596158276,0.0,0.3091175596158276,0.0,0.0
6,7,three_requirements,1.0,1,0.0,0.0,0.0,0.0,0.0,0.0,0.0
6,7,three_requirements,1.0,2,0.0,0.0,0.0,0.0,0.0,0.0,0.0
6,7,three_requirements,1.0,3,0.0,0.3949933256197638,0.3949933256197638,0.0,0.3949933256197638,0.0,0.0
6,7,three_requirements,1.0,4,0.4920885814811956,0.4920885814811956,0.4920885814811956,0.0,0.4920885814811956,0.0,0.0
6,7,two_requirements,0.5,1,0.0,0.0,0.0,0.0,0.0,0.0,0.0
6,7,two_requirements,0.5,2,0.0,0.13336159412732004,0.1203537540948584,0.0,0.13336159412732004,0.013007840032461637,0.013007840032461637
6,7,two_requirements,0.5,3,0.12035375409485838,0.1993629208051954,0.1993629208051954,0.0,0.1993629208051954,0.0,0.0
6,7,two_requirements,0.5,4,0.2487399616333043,0.2487399616333043,0.2487399616333043,0.0,0.2487399616333043,0.0,0.0
6,7,two_requirements,0.8,1,0.0,0.0,0.0,0.0,0.0,0.0,0.0
6,7,two_requirements,0.8,2,0.0,0.3414056809659394,0.30810561048283747,0.0,0.3414056809659394,0.03330007048310191,0.03330007048310191
6,7,two_requirements,0.8,3,0.30810561048283713,0.4268837487488144,0.4268837487488144,0.0,0.4268837487488144,0.0,0.0
6,7,two_requirements,0.8,4,0.4929468439660343,0.4929468439660343,0.4929468439660343,0.0,0.4929468439660343,0.0,0.0
6,7,two_requirements,1.0,1,0.0,0.0,0.0,0.0,0.0,0.0,0.0
6,7,two_requirements,1.0,2,0.0,0.5334463765092802,0.4814150163794336,0.0,0.5334463765092802,0.05203136012984655,0.05203136012984655
6,7,two_requirements,1.0,3,0.48141501637943335,0.5800419735528496,0.5800419735528496,0.0,0.5800419735528496,0.0,0.0
6,7,two_requirements,1.0,4,0.6204091751394025,0.6204091751394025,0.6204091751394025,0.0,0.6204091751394025,0.0,0.0
6,8,single_requirement,0.5,1,0.0,0.40126966901101074,0.40126966901101074,0.0,0.40126966901101074,0.0,0.0
6,8,single_requirement,0.5,2,0.0,0.5353479590536254,0.5353479590536254,0.0,0.5353479590536254,0.0,0.0
6,8,single_requirement,0.5,3,0.40126966901101063,0.5353479590536254,0.5353479590536253,0.0,0.5353479590536253,1.1102230246251565e-16,0.0
6,8,single_requirement,0.5,4,0.5353479590536253,0.5353479590536254,0.5353479590536253,0.0,0.5353479590536253,1.1102230246251565e-16,0.0
6,8,single_requirement,0.8,1,0.0,0.6420314704176169,0.6420314704176169,0.0,0.6420314704176169,0.0,0.0
6,8,single_requirement,0.8,2,0.0,0.7578079117101519,0.7578079117101519,0.0,0.7578079117101519,0.0,0.0
6,8,single_requirement,0.8,3,0.6420314704176171,0.7578079117101519,0.7578079117101519,0.0,0.7578079117101519,0.0,0.0
6,8,single_requirement,0.8,4,0.7578079117101518,0.7578079117101519,0.7578079117101518,0.0,0.7578079117101518,1.1102230246251565e-16,0.0
6,8,single_requirement,1.0,1,0.0,0.8025393380220215,0.8025393380220215,0.0,0.8025393380220215,0.0,0.0
6,8,single_requirement,1.0,2,0.0,0.8649692039913158,0.8649692039913158,0.0,0.8649692039913158,0.0,0.0
6,8,single_requirement,1.0,3,0.8025393380220214,0.8649692039913158,0.8649692039913156,0.0,0.8649692039913156,2.220446049250313e-16,0.0
6,8,single_requirement,1.0,4,0.8649692039913157,0.8649692039913158,0.8649692039913157,0.0,0.8649692039913157,1.1102230246251565e-16,0.0
6,8,three_requirements,0.5,1,0.0,0.0,0.0,0.0,0.0,0.0,0.0
6,8,three_requirements,0.5,2,0.0,0.0,0.0,0.0,0.0,0.0,0.0
6,8,three_requirements,0.5,3,0.027755844091166937,0.027755844091166937,0.027755844091166937,0.0,0.027755844091166937,0.0,0.0
6,8,three_requirements,0.5,4,0.027755844091166937,0.027755844091166937,0.027755844091166937,0.0,0.027755844091166937,0.0,0.0
6,8,three_requirements,0.8,1,0.0,0.0,0.0,0.0,0.0,0.0,0.0
6,8,three_requirements,0.8,2,0.0,0.0,0.0,0.0,0.0,0.0,0.0
6,8,three_requirements,0.8,3,0.11368793739741978,0.11368793739741978,0.11368793739741978,0.0,0.11368793739741978,0.0,0.0
6,8,three_requirements,0.8,4,0.11368793739741978,0.11368793739741978,0.11368793739741978,0.0,0.11368793739741978,0.0,0.0
6,8,three_requirements,1.0,1,0.0,0.0,0.0,0.0,0.0,0.0,0.0
6,8,three_requirements,1.0,2,0.0,0.0,0.0,0.0,0.0,0.0,0.0
6,8,three_requirements,1.0,3,0.2220467527293355,0.2220467527293355,0.2220467527293355,0.0,0.2220467527293355,0.0,0.0
6,8,three_requirements,1.0,4,0.2220467527293356,0.2220467527293356,0.2220467527293356,0.0,0.2220467527293356,0.0,0.0
6,8,two_requirements,0.5,1,0.0,0.0,0.0,0.0,0.0,0.0,0.0
6,8,two_requirements,0.5,2,0.05449225658278034,0.07680738593398026,0.07680738593398026,0.0,0.07680738593398026,0.0,0.0
6,8,two_requirements,0.5,3,0.10764294680978141,0.1196148245209492,0.1196148245209492,0.0,0.1196148245209492,0.0,0.0
6,8,two_requirements,0.5,4,0.13692872019400773,0.13692872019400773,0.13692872019400773,0.0,0.13692872019400773,0.0,0.0
6,8,two_requirements,0.8,1,0.0,0.0,0.0,0.0,0.0,0.0,0.0
6,8,two_requirements,0.8,2,0.13950017685191773,0.19662690799098936,0.19662690799098936,0.0,0.19662690799098936,0.0,0.0
6,8,two_requirements,0.8,3,0.23922925922712046,0.25576958230609653,0.25576958230609653,0.0,0.25576958230609653,0.0,0.0
6,8,two_requirements,0.8,4,0.26848152317687884,0.26848152317687884,0.26848152317687884,0.0,0.26848152317687884,0.0,0.0
6,8,two_requirements,1.0,1,0.0,0.0,0.0,0.0,0.0,0.0,0.0
6,8,two_requirements,1.0,2,0.21796902633112136,0.30722954373592104,0.30722954373592104,0.0,0.30722954373592104,0.0,0.0
6,8,two_requirements,1.0,3,0.33594500441120895,0.34709375519959423,0.34709375519959423,0.0,0.34709375519959423,0.0,0.0
6,8,two_requirements,1.0,4,0.3506252507148079,0.3506252507148079,0.3506252507148079,0.0,0.3506252507148079,0.0,0.0
6,9,single_requirement,0.5,1,0.2963116034110858,0.3084828930280099,0.3084828930280099,0.0,0.3084828930280099,0.0,0.0
6,9,single_requirement,0.5,2,0.4826211950843312,0.4826211950843312,0.4826211950843312,0.0,0.4826211950843312,0.0,0.0
6,9,single_requirement,0.5,3,0.4826211950843313,0.4826211950843313,0.4826211950843313,0.0,0.4826211950843313,0.0,0.0
6,9,single_requirement,0.5,4,0.4826211950843312,0.4826211950843313,0.4826211950843312,0.0,0.4826211950843312,1.1102230246251565e-16,0.0
6,9,single_requirement,0.8,1,0.474098565457737,0.4935726288448159,0.4935726288448159,0.0,0.4935726288448159,0.0,0.0
6,9,single_requirement,0.8,2,0.6549075428343559,0.6549075428343559,0.6549075428343559,0.0,0.6549075428343559,0.0,0.0
6,9,single_requirement,0.8,3,0.6549075428343559,0.6549075428343561,0.6549075428343559,0.0,0.6549075428343559,2.220446049250313e-16,0.0
6,9,single_requirement,0.8,4,0.654907542834356,0.6549075428343561,0.654907542834356,0.0,0.654907542834356,1.1102230246251565e-16,0.0
6,9,single_requirement,1.0,1,0.5926232068221716,0.6169657860560198,0.6169657860560198,0.0,0.6169657860560198,0.0,0.0
6,9,single_requirement,1.0,2,0.7208957874591335,0.7208957874591335,0.7208957874591335,0.0,0.7208957874591335,0.0,0.0
6,9,single_requirement,1.0,3,0.7208957874591337,0.7208957874591337,0.7208957874591337,0.0,0.7208957874591337,0.0,0.0
6,9,single_requirement,1.0,4,0.7208957874591337,0.7208957874591337,0.7208957874591337,0.0,0.7208957874591337,0.0,0.0
6,9,three_requirements,0.5,1,0.0,0.0,0.0,0.0,0.0,0.0,0.0
6,9,three_requirements,0.5,2,0.0,0.0,0.0,0.0,0.0,0.0,0.0
6,9,three_requirements,0.5,3,0.0,0.04757965661788453,0.0,0.0,0.03689713343920844,0.04757965661788453,0.03689713343920844
6,9,three_requirements,0.5,4,0.06881672597973532,0.06881672597973532,0.06881672597973532,0.0,0.06881672597973532,0.0,0.0
6,9,three_requirements,0.8,1,0.0,0.0,0.0,0.0,0.0,0.0,0.0
6,9,three_requirements,0.8,2,0.0,0.0,0.0,0.0,0.0,0.0,0.0
6,9,three_requirements,0.8,3,0.0,0.19488627350685522,0.0,0.0,0.1511306585669978,0.19488627350685522,0.1511306585669978
6,9,three_requirements,0.8,4,0.2433871361364816,0.2433871361364816,0.2433871361364816,0.0,0.2433871361364816,0.0,0.0
6,9,three_requirements,1.0,1,0.0,0.0,0.0,0.0,0.0,0.0,0.0
6,9,three_requirements,1.0,2,0.0,0.0,0.0,0.0,0.0,0.0,0.0
6,9,three_requirements,1.0,3,0.0,0.38063725294307627,0.0,0.0,0.2951770675136675,0.38063725294307627,0.2951770675136675
6,9,three_requirements,1.0,4,0.425253295219021,0.425253295219021,0.425253295219021,0.0,0.425253295219021,0.0,0.0
6,9,two_requirements,0.5,1,0.0,0.0,0.0,0.0,0.0,0.0,0.0
6,9,two_requirements,0.5,2,0.0,0.1597413947145979,0.11191910410981948,0.0,0.1597413947145979,0.04782229060477841,0.04782229060477841
6,9,two_requirements,0.5,3,0.2241592384696553,0.29552589992000716,0.2241592384696553,0.0,0.29552589992000716,0.07136666145035186,0.07136666145035186
6,9,two_requirements,0.5,4,0.33364358174017644,0.33364358174017644,0.33364358174017644,0.0,0.33364358174017644,0.0,0.0
6,9,two_requirements,0.8,1,0.0,0.0,0.0,0.0,0.0,0.0,0.0
6,9,two_requirements,0.8,2,0.0,0.40893797046937075,0.2865129065211378,0.0,0.40893797046937075,0.12242506394823294,0.12242506394823294
6,9,two_requirements,0.8,3,0.5008857145774028,0.595923962997676,0.5008857145774028,0.0,0.595923962997676,0.0950382484202732,0.0950382484202732
6,9,two_requirements,0.8,4,0.6278078386214658,0.6278078386214658,0.6278078386214658,0.0,0.6278078386214658,0.0,0.0
6,9,two_requirements,1.0,1,0.0,0.0,0.0,0.0,0.0,0.0,0.0
6,9,two_requirements,1.0,2,0.0,0.6389655788583916,0.4476764164392779,0.0,0.6389655788583916,0.19128916241911365,0.19128916241911365
6,9,two_requirements,1.0,3,0.706631912459573,0.763816253853095,0.706631912459573,0.0,0.763816253853095,0.05718434139352202,0.05718434139352202
6,9,two_requirements,1.0,4,0.7762297125515363,0.7762297125515363,0.7762297125515363,0.0,0.7762297125515363,0.0,0.0
7,0,single_requirement,0.5,1,0.2701321008283052,0.2701321008283052,0.2701321008283052,0.0,0.2701321008283052,0.0,0.0
7,0,single_requirement,0.5,2,0.426487317747583,0.426487317747583,0.426487317747583,0.0,0.426487317747583,0.0,0.0
7,0,single_requirement,0.5,3,0.42648731774758286,0.426487317747583,0.42648731774758286,0.0,0.42648731774758286,1.1102230246251565e-16,0.0
7,0,single_requirement,0.5,4,0.42648731774758286,0.426487317747583,0.42648731774758286,0.0,0.42648731774758286,1.1102230246251565e-16,0.0
7,0,single_requirement,0.8,1,0.43221136132528815,0.43221136132528815,0.43221136132528815,0.0,0.43221136132528815,0.0,0.0
7,0,single_requirement,0.8,2,0.5785642152667989,0.5785642152667989,0.5785642152667989,0.0,0.5785642152667989,0.0,0.0
7,0,single_requirement,0.8,3,0.5785642152667988,0.5785642152667989,0.5785642152667988,0.0,0.5785642152667988,1.1102230246251565e-16,0.0
7,0,single_requirement,0.8,4,0.5785642152667989,0.5785642152667989,0.5785642152667989,0.0,0.5785642152667989,0.0,0.0
7,0,single_requirement,1.0,1,0.5402642016566104,0.5402642016566104,0.5402642016566104,0.0,0.5402642016566104,0.0,0.0
7,0,single_requirement,1.0,2,0.6366923581423873,0.6366923581423873,0.6366923581423873,0.0,0.6366923581423873,0.0,0.0
7,0,single_requirement,1.0,3,0.6366923581423873,0.6366923581423874,0.6366923581423873,0.0,0.6366923581423873,1.1102230246251565e-16,0.0
7,0,single_requirement,1.0,4,0.6366923581423876,0.6366923581423876,0.6366923581423876,0.0,0.6366923581423876,0.0,0.0
7,0,three_requirements,0.5,1,0.0,0.0,0.0,0.0,0.0,0.0,0.0
7,0,three_requirements,0.5,2,0.0,0.0,0.0,0.0,0.0,0.0,0.0
7,0,three_requirements,0.5,3,0.032894844778579214,0.032894844778579214,0.032894844778579214,0.0,0.032894844778579214,0.0,0.0
7,0,three_requirements,0.5,4,0.06915142886265786,0.06915142886265786,0.06915142886265786,0.0,0.06915142886265786,0.0,0.0
7,0,three_requirements,0.8,1,0.0,0.0,0.0,0.0,0.0,0.0,0.0
7,0,three_requirements,0.8,2,0.0,0.0,0.0,0.0,0.0,0.0,0.0
7,0,three_requirements,0.8,3,0.13473728421306033,0.13473728421306033,0.13473728421306033,0.0,0.13473728421306033,0.0,0.0
7,0,three_requirements,0.8,4,0.21900286701155616,0.21900286701155616,0.21900286701155616,0.0,0.21900286701155616,0.0,0.0
7,0,three_requirements,1.0,1,0.0,0.0,0.0,0.0,0.0,0.0,0.0
7,0,three_requirements,1.0,2,0.0,0.0,0.0,0.0,0.0,0.0,0.0
7,0,three_requirements,1.0,3,0.2631587582286337,0.2631587582286337,0.2631587582286337,0.0,0.2631587582286337,0.0,0.0
7,0,three_requirements,1.0,4,0.34409233711906756,0.34409233711906756,0.34409233711906756,0.0,0.34409233711906756,0.0,0.0
7,0,two_requirements,0.5,1,0.0,0.0,0.0,0.0,0.0,0.0,0.0
7,0,two_requirements,0.5,2,0.07094899613830599,0.1317588041454701,0.09233764941859483,0.0,0.1317588041454701,0.039421154726875254,0.039421154726875254
7,0,two_requirements,0.5,3,0.07094899613830599,0.18443182541897254,0.18443182541897254,0.0,0.18443182541897254,0.0,0.0
7,0,two_requirements,0.5,4,0.2235645001327405,0.2235645001327405,0.2235645001327405,0.0,0.2235645001327405,0.0,0.0
7,0,two_requirements,0.8,1,0.0,0.0,0.0,0.0,0.0,0.0,0.0
7,0,two_requirements,0.8,2,0.1816294301140634,0.33730253861240345,0.23638438251160296,0.0,0.33730253861240345,0.10091815610080049,0.10091815610080049
7,0,two_requirements,0.8,3,0.1816294301140633,0.4112206042417082,0.4112206042417082,0.0,0.4112206042417082,0.0,0.0
7,0,two_requirements,0.8,4,0.4625303818008635,0.4625303818008635,0.4625303818008635,0.0,0.4625303818008635,0.0,0.0
7,0,two_requirements,1.0,1,0.0,0.0,0.0,0.0,0.0,0.0,0.0
7,0,two_requirements,1.0,2,0.28379598455322397,0.5270352165818804,0.36935059767437933,0.0,0.5270352165818804,0.15768461890750102,0.15768461890750102
7,0,two_requirements,1.0,3,0.2837959845532241,0.5790687890955211,0.5790687890955211,0.0,0.5790687890955211,0.0,0.0
7,0,two_requirements,1.0,4,0.6083342022524407,0.6083342022524407,0.6083342022524407,0.0,0.6083342022524407,0.0,0.0
7,1,single_requirement,0.5,1,0.22759204365654945,0.3272997183187937,0.3272997183187937,0.0,0.3272997183187937,0.0,0.0
7,1,single_requirement,0.5,2,0.4567772762056081,0.49770134607717914,0.49770134607717914,0.0,0.49770134607717914,0.0,0.0
7,1,single_requirement,0.5,3,0.5676320620588455,0.5676320620588455,0.5676320620588455,0.0,0.5676320620588455,0.0,0.0
7,1,single_requirement,0.5,4,0.5676320620588455,0.5676320620588455,0.5676320620588455,0.0,0.5676320620588455,0.0,0.0
7,1,single_requirement,0.8,1,0.3641472698504792,0.5236795493100697,0.5236795493100697,0.0,0.5236795493100697,0.0,0.0
7,1,single_requirement,0.8,2,0.6366537355900272,0.6723615722874607,0.6723615722874607,0.0,0.6723615722874607,0.0,0.0
7,1,single_requirement,0.8,3,0.7022046755340956,0.7022046755340956,0.7022046755340956,0.0,0.7022046755340956,0.0,0.0
7,1,single_requirement,0.8,4,0.7022046755340958,0.7022046755340958,0.7022046755340958,0.0,0.7022046755340958,0.0,0.0
7,1,single_requirement,1.0,1,0.4551840873130989,0.6545994366375874,0.6545994366375874,0.0,0.6545994366375874,0.0,0.0
7,1,single_requirement,1.0,2,0.7173255808717464,0.7371514808293045,0.7371514808293045,0.0,0.7371514808293045,0.0,0.0
7,1,single_requirement,1.0,3,0.742182008077914,0.742182008077914,0.742182008077914,0.0,0.742182008077914,0.0,0.0
7,1,single_requirement,1.0,4,0.7421820080779139,0.742182008077914,0.7421820080779139,0.0,0.7421820080779139,1.1102230246251565e-16,0.0
7,1,three_requirements,0.5,1,0.0,0.0,0.0,0.0,0.0,0.0,0.0
7,1,three_requirements,0.5,2,0.0,0.0,0.0,0.0,0.0,0.0,0.0
7,1,three_requirements,0.5,3,0.03526360628858565,0.035903889437432876,0.03526360628858565,0.0,0.035903889437432876,0.0006402831488472246,0.0006402831488472246
7,1,three_requirements,0.5,4,0.07703589521664755,0.07703589521664755,0.07703589521664755,0.0,0.07703589521664755,0.0,0.0
7,1,three_requirements,0.8,1,0.0,0.0,0.0,0.0,0.0,0.0,0.0
7,1,three_requirements,0.8,2,0.0,0.0,0.0,0.0,0.0,0.0,0.0
7,1,three_requirements,0.8,3,0.14443973135804672,0.14706233113572514,0.14443973135804672,0.0,0.14706233113572514,0.002622599777678425,0.002622599777678425
7,1,three_requirements,0.8,4,0.2429969019965464,0.2429969019965464,0.2429969019965464,0.0,0.2429969019965464,0.0,0.0
7,1,three_requirements,1.0,1,0.0,0.0,0.0,0.0,0.0,0.0,0.0
7,1,three_requirements,1.0,2,0.0,0.0,0.0,0.0,0.0,0.0,0.0
7,1,three_requirements,1.0,3,0.2821088503086852,0.287231115499463,0.2821088503086852,0.0,0.287231115499463,0.005122265190777797,0.005122265190777797
7,1,three_requirements,1.0,4,0.3801474325312205,0.3801474325312205,0.3801474325312205,0.0,0.3801474325312205,0.0,0.0
7,1,two_requirements,0.5,1,0.0,0.0,0.0,0.0,0.0,0.0,0.0
7,1,two_requirements,0.5,2,0.0,0.13360413279929134,0.07110657198197406,0.0,0.13360413279929134,0.06249756081731728,0.06249756081731728
7,1,two_requirements,0.5,3,0.07110657198197406,0.13360413279929137,0.07110657198197406,0.0,0.13360413279929134,0.062497560817317305,0.06249756081731728
7,1,two_requirements,0.5,4,0.19081456420769605,0.19081456420769605,0.19081456420769605,0.0,0.19081456420769605,0.0,0.0
7,1,two_requirements,0.8,1,0.0,0.0,0.0,0.0,0.0,0.0,0.0
7,1,two_requirements,0.8,2,0.0,0.3420265799661858,0.1820328242738536,0.0,0.3420265799661858,0.1599937556923322,0.1599937556923322
7,1,two_requirements,0.8,3,0.18203282427385353,0.342026579966186,0.18203282427385353,0.0,0.3420265799661859,0.15999375569233248,0.15999375569233237
7,1,two_requirements,0.8,4,0.4329896573770955,0.4329896573770955,0.4329896573770955,0.0,0.4329896573770955,0.0,0.0
7,1,two_requirements,1.0,1,0.0,0.0,0.0,0.0,0.0,0.0,0.0
7,1,two_requirements,1.0,2,0.0,0.5344165311971654,0.28442628792789626,0.0,0.5344165311971654,0.2499902432692691,0.2499902432692691
7,1,two_requirements,1.0,3,0.28442628792789615,0.5344165311971656,0.28442628792789615,0.0,0.5344165311971654,0.24999024326926944,0.24999024326926922
7,1,two_requirements,1.0,4,0.5965045699479521,0.5965045699479521,0.5965045699479521,0.0,0.5965045699479521,0.0,0.0
7,2,single_requirement,0.5,1,0.0,0.35446779377027265,0.35446779377027265,0.0,0.35446779377027265,0.0,0.0
7,2,single_requirement,0.5,2,0.0,0.3544677937702727,0.3544677937702727,0.0,0.3544677937702727,0.0,0.0
7,2,single_requirement,0.5,3,0.0,0.3544677937702727,0.35446779377027265,0.0,0.35446779377027265,5.551115123125783e-17,0.0
7,2,single_requirement,0.5,4,0.35446779377027265,0.3544677937702727,0.35446779377027265,0.0,0.35446779377027265,5.551115123125783e-17,0.0
7,2,single_requirement,0.8,1,0.0,0.5671484700324362,0.5671484700324362,0.0,0.5671484700324362,0.0,0.0
7,2,single_requirement,0.8,2,0.0,0.5671484700324363,0.5671484700324362,0.0,0.5671484700324362,1.1102230246251565e-16,0.0
7,2,single_requirement,0.8,3,0.0,0.5671484700324363,0.5671484700324362,0.0,0.5671484700324362,1.1102230246251565e-16,0.0
7,2,single_requirement,0.8,4,0.5671484700324363,0.5671484700324363,0.5671484700324363,0.0,0.5671484700324363,0.0,0.0
7,2,single_requirement,1.0,1,0.0,0.7089355875405453,0.7089355875405453,0.0,0.7089355875405453,0.0,0.0
7,2,single_requirement,1.0,2,0.0,0.7089355875405454,0.7089355875405454,0.0,0.7089355875405454,0.0,0.0
7,2,single_requirement,1.0,3,0.0,0.7089355875405454,0.7089355875405454,0.0,0.7089355875405454,0.0,0.0
7,2,single_requirement,1.0,4,0.7089355875405452,0.7089355875405454,0.7089355875405452,0.0,0.7089355875405452,2.220446049250313e-16,0.0
7,2,three_requirements,0.5,1,0.0,0.0,0.0,0.0,0.0,0.0,0.0
7,2,three_requirements,0.5,2,0.0,0.0,0.0,0.0,0.0,0.0,0.0
7,2,three_requirements,0.5,3,0.02303296315136593,0.04211395371590454,0.04211395371590454,0.0,0.04211395371590454,0.0,0.0
7,2,three_requirements,0.5,4,0.07271427151149742,0.07271427151149742,0.07271427151149742,0.0,0.07271427151149742,0.0,0.0
7,2,three_requirements,0.8,1,0.0,0.0,0.0,0.0,0.0,0.0,0.0
7,2,three_requirements,0.8,2,0.0,0.0,0.0,0.0,0.0,0.0,0.0
7,2,three_requirements,0.8,3,0.09434301706799492,0.17249875442034496,0.17249875442034496,0.0,0.17249875442034496,0.0,0.0
7,2,three_requirements,0.8,4,0.24369945132481277,0.24369945132481277,0.24369945132481277,0.0,0.24369945132481277,0.0,0.0
7,2,three_requirements,1.0,1,0.0,0.0,0.0,0.0,0.0,0.0,0.0
7,2,three_requirements,1.0,2,0.0,0.0,0.0,0.0,0.0,0.0,0.0
7,2,three_requirements,1.0,3,0.18426370521092744,0.3369116297272363,0.3369116297272363,0.0,0.3369116297272363,0.0,0.0
7,2,three_requirements,1.0,4,0.4054830367199721,0.4054830367199721,0.4054830367199721,0.0,0.4054830367199721,0.0,0.0
7,2,two_requirements,0.5,1,0.0,0.0,0.0,0.0,0.0,0.0,0.0
7,2,two_requirements,0.5,2,0.0,0.10058067038114366,0.09251144122555738,0.0,0.10058067038114366,0.008069229155586277,0.008069229155586277
7,2,two_requirements,0.5,3,0.07935729747083349,0.19979257785735846,0.19979257785735846,0.0,0.19979257785735846,0.0,0.0
7,2,two_requirements,0.5,4,0.22549027286652853,0.22549027286652853,0.22549027286652853,0.0,0.22549027286652853,0.0,0.0
7,2,two_requirements,0.8,1,0.0,0.0,0.0,0.0,0.0,0.0,0.0
7,2,two_requirements,0.8,2,0.0,0.25748651617572793,0.23682928953742682,0.0,0.25748651617572793,0.020657226638301107,0.020657226638301107
7,2,two_requirements,0.8,3,0.20315468152533378,0.3998681065606474,0.3998681065606474,0.0,0.3998681065606474,0.0,0.0
7,2,two_requirements,0.8,4,0.42246412056707094,0.42246412056707094,0.42246412056707094,0.0,0.42246412056707094,0.0,0.0
7,2,two_requirements,1.0,1,0.0,0.0,0.0,0.0,0.0,0.0,0.0
7,2,two_requirements,1.0,2,0.0,0.4023226815245746,0.3700457649022295,0.0,0.4023226815245746,0.03227691662234511,0.03227691662234511
7,2,two_requirements,1.0,3,0.3174291898833338,0.5085429865487294,0.5085429865487294,0.0,0.5085429865487294,0.0,0.0
7,2,two_requirements,1.0,4,0.5184227086763565,0.5184227086763565,0.5184227086763565,0.0,0.5184227086763565,0.0,0.0
7,3,single_requirement,0.5,1,0.36876674537445375,0.3771720867459343,0.3771720867459343,0.0,0.3771720867459343,0.0,0.0
7,3,single_requirement,0.5,2,0.5900678413434964,0.5900678413434964,0.5900678413434964,0.0,0.5900678413434964,0.0,0.0
7,3,single_requirement,0.5,3,0.5900678413434963,0.6835369925462101,0.6835369925462101,0.0,0.6835369925462101,0.0,0.0
7,3,single_requirement,0.5,4,0.68353699254621,0.6835369925462101,0.68353699254621,0.0,0.68353699254621,1.1102230246251565e-16,0.0
7,3,single_requirement,0.8,1,0.5900267925991258,0.6034753387934947,0.6034753387934947,0.0,0.6034753387934947,0.0,0.0
7,3,single_requirement,0.8,2,0.7944723950037782,0.7944723950037782,0.7944723950037782,0.0,0.7944723950037782,0.0,0.0
7,3,single_requirement,0.8,3,0.7944723950037782,0.8393225826705986,0.8393225826705986,0.0,0.8393225826705986,0.0,0.0
7,3,single_requirement,0.8,4,0.8393225826705988,0.8393225826705988,0.8393225826705988,0.0,0.8393225826705988,0.0,0.0
7,3,single_requirement,1.0,1,0.7375334907489075,0.7543441734918686,0.7543441734918686,0.0,0.7543441734918686,0.0,0.0
7,3,single_requirement,1.0,2,0.8683937011332092,0.8683937011332092,0.8683937011332092,0.0,0.8683937011332092,0.0,0.0
7,3,single_requirement,1.0,3,0.8683937011332095,0.8793924834314185,0.8793924834314185,0.0,0.8793924834314185,0.0,0.0
7,3,single_requirement,1.0,4,0.8793924834314184,0.8793924834314185,0.8793924834314184,0.0,0.8793924834314184,1.1102230246251565e-16,0.0
7,3,three_requirements,0.5,1,0.0,0.0,0.0,0.0,0.0,0.0,0.0
7,3,three_requirements,0.5,2,0.0,0.0,0.0,0.0,0.0,0.0,0.0
7,3,three_requirements,0.5,3,0.04124438094710765,0.042816834262063286,0.04124438094710765,0.0,0.042816834262063286,0.0015724533149556325,0.0015724533149556325
7,3,three_requirements,0.5,4,0.06531532386267572,0.06531532386267572,0.06531532386267572,0.0,0.06531532386267572,0.0,0.0
7,3,three_requirements,0.8,1,0.0,0.0,0.0,0.0,0.0,0.0,0.0
7,3,three_requirements,0.8,2,0.0,0.0,0.0,0.0,0.0,0.0,0.0
7,3,three_requirements,0.8,3,0.16893698435935303,0.17537775313741125,0.16893698435935303,0.0,0.17537775313741125,0.006440768778058215,0.006440768778058215
7,3,three_requirements,0.8,4,0.22146166396837316,0.22146166396837316,0.22146166396837316,0.0,0.22146166396837316,0.0,0.0
7,3,three_requirements,1.0,1,0.0,0.0,0.0,0.0,0.0,0.0,0.0
7,3,three_requirements,1.0,2,0.0,0.0,0.0,0.0,0.0,0.0,0.0
7,3,three_requirements,1.0,3,0.3299550475768612,0.3425346740965063,0.3299550475768612,0.0,0.3425346740965063,0.01257962651964506,0.01257962651964506
7,3,three_requirements,1.0,4,0.3725554601294441,0.3725554601294441,0.3725554601294441,0.0,0.3725554601294441,0.0,0.0
7,3,two_requirements,0.5,1,0.0,0.0,0.0,0.0,0.0,0.0,0.0
7,3,two_requirements,0.5,2,0.0,0.14929072502470958,0.14556277375285412,0.0,0.14929072502470958,0.003727951271855462,0.003727951271855462
7,3,two_requirements,0.5,3,0.14556277375285415,0.2790878432746769,0.2790878432746769,0.0,0.21624684346925077,0.0,-0.06284099980542612
7,3,two_requirements,0.5,4,0.3413997707457267,0.3413997707457267,0.3413997707457267,0.0,0.3413997707457267,0.0,0.0
7,3,two_requirements,0.8,1,0.0,0.0,0.0,0.0,0.0,0.0,0.0
7,3,two_requirements,0.8,2,0.0,0.3821842560632567,0.37264070080730655,0.0,0.3821842560632567,0.009543555255950131,0.009543555255950131
7,3,two_requirements,0.8,3,0.37264070080730666,0.5592821170284454,0.5592821170284454,0.0,0.471213357757814,0.0,-0.08806875927063146
7,3,two_requirements,0.8,4,0.6278171767660625,0.6278171767660625,0.6278171767660625,0.0,0.6278171767660625,0.0,0.0
7,3,two_requirements,1.0,1,0.0,0.0,0.0,0.0,0.0,0.0,0.0
7,3,two_requirements,1.0,2,0.0,0.5971629000988383,0.5822510950114165,0.0,0.5971629000988383,0.014911805087421848,0.014911805087421848
7,3,two_requirements,1.0,3,0.5822510950114166,0.7122295976957719,0.7122295976957719,0.0,0.6504598699096387,0.0,-0.06176972778613321
7,3,two_requirements,1.0,4,0.7522859404582714,0.7522859404582714,0.7522859404582714,0.0,0.7522859404582714,0.0,0.0
7,4,single_requirement,0.5,1,0.1963782394565804,0.3159158038855814,0.3159158038855814,0.0,0.3159158038855814,0.0,0.0
7,4,single_requirement,0.5,2,0.19637823945658034,0.4811858047094433,0.4811858047094433,0.0,0.4811858047094433,0.0,0.0
7,4,single_requirement,0.5,3,0.4024886955909015,0.5443203948471291,0.5443203948471291,0.0,0.5443203948471291,0.0,0.0
7,4,single_requirement,0.5,4,0.5443203948471291,0.5443203948471291,0.5443203948471291,0.0,0.5443203948471291,0.0,0.0
7,4,single_requirement,0.8,1,0.3142051831305285,0.5054652862169303,0.5054652862169303,0.0,0.5054652862169303,0.0,0.0
7,4,single_requirement,0.8,2,0.3142051831305284,0.6489713254315544,0.6489713254315544,0.0,0.6489713254315544,0.0,0.0
7,4,single_requirement,0.8,3,0.5622627879399287,0.6786249164198169,0.6786249164198169,0.0,0.6786249164198169,0.0,0.0
7,4,single_requirement,0.8,4,0.678624916419817,0.678624916419817,0.678624916419817,0.0,0.678624916419817,0.0,0.0
7,4,single_requirement,1.0,1,0.3927564789131608,0.6318316077711628,0.6318316077711628,0.0,0.6318316077711628,0.0,0.0
7,4,single_requirement,1.0,2,0.39275647891316057,0.7104425217031478,0.7104425217031478,0.0,0.7104425217031478,0.0,0.0
7,4,single_requirement,1.0,3,0.6347292140869829,0.717495627596209,0.717495627596209,0.0,0.717495627596209,0.0,0.0
7,4,single_requirement,1.0,4,0.717495627596209,0.717495627596209,0.717495627596209,0.0,0.717495627596209,0.0,0.0
7,4,three_requirements,0.5,1,0.0,0.0,0.0,0.0,0.0,0.0,0.0
7,4,three_requirements,0.5,2,0.0,0.0,0.0,0.0,0.0,0.0,0.0
7,4,three_requirements,0.5,3,0.0,0.0,0.0,0.0,0.0,0.0,0.0
7,4,three_requirements,0.5,4,0.0,0.0,0.0,0.0,0.0,0.0,0.0
7,4,three_requirements,0.8,1,0.0,0.0,0.0,0.0,0.0,0.0,0.0
7,4,three_requirements,0.8,2,0.0,0.0,0.0,0.0,0.0,0.0,0.0
7,4,three_requirements,0.8,3,0.0,0.0,0.0,0.0,0.0,0.0,0.0
7,4,three_requirements,0.8,4,0.0,0.0,0.0,0.0,0.0,0.0,0.0
7,4,three_requirements,1.0,1,0.0,0.0,0.0,0.0,0.0,0.0,0.0
7,4,three_requirements,1.0,2,0.0,0.0,0.0,0.0,0.0,0.0,0.0
7,4,three_requirements,1.0,3,0.0,0.0,0.0,0.0,0.0,0.0,0.0
7,4,three_requirements,1.0,4,0.0,0.0,0.0,0.0,0.0,0.0,0.0
7,4,two_requirements,0.5,1,0.0,0.0,0.0,0.0,0.0,0.0,0.0
7,4,two_requirements,0.5,2,0.0,0.09715254946855115,0.09715254946855115,0.0,0.09715254946855115,0.0,0.0
7,4,two_requirements,0.5,3,0.04250997771064796,0.16976765766974325,0.16976765766974325,0.0,0.16976765766974325,0.0,0.0
7,4,two_requirements,0.5,4,0.16976765766974322,0.16976765766974325,0.16976765766974322,0.0,0.16976765766974322,2.7755575615628914e-17,0.0
7,4,two_requirements,0.8,1,0.0,0.0,0.0,0.0,0.0,0.0,0.0
7,4,two_requirements,0.8,2,0.0,0.24871052663949086,0.24871052663949086,0.0,0.24871052663949086,0.0,0.0
7,4,two_requirements,0.8,3,0.10882554293925881,0.3508258966513501,0.3508258966513501,0.0,0.3508258966513501,0.0,0.0
7,4,two_requirements,0.8,4,0.3508258966513502,0.3508258966513502,0.3508258966513502,0.0,0.3508258966513502,0.0,0.0
7,4,two_requirements,1.0,1,0.0,0.0,0.0,0.0,0.0,0.0,0.0
7,4,two_requirements,1.0,2,0.0,0.3886101978742046,0.3886101978742046,0.0,0.3886101978742046,0.0,0.0
7,4,two_requirements,1.0,3,0.17003991084259173,0.4608953520769092,0.4608953520769092,0.0,0.4608953520769092,0.0,0.0
7,4,two_requirements,1.0,4,0.460895352076909,0.4608953520769092,0.460895352076909,0.0,0.460895352076909,1.6653345369377348e-16,0.0
7,5,single_requirement,0.5,1,0.16494355550044043,0.376842730191196,0.376842730191196,0.0,0.376842730191196,0.0,0.0
7,5,single_requirement,0.5,2,0.41345366855997884,0.5455170418966396,0.5455170418966396,0.0,0.5455170418966396,0.0,0.0
7,5,single_requirement,0.5,3,0.41345366855997895,0.5974766998028349,0.5974766998028349,0.0,0.5974766998028349,0.0,0.0
7,5,single_requirement,0.5,4,0.5974766998028349,0.5974766998028349,0.5974766998028349,0.0,0.5974766998028349,0.0,0.0
7,5,single_requirement,0.8,1,0.2639096888007049,0.6029483683059136,0.6029483683059136,0.0,0.6029483683059136,0.0,0.0
7,5,single_requirement,0.8,2,0.5966543059502013,0.7313133339889274,0.7313133339889274,0.0,0.7313133339889274,0.0,0.0
7,5,single_requirement,0.8,3,0.5966543059502014,0.7543902119253467,0.7543902119253467,0.0,0.7543902119253467,0.0,0.0
7,5,single_requirement,0.8,4,0.7543902119253464,0.7543902119253467,0.7543902119253464,0.0,0.7543902119253464,3.3306690738754696e-16,0.0
7,5,single_requirement,1.0,1,0.32988711100088086,0.753685460382392,0.753685460382392,0.0,0.753685460382392,0.0,0.0
7,5,single_requirement,1.0,2,0.6917582459829472,0.7962133899480794,0.7962133899480794,0.0,0.7962133899480794,0.0,0.0
7,5,single_requirement,1.0,3,0.6917582459829472,0.8002221162412034,0.8002221162412034,0.0,0.8002221162412034,0.0,0.0
7,5,single_requirement,1.0,4,0.8002221162412033,0.8002221162412034,0.8002221162412033,0.0,0.8002221162412033,1.1102230246251565e-16,0.0
7,5,three_requirements,0.5,1,0.0,0.0,0.0,0.0,0.0,0.0,0.0
7,5,three_requirements,0.5,2,0.0,0.0,0.0,0.0,0.0,0.0,0.0
7,5,three_requirements,0.5,3,0.015969110951271806,0.034533662865617286,0.015969110951271806,0.0,0.034533662865617286,0.01856455191434548,0.01856455191434548
7,5,three_requirements,0.5,4,0.04305536338074206,0.04305536338074206,0.04305536338074206,0.0,0.04305536338074206,0.0,0.0
7,5,three_requirements,0.8,1,0.0,0.0,0.0,0.0,0.0,0.0,0.0
7,5,three_requirements,0.8,2,0.0,0.0,0.0,0.0,0.0,0.0,0.0
7,5,three_requirements,0.8,3,0.06540947845640946,0.14144988309756856,0.06540947845640946,0.0,0.14144988309756856,0.0760404046411591,0.0760404046411591
7,5,three_requirements,0.8,4,0.1580520125196445,0.1580520125196445,0.1580520125196445,0.0,0.1580520125196445,0.0,0.0
7,5,three_requirements,1.0,1,0.0,0.0,0.0,0.0,0.0,0.0,0.0
7,5,three_requirements,1.0,2,0.0,0.0,0.0,0.0,0.0,0.0,0.0
7,5,three_requirements,1.0,3,0.12775288761017445,0.2762693029249383,0.12775288761017445,0.0,0.2762693029249383,0.14851641531476384,0.14851641531476384
7,5,three_requirements,1.0,4,0.28486362355676026,0.28486362355676026,0.28486362355676026,0.0,0.28486362355676026,0.0,0.0
7,5,two_requirements,0.5,1,0.0,0.0,0.0,0.0,0.0,0.0,0.0
7,5,two_requirements,0.5,2,0.0803586838061791,0.11738182870744926,0.0803586838061791,0.0,0.11738182870744926,0.037023144901270164,0.037023144901270164
7,5,two_requirements,0.5,3,0.11448150213503494,0.19208962280451247,0.1258127975839895,0.0,0.19208962280451247,0.06627682522052297,0.06627682522052297
7,5,two_requirements,0.5,4,0.22571317431644222,0.22571317431644222,0.22571317431644222,0.0,0.22571317431644222,0.0,0.0
7,5,two_requirements,0.8,1,0.0,0.0,0.0,0.0,0.0,0.0,0.0
7,5,two_requirements,0.8,2,0.2057182305438185,0.30049748149107003,0.2057182305438185,0.0,0.30049748149107003,0.09477925094725154,0.09477925094725154
7,5,two_requirements,0.8,3,0.2566980234219337,0.39944213374490256,0.2736270792068695,0.0,0.39944213374490256,0.12581505453803304,0.12581505453803304
7,5,two_requirements,0.8,4,0.43460228872816725,0.43460228872816725,0.43460228872816725,0.0,0.43460228872816725,0.0,0.0
7,5,two_requirements,1.0,1,0.0,0.0,0.0,0.0,0.0,0.0,0.0
7,5,two_requirements,1.0,2,0.3214347352247164,0.46952731482979704,0.3214347352247164,0.0,0.46952731482979704,0.14809257960508065,0.14809257960508065
7,5,two_requirements,1.0,3,0.36320043030119237,0.5279748958153164,0.37706972521058424,0.0,0.5279748958153164,0.1509051706047322,0.1509051706047322
7,5,two_requirements,1.0,4,0.5434616010606859,0.5434616010606859,0.5434616010606859,0.0,0.5434616010606859,0.0,0.0
7,6,single_requirement,0.5,1,0.0,0.28519761633420554,0.28519761633420554,0.0,0.28519761633420554,0.0,0.0
7,6,single_requirement,0.5,2,0.21221482553907356,0.407094476739805,0.407094476739805,0.0,0.407094476739805,0.0,0.0
7,6,single_requirement,0.5,3,0.4070944767398051,0.4070944767398051,0.4070944767398051,0.0,0.4070944767398051,0.0,0.0
7,6,single_requirement,0.5,4,0.4070944767398051,0.4070944767398051,0.4070944767398051,0.0,0.4070944767398051,0.0,0.0
7,6,single_requirement,0.8,1,0.0,0.4563161861347289,0.4563161861347289,0.0,0.4563161861347289,0.0,0.0
7,6,single_requirement,0.8,2,0.3395437208625177,0.5646459162555533,0.5646459162555533,0.0,0.5646459162555533,0.0,0.0
7,6,single_requirement,0.8,3,0.5646459162555533,0.5646459162555533,0.5646459162555533,0.0,0.5646459162555533,0.0,0.0
7,6,single_requirement,0.8,4,0.5646459162555532,0.5646459162555533,0.5646459162555532,0.0,0.5646459162555532,1.1102230246251565e-16,0.0
7,6,single_requirement,1.0,1,0.0,0.5703952326684111,0.5703952326684111,0.0,0.5703952326684111,0.0,0.0
7,6,single_requirement,1.0,2,0.42442965107814734,0.633553023212662,0.633553023212662,0.0,0.633553023212662,0.0,0.0
7,6,single_requirement,1.0,3,0.6335530232126623,0.6335530232126623,0.6335530232126623,0.0,0.6335530232126623,0.0,0.0
7,6,single_requirement,1.0,4,0.6335530232126624,0.6335530232126624,0.6335530232126624,0.0,0.6335530232126624,0.0,0.0
7,6,three_requirements,0.5,1,0.0,0.0,0.0,0.0,0.0,0.0,0.0
7,6,three_requirements,0.5,2,0.0,0.0,0.0,0.0,0.0,0.0,0.0
7,6,three_requirements,0.5,3,0.0,0.0,0.0,0.0,0.0,0.0,0.0
7,6,three_requirements,0.5,4,0.0,0.0,0.0,0.0,0.0,0.0,0.0
7,6,three_requirements,0.8,1,0.0,0.0,0.0,0.0,0.0,0.0,0.0
7,6,three_requirements,0.8,2,0.0,0.0,0.0,0.0,0.0,0.0,0.0
7,6,three_requirements,0.8,3,0.0,0.0,0.0,0.0,0.0,0.0,0.0
7,6,three_requirements,0.8,4,0.0,0.0,0.0,0.0,0.0,0.0,0.0
7,6,three_requirements,1.0,1,0.0,0.0,0.0,0.0,0.0,0.0,0.0
7,6,three_requirements,1.0,2,0.0,0.0,0.0,0.0,0.0,0.0,0.0
7,6,three_requirements,1.0,3,0.0,0.0,0.0,0.0,0.0,0.0,0.0
7,6,three_requirements,1.0,4,0.0,0.0,0.0,0.0,0.0,0.0,0.0
7,6,two_requirements,0.5,1,0.0,0.0,0.0,0.0,0.0,0.0,0.0
7,6,two_requirements,0.5,2,0.0,0.07904326268625098,0.0735755551605898,0.0,0.07904326268625098,0.00546770752566117,0.00546770752566117
7,6,two_requirements,0.5,3,0.038855881200695774,0.12338118575563284,0.12338118575563284,0.0,0.12338118575563284,0.0,0.0
7,6,two_requirements,0.5,4,0.14472013332240669,0.14472013332240669,0.14472013332240669,0.0,0.14472013332240669,0.0,0.0
7,6,two_requirements,0.8,1,0.0,0.0,0.0,0.0,0.0,0.0,0.0
7,6,two_requirements,0.8,2,0.0,0.20235075247680254,0.18835342121110993,0.0,0.20235075247680254,0.013997331265692609,0.013997331265692609
7,6,two_requirements,0.8,3,0.09947105587378124,0.27094683264232466,0.27094683264232466,0.0,0.27094683264232466,0.0,0.0
7,6,two_requirements,0.8,4,0.2986685283515618,0.2986685283515618,0.2986685283515618,0.0,0.2986685283515618,0.0,0.0
7,6,two_requirements,1.0,1,0.0,0.0,0.0,0.0,0.0,0.0,0.0
7,6,two_requirements,1.0,2,0.0,0.3161730507450039,0.2943022206423592,0.0,0.3161730507450039,0.02187083010264468,0.02187083010264468
7,6,two_requirements,1.0,3,0.15542352480278326,0.3765742146576998,0.3765742146576998,0.0,0.3765742146576998,0.0,0.0
7,6,two_requirements,1.0,4,0.39186227038910754,0.39186227038910754,0.39186227038910754,0.0,0.39186227038910754,0.0,0.0
7,7,single_requirement,0.5,1,0.2345246577724188,0.3260036482162788,0.3260036482162788,0.0,0.3260036482162788,0.0,0.0
7,7,single_requirement,0.5,2,0.2345246577724187,0.4634422583188327,0.4634422583188327,0.0,0.4634422583188327,0.0,0.0
7,7,single_requirement,0.5,3,0.36374747975849403,0.5391707775116006,0.5391707775116006,0.0,0.5391707775116006,0.0,0.0
7,7,single_requirement,0.5,4,0.5391707775116006,0.5391707775116006,0.5391707775116006,0.0,0.5391707775116006,0.0,0.0
7,7,single_requirement,0.8,1,0.37523945243587,0.5216058371460462,0.5216058371460462,0.0,0.5216058371460462,0.0,0.0
7,7,single_requirement,0.8,2,0.3752394524358702,0.6483050075470623,0.6483050075470623,0.0,0.6483050075470623,0.0,0.0
7,7,single_requirement,0.8,3,0.5048417633685252,0.6920650790710667,0.6920650790710667,0.0,0.6920650790710667,0.0,0.0
7,7,single_requirement,0.8,4,0.6920650790710667,0.6920650790710667,0.6920650790710667,0.0,0.6920650790710667,0.0,0.0
7,7,single_requirement,1.0,1,0.4690493155448376,0.6520072964325576,0.6520072964325576,0.0,0.6520072964325576,0.0,0.0
7,7,single_requirement,1.0,2,0.4690493155448374,0.7327124212979358,0.7327124212979358,0.0,0.7327124212979358,0.0,0.0
7,7,single_requirement,1.0,3,0.5667570340064354,0.7495241154149921,0.7495241154149921,0.0,0.7495241154149921,0.0,0.0
7,7,single_requirement,1.0,4,0.7495241154149922,0.7495241154149922,0.7495241154149922,0.0,0.7495241154149922,0.0,0.0
7,7,three_requirements,0.5,1,0.0,0.0,0.0,0.0,0.0,0.0,0.0
7,7,three_requirements,0.5,2,0.0,0.0,0.0,0.0,0.0,0.0,0.0
7,7,three_requirements,0.5,3,0.0,0.0,0.0,0.0,0.0,0.0,0.0
7,7,three_requirements,0.5,4,0.0,0.0,0.0,0.0,0.0,0.0,0.0
7,7,three_requirements,0.8,1,0.0,0.0,0.0,0.0,0.0,0.0,0.0
7,7,three_requirements,0.8,2,0.0,0.0,0.0,0.0,0.0,0.0,0.0
7,7,three_requirements,0.8,3,0.0,0.0,0.0,0.0,0.0,0.0,0.0
7,7,three_requirements,0.8,4,0.0,0.0,0.0,0.0,0.0,0.0,0.0
7,7,three_requirements,1.0,1,0.0,0.0,0.0,0.0,0.0,0.0,0.0
7,7,three_requirements,1.0,2,0.0,0.0,0.0,0.0,0.0,0.0,0.0
7,7,three_requirements,1.0,3,0.0,0.0,0.0,0.0,0.0,0.0,0.0
7,7,three_requirements,1.0,4,0.0,0.0,0.0,0.0,0.0,0.0,0.0
7,7,two_requirements,0.5,1,0.0,0.0,0.0,0.0,0.0,0.0,0.0
7,7,two_requirements,0.5,2,0.0,0.08550411477289714,0.044338117988656486,0.0,0.08550411477289714,0.041165996784240655,0.041165996784240655
7,7,two_requirements,0.5,3,0.0,0.11895897184389465,0.11229559084605199,0.0,0.11895897184389465,0.006663380997842652,0.006663380997842652
7,7,two_requirements,0.5,4,0.13467631515133863,0.13467631515133863,0.13467631515133863,0.0,0.13467631515133863,0.0,0.0
7,7,two_requirements,0.8,1,0.0,0.0,0.0,0.0,0.0,0.0,0.0
7,7,two_requirements,0.8,2,0.0,0.2188905338186167,0.11350558205096081,0.0,0.2188905338186167,0.10538495176765589,0.10538495176765589
7,7,two_requirements,0.8,3,0.0,0.2708801096407621,0.2605250705836829,0.0,0.2708801096407621,0.010355039057079185,0.010355039057079185
7,7,two_requirements,0.8,4,0.2849795371633953,0.2849795371633953,0.2849795371633953,0.0,0.2849795371633953,0.0,0.0
7,7,two_requirements,1.0,1,0.0,0.0,0.0,0.0,0.0,0.0,0.0
7,7,two_requirements,1.0,2,0.0,0.34201645909158856,0.17735247195462595,0.0,0.34201645909158856,0.16466398713696262,0.16466398713696262
7,7,two_requirements,1.0,3,0.0,0.3881930272724314,0.37899579572220143,0.0,0.3881930272724314,0.009197231550229945,0.009197231550229945
7,7,two_requirements,1.0,4,0.3946018882549589,0.3946018882549589,0.3946018882549589,0.0,0.3946018882549589,0.0,0.0
7,8,single_requirement,0.5,1,0.09228450462456184,0.3359904619015108,0.3359904619015108,0.0,0.3359904619015108,0.0,0.0
7,8,single_requirement,0.5,2,0.3627804566983155,0.5155603212274378,0.5155603212274378,0.0,0.5155603212274378,0.0,0.0
7,8,single_requirement,0.5,3,0.5473533996336808,0.5473533996336808,0.5473533996336808,0.0,0.5473533996336808,0.0,0.0
7,8,single_requirement,0.5,4,0.547353399633681,0.547353399633681,0.547353399633681,0.0,0.547353399633681,0.0,0.0
7,8,single_requirement,0.8,1,0.147655207399299,0.5375847390424173,0.5375847390424173,0.0,0.5375847390424173,0.0,0.0
7,8,single_requirement,0.8,2,0.5442420431937872,0.7014007774024686,0.7014007774024686,0.0,0.7014007774024686,0.0,0.0
7,8,single_requirement,0.8,3,0.7183770831097778,0.7183770831097778,0.7183770831097778,0.0,0.7183770831097778,0.0,0.0
7,8,single_requirement,0.8,4,0.7183770831097778,0.7183770831097778,0.7183770831097778,0.0,0.7183770831097778,0.0,0.0
7,8,single_requirement,1.0,1,0.18456900924912367,0.6719809238030215,0.6719809238030215,0.0,0.6719809238030215,0.0,0.0
7,8,single_requirement,1.0,2,0.6501303143893022,0.7738378579518932,0.7738378579518932,0.0,0.7738378579518932,0.0,0.0
7,8,single_requirement,1.0,3,0.7794076972936426,0.7794076972936426,0.7794076972936426,0.0,0.7794076972936426,0.0,0.0
7,8,single_requirement,1.0,4,0.7794076972936429,0.7794076972936429,0.7794076972936429,0.0,0.7794076972936429,0.0,0.0
7,8,three_requirements,0.5,1,0.0,0.0,0.0,0.0,0.0,0.0,0.0
7,8,three_requirements,0.5,2,0.0,0.0,0.0,0.0,0.0,0.0,0.0
7,8,three_requirements,0.5,3,0.0,0.0,0.0,0.0,0.0,0.0,0.0
7,8,three_requirements,0.5,4,0.0,0.0,0.0,0.0,0.0,0.0,0.0
7,8,three_requirements,0.8,1,0.0,0.0,0.0,0.0,0.0,0.0,0.0
7,8,three_requirements,0.8,2,0.0,0.0,0.0,0.0,0.0,0.0,0.0
7,8,three_requirements,0.8,3,0.0,0.0,0.0,0.0,0.0,0.0,0.0
7,8,three_requirements,0.8,4,0.0,0.0,0.0,0.0,0.0,0.0,0.0
7,8,three_requirements,1.0,1,0.0,0.0,0.0,0.0,0.0,0.0,0.0
7,8,three_requirements,1.0,2,0.0,0.0,0.0,0.0,0.0,0.0,0.0
7,8,three_requirements,1.0,3,0.0,0.0,0.0,0.0,0.0,0.0,0.0
7,8,three_requirements,1.0,4,0.0,0.0,0.0,0.0,0.0,0.0,0.0
7,8,two_requirements,0.5,1,0.0,0.0,0.0,0.0,0.0,0.0,0.0
7,8,two_requirements,0.5,2,0.0,0.06814706553477069,0.06814706553477069,0.0,0.06814706553477069,0.0,0.0
7,8,two_requirements,0.5,3,0.0,0.06814706553477072,0.06814706553477072,0.0,0.06814706553477072,0.0,0.0
7,8,two_requirements,0.5,4,0.06814706553477069,0.06814706553477072,0.06814706553477069,0.0,0.06814706553477069,2.7755575615628914e-17,0.0
7,8,two_requirements,0.8,1,0.0,0.0,0.0,0.0,0.0,0.0,0.0
7,8,two_requirements,0.8,2,0.0,0.17445648776901296,0.17445648776901296,0.0,0.17445648776901296,0.0,0.0
7,8,two_requirements,0.8,3,0.0,0.174456487769013,0.17445648776901285,0.0,0.17445648776901285,1.6653345369377348e-16,0.0
7,8,two_requirements,0.8,4,0.1744564877690129,0.174456487769013,0.1744564877690129,0.0,0.1744564877690129,1.1102230246251565e-16,0.0
7,8,two_requirements,1.0,1,0.0,0.0,0.0,0.0,0.0,0.0,0.0
7,8,two_requirements,1.0,2,0.0,0.27258826213908277,0.27258826213908277,0.0,0.27258826213908277,0.0,0.0
7,8,two_requirements,1.0,3,0.0,0.27258826213908305,0.27258826213908305,0.0,0.27258826213908305,0.0,0.0
7,8,two_requirements,1.0,4,0.2725882621390827,0.27258826213908305,0.2725882621390827,0.0,0.2725882621390827,3.3306690738754696e-16,0.0
7,9,single_requirement,0.5,1,0.12625360504794497,0.4344220513457578,0.4344220513457578,0.0,0.4344220513457578,0.0,0.0
7,9,single_requirement,0.5,2,0.3044896392941001,0.5582125322657283,0.5582125322657283,0.0,0.5582125322657283,0.0,0.0
7,9,single_requirement,0.5,3,0.30448963929410017,0.6006384275964418,0.6006384275964418,0.0,0.6006384275964418,0.0,0.0
7,9,single_requirement,0.5,4,0.6006384275964418,0.6006384275964418,0.6006384275964418,0.0,0.6006384275964418,0.0,0.0
7,9,single_requirement,0.8,1,0.2020057680767121,0.6950752821532127,0.6950752821532127,0.0,0.6950752821532127,0.0,0.0
7,9,single_requirement,0.8,2,0.44059063531123344,0.7942795328727015,0.7942795328727015,0.0,0.7942795328727015,0.0,0.0
7,9,single_requirement,0.8,3,0.44059063531123327,0.815539925909047,0.815539925909047,0.0,0.815539925909047,0.0,0.0
7,9,single_requirement,0.8,4,0.8155399259090469,0.815539925909047,0.8155399259090469,0.0,0.8155399259090469,1.1102230246251565e-16,0.0
7,9,single_requirement,1.0,1,0.25250721009588994,0.8688441026915156,0.8688441026915156,0.0,0.8688441026915156,0.0,0.0
7,9,single_requirement,1.0,2,0.511910971172936,0.9104656504638237,0.9104656504638237,0.0,0.9104656504638237,0.0,0.0
7,9,single_requirement,1.0,3,0.5119109711729362,0.9158223389713764,0.9158223389713764,0.0,0.9158223389713764,0.0,0.0
7,9,single_requirement,1.0,4,0.9158223389713765,0.9158223389713765,0.9158223389713765,0.0,0.9158223389713765,0.0,0.0
7,9,three_requirements,0.5,1,0.0,0.0,0.0,0.0,0.0,0.0,0.0
7,9,three_requirements,0.5,2,0.0,0.0,0.0,0.0,0.0,0.0,0.0
7,9,three_requirements,0.5,3,0.0,0.034096124347345484,0.0,0.0,0.0,0.034096124347345484,0.0
7,9,three_requirements,0.5,4,0.03409612434734549,0.03409612434734549,0.03409612434734549,0.0,0.03409612434734549,0.0,0.0
7,9,three_requirements,0.8,1,0.0,0.0,0.0,0.0,0.0,0.0,0.0
7,9,three_requirements,0.8,2,0.0,0.0,0.0,0.0,0.0,0.0,0.0
7,9,three_requirements,0.8,3,0.0,0.13965772532672704,0.0,0.0,0.0,0.13965772532672704,0.0
7,9,three_requirements,0.8,4,0.13965772532672716,0.13965772532672716,0.13965772532672716,0.0,0.13965772532672716,0.0,0.0
7,9,three_requirements,1.0,1,0.0,0.0,0.0,0.0,0.0,0.0,0.0
7,9,three_requirements,1.0,2,0.0,0.0,0.0,0.0,0.0,0.0,0.0
7,9,three_requirements,1.0,3,0.0,0.2727689947787639,0.0,0.0,0.0,0.2727689947787639,0.0
7,9,three_requirements,1.0,4,0.27276899477876393,0.27276899477876393,0.27276899477876393,0.0,0.27276899477876393,0.0,0.0
7,9,two_requirements,0.5,1,0.0,0.0,0.0,0.0,0.0,0.0,0.0
7,9,two_requirements,0.5,2,0.0,0.050767284520155276,0.0,0.0,0.050767284520155276,0.050767284520155276,0.050767284520155276
7,9,two_requirements,0.5,3,0.050767284520155276,0.050767284520155276,0.050767284520155276,0.0,0.050767284520155276,0.0,0.0
7,9,two_requirements,0.5,4,0.050767284520155276,0.050767284520155276,0.050767284520155276,0.0,0.050767284520155276,0.0,0.0
7,9,two_requirements,0.8,1,0.0,0.0,0.0,0.0,0.0,0.0,0.0
7,9,two_requirements,0.8,2,0.0,0.12996424837159745,0.0,0.0,0.12996424837159745,0.12996424837159745,0.12996424837159745
7,9,two_requirements,0.8,3,0.12996424837159742,0.12996424837159745,0.12996424837159742,0.0,0.12996424837159742,2.7755575615628914e-17,0.0
7,9,two_requirements,0.8,4,0.12996424837159737,0.12996424837159745,0.12996424837159737,0.0,0.12996424837159737,8.326672684688674e-17,0.0
7,9,two_requirements,1.0,1,0.0,0.0,0.0,0.0,0.0,0.0,0.0
7,9,two_requirements,1.0,2,0.0,0.2030691380806211,0.0,0.0,0.2030691380806211,0.2030691380806211,0.2030691380806211
7,9,two_requirements,1.0,3,0.2030691380806211,0.2030691380806211,0.2030691380806211,0.0,0.2030691380806211,0.0,0.0
7,9,two_requirements,1.0,4,0.20306913808062088,0.2030691380806211,0.20306913808062088,0.0,0.20306913808062088,2.220446049250313e-16,0.0
8,0,single_requirement,0.5,1,0.2316190699468616,0.26008700124023737,0.26008700124023737,0.0,0.26008700124023737,0.0,0.0
8,0,single_requirement,0.5,2,0.23161906994686157,0.39383420276780934,0.39383420276780934,0.0,0.39383420276780934,0.0,0.0
8,0,single_requirement,0.5,3,0.23161906994686157,0.39383420276780934,0.3938342027678092,0.0,0.3938342027678092,1.1102230246251565e-16,0.0
8,0,single_requirement,0.5,4,0.3938342027678092,0.39383420276780934,0.3938342027678092,0.0,0.3938342027678092,1.1102230246251565e-16,0.0
8,0,single_requirement,0.8,1,0.3705905119149785,0.41613920198437976,0.41613920198437976,0.0,0.41613920198437976,0.0,0.0
8,0,single_requirement,0.8,2,0.37059051191497855,0.5361777307459767,0.5361777307459767,0.0,0.5361777307459767,0.0,0.0
8,0,single_requirement,0.8,3,0.3705905119149785,0.5361777307459767,0.5361777307459767,0.0,0.5361777307459767,0.0,0.0
8,0,single_requirement,0.8,4,0.536177730745977,0.536177730745977,0.536177730745977,0.0,0.536177730745977,0.0,0.0
8,0,single_requirement,1.0,1,0.4632381398937232,0.5201740024804747,0.5201740024804747,0.0,0.5201740024804747,0.0,0.0
8,0,single_requirement,1.0,2,0.4632381398937232,0.5919246686970392,0.5919246686970392,0.0,0.5919246686970392,0.0,0.0
8,0,single_requirement,1.0,3,0.4632381398937231,0.5919246686970394,0.5919246686970393,0.0,0.5919246686970393,1.1102230246251565e-16,0.0
8,0,single_requirement,1.0,4,0.5919246686970392,0.5919246686970394,0.5919246686970392,0.0,0.5919246686970392,2.220446049250313e-16,0.0
8,0,three_requirements,0.5,1,0.0,0.0,0.0,0.0,0.0,0.0,0.0
8,0,three_requirements,0.5,2,0.0,0.0,0.0,0.0,0.0,0.0,0.0
8,0,three_requirements,0.5,3,0.0,0.025647359775161603,0.0,0.0,0.025647359775161603,0.025647359775161603,0.025647359775161603
8,0,three_requirements,0.5,4,0.025647359775161596,0.025647359775161603,0.025647359775161596,0.0,0.025647359775161596,6.938893903907228e-18,0.0
8,0,three_requirements,0.8,1,0.0,0.0,0.0,0.0,0.0,0.0,0.0
8,0,three_requirements,0.8,2,0.0,0.0,0.0,0.0,0.0,0.0,0.0
8,0,three_requirements,0.8,3,0.0,0.10505158563906195,0.0,0.0,0.10505158563906195,0.10505158563906195,0.10505158563906195
8,0,three_requirements,0.8,4,0.10505158563906195,0.10505158563906195,0.10505158563906195,0.0,0.10505158563906195,0.0,0.0
8,0,three_requirements,1.0,1,0.0,0.0,0.0,0.0,0.0,0.0,0.0
8,0,three_requirements,1.0,2,0.0,0.0,0.0,0.0,0.0,0.0,0.0
8,0,three_requirements,1.0,3,0.0,0.20517887820129282,0.0,0.0,0.20517887820129282,0.20517887820129282,0.20517887820129282
8,0,three_requirements,1.0,4,0.2051788782012927,0.20517887820129282,0.2051788782012927,0.0,0.2051788782012927,1.1102230246251565e-16,0.0
8,0,two_requirements,0.5,1,0.0,0.0,0.0,0.0,0.0,0.0,0.0
8,0,two_requirements,0.5,2,0.04166090098980704,0.11463636630712415,0.04166090098980704,0.0,0.11463636630712415,0.0729754653173171,0.0729754653173171
8,0,two_requirements,0.5,3,0.04166090098980704,0.16105631053702152,0.10566284789827352,0.0,0.16105631053702152,0.055393462638748,0.055393462638748
8,0,two_requirements,0.5,4,0.1851131765013927,0.1851131765013927,0.1851131765013927,0.0,0.1851131765013927,0.0,0.0
8,0,two_requirements,0.8,1,0.0,0.0,0.0,0.0,0.0,0.0,0.0
8,0,two_requirements,0.8,2,0.10665190653390613,0.29346909774623786,0.10665190653390613,0.0,0.29346909774623786,0.18681719121233173,0.18681719121233173
8,0,two_requirements,0.8,3,0.106651906533906,0.35825840106142337,0.2434570928205107,0.0,0.35825840106142337,0.11480130824091267,0.11480130824091267
8,0,two_requirements,0.8,4,0.3928041801311439,0.3928041801311439,0.3928041801311439,0.0,0.3928041801311439,0.0,0.0
8,0,two_requirements,1.0,1,0.0,0.0,0.0,0.0,0.0,0.0,0.0
8,0,two_requirements,1.0,2,0.16664360395922817,0.4585454652284966,0.16664360395922817,0.0,0.4585454652284966,0.2919018612692684,0.2919018612692684
8,0,two_requirements,1.0,3,0.16664360395922817,0.5034810913320661,0.3522352514913504,0.0,0.5034810913320661,0.1512458398407157,0.1512458398407157
8,0,two_requirements,1.0,4,0.5292924150878067,0.5292924150878067,0.5292924150878067,0.0,0.5292924150878067,0.0,0.0
8,1,single_requirement,0.5,1,0.21313103344546364,0.40965984150712503,0.40965984150712503,0.0,0.40965984150712503,0.0,0.0
8,1,single_requirement,0.5,2,0.41466171162202076,0.565079514579685,0.565079514579685,0.0,0.565079514579685,0.0,0.0
8,1,single_requirement,0.5,3,0.41466171162202087,0.6293977371537216,0.6293977371537216,0.0,0.6293977371537216,0.0,0.0
8,1,single_requirement,0.5,4,0.6293977371537217,0.6293977371537217,0.6293977371537217,0.0,0.6293977371537217,0.0,0.0
8,1,single_requirement,0.8,1,0.34100965351274176,0.6554557464114,0.6554557464114,0.0,0.6554557464114,0.0,0.0
8,1,single_requirement,0.8,2,0.5753712739943406,0.7717731938267658,0.7717731938267658,0.0,0.7717731938267658,0.0,0.0
8,1,single_requirement,0.8,3,0.5753712739943408,0.7980749772391402,0.7980749772391402,0.0,0.7980749772391402,0.0,0.0
8,1,single_requirement,0.8,4,0.7980749772391402,0.7980749772391402,0.7980749772391402,0.0,0.7980749772391402,0.0,0.0
8,1,single_requirement,1.0,1,0.42626206689092727,0.8193196830142501,0.8193196830142501,0.0,0.8193196830142501,0.0,0.0
8,1,single_requirement,1.0,2,0.6458078719921818,0.8544214676995153,0.8544214676995153,0.0,0.8544214676995153,0.0,0.0
8,1,single_requirement,1.0,3,0.6458078719921821,0.8579659518612077,0.8579659518612077,0.0,0.8579659518612077,0.0,0.0
8,1,single_requirement,1.0,4,0.8579659518612079,0.8579659518612079,0.8579659518612079,0.0,0.8579659518612079,0.0,0.0
8,1,three_requirements,0.5,1,0.0,0.0,0.0,0.0,0.0,0.0,0.0
8,1,three_requirements,0.5,2,0.0,0.0,0.0,0.0,0.0,0.0,0.0
8,1,three_requirements,0.5,3,0.0,0.04281488710194198,0.027380257385889263,0.0,0.04281488710194198,0.015434629716052715,0.015434629716052715
8,1,three_requirements,0.5,4,0.07211207893914531,0.07211207893914531,0.07211207893914531,0.0,0.07211207893914531,0.0,0.0
8,1,three_requirements,0.8,1,0.0,0.0,0.0,0.0,0.0,0.0,0.0
8,1,three_requirements,0.8,2,0.0,0.0,0.0,0.0,0.0,0.0,0.0
8,1,three_requirements,0.8,3,0.0,0.1753697775695545,0.1121495342526024,0.0,0.1753697775695545,0.06322024331695208,0.06322024331695208
8,1,three_requirements,0.8,4,0.2404430514786292,0.2404430514786292,0.2404430514786292,0.0,0.2404430514786292,0.0,0.0
8,1,three_requirements,1.0,1,0.0,0.0,0.0,0.0,0.0,0.0,0.0
8,1,three_requirements,1.0,2,0.0,0.0,0.0,0.0,0.0,0.0,0.0
8,1,three_requirements,1.0,3,0.0,0.34251909681553583,0.2190420590871141,0.0,0.34251909681553583,0.12347703772842172,0.12347703772842172
8,1,three_requirements,1.0,4,0.3980944705232211,0.3980944705232211,0.3980944705232211,0.0,0.3980944705232211,0.0,0.0
8,1,two_requirements,0.5,1,0.0,0.0,0.0,0.0,0.0,0.0,0.0
8,1,two_requirements,0.5,2,0.0,0.12169208063351405,0.1106473251460003,0.0,0.12169208063351405,0.011044755487513755,0.011044755487513755
8,1,two_requirements,0.5,3,0.11455375038934573,0.22216400414139334,0.22216400414139334,0.0,0.22216400414139334,0.0,0.0
8,1,two_requirements,0.5,4,0.24375093963265354,0.24375093963265354,0.24375093963265354,0.0,0.24375093963265354,0.0,0.0
8,1,two_requirements,0.8,1,0.0,0.0,0.0,0.0,0.0,0.0,0.0
8,1,two_requirements,0.8,2,0.0,0.31153172642179594,0.2832571523737609,0.0,0.31153172642179594,0.028274574048035017,0.028274574048035017
8,1,two_requirements,0.8,3,0.2482514902592854,0.439726597682475,0.439726597682475,0.0,0.439726597682475,0.0,0.0
8,1,two_requirements,0.8,4,0.45442014341472986,0.45442014341472986,0.45442014341472986,0.0,0.45442014341472986,0.0,0.0
8,1,two_requirements,1.0,1,0.0,0.0,0.0,0.0,0.0,0.0,0.0
8,1,two_requirements,1.0,2,0.0,0.4867683225340562,0.4425893005840012,0.0,0.4867683225340562,0.04417902195005502,0.04417902195005502
8,1,two_requirements,1.0,3,0.34101158817863336,0.5526840037543964,0.5526840037543964,0.0,0.5526840037543964,0.0,0.0
8,1,two_requirements,1.0,4,0.5554212358175526,0.5554212358175526,0.5554212358175526,0.0,0.5554212358175526,0.0,0.0
8,2,single_requirement,0.5,1,0.0,0.32344302396102276,0.32344302396102276,0.0,0.32344302396102276,0.0,0.0
8,2,single_requirement,0.5,2,0.26452720507532723,0.47205400791708,0.47205400791708,0.0,0.47205400791708,0.0,0.0
8,2,single_requirement,0.5,3,0.42631177481941385,0.5519836740886304,0.5519836740886304,0.0,0.5519836740886304,0.0,0.0
8,2,single_requirement,0.5,4,0.5519836740886304,0.5519836740886304,0.5519836740886304,0.0,0.5519836740886304,0.0,0.0
8,2,single_requirement,0.8,1,0.0,0.5175088383376366,0.5175088383376366,0.0,0.5175088383376366,0.0,0.0
8,2,single_requirement,0.8,2,0.4232435281205238,0.6318277502138461,0.6318277502138461,0.0,0.6318277502138461,0.0,0.0
8,2,single_requirement,0.8,3,0.5712868196140886,0.664752810401315,0.664752810401315,0.0,0.664752810401315,0.0,0.0
8,2,single_requirement,0.8,4,0.6647528104013151,0.6647528104013151,0.6647528104013151,0.0,0.6647528104013151,0.0,0.0
8,2,single_requirement,1.0,1,0.0,0.6468860479220455,0.6468860479220455,0.0,0.6468860479220455,0.0,0.0
8,2,single_requirement,1.0,2,0.5290544101506545,0.6869024690560727,0.6869024690560727,0.0,0.6869024690560727,0.0,0.0
8,2,single_requirement,1.0,3,0.621765174436799,0.691762639374469,0.691762639374469,0.0,0.691762639374469,0.0,0.0
8,2,single_requirement,1.0,4,0.6917626393744687,0.691762639374469,0.6917626393744687,0.0,0.6917626393744687,3.3306690738754696e-16,0.0
8,2,three_requirements,0.5,1,0.0,0.0,0.0,0.0,0.0,0.0,0.0
8,2,three_requirements,0.5,2,0.0,0.0,0.0,0.0,0.0,0.0,0.0
8,2,three_requirements,0.5,3,0.029095898140219616,0.03971033535610956,0.03971033535610956,0.0,0.03971033535610956,0.0,0.0
8,2,three_requirements,0.5,4,0.09063478831799716,0.09063478831799716,0.09063478831799716,0.0,0.09063478831799716,0.0,0.0
8,2,three_requirements,0.8,1,0.0,0.0,0.0,0.0,0.0,0.0,0.0
8,2,three_requirements,0.8,2,0.0,0.0,0.0,0.0,0.0,0.0,0.0
8,2,three_requirements,0.8,3,0.11917679878233967,0.16265353361862492,0.16265353361862492,0.0,0.16265353361862492,0.0,0.0
8,2,three_requirements,0.8,4,0.2715508735514535,0.2715508735514535,0.2715508735514535,0.0,0.2715508735514535,0.0,0.0
8,2,three_requirements,1.0,1,0.0,0.0,0.0,0.0,0.0,0.0,0.0
8,2,three_requirements,1.0,2,0.0,0.0,0.0,0.0,0.0,0.0,0.0
8,2,three_requirements,1.0,3,0.23276718512175693,0.31768268284887646,0.31768268284887646,0.0,0.31768268284887646,0.0,0.0
8,2,three_requirements,1.0,4,0.40056912881265194,0.40056912881265194,0.40056912881265194,0.0,0.40056912881265194,0.0,0.0
8,2,two_requirements,0.5,1,0.0,0.0,0.0,0.0,0.0,0.0,0.0
8,2,two_requirements,0.5,2,0.0,0.13707221438911393,0.12860805515394233,0.0,0.13707221438911393,0.008464159235171603,0.008464159235171603
8,2,two_requirements,0.5,3,0.11045552199626442,0.26186620296354135,0.20956081173099983,0.0,0.26186620296354135,0.05230539123254152,0.05230539123254152
8,2,two_requirements,0.5,4,0.3067481318582225,0.3067481318582225,0.3067481318582225,0.0,0.3067481318582225,0.0,0.0
8,2,two_requirements,0.8,1,0.0,0.0,0.0,0.0,0.0,0.0,0.0
8,2,two_requirements,0.8,2,0.0,0.3509048688361316,0.32923662119409236,0.0,0.3509048688361316,0.02166824764203923,0.02166824764203923
8,2,two_requirements,0.8,3,0.2827661363104369,0.5136860445833025,0.45027619083204107,0.0,0.5136860445833025,0.0634098537512614,0.0634098537512614
8,2,two_requirements,0.8,4,0.5525058042072617,0.5525058042072617,0.5525058042072617,0.0,0.5525058042072617,0.0,0.0
8,2,two_requirements,1.0,1,0.0,0.0,0.0,0.0,0.0,0.0,0.0
8,2,two_requirements,1.0,2,0.0,0.5482888575564557,0.5144322206157693,0.0,0.5482888575564557,0.03385663694068641,0.03385663694068641
8,2,two_requirements,1.0,3,0.44182208798505757,0.6394141998662397,0.6137654156757738,0.0,0.6394141998662397,0.0256487841904659,0.0256487841904659
8,2,two_requirements,1.0,4,0.6550183726077907,0.6550183726077907,0.6550183726077907,0.0,0.6550183726077907,0.0,0.0
8,3,single_requirement,0.5,1,0.24682080758938107,0.427056902470535,0.427056902470535,0.0,0.427056902470535,0.0,0.0
8,3,single_requirement,0.5,2,0.4182863866024106,0.5754027321365234,0.5754027321365234,0.0,0.5754027321365234,0.0,0.0
8,3,single_requirement,0.5,3,0.41828638660241046,0.6524553035937429,0.6524553035937429,0.0,0.6524553035937429,0.0,0.0
8,3,single_requirement,0.5,4,0.652455303593743,0.652455303593743,0.652455303593743,0.0,0.652455303593743,0.0,0.0
8,3,single_requirement,0.8,1,0.3949132921430097,0.6832910439528564,0.6832910439528564,0.0,0.6832910439528564,0.0,0.0
8,3,single_requirement,0.8,2,0.5695820245832826,0.7987732180647036,0.7987732180647036,0.0,0.7987732180647036,0.0,0.0
8,3,single_requirement,0.8,3,0.5695820245832823,0.8326230855350352,0.8326230855350352,0.0,0.8326230855350352,0.0,0.0
8,3,single_requirement,0.8,4,0.8326230855350353,0.8326230855350353,0.8326230855350353,0.0,0.8326230855350353,0.0,0.0
8,3,single_requirement,1.0,1,0.49364161517876215,0.85411380494107,0.85411380494107,0.0,0.85411380494107,0.0,0.0
8,3,single_requirement,1.0,2,0.6289140357452911,0.8969072281194347,0.8969072281194347,0.0,0.8969072281194347,0.0,0.0
8,3,single_requirement,1.0,3,0.6289140357452914,0.9029948045655279,0.9029948045655279,0.0,0.9029948045655279,0.0,0.0
8,3,single_requirement,1.0,4,0.902994804565528,0.902994804565528,0.902994804565528,0.0,0.902994804565528,0.0,0.0
8,3,three_requirements,0.5,1,0.0,0.0,0.0,0.0,0.0,0.0,0.0
8,3,three_requirements,0.5,2,0.0,0.0,0.0,0.0,0.0,0.0,0.0
8,3,three_requirements,0.5,3,0.0,0.03828188491854708,0.0,0.0,0.0,0.03828188491854708,0.0
8,3,three_requirements,0.5,4,0.038281884918547074,0.03828188491854708,0.038281884918547074,0.0,0.038281884918547074,6.938893903907228e-18,0.0
8,3,three_requirements,0.8,1,0.0,0.0,0.0,0.0,0.0,0.0,0.0
8,3,three_requirements,0.8,2,0.0,0.0,0.0,0.0,0.0,0.0,0.0
8,3,three_requirements,0.8,3,0.0,0.15680260062636897,0.0,0.0,0.0,0.15680260062636897,0.0
8,3,three_requirements,0.8,4,0.15680260062636892,0.15680260062636897,0.15680260062636892,0.0,0.15680260062636892,5.551115123125783e-17,0.0
8,3,three_requirements,1.0,1,0.0,0.0,0.0,0.0,0.0,0.0,0.0
8,3,three_requirements,1.0,2,0.0,0.0,0.0,0.0,0.0,0.0,0.0
8,3,three_requirements,1.0,3,0.0,0.30625507934837665,0.0,0.0,0.0,0.30625507934837665,0.0
8,3,three_requirements,1.0,4,0.3062550793483765,0.30625507934837665,0.3062550793483765,0.0,0.3062550793483765,1.6653345369377348e-16,0.0
8,3,two_requirements,0.5,1,0.0,0.0,0.0,0.0,0.0,0.0,0.0
8,3,two_requirements,0.5,2,0.0,0.09755486639758781,0.0,0.0,0.09755486639758781,0.09755486639758781,0.09755486639758781
8,3,two_requirements,0.5,3,0.0,0.09755486639758784,0.0,0.0,0.09755486639758781,0.09755486639758784,0.09755486639758781
8,3,two_requirements,0.5,4,0.09755486639758783,0.09755486639758784,0.09755486639758783,0.0,0.09755486639758783,1.3877787807814457e-17,0.0
8,3,two_requirements,0.8,1,0.0,0.0,0.0,0.0,0.0,0.0,0.0
8,3,two_requirements,0.8,2,0.0,0.24974045797782476,0.0,0.0,0.24974045797782476,0.24974045797782476,0.24974045797782476
8,3,two_requirements,0.8,3,0.0,0.24974045797782496,0.0,0.0,0.24974045797782496,0.24974045797782496,0.24974045797782496
8,3,two_requirements,0.8,4,0.2497404579778249,0.24974045797782496,0.2497404579778249,0.0,0.2497404579778249,5.551115123125783e-17,0.0
8,3,two_requirements,1.0,1,0.0,0.0,0.0,0.0,0.0,0.0,0.0
8,3,two_requirements,1.0,2,0.0,0.39021946559035126,0.0,0.0,0.39021946559035126,0.39021946559035126,0.39021946559035126
8,3,two_requirements,1.0,3,0.0,0.3902194655903513,0.0,0.0,0.39021946559035126,0.3902194655903513,0.39021946559035126
8,3,two_requirements,1.0,4,0.3902194655903512,0.3902194655903513,0.3902194655903512,0.0,0.3902194655903512,1.1102230246251565e-16,0.0
8,4,single_requirement,0.5,1,0.2728375143269979,0.2728375143269979,0.2728375143269979,0.0,0.2728375143269979,0.0,0.0
8,4,single_requirement,0.5,2,0.3696353918045512,0.3696353918045512,0.3696353918045512,0.0,0.3696353918045512,0.0,0.0
8,4,single_requirement,0.5,3,0.3696353918045513,0.3696353918045513,0.3696353918045513,0.0,0.3696353918045513,0.0,0.0
8,4,single_requirement,0.5,4,0.3696353918045512,0.3696353918045513,0.3696353918045512,0.0,0.3696353918045512,1.1102230246251565e-16,0.0
8,4,single_requirement,0.8,1,0.4365400229231968,0.4365400229231968,0.4365400229231968,0.0,0.4365400229231968,0.0,0.0
8,4,single_requirement,0.8,2,0.5293287829206178,0.5293287829206178,0.5293287829206178,0.0,0.5293287829206178,0.0,0.0
8,4,single_requirement,0.8,3,0.5293287829206179,0.5293287829206179,0.5293287829206179,0.0,0.5293287829206179,0.0,0.0
8,4,single_requirement,0.8,4,0.5293287829206179,0.5293287829206179,0.5293287829206179,0.0,0.5293287829206179,0.0,0.0
8,4,single_requirement,1.0,1,0.5456750286539958,0.5456750286539958,0.5456750286539958,0.0,0.5456750286539958,0.0,0.0
8,4,single_requirement,1.0,2,0.6099211086785521,0.6099211086785521,0.6099211086785521,0.0,0.6099211086785521,0.0,0.0
8,4,single_requirement,1.0,3,0.6099211086785521,0.6099211086785521,0.6099211086785521,0.0,0.6099211086785521,0.0,0.0
8,4,single_requirement,1.0,4,0.6099211086785519,0.6099211086785521,0.6099211086785519,0.0,0.6099211086785519,2.220446049250313e-16,0.0
8,4,three_requirements,0.5,1,0.0,0.0,0.0,0.0,0.0,0.0,0.0
8,4,three_requirements,0.5,2,0.0,0.0,0.0,0.0,0.0,0.0,0.0
8,4,three_requirements,0.5,3,0.0,0.0,0.0,0.0,0.0,0.0,0.0
8,4,three_requirements,0.5,4,0.0,0.0,0.0,0.0,0.0,0.0,0.0
8,4,three_requirements,0.8,1,0.0,0.0,0.0,0.0,0.0,0.0,0.0
8,4,three_requirements,0.8,2,0.0,0.0,0.0,0.0,0.0,0.0,0.0
8,4,three_requirements,0.8,3,0.0,0.0,0.0,0.0,0.0,0.0,0.0
8,4,three_requirements,0.8,4,0.0,0.0,0.0,0.0,0.0,0.0,0.0
8,4,three_requirements,1.0,1,0.0,0.0,0.0,0.0,0.0,0.0,0.0
8,4,three_requirements,1.0,2,0.0,0.0,0.0,0.0,0.0,0.0,0.0
8,4,three_requirements,1.0,3,0.0,0.0,0.0,0.0,0.0,0.0,0.0
8,4,three_requirements,1.0,4,0.0,0.0,0.0,0.0,0.0,0.0,0.0
8,4,two_requirements,0.5,1,0.0,0.0,0.0,0.0,0.0,0.0,0.0
8,4,two_requirements,0.5,2,0.0,0.09033324843910545,0.09033324843910545,0.0,0.09033324843910545,0.0,0.0
8,4,two_requirements,0.5,3,0.0,0.13399795335668038,0.13399795335668038,0.0,0.13399795335668038,0.0,0.0
8,4,two_requirements,0.5,4,0.13399795335668035,0.13399795335668038,0.13399795335668035,0.0,0.13399795335668035,2.7755575615628914e-17,0.0
8,4,two_requirements,0.8,1,0.0,0.0,0.0,0.0,0.0,0.0,0.0
8,4,two_requirements,0.8,2,0.0,0.23125311600411003,0.23125311600411003,0.0,0.23125311600411003,0.0,0.0
8,4,two_requirements,0.8,3,0.0,0.2982230774212015,0.2982230774212015,0.0,0.2982230774212015,0.0,0.0
8,4,two_requirements,0.8,4,0.2982230774212017,0.2982230774212017,0.2982230774212017,0.0,0.2982230774212017,0.0,0.0
8,4,two_requirements,1.0,1,0.0,0.0,0.0,0.0,0.0,0.0,0.0
8,4,two_requirements,1.0,2,0.0,0.3613329937564218,0.3613329937564218,0.0,0.3613329937564218,0.0,0.0
8,4,two_requirements,1.0,3,0.0,0.41929472183323163,0.41929472183323163,0.0,0.41929472183323163,0.0,0.0
8,4,two_requirements,1.0,4,0.4192947218332316,0.41929472183323163,0.4192947218332316,0.0,0.4192947218332316,5.551115123125783e-17,0.0
8,5,single_requirement,0.5,1,0.27541172910098877,0.33877412905789145,0.33877412905789145,0.0,0.33877412905789145,0.0,0.0
8,5,single_requirement,0.5,2,0.27541172910098877,0.4937897836657934,0.4937897836657934,0.0,0.4937897836657934,0.0,0.0
8,5,single_requirement,0.5,3,0.4937897836657933,0.49378978366579346,0.4937897836657933,0.0,0.4937897836657933,1.6653345369377348e-16,0.0
8,5,single_requirement,0.5,4,0.49378978366579357,0.49378978366579357,0.49378978366579357,0.0,0.49378978366579357,0.0,0.0
8,5,single_requirement,0.8,1,0.44065876656158187,0.5420386064926266,0.5420386064926266,0.0,0.5420386064926266,0.0,0.0
8,5,single_requirement,0.8,2,0.440658766561582,0.6744834223519063,0.6744834223519063,0.0,0.6744834223519063,0.0,0.0
8,5,single_requirement,0.8,3,0.6744834223519063,0.6744834223519063,0.6744834223519063,0.0,0.6744834223519063,0.0,0.0
8,5,single_requirement,0.8,4,0.6744834223519063,0.6744834223519063,0.6744834223519063,0.0,0.6744834223519063,0.0,0.0
8,5,single_requirement,1.0,1,0.5508234582019775,0.6775482581157829,0.6775482581157829,0.0,0.6775482581157829,0.0,0.0
8,5,single_requirement,1.0,2,0.5508234582019773,0.7467874183454135,0.7467874183454135,0.0,0.7467874183454135,0.0,0.0
8,5,single_requirement,1.0,3,0.7467874183454133,0.7467874183454135,0.7467874183454133,0.0,0.7467874183454133,2.220446049250313e-16,0.0
8,5,single_requirement,1.0,4,0.7467874183454135,0.7467874183454135,0.7467874183454135,0.0,0.7467874183454135,0.0,0.0
8,5,three_requirements,0.5,1,0.0,0.0,0.0,0.0,0.0,0.0,0.0
8,5,three_requirements,0.5,2,0.0,0.0,0.0,0.0,0.0,0.0,0.0
8,5,three_requirements,0.5,3,0.02367771963916674,0.0512490373337879,0.02367771963916674,0.0,0.02401297832850035,0.027571317694621157,0.00033525868933360903
8,5,three_requirements,0.5,4,0.07744290090136981,0.07744290090136981,0.07744290090136981,0.0,0.07744290090136981,0.0,0.0
8,5,three_requirements,0.8,1,0.0,0.0,0.0,0.0,0.0,0.0,0.0
8,5,three_requirements,0.8,2,0.0,0.0,0.0,0.0,0.0,0.0,0.0
8,5,three_requirements,0.8,3,0.09698393964202692,0.20991605691919507,0.09698393964202692,0.0,0.09835715923353744,0.11293211727716815,0.001373219591510516
8,5,three_requirements,0.8,4,0.2643755018703613,0.2643755018703613,0.2643755018703613,0.0,0.2643755018703613,0.0,0.0
8,5,three_requirements,1.0,1,0.0,0.0,0.0,0.0,0.0,0.0,0.0
8,5,three_requirements,1.0,2,0.0,0.0,0.0,0.0,0.0,0.0,0.0
8,5,three_requirements,1.0,3,0.18942175711333392,0.4099922986703032,0.18942175711333392,0.0,0.1921038266280028,0.22057054155696926,0.0026820695146688722
8,5,three_requirements,1.0,4,0.4475685320102769,0.4475685320102769,0.4475685320102769,0.0,0.4475685320102769,0.0,0.0
8,5,two_requirements,0.5,1,0.0,0.0,0.0,0.0,0.0,0.0,0.0
8,5,two_requirements,0.5,2,0.1085656671388931,0.1345147492483169,0.1085656671388931,0.0,0.1345147492483169,0.025949082109423816,0.025949082109423816
8,5,two_requirements,0.5,3,0.15469732887836735,0.23577475803692383,0.16810537307704349,0.0,0.23577475803692383,0.06766938495988034,0.06766938495988034
8,5,two_requirements,0.5,4,0.2784645803219303,0.2784645803219303,0.2784645803219303,0.0,0.2784645803219303,0.0,0.0
8,5,two_requirements,0.8,1,0.0,0.0,0.0,0.0,0.0,0.0,0.0
8,5,two_requirements,0.8,2,0.2779281078755663,0.34435775807569136,0.2779281078755663,0.0,0.34435775807569136,0.06642965020012503,0.06642965020012503
8,5,two_requirements,0.8,3,0.3428063920639458,0.47490210035652725,0.3616630919774394,0.0,0.47490210035652725,0.11323900837908785,0.11323900837908785
8,5,two_requirements,0.8,4,0.5161549641408083,0.5161549641408083,0.5161549641408083,0.0,0.5161549641408083,0.0,0.0
8,5,two_requirements,1.0,1,0.0,0.0,0.0,0.0,0.0,0.0,0.0
8,5,two_requirements,1.0,2,0.4342626685555724,0.5380589969932676,0.4342626685555724,0.0,0.5380589969932676,0.10379632843769526,0.10379632843769526
8,5,two_requirements,1.0,3,0.480198768990879,0.6079915315799926,0.4935499738191327,0.0,0.6079915315799926,0.11444155776085996,0.11444155776085996
8,5,two_requirements,1.0,4,0.6231648124966418,0.6231648124966418,0.6231648124966418,0.0,0.6231648124966418,0.0,0.0
8,6,single_requirement,0.5,1,0.0,0.40049171797506483,0.40049171797506483,0.0,0.40049171797506483,0.0,0.0
8,6,single_requirement,0.5,2,0.27306141652312454,0.565630656956058,0.565630656956058,0.0,0.565630656956058,0.0,0.0
8,6,single_requirement,0.5,3,0.5521894127501714,0.6469643275169166,0.6469643275169166,0.0,0.6469643275169166,0.0,0.0
8,6,single_requirement,0.5,4,0.6469643275169166,0.6469643275169166,0.6469643275169166,0.0,0.6469643275169166,0.0,0.0
8,6,single_requirement,0.8,1,0.0,0.6407867487601039,0.6407867487601039,0.0,0.6407867487601039,0.0,0.0
8,6,single_requirement,0.8,2,0.43689826643699936,0.7781765292567279,0.7781765292567279,0.0,0.7781765292567279,0.0,0.0
8,6,single_requirement,0.8,3,0.7669938875221769,0.8107190445078813,0.8107190445078813,0.0,0.8107190445078813,0.0,0.0
8,6,single_requirement,0.8,4,0.8107190445078812,0.8107190445078813,0.8107190445078812,0.0,0.8107190445078812,1.1102230246251565e-16,0.0
8,6,single_requirement,1.0,1,0.0,0.8009834359501297,0.8009834359501297,0.0,0.8009834359501297,0.0,0.0
8,6,single_requirement,1.0,2,0.5461228330462491,0.8670268933434385,0.8670268933434385,0.0,0.8670268933434385,0.0,0.0
8,6,single_requirement,1.0,3,0.8616513820043069,0.871413946909257,0.871413946909257,0.0,0.871413946909257,0.0,0.0
8,6,single_requirement,1.0,4,0.8714139469092572,0.8714139469092572,0.8714139469092572,0.0,0.8714139469092572,0.0,0.0
8,6,three_requirements,0.5,1,0.0,0.0,0.0,0.0,0.0,0.0,0.0
8,6,three_requirements,0.5,2,0.0,0.0,0.0,0.0,0.0,0.0,0.0
8,6,three_requirements,0.5,3,0.049717832472849374,0.05295428549022635,0.052357920598380334,0.0,0.05295428549022635,0.0005963648918460157,0.0005963648918460157
8,6,three_requirements,0.5,4,0.10919597564882533,0.10919597564882533,0.10919597564882533,0.0,0.10919597564882533,0.0,0.0
8,6,three_requirements,0.8,1,0.0,0.0,0.0,0.0,0.0,0.0,0.0
8,6,three_requirements,0.8,2,0.0,0.0,0.0,0.0,0.0,0.0,0.0
8,6,three_requirements,0.8,3,0.2036442418087911,0.2169007533679671,0.21445804277096597,0.0,0.2169007533679671,0.00244271059700113,0.00244271059700113
8,6,three_requirements,0.8,4,0.3346249232435071,0.3346249232435071,0.3346249232435071,0.0,0.3346249232435071,0.0,0.0
8,6,three_requirements,1.0,1,0.0,0.0,0.0,0.0,0.0,0.0,0.0
8,6,three_requirements,1.0,2,0.0,0.0,0.0,0.0,0.0,0.0,0.0
8,6,three_requirements,1.0,3,0.397742659782795,0.4236342839218108,0.41886336478704267,0.0,0.4236342839218108,0.004770919134768126,0.004770919134768126
8,6,three_requirements,1.0,4,0.5068953018895564,0.5068953018895564,0.5068953018895564,0.0,0.5068953018895564,0.0,0.0
8,6,two_requirements,0.5,1,0.0,0.0,0.0,0.0,0.0,0.0,0.0
8,6,two_requirements,0.5,2,0.0,0.14585751559191515,0.14585751559191515,0.0,0.14585751559191515,0.0,0.0
8,6,two_requirements,0.5,3,0.11254173795360223,0.22727448090678978,0.22727448090678978,0.0,0.22727448090678978,0.0,0.0
8,6,two_requirements,0.5,4,0.28703859284781996,0.28703859284781996,0.28703859284781996,0.0,0.28703859284781996,0.0,0.0
8,6,two_requirements,0.8,1,0.0,0.0,0.0,0.0,0.0,0.0,0.0
8,6,two_requirements,0.8,2,0.0,0.37339523991530293,0.37339523991530293,0.0,0.37339523991530293,0.0,0.0
8,6,two_requirements,0.8,3,0.28810684916122176,0.48724775371553947,0.48724775371553947,0.0,0.48724775371553947,0.0,0.0
8,6,two_requirements,0.8,4,0.559177446729266,0.559177446729266,0.559177446729266,0.0,0.559177446729266,0.0,0.0
8,6,two_requirements,1.0,1,0.0,0.0,0.0,0.0,0.0,0.0,0.0
8,6,two_requirements,1.0,2,0.0,0.5834300623676606,0.5834300623676606,0.0,0.5834300623676606,0.0,0.0
8,6,two_requirements,1.0,3,0.4501669518144089,0.6628090762161113,0.6628090762161113,0.0,0.6628090762161113,0.0,0.0
8,6,two_requirements,1.0,4,0.6907550199299438,0.6907550199299438,0.6907550199299438,0.0,0.6907550199299438,0.0,0.0
8,7,single_requirement,0.5,1,0.19464022669886827,0.36138144655620674,0.36138144655620674,0.0,0.36138144655620674,0.0,0.0
8,7,single_requirement,0.5,2,0.19464022669886827,0.46853030689857683,0.46853030689857683,0.0,0.46853030689857683,0.0,0.0
8,7,single_requirement,0.5,3,0.46853030689857683,0.46853030689857694,0.46853030689857683,0.0,0.46853030689857683,1.1102230246251565e-16,0.0
8,7,single_requirement,0.5,4,0.46853030689857694,0.46853030689857694,0.46853030689857694,0.0,0.46853030689857694,0.0,0.0
8,7,single_requirement,0.8,1,0.3114243627181892,0.5782103144899305,0.5782103144899305,0.0,0.5782103144899305,0.0,0.0
8,7,single_requirement,0.8,2,0.31142436271818913,0.6656567793354848,0.6656567793354848,0.0,0.6656567793354848,0.0,0.0
8,7,single_requirement,0.8,3,0.665656779335485,0.6656567793354852,0.665656779335485,0.0,0.665656779335485,2.220446049250313e-16,0.0
8,7,single_requirement,0.8,4,0.6656567793354848,0.6656567793354852,0.6656567793354848,0.0,0.6656567793354848,3.3306690738754696e-16,0.0
8,7,single_requirement,1.0,1,0.38928045339773654,0.7227628931124135,0.7227628931124135,0.0,0.7227628931124135,0.0,0.0
8,7,single_requirement,1.0,2,0.3892804533977366,0.7620778810841573,0.7620778810841573,0.0,0.7620778810841573,0.0,0.0
8,7,single_requirement,1.0,3,0.7620778810841575,0.7620778810841575,0.7620778810841575,0.0,0.7620778810841575,0.0,0.0
8,7,single_requirement,1.0,4,0.7620778810841577,0.7620778810841577,0.7620778810841577,0.0,0.7620778810841577,0.0,0.0
8,7,three_requirements,0.5,1,0.0,0.0,0.0,0.0,0.0,0.0,0.0
8,7,three_requirements,0.5,2,0.0,0.0,0.0,0.0,0.0,0.0,0.0
8,7,three_requirements,0.5,3,0.0,0.04646421787467978,0.029697353160631948,0.0,0.029697353160631948,0.016766864714047834,0.0
8,7,three_requirements,0.5,4,0.07890930800804054,0.07890930800804054,0.07890930800804054,0.0,0.07890930800804054,0.0,0.0
8,7,three_requirements,0.8,1,0.0,0.0,0.0,0.0,0.0,0.0,0.0
8,7,three_requirements,0.8,2,0.0,0.0,0.0,0.0,0.0,0.0,0.0
8,7,three_requirements,0.8,3,0.0,0.19031743641468832,0.12164035854594843,0.0,0.12164035854594843,0.06867707786873989,0.0
8,7,three_requirements,0.8,4,0.25996379724470214,0.25996379724470214,0.25996379724470214,0.0,0.25996379724470214,0.0,0.0
8,7,three_requirements,1.0,1,0.0,0.0,0.0,0.0,0.0,0.0,0.0
8,7,three_requirements,1.0,2,0.0,0.0,0.0,0.0,0.0,0.0,0.0
8,7,three_requirements,1.0,3,0.0,0.37171374299743826,0.23757882528505558,0.0,0.23757882528505558,0.13413491771238267,0.0
8,7,three_requirements,1.0,4,0.4253866764463826,0.4253866764463826,0.4253866764463826,0.0,0.4253866764463826,0.0,0.0
8,7,two_requirements,0.5,1,0.0,0.0,0.0,0.0,0.0,0.0,0.0
8,7,two_requirements,0.5,2,0.06089237854425043,0.10991423274119916,0.10991423274119916,0.0,0.10991423274119916,0.0,0.0
8,7,two_requirements,0.5,3,0.12372622746117576,0.1593101262096302,0.1593101262096302,0.0,0.1593101262096302,0.0,0.0
8,7,two_requirements,0.5,4,0.177666097795879,0.177666097795879,0.177666097795879,0.0,0.177666097795879,0.0,0.0
8,7,two_requirements,0.8,1,0.0,0.0,0.0,0.0,0.0,0.0,0.0
8,7,two_requirements,0.8,2,0.15588448907328095,0.28138043581746974,0.28138043581746974,0.0,0.28138043581746974,0.0,0.0
8,7,two_requirements,0.8,3,0.274696814748537,0.34515089597569315,0.34515089597569315,0.0,0.34515089597569315,0.0,0.0
8,7,two_requirements,0.8,4,0.3572385160321243,0.3572385160321243,0.3572385160321243,0.0,0.3572385160321243,0.0,0.0
8,7,two_requirements,1.0,1,0.0,0.0,0.0,0.0,0.0,0.0,0.0
8,7,two_requirements,1.0,2,0.24356951417700173,0.43965693096479663,0.43965693096479663,0.0,0.43965693096479663,0.0,0.0
8,7,two_requirements,1.0,3,0.3854196818445128,0.4740034550443532,0.4740034550443532,0.0,0.4740034550443532,0.0,0.0
8,7,two_requirements,1.0,4,0.47634503999980593,0.47634503999980593,0.47634503999980593,0.0,0.47634503999980593,0.0,0.0
8,8,single_requirement,0.5,1,0.0,0.3170814958524879,0.3170814958524879,0.0,0.3170814958524879,0.0,0.0
8,8,single_requirement,0.5,2,0.25162698746275225,0.4592008777145987,0.4592008777145987,0.0,0.4592008777145987,0.0,0.0
8,8,single_requirement,0.5,3,0.4592008777145987,0.4592008777145987,0.4592008777145987,0.0,0.4592008777145987,0.0,0.0
8,8,single_requirement,0.5,4,0.45920087771459883,0.45920087771459883,0.45920087771459883,0.0,0.45920087771459883,0.0,0.0
8,8,single_requirement,0.8,1,0.0,0.5073303933639806,0.5073303933639806,0.0,0.5073303933639806,0.0,0.0
8,8,single_requirement,0.8,2,0.40260317994040357,0.6295941029667422,0.6295941029667422,0.0,0.6295941029667422,0.0,0.0
8,8,single_requirement,0.8,3,0.6295941029667423,0.6295941029667423,0.6295941029667423,0.0,0.6295941029667423,0.0,0.0
8,8,single_requirement,0.8,4,0.6295941029667422,0.6295941029667423,0.6295941029667422,0.0,0.6295941029667422,1.1102230246251565e-16,0.0
8,8,single_requirement,1.0,1,0.0,0.6341629917049758,0.6341629917049758,0.0,0.6341629917049758,0.0,0.0
8,8,single_requirement,1.0,2,0.5032539749255043,0.6993865442279146,0.6993865442279146,0.0,0.6993865442279146,0.0,0.0
8,8,single_requirement,1.0,3,0.6993865442279146,0.6993865442279146,0.6993865442279146,0.0,0.6993865442279146,0.0,0.0
8,8,single_requirement,1.0,4,0.6993865442279146,0.6993865442279146,0.6993865442279146,0.0,0.6993865442279146,0.0,0.0
8,8,three_requirements,0.5,1,0.0,0.0,0.0,0.0,0.0,0.0,0.0
8,8,three_requirements,0.5,2,0.0,0.0,0.0,0.0,0.0,0.0,0.0
8,8,three_requirements,0.5,3,0.011678299717961,0.028617160265258526,0.011678299717961,0.0,0.022974055861337037,0.016938860547297527,0.011295756143376037
8,8,three_requirements,0.5,4,0.0483600222245132,0.0483600222245132,0.0483600222245132,0.0,0.0483600222245132,0.0,0.0
8,8,three_requirements,0.8,1,0.0,0.0,0.0,0.0,0.0,0.0,0.0
8,8,three_requirements,0.8,2,0.0,0.0,0.0,0.0,0.0,0.0,0.0
8,8,three_requirements,0.8,3,0.04783431564476823,0.11721588844649886,0.04783431564476823,0.0,0.09410173280803644,0.06938157280173063,0.04626741716326821
8,8,three_requirements,0.8,4,0.16144107951098746,0.16144107951098746,0.16144107951098746,0.0,0.16144107951098746,0.0,0.0
8,8,three_requirements,1.0,1,0.0,0.0,0.0,0.0,0.0,0.0,0.0
8,8,three_requirements,1.0,2,0.0,0.0,0.0,0.0,0.0,0.0,0.0
8,8,three_requirements,1.0,3,0.093426397743688,0.2289372821220682,0.093426397743688,0.0,0.1837924468906963,0.13551088437838021,0.0903660491470083
8,8,three_requirements,1.0,4,0.26760422883575835,0.26760422883575835,0.26760422883575835,0.0,0.26760422883575835,0.0,0.0
8,8,two_requirements,0.5,1,0.0,0.0,0.0,0.0,0.0,0.0,0.0
8,8,two_requirements,0.5,2,0.0,0.11205249741186346,0.11205249741186346,0.0,0.11205249741186346,0.0,0.0
8,8,two_requirements,0.5,3,0.1333917261497946,0.20785738321586533,0.20785738321586533,0.0,0.20785738321586533,0.0,0.0
8,8,two_requirements,0.5,4,0.23359546151430854,0.23359546151430854,0.23359546151430854,0.0,0.23359546151430854,0.0,0.0
8,8,two_requirements,0.8,1,0.0,0.0,0.0,0.0,0.0,0.0,0.0
8,8,two_requirements,0.8,2,0.0,0.2868543933743703,0.2868543933743703,0.0,0.2868543933743703,0.0,0.0
8,8,two_requirements,0.8,3,0.29013255240568436,0.4187680464780275,0.4187680464780275,0.0,0.4187680464780275,0.0,0.0
8,8,two_requirements,0.8,4,0.4385409260157938,0.4385409260157938,0.4385409260157938,0.0,0.4385409260157938,0.0,0.0
8,8,two_requirements,1.0,1,0.0,0.0,0.0,0.0,0.0,0.0,0.0
8,8,two_requirements,1.0,2,0.0,0.44820998964745384,0.44820998964745384,0.0,0.44820998964745384,0.0,0.0
8,8,two_requirements,1.0,3,0.3998422521570175,0.5362554324608888,0.5362554324608888,0.0,0.5362554324608888,0.0,0.0
8,8,two_requirements,1.0,4,0.5424679009237261,0.5424679009237261,0.5424679009237261,0.0,0.5424679009237261,0.0,0.0
8,9,single_requirement,0.5,1,0.24109376672155292,0.4068624993290922,0.4068624993290922,0.0,0.4068624993290922,0.0,0.0
8,9,single_requirement,0.5,2,0.42154946244739283,0.5568221004948687,0.5568221004948687,0.0,0.5568221004948687,0.0,0.0
8,9,single_requirement,0.5,3,0.4215494624473929,0.6349292905139594,0.6349292905139594,0.0,0.6349292905139594,0.0,0.0
8,9,single_requirement,0.5,4,0.6349292905139594,0.6349292905139594,0.6349292905139594,0.0,0.6349292905139594,0.0,0.0
8,9,single_requirement,0.8,1,0.38575002675448483,0.6509799989265477,0.6509799989265477,0.0,0.6509799989265477,0.0,0.0
8,9,single_requirement,0.8,2,0.581624497801509,0.7687844678998095,0.7687844678998095,0.0,0.7687844678998095,0.0,0.0
8,9,single_requirement,0.8,3,0.581624497801509,0.8054783005165089,0.8054783005165089,0.0,0.8054783005165089,0.0,0.0
8,9,single_requirement,0.8,4,0.8054783005165089,0.8054783005165089,0.8054783005165089,0.0,0.8054783005165089,0.0,0.0
8,9,single_requirement,1.0,1,0.48218753344310583,0.8137249986581844,0.8137249986581844,0.0,0.8137249986581844,0.0,0.0
8,9,single_requirement,1.0,2,0.6496517538232864,0.8592048407981114,0.8592048407981114,0.0,0.8592048407981114,0.0,0.0
8,9,single_requirement,1.0,3,0.6496517538232867,0.8670227398806342,0.8670227398806342,0.0,0.8670227398806342,0.0,0.0
8,9,single_requirement,1.0,4,0.8670227398806344,0.8670227398806344,0.8670227398806344,0.0,0.8670227398806344,0.0,0.0
8,9,three_requirements,0.5,1,0.0,0.0,0.0,0.0,0.0,0.0,0.0
8,9,three_requirements,0.5,2,0.0,0.0,0.0,0.0,0.0,0.0,0.0
8,9,three_requirements,0.5,3,0.0,0.04390486455538559,0.0,0.0,0.0,0.04390486455538559,0.0
8,9,three_requirements,0.5,4,0.04390486455538558,0.04390486455538559,0.04390486455538558,0.0,0.04390486455538558,1.3877787807814457e-17,0.0
8,9,three_requirements,0.8,1,0.0,0.0,0.0,0.0,0.0,0.0,0.0
8,9,three_requirements,0.8,2,0.0,0.0,0.0,0.0,0.0,0.0,0.0
8,9,three_requirements,0.8,3,0.0,0.17983432521885948,0.0,0.0,0.0,0.17983432521885948,0.0
8,9,three_requirements,0.8,4,0.17983432521885942,0.17983432521885948,0.17983432521885942,0.0,0.17983432521885942,5.551115123125783e-17,0.0
8,9,three_requirements,1.0,1,0.0,0.0,0.0,0.0,0.0,0.0,0.0
8,9,three_requirements,1.0,2,0.0,0.0,0.0,0.0,0.0,0.0,0.0
8,9,three_requirements,1.0,3,0.0,0.35123891644308475,0.0,0.0,0.0,0.35123891644308475,0.0
8,9,three_requirements,1.0,4,0.35123891644308464,0.35123891644308475,0.35123891644308464,0.0,0.35123891644308464,1.1102230246251565e-16,0.0
8,9,two_requirements,0.5,1,0.0,0.0,0.0,0.0,0.0,0.0,0.0
8,9,two_requirements,0.5,2,0.0418721462032772,0.13638474640884177,0.0418721462032772,0.0,0.13638474640884177,0.09451260020556457,0.09451260020556457
8,9,two_requirements,0.5,3,0.10773259798893065,0.21766000627231707,0.10773259798893065,0.0,0.21766000627231707,0.10992740828338643,0.10992740828338643
8,9,two_requirements,0.5,4,0.22979038795083898,0.22979038795083898,0.22979038795083898,0.0,0.22979038795083898,0.0,0.0
8,9,two_requirements,0.8,1,0.0,0.0,0.0,0.0,0.0,0.0,0.0
8,9,two_requirements,0.8,2,0.10719269428038969,0.34914495080663466,0.10719269428038969,0.0,0.34914495080663466,0.24195225652624497,0.24195225652624497
8,9,two_requirements,0.8,3,0.24591896408623418,0.45026804828002404,0.24591896408623418,0.0,0.45026804828002404,0.20434908419378986,0.20434908419378986
8,9,two_requirements,0.8,4,0.45757879944557567,0.45757879944557567,0.45757879944557567,0.0,0.45757879944557567,0.0,0.0
8,9,two_requirements,1.0,1,0.0,0.0,0.0,0.0,0.0,0.0,0.0
8,9,two_requirements,1.0,2,0.1674885848131088,0.5455389856353671,0.1674885848131088,0.0,0.5455389856353671,0.37805040082225827,0.37805040082225827
8,9,two_requirements,1.0,3,0.35312704100408676,0.5921463590030502,0.35312704100408676,0.0,0.5921463590030502,0.23901931799896348,0.23901931799896348
8,9,two_requirements,1.0,4,0.5931211543712409,0.5931211543712409,0.5931211543712409,0.0,0.5931211543712409,0.0,0.0
9,0,single_requirement,0.5,1,0.22243266751288332,0.22243266751288332,0.22243266751288332,0.0,0.22243266751288332,0.0,0.0
9,0,single_requirement,0.5,2,0.33755797074643035,0.33755797074643035,0.33755797074643035,0.0,0.33755797074643035,0.0,0.0
9,0,single_requirement,0.5,3,0.33755797074643035,0.33755797074643035,0.33755797074643035,0.0,0.33755797074643035,0.0,0.0
9,0,single_requirement,0.5,4,0.33755797074643035,0.33755797074643035,0.33755797074643035,0.0,0.33755797074643035,0.0,0.0
9,0,single_requirement,0.8,1,0.35589226802061336,0.35589226802061336,0.35589226802061336,0.0,0.35589226802061336,0.0,0.0
9,0,single_requirement,0.8,2,0.46994488719550376,0.46994488719550376,0.46994488719550376,0.0,0.46994488719550376,0.0,0.0
9,0,single_requirement,0.8,3,0.4699448871955037,0.46994488719550376,0.4699448871955037,0.0,0.4699448871955037,5.551115123125783e-17,0.0
9,0,single_requirement,0.8,4,0.4699448871955036,0.46994488719550376,0.4699448871955036,0.0,0.4699448871955036,1.6653345369377348e-16,0.0
9,0,single_requirement,1.0,1,0.44486533502576664,0.44486533502576664,0.44486533502576664,0.0,0.44486533502576664,0.0,0.0
9,0,single_requirement,1.0,2,0.5289745539953921,0.5289745539953921,0.5289745539953921,0.0,0.5289745539953921,0.0,0.0
9,0,single_requirement,1.0,3,0.5289745539953924,0.5289745539953924,0.5289745539953924,0.0,0.5289745539953924,0.0,0.0
9,0,single_requirement,1.0,4,0.5289745539953921,0.5289745539953924,0.5289745539953921,0.0,0.5289745539953921,3.3306690738754696e-16,0.0
9,0,three_requirements,0.5,1,0.0,0.0,0.0,0.0,0.0,0.0,0.0
9,0,three_requirements,0.5,2,0.0,0.0,0.0,0.0,0.0,0.0,0.0
9,0,three_requirements,0.5,3,0.0,0.02846524470089054,0.0,0.0,0.02846524470089054,0.02846524470089054,0.02846524470089054
9,0,three_requirements,0.5,4,0.04577649726013121,0.04577649726013121,0.04577649726013121,0.0,0.04577649726013121,0.0,0.0
9,0,three_requirements,0.8,1,0.0,0.0,0.0,0.0,0.0,0.0,0.0
9,0,three_requirements,0.8,2,0.0,0.0,0.0,0.0,0.0,0.0,0.0
9,0,three_requirements,0.8,3,0.0,0.11659364229484764,0.0,0.0,0.11659364229484764,0.11659364229484764,0.11659364229484764
9,0,three_requirements,0.8,4,0.16049752544406032,0.16049752544406032,0.16049752544406032,0.0,0.16049752544406032,0.0,0.0
9,0,three_requirements,1.0,1,0.0,0.0,0.0,0.0,0.0,0.0,0.0
9,0,three_requirements,1.0,2,0.0,0.0,0.0,0.0,0.0,0.0,0.0
9,0,three_requirements,1.0,3,0.0,0.22772195760712433,0.0,0.0,0.22772195760712433,0.22772195760712433,0.22772195760712433
9,0,three_requirements,1.0,4,0.27831156358418385,0.27831156358418385,0.27831156358418385,0.0,0.27831156358418385,0.0,0.0
9,0,two_requirements,0.5,1,0.0,0.0,0.0,0.0,0.0,0.0,0.0
9,0,two_requirements,0.5,2,0.04585223493419548,0.09598924364596635,0.06399430413927741,0.0,0.09598924364596635,0.03199493950668894,0.03199493950668894
9,0,two_requirements,0.5,3,0.07157150444603066,0.15801472629759986,0.15801472629759986,0.0,0.15801472629759986,0.0,0.0
9,0,two_requirements,0.5,4,0.17187076867275602,0.17187076867275602,0.17187076867275602,0.0,0.17187076867275602,0.0,0.0
9,0,two_requirements,0.8,1,0.0,0.0,0.0,0.0,0.0,0.0,0.0
9,0,two_requirements,0.8,2,0.11738172143154052,0.2457324637336738,0.1638254185965501,0.0,0.2457324637336738,0.08190704513712371,0.08190704513712371
9,0,two_requirements,0.8,3,0.15814912833445577,0.33106455665791035,0.33106455665791035,0.0,0.33106455665791035,0.0,0.0
9,0,two_requirements,0.8,4,0.3417450743424425,0.3417450743424425,0.3417450743424425,0.0,0.3417450743424425,0.0,0.0
9,0,two_requirements,1.0,1,0.0,0.0,0.0,0.0,0.0,0.0,0.0
9,0,two_requirements,1.0,2,0.1834089397367819,0.3839569745838654,0.25597721655710964,0.0,0.3839569745838654,0.12797975802675576,0.12797975802675576
9,0,two_requirements,1.0,3,0.2209893431815635,0.4407746795030419,0.4407746795030419,0.0,0.4407746795030419,0.0,0.0
9,0,two_requirements,1.0,4,0.4436865351690208,0.4436865351690208,0.4436865351690208,0.0,0.4436865351690208,0.0,0.0
9,1,single_requirement,0.5,1,0.0,0.39706406464789323,0.39706406464789323,0.0,0.39706406464789323,0.0,0.0
9,1,single_requirement,0.5,2,0.2970419596218705,0.5577298965696011,0.5577298965696011,0.0,0.5577298965696011,0.0,0.0
9,1,single_requirement,0.5,3,0.29704195962187047,0.5577298965696011,0.5577298965696011,0.0,0.5577298965696011,0.0,0.0
9,1,single_requirement,0.5,4,0.5577298965696011,0.5577298965696011,0.5577298965696011,0.0,0.5577298965696011,0.0,0.0
9,1,single_requirement,0.8,1,0.0,0.635302503436629,0.635302503436629,0.0,0.635302503436629,0.0,0.0
9,1,single_requirement,0.8,2,0.47526713539499277,0.761446751919206,0.761446751919206,0.0,0.761446751919206,0.0,0.0
9,1,single_requirement,0.8,3,0.47526713539499266,0.761446751919206,0.7614467519192059,0.0,0.7614467519192059,1.1102230246251565e-16,0.0
9,1,single_requirement,0.8,4,0.761446751919206,0.761446751919206,0.761446751919206,0.0,0.761446751919206,0.0,0.0
9,1,single_requirement,1.0,1,0.0,0.7941281292957865,0.7941281292957865,0.0,0.7941281292957865,0.0,0.0
9,1,single_requirement,1.0,2,0.594083919243741,0.8427075377388773,0.8427075377388773,0.0,0.8427075377388773,0.0,0.0
9,1,single_requirement,1.0,3,0.594083919243741,0.8427075377388773,0.8427075377388771,0.0,0.8427075377388771,2.220446049250313e-16,0.0
9,1,single_requirement,1.0,4,0.8427075377388773,0.8427075377388773,0.8427075377388773,0.0,0.8427075377388773,0.0,0.0
9,1,three_requirements,0.5,1,0.0,0.0,0.0,0.0,0.0,0.0,0.0
9,1,three_requirements,0.5,2,0.0,0.0,0.0,0.0,0.0,0.0,0.0
9,1,three_requirements,0.5,3,0.0,0.026803809530689483,0.026803809530689483,0.0,0.026803809530689483,0.0,0.0
9,1,three_requirements,0.5,4,0.026803809530689497,0.026803809530689497,0.026803809530689497,0.0,0.026803809530689497,0.0,0.0
9,1,three_requirements,0.8,1,0.0,0.0,0.0,0.0,0.0,0.0,0.0
9,1,three_requirements,0.8,2,0.0,0.0,0.0,0.0,0.0,0.0,0.0
9,1,three_requirements,0.8,3,0.0,0.10978840383770416,0.10978840383770416,0.0,0.10978840383770416,0.0,0.0
9,1,three_requirements,0.8,4,0.10978840383770425,0.10978840383770425,0.10978840383770425,0.0,0.10978840383770425,0.0,0.0
9,1,three_requirements,1.0,1,0.0,0.0,0.0,0.0,0.0,0.0,0.0
9,1,three_requirements,1.0,2,0.0,0.0,0.0,0.0,0.0,0.0,0.0
9,1,three_requirements,1.0,3,0.0,0.21443047624551587,0.21443047624551587,0.0,0.21443047624551587,0.0,0.0
9,1,three_requirements,1.0,4,0.21443047624551614,0.21443047624551614,0.21443047624551614,0.0,0.21443047624551614,0.0,0.0
9,1,two_requirements,0.5,1,0.0,0.0,0.0,0.0,0.0,0.0,0.0
9,1,two_requirements,0.5,2,0.0,0.12419124975536076,0.11932127270146844,0.0,0.12419124975536076,0.004869977053892319,0.004869977053892319
9,1,two_requirements,0.5,3,0.0,0.1932479498095928,0.19230593366927562,0.0,0.1932479498095928,0.0009420161403171923,0.0009420161403171923
9,1,two_requirements,0.5,4,0.23257081282957834,0.23257081282957834,0.23257081282957834,0.0,0.23257081282957834,0.0,0.0
9,1,two_requirements,0.8,1,0.0,0.0,0.0,0.0,0.0,0.0,0.0
9,1,two_requirements,0.8,2,0.0,0.3179295993737238,0.30546245811575923,0.0,0.3179295993737238,0.012467141257964554,0.012467141257964554
9,1,two_requirements,0.8,3,0.0,0.4149736671898945,0.41364986981566326,0.0,0.4149736671898945,0.001323797374231217,0.001323797374231217
9,1,two_requirements,0.8,4,0.44595697992172617,0.44595697992172617,0.44595697992172617,0.0,0.44595697992172617,0.0,0.0
9,1,two_requirements,1.0,1,0.0,0.0,0.0,0.0,0.0,0.0,0.0
9,1,two_requirements,1.0,2,0.0,0.49676499902144305,0.4772850908058738,0.0,0.49676499902144305,0.019479908215569275,0.019479908215569275
9,1,two_requirements,1.0,3,0.0,0.565332725481436,0.564397379526888,0.0,0.565332725481436,0.000935345954548028,0.000935345954548028
9,1,two_requirements,1.0,4,0.5757891998752461,0.5757891998752461,0.5757891998752461,0.0,0.5757891998752461,0.0,0.0
9,2,single_requirement,0.5,1,0.19945243763332504,0.3926116612921458,0.3926116612921458,0.0,0.3926116612921458,0.0,0.0
9,2,single_requirement,0.5,2,0.1994524376333251,0.5813807026301895,0.5813807026301895,0.0,0.5813807026301895,0.0,0.0
9,2,single_requirement,0.5,3,0.4507630780945018,0.6418313819425239,0.6418313819425239,0.0,0.6418313819425239,0.0,0.0
9,2,single_requirement,0.5,4,0.6418313819425241,0.6418313819425241,0.6418313819425241,0.0,0.6418313819425241,0.0,0.0
9,2,single_requirement,0.8,1,0.31912390021332027,0.6281786580674333,0.6281786580674333,0.0,0.6281786580674333,0.0,0.0
9,2,single_requirement,0.8,2,0.31912390021332016,0.7836583599968944,0.7836583599968944,0.0,0.7836583599968944,0.0,0.0
9,2,single_requirement,0.8,3,0.6347100958980015,0.8088263519719998,0.8088263519719998,0.0,0.8088263519719998,0.0,0.0
9,2,single_requirement,0.8,4,0.8088263519719997,0.8088263519719998,0.8088263519719997,0.0,0.8088263519719997,1.1102230246251565e-16,0.0
9,2,single_requirement,1.0,1,0.3989048752666501,0.7852233225842916,0.7852233225842916,0.0,0.7852233225842916,0.0,0.0
9,2,single_requirement,1.0,2,0.3989048752666503,0.8574473131532772,0.8574473131532772,0.0,0.8574473131532772,0.0,0.0
9,2,single_requirement,1.0,3,0.7212952623281675,0.861513366238885,0.861513366238885,0.0,0.861513366238885,0.0,0.0
9,2,single_requirement,1.0,4,0.8615133662388851,0.8615133662388851,0.8615133662388851,0.0,0.8615133662388851,0.0,0.0
9,2,three_requirements,0.5,1,0.0,0.0,0.0,0.0,0.0,0.0,0.0
9,2,three_requirements,0.5,2,0.0,0.0,0.0,0.0,0.0,0.0,0.0
9,2,three_requirements,0.5,3,0.017787416979033743,0.045138865849793534,0.017787416979033743,0.0,0.045138865849793534,0.02735144887075979,0.02735144887075979
9,2,three_requirements,0.5,4,0.07526299189335885,0.07526299189335885,0.07526299189335885,0.0,0.07526299189335885,0.0,0.0
9,2,three_requirements,0.8,1,0.0,0.0,0.0,0.0,0.0,0.0,0.0
9,2,three_requirements,0.8,2,0.0,0.0,0.0,0.0,0.0,0.0,0.0
9,2,three_requirements,0.8,3,0.07285725994612219,0.18488879452075435,0.07285725994612219,0.0,0.18488879452075435,0.11203153457463216,0.11203153457463216
9,2,three_requirements,0.8,4,0.2558057645541029,0.2558057645541029,0.2558057645541029,0.0,0.2558057645541029,0.0,0.0
9,2,three_requirements,1.0,1,0.0,0.0,0.0,0.0,0.0,0.0,0.0
9,2,three_requirements,1.0,2,0.0,0.0,0.0,0.0,0.0,0.0,0.0
9,2,three_requirements,1.0,3,0.14229933583226995,0.3611109267983483,0.14229933583226995,0.0,0.3611109267983483,0.21881159096607833,0.21881159096607833
9,2,three_requirements,1.0,4,0.4312984330599736,0.4312984330599736,0.4312984330599736,0.0,0.4312984330599736,0.0,0.0
9,2,two_requirements,0.5,1,0.0,0.0,0.0,0.0,0.0,0.0,0.0
9,2,two_requirements,0.5,2,0.0,0.1340557152308346,0.10946326592965065,0.0,0.1340557152308346,0.02459244930118394,0.02459244930118394
9,2,two_requirements,0.5,3,0.10946326592965061,0.2535944920542252,0.2535944920542252,0.0,0.2535944920542252,0.0,0.0
9,2,two_requirements,0.5,4,0.25359449205422513,0.2535944920542252,0.25359449205422513,0.0,0.25359449205422513,5.551115123125783e-17,0.0
9,2,two_requirements,0.8,1,0.0,0.0,0.0,0.0,0.0,0.0,0.0
9,2,two_requirements,0.8,2,0.0,0.3431826309909366,0.2802259607799054,0.0,0.3431826309909366,0.06295667021103118,0.06295667021103118
9,2,two_requirements,0.8,3,0.2802259607799055,0.4993104416710584,0.4993104416710584,0.0,0.4993104416710584,0.0,0.0
9,2,two_requirements,0.8,4,0.4993104416710583,0.4993104416710584,0.4993104416710583,0.0,0.4993104416710583,1.1102230246251565e-16,0.0
9,2,two_requirements,1.0,1,0.0,0.0,0.0,0.0,0.0,0.0,0.0
9,2,two_requirements,1.0,2,0.0,0.5362228609233384,0.4378530637186026,0.0,0.5362228609233384,0.09836979720473576,0.09836979720473576
9,2,two_requirements,1.0,3,0.43785306371860233,0.6240356297071141,0.6240356297071141,0.0,0.6240356297071141,0.0,0.0
9,2,two_requirements,1.0,4,0.6240356297071142,0.6240356297071142,0.6240356297071142,0.0,0.6240356297071142,0.0,0.0
9,3,single_requirement,0.5,1,0.3016010395425375,0.3016010395425375,0.3016010395425375,0.0,0.3016010395425375,0.0,0.0
9,3,single_requirement,0.5,2,0.43414080961491464,0.45447175350998725,0.45447175350998725,0.0,0.45447175350998725,0.0,0.0
9,3,single_requirement,0.5,3,0.5328269945385979,0.5328269945385979,0.5328269945385979,0.0,0.5328269945385979,0.0,0.0
9,3,single_requirement,0.5,4,0.5328269945385978,0.5328269945385979,0.5328269945385978,0.0,0.5328269945385978,1.1102230246251565e-16,0.0
9,3,single_requirement,0.8,1,0.4825616632680599,0.4825616632680599,0.4825616632680599,0.0,0.4825616632680599,0.0,0.0
9,3,single_requirement,0.8,2,0.6091006791768256,0.6285111371214404,0.6285111371214404,0.0,0.6285111371214404,0.0,0.0
9,3,single_requirement,0.8,3,0.6722800443579611,0.6722800443579611,0.6722800443579611,0.0,0.6722800443579611,0.0,0.0
9,3,single_requirement,0.8,4,0.6722800443579611,0.6722800443579611,0.6722800443579611,0.0,0.6722800443579611,0.0,0.0
9,3,single_requirement,1.0,1,0.603202079085075,0.603202079085075,0.603202079085075,0.0,0.603202079085075,0.0,0.0
9,3,single_requirement,1.0,2,0.6901053354651673,0.7034358643230182,0.7034358643230182,0.0,0.7034358643230182,0.0,0.0
9,3,single_requirement,1.0,3,0.719284040152516,0.719284040152516,0.719284040152516,0.0,0.719284040152516,0.0,0.0
9,3,single_requirement,1.0,4,0.719284040152516,0.719284040152516,0.719284040152516,0.0,0.719284040152516,0.0,0.0
9,3,three_requirements,0.5,1,0.0,0.0,0.0,0.0,0.0,0.0,0.0
9,3,three_requirements,0.5,2,0.0,0.0,0.0,0.0,0.0,0.0,0.0
9,3,three_requirements,0.5,3,0.0,0.029214873740919092,0.0,0.0,0.029214873740919092,0.029214873740919092,0.029214873740919092
9,3,three_requirements,0.5,4,0.029214873740919092,0.029214873740919092,0.029214873740919092,0.0,0.029214873740919092,0.0,0.0
9,3,three_requirements,0.8,1,0.0,0.0,0.0,0.0,0.0,0.0,0.0
9,3,three_requirements,0.8,2,0.0,0.0,0.0,0.0,0.0,0.0,0.0
9,3,three_requirements,0.8,3,0.0,0.11966412284280462,0.0,0.0,0.11966412284280462,0.11966412284280462,0.11966412284280462
9,3,three_requirements,0.8,4,0.11966412284280462,0.11966412284280462,0.11966412284280462,0.0,0.11966412284280462,0.0,0.0
9,3,three_requirements,1.0,1,0.0,0.0,0.0,0.0,0.0,0.0,0.0
9,3,three_requirements,1.0,2,0.0,0.0,0.0,0.0,0.0,0.0,0.0
9,3,three_requirements,1.0,3,0.0,0.23371898992735274,0.0,0.0,0.23371898992735274,0.23371898992735274,0.23371898992735274
9,3,three_requirements,1.0,4,0.23371898992735257,0.23371898992735274,0.23371898992735257,0.0,0.23371898992735257,1.6653345369377348e-16,0.0
9,3,two_requirements,0.5,1,0.0,0.0,0.0,0.0,0.0,0.0,0.0
9,3,two_requirements,0.5,2,0.08620416675564936,0.09570383018800087,0.08620416675564936,0.0,0.09570383018800087,0.009499663432351507,0.009499663432351507
9,3,two_requirements,0.5,3,0.08620416675564933,0.09570383018800087,0.08620416675564933,0.0,0.09570383018800087,0.009499663432351535,0.009499663432351535
9,3,two_requirements,0.5,4,0.16715534430302406,0.16715534430302406,0.16715534430302406,0.0,0.16715534430302406,0.0,0.0
9,3,two_requirements,0.8,1,0.0,0.0,0.0,0.0,0.0,0.0,0.0
9,3,two_requirements,0.8,2,0.2206826668944623,0.2450018052812822,0.2206826668944623,0.0,0.2450018052812822,0.0243191383868199,0.0243191383868199
9,3,two_requirements,0.8,3,0.22068266689446245,0.2450018052812823,0.22068266689446245,0.0,0.24500180528128224,0.024319138386819844,0.02431913838681979
9,3,two_requirements,0.8,4,0.3690014878301371,0.3690014878301371,0.3690014878301371,0.0,0.3690014878301371,0.0,0.0
9,3,two_requirements,1.0,1,0.0,0.0,0.0,0.0,0.0,0.0,0.0
9,3,two_requirements,1.0,2,0.34481666702259745,0.3828153207520035,0.34481666702259745,0.0,0.3828153207520035,0.03799865372940603,0.03799865372940603
9,3,two_requirements,1.0,3,0.34481666702259733,0.3828153207520035,0.34481666702259733,0.0,0.3828153207520035,0.03799865372940614,0.03799865372940614
9,3,two_requirements,1.0,4,0.4915895455245822,0.4915895455245822,0.4915895455245822,0.0,0.4915895455245822,0.0,0.0
9,4,single_requirement,0.5,1,0.0,0.29633018758467566,0.29633018758467566,0.0,0.29633018758467566,0.0,0.0
9,4,single_requirement,0.5,2,0.29633018758467555,0.44767226846398955,0.44767226846398955,0.0,0.44767226846398955,0.0,0.0
9,4,single_requirement,0.5,3,0.4246459795927219,0.5209399323991857,0.5209399323991857,0.0,0.5209399323991857,0.0,0.0
9,4,single_requirement,0.5,4,0.5209399323991857,0.5209399323991857,0.5209399323991857,0.0,0.5209399323991857,0.0,0.0
9,4,single_requirement,0.8,1,0.0,0.4741283001354808,0.4741283001354808,0.0,0.4741283001354808,0.0,0.0
9,4,single_requirement,0.8,2,0.4741283001354807,0.6254042010321006,0.6254042010321006,0.0,0.6254042010321006,0.0,0.0
9,4,single_requirement,0.8,3,0.6023879812664656,0.6656253922096287,0.6656253922096287,0.0,0.6656253922096287,0.0,0.0
9,4,single_requirement,0.8,4,0.6656253922096287,0.6656253922096287,0.6656253922096287,0.0,0.6656253922096287,0.0,0.0
9,4,single_requirement,1.0,1,0.0,0.5926603751693513,0.5926603751693513,0.0,0.5926603751693513,0.0,0.0
9,4,single_requirement,1.0,2,0.5926603751693509,0.7060290608648903,0.7060290608648903,0.0,0.7060290608648903,0.0,0.0
9,4,single_requirement,1.0,3,0.6887803215148405,0.7196771144841873,0.7196771144841873,0.0,0.7196771144841873,0.0,0.0
9,4,single_requirement,1.0,4,0.7196771144841874,0.7196771144841874,0.7196771144841874,0.0,0.7196771144841874,0.0,0.0
9,4,three_requirements,0.5,1,0.0,0.0,0.0,0.0,0.0,0.0,0.0
9,4,three_requirements,0.5,2,0.0,0.0,0.0,0.0,0.0,0.0,0.0
9,4,three_requirements,0.5,3,0.0,0.008296926306325544,0.0,0.0,0.0,0.008296926306325544,0.0
9,4,three_requirements,0.5,4,0.008296926306325551,0.008296926306325551,0.008296926306325551,0.0,0.008296926306325551,0.0,0.0
9,4,three_requirements,0.8,1,0.0,0.0,0.0,0.0,0.0,0.0,0.0
9,4,three_requirements,0.8,2,0.0,0.0,0.0,0.0,0.0,0.0,0.0
9,4,three_requirements,0.8,3,0.0,0.033984210150709515,0.0,0.0,0.0,0.033984210150709515,0.0
9,4,three_requirements,0.8,4,0.03398421015070949,0.033984210150709515,0.03398421015070949,0.0,0.03398421015070949,2.7755575615628914e-17,0.0
9,4,three_requirements,1.0,1,0.0,0.0,0.0,0.0,0.0,0.0,0.0
9,4,three_requirements,1.0,2,0.0,0.0,0.0,0.0,0.0,0.0,0.0
9,4,three_requirements,1.0,3,0.0,0.06637541045060436,0.0,0.0,0.0,0.06637541045060436,0.0
9,4,three_requirements,1.0,4,0.06637541045060447,0.06637541045060447,0.06637541045060447,0.0,0.06637541045060447,0.0,0.0
9,4,two_requirements,0.5,1,0.0,0.0,0.0,0.0,0.0,0.0,0.0
9,4,two_requirements,0.5,2,0.0,0.07775618788736496,0.0,0.0,0.07775618788736496,0.07775618788736496,0.07775618788736496
9,4,two_requirements,0.5,3,0.07775618788736492,0.12488315199191605,0.07775618788736492,0.0,0.12488315199191605,0.047126964104551125,0.047126964104551125
9,4,two_requirements,0.5,4,0.12488315199191603,0.12488315199191605,0.12488315199191603,0.0,0.12488315199191603,1.3877787807814457e-17,0.0
9,4,two_requirements,0.8,1,0.0,0.0,0.0,0.0,0.0,0.0,0.0
9,4,two_requirements,0.8,2,0.0,0.19905584099165435,0.0,0.0,0.19905584099165435,0.19905584099165435,0.19905584099165435
9,4,two_requirements,0.8,3,0.1990558409916543,0.27442601071594896,0.1990558409916543,0.0,0.27442601071594896,0.07537016972429467,0.07537016972429467
9,4,two_requirements,0.8,4,0.27442601071594885,0.27442601071594896,0.27442601071594885,0.0,0.27442601071594885,1.1102230246251565e-16,0.0
9,4,two_requirements,1.0,1,0.0,0.0,0.0,0.0,0.0,0.0,0.0
9,4,two_requirements,1.0,2,0.0,0.31102475154945985,0.0,0.0,0.31102475154945985,0.31102475154945985,0.31102475154945985
9,4,two_requirements,1.0,3,0.3110247515494597,0.3816293309276738,0.3110247515494597,0.0,0.3816293309276738,0.07060457937821413,0.07060457937821413
9,4,two_requirements,1.0,4,0.3816293309276738,0.3816293309276738,0.3816293309276738,0.0,0.3816293309276738,0.0,0.0
9,5,single_requirement,0.5,1,0.2623809312917713,0.30848392220008725,0.30848392220008725,0.0,0.30848392220008725,0.0,0.0
9,5,single_requirement,0.5,2,0.2623809312917713,0.45757463539484416,0.45757463539484416,0.0,0.45757463539484416,0.0,0.0
9,5,single_requirement,0.5,3,0.45757463539484416,0.45757463539484416,0.45757463539484416,0.0,0.45757463539484416,0.0,0.0
9,5,single_requirement,0.5,4,0.4575746353948443,0.4575746353948443,0.4575746353948443,0.0,0.4575746353948443,0.0,0.0
9,5,single_requirement,0.8,1,0.4198094900668341,0.49357427552013944,0.49357427552013944,0.0,0.49357427552013944,0.0,0.0
9,5,single_requirement,0.8,2,0.4198094900668341,0.6233608072586169,0.6233608072586169,0.0,0.6233608072586169,0.0,0.0
9,5,single_requirement,0.8,3,0.6233608072586169,0.623360807258617,0.6233608072586169,0.0,0.6233608072586169,1.1102230246251565e-16,0.0
9,5,single_requirement,0.8,4,0.623360807258617,0.623360807258617,0.623360807258617,0.0,0.623360807258617,0.0,0.0
9,5,single_requirement,1.0,1,0.5247618625835426,0.6169678444001745,0.6169678444001745,0.0,0.6169678444001745,0.0,0.0
9,5,single_requirement,1.0,2,0.5247618625835426,0.6885688345956594,0.6885688345956594,0.0,0.6885688345956594,0.0,0.0
9,5,single_requirement,1.0,3,0.6885688345956598,0.6885688345956598,0.6885688345956598,0.0,0.6885688345956598,0.0,0.0
9,5,single_requirement,1.0,4,0.68856883459566,0.68856883459566,0.68856883459566,0.0,0.68856883459566,0.0,0.0
9,5,three_requirements,0.5,1,0.0,0.0,0.0,0.0,0.0,0.0,0.0
9,5,three_requirements,0.5,2,0.0,0.0,0.0,0.0,0.0,0.0,0.0
9,5,three_requirements,0.5,3,0.0,0.0,0.0,0.0,0.0,0.0,0.0
9,5,three_requirements,0.5,4,0.0,0.0,0.0,0.0,0.0,0.0,0.0
9,5,three_requirements,0.8,1,0.0,0.0,0.0,0.0,0.0,0.0,0.0
9,5,three_requirements,0.8,2,0.0,0.0,0.0,0.0,0.0,0.0,0.0
9,5,three_requirements,0.8,3,0.0,0.0,0.0,0.0,0.0,0.0,0.0
9,5,three_requirements,0.8,4,0.0,0.0,0.0,0.0,0.0,0.0,0.0
9,5,three_requirements,1.0,1,0.0,0.0,0.0,0.0,0.0,0.0,0.0
9,5,three_requirements,1.0,2,0.0,0.0,0.0,0.0,0.0,0.0,0.0
9,5,three_requirements,1.0,3,0.0,0.0,0.0,0.0,0.0,0.0,0.0
9,5,three_requirements,1.0,4,0.0,0.0,0.0,0.0,0.0,0.0,0.0
9,5,two_requirements,0.5,1,0.0,0.0,0.0,0.0,0.0,0.0,0.0
9,5,two_requirements,0.5,2,0.0,0.0810891486749342,0.0810891486749342,0.0,0.0810891486749342,0.0,0.0
9,5,two_requirements,0.5,3,0.0810891486749342,0.0810891486749342,0.0810891486749342,0.0,0.0810891486749342,0.0,0.0
9,5,two_requirements,0.5,4,0.1467979370900838,0.1467979370900838,0.1467979370900838,0.0,0.1467979370900838,0.0,0.0
9,5,two_requirements,0.8,1,0.0,0.0,0.0,0.0,0.0,0.0,0.0
9,5,two_requirements,0.8,2,0.0,0.20758822060783164,0.20758822060783164,0.0,0.20758822060783164,0.0,0.0
9,5,two_requirements,0.8,3,0.20758822060783158,0.20758822060783164,0.20758822060783158,0.0,0.20758822060783158,5.551115123125783e-17,0.0
9,5,two_requirements,0.8,4,0.3201897700668267,0.3201897700668267,0.3201897700668267,0.0,0.3201897700668267,0.0,0.0
9,5,two_requirements,1.0,1,0.0,0.0,0.0,0.0,0.0,0.0,0.0
9,5,two_requirements,1.0,2,0.0,0.3243565946997368,0.3243565946997368,0.0,0.3243565946997368,0.0,0.0
9,5,two_requirements,1.0,3,0.3243565946997368,0.3243565946997369,0.3243565946997368,0.0,0.3243565946997368,5.551115123125783e-17,0.0
9,5,two_requirements,1.0,4,0.42008553176241487,0.42008553176241487,0.42008553176241487,0.0,0.42008553176241487,0.0,0.0
9,6,single_requirement,0.5,1,0.31827205153523036,0.40412933298827874,0.40412933298827874,0.0,0.40412933298827874,0.0,0.0
9,6,single_requirement,0.5,2,0.31827205153523036,0.5756047861362308,0.5756047861362308,0.0,0.5756047861362308,0.0,0.0
9,6,single_requirement,0.5,3,0.3182720515352304,0.5756047861362308,0.5756047861362308,0.0,0.5756047861362308,0.0,0.0
9,6,single_requirement,0.5,4,0.5756047861362308,0.5756047861362308,0.5756047861362308,0.0,0.5756047861362308,0.0,0.0
9,6,single_requirement,0.8,1,0.5092352824563686,0.6466069327812461,0.6466069327812461,0.0,0.6466069327812461,0.0,0.0
9,6,single_requirement,0.8,2,0.5092352824563686,0.7800429233661821,0.7800429233661821,0.0,0.7800429233661821,0.0,0.0
9,6,single_requirement,0.8,3,0.5092352824563685,0.7800429233661823,0.7800429233661823,0.0,0.7800429233661823,0.0,0.0
9,6,single_requirement,0.8,4,0.7800429233661823,0.7800429233661823,0.7800429233661823,0.0,0.7800429233661823,0.0,0.0
9,6,single_requirement,1.0,1,0.6365441030704607,0.8082586659765575,0.8082586659765575,0.0,0.8082586659765575,0.0,0.0
9,6,single_requirement,1.0,2,0.6365441030704607,0.8576163754979048,0.8576163754979048,0.0,0.8576163754979048,0.0,0.0
9,6,single_requirement,1.0,3,0.6365441030704609,0.857616375497905,0.857616375497905,0.0,0.857616375497905,0.0,0.0
9,6,single_requirement,1.0,4,0.8576163754979051,0.8576163754979051,0.8576163754979051,0.0,0.8576163754979051,0.0,0.0
9,6,three_requirements,0.5,1,0.0,0.0,0.0,0.0,0.0,0.0,0.0
9,6,three_requirements,0.5,2,0.0,0.0,0.0,0.0,0.0,0.0,0.0
9,6,three_requirements,0.5,3,0.0,0.031959106299164375,0.02927423508402161,0.0,0.02927423508402161,0.002684871215142763,0.0
9,6,three_requirements,0.5,4,0.04982901771113349,0.04982901771113349,0.04982901771113349,0.0,0.04982901771113349,0.0,0.0
9,6,three_requirements,0.8,1,0.0,0.0,0.0,0.0,0.0,0.0,0.0
9,6,three_requirements,0.8,2,0.0,0.0,0.0,0.0,0.0,0.0,0.0
9,6,three_requirements,0.8,3,0.0,0.13090449940137747,0.11990726690415253,0.0,0.11990726690415253,0.010997232497224937,0.0
9,6,three_requirements,0.8,4,0.17607239068836658,0.17607239068836658,0.17607239068836658,0.0,0.17607239068836658,0.0,0.0
9,6,three_requirements,1.0,1,0.0,0.0,0.0,0.0,0.0,0.0,0.0
9,6,three_requirements,1.0,2,0.0,0.0,0.0,0.0,0.0,0.0,0.0
9,6,three_requirements,1.0,3,0.0,0.255672850393315,0.2341938806721729,0.0,0.2341938806721729,0.021478969721142105,0.0
9,6,three_requirements,1.0,4,0.307397552312648,0.307397552312648,0.307397552312648,0.0,0.307397552312648,0.0,0.0
9,6,two_requirements,0.5,1,0.0,0.0,0.0,0.0,0.0,0.0,0.0
9,6,two_requirements,0.5,2,0.0,0.10926938278146556,0.10926938278146556,0.0,0.10926938278146556,0.0,0.0
9,6,two_requirements,0.5,3,0.10926938278146558,0.240326640438155,0.240326640438155,0.0,0.240326640438155,0.0,0.0
9,6,two_requirements,0.5,4,0.27338724787205604,0.27338724787205604,0.27338724787205604,0.0,0.27338724787205604,0.0,0.0
9,6,two_requirements,0.8,1,0.0,0.0,0.0,0.0,0.0,0.0,0.0
9,6,two_requirements,0.8,2,0.0,0.27972961992055184,0.27972961992055184,0.0,0.27972961992055184,0.0,0.0
9,6,two_requirements,0.8,3,0.27972961992055173,0.4889114809012129,0.4889114809012129,0.0,0.4889114809012129,0.0,0.0
9,6,two_requirements,0.8,4,0.5217886761718494,0.5217886761718494,0.5217886761718494,0.0,0.5217886761718494,0.0,0.0
9,6,two_requirements,1.0,1,0.0,0.0,0.0,0.0,0.0,0.0,0.0
9,6,two_requirements,1.0,2,0.0,0.43707753112586223,0.43707753112586223,0.0,0.43707753112586223,0.0,0.0
9,6,two_requirements,1.0,3,0.43707753112586234,0.6323359403451625,0.6323359403451625,0.0,0.6323359403451625,0.0,0.0
9,6,two_requirements,1.0,4,0.650637578594945,0.650637578594945,0.650637578594945,0.0,0.650637578594945,0.0,0.0
9,7,single_requirement,0.5,1,0.11860127318246952,0.34489392578836064,0.34489392578836064,0.0,0.34489392578836064,0.0,0.0
9,7,single_requirement,0.5,2,0.11860127318246949,0.5234989022699268,0.5234989022699268,0.0,0.5234989022699268,0.0,0.0
9,7,single_requirement,0.5,3,0.3821444305869226,0.563852652116079,0.563852652116079,0.0,0.563852652116079,0.0,0.0
9,7,single_requirement,0.5,4,0.563852652116079,0.563852652116079,0.563852652116079,0.0,0.563852652116079,0.0,0.0
9,7,single_requirement,0.8,1,0.189762037091951,0.5518302812613769,0.5518302812613769,0.0,0.5518302812613769,0.0,0.0
9,7,single_requirement,0.8,2,0.18976203709195116,0.7098118421225349,0.7098118421225349,0.0,0.7098118421225349,0.0,0.0
9,7,single_requirement,0.8,3,0.5651853411157001,0.7308572569222532,0.7308572569222532,0.0,0.7308572569222532,0.0,0.0
9,7,single_requirement,0.8,4,0.7308572569222531,0.7308572569222532,0.7308572569222531,0.0,0.7308572569222531,1.1102230246251565e-16,0.0
9,7,single_requirement,1.0,1,0.23720254636493904,0.6897878515767213,0.6897878515767213,0.0,0.6897878515767213,0.0,0.0
9,7,single_requirement,1.0,2,0.23720254636493898,0.7807761347287122,0.7807761347287122,0.0,0.7807761347287122,0.0,0.0
9,7,single_requirement,1.0,3,0.6679435532084781,0.7872725394378066,0.7872725394378066,0.0,0.7872725394378066,0.0,0.0
9,7,single_requirement,1.0,4,0.7872725394378065,0.7872725394378066,0.7872725394378065,0.0,0.7872725394378065,1.1102230246251565e-16,0.0
9,7,three_requirements,0.5,1,0.0,0.0,0.0,0.0,0.0,0.0,0.0
9,7,three_requirements,0.5,2,0.0,0.0,0.0,0.0,0.0,0.0,0.0
9,7,three_requirements,0.5,3,0.0,0.0,0.0,0.0,0.0,0.0,0.0
9,7,three_requirements,0.5,4,0.0,0.0,0.0,0.0,0.0,0.0,0.0
9,7,three_requirements,0.8,1,0.0,0.0,0.0,0.0,0.0,0.0,0.0
9,7,three_requirements,0.8,2,0.0,0.0,0.0,0.0,0.0,0.0,0.0
9,7,three_requirements,0.8,3,0.0,0.0,0.0,0.0,0.0,0.0,0.0
9,7,three_requirements,0.8,4,0.0,0.0,0.0,0.0,0.0,0.0,0.0
9,7,three_requirements,1.0,1,0.0,0.0,0.0,0.0,0.0,0.0,0.0
9,7,three_requirements,1.0,2,0.0,0.0,0.0,0.0,0.0,0.0,0.0
9,7,three_requirements,1.0,3,0.0,0.0,0.0,0.0,0.0,0.0,0.0
9,7,three_requirements,1.0,4,0.0,0.0,0.0,0.0,0.0,0.0,0.0
9,7,two_requirements,0.5,1,0.0,0.0,0.0,0.0,0.0,0.0,0.0
9,7,two_requirements,0.5,2,0.0,0.06595855677146495,0.06595855677146495,0.0,0.06595855677146495,0.0,0.0
9,7,two_requirements,0.5,3,0.0,0.08310661988664633,0.08310661988664633,0.0,0.08310661988664633,0.0,0.0
9,7,two_requirements,0.5,4,0.08310661988664639,0.08310661988664639,0.08310661988664639,0.0,0.08310661988664639,0.0,0.0
9,7,two_requirements,0.8,1,0.0,0.0,0.0,0.0,0.0,0.0,0.0
9,7,two_requirements,0.8,2,0.0,0.16885390533495034,0.16885390533495034,0.0,0.16885390533495034,0.0,0.0
9,7,two_requirements,0.8,3,0.0,0.19567606729951048,0.19567606729951048,0.0,0.19567606729951048,0.0,0.0
9,7,two_requirements,0.8,4,0.1956760672995106,0.1956760672995106,0.1956760672995106,0.0,0.1956760672995106,0.0,0.0
9,7,two_requirements,1.0,1,0.0,0.0,0.0,0.0,0.0,0.0,0.0
9,7,two_requirements,1.0,2,0.0,0.2638342270858598,0.2638342270858598,0.0,0.2638342270858598,0.0,0.0
9,7,two_requirements,1.0,3,0.0,0.2879554388947515,0.2879554388947515,0.0,0.2879554388947515,0.0,0.0
9,7,two_requirements,1.0,4,0.28795543889475184,0.28795543889475184,0.28795543889475184,0.0,0.28795543889475184,0.0,0.0
9,8,single_requirement,0.5,1,0.28524530312518614,0.28790502659424533,0.28790502659424533,0.0,0.28790502659424533,0.0,0.0
9,8,single_requirement,0.5,2,0.3886587446361305,0.46297434220057376,0.46297434220057376,0.0,0.46297434220057376,0.0,0.0
9,8,single_requirement,0.5,3,0.5213586377481887,0.5213586377481887,0.5213586377481887,0.0,0.5213586377481887,0.0,0.0
9,8,single_requirement,0.5,4,0.5213586377481885,0.5213586377481887,0.5213586377481885,0.0,0.5213586377481885,2.220446049250313e-16,0.0
9,8,single_requirement,0.8,1,0.4563924850002978,0.4606480425507926,0.4606480425507926,0.0,0.4606480425507926,0.0,0.0
9,8,single_requirement,0.8,2,0.560311257734853,0.6349899995028147,0.6349899995028147,0.0,0.6349899995028147,0.0,0.0
9,8,single_requirement,0.8,3,0.6665100818168543,0.6665100818168543,0.6665100818168543,0.0,0.6665100818168543,0.0,0.0
9,8,single_requirement,0.8,4,0.6665100818168539,0.6665100818168543,0.6665100818168539,0.0,0.6665100818168539,4.440892098500626e-16,0.0
9,8,single_requirement,1.0,1,0.5704906062503723,0.5758100531884907,0.5758100531884907,0.0,0.5758100531884907,0.0,0.0
9,8,single_requirement,1.0,2,0.649103460766103,0.7055967093634321,0.7055967093634321,0.0,0.7055967093634321,0.0,0.0
9,8,single_requirement,1.0,3,0.7157490301446156,0.7157490301446156,0.7157490301446156,0.0,0.7157490301446156,0.0,0.0
9,8,single_requirement,1.0,4,0.7157490301446154,0.7157490301446156,0.7157490301446154,0.0,0.7157490301446154,1.1102230246251565e-16,0.0
9,8,three_requirements,0.5,1,0.0,0.0,0.0,0.0,0.0,0.0,0.0
9,8,three_requirements,0.5,2,0.0,0.0,0.0,0.0,0.0,0.0,0.0
9,8,three_requirements,0.5,3,0.0,0.0,0.0,0.0,0.0,0.0,0.0
9,8,three_requirements,0.5,4,0.0,0.0,0.0,0.0,0.0,0.0,0.0
9,8,three_requirements,0.8,1,0.0,0.0,0.0,0.0,0.0,0.0,0.0
9,8,three_requirements,0.8,2,0.0,0.0,0.0,0.0,0.0,0.0,0.0
9,8,three_requirements,0.8,3,0.0,0.0,0.0,0.0,0.0,0.0,0.0
9,8,three_requirements,0.8,4,0.0,0.0,0.0,0.0,0.0,0.0,0.0
9,8,three_requirements,1.0,1,0.0,0.0,0.0,0.0,0.0,0.0,0.0
9,8,three_requirements,1.0,2,0.0,0.0,0.0,0.0,0.0,0.0,0.0
9,8,three_requirements,1.0,3,0.0,0.0,0.0,0.0,0.0,0.0,0.0
9,8,three_requirements,1.0,4,0.0,0.0,0.0,0.0,0.0,0.0,0.0
9,8,two_requirements,0.5,1,0.0,0.0,0.0,0.0,0.0,0.0,0.0
9,8,two_requirements,0.5,2,0.0,0.07173780133941643,0.07173780133941643,0.0,0.07173780133941643,0.0,0.0
9,8,two_requirements,0.5,3,0.07173780133941643,0.07173780133941646,0.07173780133941643,0.0,0.07173780133941643,2.7755575615628914e-17,0.0
9,8,two_requirements,0.5,4,0.07173780133941646,0.07173780133941646,0.07173780133941646,0.0,0.07173780133941646,0.0,0.0
9,8,two_requirements,0.8,1,0.0,0.0,0.0,0.0,0.0,0.0,0.0
9,8,two_requirements,0.8,2,0.0,0.18364877142890612,0.18364877142890612,0.0,0.18364877142890612,0.0,0.0
9,8,two_requirements,0.8,3,0.18364877142890618,0.18364877142890618,0.18364877142890618,0.0,0.18364877142890618,0.0,0.0
9,8,two_requirements,0.8,4,0.18364877142890595,0.18364877142890618,0.18364877142890595,0.0,0.18364877142890595,2.220446049250313e-16,0.0
9,8,two_requirements,1.0,1,0.0,0.0,0.0,0.0,0.0,0.0,0.0
9,8,two_requirements,1.0,2,0.0,0.2869512053576657,0.2869512053576657,0.0,0.2869512053576657,0.0,0.0
9,8,two_requirements,1.0,3,0.2869512053576656,0.28695120535766594,0.2869512053576656,0.0,0.2869512053576656,3.3306690738754696e-16,0.0
9,8,two_requirements,1.0,4,0.28695120535766566,0.28695120535766594,0.28695120535766566,0.0,0.28695120535766566,2.7755575615628914e-16,0.0
9,9,single_requirement,0.5,1,0.25076797807079887,0.3314795987088033,0.3314795987088033,0.0,0.3314795987088033,0.0,0.0
9,9,single_requirement,0.5,2,0.40813407611610897,0.4821422765942494,0.4821422765942494,0.0,0.4821422765942494,0.0,0.0
9,9,single_requirement,0.5,3,0.5606713583591387,0.5606713583591387,0.5606713583591387,0.0,0.5606713583591387,0.0,0.0
9,9,single_requirement,0.5,4,0.5606713583591388,0.5606713583591388,0.5606713583591388,0.0,0.5606713583591388,0.0,0.0
9,9,single_requirement,0.8,1,0.401228764913278,0.5303673579340853,0.5303673579340853,0.0,0.5303673579340853,0.0,0.0
9,9,single_requirement,0.8,2,0.5465245783256183,0.6585024157371738,0.6585024157371738,0.0,0.6585024157371738,0.0,0.0
9,9,single_requirement,0.8,3,0.693502732469744,0.693502732469744,0.693502732469744,0.0,0.693502732469744,0.0,0.0
9,9,single_requirement,0.8,4,0.693502732469744,0.693502732469744,0.693502732469744,0.0,0.693502732469744,0.0,0.0
9,9,single_requirement,1.0,1,0.5015359561415977,0.6629591974176066,0.6629591974176066,0.0,0.6629591974176066,0.0,0.0
9,9,single_requirement,1.0,2,0.5944141033568929,0.7290236639934462,0.7290236639934462,0.0,0.7290236639934462,0.0,0.0
9,9,single_requirement,1.0,3,0.7361434264802083,0.7361434264802083,0.7361434264802083,0.0,0.7361434264802083,0.0,0.0
9,9,single_requirement,1.0,4,0.7361434264802084,0.7361434264802084,0.7361434264802084,0.0,0.7361434264802084,0.0,0.0
9,9,three_requirements,0.5,1,0.0,0.0,0.0,0.0,0.0,0.0,0.0
9,9,three_requirements,0.5,2,0.0,0.0,0.0,0.0,0.0,0.0,0.0
9,9,three_requirements,0.5,3,0.0,0.044443062450981195,0.044443062450981195,0.0,0.044443062450981195,0.0,0.0
9,9,three_requirements,0.5,4,0.06018772855269339,0.06018772855269339,0.06018772855269339,0.0,0.06018772855269339,0.0,0.0
9,9,three_requirements,0.8,1,0.0,0.0,0.0,0.0,0.0,0.0,0.0
9,9,three_requirements,0.8,2,0.0,0.0,0.0,0.0,0.0,0.0,0.0
9,9,three_requirements,0.8,3,0.0,0.18203878379921917,0.18203878379921917,0.0,0.18203878379921917,0.0,0.0
9,9,three_requirements,0.8,4,0.21583534953010114,0.21583534953010114,0.21583534953010114,0.0,0.21583534953010114,0.0,0.0
9,9,three_requirements,1.0,1,0.0,0.0,0.0,0.0,0.0,0.0,0.0
9,9,three_requirements,1.0,2,0.0,0.0,0.0,0.0,0.0,0.0,0.0
9,9,three_requirements,1.0,3,0.0,0.35554449960784956,0.35554449960784956,0.0,0.35554449960784956,0.0,0.0
9,9,three_requirements,1.0,4,0.3815878094706,0.3815878094706,0.3815878094706,0.0,0.3815878094706,0.0,0.0
9,9,two_requirements,0.5,1,0.0,0.0,0.0,0.0,0.0,0.0,0.0
9,9,two_requirements,0.5,2,0.08597487239167287,0.13747120713771016,0.0947694532224803,0.0,0.13747120713771016,0.04270175391522986,0.04270175391522986
9,9,two_requirements,0.5,3,0.08597487239167284,0.19068993847192306,0.19068993847192306,0.0,0.19068993847192306,0.0,0.0
9,9,two_requirements,0.5,4,0.23746260145681047,0.23746260145681047,0.23746260145681047,0.0,0.23746260145681047,0.0,0.0
9,9,two_requirements,0.8,1,0.0,0.0,0.0,0.0,0.0,0.0,0.0
9,9,two_requirements,0.8,2,0.2200956733226826,0.3519262902725381,0.2426098002495494,0.0,0.3519262902725381,0.10931649002298868,0.10931649002298868
9,9,two_requirements,0.8,3,0.2200956733226826,0.4243443336677442,0.4243443336677442,0.0,0.4243443336677442,0.0,0.0
9,9,two_requirements,0.8,4,0.4838677572602339,0.4838677572602339,0.4838677572602339,0.0,0.4838677572602339,0.0,0.0
9,9,two_requirements,1.0,1,0.0,0.0,0.0,0.0,0.0,0.0,0.0
9,9,two_requirements,1.0,2,0.3438994895666915,0.5498848285508406,0.3790778128899212,0.0,0.5498848285508406,0.17080701566091944,0.17080701566091944
9,9,two_requirements,1.0,3,0.3438994895666914,0.5965568663346228,0.5965568663346228,0.0,0.5965568663346228,0.0,0.0
9,9,two_requirements,1.0,4,0.6268386806470311,0.6268386806470311,0.6268386806470311,0.0,0.6268386806470311,0.0,0.0
10,0,single_requirement,0.5,1,0.20966037174120167,0.37451588262207336,0.37451588262207336,0.0,0.37451588262207336,0.0,0.0
10,0,single_requirement,0.5,2,0.37451678619446993,0.5096840232921163,0.5096840232921163,0.0,0.5096840232921163,0.0,0.0
10,0,single_requirement,0.5,3,0.37451678619447,0.5751567505755308,0.5751567505755308,0.0,0.5751567505755308,0.0,0.0
10,0,single_requirement,0.5,4,0.5751567505755308,0.5751567505755308,0.5751567505755308,0.0,0.5751567505755308,0.0,0.0
10,0,single_requirement,0.8,1,0.3354565947859227,0.5992254121953176,0.5992254121953176,0.0,0.5992254121953176,0.0,0.0
10,0,single_requirement,0.8,2,0.5152760078894403,0.7030428444137782,0.7030428444137782,0.0,0.7030428444137782,0.0,0.0
10,0,single_requirement,0.8,3,0.5152760078894405,0.7317400921145133,0.7317400921145133,0.0,0.7317400921145133,0.0,0.0
10,0,single_requirement,0.8,4,0.7317400921145133,0.7317400921145133,0.7317400921145133,0.0,0.7317400921145133,0.0,0.0
10,0,single_requirement,1.0,1,0.41932074348240334,0.7490317652441467,0.7490317652441467,0.0,0.7490317652441467,0.0,0.0
10,0,single_requirement,1.0,2,0.5741359681770406,0.7850938948058825,0.7850938948058825,0.0,0.7850938948058825,0.0,0.0
10,0,single_requirement,1.0,3,0.5741359681770408,0.7900625571413761,0.7900625571413761,0.0,0.7900625571413761,0.0,0.0
10,0,single_requirement,1.0,4,0.7900625571413759,0.7900625571413761,0.7900625571413759,0.0,0.7900625571413759,2.220446049250313e-16,0.0
10,0,three_requirements,0.5,1,0.0,0.0,0.0,0.0,0.0,0.0,0.0
10,0,three_requirements,0.5,2,0.0,0.0,0.0,0.0,0.0,0.0,0.0
10,0,three_requirements,0.5,3,0.0,0.04928132939408324,0.0,0.0,0.01907007341768035,0.04928132939408324,0.01907007341768035
10,0,three_requirements,0.5,4,0.06039732421026629,0.06039732421026629,0.06039732421026629,0.0,0.06039732421026629,0.0,0.0
10,0,three_requirements,0.8,1,0.0,0.0,0.0,0.0,0.0,0.0,0.0
10,0,three_requirements,0.8,2,0.0,0.0,0.0,0.0,0.0,0.0,0.0
10,0,three_requirements,0.8,3,0.0,0.201856325198165,0.0,0.0,0.07811102071881859,0.201856325198165,0.07811102071881859
10,0,three_requirements,0.8,4,0.22783949639421092,0.22783949639421092,0.22783949639421092,0.0,0.22783949639421092,0.0,0.0
10,0,three_requirements,1.0,1,0.0,0.0,0.0,0.0,0.0,0.0,0.0
10,0,three_requirements,1.0,2,0.0,0.0,0.0,0.0,0.0,0.0,0.0
10,0,three_requirements,1.0,3,0.0,0.3942506351526659,0.0,0.0,0.1525605873414428,0.3942506351526659,0.1525605873414428
10,0,three_requirements,1.0,4,0.41954596487015205,0.41954596487015205,0.41954596487015205,0.0,0.41954596487015205,0.0,0.0
10,0,two_requirements,0.5,1,0.0,0.0,0.0,0.0,0.0,0.0,0.0
10,0,two_requirements,0.5,2,0.0,0.13542101405121873,0.0,0.0,0.13542101405121873,0.13542101405121873,0.13542101405121873
10,0,two_requirements,0.5,3,0.0,0.1354210140512188,0.13542101405121876,0.0,0.13542101405121876,5.551115123125783e-17,0.0
10,0,two_requirements,0.5,4,0.13542101405121876,0.1354210140512188,0.13542101405121876,0.0,0.13542101405121876,5.551115123125783e-17,0.0
10,0,two_requirements,0.8,1,0.0,0.0,0.0,0.0,0.0,0.0,0.0
10,0,two_requirements,0.8,2,0.0,0.34667779597112014,0.0,0.0,0.34667779597112014,0.34667779597112014,0.34667779597112014
10,0,two_requirements,0.8,3,0.0,0.3466777959711203,0.3466777959711203,0.0,0.3466777959711203,0.0,0.0
10,0,two_requirements,0.8,4,0.34667779597112025,0.3466777959711203,0.34667779597112025,0.0,0.34667779597112025,5.551115123125783e-17,0.0
10,0,two_requirements,1.0,1,0.0,0.0,0.0,0.0,0.0,0.0,0.0
10,0,two_requirements,1.0,2,0.0,0.5416840562048749,0.0,0.0,0.5416840562048749,0.5416840562048749,0.5416840562048749
10,0,two_requirements,1.0,3,0.0,0.5416840562048753,0.5416840562048753,0.0,0.5416840562048753,0.0,0.0
10,0,two_requirements,1.0,4,0.5416840562048753,0.5416840562048753,0.5416840562048753,0.0,0.5416840562048753,0.0,0.0
10,1,single_requirement,0.5,1,0.1701498753913035,0.3153159658625282,0.3153159658625282,0.0,0.3153159658625282,0.0,0.0
10,1,single_requirement,0.5,2,0.4173731150738067,0.48412260848666117,0.48412260848666117,0.0,0.48412260848666117,0.0,0.0
10,1,single_requirement,0.5,3,0.5401754997577051,0.5401754997577051,0.5401754997577051,0.0,0.5401754997577051,0.0,0.0
10,1,single_requirement,0.5,4,0.5401754997577051,0.5401754997577051,0.5401754997577051,0.0,0.5401754997577051,0.0,0.0
10,1,single_requirement,0.8,1,0.27223980062608544,0.5045055453800451,0.5045055453800451,0.0,0.5045055453800451,0.0,0.0
10,1,single_requirement,0.8,2,0.6024279669852669,0.6664731817146841,0.6664731817146841,0.0,0.6664731817146841,0.0,0.0
10,1,single_requirement,0.8,3,0.6937708856753538,0.6937708856753538,0.6937708856753538,0.0,0.6937708856753538,0.0,0.0
10,1,single_requirement,0.8,4,0.693770885675354,0.693770885675354,0.693770885675354,0.0,0.693770885675354,0.0,0.0
10,1,single_requirement,1.0,1,0.340299750782607,0.6306319317250564,0.6306319317250564,0.0,0.6306319317250564,0.0,0.0
10,1,single_requirement,1.0,2,0.6985607777875632,0.742988983923377,0.742988983923377,0.0,0.742988983923377,0.0,0.0
10,1,single_requirement,1.0,3,0.7496773156271562,0.7496773156271562,0.7496773156271562,0.0,0.7496773156271562,0.0,0.0
10,1,single_requirement,1.0,4,0.749677315627156,0.7496773156271562,0.749677315627156,0.0,0.749677315627156,2.220446049250313e-16,0.0
10,1,three_requirements,0.5,1,0.0,0.0,0.0,0.0,0.0,0.0,0.0
10,1,three_requirements,0.5,2,0.0,0.0,0.0,0.0,0.0,0.0,0.0
10,1,three_requirements,0.5,3,0.0,0.027222866769785692,0.0,0.0,0.027222866769785692,0.027222866769785692,0.027222866769785692
10,1,three_requirements,0.5,4,0.027222866769785692,0.027222866769785692,0.027222866769785692,0.0,0.027222866769785692,0.0,0.0
10,1,three_requirements,0.8,1,0.0,0.0,0.0,0.0,0.0,0.0,0.0
10,1,three_requirements,0.8,2,0.0,0.0,0.0,0.0,0.0,0.0,0.0
10,1,three_requirements,0.8,3,0.0,0.11150486228904224,0.0,0.0,0.11150486228904224,0.11150486228904224,0.11150486228904224
10,1,three_requirements,0.8,4,0.11150486228904222,0.11150486228904224,0.11150486228904222,0.0,0.11150486228904222,2.7755575615628914e-17,0.0
10,1,three_requirements,1.0,1,0.0,0.0,0.0,0.0,0.0,0.0,0.0
10,1,three_requirements,1.0,2,0.0,0.0,0.0,0.0,0.0,0.0,0.0
10,1,three_requirements,1.0,3,0.0,0.21778293415828553,0.0,0.0,0.21778293415828553,0.21778293415828553,0.21778293415828553
10,1,three_requirements,1.0,4,0.21778293415828537,0.21778293415828553,0.21778293415828537,0.0,0.21778293415828537,1.6653345369377348e-16,0.0
10,1,two_requirements,0.5,1,0.0,0.0,0.0,0.0,0.0,0.0,0.0
10,1,two_requirements,0.5,2,0.06599877144250998,0.10095915564683709,0.06791727847458481,0.0,0.10095915564683709,0.03304187717225228,0.03304187717225228
10,1,two_requirements,0.5,3,0.06599877144251001,0.1776725826742181,0.1776725826742181,0.0,0.1776725826742181,0.0,0.0
10,1,two_requirements,0.5,4,0.17767258267421815,0.17767258267421815,0.17767258267421815,0.0,0.17767258267421815,0.0,0.0
10,1,two_requirements,0.8,1,0.0,0.0,0.0,0.0,0.0,0.0,0.0
10,1,two_requirements,0.8,2,0.1689568548928258,0.2584554384559031,0.17386823289493725,0.0,0.2584554384559031,0.08458720556096583,0.08458720556096583
10,1,two_requirements,0.8,3,0.16895685489282564,0.36697858288739815,0.36697858288739815,0.0,0.36697858288739815,0.0,0.0
10,1,two_requirements,0.8,4,0.36697858288739815,0.36697858288739815,0.36697858288739815,0.0,0.36697858288739815,0.0,0.0
10,1,two_requirements,1.0,1,0.0,0.0,0.0,0.0,0.0,0.0,0.0
10,1,two_requirements,1.0,2,0.26399508577003994,0.40383662258734837,0.27166911389833925,0.0,0.40383662258734837,0.13216750868900912,0.13216750868900912
10,1,two_requirements,1.0,3,0.2639950857700402,0.4818798391380173,0.4818798391380173,0.0,0.4818798391380173,0.0,0.0
10,1,two_requirements,1.0,4,0.4818798391380173,0.4818798391380173,0.4818798391380173,0.0,0.4818798391380173,0.0,0.0
10,2,single_requirement,0.5,1,0.3385999010621883,0.37493172915958733,0.37493172915958733,0.0,0.37493172915958733,0.0,0.0
10,2,single_requirement,0.5,2,0.33859990106218824,0.5571923244496142,0.5571923244496142,0.0,0.5571923244496142,0.0,0.0
10,2,single_requirement,0.5,3,0.4735393163315902,0.6298271305376771,0.6298271305376771,0.0,0.6298271305376771,0.0,0.0
10,2,single_requirement,0.5,4,0.6298271305376771,0.6298271305376771,0.6298271305376771,0.0,0.6298271305376771,0.0,0.0
10,2,single_requirement,0.8,1,0.5417598416995011,0.5998907666553397,0.5998907666553397,0.0,0.5998907666553397,0.0,0.0
10,2,single_requirement,0.8,2,0.5417598416995013,0.7414219855781079,0.7414219855781079,0.0,0.7414219855781079,0.0,0.0
10,2,single_requirement,0.8,3,0.6634297154914834,0.7732074451462059,0.7732074451462059,0.0,0.7732074451462059,0.0,0.0
10,2,single_requirement,0.8,4,0.7732074451462058,0.7732074451462059,0.7732074451462058,0.0,0.7732074451462058,1.1102230246251565e-16,0.0
10,2,single_requirement,1.0,1,0.6771998021243766,0.7498634583191747,0.7498634583191747,0.0,0.7498634583191747,0.0,0.0
10,2,single_requirement,1.0,2,0.6771998021243764,0.8017060373549059,0.8017060373549059,0.0,0.8017060373549059,0.0,0.0
10,2,single_requirement,1.0,3,0.75075948549847,0.8073373498378711,0.8073373498378711,0.0,0.8073373498378711,0.0,0.0
10,2,single_requirement,1.0,4,0.8073373498378712,0.8073373498378712,0.8073373498378712,0.0,0.8073373498378712,0.0,0.0
10,2,three_requirements,0.5,1,0.0,0.0,0.0,0.0,0.0,0.0,0.0
10,2,three_requirements,0.5,2,0.0,0.0,0.0,0.0,0.0,0.0,0.0
10,2,three_requirements,0.5,3,0.0,0.03795171986115781,0.03795171986115781,0.0,0.03795171986115781,0.0,0.0
10,2,three_requirements,0.5,4,0.057814708034608635,0.057814708034608635,0.057814708034608635,0.0,0.057814708034608635,0.0,0.0
10,2,three_requirements,0.8,1,0.0,0.0,0.0,0.0,0.0,0.0,0.0
10,2,three_requirements,0.8,2,0.0,0.0,0.0,0.0,0.0,0.0,0.0
10,2,three_requirements,0.8,3,0.0,0.15545024455130257,0.15545024455130257,0.0,0.15545024455130257,0.0,0.0
10,2,three_requirements,0.8,4,0.19997586295132624,0.19997586295132624,0.19997586295132624,0.0,0.19997586295132624,0.0,0.0
10,2,three_requirements,1.0,1,0.0,0.0,0.0,0.0,0.0,0.0,0.0
10,2,three_requirements,1.0,2,0.0,0.0,0.0,0.0,0.0,0.0,0.0
10,2,three_requirements,1.0,3,0.0,0.30361375888926245,0.30361375888926245,0.0,0.30361375888926245,0.0,0.0
10,2,three_requirements,1.0,4,0.34261798602676896,0.34261798602676896,0.34261798602676896,0.0,0.34261798602676896,0.0,0.0
10,2,two_requirements,0.5,1,0.0,0.0,0.0,0.0,0.0,0.0,0.0
10,2,two_requirements,0.5,2,0.13122159864102154,0.13122159864102154,0.13122159864102154,0.0,0.13122159864102154,0.0,0.0
10,2,two_requirements,0.5,3,0.25760682864030376,0.25760682864030376,0.25760682864030376,0.0,0.25760682864030376,0.0,0.0
10,2,two_requirements,0.5,4,0.25760682864030376,0.25760682864030376,0.25760682864030376,0.0,0.25760682864030376,0.0,0.0
10,2,two_requirements,0.8,1,0.0,0.0,0.0,0.0,0.0,0.0,0.0
10,2,two_requirements,0.8,2,0.33592729252101533,0.33592729252101533,0.33592729252101533,0.0,0.33592729252101533,0.0,0.0
10,2,two_requirements,0.8,3,0.5156868195149485,0.5156868195149485,0.5156868195149485,0.0,0.5156868195149485,0.0,0.0
10,2,two_requirements,0.8,4,0.5156868195149485,0.5156868195149485,0.5156868195149485,0.0,0.5156868195149485,0.0,0.0
10,2,two_requirements,1.0,1,0.0,0.0,0.0,0.0,0.0,0.0,0.0
10,2,two_requirements,1.0,2,0.5248863945640861,0.5248863945640861,0.5248863945640861,0.0,0.5248863945640861,0.0,0.0
10,2,two_requirements,1.0,3,0.6559828827793683,0.6559828827793683,0.6559828827793683,0.0,0.6559828827793683,0.0,0.0
10,2,two_requirements,1.0,4,0.6559828827793686,0.6559828827793686,0.6559828827793686,0.0,0.6559828827793686,0.0,0.0
10,3,single_requirement,0.5,1,0.3112997361685286,0.3112997361685286,0.3112997361685286,0.0,0.3112997361685286,0.0,0.0
10,3,single_requirement,0.5,2,0.4631251422420238,0.49326026643432896,0.49326026643432896,0.0,0.49326026643432896,0.0,0.0
10,3,single_requirement,0.5,3,0.5781524480180804,0.5781524480180804,0.5781524480180804,0.0,0.5781524480180804,0.0,0.0
10,3,single_requirement,0.5,4,0.5781524480180806,0.5781524480180806,0.5781524480180806,0.0,0.5781524480180806,0.0,0.0
10,3,single_requirement,0.8,1,0.4980795778696457,0.4980795778696457,0.4980795778696457,0.0,0.4980795778696457,0.0,0.0
10,3,single_requirement,0.8,2,0.6459594461051658,0.675311438700278,0.675311438700278,0.0,0.675311438700278,0.0,0.0
10,3,single_requirement,0.8,3,0.7188812136611022,0.7188812136611022,0.7188812136611022,0.0,0.7188812136611022,0.0,0.0
10,3,single_requirement,0.8,4,0.7188812136611021,0.7188812136611022,0.7188812136611021,0.0,0.7188812136611021,1.1102230246251565e-16,0.0
10,3,single_requirement,1.0,1,0.6225994723370571,0.6225994723370571,0.6225994723370571,0.0,0.6225994723370571,0.0,0.0
10,3,single_requirement,1.0,2,0.7282486563963968,0.7492184753798069,0.7492184753798069,0.0,0.7492184753798069,0.0,0.0
10,3,single_requirement,1.0,3,0.7617153901756095,0.7617153901756095,0.7617153901756095,0.0,0.7617153901756095,0.0,0.0
10,3,single_requirement,1.0,4,0.7617153901756097,0.7617153901756097,0.7617153901756097,0.0,0.7617153901756097,0.0,0.0
10,3,three_requirements,0.5,1,0.0,0.0,0.0,0.0,0.0,0.0,0.0
10,3,three_requirements,0.5,2,0.0,0.0,0.0,0.0,0.0,0.0,0.0
10,3,three_requirements,0.5,3,0.024813518869286906,0.04929327281692603,0.04497607127891319,0.0,0.04929327281692603,0.004317201538012842,0.004317201538012842
10,3,three_requirements,0.5,4,0.08788268634322285,0.08788268634322285,0.08788268634322285,0.0,0.08788268634322285,0.0,0.0
10,3,three_requirements,0.8,1,0.0,0.0,0.0,0.0,0.0,0.0,0.0
10,3,three_requirements,0.8,2,0.0,0.0,0.0,0.0,0.0,0.0,0.0
10,3,three_requirements,0.8,3,0.10163617328859917,0.20190524545812916,0.18422198795842837,0.0,0.20190524545812916,0.01768325749970079,0.01768325749970079
10,3,three_requirements,0.8,4,0.28328992919585155,0.28328992919585155,0.28328992919585155,0.0,0.28328992919585155,0.0,0.0
10,3,three_requirements,1.0,1,0.0,0.0,0.0,0.0,0.0,0.0,0.0
10,3,three_requirements,1.0,2,0.0,0.0,0.0,0.0,0.0,0.0,0.0
10,3,three_requirements,1.0,3,0.19850815095429525,0.39434618253540826,0.3598085702313055,0.0,0.39434618253540826,0.03453761230410274,0.03453761230410274
10,3,three_requirements,1.0,4,0.4534600777705569,0.4534600777705569,0.4534600777705569,0.0,0.4534600777705569,0.0,0.0
10,3,two_requirements,0.5,1,0.0,0.0,0.0,0.0,0.0,0.0,0.0
10,3,two_requirements,0.5,2,0.0,0.14344669587257391,0.14344669587257391,0.0,0.14344669587257391,0.0,0.0
10,3,two_requirements,0.5,3,0.1172242396125209,0.14344669587257391,0.14344669587257391,0.0,0.14344669587257391,0.0,0.0
10,3,two_requirements,0.5,4,0.23946591650273769,0.23946591650273769,0.23946591650273769,0.0,0.23946591650273769,0.0,0.0
10,3,two_requirements,0.8,1,0.0,0.0,0.0,0.0,0.0,0.0,0.0
10,3,two_requirements,0.8,2,0.0,0.3672235414337893,0.3672235414337893,0.0,0.3672235414337893,0.0,0.0
10,3,two_requirements,0.8,3,0.3000940534080536,0.36722354143378944,0.3672235414337892,0.0,0.3672235414337892,2.220446049250313e-16,0.0
10,3,two_requirements,0.8,4,0.5283483824390667,0.5283483824390667,0.5283483824390667,0.0,0.5283483824390667,0.0,0.0
10,3,two_requirements,1.0,1,0.0,0.0,0.0,0.0,0.0,0.0,0.0
10,3,two_requirements,1.0,2,0.0,0.5737867834902957,0.5737867834902957,0.0,0.5737867834902957,0.0,0.0
10,3,two_requirements,1.0,3,0.4688969584500837,0.5737867834902957,0.5737867834902957,0.0,0.5737867834902957,0.0,0.0
10,3,two_requirements,1.0,4,0.7034034382226643,0.7034034382226643,0.7034034382226643,0.0,0.7034034382226643,0.0,0.0
10,4,single_requirement,0.5,1,0.16936029992789542,0.19649466486555286,0.19649466486555286,0.0,0.19649466486555286,0.0,0.0
10,4,single_requirement,0.5,2,0.2968721967055253,0.2968721967055253,0.2968721967055253,0.0,0.2968721967055253,0.0,0.0
10,4,single_requirement,0.5,3,0.29687219670552517,0.2968721967055253,0.29687219670552517,0.0,0.29687219670552517,1.1102230246251565e-16,0.0
10,4,single_requirement,0.5,4,0.2968721967055253,0.2968721967055253,0.2968721967055253,0.0,0.2968721967055253,0.0,0.0
10,4,single_requirement,0.8,1,0.2709764798846327,0.31439146378488475,0.31439146378488475,0.0,0.31439146378488475,0.0,0.0
10,4,single_requirement,0.8,2,0.4087720573644343,0.4087720573644343,0.4087720573644343,0.0,0.4087720573644343,0.0,0.0
10,4,single_requirement,0.8,3,0.40877205736443445,0.40877205736443445,0.40877205736443445,0.0,0.40877205736443445,0.0,0.0
10,4,single_requirement,0.8,4,0.4087720573644343,0.40877205736443445,0.4087720573644343,0.0,0.4087720573644343,1.6653345369377348e-16,0.0
10,4,single_requirement,1.0,1,0.33872059985579084,0.39298932973110573,0.39298932973110573,0.0,0.39298932973110573,0.0,0.0
10,4,single_requirement,1.0,2,0.4557788572352044,0.4557788572352044,0.4557788572352044,0.0,0.4557788572352044,0.0,0.0
10,4,single_requirement,1.0,3,0.45577885723520456,0.4557788572352048,0.45577885723520456,0.0,0.45577885723520456,2.220446049250313e-16,0.0
10,4,single_requirement,1.0,4,0.45577885723520456,0.4557788572352048,0.45577885723520456,0.0,0.45577885723520456,2.220446049250313e-16,0.0
10,4,three_requirements,0.5,1,0.0,0.0,0.0,0.0,0.0,0.0,0.0
10,4,three_requirements,0.5,2,0.0,0.0,0.0,0.0,0.0,0.0,0.0
10,4,three_requirements,0.5,3,0.0,0.021414685061705137,0.0,0.0,0.02049835650433024,0.021414685061705137,0.02049835650433024
10,4,three_requirements,0.5,4,0.03356378041378305,0.03356378041378305,0.03356378041378305,0.0,0.03356378041378305,0.0,0.0
10,4,three_requirements,0.8,1,0.0,0.0,0.0,0.0,0.0,0.0,0.0
10,4,three_requirements,0.8,2,0.0,0.0,0.0,0.0,0.0,0.0,0.0
10,4,three_requirements,0.8,3,0.0,0.08771455001274434,0.0,0.0,0.08396126824173666,0.08771455001274434,0.08396126824173666
10,4,three_requirements,0.8,4,0.11695810036708001,0.11695810036708001,0.11695810036708001,0.0,0.11695810036708001,0.0,0.0
10,4,three_requirements,1.0,1,0.0,0.0,0.0,0.0,0.0,0.0,0.0
10,4,three_requirements,1.0,2,0.0,0.0,0.0,0.0,0.0,0.0,0.0
10,4,three_requirements,1.0,3,0.0,0.1713174804936411,0.0,0.0,0.16398685203464192,0.1713174804936411,0.16398685203464192
10,4,three_requirements,1.0,4,0.20171615409224564,0.20171615409224564,0.20171615409224564,0.0,0.20171615409224564,0.0,0.0
10,4,two_requirements,0.5,1,0.0,0.0,0.0,0.0,0.0,0.0,0.0
10,4,two_requirements,0.5,2,0.0,0.10059072065588082,0.10059072065588082,0.0,0.10059072065588082,0.0,0.0
10,4,two_requirements,0.5,3,0.1379619252673076,0.14411960720840575,0.14411960720840575,0.0,0.14411960720840575,0.0,0.0
10,4,two_requirements,0.5,4,0.19969068894011227,0.19969068894011227,0.19969068894011227,0.0,0.19969068894011227,0.0,0.0
10,4,two_requirements,0.8,1,0.0,0.0,0.0,0.0,0.0,0.0,0.0
10,4,two_requirements,0.8,2,0.0,0.2575122448790549,0.2575122448790549,0.0,0.2575122448790549,0.0,0.0
10,4,two_requirements,0.8,3,0.3026291013707786,0.3116923274182257,0.3116923274182257,0.0,0.3116923274182257,0.0,0.0
10,4,two_requirements,0.8,4,0.3970618122220143,0.3970618122220143,0.3970618122220143,0.0,0.3970618122220143,0.0,0.0
10,4,two_requirements,1.0,1,0.0,0.0,0.0,0.0,0.0,0.0,0.0
10,4,two_requirements,1.0,2,0.0,0.40236288262352327,0.40236288262352327,0.0,0.40236288262352327,0.0,0.0
10,4,two_requirements,1.0,3,0.4201981507735823,0.42737981676254777,0.42737981676254777,0.0,0.42737981676254777,0.0,0.0
10,4,two_requirements,1.0,4,0.49896694581003787,0.49896694581003787,0.49896694581003787,0.0,0.49896694581003787,0.0,0.0
10,5,single_requirement,0.5,1,0.19917831800304592,0.3262242179103431,0.3262242179103431,0.0,0.3262242179103431,0.0,0.0
10,5,single_requirement,0.5,2,0.44152142585577336,0.44152142585577336,0.44152142585577336,0.0,0.44152142585577336,0.0,0.0
10,5,single_requirement,0.5,3,0.44152142585577336,0.44152142585577336,0.44152142585577336,0.0,0.44152142585577336,0.0,0.0
10,5,single_requirement,0.5,4,0.4415214258557735,0.4415214258557735,0.4415214258557735,0.0,0.4415214258557735,0.0,0.0
10,5,single_requirement,0.8,1,0.31868530880487356,0.5219587486565489,0.5219587486565489,0.0,0.5219587486565489,0.0,0.0
10,5,single_requirement,0.8,2,0.6259084157139265,0.6259084157139265,0.6259084157139265,0.0,0.6259084157139265,0.0,0.0
10,5,single_requirement,0.8,3,0.6259084157139265,0.6259084157139266,0.6259084157139265,0.0,0.6259084157139265,1.1102230246251565e-16,0.0
10,5,single_requirement,0.8,4,0.6259084157139265,0.6259084157139266,0.6259084157139265,0.0,0.6259084157139265,1.1102230246251565e-16,0.0
10,5,single_requirement,1.0,1,0.39835663600609184,0.6524484358206862,0.6524484358206862,0.0,0.6524484358206862,0.0,0.0
10,5,single_requirement,1.0,2,0.7152806315963154,0.7152806315963154,0.7152806315963154,0.0,0.7152806315963154,0.0,0.0
10,5,single_requirement,1.0,3,0.7152806315963158,0.7152806315963158,0.7152806315963158,0.0,0.7152806315963158,0.0,0.0
10,5,single_requirement,1.0,4,0.7152806315963157,0.7152806315963158,0.7152806315963157,0.0,0.7152806315963157,1.1102230246251565e-16,0.0
10,5,three_requirements,0.5,1,0.0,0.0,0.0,0.0,0.0,0.0,0.0
10,5,three_requirements,0.5,2,0.0,0.0,0.0,0.0,0.0,0.0,0.0
10,5,three_requirements,0.5,3,0.0,0.0,0.0,0.0,0.0,0.0,0.0
10,5,three_requirements,0.5,4,0.0,0.0,0.0,0.0,0.0,0.0,0.0
10,5,three_requirements,0.8,1,0.0,0.0,0.0,0.0,0.0,0.0,0.0
10,5,three_requirements,0.8,2,0.0,0.0,0.0,0.0,0.0,0.0,0.0
10,5,three_requirements,0.8,3,0.0,0.0,0.0,0.0,0.0,0.0,0.0
10,5,three_requirements,0.8,4,0.0,0.0,0.0,0.0,0.0,0.0,0.0
10,5,three_requirements,1.0,1,0.0,0.0,0.0,0.0,0.0,0.0,0.0
10,5,three_requirements,1.0,2,0.0,0.0,0.0,0.0,0.0,0.0,0.0
10,5,three_requirements,1.0,3,0.0,0.0,0.0,0.0,0.0,0.0,0.0
10,5,three_requirements,1.0,4,0.0,0.0,0.0,0.0,0.0,0.0,0.0
10,5,two_requirements,0.5,1,0.0,0.0,0.0,0.0,0.0,0.0,0.0
10,5,two_requirements,0.5,2,0.0,0.15056310667876882,0.06830126921436055,0.0,0.15056310667876882,0.08226183746440827,0.08226183746440827
10,5,two_requirements,0.5,3,0.08853693856147234,0.19834531298053318,0.19010026975203323,0.0,0.19834531298053318,0.008245043228499949,0.008245043228499949
10,5,two_requirements,0.5,4,0.23788247605379767,0.23788247605379767,0.23788247605379767,0.0,0.23788247605379767,0.0,0.0
10,5,two_requirements,0.8,1,0.0,0.0,0.0,0.0,0.0,0.0,0.0
10,5,two_requirements,0.8,2,0.0,0.385441553097648,0.1748512491887629,0.0,0.385441553097648,0.21059030390888508,0.21059030390888508
10,5,two_requirements,0.8,3,0.22665456271736906,0.4451647324792536,0.44247502353248147,0.0,0.4451647324792536,0.002689708946772118,0.002689708946772118
10,5,two_requirements,0.8,4,0.5021982029140869,0.5021982029140869,0.5021982029140869,0.0,0.5021982029140869,0.0,0.0
10,5,two_requirements,1.0,1,0.0,0.0,0.0,0.0,0.0,0.0,0.0
10,5,two_requirements,1.0,2,0.0,0.6022524267150753,0.2732050768574422,0.0,0.6022524267150753,0.32904734985763306,0.32904734985763306
10,5,two_requirements,1.0,3,0.3541477542458894,0.6453446544437484,0.6453446544437484,0.0,0.6453446544437484,0.0,0.0
10,5,two_requirements,1.0,4,0.6734545506119743,0.6734545506119743,0.6734545506119743,0.0,0.6734545506119743,0.0,0.0
10,6,single_requirement,0.5,1,0.0,0.39862555842218483,0.39862555842218483,0.0,0.39862555842218483,0.0,0.0
10,6,single_requirement,0.5,2,0.0,0.6046078814960028,0.6046078814960028,0.0,0.6046078814960028,0.0,0.0
10,6,single_requirement,0.5,3,0.39862555842218494,0.6046078814960028,0.6046078814960028,0.0,0.6046078814960028,0.0,0.0
10,6,single_requirement,0.5,4,0.6046078814960029,0.6046078814960029,0.6046078814960029,0.0,0.6046078814960029,0.0,0.0
10,6,single_requirement,0.8,1,0.0,0.6378008934754962,0.6378008934754962,0.0,0.6378008934754962,0.0,0.0
10,6,single_requirement,0.8,2,0.0,0.8024428683617142,0.8024428683617142,0.0,0.8024428683617142,0.0,0.0
10,6,single_requirement,0.8,3,0.637800893475496,0.8024428683617142,0.8024428683617142,0.0,0.8024428683617142,0.0,0.0
10,6,single_requirement,0.8,4,0.8024428683617142,0.8024428683617142,0.8024428683617142,0.0,0.8024428683617142,0.0,0.0
10,6,single_requirement,1.0,1,0.0,0.7972511168443697,0.7972511168443697,0.0,0.7972511168443697,0.0,0.0
10,6,single_requirement,1.0,2,0.0,0.8656121337589008,0.8656121337589008,0.0,0.8656121337589008,0.0,0.0
10,6,single_requirement,1.0,3,0.7972511168443699,0.865612133758901,0.8656121337589008,0.0,0.8656121337589008,2.220446049250313e-16,0.0
10,6,single_requirement,1.0,4,0.8656121337589009,0.865612133758901,0.8656121337589009,0.0,0.8656121337589009,1.1102230246251565e-16,0.0
10,6,three_requirements,0.5,1,0.0,0.0,0.0,0.0,0.0,0.0,0.0
10,6,three_requirements,0.5,2,0.0,0.0,0.0,0.0,0.0,0.0,0.0
10,6,three_requirements,0.5,3,0.0,0.04345088470259213,0.009420949096958668,0.0,0.037565339647777994,0.034029935605633464,0.028144390550819326
10,6,three_requirements,0.5,4,0.07115467898090358,0.07115467898090358,0.07115467898090358,0.0,0.07115467898090358,0.0,0.0
10,6,three_requirements,0.8,1,0.0,0.0,0.0,0.0,0.0,0.0,0.0
10,6,three_requirements,0.8,2,0.0,0.0,0.0,0.0,0.0,0.0,0.0
10,6,three_requirements,0.8,3,0.0,0.17797482374181745,0.038588207501142835,0.0,0.15386763119729874,0.1393866162406746,0.1152794236961559
10,6,three_requirements,0.8,4,0.2440609067050945,0.2440609067050945,0.2440609067050945,0.0,0.2440609067050945,0.0,0.0
10,6,three_requirements,1.0,1,0.0,0.0,0.0,0.0,0.0,0.0,0.0
10,6,three_requirements,1.0,2,0.0,0.0,0.0,0.0,0.0,0.0,0.0
10,6,three_requirements,1.0,3,0.0,0.34760707762073706,0.07536759277566935,0.0,0.30052271718222395,0.2722394848450677,0.2251551244065546
10,6,three_requirements,1.0,4,0.4149774761158269,0.4149774761158269,0.4149774761158269,0.0,0.4149774761158269,0.0,0.0
10,6,two_requirements,0.5,1,0.0,0.0,0.0,0.0,0.0,0.0,0.0
10,6,two_requirements,0.5,2,0.0,0.11763693839283383,0.08689957039619402,0.0,0.11763693839283383,0.030737367996639814,0.030737367996639814
10,6,two_requirements,0.5,3,0.09058429125557857,0.16653160280567023,0.16501789910165893,0.0,0.16653160280567023,0.0015137037040112988,0.0015137037040112988
10,6,two_requirements,0.5,4,0.21391256351449534,0.21391256351449534,0.21391256351449534,0.0,0.21391256351449534,0.0,0.0
10,6,two_requirements,0.8,1,0.0,0.0,0.0,0.0,0.0,0.0,0.0
10,6,two_requirements,0.8,2,0.0,0.3011505622856546,0.2224629002142568,0.0,0.3011505622856546,0.07868766207139782,0.07868766207139782
10,6,two_requirements,0.8,3,0.23189578561428104,0.36228563635206373,0.36174523722044827,0.0,0.36228563635206373,0.0005403991316154655,0.0005403991316154655
10,6,two_requirements,0.8,4,0.4228803112868575,0.4228803112868575,0.4228803112868575,0.0,0.4228803112868575,0.0,0.0
10,6,two_requirements,1.0,1,0.0,0.0,0.0,0.0,0.0,0.0,0.0
10,6,two_requirements,1.0,2,0.0,0.4705477535713353,0.34759828158477607,0.0,0.4705477535713353,0.12294947198655926,0.12294947198655926
10,6,two_requirements,1.0,3,0.36233716502231417,0.5019971576571602,0.5019971576571602,0.0,0.5019971576571602,0.0,0.0
10,6,two_requirements,1.0,4,0.530817307937537,0.530817307937537,0.530817307937537,0.0,0.530817307937537,0.0,0.0
10,7,single_requirement,0.5,1,0.0,0.34305031153769455,0.34305031153769455,0.0,0.34305031153769455,0.0,0.0
10,7,single_requirement,0.5,2,0.25211685864884037,0.5196420730993747,0.5196420730993747,0.0,0.5196420730993747,0.0,0.0
10,7,single_requirement,0.5,3,0.4680261599056375,0.5962067018943394,0.5962067018943394,0.0,0.5962067018943394,0.0,0.0
10,7,single_requirement,0.5,4,0.5962067018943394,0.5962067018943394,0.5962067018943394,0.0,0.5962067018943394,0.0,0.0
10,7,single_requirement,0.8,1,0.0,0.5488804984603114,0.5488804984603114,0.0,0.5488804984603114,0.0,0.0
10,7,single_requirement,0.8,2,0.4033869738381447,0.6875381509962082,0.6875381509962082,0.0,0.6875381509962082,0.0,0.0
10,7,single_requirement,0.8,3,0.6426975279935409,0.7194804163287359,0.7194804163287359,0.0,0.7194804163287359,0.0,0.0
10,7,single_requirement,0.8,4,0.7194804163287359,0.7194804163287359,0.7194804163287359,0.0,0.7194804163287359,0.0,0.0
10,7,single_requirement,1.0,1,0.0,0.6861006230753891,0.6861006230753891,0.0,0.6861006230753891,0.0,0.0
10,7,single_requirement,1.0,2,0.5042337172976809,0.7395150504429336,0.7395150504429336,0.0,0.7395150504429336,0.0,0.0
10,7,single_requirement,1.0,3,0.7149183034456935,0.7445841189509057,0.7445841189509057,0.0,0.7445841189509057,0.0,0.0
10,7,single_requirement,1.0,4,0.7445841189509058,0.7445841189509058,0.7445841189509058,0.0,0.7445841189509058,0.0,0.0
10,7,three_requirements,0.5,1,0.0,0.0,0.0,0.0,0.0,0.0,0.0
10,7,three_requirements,0.5,2,0.0,0.0,0.0,0.0,0.0,0.0,0.0
10,7,three_requirements,0.5,3,0.0,0.014839664446629791,0.0,0.0,0.014839664446629791,0.014839664446629791,0.014839664446629791
10,7,three_requirements,0.5,4,0.014839664446629784,0.014839664446629791,0.014839664446629784,0.0,0.014839664446629784,6.938893903907228e-18,0.0
10,7,three_requirements,0.8,1,0.0,0.0,0.0,0.0,0.0,0.0,0.0
10,7,three_requirements,0.8,2,0.0,0.0,0.0,0.0,0.0,0.0,0.0
10,7,three_requirements,0.8,3,0.0,0.060783265573395556,0.0,0.0,0.060783265573395556,0.060783265573395556,0.060783265573395556
10,7,three_requirements,0.8,4,0.06078326557339553,0.060783265573395556,0.06078326557339553,0.0,0.06078326557339553,2.7755575615628914e-17,0.0
10,7,three_requirements,1.0,1,0.0,0.0,0.0,0.0,0.0,0.0,0.0
10,7,three_requirements,1.0,2,0.0,0.0,0.0,0.0,0.0,0.0,0.0
10,7,three_requirements,1.0,3,0.0,0.11871731557303833,0.0,0.0,0.11871731557303833,0.11871731557303833,0.11871731557303833
10,7,three_requirements,1.0,4,0.11871731557303827,0.11871731557303833,0.11871731557303827,0.0,0.11871731557303827,5.551115123125783e-17,0.0
10,7,two_requirements,0.5,1,0.0,0.0,0.0,0.0,0.0,0.0,0.0
10,7,two_requirements,0.5,2,0.0,0.10116662271765861,0.08370081777375016,0.0,0.10116662271765861,0.017465804943908453,0.017465804943908453
10,7,two_requirements,0.5,3,0.149409269620651,0.149409269620651,0.149409269620651,0.0,0.149409269620651,0.0,0.0
10,7,two_requirements,0.5,4,0.14940926962065093,0.149409269620651,0.14940926962065093,0.0,0.14940926962065093,5.551115123125783e-17,0.0
10,7,two_requirements,0.8,1,0.0,0.0,0.0,0.0,0.0,0.0,0.0
10,7,two_requirements,0.8,2,0.0,0.25898655415720595,0.21427409350080046,0.0,0.25898655415720595,0.044712460656405495,0.044712460656405495
10,7,two_requirements,0.8,3,0.32802397977138253,0.32802397977138253,0.32802397977138253,0.0,0.32802397977138253,0.0,0.0
10,7,two_requirements,0.8,4,0.3280239797713825,0.32802397977138253,0.3280239797713825,0.0,0.3280239797713825,5.551115123125783e-17,0.0
10,7,two_requirements,1.0,1,0.0,0.0,0.0,0.0,0.0,0.0,0.0
10,7,two_requirements,1.0,2,0.0,0.40466649087063444,0.33480327109500063,0.0,0.40466649087063444,0.06986321977563381,0.06986321977563381
10,7,two_requirements,1.0,3,0.4558043949995728,0.4558043949995728,0.4558043949995728,0.0,0.4558043949995728,0.0,0.0
10,7,two_requirements,1.0,4,0.4558043949995725,0.4558043949995728,0.4558043949995725,0.0,0.4558043949995725,3.3306690738754696e-16,0.0
10,8,single_requirement,0.5,1,0.13379513996681905,0.37303004077234125,0.37303004077234125,0.0,0.37303004077234125,0.0,0.0
10,8,single_requirement,0.5,2,0.13379513996681908,0.5528280744570182,0.5528280744570182,0.0,0.5528280744570182,0.0,0.0
10,8,single_requirement,0.5,3,0.44609574507117267,0.5926626730996546,0.5926626730996546,0.0,0.5926626730996546,0.0,0.0
10,8,single_requirement,0.5,4,0.5926626730996546,0.5926626730996546,0.5926626730996546,0.0,0.5926626730996546,0.0,0.0
10,8,single_requirement,0.8,1,0.2140722239469105,0.5968480652357462,0.5968480652357462,0.0,0.5968480652357462,0.0,0.0
10,8,single_requirement,0.8,2,0.21407222394691056,0.7410612805379783,0.7410612805379783,0.0,0.7410612805379783,0.0,0.0
10,8,single_requirement,0.8,3,0.6554529338726083,0.7570195017425755,0.7570195017425755,0.0,0.7570195017425755,0.0,0.0
10,8,single_requirement,0.8,4,0.7570195017425756,0.7570195017425756,0.7570195017425756,0.0,0.7570195017425756,0.0,0.0
10,8,single_requirement,1.0,1,0.2675902799336381,0.7460600815446825,0.7460600815446825,0.0,0.7460600815446825,0.0,0.0
10,8,single_requirement,1.0,2,0.26759027993363815,0.8067735685114303,0.8067735685114303,0.0,0.8067735685114303,0.0,0.0
10,8,single_requirement,1.0,3,0.7707326188063706,0.8090034098347813,0.8090034098347813,0.0,0.8090034098347813,0.0,0.0
10,8,single_requirement,1.0,4,0.8090034098347811,0.8090034098347813,0.8090034098347811,0.0,0.8090034098347811,1.1102230246251565e-16,0.0
10,8,three_requirements,0.5,1,0.0,0.0,0.0,0.0,0.0,0.0,0.0
10,8,three_requirements,0.5,2,0.0,0.0,0.0,0.0,0.0,0.0,0.0
10,8,three_requirements,0.5,3,0.0,0.06019164180630499,0.0,0.0,0.0,0.06019164180630499,0.0
10,8,three_requirements,0.5,4,0.06019164180630499,0.06019164180630499,0.06019164180630499,0.0,0.06019164180630499,0.0,0.0
10,8,three_requirements,0.8,1,0.0,0.0,0.0,0.0,0.0,0.0,0.0
10,8,three_requirements,0.8,2,0.0,0.0,0.0,0.0,0.0,0.0,0.0
10,8,three_requirements,0.8,3,0.0,0.2465449648386254,0.0,0.0,0.0,0.2465449648386254,0.0
10,8,three_requirements,0.8,4,0.24654496483862542,0.24654496483862542,0.24654496483862542,0.0,0.24654496483862542,0.0,0.0
10,8,three_requirements,1.0,1,0.0,0.0,0.0,0.0,0.0,0.0,0.0
10,8,three_requirements,1.0,2,0.0,0.0,0.0,0.0,0.0,0.0,0.0
10,8,three_requirements,1.0,3,0.0,0.48153313445043994,0.0,0.0,0.0,0.48153313445043994,0.0
10,8,three_requirements,1.0,4,0.48153313445044005,0.48153313445044005,0.48153313445044005,0.0,0.48153313445044005,0.0,0.0
10,8,two_requirements,0.5,1,0.0,0.0,0.0,0.0,0.0,0.0,0.0
10,8,two_requirements,0.5,2,0.06363608545709454,0.0951057626126963,0.08782932636951848,0.0,0.0951057626126963,0.007276436243177822,0.007276436243177822
10,8,two_requirements,0.5,3,0.12985751371439053,0.12985751371439053,0.12252300307732542,0.0,0.12985751371439053,0.007334510637065111,0.007334510637065111
10,8,two_requirements,0.5,4,0.1855201844793155,0.1855201844793155,0.1855201844793155,0.0,0.1855201844793155,0.0,0.0
10,8,two_requirements,0.8,1,0.0,0.0,0.0,0.0,0.0,0.0,0.0
10,8,two_requirements,0.8,2,0.162908378770162,0.24347075228850254,0.2248430755059674,0.0,0.24347075228850254,0.01862767678253513,0.01862767678253513
10,8,two_requirements,0.8,3,0.2880688975389448,0.2880688975389448,0.26920334803904755,0.0,0.2880688975389448,0.01886554949989727,0.01886554949989727
10,8,two_requirements,0.8,4,0.3732334426168976,0.3732334426168976,0.3732334426168976,0.0,0.3732334426168976,0.0,0.0
10,8,two_requirements,1.0,1,0.0,0.0,0.0,0.0,0.0,0.0,0.0
10,8,two_requirements,1.0,2,0.25454434182837815,0.3804230504507852,0.35131730547807394,0.0,0.3804230504507852,0.02910574497271129,0.02910574497271129
10,8,two_requirements,1.0,3,0.4038927174359609,0.4038927174359609,0.37432237731215157,0.0,0.4038927174359609,0.029570340123809324,0.029570340123809324
10,8,two_requirements,1.0,4,0.47208280323483964,0.47208280323483964,0.47208280323483964,0.0,0.47208280323483964,0.0,0.0
10,9,single_requirement,0.5,1,0.1376115339952787,0.3236470767410523,0.3236470767410523,0.0,0.3236470767410523,0.0,0.0
10,9,single_requirement,0.5,2,0.2301202578855231,0.5142476609440625,0.5142476609440625,0.0,0.5142476609440625,0.0,0.0
10,9,single_requirement,0.5,3,0.46287742591240555,0.5638679050664681,0.5638679050664681,0.0,0.5638679050664681,0.0,0.0
10,9,single_requirement,0.5,4,0.5928150264523862,0.5928150264523862,0.5928150264523862,0.0,0.5928150264523862,0.0,0.0
10,9,single_requirement,0.8,1,0.22017845439244588,0.5178353227856836,0.5178353227856836,0.0,0.5178353227856836,0.0,0.0
10,9,single_requirement,0.8,2,0.3174787561340174,0.703348716007547,0.703348716007547,0.0,0.703348716007547,0.0,0.0
10,9,single_requirement,0.8,3,0.634684266115902,0.7292706245961816,0.7292706245961816,0.0,0.7292706245961816,0.0,0.0
10,9,single_requirement,0.8,4,0.7387394935574354,0.7387394935574354,0.7387394935574354,0.0,0.7387394935574354,0.0,0.0
10,9,single_requirement,1.0,1,0.2752230679905574,0.6472941534821046,0.6472941534821046,0.0,0.6472941534821046,0.0,0.0
10,9,single_requirement,1.0,2,0.3545870647651719,0.7796462770903063,0.7796462770903063,0.0,0.7796462770903063,0.0,0.0
10,9,single_requirement,1.0,3,0.7217808373085031,0.7874983210767186,0.7874983210767186,0.0,0.7874983210767186,0.0,0.0
10,9,single_requirement,1.0,4,0.7892249216714254,0.7892249216714254,0.7892249216714254,0.0,0.7892249216714254,0.0,0.0
10,9,three_requirements,0.5,1,0.0,0.0,0.0,0.0,0.0,0.0,0.0
10,9,three_requirements,0.5,2,0.0,0.0,0.0,0.0,0.0,0.0,0.0
10,9,three_requirements,0.5,3,0.0,0.0,0.0,0.0,0.0,0.0,0.0
10,9,three_requirements,0.5,4,0.0,0.0,0.0,0.0,0.0,0.0,0.0
10,9,three_requirements,0.8,1,0.0,0.0,0.0,0.0,0.0,0.0,0.0
10,9,three_requirements,0.8,2,0.0,0.0,0.0,0.0,0.0,0.0,0.0
10,9,three_requirements,0.8,3,0.0,0.0,0.0,0.0,0.0,0.0,0.0
10,9,three_requirements,0.8,4,0.0,0.0,0.0,0.0,0.0,0.0,0.0
10,9,three_requirements,1.0,1,0.0,0.0,0.0,0.0,0.0,0.0,0.0
10,9,three_requirements,1.0,2,0.0,0.0,0.0,0.0,0.0,0.0,0.0
10,9,three_requirements,1.0,3,0.0,0.0,0.0,0.0,0.0,0.0,0.0
10,9,three_requirements,1.0,4,0.0,0.0,0.0,0.0,0.0,0.0,0.0
10,9,two_requirements,0.5,1,0.0,0.0,0.0,0.0,0.0,0.0,0.0
10,9,two_requirements,0.5,2,0.0,0.09916915686358785,0.0,0.0,0.09916915686358785,0.09916915686358785,0.09916915686358785
10,9,two_requirements,0.5,3,0.0,0.09916915686358786,0.0,0.0,0.09916915686358786,0.09916915686358786,0.09916915686358786
10,9,two_requirements,0.5,4,0.09916915686358785,0.09916915686358786,0.09916915686358785,0.0,0.09916915686358785,1.3877787807814457e-17,0.0
10,9,two_requirements,0.8,1,0.0,0.0,0.0,0.0,0.0,0.0,0.0
10,9,two_requirements,0.8,2,0.0,0.2538730415707848,0.0,0.0,0.2538730415707848,0.2538730415707848,0.2538730415707848
10,9,two_requirements,0.8,3,0.0,0.2538730415707849,0.0,0.0,0.2538730415707849,0.2538730415707849,0.2538730415707849
10,9,two_requirements,0.8,4,0.25387304157078494,0.25387304157078494,0.25387304157078494,0.0,0.25387304157078494,0.0,0.0
10,9,two_requirements,1.0,1,0.0,0.0,0.0,0.0,0.0,0.0,0.0
10,9,two_requirements,1.0,2,0.0,0.3966766274543514,0.0,0.0,0.3966766274543514,0.3966766274543514,0.3966766274543514
10,9,two_requirements,1.0,3,0.0,0.3966766274543514,0.0,0.0,0.39667662745435134,0.3966766274543514,0.39667662745435134
10,9,two_requirements,1.0,4,0.3966766274543514,0.3966766274543514,0.3966766274543514,0.0,0.3966766274543514,0.0,0.0
11,0,single_requirement,0.5,1,0.2714675206652103,0.32092828807808804,0.32092828807808804,0.0,0.32092828807808804,0.0,0.0
11,0,single_requirement,0.5,2,0.27146752066521024,0.48857475715981075,0.48857475715981075,0.0,0.48857475715981075,0.0,0.0
11,0,single_requirement,0.5,3,0.47194047266541234,0.5730047973543058,0.5730047973543058,0.0,0.5730047973543058,0.0,0.0
11,0,single_requirement,0.5,4,0.5730047973543058,0.5730047973543058,0.5730047973543058,0.0,0.5730047973543058,0.0,0.0
11,0,single_requirement,0.8,1,0.43434803306433645,0.513485260924941,0.513485260924941,0.0,0.513485260924941,0.0,0.0
11,0,single_requirement,0.8,2,0.43434803306433645,0.6533448358873112,0.6533448358873112,0.0,0.6533448358873112,0.0,0.0
11,0,single_requirement,0.8,3,0.6394676336298892,0.6904530393634412,0.6904530393634412,0.0,0.6904530393634412,0.0,0.0
11,0,single_requirement,0.8,4,0.6904530393634413,0.6904530393634413,0.6904530393634413,0.0,0.6904530393634413,0.0,0.0
11,0,single_requirement,1.0,1,0.5429350413304206,0.6418565761561761,0.6418565761561761,0.0,0.6418565761561761,0.0,0.0
11,0,single_requirement,1.0,2,0.5429350413304205,0.7097020652188173,0.7097020652188173,0.0,0.7097020652188173,0.0,0.0
11,0,single_requirement,1.0,3,0.7029702731750527,0.7169249982518584,0.7169249982518584,0.0,0.7169249982518584,0.0,0.0
11,0,single_requirement,1.0,4,0.7169249982518582,0.7169249982518584,0.7169249982518582,0.0,0.7169249982518582,2.220446049250313e-16,0.0
11,0,three_requirements,0.5,1,0.0,0.0,0.0,0.0,0.0,0.0,0.0
11,0,three_requirements,0.5,2,0.0,0.0,0.0,0.0,0.0,0.0,0.0
11,0,three_requirements,0.5,3,0.025741102977607844,0.03808190549605758,0.02649117603190422,0.0,0.02649117603190422,0.011590729464153363,0.0
11,0,three_requirements,0.5,4,0.06663703300308393,0.06663703300308393,0.06663703300308393,0.0,0.06663703300308393,0.0,0.0
11,0,three_requirements,0.8,1,0.0,0.0,0.0,0.0,0.0,0.0,0.0
11,0,three_requirements,0.8,2,0.0,0.0,0.0,0.0,0.0,0.0,0.0
11,0,three_requirements,0.8,3,0.10543555779628166,0.15598348491185182,0.10850785702667975,0.0,0.10850785702667975,0.04747562788517207,0.0
11,0,three_requirements,0.8,4,0.21475631964812292,0.21475631964812292,0.21475631964812292,0.0,0.21475631964812292,0.0,0.0
11,0,three_requirements,1.0,1,0.0,0.0,0.0,0.0,0.0,0.0,0.0
11,0,three_requirements,1.0,2,0.0,0.0,0.0,0.0,0.0,0.0,0.0
11,0,three_requirements,1.0,3,0.20592882382086275,0.30465524396846067,0.21192940825523376,0.0,0.21192940825523376,0.0927258357132269,0.0
11,0,three_requirements,1.0,4,0.3436790520047857,0.3436790520047857,0.3436790520047857,0.0,0.3436790520047857,0.0,0.0
11,0,two_requirements,0.5,1,0.0,0.0,0.0,0.0,0.0,0.0,0.0
11,0,two_requirements,0.5,2,0.08598605581295328,0.12969833269576223,0.0996682226413235,0.0,0.12969833269576223,0.03003011005443873,0.03003011005443873
11,0,two_requirements,0.5,3,0.17753072936901085,0.17753072936901085,0.14582810741004865,0.0,0.17753072936901085,0.0317026219589622,0.0317026219589622
11,0,two_requirements,0.5,4,0.23600979784055565,0.23600979784055565,0.23600979784055565,0.0,0.23600979784055565,0.0,0.0
11,0,two_requirements,0.8,1,0.0,0.0,0.0,0.0,0.0,0.0,0.0
11,0,two_requirements,0.8,2,0.2201243028811604,0.3320277317011512,0.25515064996178805,0.0,0.3320277317011512,0.07687708173936314,0.07687708173936314
11,0,two_requirements,0.8,3,0.39587464674608164,0.39587464674608164,0.3121469562457902,0.0,0.39587464674608164,0.08372769050029144,0.08372769050029144
11,0,two_requirements,0.8,4,0.47896485389910254,0.47896485389910254,0.47896485389910254,0.0,0.47896485389910254,0.0,0.0
11,0,two_requirements,1.0,1,0.0,0.0,0.0,0.0,0.0,0.0,0.0
11,0,two_requirements,1.0,2,0.3439442232518131,0.5187933307830489,0.398672890565294,0.0,0.5187933307830489,0.12012044021775492,0.12012044021775492
11,0,two_requirements,1.0,3,0.5575082809172249,0.5575082809172249,0.42400774546328224,0.0,0.5575082809172249,0.1335005354539427,0.1335005354539427
11,0,two_requirements,1.0,4,0.6157640731198837,0.6157640731198837,0.6157640731198837,0.0,0.6157640731198837,0.0,0.0
11,1,single_requirement,0.5,1,0.3189338095070544,0.3189338095070544,0.3189338095070544,0.0,0.3189338095070544,0.0,0.0
11,1,single_requirement,0.5,2,0.31893380950705436,0.47963024843618696,0.47963024843618696,0.0,0.47963024843618696,0.0,0.0
11,1,single_requirement,0.5,3,0.31893380950705436,0.47963024843618696,0.47963024843618696,0.0,0.47963024843618696,0.0,0.0
11,1,single_requirement,0.5,4,0.47963024843618685,0.47963024843618696,0.47963024843618685,0.0,0.47963024843618685,1.1102230246251565e-16,0.0
11,1,single_requirement,0.8,1,0.5102940952112869,0.5102940952112869,0.5102940952112869,0.0,0.5102940952112869,0.0,0.0
11,1,single_requirement,0.8,2,0.5102940952112868,0.6668603572422794,0.6668603572422794,0.0,0.6668603572422794,0.0,0.0
11,1,single_requirement,0.8,3,0.510294095211287,0.6668603572422794,0.6668603572422793,0.0,0.6668603572422793,1.1102230246251565e-16,0.0
11,1,single_requirement,0.8,4,0.6668603572422793,0.6668603572422794,0.6668603572422793,0.0,0.6668603572422793,1.1102230246251565e-16,0.0
11,1,single_requirement,1.0,1,0.6378676190141088,0.6378676190141088,0.6378676190141088,0.0,0.6378676190141088,0.0,0.0
11,1,single_requirement,1.0,2,0.6378676190141087,0.7497854130064998,0.7497854130064998,0.0,0.7497854130064998,0.0,0.0
11,1,single_requirement,1.0,3,0.6378676190141087,0.7497854130065,0.7497854130065,0.0,0.7497854130065,0.0,0.0
11,1,single_requirement,1.0,4,0.7497854130064998,0.7497854130065,0.7497854130064998,0.0,0.7497854130064998,2.220446049250313e-16,0.0
11,1,three_requirements,0.5,1,0.0,0.0,0.0,0.0,0.0,0.0,0.0
11,1,three_requirements,0.5,2,0.0,0.0,0.0,0.0,0.0,0.0,0.0
11,1,three_requirements,0.5,3,0.0,0.024839878398198477,0.018406915268936223,0.0,0.018406915268936223,0.0064329631292622536,0.0
11,1,three_requirements,0.5,4,0.03539682205206499,0.03539682205206499,0.03539682205206499,0.0,0.03539682205206499,0.0,0.0
11,1,three_requirements,0.8,1,0.0,0.0,0.0,0.0,0.0,0.0,0.0
11,1,three_requirements,0.8,2,0.0,0.0,0.0,0.0,0.0,0.0,0.0
11,1,three_requirements,0.8,3,0.0,0.10174414191902109,0.07539472494156271,0.0,0.07539472494156271,0.02634941697745838,0.0
11,1,three_requirements,0.8,4,0.12569329288406272,0.12569329288406272,0.12569329288406272,0.0,0.12569329288406272,0.0,0.0
11,1,three_requirements,1.0,1,0.0,0.0,0.0,0.0,0.0,0.0,0.0
11,1,three_requirements,1.0,2,0.0,0.0,0.0,0.0,0.0,0.0,0.0
11,1,three_requirements,1.0,3,0.0,0.19871902718558782,0.1472553221514898,0.0,0.1472553221514898,0.05146370503409803,0.0
11,1,three_requirements,1.0,4,0.22037480349596222,0.22037480349596222,0.22037480349596222,0.0,0.22037480349596222,0.0,0.0
11,1,two_requirements,0.5,1,0.0,0.0,0.0,0.0,0.0,0.0,0.0
11,1,two_requirements,0.5,2,0.0,0.10157072446062776,0.09145962080174667,0.0,0.10157072446062776,0.010111103658881085,0.010111103658881085
11,1,two_requirements,0.5,3,0.09145962080174667,0.14513802774032472,0.13655607739851092,0.0,0.14513802774032472,0.008581950341813804,0.008581950341813804
11,1,two_requirements,0.5,4,0.20307082104324897,0.20307082104324897,0.20307082104324897,0.0,0.20307082104324897,0.0,0.0
11,1,two_requirements,0.8,1,0.0,0.0,0.0,0.0,0.0,0.0,0.0
11,1,two_requirements,0.8,2,0.0,0.26002105461920705,0.23413662925247153,0.0,0.26002105461920705,0.02588442536673552,0.02588442536673552
11,1,two_requirements,0.8,3,0.23413662925247156,0.3240574818797106,0.3044364684996823,0.0,0.3240574818797106,0.019621013380028307,0.019621013380028307
11,1,two_requirements,0.8,4,0.41070803786070775,0.41070803786070775,0.41070803786070775,0.0,0.41070803786070775,0.0,0.0
11,1,two_requirements,1.0,1,0.0,0.0,0.0,0.0,0.0,0.0,0.0
11,1,two_requirements,1.0,2,0.0,0.40628289784251104,0.3658384832069867,0.0,0.40628289784251104,0.04044441463552434,0.04044441463552434
11,1,two_requirements,1.0,3,0.36583848320698675,0.4568649517542134,0.4286537636552268,0.0,0.4568649517542134,0.028211188098986595,0.028211188098986595
11,1,two_requirements,1.0,4,0.5214152868576738,0.5214152868576738,0.5214152868576738,0.0,0.5214152868576738,0.0,0.0
11,2,single_requirement,0.5,1,0.3428623340210201,0.3428623340210201,0.3428623340210201,0.0,0.3428623340210201,0.0,0.0
11,2,single_requirement,0.5,2,0.521470455926461,0.521470455926461,0.521470455926461,0.0,0.521470455926461,0.0,0.0
11,2,single_requirement,0.5,3,0.6192144094810084,0.6192144094810084,0.6192144094810084,0.0,0.6192144094810084,0.0,0.0
11,2,single_requirement,0.5,4,0.6192144094810084,0.6192144094810084,0.6192144094810084,0.0,0.6192144094810084,0.0,0.0
11,2,single_requirement,0.8,1,0.5485797344336323,0.5485797344336323,0.5485797344336323,0.0,0.5485797344336323,0.0,0.0
11,2,single_requirement,0.8,2,0.7153708103466044,0.7153708103466044,0.7153708103466044,0.0,0.7153708103466044,0.0,0.0
11,2,single_requirement,0.8,3,0.7636562408488609,0.7636562408488609,0.7636562408488609,0.0,0.7636562408488609,0.0,0.0
11,2,single_requirement,0.8,4,0.763656240848861,0.763656240848861,0.763656240848861,0.0,0.763656240848861,0.0,0.0
11,2,single_requirement,1.0,1,0.6857246680420402,0.6857246680420402,0.6857246680420402,0.0,0.6857246680420402,0.0,0.0
11,2,single_requirement,1.0,2,0.7950619136534774,0.7950619136534774,0.7950619136534774,0.0,0.7950619136534774,0.0,0.0
11,2,single_requirement,1.0,3,0.8079263537975947,0.8079263537975947,0.8079263537975947,0.0,0.8079263537975947,0.0,0.0
11,2,single_requirement,1.0,4,0.8079263537975945,0.8079263537975947,0.8079263537975945,0.0,0.8079263537975945,2.220446049250313e-16,0.0
11,2,three_requirements,0.5,1,0.0,0.0,0.0,0.0,0.0,0.0,0.0
11,2,three_requirements,0.5,2,0.0,0.0,0.0,0.0,0.0,0.0,0.0
11,2,three_requirements,0.5,3,0.035683929972762395,0.044044170007614764,0.035683929972762395,0.0,0.044044170007614764,0.008360240034852369,0.008360240034852369
11,2,three_requirements,0.5,4,0.08215367049417664,0.08215367049417664,0.08215367049417664,0.0,0.08215367049417664,0.0,0.0
11,2,three_requirements,0.8,1,0.0,0.0,0.0,0.0,0.0,0.0,0.0
11,2,three_requirements,0.8,2,0.0,0.0,0.0,0.0,0.0,0.0,0.0
11,2,three_requirements,0.8,3,0.1461613771684347,0.18040492035119027,0.1461613771684347,0.0,0.18040492035119027,0.034243543182755576,0.034243543182755576
11,2,three_requirements,0.8,4,0.26210611347370305,0.26210611347370305,0.26210611347370305,0.0,0.26210611347370305,0.0,0.0
11,2,three_requirements,1.0,1,0.0,0.0,0.0,0.0,0.0,0.0,0.0
11,2,three_requirements,1.0,2,0.0,0.0,0.0,0.0,0.0,0.0,0.0
11,2,three_requirements,1.0,3,0.28547143978209916,0.3523533600609181,0.28547143978209916,0.0,0.3523533600609181,0.06688192027881895,0.06688192027881895
11,2,three_requirements,1.0,4,0.4150570954949348,0.4150570954949348,0.4150570954949348,0.0,0.4150570954949348,0.0,0.0
11,2,two_requirements,0.5,1,0.0,0.0,0.0,0.0,0.0,0.0,0.0
11,2,two_requirements,0.5,2,0.0,0.11113847405198889,0.11113847405198889,0.0,0.11113847405198889,0.0,0.0
11,2,two_requirements,0.5,3,0.17545288212855004,0.17545288212855004,0.17545288212855004,0.0,0.17545288212855004,0.0,0.0
11,2,two_requirements,0.5,4,0.2047286712890844,0.2047286712890844,0.2047286712890844,0.0,0.2047286712890844,0.0,0.0
11,2,two_requirements,0.8,1,0.0,0.0,0.0,0.0,0.0,0.0,0.0
11,2,two_requirements,0.8,2,0.0,0.28451449357309133,0.28451449357309133,0.0,0.28451449357309133,0.0,0.0
11,2,two_requirements,0.8,3,0.38060928886330514,0.38060928886330514,0.38060928886330514,0.0,0.38060928886330514,0.0,0.0
11,2,two_requirements,0.8,4,0.40374883305407017,0.40374883305407017,0.40374883305407017,0.0,0.40374883305407017,0.0,0.0
11,2,two_requirements,1.0,1,0.0,0.0,0.0,0.0,0.0,0.0,0.0
11,2,two_requirements,1.0,2,0.0,0.44455389620795555,0.44455389620795555,0.0,0.44455389620795555,0.0,0.0
11,2,two_requirements,1.0,3,0.5232956707387245,0.5232956707387245,0.5232956707387245,0.0,0.5232956707387245,0.0,0.0
11,2,two_requirements,1.0,4,0.5310018586640429,0.5310018586640429,0.5310018586640429,0.0,0.5310018586640429,0.0,0.0
11,3,single_requirement,0.5,1,0.24530481114922992,0.37783712600786673,0.37783712600786673,0.0,0.37783712600786673,0.0,0.0
11,3,single_requirement,0.5,2,0.47084334468621625,0.5558031623973895,0.5558031623973895,0.0,0.5558031623973895,0.0,0.0
11,3,single_requirement,0.5,3,0.47084334468621625,0.6288400132062137,0.6288400132062137,0.0,0.6288400132062137,0.0,0.0
11,3,single_requirement,0.5,4,0.6288400132062137,0.6288400132062137,0.6288400132062137,0.0,0.6288400132062137,0.0,0.0
11,3,single_requirement,0.8,1,0.3924876978387679,0.6045394016125869,0.6045394016125869,0.0,0.6045394016125869,0.0,0.0
11,3,single_requirement,0.8,2,0.6493825446443322,0.7396486557206448,0.7396486557206448,0.0,0.7396486557206448,0.0,0.0
11,3,single_requirement,0.8,3,0.6493825446443324,0.7687990456220629,0.7687990456220629,0.0,0.7687990456220629,0.0,0.0
11,3,single_requirement,0.8,4,0.7687990456220627,0.7687990456220629,0.7687990456220627,0.0,0.7687990456220627,2.220446049250313e-16,0.0
11,3,single_requirement,1.0,1,0.49060962229845984,0.7556742520157335,0.7556742520157335,0.0,0.7556742520157335,0.0,0.0
11,3,single_requirement,1.0,2,0.7250891750940707,0.7998638162214902,0.7998638162214902,0.0,0.7998638162214902,0.0,0.0
11,3,single_requirement,1.0,3,0.7250891750940709,0.8036637600075168,0.8036637600075168,0.0,0.8036637600075168,0.0,0.0
11,3,single_requirement,1.0,4,0.8036637600075169,0.8036637600075169,0.8036637600075169,0.0,0.8036637600075169,0.0,0.0
11,3,three_requirements,0.5,1,0.0,0.0,0.0,0.0,0.0,0.0,0.0
11,3,three_requirements,0.5,2,0.0,0.0,0.0,0.0,0.0,0.0,0.0
11,3,three_requirements,0.5,3,0.0,0.0639890219419168,0.037657624790105135,0.0,0.037657624790105135,0.026331397151811667,0.0
11,3,three_requirements,0.5,4,0.08425062926888713,0.08425062926888713,0.08425062926888713,0.0,0.08425062926888713,0.0,0.0
11,3,three_requirements,0.8,1,0.0,0.0,0.0,0.0,0.0,0.0,0.0
11,3,three_requirements,0.8,2,0.0,0.0,0.0,0.0,0.0,0.0,0.0
11,3,three_requirements,0.8,3,0.0,0.2620990338740911,0.1542456311402708,0.0,0.1542456311402708,0.10785340273382032,0.0
11,3,three_requirements,0.8,4,0.30233812496796164,0.30233812496796164,0.30233812496796164,0.0,0.30233812496796164,0.0,0.0
11,3,three_requirements,1.0,1,0.0,0.0,0.0,0.0,0.0,0.0,0.0
11,3,three_requirements,1.0,2,0.0,0.0,0.0,0.0,0.0,0.0,0.0
11,3,three_requirements,1.0,3,0.0,0.5119121755353344,0.3012609983208411,0.0,0.3012609983208411,0.21065117721449333,0.0
11,3,three_requirements,1.0,4,0.5348368944460188,0.5348368944460188,0.5348368944460188,0.0,0.5348368944460188,0.0,0.0
11,3,two_requirements,0.5,1,0.0,0.0,0.0,0.0,0.0,0.0,0.0
11,3,two_requirements,0.5,2,0.0,0.17277361568225844,0.11180708378953952,0.0,0.17277361568225844,0.06096653189271892,0.06096653189271892
11,3,two_requirements,0.5,3,0.0,0.23293118644632246,0.23293118644632246,0.0,0.23293118644632246,0.0,0.0
11,3,two_requirements,0.5,4,0.26795528710224725,0.26795528710224725,0.26795528710224725,0.0,0.26795528710224725,0.0,0.0
11,3,two_requirements,0.8,1,0.0,0.0,0.0,0.0,0.0,0.0,0.0
11,3,two_requirements,0.8,2,0.0,0.44230045614658176,0.28622613450122114,0.0,0.44230045614658176,0.15607432164536061,0.15607432164536061
11,3,two_requirements,0.8,3,0.0,0.5169701852954552,0.5169701852954552,0.0,0.5169701852954552,0.0,0.0
11,3,two_requirements,0.8,4,0.5417628560101929,0.5417628560101929,0.5417628560101929,0.0,0.5417628560101929,0.0,0.0
11,3,two_requirements,1.0,1,0.0,0.0,0.0,0.0,0.0,0.0,0.0
11,3,two_requirements,1.0,2,0.0,0.6910944627290337,0.4472283351581581,0.0,0.6910944627290337,0.24386612757087567,0.24386612757087567
11,3,two_requirements,1.0,3,0.0,0.7251266936833878,0.7251266936833878,0.0,0.7251266936833878,0.0,0.0
11,3,two_requirements,1.0,4,0.7307504441446537,0.7307504441446537,0.7307504441446537,0.0,0.7307504441446537,0.0,0.0
11,4,single_requirement,0.5,1,0.24618920940637573,0.4260004269172126,0.4260004269172126,0.0,0.4260004269172126,0.0,0.0
11,4,single_requirement,0.5,2,0.4051464396448178,0.5658453075347252,0.5658453075347252,0.0,0.5658453075347252,0.0,0.0
11,4,single_requirement,0.5,3,0.4051464396448179,0.6436268966322608,0.6436268966322608,0.0,0.6436268966322608,0.0,0.0
11,4,single_requirement,0.5,4,0.6436268966322609,0.6436268966322609,0.6436268966322609,0.0,0.6436268966322609,0.0,0.0
11,4,single_requirement,0.8,1,0.39390273505020135,0.68160068306754,0.68160068306754,0.0,0.68160068306754,0.0,0.0
11,4,single_requirement,0.8,2,0.5509034021185114,0.7896737351062706,0.7896737351062706,0.0,0.7896737351062706,0.0,0.0
11,4,single_requirement,0.8,3,0.5509034021185113,0.82453154275409,0.82453154275409,0.0,0.82453154275409,0.0,0.0
11,4,single_requirement,0.8,4,0.8245315427540901,0.8245315427540901,0.8245315427540901,0.0,0.8245315427540901,0.0,0.0
11,4,single_requirement,1.0,1,0.49237841881275146,0.8520008538344253,0.8520008538344253,0.0,0.8520008538344253,0.0,0.0
11,4,single_requirement,1.0,2,0.6075201682204745,0.8906932047584302,0.8906932047584302,0.0,0.8906932047584302,0.0,0.0
11,4,single_requirement,1.0,3,0.6075201682204744,0.8971457792843859,0.8971457792843859,0.0,0.8971457792843859,0.0,0.0
11,4,single_requirement,1.0,4,0.8971457792843859,0.8971457792843859,0.8971457792843859,0.0,0.8971457792843859,0.0,0.0
11,4,three_requirements,0.5,1,0.0,0.0,0.0,0.0,0.0,0.0,0.0
11,4,three_requirements,0.5,2,0.0,0.0,0.0,0.0,0.0,0.0,0.0
11,4,three_requirements,0.5,3,0.032491671895258756,0.057974968881742237,0.032491671895258756,0.0,0.032491671895258756,0.02548329698648348,0.0
11,4,three_requirements,0.5,4,0.09089097218687583,0.09089097218687583,0.09089097218687583,0.0,0.09089097218687583,0.0,0.0
11,4,three_requirements,0.8,1,0.0,0.0,0.0,0.0,0.0,0.0,0.0
11,4,three_requirements,0.8,2,0.0,0.0,0.0,0.0,0.0,0.0,0.0
11,4,three_requirements,0.8,3,0.13308588808297994,0.23746547253961642,0.13308588808297994,0.0,0.13308588808297994,0.10437958445663648,0.0
11,4,three_requirements,0.8,4,0.3050863105439654,0.3050863105439654,0.3050863105439654,0.0,0.3050863105439654,0.0,0.0
11,4,three_requirements,1.0,1,0.0,0.0,0.0,0.0,0.0,0.0,0.0
11,4,three_requirements,1.0,2,0.0,0.0,0.0,0.0,0.0,0.0,0.0
11,4,three_requirements,1.0,3,0.25993337516207005,0.4637997510539379,0.25993337516207005,0.0,0.25993337516207005,0.20386637589186785,0.0
11,4,three_requirements,1.0,4,0.5083676488052993,0.5083676488052993,0.5083676488052993,0.0,0.5083676488052993,0.0,0.0
11,4,two_requirements,0.5,1,0.0,0.0,0.0,0.0,0.0,0.0,0.0
11,4,two_requirements,0.5,2,0.09890613995207947,0.17852186386199986,0.09979586768582224,0.0,0.17852186386199986,0.07872599617617762,0.07872599617617762
11,4,two_requirements,0.5,3,0.09890613995207947,0.2342834467550452,0.23409166693082695,0.0,0.2342834467550452,0.00019177982421825224,0.00019177982421825224
11,4,two_requirements,0.5,4,0.3227622436532948,0.3227622436532948,0.3227622436532948,0.0,0.3227622436532948,0.0,0.0
11,4,two_requirements,0.8,1,0.0,0.0,0.0,0.0,0.0,0.0,0.0
11,4,two_requirements,0.8,2,0.2531997182773238,0.45701597148671974,0.25547742127570505,0.0,0.45701597148671974,0.2015385502110147,0.2015385502110147
11,4,two_requirements,0.8,3,0.25319971827732357,0.5315999474384356,0.5313434320912127,0.0,0.5315999474384356,0.0002565153472229298,0.0002565153472229298
11,4,two_requirements,0.8,4,0.6283494079063769,0.6283494079063769,0.6283494079063769,0.0,0.6283494079063769,0.0,0.0
11,4,two_requirements,1.0,1,0.0,0.0,0.0,0.0,0.0,0.0,0.0
11,4,two_requirements,1.0,2,0.3956245598083179,0.7140874554479995,0.39918347074328897,0.0,0.7140874554479995,0.3149039847047105,0.3149039847047105
11,4,two_requirements,1.0,3,0.39562455980831795,0.7596190051074718,0.7594624092553272,0.0,0.7596190051074718,0.00015659585214466976,0.00015659585214466976
11,4,two_requirements,1.0,4,0.8013737459154544,0.8013737459154544,0.8013737459154544,0.0,0.8013737459154544,0.0,0.0
11,5,single_requirement,0.5,1,0.0,0.35583521517604544,0.35583521517604544,0.0,0.35583521517604544,0.0,0.0
11,5,single_requirement,0.5,2,0.20353856652679672,0.5177043219418231,0.5177043219418231,0.0,0.5177043219418231,0.0,0.0
11,5,single_requirement,0.5,3,0.4005956215178963,0.5849345256172377,0.5849345256172377,0.0,0.5849345256172377,0.0,0.0
11,5,single_requirement,0.5,4,0.5849345256172376,0.5849345256172377,0.5849345256172376,0.0,0.5849345256172376,1.1102230246251565e-16,0.0
11,5,single_requirement,0.8,1,0.0,0.5693363442816728,0.5693363442816728,0.0,0.5693363442816728,0.0,0.0
11,5,single_requirement,0.8,2,0.32566170644287473,0.7120037518080549,0.7120037518080549,0.0,0.7120037518080549,0.0,0.0
11,5,single_requirement,0.8,3,0.5584102614260806,0.7452549567413007,0.7452549567413007,0.0,0.7452549567413007,0.0,0.0
11,5,single_requirement,0.8,4,0.7452549567413005,0.7452549567413007,0.7452549567413005,0.0,0.7452549567413005,2.220446049250313e-16,0.0
11,5,single_requirement,1.0,1,0.0,0.7116704303520909,0.7116704303520909,0.0,0.7116704303520909,0.0,0.0
11,5,single_requirement,1.0,2,0.40707713305359355,0.7930687203443498,0.7930687203443498,0.0,0.7930687203443498,0.0,0.0
11,5,single_requirement,1.0,3,0.6292272159471395,0.8021491399869702,0.8021491399869702,0.0,0.8021491399869702,0.0,0.0
11,5,single_requirement,1.0,4,0.8021491399869703,0.8021491399869703,0.8021491399869703,0.0,0.8021491399869703,0.0,0.0
11,5,three_requirements,0.5,1,0.0,0.0,0.0,0.0,0.0,0.0,0.0
11,5,three_requirements,0.5,2,0.0,0.0,0.0,0.0,0.0,0.0,0.0
11,5,three_requirements,0.5,3,0.0,0.01962632892568318,0.0,0.0,0.0,0.01962632892568318,0.0
11,5,three_requirements,0.5,4,0.019626328925683167,0.01962632892568318,0.019626328925683167,0.0,0.019626328925683167,1.3877787807814457e-17,0.0
11,5,three_requirements,0.8,1,0.0,0.0,0.0,0.0,0.0,0.0,0.0
11,5,three_requirements,0.8,2,0.0,0.0,0.0,0.0,0.0,0.0,0.0
11,5,three_requirements,0.8,3,0.0,0.08038944327959838,0.0,0.0,0.0,0.08038944327959838,0.0
11,5,three_requirements,0.8,4,0.0803894432795983,0.08038944327959838,0.0803894432795983,0.0,0.0803894432795983,8.326672684688674e-17,0.0
11,5,three_requirements,1.0,1,0.0,0.0,0.0,0.0,0.0,0.0,0.0
11,5,three_requirements,1.0,2,0.0,0.0,0.0,0.0,0.0,0.0,0.0
11,5,three_requirements,1.0,3,0.0,0.15701063140546545,0.0,0.0,0.0,0.15701063140546545,0.0
11,5,three_requirements,1.0,4,0.15701063140546528,0.15701063140546545,0.15701063140546528,0.0,0.15701063140546528,1.6653345369377348e-16,0.0
11,5,two_requirements,0.5,1,0.0,0.0,0.0,0.0,0.0,0.0,0.0
11,5,two_requirements,0.5,2,0.0,0.11750902843448946,0.0,0.0,0.11750902843448946,0.11750902843448946,0.11750902843448946
11,5,two_requirements,0.5,3,0.0,0.1704202017977009,0.09161092347786691,0.0,0.1704202017977009,0.07880927831983399,0.07880927831983399
11,5,two_requirements,0.5,4,0.17042020179770093,0.17042020179770093,0.17042020179770093,0.0,0.17042020179770093,0.0,0.0
11,5,two_requirements,0.8,1,0.0,0.0,0.0,0.0,0.0,0.0,0.0
11,5,two_requirements,0.8,2,0.0,0.30082311279229307,0.0,0.0,0.30082311279229307,0.30082311279229307,0.30082311279229307
11,5,two_requirements,0.8,3,0.0,0.3768329004260038,0.23452396410333917,0.0,0.3768329004260038,0.14230893632266464,0.14230893632266464
11,5,two_requirements,0.8,4,0.3768329004260035,0.3768329004260038,0.3768329004260035,0.0,0.3768329004260035,3.3306690738754696e-16,0.0
11,5,two_requirements,1.0,1,0.0,0.0,0.0,0.0,0.0,0.0,0.0
11,5,two_requirements,1.0,2,0.0,0.47003611373795784,0.0,0.0,0.47003611373795784,0.47003611373795784,0.47003611373795784
11,5,two_requirements,1.0,3,0.0,0.5268818067321819,0.36644369391146764,0.0,0.5268818067321819,0.16043811282071424,0.16043811282071424
11,5,two_requirements,1.0,4,0.5268818067321817,0.5268818067321819,0.5268818067321817,0.0,0.5268818067321817,2.220446049250313e-16,0.0
11,6,single_requirement,0.5,1,0.29905606194878637,0.4021611646663572,0.4021611646663572,0.0,0.4021611646663572,0.0,0.0
11,6,single_requirement,0.5,2,0.2990560619487863,0.5658252961881107,0.5658252961881107,0.0,0.5658252961881107,0.0,0.0
11,6,single_requirement,0.5,3,0.2990560619487863,0.565825296188111,0.5658252961881107,0.0,0.5658252961881107,2.220446049250313e-16,0.0
11,6,single_requirement,0.5,4,0.5658252961881107,0.565825296188111,0.5658252961881107,0.0,0.5658252961881107,2.220446049250313e-16,0.0
11,6,single_requirement,0.8,1,0.4784896991180583,0.6434578634661716,0.6434578634661716,0.0,0.6434578634661716,0.0,0.0
11,6,single_requirement,0.8,2,0.47848969911805816,0.7753442206910259,0.7753442206910259,0.0,0.7753442206910259,0.0,0.0
11,6,single_requirement,0.8,3,0.47848969911805816,0.7753442206910259,0.7753442206910259,0.0,0.7753442206910259,0.0,0.0
11,6,single_requirement,0.8,4,0.7753442206910259,0.7753442206910259,0.7753442206910259,0.0,0.7753442206910259,0.0,0.0
11,6,single_requirement,1.0,1,0.5981121238975727,0.8043223293327144,0.8043223293327144,0.0,0.8043223293327144,0.0,0.0
11,6,single_requirement,1.0,2,0.5981121238975726,0.8608667315221561,0.8608667315221561,0.0,0.8608667315221561,0.0,0.0
11,6,single_requirement,1.0,3,0.5981121238975725,0.8608667315221563,0.8608667315221559,0.0,0.8608667315221559,4.440892098500626e-16,0.0
11,6,single_requirement,1.0,4,0.8608667315221559,0.8608667315221563,0.8608667315221559,0.0,0.8608667315221559,4.440892098500626e-16,0.0
11,6,three_requirements,0.5,1,0.0,0.0,0.0,0.0,0.0,0.0,0.0
11,6,three_requirements,0.5,2,0.0,0.0,0.0,0.0,0.0,0.0,0.0
11,6,three_requirements,0.5,3,0.0,0.03330476892413411,0.019413192423712214,0.0,0.028921600486446684,0.013891576500421894,0.00950840806273447
11,6,three_requirements,0.5,4,0.06164372676298316,0.06164372676298316,0.06164372676298316,0.0,0.06164372676298316,0.0,0.0
11,6,three_requirements,0.8,1,0.0,0.0,0.0,0.0,0.0,0.0,0.0
11,6,three_requirements,0.8,2,0.0,0.0,0.0,0.0,0.0,0.0,0.0
11,6,three_requirements,0.8,3,0.0,0.13641633351325333,0.07951643616752524,0.0,0.11846287559248557,0.05689989734572809,0.03894643942496033
11,6,three_requirements,0.8,4,0.20335094054992803,0.20335094054992803,0.20335094054992803,0.0,0.20335094054992803,0.0,0.0
11,6,three_requirements,1.0,1,0.0,0.0,0.0,0.0,0.0,0.0,0.0
11,6,three_requirements,1.0,2,0.0,0.0,0.0,0.0,0.0,0.0,0.0
11,6,three_requirements,1.0,3,0.0,0.26643815139307286,0.1553055393896977,0.0,0.23137280389157347,0.11113261200337515,0.07606726450187576
11,6,three_requirements,1.0,4,0.3331831335333866,0.3331831335333866,0.3331831335333866,0.0,0.3331831335333866,0.0,0.0
11,6,two_requirements,0.5,1,0.0,0.0,0.0,0.0,0.0,0.0,0.0
11,6,two_requirements,0.5,2,0.0,0.10556164457755617,0.10021021205644065,0.0,0.10556164457755617,0.005351432521115515,0.005351432521115515
11,6,two_requirements,0.5,3,0.16347794102512933,0.16654609795159464,0.16347794102512933,0.0,0.16654609795159464,0.0030681569264653097,0.0030681569264653097
11,6,two_requirements,0.5,4,0.2546943733133534,0.2546943733133534,0.2546943733133534,0.0,0.2546943733133534,0.0,0.0
11,6,two_requirements,0.8,1,0.0,0.0,0.0,0.0,0.0,0.0,0.0
11,6,two_requirements,0.8,2,0.0,0.27023781011854386,0.2565381428644881,0.0,0.27023781011854386,0.013699667254055747,0.013699667254055747
11,6,two_requirements,0.8,3,0.35486798613623033,0.35921535655459835,0.35486798613623033,0.0,0.35921535655459835,0.004347370418368024,0.004347370418368024
11,6,two_requirements,0.8,4,0.47104752171096986,0.47104752171096986,0.47104752171096986,0.0,0.47104752171096986,0.0,0.0
11,6,two_requirements,1.0,1,0.0,0.0,0.0,0.0,0.0,0.0,0.0
11,6,two_requirements,1.0,2,0.0,0.42224657831022466,0.4008408482257626,0.0,0.42224657831022466,0.02140573008446206,0.02140573008446206
11,6,two_requirements,1.0,3,0.48819420449608775,0.4913337298233478,0.48819420449608775,0.0,0.4913337298233478,0.0031395253272600288,0.0031395253272600288
11,6,two_requirements,1.0,4,0.5709076202266176,0.5709076202266176,0.5709076202266176,0.0,0.5709076202266176,0.0,0.0
11,7,single_requirement,0.5,1,0.0,0.35052240437378923,0.35052240437378923,0.0,0.35052240437378923,0.0,0.0
11,7,single_requirement,0.5,2,0.2576680169620458,0.5221981395952514,0.5221981395952514,0.0,0.5221981395952514,0.0,0.0
11,7,single_requirement,0.5,3,0.4504109079351352,0.6016393250323624,0.6016393250323624,0.0,0.6016393250323624,0.0,0.0
11,7,single_requirement,0.5,4,0.6016393250323622,0.6016393250323624,0.6016393250323622,0.0,0.6016393250323622,2.220446049250313e-16,0.0
11,7,single_requirement,0.8,1,0.0,0.5608358469980629,0.5608358469980629,0.0,0.5608358469980629,0.0,0.0
11,7,single_requirement,0.8,2,0.41226882713927315,0.7047198471480104,0.7047198471480104,0.0,0.7047198471480104,0.0,0.0
11,7,single_requirement,0.8,3,0.6100847460133865,0.7390084187099282,0.7390084187099282,0.0,0.7390084187099282,0.0,0.0
11,7,single_requirement,0.8,4,0.7390084187099283,0.7390084187099283,0.7390084187099283,0.0,0.7390084187099283,0.0,0.0
11,7,single_requirement,1.0,1,0.0,0.7010448087475785,0.7010448087475785,0.0,0.7010448087475785,0.0,0.0
11,7,single_requirement,1.0,2,0.5153360339240916,0.7719021620980194,0.7719021620980194,0.0,0.7719021620980194,0.0,0.0
11,7,single_requirement,1.0,3,0.6704620102810416,0.778186164522575,0.778186164522575,0.0,0.778186164522575,0.0,0.0
11,7,single_requirement,1.0,4,0.7781861645225753,0.7781861645225753,0.7781861645225753,0.0,0.7781861645225753,0.0,0.0
11,7,three_requirements,0.5,1,0.0,0.0,0.0,0.0,0.0,0.0,0.0
11,7,three_requirements,0.5,2,0.0,0.0,0.0,0.0,0.0,0.0,0.0
11,7,three_requirements,0.5,3,0.04334455585403066,0.04713011764434675,0.04713011764434675,0.0,0.04713011764434675,0.0,0.0
11,7,three_requirements,0.5,4,0.09592461209005901,0.09592461209005901,0.09592461209005901,0.0,0.09592461209005901,0.0,0.0
11,7,three_requirements,0.8,1,0.0,0.0,0.0,0.0,0.0,0.0,0.0
11,7,three_requirements,0.8,2,0.0,0.0,0.0,0.0,0.0,0.0,0.0
11,7,three_requirements,0.8,3,0.17753930077810964,0.19304496187124434,0.19304496187124434,0.0,0.19304496187124434,0.0,0.0
11,7,three_requirements,0.8,4,0.29953418142551524,0.29953418142551524,0.29953418142551524,0.0,0.29953418142551524,0.0,0.0
11,7,three_requirements,1.0,1,0.0,0.0,0.0,0.0,0.0,0.0,0.0
11,7,three_requirements,1.0,2,0.0,0.0,0.0,0.0,0.0,0.0,0.0
11,7,three_requirements,1.0,3,0.34675644683224527,0.377040941154774,0.377040941154774,0.0,0.377040941154774,0.0,0.0
11,7,three_requirements,1.0,4,0.4634482323475341,0.4634482323475341,0.4634482323475341,0.0,0.4634482323475341,0.0,0.0
11,7,two_requirements,0.5,1,0.0,0.0,0.0,0.0,0.0,0.0,0.0
11,7,two_requirements,0.5,2,0.0,0.11648506096614292,0.11164804784899321,0.0,0.11648506096614292,0.004837013117149708,0.004837013117149708
11,7,two_requirements,0.5,3,0.11648506096614294,0.11648506096614296,0.11164804784899318,0.0,0.11648506096614294,0.004837013117149777,0.004837013117149763
11,7,two_requirements,0.5,4,0.206552056267284,0.206552056267284,0.206552056267284,0.0,0.206552056267284,0.0,0.0
11,7,two_requirements,0.8,1,0.0,0.0,0.0,0.0,0.0,0.0,0.0
11,7,two_requirements,0.8,2,0.0,0.298201756073326,0.28581900249342257,0.0,0.298201756073326,0.012382753579903427,0.012382753579903427
11,7,two_requirements,0.8,3,0.298201756073326,0.298201756073326,0.2858190024934226,0.0,0.298201756073326,0.012382753579903372,0.012382753579903372
11,7,two_requirements,0.8,4,0.4425871725891447,0.4425871725891447,0.4425871725891447,0.0,0.4425871725891447,0.0,0.0
11,7,two_requirements,1.0,1,0.0,0.0,0.0,0.0,0.0,0.0,0.0
11,7,two_requirements,1.0,2,0.0,0.46594024386457167,0.44659219139597284,0.0,0.46594024386457167,0.01934805246859883,0.01934805246859883
11,7,two_requirements,1.0,3,0.4659402438645719,0.4659402438645719,0.4465921913959727,0.0,0.4659402438645719,0.019348052468599164,0.019348052468599164
11,7,two_requirements,1.0,4,0.5672355944949101,0.5672355944949101,0.5672355944949101,0.0,0.5672355944949101,0.0,0.0
11,8,single_requirement,0.5,1,0.0,0.3194830530552374,0.3194830530552374,0.0,0.3194830530552374,0.0,0.0
11,8,single_requirement,0.5,2,0.3194830530552374,0.49210955763868697,0.49210955763868697,0.0,0.49210955763868697,0.0,0.0
11,8,single_requirement,0.5,3,0.464149493672281,0.5717980439129844,0.5717980439129844,0.0,0.5717980439129844,0.0,0.0
11,8,single_requirement,0.5,4,0.5717980439129845,0.5717980439129845,0.5717980439129845,0.0,0.5717980439129845,0.0,0.0
11,8,single_requirement,0.8,1,0.0,0.5111728848883796,0.5111728848883796,0.0,0.5111728848883796,0.0,0.0
11,8,single_requirement,0.8,2,0.5111728848883798,0.6671491742159781,0.6671491742159781,0.0,0.6671491742159781,0.0,0.0
11,8,single_requirement,0.8,3,0.6418859214068818,0.7039251159094588,0.7039251159094588,0.0,0.7039251159094588,0.0,0.0
11,8,single_requirement,0.8,4,0.703925115909459,0.703925115909459,0.703925115909459,0.0,0.703925115909459,0.0,0.0
11,8,single_requirement,1.0,1,0.0,0.6389661061104748,0.6389661061104748,0.0,0.6389661061104748,0.0,0.0
11,8,single_requirement,1.0,2,0.6389661061104748,0.7337480360983717,0.7337480360983717,0.0,0.7337480360983717,0.0,0.0
11,8,single_requirement,1.0,3,0.7183963447012958,0.7418249684963568,0.7418249684963568,0.0,0.7418249684963568,0.0,0.0
11,8,single_requirement,1.0,4,0.7418249684963567,0.7418249684963568,0.7418249684963567,0.0,0.7418249684963567,1.1102230246251565e-16,0.0
11,8,three_requirements,0.5,1,0.0,0.0,0.0,0.0,0.0,0.0,0.0
11,8,three_requirements,0.5,2,0.0,0.0,0.0,0.0,0.0,0.0,0.0
11,8,three_requirements,0.5,3,0.0,0.04466028763130546,0.0,0.0,0.04466028763130546,0.04466028763130546,0.04466028763130546
11,8,three_requirements,0.5,4,0.044660287631305466,0.044660287631305466,0.044660287631305466,0.0,0.044660287631305466,0.0,0.0
11,8,three_requirements,0.8,1,0.0,0.0,0.0,0.0,0.0,0.0,0.0
11,8,three_requirements,0.8,2,0.0,0.0,0.0,0.0,0.0,0.0,0.0
11,8,three_requirements,0.8,3,0.0,0.1829285381378272,0.0,0.0,0.1829285381378272,0.1829285381378272,0.1829285381378272
11,8,three_requirements,0.8,4,0.18292853813782722,0.18292853813782722,0.18292853813782722,0.0,0.18292853813782722,0.0,0.0
11,8,three_requirements,1.0,1,0.0,0.0,0.0,0.0,0.0,0.0,0.0
11,8,three_requirements,1.0,2,0.0,0.0,0.0,0.0,0.0,0.0,0.0
11,8,three_requirements,1.0,3,0.0,0.3572823010504437,0.0,0.0,0.3572823010504437,0.3572823010504437,0.3572823010504437
11,8,three_requirements,1.0,4,0.35728230105044384,0.35728230105044384,0.35728230105044384,0.0,0.35728230105044384,0.0,0.0
11,8,two_requirements,0.5,1,0.0,0.0,0.0,0.0,0.0,0.0,0.0
11,8,two_requirements,0.5,2,0.08527184761382552,0.08672826308663495,0.08527184761382552,0.0,0.08672826308663495,0.001456415472809433,0.001456415472809433
11,8,two_requirements,0.5,3,0.12827238715431158,0.12827238715431158,0.12827238715431158,0.0,0.1266326678165864,0.0,-0.0016397193377251928
11,8,two_requirements,0.5,4,0.18086673516830454,0.18086673516830454,0.18086673516830454,0.0,0.18086673516830454,0.0,0.0
11,8,two_requirements,0.8,1,0.0,0.0,0.0,0.0,0.0,0.0,0.0
11,8,two_requirements,0.8,2,0.21829592989139324,0.22202435350178543,0.21829592989139324,0.0,0.22202435350178543,0.0037284236103921897,0.0037284236103921897
11,8,two_requirements,0.8,3,0.2831545556405024,0.2831545556405024,0.2831545556405024,0.0,0.27420121106694473,0.0,-0.008953344573557676
11,8,two_requirements,0.8,4,0.361444352991848,0.361444352991848,0.361444352991848,0.0,0.361444352991848,0.0,0.0
11,8,two_requirements,1.0,1,0.0,0.0,0.0,0.0,0.0,0.0,0.0
11,8,two_requirements,1.0,2,0.34108739045530206,0.3469130523465398,0.34108739045530206,0.0,0.3469130523465398,0.005825661891237732,0.005825661891237732
11,8,two_requirements,1.0,3,0.3953219562356442,0.3953219562356442,0.3953219562356442,0.0,0.3763785396426048,0.0,-0.018943416593039386
11,8,two_requirements,1.0,4,0.456396630667394,0.456396630667394,0.456396630667394,0.0,0.456396630667394,0.0,0.0
11,9,single_requirement,0.5,1,0.0,0.35586948423529585,0.35586948423529585,0.0,0.35586948423529585,0.0,0.0
11,9,single_requirement,0.5,2,0.19323659025851794,0.5117355411057894,0.5117355411057894,0.0,0.5117355411057894,0.0,0.0
11,9,single_requirement,0.5,3,0.39805628889865957,0.5722640255106431,0.5722640255106431,0.0,0.5722640255106431,0.0,0.0
11,9,single_requirement,0.5,4,0.572264025510643,0.5722640255106431,0.572264025510643,0.0,0.572264025510643,1.1102230246251565e-16,0.0
11,9,single_requirement,0.8,1,0.0,0.5693911747764733,0.5693911747764733,0.0,0.5693911747764733,0.0,0.0
11,9,single_requirement,0.8,2,0.3091785444136288,0.6931623095304763,0.6931623095304763,0.0,0.6931623095304763,0.0,0.0
11,9,single_requirement,0.8,3,0.5582710020979309,0.7200153642323963,0.7200153642323963,0.0,0.7200153642323963,0.0,0.0
11,9,single_requirement,0.8,4,0.7200153642323963,0.7200153642323963,0.7200153642323963,0.0,0.7200153642323963,0.0,0.0
11,9,single_requirement,1.0,1,0.0,0.7117389684705917,0.7117389684705917,0.0,0.7117389684705917,0.0,0.0
11,9,single_requirement,1.0,2,0.3864731805170357,0.7617740900474402,0.7617740900474402,0.0,0.7617740900474402,0.0,0.0
11,9,single_requirement,1.0,3,0.6323228691724765,0.7669129233833392,0.7669129233833392,0.0,0.7669129233833392,0.0,0.0
11,9,single_requirement,1.0,4,0.7669129233833389,0.7669129233833392,0.7669129233833389,0.0,0.7669129233833389,2.220446049250313e-16,0.0
11,9,three_requirements,0.5,1,0.0,0.0,0.0,0.0,0.0,0.0,0.0
11,9,three_requirements,0.5,2,0.0,0.0,0.0,0.0,0.0,0.0,0.0
11,9,three_requirements,0.5,3,0.0,0.038978249451481206,0.0,0.0,0.038978249451481206,0.038978249451481206,0.038978249451481206
11,9,three_requirements,0.5,4,0.038978249451481206,0.038978249451481206,0.038978249451481206,0.0,0.038978249451481206,0.0,0.0
11,9,three_requirements,0.8,1,0.0,0.0,0.0,0.0,0.0,0.0,0.0
11,9,three_requirements,0.8,2,0.0,0.0,0.0,0.0,0.0,0.0,0.0
11,9,three_requirements,0.8,3,0.0,0.15965490975326702,0.0,0.0,0.15965490975326702,0.15965490975326702,0.15965490975326702
11,9,three_requirements,0.8,4,0.15965490975326707,0.15965490975326707,0.15965490975326707,0.0,0.15965490975326707,0.0,0.0
11,9,three_requirements,1.0,1,0.0,0.0,0.0,0.0,0.0,0.0,0.0
11,9,three_requirements,1.0,2,0.0,0.0,0.0,0.0,0.0,0.0,0.0
11,9,three_requirements,1.0,3,0.0,0.31182599561184965,0.0,0.0,0.31182599561184965,0.31182599561184965,0.31182599561184965
11,9,three_requirements,1.0,4,0.31182599561184965,0.31182599561184965,0.31182599561184965,0.0,0.31182599561184965,0.0,0.0
11,9,two_requirements,0.5,1,0.0,0.0,0.0,0.0,0.0,0.0,0.0
11,9,two_requirements,0.5,2,0.05293645422470267,0.10202037639163158,0.10202037639163158,0.0,0.10202037639163158,0.0,0.0
11,9,two_requirements,0.5,3,0.13252203604275795,0.13252203604275795,0.13252203604275795,0.0,0.13252203604275795,0.0,0.0
11,9,two_requirements,0.5,4,0.18614897451975607,0.18614897451975607,0.18614897451975607,0.0,0.18614897451975607,0.0,0.0
11,9,two_requirements,0.8,1,0.0,0.0,0.0,0.0,0.0,0.0,0.0
11,9,two_requirements,0.8,2,0.13551732281523887,0.2611721635625767,0.2611721635625767,0.0,0.2611721635625767,0.0,0.0
11,9,two_requirements,0.8,3,0.3047965678044471,0.3047965678044471,0.3047965678044471,0.0,0.3047965678044471,0.0,0.0
11,9,two_requirements,0.8,4,0.3925083267049953,0.3925083267049953,0.3925083267049953,0.0,0.3925083267049953,0.0,0.0
11,9,two_requirements,1.0,1,0.0,0.0,0.0,0.0,0.0,0.0,0.0
11,9,two_requirements,1.0,2,0.21174581689881067,0.40808150556652634,0.40808150556652634,0.0,0.40808150556652634,0.0,0.0
11,9,two_requirements,1.0,3,0.44034896587672645,0.44034896587672645,0.44034896587672645,0.0,0.44034896587672645,0.0,0.0
11,9,two_requirements,1.0,4,0.5207656783529223,0.5207656783529223,0.5207656783529223,0.0,0.5207656783529223,0.0,0.0
12,0,single_requirement,0.5,1,0.2222662568001403,0.4240344811491764,0.4240344811491764,0.0,0.4240344811491764,0.0,0.0
12,0,single_requirement,0.5,2,0.2222662568001403,0.6307841126110871,0.6307841126110871,0.0,0.6307841126110871,0.0,0.0
12,0,single_requirement,0.5,3,0.5095893813513384,0.6934248486412838,0.6934248486412838,0.0,0.6934248486412838,0.0,0.0
12,0,single_requirement,0.5,4,0.6934248486412838,0.6934248486412838,0.6934248486412838,0.0,0.6934248486412838,0.0,0.0
12,0,single_requirement,0.8,1,0.3556260108802247,0.6784551698386825,0.6784551698386825,0.0,0.6784551698386825,0.0,0.0
12,0,single_requirement,0.8,2,0.3556260108802246,0.8322823456727673,0.8322823456727673,0.0,0.8322823456727673,0.0,0.0
12,0,single_requirement,0.8,3,0.7157213290228845,0.8543989800335999,0.8543989800335999,0.0,0.8543989800335999,0.0,0.0
12,0,single_requirement,0.8,4,0.8543989800336,0.8543989800336,0.8543989800336,0.0,0.8543989800336,0.0,0.0
12,0,single_requirement,1.0,1,0.4445325136002806,0.8480689622983528,0.8480689622983528,0.0,0.8480689622983528,0.0,0.0
12,0,single_requirement,1.0,2,0.4445325136002805,0.8928760700034815,0.8928760700034815,0.0,0.8928760700034815,0.0,0.0
12,0,single_requirement,1.0,3,0.8116335936625582,0.8945626376376967,0.8945626376376967,0.0,0.8945626376376967,0.0,0.0
12,0,single_requirement,1.0,4,0.8945626376376964,0.8945626376376967,0.8945626376376964,0.0,0.8945626376376964,3.3306690738754696e-16,0.0
12,0,three_requirements,0.5,1,0.0,0.0,0.0,0.0,0.0,0.0,0.0
12,0,three_requirements,0.5,2,0.0,0.0,0.0,0.0,0.0,0.0,0.0
12,0,three_requirements,0.5,3,0.03512243282928773,0.03512243282928773,0.03512243282928773,0.0,0.03512243282928773,0.0,0.0
12,0,three_requirements,0.5,4,0.051892126964297576,0.051892126964297576,0.051892126964297576,0.0,0.051892126964297576,0.0,0.0
12,0,three_requirements,0.8,1,0.0,0.0,0.0,0.0,0.0,0.0,0.0
12,0,three_requirements,0.8,2,0.0,0.0,0.0,0.0,0.0,0.0,0.0
12,0,three_requirements,0.8,3,0.14386148486876266,0.14386148486876266,0.14386148486876266,0.0,0.14386148486876266,0.0,0.0
12,0,three_requirements,0.8,4,0.17645708285631034,0.17645708285631034,0.17645708285631034,0.0,0.17645708285631034,0.0,0.0
12,0,three_requirements,1.0,1,0.0,0.0,0.0,0.0,0.0,0.0,0.0
12,0,three_requirements,1.0,2,0.0,0.0,0.0,0.0,0.0,0.0,0.0
12,0,three_requirements,1.0,3,0.28097946263430185,0.28097946263430185,0.28097946263430185,0.0,0.28097946263430185,0.0,0.0
12,0,three_requirements,1.0,4,0.29764655611329793,0.29764655611329793,0.29764655611329793,0.0,0.29764655611329793,0.0,0.0
12,0,two_requirements,0.5,1,0.0,0.0,0.0,0.0,0.0,0.0,0.0
12,0,two_requirements,0.5,2,0.0,0.18866985977365425,0.1401581421905784,0.0,0.18866985977365425,0.04851171758307585,0.04851171758307585
12,0,two_requirements,0.5,3,0.19451876568416598,0.3271734216676888,0.3271734216676888,0.0,0.3271734216676888,0.0,0.0
12,0,two_requirements,0.5,4,0.3559107322866891,0.3559107322866891,0.3559107322866891,0.0,0.3559107322866891,0.0,0.0
12,0,two_requirements,0.8,1,0.0,0.0,0.0,0.0,0.0,0.0,0.0
12,0,two_requirements,0.8,2,0.0,0.48299484102055507,0.3588048440078808,0.0,0.48299484102055507,0.12418999701267425,0.12418999701267425
12,0,two_requirements,0.8,3,0.4396787950943446,0.6494458416957821,0.6494458416957821,0.0,0.6494458416957821,0.0,0.0
12,0,two_requirements,0.8,4,0.6693268631529684,0.6693268631529684,0.6693268631529684,0.0,0.6693268631529684,0.0,0.0
12,0,two_requirements,1.0,1,0.0,0.0,0.0,0.0,0.0,0.0,0.0
12,0,two_requirements,1.0,2,0.0,0.754679439094617,0.5606325687623136,0.0,0.754679439094617,0.1940468703323034,0.1940468703323034
12,0,two_requirements,1.0,3,0.6262801537337459,0.8188027549689294,0.8188027549689294,0.0,0.8188027549689294,0.0,0.0
12,0,two_requirements,1.0,4,0.8225633158011889,0.8225633158011889,0.8225633158011889,0.0,0.8225633158011889,0.0,0.0
12,1,single_requirement,0.5,1,0.32024205101050346,0.32024205101050346,0.32024205101050346,0.0,0.32024205101050346,0.0,0.0
12,1,single_requirement,0.5,2,0.4717454723481009,0.4979491702018731,0.4979491702018731,0.0,0.4979491702018731,0.0,0.0
12,1,single_requirement,0.5,3,0.4717454723481009,0.5848838716460631,0.5848838716460631,0.0,0.5848838716460631,0.0,0.0
12,1,single_requirement,0.5,4,0.5848838716460631,0.5848838716460631,0.5848838716460631,0.0,0.5848838716460631,0.0,0.0
12,1,single_requirement,0.8,1,0.5123872816168056,0.5123872816168056,0.5123872816168056,0.0,0.5123872816168056,0.0,0.0
12,1,single_requirement,0.8,2,0.6632276429244677,0.6893166593767908,0.6893166593767908,0.0,0.6893166593767908,0.0,0.0
12,1,single_requirement,0.8,3,0.6632276429244677,0.7372992084776439,0.7372992084776439,0.0,0.7372992084776439,0.0,0.0
12,1,single_requirement,0.8,4,0.7372992084776437,0.7372992084776439,0.7372992084776437,0.0,0.7372992084776437,1.1102230246251565e-16,0.0
12,1,single_requirement,1.0,1,0.6404841020210069,0.6404841020210069,0.6404841020210069,0.0,0.6404841020210069,0.0,0.0
12,1,single_requirement,1.0,2,0.7527302929618394,0.7721441467658164,0.7721441467658164,0.0,0.7721441467658164,0.0,0.0
12,1,single_requirement,1.0,3,0.7527302929618394,0.7887147048005034,0.7887147048005034,0.0,0.7887147048005034,0.0,0.0
12,1,single_requirement,1.0,4,0.7887147048005034,0.7887147048005034,0.7887147048005034,0.0,0.7887147048005034,0.0,0.0
12,1,three_requirements,0.5,1,0.0,0.0,0.0,0.0,0.0,0.0,0.0
12,1,three_requirements,0.5,2,0.0,0.0,0.0,0.0,0.0,0.0,0.0
12,1,three_requirements,0.5,3,0.0,0.0,0.0,0.0,0.0,0.0,0.0
12,1,three_requirements,0.5,4,0.0,0.0,0.0,0.0,0.0,0.0,0.0
12,1,three_requirements,0.8,1,0.0,0.0,0.0,0.0,0.0,0.0,0.0
12,1,three_requirements,0.8,2,0.0,0.0,0.0,0.0,0.0,0.0,0.0
12,1,three_requirements,0.8,3,0.0,0.0,0.0,0.0,0.0,0.0,0.0
12,1,three_requirements,0.8,4,0.0,0.0,0.0,0.0,0.0,0.0,0.0
12,1,three_requirements,1.0,1,0.0,0.0,0.0,0.0,0.0,0.0,0.0
12,1,three_requirements,1.0,2,0.0,0.0,0.0,0.0,0.0,0.0,0.0
12,1,three_requirements,1.0,3,0.0,0.0,0.0,0.0,0.0,0.0,0.0
12,1,three_requirements,1.0,4,0.0,0.0,0.0,0.0,0.0,0.0,0.0
12,1,two_requirements,0.5,1,0.0,0.0,0.0,0.0,0.0,0.0,0.0
12,1,two_requirements,0.5,2,0.06527036168301793,0.06527036168301793,0.06527036168301793,0.0,0.06527036168301793,0.0,0.0
12,1,two_requirements,0.5,3,0.09719493945978014,0.09719493945978014,0.09719493945978014,0.0,0.09719493945978014,0.0,0.0
12,1,two_requirements,0.5,4,0.09719493945978014,0.09719493945978014,0.09719493945978014,0.0,0.09719493945978014,0.0,0.0
12,1,two_requirements,0.8,1,0.0,0.0,0.0,0.0,0.0,0.0,0.0
12,1,two_requirements,0.8,2,0.16709212590852607,0.16709212590852607,0.16709212590852607,0.0,0.16709212590852607,0.0,0.0
12,1,two_requirements,0.8,3,0.21794789989885344,0.21794789989885344,0.21794789989885344,0.0,0.21794789989885344,0.0,0.0
12,1,two_requirements,0.8,4,0.21794789989885333,0.21794789989885344,0.21794789989885333,0.0,0.21794789989885333,1.1102230246251565e-16,0.0
12,1,two_requirements,1.0,1,0.0,0.0,0.0,0.0,0.0,0.0,0.0
12,1,two_requirements,1.0,2,0.26108144673207173,0.26108144673207173,0.26108144673207173,0.0,0.26108144673207173,0.0,0.0
12,1,two_requirements,1.0,3,0.30838615076051645,0.30838615076051645,0.30838615076051645,0.0,0.30838615076051645,0.0,0.0
12,1,two_requirements,1.0,4,0.3083861507605169,0.3083861507605169,0.3083861507605169,0.0,0.3083861507605169,0.0,0.0
12,2,single_requirement,0.5,1,0.17273056274209125,0.29970860287421214,0.29970860287421214,0.0,0.29970860287421214,0.0,0.0
12,2,single_requirement,0.5,2,0.39931918462718397,0.45202276426614635,0.45202276426614635,0.0,0.45202276426614635,0.0,0.0
12,2,single_requirement,0.5,3,0.5059664215217761,0.5362763166062181,0.5362763166062181,0.0,0.5362763166062181,0.0,0.0
12,2,single_requirement,0.5,4,0.5678118863865208,0.5678118863865208,0.5678118863865208,0.0,0.5678118863865208,0.0,0.0
12,2,single_requirement,0.8,1,0.2763689003873462,0.4795337645987393,0.4795337645987393,0.0,0.4795337645987393,0.0,0.0
12,2,single_requirement,0.8,2,0.5687155136539396,0.6159012376097429,0.6159012376097429,0.0,0.6159012376097429,0.0,0.0
12,2,single_requirement,0.8,3,0.641461280321096,0.6565683568686911,0.6565683568686911,0.0,0.6565683568686911,0.0,0.0
12,2,single_requirement,0.8,4,0.6645855566163728,0.6645855566163728,0.6645855566163728,0.0,0.6645855566163728,0.0,0.0
12,2,single_requirement,1.0,1,0.3454611254841825,0.5994172057484243,0.5994172057484243,0.0,0.5994172057484243,0.0,0.0
12,2,single_requirement,1.0,2,0.6523984072761289,0.6804305593321024,0.6804305593321024,0.0,0.6804305593321024,0.0,0.0
12,2,single_requirement,1.0,3,0.6866106421755354,0.6908211420846879,0.6908211420846879,0.0,0.6908211420846879,0.0,0.0
12,2,single_requirement,1.0,4,0.6916247611336456,0.6916247611336456,0.6916247611336456,0.0,0.6916247611336456,0.0,0.0
12,2,three_requirements,0.5,1,0.0,0.0,0.0,0.0,0.0,0.0,0.0
12,2,three_requirements,0.5,2,0.0,0.0,0.0,0.0,0.0,0.0,0.0
12,2,three_requirements,0.5,3,0.0,0.03510319179346642,0.0,0.0,0.0,0.03510319179346642,0.0
12,2,three_requirements,0.5,4,0.03510319179346641,0.03510319179346642,0.03510319179346641,0.0,0.03510319179346641,1.3877787807814457e-17,0.0
12,2,three_requirements,0.8,1,0.0,0.0,0.0,0.0,0.0,0.0,0.0
12,2,three_requirements,0.8,2,0.0,0.0,0.0,0.0,0.0,0.0,0.0
12,2,three_requirements,0.8,3,0.0,0.14378267358603838,0.0,0.0,0.0,0.14378267358603838,0.0
12,2,three_requirements,0.8,4,0.14378267358603844,0.14378267358603844,0.14378267358603844,0.0,0.14378267358603844,0.0,0.0
12,2,three_requirements,1.0,1,0.0,0.0,0.0,0.0,0.0,0.0,0.0
12,2,three_requirements,1.0,2,0.0,0.0,0.0,0.0,0.0,0.0,0.0
12,2,three_requirements,1.0,3,0.0,0.2808255343477314,0.0,0.0,0.0,0.2808255343477314,0.0
12,2,three_requirements,1.0,4,0.2808255343477312,0.2808255343477314,0.2808255343477312,0.0,0.2808255343477312,1.6653345369377348e-16,0.0
12,2,two_requirements,0.5,1,0.0,0.0,0.0,0.0,0.0,0.0,0.0
12,2,two_requirements,0.5,2,0.0,0.0752351457591357,0.0752351457591357,0.0,0.0752351457591357,0.0,0.0
12,2,two_requirements,0.5,3,0.0,0.0752351457591357,0.07523514575913567,0.0,0.07523514575913567,2.7755575615628914e-17,0.0
12,2,two_requirements,0.5,4,0.07523514575913565,0.0752351457591357,0.07523514575913565,0.0,0.07523514575913565,5.551115123125783e-17,0.0
12,2,two_requirements,0.8,1,0.0,0.0,0.0,0.0,0.0,0.0,0.0
12,2,two_requirements,0.8,2,0.0,0.1926019731433874,0.1926019731433874,0.0,0.1926019731433874,0.0,0.0
12,2,two_requirements,0.8,3,0.0,0.1926019731433874,0.19260197314338717,0.0,0.19260197314338717,2.220446049250313e-16,0.0
12,2,two_requirements,0.8,4,0.19260197314338728,0.1926019731433874,0.19260197314338728,0.0,0.19260197314338728,1.1102230246251565e-16,0.0
12,2,two_requirements,1.0,1,0.0,0.0,0.0,0.0,0.0,0.0,0.0
12,2,two_requirements,1.0,2,0.0,0.3009405830365428,0.3009405830365428,0.0,0.3009405830365428,0.0,0.0
12,2,two_requirements,1.0,3,0.0,0.3009405830365428,0.3009405830365426,0.0,0.3009405830365426,2.220446049250313e-16,0.0
12,2,two_requirements,1.0,4,0.30094058303654253,0.3009405830365428,0.30094058303654253,0.0,0.30094058303654253,2.7755575615628914e-16,0.0
12,3,single_requirement,0.5,1,0.18866327861488047,0.3653668143445463,0.3653668143445463,0.0,0.3653668143445463,0.0,0.0
12,3,single_requirement,0.5,2,0.18866327861488041,0.5238315615815257,0.5238315615815257,0.0,0.5238315615815257,0.0,0.0
12,3,single_requirement,0.5,3,0.47147249002045344,0.5821313277196873,0.5821313277196873,0.0,0.5821313277196873,0.0,0.0
12,3,single_requirement,0.5,4,0.5821313277196872,0.5821313277196873,0.5821313277196872,0.0,0.5821313277196872,1.1102230246251565e-16,0.0
12,3,single_requirement,0.8,1,0.30186124578380885,0.5845869029512741,0.5845869029512741,0.0,0.5845869029512741,0.0,0.0
12,3,single_requirement,0.8,2,0.30186124578380885,0.7197657568243717,0.7197657568243717,0.0,0.7197657568243717,0.0,0.0
12,3,single_requirement,0.8,3,0.6751006852113112,0.7450299673294072,0.7450299673294072,0.0,0.7450299673294072,0.0,0.0
12,3,single_requirement,0.8,4,0.7450299673294071,0.7450299673294072,0.7450299673294071,0.0,0.7450299673294071,1.1102230246251565e-16,0.0
12,3,single_requirement,1.0,1,0.37732655722976094,0.7307336286890926,0.7307336286890926,0.0,0.7307336286890926,0.0,0.0
12,3,single_requirement,1.0,2,0.37732655722976083,0.8010699112754069,0.8010699112754069,0.0,0.8010699112754069,0.0,0.0
12,3,single_requirement,1.0,3,0.7778297741629602,0.8057277224046124,0.8057277224046124,0.0,0.8057277224046124,0.0,0.0
12,3,single_requirement,1.0,4,0.8057277224046127,0.8057277224046127,0.8057277224046127,0.0,0.8057277224046127,0.0,0.0
12,3,three_requirements,0.5,1,0.0,0.0,0.0,0.0,0.0,0.0,0.0
12,3,three_requirements,0.5,2,0.0,0.0,0.0,0.0,0.0,0.0,0.0
12,3,three_requirements,0.5,3,0.0,0.0387078817047178,0.0,0.0,0.0,0.0387078817047178,0.0
12,3,three_requirements,0.5,4,0.038707881704717804,0.038707881704717804,0.038707881704717804,0.0,0.038707881704717804,0.0,0.0
12,3,three_requirements,0.8,1,0.0,0.0,0.0,0.0,0.0,0.0,0.0
12,3,three_requirements,0.8,2,0.0,0.0,0.0,0.0,0.0,0.0,0.0
12,3,three_requirements,0.8,3,0.0,0.15854748346252398,0.0,0.0,0.0,0.15854748346252398,0.0
12,3,three_requirements,0.8,4,0.158547483462524,0.158547483462524,0.158547483462524,0.0,0.158547483462524,0.0,0.0
12,3,three_requirements,1.0,1,0.0,0.0,0.0,0.0,0.0,0.0,0.0
12,3,three_requirements,1.0,2,0.0,0.0,0.0,0.0,0.0,0.0,0.0
12,3,three_requirements,1.0,3,0.0,0.3096630536377424,0.0,0.0,0.0,0.3096630536377424,0.0
12,3,three_requirements,1.0,4,0.3096630536377425,0.3096630536377425,0.3096630536377425,0.0,0.3096630536377425,0.0,0.0
12,3,two_requirements,0.5,1,0.0,0.0,0.0,0.0,0.0,0.0,0.0
12,3,two_requirements,0.5,2,0.0,0.12963348065436908,0.06569858813927557,0.0,0.12963348065436908,0.06393489251509352,0.06393489251509352
12,3,two_requirements,0.5,3,0.16603006254887204,0.1959629161516655,0.16603006254887204,0.0,0.1959629161516655,0.029932853602793463,0.029932853602793463
12,3,two_requirements,0.5,4,0.21596101897850403,0.21596101897850403,0.21596101897850403,0.0,0.21596101897850403,0.0,0.0
12,3,two_requirements,0.8,1,0.0,0.0,0.0,0.0,0.0,0.0,0.0
12,3,two_requirements,0.8,2,0.0,0.331861710475185,0.16818838563654553,0.0,0.331861710475185,0.16367332483863944,0.16367332483863944
12,3,two_requirements,0.8,3,0.3800290785331418,0.41964232520256156,0.3800290785331418,0.0,0.41964232520256156,0.03961324666941979,0.03961324666941979
12,3,two_requirements,0.8,4,0.4330868028909833,0.4330868028909833,0.4330868028909833,0.0,0.4330868028909833,0.0,0.0
12,3,two_requirements,1.0,1,0.0,0.0,0.0,0.0,0.0,0.0,0.0
12,3,two_requirements,1.0,2,0.0,0.5185339226174763,0.26279435255710226,0.0,0.5185339226174763,0.25573957006037407,0.25573957006037407
12,3,two_requirements,1.0,3,0.5469122252163977,0.570250778810563,0.5469122252163977,0.0,0.570250778810563,0.023338553594165257,0.023338553594165257
12,3,two_requirements,1.0,4,0.5730573943486977,0.5730573943486977,0.5730573943486977,0.0,0.5730573943486977,0.0,0.0
12,4,single_requirement,0.5,1,0.24988559818119288,0.3928232639820708,0.3928232639820708,0.0,0.3928232639820708,0.0,0.0
12,4,single_requirement,0.5,2,0.24988559818119285,0.6011257379695228,0.6011257379695228,0.0,0.6011257379695228,0.0,0.0
12,4,single_requirement,0.5,3,0.5342354588455005,0.6774206736044274,0.6774206736044274,0.0,0.6774206736044274,0.0,0.0
12,4,single_requirement,0.5,4,0.6774206736044274,0.6774206736044274,0.6774206736044274,0.0,0.6774206736044274,0.0,0.0
12,4,single_requirement,0.8,1,0.3998169570899085,0.628517222371313,0.628517222371313,0.0,0.628517222371313,0.0,0.0
12,4,single_requirement,0.8,2,0.3998169570899085,0.808409408825482,0.808409408825482,0.0,0.808409408825482,0.0,0.0
12,4,single_requirement,0.8,3,0.7506422669677483,0.8405569439720546,0.8405569439720546,0.0,0.8405569439720546,0.0,0.0
12,4,single_requirement,0.8,4,0.8405569439720547,0.8405569439720547,0.8405569439720547,0.0,0.8405569439720547,0.0,0.0
12,4,single_requirement,1.0,1,0.49977119636238576,0.7856465279641416,0.7856465279641416,0.0,0.7856465279641416,0.0,0.0
12,4,single_requirement,1.0,2,0.49977119636238554,0.8826852844270568,0.8826852844270568,0.0,0.8826852844270568,0.0,0.0
12,4,single_requirement,1.0,3,0.8515241110554751,0.8878924612687746,0.8878924612687746,0.0,0.8878924612687746,0.0,0.0
12,4,single_requirement,1.0,4,0.8878924612687746,0.8878924612687746,0.8878924612687746,0.0,0.8878924612687746,0.0,0.0
12,4,three_requirements,0.5,1,0.0,0.0,0.0,0.0,0.0,0.0,0.0
12,4,three_requirements,0.5,2,0.0,0.0,0.0,0.0,0.0,0.0,0.0
12,4,three_requirements,0.5,3,0.0,0.04240453043547779,0.028459181418545476,0.0,0.04240453043547779,0.013945349016932312,0.013945349016932312
12,4,three_requirements,0.5,4,0.05850980155836536,0.05850980155836536,0.05850980155836536,0.0,0.05850980155836536,0.0,0.0
12,4,three_requirements,0.8,1,0.0,0.0,0.0,0.0,0.0,0.0,0.0
12,4,three_requirements,0.8,2,0.0,0.0,0.0,0.0,0.0,0.0,0.0
12,4,three_requirements,0.8,3,0.0,0.17368895666371698,0.11656880709036216,0.0,0.17368895666371698,0.05712014957335482,0.05712014957335482
12,4,three_requirements,0.8,4,0.2092951772404557,0.2092951772404557,0.2092951772404557,0.0,0.2092951772404557,0.0,0.0
12,4,three_requirements,1.0,1,0.0,0.0,0.0,0.0,0.0,0.0,0.0
12,4,three_requirements,1.0,2,0.0,0.0,0.0,0.0,0.0,0.0,0.0
12,4,three_requirements,1.0,3,0.0,0.3392362434838223,0.2276734513483638,0.0,0.3392362434838223,0.1115627921354585,0.1115627921354585
12,4,three_requirements,1.0,4,0.3692471301016599,0.3692471301016599,0.3692471301016599,0.0,0.3692471301016599,0.0,0.0
12,4,two_requirements,0.5,1,0.0,0.0,0.0,0.0,0.0,0.0,0.0
12,4,two_requirements,0.5,2,0.0,0.13568821929523556,0.08154096925554058,0.0,0.13568821929523556,0.05414725003969498,0.05414725003969498
12,4,two_requirements,0.5,3,0.1824472437688286,0.19188213745580482,0.1824472437688286,0.0,0.19188213745580482,0.009434893686976226,0.009434893686976226
12,4,two_requirements,0.5,4,0.23864116192939777,0.23864116192939777,0.23864116192939777,0.0,0.23864116192939777,0.0,0.0
12,4,two_requirements,0.8,1,0.0,0.0,0.0,0.0,0.0,0.0,0.0
12,4,two_requirements,0.8,2,0.0,0.3473618413958031,0.20874488129418378,0.0,0.3473618413958031,0.13861696010161934,0.13861696010161934
12,4,two_requirements,0.8,3,0.4136398768631295,0.4250092863623214,0.4136398768631295,0.0,0.4250092863623214,0.011369409499191907,0.011369409499191907
12,4,two_requirements,0.8,4,0.49128732182964785,0.49128732182964785,0.49128732182964785,0.0,0.49128732182964785,0.0,0.0
12,4,two_requirements,1.0,1,0.0,0.0,0.0,0.0,0.0,0.0,0.0
12,4,two_requirements,1.0,2,0.0,0.5427528771809422,0.3261638770221623,0.0,0.5427528771809422,0.2165890001587799,0.2165890001587799
12,4,two_requirements,1.0,3,0.5906611959475238,0.5951093166863991,0.5906611959475238,0.0,0.5951093166863991,0.00444812073887535,0.00444812073887535
12,4,two_requirements,1.0,4,0.6430176354529804,0.6430176354529804,0.6430176354529804,0.0,0.6430176354529804,0.0,0.0
12,5,single_requirement,0.5,1,0.2991192334418529,0.34109180945985595,0.34109180945985595,0.0,0.34109180945985595,0.0,0.0
12,5,single_requirement,0.5,2,0.509768128729661,0.509768128729661,0.509768128729661,0.0,0.509768128729661,0.0,0.0
12,5,single_requirement,0.5,3,0.509768128729661,0.509768128729661,0.509768128729661,0.0,0.509768128729661,0.0,0.0
12,5,single_requirement,0.5,4,0.509768128729661,0.509768128729661,0.509768128729661,0.0,0.509768128729661,0.0,0.0
12,5,single_requirement,0.8,1,0.47859077350696466,0.5457468951357698,0.5457468951357698,0.0,0.5457468951357698,0.0,0.0
12,5,single_requirement,0.8,2,0.6904038083622918,0.6904038083622918,0.6904038083622918,0.0,0.6904038083622918,0.0,0.0
12,5,single_requirement,0.8,3,0.6904038083622916,0.6904038083622918,0.6904038083622916,0.0,0.6904038083622916,1.1102230246251565e-16,0.0
12,5,single_requirement,0.8,4,0.6904038083622919,0.6904038083622919,0.6904038083622919,0.0,0.6904038083622919,0.0,0.0
12,5,single_requirement,1.0,1,0.5982384668837059,0.6821836189197119,0.6821836189197119,0.0,0.6821836189197119,0.0,0.0
12,5,single_requirement,1.0,2,0.7586504291152263,0.7586504291152263,0.7586504291152263,0.0,0.7586504291152263,0.0,0.0
12,5,single_requirement,1.0,3,0.7586504291152263,0.7586504291152263,0.7586504291152263,0.0,0.7586504291152263,0.0,0.0
12,5,single_requirement,1.0,4,0.7586504291152261,0.7586504291152263,0.7586504291152261,0.0,0.7586504291152261,2.220446049250313e-16,0.0
12,5,three_requirements,0.5,1,0.0,0.0,0.0,0.0,0.0,0.0,0.0
12,5,three_requirements,0.5,2,0.0,0.0,0.0,0.0,0.0,0.0,0.0
12,5,three_requirements,0.5,3,0.0,0.05406600255103378,0.05406600255103378,0.0,0.05406600255103378,0.0,0.0
12,5,three_requirements,0.5,4,0.11430731569822375,0.11430731569822375,0.11430731569822375,0.0,0.11430731569822375,0.0,0.0
12,5,three_requirements,0.8,1,0.0,0.0,0.0,0.0,0.0,0.0,0.0
12,5,three_requirements,0.8,2,0.0,0.0,0.0,0.0,0.0,0.0,0.0
12,5,three_requirements,0.8,3,0.0,0.2214543464490344,0.2214543464490344,0.0,0.2214543464490344,0.0,0.0
12,5,three_requirements,0.8,4,0.3595998380443406,0.3595998380443406,0.3595998380443406,0.0,0.3595998380443406,0.0,0.0
12,5,three_requirements,1.0,1,0.0,0.0,0.0,0.0,0.0,0.0,0.0
12,5,three_requirements,1.0,2,0.0,0.0,0.0,0.0,0.0,0.0,0.0
12,5,three_requirements,1.0,3,0.0,0.43252802040827026,0.43252802040827026,0.0,0.43252802040827026,0.0,0.0
12,5,three_requirements,1.0,4,0.5609333724100602,0.5609333724100602,0.5609333724100602,0.0,0.5609333724100602,0.0,0.0
12,5,two_requirements,0.5,1,0.0,0.0,0.0,0.0,0.0,0.0,0.0
12,5,two_requirements,0.5,2,0.10210850917837525,0.11496304575865976,0.11496304575865976,0.0,0.11496304575865976,0.0,0.0
12,5,two_requirements,0.5,3,0.22795181666176095,0.22795181666176095,0.22795181666176095,0.0,0.22795181666176095,0.0,0.0
12,5,two_requirements,0.5,4,0.27025627397187046,0.27025627397187046,0.27025627397187046,0.0,0.27025627397187046,0.0,0.0
12,5,two_requirements,0.8,1,0.0,0.0,0.0,0.0,0.0,0.0,0.0
12,5,two_requirements,0.8,2,0.26139778349664067,0.2943053971421691,0.2943053971421691,0.0,0.2943053971421691,0.0,0.0
12,5,two_requirements,0.8,3,0.45715147745905066,0.45715147745905066,0.45715147745905066,0.0,0.45715147745905066,0.0,0.0
12,5,two_requirements,0.8,4,0.49802975171605957,0.49802975171605957,0.49802975171605957,0.0,0.49802975171605957,0.0,0.0
12,5,two_requirements,1.0,1,0.0,0.0,0.0,0.0,0.0,0.0,0.0
12,5,two_requirements,1.0,2,0.408434036713501,0.45985218303463904,0.45985218303463904,0.0,0.45985218303463904,0.0,0.0
12,5,two_requirements,1.0,3,0.5826271281182487,0.5826271281182487,0.5826271281182487,0.0,0.5826271281182487,0.0,0.0
12,5,two_requirements,1.0,4,0.6038353902391113,0.6038353902391113,0.6038353902391113,0.0,0.6038353902391113,0.0,0.0
12,6,single_requirement,0.5,1,0.0,0.3547641428678581,0.3547641428678581,0.0,0.3547641428678581,0.0,0.0
12,6,single_requirement,0.5,2,0.0,0.5133320459873776,0.5133320459873776,0.0,0.5133320459873776,0.0,0.0
12,6,single_requirement,0.5,3,0.3547641428678582,0.5133320459873777,0.5133320459873777,0.0,0.5133320459873777,0.0,0.0
12,6,single_requirement,0.5,4,0.5133320459873776,0.5133320459873777,0.5133320459873776,0.0,0.5133320459873776,1.1102230246251565e-16,0.0
12,6,single_requirement,0.8,1,0.0,0.5676226285885733,0.5676226285885733,0.0,0.5676226285885733,0.0,0.0
12,6,single_requirement,0.8,2,0.0,0.6940488742310544,0.6940488742310544,0.0,0.6940488742310544,0.0,0.0
12,6,single_requirement,0.8,3,0.567622628588573,0.6940488742310544,0.6940488742310543,0.0,0.6940488742310543,1.1102230246251565e-16,0.0
12,6,single_requirement,0.8,4,0.6940488742310542,0.6940488742310544,0.6940488742310542,0.0,0.6940488742310542,2.220446049250313e-16,0.0
12,6,single_requirement,1.0,1,0.0,0.7095282857357162,0.7095282857357162,0.0,0.7095282857357162,0.0,0.0
12,6,single_requirement,1.0,2,0.0,0.7614924266648595,0.7614924266648595,0.0,0.7614924266648595,0.0,0.0
12,6,single_requirement,1.0,3,0.7095282857357165,0.7614924266648595,0.7614924266648595,0.0,0.7614924266648595,0.0,0.0
12,6,single_requirement,1.0,4,0.7614924266648595,0.7614924266648595,0.7614924266648595,0.0,0.7614924266648595,0.0,0.0
12,6,three_requirements,0.5,1,0.0,0.0,0.0,0.0,0.0,0.0,0.0
12,6,three_requirements,0.5,2,0.0,0.0,0.0,0.0,0.0,0.0,0.0
12,6,three_requirements,0.5,3,0.037171621875847466,0.03921319929897085,0.03921319929897085,0.0,0.03921319929897085,0.0,0.0
12,6,three_requirements,0.5,4,0.059262921604104485,0.059262921604104485,0.059262921604104485,0.0,0.059262921604104485,0.0,0.0
12,6,three_requirements,0.8,1,0.0,0.0,0.0,0.0,0.0,0.0,0.0
12,6,three_requirements,0.8,2,0.0,0.0,0.0,0.0,0.0,0.0,0.0
12,6,three_requirements,0.8,3,0.15225496320347132,0.16061726432858495,0.16061726432858495,0.0,0.16061726432858495,0.0,0.0
12,6,three_requirements,0.8,4,0.20066214650542555,0.20066214650542555,0.20066214650542555,0.0,0.20066214650542555,0.0,0.0
12,6,three_requirements,1.0,1,0.0,0.0,0.0,0.0,0.0,0.0,0.0
12,6,three_requirements,1.0,2,0.0,0.0,0.0,0.0,0.0,0.0,0.0
12,6,three_requirements,1.0,3,0.2973729750067797,0.3137055943917668,0.3137055943917668,0.0,0.3137055943917668,0.0,0.0
12,6,three_requirements,1.0,4,0.3371281762671249,0.3371281762671249,0.3371281762671249,0.0,0.3371281762671249,0.0,0.0
12,6,two_requirements,0.5,1,0.0,0.0,0.0,0.0,0.0,0.0,0.0
12,6,two_requirements,0.5,2,0.0,0.14422793882323187,0.08954219582235035,0.0,0.14422793882323187,0.054685743000881526,0.054685743000881526
12,6,two_requirements,0.5,3,0.13103920465613644,0.24545393232521734,0.16013704662037856,0.0,0.24545393232521734,0.08531688570483878,0.08531688570483878
12,6,two_requirements,0.5,4,0.27693698500376773,0.27693698500376773,0.27693698500376773,0.0,0.27693698500376773,0.0,0.0
12,6,two_requirements,0.8,1,0.0,0.0,0.0,0.0,0.0,0.0,0.0
12,6,two_requirements,0.8,2,0.0,0.3692235233874736,0.22922802130521683,0.0,0.3692235233874736,0.13999550208225678,0.13999550208225678
12,6,two_requirements,0.8,3,0.28757786693248266,0.5004377364119097,0.3465989763701662,0.0,0.5004377364119097,0.15383876004174352,0.15383876004174352
12,6,two_requirements,0.8,4,0.5271443331542871,0.5271443331542871,0.5271443331542871,0.0,0.5271443331542871,0.0,0.0
12,6,two_requirements,1.0,1,0.0,0.0,0.0,0.0,0.0,0.0,0.0
12,6,two_requirements,1.0,2,0.0,0.5769117552929275,0.3581687832894014,0.0,0.5769117552929275,0.2187429720035261,0.2187429720035261
12,6,two_requirements,1.0,3,0.39946281605364303,0.6486794523721013,0.4755693766429646,0.0,0.6486794523721013,0.17311007572913673,0.17311007572913673
12,6,two_requirements,1.0,4,0.6572475701796092,0.6572475701796092,0.6572475701796092,0.0,0.6572475701796092,0.0,0.0
12,7,single_requirement,0.5,1,0.23745858805141798,0.3014884457476332,0.3014884457476332,0.0,0.3014884457476332,0.0,0.0
12,7,single_requirement,0.5,2,0.33361740713125215,0.43955825238608714,0.43955825238608714,0.0,0.43955825238608714,0.0,0.0
12,7,single_requirement,0.5,3,0.49546959956406306,0.49546959956406306,0.49546959956406306,0.0,0.49546959956406306,0.0,0.0
12,7,single_requirement,0.5,4,0.49546959956406306,0.49546959956406306,0.49546959956406306,0.0,0.49546959956406306,0.0,0.0
12,7,single_requirement,0.8,1,0.3799337408822686,0.4823815131962131,0.4823815131962131,0.0,0.4823815131962131,0.0,0.0
12,7,single_requirement,0.8,2,0.47372480213088425,0.6078799736612943,0.6078799736612943,0.0,0.6078799736612943,0.0,0.0
12,7,single_requirement,0.8,3,0.6388607277389764,0.6388607277389764,0.6388607277389764,0.0,0.6388607277389764,0.0,0.0
12,7,single_requirement,0.8,4,0.6388607277389762,0.6388607277389764,0.6388607277389762,0.0,0.6388607277389762,2.220446049250313e-16,0.0
12,7,single_requirement,1.0,1,0.47491717610283596,0.6029768914952665,0.6029768914952665,0.0,0.6029768914952665,0.0,0.0
12,7,single_requirement,1.0,2,0.5421034615976723,0.6803389419462464,0.6803389419462464,0.0,0.6803389419462464,0.0,0.0
12,7,single_requirement,1.0,3,0.6912833109217328,0.6912833109217328,0.6912833109217328,0.0,0.6912833109217328,0.0,0.0
12,7,single_requirement,1.0,4,0.6912833109217328,0.6912833109217328,0.6912833109217328,0.0,0.6912833109217328,0.0,0.0
12,7,three_requirements,0.5,1,0.0,0.0,0.0,0.0,0.0,0.0,0.0
12,7,three_requirements,0.5,2,0.0,0.0,0.0,0.0,0.0,0.0,0.0
12,7,three_requirements,0.5,3,0.0,0.0,0.0,0.0,0.0,0.0,0.0
12,7,three_requirements,0.5,4,0.0,0.0,0.0,0.0,0.0,0.0,0.0
12,7,three_requirements,0.8,1,0.0,0.0,0.0,0.0,0.0,0.0,0.0
12,7,three_requirements,0.8,2,0.0,0.0,0.0,0.0,0.0,0.0,0.0
12,7,three_requirements,0.8,3,0.0,0.0,0.0,0.0,0.0,0.0,0.0
12,7,three_requirements,0.8,4,0.0,0.0,0.0,0.0,0.0,0.0,0.0
12,7,three_requirements,1.0,1,0.0,0.0,0.0,0.0,0.0,0.0,0.0
12,7,three_requirements,1.0,2,0.0,0.0,0.0,0.0,0.0,0.0,0.0
12,7,three_requirements,1.0,3,0.0,0.0,0.0,0.0,0.0,0.0,0.0
12,7,three_requirements,1.0,4,0.0,0.0,0.0,0.0,0.0,0.0,0.0
12,7,two_requirements,0.5,1,0.0,0.0,0.0,0.0,0.0,0.0,0.0
12,7,two_requirements,0.5,2,0.0,0.06459225313780531,0.0,0.0,0.06459225313780531,0.06459225313780531,0.06459225313780531
12,7,two_requirements,0.5,3,0.0,0.06459225313780534,0.06459225313780534,0.0,0.06459225313780534,0.0,0.0
12,7,two_requirements,0.5,4,0.06459225313780535,0.06459225313780535,0.06459225313780535,0.0,0.06459225313780535,0.0,0.0
12,7,two_requirements,0.8,1,0.0,0.0,0.0,0.0,0.0,0.0,0.0
12,7,two_requirements,0.8,2,0.0,0.16535616803278164,0.0,0.0,0.16535616803278164,0.16535616803278164,0.16535616803278164
12,7,two_requirements,0.8,3,0.0,0.1653561680327817,0.1653561680327817,0.0,0.1653561680327817,0.0,0.0
12,7,two_requirements,0.8,4,0.16535616803278158,0.1653561680327817,0.16535616803278158,0.0,0.16535616803278158,1.1102230246251565e-16,0.0
12,7,two_requirements,1.0,1,0.0,0.0,0.0,0.0,0.0,0.0,0.0
12,7,two_requirements,1.0,2,0.0,0.25836901255122124,0.0,0.0,0.25836901255122124,0.25836901255122124,0.25836901255122124
12,7,two_requirements,1.0,3,0.0,0.2583690125512214,0.2583690125512214,0.0,0.2583690125512214,0.0,0.0
12,7,two_requirements,1.0,4,0.25836901255122124,0.2583690125512214,0.25836901255122124,0.0,0.25836901255122124,1.6653345369377348e-16,0.0
12,8,single_requirement,0.5,1,0.2745714307351773,0.4038233422385492,0.4038233422385492,0.0,0.4038233422385492,0.0,0.0
12,8,single_requirement,0.5,2,0.2745714307351773,0.6145111094207177,0.6145111094207177,0.0,0.6145111094207177,0.0,0.0
12,8,single_requirement,0.5,3,0.5356033548887743,0.6994310424089105,0.6994310424089105,0.0,0.6994310424089105,0.0,0.0
12,8,single_requirement,0.5,4,0.6994310424089105,0.6994310424089105,0.6994310424089105,0.0,0.6994310424089105,0.0,0.0
12,8,single_requirement,0.8,1,0.4393142891762839,0.6461173475816787,0.6461173475816787,0.0,0.6461173475816787,0.0,0.0
12,8,single_requirement,0.8,2,0.43931428917628373,0.8190083087668636,0.8190083087668636,0.0,0.8190083087668636,0.0,0.0
12,8,single_requirement,0.8,3,0.7410862922083254,0.8558925842397631,0.8558925842397631,0.0,0.8558925842397631,0.0,0.0
12,8,single_requirement,0.8,4,0.8558925842397631,0.8558925842397631,0.8558925842397631,0.0,0.8558925842397631,0.0,0.0
12,8,single_requirement,1.0,1,0.5491428614703546,0.8076466844770984,0.8076466844770984,0.0,0.8076466844770984,0.0,0.0
12,8,single_requirement,1.0,2,0.5491428614703546,0.886919164036675,0.886919164036675,0.0,0.886919164036675,0.0,0.0
12,8,single_requirement,1.0,3,0.8297919689156453,0.8938045254797585,0.8938045254797585,0.0,0.8938045254797585,0.0,0.0
12,8,single_requirement,1.0,4,0.8938045254797586,0.8938045254797586,0.8938045254797586,0.0,0.8938045254797586,0.0,0.0
12,8,three_requirements,0.5,1,0.0,0.0,0.0,0.0,0.0,0.0,0.0
12,8,three_requirements,0.5,2,0.0,0.0,0.0,0.0,0.0,0.0,0.0
12,8,three_requirements,0.5,3,0.029024172157352923,0.048175264015078746,0.029024172157352923,0.0,0.029024172157352923,0.019151091857725823,0.0
12,8,three_requirements,0.5,4,0.06419414945048726,0.06419414945048726,0.06419414945048726,0.0,0.06419414945048726,0.0,0.0
12,8,three_requirements,0.8,1,0.0,0.0,0.0,0.0,0.0,0.0,0.0
12,8,three_requirements,0.8,2,0.0,0.0,0.0,0.0,0.0,0.0,0.0
12,8,three_requirements,0.8,3,0.11888300915651759,0.1973258814057627,0.11888300915651759,0.0,0.11888300915651759,0.07844287224924512,0.0
12,8,three_requirements,0.8,4,0.23097744350134541,0.23097744350134541,0.23097744350134541,0.0,0.23097744350134541,0.0,0.0
12,8,three_requirements,1.0,1,0.0,0.0,0.0,0.0,0.0,0.0,0.0
12,8,three_requirements,1.0,2,0.0,0.0,0.0,0.0,0.0,0.0,0.0
12,8,three_requirements,1.0,3,0.23219337725882339,0.38540211212062997,0.23219337725882339,0.0,0.23219337725882339,0.15320873486180658,0.0
12,8,three_requirements,1.0,4,0.409510901828343,0.409510901828343,0.409510901828343,0.0,0.409510901828343,0.0,0.0
12,8,two_requirements,0.5,1,0.0,0.0,0.0,0.0,0.0,0.0,0.0
12,8,two_requirements,0.5,2,0.0,0.12230291930312785,0.1000252781616561,0.0,0.12230291930312785,0.022277641141471752,0.022277641141471752
12,8,two_requirements,0.5,3,0.0,0.17835498338642963,0.17835498338642963,0.0,0.17835498338642963,0.0,0.0
12,8,two_requirements,0.5,4,0.1783549833864296,0.17835498338642963,0.1783549833864296,0.0,0.1783549833864296,2.7755575615628914e-17,0.0
12,8,two_requirements,0.8,1,0.0,0.0,0.0,0.0,0.0,0.0,0.0
12,8,two_requirements,0.8,2,0.0,0.3130954734160075,0.2560647120938395,0.0,0.3130954734160075,0.057030761322168,0.057030761322168
12,8,two_requirements,0.8,3,0.0,0.38904590064490757,0.38904590064490757,0.0,0.38904590064490757,0.0,0.0
12,8,two_requirements,0.8,4,0.38904590064490757,0.38904590064490757,0.38904590064490757,0.0,0.38904590064490757,0.0,0.0
12,8,two_requirements,1.0,1,0.0,0.0,0.0,0.0,0.0,0.0,0.0
12,8,two_requirements,1.0,2,0.0,0.4892116772125114,0.4001011126466244,0.0,0.4892116772125114,0.08911056456588701,0.08911056456588701
12,8,two_requirements,1.0,3,0.0,0.537527077232301,0.537527077232301,0.0,0.537527077232301,0.0,0.0
12,8,two_requirements,1.0,4,0.5375270772323011,0.5375270772323011,0.5375270772323011,0.0,0.5375270772323011,0.0,0.0
12,9,single_requirement,0.5,1,0.3141817083264787,0.40196453794591086,0.40196453794591086,0.0,0.40196453794591086,0.0,0.0
12,9,single_requirement,0.5,2,0.31418170832647874,0.5727545704618184,0.5727545704618184,0.0,0.5727545704618184,0.0,0.0
12,9,single_requirement,0.5,3,0.3141817083264788,0.5727545704618185,0.5727545704618184,0.0,0.5727545704618184,1.1102230246251565e-16,0.0
12,9,single_requirement,0.5,4,0.5727545704618185,0.5727545704618185,0.5727545704618185,0.0,0.5727545704618185,0.0,0.0
12,9,single_requirement,0.8,1,0.5026907333223664,0.6431432607134571,0.6431432607134571,0.0,0.6431432607134571,0.0,0.0
12,9,single_requirement,0.8,2,0.5026907333223662,0.7787513039607615,0.7787513039607615,0.0,0.7787513039607615,0.0,0.0
12,9,single_requirement,0.8,3,0.502690733322366,0.7787513039607615,0.7787513039607615,0.0,0.7787513039607615,0.0,0.0
12,9,single_requirement,0.8,4,0.7787513039607614,0.7787513039607615,0.7787513039607614,0.0,0.7787513039607614,1.1102230246251565e-16,0.0
12,9,single_requirement,1.0,1,0.6283634166529574,0.8039290758918217,0.8039290758918217,0.0,0.8039290758918217,0.0,0.0
12,9,single_requirement,1.0,2,0.6283634166529575,0.8587257893024949,0.8587257893024949,0.0,0.8587257893024949,0.0,0.0
12,9,single_requirement,1.0,3,0.6283634166529577,0.8587257893024952,0.8587257893024952,0.0,0.8587257893024952,0.0,0.0
12,9,single_requirement,1.0,4,0.858725789302495,0.8587257893024952,0.858725789302495,0.0,0.858725789302495,2.220446049250313e-16,0.0
12,9,three_requirements,0.5,1,0.0,0.0,0.0,0.0,0.0,0.0,0.0
12,9,three_requirements,0.5,2,0.0,0.0,0.0,0.0,0.0,0.0,0.0
12,9,three_requirements,0.5,3,0.03854043994926199,0.06039262188110929,0.03854043994926199,0.0,0.06039262188110929,0.0218521819318473,0.0218521819318473
12,9,three_requirements,0.5,4,0.08134331002642899,0.08134331002642899,0.08134331002642899,0.0,0.08134331002642899,0.0,0.0
12,9,three_requirements,0.8,1,0.0,0.0,0.0,0.0,0.0,0.0,0.0
12,9,three_requirements,0.8,2,0.0,0.0,0.0,0.0,0.0,0.0,0.0
12,9,three_requirements,0.8,3,0.15786164203217712,0.2473681792250238,0.15786164203217712,0.0,0.2473681792250238,0.08950653719284668,0.08950653719284668
12,9,three_requirements,0.8,4,0.28995362383488454,0.28995362383488454,0.28995362383488454,0.0,0.28995362383488454,0.0,0.0
12,9,three_requirements,1.0,1,0.0,0.0,0.0,0.0,0.0,0.0,0.0
12,9,three_requirements,1.0,2,0.0,0.0,0.0,0.0,0.0,0.0,0.0
12,9,three_requirements,1.0,3,0.30832351959409593,0.4831409750488743,0.30832351959409593,0.0,0.4831409750488743,0.1748174554547784,0.1748174554547784
12,9,three_requirements,1.0,4,0.5100284657798934,0.5100284657798934,0.5100284657798934,0.0,0.5100284657798934,0.0,0.0
12,9,two_requirements,0.5,1,0.0,0.0,0.0,0.0,0.0,0.0,0.0
12,9,two_requirements,0.5,2,0.09474114701461062,0.14137477387187686,0.10764903143644332,0.0,0.14137477387187686,0.03372574243543354,0.03372574243543354
12,9,two_requirements,0.5,3,0.25337555402119427,0.25337555402119427,0.25337555402119427,0.0,0.25337555402119427,0.0,0.0
12,9,two_requirements,0.5,4,0.2533755540211944,0.2533755540211944,0.2533755540211944,0.0,0.2533755540211944,0.0,0.0
12,9,two_requirements,0.8,1,0.0,0.0,0.0,0.0,0.0,0.0,0.0
12,9,two_requirements,0.8,2,0.24253733635740343,0.36191942111200487,0.27558152047729484,0.0,0.36191942111200487,0.08633790063471003,0.08633790063471003
12,9,two_requirements,0.8,3,0.5098033025027904,0.5098033025027904,0.5098033025027904,0.0,0.5098033025027904,0.0,0.0
12,9,two_requirements,0.8,4,0.5098033025027904,0.5098033025027904,0.5098033025027904,0.0,0.5098033025027904,0.0,0.0
12,9,two_requirements,1.0,1,0.0,0.0,0.0,0.0,0.0,0.0,0.0
12,9,two_requirements,1.0,2,0.37896458805844246,0.5654990954875074,0.4305961257457733,0.0,0.5654990954875074,0.13490296974173416,0.13490296974173416
12,9,two_requirements,1.0,3,0.6519446228778315,0.6519446228778315,0.6519446228778315,0.0,0.6519446228778315,0.0,0.0
12,9,two_requirements,1.0,4,0.6519446228778314,0.6519446228778315,0.6519446228778314,0.0,0.6519446228778314,1.1102230246251565e-16,0.0
13,0,single_requirement,0.5,1,0.2078297764632103,0.39726934213826665,0.39726934213826665,0.0,0.39726934213826665,0.0,0.0
13,0,single_requirement,0.5,2,0.20782977646321027,0.5077226549141026,0.5077226549141026,0.0,0.5077226549141026,0.0,0.0
13,0,single_requirement,0.5,3,0.20782977646321027,0.5077226549141026,0.5077226549141026,0.0,0.5077226549141026,0.0,0.0
13,0,single_requirement,0.5,4,0.5077226549141026,0.5077226549141026,0.5077226549141026,0.0,0.5077226549141026,0.0,0.0
13,0,single_requirement,0.8,1,0.3325276423411366,0.6356309474212265,0.6356309474212265,0.0,0.6356309474212265,0.0,0.0
13,0,single_requirement,0.8,2,0.33252764234113646,0.7188748427226852,0.7188748427226852,0.0,0.7188748427226852,0.0,0.0
13,0,single_requirement,0.8,3,0.3325276423411365,0.7188748427226852,0.718874842722685,0.0,0.718874842722685,2.220446049250313e-16,0.0
13,0,single_requirement,0.8,4,0.718874842722685,0.7188748427226852,0.718874842722685,0.0,0.718874842722685,2.220446049250313e-16,0.0
13,0,single_requirement,1.0,1,0.4156595529264206,0.7945386842765333,0.7945386842765333,0.0,0.7945386842765333,0.0,0.0
13,0,single_requirement,1.0,2,0.41565955292642054,0.8206923824534569,0.8206923824534569,0.0,0.8206923824534569,0.0,0.0
13,0,single_requirement,1.0,3,0.41565955292642054,0.8206923824534569,0.8206923824534568,0.0,0.8206923824534568,1.1102230246251565e-16,0.0
13,0,single_requirement,1.0,4,0.8206923824534568,0.8206923824534569,0.8206923824534568,0.0,0.8206923824534568,1.1102230246251565e-16,0.0
13,0,three_requirements,0.5,1,0.0,0.0,0.0,0.0,0.0,0.0,0.0
13,0,three_requirements,0.5,2,0.0,0.0,0.0,0.0,0.0,0.0,0.0
13,0,three_requirements,0.5,3,0.0,0.060510266979456384,0.0,0.0,0.0,0.060510266979456384,0.0
13,0,three_requirements,0.5,4,0.060510266979456384,0.060510266979456384,0.060510266979456384,0.0,0.060510266979456384,0.0,0.0
13,0,three_requirements,0.8,1,0.0,0.0,0.0,0.0,0.0,0.0,0.0
13,0,three_requirements,0.8,2,0.0,0.0,0.0,0.0,0.0,0.0,0.0
13,0,three_requirements,0.8,3,0.0,0.24785005354785358,0.0,0.0,0.0,0.24785005354785358,0.0
13,0,three_requirements,0.8,4,0.24785005354785344,0.24785005354785358,0.24785005354785344,0.0,0.24785005354785344,1.3877787807814457e-16,0.0
13,0,three_requirements,1.0,1,0.0,0.0,0.0,0.0,0.0,0.0,0.0
13,0,three_requirements,1.0,2,0.0,0.0,0.0,0.0,0.0,0.0,0.0
13,0,three_requirements,1.0,3,0.0,0.4840821358356511,0.0,0.0,0.0,0.4840821358356511,0.0
13,0,three_requirements,1.0,4,0.4840821358356511,0.4840821358356511,0.4840821358356511,0.0,0.4840821358356511,0.0,0.0
13,0,two_requirements,0.5,1,0.0,0.0,0.0,0.0,0.0,0.0,0.0
13,0,two_requirements,0.5,2,0.06735116053206525,0.1197876042195935,0.06915058668278558,0.0,0.1197876042195935,0.050637017536807924,0.050637017536807924
13,0,two_requirements,0.5,3,0.1570211859799181,0.1570211859799181,0.10607312811733408,0.0,0.1570211859799181,0.05094805786258402,0.05094805786258402
13,0,two_requirements,0.5,4,0.19574315356518696,0.19574315356518696,0.19574315356518696,0.0,0.19574315356518696,0.0,0.0
13,0,two_requirements,0.8,1,0.0,0.0,0.0,0.0,0.0,0.0,0.0
13,0,two_requirements,0.8,2,0.17241897096208708,0.3066562668021594,0.17702550190793123,0.0,0.3066562668021594,0.12963076489422817,0.12963076489422817
13,0,two_requirements,0.8,3,0.35571363511519694,0.35571363511519694,0.2248088490465895,0.0,0.35571363511519694,0.13090478606860745,0.13090478606860745
13,0,two_requirements,0.8,4,0.4081035131996994,0.4081035131996994,0.4081035131996994,0.0,0.4081035131996994,0.0,0.0
13,0,two_requirements,1.0,1,0.0,0.0,0.0,0.0,0.0,0.0,0.0
13,0,two_requirements,1.0,2,0.269404642128261,0.479150416878374,0.2766023467311423,0.0,0.479150416878374,0.2025480701472317,0.2025480701472317
13,0,two_requirements,1.0,3,0.5076144288327102,0.5076144288327102,0.30257803607926914,0.0,0.5076144288327102,0.2050363927534411,0.2050363927534411
13,0,two_requirements,1.0,4,0.5407878227837183,0.5407878227837183,0.5407878227837183,0.0,0.5407878227837183,0.0,0.0
13,1,single_requirement,0.5,1,0.14534633409637976,0.3390105267723029,0.3390105267723029,0.0,0.3390105267723029,0.0,0.0
13,1,single_requirement,0.5,2,0.37502748650507345,0.5059899411012508,0.5059899411012508,0.0,0.5059899411012508,0.0,0.0
13,1,single_requirement,0.5,3,0.5534254890986883,0.5534254890986883,0.5534254890986883,0.0,0.5534254890986883,0.0,0.0
13,1,single_requirement,0.5,4,0.5534254890986882,0.5534254890986883,0.5534254890986882,0.0,0.5534254890986882,1.1102230246251565e-16,0.0
13,1,single_requirement,0.8,1,0.23255413455420754,0.5424168428356848,0.5424168428356848,0.0,0.5424168428356848,0.0,0.0
13,1,single_requirement,0.8,2,0.5401610182954013,0.6895072770927297,0.6895072770927297,0.0,0.6895072770927297,0.0,0.0
13,1,single_requirement,0.8,3,0.7124433926638261,0.7124433926638261,0.7124433926638261,0.0,0.7124433926638261,0.0,0.0
13,1,single_requirement,0.8,4,0.7124433926638261,0.7124433926638261,0.7124433926638261,0.0,0.7124433926638261,0.0,0.0
13,1,single_requirement,1.0,1,0.2906926681927595,0.6780210535446058,0.6780210535446058,0.0,0.6780210535446058,0.0,0.0
13,1,single_requirement,1.0,2,0.6252988061086551,0.7618202391415185,0.7618202391415185,0.0,0.7618202391415185,0.0,0.0
13,1,single_requirement,1.0,3,0.7677280791629393,0.7677280791629393,0.7677280791629393,0.0,0.7677280791629393,0.0,0.0
13,1,single_requirement,1.0,4,0.7677280791629392,0.7677280791629393,0.7677280791629392,0.0,0.7677280791629392,1.1102230246251565e-16,0.0
13,1,three_requirements,0.5,1,0.0,0.0,0.0,0.0,0.0,0.0,0.0
13,1,three_requirements,0.5,2,0.0,0.0,0.0,0.0,0.0,0.0,0.0
13,1,three_requirements,0.5,3,0.0,0.04814967068125932,0.030188985820568143,0.0,0.030188985820568143,0.017960684860691176,0.0
13,1,three_requirements,0.5,4,0.0654096595895692,0.0654096595895692,0.0654096595895692,0.0,0.0654096595895692,0.0,0.0
13,1,three_requirements,0.8,1,0.0,0.0,0.0,0.0,0.0,0.0,0.0
13,1,three_requirements,0.8,2,0.0,0.0,0.0,0.0,0.0,0.0,0.0
13,1,three_requirements,0.8,3,0.0,0.19722105111043814,0.12365408592104721,0.0,0.12365408592104721,0.07356696518939093,0.0
13,1,three_requirements,0.8,4,0.23614366286730962,0.23614366286730962,0.23614366286730962,0.0,0.23614366286730962,0.0,0.0
13,1,three_requirements,1.0,1,0.0,0.0,0.0,0.0,0.0,0.0,0.0
13,1,three_requirements,1.0,2,0.0,0.0,0.0,0.0,0.0,0.0,0.0
13,1,three_requirements,1.0,3,0.0,0.38519736545007455,0.24151188656454514,0.0,0.24151188656454514,0.1436854788855294,0.0
13,1,three_requirements,1.0,4,0.41984530141848736,0.41984530141848736,0.41984530141848736,0.0,0.41984530141848736,0.0,0.0
13,1,two_requirements,0.5,1,0.0,0.0,0.0,0.0,0.0,0.0,0.0
13,1,two_requirements,0.5,2,0.08022807715487856,0.15252903671647278,0.08022807715487856,0.0,0.15252903671647278,0.07230095956159421,0.07230095956159421
13,1,two_requirements,0.5,3,0.08022807715487859,0.21677556611150356,0.21677556611150356,0.0,0.21677556611150356,0.0,0.0
13,1,two_requirements,0.5,4,0.2167755661115035,0.21677556611150356,0.2167755661115035,0.0,0.2167755661115035,5.551115123125783e-17,0.0
13,1,two_requirements,0.8,1,0.0,0.0,0.0,0.0,0.0,0.0,0.0
13,1,two_requirements,0.8,2,0.20538387751648912,0.3904743339941704,0.20538387751648912,0.0,0.3904743339941704,0.1850904564776813,0.1850904564776813
13,1,two_requirements,0.8,3,0.20538387751648918,0.4768195352586821,0.4768195352586821,0.0,0.4768195352586821,0.0,0.0
13,1,two_requirements,0.8,4,0.4768195352586822,0.4768195352586822,0.4768195352586822,0.0,0.4768195352586822,0.0,0.0
13,1,two_requirements,1.0,1,0.0,0.0,0.0,0.0,0.0,0.0,0.0
13,1,two_requirements,1.0,2,0.32091230861951425,0.6101161468658911,0.32091230861951425,0.0,0.6101161468658911,0.28920383824637685,0.28920383824637685
13,1,two_requirements,1.0,3,0.3209123086195143,0.6636493634388083,0.6636493634388083,0.0,0.6636493634388083,0.0,0.0
13,1,two_requirements,1.0,4,0.6636493634388083,0.6636493634388083,0.6636493634388083,0.0,0.6636493634388083,0.0,0.0
13,2,single_requirement,0.5,1,0.2119979497958672,0.3985445924143634,0.3985445924143634,0.0,0.3985445924143634,0.0,0.0
13,2,single_requirement,0.5,2,0.4380440104206872,0.5698866166804075,0.5698866166804075,0.0,0.5698866166804075,0.0,0.0
13,2,single_requirement,0.5,3,0.43804401042068714,0.640433368850457,0.640433368850457,0.0,0.640433368850457,0.0,0.0
13,2,single_requirement,0.5,4,0.640433368850457,0.640433368850457,0.640433368850457,0.0,0.640433368850457,0.0,0.0
13,2,single_requirement,0.8,1,0.3391967196733875,0.6376713478629816,0.6376713478629816,0.0,0.6376713478629816,0.0,0.0
13,2,single_requirement,0.8,2,0.6199975087566222,0.7784298038677501,0.7784298038677501,0.0,0.7784298038677501,0.0,0.0
13,2,single_requirement,0.8,3,0.6199975087566225,0.8134550205414489,0.8134550205414489,0.0,0.8134550205414489,0.0,0.0
13,2,single_requirement,0.8,4,0.8134550205414489,0.8134550205414489,0.8134550205414489,0.0,0.8134550205414489,0.0,0.0
13,2,single_requirement,1.0,1,0.4239958995917344,0.7970891848287268,0.7970891848287268,0.0,0.7970891848287268,0.0,0.0
13,2,single_requirement,1.0,2,0.7076027960153801,0.8618799358172688,0.8618799358172688,0.0,0.8618799358172688,0.0,0.0
13,2,single_requirement,1.0,3,0.7076027960153803,0.8709657400161623,0.8709657400161623,0.0,0.8709657400161623,0.0,0.0
13,2,single_requirement,1.0,4,0.8709657400161621,0.8709657400161623,0.8709657400161621,0.0,0.8709657400161621,2.220446049250313e-16,0.0
13,2,three_requirements,0.5,1,0.0,0.0,0.0,0.0,0.0,0.0,0.0
13,2,three_requirements,0.5,2,0.0,0.0,0.0,0.0,0.0,0.0,0.0
13,2,three_requirements,0.5,3,0.019290926178633712,0.0240971764556739,0.019290926178633712,0.0,0.0240971764556739,0.004806250277040187,0.004806250277040187
13,2,three_requirements,0.5,4,0.03474966437620805,0.03474966437620805,0.03474966437620805,0.0,0.03474966437620805,0.0,0.0
13,2,three_requirements,0.8,1,0.0,0.0,0.0,0.0,0.0,0.0,0.0
13,2,three_requirements,0.8,2,0.0,0.0,0.0,0.0,0.0,0.0,0.0
13,2,three_requirements,0.8,3,0.07901563362768377,0.09870203476244038,0.07901563362768377,0.0,0.09870203476244038,0.019686401134756615,0.019686401134756615
13,2,three_requirements,0.8,4,0.1211047994218428,0.1211047994218428,0.1211047994218428,0.0,0.1211047994218428,0.0,0.0
13,2,three_requirements,1.0,1,0.0,0.0,0.0,0.0,0.0,0.0,0.0
13,2,three_requirements,1.0,2,0.0,0.0,0.0,0.0,0.0,0.0,0.0
13,2,three_requirements,1.0,3,0.1543274094290697,0.1927774116453912,0.1543274094290697,0.0,0.1927774116453912,0.0384500022163215,0.0384500022163215
13,2,three_requirements,1.0,4,0.2088898089448682,0.2088898089448682,0.2088898089448682,0.0,0.2088898089448682,0.0,0.0
13,2,two_requirements,0.5,1,0.0,0.0,0.0,0.0,0.0,0.0,0.0
13,2,two_requirements,0.5,2,0.0,0.13274756367385057,0.06620637168841423,0.0,0.13274756367385057,0.06654119198543634,0.06654119198543634
13,2,two_requirements,0.5,3,0.11194259566710338,0.17253093330013122,0.16930685419948455,0.0,0.17253093330013122,0.0032240791006466762,0.0032240791006466762
13,2,two_requirements,0.5,4,0.1945624883226118,0.1945624883226118,0.1945624883226118,0.0,0.1945624883226118,0.0,0.0
13,2,two_requirements,0.8,1,0.0,0.0,0.0,0.0,0.0,0.0,0.0
13,2,two_requirements,0.8,2,0.0,0.3398337630050575,0.1694883115223405,0.0,0.3398337630050575,0.17034545148271701,0.17034545148271701
13,2,two_requirements,0.8,3,0.2461628291961943,0.392125389251446,0.38788763008465016,0.0,0.392125389251446,0.0042377591667958625,0.0042377591667958625
13,2,two_requirements,0.8,4,0.40962663407611755,0.40962663407611755,0.40962663407611755,0.0,0.40962663407611755,0.0,0.0
13,2,two_requirements,1.0,1,0.0,0.0,0.0,0.0,0.0,0.0,0.0
13,2,two_requirements,1.0,2,0.0,0.5309902546954023,0.2648254867536569,0.0,0.5309902546954023,0.2661647679417454,0.2661647679417454
13,2,two_requirements,1.0,3,0.3425354459194802,0.5610773790419576,0.5586390921468173,0.0,0.5610773790419576,0.0024382868951403625,0.0024382868951403625
13,2,two_requirements,1.0,4,0.5667523219407855,0.5667523219407855,0.5667523219407855,0.0,0.5667523219407855,0.0,0.0
13,3,single_requirement,0.5,1,0.0,0.4098233906992667,0.4098233906992667,0.0,0.4098233906992667,0.0,0.0
13,3,single_requirement,0.5,2,0.3749183425345905,0.6142245498585391,0.6142245498585391,0.0,0.6142245498585391,0.0,0.0
13,3,single_requirement,0.5,3,0.5305947459107911,0.6990975307021108,0.6990975307021108,0.0,0.6990975307021108,0.0,0.0
13,3,single_requirement,0.5,4,0.6990975307021108,0.6990975307021108,0.6990975307021108,0.0,0.6990975307021108,0.0,0.0
13,3,single_requirement,0.8,1,0.0,0.655717425118827,0.655717425118827,0.0,0.655717425118827,0.0,0.0
13,3,single_requirement,0.8,2,0.5998693480553449,0.8190627837333576,0.8190627837333576,0.0,0.8190627837333576,0.0,0.0
13,3,single_requirement,0.8,3,0.7363309171353485,0.8562214817244043,0.8562214817244043,0.0,0.8562214817244043,0.0,0.0
13,3,single_requirement,0.8,4,0.8562214817244045,0.8562214817244045,0.8562214817244045,0.0,0.8562214817244045,0.0,0.0
13,3,single_requirement,1.0,1,0.0,0.8196467813985334,0.8196467813985334,0.0,0.8196467813985334,0.0,0.0
13,3,single_requirement,1.0,2,0.7498366850691811,0.8874147329664424,0.8874147329664424,0.0,0.8874147329664424,0.0,0.0
13,3,single_requirement,1.0,3,0.8265630828175874,0.8943490306743684,0.8943490306743684,0.0,0.8943490306743684,0.0,0.0
13,3,single_requirement,1.0,4,0.8943490306743683,0.8943490306743684,0.8943490306743683,0.0,0.8943490306743683,1.1102230246251565e-16,0.0
13,3,three_requirements,0.5,1,0.0,0.0,0.0,0.0,0.0,0.0,0.0
13,3,three_requirements,0.5,2,0.0,0.0,0.0,0.0,0.0,0.0,0.0
13,3,three_requirements,0.5,3,0.028582566154372012,0.028582566154372012,0.028582566154372012,0.0,0.028582566154372012,0.0,0.0
13,3,three_requirements,0.5,4,0.05097467391002082,0.05097467391002082,0.05097467391002082,0.0,0.05097467391002082,0.0,0.0
13,3,three_requirements,0.8,1,0.0,0.0,0.0,0.0,0.0,0.0,0.0
13,3,three_requirements,0.8,2,0.0,0.0,0.0,0.0,0.0,0.0,0.0
13,3,three_requirements,0.8,3,0.11707419096830787,0.11707419096830787,0.11707419096830787,0.0,0.11707419096830787,0.0,0.0
13,3,three_requirements,0.8,4,0.1661091770514434,0.1661091770514434,0.1661091770514434,0.0,0.1661091770514434,0.0,0.0
13,3,three_requirements,1.0,1,0.0,0.0,0.0,0.0,0.0,0.0,0.0
13,3,three_requirements,1.0,2,0.0,0.0,0.0,0.0,0.0,0.0,0.0
13,3,three_requirements,1.0,3,0.2286605292349761,0.2286605292349761,0.2286605292349761,0.0,0.2286605292349761,0.0,0.0
13,3,three_requirements,1.0,4,0.2688550498608888,0.2688550498608888,0.2688550498608888,0.0,0.2688550498608888,0.0,0.0
13,3,two_requirements,0.5,1,0.0,0.0,0.0,0.0,0.0,0.0,0.0
13,3,two_requirements,0.5,2,0.0,0.14259919133863527,0.1032051060297052,0.0,0.14259919133863527,0.03939408530893007,0.03939408530893007
13,3,two_requirements,0.5,3,0.1425991913386353,0.21806259073624917,0.18973788613849052,0.0,0.21806259073624917,0.028324704597758654,0.028324704597758654
13,3,two_requirements,0.5,4,0.27547005708126804,0.27547005708126804,0.27547005708126804,0.0,0.27547005708126804,0.0,0.0
13,3,two_requirements,0.8,1,0.0,0.0,0.0,0.0,0.0,0.0,0.0
13,3,two_requirements,0.8,2,0.0,0.36505392982690643,0.2642050714360455,0.0,0.36505392982690643,0.10084885839086094,0.10084885839086094
13,3,two_requirements,0.8,3,0.36505392982690654,0.4708924889567603,0.4153838139588576,0.0,0.4708924889567603,0.055508674997902685,0.055508674997902685
13,3,two_requirements,0.8,4,0.5475104282443308,0.5475104282443308,0.5475104282443308,0.0,0.5475104282443308,0.0,0.0
13,3,two_requirements,1.0,1,0.0,0.0,0.0,0.0,0.0,0.0,0.0
13,3,two_requirements,1.0,2,0.0,0.5703967653545411,0.4128204241188208,0.0,0.5703967653545411,0.15757634123572029,0.15757634123572029
13,3,two_requirements,1.0,3,0.5703967653545412,0.6447822813615656,0.575760985815217,0.0,0.6447822813615656,0.06902129554634862,0.06902129554634862
13,3,two_requirements,1.0,4,0.6912215880028958,0.6912215880028958,0.6912215880028958,0.0,0.6912215880028958,0.0,0.0
13,4,single_requirement,0.5,1,0.22356728881909543,0.2866900419396142,0.2866900419396142,0.0,0.2866900419396142,0.0,0.0
13,4,single_requirement,0.5,2,0.4201868685669611,0.4201868685669611,0.4201868685669611,0.0,0.4201868685669611,0.0,0.0
13,4,single_requirement,0.5,3,0.42018686856696086,0.4201868685669611,0.42018686856696086,0.0,0.42018686856696086,2.220446049250313e-16,0.0
13,4,single_requirement,0.5,4,0.42018686856696097,0.4201868685669611,0.42018686856696097,0.0,0.42018686856696097,1.1102230246251565e-16,0.0
13,4,single_requirement,0.8,1,0.3577076621105526,0.45870406710338296,0.45870406710338296,0.0,0.45870406710338296,0.0,0.0
13,4,single_requirement,0.8,2,0.5858313460030588,0.5858313460030588,0.5858313460030588,0.0,0.5858313460030588,0.0,0.0
13,4,single_requirement,0.8,3,0.5858313460030586,0.5858313460030589,0.5858313460030586,0.0,0.5858313460030586,2.220446049250313e-16,0.0
13,4,single_requirement,0.8,4,0.5858313460030588,0.5858313460030589,0.5858313460030588,0.0,0.5858313460030588,1.1102230246251565e-16,0.0
13,4,single_requirement,1.0,1,0.44713457763819087,0.5733800838792285,0.5733800838792285,0.0,0.5733800838792285,0.0,0.0
13,4,single_requirement,1.0,2,0.6602328127504246,0.6602328127504246,0.6602328127504246,0.0,0.6602328127504246,0.0,0.0
13,4,single_requirement,1.0,3,0.6602328127504247,0.6602328127504247,0.6602328127504247,0.0,0.6602328127504247,0.0,0.0
13,4,single_requirement,1.0,4,0.6602328127504246,0.6602328127504247,0.6602328127504246,0.0,0.6602328127504246,1.1102230246251565e-16,0.0
13,4,three_requirements,0.5,1,0.0,0.0,0.0,0.0,0.0,0.0,0.0
13,4,three_requirements,0.5,2,0.0,0.0,0.0,0.0,0.0,0.0,0.0
13,4,three_requirements,0.5,3,0.0,0.04365672301668868,0.0,0.0,0.04365672301668868,0.04365672301668868,0.04365672301668868
13,4,three_requirements,0.5,4,0.06624428430883139,0.06624428430883139,0.06624428430883139,0.0,0.06624428430883139,0.0,0.0
13,4,three_requirements,0.8,1,0.0,0.0,0.0,0.0,0.0,0.0,0.0
13,4,three_requirements,0.8,2,0.0,0.0,0.0,0.0,0.0,0.0,0.0
13,4,three_requirements,0.8,3,0.0,0.17881793747635683,0.0,0.0,0.17881793747635683,0.17881793747635683,0.17881793747635683
13,4,three_requirements,0.8,4,0.2351707329681917,0.2351707329681917,0.2351707329681917,0.0,0.2351707329681917,0.0,0.0
13,4,three_requirements,1.0,1,0.0,0.0,0.0,0.0,0.0,0.0,0.0
13,4,three_requirements,1.0,2,0.0,0.0,0.0,0.0,0.0,0.0,0.0
13,4,three_requirements,1.0,3,0.0,0.34925378413350944,0.0,0.0,0.34925378413350944,0.34925378413350944,0.34925378413350944
13,4,three_requirements,1.0,4,0.41222688006706487,0.41222688006706487,0.41222688006706487,0.0,0.41222688006706487,0.0,0.0
13,4,two_requirements,0.5,1,0.0,0.0,0.0,0.0,0.0,0.0,0.0
13,4,two_requirements,0.5,2,0.0,0.18421187486052118,0.05828563977723279,0.0,0.18421187486052118,0.12592623508328837,0.12592623508328837
13,4,two_requirements,0.5,3,0.0,0.22250597422952895,0.21540822250460526,0.0,0.22250597422952895,0.00709775172492369,0.00709775172492369
13,4,two_requirements,0.5,4,0.24113398298182284,0.24113398298182284,0.24113398298182284,0.0,0.24113398298182284,0.0,0.0
13,4,two_requirements,0.8,1,0.0,0.0,0.0,0.0,0.0,0.0,0.0
13,4,two_requirements,0.8,2,0.0,0.4715823996429343,0.14921123782971604,0.0,0.4715823996429343,0.32237116181321823,0.32237116181321823
13,4,two_requirements,0.8,3,0.0,0.5185392819583202,0.5098358968952731,0.0,0.5185392819583202,0.008703385063047131,0.008703385063047131
13,4,two_requirements,0.8,4,0.5321343584109548,0.5321343584109548,0.5321343584109548,0.0,0.5321343584109548,0.0,0.0
13,4,two_requirements,1.0,1,0.0,0.0,0.0,0.0,0.0,0.0,0.0
13,4,two_requirements,1.0,2,0.0,0.7368474994420847,0.23314255910893117,0.0,0.7368474994420847,0.5037049403331535,0.5037049403331535
13,4,two_requirements,1.0,3,0.0,0.7570134488210486,0.7532757214858261,0.0,0.7570134488210486,0.003737727335222485,0.003737727335222485
13,4,two_requirements,1.0,4,0.7602045147469663,0.7602045147469663,0.7602045147469663,0.0,0.7602045147469663,0.0,0.0
13,5,single_requirement,0.5,1,0.2026667113045083,0.3791841617595368,0.3791841617595368,0.0,0.3791841617595368,0.0,0.0
13,5,single_requirement,0.5,2,0.20266671130450833,0.5628246352764658,0.5628246352764658,0.0,0.5628246352764658,0.0,0.0
13,5,single_requirement,0.5,3,0.49179724259406066,0.6249866191657649,0.6249866191657649,0.0,0.6249866191657649,0.0,0.0
13,5,single_requirement,0.5,4,0.6249866191657649,0.6249866191657649,0.6249866191657649,0.0,0.6249866191657649,0.0,0.0
13,5,single_requirement,0.8,1,0.3242667380872132,0.6066946588152589,0.6066946588152589,0.0,0.6066946588152589,0.0,0.0
13,5,single_requirement,0.8,2,0.32426673808721346,0.7595411964156865,0.7595411964156865,0.0,0.7595411964156865,0.0,0.0
13,5,single_requirement,0.8,3,0.700424102899312,0.7860847933840907,0.7860847933840907,0.0,0.7860847933840907,0.0,0.0
13,5,single_requirement,0.8,4,0.7860847933840909,0.7860847933840909,0.7860847933840909,0.0,0.7860847933840909,0.0,0.0
13,5,single_requirement,1.0,1,0.4053334226090166,0.7583683235190736,0.7583683235190736,0.0,0.7583683235190736,0.0,0.0
13,5,single_requirement,1.0,2,0.4053334226090166,0.8319446454973924,0.8319446454973924,0.0,0.8319446454973924,0.0,0.0
13,5,single_requirement,1.0,3,0.8034872242481526,0.8366366612167349,0.8366366612167349,0.0,0.8366366612167349,0.0,0.0
13,5,single_requirement,1.0,4,0.836636661216735,0.836636661216735,0.836636661216735,0.0,0.836636661216735,0.0,0.0
13,5,three_requirements,0.5,1,0.0,0.0,0.0,0.0,0.0,0.0,0.0
13,5,three_requirements,0.5,2,0.0,0.0,0.0,0.0,0.0,0.0,0.0
13,5,three_requirements,0.5,3,0.0,0.0,0.0,0.0,0.0,0.0,0.0
13,5,three_requirements,0.5,4,0.0,0.0,0.0,0.0,0.0,0.0,0.0
13,5,three_requirements,0.8,1,0.0,0.0,0.0,0.0,0.0,0.0,0.0
13,5,three_requirements,0.8,2,0.0,0.0,0.0,0.0,0.0,0.0,0.0
13,5,three_requirements,0.8,3,0.0,0.0,0.0,0.0,0.0,0.0,0.0
13,5,three_requirements,0.8,4,0.0,0.0,0.0,0.0,0.0,0.0,0.0
13,5,three_requirements,1.0,1,0.0,0.0,0.0,0.0,0.0,0.0,0.0
13,5,three_requirements,1.0,2,0.0,0.0,0.0,0.0,0.0,0.0,0.0
13,5,three_requirements,1.0,3,0.0,0.0,0.0,0.0,0.0,0.0,0.0
13,5,three_requirements,1.0,4,0.0,0.0,0.0,0.0,0.0,0.0,0.0
13,5,two_requirements,0.5,1,0.0,0.0,0.0,0.0,0.0,0.0,0.0
13,5,two_requirements,0.5,2,0.0,0.085401167115091,0.0662692161493991,0.0,0.085401167115091,0.01913195096569191,0.01913195096569191
13,5,two_requirements,0.5,3,0.1248398219860829,0.12543043755824984,0.1248398219860829,0.0,0.12543043755824984,0.0005906155721669415,0.0005906155721669415
13,5,two_requirements,0.5,4,0.16486909242924175,0.16486909242924175,0.16486909242924175,0.0,0.16486909242924175,0.0,0.0
13,5,two_requirements,0.8,1,0.0,0.0,0.0,0.0,0.0,0.0,0.0
13,5,two_requirements,0.8,2,0.0,0.218626987814633,0.1696491933424616,0.0,0.218626987814633,0.048977794472171404,0.048977794472171404
13,5,two_requirements,0.8,3,0.27837820216073883,0.27837820216073883,0.27837820216073883,0.0,0.27837820216073883,0.0,0.0
13,5,two_requirements,0.8,4,0.33168527786347224,0.33168527786347224,0.33168527786347224,0.0,0.33168527786347224,0.0,0.0
13,5,two_requirements,1.0,1,0.0,0.0,0.0,0.0,0.0,0.0,0.0
13,5,two_requirements,1.0,2,0.0,0.341604668460364,0.2650768645975964,0.0,0.341604668460364,0.07652780386276764,0.07652780386276764
13,5,two_requirements,1.0,3,0.39203704283070295,0.39203704283070295,0.39203704283070295,0.0,0.39203704283070295,0.0,0.0
13,5,two_requirements,1.0,4,0.42411283129148103,0.42411283129148103,0.42411283129148103,0.0,0.42411283129148103,0.0,0.0
13,6,single_requirement,0.5,1,0.23991028540068543,0.29138278646764987,0.29138278646764987,0.0,0.29138278646764987,0.0,0.0
13,6,single_requirement,0.5,2,0.38916327904156595,0.42765169801262304,0.42765169801262304,0.0,0.42765169801262304,0.0,0.0
13,6,single_requirement,0.5,3,0.3891632790415659,0.507990532970384,0.507990532970384,0.0,0.507990532970384,0.0,0.0
13,6,single_requirement,0.5,4,0.5079905329703839,0.507990532970384,0.5079905329703839,0.0,0.5079905329703839,1.1102230246251565e-16,0.0
13,6,single_requirement,0.8,1,0.3838564566410966,0.46621245834823977,0.46621245834823977,0.0,0.46621245834823977,0.0,0.0
13,6,single_requirement,0.8,2,0.530912719073923,0.5800294706155431,0.5800294706155431,0.0,0.5800294706155431,0.0,0.0
13,6,single_requirement,0.8,3,0.5309127190739231,0.6204732910589376,0.6204732910589376,0.0,0.6204732910589376,0.0,0.0
13,6,single_requirement,0.8,4,0.6204732910589374,0.6204732910589376,0.6204732910589374,0.0,0.6204732910589374,1.1102230246251565e-16,0.0
13,6,single_requirement,1.0,1,0.47982057080137086,0.5827655729352997,0.5827655729352997,0.0,0.5827655729352997,0.0,0.0
13,6,single_requirement,1.0,2,0.5871837926819181,0.6381924664322176,0.6381924664322176,0.0,0.6381924664322176,0.0,0.0
13,6,single_requirement,1.0,3,0.5871837926819179,0.6492331649832037,0.6492331649832037,0.0,0.6492331649832037,0.0,0.0
13,6,single_requirement,1.0,4,0.6492331649832036,0.6492331649832037,0.6492331649832036,0.0,0.6492331649832036,1.1102230246251565e-16,0.0
13,6,three_requirements,0.5,1,0.0,0.0,0.0,0.0,0.0,0.0,0.0
13,6,three_requirements,0.5,2,0.0,0.0,0.0,0.0,0.0,0.0,0.0
13,6,three_requirements,0.5,3,0.0,0.04005294368265367,0.02912938891296027,0.0,0.029439343772576343,0.010923554769693401,0.00030995485961607394
13,6,three_requirements,0.5,4,0.07454221079826158,0.07454221079826158,0.07454221079826158,0.0,0.07454221079826158,0.0,0.0
13,6,three_requirements,0.8,1,0.0,0.0,0.0,0.0,0.0,0.0,0.0
13,6,three_requirements,0.8,2,0.0,0.0,0.0,0.0,0.0,0.0,0.0
13,6,three_requirements,0.8,3,0.0,0.16405685732414954,0.11931397698748533,0.0,0.12058355209247262,0.04474288033666421,0.0012695751049872916
13,6,three_requirements,0.8,4,0.24614720084502273,0.24614720084502273,0.24614720084502273,0.0,0.24614720084502273,0.0,0.0
13,6,three_requirements,1.0,1,0.0,0.0,0.0,0.0,0.0,0.0,0.0
13,6,three_requirements,1.0,2,0.0,0.0,0.0,0.0,0.0,0.0,0.0
13,6,three_requirements,1.0,3,0.0,0.32042354946122936,0.23303511130368215,0.0,0.23551475018061074,0.08738843815754721,0.0024796388769285915
13,6,three_requirements,1.0,4,0.4037019618266631,0.4037019618266631,0.4037019618266631,0.0,0.4037019618266631,0.0,0.0
13,6,two_requirements,0.5,1,0.0,0.0,0.0,0.0,0.0,0.0,0.0
13,6,two_requirements,0.5,2,0.04639602228851453,0.12087629365252556,0.04885051804831911,0.0,0.12087629365252556,0.07202577560420645,0.07202577560420645
13,6,two_requirements,0.5,3,0.04639602228851454,0.18294392666523357,0.1758740401241835,0.0,0.18294392666523357,0.007069886541050063,0.007069886541050063
13,6,two_requirements,0.5,4,0.22570159529783546,0.22570159529783546,0.22570159529783546,0.0,0.22570159529783546,0.0,0.0
13,6,two_requirements,0.8,1,0.0,0.0,0.0,0.0,0.0,0.0,0.0
13,6,two_requirements,0.8,2,0.11877381705859735,0.3094433117504654,0.12505732620369697,0.0,0.3094433117504654,0.18438598554676844,0.18438598554676844
13,6,two_requirements,0.8,3,0.11877381705859744,0.4040356125607249,0.3884153953409999,0.0,0.4040356125607249,0.015620217219725008,0.015620217219725008
13,6,two_requirements,0.8,4,0.4531611028479595,0.4531611028479595,0.4531611028479595,0.0,0.4531611028479595,0.0,0.0
13,6,two_requirements,1.0,1,0.0,0.0,0.0,0.0,0.0,0.0,0.0
13,6,two_requirements,1.0,2,0.1855840891540581,0.48350517461010223,0.19540207219327643,0.0,0.48350517461010223,0.2881031024168258,0.2881031024168258
13,6,two_requirements,1.0,3,0.18558408915405816,0.5643256032695978,0.5425009850360311,0.0,0.5643256032695978,0.02182461823356674,0.02182461823356674
13,6,two_requirements,1.0,4,0.5914449495946464,0.5914449495946464,0.5914449495946464,0.0,0.5914449495946464,0.0,0.0
13,7,single_requirement,0.5,1,0.0,0.38710429623525705,0.38710429623525705,0.0,0.38710429623525705,0.0,0.0
13,7,single_requirement,0.5,2,0.0,0.5741648037827388,0.5741648037827388,0.0,0.5741648037827388,0.0,0.0
13,7,single_requirement,0.5,3,0.3490124897750678,0.5741648037827388,0.5741648037827387,0.0,0.5741648037827387,1.1102230246251565e-16,0.0
13,7,single_requirement,0.5,4,0.5741648037827388,0.5741648037827388,0.5741648037827388,0.0,0.5741648037827388,0.0,0.0
13,7,single_requirement,0.8,1,0.0,0.6193668739764112,0.6193668739764112,0.0,0.6193668739764112,0.0,0.0
13,7,single_requirement,0.8,2,0.0,0.7631897831138992,0.7631897831138992,0.0,0.7631897831138992,0.0,0.0
13,7,single_requirement,0.8,3,0.5584199836401086,0.7631897831138994,0.7631897831138993,0.0,0.7631897831138993,1.1102230246251565e-16,0.0
13,7,single_requirement,0.8,4,0.7631897831138996,0.7631897831138996,0.7631897831138996,0.0,0.7631897831138996,0.0,0.0
13,7,single_requirement,1.0,1,0.0,0.7742085924705141,0.7742085924705141,0.0,0.7742085924705141,0.0,0.0
13,7,single_requirement,1.0,2,0.0,0.8244256431103054,0.8244256431103054,0.0,0.8244256431103054,0.0,0.0
13,7,single_requirement,1.0,3,0.6980249795501356,0.8244256431103054,0.8244256431103054,0.0,0.8244256431103054,0.0,0.0
13,7,single_requirement,1.0,4,0.8244256431103054,0.8244256431103054,0.8244256431103054,0.0,0.8244256431103054,0.0,0.0
13,7,three_requirements,0.5,1,0.0,0.0,0.0,0.0,0.0,0.0,0.0
13,7,three_requirements,0.5,2,0.0,0.0,0.0,0.0,0.0,0.0,0.0
13,7,three_requirements,0.5,3,0.0,0.0,0.0,0.0,0.0,0.0,0.0
13,7,three_requirements,0.5,4,0.0,0.0,0.0,0.0,0.0,0.0,0.0
13,7,three_requirements,0.8,1,0.0,0.0,0.0,0.0,0.0,0.0,0.0
13,7,three_requirements,0.8,2,0.0,0.0,0.0,0.0,0.0,0.0,0.0
13,7,three_requirements,0.8,3,0.0,0.0,0.0,0.0,0.0,0.0,0.0
13,7,three_requirements,0.8,4,0.0,0.0,0.0,0.0,0.0,0.0,0.0
13,7,three_requirements,1.0,1,0.0,0.0,0.0,0.0,0.0,0.0,0.0
13,7,three_requirements,1.0,2,0.0,0.0,0.0,0.0,0.0,0.0,0.0
13,7,three_requirements,1.0,3,0.0,0.0,0.0,0.0,0.0,0.0,0.0
13,7,three_requirements,1.0,4,0.0,0.0,0.0,0.0,0.0,0.0,0.0
13,7,two_requirements,0.5,1,0.0,0.0,0.0,0.0,0.0,0.0,0.0
13,7,two_requirements,0.5,2,0.052851249031557954,0.10849591947902607,0.07224706609005845,0.0,0.10849591947902607,0.03624885338896762,0.03624885338896762
13,7,two_requirements,0.5,3,0.15775690042828938,0.15775690042828938,0.15775690042828938,0.0,0.15446840796347622,0.0,-0.003288492464813164
13,7,two_requirements,0.5,4,0.2067618386120989,0.2067618386120989,0.2067618386120989,0.0,0.2067618386120989,0.0,0.0
13,7,two_requirements,0.8,1,0.0,0.0,0.0,0.0,0.0,0.0,0.0
13,7,two_requirements,0.8,2,0.13529919752078834,0.2777495538663066,0.18495248919054952,0.0,0.2777495538663066,0.0927970646757571,0.0927970646757571
13,7,two_requirements,0.8,3,0.32227202114438463,0.3343036357155288,0.3253846776564828,0.0,0.3343036357155288,0.008918958059045967,0.008918958059045967
13,7,two_requirements,0.8,4,0.3903486811081372,0.3903486811081372,0.3903486811081372,0.0,0.3903486811081372,0.0,0.0
13,7,two_requirements,1.0,1,0.0,0.0,0.0,0.0,0.0,0.0,0.0
13,7,two_requirements,1.0,2,0.21140499612623181,0.43398367791610426,0.2889882643602338,0.0,0.43398367791610426,0.14499541355587048,0.14499541355587048
13,7,two_requirements,1.0,3,0.4185649872547302,0.4586666301065858,0.4547739629787334,0.0,0.4586666301065858,0.0038926671278524116,0.0038926671278524116
13,7,two_requirements,1.0,4,0.487304947239612,0.487304947239612,0.487304947239612,0.0,0.487304947239612,0.0,0.0
13,8,single_requirement,0.5,1,0.1613563017231611,0.37524520125494704,0.37524520125494704,0.0,0.37524520125494704,0.0,0.0
13,8,single_requirement,0.5,2,0.46574068289317383,0.5614929311370517,0.5614929311370517,0.0,0.5614929311370517,0.0,0.0
13,8,single_requirement,0.5,3,0.4657406828931738,0.6106112742154858,0.6106112742154858,0.0,0.6106112742154858,0.0,0.0
13,8,single_requirement,0.5,4,0.6106112742154859,0.6106112742154859,0.6106112742154859,0.0,0.6106112742154859,0.0,0.0
13,8,single_requirement,0.8,1,0.25817008275705794,0.6003923220079151,0.6003923220079151,0.0,0.6003923220079151,0.0,0.0
13,8,single_requirement,0.8,2,0.6771587053475411,0.7583843495593239,0.7583843495593239,0.0,0.7583843495593239,0.0,0.0
13,8,single_requirement,0.8,3,0.677158705347541,0.7789910533626647,0.7789910533626647,0.0,0.7789910533626647,0.0,0.0
13,8,single_requirement,0.8,4,0.7789910533626648,0.7789910533626648,0.7789910533626648,0.0,0.7789910533626648,0.0,0.0
13,8,single_requirement,1.0,1,0.3227126034463222,0.7504904025098941,0.7504904025098941,0.0,0.7504904025098941,0.0,0.0
13,8,single_requirement,1.0,2,0.7897597256164788,0.8313101533991891,0.8313101533991891,0.0,0.8313101533991891,0.0,0.0
13,8,single_requirement,1.0,3,0.7897597256164788,0.8346693472061457,0.8346693472061457,0.0,0.8346693472061457,0.0,0.0
13,8,single_requirement,1.0,4,0.8346693472061458,0.8346693472061458,0.8346693472061458,0.0,0.8346693472061458,0.0,0.0
13,8,three_requirements,0.5,1,0.0,0.0,0.0,0.0,0.0,0.0,0.0
13,8,three_requirements,0.5,2,0.0,0.0,0.0,0.0,0.0,0.0,0.0
13,8,three_requirements,0.5,3,0.03994638166825687,0.03994638166825687,0.03994638166825687,0.0,0.03994638166825687,0.0,0.0
13,8,three_requirements,0.5,4,0.05365743101836194,0.05365743101836194,0.05365743101836194,0.0,0.05365743101836194,0.0,0.0
13,8,three_requirements,0.8,1,0.0,0.0,0.0,0.0,0.0,0.0,0.0
13,8,three_requirements,0.8,2,0.0,0.0,0.0,0.0,0.0,0.0,0.0
13,8,three_requirements,0.8,3,0.1636203793131802,0.1636203793131802,0.1636203793131802,0.0,0.1636203793131802,0.0,0.0
13,8,three_requirements,0.8,4,0.19339559004682227,0.19339559004682227,0.19339559004682227,0.0,0.19339559004682227,0.0,0.0
13,8,three_requirements,1.0,1,0.0,0.0,0.0,0.0,0.0,0.0,0.0
13,8,three_requirements,1.0,2,0.0,0.0,0.0,0.0,0.0,0.0,0.0
13,8,three_requirements,1.0,3,0.31957105334605496,0.31957105334605496,0.31957105334605496,0.0,0.31957105334605496,0.0,0.0
13,8,three_requirements,1.0,4,0.3433699709190696,0.3433699709190696,0.3433699709190696,0.0,0.3433699709190696,0.0,0.0
13,8,two_requirements,0.5,1,0.0,0.0,0.0,0.0,0.0,0.0,0.0
13,8,two_requirements,0.5,2,0.0,0.14155592538451428,0.07845122431473527,0.0,0.14155592538451428,0.06310470106977902,0.06310470106977902
13,8,two_requirements,0.5,3,0.12959783311747894,0.276617145655235,0.1855547110139166,0.0,0.276617145655235,0.09106243464131838,0.09106243464131838
13,8,two_requirements,0.5,4,0.3004798677230539,0.3004798677230539,0.3004798677230539,0.0,0.3004798677230539,0.0,0.0
13,8,two_requirements,0.8,1,0.0,0.0,0.0,0.0,0.0,0.0,0.0
13,8,two_requirements,0.8,2,0.0,0.3623831689843566,0.20083513424572236,0.0,0.3623831689843566,0.16154803473863422,0.16154803473863422
13,8,two_requirements,0.8,3,0.3317704527807461,0.5392826933457318,0.4221011143749552,0.0,0.5392826933457318,0.11718157897077658,0.11718157897077658
13,8,two_requirements,0.8,4,0.5552727284515084,0.5552727284515084,0.5552727284515084,0.0,0.5552727284515084,0.0,0.0
13,8,two_requirements,1.0,1,0.0,0.0,0.0,0.0,0.0,0.0,0.0
13,8,two_requirements,1.0,2,0.0,0.5662237015380571,0.31380489725894106,0.0,0.5662237015380571,0.25241880427911606,0.25241880427911606
13,8,two_requirements,1.0,3,0.5183913324699156,0.6667362921738832,0.6044090893143348,0.0,0.6667362921738832,0.0623272028595484,0.0623272028595484
13,8,two_requirements,1.0,4,0.6699705609868677,0.6699705609868677,0.6699705609868677,0.0,0.6699705609868677,0.0,0.0
13,9,single_requirement,0.5,1,0.0,0.40008878538704273,0.40008878538704273,0.0,0.40008878538704273,0.0,0.0
13,9,single_requirement,0.5,2,0.29757581254331295,0.5876195113944667,0.5876195113944667,0.0,0.5876195113944667,0.0,0.0
13,9,single_requirement,0.5,3,0.5624736437192496,0.6758205615795914,0.6758205615795914,0.0,0.6758205615795914,0.0,0.0
13,9,single_requirement,0.5,4,0.6758205615795915,0.6758205615795915,0.6758205615795915,0.0,0.6758205615795915,0.0,0.0
13,9,single_requirement,0.8,1,0.0,0.6401420566192684,0.6401420566192684,0.0,0.6401420566192684,0.0,0.0
13,9,single_requirement,0.8,2,0.4761213000693008,0.7903104982483763,0.7903104982483763,0.0,0.7903104982483763,0.0,0.0
13,9,single_requirement,0.8,3,0.7701745139081374,0.8252966270705681,0.8252966270705681,0.0,0.8252966270705681,0.0,0.0
13,9,single_requirement,0.8,4,0.8252966270705683,0.8252966270705683,0.8252966270705683,0.0,0.8252966270705683,0.0,0.0
13,9,single_requirement,1.0,1,0.0,0.8001775707740855,0.8001775707740855,0.0,0.8001775707740855,0.0,0.0
13,9,single_requirement,1.0,2,0.5951516250866259,0.8629875228248283,0.8629875228248283,0.0,0.8629875228248283,0.0,0.0
13,9,single_requirement,1.0,3,0.8545653790162868,0.8676823390772765,0.8676823390772765,0.0,0.8676823390772765,0.0,0.0
13,9,single_requirement,1.0,4,0.8676823390772768,0.8676823390772768,0.8676823390772768,0.0,0.8676823390772768,0.0,0.0
13,9,three_requirements,0.5,1,0.0,0.0,0.0,0.0,0.0,0.0,0.0
13,9,three_requirements,0.5,2,0.0,0.0,0.0,0.0,0.0,0.0,0.0
13,9,three_requirements,0.5,3,0.03036206095708979,0.05218117864116045,0.03662757614877052,0.0,0.03662757614877052,0.015553602492389934,0.0
13,9,three_requirements,0.5,4,0.10483243487596278,0.10483243487596278,0.10483243487596278,0.0,0.10483243487596278,0.0,0.0
13,9,three_requirements,0.8,1,0.0,0.0,0.0,0.0,0.0,0.0,0.0
13,9,three_requirements,0.8,2,0.0,0.0,0.0,0.0,0.0,0.0,0.0
13,9,three_requirements,0.8,3,0.12436300168023985,0.21373410771419335,0.15002655190536418,0.0,0.15002655190536418,0.06370755580882917,0.0
13,9,three_requirements,0.8,4,0.32479522128826044,0.32479522128826044,0.32479522128826044,0.0,0.32479522128826044,0.0,0.0
13,9,three_requirements,1.0,1,0.0,0.0,0.0,0.0,0.0,0.0,0.0
13,9,three_requirements,1.0,2,0.0,0.0,0.0,0.0,0.0,0.0,0.0
13,9,three_requirements,1.0,3,0.2428964876567183,0.4174494291292836,0.29302060919016415,0.0,0.29302060919016415,0.12442881993911947,0.0
13,9,three_requirements,1.0,4,0.49816979162592134,0.49816979162592134,0.49816979162592134,0.0,0.49816979162592134,0.0,0.0
13,9,two_requirements,0.5,1,0.0,0.0,0.0,0.0,0.0,0.0,0.0
13,9,two_requirements,0.5,2,0.0,0.15360380439986893,0.1175761282392311,0.0,0.15360380439986893,0.03602767616063783,0.03602767616063783
13,9,two_requirements,0.5,3,0.21637111424476696,0.3035254726720862,0.21746651976576503,0.0,0.3035254726720862,0.08605895290632115,0.08605895290632115
13,9,two_requirements,0.5,4,0.340120417081544,0.340120417081544,0.340120417081544,0.0,0.340120417081544,0.0,0.0
13,9,two_requirements,0.8,1,0.0,0.0,0.0,0.0,0.0,0.0,0.0
13,9,two_requirements,0.8,2,0.0,0.3932257392636646,0.30099488829243154,0.0,0.3932257392636646,0.09223085097123307,0.09223085097123307
13,9,two_requirements,0.8,3,0.47679971076572736,0.591236074268916,0.47679971076572736,0.0,0.591236074268916,0.11443636350318864,0.11443636350318864
13,9,two_requirements,0.8,4,0.6168953064134557,0.6168953064134557,0.6168953064134557,0.0,0.6168953064134557,0.0,0.0
13,9,two_requirements,1.0,1,0.0,0.0,0.0,0.0,0.0,0.0,0.0
13,9,two_requirements,1.0,2,0.0,0.6144152175994757,0.4703045129569244,0.0,0.6144152175994757,0.14411070464255132,0.14411070464255132
13,9,two_requirements,1.0,3,0.6646762754663695,0.730276016283072,0.6646762754663695,0.0,0.730276016283072,0.0655997408167025,0.0655997408167025
13,9,two_requirements,1.0,4,0.7362052539757016,0.7362052539757016,0.7362052539757016,0.0,0.7362052539757016,0.0,0.0
14,0,single_requirement,0.5,1,0.0,0.3186643496331382,0.3186643496331382,0.0,0.3186643496331382,0.0,0.0
14,0,single_requirement,0.5,2,0.31866434963313817,0.48833119127990976,0.48833119127990976,0.0,0.48833119127990976,0.0,0.0
14,0,single_requirement,0.5,3,0.46254345775922556,0.5692576311349107,0.5692576311349107,0.0,0.5692576311349107,0.0,0.0
14,0,single_requirement,0.5,4,0.5692576311349107,0.5692576311349107,0.5692576311349107,0.0,0.5692576311349107,0.0,0.0
14,0,single_requirement,0.8,1,0.0,0.5098629594130212,0.5098629594130212,0.0,0.5098629594130212,0.0,0.0
14,0,single_requirement,0.8,2,0.5098629594130213,0.6583591877735744,0.6583591877735744,0.0,0.6583591877735744,0.0,0.0
14,0,single_requirement,0.8,3,0.6357891845329826,0.6961292714789258,0.6961292714789258,0.0,0.6961292714789258,0.0,0.0
14,0,single_requirement,0.8,4,0.6961292714789258,0.6961292714789258,0.6961292714789258,0.0,0.6961292714789258,0.0,0.0
14,0,single_requirement,1.0,1,0.0,0.6373286992662764,0.6373286992662764,0.0,0.6373286992662764,0.0,0.0
14,0,single_requirement,1.0,2,0.6373286992662763,0.7204733861550671,0.7204733861550671,0.0,0.7204733861550671,0.0,0.0
14,0,single_requirement,1.0,3,0.7078361907647464,0.729281374775887,0.729281374775887,0.0,0.729281374775887,0.0,0.0
14,0,single_requirement,1.0,4,0.7292813747758868,0.729281374775887,0.7292813747758868,0.0,0.7292813747758868,1.1102230246251565e-16,0.0
14,0,three_requirements,0.5,1,0.0,0.0,0.0,0.0,0.0,0.0,0.0
14,0,three_requirements,0.5,2,0.0,0.0,0.0,0.0,0.0,0.0,0.0
14,0,three_requirements,0.5,3,0.022031666383009435,0.0451617627634974,0.03839333373485933,0.0,0.0451617627634974,0.0067684290286380705,0.0067684290286380705
14,0,three_requirements,0.5,4,0.07901381586214548,0.07901381586214548,0.07901381586214548,0.0,0.07901381586214548,0.0,0.0
14,0,three_requirements,0.8,1,0.0,0.0,0.0,0.0,0.0,0.0,0.0
14,0,three_requirements,0.8,2,0.0,0.0,0.0,0.0,0.0,0.0,0.0
14,0,three_requirements,0.8,3,0.09024170550480667,0.18498258027928555,0.15725909497798368,0.0,0.18498258027928555,0.027723485301301865,0.027723485301301865
14,0,three_requirements,0.8,4,0.2583349151769111,0.2583349151769111,0.2583349151769111,0.0,0.2583349151769111,0.0,0.0
14,0,three_requirements,1.0,1,0.0,0.0,0.0,0.0,0.0,0.0,0.0
14,0,three_requirements,1.0,2,0.0,0.0,0.0,0.0,0.0,0.0,0.0
14,0,three_requirements,1.0,3,0.17625333106407548,0.3612941021079792,0.3071466698788746,0.0,0.3612941021079792,0.054147432229104564,0.054147432229104564
14,0,three_requirements,1.0,4,0.4195269507433982,0.4195269507433982,0.4195269507433982,0.0,0.4195269507433982,0.0,0.0
14,0,two_requirements,0.5,1,0.0,0.0,0.0,0.0,0.0,0.0,0.0
14,0,two_requirements,0.5,2,0.10665051396113372,0.13197982349669637,0.13197982349669637,0.0,0.13197982349669637,0.0,0.0
14,0,two_requirements,0.5,3,0.16741475209994022,0.19196661738213697,0.19196661738213697,0.0,0.19196661738213697,0.0,0.0
14,0,two_requirements,0.5,4,0.25273085552094354,0.25273085552094354,0.25273085552094354,0.0,0.25273085552094354,0.0,0.0
14,0,two_requirements,0.8,1,0.0,0.0,0.0,0.0,0.0,0.0,0.0
14,0,two_requirements,0.8,2,0.2730253157405025,0.33786834815154276,0.33786834815154276,0.0,0.33786834815154276,0.0,0.0
14,0,two_requirements,0.8,3,0.3601700440690366,0.41975906646200606,0.41975906646200606,0.0,0.41975906646200606,0.0,0.0
14,0,two_requirements,0.8,4,0.5069037947905403,0.5069037947905403,0.5069037947905403,0.0,0.5069037947905403,0.0,0.0
14,0,two_requirements,1.0,1,0.0,0.0,0.0,0.0,0.0,0.0,0.0
14,0,two_requirements,1.0,2,0.42660205584453487,0.5279192939867855,0.5279192939867855,0.0,0.5279192939867855,0.0,0.0
14,0,two_requirements,1.0,3,0.49150348416327544,0.5812115892257756,0.5812115892257756,0.0,0.5812115892257756,0.0,0.0
14,0,two_requirements,1.0,4,0.6461130175445156,0.6461130175445156,0.6461130175445156,0.0,0.6461130175445156,0.0,0.0
14,1,single_requirement,0.5,1,0.287483906061521,0.287483906061521,0.287483906061521,0.0,0.287483906061521,0.0,0.0
14,1,single_requirement,0.5,2,0.28748390606152097,0.4461488296001014,0.4461488296001014,0.0,0.4461488296001014,0.0,0.0
14,1,single_requirement,0.5,3,0.287483906061521,0.4461488296001014,0.4461488296001014,0.0,0.4461488296001014,0.0,0.0
14,1,single_requirement,0.5,4,0.44614882960010127,0.4461488296001014,0.44614882960010127,0.0,0.44614882960010127,1.1102230246251565e-16,0.0
14,1,single_requirement,0.8,1,0.4599742496984337,0.4599742496984337,0.4599742496984337,0.0,0.4599742496984337,0.0,0.0
14,1,single_requirement,0.8,2,0.45997424969843376,0.6117343880688499,0.6117343880688499,0.0,0.6117343880688499,0.0,0.0
14,1,single_requirement,0.8,3,0.45997424969843387,0.6117343880688502,0.6117343880688502,0.0,0.6117343880688502,0.0,0.0
14,1,single_requirement,0.8,4,0.6117343880688499,0.6117343880688502,0.6117343880688499,0.0,0.6117343880688499,2.220446049250313e-16,0.0
14,1,single_requirement,1.0,1,0.574967812123042,0.574967812123042,0.574967812123042,0.0,0.574967812123042,0.0,0.0
14,1,single_requirement,1.0,2,0.5749678121230419,0.6795815356766353,0.6795815356766353,0.0,0.6795815356766353,0.0,0.0
14,1,single_requirement,1.0,3,0.5749678121230419,0.6795815356766355,0.6795815356766355,0.0,0.6795815356766355,0.0,0.0
14,1,single_requirement,1.0,4,0.6795815356766353,0.6795815356766355,0.6795815356766353,0.0,0.6795815356766353,2.220446049250313e-16,0.0
14,1,three_requirements,0.5,1,0.0,0.0,0.0,0.0,0.0,0.0,0.0
14,1,three_requirements,0.5,2,0.0,0.0,0.0,0.0,0.0,0.0,0.0
14,1,three_requirements,0.5,3,0.02845798900626146,0.030471463668810497,0.02845798900626146,0.0,0.02845798900626146,0.0020134746625490377,0.0
14,1,three_requirements,0.5,4,0.05749782403227839,0.05749782403227839,0.05749782403227839,0.0,0.05749782403227839,0.0,0.0
14,1,three_requirements,0.8,1,0.0,0.0,0.0,0.0,0.0,0.0,0.0
14,1,three_requirements,0.8,2,0.0,0.0,0.0,0.0,0.0,0.0,0.0
14,1,three_requirements,0.8,3,0.11656392296964704,0.12481111518744797,0.11656392296964704,0.0,0.11656392296964704,0.00824719221780093,0.0
14,1,three_requirements,0.8,4,0.18630023629078168,0.18630023629078168,0.18630023629078168,0.0,0.18630023629078168,0.0,0.0
14,1,three_requirements,1.0,1,0.0,0.0,0.0,0.0,0.0,0.0,0.0
14,1,three_requirements,1.0,2,0.0,0.0,0.0,0.0,0.0,0.0,0.0
14,1,three_requirements,1.0,3,0.22766391205009168,0.24377170935048398,0.22766391205009168,0.0,0.22766391205009168,0.0161077973003923,0.0
14,1,three_requirements,1.0,4,0.2997910201702367,0.2997910201702367,0.2997910201702367,0.0,0.2997910201702367,0.0,0.0
14,1,two_requirements,0.5,1,0.0,0.0,0.0,0.0,0.0,0.0,0.0
14,1,two_requirements,0.5,2,0.0,0.10457285484066609,0.0,0.0,0.10457285484066609,0.10457285484066609,0.10457285484066609
14,1,two_requirements,0.5,3,0.10457285484066611,0.21026852229922108,0.10457285484066611,0.0,0.21026852229922108,0.10569566745855496,0.10569566745855496
14,1,two_requirements,0.5,4,0.2102685222992211,0.2102685222992211,0.2102685222992211,0.0,0.2102685222992211,0.0,0.0
14,1,two_requirements,0.8,1,0.0,0.0,0.0,0.0,0.0,0.0,0.0
14,1,two_requirements,0.8,2,0.0,0.2677065083921052,0.0,0.0,0.2677065083921052,0.2677065083921052,0.2677065083921052
14,1,two_requirements,0.8,3,0.26770650839210536,0.4224927899743922,0.26770650839210536,0.0,0.4224927899743922,0.15478628158228686,0.15478628158228686
14,1,two_requirements,0.8,4,0.4224927899743921,0.4224927899743922,0.4224927899743921,0.0,0.4224927899743921,1.1102230246251565e-16,0.0
14,1,two_requirements,1.0,1,0.0,0.0,0.0,0.0,0.0,0.0,0.0
14,1,two_requirements,1.0,2,0.0,0.41829141936266434,0.0,0.0,0.41829141936266434,0.41829141936266434,0.41829141936266434
14,1,two_requirements,1.0,3,0.41829141936266445,0.5395255810937227,0.41829141936266445,0.0,0.5395255810937227,0.12123416173105828,0.12123416173105828
14,1,two_requirements,1.0,4,0.539525581093723,0.539525581093723,0.539525581093723,0.0,0.539525581093723,0.0,0.0
14,2,single_requirement,0.5,1,0.0,0.33354287658972737,0.33354287658972737,0.0,0.33354287658972737,0.0,0.0
14,2,single_requirement,0.5,2,0.33354287658972737,0.33354287658972737,0.33354287658972737,0.0,0.33354287658972737,0.0,0.0
14,2,single_requirement,0.5,3,0.3335428765897274,0.3335428765897274,0.3335428765897274,0.0,0.3335428765897274,0.0,0.0
14,2,single_requirement,0.5,4,0.33354287658972737,0.3335428765897274,0.33354287658972737,0.0,0.33354287658972737,5.551115123125783e-17,0.0
14,2,single_requirement,0.8,1,0.0,0.5336686025435636,0.5336686025435636,0.0,0.5336686025435636,0.0,0.0
14,2,single_requirement,0.8,2,0.5336686025435636,0.5336686025435636,0.5336686025435636,0.0,0.5336686025435636,0.0,0.0
14,2,single_requirement,0.8,3,0.5336686025435637,0.5336686025435639,0.5336686025435637,0.0,0.5336686025435637,1.1102230246251565e-16,0.0
14,2,single_requirement,0.8,4,0.5336686025435636,0.5336686025435639,0.5336686025435636,0.0,0.5336686025435636,2.220446049250313e-16,0.0
14,2,single_requirement,1.0,1,0.0,0.6670857531794547,0.6670857531794547,0.0,0.6670857531794547,0.0,0.0
14,2,single_requirement,1.0,2,0.6670857531794547,0.6670857531794547,0.6670857531794547,0.0,0.6670857531794547,0.0,0.0
14,2,single_requirement,1.0,3,0.667085753179455,0.667085753179455,0.667085753179455,0.0,0.667085753179455,0.0,0.0
14,2,single_requirement,1.0,4,0.6670857531794546,0.667085753179455,0.6670857531794546,0.0,0.6670857531794546,3.3306690738754696e-16,0.0
14,2,three_requirements,0.5,1,0.0,0.0,0.0,0.0,0.0,0.0,0.0
14,2,three_requirements,0.5,2,0.0,0.0,0.0,0.0,0.0,0.0,0.0
14,2,three_requirements,0.5,3,0.0,0.05453952110124396,0.039503620181411944,0.0,0.05453952110124396,0.015035900919832014,0.015035900919832014
14,2,three_requirements,0.5,4,0.07654575197285135,0.07654575197285135,0.07654575197285135,0.0,0.07654575197285135,0.0,0.0
14,2,three_requirements,0.8,1,0.0,0.0,0.0,0.0,0.0,0.0,0.0
14,2,three_requirements,0.8,2,0.0,0.0,0.0,0.0,0.0,0.0,0.0
14,2,three_requirements,0.8,3,0.0,0.2233938784306953,0.16180682826306328,0.0,0.2233938784306953,0.061587050167632024,0.061587050167632024
14,2,three_requirements,0.8,4,0.27052981611302346,0.27052981611302346,0.27052981611302346,0.0,0.27052981611302346,0.0,0.0
14,2,three_requirements,1.0,1,0.0,0.0,0.0,0.0,0.0,0.0,0.0
14,2,three_requirements,1.0,2,0.0,0.0,0.0,0.0,0.0,0.0,0.0
14,2,three_requirements,1.0,3,0.0,0.43631616880995167,0.31602896145129555,0.0,0.43631616880995167,0.12028720735865611,0.12028720735865611
14,2,three_requirements,1.0,4,0.47238690130437433,0.47238690130437433,0.47238690130437433,0.0,0.47238690130437433,0.0,0.0
14,2,two_requirements,0.5,1,0.0,0.0,0.0,0.0,0.0,0.0,0.0
14,2,two_requirements,0.5,2,0.10507405655994326,0.1586652216577934,0.10507405655994326,0.0,0.1586652216577934,0.05359116509785014,0.05359116509785014
14,2,two_requirements,0.5,3,0.191855835202569,0.23111485820177252,0.191855835202569,0.0,0.23111485820177252,0.03925902299920353,0.03925902299920353
14,2,two_requirements,0.5,4,0.2896483277080044,0.2896483277080044,0.2896483277080044,0.0,0.2896483277080044,0.0,0.0
14,2,two_requirements,0.8,1,0.0,0.0,0.0,0.0,0.0,0.0,0.0
14,2,two_requirements,0.8,2,0.2689895847934547,0.4061829674439512,0.2689895847934547,0.0,0.4061829674439512,0.13719338265049652,0.13719338265049652
14,2,two_requirements,0.8,3,0.41966459640407594,0.49815352501851573,0.41966459640407594,0.0,0.49815352501851573,0.07848892861443979,0.07848892861443979
14,2,two_requirements,0.8,4,0.5765128652399688,0.5765128652399688,0.5765128652399688,0.0,0.5765128652399688,0.0,0.0
14,2,two_requirements,1.0,1,0.0,0.0,0.0,0.0,0.0,0.0,0.0
14,2,two_requirements,1.0,2,0.42029622623977303,0.6346608866311736,0.42029622623977303,0.0,0.6346608866311736,0.21436466039140056,0.21436466039140056
14,2,two_requirements,1.0,3,0.5812609925954308,0.6809685161976584,0.5812609925954308,0.0,0.6809685161976584,0.09970752360222757,0.09970752360222757
14,2,two_requirements,1.0,4,0.7289400460077404,0.7289400460077404,0.7289400460077404,0.0,0.7289400460077404,0.0,0.0
14,3,single_requirement,0.5,1,0.1048120346210113,0.3366303109105035,0.3366303109105035,0.0,0.3366303109105035,0.0,0.0
14,3,single_requirement,0.5,2,0.29841703655292234,0.4641232563430128,0.4641232563430128,0.0,0.4641232563430128,0.0,0.0
14,3,single_requirement,0.5,3,0.29841703655292234,0.4979095303124622,0.4979095303124622,0.0,0.4979095303124622,0.0,0.0
14,3,single_requirement,0.5,4,0.4979095303124622,0.4979095303124622,0.4979095303124622,0.0,0.4979095303124622,0.0,0.0
14,3,single_requirement,0.8,1,0.16769925539361813,0.5386084974568057,0.5386084974568057,0.0,0.5386084974568057,0.0,0.0
14,3,single_requirement,0.8,2,0.4368622799708671,0.6385246573955861,0.6385246573955861,0.0,0.6385246573955861,0.0,0.0
14,3,single_requirement,0.8,3,0.4368622799708673,0.6542540524694209,0.6542540524694209,0.0,0.6542540524694209,0.0,0.0
14,3,single_requirement,0.8,4,0.6542540524694209,0.6542540524694209,0.6542540524694209,0.0,0.6542540524694209,0.0,0.0
14,3,single_requirement,1.0,1,0.2096240692420226,0.673260621821007,0.673260621821007,0.0,0.673260621821007,0.0,0.0
14,3,single_requirement,1.0,2,0.5122403678687433,0.7114286944501207,0.7114286944501207,0.0,0.7114286944501207,0.0,0.0
14,3,single_requirement,1.0,3,0.5122403678687434,0.7146999475135398,0.7146999475135398,0.0,0.7146999475135398,0.0,0.0
14,3,single_requirement,1.0,4,0.7146999475135396,0.7146999475135398,0.7146999475135396,0.0,0.7146999475135396,2.220446049250313e-16,0.0
14,3,three_requirements,0.5,1,0.0,0.0,0.0,0.0,0.0,0.0,0.0
14,3,three_requirements,0.5,2,0.0,0.0,0.0,0.0,0.0,0.0,0.0
14,3,three_requirements,0.5,3,0.0,0.03269014060857575,0.0,0.0,0.0,0.03269014060857575,0.0
14,3,three_requirements,0.5,4,0.032690140608575766,0.032690140608575766,0.032690140608575766,0.0,0.032690140608575766,0.0,0.0
14,3,three_requirements,0.8,1,0.0,0.0,0.0,0.0,0.0,0.0,0.0
14,3,three_requirements,0.8,2,0.0,0.0,0.0,0.0,0.0,0.0,0.0
14,3,three_requirements,0.8,3,0.0,0.13389881593272626,0.0,0.0,0.0,0.13389881593272626,0.0
14,3,three_requirements,0.8,4,0.13389881593272634,0.13389881593272634,0.13389881593272634,0.0,0.13389881593272634,0.0,0.0
14,3,three_requirements,1.0,1,0.0,0.0,0.0,0.0,0.0,0.0,0.0
14,3,three_requirements,1.0,2,0.0,0.0,0.0,0.0,0.0,0.0,0.0
14,3,three_requirements,1.0,3,0.0,0.261521124868606,0.0,0.0,0.0,0.261521124868606,0.0
14,3,three_requirements,1.0,4,0.261521124868606,0.261521124868606,0.261521124868606,0.0,0.261521124868606,0.0,0.0
14,3,two_requirements,0.5,1,0.0,0.0,0.0,0.0,0.0,0.0,0.0
14,3,two_requirements,0.5,2,0.0,0.08260339215987275,0.0587832189443213,0.0,0.08260339215987275,0.02382017321555145,0.02382017321555145
14,3,two_requirements,0.5,3,0.05878321894432134,0.1079503784635164,0.0822166104028701,0.0,0.1079503784635164,0.02573376806064631,0.02573376806064631
14,3,two_requirements,0.5,4,0.14446202689365895,0.14446202689365895,0.14446202689365895,0.0,0.14446202689365895,0.0,0.0
14,3,two_requirements,0.8,1,0.0,0.0,0.0,0.0,0.0,0.0,0.0
14,3,two_requirements,0.8,2,0.0,0.21146468392927434,0.1504850404974627,0.0,0.21146468392927434,0.06097964343181164,0.06097964343181164
14,3,two_requirements,0.8,3,0.1504850404974627,0.25001149337135364,0.18119376545403343,0.0,0.25001149337135364,0.06881772791732021,0.06881772791732021
14,3,two_requirements,0.8,4,0.3013867808307967,0.3013867808307967,0.3013867808307967,0.0,0.3013867808307967,0.0,0.0
14,3,two_requirements,1.0,1,0.0,0.0,0.0,0.0,0.0,0.0,0.0
14,3,two_requirements,1.0,2,0.0,0.330413568639491,0.2351328757772852,0.0,0.330413568639491,0.0952806928622058,0.0952806928622058
14,3,two_requirements,1.0,3,0.2351328757772856,0.3632039214185232,0.2526144697955587,0.0,0.3632039214185232,0.11058945162296452,0.11058945162296452
14,3,two_requirements,1.0,4,0.3944956126007916,0.3944956126007916,0.3944956126007916,0.0,0.3944956126007916,0.0,0.0
14,4,single_requirement,0.5,1,0.2711922611198238,0.3725852909897335,0.3725852909897335,0.0,0.3725852909897335,0.0,0.0
14,4,single_requirement,0.5,2,0.27119226111982386,0.5432888393672134,0.5432888393672134,0.0,0.5432888393672134,0.0,0.0
14,4,single_requirement,0.5,3,0.4612953029670471,0.6255309020086357,0.6255309020086357,0.0,0.6255309020086357,0.0,0.0
14,4,single_requirement,0.5,4,0.6255309020086357,0.6255309020086357,0.6255309020086357,0.0,0.6255309020086357,0.0,0.0
14,4,single_requirement,0.8,1,0.43390761779171816,0.5961364655835737,0.5961364655835737,0.0,0.5961364655835737,0.0,0.0
14,4,single_requirement,0.8,2,0.43390761779171827,0.7342790123745516,0.7342790123745516,0.0,0.7342790123745516,0.0,0.0
14,4,single_requirement,0.8,3,0.621712867865239,0.7685625233147898,0.7685625233147898,0.0,0.7685625233147898,0.0,0.0
14,4,single_requirement,0.8,4,0.7685625233147896,0.7685625233147898,0.7685625233147896,0.0,0.7685625233147896,2.220446049250313e-16,0.0
14,4,single_requirement,1.0,1,0.5423845222396476,0.745170581979467,0.745170581979467,0.0,0.745170581979467,0.0,0.0
14,4,single_requirement,1.0,2,0.5423845222396477,0.8053628232906977,0.8053628232906977,0.0,0.8053628232906977,0.0,0.0
14,4,single_requirement,1.0,3,0.6801747374298516,0.8109267632136867,0.8109267632136867,0.0,0.8109267632136867,0.0,0.0
14,4,single_requirement,1.0,4,0.8109267632136867,0.8109267632136867,0.8109267632136867,0.0,0.8109267632136867,0.0,0.0
14,4,three_requirements,0.5,1,0.0,0.0,0.0,0.0,0.0,0.0,0.0
14,4,three_requirements,0.5,2,0.0,0.0,0.0,0.0,0.0,0.0,0.0
14,4,three_requirements,0.5,3,0.01725743523873123,0.04670787436909664,0.029587786960981376,0.0,0.029587786960981376,0.017120087408115263,0.0
14,4,three_requirements,0.5,4,0.07253446035863578,0.07253446035863578,0.07253446035863578,0.0,0.07253446035863578,0.0,0.0
14,4,three_requirements,0.8,1,0.0,0.0,0.0,0.0,0.0,0.0,0.0
14,4,three_requirements,0.8,2,0.0,0.0,0.0,0.0,0.0,0.0,0.0
14,4,three_requirements,0.8,3,0.07068645473784327,0.19131545341581993,0.12119157539217967,0.0,0.12119157539217967,0.07012387802364026,0.0
14,4,three_requirements,0.8,4,0.24544574927885002,0.24544574927885002,0.24544574927885002,0.0,0.24544574927885002,0.0,0.0
14,4,three_requirements,1.0,1,0.0,0.0,0.0,0.0,0.0,0.0,0.0
14,4,three_requirements,1.0,2,0.0,0.0,0.0,0.0,0.0,0.0,0.0
14,4,three_requirements,1.0,3,0.13805948190984985,0.3736629949527731,0.236702295687851,0.0,0.236702295687851,0.1369606992649221,0.0
14,4,three_requirements,1.0,4,0.41212659318769884,0.41212659318769884,0.41212659318769884,0.0,0.41212659318769884,0.0,0.0
14,4,two_requirements,0.5,1,0.0,0.0,0.0,0.0,0.0,0.0,0.0
14,4,two_requirements,0.5,2,0.09057478946788511,0.11684780981277632,0.1143222171368245,0.0,0.11684780981277632,0.0025255926759518155,0.0025255926759518155
14,4,two_requirements,0.5,3,0.16694068035941145,0.16694068035941145,0.1639877899651246,0.0,0.16694068035941145,0.0029528903942868667,0.0029528903942868667
14,4,two_requirements,0.5,4,0.23770866371297816,0.23770866371297816,0.23770866371297816,0.0,0.23770866371297816,0.0,0.0
14,4,two_requirements,0.8,1,0.0,0.0,0.0,0.0,0.0,0.0,0.0
14,4,two_requirements,0.8,2,0.23187146103778583,0.2991303931207072,0.2926648758702708,0.0,0.2991303931207072,0.0064655172504364256,0.0064655172504364256
14,4,two_requirements,0.8,3,0.36518791425705344,0.36518791425705344,0.35697218555231636,0.0,0.36518791425705344,0.00821572870473708,0.00821572870473708
14,4,two_requirements,0.8,4,0.47295425441881006,0.47295425441881006,0.47295425441881006,0.0,0.47295425441881006,0.0,0.0
14,4,two_requirements,1.0,1,0.0,0.0,0.0,0.0,0.0,0.0,0.0
14,4,two_requirements,1.0,2,0.36229915787154043,0.46739123925110526,0.457288868547298,0.0,0.46739123925110526,0.010102370703807262,0.010102370703807262
14,4,two_requirements,1.0,3,0.5058350457526459,0.5058350457526459,0.49231429330215837,0.0,0.5058350457526459,0.013520752450487561,0.013520752450487561
14,4,two_requirements,1.0,4,0.5935299068844997,0.5935299068844997,0.5935299068844997,0.0,0.5935299068844997,0.0,0.0
14,5,single_requirement,0.5,1,0.0,0.4276076143379415,0.4276076143379415,0.0,0.4276076143379415,0.0,0.0
14,5,single_requirement,0.5,2,0.0,0.5788538867912336,0.5788538867912336,0.0,0.5788538867912336,0.0,0.0
14,5,single_requirement,0.5,3,0.28710666919942507,0.5788538867912337,0.5788538867912337,0.0,0.5788538867912337,0.0,0.0
14,5,single_requirement,0.5,4,0.5788538867912336,0.5788538867912337,0.5788538867912336,0.0,0.5788538867912336,1.1102230246251565e-16,0.0
14,5,single_requirement,0.8,1,0.0,0.6841721829407064,0.6841721829407064,0.0,0.6841721829407064,0.0,0.0
14,5,single_requirement,0.8,2,0.0,0.7957402379896864,0.7957402379896864,0.0,0.7957402379896864,0.0,0.0
14,5,single_requirement,0.8,3,0.45937067071908,0.7957402379896864,0.7957402379896864,0.0,0.7957402379896864,0.0,0.0
14,5,single_requirement,0.8,4,0.7957402379896864,0.7957402379896864,0.7957402379896864,0.0,0.7957402379896864,0.0,0.0
14,5,single_requirement,1.0,1,0.0,0.855215228675883,0.855215228675883,0.0,0.855215228675883,0.0,0.0
14,5,single_requirement,1.0,2,0.0,0.8859869800902016,0.8859869800902016,0.0,0.8859869800902016,0.0,0.0
14,5,single_requirement,1.0,3,0.5742133383988501,0.8859869800902016,0.8859869800902014,0.0,0.8859869800902014,2.220446049250313e-16,0.0
14,5,single_requirement,1.0,4,0.8859869800902016,0.8859869800902016,0.8859869800902016,0.0,0.8859869800902016,0.0,0.0
14,5,three_requirements,0.5,1,0.0,0.0,0.0,0.0,0.0,0.0,0.0
14,5,three_requirements,0.5,2,0.0,0.0,0.0,0.0,0.0,0.0,0.0
14,5,three_requirements,0.5,3,0.037548257633925844,0.044187728945781664,0.044187728945781664,0.0,0.044187728945781664,0.0,0.0
14,5,three_requirements,0.5,4,0.06396795216415105,0.06396795216415105,0.06396795216415105,0.0,0.06396795216415105,0.0,0.0
14,5,three_requirements,0.8,1,0.0,0.0,0.0,0.0,0.0,0.0,0.0
14,5,three_requirements,0.8,2,0.0,0.0,0.0,0.0,0.0,0.0,0.0
14,5,three_requirements,0.8,3,0.15379766326856004,0.18099293776192185,0.18099293776192185,0.0,0.18099293776192185,0.0,0.0
14,5,three_requirements,0.8,4,0.21834601068469112,0.21834601068469112,0.21834601068469112,0.0,0.21834601068469112,0.0,0.0
14,5,three_requirements,1.0,1,0.0,0.0,0.0,0.0,0.0,0.0,0.0
14,5,three_requirements,1.0,2,0.0,0.0,0.0,0.0,0.0,0.0,0.0
14,5,three_requirements,1.0,3,0.30038606107140675,0.3535018315662533,0.3535018315662533,0.0,0.3535018315662533,0.0,0.0
14,5,three_requirements,1.0,4,0.36959934198875655,0.36959934198875655,0.36959934198875655,0.0,0.36959934198875655,0.0,0.0
14,5,two_requirements,0.5,1,0.0,0.0,0.0,0.0,0.0,0.0,0.0
14,5,two_requirements,0.5,2,0.09198721394346081,0.14115672303362178,0.11357028151922549,0.0,0.14115672303362178,0.027586441514396293,0.027586441514396293
14,5,two_requirements,0.5,3,0.23508594371018904,0.23508594371018904,0.23508594371018904,0.0,0.20457631657845257,0.0,-0.030509627131736466
14,5,two_requirements,0.5,4,0.2889005335016133,0.2889005335016133,0.2889005335016133,0.0,0.2889005335016133,0.0,0.0
14,5,two_requirements,0.8,1,0.0,0.0,0.0,0.0,0.0,0.0,0.0
14,5,two_requirements,0.8,2,0.23548726769525963,0.36136121096607177,0.29073992068921717,0.0,0.36136121096607177,0.0706212902768546,0.0706212902768546
14,5,two_requirements,0.8,3,0.4622602317082327,0.4622602317082327,0.4622602317082327,0.0,0.43621238542768326,0.0,-0.026047846280549458
14,5,two_requirements,0.8,4,0.5232972980528006,0.5232972980528006,0.5232972980528006,0.0,0.5232972980528006,0.0,0.0
14,5,two_requirements,1.0,1,0.0,0.0,0.0,0.0,0.0,0.0,0.0
14,5,two_requirements,1.0,2,0.36794885577384323,0.5646268921344871,0.45428112607690196,0.0,0.5646268921344871,0.11034576605758517,0.11034576605758517
14,5,two_requirements,1.0,3,0.5769068368463517,0.590432909508718,0.588971547594485,0.0,0.590432909508718,0.0014613619142329615,0.0014613619142329615
14,5,two_requirements,1.0,4,0.6297407813327672,0.6297407813327672,0.6297407813327672,0.0,0.6297407813327672,0.0,0.0
14,6,single_requirement,0.5,1,0.0,0.28191573698889205,0.28191573698889205,0.0,0.28191573698889205,0.0,0.0
14,6,single_requirement,0.5,2,0.27322758402536723,0.44267995486910783,0.44267995486910783,0.0,0.44267995486910783,0.0,0.0
14,6,single_requirement,0.5,3,0.4426799548691079,0.4426799548691079,0.4426799548691079,0.0,0.4426799548691079,0.0,0.0
14,6,single_requirement,0.5,4,0.44267995486910766,0.4426799548691079,0.44267995486910766,0.0,0.44267995486910766,2.220446049250313e-16,0.0
14,6,single_requirement,0.8,1,0.0,0.4510651791822273,0.4510651791822273,0.0,0.4510651791822273,0.0,0.0
14,6,single_requirement,0.8,2,0.43716413444058766,0.6003230962912272,0.6003230962912272,0.0,0.6003230962912272,0.0,0.0
14,6,single_requirement,0.8,3,0.6003230962912269,0.6003230962912272,0.6003230962912269,0.0,0.6003230962912269,2.220446049250313e-16,0.0
14,6,single_requirement,0.8,4,0.6003230962912272,0.6003230962912272,0.6003230962912272,0.0,0.6003230962912272,0.0,0.0
14,6,single_requirement,1.0,1,0.0,0.5638314739777841,0.5638314739777841,0.0,0.5638314739777841,0.0,0.0
14,6,single_requirement,1.0,2,0.5464551680507345,0.6604331774479126,0.6604331774479126,0.0,0.6604331774479126,0.0,0.0
14,6,single_requirement,1.0,3,0.6604331774479129,0.6604331774479129,0.6604331774479129,0.0,0.6604331774479129,0.0,0.0
14,6,single_requirement,1.0,4,0.6604331774479124,0.6604331774479129,0.6604331774479124,0.0,0.6604331774479124,4.440892098500626e-16,0.0
14,6,three_requirements,0.5,1,0.0,0.0,0.0,0.0,0.0,0.0,0.0
14,6,three_requirements,0.5,2,0.0,0.0,0.0,0.0,0.0,0.0,0.0
14,6,three_requirements,0.5,3,0.0,0.0,0.0,0.0,0.0,0.0,0.0
14,6,three_requirements,0.5,4,0.0,0.0,0.0,0.0,0.0,0.0,0.0
14,6,three_requirements,0.8,1,0.0,0.0,0.0,0.0,0.0,0.0,0.0
14,6,three_requirements,0.8,2,0.0,0.0,0.0,0.0,0.0,0.0,0.0
14,6,three_requirements,0.8,3,0.0,0.0,0.0,0.0,0.0,0.0,0.0
14,6,three_requirements,0.8,4,0.0,0.0,0.0,0.0,0.0,0.0,0.0
14,6,three_requirements,1.0,1,0.0,0.0,0.0,0.0,0.0,0.0,0.0
14,6,three_requirements,1.0,2,0.0,0.0,0.0,0.0,0.0,0.0,0.0
14,6,three_requirements,1.0,3,0.0,0.0,0.0,0.0,0.0,0.0,0.0
14,6,three_requirements,1.0,4,0.0,0.0,0.0,0.0,0.0,0.0,0.0
14,6,two_requirements,0.5,1,0.0,0.0,0.0,0.0,0.0,0.0,0.0
14,6,two_requirements,0.5,2,0.0,0.07468201641181209,0.029720276926836736,0.0,0.07468201641181209,0.04496173948497535,0.04496173948497535
14,6,two_requirements,0.5,3,0.07468201641181212,0.07468201641181212,0.029720276926836736,0.0,0.07468201641181212,0.04496173948497538,0.04496173948497538
14,6,two_requirements,0.5,4,0.09937956401822401,0.09937956401822401,0.09937956401822401,0.0,0.09937956401822401,0.0,0.0
14,6,two_requirements,0.8,1,0.0,0.0,0.0,0.0,0.0,0.0,0.0
14,6,two_requirements,0.8,2,0.0,0.19118596201423882,0.0760839089327019,0.0,0.19118596201423882,0.11510205308153693,0.11510205308153693
14,6,two_requirements,0.8,3,0.19118596201423882,0.19118596201423893,0.0760839089327019,0.0,0.19118596201423882,0.11510205308153704,0.11510205308153693
14,6,two_requirements,0.8,4,0.23435291207260528,0.23435291207260528,0.23435291207260528,0.0,0.23435291207260528,0.0,0.0
14,6,two_requirements,1.0,1,0.0,0.0,0.0,0.0,0.0,0.0,0.0
14,6,two_requirements,1.0,2,0.0,0.29872806564724835,0.11888110770734694,0.0,0.29872806564724835,0.1798469579399014,0.1798469579399014
14,6,two_requirements,1.0,3,0.29872806564724846,0.29872806564724846,0.11888110770734678,0.0,0.29872806564724846,0.17984695793990169,0.17984695793990169
14,6,two_requirements,1.0,4,0.3372455042277992,0.3372455042277992,0.3372455042277992,0.0,0.3372455042277992,0.0,0.0
14,7,single_requirement,0.5,1,0.2750265470474713,0.2835836277002979,0.2835836277002979,0.0,0.2835836277002979,0.0,0.0
14,7,single_requirement,0.5,2,0.4475630419641171,0.4475630419641171,0.4475630419641171,0.0,0.4475630419641171,0.0,0.0
14,7,single_requirement,0.5,3,0.5305324251977398,0.5305324251977398,0.5305324251977398,0.0,0.5305324251977398,0.0,0.0
14,7,single_requirement,0.5,4,0.5305324251977397,0.5305324251977398,0.5305324251977397,0.0,0.5305324251977397,1.1102230246251565e-16,0.0
14,7,single_requirement,0.8,1,0.4400424752759542,0.4537338043204768,0.4537338043204768,0.0,0.4537338043204768,0.0,0.0
14,7,single_requirement,0.8,2,0.6094956196702815,0.6094956196702815,0.6094956196702815,0.0,0.6094956196702815,0.0,0.0
14,7,single_requirement,0.8,3,0.6573576679659257,0.6573576679659257,0.6573576679659257,0.0,0.6573576679659257,0.0,0.0
14,7,single_requirement,0.8,4,0.6573576679659257,0.6573576679659257,0.6573576679659257,0.0,0.6573576679659257,0.0,0.0
14,7,single_requirement,1.0,1,0.5500530940949426,0.5671672554005958,0.5671672554005958,0.0,0.5671672554005958,0.0,0.0
14,7,single_requirement,1.0,2,0.6730318183609304,0.6730318183609304,0.6730318183609304,0.0,0.6730318183609304,0.0,0.0
14,7,single_requirement,1.0,3,0.6914987068467052,0.6914987068467052,0.6914987068467052,0.0,0.6914987068467052,0.0,0.0
14,7,single_requirement,1.0,4,0.6914987068467049,0.6914987068467052,0.6914987068467049,0.0,0.6914987068467049,3.3306690738754696e-16,0.0
14,7,three_requirements,0.5,1,0.0,0.0,0.0,0.0,0.0,0.0,0.0
14,7,three_requirements,0.5,2,0.0,0.0,0.0,0.0,0.0,0.0,0.0
14,7,three_requirements,0.5,3,0.0,0.0,0.0,0.0,0.0,0.0,0.0
14,7,three_requirements,0.5,4,0.0,0.0,0.0,0.0,0.0,0.0,0.0
14,7,three_requirements,0.8,1,0.0,0.0,0.0,0.0,0.0,0.0,0.0
14,7,three_requirements,0.8,2,0.0,0.0,0.0,0.0,0.0,0.0,0.0
14,7,three_requirements,0.8,3,0.0,0.0,0.0,0.0,0.0,0.0,0.0
14,7,three_requirements,0.8,4,0.0,0.0,0.0,0.0,0.0,0.0,0.0
14,7,three_requirements,1.0,1,0.0,0.0,0.0,0.0,0.0,0.0,0.0
14,7,three_requirements,1.0,2,0.0,0.0,0.0,0.0,0.0,0.0,0.0
14,7,three_requirements,1.0,3,0.0,0.0,0.0,0.0,0.0,0.0,0.0
14,7,three_requirements,1.0,4,0.0,0.0,0.0,0.0,0.0,0.0,0.0
14,7,two_requirements,0.5,1,0.0,0.0,0.0,0.0,0.0,0.0,0.0
14,7,two_requirements,0.5,2,0.06013819875653155,0.10340790121285401,0.06013819875653155,0.0,0.10340790121285401,0.04326970245632246,0.04326970245632246
14,7,two_requirements,0.5,3,0.06013819875653158,0.13720251698247388,0.13720251698247388,0.0,0.13720251698247388,0.0,0.0
14,7,two_requirements,0.5,4,0.13720251698247388,0.13720251698247388,0.13720251698247388,0.0,0.13720251698247388,0.0,0.0
14,7,two_requirements,0.8,1,0.0,0.0,0.0,0.0,0.0,0.0,0.0
14,7,two_requirements,0.8,2,0.15395378881672073,0.2647242271049063,0.15395378881672073,0.0,0.2647242271049063,0.11077043828818556,0.11077043828818556
14,7,two_requirements,0.8,3,0.1539537888167207,0.3107747000072369,0.3107747000072369,0.0,0.3107747000072369,0.0,0.0
14,7,two_requirements,0.8,4,0.3107747000072369,0.3107747000072369,0.3107747000072369,0.0,0.3107747000072369,0.0,0.0
14,7,two_requirements,1.0,1,0.0,0.0,0.0,0.0,0.0,0.0,0.0
14,7,two_requirements,1.0,2,0.2405527950261262,0.41363160485141603,0.2405527950261262,0.0,0.41363160485141603,0.17307880982528984,0.17307880982528984
14,7,two_requirements,1.0,3,0.2405527950261263,0.44343573598224884,0.44343573598224884,0.0,0.44343573598224884,0.0,0.0
14,7,two_requirements,1.0,4,0.443435735982249,0.443435735982249,0.443435735982249,0.0,0.443435735982249,0.0,0.0
14,8,single_requirement,0.5,1,0.15578007068701308,0.3950695357029887,0.3950695357029887,0.0,0.3950695357029887,0.0,0.0
14,8,single_requirement,0.5,2,0.15578007068701308,0.5498864855403989,0.5498864855403989,0.0,0.5498864855403989,0.0,0.0
14,8,single_requirement,0.5,3,0.36589333880884234,0.6003251924929761,0.6003251924929761,0.0,0.6003251924929761,0.0,0.0
14,8,single_requirement,0.5,4,0.600325192492976,0.6003251924929761,0.600325192492976,0.0,0.600325192492976,1.1102230246251565e-16,0.0
14,8,single_requirement,0.8,1,0.2492481130992208,0.632111257124782,0.632111257124782,0.0,0.632111257124782,0.0,0.0
14,8,single_requirement,0.8,2,0.24924811309922099,0.7635016872584925,0.7635016872584925,0.0,0.7635016872584925,0.0,0.0
14,8,single_requirement,0.8,3,0.5221971180410453,0.7874931284182405,0.7874931284182405,0.0,0.7874931284182405,0.0,0.0
14,8,single_requirement,0.8,4,0.7874931284182404,0.7874931284182405,0.7874931284182404,0.0,0.7874931284182404,1.1102230246251565e-16,0.0
14,8,single_requirement,1.0,1,0.31156014137402616,0.7901390714059774,0.7901390714059774,0.0,0.7901390714059774,0.0,0.0
14,8,single_requirement,1.0,2,0.31156014137402616,0.857446534401328,0.857446534401328,0.0,0.857446534401328,0.0,0.0
14,8,single_requirement,1.0,3,0.6000528775070538,0.8633110625581378,0.8633110625581378,0.0,0.8633110625581378,0.0,0.0
14,8,single_requirement,1.0,4,0.8633110625581378,0.8633110625581378,0.8633110625581378,0.0,0.8633110625581378,0.0,0.0
14,8,three_requirements,0.5,1,0.0,0.0,0.0,0.0,0.0,0.0,0.0
14,8,three_requirements,0.5,2,0.0,0.0,0.0,0.0,0.0,0.0,0.0
14,8,three_requirements,0.5,3,0.0,0.0,0.0,0.0,0.0,0.0,0.0
14,8,three_requirements,0.5,4,0.0,0.0,0.0,0.0,0.0,0.0,0.0
14,8,three_requirements,0.8,1,0.0,0.0,0.0,0.0,0.0,0.0,0.0
14,8,three_requirements,0.8,2,0.0,0.0,0.0,0.0,0.0,0.0,0.0
14,8,three_requirements,0.8,3,0.0,0.0,0.0,0.0,0.0,0.0,0.0
14,8,three_requirements,0.8,4,0.0,0.0,0.0,0.0,0.0,0.0,0.0
14,8,three_requirements,1.0,1,0.0,0.0,0.0,0.0,0.0,0.0,0.0
14,8,three_requirements,1.0,2,0.0,0.0,0.0,0.0,0.0,0.0,0.0
14,8,three_requirements,1.0,3,0.0,0.0,0.0,0.0,0.0,0.0,0.0
14,8,three_requirements,1.0,4,0.0,0.0,0.0,0.0,0.0,0.0,0.0
14,8,two_requirements,0.5,1,0.0,0.0,0.0,0.0,0.0,0.0,0.0
14,8,two_requirements,0.5,2,0.0,0.07379532272412978,0.07379532272412978,0.0,0.07379532272412978,0.0,0.0
14,8,two_requirements,0.5,3,0.0,0.10971785651825197,0.10971785651825197,0.0,0.10971785651825197,0.0,0.0
14,8,two_requirements,0.5,4,0.10971785651825194,0.10971785651825197,0.10971785651825194,0.0,0.10971785651825194,2.7755575615628914e-17,0.0
14,8,two_requirements,0.8,1,0.0,0.0,0.0,0.0,0.0,0.0,0.0
14,8,two_requirements,0.8,2,0.0,0.1889160261737722,0.1889160261737722,0.0,0.1889160261737722,0.0,0.0
14,8,two_requirements,0.8,3,0.0,0.24619867690203462,0.24619867690203462,0.0,0.24619867690203462,0.0,0.0
14,8,two_requirements,0.8,4,0.24619867690203456,0.24619867690203462,0.24619867690203456,0.0,0.24619867690203456,5.551115123125783e-17,0.0
14,8,two_requirements,1.0,1,0.0,0.0,0.0,0.0,0.0,0.0,0.0
14,8,two_requirements,1.0,2,0.0,0.2951812908965191,0.2951812908965191,0.0,0.2951812908965191,0.0,0.0
14,8,two_requirements,1.0,3,0.0,0.34856143705037645,0.34856143705037645,0.0,0.34856143705037645,0.0,0.0
14,8,two_requirements,1.0,4,0.3485614370503764,0.34856143705037645,0.3485614370503764,0.0,0.3485614370503764,5.551115123125783e-17,0.0
14,9,single_requirement,0.5,1,0.37820054595153985,0.37820054595153985,0.37820054595153985,0.0,0.37820054595153985,0.0,0.0
14,9,single_requirement,0.5,2,0.5530926637112709,0.5530926637112709,0.5530926637112709,0.0,0.5530926637112709,0.0,0.0
14,9,single_requirement,0.5,3,0.647534595656612,0.6508127878308997,0.6508127878308997,0.0,0.6508127878308997,0.0,0.0
14,9,single_requirement,0.5,4,0.7024612225344297,0.7024612225344297,0.7024612225344297,0.0,0.7024612225344297,0.0,0.0
14,9,single_requirement,0.8,1,0.6051208735224638,0.6051208735224638,0.6051208735224638,0.0,0.6051208735224638,0.0,0.0
14,9,single_requirement,0.8,2,0.7574098838829331,0.7574098838829331,0.7574098838829331,0.0,0.7574098838829331,0.0,0.0
14,9,single_requirement,0.8,3,0.8014085909023135,0.8029358385354218,0.8029358385354218,0.0,0.8029358385354218,0.0,0.0
14,9,single_requirement,0.8,4,0.8150358580342322,0.8150358580342322,0.8150358580342322,0.0,0.8150358580342322,0.0,0.0
14,9,single_requirement,1.0,1,0.7564010919030797,0.7564010919030797,0.7564010919030797,0.0,0.7564010919030797,0.0,0.0
14,9,single_requirement,1.0,2,0.8404803731410826,0.8404803731410826,0.8404803731410826,0.0,0.8404803731410826,0.0,0.0
14,9,single_requirement,1.0,3,0.8506981648315887,0.8510528365761025,0.8510528365761025,0.0,0.8510528365761025,0.0,0.0
14,9,single_requirement,1.0,4,0.8520108634244803,0.8520108634244803,0.8520108634244803,0.0,0.8520108634244803,0.0,0.0
14,9,three_requirements,0.5,1,0.0,0.0,0.0,0.0,0.0,0.0,0.0
14,9,three_requirements,0.5,2,0.0,0.0,0.0,0.0,0.0,0.0,0.0
14,9,three_requirements,0.5,3,0.051233490784370866,0.051233490784370866,0.051233490784370866,0.0,0.051233490784370866,0.0,0.0
14,9,three_requirements,0.5,4,0.10349624327554185,0.10349624327554185,0.10349624327554185,0.0,0.10349624327554185,0.0,0.0
14,9,three_requirements,0.8,1,0.0,0.0,0.0,0.0,0.0,0.0,0.0
14,9,three_requirements,0.8,2,0.0,0.0,0.0,0.0,0.0,0.0,0.0
14,9,three_requirements,0.8,3,0.20985237825278305,0.20985237825278305,0.20985237825278305,0.0,0.20985237825278305,0.0,0.0
14,9,three_requirements,0.8,4,0.325449352801623,0.325449352801623,0.325449352801623,0.0,0.325449352801623,0.0,0.0
14,9,three_requirements,1.0,1,0.0,0.0,0.0,0.0,0.0,0.0,0.0
14,9,three_requirements,1.0,2,0.0,0.0,0.0,0.0,0.0,0.0,0.0
14,9,three_requirements,1.0,3,0.40986792627496693,0.40986792627496693,0.40986792627496693,0.0,0.40986792627496693,0.0,0.0
14,9,three_requirements,1.0,4,0.5074254811815598,0.5074254811815598,0.5074254811815598,0.0,0.5074254811815598,0.0,0.0
14,9,two_requirements,0.5,1,0.0,0.0,0.0,0.0,0.0,0.0,0.0
14,9,two_requirements,0.5,2,0.14821642111104116,0.14821642111104116,0.14821642111104116,0.0,0.14821642111104116,0.0,0.0
14,9,two_requirements,0.5,3,0.28442592836467584,0.28442592836467584,0.28442592836467584,0.0,0.28442592836467584,0.0,0.0
14,9,two_requirements,0.5,4,0.2844259283646758,0.28442592836467584,0.2844259283646758,0.0,0.2844259283646758,5.551115123125783e-17,0.0
14,9,two_requirements,0.8,1,0.0,0.0,0.0,0.0,0.0,0.0,0.0
14,9,two_requirements,0.8,2,0.37943403804426545,0.37943403804426545,0.37943403804426545,0.0,0.37943403804426545,0.0,0.0
14,9,two_requirements,0.8,3,0.5679275751315012,0.5679275751315012,0.5679275751315012,0.0,0.5679275751315012,0.0,0.0
14,9,two_requirements,0.8,4,0.5679275751315012,0.5679275751315012,0.5679275751315012,0.0,0.5679275751315012,0.0,0.0
14,9,two_requirements,1.0,1,0.0,0.0,0.0,0.0,0.0,0.0,0.0
14,9,two_requirements,1.0,2,0.5928656844441647,0.5928656844441647,0.5928656844441647,0.0,0.5928656844441647,0.0,0.0
14,9,two_requirements,1.0,3,0.7205089179324824,0.7205089179324824,0.7205089179324824,0.0,0.7205089179324824,0.0,0.0
14,9,two_requirements,1.0,4,0.7205089179324822,0.7205089179324824,0.7205089179324822,0.0,0.7205089179324822,2.220446049250313e-16,0.0
15,0,single_requirement,0.5,1,0.23358718118492794,0.3688034776981652,0.3688034776981652,0.0,0.3688034776981652,0.0,0.0
15,0,single_requirement,0.5,2,0.43553261080657374,0.5348553068422626,0.5348553068422626,0.0,0.5348553068422626,0.0,0.0
15,0,single_requirement,0.5,3,0.5534247188086103,0.6243413395332132,0.6243413395332132,0.0,0.6243413395332132,0.0,0.0
15,0,single_requirement,0.5,4,0.6622206831149278,0.6622206831149278,0.6622206831149278,0.0,0.6622206831149278,0.0,0.0
15,0,single_requirement,0.8,1,0.3737394898958847,0.5900855643170646,0.5900855643170646,0.0,0.5900855643170646,0.0,0.0
15,0,single_requirement,0.8,2,0.5969576769332448,0.7145097866277551,0.7145097866277551,0.0,0.7145097866277551,0.0,0.0
15,0,single_requirement,0.8,3,0.6697655004534954,0.7488544491559204,0.7488544491559204,0.0,0.7488544491559204,0.0,0.0
15,0,single_requirement,0.8,4,0.7563851185339696,0.7563851185339696,0.7563851185339696,0.0,0.7563851185339696,0.0,0.0
15,0,single_requirement,1.0,1,0.4671743623698559,0.7376069553963304,0.7376069553963304,0.0,0.7376069553963304,0.0,0.0
15,0,single_requirement,1.0,2,0.6629516792021617,0.775421646351472,0.775421646351472,0.0,0.775421646351472,0.0,0.0
15,0,single_requirement,1.0,3,0.6947745880193621,0.7792325515896042,0.7792325515896042,0.0,0.7792325515896042,0.0,0.0
15,0,single_requirement,1.0,4,0.7795497964433192,0.7795497964433192,0.7795497964433192,0.0,0.7795497964433192,0.0,0.0
15,0,three_requirements,0.5,1,0.0,0.0,0.0,0.0,0.0,0.0,0.0
15,0,three_requirements,0.5,2,0.0,0.0,0.0,0.0,0.0,0.0,0.0
15,0,three_requirements,0.5,3,0.0,0.04316570587317968,0.041337802328984784,0.0,0.041337802328984784,0.0018279035441948963,0.0
15,0,three_requirements,0.5,4,0.08835087446090516,0.08835087446090516,0.08835087446090516,0.0,0.08835087446090516,0.0,0.0
15,0,three_requirements,0.8,1,0.0,0.0,0.0,0.0,0.0,0.0,0.0
15,0,three_requirements,0.8,2,0.0,0.0,0.0,0.0,0.0,0.0,0.0
15,0,three_requirements,0.8,3,0.0,0.17680673125654406,0.16931963833952174,0.0,0.16931963833952174,0.00748709291702232,0.0
15,0,three_requirements,0.8,4,0.2762353252114829,0.2762353252114829,0.2762353252114829,0.0,0.2762353252114829,0.0,0.0
15,0,three_requirements,1.0,1,0.0,0.0,0.0,0.0,0.0,0.0,0.0
15,0,three_requirements,1.0,2,0.0,0.0,0.0,0.0,0.0,0.0,0.0
15,0,three_requirements,1.0,3,0.0,0.34532564698543744,0.33070241863187827,0.0,0.33070241863187827,0.01462322835355917,0.0
15,0,three_requirements,1.0,4,0.42799886879796856,0.42799886879796856,0.42799886879796856,0.0,0.42799886879796856,0.0,0.0
15,0,two_requirements,0.5,1,0.0,0.0,0.0,0.0,0.0,0.0,0.0
15,0,two_requirements,0.5,2,0.11855530390666011,0.14678289203718953,0.1427200814110135,0.0,0.14678289203718953,0.004062810626176028,0.004062810626176028
15,0,two_requirements,0.5,3,0.11855530390666011,0.29247063121695954,0.29247063121695954,0.0,0.29247063121695954,0.0,0.0
15,0,two_requirements,0.5,4,0.2924706312169596,0.2924706312169596,0.2924706312169596,0.0,0.2924706312169596,0.0,0.0
15,0,two_requirements,0.8,1,0.0,0.0,0.0,0.0,0.0,0.0,0.0
15,0,two_requirements,0.8,2,0.3035015780010498,0.3757642036152053,0.3653634084121945,0.0,0.3757642036152053,0.010400795203010793,0.010400795203010793
15,0,two_requirements,0.8,3,0.3035015780010498,0.5711821914475965,0.5711821914475965,0.0,0.5711821914475965,0.0,0.0
15,0,two_requirements,0.8,4,0.5711821914475965,0.5711821914475965,0.5711821914475965,0.0,0.5711821914475965,0.0,0.0
15,0,two_requirements,1.0,1,0.0,0.0,0.0,0.0,0.0,0.0,0.0
15,0,two_requirements,1.0,2,0.47422121562664044,0.5871315681487581,0.570880325644054,0.0,0.5871315681487581,0.01625124250470411,0.01625124250470411
15,0,two_requirements,1.0,3,0.47422121562664044,0.7075319403162236,0.7075319403162236,0.0,0.7075319403162236,0.0,0.0
15,0,two_requirements,1.0,4,0.7075319403162241,0.7075319403162241,0.7075319403162241,0.0,0.7075319403162241,0.0,0.0
15,1,single_requirement,0.5,1,0.17182863353963607,0.3519535246738243,0.3519535246738243,0.0,0.3519535246738243,0.0,0.0
15,1,single_requirement,0.5,2,0.4359311502691241,0.5442750618254799,0.5442750618254799,0.0,0.5442750618254799,0.0,0.0
15,1,single_requirement,0.5,3,0.4359311502691243,0.6029596042159977,0.6029596042159977,0.0,0.6029596042159977,0.0,0.0
15,1,single_requirement,0.5,4,0.6029596042159977,0.6029596042159977,0.6029596042159977,0.0,0.6029596042159977,0.0,0.0
15,1,single_requirement,0.8,1,0.27492581366341784,0.563125639478119,0.563125639478119,0.0,0.563125639478119,0.0,0.0
15,1,single_requirement,0.8,2,0.6317539698630231,0.7361944879584732,0.7361944879584732,0.0,0.7361944879584732,0.0,0.0
15,1,single_requirement,0.8,3,0.6317539698630231,0.7669288199703328,0.7669288199703328,0.0,0.7669288199703328,0.0,0.0
15,1,single_requirement,0.8,4,0.7669288199703328,0.7669288199703328,0.7669288199703328,0.0,0.7669288199703328,0.0,0.0
15,1,single_requirement,1.0,1,0.34365726707927213,0.7039070493476486,0.7039070493476486,0.0,0.7039070493476486,0.0,0.0
15,1,single_requirement,1.0,2,0.7349125701891324,0.808038434146179,0.808038434146179,0.0,0.808038434146179,0.0,0.0
15,1,single_requirement,1.0,3,0.7349125701891324,0.8174979608221672,0.8174979608221672,0.0,0.8174979608221672,0.0,0.0
15,1,single_requirement,1.0,4,0.8174979608221672,0.8174979608221672,0.8174979608221672,0.0,0.8174979608221672,0.0,0.0
15,1,three_requirements,0.5,1,0.0,0.0,0.0,0.0,0.0,0.0,0.0
15,1,three_requirements,0.5,2,0.0,0.0,0.0,0.0,0.0,0.0,0.0
15,1,three_requirements,0.5,3,0.0,0.0,0.0,0.0,0.0,0.0,0.0
15,1,three_requirements,0.5,4,0.0,0.0,0.0,0.0,0.0,0.0,0.0
15,1,three_requirements,0.8,1,0.0,0.0,0.0,0.0,0.0,0.0,0.0
15,1,three_requirements,0.8,2,0.0,0.0,0.0,0.0,0.0,0.0,0.0
15,1,three_requirements,0.8,3,0.0,0.0,0.0,0.0,0.0,0.0,0.0
15,1,three_requirements,0.8,4,0.0,0.0,0.0,0.0,0.0,0.0,0.0
15,1,three_requirements,1.0,1,0.0,0.0,0.0,0.0,0.0,0.0,0.0
15,1,three_requirements,1.0,2,0.0,0.0,0.0,0.0,0.0,0.0,0.0
15,1,three_requirements,1.0,3,0.0,0.0,0.0,0.0,0.0,0.0,0.0
15,1,three_requirements,1.0,4,0.0,0.0,0.0,0.0,0.0,0.0,0.0
15,1,two_requirements,0.5,1,0.0,0.0,0.0,0.0,0.0,0.0,0.0
15,1,two_requirements,0.5,2,0.0,0.12705091174998298,0.0,0.0,0.12705091174998298,0.12705091174998298,0.12705091174998298
15,1,two_requirements,0.5,3,0.06989482821379528,0.1667373796366861,0.12705091174998295,0.0,0.1667373796366861,0.03968646788670316,0.03968646788670316
15,1,two_requirements,0.5,4,0.16673737963668617,0.16673737963668617,0.16673737963668617,0.0,0.16673737963668617,0.0,0.0
15,1,two_requirements,0.8,1,0.0,0.0,0.0,0.0,0.0,0.0,0.0
15,1,two_requirements,0.8,2,0.0,0.3252503340799564,0.0,0.0,0.3252503340799564,0.3252503340799564,0.3252503340799564
15,1,two_requirements,0.8,3,0.17893076022731597,0.38044765040750295,0.32525033407995646,0.0,0.38044765040750295,0.055197316327546486,0.055197316327546486
15,1,two_requirements,0.8,4,0.38044765040750295,0.38044765040750295,0.38044765040750295,0.0,0.38044765040750295,0.0,0.0
15,1,two_requirements,1.0,1,0.0,0.0,0.0,0.0,0.0,0.0,0.0
15,1,two_requirements,1.0,2,0.0,0.5082036469999319,0.0,0.0,0.5082036469999319,0.5082036469999319,0.5082036469999319
15,1,two_requirements,1.0,3,0.279579312855181,0.546116077238376,0.5082036469999318,0.0,0.546116077238376,0.03791243023844415,0.03791243023844415
15,1,two_requirements,1.0,4,0.546116077238376,0.546116077238376,0.546116077238376,0.0,0.546116077238376,0.0,0.0
15,2,single_requirement,0.5,1,0.3184806709451194,0.36501884427378173,0.36501884427378173,0.0,0.36501884427378173,0.0,0.0
15,2,single_requirement,0.5,2,0.5017196065539969,0.537086629186678,0.537086629186678,0.0,0.537086629186678,0.0,0.0
15,2,single_requirement,0.5,3,0.501719606553997,0.6360864135894483,0.6360864135894483,0.0,0.6360864135894483,0.0,0.0
15,2,single_requirement,0.5,4,0.6360864135894483,0.6360864135894483,0.6360864135894483,0.0,0.6360864135894483,0.0,0.0
15,2,single_requirement,0.8,1,0.5095690735121909,0.5840301508380507,0.5840301508380507,0.0,0.5840301508380507,0.0,0.0
15,2,single_requirement,0.8,2,0.673742122639895,0.7187822361077505,0.7187822361077505,0.0,0.7187822361077505,0.0,0.0
15,2,single_requirement,0.8,3,0.673742122639895,0.7621966854238426,0.7621966854238426,0.0,0.7621966854238426,0.0,0.0
15,2,single_requirement,0.8,4,0.7621966854238427,0.7621966854238427,0.7621966854238427,0.0,0.7621966854238427,0.0,0.0
15,2,single_requirement,1.0,1,0.6369613418902388,0.7300376885475635,0.7300376885475635,0.0,0.7300376885475635,0.0,0.0
15,2,single_requirement,1.0,2,0.7346699467611189,0.7813474863089098,0.7813474863089098,0.0,0.7813474863089098,0.0,0.0
15,2,single_requirement,1.0,3,0.7346699467611189,0.7892183073866703,0.7892183073866703,0.0,0.7892183073866703,0.0,0.0
15,2,single_requirement,1.0,4,0.78921830738667,0.7892183073866703,0.78921830738667,0.0,0.78921830738667,3.3306690738754696e-16,0.0
15,2,three_requirements,0.5,1,0.0,0.0,0.0,0.0,0.0,0.0,0.0
15,2,three_requirements,0.5,2,0.0,0.0,0.0,0.0,0.0,0.0,0.0
15,2,three_requirements,0.5,3,0.027119392908174486,0.03574691688170131,0.027119392908174486,0.0,0.03574691688170131,0.008627523973526827,0.008627523973526827
15,2,three_requirements,0.5,4,0.07031652761364951,0.07031652761364951,0.07031652761364951,0.0,0.07031652761364951,0.0,0.0
15,2,three_requirements,0.8,1,0.0,0.0,0.0,0.0,0.0,0.0,0.0
15,2,three_requirements,0.8,2,0.0,0.0,0.0,0.0,0.0,0.0,0.0
15,2,three_requirements,0.8,3,0.11108103335188277,0.1464193715474486,0.11108103335188277,0.0,0.1464193715474486,0.03533833819556584,0.03533833819556584
15,2,three_requirements,0.8,4,0.22147773691996792,0.22147773691996792,0.22147773691996792,0.0,0.22147773691996792,0.0,0.0
15,2,three_requirements,1.0,1,0.0,0.0,0.0,0.0,0.0,0.0,0.0
15,2,three_requirements,1.0,2,0.0,0.0,0.0,0.0,0.0,0.0,0.0
15,2,three_requirements,1.0,3,0.2169551432653959,0.2859753350536105,0.2169551432653959,0.0,0.2859753350536105,0.06902019178821461,0.06902019178821461
15,2,three_requirements,1.0,4,0.34593469426355616,0.34593469426355616,0.34593469426355616,0.0,0.34593469426355616,0.0,0.0
15,2,two_requirements,0.5,1,0.0,0.0,0.0,0.0,0.0,0.0,0.0
15,2,two_requirements,0.5,2,0.0,0.10647022526474273,0.10647022526474273,0.0,0.10647022526474273,0.0,0.0
15,2,two_requirements,0.5,3,0.10647022526474273,0.10647022526474273,0.10647022526474273,0.0,0.10647022526474273,0.0,0.0
15,2,two_requirements,0.5,4,0.1686078638920744,0.1686078638920744,0.1686078638920744,0.0,0.1686078638920744,0.0,0.0
15,2,two_requirements,0.8,1,0.0,0.0,0.0,0.0,0.0,0.0,0.0
15,2,two_requirements,0.8,2,0.0,0.2725637766777414,0.2725637766777414,0.0,0.2725637766777414,0.0,0.0
15,2,two_requirements,0.8,3,0.27256377667774134,0.27256377667774145,0.27256377667774134,0.0,0.27256377667774134,1.1102230246251565e-16,0.0
15,2,two_requirements,0.8,4,0.3748565462839887,0.3748565462839887,0.3748565462839887,0.0,0.3748565462839887,0.0,0.0
15,2,two_requirements,1.0,1,0.0,0.0,0.0,0.0,0.0,0.0,0.0
15,2,two_requirements,1.0,2,0.0,0.4258809010589709,0.4258809010589709,0.0,0.4258809010589709,0.0,0.0
15,2,two_requirements,1.0,3,0.425880901058971,0.425880901058971,0.425880901058971,0.0,0.425880901058971,0.0,0.0
15,2,two_requirements,1.0,4,0.5038197209537487,0.5038197209537487,0.5038197209537487,0.0,0.5038197209537487,0.0,0.0
15,3,single_requirement,0.5,1,0.0,0.35053436499946544,0.35053436499946544,0.0,0.35053436499946544,0.0,0.0
15,3,single_requirement,0.5,2,0.23245092015659208,0.48863003030427393,0.48863003030427393,0.0,0.48863003030427393,0.0,0.0
15,3,single_requirement,0.5,3,0.3964897837489193,0.5644638887432969,0.5644638887432969,0.0,0.5644638887432969,0.0,0.0
15,3,single_requirement,0.5,4,0.5644638887432969,0.5644638887432969,0.5644638887432969,0.0,0.5644638887432969,0.0,0.0
15,3,single_requirement,0.8,1,0.0,0.5608549839991447,0.5608549839991447,0.0,0.5608549839991447,0.0,0.0
15,3,single_requirement,0.8,2,0.37192147225054717,0.66867570042413,0.66867570042413,0.0,0.66867570042413,0.0,0.0
15,3,single_requirement,0.8,3,0.5461567762915807,0.7046547678231599,0.7046547678231599,0.0,0.7046547678231599,0.0,0.0
15,3,single_requirement,0.8,4,0.7046547678231599,0.7046547678231599,0.7046547678231599,0.0,0.7046547678231599,0.0,0.0
15,3,single_requirement,1.0,1,0.0,0.7010687299989309,0.7010687299989309,0.0,0.7010687299989309,0.0,0.0
15,3,single_requirement,1.0,2,0.46490184031318404,0.7415676688112386,0.7415676688112386,0.0,0.7415676688112386,0.0,0.0
15,3,single_requirement,1.0,3,0.6091735722755671,0.7492649944037812,0.7492649944037812,0.0,0.7492649944037812,0.0,0.0
15,3,single_requirement,1.0,4,0.7492649944037811,0.7492649944037812,0.7492649944037811,0.0,0.7492649944037811,1.1102230246251565e-16,0.0
15,3,three_requirements,0.5,1,0.0,0.0,0.0,0.0,0.0,0.0,0.0
15,3,three_requirements,0.5,2,0.0,0.0,0.0,0.0,0.0,0.0,0.0
15,3,three_requirements,0.5,3,0.0,0.03353994581657471,0.0,0.0,0.03353994581657471,0.03353994581657471,0.03353994581657471
15,3,three_requirements,0.5,4,0.03353994581657469,0.03353994581657471,0.03353994581657469,0.0,0.03353994581657469,2.0816681711721685e-17,0.0
15,3,three_requirements,0.8,1,0.0,0.0,0.0,0.0,0.0,0.0,0.0
15,3,three_requirements,0.8,2,0.0,0.0,0.0,0.0,0.0,0.0,0.0
15,3,three_requirements,0.8,3,0.0,0.13737961806468982,0.0,0.0,0.13737961806468982,0.13737961806468982,0.13737961806468982
15,3,three_requirements,0.8,4,0.13737961806468993,0.13737961806468993,0.13737961806468993,0.0,0.13737961806468993,0.0,0.0
15,3,three_requirements,1.0,1,0.0,0.0,0.0,0.0,0.0,0.0,0.0
15,3,three_requirements,1.0,2,0.0,0.0,0.0,0.0,0.0,0.0,0.0
15,3,three_requirements,1.0,3,0.0,0.2683195665325977,0.0,0.0,0.2683195665325977,0.2683195665325977,0.2683195665325977
15,3,three_requirements,1.0,4,0.26831956653259736,0.2683195665325977,0.26831956653259736,0.0,0.26831956653259736,3.3306690738754696e-16,0.0
15,3,two_requirements,0.5,1,0.0,0.0,0.0,0.0,0.0,0.0,0.0
15,3,two_requirements,0.5,2,0.0,0.09285321940038908,0.09285321940038908,0.0,0.09285321940038908,0.0,0.0
15,3,two_requirements,0.5,3,0.054016281709468206,0.12199817569978494,0.12199817569978494,0.0,0.12199817569978494,0.0,0.0
15,3,two_requirements,0.5,4,0.12199817569978494,0.12199817569978494,0.12199817569978494,0.0,0.12199817569978494,0.0,0.0
15,3,two_requirements,0.8,1,0.0,0.0,0.0,0.0,0.0,0.0,0.0
15,3,two_requirements,0.8,2,0.0,0.23770424166499604,0.23770424166499604,0.0,0.23770424166499604,0.0,0.0
15,3,two_requirements,0.8,3,0.13828168117623868,0.2741129739615782,0.2741129739615782,0.0,0.2741129739615782,0.0,0.0
15,3,two_requirements,0.8,4,0.2741129739615782,0.2741129739615782,0.2741129739615782,0.0,0.2741129739615782,0.0,0.0
15,3,two_requirements,1.0,1,0.0,0.0,0.0,0.0,0.0,0.0,0.0
15,3,two_requirements,1.0,2,0.0,0.37141287760155633,0.37141287760155633,0.0,0.37141287760155633,0.0,0.0
15,3,two_requirements,1.0,3,0.21606512683787277,0.38850740115885024,0.38850740115885024,0.0,0.38850740115885024,0.0,0.0
15,3,two_requirements,1.0,4,0.38850740115885013,0.38850740115885024,0.38850740115885013,0.0,0.38850740115885013,1.1102230246251565e-16,0.0
15,4,single_requirement,0.5,1,0.3254355027739317,0.3417245974456911,0.3417245974456911,0.0,0.3417245974456911,0.0,0.0
15,4,single_requirement,0.5,2,0.5187176487941048,0.5271562217762678,0.5271562217762678,0.0,0.5271562217762678,0.0,0.0
15,4,single_requirement,0.5,3,0.6274254275545645,0.6313324665453464,0.6313324665453464,0.0,0.6313324665453464,0.0,0.0
15,4,single_requirement,0.5,4,0.6893990873469754,0.6893990873469754,0.6893990873469754,0.0,0.6893990873469754,0.0,0.0
15,4,single_requirement,0.8,1,0.5206968044382907,0.5467593559131058,0.5467593559131058,0.0,0.5467593559131058,0.0,0.0
15,4,single_requirement,0.8,2,0.6957368842235659,0.7017021001730143,0.7017021001730143,0.0,0.7017021001730143,0.0,0.0
15,4,single_requirement,0.8,3,0.7492437208150291,0.7511667965987491,0.7511667965987491,0.0,0.7511667965987491,0.0,0.0
15,4,single_requirement,0.8,4,0.7647920615918975,0.7647920615918975,0.7647920615918975,0.0,0.7647920615918975,0.0,0.0
15,4,single_requirement,1.0,1,0.6508710055478634,0.6834491948913822,0.6834491948913822,0.0,0.6834491948913822,0.0,0.0
15,4,single_requirement,1.0,2,0.757828310406956,0.760602370699351,0.760602370699351,0.0,0.760602370699351,0.0,0.0
15,4,single_requirement,1.0,3,0.7722160523805784,0.77273315860353,0.77273315860353,0.0,0.77273315860353,0.0,0.0
15,4,single_requirement,1.0,4,0.7737159368797033,0.7737159368797033,0.7737159368797033,0.0,0.7737159368797033,0.0,0.0
15,4,three_requirements,0.5,1,0.0,0.0,0.0,0.0,0.0,0.0,0.0
15,4,three_requirements,0.5,2,0.0,0.0,0.0,0.0,0.0,0.0,0.0
15,4,three_requirements,0.5,3,0.040018934739868735,0.049196417160198944,0.040018934739868735,0.0,0.040018934739868735,0.009177482420330209,0.0
15,4,three_requirements,0.5,4,0.08993852462794005,0.08993852462794005,0.08993852462794005,0.0,0.08993852462794005,0.0,0.0
15,4,three_requirements,0.8,1,0.0,0.0,0.0,0.0,0.0,0.0,0.0
15,4,three_requirements,0.8,2,0.0,0.0,0.0,0.0,0.0,0.0,0.0
15,4,three_requirements,0.8,3,0.16391755669450234,0.20150852468817487,0.16391755669450234,0.0,0.16391755669450234,0.037590967993672536,0.0
15,4,three_requirements,0.8,4,0.2825910931210979,0.2825910931210979,0.2825910931210979,0.0,0.2825910931210979,0.0,0.0
15,4,three_requirements,1.0,1,0.0,0.0,0.0,0.0,0.0,0.0,0.0
15,4,three_requirements,1.0,2,0.0,0.0,0.0,0.0,0.0,0.0,0.0
15,4,three_requirements,1.0,3,0.3201514779189499,0.39357133728159155,0.3201514779189499,0.0,0.3201514779189499,0.07341985936264167,0.0
15,4,three_requirements,1.0,4,0.4402207499045605,0.4402207499045605,0.4402207499045605,0.0,0.4402207499045605,0.0,0.0
15,4,two_requirements,0.5,1,0.0,0.0,0.0,0.0,0.0,0.0,0.0
15,4,two_requirements,0.5,2,0.0,0.12262095961310951,0.12262095961310951,0.0,0.12262095961310951,0.0,0.0
15,4,two_requirements,0.5,3,0.1935334042555935,0.1935334042555935,0.1935334042555935,0.0,0.1935334042555935,0.0,0.0
15,4,two_requirements,0.5,4,0.2311749974889758,0.2311749974889758,0.2311749974889758,0.0,0.2311749974889758,0.0,0.0
15,4,two_requirements,0.8,1,0.0,0.0,0.0,0.0,0.0,0.0,0.0
15,4,two_requirements,0.8,2,0.0,0.31390965660956044,0.31390965660956044,0.0,0.31390965660956044,0.0,0.0
15,4,two_requirements,0.8,3,0.4166611644840129,0.4166611644840129,0.4166611644840129,0.0,0.4166611644840129,0.0,0.0
15,4,two_requirements,0.8,4,0.44630515281524685,0.44630515281524685,0.44630515281524685,0.0,0.44630515281524685,0.0,0.0
15,4,two_requirements,1.0,1,0.0,0.0,0.0,0.0,0.0,0.0,0.0
15,4,two_requirements,1.0,2,0.0,0.49048383845243804,0.49048383845243804,0.0,0.49048383845243804,0.0,0.0
15,4,two_requirements,1.0,3,0.5689660378288677,0.5689660378288677,0.5689660378288677,0.0,0.5689660378288677,0.0,0.0
15,4,two_requirements,1.0,4,0.5789299527776096,0.5789299527776096,0.5789299527776096,0.0,0.5789299527776096,0.0,0.0
15,5,single_requirement,0.5,1,0.30511898051036473,0.32561534720110136,0.32561534720110136,0.0,0.32561534720110136,0.0,0.0
15,5,single_requirement,0.5,2,0.4884391567681382,0.5079141625917203,0.5079141625917203,0.0,0.5079141625917203,0.0,0.0
15,5,single_requirement,0.5,3,0.608258957844149,0.608258957844149,0.608258957844149,0.0,0.608258957844149,0.0,0.0
15,5,single_requirement,0.5,4,0.608258957844149,0.608258957844149,0.608258957844149,0.0,0.608258957844149,0.0,0.0
15,5,single_requirement,0.8,1,0.4881903688165839,0.5209845555217621,0.5209845555217621,0.0,0.5209845555217621,0.0,0.0
15,5,single_requirement,0.8,2,0.655058968126349,0.685238471011612,0.685238471011612,0.0,0.685238471011612,0.0,0.0
15,5,single_requirement,0.8,3,0.734446763939696,0.734446763939696,0.734446763939696,0.0,0.734446763939696,0.0,0.0
15,5,single_requirement,0.8,4,0.7344467639396957,0.734446763939696,0.7344467639396957,0.0,0.7344467639396957,3.3306690738754696e-16,0.0
15,5,single_requirement,1.0,1,0.6102379610207295,0.6512306944022027,0.6512306944022027,0.0,0.6512306944022027,0.0,0.0
15,5,single_requirement,1.0,2,0.7134539745723758,0.7503612644852311,0.7503612644852311,0.0,0.7503612644852311,0.0,0.0
15,5,single_requirement,1.0,3,0.7634812302341556,0.7634812302341556,0.7634812302341556,0.0,0.7634812302341556,0.0,0.0
15,5,single_requirement,1.0,4,0.7634812302341555,0.7634812302341556,0.7634812302341555,0.0,0.7634812302341555,1.1102230246251565e-16,0.0
15,5,three_requirements,0.5,1,0.0,0.0,0.0,0.0,0.0,0.0,0.0
15,5,three_requirements,0.5,2,0.0,0.0,0.0,0.0,0.0,0.0,0.0
15,5,three_requirements,0.5,3,0.020207671025727438,0.039273960904340946,0.020207671025727438,0.0,0.037606924442082,0.01906628987861351,0.017399253416354565
15,5,three_requirements,0.5,4,0.07167538696234949,0.07167538696234949,0.07167538696234949,0.0,0.07167538696234949,0.0,0.0
15,5,three_requirements,0.8,1,0.0,0.0,0.0,0.0,0.0,0.0,0.0
15,5,three_requirements,0.8,2,0.0,0.0,0.0,0.0,0.0,0.0,0.0
15,5,three_requirements,0.8,3,0.0827706205213797,0.16086614386418052,0.0827706205213797,0.0,0.15403796251476803,0.07809552334280082,0.07126734199338833
15,5,three_requirements,0.8,4,0.23112697985625685,0.23112697985625685,0.23112697985625685,0.0,0.23112697985625685,0.0,0.0
15,5,three_requirements,1.0,1,0.0,0.0,0.0,0.0,0.0,0.0,0.0
15,5,three_requirements,1.0,2,0.0,0.0,0.0,0.0,0.0,0.0,0.0
15,5,three_requirements,1.0,3,0.1616613682058195,0.31419168723472757,0.1616613682058195,0.0,0.300855395536656,0.15253031902890807,0.13919402733083652
15,5,three_requirements,1.0,4,0.37009774042038857,0.37009774042038857,0.37009774042038857,0.0,0.37009774042038857,0.0,0.0
15,5,two_requirements,0.5,1,0.0,0.0,0.0,0.0,0.0,0.0,0.0
15,5,two_requirements,0.5,2,0.0,0.10929341271461258,0.10929341271461258,0.0,0.10929341271461258,0.0,0.0
15,5,two_requirements,0.5,3,0.16489662752880208,0.16489662752880208,0.16489662752880208,0.0,0.16489662752880208,0.0,0.0
15,5,two_requirements,0.5,4,0.20805046003105945,0.20805046003105945,0.20805046003105945,0.0,0.20805046003105945,0.0,0.0
15,5,two_requirements,0.8,1,0.0,0.0,0.0,0.0,0.0,0.0,0.0
15,5,two_requirements,0.8,2,0.0,0.27979113654940824,0.27979113654940824,0.0,0.27979113654940824,0.0,0.0
15,5,two_requirements,0.8,3,0.36003720263360334,0.36003720263360334,0.36003720263360334,0.0,0.36003720263360334,0.0,0.0
15,5,two_requirements,0.8,4,0.42224878369473745,0.42224878369473745,0.42224878369473745,0.0,0.42224878369473745,0.0,0.0
15,5,two_requirements,1.0,1,0.0,0.0,0.0,0.0,0.0,0.0,0.0
15,5,two_requirements,1.0,2,0.0,0.43717365085845034,0.43717365085845034,0.0,0.43717365085845034,0.0,0.0
15,5,two_requirements,1.0,3,0.49787254178153584,0.49787254178153584,0.49787254178153584,0.0,0.49787254178153584,0.0,0.0
15,5,two_requirements,1.0,4,0.5448049807888871,0.5448049807888871,0.5448049807888871,0.0,0.5448049807888871,0.0,0.0
15,6,single_requirement,0.5,1,0.0,0.4096173799295839,0.4096173799295839,0.0,0.4096173799295839,0.0,0.0
15,6,single_requirement,0.5,2,0.3627548858914187,0.6101579784366303,0.6101579784366303,0.0,0.6101579784366303,0.0,0.0
15,6,single_requirement,0.5,3,0.6101579784366303,0.6101579784366303,0.6101579784366303,0.0,0.6101579784366303,0.0,0.0
15,6,single_requirement,0.5,4,0.6101579784366302,0.6101579784366303,0.6101579784366302,0.0,0.6101579784366302,1.1102230246251565e-16,0.0
15,6,single_requirement,0.8,1,0.0,0.6553878078873342,0.6553878078873342,0.0,0.6553878078873342,0.0,0.0
15,6,single_requirement,0.8,2,0.5804078174262698,0.8205270496096111,0.8205270496096111,0.0,0.8205270496096111,0.0,0.0
15,6,single_requirement,0.8,3,0.8205270496096111,0.8205270496096111,0.8205270496096111,0.0,0.8205270496096111,0.0,0.0
15,6,single_requirement,0.8,4,0.8205270496096112,0.8205270496096112,0.8205270496096112,0.0,0.8205270496096112,0.0,0.0
15,6,single_requirement,1.0,1,0.0,0.8192347598591678,0.8192347598591678,0.0,0.8192347598591678,0.0,0.0
15,6,single_requirement,1.0,2,0.7255097717828374,0.895887382104516,0.895887382104516,0.0,0.895887382104516,0.0,0.0
15,6,single_requirement,1.0,3,0.8958873821045159,0.8958873821045162,0.8958873821045159,0.0,0.8958873821045159,3.3306690738754696e-16,0.0
15,6,single_requirement,1.0,4,0.8958873821045161,0.8958873821045162,0.8958873821045161,0.0,0.8958873821045161,1.1102230246251565e-16,0.0
15,6,three_requirements,0.5,1,0.0,0.0,0.0,0.0,0.0,0.0,0.0
15,6,three_requirements,0.5,2,0.0,0.0,0.0,0.0,0.0,0.0,0.0
15,6,three_requirements,0.5,3,0.052571139715713845,0.05960983439527709,0.052571139715713845,0.0,0.052571139715713845,0.007038694679563244,0.0
15,6,three_requirements,0.5,4,0.11196228287355495,0.11196228287355495,0.11196228287355495,0.0,0.11196228287355495,0.0,0.0
15,6,three_requirements,0.8,1,0.0,0.0,0.0,0.0,0.0,0.0,0.0
15,6,three_requirements,0.8,2,0.0,0.0,0.0,0.0,0.0,0.0,0.0
15,6,three_requirements,0.8,3,0.21533138827556403,0.24416188168305494,0.21533138827556403,0.0,0.21533138827556403,0.028830493407490915,0.0
15,6,three_requirements,0.8,4,0.3522320092608854,0.3522320092608854,0.3522320092608854,0.0,0.3522320092608854,0.0,0.0
15,6,three_requirements,1.0,1,0.0,0.0,0.0,0.0,0.0,0.0,0.0
15,6,three_requirements,1.0,2,0.0,0.0,0.0,0.0,0.0,0.0,0.0
15,6,three_requirements,1.0,3,0.42056911772571076,0.4768786751622167,0.42056911772571076,0.0,0.42056911772571076,0.05630955743650595,0.0
15,6,three_requirements,1.0,4,0.5494563964871515,0.5494563964871515,0.5494563964871515,0.0,0.5494563964871515,0.0,0.0
15,6,two_requirements,0.5,1,0.0,0.0,0.0,0.0,0.0,0.0,0.0
15,6,two_requirements,0.5,2,0.09064403071679858,0.1468401379381748,0.09064403071679858,0.0,0.1468401379381748,0.05619610722137622,0.05619610722137622
15,6,two_requirements,0.5,3,0.19695058132026316,0.21409619958043494,0.19695058132026316,0.0,0.21409619958043494,0.017145618260171774,0.017145618260171774
15,6,two_requirements,0.5,4,0.24130688330826822,0.24130688330826822,0.24130688330826822,0.0,0.24130688330826822,0.0,0.0
15,6,two_requirements,0.8,1,0.0,0.0,0.0,0.0,0.0,0.0,0.0
15,6,two_requirements,0.8,2,0.2320487186350043,0.3759107531217275,0.2320487186350043,0.0,0.3759107531217275,0.14386203448672322,0.14386203448672322
15,6,two_requirements,0.8,3,0.4419338980337591,0.46452415193285584,0.4419338980337591,0.0,0.46452415193285584,0.022590253899096746,0.022590253899096746
15,6,two_requirements,0.8,4,0.4822726762888378,0.4822726762888378,0.4822726762888378,0.0,0.4822726762888378,0.0,0.0
15,6,two_requirements,1.0,1,0.0,0.0,0.0,0.0,0.0,0.0,0.0
15,6,two_requirements,1.0,2,0.3625761228671943,0.5873605517526992,0.3625761228671943,0.0,0.5873605517526992,0.22478442888550487,0.22478442888550487
15,6,two_requirements,1.0,3,0.625667975942212,0.6387751134439856,0.625667975942212,0.0,0.6387751134439856,0.013107137501773614,0.013107137501773614
15,6,two_requirements,1.0,4,0.6420706420003022,0.6420706420003022,0.6420706420003022,0.0,0.6420706420003022,0.0,0.0
15,7,single_requirement,0.5,1,0.0,0.3409163726206108,0.3409163726206108,0.0,0.3409163726206108,0.0,0.0
15,7,single_requirement,0.5,2,0.0,0.5072708224599862,0.5072708224599862,0.0,0.5072708224599862,0.0,0.0
15,7,single_requirement,0.5,3,0.34091637262061086,0.5072708224599862,0.5072708224599862,0.0,0.5072708224599862,0.0,0.0
15,7,single_requirement,0.5,4,0.5072708224599862,0.5072708224599862,0.5072708224599862,0.0,0.5072708224599862,0.0,0.0
15,7,single_requirement,0.8,1,0.0,0.5454661961929773,0.5454661961929773,0.0,0.5454661961929773,0.0,0.0
15,7,single_requirement,0.8,2,0.0,0.6764022545935042,0.6764022545935042,0.0,0.6764022545935042,0.0,0.0
15,7,single_requirement,0.8,3,0.5454661961929773,0.6764022545935042,0.676402254593504,0.0,0.676402254593504,2.220446049250313e-16,0.0
15,7,single_requirement,0.8,4,0.676402254593504,0.6764022545935042,0.676402254593504,0.0,0.676402254593504,2.220446049250313e-16,0.0
15,7,single_requirement,1.0,1,0.0,0.6818327452412216,0.6818327452412216,0.0,0.6818327452412216,0.0,0.0
15,7,single_requirement,1.0,2,0.0,0.7328102671231513,0.7328102671231513,0.0,0.7328102671231513,0.0,0.0
15,7,single_requirement,1.0,3,0.6818327452412215,0.7328102671231513,0.7328102671231513,0.0,0.7328102671231513,0.0,0.0
15,7,single_requirement,1.0,4,0.7328102671231514,0.7328102671231514,0.7328102671231514,0.0,0.7328102671231514,0.0,0.0
15,7,three_requirements,0.5,1,0.0,0.0,0.0,0.0,0.0,0.0,0.0
15,7,three_requirements,0.5,2,0.0,0.0,0.0,0.0,0.0,0.0,0.0
15,7,three_requirements,0.5,3,0.0,0.037048489642378855,0.0,0.0,0.037048489642378855,0.037048489642378855,0.037048489642378855
15,7,three_requirements,0.5,4,0.05894079227751128,0.05894079227751128,0.05894079227751128,0.0,0.05894079227751128,0.0,0.0
15,7,three_requirements,0.8,1,0.0,0.0,0.0,0.0,0.0,0.0,0.0
15,7,three_requirements,0.8,2,0.0,0.0,0.0,0.0,0.0,0.0,0.0
15,7,three_requirements,0.8,3,0.0,0.15175061357518382,0.0,0.0,0.15175061357518382,0.15175061357518382,0.15175061357518382
15,7,three_requirements,0.8,4,0.20431514831107384,0.20431514831107384,0.20431514831107384,0.0,0.20431514831107384,0.0,0.0
15,7,three_requirements,1.0,1,0.0,0.0,0.0,0.0,0.0,0.0,0.0
15,7,three_requirements,1.0,2,0.0,0.0,0.0,0.0,0.0,0.0,0.0
15,7,three_requirements,1.0,3,0.0,0.29638791713903084,0.0,0.0,0.29638791713903084,0.29638791713903084,0.29638791713903084
15,7,three_requirements,1.0,4,0.35073748126171633,0.35073748126171633,0.35073748126171633,0.0,0.35073748126171633,0.0,0.0
15,7,two_requirements,0.5,1,0.0,0.0,0.0,0.0,0.0,0.0,0.0
15,7,two_requirements,0.5,2,0.04631669821820868,0.114835279605422,0.09769781482108386,0.0,0.114835279605422,0.01713746478433814,0.01713746478433814
15,7,two_requirements,0.5,3,0.046316698218208635,0.196758052019168,0.196758052019168,0.0,0.196758052019168,0.0,0.0
15,7,two_requirements,0.5,4,0.19675805201916796,0.196758052019168,0.19675805201916796,0.0,0.19675805201916796,2.7755575615628914e-17,0.0
15,7,two_requirements,0.8,1,0.0,0.0,0.0,0.0,0.0,0.0,0.0
15,7,two_requirements,0.8,2,0.11857074743861407,0.29397831578988043,0.25010640594197464,0.0,0.29397831578988043,0.04387190984790579,0.04387190984790579
15,7,two_requirements,0.8,3,0.1185707474386141,0.4083276995682308,0.4083276995682308,0.0,0.4083276995682308,0.0,0.0
15,7,two_requirements,0.8,4,0.40832769956823045,0.4083276995682308,0.40832769956823045,0.0,0.40832769956823045,3.3306690738754696e-16,0.0
15,7,two_requirements,1.0,1,0.0,0.0,0.0,0.0,0.0,0.0,0.0
15,7,two_requirements,1.0,2,0.1852667928728347,0.459341118421688,0.39079125928433545,0.0,0.459341118421688,0.06854985913735256,0.06854985913735256
15,7,two_requirements,1.0,3,0.18526679287283437,0.5386652455744856,0.5386652455744856,0.0,0.5386652455744856,0.0,0.0
15,7,two_requirements,1.0,4,0.5386652455744856,0.5386652455744856,0.5386652455744856,0.0,0.5386652455744856,0.0,0.0
15,8,single_requirement,0.5,1,0.24583246478800883,0.30612939152452445,0.30612939152452445,0.0,0.30612939152452445,0.0,0.0
15,8,single_requirement,0.5,2,0.45257780679967463,0.4644276807805675,0.4644276807805675,0.0,0.4644276807805675,0.0,0.0
15,8,single_requirement,0.5,3,0.547418276111321,0.547418276111321,0.547418276111321,0.0,0.547418276111321,0.0,0.0
15,8,single_requirement,0.5,4,0.5474182761113212,0.5474182761113212,0.5474182761113212,0.0,0.5474182761113212,0.0,0.0
15,8,single_requirement,0.8,1,0.39333194366081425,0.48980702643923923,0.48980702643923923,0.0,0.48980702643923923,0.0,0.0
15,8,single_requirement,0.8,2,0.6287158033471352,0.6399556074659158,0.6399556074659158,0.0,0.6399556074659158,0.0,0.0
15,8,single_requirement,0.8,3,0.6825590947641579,0.6825590947641579,0.6825590947641579,0.0,0.6825590947641579,0.0,0.0
15,8,single_requirement,0.8,4,0.6825590947641579,0.6825590947641579,0.6825590947641579,0.0,0.6825590947641579,0.0,0.0
15,8,single_requirement,1.0,1,0.49166492957601765,0.6122587830490489,0.6122587830490489,0.0,0.6122587830490489,0.0,0.0
15,8,single_requirement,1.0,2,0.7063875145736318,0.7140039411799008,0.7140039411799008,0.0,0.7140039411799008,0.0,0.0
15,8,single_requirement,1.0,3,0.7265585008644014,0.7265585008644014,0.7265585008644014,0.0,0.7265585008644014,0.0,0.0
15,8,single_requirement,1.0,4,0.7265585008644012,0.7265585008644014,0.7265585008644012,0.0,0.7265585008644012,2.220446049250313e-16,0.0
15,8,three_requirements,0.5,1,0.0,0.0,0.0,0.0,0.0,0.0,0.0
15,8,three_requirements,0.5,2,0.0,0.0,0.0,0.0,0.0,0.0,0.0
15,8,three_requirements,0.5,3,0.02297156197874168,0.035672771620475614,0.02297156197874168,0.0,0.03390534914055404,0.012701209641733935,0.010933787161812362
15,8,three_requirements,0.5,4,0.08122065711330034,0.08122065711330034,0.08122065711330034,0.0,0.08122065711330034,0.0,0.0
15,8,three_requirements,0.8,1,0.0,0.0,0.0,0.0,0.0,0.0,0.0
15,8,three_requirements,0.8,2,0.0,0.0,0.0,0.0,0.0,0.0,0.0
15,8,three_requirements,0.8,3,0.09409151786492592,0.14611567255746824,0.09409151786492592,0.0,0.13887631007970938,0.05202415469254232,0.04478479221478346
15,8,three_requirements,0.8,4,0.24839313728804546,0.24839313728804546,0.24839313728804546,0.0,0.24839313728804546,0.0,0.0
15,8,three_requirements,1.0,1,0.0,0.0,0.0,0.0,0.0,0.0,0.0
15,8,three_requirements,1.0,2,0.0,0.0,0.0,0.0,0.0,0.0,0.0
15,8,three_requirements,1.0,3,0.18377249582993344,0.2853821729638049,0.18377249582993344,0.0,0.27124279312443234,0.10160967713387148,0.0874702972944989
15,8,three_requirements,1.0,4,0.3753945725052546,0.3753945725052546,0.3753945725052546,0.0,0.3753945725052546,0.0,0.0
15,8,two_requirements,0.5,1,0.0,0.0,0.0,0.0,0.0,0.0,0.0
15,8,two_requirements,0.5,2,0.07321620573496147,0.10604010846973135,0.10604010846973135,0.0,0.10604010846973135,0.0,0.0
15,8,two_requirements,0.5,3,0.12758588046277883,0.1522679617826837,0.1522679617826837,0.0,0.1522679617826837,0.0,0.0
15,8,two_requirements,0.5,4,0.17454598367167953,0.17454598367167953,0.17454598367167953,0.0,0.17454598367167953,0.0,0.0
15,8,two_requirements,0.8,1,0.0,0.0,0.0,0.0,0.0,0.0,0.0
15,8,two_requirements,0.8,2,0.18743348668150148,0.2714626776825122,0.2714626776825122,0.0,0.2714626776825122,0.0,0.0
15,8,two_requirements,0.8,3,0.27788957406858816,0.3285698645543117,0.3285698645543117,0.0,0.3285698645543117,0.0,0.0
15,8,two_requirements,0.8,4,0.3434646731149452,0.3434646731149452,0.3434646731149452,0.0,0.3434646731149452,0.0,0.0
15,8,two_requirements,1.0,1,0.0,0.0,0.0,0.0,0.0,0.0,0.0
15,8,two_requirements,1.0,2,0.2928648229398459,0.4241604338789254,0.4241604338789254,0.0,0.4241604338789254,0.0,0.0
15,8,two_requirements,1.0,3,0.38344175123620444,0.44960279085636373,0.44960279085636373,0.0,0.44960279085636373,0.0,0.0
15,8,two_requirements,1.0,4,0.4524885847999924,0.4524885847999924,0.4524885847999924,0.0,0.4524885847999924,0.0,0.0
15,9,single_requirement,0.5,1,0.18507361114203122,0.32981057072622677,0.32981057072622677,0.0,0.32981057072622677,0.0,0.0
15,9,single_requirement,0.5,2,0.29879567074672686,0.4379074204006435,0.4379074204006435,0.0,0.4379074204006435,0.0,0.0
15,9,single_requirement,0.5,3,0.4975617004495311,0.4975617004495311,0.4975617004495311,0.0,0.4975617004495311,0.0,0.0
15,9,single_requirement,0.5,4,0.497561700449531,0.4975617004495311,0.497561700449531,0.0,0.497561700449531,5.551115123125783e-17,0.0
15,9,single_requirement,0.8,1,0.2961177778272501,0.527696913161963,0.527696913161963,0.0,0.527696913161963,0.0,0.0
15,9,single_requirement,0.8,2,0.40240746019635193,0.6195860581095511,0.6195860581095511,0.0,0.6195860581095511,0.0,0.0
15,9,single_requirement,0.8,3,0.6477265153710411,0.6477265153710411,0.6477265153710411,0.0,0.6477265153710411,0.0,0.0
15,9,single_requirement,0.8,4,0.6477265153710412,0.6477265153710412,0.6477265153710412,0.0,0.6477265153710412,0.0,0.0
15,9,single_requirement,1.0,1,0.37014722228406244,0.6596211414524535,0.6596211414524535,0.0,0.6596211414524535,0.0,0.0
15,9,single_requirement,1.0,2,0.4399546477467642,0.70692772719404,0.70692772719404,0.0,0.70692772719404,0.0,0.0
15,9,single_requirement,1.0,3,0.7136688934198192,0.7136688934198192,0.7136688934198192,0.0,0.7136688934198192,0.0,0.0
15,9,single_requirement,1.0,4,0.7136688934198194,0.7136688934198194,0.7136688934198194,0.0,0.7136688934198194,0.0,0.0
15,9,three_requirements,0.5,1,0.0,0.0,0.0,0.0,0.0,0.0,0.0
15,9,three_requirements,0.5,2,0.0,0.0,0.0,0.0,0.0,0.0,0.0
15,9,three_requirements,0.5,3,0.0,0.0,0.0,0.0,0.0,0.0,0.0
15,9,three_requirements,0.5,4,0.0,0.0,0.0,0.0,0.0,0.0,0.0
15,9,three_requirements,0.8,1,0.0,0.0,0.0,0.0,0.0,0.0,0.0
15,9,three_requirements,0.8,2,0.0,0.0,0.0,0.0,0.0,0.0,0.0
15,9,three_requirements,0.8,3,0.0,0.0,0.0,0.0,0.0,0.0,0.0
15,9,three_requirements,0.8,4,0.0,0.0,0.0,0.0,0.0,0.0,0.0
15,9,three_requirements,1.0,1,0.0,0.0,0.0,0.0,0.0,0.0,0.0
15,9,three_requirements,1.0,2,0.0,0.0,0.0,0.0,0.0,0.0,0.0
15,9,three_requirements,1.0,3,0.0,0.0,0.0,0.0,0.0,0.0,0.0
15,9,three_requirements,1.0,4,0.0,0.0,0.0,0.0,0.0,0.0,0.0
15,9,two_requirements,0.5,1,0.0,0.0,0.0,0.0,0.0,0.0,0.0
15,9,two_requirements,0.5,2,0.0,0.1199193891170208,0.08941646004667222,0.0,0.1199193891170208,0.030502929070348572,0.030502929070348572
15,9,two_requirements,0.5,3,0.0,0.17011995645188832,0.17011995645188832,0.0,0.17011995645188832,0.0,0.0
15,9,two_requirements,0.5,4,0.17011995645188832,0.17011995645188832,0.17011995645188832,0.0,0.17011995645188832,0.0,0.0
15,9,two_requirements,0.8,1,0.0,0.0,0.0,0.0,0.0,0.0,0.0
15,9,two_requirements,0.8,2,0.0,0.3069936361395733,0.22890613771948085,0.0,0.3069936361395733,0.07808749842009247,0.07808749842009247
15,9,two_requirements,0.8,3,0.0,0.37527147731150223,0.37527147731150223,0.0,0.37527147731150223,0.0,0.0
15,9,two_requirements,0.8,4,0.3752714773115022,0.37527147731150223,0.3752714773115022,0.0,0.3752714773115022,5.551115123125783e-17,0.0
15,9,two_requirements,1.0,1,0.0,0.0,0.0,0.0,0.0,0.0,0.0
15,9,two_requirements,1.0,2,0.0,0.4796775564680832,0.3576658401866889,0.0,0.4796775564680832,0.12201171628139429,0.12201171628139429
15,9,two_requirements,1.0,3,0.0,0.5236162549603343,0.5236162549603343,0.0,0.5236162549603343,0.0,0.0
15,9,two_requirements,1.0,4,0.5236162549603345,0.5236162549603345,0.5236162549603345,0.0,0.5236162549603345,0.0,0.0
16,0,single_requirement,0.5,1,0.29323440318525423,0.29323440318525423,0.29323440318525423,0.0,0.29323440318525423,0.0,0.0
16,0,single_requirement,0.5,2,0.3876421871474994,0.46314267876974147,0.46314267876974147,0.0,0.46314267876974147,0.0,0.0
16,0,single_requirement,0.5,3,0.45034517293183474,0.5199127428612891,0.5199127428612891,0.0,0.5199127428612891,0.0,0.0
16,0,single_requirement,0.5,4,0.5513477282195167,0.5513477282195167,0.5513477282195167,0.0,0.5513477282195167,0.0,0.0
16,0,single_requirement,0.8,1,0.46917504509640673,0.46917504509640673,0.46917504509640673,0.0,0.46917504509640673,0.0,0.0
16,0,single_requirement,0.8,2,0.5615459451654,0.63541748492728,0.63541748492728,0.0,0.63541748492728,0.0,0.0
16,0,single_requirement,0.8,3,0.6003439050210179,0.6649275781464634,0.6649275781464634,0.0,0.6649275781464634,0.0,0.0
16,0,single_requirement,0.8,4,0.6745413777174819,0.6745413777174819,0.6745413777174819,0.0,0.6745413777174819,0.0,0.0
16,0,single_requirement,1.0,1,0.5864688063705085,0.5864688063705085,0.5864688063705085,0.0,0.5864688063705085,0.0,0.0
16,0,single_requirement,1.0,2,0.6530311362312506,0.7062628552388449,0.7062628552388449,0.0,0.7062628552388449,0.0,0.0
16,0,single_requirement,1.0,3,0.6701548401627833,0.7150205309854296,0.7150205309854296,0.0,0.7150205309854296,0.0,0.0
16,0,single_requirement,1.0,4,0.7165427635752928,0.7165427635752928,0.7165427635752928,0.0,0.7165427635752928,0.0,0.0
16,0,three_requirements,0.5,1,0.0,0.0,0.0,0.0,0.0,0.0,0.0
16,0,three_requirements,0.5,2,0.0,0.0,0.0,0.0,0.0,0.0,0.0
16,0,three_requirements,0.5,3,0.0,0.0,0.0,0.0,0.0,0.0,0.0
16,0,three_requirements,0.5,4,0.0,0.0,0.0,0.0,0.0,0.0,0.0
16,0,three_requirements,0.8,1,0.0,0.0,0.0,0.0,0.0,0.0,0.0
16,0,three_requirements,0.8,2,0.0,0.0,0.0,0.0,0.0,0.0,0.0
16,0,three_requirements,0.8,3,0.0,0.0,0.0,0.0,0.0,0.0,0.0
16,0,three_requirements,0.8,4,0.0,0.0,0.0,0.0,0.0,0.0,0.0
16,0,three_requirements,1.0,1,0.0,0.0,0.0,0.0,0.0,0.0,0.0
16,0,three_requirements,1.0,2,0.0,0.0,0.0,0.0,0.0,0.0,0.0
16,0,three_requirements,1.0,3,0.0,0.0,0.0,0.0,0.0,0.0,0.0
16,0,three_requirements,1.0,4,0.0,0.0,0.0,0.0,0.0,0.0,0.0
16,0,two_requirements,0.5,1,0.0,0.0,0.0,0.0,0.0,0.0,0.0
16,0,two_requirements,0.5,2,0.0,0.06816407312091481,0.06320716128455911,0.0,0.06816407312091481,0.004956911836355701,0.004956911836355701
16,0,two_requirements,0.5,3,0.06320716128455911,0.10458205304679724,0.10458205304679724,0.0,0.10458205304679724,0.0,0.0
16,0,two_requirements,0.5,4,0.10458205304679721,0.10458205304679724,0.10458205304679721,0.0,0.10458205304679721,2.7755575615628914e-17,0.0
16,0,two_requirements,0.8,1,0.0,0.0,0.0,0.0,0.0,0.0,0.0
16,0,two_requirements,0.8,2,0.0,0.1745000271895421,0.16181033288847135,0.0,0.1745000271895421,0.012689694301070753,0.012689694301070753
16,0,two_requirements,0.8,3,0.1618103328884715,0.2265818732328737,0.2265818732328737,0.0,0.2265818732328737,0.0,0.0
16,0,two_requirements,0.8,4,0.22658187323287365,0.2265818732328737,0.22658187323287365,0.0,0.22658187323287365,5.551115123125783e-17,0.0
16,0,two_requirements,1.0,1,0.0,0.0,0.0,0.0,0.0,0.0,0.0
16,0,two_requirements,1.0,2,0.0,0.27265629248365925,0.25282864513823644,0.0,0.27265629248365925,0.019827647345422805,0.019827647345422805
16,0,two_requirements,1.0,3,0.25282864513823644,0.31117148675248213,0.31117148675248213,0.0,0.31117148675248213,0.0,0.0
16,0,two_requirements,1.0,4,0.31117148675248224,0.31117148675248224,0.31117148675248224,0.0,0.31117148675248224,0.0,0.0
16,1,single_requirement,0.5,1,0.22109016609949628,0.3606470652632167,0.3606470652632167,0.0,0.3606470652632167,0.0,0.0
16,1,single_requirement,0.5,2,0.22109016609949628,0.5598383141955299,0.5598383141955299,0.0,0.5598383141955299,0.0,0.0
16,1,single_requirement,0.5,3,0.4825852588866578,0.6242081153536775,0.6242081153536775,0.0,0.6242081153536775,0.0,0.0
16,1,single_requirement,0.5,4,0.6242081153536775,0.6242081153536775,0.6242081153536775,0.0,0.6242081153536775,0.0,0.0
16,1,single_requirement,0.8,1,0.35374426575919404,0.5770353044211466,0.5770353044211466,0.0,0.5770353044211466,0.0,0.0
16,1,single_requirement,0.8,2,0.35374426575919404,0.7411741646315677,0.7411741646315677,0.0,0.7411741646315677,0.0,0.0
16,1,single_requirement,0.8,3,0.677380966238027,0.7655836869595027,0.7655836869595027,0.0,0.7655836869595027,0.0,0.0
16,1,single_requirement,0.8,4,0.7655836869595025,0.7655836869595027,0.7655836869595025,0.0,0.7655836869595025,2.220446049250313e-16,0.0
16,1,single_requirement,1.0,1,0.44218033219899255,0.7212941305264334,0.7212941305264334,0.0,0.7212941305264334,0.0,0.0
16,1,single_requirement,1.0,2,0.44218033219899255,0.7976617573883935,0.7976617573883935,0.0,0.7976617573883935,0.0,0.0
16,1,single_requirement,1.0,3,0.7677633344803461,0.8001205017454109,0.8001205017454109,0.0,0.8001205017454109,0.0,0.0
16,1,single_requirement,1.0,4,0.8001205017454112,0.8001205017454112,0.8001205017454112,0.0,0.8001205017454112,0.0,0.0
16,1,three_requirements,0.5,1,0.0,0.0,0.0,0.0,0.0,0.0,0.0
16,1,three_requirements,0.5,2,0.0,0.0,0.0,0.0,0.0,0.0,0.0
16,1,three_requirements,0.5,3,0.026962409152902496,0.044793947261122874,0.026962409152902496,0.0,0.044793947261122874,0.017831538108220378,0.017831538108220378
16,1,three_requirements,0.5,4,0.0793226378377638,0.0793226378377638,0.0793226378377638,0.0,0.0793226378377638,0.0,0.0
16,1,three_requirements,0.8,1,0.0,0.0,0.0,0.0,0.0,0.0,0.0
16,1,three_requirements,0.8,2,0.0,0.0,0.0,0.0,0.0,0.0,0.0
16,1,three_requirements,0.8,3,0.1104380278902885,0.18347600798155944,0.1104380278902885,0.0,0.18347600798155944,0.07303798009127094,0.07303798009127094
16,1,three_requirements,0.8,4,0.25646236311072196,0.25646236311072196,0.25646236311072196,0.0,0.25646236311072196,0.0,0.0
16,1,three_requirements,1.0,1,0.0,0.0,0.0,0.0,0.0,0.0,0.0
16,1,three_requirements,1.0,2,0.0,0.0,0.0,0.0,0.0,0.0,0.0
16,1,three_requirements,1.0,3,0.21569927322321997,0.358351578088983,0.21569927322321997,0.0,0.358351578088983,0.14265230486576302,0.14265230486576302
16,1,three_requirements,1.0,4,0.4117843531163079,0.4117843531163079,0.4117843531163079,0.0,0.4117843531163079,0.0,0.0
16,1,two_requirements,0.5,1,0.0,0.0,0.0,0.0,0.0,0.0,0.0
16,1,two_requirements,0.5,2,0.09770042427734388,0.12395565043352566,0.09770042427734388,0.0,0.12395565043352566,0.026255226156181782,0.026255226156181782
16,1,two_requirements,0.5,3,0.1471806207740197,0.1753416534482095,0.1753416534482095,0.0,0.1753416534482095,0.0,0.0
16,1,two_requirements,0.5,4,0.20136599822615686,0.20136599822615686,0.20136599822615686,0.0,0.20136599822615686,0.0,0.0
16,1,two_requirements,0.8,1,0.0,0.0,0.0,0.0,0.0,0.0,0.0
16,1,two_requirements,0.8,2,0.2501130861500004,0.3173264651098256,0.2501130861500004,0.0,0.3173264651098256,0.06721337895982521,0.06721337895982521
16,1,two_requirements,0.8,3,0.32050048176112333,0.3777356817679707,0.3777356817679707,0.0,0.3777356817679707,0.0,0.0
16,1,two_requirements,0.8,4,0.3947361814096598,0.3947361814096598,0.3947361814096598,0.0,0.3947361814096598,0.0,0.0
16,1,two_requirements,1.0,1,0.0,0.0,0.0,0.0,0.0,0.0,0.0
16,1,two_requirements,1.0,2,0.3908016971093755,0.49582260173410264,0.3908016971093755,0.0,0.49582260173410264,0.10502090462472713,0.10502090462472713
16,1,two_requirements,1.0,3,0.44215501585553985,0.5161089287421979,0.5161089287421979,0.0,0.5161089287421979,0.0,0.0
16,1,two_requirements,1.0,4,0.5187746546710802,0.5187746546710802,0.5187746546710802,0.0,0.5187746546710802,0.0,0.0
16,2,single_requirement,0.5,1,0.33661887147853503,0.377189767156653,0.377189767156653,0.0,0.377189767156653,0.0,0.0
16,2,single_requirement,0.5,2,0.336618871478535,0.561829329992881,0.561829329992881,0.0,0.561829329992881,0.0,0.0
16,2,single_requirement,0.5,3,0.49292494444295554,0.6475651203068192,0.6475651203068192,0.0,0.6475651203068192,0.0,0.0
16,2,single_requirement,0.5,4,0.6475651203068192,0.6475651203068192,0.6475651203068192,0.0,0.6475651203068192,0.0,0.0
16,2,single_requirement,0.8,1,0.538590194365656,0.6035036274506446,0.6035036274506446,0.0,0.6035036274506446,0.0,0.0
16,2,single_requirement,0.8,2,0.5385901943656558,0.7530267916919952,0.7530267916919952,0.0,0.7530267916919952,0.0,0.0
16,2,single_requirement,0.8,3,0.6865975628512839,0.7941165298612384,0.7941165298612384,0.0,0.7941165298612384,0.0,0.0
16,2,single_requirement,0.8,4,0.7941165298612386,0.7941165298612386,0.7941165298612386,0.0,0.7941165298612386,0.0,0.0
16,2,single_requirement,1.0,1,0.6732377429570701,0.754379534313306,0.754379534313306,0.0,0.754379534313306,0.0,0.0
16,2,single_requirement,1.0,2,0.6732377429570697,0.8197000427011484,0.8197000427011484,0.0,0.8197000427011484,0.0,0.0
16,2,single_requirement,1.0,3,0.7731783300162343,0.8293967212126805,0.8293967212126805,0.0,0.8293967212126805,0.0,0.0
16,2,single_requirement,1.0,4,0.8293967212126804,0.8293967212126805,0.8293967212126804,0.0,0.8293967212126804,1.1102230246251565e-16,0.0
16,2,three_requirements,0.5,1,0.0,0.0,0.0,0.0,0.0,0.0,0.0
16,2,three_requirements,0.5,2,0.0,0.0,0.0,0.0,0.0,0.0,0.0
16,2,three_requirements,0.5,3,0.0,0.03282819666379089,0.025139766729820254,0.0,0.025139766729820254,0.007688429933970634,0.0
16,2,three_requirements,0.5,4,0.04725184214977496,0.04725184214977496,0.04725184214977496,0.0,0.04725184214977496,0.0,0.0
16,2,three_requirements,0.8,1,0.0,0.0,0.0,0.0,0.0,0.0,0.0
16,2,three_requirements,0.8,2,0.0,0.0,0.0,0.0,0.0,0.0,0.0
16,2,three_requirements,0.8,3,0.0,0.13446429353488762,0.10297248452534391,0.0,0.10297248452534391,0.03149180900954371,0.0
16,2,three_requirements,0.8,4,0.16720760587662648,0.16720760587662648,0.16720760587662648,0.0,0.16720760587662648,0.0,0.0
16,2,three_requirements,1.0,1,0.0,0.0,0.0,0.0,0.0,0.0,0.0
16,2,three_requirements,1.0,2,0.0,0.0,0.0,0.0,0.0,0.0,0.0
16,2,three_requirements,1.0,3,0.0,0.2626255733103271,0.20111813383856203,0.0,0.20111813383856203,0.06150743947176507,0.0
16,2,three_requirements,1.0,4,0.29228576724751004,0.29228576724751004,0.29228576724751004,0.0,0.29228576724751004,0.0,0.0
16,2,two_requirements,0.5,1,0.0,0.0,0.0,0.0,0.0,0.0,0.0
16,2,two_requirements,0.5,2,0.06812520331296003,0.10246380082029682,0.06812520331296003,0.0,0.10246380082029682,0.034338597507336796,0.034338597507336796
16,2,two_requirements,0.5,3,0.12604740034811782,0.15016317241396887,0.13983130699303434,0.0,0.15016317241396887,0.010331865420934533,0.010331865420934533
16,2,two_requirements,0.5,4,0.17160233959174398,0.17160233959174398,0.17160233959174398,0.0,0.17160233959174398,0.0,0.0
16,2,two_requirements,0.8,1,0.0,0.0,0.0,0.0,0.0,0.0,0.0
16,2,two_requirements,0.8,2,0.1744005204811777,0.26230733009995977,0.1744005204811777,0.0,0.26230733009995977,0.08790680961878206,0.08790680961878206
16,2,two_requirements,0.8,3,0.27807718107654444,0.3241112976870012,0.3107243230947862,0.0,0.3241112976870012,0.013386974592214995,0.013386974592214995
16,2,two_requirements,0.8,4,0.3395069903478616,0.3395069903478616,0.3395069903478616,0.0,0.3395069903478616,0.0,0.0
16,2,two_requirements,1.0,1,0.0,0.0,0.0,0.0,0.0,0.0,0.0
16,2,two_requirements,1.0,2,0.2725008132518401,0.4098552032811873,0.2725008132518401,0.0,0.4098552032811873,0.13735439002934718,0.13735439002934718
16,2,two_requirements,1.0,3,0.3880329247918541,0.44360471128931506,0.4362944394112472,0.0,0.44360471128931506,0.0073102718780678755,0.0073102718780678755
16,2,two_requirements,1.0,4,0.4475038767012123,0.4475038767012123,0.4475038767012123,0.0,0.4475038767012123,0.0,0.0
16,3,single_requirement,0.5,1,0.3038879857831543,0.3038879857831543,0.3038879857831543,0.0,0.3038879857831543,0.0,0.0
16,3,single_requirement,0.5,2,0.4443589184967525,0.45658194908914196,0.45658194908914196,0.0,0.45658194908914196,0.0,0.0
16,3,single_requirement,0.5,3,0.5414335521290051,0.5414335521290051,0.5414335521290051,0.0,0.5414335521290051,0.0,0.0
16,3,single_requirement,0.5,4,0.541433552129005,0.5414335521290051,0.541433552129005,0.0,0.541433552129005,1.1102230246251565e-16,0.0
16,3,single_requirement,0.8,1,0.4862207772530468,0.4862207772530468,0.4862207772530468,0.0,0.4862207772530468,0.0,0.0
16,3,single_requirement,0.8,2,0.626204277775211,0.6383848946206956,0.6383848946206956,0.0,0.6383848946206956,0.0,0.0
16,3,single_requirement,0.8,3,0.6896862649509865,0.6896862649509865,0.6896862649509865,0.0,0.6896862649509865,0.0,0.0
16,3,single_requirement,0.8,4,0.6896862649509867,0.6896862649509867,0.6896862649509867,0.0,0.6896862649509867,0.0,0.0
16,3,single_requirement,1.0,1,0.6077759715663086,0.6077759715663086,0.6077759715663086,0.0,0.6077759715663086,0.0,0.0
16,3,single_requirement,1.0,2,0.7121136873693532,0.7211925983409266,0.7211925983409266,0.0,0.7211925983409266,0.0,0.0
16,3,single_requirement,1.0,3,0.7429054792325953,0.7429054792325953,0.7429054792325953,0.0,0.7429054792325953,0.0,0.0
16,3,single_requirement,1.0,4,0.7429054792325953,0.7429054792325953,0.7429054792325953,0.0,0.7429054792325953,0.0,0.0
16,3,three_requirements,0.5,1,0.0,0.0,0.0,0.0,0.0,0.0,0.0
16,3,three_requirements,0.5,2,0.0,0.0,0.0,0.0,0.0,0.0,0.0
16,3,three_requirements,0.5,3,0.010081719845899659,0.028341686017883786,0.010081719845899659,0.0,0.028341686017883786,0.018259966171984127,0.018259966171984127
16,3,three_requirements,0.5,4,0.04559237004565678,0.04559237004565678,0.04559237004565678,0.0,0.04559237004565678,0.0,0.0
16,3,three_requirements,0.8,1,0.0,0.0,0.0,0.0,0.0,0.0,0.0
16,3,three_requirements,0.8,2,0.0,0.0,0.0,0.0,0.0,0.0,0.0
16,3,three_requirements,0.8,3,0.041294724488804974,0.116087545929252,0.041294724488804974,0.0,0.116087545929252,0.07479282144044702,0.07479282144044702
16,3,three_requirements,0.8,4,0.15928286081109794,0.15928286081109794,0.15928286081109794,0.0,0.15928286081109794,0.0,0.0
16,3,three_requirements,1.0,1,0.0,0.0,0.0,0.0,0.0,0.0,0.0
16,3,three_requirements,1.0,2,0.0,0.0,0.0,0.0,0.0,0.0,0.0
16,3,three_requirements,1.0,3,0.08065375876719727,0.2267334881430703,0.08065375876719727,0.0,0.2267334881430703,0.14607972937587302,0.14607972937587302
16,3,three_requirements,1.0,4,0.27533958895929,0.27533958895929,0.27533958895929,0.0,0.27533958895929,0.0,0.0
16,3,two_requirements,0.5,1,0.0,0.0,0.0,0.0,0.0,0.0,0.0
16,3,two_requirements,0.5,2,0.0,0.10245987043236446,0.0,0.0,0.10245987043236446,0.10245987043236446,0.10245987043236446
16,3,two_requirements,0.5,3,0.07265479306230141,0.18834964064399923,0.07265479306230141,0.0,0.18834964064399923,0.11569484758169782,0.11569484758169782
16,3,two_requirements,0.5,4,0.18834964064399917,0.18834964064399923,0.18834964064399917,0.0,0.18834964064399917,5.551115123125783e-17,0.0
16,3,two_requirements,0.8,1,0.0,0.0,0.0,0.0,0.0,0.0,0.0
16,3,two_requirements,0.8,2,0.0,0.26229726830685307,0.0,0.0,0.26229726830685307,0.26229726830685307,0.26229726830685307
16,3,two_requirements,0.8,3,0.1859962702394916,0.3938169109827775,0.1859962702394916,0.0,0.3938169109827775,0.20782064074328588,0.20782064074328588
16,3,two_requirements,0.8,4,0.3938169109827775,0.3938169109827775,0.3938169109827775,0.0,0.3938169109827775,0.0,0.0
16,3,two_requirements,1.0,1,0.0,0.0,0.0,0.0,0.0,0.0,0.0
16,3,two_requirements,1.0,2,0.0,0.40983948172945783,0.0,0.0,0.40983948172945783,0.40983948172945783,0.40983948172945783
16,3,two_requirements,1.0,3,0.29061917224920564,0.5232991639669854,0.29061917224920564,0.0,0.5232991639669854,0.23267999171777975,0.23267999171777975
16,3,two_requirements,1.0,4,0.5232991639669851,0.5232991639669854,0.5232991639669851,0.0,0.5232991639669851,3.3306690738754696e-16,0.0
16,4,single_requirement,0.5,1,0.22115806451502795,0.3392100595750162,0.3392100595750162,0.0,0.3392100595750162,0.0,0.0
16,4,single_requirement,0.5,2,0.2211580645150279,0.49677201903941054,0.49677201903941054,0.0,0.49677201903941054,0.0,0.0
16,4,single_requirement,0.5,3,0.41108577281739134,0.565716326410725,0.565716326410725,0.0,0.565716326410725,0.0,0.0
16,4,single_requirement,0.5,4,0.5657163264107249,0.565716326410725,0.5657163264107249,0.0,0.5657163264107249,1.1102230246251565e-16,0.0
16,4,single_requirement,0.8,1,0.35385290322404483,0.5427360953200259,0.5427360953200259,0.0,0.5427360953200259,0.0,0.0
16,4,single_requirement,0.8,2,0.35385290322404456,0.6715741804095643,0.6715741804095643,0.0,0.6715741804095643,0.0,0.0
16,4,single_requirement,0.8,3,0.5655473053387838,0.70198982737059,0.70198982737059,0.0,0.70198982737059,0.0,0.0
16,4,single_requirement,0.8,4,0.7019898273705901,0.7019898273705901,0.7019898273705901,0.0,0.7019898273705901,0.0,0.0
16,4,single_requirement,1.0,1,0.4423161290300559,0.6784201191500324,0.6784201191500324,0.0,0.6784201191500324,0.0,0.0
16,4,single_requirement,1.0,2,0.4423161290300558,0.7367501838007113,0.7367501838007113,0.0,0.7367501838007113,0.0,0.0
16,4,single_requirement,1.0,3,0.6301091890326111,0.7426851436957249,0.7426851436957249,0.0,0.7426851436957249,0.0,0.0
16,4,single_requirement,1.0,4,0.7426851436957248,0.7426851436957249,0.7426851436957248,0.0,0.7426851436957248,1.1102230246251565e-16,0.0
16,4,three_requirements,0.5,1,0.0,0.0,0.0,0.0,0.0,0.0,0.0
16,4,three_requirements,0.5,2,0.0,0.0,0.0,0.0,0.0,0.0,0.0
16,4,three_requirements,0.5,3,0.0,0.040422453041814604,0.014486966473556954,0.0,0.014486966473556954,0.02593548656825765,0.0
16,4,three_requirements,0.5,4,0.04861889394256586,0.04861889394256586,0.04861889394256586,0.0,0.04861889394256586,0.0,0.0
16,4,three_requirements,0.8,1,0.0,0.0,0.0,0.0,0.0,0.0,0.0
16,4,three_requirements,0.8,2,0.0,0.0,0.0,0.0,0.0,0.0,0.0
16,4,three_requirements,0.8,3,0.0,0.16557036765927277,0.05933861467568924,0.0,0.05933861467568924,0.10623175298358353,0.0
16,4,three_requirements,0.8,4,0.18368339394102254,0.18368339394102254,0.18368339394102254,0.0,0.18368339394102254,0.0,0.0
16,4,three_requirements,1.0,1,0.0,0.0,0.0,0.0,0.0,0.0,0.0
16,4,three_requirements,1.0,2,0.0,0.0,0.0,0.0,0.0,0.0,0.0
16,4,three_requirements,1.0,3,0.0,0.32337962433451684,0.11589573178845564,0.0,0.11589573178845564,0.2074838925460612,0.0
16,4,three_requirements,1.0,4,0.3386269469580811,0.3386269469580811,0.3386269469580811,0.0,0.3386269469580811,0.0,0.0
16,4,two_requirements,0.5,1,0.0,0.0,0.0,0.0,0.0,0.0,0.0
16,4,two_requirements,0.5,2,0.0765546573645216,0.09550685202430426,0.0765546573645216,0.0,0.09550685202430426,0.01895219465978265,0.01895219465978265
16,4,two_requirements,0.5,3,0.07655465736452166,0.12823736562392873,0.11084368502450556,0.0,0.12823736562392873,0.017393680599423172,0.017393680599423172
16,4,two_requirements,0.5,4,0.1765359560300987,0.1765359560300987,0.1765359560300987,0.0,0.1765359560300987,0.0,0.0
16,4,two_requirements,0.8,1,0.0,0.0,0.0,0.0,0.0,0.0,0.0
16,4,two_requirements,0.8,2,0.1959799228531752,0.24449754118221897,0.1959799228531752,0.0,0.24449754118221897,0.04851761832904378,0.04851761832904378
16,4,two_requirements,0.8,3,0.19597992285317528,0.28970379748783903,0.24756985275002796,0.0,0.28970379748783903,0.04213394473781107,0.04213394473781107
16,4,two_requirements,0.8,4,0.3584087293830911,0.3584087293830911,0.3584087293830911,0.0,0.3584087293830911,0.0,0.0
16,4,two_requirements,1.0,1,0.0,0.0,0.0,0.0,0.0,0.0,0.0
16,4,two_requirements,1.0,2,0.3062186294580864,0.382027408097217,0.3062186294580864,0.0,0.382027408097217,0.0758087786391306,0.0758087786391306
16,4,two_requirements,1.0,3,0.3062186294580867,0.4124706642941042,0.34912999813784945,0.0,0.4124706642941042,0.06334066615625472,0.06334066615625472
16,4,two_requirements,1.0,4,0.45508170633890954,0.45508170633890954,0.45508170633890954,0.0,0.45508170633890954,0.0,0.0
16,5,single_requirement,0.5,1,0.0,0.2703023411501876,0.2703023411501876,0.0,0.2703023411501876,0.0,0.0
16,5,single_requirement,0.5,2,0.27030234115018764,0.4183127630671874,0.4183127630671874,0.0,0.4183127630671874,0.0,0.0
16,5,single_requirement,0.5,3,0.4183127630671874,0.4183127630671874,0.4183127630671874,0.0,0.4183127630671874,0.0,0.0
16,5,single_requirement,0.5,4,0.4183127630671874,0.4183127630671874,0.4183127630671874,0.0,0.4183127630671874,0.0,0.0
16,5,single_requirement,0.8,1,0.0,0.43248374584030025,0.43248374584030025,0.0,0.43248374584030025,0.0,0.0
16,5,single_requirement,0.8,2,0.43248374584030036,0.5824657318212568,0.5824657318212568,0.0,0.5824657318212568,0.0,0.0
16,5,single_requirement,0.8,3,0.5824657318212568,0.5824657318212569,0.5824657318212568,0.0,0.5824657318212568,1.1102230246251565e-16,0.0
16,5,single_requirement,0.8,4,0.582465731821257,0.582465731821257,0.582465731821257,0.0,0.582465731821257,0.0,0.0
16,5,single_requirement,1.0,1,0.0,0.5406046823003752,0.5406046823003752,0.0,0.5406046823003752,0.0,0.0
16,5,single_requirement,1.0,2,0.5406046823003754,0.6557199238713688,0.6557199238713688,0.0,0.6557199238713688,0.0,0.0
16,5,single_requirement,1.0,3,0.6557199238713686,0.6557199238713688,0.6557199238713686,0.0,0.6557199238713686,2.220446049250313e-16,0.0
16,5,single_requirement,1.0,4,0.6557199238713685,0.6557199238713688,0.6557199238713685,0.0,0.6557199238713685,3.3306690738754696e-16,0.0
16,5,three_requirements,0.5,1,0.0,0.0,0.0,0.0,0.0,0.0,0.0
16,5,three_requirements,0.5,2,0.0,0.0,0.0,0.0,0.0,0.0,0.0
16,5,three_requirements,0.5,3,0.010383892233087694,0.030572437413524063,0.0301195483630086,0.0,0.030572437413524063,0.0004528890505154648,0.0004528890505154648
16,5,three_requirements,0.5,4,0.05472658284335896,0.05472658284335896,0.05472658284335896,0.0,0.05472658284335896,0.0,0.0
16,5,three_requirements,0.8,1,0.0,0.0,0.0,0.0,0.0,0.0,0.0
16,5,three_requirements,0.8,2,0.0,0.0,0.0,0.0,0.0,0.0,0.0
16,5,three_requirements,0.8,3,0.04253242258672718,0.12522470364579463,0.12336967009488327,0.0,0.12522470364579463,0.0018550335509113641,0.0018550335509113641
16,5,three_requirements,0.8,4,0.18398005552579444,0.18398005552579444,0.18398005552579444,0.0,0.18398005552579444,0.0,0.0
16,5,three_requirements,1.0,1,0.0,0.0,0.0,0.0,0.0,0.0,0.0
16,5,three_requirements,1.0,2,0.0,0.0,0.0,0.0,0.0,0.0,0.0
16,5,three_requirements,1.0,3,0.08307113786470155,0.2445794993081925,0.2409563869040688,0.0,0.2445794993081925,0.0036231124041237184,0.0036231124041237184
16,5,three_requirements,1.0,4,0.30701830141678055,0.30701830141678055,0.30701830141678055,0.0,0.30701830141678055,0.0,0.0
16,5,two_requirements,0.5,1,0.0,0.0,0.0,0.0,0.0,0.0,0.0
16,5,two_requirements,0.5,2,0.0,0.11414919316883149,0.0,0.0,0.11414919316883149,0.11414919316883149,0.11414919316883149
16,5,two_requirements,0.5,3,0.061914897924356005,0.21325520601216846,0.11414919316883149,0.0,0.21325520601216846,0.09910601284333698,0.09910601284333698
16,5,two_requirements,0.5,4,0.21325520601216846,0.21325520601216846,0.21325520601216846,0.0,0.21325520601216846,0.0,0.0
16,5,two_requirements,0.8,1,0.0,0.0,0.0,0.0,0.0,0.0,0.0
16,5,two_requirements,0.8,2,0.0,0.2922219345122088,0.0,0.0,0.2922219345122088,0.2922219345122088,0.2922219345122088
16,5,two_requirements,0.8,3,0.15850213868635124,0.44089388213995584,0.29222193451220874,0.0,0.44089388213995584,0.1486719476277471,0.1486719476277471
16,5,two_requirements,0.8,4,0.44089388213995606,0.44089388213995606,0.44089388213995606,0.0,0.44089388213995606,0.0,0.0
16,5,two_requirements,1.0,1,0.0,0.0,0.0,0.0,0.0,0.0,0.0
16,5,two_requirements,1.0,2,0.0,0.45659677267532595,0.0,0.0,0.45659677267532595,0.45659677267532595,0.45659677267532595
16,5,two_requirements,1.0,3,0.2476595916974239,0.5794806020403521,0.45659677267532595,0.0,0.5794806020403521,0.12288382936502618,0.12288382936502618
16,5,two_requirements,1.0,4,0.5794806020403521,0.5794806020403521,0.5794806020403521,0.0,0.5794806020403521,0.0,0.0
16,6,single_requirement,0.5,1,0.24310049260777902,0.30155011319879554,0.30155011319879554,0.0,0.30155011319879554,0.0,0.0
16,6,single_requirement,0.5,2,0.24310049260777894,0.44284623763318187,0.44284623763318187,0.0,0.44284623763318187,0.0,0.0
16,6,single_requirement,0.5,3,0.36338706857770875,0.512759822849379,0.512759822849379,0.0,0.512759822849379,0.0,0.0
16,6,single_requirement,0.5,4,0.5127598228493789,0.512759822849379,0.5127598228493789,0.0,0.5127598228493789,1.1102230246251565e-16,0.0
16,6,single_requirement,0.8,1,0.38896078817244606,0.48248018111807267,0.48248018111807267,0.0,0.48248018111807267,0.0,0.0
16,6,single_requirement,0.8,2,0.38896078817244606,0.6108217867666339,0.6108217867666339,0.0,0.6108217867666339,0.0,0.0
16,6,single_requirement,0.8,3,0.5071418750060543,0.6498168497722979,0.6498168497722979,0.0,0.6498168497722979,0.0,0.0
16,6,single_requirement,0.8,4,0.6498168497722978,0.6498168497722979,0.6498168497722978,0.0,0.6498168497722978,1.1102230246251565e-16,0.0
16,6,single_requirement,1.0,1,0.48620098521555805,0.6031002263975911,0.6031002263975911,0.0,0.6031002263975911,0.0,0.0
16,6,single_requirement,1.0,2,0.48620098521555766,0.6820837389195784,0.6820837389195784,0.0,0.6820837389195784,0.0,0.0
16,6,single_requirement,1.0,3,0.5720294814923352,0.6960266068210381,0.6960266068210381,0.0,0.6960266068210381,0.0,0.0
16,6,single_requirement,1.0,4,0.6960266068210379,0.6960266068210381,0.6960266068210379,0.0,0.6960266068210379,2.220446049250313e-16,0.0
16,6,three_requirements,0.5,1,0.0,0.0,0.0,0.0,0.0,0.0,0.0
16,6,three_requirements,0.5,2,0.0,0.0,0.0,0.0,0.0,0.0,0.0
16,6,three_requirements,0.5,3,0.0,0.0,0.0,0.0,0.0,0.0,0.0
16,6,three_requirements,0.5,4,0.0,0.0,0.0,0.0,0.0,0.0,0.0
16,6,three_requirements,0.8,1,0.0,0.0,0.0,0.0,0.0,0.0,0.0
16,6,three_requirements,0.8,2,0.0,0.0,0.0,0.0,0.0,0.0,0.0
16,6,three_requirements,0.8,3,0.0,0.0,0.0,0.0,0.0,0.0,0.0
16,6,three_requirements,0.8,4,0.0,0.0,0.0,0.0,0.0,0.0,0.0
16,6,three_requirements,1.0,1,0.0,0.0,0.0,0.0,0.0,0.0,0.0
16,6,three_requirements,1.0,2,0.0,0.0,0.0,0.0,0.0,0.0,0.0
16,6,three_requirements,1.0,3,0.0,0.0,0.0,0.0,0.0,0.0,0.0
16,6,three_requirements,1.0,4,0.0,0.0,0.0,0.0,0.0,0.0,0.0
16,6,two_requirements,0.5,1,0.0,0.0,0.0,0.0,0.0,0.0,0.0
16,6,two_requirements,0.5,2,0.0,0.0,0.0,0.0,0.0,0.0,0.0
16,6,two_requirements,0.5,3,0.0,0.0,0.0,0.0,0.0,0.0,0.0
16,6,two_requirements,0.5,4,0.0,0.0,0.0,0.0,0.0,0.0,0.0
16,6,two_requirements,0.8,1,0.0,0.0,0.0,0.0,0.0,0.0,0.0
16,6,two_requirements,0.8,2,0.0,0.0,0.0,0.0,0.0,0.0,0.0
16,6,two_requirements,0.8,3,0.0,0.0,0.0,0.0,0.0,0.0,0.0
16,6,two_requirements,0.8,4,0.0,0.0,0.0,0.0,0.0,0.0,0.0
16,6,two_requirements,1.0,1,0.0,0.0,0.0,0.0,0.0,0.0,0.0
16,6,two_requirements,1.0,2,0.0,0.0,0.0,0.0,0.0,0.0,0.0
16,6,two_requirements,1.0,3,0.0,0.0,0.0,0.0,0.0,0.0,0.0
16,6,two_requirements,1.0,4,0.0,0.0,0.0,0.0,0.0,0.0,0.0
16,7,single_requirement,0.5,1,0.0,0.39537108672641313,0.39537108672641313,0.0,0.39537108672641313,0.0,0.0
16,7,single_requirement,0.5,2,0.0,0.5972117624652383,0.5972117624652383,0.0,0.5972117624652383,0.0,0.0
16,7,single_requirement,0.5,3,0.3953710867264131,0.5972117624652383,0.5972117624652383,0.0,0.5972117624652383,0.0,0.0
16,7,single_requirement,0.5,4,0.5972117624652382,0.5972117624652383,0.5972117624652382,0.0,0.5972117624652382,1.1102230246251565e-16,0.0
16,7,single_requirement,0.8,1,0.0,0.6325937387622609,0.6325937387622609,0.0,0.6325937387622609,0.0,0.0
16,7,single_requirement,0.8,2,0.0,0.7924315559068804,0.7924315559068804,0.0,0.7924315559068804,0.0,0.0
16,7,single_requirement,0.8,3,0.6325937387622609,0.7924315559068806,0.7924315559068806,0.0,0.7924315559068806,0.0,0.0
16,7,single_requirement,0.8,4,0.7924315559068805,0.7924315559068806,0.7924315559068805,0.0,0.7924315559068805,1.1102230246251565e-16,0.0
16,7,single_requirement,1.0,1,0.0,0.7907421734528263,0.7907421734528263,0.0,0.7907421734528263,0.0,0.0
16,7,single_requirement,1.0,2,0.0,0.8546167248523501,0.8546167248523501,0.0,0.8546167248523501,0.0,0.0
16,7,single_requirement,1.0,3,0.790742173452826,0.8546167248523501,0.8546167248523499,0.0,0.8546167248523499,2.220446049250313e-16,0.0
16,7,single_requirement,1.0,4,0.8546167248523497,0.8546167248523501,0.8546167248523497,0.0,0.8546167248523497,3.3306690738754696e-16,0.0
16,7,three_requirements,0.5,1,0.0,0.0,0.0,0.0,0.0,0.0,0.0
16,7,three_requirements,0.5,2,0.0,0.0,0.0,0.0,0.0,0.0,0.0
16,7,three_requirements,0.5,3,0.0,0.04575206226692573,0.0,0.0,0.0,0.04575206226692573,0.0
16,7,three_requirements,0.5,4,0.04575206226692573,0.04575206226692573,0.04575206226692573,0.0,0.04575206226692573,0.0,0.0
16,7,three_requirements,0.8,1,0.0,0.0,0.0,0.0,0.0,0.0,0.0
16,7,three_requirements,0.8,2,0.0,0.0,0.0,0.0,0.0,0.0,0.0
16,7,three_requirements,0.8,3,0.0,0.18740044704532777,0.0,0.0,0.0,0.18740044704532777,0.0
16,7,three_requirements,0.8,4,0.18740044704532777,0.18740044704532777,0.18740044704532777,0.0,0.18740044704532777,0.0,0.0
16,7,three_requirements,1.0,1,0.0,0.0,0.0,0.0,0.0,0.0,0.0
16,7,three_requirements,1.0,2,0.0,0.0,0.0,0.0,0.0,0.0,0.0
16,7,three_requirements,1.0,3,0.0,0.3660164981354058,0.0,0.0,0.0,0.3660164981354058,0.0
16,7,three_requirements,1.0,4,0.36601649813540577,0.3660164981354058,0.36601649813540577,0.0,0.36601649813540577,5.551115123125783e-17,0.0
16,7,two_requirements,0.5,1,0.0,0.0,0.0,0.0,0.0,0.0,0.0
16,7,two_requirements,0.5,2,0.0,0.15829885744750624,0.0,0.0,0.15829885744750624,0.15829885744750624,0.15829885744750624
16,7,two_requirements,0.5,3,0.10864910254247903,0.2174851086916481,0.10864910254247903,0.0,0.2174851086916481,0.10883600614916908,0.10883600614916908
16,7,two_requirements,0.5,4,0.2174851086916481,0.2174851086916481,0.2174851086916481,0.0,0.2174851086916481,0.0,0.0
16,7,two_requirements,0.8,1,0.0,0.0,0.0,0.0,0.0,0.0,0.0
16,7,two_requirements,0.8,2,0.0,0.4052450750656158,0.0,0.0,0.4052450750656158,0.4052450750656158,0.4052450750656158
16,7,two_requirements,0.8,3,0.27814170250874626,0.48078693865637323,0.27814170250874626,0.0,0.48078693865637323,0.20264523614762697,0.20264523614762697
16,7,two_requirements,0.8,4,0.4807869386563734,0.4807869386563734,0.4807869386563734,0.0,0.4807869386563734,0.0,0.0
16,7,two_requirements,1.0,1,0.0,0.0,0.0,0.0,0.0,0.0,0.0
16,7,two_requirements,1.0,2,0.0,0.633195429790025,0.0,0.0,0.633195429790025,0.633195429790025,0.633195429790025
16,7,two_requirements,1.0,3,0.4345964101699161,0.6720890295732439,0.4345964101699161,0.0,0.6720890295732439,0.23749261940332778,0.23749261940332778
16,7,two_requirements,1.0,4,0.6720890295732436,0.6720890295732439,0.6720890295732436,0.0,0.6720890295732436,3.3306690738754696e-16,0.0
16,8,single_requirement,0.5,1,0.326245479793501,0.3969799961341698,0.3969799961341698,0.0,0.3969799961341698,0.0,0.0
16,8,single_requirement,0.5,2,0.32624547979350105,0.6040174888397429,0.6040174888397429,0.0,0.6040174888397429,0.0,0.0
16,8,single_requirement,0.5,3,0.5609628970124941,0.7030678787744631,0.7030678787744631,0.0,0.7030678787744631,0.0,0.0
16,8,single_requirement,0.5,4,0.7030678787744631,0.7030678787744631,0.7030678787744631,0.0,0.7030678787744631,0.0,0.0
16,8,single_requirement,0.8,1,0.5219927676696016,0.6351679938146716,0.6351679938146716,0.0,0.6351679938146716,0.0,0.0
16,8,single_requirement,0.8,2,0.5219927676696013,0.8009267014826595,0.8009267014826595,0.0,0.8009267014826595,0.0,0.0
16,8,single_requirement,0.8,3,0.7586120820919448,0.8422961432448719,0.8422961432448719,0.0,0.8422961432448719,0.0,0.0
16,8,single_requirement,0.8,4,0.8422961432448719,0.8422961432448719,0.8422961432448719,0.0,0.8422961432448719,0.0,0.0
16,8,single_requirement,1.0,1,0.652490959587002,0.7939599922683396,0.7939599922683396,0.0,0.7939599922683396,0.0,0.0
16,8,single_requirement,1.0,2,0.6524909595870021,0.8632406429692167,0.8632406429692167,0.0,0.8632406429692167,0.0,0.0
16,8,single_requirement,1.0,3,0.8324913083415597,0.8699619309624751,0.8699619309624751,0.0,0.8699619309624751,0.0,0.0
16,8,single_requirement,1.0,4,0.8699619309624748,0.8699619309624751,0.8699619309624748,0.0,0.8699619309624748,3.3306690738754696e-16,0.0
16,8,three_requirements,0.5,1,0.0,0.0,0.0,0.0,0.0,0.0,0.0
16,8,three_requirements,0.5,2,0.0,0.0,0.0,0.0,0.0,0.0,0.0
16,8,three_requirements,0.5,3,0.049185797728481,0.049185797728481,0.049185797728481,0.0,0.049185797728481,0.0,0.0
16,8,three_requirements,0.5,4,0.10151206557447495,0.10151206557447495,0.10151206557447495,0.0,0.10151206557447495,0.0,0.0
16,8,three_requirements,0.8,1,0.0,0.0,0.0,0.0,0.0,0.0,0.0
16,8,three_requirements,0.8,2,0.0,0.0,0.0,0.0,0.0,0.0,0.0
16,8,three_requirements,0.8,3,0.20146502749585815,0.20146502749585815,0.20146502749585815,0.0,0.20146502749585815,0.0,0.0
16,8,three_requirements,0.8,4,0.3233140652028161,0.3233140652028161,0.3233140652028161,0.0,0.3233140652028161,0.0,0.0
16,8,three_requirements,1.0,1,0.0,0.0,0.0,0.0,0.0,0.0,0.0
16,8,three_requirements,1.0,2,0.0,0.0,0.0,0.0,0.0,0.0,0.0
16,8,three_requirements,1.0,3,0.393486381827848,0.393486381827848,0.393486381827848,0.0,0.393486381827848,0.0,0.0
16,8,three_requirements,1.0,4,0.5110569562682168,0.5110569562682168,0.5110569562682168,0.0,0.5110569562682168,0.0,0.0
16,8,two_requirements,0.5,1,0.0,0.0,0.0,0.0,0.0,0.0,0.0
16,8,two_requirements,0.5,2,0.11127953081595542,0.14460333825718807,0.11127953081595542,0.0,0.14460333825718807,0.03332380744123266,0.03332380744123266
16,8,two_requirements,0.5,3,0.24867450664807872,0.24867450664807872,0.24867450664807872,0.0,0.24867450664807872,0.0,0.0
16,8,two_requirements,0.5,4,0.2486745066480786,0.24867450664807872,0.2486745066480786,0.0,0.2486745066480786,1.1102230246251565e-16,0.0
16,8,two_requirements,0.8,1,0.0,0.0,0.0,0.0,0.0,0.0,0.0
16,8,two_requirements,0.8,2,0.2848755988888457,0.37018454593840155,0.2848755988888457,0.0,0.37018454593840155,0.08530894704955583,0.08530894704955583
16,8,two_requirements,0.8,3,0.5101903348802084,0.5101903348802084,0.5101903348802084,0.0,0.5101903348802084,0.0,0.0
16,8,two_requirements,0.8,4,0.5101903348802085,0.5101903348802085,0.5101903348802085,0.0,0.5101903348802085,0.0,0.0
16,8,two_requirements,1.0,1,0.0,0.0,0.0,0.0,0.0,0.0,0.0
16,8,two_requirements,1.0,2,0.44511812326382166,0.5784133530287523,0.44511812326382166,0.0,0.5784133530287523,0.13329522976493063,0.13329522976493063
16,8,two_requirements,1.0,3,0.6654886460223332,0.6654886460223332,0.6654886460223332,0.0,0.6654886460223332,0.0,0.0
16,8,two_requirements,1.0,4,0.6654886460223329,0.6654886460223332,0.6654886460223329,0.0,0.6654886460223329,2.220446049250313e-16,0.0
16,9,single_requirement,0.5,1,0.36388607951546886,0.38779783264312484,0.38779783264312484,0.0,0.38779783264312484,0.0,0.0
16,9,single_requirement,0.5,2,0.5471542318015853,0.5859607232150652,0.5859607232150652,0.0,0.5859607232150652,0.0,0.0
16,9,single_requirement,0.5,3,0.6635841848179644,0.6913314572514495,0.6913314572514495,0.0,0.6913314572514495,0.0,0.0
16,9,single_requirement,0.5,4,0.7456434793293965,0.7456434793293965,0.7456434793293965,0.0,0.7456434793293965,0.0,0.0
16,9,single_requirement,0.8,1,0.5822177272247506,0.6204765322289996,0.6204765322289996,0.0,0.6204765322289996,0.0,0.0
16,9,single_requirement,0.8,2,0.7441534776106641,0.7784428957583172,0.7784428957583172,0.0,0.7784428957583172,0.0,0.0
16,9,single_requirement,0.8,3,0.8039112327241856,0.8225655683821176,0.8225655683821176,0.0,0.8225655683821176,0.0,0.0
16,9,single_requirement,0.8,4,0.8344203394685918,0.8344203394685918,0.8344203394685918,0.0,0.8344203394685918,0.0,0.0
16,9,single_requirement,1.0,1,0.7277721590309377,0.7755956652862497,0.7755956652862497,0.0,0.7755956652862497,0.0,0.0
16,9,single_requirement,1.0,2,0.8207807692867696,0.8404750685430736,0.8404750685430736,0.0,0.8404750685430736,0.0,0.0
16,9,single_requirement,1.0,3,0.8385922359587901,0.8470614251780988,0.8470614251780988,0.0,0.8470614251780988,0.0,0.0
16,9,single_requirement,1.0,4,0.8477475320987884,0.8477475320987884,0.8477475320987884,0.0,0.8477475320987884,0.0,0.0
16,9,three_requirements,0.5,1,0.0,0.0,0.0,0.0,0.0,0.0,0.0
16,9,three_requirements,0.5,2,0.0,0.0,0.0,0.0,0.0,0.0,0.0
16,9,three_requirements,0.5,3,0.04103534087821689,0.05454370381267148,0.04424412996468284,0.0,0.044614926828969226,0.010299573847988637,0.00037079686428638514
16,9,three_requirements,0.5,4,0.12667013088848506,0.12667013088848506,0.12667013088848506,0.0,0.12667013088848506,0.0,0.0
16,9,three_requirements,0.8,1,0.0,0.0,0.0,0.0,0.0,0.0,0.0
16,9,three_requirements,0.8,2,0.0,0.0,0.0,0.0,0.0,0.0,0.0
16,9,three_requirements,0.8,3,0.1680807562371764,0.22341101081670253,0.18122395633534094,0.0,0.18274274029145815,0.04218705448136159,0.001518783956117209
16,9,three_requirements,0.8,4,0.3768702915823692,0.3768702915823692,0.3768702915823692,0.0,0.3768702915823692,0.0,0.0
16,9,three_requirements,1.0,1,0.0,0.0,0.0,0.0,0.0,0.0,0.0
16,9,three_requirements,1.0,2,0.0,0.0,0.0,0.0,0.0,0.0,0.0
16,9,three_requirements,1.0,3,0.32828272702573513,0.4363496305013718,0.3539530397174627,0.0,0.3569194146317538,0.0823965907839091,0.002966374914291081
16,9,three_requirements,1.0,4,0.5512172823394373,0.5512172823394373,0.5512172823394373,0.0,0.5512172823394373,0.0,0.0
16,9,two_requirements,0.5,1,0.0,0.0,0.0,0.0,0.0,0.0,0.0
16,9,two_requirements,0.5,2,0.0,0.17312752302835777,0.15143971185771748,0.0,0.17312752302835777,0.02168781117064028,0.02168781117064028
16,9,two_requirements,0.5,3,0.13503646910616507,0.25735905954134924,0.25735905954134924,0.0,0.25735905954134924,0.0,0.0
16,9,two_requirements,0.5,4,0.3293081148784055,0.3293081148784055,0.3293081148784055,0.0,0.3293081148784055,0.0,0.0
16,9,two_requirements,0.8,1,0.0,0.0,0.0,0.0,0.0,0.0,0.0
16,9,two_requirements,0.8,2,0.0,0.4432064589525959,0.38768566235575697,0.0,0.4432064589525959,0.05552079659683895,0.05552079659683895
16,9,two_requirements,0.8,3,0.34569336091178265,0.5556074350963551,0.5556074350963551,0.0,0.5556074350963551,0.0,0.0
16,9,two_requirements,0.8,4,0.642894749209868,0.642894749209868,0.642894749209868,0.0,0.642894749209868,0.0,0.0
16,9,two_requirements,1.0,1,0.0,0.0,0.0,0.0,0.0,0.0,0.0
16,9,two_requirements,1.0,2,0.0,0.6925100921134311,0.6057588474308699,0.0,0.6925100921134311,0.08675124468256112,0.08675124468256112
16,9,two_requirements,1.0,3,0.5401458764246603,0.7606035367864931,0.7606035367864931,0.0,0.7606035367864931,0.0,0.0
16,9,two_requirements,1.0,4,0.7960501030582828,0.7960501030582828,0.7960501030582828,0.0,0.7960501030582828,0.0,0.0
17,0,single_requirement,0.5,1,0.18530423760481968,0.34250656032416554,0.34250656032416554,0.0,0.34250656032416554,0.0,0.0
17,0,single_requirement,0.5,2,0.18530423760481962,0.5002736792379519,0.5002736792379519,0.0,0.5002736792379519,0.0,0.0
17,0,single_requirement,0.5,3,0.40085478956399634,0.559858316494239,0.559858316494239,0.0,0.559858316494239,0.0,0.0
17,0,single_requirement,0.5,4,0.559858316494239,0.559858316494239,0.559858316494239,0.0,0.559858316494239,0.0,0.0
17,0,single_requirement,0.8,1,0.29648678016771135,0.548010496518665,0.548010496518665,0.0,0.548010496518665,0.0,0.0
17,0,single_requirement,0.8,2,0.29648678016771146,0.6725681350721964,0.6725681350721964,0.0,0.6725681350721964,0.0,0.0
17,0,single_requirement,0.8,3,0.5689700073174421,0.7002401780279476,0.7002401780279476,0.0,0.7002401780279476,0.0,0.0
17,0,single_requirement,0.8,4,0.7002401780279476,0.7002401780279476,0.7002401780279476,0.0,0.7002401780279476,0.0,0.0
17,0,single_requirement,1.0,1,0.37060847520963935,0.6850131206483311,0.6850131206483311,0.0,0.6850131206483311,0.0,0.0
17,0,single_requirement,1.0,2,0.37060847520963924,0.7341520424164729,0.7341520424164729,0.0,0.7341520424164729,0.0,0.0
17,0,single_requirement,1.0,3,0.6508811291593426,0.739974407066053,0.739974407066053,0.0,0.739974407066053,0.0,0.0
17,0,single_requirement,1.0,4,0.7399744070660529,0.739974407066053,0.7399744070660529,0.0,0.7399744070660529,1.1102230246251565e-16,0.0
17,0,three_requirements,0.5,1,0.0,0.0,0.0,0.0,0.0,0.0,0.0
17,0,three_requirements,0.5,2,0.0,0.0,0.0,0.0,0.0,0.0,0.0
17,0,three_requirements,0.5,3,0.0,0.0,0.0,0.0,0.0,0.0,0.0
17,0,three_requirements,0.5,4,0.0,0.0,0.0,0.0,0.0,0.0,0.0
17,0,three_requirements,0.8,1,0.0,0.0,0.0,0.0,0.0,0.0,0.0
17,0,three_requirements,0.8,2,0.0,0.0,0.0,0.0,0.0,0.0,0.0
17,0,three_requirements,0.8,3,0.0,0.0,0.0,0.0,0.0,0.0,0.0
17,0,three_requirements,0.8,4,0.0,0.0,0.0,0.0,0.0,0.0,0.0
17,0,three_requirements,1.0,1,0.0,0.0,0.0,0.0,0.0,0.0,0.0
17,0,three_requirements,1.0,2,0.0,0.0,0.0,0.0,0.0,0.0,0.0
17,0,three_requirements,1.0,3,0.0,0.0,0.0,0.0,0.0,0.0,0.0
17,0,three_requirements,1.0,4,0.0,0.0,0.0,0.0,0.0,0.0,0.0
17,0,two_requirements,0.5,1,0.0,0.0,0.0,0.0,0.0,0.0,0.0
17,0,two_requirements,0.5,2,0.0,0.06999415031872012,0.0,0.0,0.06999415031872012,0.06999415031872012,0.06999415031872012
17,0,two_requirements,0.5,3,0.06999415031872014,0.06999415031872017,0.06999415031872014,0.0,0.06999415031872014,2.7755575615628914e-17,0.0
17,0,two_requirements,0.5,4,0.06999415031872015,0.06999415031872017,0.06999415031872015,0.0,0.06999415031872015,1.3877787807814457e-17,0.0
17,0,two_requirements,0.8,1,0.0,0.0,0.0,0.0,0.0,0.0,0.0
17,0,two_requirements,0.8,2,0.0,0.17918502481592366,0.0,0.0,0.17918502481592366,0.17918502481592366,0.17918502481592366
17,0,two_requirements,0.8,3,0.17918502481592363,0.17918502481592366,0.17918502481592363,0.0,0.17918502481592363,2.7755575615628914e-17,0.0
17,0,two_requirements,0.8,4,0.1791850248159237,0.1791850248159237,0.1791850248159237,0.0,0.1791850248159237,0.0,0.0
17,0,two_requirements,1.0,1,0.0,0.0,0.0,0.0,0.0,0.0,0.0
17,0,two_requirements,1.0,2,0.0,0.2799766012748805,0.0,0.0,0.2799766012748805,0.2799766012748805,0.2799766012748805
17,0,two_requirements,1.0,3,0.27997660127488067,0.2799766012748809,0.27997660127488067,0.0,0.27997660127488067,2.220446049250313e-16,0.0
17,0,two_requirements,1.0,4,0.2799766012748806,0.2799766012748809,0.2799766012748806,0.0,0.2799766012748806,2.7755575615628914e-16,0.0
17,1,single_requirement,0.5,1,0.3268808899572535,0.36423024331795784,0.36423024331795784,0.0,0.36423024331795784,0.0,0.0
17,1,single_requirement,0.5,2,0.5423669087459068,0.5515901413801233,0.5515901413801233,0.0,0.5515901413801233,0.0,0.0
17,1,single_requirement,0.5,3,0.5423669087459067,0.6472743489198584,0.6472743489198584,0.0,0.6472743489198584,0.0,0.0
17,1,single_requirement,0.5,4,0.6472743489198584,0.6472743489198584,0.6472743489198584,0.0,0.6472743489198584,0.0,0.0
17,1,single_requirement,0.8,1,0.5230094239316054,0.5827683893087323,0.5827683893087323,0.0,0.5827683893087323,0.0,0.0
17,1,single_requirement,0.8,2,0.7249925984453183,0.7323564219677406,0.7323564219677406,0.0,0.7323564219677406,0.0,0.0
17,1,single_requirement,0.8,3,0.7249925984453184,0.7692526407203415,0.7692526407203415,0.0,0.7692526407203415,0.0,0.0
17,1,single_requirement,0.8,4,0.7692526407203415,0.7692526407203415,0.7692526407203415,0.0,0.7692526407203415,0.0,0.0
17,1,single_requirement,1.0,1,0.653761779914507,0.7284604866359157,0.7284604866359157,0.0,0.7284604866359157,0.0,0.0
17,1,single_requirement,1.0,2,0.7872453684332044,0.7902890239259622,0.7902890239259622,0.0,0.7902890239259622,0.0,0.0
17,1,single_requirement,1.0,3,0.7872453684332046,0.7946554851335267,0.7946554851335267,0.0,0.7946554851335267,0.0,0.0
17,1,single_requirement,1.0,4,0.7946554851335269,0.7946554851335269,0.7946554851335269,0.0,0.7946554851335269,0.0,0.0
17,1,three_requirements,0.5,1,0.0,0.0,0.0,0.0,0.0,0.0,0.0
17,1,three_requirements,0.5,2,0.0,0.0,0.0,0.0,0.0,0.0,0.0
17,1,three_requirements,0.5,3,0.053283027477413564,0.06133326897077333,0.053283027477413564,0.0,0.06133326897077333,0.00805024149335977,0.00805024149335977
17,1,three_requirements,0.5,4,0.11430110460410936,0.11430110460410936,0.11430110460410936,0.0,0.11430110460410936,0.0,0.0
17,1,three_requirements,0.8,1,0.0,0.0,0.0,0.0,0.0,0.0,0.0
17,1,three_requirements,0.8,2,0.0,0.0,0.0,0.0,0.0,0.0,0.0
17,1,three_requirements,0.8,3,0.218247280547486,0.2512210697042876,0.218247280547486,0.0,0.2512210697042876,0.0329737891568016,0.0329737891568016
17,1,three_requirements,0.8,4,0.3526552329609801,0.3526552329609801,0.3526552329609801,0.0,0.3526552329609801,0.0,0.0
17,1,three_requirements,1.0,1,0.0,0.0,0.0,0.0,0.0,0.0,0.0
17,1,three_requirements,1.0,2,0.0,0.0,0.0,0.0,0.0,0.0,0.0
17,1,three_requirements,1.0,3,0.4262642198193085,0.49066615176618666,0.4262642198193085,0.0,0.49066615176618666,0.06440193194687815,0.06440193194687815
17,1,three_requirements,1.0,4,0.5383603619062739,0.5383603619062739,0.5383603619062739,0.0,0.5383603619062739,0.0,0.0
17,1,two_requirements,0.5,1,0.0,0.0,0.0,0.0,0.0,0.0,0.0
17,1,two_requirements,0.5,2,0.0988764595427378,0.18677140211353452,0.150606075023843,0.0,0.18677140211353452,0.03616532708969153,0.03616532708969153
17,1,two_requirements,0.5,3,0.20305151612315475,0.26648620143891416,0.26648620143891416,0.0,0.26648620143891416,0.0,0.0
17,1,two_requirements,0.5,4,0.36208885409230684,0.36208885409230684,0.36208885409230684,0.0,0.36208885409230684,0.0,0.0
17,1,two_requirements,0.8,1,0.0,0.0,0.0,0.0,0.0,0.0,0.0
17,1,two_requirements,0.8,2,0.25312373642940855,0.47813478941064846,0.38555155206103786,0.0,0.47813478941064846,0.0925832373496106,0.0925832373496106
17,1,two_requirements,0.8,3,0.44849383694617384,0.5733156762107805,0.5733156762107805,0.0,0.5733156762107805,0.0,0.0
17,1,two_requirements,0.8,4,0.6702765870985343,0.6702765870985343,0.6702765870985343,0.0,0.6702765870985343,0.0,0.0
17,1,two_requirements,1.0,1,0.0,0.0,0.0,0.0,0.0,0.0,0.0
17,1,two_requirements,1.0,2,0.3955058381709512,0.7470856084541381,0.602424300095372,0.0,0.7470856084541381,0.14466130835876612,0.14466130835876612
17,1,two_requirements,1.0,3,0.6264819907189147,0.782379702961803,0.782379702961803,0.0,0.782379702961803,0.0,0.0
17,1,two_requirements,1.0,4,0.8149102879889053,0.8149102879889053,0.8149102879889053,0.0,0.8149102879889053,0.0,0.0
17,2,single_requirement,0.5,1,0.305282860841062,0.305282860841062,0.305282860841062,0.0,0.305282860841062,0.0,0.0
17,2,single_requirement,0.5,2,0.47120558759697867,0.47120558759697867,0.47120558759697867,0.0,0.47120558759697867,0.0,0.0
17,2,single_requirement,0.5,3,0.47120558759697856,0.4712055875969787,0.47120558759697856,0.0,0.47120558759697856,1.6653345369377348e-16,0.0
17,2,single_requirement,0.5,4,0.47120558759697884,0.47120558759697884,0.47120558759697884,0.0,0.47120558759697884,0.0,0.0
17,2,single_requirement,0.8,1,0.48845257734569936,0.48845257734569936,0.48845257734569936,0.0,0.48845257734569936,0.0,0.0
17,2,single_requirement,0.8,2,0.6572665422895699,0.6572665422895699,0.6572665422895699,0.0,0.6572665422895699,0.0,0.0
17,2,single_requirement,0.8,3,0.6572665422895698,0.6572665422895699,0.6572665422895698,0.0,0.6572665422895698,1.1102230246251565e-16,0.0
17,2,single_requirement,0.8,4,0.6572665422895699,0.6572665422895699,0.6572665422895699,0.0,0.6572665422895699,0.0,0.0
17,2,single_requirement,1.0,1,0.610565721682124,0.610565721682124,0.610565721682124,0.0,0.610565721682124,0.0,0.0
17,2,single_requirement,1.0,2,0.7410311796406323,0.7410311796406323,0.7410311796406323,0.0,0.7410311796406323,0.0,0.0
17,2,single_requirement,1.0,3,0.7410311796406321,0.7410311796406324,0.7410311796406321,0.0,0.7410311796406321,2.220446049250313e-16,0.0
17,2,single_requirement,1.0,4,0.7410311796406323,0.7410311796406324,0.7410311796406323,0.0,0.7410311796406323,1.1102230246251565e-16,0.0
17,2,three_requirements,0.5,1,0.0,0.0,0.0,0.0,0.0,0.0,0.0
17,2,three_requirements,0.5,2,0.0,0.0,0.0,0.0,0.0,0.0,0.0
17,2,three_requirements,0.5,3,0.0,0.02572137323554536,0.02218158295564497,0.0,0.02572137323554536,0.0035397902799003886,0.0035397902799003886
17,2,three_requirements,0.5,4,0.03860281471146619,0.03860281471146619,0.03860281471146619,0.0,0.03860281471146619,0.0,0.0
17,2,three_requirements,0.8,1,0.0,0.0,0.0,0.0,0.0,0.0,0.0
17,2,three_requirements,0.8,2,0.0,0.0,0.0,0.0,0.0,0.0,0.0
17,2,three_requirements,0.8,3,0.0,0.1053547447727938,0.09085576378632154,0.0,0.1053547447727938,0.01449898098647226,0.01449898098647226
17,2,three_requirements,0.8,4,0.13526110135759548,0.13526110135759548,0.13526110135759548,0.0,0.13526110135759548,0.0,0.0
17,2,three_requirements,1.0,1,0.0,0.0,0.0,0.0,0.0,0.0,0.0
17,2,three_requirements,1.0,2,0.0,0.0,0.0,0.0,0.0,0.0,0.0
17,2,three_requirements,1.0,3,0.0,0.20577098588436288,0.17745266364515977,0.0,0.20577098588436288,0.02831832223920311,0.02831832223920311
17,2,three_requirements,1.0,4,0.23442138585393635,0.23442138585393635,0.23442138585393635,0.0,0.23442138585393635,0.0,0.0
17,2,two_requirements,0.5,1,0.0,0.0,0.0,0.0,0.0,0.0,0.0
17,2,two_requirements,0.5,2,0.0772588748505435,0.09075650952719787,0.09075650952719787,0.0,0.09075650952719787,0.0,0.0
17,2,two_requirements,0.5,3,0.1356228149154478,0.13787853729840677,0.13787853729840677,0.0,0.13787853729840677,0.0,0.0
17,2,two_requirements,0.5,4,0.16361435994301987,0.16361435994301987,0.16361435994301987,0.0,0.16361435994301987,0.0,0.0
17,2,two_requirements,0.8,1,0.0,0.0,0.0,0.0,0.0,0.0,0.0
17,2,two_requirements,0.8,2,0.1977827196173914,0.23233666438962644,0.23233666438962644,0.0,0.23233666438962644,0.0,0.0
17,2,two_requirements,0.8,3,0.29743941948946356,0.30071256044903666,0.30071256044903666,0.0,0.30071256044903666,0.0,0.0
17,2,two_requirements,0.8,4,0.3214007956645842,0.3214007956645842,0.3214007956645842,0.0,0.3214007956645842,0.0,0.0
17,2,two_requirements,1.0,1,0.0,0.0,0.0,0.0,0.0,0.0,0.0
17,2,two_requirements,1.0,2,0.309035499402174,0.36302603810879147,0.36302603810879147,0.0,0.36302603810879147,0.0,0.0
17,2,two_requirements,1.0,3,0.41292098181261705,0.415429526706948,0.415429526706948,0.0,0.415429526706948,0.0,0.0
17,2,two_requirements,1.0,4,0.42277519646183215,0.42277519646183215,0.42277519646183215,0.0,0.42277519646183215,0.0,0.0
17,3,single_requirement,0.5,1,0.0,0.42256248961984677,0.42256248961984677,0.0,0.42256248961984677,0.0,0.0
17,3,single_requirement,0.5,2,0.32408634523661284,0.6087109627220568,0.6087109627220568,0.0,0.6087109627220568,0.0,0.0
17,3,single_requirement,0.5,3,0.5193687440735286,0.7092079490622755,0.7092079490622755,0.0,0.7092079490622755,0.0,0.0
17,3,single_requirement,0.5,4,0.7092079490622755,0.7092079490622755,0.7092079490622755,0.0,0.7092079490622755,0.0,0.0
17,3,single_requirement,0.8,1,0.0,0.6760999833917547,0.6760999833917547,0.0,0.6760999833917547,0.0,0.0
17,3,single_requirement,0.8,2,0.5185381523785806,0.8288515487378773,0.8288515487378773,0.0,0.8288515487378773,0.0,0.0
17,3,single_requirement,0.8,3,0.6946725676055496,0.8727326253497316,0.8727326253497316,0.0,0.8727326253497316,0.0,0.0
17,3,single_requirement,0.8,4,0.8727326253497315,0.8727326253497316,0.8727326253497315,0.0,0.8727326253497315,1.1102230246251565e-16,0.0
17,3,single_requirement,1.0,1,0.0,0.8451249792396935,0.8451249792396935,0.0,0.8451249792396935,0.0,0.0
17,3,single_requirement,1.0,2,0.6481726904732257,0.9151594429078352,0.9151594429078352,0.0,0.9151594429078352,0.0,0.0
17,3,single_requirement,1.0,3,0.7547428570801904,0.9234842889622631,0.9234842889622631,0.0,0.9234842889622631,0.0,0.0
17,3,single_requirement,1.0,4,0.9234842889622626,0.9234842889622631,0.9234842889622626,0.0,0.9234842889622626,4.440892098500626e-16,0.0
17,3,three_requirements,0.5,1,0.0,0.0,0.0,0.0,0.0,0.0,0.0
17,3,three_requirements,0.5,2,0.0,0.0,0.0,0.0,0.0,0.0,0.0
17,3,three_requirements,0.5,3,0.0321337349109973,0.059304744462892314,0.04598933866385964,0.0,0.04598933866385964,0.013315405799032676,0.0
17,3,three_requirements,0.5,4,0.10287898306218682,0.10287898306218682,0.10287898306218682,0.0,0.10287898306218682,0.0,0.0
17,3,three_requirements,0.8,1,0.0,0.0,0.0,0.0,0.0,0.0,0.0
17,3,three_requirements,0.8,2,0.0,0.0,0.0,0.0,0.0,0.0,0.0
17,3,three_requirements,0.8,3,0.13161977819544496,0.242912233320007,0.188372331167169,0.0,0.188372331167169,0.054539902152837993,0.0
17,3,three_requirements,0.8,4,0.33648509778677516,0.33648509778677516,0.33648509778677516,0.0,0.33648509778677516,0.0,0.0
17,3,three_requirements,1.0,1,0.0,0.0,0.0,0.0,0.0,0.0,0.0
17,3,three_requirements,1.0,2,0.0,0.0,0.0,0.0,0.0,0.0,0.0
17,3,three_requirements,1.0,3,0.2570698792879784,0.4744379557031385,0.3679147093108771,0.0,0.3679147093108771,0.1065232463922614,0.0
17,3,three_requirements,1.0,4,0.5466411846929954,0.5466411846929954,0.5466411846929954,0.0,0.5466411846929954,0.0,0.0
17,3,two_requirements,0.5,1,0.0,0.0,0.0,0.0,0.0,0.0,0.0
17,3,two_requirements,0.5,2,0.0,0.176079669303131,0.10639069523618337,0.0,0.176079669303131,0.06968897406694761,0.06968897406694761
17,3,two_requirements,0.5,3,0.2013067329332333,0.25354461025380265,0.23479789226969774,0.0,0.25354461025380265,0.018746717984104905,0.018746717984104905
17,3,two_requirements,0.5,4,0.2871831225027167,0.2871831225027167,0.2871831225027167,0.0,0.2871831225027167,0.0,0.0
17,3,two_requirements,0.8,1,0.0,0.0,0.0,0.0,0.0,0.0,0.0
17,3,two_requirements,0.8,2,0.0,0.4507639534160154,0.27236017980462945,0.0,0.4507639534160154,0.17840377361138593,0.17840377361138593
17,3,two_requirements,0.8,3,0.4455469947199482,0.5524710760581687,0.527857686804295,0.0,0.5524710760581687,0.024613389253873685,0.024613389253873685
17,3,two_requirements,0.8,4,0.5768796038298468,0.5768796038298468,0.5768796038298468,0.0,0.5768796038298468,0.0,0.0
17,3,two_requirements,1.0,1,0.0,0.0,0.0,0.0,0.0,0.0,0.0
17,3,two_requirements,1.0,2,0.0,0.704318677212524,0.4255627809447335,0.0,0.704318677212524,0.27875589626779046,0.27875589626779046
17,3,two_requirements,1.0,3,0.6234606775945762,0.7626077998913403,0.7485016800003244,0.0,0.7626077998913403,0.014106119891015956,0.014106119891015956
17,3,two_requirements,1.0,4,0.7690479394734128,0.7690479394734128,0.7690479394734128,0.0,0.7690479394734128,0.0,0.0
17,4,single_requirement,0.5,1,0.3102313122386512,0.368233795322587,0.368233795322587,0.0,0.368233795322587,0.0,0.0
17,4,single_requirement,0.5,2,0.31023131223865125,0.5594732743020453,0.5594732743020453,0.0,0.5594732743020453,0.0,0.0
17,4,single_requirement,0.5,3,0.5238072677278689,0.6529922352393672,0.6529922352393672,0.0,0.6529922352393672,0.0,0.0
17,4,single_requirement,0.5,4,0.6529922352393673,0.6529922352393673,0.6529922352393673,0.0,0.6529922352393673,0.0,0.0
17,4,single_requirement,0.8,1,0.4963700995818421,0.5891740725161394,0.5891740725161394,0.0,0.5891740725161394,0.0,0.0
17,4,single_requirement,0.8,2,0.4963700995818422,0.7410373105579909,0.7410373105579909,0.0,0.7410373105579909,0.0,0.0
17,4,single_requirement,0.8,3,0.7054147174886782,0.77950296596019,0.77950296596019,0.0,0.77950296596019,0.0,0.0
17,4,single_requirement,0.8,4,0.77950296596019,0.77950296596019,0.77950296596019,0.0,0.77950296596019,0.0,0.0
17,4,single_requirement,1.0,1,0.6204626244773024,0.736467590645174,0.736467590645174,0.0,0.736467590645174,0.0,0.0
17,4,single_requirement,1.0,2,0.6204626244773026,0.7978633645930875,0.7978633645930875,0.0,0.7978633645930875,0.0,0.0
17,4,single_requirement,1.0,3,0.7712043044642538,0.8037661024894478,0.8037661024894478,0.0,0.8037661024894478,0.0,0.0
17,4,single_requirement,1.0,4,0.8037661024894479,0.8037661024894479,0.8037661024894479,0.0,0.8037661024894479,0.0,0.0
17,4,three_requirements,0.5,1,0.0,0.0,0.0,0.0,0.0,0.0,0.0
17,4,three_requirements,0.5,2,0.0,0.0,0.0,0.0,0.0,0.0,0.0
17,4,three_requirements,0.5,3,0.041549565723704676,0.05641954590386669,0.041549565723704676,0.0,0.05641954590386669,0.014869980180162015,0.014869980180162015
17,4,three_requirements,0.5,4,0.10166110179226644,0.10166110179226644,0.10166110179226644,0.0,0.10166110179226644,0.0,0.0
17,4,three_requirements,0.8,1,0.0,0.0,0.0,0.0,0.0,0.0,0.0
17,4,three_requirements,0.8,2,0.0,0.0,0.0,0.0,0.0,0.0,0.0
17,4,three_requirements,0.8,3,0.1701870212042945,0.2310944600222379,0.1701870212042945,0.0,0.2310944600222379,0.060907438817943416,0.060907438817943416
17,4,three_requirements,0.8,4,0.33053896442701247,0.33053896442701247,0.33053896442701247,0.0,0.33053896442701247,0.0,0.0
17,4,three_requirements,1.0,1,0.0,0.0,0.0,0.0,0.0,0.0,0.0
17,4,three_requirements,1.0,2,0.0,0.0,0.0,0.0,0.0,0.0,0.0
17,4,three_requirements,1.0,3,0.3323965257896374,0.45135636723093353,0.3323965257896374,0.0,0.45135636723093353,0.11895984144129612,0.11895984144129612
17,4,three_requirements,1.0,4,0.5337806486020937,0.5337806486020937,0.5337806486020937,0.0,0.5337806486020937,0.0,0.0
17,4,two_requirements,0.5,1,0.0,0.0,0.0,0.0,0.0,0.0,0.0
17,4,two_requirements,0.5,2,0.0,0.13731162092254745,0.1212736261439381,0.0,0.13731162092254745,0.016037994778609344,0.016037994778609344
17,4,two_requirements,0.5,3,0.0,0.20535442742176832,0.20535442742176832,0.0,0.20535442742176832,0.0,0.0
17,4,two_requirements,0.5,4,0.20535442742176827,0.20535442742176832,0.20535442742176827,0.0,0.20535442742176827,5.551115123125783e-17,0.0
17,4,two_requirements,0.8,1,0.0,0.0,0.0,0.0,0.0,0.0,0.0
17,4,two_requirements,0.8,2,0.0,0.35151774956172155,0.31046048292848144,0.0,0.35151774956172155,0.04105726663324011,0.04105726663324011
17,4,two_requirements,0.8,3,0.0,0.4439447952254414,0.4439447952254414,0.0,0.4439447952254414,0.0,0.0
17,4,two_requirements,0.8,4,0.44394479522544117,0.4439447952254414,0.44394479522544117,0.0,0.44394479522544117,2.220446049250313e-16,0.0
17,4,two_requirements,1.0,1,0.0,0.0,0.0,0.0,0.0,0.0,0.0
17,4,two_requirements,1.0,2,0.0,0.5492464836901898,0.4850945045757524,0.0,0.5492464836901898,0.06415197911443737,0.06415197911443737
17,4,two_requirements,1.0,3,0.0,0.6084944311082042,0.6084944311082042,0.0,0.6084944311082042,0.0,0.0
17,4,two_requirements,1.0,4,0.6084944311082042,0.6084944311082042,0.6084944311082042,0.0,0.6084944311082042,0.0,0.0
17,5,single_requirement,0.5,1,0.0,0.39294883270984293,0.39294883270984293,0.0,0.39294883270984293,0.0,0.0
17,5,single_requirement,0.5,2,0.0,0.54335778716325,0.54335778716325,0.0,0.54335778716325,0.0,0.0
17,5,single_requirement,0.5,3,0.26885280088905167,0.54335778716325,0.54335778716325,0.0,0.54335778716325,0.0,0.0
17,5,single_requirement,0.5,4,0.54335778716325,0.54335778716325,0.54335778716325,0.0,0.54335778716325,0.0,0.0
17,5,single_requirement,0.8,1,0.0,0.6287181323357488,0.6287181323357488,0.0,0.6287181323357488,0.0,0.0
17,5,single_requirement,0.8,2,0.0,0.7556663668829815,0.7556663668829815,0.0,0.7556663668829815,0.0,0.0
17,5,single_requirement,0.8,3,0.4301644814224828,0.7556663668829815,0.7556663668829815,0.0,0.7556663668829815,0.0,0.0
17,5,single_requirement,0.8,4,0.7556663668829814,0.7556663668829815,0.7556663668829814,0.0,0.7556663668829814,1.1102230246251565e-16,0.0
17,5,single_requirement,1.0,1,0.0,0.7858976654196859,0.7858976654196859,0.0,0.7858976654196859,0.0,0.0
17,5,single_requirement,1.0,2,0.0,0.849827881455211,0.849827881455211,0.0,0.849827881455211,0.0,0.0
17,5,single_requirement,1.0,3,0.5377056017781033,0.8498278814552115,0.8498278814552109,0.0,0.8498278814552109,5.551115123125783e-16,0.0
17,5,single_requirement,1.0,4,0.8498278814552112,0.8498278814552115,0.8498278814552112,0.0,0.8498278814552112,3.3306690738754696e-16,0.0
17,5,three_requirements,0.5,1,0.0,0.0,0.0,0.0,0.0,0.0,0.0
17,5,three_requirements,0.5,2,0.0,0.0,0.0,0.0,0.0,0.0,0.0
17,5,three_requirements,0.5,3,0.0,0.039904027369471406,0.0,0.0,0.0,0.039904027369471406,0.0
17,5,three_requirements,0.5,4,0.039904027369471365,0.039904027369471406,0.039904027369471365,0.0,0.039904027369471365,4.163336342344337e-17,0.0
17,5,three_requirements,0.8,1,0.0,0.0,0.0,0.0,0.0,0.0,0.0
17,5,three_requirements,0.8,2,0.0,0.0,0.0,0.0,0.0,0.0,0.0
17,5,three_requirements,0.8,3,0.0,0.16344689610535468,0.0,0.0,0.0,0.16344689610535468,0.0
17,5,three_requirements,0.8,4,0.16344689610535468,0.16344689610535468,0.16344689610535468,0.0,0.16344689610535468,0.0,0.0
17,5,three_requirements,1.0,1,0.0,0.0,0.0,0.0,0.0,0.0,0.0
17,5,three_requirements,1.0,2,0.0,0.0,0.0,0.0,0.0,0.0,0.0
17,5,three_requirements,1.0,3,0.0,0.31923221895577125,0.0,0.0,0.0,0.31923221895577125,0.0
17,5,three_requirements,1.0,4,0.3192322189557708,0.31923221895577125,0.3192322189557708,0.0,0.3192322189557708,4.440892098500626e-16,0.0
17,5,two_requirements,0.5,1,0.0,0.0,0.0,0.0,0.0,0.0,0.0
17,5,two_requirements,0.5,2,0.0,0.1422441107446187,0.07479009041981909,0.0,0.1422441107446187,0.06745402032479962,0.06745402032479962
17,5,two_requirements,0.5,3,0.1523268387668147,0.2034941457953441,0.18408521958306806,0.0,0.2034941457953441,0.01940892621227605,0.01940892621227605
17,5,two_requirements,0.5,4,0.22746293858775582,0.22746293858775582,0.22746293858775582,0.0,0.22746293858775582,0.0,0.0
17,5,two_requirements,0.8,1,0.0,0.0,0.0,0.0,0.0,0.0,0.0
17,5,two_requirements,0.8,2,0.0,0.36414492350622396,0.19146263147473677,0.0,0.36414492350622396,0.1726822920314872,0.1726822920314872
17,5,two_requirements,0.8,3,0.3408870613031939,0.44685897567315785,0.42064852642367057,0.0,0.44685897567315785,0.02621044924948729,0.02621044924948729
17,5,two_requirements,0.8,4,0.46474600165505536,0.46474600165505536,0.46474600165505536,0.0,0.46474600165505536,0.0,0.0
17,5,two_requirements,1.0,1,0.0,0.0,0.0,0.0,0.0,0.0,0.0
17,5,two_requirements,1.0,2,0.0,0.5689764429784748,0.29916036167927634,0.0,0.5689764429784748,0.2698160812991985,0.2698160812991985
17,5,two_requirements,1.0,3,0.48152181876556116,0.6210441936945983,0.6045449520067934,0.0,0.6210441936945983,0.016499241687804922,0.016499241687804922
17,5,two_requirements,1.0,4,0.6262267185897097,0.6262267185897097,0.6262267185897097,0.0,0.6262267185897097,0.0,0.0
17,6,single_requirement,0.5,1,0.21414852349857727,0.322748201502268,0.322748201502268,0.0,0.322748201502268,0.0,0.0
17,6,single_requirement,0.5,2,0.21414852349857727,0.44369449741810874,0.44369449741810874,0.0,0.44369449741810874,0.0,0.0
17,6,single_requirement,0.5,3,0.44369449741810874,0.44369449741810874,0.44369449741810874,0.0,0.44369449741810874,0.0,0.0
17,6,single_requirement,0.5,4,0.44369449741810874,0.44369449741810874,0.44369449741810874,0.0,0.44369449741810874,0.0,0.0
17,6,single_requirement,0.8,1,0.34263763759772353,0.516397122403629,0.516397122403629,0.0,0.516397122403629,0.0,0.0
17,6,single_requirement,0.8,2,0.3426376375977237,0.620437057389547,0.620437057389547,0.0,0.620437057389547,0.0,0.0
17,6,single_requirement,0.8,3,0.620437057389547,0.620437057389547,0.620437057389547,0.0,0.620437057389547,0.0,0.0
17,6,single_requirement,0.8,4,0.620437057389547,0.620437057389547,0.620437057389547,0.0,0.620437057389547,0.0,0.0
17,6,single_requirement,1.0,1,0.42829704699715454,0.645496403004536,0.645496403004536,0.0,0.645496403004536,0.0,0.0
17,6,single_requirement,1.0,2,0.42829704699715443,0.7009845396707444,0.7009845396707444,0.0,0.7009845396707444,0.0,0.0
17,6,single_requirement,1.0,3,0.7009845396707446,0.7009845396707446,0.7009845396707446,0.0,0.7009845396707446,0.0,0.0
17,6,single_requirement,1.0,4,0.7009845396707446,0.7009845396707446,0.7009845396707446,0.0,0.7009845396707446,0.0,0.0
17,6,three_requirements,0.5,1,0.0,0.0,0.0,0.0,0.0,0.0,0.0
17,6,three_requirements,0.5,2,0.0,0.0,0.0,0.0,0.0,0.0,0.0
17,6,three_requirements,0.5,3,0.0,0.02153216731545126,0.0,0.0,0.0,0.02153216731545126,0.0
17,6,three_requirements,0.5,4,0.021532167315451274,0.021532167315451274,0.021532167315451274,0.0,0.021532167315451274,0.0,0.0
17,6,three_requirements,0.8,1,0.0,0.0,0.0,0.0,0.0,0.0,0.0
17,6,three_requirements,0.8,2,0.0,0.0,0.0,0.0,0.0,0.0,0.0
17,6,three_requirements,0.8,3,0.0,0.08819575732408835,0.0,0.0,0.0,0.08819575732408835,0.0
17,6,three_requirements,0.8,4,0.08819575732408844,0.08819575732408844,0.08819575732408844,0.0,0.08819575732408844,0.0,0.0
17,6,three_requirements,1.0,1,0.0,0.0,0.0,0.0,0.0,0.0,0.0
17,6,three_requirements,1.0,2,0.0,0.0,0.0,0.0,0.0,0.0,0.0
17,6,three_requirements,1.0,3,0.0,0.17225733852361008,0.0,0.0,0.0,0.17225733852361008,0.0
17,6,three_requirements,1.0,4,0.1722573385236103,0.1722573385236103,0.1722573385236103,0.0,0.1722573385236103,0.0,0.0
17,6,two_requirements,0.5,1,0.0,0.0,0.0,0.0,0.0,0.0,0.0
17,6,two_requirements,0.5,2,0.05671659591263675,0.09447689176716648,0.06910328202581219,0.0,0.09447689176716648,0.02537360974135429,0.02537360974135429
17,6,two_requirements,0.5,3,0.12650915648009364,0.12650915648009364,0.10094778427404005,0.0,0.12650915648009364,0.02556137220605359,0.02556137220605359
17,6,two_requirements,0.5,4,0.16847638400214943,0.16847638400214943,0.16847638400214943,0.0,0.16847638400214943,0.0,0.0
17,6,two_requirements,0.8,1,0.0,0.0,0.0,0.0,0.0,0.0,0.0
17,6,two_requirements,0.8,2,0.14519448553635017,0.24186084292394625,0.17690440198607932,0.0,0.24186084292394625,0.06495644093786693,0.06495644093786693
17,6,two_requirements,0.8,3,0.2859483078662858,0.2859483078662858,0.22022279187301053,0.0,0.2859483078662858,0.06572551599327525,0.06572551599327525
17,6,two_requirements,0.8,4,0.3461395204461981,0.3461395204461981,0.3461395204461981,0.0,0.3461395204461981,0.0,0.0
17,6,two_requirements,1.0,1,0.0,0.0,0.0,0.0,0.0,0.0,0.0
17,6,two_requirements,1.0,2,0.226866383650547,0.3779075670686659,0.27641312810324875,0.0,0.3779075670686659,0.10149443896541716,0.10149443896541716
17,6,two_requirements,1.0,3,0.4072993011215361,0.4072993011215361,0.3043027624385247,0.0,0.4072993011215361,0.1029965386830114,0.1029965386830114
17,6,two_requirements,1.0,4,0.4485123064799533,0.4485123064799533,0.4485123064799533,0.0,0.4485123064799533,0.0,0.0
17,7,single_requirement,0.5,1,0.2510116211508687,0.3411502030476298,0.3411502030476298,0.0,0.3411502030476298,0.0,0.0
17,7,single_requirement,0.5,2,0.4204004535928946,0.4956189858291039,0.4956189858291039,0.0,0.4956189858291039,0.0,0.0
17,7,single_requirement,0.5,3,0.4204004535928947,0.5741512079611221,0.5741512079611221,0.0,0.5741512079611221,0.0,0.0
17,7,single_requirement,0.5,4,0.5741512079611221,0.5741512079611221,0.5741512079611221,0.0,0.5741512079611221,0.0,0.0
17,7,single_requirement,0.8,1,0.40161859384139,0.5458403248762074,0.5458403248762074,0.0,0.5458403248762074,0.0,0.0
17,7,single_requirement,0.8,2,0.5676963756178192,0.673722779521625,0.673722779521625,0.0,0.673722779521625,0.0,0.0
17,7,single_requirement,0.8,3,0.5676963756178195,0.7086427974590095,0.7086427974590095,0.0,0.7086427974590095,0.0,0.0
17,7,single_requirement,0.8,4,0.7086427974590095,0.7086427974590095,0.7086427974590095,0.0,0.7086427974590095,0.0,0.0
17,7,single_requirement,1.0,1,0.5020232423017374,0.6823004060952595,0.6823004060952595,0.0,0.6823004060952595,0.0,0.0
17,7,single_requirement,1.0,2,0.6221668444132643,0.7427638095645799,0.7427638095645799,0.0,0.7427638095645799,0.0,0.0
17,7,single_requirement,1.0,3,0.6221668444132646,0.7497879078332388,0.7497879078332388,0.0,0.7497879078332388,0.0,0.0
17,7,single_requirement,1.0,4,0.7497879078332389,0.7497879078332389,0.7497879078332389,0.0,0.7497879078332389,0.0,0.0
17,7,three_requirements,0.5,1,0.0,0.0,0.0,0.0,0.0,0.0,0.0
17,7,three_requirements,0.5,2,0.0,0.0,0.0,0.0,0.0,0.0,0.0
17,7,three_requirements,0.5,3,0.0,0.031691290053210905,0.014638875806780534,0.0,0.031691290053210905,0.01705241424643037,0.01705241424643037
17,7,three_requirements,0.5,4,0.04944963937029702,0.04944963937029702,0.04944963937029702,0.0,0.04944963937029702,0.0,0.0
17,7,three_requirements,0.8,1,0.0,0.0,0.0,0.0,0.0,0.0,0.0
17,7,three_requirements,0.8,2,0.0,0.0,0.0,0.0,0.0,0.0,0.0
17,7,three_requirements,0.8,3,0.0,0.1298075240579518,0.05996083530457305,0.0,0.1298075240579518,0.06984668875337874,0.06984668875337874
17,7,three_requirements,0.8,4,0.1695958441836381,0.1695958441836381,0.1695958441836381,0.0,0.1695958441836381,0.0,0.0
17,7,three_requirements,1.0,1,0.0,0.0,0.0,0.0,0.0,0.0,0.0
17,7,three_requirements,1.0,2,0.0,0.0,0.0,0.0,0.0,0.0,0.0
17,7,three_requirements,1.0,3,0.0,0.25353032042568724,0.11711100645424427,0.0,0.25353032042568724,0.13641931397144297,0.13641931397144297
17,7,three_requirements,1.0,4,0.28833839531036254,0.28833839531036254,0.28833839531036254,0.0,0.28833839531036254,0.0,0.0
17,7,two_requirements,0.5,1,0.0,0.0,0.0,0.0,0.0,0.0,0.0
17,7,two_requirements,0.5,2,0.0,0.08431327271924101,0.08431327271924101,0.0,0.08431327271924101,0.0,0.0
17,7,two_requirements,0.5,3,0.08431327271924104,0.08431327271924104,0.08431327271924104,0.0,0.08431327271924104,0.0,0.0
17,7,two_requirements,0.5,4,0.15059415904852258,0.15059415904852258,0.15059415904852258,0.0,0.15059415904852258,0.0,0.0
17,7,two_requirements,0.8,1,0.0,0.0,0.0,0.0,0.0,0.0,0.0
17,7,two_requirements,0.8,2,0.0,0.21584197816125691,0.21584197816125691,0.0,0.21584197816125691,0.0,0.0
17,7,two_requirements,0.8,3,0.21584197816125703,0.21584197816125703,0.21584197816125703,0.0,0.21584197816125703,0.0,0.0
17,7,two_requirements,0.8,4,0.3254318116109423,0.3254318116109423,0.3254318116109423,0.0,0.3254318116109423,0.0,0.0
17,7,two_requirements,1.0,1,0.0,0.0,0.0,0.0,0.0,0.0,0.0
17,7,two_requirements,1.0,2,0.0,0.33725309087696403,0.33725309087696403,0.0,0.33725309087696403,0.0,0.0
17,7,two_requirements,1.0,3,0.33725309087696426,0.33725309087696426,0.33725309087696426,0.0,0.33725309087696426,0.0,0.0
17,7,two_requirements,1.0,4,0.4218200389787194,0.4218200389787194,0.4218200389787194,0.0,0.4218200389787194,0.0,0.0
17,8,single_requirement,0.5,1,0.29151900485764476,0.308814006480818,0.308814006480818,0.0,0.308814006480818,0.0,0.0
17,8,single_requirement,0.5,2,0.2915190048576447,0.4734916798939467,0.4734916798939467,0.0,0.4734916798939467,0.0,0.0
17,8,single_requirement,0.5,3,0.2915190048576448,0.4734916798939467,0.4734916798939467,0.0,0.4734916798939467,0.0,0.0
17,8,single_requirement,0.5,4,0.4734916798939467,0.4734916798939467,0.4734916798939467,0.0,0.4734916798939467,0.0,0.0
17,8,single_requirement,0.8,1,0.4664304077722317,0.4941024103693088,0.4941024103693088,0.0,0.4941024103693088,0.0,0.0
17,8,single_requirement,0.8,2,0.46643040777223177,0.6358190096435792,0.6358190096435792,0.0,0.6358190096435792,0.0,0.0
17,8,single_requirement,0.8,3,0.46643040777223177,0.6358190096435792,0.6358190096435791,0.0,0.6358190096435791,1.1102230246251565e-16,0.0
17,8,single_requirement,0.8,4,0.6358190096435791,0.6358190096435792,0.6358190096435791,0.0,0.6358190096435791,1.1102230246251565e-16,0.0
17,8,single_requirement,1.0,1,0.5830380097152895,0.617628012961636,0.617628012961636,0.0,0.617628012961636,0.0,0.0
17,8,single_requirement,1.0,2,0.5830380097152894,0.6933006968988612,0.6933006968988612,0.0,0.6933006968988612,0.0,0.0
17,8,single_requirement,1.0,3,0.5830380097152895,0.6933006968988613,0.6933006968988613,0.0,0.6933006968988613,0.0,0.0
17,8,single_requirement,1.0,4,0.6933006968988611,0.6933006968988613,0.6933006968988611,0.0,0.6933006968988611,2.220446049250313e-16,0.0
17,8,three_requirements,0.5,1,0.0,0.0,0.0,0.0,0.0,0.0,0.0
17,8,three_requirements,0.5,2,0.0,0.0,0.0,0.0,0.0,0.0,0.0
17,8,three_requirements,0.5,3,0.0,0.04262151055668352,0.0,0.0,0.02226311760344788,0.04262151055668352,0.02226311760344788
17,8,three_requirements,0.5,4,0.05573972889636287,0.05573972889636287,0.05573972889636287,0.0,0.05573972889636287,0.0,0.0
17,8,three_requirements,0.8,1,0.0,0.0,0.0,0.0,0.0,0.0,0.0
17,8,three_requirements,0.8,2,0.0,0.0,0.0,0.0,0.0,0.0,0.0
17,8,three_requirements,0.8,3,0.0,0.1745777072401759,0.0,0.0,0.09118972970372258,0.1745777072401759,0.09118972970372258
17,8,three_requirements,0.8,4,0.2058354251288647,0.2058354251288647,0.2058354251288647,0.0,0.2058354251288647,0.0,0.0
17,8,three_requirements,1.0,1,0.0,0.0,0.0,0.0,0.0,0.0,0.0
17,8,three_requirements,1.0,2,0.0,0.0,0.0,0.0,0.0,0.0,0.0
17,8,three_requirements,1.0,3,0.0,0.34097208445346816,0.0,0.0,0.17810494082758305,0.34097208445346816,0.17810494082758305
17,8,three_requirements,1.0,4,0.3727586370607546,0.3727586370607546,0.3727586370607546,0.0,0.3727586370607546,0.0,0.0
17,8,two_requirements,0.5,1,0.0,0.0,0.0,0.0,0.0,0.0,0.0
17,8,two_requirements,0.5,2,0.0719502661648301,0.10108239766714,0.0719502661648301,0.0,0.10108239766714,0.029132131502309894,0.029132131502309894
17,8,two_requirements,0.5,3,0.10990688636718332,0.15625375916232132,0.1371025225511074,0.0,0.15625375916232132,0.01915123661121393,0.01915123661121393
17,8,two_requirements,0.5,4,0.21798178488081807,0.21798178488081807,0.21798178488081807,0.0,0.21798178488081807,0.0,0.0
17,8,two_requirements,0.8,1,0.0,0.0,0.0,0.0,0.0,0.0,0.0
17,8,two_requirements,0.8,2,0.1841926813819653,0.2587709380278784,0.1841926813819653,0.0,0.2587709380278784,0.07457825664591314,0.07457825664591314
17,8,two_requirements,0.8,3,0.24071890390186107,0.3362332682440151,0.30253675707203065,0.0,0.3362332682440151,0.03369651117198447,0.03369651117198447
17,8,two_requirements,0.8,4,0.4081174370724573,0.4081174370724573,0.4081174370724573,0.0,0.4081174370724573,0.0,0.0
17,8,two_requirements,1.0,1,0.0,0.0,0.0,0.0,0.0,0.0,0.0
17,8,two_requirements,1.0,2,0.2878010646593204,0.40432959066856,0.2878010646593204,0.0,0.40432959066856,0.11652852600923957,0.11652852600923957
17,8,two_requirements,1.0,3,0.33378711526527427,0.4589307782859324,0.42224941140546024,0.0,0.4589307782859324,0.03668136688047213,0.03668136688047213
17,8,two_requirements,1.0,4,0.5000795804437499,0.5000795804437499,0.5000795804437499,0.0,0.5000795804437499,0.0,0.0
17,9,single_requirement,0.5,1,0.23451955158612547,0.27759257864385867,0.27759257864385867,0.0,0.27759257864385867,0.0,0.0
17,9,single_requirement,0.5,2,0.4114777753823787,0.4114777753823787,0.4114777753823787,0.0,0.4114777753823787,0.0,0.0
17,9,single_requirement,0.5,3,0.4114777753823788,0.4114777753823788,0.4114777753823788,0.0,0.4114777753823788,0.0,0.0
17,9,single_requirement,0.5,4,0.4114777753823788,0.4114777753823788,0.4114777753823788,0.0,0.4114777753823788,0.0,0.0
17,9,single_requirement,0.8,1,0.3752312825378007,0.4441481258301738,0.4441481258301738,0.0,0.4441481258301738,0.0,0.0
17,9,single_requirement,0.8,2,0.5617554599581049,0.5617554599581049,0.5617554599581049,0.0,0.5617554599581049,0.0,0.0
17,9,single_requirement,0.8,3,0.5617554599581049,0.5617554599581049,0.5617554599581049,0.0,0.5617554599581049,0.0,0.0
17,9,single_requirement,0.8,4,0.5617554599581049,0.5617554599581049,0.5617554599581049,0.0,0.5617554599581049,0.0,0.0
17,9,single_requirement,1.0,1,0.46903910317225095,0.5551851572877173,0.5551851572877173,0.0,0.5551851572877173,0.0,0.0
17,9,single_requirement,1.0,2,0.6216868410695469,0.6216868410695469,0.6216868410695469,0.0,0.6216868410695469,0.0,0.0
17,9,single_requirement,1.0,3,0.6216868410695467,0.6216868410695469,0.6216868410695467,0.0,0.6216868410695467,1.1102230246251565e-16,0.0
17,9,single_requirement,1.0,4,0.6216868410695466,0.6216868410695469,0.6216868410695466,0.0,0.6216868410695466,2.220446049250313e-16,0.0
17,9,three_requirements,0.5,1,0.0,0.0,0.0,0.0,0.0,0.0,0.0
17,9,three_requirements,0.5,2,0.0,0.0,0.0,0.0,0.0,0.0,0.0
17,9,three_requirements,0.5,3,0.0,0.029802070751560918,0.029802070751560918,0.0,0.029802070751560918,0.0,0.0
17,9,three_requirements,0.5,4,0.03933940971766825,0.03933940971766825,0.03933940971766825,0.0,0.03933940971766825,0.0,0.0
17,9,three_requirements,0.8,1,0.0,0.0,0.0,0.0,0.0,0.0,0.0
17,9,three_requirements,0.8,2,0.0,0.0,0.0,0.0,0.0,0.0,0.0
17,9,three_requirements,0.8,3,0.0,0.12206928179839352,0.12206928179839352,0.0,0.12206928179839352,0.0,0.0
17,9,three_requirements,0.8,4,0.14351640408505298,0.14351640408505298,0.14351640408505298,0.0,0.14351640408505298,0.0,0.0
17,9,three_requirements,1.0,1,0.0,0.0,0.0,0.0,0.0,0.0,0.0
17,9,three_requirements,1.0,2,0.0,0.0,0.0,0.0,0.0,0.0,0.0
17,9,three_requirements,1.0,3,0.0,0.23841656601248734,0.23841656601248734,0.0,0.23841656601248734,0.0,0.0
17,9,three_requirements,1.0,4,0.25736560938680086,0.25736560938680086,0.25736560938680086,0.0,0.25736560938680086,0.0,0.0
17,9,two_requirements,0.5,1,0.0,0.0,0.0,0.0,0.0,0.0,0.0
17,9,two_requirements,0.5,2,0.0,0.09555935984122062,0.06916386023046107,0.0,0.09555935984122062,0.026395499610759543,0.026395499610759543
17,9,two_requirements,0.5,3,0.09005292197254318,0.1965156999943991,0.13453716200044077,0.0,0.1965156999943991,0.06197853799395833,0.06197853799395833
17,9,two_requirements,0.5,4,0.21876779230494509,0.21876779230494509,0.21876779230494509,0.0,0.21876779230494509,0.0,0.0
17,9,two_requirements,0.8,1,0.0,0.0,0.0,0.0,0.0,0.0,0.0
17,9,two_requirements,0.8,2,0.0,0.2446319611935246,0.1770594821899802,0.0,0.2446319611935246,0.0675724790035444,0.0675724790035444
17,9,two_requirements,0.8,3,0.2305354802497107,0.3797723574947249,0.2980493495237024,0.0,0.3797723574947249,0.0817230079710225,0.0817230079710225
17,9,two_requirements,0.8,4,0.3965147692550125,0.3965147692550125,0.3965147692550125,0.0,0.3965147692550125,0.0,0.0
17,9,two_requirements,1.0,1,0.0,0.0,0.0,0.0,0.0,0.0,0.0
17,9,two_requirements,1.0,2,0.0,0.38223743936488247,0.2766554409218443,0.0,0.38223743936488247,0.10558199844303817,0.10558199844303817
17,9,two_requirements,1.0,3,0.3602116878901726,0.46494864765744875,0.4174044157167994,0.0,0.46494864765744875,0.04754423194064933,0.04754423194064933
17,9,two_requirements,1.0,4,0.46993472051385055,0.46993472051385055,0.46993472051385055,0.0,0.46993472051385055,0.0,0.0
18,0,single_requirement,0.5,1,0.2685671091007042,0.3292285991741505,0.3292285991741505,0.0,0.3292285991741505,0.0,0.0
18,0,single_requirement,0.5,2,0.39404805372459917,0.4821569180204603,0.4821569180204603,0.0,0.4821569180204603,0.0,0.0
18,0,single_requirement,0.5,3,0.5502732050203125,0.5699109150456589,0.5699109150456589,0.0,0.5699109150456589,0.0,0.0
18,0,single_requirement,0.5,4,0.6093108874034325,0.6093108874034325,0.6093108874034325,0.0,0.6093108874034325,0.0,0.0
18,0,single_requirement,0.8,1,0.42970737456112673,0.5267657586786407,0.5267657586786407,0.0,0.5267657586786407,0.0,0.0
18,0,single_requirement,0.8,2,0.5463117328491659,0.6565473765038021,0.6565473765038021,0.0,0.6565473765038021,0.0,0.0
18,0,single_requirement,0.8,3,0.6893118568302469,0.6989909157451922,0.6989909157451922,0.0,0.6989909157451922,0.0,0.0
18,0,single_requirement,0.8,4,0.7092458985690016,0.7092458985690016,0.7092458985690016,0.0,0.7092458985690016,0.0,0.0
18,0,single_requirement,1.0,1,0.5371342182014084,0.658457198348301,0.658457198348301,0.0,0.658457198348301,0.0,0.0
18,0,single_requirement,1.0,2,0.6127520384696304,0.7249311436889738,0.7249311436889738,0.0,0.7249311436889738,0.0,0.0
18,0,single_requirement,1.0,3,0.7331620908022014,0.7357340896132498,0.7357340896132498,0.0,0.7357340896132498,0.0,0.0
18,0,single_requirement,1.0,4,0.7368356126340978,0.7368356126340978,0.7368356126340978,0.0,0.7368356126340978,0.0,0.0
18,0,three_requirements,0.5,1,0.0,0.0,0.0,0.0,0.0,0.0,0.0
18,0,three_requirements,0.5,2,0.0,0.0,0.0,0.0,0.0,0.0,0.0
18,0,three_requirements,0.5,3,0.0,0.01965020805703835,0.0,0.0,0.0,0.01965020805703835,0.0
18,0,three_requirements,0.5,4,0.019650208057038362,0.019650208057038362,0.019650208057038362,0.0,0.019650208057038362,0.0,0.0
18,0,three_requirements,0.8,1,0.0,0.0,0.0,0.0,0.0,0.0,0.0
18,0,three_requirements,0.8,2,0.0,0.0,0.0,0.0,0.0,0.0,0.0
18,0,three_requirements,0.8,3,0.0,0.080487252201629,0.0,0.0,0.0,0.080487252201629,0.0
18,0,three_requirements,0.8,4,0.08048725220162906,0.08048725220162906,0.08048725220162906,0.0,0.08048725220162906,0.0,0.0
18,0,three_requirements,1.0,1,0.0,0.0,0.0,0.0,0.0,0.0,0.0
18,0,three_requirements,1.0,2,0.0,0.0,0.0,0.0,0.0,0.0,0.0
18,0,three_requirements,1.0,3,0.0,0.1572016644563068,0.0,0.0,0.0,0.1572016644563068,0.0
18,0,three_requirements,1.0,4,0.1572016644563069,0.1572016644563069,0.1572016644563069,0.0,0.1572016644563069,0.0,0.0
18,0,two_requirements,0.5,1,0.0,0.0,0.0,0.0,0.0,0.0,0.0
18,0,two_requirements,0.5,2,0.0,0.1139090469878125,0.1139090469878125,0.0,0.1139090469878125,0.0,0.0
18,0,two_requirements,0.5,3,0.07105859730994442,0.1680858035738772,0.1680858035738772,0.0,0.1680858035738772,0.0,0.0
18,0,two_requirements,0.5,4,0.20786023988950786,0.20786023988950786,0.20786023988950786,0.0,0.20786023988950786,0.0,0.0
18,0,two_requirements,0.8,1,0.0,0.0,0.0,0.0,0.0,0.0,0.0
18,0,two_requirements,0.8,2,0.0,0.2916071602888,0.2916071602888,0.0,0.2916071602888,0.0,0.0
18,0,two_requirements,0.8,3,0.18191000911345767,0.3721579843812404,0.3721579843812404,0.0,0.3721579843812404,0.0,0.0
18,0,two_requirements,0.8,4,0.4259280700619891,0.4259280700619891,0.4259280700619891,0.0,0.4259280700619891,0.0,0.0
18,0,two_requirements,1.0,1,0.0,0.0,0.0,0.0,0.0,0.0,0.0
18,0,two_requirements,1.0,2,0.0,0.45563618795125,0.45563618795125,0.0,0.45563618795125,0.0,0.0
18,0,two_requirements,1.0,3,0.28423438923977756,0.5209326081291408,0.5209326081291408,0.0,0.5209326081291408,0.0,0.0
18,0,two_requirements,1.0,4,0.554893709414409,0.554893709414409,0.554893709414409,0.0,0.554893709414409,0.0,0.0
18,1,single_requirement,0.5,1,0.19130180737314834,0.3795880574121336,0.3795880574121336,0.0,0.3795880574121336,0.0,0.0
18,1,single_requirement,0.5,2,0.1913018073731484,0.48298574460568955,0.48298574460568955,0.0,0.48298574460568955,0.0,0.0
18,1,single_requirement,0.5,3,0.48298574460568966,0.48298574460568966,0.48298574460568966,0.0,0.48298574460568966,0.0,0.0
18,1,single_requirement,0.5,4,0.48298574460568966,0.48298574460568966,0.48298574460568966,0.0,0.48298574460568966,0.0,0.0
18,1,single_requirement,0.8,1,0.30608289179703757,0.607340891859414,0.607340891859414,0.0,0.607340891859414,0.0,0.0
18,1,single_requirement,0.8,2,0.3060828917970374,0.6883892359966948,0.6883892359966948,0.0,0.6883892359966948,0.0,0.0
18,1,single_requirement,0.8,3,0.6883892359966948,0.6883892359966948,0.6883892359966948,0.0,0.6883892359966948,0.0,0.0
18,1,single_requirement,0.8,4,0.6883892359966949,0.6883892359966949,0.6883892359966949,0.0,0.6883892359966949,0.0,0.0
18,1,single_requirement,1.0,1,0.38260361474629667,0.7591761148242672,0.7591761148242672,0.0,0.7591761148242672,0.0,0.0
18,1,single_requirement,1.0,2,0.3826036147462969,0.7901632488521946,0.7901632488521946,0.0,0.7901632488521946,0.0,0.0
18,1,single_requirement,1.0,3,0.7901632488521946,0.7901632488521947,0.7901632488521946,0.0,0.7901632488521946,1.1102230246251565e-16,0.0
18,1,single_requirement,1.0,4,0.7901632488521947,0.7901632488521947,0.7901632488521947,0.0,0.7901632488521947,0.0,0.0
18,1,three_requirements,0.5,1,0.0,0.0,0.0,0.0,0.0,0.0,0.0
18,1,three_requirements,0.5,2,0.0,0.0,0.0,0.0,0.0,0.0,0.0
18,1,three_requirements,0.5,3,0.0,0.03040541538000216,0.03040541538000216,0.0,0.03040541538000216,0.0,0.0
18,1,three_requirements,0.5,4,0.03040541538000216,0.03040541538000216,0.03040541538000216,0.0,0.03040541538000216,0.0,0.0
18,1,three_requirements,0.8,1,0.0,0.0,0.0,0.0,0.0,0.0,0.0
18,1,three_requirements,0.8,2,0.0,0.0,0.0,0.0,0.0,0.0,0.0
18,1,three_requirements,0.8,3,0.0,0.12454058139648888,0.12454058139648888,0.0,0.12454058139648888,0.0,0.0
18,1,three_requirements,0.8,4,0.12454058139648894,0.12454058139648894,0.12454058139648894,0.0,0.12454058139648894,0.0,0.0
18,1,three_requirements,1.0,1,0.0,0.0,0.0,0.0,0.0,0.0,0.0
18,1,three_requirements,1.0,2,0.0,0.0,0.0,0.0,0.0,0.0,0.0
18,1,three_requirements,1.0,3,0.0,0.24324332304001728,0.24324332304001728,0.0,0.24324332304001728,0.0,0.0
18,1,three_requirements,1.0,4,0.24324332304001728,0.24324332304001728,0.24324332304001728,0.0,0.24324332304001728,0.0,0.0
18,1,two_requirements,0.5,1,0.0,0.0,0.0,0.0,0.0,0.0,0.0
18,1,two_requirements,0.5,2,0.07821453093568341,0.11050547281979009,0.07821453093568341,0.0,0.11050547281979009,0.03229094188410668,0.03229094188410668
18,1,two_requirements,0.5,3,0.15278004259373806,0.15278004259373806,0.15278004259373806,0.0,0.15278004259373806,0.0,0.0
18,1,two_requirements,0.5,4,0.18723685923216793,0.18723685923216793,0.18723685923216793,0.0,0.18723685923216793,0.0,0.0
18,1,two_requirements,0.8,1,0.0,0.0,0.0,0.0,0.0,0.0,0.0
18,1,two_requirements,0.8,2,0.20022919919534948,0.28289401041866297,0.20022919919534948,0.0,0.28289401041866297,0.08266481122331348,0.08266481122331348
18,1,two_requirements,0.8,3,0.3359131286955438,0.3359131286955438,0.3359131286955438,0.0,0.3359131286955438,0.0,0.0
18,1,two_requirements,0.8,4,0.3843109620115903,0.3843109620115903,0.3843109620115903,0.0,0.3843109620115903,0.0,0.0
18,1,two_requirements,1.0,1,0.0,0.0,0.0,0.0,0.0,0.0,0.0
18,1,two_requirements,1.0,2,0.31285812374273364,0.44202189127916036,0.31285812374273364,0.0,0.44202189127916036,0.12916376753642672,0.12916376753642672
18,1,two_requirements,1.0,3,0.46736032572801045,0.46736032572801045,0.46736032572801045,0.0,0.46736032572801045,0.0,0.0
18,1,two_requirements,1.0,4,0.5015115056194013,0.5015115056194013,0.5015115056194013,0.0,0.5015115056194013,0.0,0.0
18,2,single_requirement,0.5,1,0.21616757476578827,0.3338052246741539,0.3338052246741539,0.0,0.3338052246741539,0.0,0.0
18,2,single_requirement,0.5,2,0.3484977702560997,0.4561256912953,0.4561256912953,0.0,0.4561256912953,0.0,0.0
18,2,single_requirement,0.5,3,0.3484977702560995,0.5257223813135035,0.5257223813135035,0.0,0.5257223813135035,0.0,0.0
18,2,single_requirement,0.5,4,0.5257223813135034,0.5257223813135035,0.5257223813135034,0.0,0.5257223813135034,1.1102230246251565e-16,0.0
18,2,single_requirement,0.8,1,0.3458681196252615,0.5340883594786464,0.5340883594786464,0.0,0.5340883594786464,0.0,0.0
18,2,single_requirement,0.8,2,0.47139936536750826,0.6339946993158301,0.6339946993158301,0.0,0.6339946993158301,0.0,0.0
18,2,single_requirement,0.8,3,0.47139936536750826,0.6666069253114014,0.6666069253114014,0.0,0.6666069253114014,0.0,0.0
18,2,single_requirement,0.8,4,0.6666069253114015,0.6666069253114015,0.6666069253114015,0.0,0.6666069253114015,0.0,0.0
18,2,single_requirement,1.0,1,0.43233514953157653,0.6676104493483078,0.6676104493483078,0.0,0.6676104493483078,0.0,0.0
18,2,single_requirement,1.0,2,0.5174183175075093,0.7126547018475794,0.7126547018475794,0.0,0.7126547018475794,0.0,0.0
18,2,single_requirement,1.0,3,0.5174183175075093,0.7200749877120655,0.7200749877120655,0.0,0.7200749877120655,0.0,0.0
18,2,single_requirement,1.0,4,0.7200749877120654,0.7200749877120655,0.7200749877120654,0.0,0.7200749877120654,1.1102230246251565e-16,0.0
18,2,three_requirements,0.5,1,0.0,0.0,0.0,0.0,0.0,0.0,0.0
18,2,three_requirements,0.5,2,0.0,0.0,0.0,0.0,0.0,0.0,0.0
18,2,three_requirements,0.5,3,0.0,0.031225848463021816,0.02801617806734933,0.0,0.031225848463021816,0.0032096703956724856,0.0032096703956724856
18,2,three_requirements,0.5,4,0.046865941295432145,0.046865941295432145,0.046865941295432145,0.0,0.046865941295432145,0.0,0.0
18,2,three_requirements,0.8,1,0.0,0.0,0.0,0.0,0.0,0.0,0.0
18,2,three_requirements,0.8,2,0.0,0.0,0.0,0.0,0.0,0.0,0.0
18,2,three_requirements,0.8,3,0.0,0.12790107530453743,0.11475426536386257,0.0,0.12790107530453743,0.013146809940674853,0.013146809940674853
18,2,three_requirements,0.8,4,0.16154742847270387,0.16154742847270387,0.16154742847270387,0.0,0.16154742847270387,0.0,0.0
18,2,three_requirements,1.0,1,0.0,0.0,0.0,0.0,0.0,0.0,0.0
18,2,three_requirements,1.0,2,0.0,0.0,0.0,0.0,0.0,0.0,0.0
18,2,three_requirements,1.0,3,0.0,0.24980678770417453,0.22412942453879464,0.0,0.24980678770417453,0.025677363165379885,0.025677363165379885
18,2,three_requirements,1.0,4,0.2759188484839452,0.2759188484839452,0.2759188484839452,0.0,0.2759188484839452,0.0,0.0
18,2,two_requirements,0.5,1,0.0,0.0,0.0,0.0,0.0,0.0,0.0
18,2,two_requirements,0.5,2,0.0,0.11184231831672922,0.09151170599137137,0.0,0.11184231831672922,0.02033061232535785,0.02033061232535785
18,2,two_requirements,0.5,3,0.11184231831672924,0.11184231831672924,0.09151170599137143,0.0,0.11184231831672924,0.020330612325357808,0.020330612325357808
18,2,two_requirements,0.5,4,0.186055350076818,0.186055350076818,0.186055350076818,0.0,0.186055350076818,0.0,0.0
18,2,two_requirements,0.8,1,0.0,0.0,0.0,0.0,0.0,0.0,0.0
18,2,two_requirements,0.8,2,0.0,0.286316334890827,0.2342699673379108,0.0,0.286316334890827,0.05204636755291617,0.05204636755291617
18,2,two_requirements,0.8,3,0.28631633489082675,0.286316334890827,0.23426996733791072,0.0,0.28631633489082675,0.05204636755291625,0.05204636755291603
18,2,two_requirements,0.8,4,0.4072177107866035,0.4072177107866035,0.4072177107866035,0.0,0.4072177107866035,0.0,0.0
18,2,two_requirements,1.0,1,0.0,0.0,0.0,0.0,0.0,0.0,0.0
18,2,two_requirements,1.0,2,0.0,0.4473692732669169,0.3660468239654855,0.0,0.4473692732669169,0.0813224493014314,0.0813224493014314
18,2,two_requirements,1.0,3,0.4473692732669171,0.4473692732669171,0.3660468239654858,0.0,0.4473692732669171,0.08132244930143129,0.08132244930143129
18,2,two_requirements,1.0,4,0.5366373095318798,0.5366373095318798,0.5366373095318798,0.0,0.5366373095318798,0.0,0.0
18,3,single_requirement,0.5,1,0.0,0.41992426062808935,0.41992426062808935,0.0,0.41992426062808935,0.0,0.0
18,3,single_requirement,0.5,2,0.3312414341079115,0.64149202426483,0.64149202426483,0.0,0.64149202426483,0.0,0.0
18,3,single_requirement,0.5,3,0.5892514151001487,0.7365266971765784,0.7365266971765784,0.0,0.7365266971765784,0.0,0.0
18,3,single_requirement,0.5,4,0.7365266971765784,0.7365266971765784,0.7365266971765784,0.0,0.7365266971765784,0.0,0.0
18,3,single_requirement,0.8,1,0.0,0.6718788170049428,0.6718788170049428,0.0,0.6718788170049428,0.0,0.0
18,3,single_requirement,0.8,2,0.5299862945726584,0.8432117203711732,0.8432117203711732,0.0,0.8432117203711732,0.0,0.0
18,3,single_requirement,0.8,3,0.7946112743689598,0.8782184049583303,0.8782184049583303,0.0,0.8782184049583303,0.0,0.0
18,3,single_requirement,0.8,4,0.8782184049583301,0.8782184049583303,0.8782184049583301,0.0,0.8782184049583301,1.1102230246251565e-16,0.0
18,3,single_requirement,1.0,1,0.0,0.8398485212561787,0.8398485212561787,0.0,0.8398485212561787,0.0,0.0
18,3,single_requirement,1.0,2,0.6624828682158229,0.9013683850868374,0.9013683850868374,0.0,0.9013683850868374,0.0,0.0
18,3,single_requirement,1.0,3,0.8697716014684678,0.9047265488218518,0.9047265488218518,0.0,0.9047265488218518,0.0,0.0
18,3,single_requirement,1.0,4,0.9047265488218518,0.9047265488218518,0.9047265488218518,0.0,0.9047265488218518,0.0,0.0
18,3,three_requirements,0.5,1,0.0,0.0,0.0,0.0,0.0,0.0,0.0
18,3,three_requirements,0.5,2,0.0,0.0,0.0,0.0,0.0,0.0,0.0
18,3,three_requirements,0.5,3,0.0,0.04268868428452825,0.019122752213642152,0.0,0.04268868428452825,0.0235659320708861,0.0235659320708861
18,3,three_requirements,0.5,4,0.05289982372914597,0.05289982372914597,0.05289982372914597,0.0,0.05289982372914597,0.0,0.0
18,3,three_requirements,0.8,1,0.0,0.0,0.0,0.0,0.0,0.0,0.0
18,3,three_requirements,0.8,2,0.0,0.0,0.0,0.0,0.0,0.0,0.0
18,3,three_requirements,0.8,3,0.0,0.17485285082942756,0.07832679306707827,0.0,0.17485285082942756,0.0965260577623493,0.0965260577623493
18,3,three_requirements,0.8,4,0.19477649845342745,0.19477649845342745,0.19477649845342745,0.0,0.19477649845342745,0.0,0.0
18,3,three_requirements,1.0,1,0.0,0.0,0.0,0.0,0.0,0.0,0.0
18,3,three_requirements,1.0,2,0.0,0.0,0.0,0.0,0.0,0.0,0.0
18,3,three_requirements,1.0,3,0.0,0.341509474276226,0.15298201770913722,0.0,0.341509474276226,0.1885274565670888,0.1885274565670888
18,3,three_requirements,1.0,4,0.35190568768097225,0.35190568768097225,0.35190568768097225,0.0,0.35190568768097225,0.0,0.0
18,3,two_requirements,0.5,1,0.0,0.0,0.0,0.0,0.0,0.0,0.0
18,3,two_requirements,0.5,2,0.0692933536783795,0.10391595901154499,0.10391595901154499,0.0,0.10391595901154499,0.0,0.0
18,3,two_requirements,0.5,3,0.12178700324773245,0.1494710523044756,0.1494710523044756,0.0,0.1494710523044756,0.0,0.0
18,3,two_requirements,0.5,4,0.16935163040762904,0.16935163040762904,0.16935163040762904,0.0,0.16935163040762904,0.0,0.0
18,3,two_requirements,0.8,1,0.0,0.0,0.0,0.0,0.0,0.0,0.0
18,3,two_requirements,0.8,2,0.1773909854166517,0.2660248550695552,0.2660248550695552,0.0,0.2660248550695552,0.0,0.0
18,3,two_requirements,0.8,3,0.26217392546675505,0.3223874686114324,0.3223874686114324,0.0,0.3223874686114324,0.0,0.0
18,3,two_requirements,0.8,4,0.3341045079739181,0.3341045079739181,0.3341045079739181,0.0,0.3341045079739181,0.0,0.0
18,3,two_requirements,1.0,1,0.0,0.0,0.0,0.0,0.0,0.0,0.0
18,3,two_requirements,1.0,2,0.277173414713518,0.41566383604617996,0.41566383604617996,0.0,0.41566383604617996,0.0,0.0
18,3,two_requirements,1.0,3,0.35797925557572097,0.44096122669700427,0.44096122669700427,0.0,0.44096122669700427,0.0,0.0
18,3,two_requirements,1.0,4,0.4423662346666558,0.4423662346666558,0.4423662346666558,0.0,0.4423662346666558,0.0,0.0
18,4,single_requirement,0.5,1,0.23906293860268119,0.3247999349936865,0.3247999349936865,0.0,0.3247999349936865,0.0,0.0
18,4,single_requirement,0.5,2,0.23906293860268113,0.4667422961460484,0.4667422961460484,0.0,0.4667422961460484,0.0,0.0
18,4,single_requirement,0.5,3,0.4667422961460484,0.4667422961460484,0.4667422961460484,0.0,0.4667422961460484,0.0,0.0
18,4,single_requirement,0.5,4,0.4667422961460484,0.4667422961460484,0.4667422961460484,0.0,0.4667422961460484,0.0,0.0
18,4,single_requirement,0.8,1,0.38250070176428985,0.5196798959898984,0.5196798959898984,0.0,0.5196798959898984,0.0,0.0
18,4,single_requirement,0.8,2,0.38250070176428985,0.653551919481371,0.653551919481371,0.0,0.653551919481371,0.0,0.0
18,4,single_requirement,0.8,3,0.6535519194813708,0.653551919481371,0.6535519194813708,0.0,0.6535519194813708,2.220446049250313e-16,0.0
18,4,single_requirement,0.8,4,0.653551919481371,0.653551919481371,0.653551919481371,0.0,0.653551919481371,0.0,0.0
18,4,single_requirement,1.0,1,0.47812587720536237,0.649599869987373,0.649599869987373,0.0,0.649599869987373,0.0,0.0
18,4,single_requirement,1.0,2,0.47812587720536226,0.7392434373914583,0.7392434373914583,0.0,0.7392434373914583,0.0,0.0
18,4,single_requirement,1.0,3,0.7392434373914585,0.7392434373914585,0.7392434373914585,0.0,0.7392434373914585,0.0,0.0
18,4,single_requirement,1.0,4,0.7392434373914581,0.7392434373914585,0.7392434373914581,0.0,0.7392434373914581,3.3306690738754696e-16,0.0
18,4,three_requirements,0.5,1,0.0,0.0,0.0,0.0,0.0,0.0,0.0
18,4,three_requirements,0.5,2,0.0,0.0,0.0,0.0,0.0,0.0,0.0
18,4,three_requirements,0.5,3,0.015412319100162816,0.0270903893980148,0.025311156554242563,0.0,0.0270903893980148,0.0017792328437722382,0.0017792328437722382
18,4,three_requirements,0.5,4,0.050665984526688856,0.050665984526688856,0.050665984526688856,0.0,0.050665984526688856,0.0,0.0
18,4,three_requirements,0.8,1,0.0,0.0,0.0,0.0,0.0,0.0,0.0
18,4,three_requirements,0.8,2,0.0,0.0,0.0,0.0,0.0,0.0,0.0
18,4,three_requirements,0.8,3,0.06312885903426682,0.11096223497426871,0.10367449724617761,0.0,0.11096223497426871,0.007287737728091104,0.007287737728091104
18,4,three_requirements,0.8,4,0.1653852414412802,0.1653852414412802,0.1653852414412802,0.0,0.1653852414412802,0.0,0.0
18,4,three_requirements,1.0,1,0.0,0.0,0.0,0.0,0.0,0.0,0.0
18,4,three_requirements,1.0,2,0.0,0.0,0.0,0.0,0.0,0.0,0.0
18,4,three_requirements,1.0,3,0.12329855280130253,0.2167231151841184,0.2024892524339405,0.0,0.2167231151841184,0.014233862750177906,0.014233862750177906
18,4,three_requirements,1.0,4,0.26814483200766015,0.26814483200766015,0.26814483200766015,0.0,0.26814483200766015,0.0,0.0
18,4,two_requirements,0.5,1,0.0,0.0,0.0,0.0,0.0,0.0,0.0
18,4,two_requirements,0.5,2,0.08964393175437119,0.08964393175437119,0.08964393175437119,0.0,0.08964393175437119,0.0,0.0
18,4,two_requirements,0.5,3,0.1386168431329315,0.1386168431329315,0.1386168431329315,0.0,0.1386168431329315,0.0,0.0
18,4,two_requirements,0.5,4,0.13861684313293146,0.1386168431329315,0.13861684313293146,0.0,0.13861684313293146,2.7755575615628914e-17,0.0
18,4,two_requirements,0.8,1,0.0,0.0,0.0,0.0,0.0,0.0,0.0
18,4,two_requirements,0.8,2,0.2294884652911904,0.2294884652911904,0.2294884652911904,0.0,0.2294884652911904,0.0,0.0
18,4,two_requirements,0.8,3,0.3058223578543599,0.3058223578543599,0.3058223578543599,0.0,0.3058223578543599,0.0,0.0
18,4,two_requirements,0.8,4,0.3058223578543599,0.3058223578543599,0.3058223578543599,0.0,0.3058223578543599,0.0,0.0
18,4,two_requirements,1.0,1,0.0,0.0,0.0,0.0,0.0,0.0,0.0
18,4,two_requirements,1.0,2,0.35857572701748475,0.35857572701748475,0.35857572701748475,0.0,0.35857572701748475,0.0,0.0
18,4,two_requirements,1.0,3,0.4267674752245787,0.4267674752245787,0.4267674752245787,0.0,0.4267674752245787,0.0,0.0
18,4,two_requirements,1.0,4,0.42676747522457875,0.42676747522457875,0.42676747522457875,0.0,0.42676747522457875,0.0,0.0
18,5,single_requirement,0.5,1,0.2154117523500663,0.3014815435096721,0.3014815435096721,0.0,0.3014815435096721,0.0,0.0
18,5,single_requirement,0.5,2,0.42346856729913884,0.42346856729913884,0.42346856729913884,0.0,0.42346856729913884,0.0,0.0
18,5,single_requirement,0.5,3,0.42346856729913895,0.423468567299139,0.42346856729913895,0.0,0.42346856729913895,5.551115123125783e-17,0.0
18,5,single_requirement,0.5,4,0.4234685672991388,0.423468567299139,0.4234685672991388,0.0,0.4234685672991388,2.220446049250313e-16,0.0
18,5,single_requirement,0.8,1,0.34465880376010605,0.4823704696154755,0.4823704696154755,0.0,0.4823704696154755,0.0,0.0
18,5,single_requirement,0.8,2,0.5878619682604468,0.5878619682604468,0.5878619682604468,0.0,0.5878619682604468,0.0,0.0
18,5,single_requirement,0.8,3,0.5878619682604467,0.5878619682604468,0.5878619682604467,0.0,0.5878619682604467,1.1102230246251565e-16,0.0
18,5,single_requirement,0.8,4,0.5878619682604467,0.5878619682604468,0.5878619682604467,0.0,0.5878619682604467,1.1102230246251565e-16,0.0
18,5,single_requirement,1.0,1,0.4308235047001326,0.6029630870193442,0.6029630870193442,0.0,0.6029630870193442,0.0,0.0
18,5,single_requirement,1.0,2,0.6600876774770786,0.6600876774770786,0.6600876774770786,0.0,0.6600876774770786,0.0,0.0
18,5,single_requirement,1.0,3,0.6600876774770786,0.6600876774770787,0.6600876774770786,0.0,0.6600876774770786,1.1102230246251565e-16,0.0
18,5,single_requirement,1.0,4,0.6600876774770787,0.6600876774770787,0.6600876774770787,0.0,0.6600876774770787,0.0,0.0
18,5,three_requirements,0.5,1,0.0,0.0,0.0,0.0,0.0,0.0,0.0
18,5,three_requirements,0.5,2,0.0,0.0,0.0,0.0,0.0,0.0,0.0
18,5,three_requirements,0.5,3,0.0,0.0336259383152947,0.0,0.0,0.0336259383152947,0.0336259383152947,0.0336259383152947
18,5,three_requirements,0.5,4,0.03362593831529469,0.0336259383152947,0.03362593831529469,0.0,0.03362593831529469,1.3877787807814457e-17,0.0
18,5,three_requirements,0.8,1,0.0,0.0,0.0,0.0,0.0,0.0,0.0
18,5,three_requirements,0.8,2,0.0,0.0,0.0,0.0,0.0,0.0,0.0
18,5,three_requirements,0.8,3,0.0,0.13773184333944702,0.0,0.0,0.13773184333944702,0.13773184333944702,0.13773184333944702
18,5,three_requirements,0.8,4,0.13773184333944696,0.13773184333944702,0.13773184333944696,0.0,0.13773184333944696,5.551115123125783e-17,0.0
18,5,three_requirements,1.0,1,0.0,0.0,0.0,0.0,0.0,0.0,0.0
18,5,three_requirements,1.0,2,0.0,0.0,0.0,0.0,0.0,0.0,0.0
18,5,three_requirements,1.0,3,0.0,0.2690075065223576,0.0,0.0,0.2690075065223576,0.2690075065223576,0.2690075065223576
18,5,three_requirements,1.0,4,0.2690075065223575,0.2690075065223576,0.2690075065223575,0.0,0.2690075065223575,1.1102230246251565e-16,0.0
18,5,two_requirements,0.5,1,0.0,0.0,0.0,0.0,0.0,0.0,0.0
18,5,two_requirements,0.5,2,0.0,0.13178345852487947,0.06834751698378452,0.0,0.13178345852487947,0.06343594154109494,0.06343594154109494
18,5,two_requirements,0.5,3,0.10014544432154814,0.18640477833589694,0.16934338688450495,0.0,0.18640477833589694,0.01706139145139199,0.01706139145139199
18,5,two_requirements,0.5,4,0.22396470669552238,0.22396470669552238,0.22396470669552238,0.0,0.22396470669552238,0.0,0.0
18,5,two_requirements,0.8,1,0.0,0.0,0.0,0.0,0.0,0.0,0.0
18,5,two_requirements,0.8,2,0.0,0.33736565382369144,0.17496964347848842,0.0,0.33736565382369144,0.162396010345203,0.162396010345203
18,5,two_requirements,0.8,3,0.2563723374631633,0.407271177291721,0.3862293342976244,0.0,0.407271177291721,0.021041842994096616,0.021041842994096616
18,5,two_requirements,0.8,4,0.4561348577656539,0.4561348577656539,0.4561348577656539,0.0,0.4561348577656539,0.0,0.0
18,5,two_requirements,1.0,1,0.0,0.0,0.0,0.0,0.0,0.0,0.0
18,5,two_requirements,1.0,2,0.0,0.5271338340995179,0.2733900679351381,0.0,0.5271338340995179,0.25374376616437977,0.25374376616437977
18,5,two_requirements,1.0,3,0.4005817772861925,0.5635226153014652,0.5542231930413836,0.0,0.5635226153014652,0.009299422260081625,0.009299422260081625
18,5,two_requirements,1.0,4,0.5906119742433305,0.5906119742433305,0.5906119742433305,0.0,0.5906119742433305,0.0,0.0
18,6,single_requirement,0.5,1,0.2947402052113981,0.34832521329334476,0.34832521329334476,0.0,0.34832521329334476,0.0,0.0
18,6,single_requirement,0.5,2,0.29474020521139804,0.5427116037713585,0.5427116037713585,0.0,0.5427116037713585,0.0,0.0
18,6,single_requirement,0.5,3,0.5214577095239218,0.6431108338691807,0.6431108338691807,0.0,0.6431108338691807,0.0,0.0
18,6,single_requirement,0.5,4,0.6431108338691807,0.6431108338691807,0.6431108338691807,0.0,0.6431108338691807,0.0,0.0
18,6,single_requirement,0.8,1,0.47158432833823705,0.5573203412693517,0.5573203412693517,0.0,0.5573203412693517,0.0,0.0
18,6,single_requirement,0.8,2,0.47158432833823694,0.7372636450745846,0.7372636450745846,0.0,0.7372636450745846,0.0,0.0
18,6,single_requirement,0.8,3,0.7175889346166868,0.7898056497669097,0.7898056497669097,0.0,0.7898056497669097,0.0,0.0
18,6,single_requirement,0.8,4,0.7898056497669099,0.7898056497669099,0.7898056497669099,0.0,0.7898056497669099,0.0,0.0
18,6,single_requirement,1.0,1,0.5894804104227962,0.6966504265866895,0.6966504265866895,0.0,0.6966504265866895,0.0,0.0
18,6,single_requirement,1.0,2,0.5894804104227961,0.8123504555435733,0.8123504555435733,0.0,0.8123504555435733,0.0,0.0
18,6,single_requirement,1.0,3,0.7997000010862014,0.8288174151080103,0.8288174151080103,0.0,0.8288174151080103,0.0,0.0
18,6,single_requirement,1.0,4,0.8288174151080105,0.8288174151080105,0.8288174151080105,0.0,0.8288174151080105,0.0,0.0
18,6,three_requirements,0.5,1,0.0,0.0,0.0,0.0,0.0,0.0,0.0
18,6,three_requirements,0.5,2,0.0,0.0,0.0,0.0,0.0,0.0,0.0
18,6,three_requirements,0.5,3,0.0,0.04170141674179238,0.032168278113478554,0.0,0.032168278113478554,0.009533138628313828,0.0
18,6,three_requirements,0.5,4,0.0743829264994191,0.0743829264994191,0.0743829264994191,0.0,0.0743829264994191,0.0,0.0
18,6,three_requirements,0.8,1,0.0,0.0,0.0,0.0,0.0,0.0,0.0
18,6,three_requirements,0.8,2,0.0,0.0,0.0,0.0,0.0,0.0,0.0
18,6,three_requirements,0.8,3,0.0,0.17080900297438167,0.13176126715280814,0.0,0.13176126715280814,0.03904773582157353,0.0
18,6,three_requirements,0.8,4,0.24910467248812362,0.24910467248812362,0.24910467248812362,0.0,0.24910467248812362,0.0,0.0
18,6,three_requirements,1.0,1,0.0,0.0,0.0,0.0,0.0,0.0,0.0
18,6,three_requirements,1.0,2,0.0,0.0,0.0,0.0,0.0,0.0,0.0
18,6,three_requirements,1.0,3,0.0,0.33361133393433906,0.25734622490782844,0.0,0.25734622490782844,0.07626510902651062,0.0
18,6,three_requirements,1.0,4,0.41417866442537526,0.41417866442537526,0.41417866442537526,0.0,0.41417866442537526,0.0,0.0
18,6,two_requirements,0.5,1,0.0,0.0,0.0,0.0,0.0,0.0,0.0
18,6,two_requirements,0.5,2,0.0,0.10865097842057517,0.10865097842057517,0.0,0.10865097842057517,0.0,0.0
18,6,two_requirements,0.5,3,0.11927577481665523,0.15135298082450913,0.15135298082450913,0.0,0.15135298082450913,0.0,0.0
18,6,two_requirements,0.5,4,0.1969544969571258,0.1969544969571258,0.1969544969571258,0.0,0.1969544969571258,0.0,0.0
18,6,two_requirements,0.8,1,0.0,0.0,0.0,0.0,0.0,0.0,0.0
18,6,two_requirements,0.8,2,0.0,0.27814650475667246,0.27814650475667246,0.0,0.27814650475667246,0.0,0.0
18,6,two_requirements,0.8,3,0.25966970166781106,0.3399473803079145,0.3399473803079145,0.0,0.3399473803079145,0.0,0.0
18,6,two_requirements,0.8,4,0.41086242863171624,0.41086242863171624,0.41086242863171624,0.0,0.41086242863171624,0.0,0.0
18,6,two_requirements,1.0,1,0.0,0.0,0.0,0.0,0.0,0.0,0.0
18,6,two_requirements,1.0,2,0.0,0.43460391368230067,0.43460391368230067,0.0,0.43460391368230067,0.0,0.0
18,6,two_requirements,1.0,3,0.3581544485821774,0.48167168735316973,0.48167168735316973,0.0,0.48167168735316973,0.0,0.0
18,6,two_requirements,1.0,4,0.5446827336725382,0.5446827336725382,0.5446827336725382,0.0,0.5446827336725382,0.0,0.0
18,7,single_requirement,0.5,1,0.22041882520131817,0.34719442124566313,0.34719442124566313,0.0,0.34719442124566313,0.0,0.0
18,7,single_requirement,0.5,2,0.4712479472751034,0.5026053958966408,0.5026053958966408,0.0,0.5026053958966408,0.0,0.0
18,7,single_requirement,0.5,3,0.5730402498150251,0.5730402498150251,0.5730402498150251,0.0,0.5730402498150251,0.0,0.0
18,7,single_requirement,0.5,4,0.5730402498150251,0.5730402498150251,0.5730402498150251,0.0,0.5730402498150251,0.0,0.0
18,7,single_requirement,0.8,1,0.35267012032210887,0.555511073993061,0.555511073993061,0.0,0.555511073993061,0.0,0.0
18,7,single_requirement,0.8,2,0.6614860284351624,0.6882736925624952,0.6882736925624952,0.0,0.6882736925624952,0.0,0.0
18,7,single_requirement,0.8,3,0.7209611039114111,0.7209611039114111,0.7209611039114111,0.0,0.7209611039114111,0.0,0.0
18,7,single_requirement,0.8,4,0.7209611039114111,0.7209611039114111,0.7209611039114111,0.0,0.7209611039114111,0.0,0.0
18,7,single_requirement,1.0,1,0.44083765040263634,0.6943888424913263,0.6943888424913263,0.0,0.6943888424913263,0.0,0.0
18,7,single_requirement,1.0,2,0.7497652962064506,0.7637629983096772,0.7637629983096772,0.0,0.7637629983096772,0.0,0.0
18,7,single_requirement,1.0,3,0.7712696008491138,0.7712696008491138,0.7712696008491138,0.0,0.7712696008491138,0.0,0.0
18,7,single_requirement,1.0,4,0.7712696008491137,0.7712696008491138,0.7712696008491137,0.0,0.7712696008491137,1.1102230246251565e-16,0.0
18,7,three_requirements,0.5,1,0.0,0.0,0.0,0.0,0.0,0.0,0.0
18,7,three_requirements,0.5,2,0.0,0.0,0.0,0.0,0.0,0.0,0.0
18,7,three_requirements,0.5,3,0.03524677932824953,0.038100406942106126,0.03654608221151081,0.0,0.038100406942106126,0.0015543247305953162,0.0015543247305953162
18,7,three_requirements,0.5,4,0.09325436091524905,0.09325436091524905,0.09325436091524905,0.0,0.09325436091524905,0.0,0.0
18,7,three_requirements,0.8,1,0.0,0.0,0.0,0.0,0.0,0.0,0.0
18,7,three_requirements,0.8,2,0.0,0.0,0.0,0.0,0.0,0.0,0.0
18,7,three_requirements,0.8,3,0.14437080812851,0.15605926683486682,0.1496927527383484,0.0,0.15605926683486682,0.006366514096518422,0.006366514096518422
18,7,three_requirements,0.8,4,0.2774365018433057,0.2774365018433057,0.2774365018433057,0.0,0.2774365018433057,0.0,0.0
18,7,three_requirements,1.0,1,0.0,0.0,0.0,0.0,0.0,0.0,0.0
18,7,three_requirements,1.0,2,0.0,0.0,0.0,0.0,0.0,0.0,0.0
18,7,three_requirements,1.0,3,0.28197423462599625,0.304803255536849,0.2923686576920865,0.0,0.304803255536849,0.01243459784476253,0.01243459784476253
18,7,three_requirements,1.0,4,0.4057570212231828,0.4057570212231828,0.4057570212231828,0.0,0.4057570212231828,0.0,0.0
18,7,two_requirements,0.5,1,0.0,0.0,0.0,0.0,0.0,0.0,0.0
18,7,two_requirements,0.5,2,0.09937931804113671,0.11049410112002438,0.09937931804113671,0.0,0.11049410112002438,0.011114783078887663,0.011114783078887663
18,7,two_requirements,0.5,3,0.2145368940145146,0.2145368940145146,0.2145368940145146,0.0,0.2145368940145146,0.0,0.0
18,7,two_requirements,0.5,4,0.2145368940145146,0.2145368940145146,0.2145368940145146,0.0,0.2145368940145146,0.0,0.0
18,7,two_requirements,0.8,1,0.0,0.0,0.0,0.0,0.0,0.0,0.0
18,7,two_requirements,0.8,2,0.25441105418531007,0.2828648988672624,0.25441105418531007,0.0,0.2828648988672624,0.028453844681952334,0.028453844681952334
18,7,two_requirements,0.8,3,0.4264214810862703,0.4264214810862703,0.4264214810862703,0.0,0.4264214810862703,0.0,0.0
18,7,two_requirements,0.8,4,0.4264214810862703,0.4264214810862703,0.4264214810862703,0.0,0.4264214810862703,0.0,0.0
18,7,two_requirements,1.0,1,0.0,0.0,0.0,0.0,0.0,0.0,0.0
18,7,two_requirements,1.0,2,0.39751727216454685,0.4419764044800975,0.39751727216454685,0.0,0.4419764044800975,0.044459132315550653,0.044459132315550653
18,7,two_requirements,1.0,3,0.53837422295679,0.53837422295679,0.53837422295679,0.0,0.53837422295679,0.0,0.0
18,7,two_requirements,1.0,4,0.5383742229567899,0.53837422295679,0.5383742229567899,0.0,0.5383742229567899,1.1102230246251565e-16,0.0
18,8,single_requirement,0.5,1,0.2731753939326998,0.40239499973890636,0.40239499973890636,0.0,0.40239499973890636,0.0,0.0
18,8,single_requirement,0.5,2,0.27317539393269974,0.5631876851051263,0.5631876851051263,0.0,0.5631876851051263,0.0,0.0
18,8,single_requirement,0.5,3,0.5548266418936392,0.6481938498621899,0.6481938498621899,0.0,0.6481938498621899,0.0,0.0
18,8,single_requirement,0.5,4,0.6481938498621899,0.6481938498621899,0.6481938498621899,0.0,0.6481938498621899,0.0,0.0
18,8,single_requirement,0.8,1,0.4370806302923196,0.6438319995822499,0.6438319995822499,0.0,0.6438319995822499,0.0,0.0
18,8,single_requirement,0.8,2,0.4370806302923196,0.7788282839893318,0.7788282839893318,0.0,0.7788282839893318,0.0,0.0
18,8,single_requirement,0.8,3,0.7718086253229748,0.8162317456354038,0.8162317456354038,0.0,0.8162317456354038,0.0,0.0
18,8,single_requirement,0.8,4,0.816231745635404,0.816231745635404,0.816231745635404,0.0,0.816231745635404,0.0,0.0
18,8,single_requirement,1.0,1,0.5463507878653996,0.8047899994778127,0.8047899994778127,0.0,0.8047899994778127,0.0,0.0
18,8,single_requirement,1.0,2,0.5463507878653993,0.8716420115042725,0.8716420115042725,0.0,0.8716420115042725,0.0,0.0
18,8,single_requirement,1.0,3,0.8681657802313447,0.8789514504884332,0.8789514504884332,0.0,0.8789514504884332,0.0,0.0
18,8,single_requirement,1.0,4,0.8789514504884328,0.8789514504884332,0.8789514504884328,0.0,0.8789514504884328,3.3306690738754696e-16,0.0
18,8,three_requirements,0.5,1,0.0,0.0,0.0,0.0,0.0,0.0,0.0
18,8,three_requirements,0.5,2,0.0,0.0,0.0,0.0,0.0,0.0,0.0
18,8,three_requirements,0.5,3,0.0425999192784807,0.0425999192784807,0.0425999192784807,0.0,0.0425999192784807,0.0,0.0
18,8,three_requirements,0.5,4,0.07562590811201436,0.07562590811201436,0.07562590811201436,0.0,0.07562590811201436,0.0,0.0
18,8,three_requirements,0.8,1,0.0,0.0,0.0,0.0,0.0,0.0,0.0
18,8,three_requirements,0.8,2,0.0,0.0,0.0,0.0,0.0,0.0,0.0
18,8,three_requirements,0.8,3,0.17448926936465708,0.17448926936465708,0.17448926936465708,0.0,0.17448926936465708,0.0,0.0
18,8,three_requirements,0.8,4,0.24804685353204103,0.24804685353204103,0.24804685353204103,0.0,0.24804685353204103,0.0,0.0
18,8,three_requirements,1.0,1,0.0,0.0,0.0,0.0,0.0,0.0,0.0
18,8,three_requirements,1.0,2,0.0,0.0,0.0,0.0,0.0,0.0,0.0
18,8,three_requirements,1.0,3,0.3407993542278456,0.3407993542278456,0.3407993542278456,0.0,0.3407993542278456,0.0,0.0
18,8,three_requirements,1.0,4,0.4041060080772028,0.4041060080772028,0.4041060080772028,0.0,0.4041060080772028,0.0,0.0
18,8,two_requirements,0.5,1,0.0,0.0,0.0,0.0,0.0,0.0,0.0
18,8,two_requirements,0.5,2,0.0,0.12981346792329235,0.12981346792329235,0.0,0.12981346792329235,0.0,0.0
18,8,two_requirements,0.5,3,0.12981346792329235,0.1968510902707759,0.1968510902707759,0.0,0.1968510902707759,0.0,0.0
18,8,two_requirements,0.5,4,0.25913595143390133,0.25913595143390133,0.25913595143390133,0.0,0.25913595143390133,0.0,0.0
18,8,two_requirements,0.8,1,0.0,0.0,0.0,0.0,0.0,0.0,0.0
18,8,two_requirements,0.8,2,0.0,0.33232247788362856,0.33232247788362856,0.0,0.33232247788362856,0.0,0.0
18,8,two_requirements,0.8,3,0.3323224778836287,0.4223746332963809,0.4223746332963809,0.0,0.4223746332963809,0.0,0.0
18,8,two_requirements,0.8,4,0.5127357579424291,0.5127357579424291,0.5127357579424291,0.0,0.5127357579424291,0.0,0.0
18,8,two_requirements,1.0,1,0.0,0.0,0.0,0.0,0.0,0.0,0.0
18,8,two_requirements,1.0,2,0.0,0.5192538716931694,0.5192538716931694,0.0,0.5192538716931694,0.0,0.0
18,8,two_requirements,1.0,3,0.5192538716931694,0.5749977001539235,0.5749977001539235,0.0,0.5749977001539235,0.0,0.0
18,8,two_requirements,1.0,4,0.6442201658180051,0.6442201658180051,0.6442201658180051,0.0,0.6442201658180051,0.0,0.0
18,9,single_requirement,0.5,1,0.15778470021678692,0.2976262254072829,0.2976262254072829,0.0,0.2976262254072829,0.0,0.0
18,9,single_requirement,0.5,2,0.31170128988246004,0.4172796561462791,0.4172796561462791,0.0,0.4172796561462791,0.0,0.0
18,9,single_requirement,0.5,3,0.31170128988245993,0.46840018878093714,0.46840018878093714,0.0,0.46840018878093714,0.0,0.0
18,9,single_requirement,0.5,4,0.46840018878093714,0.46840018878093714,0.46840018878093714,0.0,0.46840018878093714,0.0,0.0
18,9,single_requirement,0.8,1,0.25245552034685914,0.4762019606516527,0.4762019606516527,0.0,0.4762019606516527,0.0,0.0
18,9,single_requirement,0.8,2,0.43682307675878274,0.5728558302112831,0.5728558302112831,0.0,0.5728558302112831,0.0,0.0
18,9,single_requirement,0.8,3,0.4368230767587826,0.597028612047268,0.597028612047268,0.0,0.597028612047268,0.0,0.0
18,9,single_requirement,0.8,4,0.597028612047268,0.597028612047268,0.597028612047268,0.0,0.597028612047268,0.0,0.0
18,9,single_requirement,1.0,1,0.31556940043357384,0.5952524508145658,0.5952524508145658,0.0,0.5952524508145658,0.0,0.0
18,9,single_requirement,1.0,2,0.4944463567375169,0.6370767714118009,0.6370767714118009,0.0,0.6370767714118009,0.0,0.0
18,9,single_requirement,1.0,3,0.4944463567375168,0.6425976538589833,0.6425976538589833,0.0,0.6425976538589833,0.0,0.0
18,9,single_requirement,1.0,4,0.6425976538589837,0.6425976538589837,0.6425976538589837,0.0,0.6425976538589837,0.0,0.0
18,9,three_requirements,0.5,1,0.0,0.0,0.0,0.0,0.0,0.0,0.0
18,9,three_requirements,0.5,2,0.0,0.0,0.0,0.0,0.0,0.0,0.0
18,9,three_requirements,0.5,3,0.0,0.0,0.0,0.0,0.0,0.0,0.0
18,9,three_requirements,0.5,4,0.0,0.0,0.0,0.0,0.0,0.0,0.0
18,9,three_requirements,0.8,1,0.0,0.0,0.0,0.0,0.0,0.0,0.0
18,9,three_requirements,0.8,2,0.0,0.0,0.0,0.0,0.0,0.0,0.0
18,9,three_requirements,0.8,3,0.0,0.0,0.0,0.0,0.0,0.0,0.0
18,9,three_requirements,0.8,4,0.0,0.0,0.0,0.0,0.0,0.0,0.0
18,9,three_requirements,1.0,1,0.0,0.0,0.0,0.0,0.0,0.0,0.0
18,9,three_requirements,1.0,2,0.0,0.0,0.0,0.0,0.0,0.0,0.0
18,9,three_requirements,1.0,3,0.0,0.0,0.0,0.0,0.0,0.0,0.0
18,9,three_requirements,1.0,4,0.0,0.0,0.0,0.0,0.0,0.0,0.0
18,9,two_requirements,0.5,1,0.0,0.0,0.0,0.0,0.0,0.0,0.0
18,9,two_requirements,0.5,2,0.0,0.13568651705577195,0.1045141826579851,0.0,0.13568651705577195,0.031172334397786855,0.031172334397786855
18,9,two_requirements,0.5,3,0.1045141826579851,0.1929474324918056,0.1929474324918056,0.0,0.1929474324918056,0.0,0.0
18,9,two_requirements,0.5,4,0.24401073977869658,0.24401073977869658,0.24401073977869658,0.0,0.24401073977869658,0.0,0.0
18,9,two_requirements,0.8,1,0.0,0.0,0.0,0.0,0.0,0.0,0.0
18,9,two_requirements,0.8,2,0.0,0.3473574836627763,0.26755630760444193,0.0,0.3473574836627763,0.07980117605833437,0.07980117605833437
18,9,two_requirements,0.8,3,0.267556307604442,0.42136440872610503,0.42136440872610503,0.0,0.42136440872610503,0.0,0.0
18,9,two_requirements,0.8,4,0.48582996532587863,0.48582996532587863,0.48582996532587863,0.0,0.48582996532587863,0.0,0.0
18,9,two_requirements,1.0,1,0.0,0.0,0.0,0.0,0.0,0.0,0.0
18,9,two_requirements,1.0,2,0.0,0.5427460682230878,0.4180567306319404,0.0,0.5427460682230878,0.12468933759114742,0.12468933759114742
18,9,two_requirements,1.0,3,0.4180567306319404,0.5827766610794166,0.5827766610794166,0.0,0.5827766610794166,0.0,0.0
18,9,two_requirements,1.0,4,0.6144868952929512,0.6144868952929512,0.6144868952929512,0.0,0.6144868952929512,0.0,0.0
19,0,single_requirement,0.5,1,0.31052527808351615,0.4087005102398347,0.4087005102398347,0.0,0.4087005102398347,0.0,0.0
19,0,single_requirement,0.5,2,0.3105252780835162,0.5775060478046858,0.5775060478046858,0.0,0.5775060478046858,0.0,0.0
19,0,single_requirement,0.5,3,0.31052527808351615,0.5775060478046858,0.5775060478046858,0.0,0.5775060478046858,0.0,0.0
19,0,single_requirement,0.5,4,0.5775060478046858,0.5775060478046858,0.5775060478046858,0.0,0.5775060478046858,0.0,0.0
19,0,single_requirement,0.8,1,0.4968404449336259,0.6539208163837353,0.6539208163837353,0.0,0.6539208163837353,0.0,0.0
19,0,single_requirement,0.8,2,0.4968404449336259,0.7879587255895788,0.7879587255895788,0.0,0.7879587255895788,0.0,0.0
19,0,single_requirement,0.8,3,0.4968404449336258,0.7879587255895788,0.7879587255895788,0.0,0.7879587255895788,0.0,0.0
19,0,single_requirement,0.8,4,0.7879587255895786,0.7879587255895788,0.7879587255895786,0.0,0.7879587255895786,2.220446049250313e-16,0.0
19,0,single_requirement,1.0,1,0.6210505561670323,0.8174010204796694,0.8174010204796694,0.0,0.8174010204796694,0.0,0.0
19,0,single_requirement,1.0,2,0.6210505561670325,0.8715726145720415,0.8715726145720415,0.0,0.8715726145720415,0.0,0.0
19,0,single_requirement,1.0,3,0.6210505561670323,0.8715726145720415,0.8715726145720409,0.0,0.8715726145720409,5.551115123125783e-16,0.0
19,0,single_requirement,1.0,4,0.8715726145720412,0.8715726145720415,0.8715726145720412,0.0,0.8715726145720412,3.3306690738754696e-16,0.0
19,0,three_requirements,0.5,1,0.0,0.0,0.0,0.0,0.0,0.0,0.0
19,0,three_requirements,0.5,2,0.0,0.0,0.0,0.0,0.0,0.0,0.0
19,0,three_requirements,0.5,3,0.03619715024018819,0.05458842163074157,0.03834708176047215,0.0,0.05458842163074157,0.01624133987026942,0.01624133987026942
19,0,three_requirements,0.5,4,0.0955750335005669,0.0955750335005669,0.0955750335005669,0.0,0.0955750335005669,0.0,0.0
19,0,three_requirements,0.8,1,0.0,0.0,0.0,0.0,0.0,0.0,0.0
19,0,three_requirements,0.8,2,0.0,0.0,0.0,0.0,0.0,0.0,0.0
19,0,three_requirements,0.8,3,0.1482635273838108,0.22359417499951736,0.15706964689089414,0.0,0.22359417499951736,0.06652452810862322,0.06652452810862322
19,0,three_requirements,0.8,4,0.309004129984782,0.309004129984782,0.309004129984782,0.0,0.309004129984782,0.0,0.0
19,0,three_requirements,1.0,1,0.0,0.0,0.0,0.0,0.0,0.0,0.0
19,0,three_requirements,1.0,2,0.0,0.0,0.0,0.0,0.0,0.0,0.0
19,0,three_requirements,1.0,3,0.28957720192150554,0.43670737304593255,0.3067766540837772,0.0,0.43670737304593255,0.12993071896215536,0.12993071896215536
19,0,three_requirements,1.0,4,0.4961393069578553,0.4961393069578553,0.4961393069578553,0.0,0.4961393069578553,0.0,0.0
19,0,two_requirements,0.5,1,0.0,0.0,0.0,0.0,0.0,0.0,0.0
19,0,two_requirements,0.5,2,0.08345985624924002,0.11031770994876829,0.11031770994876829,0.0,0.11031770994876829,0.0,0.0
19,0,two_requirements,0.5,3,0.13037371393218322,0.15568756191762806,0.15568756191762806,0.0,0.15568756191762806,0.0,0.0
19,0,two_requirements,0.5,4,0.20260141960057132,0.20260141960057132,0.20260141960057132,0.0,0.20260141960057132,0.0,0.0
19,0,two_requirements,0.8,1,0.0,0.0,0.0,0.0,0.0,0.0,0.0
19,0,two_requirements,0.8,2,0.21365723199805436,0.2824133374688468,0.2824133374688468,0.0,0.2824133374688468,0.0,0.0
19,0,two_requirements,0.8,3,0.28248425199672456,0.34005391193446394,0.34005391193446394,0.0,0.34005391193446394,0.0,0.0
19,0,two_requirements,0.8,4,0.408880931933134,0.408880931933134,0.408880931933134,0.0,0.408880931933134,0.0,0.0
19,0,two_requirements,1.0,1,0.0,0.0,0.0,0.0,0.0,0.0,0.0
19,0,two_requirements,1.0,2,0.33383942499696007,0.44127083979507314,0.44127083979507314,0.0,0.44127083979507314,0.0,0.0
19,0,two_requirements,1.0,3,0.3879728357556482,0.4703902305489913,0.4703902305489913,0.0,0.4703902305489913,0.0,0.0
19,0,two_requirements,1.0,4,0.5245236413076797,0.5245236413076797,0.5245236413076797,0.0,0.5245236413076797,0.0,0.0
19,1,single_requirement,0.5,1,0.17653603330714307,0.29970979178823987,0.29970979178823987,0.0,0.29970979178823987,0.0,0.0
19,1,single_requirement,0.5,2,0.2851215936868252,0.4039427956382546,0.4039427956382546,0.0,0.4039427956382546,0.0,0.0
19,1,single_requirement,0.5,3,0.4680554808565729,0.4680554808565729,0.4680554808565729,0.0,0.4680554808565729,0.0,0.0
19,1,single_requirement,0.5,4,0.4680554808565729,0.4680554808565729,0.4680554808565729,0.0,0.4680554808565729,0.0,0.0
19,1,single_requirement,0.8,1,0.2824576532914289,0.4795356668611836,0.4795356668611836,0.0,0.4795356668611836,0.0,0.0
19,1,single_requirement,0.8,2,0.3920788379078885,0.5768975647423643,0.5768975647423643,0.0,0.5768975647423643,0.0,0.0
19,1,single_requirement,0.8,3,0.6146834999360897,0.6146834999360897,0.6146834999360897,0.0,0.6146834999360897,0.0,0.0
19,1,single_requirement,0.8,4,0.6146834999360897,0.6146834999360897,0.6146834999360897,0.0,0.6146834999360897,0.0,0.0
19,1,single_requirement,1.0,1,0.35307206661428614,0.5994195835764797,0.5994195835764797,0.0,0.5994195835764797,0.0,0.0
19,1,single_requirement,1.0,2,0.4366687873923337,0.6632795323622523,0.6632795323622523,0.0,0.6632795323622523,0.0,0.0
19,1,single_requirement,1.0,3,0.6783996248655676,0.6783996248655676,0.6783996248655676,0.0,0.6783996248655676,0.0,0.0
19,1,single_requirement,1.0,4,0.6783996248655675,0.6783996248655676,0.6783996248655675,0.0,0.6783996248655675,1.1102230246251565e-16,0.0
19,1,three_requirements,0.5,1,0.0,0.0,0.0,0.0,0.0,0.0,0.0
19,1,three_requirements,0.5,2,0.0,0.0,0.0,0.0,0.0,0.0,0.0
19,1,three_requirements,0.5,3,0.0,0.0,0.0,0.0,0.0,0.0,0.0
19,1,three_requirements,0.5,4,0.0,0.0,0.0,0.0,0.0,0.0,0.0
19,1,three_requirements,0.8,1,0.0,0.0,0.0,0.0,0.0,0.0,0.0
19,1,three_requirements,0.8,2,0.0,0.0,0.0,0.0,0.0,0.0,0.0
19,1,three_requirements,0.8,3,0.0,0.0,0.0,0.0,0.0,0.0,0.0
19,1,three_requirements,0.8,4,0.0,0.0,0.0,0.0,0.0,0.0,0.0
19,1,three_requirements,1.0,1,0.0,0.0,0.0,0.0,0.0,0.0,0.0
19,1,three_requirements,1.0,2,0.0,0.0,0.0,0.0,0.0,0.0,0.0
19,1,three_requirements,1.0,3,0.0,0.0,0.0,0.0,0.0,0.0,0.0
19,1,three_requirements,1.0,4,0.0,0.0,0.0,0.0,0.0,0.0,0.0
19,1,two_requirements,0.5,1,0.0,0.0,0.0,0.0,0.0,0.0,0.0
19,1,two_requirements,0.5,2,0.0,0.12276852782724326,0.03151582105475319,0.0,0.12276852782724326,0.09125270677249007,0.09125270677249007
19,1,two_requirements,0.5,3,0.03151582105475319,0.14072130381284087,0.14072130381284087,0.0,0.14072130381284087,0.0,0.0
19,1,two_requirements,0.5,4,0.14072130381284087,0.14072130381284087,0.14072130381284087,0.0,0.14072130381284087,0.0,0.0
19,1,two_requirements,0.8,1,0.0,0.0,0.0,0.0,0.0,0.0,0.0
19,1,two_requirements,0.8,2,0.0,0.3142874312377427,0.08068050190016834,0.0,0.3142874312377427,0.23360692933757438,0.23360692933757438
19,1,two_requirements,0.8,3,0.08068050190016829,0.3394137005346498,0.3394137005346498,0.0,0.3394137005346498,0.0,0.0
19,1,two_requirements,0.8,4,0.3394137005346497,0.3394137005346498,0.3394137005346497,0.0,0.3394137005346497,1.1102230246251565e-16,0.0
19,1,two_requirements,1.0,1,0.0,0.0,0.0,0.0,0.0,0.0,0.0
19,1,two_requirements,1.0,2,0.0,0.49107411130897305,0.12606328421901275,0.0,0.49107411130897305,0.3650108270899603,0.3650108270899603
19,1,two_requirements,1.0,3,0.1260632842190128,0.5086330349747413,0.5086330349747413,0.0,0.5086330349747413,0.0,0.0
19,1,two_requirements,1.0,4,0.5086330349747412,0.5086330349747413,0.5086330349747412,0.0,0.5086330349747412,1.1102230246251565e-16,0.0
19,2,single_requirement,0.5,1,0.2572404353125561,0.27590119908988087,0.27590119908988087,0.0,0.27590119908988087,0.0,0.0
19,2,single_requirement,0.5,2,0.2572404353125561,0.4244211426405584,0.4244211426405584,0.0,0.4244211426405584,0.0,0.0
19,2,single_requirement,0.5,3,0.25724043531255614,0.4244211426405584,0.4244211426405583,0.0,0.4244211426405583,1.1102230246251565e-16,0.0
19,2,single_requirement,0.5,4,0.4244211426405583,0.4244211426405584,0.4244211426405583,0.0,0.4244211426405583,1.1102230246251565e-16,0.0
19,2,single_requirement,0.8,1,0.4115846965000896,0.4414419185438092,0.4414419185438092,0.0,0.4414419185438092,0.0,0.0
19,2,single_requirement,0.8,2,0.41158469650008966,0.57470215613349,0.57470215613349,0.0,0.57470215613349,0.0,0.0
19,2,single_requirement,0.8,3,0.4115846965000898,0.57470215613349,0.57470215613349,0.0,0.57470215613349,0.0,0.0
19,2,single_requirement,0.8,4,0.5747021561334901,0.5747021561334901,0.5747021561334901,0.0,0.5747021561334901,0.0,0.0
19,2,single_requirement,1.0,1,0.5144808706251122,0.5518023981797617,0.5518023981797617,0.0,0.5518023981797617,0.0,0.0
19,2,single_requirement,1.0,2,0.5144808706251122,0.6314013017573596,0.6314013017573596,0.0,0.6314013017573596,0.0,0.0
19,2,single_requirement,1.0,3,0.5144808706251124,0.6314013017573596,0.6314013017573594,0.0,0.6314013017573594,2.220446049250313e-16,0.0
19,2,single_requirement,1.0,4,0.6314013017573596,0.6314013017573596,0.6314013017573596,0.0,0.6314013017573596,0.0,0.0
19,2,three_requirements,0.5,1,0.0,0.0,0.0,0.0,0.0,0.0,0.0
19,2,three_requirements,0.5,2,0.0,0.0,0.0,0.0,0.0,0.0,0.0
19,2,three_requirements,0.5,3,0.0,0.017117621557505146,0.017117621557505146,0.0,0.017117621557505146,0.0,0.0
19,2,three_requirements,0.5,4,0.017117621557505153,0.017117621557505153,0.017117621557505153,0.0,0.017117621557505153,0.0,0.0
19,2,three_requirements,0.8,1,0.0,0.0,0.0,0.0,0.0,0.0,0.0
19,2,three_requirements,0.8,2,0.0,0.0,0.0,0.0,0.0,0.0,0.0
19,2,three_requirements,0.8,3,0.0,0.07011377789954118,0.07011377789954118,0.0,0.07011377789954118,0.0,0.0
19,2,three_requirements,0.8,4,0.07011377789954118,0.07011377789954118,0.07011377789954118,0.0,0.07011377789954118,0.0,0.0
19,2,three_requirements,1.0,1,0.0,0.0,0.0,0.0,0.0,0.0,0.0
19,2,three_requirements,1.0,2,0.0,0.0,0.0,0.0,0.0,0.0,0.0
19,2,three_requirements,1.0,3,0.0,0.13694097246004117,0.13694097246004117,0.0,0.13694097246004117,0.0,0.0
19,2,three_requirements,1.0,4,0.13694097246004122,0.13694097246004122,0.13694097246004122,0.0,0.13694097246004122,0.0,0.0
19,2,two_requirements,0.5,1,0.0,0.0,0.0,0.0,0.0,0.0,0.0
19,2,two_requirements,0.5,2,0.0,0.11407814915190143,0.0,0.0,0.11407814915190143,0.11407814915190143,0.11407814915190143
19,2,two_requirements,0.5,3,0.0,0.16253937940287633,0.11407814915190143,0.0,0.16253937940287633,0.0484612302509749,0.0484612302509749
19,2,two_requirements,0.5,4,0.16253937940287633,0.16253937940287633,0.16253937940287633,0.0,0.16253937940287633,0.0,0.0
19,2,two_requirements,0.8,1,0.0,0.0,0.0,0.0,0.0,0.0,0.0
19,2,two_requirements,0.8,2,0.0,0.29204006182886777,0.0,0.0,0.29204006182886777,0.29204006182886777,0.29204006182886777
19,2,two_requirements,0.8,3,0.0,0.368030585259824,0.29204006182886777,0.0,0.368030585259824,0.07599052343095625,0.07599052343095625
19,2,two_requirements,0.8,4,0.36803058525982413,0.36803058525982413,0.36803058525982413,0.0,0.36803058525982413,0.0,0.0
19,2,two_requirements,1.0,1,0.0,0.0,0.0,0.0,0.0,0.0,0.0
19,2,two_requirements,1.0,2,0.0,0.4563125966076057,0.0,0.0,0.4563125966076057,0.4563125966076057,0.4563125966076057
19,2,two_requirements,1.0,3,0.0,0.5249746373731214,0.4563125966076056,0.0,0.5249746373731214,0.06866204076551585,0.06866204076551585
19,2,two_requirements,1.0,4,0.5249746373731214,0.5249746373731214,0.5249746373731214,0.0,0.5249746373731214,0.0,0.0
19,3,single_requirement,0.5,1,0.24350832534911446,0.4146177206173869,0.4146177206173869,0.0,0.4146177206173869,0.0,0.0
19,3,single_requirement,0.5,2,0.47490176290743574,0.6049213063610996,0.6049213063610996,0.0,0.6049213063610996,0.0,0.0
19,3,single_requirement,0.5,3,0.6804810589982981,0.6804810589982981,0.6804810589982981,0.0,0.6804810589982981,0.0,0.0
19,3,single_requirement,0.5,4,0.6804810589982981,0.6804810589982981,0.6804810589982981,0.0,0.6804810589982981,0.0,0.0
19,3,single_requirement,0.8,1,0.3896133205585831,0.6633883529878191,0.6633883529878191,0.0,0.6633883529878191,0.0,0.0
19,3,single_requirement,0.8,2,0.6556456128888205,0.824230624672658,0.824230624672658,0.0,0.824230624672658,0.0,0.0
19,3,single_requirement,0.8,3,0.8572790963998699,0.8572790963998699,0.8572790963998699,0.0,0.8572790963998699,0.0,0.0
19,3,single_requirement,0.8,4,0.8572790963998699,0.8572790963998699,0.8572790963998699,0.0,0.8572790963998699,0.0,0.0
19,3,single_requirement,1.0,1,0.4870166506982289,0.8292354412347738,0.8292354412347738,0.0,0.8292354412347738,0.0,0.0
19,3,single_requirement,1.0,2,0.7327260096417945,0.9105853929199046,0.9105853929199046,0.0,0.9105853929199046,0.0,0.0
19,3,single_requirement,1.0,3,0.9169106103515479,0.9169106103515479,0.9169106103515479,0.0,0.9169106103515479,0.0,0.0
19,3,single_requirement,1.0,4,0.9169106103515474,0.9169106103515479,0.9169106103515474,0.0,0.9169106103515474,4.440892098500626e-16,0.0
19,3,three_requirements,0.5,1,0.0,0.0,0.0,0.0,0.0,0.0,0.0
19,3,three_requirements,0.5,2,0.0,0.0,0.0,0.0,0.0,0.0,0.0
19,3,three_requirements,0.5,3,0.0,0.019513257759496944,0.0,0.0,0.019513257759496944,0.019513257759496944,0.019513257759496944
19,3,three_requirements,0.5,4,0.01951325775949697,0.01951325775949697,0.01951325775949697,0.0,0.01951325775949697,0.0,0.0
19,3,three_requirements,0.8,1,0.0,0.0,0.0,0.0,0.0,0.0,0.0
19,3,three_requirements,0.8,2,0.0,0.0,0.0,0.0,0.0,0.0,0.0
19,3,three_requirements,0.8,3,0.0,0.07992630378289961,0.0,0.0,0.07992630378289961,0.07992630378289961,0.07992630378289961
19,3,three_requirements,0.8,4,0.07992630378289958,0.07992630378289961,0.07992630378289958,0.0,0.07992630378289958,2.7755575615628914e-17,0.0
19,3,three_requirements,1.0,1,0.0,0.0,0.0,0.0,0.0,0.0,0.0
19,3,three_requirements,1.0,2,0.0,0.0,0.0,0.0,0.0,0.0,0.0
19,3,three_requirements,1.0,3,0.0,0.15610606207597555,0.0,0.0,0.15610606207597555,0.15610606207597555,0.15610606207597555
19,3,three_requirements,1.0,4,0.15610606207597583,0.15610606207597583,0.15610606207597583,0.0,0.15610606207597583,0.0,0.0
19,3,two_requirements,0.5,1,0.0,0.0,0.0,0.0,0.0,0.0,0.0
19,3,two_requirements,0.5,2,0.0,0.14211763261148563,0.07770430586729452,0.0,0.14211763261148563,0.06441332674419112,0.06441332674419112
19,3,two_requirements,0.5,3,0.1542494293203338,0.2700645084433895,0.18396613320503624,0.0,0.2700645084433895,0.08609837523835323,0.08609837523835323
19,3,two_requirements,0.5,4,0.2932599125742394,0.2932599125742394,0.2932599125742394,0.0,0.2932599125742394,0.0,0.0
19,3,two_requirements,0.8,1,0.0,0.0,0.0,0.0,0.0,0.0,0.0
19,3,two_requirements,0.8,2,0.0,0.36382113948540307,0.19892302302027404,0.0,0.36382113948540307,0.16489811646512903,0.16489811646512903
19,3,two_requirements,0.8,3,0.3416790654671431,0.5303563171781297,0.4158787841044224,0.0,0.5303563171781297,0.11447753307370728,0.11447753307370728
19,3,two_requirements,0.8,4,0.5452881865678508,0.5452881865678508,0.5452881865678508,0.0,0.5452881865678508,0.0,0.0
19,3,two_requirements,1.0,1,0.0,0.0,0.0,0.0,0.0,0.0,0.0
19,3,two_requirements,1.0,2,0.0,0.5684705304459425,0.31081722346917806,0.0,0.5684705304459425,0.2576533069767645,0.2576533069767645
19,3,two_requirements,1.0,3,0.4784574214664621,0.6609642201356742,0.5924413117251697,0.0,0.6609642201356742,0.06852290841050457,0.06852290841050457
19,3,two_requirements,1.0,4,0.6635660496414351,0.6635660496414351,0.6635660496414351,0.0,0.6635660496414351,0.0,0.0
19,4,single_requirement,0.5,1,0.16162491875087728,0.39190604223711445,0.39190604223711445,0.0,0.39190604223711445,0.0,0.0
19,4,single_requirement,0.5,2,0.2662982461339188,0.5505694305394064,0.5505694305394064,0.0,0.5505694305394064,0.0,0.0
19,4,single_requirement,0.5,3,0.4386632645894776,0.6026219216976083,0.6026219216976083,0.0,0.6026219216976083,0.0,0.0
19,4,single_requirement,0.5,4,0.6328210393538846,0.6328210393538846,0.6328210393538846,0.0,0.6328210393538846,0.0,0.0
19,4,single_requirement,0.8,1,0.2585998700014035,0.6270496675793832,0.6270496675793832,0.0,0.6270496675793832,0.0,0.0
19,4,single_requirement,0.8,2,0.3647791827871735,0.7558861045213602,0.7558861045213602,0.0,0.7558861045213602,0.0,0.0
19,4,single_requirement,0.8,3,0.5716104352033688,0.7784204102736213,0.7784204102736213,0.0,0.7784204102736213,0.0,0.0
19,4,single_requirement,0.8,4,0.7863712886316235,0.7863712886316235,0.7863712886316235,0.0,0.7863712886316235,0.0,0.0
19,4,single_requirement,1.0,1,0.32324983750175457,0.7838120844742289,0.7838120844742289,0.0,0.7838120844742289,0.0,0.0
19,4,single_requirement,1.0,2,0.40489230262805354,0.8406701437002913,0.8406701437002913,0.0,0.8406701437002913,0.0,0.0
19,4,single_requirement,1.0,3,0.6283241800761815,0.8448092996097337,0.8448092996097337,0.0,0.8448092996097337,0.0,0.0
19,4,single_requirement,1.0,4,0.8456424272442319,0.8456424272442319,0.8456424272442319,0.0,0.8456424272442319,0.0,0.0
19,4,three_requirements,0.5,1,0.0,0.0,0.0,0.0,0.0,0.0,0.0
19,4,three_requirements,0.5,2,0.0,0.0,0.0,0.0,0.0,0.0,0.0
19,4,three_requirements,0.5,3,0.0,0.03050168805314618,0.0,0.0,0.03050168805314618,0.03050168805314618,0.03050168805314618
19,4,three_requirements,0.5,4,0.030501688053146167,0.03050168805314618,0.030501688053146167,0.0,0.030501688053146167,1.3877787807814457e-17,0.0
19,4,three_requirements,0.8,1,0.0,0.0,0.0,0.0,0.0,0.0,0.0
19,4,three_requirements,0.8,2,0.0,0.0,0.0,0.0,0.0,0.0,0.0
19,4,three_requirements,0.8,3,0.0,0.1249349142656867,0.0,0.0,0.1249349142656867,0.1249349142656867,0.1249349142656867
19,4,three_requirements,0.8,4,0.12493491426568665,0.1249349142656867,0.12493491426568665,0.0,0.12493491426568665,5.551115123125783e-17,0.0
19,4,three_requirements,1.0,1,0.0,0.0,0.0,0.0,0.0,0.0,0.0
19,4,three_requirements,1.0,2,0.0,0.0,0.0,0.0,0.0,0.0,0.0
19,4,three_requirements,1.0,3,0.0,0.24401350442516945,0.0,0.0,0.24401350442516945,0.24401350442516945,0.24401350442516945
19,4,three_requirements,1.0,4,0.24401350442516906,0.24401350442516945,0.24401350442516906,0.0,0.24401350442516906,3.885780586188048e-16,0.0
19,4,two_requirements,0.5,1,0.0,0.0,0.0,0.0,0.0,0.0,0.0
19,4,two_requirements,0.5,2,0.0,0.07646276772267366,0.07646276772267366,0.0,0.07646276772267366,0.0,0.0
19,4,two_requirements,0.5,3,0.0,0.11907020130951088,0.11907020130951088,0.0,0.11907020130951088,0.0,0.0
19,4,two_requirements,0.5,4,0.1190702013095109,0.1190702013095109,0.1190702013095109,0.0,0.1190702013095109,0.0,0.0
19,4,two_requirements,0.8,1,0.0,0.0,0.0,0.0,0.0,0.0,0.0
19,4,two_requirements,0.8,2,0.0,0.19574468537004447,0.19574468537004447,0.0,0.19574468537004447,0.0,0.0
19,4,two_requirements,0.8,3,0.0,0.2628699267217657,0.2628699267217657,0.0,0.2628699267217657,0.0,0.0
19,4,two_requirements,0.8,4,0.2628699267217658,0.2628699267217658,0.2628699267217658,0.0,0.2628699267217658,0.0,0.0
19,4,two_requirements,1.0,1,0.0,0.0,0.0,0.0,0.0,0.0,0.0
19,4,two_requirements,1.0,2,0.0,0.30585107089069463,0.30585107089069463,0.0,0.30585107089069463,0.0,0.0
19,4,two_requirements,1.0,3,0.0,0.3670365640125691,0.3670365640125691,0.0,0.3670365640125691,0.0,0.0
19,4,two_requirements,1.0,4,0.36703656401256923,0.36703656401256923,0.36703656401256923,0.0,0.36703656401256923,0.0,0.0
19,5,single_requirement,0.5,1,0.1405284729417839,0.20418379036596096,0.20418379036596096,0.0,0.20418379036596096,0.0,0.0
19,5,single_requirement,0.5,2,0.14052847294178383,0.28831818757466166,0.28831818757466166,0.0,0.28831818757466166,0.0,0.0
19,5,single_requirement,0.5,3,0.28831818757466177,0.28831818757466177,0.28831818757466177,0.0,0.28831818757466177,0.0,0.0
19,5,single_requirement,0.5,4,0.28831818757466154,0.28831818757466177,0.28831818757466154,0.0,0.28831818757466154,2.220446049250313e-16,0.0
19,5,single_requirement,0.8,1,0.22484555670685424,0.3266940645855375,0.3266940645855375,0.0,0.3266940645855375,0.0,0.0
19,5,single_requirement,0.8,2,0.22484555670685424,0.40717078741569895,0.40717078741569895,0.0,0.40717078741569895,0.0,0.0
19,5,single_requirement,0.8,3,0.4071707874156989,0.40717078741569895,0.4071707874156989,0.0,0.4071707874156989,5.551115123125783e-17,0.0
19,5,single_requirement,0.8,4,0.4071707874156989,0.40717078741569895,0.4071707874156989,0.0,0.4071707874156989,5.551115123125783e-17,0.0
19,5,single_requirement,1.0,1,0.2810569458835678,0.4083675807319219,0.4083675807319219,0.0,0.4083675807319219,0.0,0.0
19,5,single_requirement,1.0,2,0.28105694588356755,0.46384822368315715,0.46384822368315715,0.0,0.46384822368315715,0.0,0.0
19,5,single_requirement,1.0,3,0.463848223683157,0.46384822368315715,0.463848223683157,0.0,0.463848223683157,1.6653345369377348e-16,0.0
19,5,single_requirement,1.0,4,0.46384822368315703,0.46384822368315715,0.46384822368315703,0.0,0.46384822368315703,1.1102230246251565e-16,0.0
19,5,three_requirements,0.5,1,0.0,0.0,0.0,0.0,0.0,0.0,0.0
19,5,three_requirements,0.5,2,0.0,0.0,0.0,0.0,0.0,0.0,0.0
19,5,three_requirements,0.5,3,0.0,0.0,0.0,0.0,0.0,0.0,0.0
19,5,three_requirements,0.5,4,0.0,0.0,0.0,0.0,0.0,0.0,0.0
19,5,three_requirements,0.8,1,0.0,0.0,0.0,0.0,0.0,0.0,0.0
19,5,three_requirements,0.8,2,0.0,0.0,0.0,0.0,0.0,0.0,0.0
19,5,three_requirements,0.8,3,0.0,0.0,0.0,0.0,0.0,0.0,0.0
19,5,three_requirements,0.8,4,0.0,0.0,0.0,0.0,0.0,0.0,0.0
19,5,three_requirements,1.0,1,0.0,0.0,0.0,0.0,0.0,0.0,0.0
19,5,three_requirements,1.0,2,0.0,0.0,0.0,0.0,0.0,0.0,0.0
19,5,three_requirements,1.0,3,0.0,0.0,0.0,0.0,0.0,0.0,0.0
19,5,three_requirements,1.0,4,0.0,0.0,0.0,0.0,0.0,0.0,0.0
19,5,two_requirements,0.5,1,0.0,0.0,0.0,0.0,0.0,0.0,0.0
19,5,two_requirements,0.5,2,0.0,0.0435339666085935,0.0,0.0,0.0435339666085935,0.0435339666085935,0.0435339666085935
19,5,two_requirements,0.5,3,0.0,0.06346136705269723,0.03328445020129911,0.0,0.06346136705269723,0.030176916851398117,0.030176916851398117
19,5,two_requirements,0.5,4,0.06346136705269723,0.06346136705269723,0.06346136705269723,0.0,0.06346136705269723,0.0,0.0
19,5,two_requirements,0.8,1,0.0,0.0,0.0,0.0,0.0,0.0,0.0
19,5,two_requirements,0.8,2,0.0,0.11144695451799955,0.0,0.0,0.11144695451799955,0.11144695451799955,0.11144695451799955
19,5,two_requirements,0.8,3,0.0,0.14194467122785276,0.08520819251532574,0.0,0.14194467122785276,0.056736478712527016,0.056736478712527016
19,5,two_requirements,0.8,4,0.14194467122785281,0.14194467122785281,0.14194467122785281,0.0,0.14194467122785281,0.0,0.0
19,5,two_requirements,1.0,1,0.0,0.0,0.0,0.0,0.0,0.0,0.0
19,5,two_requirements,1.0,2,0.0,0.174135866434374,0.0,0.0,0.174135866434374,0.174135866434374,0.174135866434374
19,5,two_requirements,1.0,3,0.0,0.20041726918200736,0.13313780080519638,0.0,0.20041726918200736,0.06727946837681098,0.06727946837681098
19,5,two_requirements,1.0,4,0.2004172691820072,0.20041726918200736,0.2004172691820072,0.0,0.2004172691820072,1.6653345369377348e-16,0.0
19,6,single_requirement,0.5,1,0.20142726516650827,0.3748914899033542,0.3748914899033542,0.0,0.3748914899033542,0.0,0.0
19,6,single_requirement,0.5,2,0.32611200352094744,0.48599179338355053,0.48599179338355053,0.0,0.48599179338355053,0.0,0.0
19,6,single_requirement,0.5,3,0.5514811359209133,0.5514811359209133,0.5514811359209133,0.0,0.5514811359209133,0.0,0.0
19,6,single_requirement,0.5,4,0.5514811359209135,0.5514811359209135,0.5514811359209135,0.0,0.5514811359209135,0.0,0.0
19,6,single_requirement,0.8,1,0.3222836242664135,0.5998263838453668,0.5998263838453668,0.0,0.5998263838453668,0.0,0.0
19,6,single_requirement,0.8,2,0.4445120231705275,0.687278629471419,0.687278629471419,0.0,0.687278629471419,0.0,0.0
19,6,single_requirement,0.8,3,0.7182443783363827,0.7182443783363827,0.7182443783363827,0.0,0.7182443783363827,0.0,0.0
19,6,single_requirement,0.8,4,0.7182443783363827,0.7182443783363827,0.7182443783363827,0.0,0.7182443783363827,0.0,0.0
19,6,single_requirement,1.0,1,0.40285453033301655,0.7497829798067084,0.7497829798067084,0.0,0.7497829798067084,0.0,0.0
19,6,single_requirement,1.0,2,0.4912507102440019,0.7838414202207222,0.7838414202207222,0.0,0.7838414202207222,0.0,0.0
19,6,single_requirement,1.0,3,0.7905567770401847,0.7905567770401847,0.7905567770401847,0.0,0.7905567770401847,0.0,0.0
19,6,single_requirement,1.0,4,0.7905567770401847,0.7905567770401847,0.7905567770401847,0.0,0.7905567770401847,0.0,0.0
19,6,three_requirements,0.5,1,0.0,0.0,0.0,0.0,0.0,0.0,0.0
19,6,three_requirements,0.5,2,0.0,0.0,0.0,0.0,0.0,0.0,0.0
19,6,three_requirements,0.5,3,0.0,0.03531199608382637,0.0,0.0,0.03531199608382637,0.03531199608382637,0.03531199608382637
19,6,three_requirements,0.5,4,0.05014798081434263,0.05014798081434263,0.05014798081434263,0.0,0.05014798081434263,0.0,0.0
19,6,three_requirements,0.8,1,0.0,0.0,0.0,0.0,0.0,0.0,0.0
19,6,three_requirements,0.8,2,0.0,0.0,0.0,0.0,0.0,0.0,0.0
19,6,three_requirements,0.8,3,0.0,0.14463793595935281,0.0,0.0,0.14463793595935281,0.14463793595935281,0.14463793595935281
19,6,three_requirements,0.8,4,0.1803122790087097,0.1803122790087097,0.1803122790087097,0.0,0.1803122790087097,0.0,0.0
19,6,three_requirements,1.0,1,0.0,0.0,0.0,0.0,0.0,0.0,0.0
19,6,three_requirements,1.0,2,0.0,0.0,0.0,0.0,0.0,0.0,0.0
19,6,three_requirements,1.0,3,0.0,0.28249596867061094,0.0,0.0,0.28249596867061094,0.28249596867061094,0.28249596867061094
19,6,three_requirements,1.0,4,0.3194981355549825,0.3194981355549825,0.3194981355549825,0.0,0.3194981355549825,0.0,0.0
19,6,two_requirements,0.5,1,0.0,0.0,0.0,0.0,0.0,0.0,0.0
19,6,two_requirements,0.5,2,0.0,0.07938115863015932,0.07938115863015932,0.0,0.07938115863015932,0.0,0.0
19,6,two_requirements,0.5,3,0.07938115863015932,0.1225301983573789,0.1225301983573789,0.0,0.1225301983573789,0.0,0.0
19,6,two_requirements,0.5,4,0.1225301983573789,0.1225301983573789,0.1225301983573789,0.0,0.1225301983573789,0.0,0.0
19,6,two_requirements,0.8,1,0.0,0.0,0.0,0.0,0.0,0.0,0.0
19,6,two_requirements,0.8,2,0.0,0.20321576609320793,0.20321576609320793,0.0,0.20321576609320793,0.0,0.0
19,6,two_requirements,0.8,3,0.20321576609320793,0.25965099901249233,0.25965099901249233,0.0,0.25965099901249233,0.0,0.0
19,6,two_requirements,0.8,4,0.25965099901249233,0.25965099901249233,0.25965099901249233,0.0,0.25965099901249233,0.0,0.0
19,6,two_requirements,1.0,1,0.0,0.0,0.0,0.0,0.0,0.0,0.0
19,6,two_requirements,1.0,2,0.0,0.3175246345206373,0.3175246345206373,0.0,0.3175246345206373,0.0,0.0
19,6,two_requirements,1.0,3,0.3175246345206373,0.349427280975355,0.349427280975355,0.0,0.349427280975355,0.0,0.0
19,6,two_requirements,1.0,4,0.34942728097535475,0.349427280975355,0.34942728097535475,0.0,0.34942728097535475,2.7755575615628914e-16,0.0
19,7,single_requirement,0.5,1,0.0,0.3443264148494154,0.3443264148494154,0.0,0.3443264148494154,0.0,0.0
19,7,single_requirement,0.5,2,0.0,0.4927482641216005,0.4927482641216005,0.0,0.4927482641216005,0.0,0.0
19,7,single_requirement,0.5,3,0.2676122197268332,0.4927482641216005,0.4927482641216005,0.0,0.4927482641216005,0.0,0.0
19,7,single_requirement,0.5,4,0.4927482641216004,0.4927482641216005,0.4927482641216004,0.0,0.4927482641216004,1.1102230246251565e-16,0.0
19,7,single_requirement,0.8,1,0.0,0.5509222637590644,0.5509222637590644,0.0,0.5509222637590644,0.0,0.0
19,7,single_requirement,0.8,2,0.0,0.6739744669580987,0.6739744669580987,0.0,0.6739744669580987,0.0,0.0
19,7,single_requirement,0.8,3,0.4281795515629332,0.6739744669580989,0.6739744669580989,0.0,0.6739744669580989,0.0,0.0
19,7,single_requirement,0.8,4,0.6739744669580987,0.6739744669580989,0.6739744669580987,0.0,0.6739744669580987,2.220446049250313e-16,0.0
19,7,single_requirement,1.0,1,0.0,0.6886528296988308,0.6886528296988308,0.0,0.6886528296988308,0.0,0.0
19,7,single_requirement,1.0,2,0.0,0.7471157873339048,0.7471157873339048,0.0,0.7471157873339048,0.0,0.0
19,7,single_requirement,1.0,3,0.5352244394536663,0.747115787333905,0.747115787333905,0.0,0.747115787333905,0.0,0.0
19,7,single_requirement,1.0,4,0.7471157873339047,0.747115787333905,0.7471157873339047,0.0,0.7471157873339047,3.3306690738754696e-16,0.0
19,7,three_requirements,0.5,1,0.0,0.0,0.0,0.0,0.0,0.0,0.0
19,7,three_requirements,0.5,2,0.0,0.0,0.0,0.0,0.0,0.0,0.0
19,7,three_requirements,0.5,3,0.0,0.0,0.0,0.0,0.0,0.0,0.0
19,7,three_requirements,0.5,4,0.0,0.0,0.0,0.0,0.0,0.0,0.0
19,7,three_requirements,0.8,1,0.0,0.0,0.0,0.0,0.0,0.0,0.0
19,7,three_requirements,0.8,2,0.0,0.0,0.0,0.0,0.0,0.0,0.0
19,7,three_requirements,0.8,3,0.0,0.0,0.0,0.0,0.0,0.0,0.0
19,7,three_requirements,0.8,4,0.0,0.0,0.0,0.0,0.0,0.0,0.0
19,7,three_requirements,1.0,1,0.0,0.0,0.0,0.0,0.0,0.0,0.0
19,7,three_requirements,1.0,2,0.0,0.0,0.0,0.0,0.0,0.0,0.0
19,7,three_requirements,1.0,3,0.0,0.0,0.0,0.0,0.0,0.0,0.0
19,7,three_requirements,1.0,4,0.0,0.0,0.0,0.0,0.0,0.0,0.0
19,7,two_requirements,0.5,1,0.0,0.0,0.0,0.0,0.0,0.0,0.0
19,7,two_requirements,0.5,2,0.02256927888383839,0.05687886396188595,0.05687886396188595,0.0,0.05687886396188595,0.0,0.0
19,7,two_requirements,0.5,3,0.022569278883838362,0.06939613283734414,0.06939613283734414,0.0,0.06939613283734414,0.0,0.0
19,7,two_requirements,0.5,4,0.06939613283734414,0.06939613283734414,0.06939613283734414,0.0,0.06939613283734414,0.0,0.0
19,7,two_requirements,0.8,1,0.0,0.0,0.0,0.0,0.0,0.0,0.0
19,7,two_requirements,0.8,2,0.0577773539426264,0.14560989174242803,0.14560989174242803,0.0,0.14560989174242803,0.0,0.0
19,7,two_requirements,0.8,3,0.057777353942626175,0.16221421269072916,0.16221421269072916,0.0,0.16221421269072916,0.0,0.0
19,7,two_requirements,0.8,4,0.1622142126907291,0.16221421269072916,0.1622142126907291,0.0,0.1622142126907291,5.551115123125783e-17,0.0
19,7,two_requirements,1.0,1,0.0,0.0,0.0,0.0,0.0,0.0,0.0
19,7,two_requirements,1.0,2,0.09027711553535356,0.2275154558475438,0.2275154558475438,0.0,0.2275154558475438,0.0,0.0
19,7,two_requirements,1.0,3,0.09027711553535323,0.2373764913158557,0.2373764913158557,0.0,0.2373764913158557,0.0,0.0
19,7,two_requirements,1.0,4,0.23737649131585586,0.23737649131585586,0.23737649131585586,0.0,0.23737649131585586,0.0,0.0
19,8,single_requirement,0.5,1,0.26007689110651433,0.27127390902285703,0.27127390902285703,0.0,0.27127390902285703,0.0,0.0
19,8,single_requirement,0.5,2,0.3793258786386102,0.4243856008355992,0.4243856008355992,0.0,0.4243856008355992,0.0,0.0
19,8,single_requirement,0.5,3,0.49341140093025804,0.49341140093025804,0.49341140093025804,0.0,0.49341140093025804,0.0,0.0
19,8,single_requirement,0.5,4,0.49341140093025815,0.49341140093025815,0.49341140093025815,0.0,0.49341140093025815,0.0,0.0
19,8,single_requirement,0.8,1,0.41612302577042276,0.43403825443657107,0.43403825443657107,0.0,0.43403825443657107,0.0,0.0
19,8,single_requirement,0.8,2,0.532395398840994,0.5763303700149371,0.5763303700149371,0.0,0.5763303700149371,0.0,0.0
19,8,single_requirement,0.8,3,0.6142514640365734,0.6142514640365734,0.6142514640365734,0.0,0.6142514640365734,0.0,0.0
19,8,single_requirement,0.8,4,0.6142514640365735,0.6142514640365735,0.6142514640365735,0.0,0.6142514640365735,0.0,0.0
19,8,single_requirement,1.0,1,0.5201537822130287,0.5425478180457141,0.5425478180457141,0.0,0.5425478180457141,0.0,0.0
19,8,single_requirement,1.0,2,0.6033892427339235,0.634840803083654,0.634840803083654,0.0,0.634840803083654,0.0,0.0
19,8,single_requirement,1.0,3,0.6479649742477793,0.6479649742477793,0.6479649742477793,0.0,0.6479649742477793,0.0,0.0
19,8,single_requirement,1.0,4,0.6479649742477792,0.6479649742477793,0.6479649742477792,0.0,0.6479649742477792,1.1102230246251565e-16,0.0
19,8,three_requirements,0.5,1,0.0,0.0,0.0,0.0,0.0,0.0,0.0
19,8,three_requirements,0.5,2,0.0,0.0,0.0,0.0,0.0,0.0,0.0
19,8,three_requirements,0.5,3,0.0,0.0,0.0,0.0,0.0,0.0,0.0
19,8,three_requirements,0.5,4,0.0,0.0,0.0,0.0,0.0,0.0,0.0
19,8,three_requirements,0.8,1,0.0,0.0,0.0,0.0,0.0,0.0,0.0
19,8,three_requirements,0.8,2,0.0,0.0,0.0,0.0,0.0,0.0,0.0
19,8,three_requirements,0.8,3,0.0,0.0,0.0,0.0,0.0,0.0,0.0
19,8,three_requirements,0.8,4,0.0,0.0,0.0,0.0,0.0,0.0,0.0
19,8,three_requirements,1.0,1,0.0,0.0,0.0,0.0,0.0,0.0,0.0
19,8,three_requirements,1.0,2,0.0,0.0,0.0,0.0,0.0,0.0,0.0
19,8,three_requirements,1.0,3,0.0,0.0,0.0,0.0,0.0,0.0,0.0
19,8,three_requirements,1.0,4,0.0,0.0,0.0,0.0,0.0,0.0,0.0
19,8,two_requirements,0.5,1,0.0,0.0,0.0,0.0,0.0,0.0,0.0
19,8,two_requirements,0.5,2,0.0,0.08288317304014732,0.033039503165192816,0.0,0.08288317304014732,0.049843669874954505,0.049843669874954505
19,8,two_requirements,0.5,3,0.0,0.10200768040834304,0.10200768040834304,0.0,0.10200768040834304,0.0,0.0
19,8,two_requirements,0.5,4,0.10200768040834307,0.10200768040834307,0.10200768040834307,0.0,0.10200768040834307,0.0,0.0
19,8,two_requirements,0.8,1,0.0,0.0,0.0,0.0,0.0,0.0,0.0
19,8,two_requirements,0.8,2,0.0,0.21218092298277721,0.08458112810289384,0.0,0.21218092298277721,0.12759979487988338,0.12759979487988338
19,8,two_requirements,0.8,3,0.0,0.23976622830117078,0.23976622830117078,0.0,0.23976622830117078,0.0,0.0
19,8,two_requirements,0.8,4,0.23976622830117084,0.23976622830117084,0.23976622830117084,0.0,0.23976622830117084,0.0,0.0
19,8,two_requirements,1.0,1,0.0,0.0,0.0,0.0,0.0,0.0,0.0
19,8,two_requirements,1.0,2,0.0,0.3315326921605893,0.13215801266077126,0.0,0.3315326921605893,0.19937467949981802,0.19937467949981802
19,8,two_requirements,1.0,3,0.0,0.35237073844538397,0.35237073844538397,0.0,0.35237073844538397,0.0,0.0
19,8,two_requirements,1.0,4,0.352370738445384,0.352370738445384,0.352370738445384,0.0,0.352370738445384,0.0,0.0
19,9,single_requirement,0.5,1,0.26209799740122686,0.3558155793897514,0.3558155793897514,0.0,0.3558155793897514,0.0,0.0
19,9,single_requirement,0.5,2,0.38782655270312055,0.5025615739844644,0.5025615739844644,0.0,0.5025615739844644,0.0,0.0
19,9,single_requirement,0.5,3,0.38782655270312044,0.5729557093066385,0.5729557093066385,0.0,0.5729557093066385,0.0,0.0
19,9,single_requirement,0.5,4,0.5729557093066384,0.5729557093066385,0.5729557093066384,0.0,0.5729557093066384,1.1102230246251565e-16,0.0
19,9,single_requirement,0.8,1,0.41935679584196284,0.5693049270236022,0.5693049270236022,0.0,0.5693049270236022,0.0,0.0
19,9,single_requirement,0.8,2,0.5341639163538134,0.6933605956808899,0.6933605956808899,0.0,0.6933605956808899,0.0,0.0
19,9,single_requirement,0.8,3,0.5341639163538134,0.7273232600348086,0.7273232600348086,0.0,0.7273232600348086,0.0,0.0
19,9,single_requirement,0.8,4,0.7273232600348087,0.7273232600348087,0.7273232600348087,0.0,0.7273232600348087,0.0,0.0
19,9,single_requirement,1.0,1,0.5241959948024537,0.7116311587795028,0.7116311587795028,0.0,0.7116311587795028,0.0,0.0
19,9,single_requirement,1.0,2,0.5957394221329507,0.7744191423559016,0.7744191423559016,0.0,0.7744191423559016,0.0,0.0
19,9,single_requirement,1.0,3,0.5957394221329507,0.7829885850543704,0.7829885850543704,0.0,0.7829885850543704,0.0,0.0
19,9,single_requirement,1.0,4,0.7829885850543703,0.7829885850543704,0.7829885850543703,0.0,0.7829885850543703,1.1102230246251565e-16,0.0
19,9,three_requirements,0.5,1,0.0,0.0,0.0,0.0,0.0,0.0,0.0
19,9,three_requirements,0.5,2,0.0,0.0,0.0,0.0,0.0,0.0,0.0
19,9,three_requirements,0.5,3,0.0,0.03191654119897276,0.031059189961317776,0.0,0.031059189961317776,0.0008573512376549852,0.0
19,9,three_requirements,0.5,4,0.06524328381394341,0.06524328381394341,0.06524328381394341,0.0,0.06524328381394341,0.0,0.0
19,9,three_requirements,0.8,1,0.0,0.0,0.0,0.0,0.0,0.0,0.0
19,9,three_requirements,0.8,2,0.0,0.0,0.0,0.0,0.0,0.0,0.0
19,9,three_requirements,0.8,3,0.0,0.1307301527509923,0.1272184420815576,0.0,0.1272184420815576,0.0035117106694347033,0.0
19,9,three_requirements,0.8,4,0.20718416357363062,0.20718416357363062,0.20718416357363062,0.0,0.20718416357363062,0.0,0.0
19,9,three_requirements,1.0,1,0.0,0.0,0.0,0.0,0.0,0.0,0.0
19,9,three_requirements,1.0,2,0.0,0.0,0.0,0.0,0.0,0.0,0.0
19,9,three_requirements,1.0,3,0.0,0.2553323295917821,0.2484735196905422,0.0,0.2484735196905422,0.006858809901239882,0.0
19,9,three_requirements,1.0,4,0.32646343545854695,0.32646343545854695,0.32646343545854695,0.0,0.32646343545854695,0.0,0.0
19,9,two_requirements,0.5,1,0.0,0.0,0.0,0.0,0.0,0.0,0.0
19,9,two_requirements,0.5,2,0.10775213617963747,0.10775213617963747,0.10775213617963747,0.0,0.10775213617963747,0.0,0.0
19,9,two_requirements,0.5,3,0.15846082456670696,0.1969680187313749,0.16864378897112242,0.0,0.16864378897112242,0.02832422976025248,0.0
19,9,two_requirements,0.5,4,0.23910542275163413,0.23910542275163413,0.23910542275163413,0.0,0.23910542275163413,0.0,0.0
19,9,two_requirements,0.8,1,0.0,0.0,0.0,0.0,0.0,0.0,0.0
19,9,two_requirements,0.8,2,0.2758454686198722,0.2758454686198722,0.2758454686198722,0.0,0.2758454686198722,0.0,0.0
19,9,two_requirements,0.8,3,0.34841880224631633,0.3985316150794229,0.3629924718980893,0.0,0.3629924718980893,0.03553914318133361,0.0
19,9,two_requirements,0.8,4,0.445926833439494,0.445926833439494,0.445926833439494,0.0,0.445926833439494,0.0,0.0
19,9,two_requirements,1.0,1,0.0,0.0,0.0,0.0,0.0,0.0,0.0
19,9,two_requirements,1.0,2,0.4310085447185499,0.4310085447185499,0.4310085447185499,0.0,0.4310085447185499,0.0,0.0
19,9,two_requirements,1.0,3,0.48477843200522996,0.5125946976523312,0.4955761249782811,0.0,0.4955761249782811,0.01701857267405016,0.0
19,9,two_requirements,1.0,4,0.549895322156442,0.549895322156442,0.549895322156442,0.0,0.549895322156442,0.0,0.0
