step,frame,sim_seconds,sensor_frame,control_input_frame,control_input_age_ms_before_tick,loop_ms,control_ms,tick_ms,sensor_wait_ms,speed_mps,range_m,hazard,throttle,brake,steer,x,y,distance_m,obstacle_present
0,53614,0.0,53613,,,8.495289948768914,0.2369170542806387,2.2966709220781922,5.961701972410083,0.022295426578803054,50.0,0,0.65,0.0,0.0211004864331003,-24.33677864074707,-57.78562545776367,0.0,1
1,53615,0.05,53614,53613,50,2.683097030967474,0.29556103982031345,2.2903629578649998,0.09717303328216076,0.015275544486945878,23.140825271606445,0,0.65,0.0,0.0211004864331003,-24.33677864074707,-57.78562545776367,0.0008941650157794356,1
2,53616,0.1,53615,53614,50,2.515448024496436,0.2911980263888836,2.1353139309212565,0.08893606718629599,0.010386132635257521,23.140642166137695,0,0.65,0.0,0.0211004864331003,-24.33677864074707,-57.78562545776367,0.0015040969592519104,1
3,53617,0.15000000000000002,53616,53615,50,2.6478179497644305,0.27454597875475883,2.2652950137853622,0.10797695722430944,0.007016248548061505,23.140514373779297,0,0.65,0.0,0.0211004864331003,-24.33677864074707,-57.78562545776367,0.00191719044232741,1
4,53618,0.2,53617,53616,50,2.685959101654589,0.3054930130019784,2.285600989125669,0.09486509952694178,0.004713268021949094,23.14042854309082,0,0.65,0.0,0.0211004864331003,-24.33677864074707,-57.78562545776367,0.0021953582181595266,1
5,53619,0.25,53618,53617,50,2.6008249260485172,0.27015397790819407,2.2052660351619124,0.12540491297841072,0.0031506537994038433,23.14037322998047,0,0.65,0.0,0.0211004864331003,-24.33677864074707,-57.78562545776367,0.002381668018642813,1
6,53620,0.30000000000000004,53619,53618,50,2.7351640164852142,0.45966601464897394,2.171155996620655,0.10434200521558523,0.0005034446466933796,23.14033317565918,0,0.65,0.0,0.0211004864331003,-24.33677864074707,-57.78562545776367,0.0024672316503711045,1
7,53621,0.35000000000000003,53620,53619,50,2.576136030256748,0.2860500244423747,2.1968779619783163,0.09320804383605719,0.0009387397442437579,23.140316009521484,0,0.65,0.0,0.0211004864331003,-24.33677864074707,-57.78562545776367,0.0025077437167055905,1
8,53622,0.4,53621,53620,50,2.760995994322002,0.41907699778676033,2.2408890072256327,0.10102998930960894,0.0009806442545603567,23.140310287475586,0,0.65,0.0,0.0211004864331003,-24.33677864074707,-57.78562545776367,0.0025569534045644104,1
9,53623,0.45,53622,53621,50,3.17324697971344,0.2882919507101178,2.7818010421469808,0.10315398685634136,0.0008597755225113233,23.140296936035156,0,0.65,0.0,0.0211004864331003,-24.33677864074707,-57.78562545776367,0.0026027297717519104,1
10,53624,0.5,53623,53622,50,2.528217970393598,0.26889494620263577,2.1661079954355955,0.0932150287553668,0.0006945991190605437,23.140289306640625,0,0.65,0.0,0.0211004864331003,-24.33677864074707,-57.78562545776367,0.002640838560182601,1
11,53625,0.55,53624,53623,50,3.1522359931841493,0.2747130347415805,2.75882997084409,0.1186929875984788,0.000532417268270524,23.14027976989746,0,0.65,0.0,0.0211004864331003,-24.33677864074707,-57.78562545776367,0.0026706313365139067,1
12,53626,0.6000000000000001,53625,53624,50,2.336257020942867,0.31274405773729086,1.929919933900237,0.09359302930533886,0.2682563620218314,23.140275955200195,0,0.65,0.0,0.02102863760679421,-24.33403968811035,-57.78556442260742,0.005410263838712126,1
13,53627,0.65,53626,53625,50,2.758875023573637,0.3126810770481825,2.3483940167352557,0.0977999297901988,1.0600119424530483,23.13724708557129,0,0.65,0.0,0.020081928708105455,-24.297021865844727,-57.7847785949707,0.04243679955834523,1
14,53628,0.7000000000000001,53627,53626,50,2.694795955903828,0.3592959837988019,2.2398410364985466,0.09565893560647964,1.5865996237296298,23.09781837463379,0,0.65,0.0,0.01842725513577652,-24.22785758972168,-57.78327941894531,0.11161749676102772,1
15,53629,0.75,53628,53627,50,3.040389041416347,0.31512801069766283,2.624254091642797,0.1010069390758872,1.9958450406158936,23.02608299255371,0,0.65,0.0,0.016304579224310528,-24.13524627685547,-57.78131866455078,0.20424960419768468,1
16,53630,0.8,53629,53628,50,2.590877003967762,0.29901100788265467,2.194494940340519,0.09737105574458838,2.318802717875275,22.931453704833984,0,0.65,0.0,0.014229906612369322,-24.02532386779785,-57.778953552246094,0.31419745698804036,1
17,53631,0.8500000000000001,53630,53629,50,3.364320029504597,0.3091980470344424,2.903811982832849,0.15130999963730574,2.5730656078281546,22.82001495361328,0,0.5707737568687382,0.0,0.011928320937876762,-23.901716232299805,-57.77640151977539,0.43783143773907796,1
18,53632,0.9,53631,53630,50,2.6719419984146953,0.31754199881106615,2.2545719984918833,0.09982800111174583,2.8112797864232366,22.69539451599121,0,0.47548808543070537,0.0,0.009671563243112332,-23.765827178955078,-57.77364730834961,0.5737484009587206,1
19,53633,0.9500000000000001,53632,53631,50,2.8366469778120518,0.4013089928776026,2.321213949471712,0.11412403546273708,2.9862003848513767,22.55951690673828,0,0.40551984605944935,0.0,0.007479584891916715,-23.61956787109375,-57.770423889160156,0.7200530679547228,1
20,53634,1.0,53633,53632,50,3.1472520204260945,0.3075599670410156,2.7321510715410113,0.10754098184406757,3.161305490694387,22.421953201293945,0,0.3354778037222452,0.0,0.005799258780289612,-23.464916229248047,-57.76849365234375,0.8747174651944079,1
21,53635,1.05,53634,53633,50,2.4977329885587096,0.29824196826666594,2.1040060091763735,0.0954850111156702,3.278370972194575,22.2686710357666,0,0.2886516111221701,0.0,0.0039642766845952165,-23.30378532409668,-57.76552200317383,1.035880661162082,1
22,53636,1.1,53635,53634,50,2.7242780197411776,0.42727997060865164,2.180948038585484,0.11605001054704189,3.3742841610397374,22.099971771240234,0,0.25028633558410507,0.0,0.0023351231861553343,-23.13711929321289,-57.76207733154297,1.2025834532105364,1
23,53637,1.1500000000000001,53636,53635,50,2.7988909278064966,0.3120409091934562,2.3741110926494002,0.11273892596364021,3.4360214029244305,21.931989669799805,0,0.2255914388302278,0.0,0.0011118383779481157,-22.966581344604492,-57.758880615234375,1.37315154686803,1
24,53638,1.2000000000000002,53637,53636,50,2.487383084371686,0.3270059823989868,2.030781004577875,0.12959609739482403,3.4853524145956944,21.76231575012207,0,0.20585903416172224,0.0,0.0001810116872771172,-22.79330062866211,-57.75583267211914,1.5464590849005617,1
25,53639,1.25,53638,53637,50,2.5943610817193985,0.29899401124566793,2.205368014983833,0.08999905548989773,3.5112407274081177,21.590648651123047,0,0.19550370903675296,0.0,-0.0005296110688737727,-22.618263244628906,-57.75288772583008,1.7215212495648302,1
26,53640,1.3,53639,53638,50,2.751778927631676,0.31905598007142544,2.339310012757778,0.09341293480247259,3.5326225301202916,21.417457580566406,0,0.18695098795188336,0.0,-0.0010782390554296085,-22.442068099975586,-57.75000762939453,1.897739952953998,1
27,53641,1.35,53640,53639,50,3.1793570378795266,0.35011302679777145,2.722530043683946,0.10671396739780903,3.5382529687378956,21.243207931518555,0,0.18469881250484177,0.0,-0.0015008812954354631,-22.265287399291992,-57.7471809387207,2.074543273600284,1
28,53642,1.4000000000000001,53641,53640,50,2.7610990218818188,0.3246309934183955,2.336026052944362,0.10044197551906109,3.5452301698780904,21.068405151367188,0,0.18190793204876388,0.0,-0.0018190757996091463,-22.08818817138672,-57.744407653808594,2.251664227398578,1
29,53643,1.4500000000000002,53642,53641,50,2.6162939611822367,0.4441649653017521,2.090806025080383,0.08132297080010176,3.5412502447747323,20.893329620361328,0,0.1834999020901071,0.0,-0.0020581163254283566,-21.911073684692383,-57.74168395996094,2.4287996651255526,1
30,53644,1.5,53643,53642,50,2.350138034671545,0.3419410204514861,1.9114810274913907,0.09671598672866821,3.5421786786845515,20.718273162841797,0,0.18312852852617942,0.0,-0.0022276350356852555,-21.73401641845703,-57.73900604248047,2.6058771969401278,1
31,53645,1.55,53644,53643,50,2.5383150205016136,0.31248806044459343,2.1173279965296388,0.10849896352738142,3.534750531758308,20.543319702148438,0,0.18609978729667687,0.0,-0.0023451496487763767,-21.557157516479492,-57.73637390136719,2.7827556939446367,1
32,53646,1.6,53645,53644,50,2.562799956649542,0.32005796674638987,2.145580016076565,0.0971619738265872,3.5340950683224532,20.368602752685547,0,0.18636197267101873,0.0,-0.002417621585415453,-21.380468368530273,-57.733787536621094,2.9594637663685717,1
33,53647,1.6500000000000001,53646,53645,50,2.4839200777933,0.3063820768147707,2.0756119629368186,0.10192603804171085,3.5262778118708518,20.194059371948242,0,0.1894888752516593,0.0,-0.0024586152433968772,-21.20402717590332,-57.73123550415039,3.135923421534244,1
34,53648,1.7000000000000002,53647,53646,50,2.61991994921118,0.31058001331984997,2.2175429621711373,0.09179697372019291,3.5260343477512155,20.01976203918457,0,0.1895862608995138,0.0,-0.002473766358716486,-21.027746200561523,-57.72871780395508,3.3122223676764406,1
35,53649,1.75,53648,53647,50,2.4791950127109885,0.31663000117987394,2.0731280092149973,0.08943700231611729,3.519035301811146,19.84565544128418,0,0.19238587927554163,0.0,-0.0024671668223882996,-20.851675033569336,-57.726234436035156,3.488311043533031,1
36,53650,1.8,53649,53648,50,3.208816982805729,0.31279190443456173,2.755735069513321,0.14029000885784626,3.511993282152521,19.67177963256836,0,0.1952026871389917,0.0,-0.0029916716470054245,-20.676456451416016,-57.72333526611328,3.6635589958750643,1
37,53651,1.85,53650,53649,50,2.738037030212581,0.3218409838154912,2.3196469992399216,0.09654904715716839,3.493439741017252,19.49251365661621,0,0.20262410359309924,0.0,-0.0032028109991691406,-20.50189208984375,-57.72134780883789,3.8381438465439714,1
38,53652,1.9000000000000001,53651,53650,50,2.7055980172008276,0.31655398197472095,2.277642022818327,0.1114020124077797,3.494310547329481,19.313785552978516,0,0.20227578106820765,0.0,-0.0029065665488468566,-20.326549530029297,-57.719764709472656,4.013504049333278,1
39,53653,1.9500000000000002,53652,53651,50,2.45754502248019,0.2945420565083623,2.050069975666702,0.11293299030512571,3.4911338151043885,19.150156021118164,0,0.20354647395824463,0.0,-0.002906271601131824,-20.15175437927246,-57.71717071533203,4.188320389541332,1
40,53654,2.0,53653,53652,50,2.4165729992091656,0.3087830264121294,2.017575898207724,0.09021407458931208,3.49630537418007,18.980459213256836,0,0.201477850327972,0.0,-0.002829893019787483,-19.977005004882812,-57.71469497680664,4.363087690027896,1
41,53655,2.0500000000000003,53654,53653,50,2.9018119676038623,0.3377109533175826,2.384629100561142,0.1794719137251377,3.495145341879035,18.808788299560547,0,0.2019418632483861,0.0,-0.0026989822998640394,-19.802228927612305,-57.71233367919922,4.537879771145526,1
42,53656,2.1,53655,53654,50,2.7033659862354398,0.31026697251945734,2.30106501840055,0.09203399531543255,3.5015004058571986,18.636423110961914,0,0.19939983765712058,0.0,-0.002554021033617955,-19.627296447753906,-57.71002960205078,4.712827435287181,1
43,53657,2.15,53656,53655,50,2.7431240305304527,0.29614800587296486,2.3413359886035323,0.10564003605395555,3.5002758619387033,18.463714599609375,0,0.19988965522451868,0.0,-0.002422798332528927,-19.45227813720703,-57.70774459838867,4.887860661896411,1
44,53658,2.2,53657,53656,50,2.653056988492608,0.34301099367439747,2.2180730011314154,0.09197299368679523,3.506032326717056,18.288774490356445,0,0.19758706931317765,0.0,-0.0022961035093482535,-19.277109146118164,-57.70548629760742,5.063044211419765,1
45,53659,2.25,53658,53657,50,2.605993999168277,0.28645701240748167,2.2274759830906987,0.0920610036700964,3.5040927352925277,18.110973358154297,0,0.1983629058829889,0.0,-0.002180847947955295,-19.101884841918945,-57.70323944091797,5.238282925041858,1
46,53660,2.3000000000000003,53659,53658,50,2.8506360249593854,0.3695669583976269,2.371426089666784,0.10964297689497471,3.5091162675157523,17.93311882019043,0,0.19635349299369909,0.0,-0.002071788393448503,-18.926546096801758,-57.70101547241211,5.413635766657535,1
47,53661,2.35,53660,53659,50,2.4398990208283067,0.2927150344476104,2.052847994491458,0.09433599188923836,3.5065113591494868,17.75513458251953,0,0.1973954563402053,0.0,-0.0019779554431209553,-18.751184463500977,-57.69879150390625,5.589011496456806,1
48,53662,2.4000000000000004,53661,53660,50,2.936756005510688,0.4305139882490039,2.4166920920833945,0.08954992517828941,3.5109436314045834,17.577125549316406,0,0.19562254743816665,0.0,-0.0018832384298346184,-18.575740814208984,-57.69659423828125,5.76446889952058,1
49,53663,2.45,53662,53661,50,2.6536720106378198,0.32451096922159195,2.2301040589809418,0.09905698243528605,3.507851866522346,17.399028778076172,0,0.19685925339106164,0.0,-0.0017969839281520698,-18.400300979614258,-57.69440841674805,5.9399223537766375,1
50,53664,2.5,53663,53662,50,2.518906956538558,0.3029879881069064,2.1216790191829205,0.09423994924873114,3.51188384828662,17.220937728881836,0,0.19524646068535195,0.0,-0.0017127028203649042,-18.224802017211914,-57.69224166870117,6.115434697421733,1
51,53665,2.5500000000000003,53664,53663,50,2.926593995653093,0.4028070252388716,2.4325340054929256,0.09125296492129564,3.508483221060795,17.04277801513672,0,0.196606711575682,0.0,-0.001637503970087728,-18.04932403564453,-57.69008255004883,6.29092595592374,1
52,53666,2.6,53665,53664,50,2.494918997399509,0.3151749260723591,2.073770039714873,0.10597403161227703,3.5122803092319352,16.864643096923828,0,0.1950878763072259,0.0,-0.0015606396467434556,-17.87380027770996,-57.68794250488281,6.466462767275516,1
53,53667,2.6500000000000004,53666,53665,50,2.8444419149309397,0.3154999576508999,2.4394079810008407,0.08953397627919912,3.5087096151695354,16.68645668029785,0,0.19651615393218586,0.0,-0.0014936458682768684,-17.698307037353516,-57.68581008911133,6.641968956741039,1
54,53668,2.7,53667,53666,50,2.600970910862088,0.31832000240683556,2.1891739452257752,0.0934769632294774,3.512385818969579,16.50830078125,0,0.19504567241216844,0.0,-0.0014302227317568115,-17.522777557373047,-57.68368911743164,6.817511251720134,1
55,53669,2.75,53668,53667,50,2.6379619957879186,0.30162103939801455,2.244975999929011,0.09136495646089315,3.50873289982731,16.33010482788086,0,0.19650684006907593,0.0,-0.0013706759088204568,-17.34727668762207,-57.68157958984375,6.993024802359287,1
56,53670,2.8000000000000003,53669,53668,50,2.4418459506705403,0.31355000101029873,2.034213044680655,0.0940829049795866,3.51235849134138,16.151941299438477,0,0.19505660346344805,0.0,-0.0013090777000280848,-17.1717472076416,-57.67948532104492,7.168566769512836,1
57,53671,2.85,53670,53669,50,2.421824960038066,0.3082579933106899,2.022002008743584,0.09156495798379183,3.508677194374699,15.97374439239502,0,0.1965291222501204,0.0,-0.0012528501452484745,-16.996253967285156,-57.67740249633789,7.344072377833072,1
58,53672,2.9000000000000004,53671,53670,50,3.2267769565805793,0.31607504934072495,2.8040569741278887,0.10664493311196566,3.5122894819530375,15.795586585998535,0,0.19508420721878503,0.0,-0.0012047820263825872,-16.820722579956055,-57.67531967163086,7.519616118224803,1
59,53673,2.95,53672,53671,50,2.4667219258844852,0.30204898212105036,2.074287971481681,0.09038497228175402,3.508605086582748,15.617388725280762,0,0.19655796536690087,0.0,-0.0011520572088907697,-16.64522933959961,-57.67325973510742,7.695121443422977,1
60,53674,3.0,53673,53672,50,2.786917961202562,0.310397008433938,2.361773978918791,0.11474697384983301,3.512220896772927,15.439229011535645,0,0.19511164129082914,0.0,-0.0011044399727123718,-16.469703674316406,-57.67120361328125,7.870659148844425,1
61,53675,3.0500000000000003,53674,53673,50,2.5680280523374677,0.3067930229008198,2.167638042010367,0.09359698742628098,3.508543879976633,15.261035919189453,0,0.19658244800934688,0.0,-0.0010582124106628765,-16.294218063354492,-57.66915512084961,8.046156710537616,1
62,53676,3.1,53675,53674,50,3.7583400262519717,0.42110809590667486,3.238404984585941,0.09882694575935602,3.5121693915869967,15.083374977111816,0,0.19513224336520132,0.0,-0.0010143342138280562,-16.11869239807129,-57.667118072509766,8.221694192441646,1
63,53677,3.1500000000000004,53676,53675,50,2.654317067936063,0.38056797347962856,2.1837310632690787,0.09001803118735552,3.5085015704388858,14.91032886505127,0,0.1965993718244457,0.0,-0.0009711203720511439,-15.943203926086426,-57.66509246826172,8.397194361838046,1
64,53678,3.2,53677,53676,50,2.719877054914832,0.30928896740078926,2.2989740828052163,0.11161400470882654,3.51213561471972,14.738222122192383,0,0.1951457541121121,0.0,-0.0009319223062321024,-15.767680168151855,-57.66307067871094,8.57272977248067,1
65,53679,3.25,53678,53677,50,2.6985069271177053,0.31926098745316267,2.2892639972269535,0.08998194243758917,3.508475294101423,14.56609058380127,0,0.1966098823594308,0.0,-0.0008991686892746948,-15.592193603515625,-57.661048889160156,8.748227989824954,1
66,53680,3.3000000000000003,53679,53678,50,2.661383943632245,0.4215789958834648,2.1462709410116076,0.0935340067371726,3.5121162651209232,14.393991470336914,0,0.19515349395163073,0.0,-0.0008563950663990031,-15.416674613952637,-57.65904998779297,8.923758363875095,1
67,53681,3.35,53680,53679,50,2.7178440941497684,0.30770106241106987,2.320674015209079,0.0894690165296197,3.5084616393721744,14.221866607666016,0,0.19661534425113025,0.0,-0.000819874358638312,-15.24118709564209,-57.65705490112305,9.09925722196931,1
68,53682,3.4000000000000004,53681,53680,50,2.7534469263628125,0.3069499507546425,2.355354023166001,0.09114295244216919,3.512106729755662,14.04977035522461,0,0.19515730809773527,0.0,-0.0007908485107212486,-15.065669059753418,-57.65505599975586,9.274786642345134,1
69,53683,3.45,53682,53681,50,2.7032700600102544,0.3128570970147848,2.300807973369956,0.08960498962551355,3.5084546619194263,13.877650260925293,0,0.19661813523222949,0.0,-0.0007605359803781143,-14.89018440246582,-57.65306854248047,9.450282550009433,1
70,53684,3.5,53683,53682,50,2.82418099232018,0.4394409479573369,2.285208087414503,0.09953195694833994,3.5121012020328215,13.705558776855469,0,0.1951595191868714,0.0,-0.0007259122467994503,-14.714665412902832,-57.65109634399414,9.62581262603635,1
71,53685,3.5500000000000003,53684,53683,50,2.4697250919416547,0.30622200574725866,2.0709939999505877,0.09250908624380827,3.5084526975093673,13.533440589904785,0,0.1966189209962531,0.0,-0.000694387359620762,-14.539180755615234,-57.64912796020508,9.801308325084392,1
72,53686,3.6,53685,53684,50,2.699438016861677,0.32746908254921436,2.2787069901823997,0.09326194413006306,3.5121016102199274,13.36135196685791,0,0.19515935591202904,0.0,-0.0006674249072299601,-14.363661766052246,-57.64715576171875,9.976838401111308,1
73,53687,3.6500000000000004,53686,53685,50,2.6670239167287946,0.4190480103716254,2.156717935577035,0.0912579707801342,3.5084528857080115,13.18484878540039,0,0.19661884571679542,0.0,-0.0006450051187773462,-14.188176155090332,-57.64518737792969,10.152335053833667,1
74,53688,3.7,53687,53686,50,2.660117927007377,0.3156079910695553,2.2162849782034755,0.1282249577343464,3.5121019962177944,13.005854606628418,0,0.19515920151288224,0.0,-0.0006132039912563808,-14.012657165527344,-57.64324188232422,10.32786483183736,1
75,53689,3.75,53688,53687,50,2.719821990467608,0.33400405663996935,2.2726639872416854,0.11315394658595324,3.5084532105259387,12.826823234558105,0,0.19661871578962453,0.0,-0.0005859246143529597,-13.83717155456543,-57.64129638671875,10.503361231239978,1
76,53690,3.8000000000000003,53689,53688,50,2.615097095258534,0.31379004940390587,2.1674010204151273,0.1339060254395008,3.51210306329322,12.647829055786133,0,0.19515877468271192,0.0,-0.0005584111439346005,-13.661652565002441,-57.63935852050781,10.678890919836704,1
77,53691,3.85,53690,53689,50,2.590761985629797,0.3144040238112211,2.1638249745592475,0.11253298725932837,3.5084545958111595,12.46879768371582,0,0.19661816167553622,0.0,-0.0005351922155082442,-13.486165046691895,-57.63741683959961,10.854389181884471,1
78,53692,3.9000000000000004,53691,53690,50,2.54281098023057,0.30953099485486746,2.1134240087121725,0.11985597666352987,3.512104033157604,12.289800643920898,0,0.19515838673695837,0.0,-0.0005197389236030991,-13.310647010803223,-57.63547134399414,11.029917991312686,1
79,53693,3.95,53692,53691,50,2.658761921338737,0.31798495911061764,2.2489120019599795,0.09186496026813984,3.5084561457337173,12.110767364501953,0,0.19661754170651308,0.0,-0.0005029887572775217,-13.13515853881836,-57.6335334777832,11.205417162331287,1
80,53694,4.0,53693,53692,50,2.8751749778166413,0.30742702074348927,2.4742719251662493,0.09347603190690279,3.512105753960438,11.931769371032715,0,0.19515769841582475,0.0,-0.00047787865133964454,-12.959639549255371,-57.631614685058594,11.380946642311756,1
81,53695,4.05,53694,53693,50,2.712621004320681,0.32050698064267635,2.2991870064288378,0.09292701724916697,3.508456668621504,11.752737998962402,0,0.19661733255139835,0.0,-0.00045627274612472366,-12.784151077270508,-57.629695892333984,11.5564456047141,1
82,53696,4.1000000000000005,53695,53694,50,2.612208016216755,0.3620849456638098,2.140855067409575,0.10926800314337015,3.5121043752483176,11.573739051818848,0,0.19515824990067296,0.0,-0.0004356840465675698,-12.60863208770752,-57.62778091430664,11.731975039991084,1
83,53697,4.15,53696,53695,50,2.802373026497662,0.3079029265791178,2.4047130718827248,0.08975702803581953,3.508455100178138,11.399534225463867,0,0.19661795992874487,0.0,-0.00041418136120238783,-12.433144569396973,-57.62586975097656,11.907472959312145,1
84,53698,4.2,53697,53696,50,2.6867599226534367,0.3158450126647949,2.2805139888077974,0.09040092118084431,3.512103625985879,11.228519439697266,0,0.19515854960564846,0.0,-0.000399936130897066,-12.257624626159668,-57.62395477294922,12.083003348263446,1
85,53699,4.25,53698,53697,50,2.5302880676463246,0.31499401666224003,2.1239130292087793,0.09138102177530527,3.508454800516684,11.057475090026855,0,0.1966180797933264,0.0,-0.0003883412158850821,-12.082137107849121,-57.622039794921875,12.25850131228799,1
86,53700,4.3,53699,53698,50,2.357190940529108,0.2984820166602731,1.970131997950375,0.08857692591845989,3.5121032069241727,10.886457443237305,0,0.19515871723033096,0.0,-0.00037426578527631547,-11.9066162109375,-57.62013244628906,12.43403256550664,1
87,53701,4.3500000000000005,53700,53699,50,2.776094013825059,0.3123279893770814,2.348599024116993,0.11516700033098459,3.5084539228545175,10.715410232543945,0,0.196618430858193,0.0,-0.00036446300951703417,-11.731128692626953,-57.618221282958984,12.609530484827701,1
88,53702,4.4,53701,53700,50,2.766252029687166,0.447675003670156,2.233266015537083,0.08531101047992706,3.512103070260164,10.544390678405762,0,0.19515877189593436,0.0,-0.00034553243021059996,-11.555608749389648,-57.61632537841797,12.785060665162746,1
89,53703,4.45,53702,53701,50,2.6777840685099363,0.31731207855045795,2.2674199426546693,0.0930520473048091,3.5084544027797726,10.369718551635742,0,0.19661823888809096,0.0,-0.000324884594380632,-11.380120277404785,-57.61444091796875,12.96055925503606,1
90,53704,4.5,53703,53702,50,2.837026957422495,0.43563300278037786,2.299200976267457,0.10219297837466002,3.512103381215758,10.189867973327637,0,0.19515864751369688,0.0,-0.0003091433602998541,-11.20460033416748,-57.612552642822266,13.136089360865299,1
91,53705,4.55,53704,53703,50,2.741970936767757,0.28996600303798914,2.342351945117116,0.10965298861265182,3.508455745425495,10.00998306274414,0,0.19661770182980193,0.0,-0.0002939978085878508,-11.029111862182617,-57.61066818237305,13.311587950738613,1
92,53706,4.6000000000000005,53705,53704,50,2.6968849124386907,0.3248240100219846,2.2871230030432343,0.08493789937347174,3.5121049566445466,9.830131530761719,0,0.19515801734218138,0.0,-0.0002831658830813819,-10.853590965270996,-57.60877990722656,13.487118995341007,1
93,53707,4.65,53706,53705,50,2.656602067872882,0.4216000670567155,2.1259270142763853,0.1090749865397811,3.508456080644235,9.650246620178223,0,0.196617567742306,0.0,-0.0002743179882831946,-10.678102493286133,-57.60689163208008,13.662617629917804,1
94,53708,4.7,53707,53706,50,2.7921199798583984,0.4393969429656863,2.261609071865678,0.09111396502703428,3.512104977143587,9.470394134521484,0,0.1951580091425653,0.0,-0.00026255003538805296,-10.502581596374512,-57.60500717163086,13.838148644717876,1
95,53709,4.75,53708,53707,50,3.0789150623604655,0.4730210639536381,2.509534009732306,0.09635998867452145,3.5084563756602143,9.29095458984375,0,0.1966174497359143,0.0,-0.00025678715780876526,-10.327095985412598,-57.603118896484375,14.013644418271724,1
96,53710,4.800000000000001,53709,53708,50,2.5919629260897636,0.330531969666481,2.1660299971699715,0.09540095925331116,3.512105264518367,9.120993614196777,0,0.19515789419265328,0.0,-0.00024994168025147044,-10.15157413482666,-57.601234436035156,14.189176386746112,1
97,53711,4.8500000000000005,53710,53709,50,3.6255979212000966,0.39410695899277925,3.1165939290076494,0.11489703319966793,3.5084563605507997,8.950967788696289,0,0.19661745577968015,0.0,-0.0002441812114397575,-9.97608757019043,-57.59934997558594,14.364673069270793,1
98,53712,4.9,53711,53710,50,3.7562979850918055,0.37450401578098536,3.2506569987162948,0.13113697059452534,3.512104309022794,8.780972480773926,0,0.19515827639088246,0.0,-0.00023713202490723253,-9.800565719604492,-57.597469329833984,14.540204993041698,1
99,53713,4.95,53712,53711,50,3.3898480469360948,0.35264401230961084,2.9254580149427056,0.11174601968377829,3.5084547182029238,8.610945701599121,0,0.1966181127188305,0.0,-0.0002205186827846283,-9.625080108642578,-57.595603942871094,14.715700513275806,1
100,53714,5.0,53713,53712,50,2.5730429915711284,0.3011359367519617,2.1713090827688575,0.10059797205030918,3.512103391185019,8.43152141571045,0,0.1951586435259925,0.0,-0.00020577940701130545,-9.449557304382324,-57.59374237060547,14.89123318210477,1
101,53715,5.050000000000001,53714,53713,50,3.3896869281306863,0.386397005058825,2.8788759373128414,0.12441398575901985,3.5084545204767217,8.25076961517334,0,0.19661819180931134,0.0,-0.00019088080549304267,-9.27407169342041,-57.59188461303711,15.066728627833072,1
102,53716,5.1000000000000005,53715,53714,50,3.619711031205952,0.3484119661152363,3.1594859901815653,0.1118130749091506,3.5121032824997522,8.070056915283203,0,0.1951586870000991,0.0,-0.00018058751113484236,-9.098549842834473,-57.590023040771484,15.24226034298772,1
103,53717,5.15,53716,53715,50,2.864062087610364,0.3907840000465512,2.3748449748381972,0.0984331127256155,3.508454632853715,7.889305114746094,0,0.19661814685851395,0.0,-0.0001721607022760934,-8.923063278198242,-57.58816146850586,15.417756787093822,1
104,53718,5.2,53717,53716,50,3.8633740041404963,0.47203502617776394,3.281053970567882,0.11028500739485025,3.5121035616940137,7.714320659637451,0,0.19515857532239453,0.0,-0.00016079529840689558,-8.747541427612305,-57.5863037109375,15.593288472446147,1
105,53719,5.25,53718,53717,50,2.8378579299896955,0.3275129711255431,2.4021590361371636,0.10818592272698879,3.508455666571365,7.545312404632568,0,0.19661773337145405,0.0,-0.00015530169445004334,-8.572054862976074,-57.584442138671875,15.76878491655225,1
106,53720,5.300000000000001,53719,53718,50,3.4123159712180495,0.31948299147188663,2.9796280432492495,0.11320493649691343,3.5121053040743178,7.376335144042969,0,0.1951578783702729,0.0,-0.0001465906956971017,-8.396533012390137,-57.58258819580078,15.944316557201091,1
107,53721,5.3500000000000005,53720,53719,50,2.8185410192236304,0.3763070562854409,2.3287379881367087,0.11349597480148077,3.5084561917700574,7.201210975646973,0,0.19661752329197704,0.0,-0.00013505977588698393,-8.221046447753906,-57.580726623535156,16.119813001307193,1
108,53722,5.4,53721,53720,50,2.416510018520057,0.3088669618591666,2.013149089179933,0.09449396748095751,3.5121050184269946,7.019617557525635,0,0.19515799262920216,0.0,-9.690749894815113e-05,-8.045524597167969,-57.57886505126953,16.29534471646184,1
109,53723,5.45,53722,53721,50,3.258305019699037,0.4537519998848438,2.7013850631192327,0.1031679566949606,3.50845557840997,6.837987899780273,0,0.1966177686360121,0.0,-2.4704929014830453e-05,-7.870038986206055,-57.57701110839844,16.47084011748666,1
110,53724,5.5,53723,53722,50,3.2009690767154098,0.3955510910600424,2.7065559988841414,0.09886198677122593,3.51197496090876,6.660121917724609,0,0.19521001563649598,0.0,7.347878620605443e-05,-7.69451904296875,-57.57514953613281,16.646369940193836,1
111,53725,5.550000000000001,53724,53723,50,3.0591750983148813,0.4852761048823595,2.482765936292708,0.0911330571398139,3.5081402518643707,6.492136001586914,0,0.19674389925425173,0.0,0.00018680975865780603,-7.519045352935791,-57.57327651977539,16.821853628905956,1
112,53726,5.6000000000000005,53725,53724,50,2.799886977300048,0.3463149769231677,2.356101991608739,0.09747000876814127,3.5117007328113896,6.324158191680908,0,0.19531970687544417,0.0,0.00032461474527308704,-7.343542098999023,-57.5713996887207,16.997366911324207,1
113,53727,5.65,53726,53725,50,2.819639048539102,0.3949110396206379,2.3250129306688905,0.09971507824957371,3.5080256521554496,6.141654014587402,0,0.19678973913782016,0.0,0.0004493429116067616,-7.16807746887207,-57.56949996948242,17.172841823252384,1
114,53728,5.7,53727,53726,50,2.927205990999937,0.4708030028268695,2.3526810109615326,0.10372197721153498,3.5116925275979574,5.959187984466553,1,0.0,1.0,0.0005825852140832481,-6.992576599121094,-57.56759262084961,17.34835304931039,1
115,53729,5.75,53728,53727,50,2.846318995580077,0.34789100755006075,2.3648879723623395,0.13354001566767693,3.467659665272474,5.785266399383545,1,0.0,1.0,0.0007270935189405661,-6.818008899688721,-57.565673828125,17.522931298764888,1
116,53730,5.800000000000001,53729,53728,50,2.4830499896779656,0.32998097594827414,2.0507320296019316,0.10233698412775993,3.3602498669304737,5.619129657745361,1,0.0,1.0,0.0008720500247663679,-6.647639751434326,-57.56378936767578,17.693310862930957,1
117,53731,5.8500000000000005,53730,53729,50,3.9244949584826827,0.31005300115793943,3.5081839887425303,0.10625796858221292,3.1834318625494813,5.445007801055908,1,0.0,1.0,0.0009993750066621268,-6.484758377075195,-57.56196594238281,17.856202444585506,1
118,53732,5.9,53731,53730,50,2.7136659482493997,0.4121100064367056,2.1902229636907578,0.11133297812193632,2.979257447388805,5.274765968322754,1,0.0,1.0,0.0011190092531365228,-6.33173942565918,-57.560237884521484,18.009231156262103,1
119,53733,5.95,53732,53731,50,2.940384903922677,0.37214194890111685,2.4660229682922363,0.10221998672932386,2.7559701571597186,5.124621868133545,1,0.0,1.0,0.0012385973452899348,-6.189529895782471,-57.55860900878906,18.15145001426572,1
120,53734,6.0,53733,53732,50,2.707851934246719,0.3170809941366315,2.2877700394019485,0.10300090070813894,2.5494595104279543,4.989810943603516,1,0.0,1.0,0.0013395202260269928,-6.05799674987793,-57.55708312988281,18.28299202636117,1
121,53735,6.050000000000001,53734,53733,50,2.5057290913537145,0.3270880552008748,2.0605509635061026,0.1180900726467371,2.327295253175079,4.853126525878906,1,0.0,1.0,0.0014187934170308983,-5.937234878540039,-57.555667877197266,18.403762197645847,1
122,53736,6.1000000000000005,53735,53734,50,2.776656998321414,0.35283202305436134,2.3285469505935907,0.09527802467346191,2.049210400611284,4.726225852966309,1,0.0,1.0,0.0015077308720633153,-5.827700138092041,-57.55438232421875,18.51330448553199,1
123,53737,6.15,53736,53735,50,2.7780249947682023,0.3143239300698042,2.367026056163013,0.09667500853538513,0.881294291252226,4.61894416809082,1,0.0,1.0,0.0015876933057302335,-5.757826328277588,-57.553558349609375,18.583183406444732,1
124,53738,6.2,53737,53736,50,2.741463016718626,0.31177804339677095,2.3320579202845693,0.0976270530372858,0.000492669153268154,4.552063465118408,1,0.0,1.0,0.0016084083009263045,-5.746470928192139,-57.55341720581055,18.59454241261119,1
125,53739,6.25,53738,53737,50,2.7923440793529153,0.32137706875801086,2.3745099315419793,0.09645707905292511,0.0001901183267209739,4.5398101806640625,1,0.0,1.0,0.0016084547141276997,-5.746455669403076,-57.55341720581055,18.594562941305412,1
126,53740,6.300000000000001,53739,53738,50,2.7350090676918626,0.44359604362398386,2.184296026825905,0.10711699724197388,0.00029769143229439494,4.53987979888916,1,0.0,1.0,0.00160849575610365,-5.746326923370361,-57.55341720581055,18.594736829125395,1
127,53741,6.3500000000000005,53740,53739,50,3.344249911606312,0.31129701528698206,2.886913949623704,0.14603894669562578,0.0002791968440602702,4.540500164031982,1,0.0,1.0,0.001608534074884167,-5.746188640594482,-57.55341720581055,18.594923496219053,1
128,53742,6.4,53741,53740,50,2.6584750739857554,0.373210059478879,2.1923439344391227,0.09292108006775379,0.0002287999297073997,4.541165828704834,1,0.0,1.0,0.001606408711212137,-5.746070384979248,-57.55341339111328,18.595082919406195,1
129,53743,6.45,53742,53741,50,2.719735959544778,0.310658011585474,2.3131020134314895,0.09597593452781439,0.00017776422058609145,4.541733741760254,1,0.0,1.0,0.0016064091148184898,-5.745976448059082,-57.55341339111328,18.595208986576836,1
130,53744,6.5,53743,53742,50,2.7685289969667792,0.3302190452814102,2.342408988624811,0.09590096306055784,0.00013468724180264708,4.542181491851807,1,0.0,1.0,0.001606423691635916,-5.74590539932251,-57.55341339111328,18.59530477081171,1
131,53745,6.550000000000001,53744,53743,50,2.791471080854535,0.31937810126692057,2.3761949269101024,0.09589805267751217,0.00010089761196788646,4.54252290725708,1,0.0,1.0,0.001606415869052247,-5.745852470397949,-57.55341339111328,18.595376318497074,1
132,53746,6.6000000000000005,53745,53744,50,2.421193988993764,0.2599060535430908,2.0315489964559674,0.12973893899470568,0.0,4.542780876159668,1,0.0,1.0,0.001606415869052247,-5.745852470397949,-57.55341339111328,18.595376318497074,1
133,53747,6.65,53746,53745,50,2.7026080060750246,0.3453389508649707,2.2659189999103546,0.0913500552996993,4.56565620627746e-05,4.542780876159668,1,0.0,1.0,0.0016064283329560735,-5.745802402496338,-57.55341339111328,18.595443927430097,1
134,53748,6.7,53747,53746,50,2.931106020696461,0.313272001221776,2.518277964554727,0.09955605491995811,4.56003670829731e-05,4.543022155761719,1,0.0,1.0,0.0016064275376401211,-5.745780944824219,-57.55341339111328,18.595472994336887,1
135,53749,6.75,53748,53747,50,2.5806650519371033,0.4195040091872215,2.0620980067178607,0.09906303603202105,3.80724942449673e-05,4.543126583099365,1,0.0,1.0,0.0016064211751142413,-5.745762825012207,-57.55341339111328,18.595498112337737,1
136,53750,6.800000000000001,53749,53748,50,2.961796009913087,0.48138806596398354,2.379530924372375,0.10087701957672834,2.9738395348886423e-05,4.543220520019531,1,0.0,1.0,0.0016021351892731657,-5.745748043060303,-57.55340576171875,18.595519780801624,1
137,53751,6.8500000000000005,53750,53749,50,2.413511974737048,0.2886959118768573,2.0342330681160092,0.09058299474418163,2.2556472632766517e-05,4.5432939529418945,1,0.0,1.0,0.0016021447315194136,-5.745735168457031,-57.55340576171875,18.595536509263184,1
138,53752,6.9,53751,53750,50,2.322330023162067,0.2734259469434619,1.9586350535973907,0.09026902262121439,1.6924840596594646e-05,4.543349742889404,1,0.0,1.0,0.0016021447315194136,-5.745725631713867,-57.55340576171875,18.59554896413283,1
139,53753,6.95,53752,53751,50,2.47568404302001,0.3055350389331579,2.056657918728888,0.11349108535796404,1.2579436550203965e-05,4.543392181396484,1,0.0,1.0,0.0016021415507699007,-5.745718479156494,-57.55340576171875,18.595558293035538,1
140,53754,7.0,53753,53752,50,2.6803180808201432,0.26416208129376173,2.3152269423007965,0.10092905722558498,9.344967561906e-06,4.543422698974609,1,0.0,1.0,0.0016021415507699007,-5.745712757110596,-57.55340576171875,18.59556552649883,1
141,53755,7.050000000000001,53754,53753,50,2.6386850513517857,0.30293106101453304,2.237836946733296,0.0979170436039567,4.458695674889006e-06,4.543445110321045,1,0.0,1.0,0.0016021320085259437,-5.745710372924805,-57.55340576171875,18.595568420440713,1
142,53756,7.1000000000000005,53755,53754,50,2.3681719321757555,0.311212963424623,1.9387849606573582,0.11817400809377432,5.212423402627092e-06,4.543455123901367,1,0.0,1.0,0.001602147912269689,-5.745707988739014,-57.55340576171875,18.595571621656518,1
143,53757,7.15,53756,53755,50,2.6568190660327673,0.3118619788438082,2.251439029350877,0.09351805783808231,4.553914253738578e-06,4.543465614318848,1,0.0,1.0,0.0016021383700211534,-5.745705604553223,-57.55340576171875,18.59557474766939,1
144,53758,7.2,53757,53756,50,2.6926499558612704,0.36540895234793425,2.231767983175814,0.09547302033752203,3.6846498144522194e-06,4.5434770584106445,1,0.0,1.0,0.00160215109302073,-5.74570369720459,-57.55340576171875,18.595577288389904,1
145,53759,7.25,53758,53757,50,2.3959759855642915,0.2956269308924675,1.985748065635562,0.11460098903626204,2.860264826465559e-06,4.543485164642334,1,0.0,1.0,0.0016021383700211534,-5.745701789855957,-57.55340576171875,18.595579594933724,1
146,53760,7.300000000000001,53759,53758,50,2.648168010637164,0.4178009694442153,2.137698931619525,0.09266810957342386,2.220237586809338e-06,4.543490886688232,1,0.0,1.0,0.001602147912269689,-5.745700359344482,-57.55340576171875,18.595581335665315,1
147,53761,7.3500000000000005,53760,53759,50,2.4034769739955664,0.2485410077497363,2.065752982161939,0.08918298408389091,1.6632060683697479e-06,4.543496608734131,1,0.0,1.0,0.001602147912269689,-5.745700359344482,-57.55340576171875,18.595581335665315,1
148,53762,7.4,53761,53760,50,2.828632015734911,0.30734005849808455,2.4302079109475017,0.09108404628932476,1.5103573349764422e-06,4.543496608734131,1,0.0,1.0,0.0016021415507699007,-5.745699405670166,-57.55340576171875,18.59558294552869,1
149,53763,7.45,53762,53761,50,2.6339959586039186,0.2805090043693781,2.2608619183301926,0.0926250359043479,5.585429862002043e-07,4.543503761291504,1,0.0,1.0,0.0016021415507699007,-5.745699405670166,-57.55340576171875,18.59558294552869,1
150,53764,7.5,53763,53762,50,2.6349700056016445,0.26532099582254887,2.259184024296701,0.1104649854823947,5.716293758786415e-07,4.543503761291504,1,0.0,1.0,0.0016021415507699007,-5.745699405670166,-57.55340576171875,18.59558294552869,1
151,53765,7.550000000000001,53764,53763,50,2.5805810000747442,0.30593504197895527,2.1551899844780564,0.11945597361773252,5.204575834447684e-07,4.543503761291504,1,0.0,1.0,0.0016021256470337899,-5.745697975158691,-57.55340576171875,18.595584549181012,1
152,53766,7.6000000000000005,53765,53764,50,2.608936047181487,0.3054579719901085,2.2133049787953496,0.090173096396029,4.942951072118713e-07,4.543507099151611,1,0.0,1.0,0.0016021256470337899,-5.745697975158691,-57.55340576171875,18.595584549181012,1
153,53767,7.65,53766,53765,50,2.7913940139114857,0.2584130270406604,2.4336109636351466,0.09937002323567867,3.5270696503133364e-07,4.543507099151611,1,0.0,1.0,0.0016021256470337899,-5.745697975158691,-57.55340576171875,18.595584549181012,1
154,53768,7.7,53767,53766,50,3.163051907904446,0.26463589165359735,2.7970951050519943,0.10132091119885445,3.9857582773615656e-07,4.543507099151611,1,0.0,1.0,0.0016021256470337899,-5.745697975158691,-57.55340576171875,18.595584549181012,1
155,53769,7.75,53768,53767,50,2.945918939076364,0.2679519820958376,2.577472012490034,0.10049494449049234,3.6278530111090254e-07,4.543507099151611,1,0.0,1.0,0.0016021256470337899,-5.745697975158691,-57.55340576171875,18.595584549181012,1
156,53770,7.800000000000001,53769,53768,50,2.3857890628278255,0.27465098537504673,2.019754028879106,0.09138404857367277,2.5959531050006846e-07,4.543507099151611,1,0.0,1.0,0.0016021256470337899,-5.745697975158691,-57.55340576171875,18.595584549181012,1
157,53771,7.8500000000000005,53770,53769,50,2.576812985353172,0.26344996877014637,2.2201170213520527,0.09324599523097277,1.887512279276067e-07,4.543507099151611,1,0.0,1.0,0.0016021256470337899,-5.745697975158691,-57.55340576171875,18.595584549181012,1
158,53772,7.9,53771,53770,50,3.0497759580612183,0.2663519699126482,2.6758660096675158,0.1075579784810543,2.150265451291421e-07,4.543507099151611,1,0.0,1.0,0.0016021256470337899,-5.745697975158691,-57.55340576171875,18.595584549181012,1
159,53773,7.95,53772,53771,50,2.7274410240352154,0.27670804411172867,2.35994893591851,0.09078404400497675,1.1678140155253192e-07,4.543507099151611,1,0.0,1.0,0.0016021256470337899,-5.745697975158691,-57.55340576171875,18.595584549181012,1
160,53774,8.0,53773,53772,50,2.3999050026759505,0.2678090240806341,2.0392219303175807,0.09287404827773571,3.037027919678528e-07,4.543507099151611,1,0.0,1.0,0.0016021256470337899,-5.745697975158691,-57.55340576171875,18.595584549181012,1
161,53775,8.05,53774,53773,50,2.3788759717717767,0.2865379210561514,1.9949650159105659,0.09737303480505943,1.5793741729383607e-07,4.543507099151611,1,0.0,1.0,0.0016021256470337899,-5.745697975158691,-57.55340576171875,18.595584549181012,1
162,53776,8.1,53775,53774,50,2.4940919829532504,0.26461901143193245,2.1409690380096436,0.0885039335116744,3.649022043710245e-07,4.543507099151611,1,0.0,1.0,0.0016021256470337899,-5.745697975158691,-57.55340576171875,18.595584549181012,1
163,53777,8.15,53776,53775,50,2.479464979842305,0.2746910322457552,2.1090899826958776,0.09568396490067244,1.9150425990772302e-07,4.543507099151611,1,0.0,1.0,0.0016021256470337899,-5.745697975158691,-57.55340576171875,18.595584549181012,1
164,53778,8.200000000000001,53777,53776,50,2.548289019614458,0.29273692052811384,2.157348091714084,0.0982040073722601,2.3491595104140167e-07,4.543507099151611,1,0.0,1.0,0.0016021256470337899,-5.745697975158691,-57.55340576171875,18.595584549181012,1
165,53779,8.25,53778,53777,50,2.4907049955800176,0.27873204089701176,2.1163999335840344,0.09557302109897137,1.2112605537468154e-07,4.543507099151611,1,0.0,1.0,0.0016021256470337899,-5.745697975158691,-57.55340576171875,18.595584549181012,1
166,53780,8.3,53779,53778,50,2.726431004703045,0.2692560665309429,2.337174955755472,0.11999998241662979,1.9685660652796082e-08,4.543507099151611,1,0.0,1.0,0.0016021256470337899,-5.745697975158691,-57.55340576171875,18.595584549181012,1
167,53781,8.35,53780,53779,50,2.782494993880391,0.26594591327011585,2.4198630126193166,0.09668606799095869,3.2395886947360385e-08,4.543507099151611,1,0.0,1.0,0.0016021256470337899,-5.745697975158691,-57.55340576171875,18.595584549181012,1
168,53782,8.4,53781,53780,50,2.625253051519394,0.279352068901062,2.249895944260061,0.09600503835827112,2.8288319611679646e-08,4.543507099151611,1,0.0,1.0,0.0016021256470337899,-5.745697975158691,-57.55340576171875,18.595584549181012,1
169,53783,8.450000000000001,53782,53781,50,2.3926879512146115,0.2699260367080569,2.033871947787702,0.08888996671885252,1.3352007879768035e-07,4.543507099151611,1,0.0,1.0,0.0016021256470337899,-5.745697975158691,-57.55340576171875,18.595584549181012,1
170,53784,8.5,53783,53782,50,3.0031800270080566,0.31337107066065073,2.5943720247596502,0.09543693158775568,1.7179264182311822e-07,4.543507099151611,1,0.0,1.0,0.0016021320085259437,-5.745697021484375,-57.55340576171875,18.595585794645558,1
171,53785,8.55,53784,53783,50,2.3995840456336737,0.29683997854590416,2.0142020657658577,0.08854200132191181,2.1008533453285375e-07,4.543511390686035,1,0.0,1.0,0.0016021320085259437,-5.745697021484375,-57.55340576171875,18.595585794645558,1
172,53786,8.6,53785,53784,50,2.598760067485273,0.267199007794261,2.229573088698089,0.10198797099292278,9.910997651414038e-08,4.543511390686035,1,0.0,1.0,0.0016021320085259437,-5.745697021484375,-57.55340576171875,18.595585794645558,1
173,53787,8.65,53786,53785,50,2.4790610186755657,0.2751830033957958,2.1133460104465485,0.09053200483322144,2.3114701121803344e-07,4.543511390686035,1,0.0,1.0,0.0016021320085259437,-5.745697021484375,-57.55340576171875,18.595585794645558,1
174,53788,8.700000000000001,53787,53786,50,2.600695937871933,0.28133997693657875,2.2238510427996516,0.09550491813570261,0.0,4.543511390686035,1,0.0,1.0,0.0016021320085259437,-5.745697021484375,-57.55340576171875,18.595585794645558,1
175,53789,8.75,53788,53787,50,2.4958689464256167,0.2708300016820431,2.132836962118745,0.09220198262482882,1.0387390654116746e-08,4.543511390686035,1,0.0,1.0,0.0016021320085259437,-5.745697021484375,-57.55340576171875,18.595585794645558,1
176,53790,8.8,53789,53788,50,3.3020719420164824,0.2715399023145437,2.9019570210948586,0.12857501860707998,2.974232008618508e-07,4.543511390686035,1,0.0,1.0,0.0016021320085259437,-5.745697021484375,-57.55340576171875,18.595585794645558,1
177,53791,8.85,53790,53789,50,2.7957420097664,0.286741997115314,2.3928419686853886,0.11615804396569729,3.0666575765528787e-07,4.543511390686035,1,0.0,1.0,0.0016021320085259437,-5.745697021484375,-57.55340576171875,18.595585794645558,1
178,53792,8.9,53791,53790,50,2.637763973325491,0.27797697111964226,2.2613280452787876,0.09845895692706108,2.958501317832473e-07,4.543511390686035,1,0.0,1.0,0.0016021320085259437,-5.745697021484375,-57.55340576171875,18.595585794645558,1
179,53793,8.950000000000001,53792,53791,50,2.6773640420287848,0.2753350418061018,2.30561092030257,0.09641807992011309,2.8621102698358195e-07,4.543511390686035,1,0.0,1.0,0.0016021320085259437,-5.745697021484375,-57.55340576171875,18.595585794645558,1
180,53794,9.0,53793,53792,50,2.3943440755829215,0.37621508818119764,1.9156920025125146,0.10243698488920927,2.685338515093155e-07,4.543511390686035,1,0.0,1.0,0.0016021320085259437,-5.745697021484375,-57.55340576171875,18.595585794645558,1
181,53795,9.05,53794,53793,50,2.3230500519275665,0.26817398611456156,1.9557880004867911,0.09908806532621384,2.670577701755654e-07,4.543511390686035,1,0.0,1.0,0.0016021320085259437,-5.745697021484375,-57.55340576171875,18.595585794645558,1
182,53796,9.1,53795,53794,50,3.12791601754725,0.2753220032900572,2.7255950262770057,0.12699898798018694,2.766062717470352e-07,4.543511390686035,1,0.0,1.0,0.0016021320085259437,-5.745697021484375,-57.55340576171875,18.595585794645558,1
183,53797,9.15,53796,53795,50,2.3674441035836935,0.2739550545811653,1.9945780513808131,0.09891099762171507,9.928482616705931e-09,4.543511390686035,1,0.0,1.0,0.0016021320085259437,-5.745697021484375,-57.55340576171875,18.595585794645558,1
184,53798,9.200000000000001,53797,53796,50,2.344537992030382,0.26462506502866745,1.9646709552034736,0.11524197179824114,2.395729642285785e-09,4.543511390686035,1,0.0,1.0,0.0016021320085259437,-5.745697021484375,-57.55340576171875,18.595585794645558,1
185,53799,9.25,53798,53797,50,2.560331020504236,0.2811279846355319,2.1894070087000728,0.08979602716863155,3.153641183686869e-10,4.543511390686035,1,0.0,1.0,0.0016021320085259437,-5.745697021484375,-57.55340576171875,18.595585794645558,1
186,53800,9.3,53799,53798,50,2.877991064451635,0.281729968264699,2.4824070278555155,0.11385406833142042,3.819039063133013e-08,4.543511390686035,1,0.0,1.0,0.0016021320085259437,-5.745697021484375,-57.55340576171875,18.595585794645558,1
187,53801,9.35,53800,53799,50,2.6818689657375216,0.345482025295496,2.2095269523561,0.12685998808592558,7.638807700191192e-08,4.543511390686035,1,0.0,1.0,0.0016021320085259437,-5.745697021484375,-57.55340576171875,18.595585794645558,1
188,53802,9.4,53801,53800,50,2.917121979407966,0.8021900430321693,2.0302929915487766,0.08463894482702017,7.644502151989431e-08,4.543511390686035,1,0.0,1.0,0.0016021320085259437,-5.745697021484375,-57.55340576171875,18.595585794645558,1
189,53803,9.450000000000001,53802,53801,50,2.399899996817112,0.2798939822241664,2.0157640101388097,0.1042420044541359,3.8337906508891405e-08,4.543511390686035,1,0.0,1.0,0.0016021320085259437,-5.745697021484375,-57.55340576171875,18.595585794645558,1
190,53804,9.5,53803,53802,50,3.106073010712862,0.2821160014718771,2.718477975577116,0.1054790336638689,1.3631391168518405e-09,4.543511390686035,1,0.0,1.0,0.0016021320085259437,-5.745697021484375,-57.55340576171875,18.595585794645558,1
191,53805,9.55,53804,53803,50,2.4614050053060055,0.2746050013229251,2.0959690446034074,0.090830959379673,1.2007347611634684e-09,4.543511390686035,1,0.0,1.0,0.0016021320085259437,-5.745697021484375,-57.55340576171875,18.595585794645558,1
192,53806,9.600000000000001,53805,53804,50,2.575253020040691,0.26688503567129374,2.192022977396846,0.11634500697255135,4.569058589235383e-09,4.543511390686035,1,0.0,1.0,0.0016021320085259437,-5.745697021484375,-57.55340576171875,18.595585794645558,1
193,53807,9.65,53806,53805,50,2.540591056458652,0.27159706223756075,2.1753069013357162,0.09368709288537502,2.912169563794308e-08,4.543511390686035,1,0.0,1.0,0.0016021320085259437,-5.745697021484375,-57.55340576171875,18.595585794645558,1
194,53808,9.700000000000001,53807,53806,50,2.5800300063565373,0.27754798065871,2.2082210052758455,0.09426102042198181,1.0386131772935218e-08,4.543511390686035,1,0.0,1.0,0.0016021320085259437,-5.745697021484375,-57.55340576171875,18.595585794645558,1
195,53809,9.75,53808,53807,50,2.8237670194357634,0.2759690396487713,2.442280063405633,0.1055179163813591,2.8701355780242263e-08,4.543511390686035,1,0.0,1.0,0.0016021320085259437,-5.745697021484375,-57.55340576171875,18.595585794645558,1
196,53810,9.8,53809,53808,50,2.927421941421926,0.36354397889226675,2.4747319985181093,0.08914596401154995,6.677364896333726e-08,4.543511390686035,1,0.0,1.0,0.0016021320085259437,-5.745697021484375,-57.55340576171875,18.595585794645558,1
197,53811,9.850000000000001,53810,53809,50,2.6013300521299243,0.263686990365386,2.229012083262205,0.10863097850233316,1.0493040155174563e-07,4.543511390686035,1,0.0,1.0,0.0016021320085259437,-5.745697021484375,-57.55340576171875,18.595585794645558,1
198,53812,9.9,53811,53810,50,3.099328954704106,0.2800499787554145,2.7211649576202035,0.09811401832848787,7.633850497688043e-08,4.543511390686035,1,0.0,1.0,0.0016021320085259437,-5.745697021484375,-57.55340576171875,18.595585794645558,1
199,53813,9.950000000000001,53812,53811,50,2.718440955504775,0.27687696274369955,2.3276470601558685,0.11391693260520697,8.587428943878291e-08,4.543511390686035,1,0.0,1.0,0.0016021320085259437,-5.745697021484375,-57.55340576171875,18.595585794645558,1
200,53814,10.0,53813,53812,50,2.3629829520359635,0.2700790064409375,1.997280982322991,0.09562296327203512,9.986201361044982e-09,4.543511390686035,1,0.0,1.0,0.0016021320085259437,-5.745697021484375,-57.55340576171875,18.595585794645558,1
201,53815,10.05,53814,53813,50,2.6027129497379065,0.299595994874835,2.213425934314728,0.08969102054834366,9.639874250991316e-09,4.543511390686035,1,0.0,1.0,0.0016021320085259437,-5.745697021484375,-57.55340576171875,18.595585794645558,1
202,53816,10.100000000000001,53815,53814,50,2.535856910981238,0.28388097416609526,2.158976043574512,0.09299989324063063,3.718777311637632e-10,4.543511390686035,1,0.0,1.0,0.0016021320085259437,-5.745697021484375,-57.55340576171875,18.595585794645558,1
203,53817,10.15,53816,53815,50,3.2494900515303016,0.28777599800378084,2.8617220232263207,0.09999203030019999,3.821301222388266e-08,4.543511390686035,1,0.0,1.0,0.0016021320085259437,-5.745697021484375,-57.55340576171875,18.595585794645558,1
204,53818,10.200000000000001,53817,53816,50,2.6134769432246685,0.2801429945975542,2.220116904936731,0.11321704369038343,7.641068046808484e-08,4.543511390686035,1,0.0,1.0,0.0016021320085259437,-5.745697021484375,-57.55340576171875,18.595585794645558,1
205,53819,10.25,53818,53817,50,3.0721320072188973,0.28859300073236227,2.6793769793584943,0.10416202712804079,4.78142416070755e-08,4.543511390686035,1,0.0,1.0,0.0016021320085259437,-5.745697021484375,-57.55340576171875,18.595585794645558,1
206,53820,10.3,53819,53818,50,2.5365629699081182,0.28621102683246136,2.121084020473063,0.1292679226025939,9.68930420180092e-09,4.543511390686035,1,0.0,1.0,0.0016021320085259437,-5.745697021484375,-57.55340576171875,18.595585794645558,1
207,53821,10.350000000000001,53820,53819,50,2.4833970237523317,0.2734679728746414,2.097825985401869,0.1121030654758215,9.67139749676563e-09,4.543511390686035,1,0.0,1.0,0.0016021320085259437,-5.745697021484375,-57.55340576171875,18.595585794645558,1
208,53822,10.4,53821,53820,50,2.697483985684812,0.3477740101516247,2.258491003885865,0.09121897164732218,1.9167521320039322e-08,4.543511390686035,1,0.0,1.0,0.0016021320085259437,-5.745697021484375,-57.55340576171875,18.595585794645558,1
209,53823,10.450000000000001,53822,53821,50,2.467617974616587,0.29570702463388443,2.0590219646692276,0.11288898531347513,3.824145006915634e-08,4.543511390686035,1,0.0,1.0,0.0016021320085259437,-5.745697021484375,-57.55340576171875,18.595585794645558,1
210,53824,10.5,53823,53822,50,2.420002012513578,0.27381302788853645,2.0274160197004676,0.1187729649245739,2.873226709119191e-08,4.543511390686035,1,0.0,1.0,0.0016021320085259437,-5.745697021484375,-57.55340576171875,18.595585794645558,1
211,53825,10.55,53824,53823,50,2.709294087253511,0.27628010138869286,2.339184982702136,0.09382900316268206,2.86625098030036e-08,4.543511390686035,1,0.0,1.0,0.0016021320085259437,-5.745697021484375,-57.55340576171875,18.595585794645558,1
212,53826,10.600000000000001,53825,53824,50,2.7984229382127523,0.27026492170989513,2.432700013741851,0.09545800276100636,6.67696705785078e-08,4.543511390686035,1,0.0,1.0,0.0016021320085259437,-5.745697021484375,-57.55340576171875,18.595585794645558,1
213,53827,10.65,53826,53825,50,2.617456018924713,0.2620220184326172,2.2634739289060235,0.09196007158607244,9.539581782326245e-08,4.543511390686035,1,0.0,1.0,0.0016021320085259437,-5.745697021484375,-57.55340576171875,18.595585794645558,1
214,53828,10.700000000000001,53827,53826,50,2.8294690418988466,0.2652909606695175,2.4600219912827015,0.10415608994662762,8.585317126602216e-08,4.543511390686035,1,0.0,1.0,0.0016021320085259437,-5.745697021484375,-57.55340576171875,18.595585794645558,1
215,53829,10.75,53828,53827,50,2.479397924616933,0.277139013633132,2.111655892804265,0.09060301817953587,9.537441358863232e-08,4.543511390686035,1,0.0,1.0,0.0016021320085259437,-5.745697021484375,-57.55340576171875,18.595585794645558,1
216,53830,10.8,53829,53828,50,2.8157649794593453,0.28198002837598324,2.4393629282712936,0.09442202281206846,0.0,4.543511390686035,1,0.0,1.0,0.0016021320085259437,-5.745697021484375,-57.55340576171875,18.595585794645558,1
217,53831,10.850000000000001,53830,53829,50,2.6577049866318703,0.38565497379750013,2.168236067518592,0.10381394531577826,1.915537631026451e-08,4.543511390686035,1,0.0,1.0,0.0016021320085259437,-5.745697021484375,-57.55340576171875,18.595585794645558,1
218,53832,10.9,53831,53830,50,2.3555669467896223,0.2841689856722951,1.9596689380705357,0.11172902304679155,9.754739838217362e-09,4.543511390686035,1,0.0,1.0,0.0016021320085259437,-5.745697021484375,-57.55340576171875,18.595585794645558,1
219,53833,10.950000000000001,53832,53831,50,2.6147370226681232,0.27274200692772865,2.229458070360124,0.11253694538027048,9.702279157399013e-09,4.543511390686035,1,0.0,1.0,0.0016021320085259437,-5.745697021484375,-57.55340576171875,18.595585794645558,1
220,53834,11.0,53833,53832,50,3.2756379805505276,0.2790839644148946,2.8548300033435225,0.14172401279211044,4.7694399914053756e-08,4.543511390686035,1,0.0,1.0,0.0016021320085259437,-5.745697021484375,-57.55340576171875,18.595585794645558,1
221,53835,11.05,53834,53833,50,2.5853189872577786,0.26915501803159714,2.19368701800704,0.12247695121914148,8.586126946258316e-08,4.543511390686035,1,0.0,1.0,0.0016021320085259437,-5.745697021484375,-57.55340576171875,18.595585794645558,1
222,53836,11.100000000000001,53835,53834,50,2.7866068994626403,0.27743889950215816,2.417252049781382,0.09191595017910004,7.6323811202466e-08,4.543511390686035,1,0.0,1.0,0.0016021320085259437,-5.745697021484375,-57.55340576171875,18.595585794645558,1
223,53837,11.15,53836,53835,50,2.489896025508642,0.2716600429266691,2.1207709796726704,0.09746500290930271,8.584702331711154e-08,4.543511390686035,1,0.0,1.0,0.0016021320085259437,-5.745697021484375,-57.55340576171875,18.595585794645558,1
224,53838,11.200000000000001,53837,53836,50,2.591138007119298,0.25727797765284777,2.2234279895201325,0.11043203994631767,9.537215565772427e-08,4.543511390686035,1,0.0,1.0,0.0016021320085259437,-5.745697021484375,-57.55340576171875,18.595585794645558,1
225,53839,11.25,53838,53837,50,2.8232920449227095,0.3121979534626007,2.4202161002904177,0.09087799116969109,9.607673209047582e-09,4.543511390686035,1,0.0,1.0,0.0016021320085259437,-5.745697021484375,-57.55340576171875,18.595585794645558,1
226,53840,11.3,53839,53838,50,3.0771540477871895,0.26945804711431265,2.7049339842051268,0.10276201646775007,1.7373371852423998e-09,4.543511390686035,1,0.0,1.0,0.0016021320085259437,-5.745697021484375,-57.55340576171875,18.595585794645558,1
227,53841,11.350000000000001,53840,53839,50,2.408014959655702,0.26034796610474586,2.0552349742501974,0.09243201930075884,2.870887421865902e-08,4.543511390686035,1,0.0,1.0,0.0016021320085259437,-5.745697021484375,-57.55340576171875,18.595585794645558,1
228,53842,11.4,53841,53840,50,2.4242199724540114,0.30684901867061853,2.0273899426683784,0.08998101111501455,1.9130921891689698e-08,4.543511390686035,1,0.0,1.0,0.0016021320085259437,-5.745697021484375,-57.55340576171875,18.595585794645558,1
229,53843,11.450000000000001,53842,53841,50,2.6179010747000575,0.26836502365767956,2.257890999317169,0.09164505172520876,1.9129638217027024e-08,4.543511390686035,1,0.0,1.0,0.0016021320085259437,-5.745697021484375,-57.55340576171875,18.595585794645558,1
230,53844,11.5,53843,53842,50,2.5455079739913344,0.26172702200710773,2.1854708902537823,0.09831006173044443,9.623634378305241e-09,4.543511390686035,1,0.0,1.0,0.0016021320085259437,-5.745697021484375,-57.55340576171875,18.595585794645558,1
231,53845,11.55,53844,53843,50,2.4535300908610225,0.28877099975943565,2.0725600188598037,0.09219907224178314,1.0788869306487534e-09,4.543511390686035,1,0.0,1.0,0.0016021320085259437,-5.745697021484375,-57.55340576171875,18.595585794645558,1
232,53846,11.600000000000001,53845,53844,50,2.3280628956854343,0.27984590269625187,1.9557810155674815,0.09243597742170095,9.565214335921543e-09,4.543511390686035,1,0.0,1.0,0.0016021320085259437,-5.745697021484375,-57.55340576171875,18.595585794645558,1
233,53847,11.65,53846,53845,50,3.0469170305877924,0.2586269984021783,2.670950023457408,0.11734000872820616,9.569023136554933e-09,4.543511390686035,1,0.0,1.0,0.0016021320085259437,-5.745697021484375,-57.55340576171875,18.595585794645558,1
234,53848,11.700000000000001,53847,53846,50,2.455716021358967,0.263043912127614,2.0980770932510495,0.09459501598030329,1.2761047522623802e-09,4.543511390686035,1,0.0,1.0,0.0016021320085259437,-5.745697021484375,-57.55340576171875,18.595585794645558,1
235,53849,11.75,53848,53847,50,2.7024230221286416,0.2710319822654128,2.331729047000408,0.09966199286282063,9.646365836174016e-09,4.543511390686035,1,0.0,1.0,0.0016021320085259437,-5.745697021484375,-57.55340576171875,18.595585794645558,1
236,53850,11.8,53849,53848,50,2.604766981676221,0.2785449614748359,2.215262036770582,0.11095998343080282,9.589600173654169e-09,4.543511390686035,1,0.0,1.0,0.0016021320085259437,-5.745697021484375,-57.55340576171875,18.595585794645558,1
237,53851,11.850000000000001,53850,53849,50,2.509603975340724,0.27001905255019665,2.1535679697990417,0.0860169529914856,9.61430297816015e-09,4.543511390686035,1,0.0,1.0,0.0016021320085259437,-5.745697021484375,-57.55340576171875,18.595585794645558,1
238,53852,11.9,53851,53850,50,2.5210329331457615,0.3086020005866885,2.121801022440195,0.09062991011887789,1.2788848063013028e-09,4.543511390686035,1,0.0,1.0,0.0016021320085259437,-5.745697021484375,-57.55340576171875,18.595585794645558,1
239,53853,11.950000000000001,53852,53851,50,2.653558971360326,0.264285015873611,2.289335010573268,0.0999389449134469,9.595847240726575e-09,4.543511390686035,1,0.0,1.0,0.0016021320085259437,-5.745697021484375,-57.55340576171875,18.595585794645558,1
240,53854,12.0,53853,53852,50,2.471060026437044,0.2913289936259389,2.09162593819201,0.08810509461909533,1.9092590226624607e-08,4.543511390686035,1,0.0,1.0,0.0016021320085259437,-5.745697021484375,-57.55340576171875,18.595585794645558,1
241,53855,12.05,53854,53853,50,2.632823074236512,0.2838590880855918,2.2553809685632586,0.09358301758766174,9.571308612486787e-09,4.543511390686035,1,0.0,1.0,0.0016021320085259437,-5.745697021484375,-57.55340576171875,18.595585794645558,1
242,53856,12.100000000000001,53855,53854,50,3.5487139830365777,0.27780490927398205,3.161597065627575,0.10931200813502073,9.556145411963733e-09,4.543511390686035,1,0.0,1.0,0.0016021320085259437,-5.745697021484375,-57.55340576171875,18.595585794645558,1
243,53857,12.15,53856,53855,50,3.490920062176883,0.4068790003657341,2.9602469876408577,0.12379407417029142,1.90905347700089e-08,4.543511390686035,1,0.0,1.0,0.0016021320085259437,-5.745697021484375,-57.55340576171875,18.595585794645558,1
244,53858,12.200000000000001,53857,53856,50,2.8497970197349787,0.2796369371935725,2.4714720202609897,0.09868806228041649,2.8628147002654704e-08,4.543511390686035,1,0.0,1.0,0.0016021320085259437,-5.745697021484375,-57.55340576171875,18.595585794645558,1
245,53859,12.25,53858,53857,50,2.591280033811927,0.2798209898173809,2.2200719686225057,0.09138707537204027,2.8627661710709266e-08,4.543511390686035,1,0.0,1.0,0.0016021320085259437,-5.745697021484375,-57.55340576171875,18.595585794645558,1
246,53860,12.3,53859,53858,50,2.542080939747393,0.277611892670393,2.1469941129907966,0.11747493408620358,2.8613616208806e-08,4.543511390686035,1,0.0,1.0,0.0016021320085259437,-5.745697021484375,-57.55340576171875,18.595585794645558,1
247,53861,12.350000000000001,53860,53859,50,3.3068039920181036,0.3355619264766574,2.8519360348582268,0.11930603068321943,2.862318427846378e-08,4.543511390686035,1,0.0,1.0,0.0016021320085259437,-5.745697021484375,-57.55340576171875,18.595585794645558,1
248,53862,12.4,53861,53860,50,2.5329350028187037,0.27521001175045967,2.1679940400645137,0.0897309510037303,3.814947684912974e-08,4.543511390686035,1,0.0,1.0,0.0016021320085259437,-5.745697021484375,-57.55340576171875,18.595585794645558,1
249,53863,12.450000000000001,53862,53861,50,2.337843063287437,0.26324205100536346,1.9890179391950369,0.08558307308703661,4.768426081199743e-08,4.543511390686035,1,0.0,1.0,0.0016021320085259437,-5.745697021484375,-57.55340576171875,18.595585794645558,1
250,53864,12.5,53863,53862,50,2.3300989996641874,0.2686249790713191,1.9655170617625117,0.0959569588303566,9.538292316899693e-09,4.543511390686035,1,0.0,1.0,0.0016021320085259437,-5.745697021484375,-57.55340576171875,18.595585794645558,1
251,53865,12.55,53864,53863,50,2.450181054882705,0.2633429830893874,2.0977010717615485,0.08913700003176928,1.9076664785933603e-08,4.543511390686035,1,0.0,1.0,0.0016021320085259437,-5.745697021484375,-57.55340576171875,18.595585794645558,1
252,53866,12.600000000000001,53865,53864,50,2.923201071098447,0.37488306406885386,2.442750963382423,0.10556704364717007,2.8615488462742823e-08,4.543511390686035,1,0.0,1.0,0.0016021320085259437,-5.745697021484375,-57.55340576171875,18.595585794645558,1
253,53867,12.65,53866,53865,50,2.6314229471608996,0.2833460457623005,2.2533669834956527,0.09470991790294647,3.815442854657883e-08,4.543511390686035,1,0.0,1.0,0.0016021320085259437,-5.745697021484375,-57.55340576171875,18.595585794645558,1
254,53868,12.700000000000001,53867,53866,50,2.6922650868073106,0.27438008692115545,2.3250329541042447,0.09285204578191042,3.815221395076224e-08,4.543511390686035,1,0.0,1.0,0.0016021320085259437,-5.745697021484375,-57.55340576171875,18.595585794645558,1
255,53869,12.75,53868,53867,50,2.715745009481907,0.38924592081457376,2.2381360176950693,0.08836307097226381,3.8151573145757975e-08,4.543511390686035,1,0.0,1.0,0.0016021320085259437,-5.745697021484375,-57.55340576171875,18.595585794645558,1
256,53870,12.8,53869,53868,50,2.4801160907372832,0.28032204136252403,2.1055350080132484,0.09425904136151075,4.7683786584572446e-08,4.543511390686035,1,0.0,1.0,0.0016021320085259437,-5.745697021484375,-57.55340576171875,18.595585794645558,1
257,53871,12.850000000000001,53870,53869,50,2.334108925424516,0.26741891633719206,1.9718509865924716,0.09483902249485254,5.722064074991878e-08,4.543511390686035,1,0.0,1.0,0.0016021320085259437,-5.745697021484375,-57.55340576171875,18.595585794645558,1
258,53872,12.9,53871,53870,50,2.940304926596582,0.2664949279278517,2.5791380321606994,0.09467196650803089,0.0,4.543511390686035,1,0.0,1.0,0.0016021320085259437,-5.745697021484375,-57.55340576171875,18.595585794645558,1
259,53873,12.950000000000001,53872,53871,50,2.5779249845072627,0.259611988440156,2.2170309675857425,0.10128202848136425,9.540305712721882e-09,4.543511390686035,1,0.0,1.0,0.0016021320085259437,-5.745697021484375,-57.55340576171875,18.595585794645558,1
260,53874,13.0,53873,53872,50,3.3448940375819802,0.2711360575631261,2.9657359700649977,0.10802200995385647,1.907892228504965e-08,4.543511390686035,1,0.0,1.0,0.0016021320085259437,-5.745697021484375,-57.55340576171875,18.595585794645558,1
261,53875,13.05,53874,53873,50,2.4096029810607433,0.2717339666560292,2.0446290727704763,0.09323994163423777,2.861783207303503e-08,4.543511390686035,1,0.0,1.0,0.0016021320085259437,-5.745697021484375,-57.55340576171875,18.595585794645558,1
262,53876,13.100000000000001,53875,53874,50,2.5285929441452026,0.2758549526333809,2.1533090621232986,0.0994289293885231,3.814697219075539e-08,4.543511390686035,1,0.0,1.0,0.0016021320085259437,-5.745697021484375,-57.55340576171875,18.595585794645558,1
263,53877,13.15,53876,53875,50,2.5386610068380833,0.267729046754539,2.1762249525636435,0.0947070075199008,4.768428808844682e-08,4.543511390686035,1,0.0,1.0,0.0016021320085259437,-5.745697021484375,-57.55340576171875,18.595585794645558,1
264,53878,13.200000000000001,53877,53876,50,2.8627009596675634,0.3220549551770091,2.3268730146810412,0.2137729898095131,5.722213008731809e-08,4.543511390686035,1,0.0,1.0,0.0016021320085259437,-5.745697021484375,-57.55340576171875,18.595585794645558,1
265,53879,13.25,53878,53877,50,2.493269043043256,0.28689601458609104,2.1045480389147997,0.10182498954236507,6.675757557090777e-08,4.543511390686035,1,0.0,1.0,0.0016021320085259437,-5.745697021484375,-57.55340576171875,18.595585794645558,1
266,53880,13.3,53879,53878,50,2.9961479594931006,0.3056969726458192,2.58945906534791,0.10099192149937153,7.629515698725819e-08,4.543511390686035,1,0.0,1.0,0.0016021320085259437,-5.745697021484375,-57.55340576171875,18.595585794645558,1
267,53881,13.350000000000001,53880,53879,50,2.6668369537219405,0.26361795607954264,2.3069080198183656,0.0963109778240323,9.538818894480418e-09,4.543511390686035,1,0.0,1.0,0.0016021320085259437,-5.745697021484375,-57.55340576171875,18.595585794645558,1
268,53882,13.4,53881,53880,50,2.767105936072767,0.2810580190271139,2.38997396081686,0.09607395622879267,1.9074424060909983e-08,4.543511390686035,1,0.0,1.0,0.0016021320085259437,-5.745697021484375,-57.55340576171875,18.595585794645558,1
269,53883,13.450000000000001,53882,53881,50,2.546253032051027,0.26863603852689266,2.189124934375286,0.08849205914884806,2.861080367718394e-08,4.543511390686035,1,0.0,1.0,0.0016021320085259437,-5.745697021484375,-57.55340576171875,18.595585794645558,1
270,53884,13.5,53883,53882,50,3.3188930246979,0.2723350189626217,2.9248049249872565,0.1217530807480216,3.8147340100139166e-08,4.543511390686035,1,0.0,1.0,0.0016021320085259437,-5.745697021484375,-57.55340576171875,18.595585794645558,1
271,53885,13.55,53884,53883,50,2.7418159879744053,0.28379703871905804,2.359107951633632,0.09891099762171507,3.8148886284101994e-08,4.543511390686035,1,0.0,1.0,0.0016021320085259437,-5.745697021484375,-57.55340576171875,18.595585794645558,1
272,53886,13.600000000000001,53885,53884,50,2.9936120845377445,0.2782230731099844,2.5986109394580126,0.11677807196974754,4.768403273257244e-08,4.543511390686035,1,0.0,1.0,0.0016021320085259437,-5.745697021484375,-57.55340576171875,18.595585794645558,1
273,53887,13.65,53886,53885,50,3.036045003682375,0.2711719134822488,2.662631100974977,0.10224198922514915,5.722170079525237e-08,4.543511390686035,1,0.0,1.0,0.0016021320085259437,-5.745697021484375,-57.55340576171875,18.595585794645558,1
274,53888,13.700000000000001,53887,53886,50,3.377026063390076,0.2718829782679677,2.972724032588303,0.13241905253380537,6.67597658300756e-08,4.543511390686035,1,0.0,1.0,0.0016021320085259437,-5.745697021484375,-57.55340576171875,18.595585794645558,1
275,53889,13.75,53888,53887,50,2.534643979743123,0.2751820720732212,2.1674289600923657,0.0920329475775361,9.537848540712454e-09,4.543511390686035,1,0.0,1.0,0.0016021320085259437,-5.745697021484375,-57.55340576171875,18.595585794645558,1
276,53890,13.8,53889,53888,50,2.556130988523364,0.2798179630190134,2.1806040313094854,0.09570899419486523,1.907399195060565e-08,4.543511390686035,1,0.0,1.0,0.0016021320085259437,-5.745697021484375,-57.55340576171875,18.595585794645558,1
277,53891,13.850000000000001,53890,53889,50,2.7454179944470525,0.3789080074056983,2.2654839558526874,0.10102603118866682,2.8610333904515015e-08,4.543511390686035,1,0.0,1.0,0.0016021320085259437,-5.745697021484375,-57.55340576171875,18.595585794645558,1
278,53892,13.9,53891,53890,50,2.3551660124212503,0.26044598780572414,2.0041719544678926,0.09054807014763355,3.8147036017287356e-08,4.543511390686035,1,0.0,1.0,0.0016021320085259437,-5.745697021484375,-57.55340576171875,18.595585794645558,1
279,53893,13.950000000000001,53892,53891,50,2.724876976571977,0.4004170186817646,2.2175529738888144,0.10690698400139809,4.768462782671467e-08,4.543511390686035,1,0.0,1.0,0.0016021320085259437,-5.745697021484375,-57.55340576171875,18.595585794645558,1
280,53894,14.0,53893,53892,50,2.8630730230361223,0.40200597140938044,2.370801055803895,0.09026599582284689,5.72211924861585e-08,4.543511390686035,1,0.0,1.0,0.0016021320085259437,-5.745697021484375,-57.55340576171875,18.595585794645558,1
281,53895,14.05,53894,53893,50,2.4975520791485906,0.27662503998726606,2.1320489468052983,0.08887809235602617,6.67578094695592e-08,4.543511390686035,1,0.0,1.0,0.0016021320085259437,-5.745697021484375,-57.55340576171875,18.595585794645558,1
282,53896,14.100000000000001,53895,53894,50,2.6180670829489827,0.2722180215641856,2.2546129766851664,0.09123608469963074,9.536785947517511e-08,4.543511390686035,1,0.0,1.0,0.0016021320085259437,-5.745697021484375,-57.55340576171875,18.595585794645558,1
283,53897,14.15,53896,53895,50,2.639167010784149,0.33459998667240143,2.210951060988009,0.09361596312373877,1.0490432019505339e-07,4.543511390686035,1,0.0,1.0,0.0016021320085259437,-5.745697021484375,-57.55340576171875,18.595585794645558,1
284,53898,14.200000000000001,53897,53896,50,2.5246230652555823,0.2735600573942065,2.1596859442070127,0.09137706365436316,9.539487057540295e-09,4.543511390686035,1,0.0,1.0,0.0016021320085259437,-5.745697021484375,-57.55340576171875,18.595585794645558,1
285,53899,14.25,53898,53897,50,2.8464579954743385,0.27480500284582376,2.4433820508420467,0.12827094178646803,1.90737843464378e-08,4.543511390686035,1,0.0,1.0,0.0016021320085259437,-5.745697021484375,-57.55340576171875,18.595585794645558,1
286,53900,14.3,53899,53898,50,3.0090060317888856,0.3111350815743208,2.594047924503684,0.10382302571088076,2.8611022762433104e-08,4.543511390686035,1,0.0,1.0,0.0016021320085259437,-5.745697021484375,-57.55340576171875,18.595585794645558,1
287,53901,14.350000000000001,53900,53899,50,2.4461749708279967,0.26085192803293467,2.092696027830243,0.09262701496481895,3.814895215542462e-08,4.543511390686035,1,0.0,1.0,0.0016021320085259437,-5.745697021484375,-57.55340576171875,18.595585794645558,1
288,53902,14.4,53901,53900,50,2.7057520346716046,0.28184696566313505,2.3260930320248008,0.0978120369836688,4.768393787468508e-08,4.543511390686035,1,0.0,1.0,0.0016021320085259437,-5.745697021484375,-57.55340576171875,18.595585794645558,1
289,53903,14.450000000000001,53902,53901,50,3.186127985827625,0.2863119589164853,2.7933450182899833,0.10647100862115622,5.722061803948442e-08,4.543511390686035,1,0.0,1.0,0.0016021320085259437,-5.745697021484375,-57.55340576171875,18.595585794645558,1
290,53904,14.5,53903,53902,50,2.8554219752550125,0.2572989324107766,2.453105989843607,0.14501705300062895,5.7221396990105554e-08,4.543511390686035,1,0.0,1.0,0.0016021320085259437,-5.745697021484375,-57.55340576171875,18.595585794645558,1
291,53905,14.55,53904,53903,50,2.3903659312054515,0.2631669631227851,2.0351270213723183,0.09207194671034813,6.675729849754426e-08,4.543511390686035,1,0.0,1.0,0.0016021320085259437,-5.745697021484375,-57.55340576171875,18.595585794645558,1
292,53906,14.600000000000001,53905,53904,50,2.367389970459044,0.2710059052333236,2.00551503803581,0.09086902718991041,1.907620440041145e-08,4.543511390686035,1,0.0,1.0,0.0016021320085259437,-5.745697021484375,-57.55340576171875,18.595585794645558,1
293,53907,14.65,53906,53905,50,2.4743989342823625,0.2663459163159132,2.117210067808628,0.09084295015782118,2.861082833511644e-08,4.543511390686035,1,0.0,1.0,0.0016021320085259437,-5.745697021484375,-57.55340576171875,18.595585794645558,1
294,53908,14.700000000000001,53907,53906,50,2.405727980658412,0.2713259309530258,2.0434270845726132,0.09097496513277292,2.8613929826545862e-08,4.543511390686035,1,0.0,1.0,0.0016021320085259437,-5.745697021484375,-57.55340576171875,18.595585794645558,1
295,53909,14.75,53908,53907,50,2.5929349940270185,0.27361290995031595,2.221925067715347,0.09739701636135578,3.814793291070891e-08,4.543511390686035,1,0.0,1.0,0.0016021320085259437,-5.745697021484375,-57.55340576171875,18.595585794645558,1
296,53910,14.8,53909,53908,50,3.0722980154678226,0.26721402537077665,2.708159969188273,0.09692402090877295,4.768393526770064e-08,4.543511390686035,1,0.0,1.0,0.0016021320085259437,-5.745697021484375,-57.55340576171875,18.595585794645558,1
297,53911,14.850000000000001,53910,53909,50,2.6236919220536947,0.2716339658945799,2.238356042653322,0.11370191350579262,5.722095822380867e-08,4.543511390686035,1,0.0,1.0,0.0016021320085259437,-5.745697021484375,-57.55340576171875,18.595585794645558,1
298,53912,14.9,53911,53910,50,2.4642739444971085,0.2793018938973546,2.091504051350057,0.09346799924969673,5.722185349301832e-08,4.543511390686035,1,0.0,1.0,0.0016021320085259437,-5.745697021484375,-57.55340576171875,18.595585794645558,1
299,53913,14.950000000000001,53912,53911,50,2.4625619407743216,0.2727559767663479,2.09805800113827,0.09174796286970377,6.675721660615718e-08,4.543511390686035,1,0.0,1.0,0.0016021320085259437,-5.745697021484375,-57.55340576171875,18.595585794645558,1
300,53914,15.0,53913,53912,50,2.4220069171860814,0.2694039139896631,2.0375599851831794,0.1150430180132389,0.0,4.543511390686035,1,0.0,1.0,0.0016021320085259437,-5.745697021484375,-57.55340576171875,18.595585794645558,1
301,53915,15.05,53914,53913,50,2.5551399448886514,0.27521897573024035,2.1853080252185464,0.09461294393986464,3.3391993375670726e-10,4.543511390686035,1,0.0,1.0,0.0016021320085259437,-5.745697021484375,-57.55340576171875,18.595585794645558,1
302,53916,15.100000000000001,53915,53914,50,2.835016930475831,0.36234292201697826,2.378092030994594,0.09458197746425867,9.536852424727405e-09,4.543511390686035,1,0.0,1.0,0.0016021320085259437,-5.745697021484375,-57.55340576171875,18.595585794645558,1
303,53917,15.15,53916,53915,50,2.3362990468740463,0.3304320853203535,1.9052668940275908,0.10060006752610207,1.907529951800996e-08,4.543511390686035,1,0.0,1.0,0.0016021320085259437,-5.745697021484375,-57.55340576171875,18.595585794645558,1
304,53918,15.200000000000001,53917,53916,50,2.4838430108502507,0.30657299794256687,2.081139013171196,0.09613099973648787,2.8611377594135887e-08,4.543511390686035,1,0.0,1.0,0.0016021320085259437,-5.745697021484375,-57.55340576171875,18.595585794645558,1
305,53919,15.25,53918,53917,50,2.4853739887475967,0.2787630073726177,2.1157399751245975,0.09087100625038147,3.8148938242828126e-08,4.543511390686035,1,0.0,1.0,0.0016021320085259437,-5.745697021484375,-57.55340576171875,18.595585794645558,1
306,53920,15.3,53919,53918,50,2.506142947822809,0.2739139599725604,2.1350779570639133,0.09715103078633547,5.722144079667669e-08,4.543511390686035,1,0.0,1.0,0.0016021320085259437,-5.745697021484375,-57.55340576171875,18.595585794645558,1
307,53921,15.350000000000001,53920,53919,50,2.68635805696249,0.2809560392051935,2.2895759902894497,0.11582602746784687,6.675749117749595e-08,4.543511390686035,1,0.0,1.0,0.0016021320085259437,-5.745697021484375,-57.55340576171875,18.595585794645558,1
308,53922,15.4,53921,53920,50,2.5206960272043943,0.2639510203152895,2.165492041967809,0.09125296492129564,7.629429026578782e-08,4.543511390686035,1,0.0,1.0,0.0016021320085259437,-5.745697021484375,-57.55340576171875,18.595585794645558,1
309,53923,15.450000000000001,53922,53921,50,2.6913799811154604,0.2821059897542,2.3098380770534277,0.09943591430783272,9.53756363654311e-09,4.543511390686035,1,0.0,1.0,0.0016021320085259437,-5.745697021484375,-57.55340576171875,18.595585794645558,1
310,53924,15.5,53923,53922,50,2.322026062756777,0.28870697133243084,1.9431710243225098,0.0901480671018362,1.907443332176712e-08,4.543511390686035,1,0.0,1.0,0.0016021320085259437,-5.745697021484375,-57.55340576171875,18.595585794645558,1
311,53925,15.55,53924,53923,50,2.414535963907838,0.2686670050024986,2.0389140117913485,0.10695494711399078,2.8610604288662386e-08,4.543511390686035,1,0.0,1.0,0.0016021320085259437,-5.745697021484375,-57.55340576171875,18.595585794645558,1
312,53926,15.600000000000001,53925,53924,50,2.5666699511930346,0.2616909332573414,2.2086850367486477,0.09629398118704557,3.814736483108695e-08,4.543511390686035,1,0.0,1.0,0.0016021320085259437,-5.745697021484375,-57.55340576171875,18.595585794645558,1
313,53927,15.65,53926,53925,50,2.6254099793732166,0.27928396593779325,2.255861065350473,0.09026494808495045,4.768513166185482e-08,4.543511390686035,1,0.0,1.0,0.0016021320085259437,-5.745697021484375,-57.55340576171875,18.595585794645558,1
314,53928,15.700000000000001,53927,53926,50,3.199137980118394,0.2751220017671585,2.808316028676927,0.1156999496743083,5.722061808460052e-08,4.543511390686035,1,0.0,1.0,0.0016021320085259437,-5.745697021484375,-57.55340576171875,18.595585794645558,1
315,53929,15.75,53928,53927,50,2.446971950121224,0.26705302298069,2.064154949039221,0.11576397810131311,9.537044038135395e-08,4.543511390686035,1,0.0,1.0,0.0016021320085259437,-5.745697021484375,-57.55340576171875,18.595585794645558,1
316,53930,15.8,53929,53928,50,2.4898049887269735,0.27609895914793015,2.096062060445547,0.11764396913349628,1.049056255331801e-07,4.543511390686035,1,0.0,1.0,0.0016021320085259437,-5.745697021484375,-57.55340576171875,18.595585794645558,1
317,53931,15.850000000000001,53930,53929,50,2.5440820027142763,0.26235298719257116,2.192766056396067,0.08896295912563801,9.537848540712454e-09,4.543511390686035,1,0.0,1.0,0.0016021320085259437,-5.745697021484375,-57.55340576171875,18.595585794645558,1
318,53932,15.9,53931,53930,50,2.7411060873419046,0.3812710056081414,2.2717179963365197,0.0881170853972435,1.907606429753142e-08,4.543511390686035,1,0.0,1.0,0.0016021320085259437,-5.745697021484375,-57.55340576171875,18.595585794645558,1
319,53933,15.950000000000001,53932,53931,50,2.524371026083827,0.28755597304552794,2.1418750984594226,0.0949399545788765,2.8614808607932523e-08,4.543511390686035,1,0.0,1.0,0.0016021320085259437,-5.745697021484375,-57.55340576171875,18.595585794645558,1
320,53934,16.0,53933,53932,50,2.5563889648765326,0.27907302137464285,2.183052012696862,0.09426393080502748,3.814726825813444e-08,4.543511390686035,1,0.0,1.0,0.0016021320085259437,-5.745697021484375,-57.55340576171875,18.595585794645558,1
321,53935,16.05,53934,53933,50,2.653604024089873,0.26641308795660734,2.271123928949237,0.11606700718402863,4.768383443662114e-08,4.543511390686035,1,0.0,1.0,0.0016021320085259437,-5.745697021484375,-57.55340576171875,18.595585794645558,1
322,53936,16.1,53935,53934,50,2.4172080447897315,0.26955106295645237,2.051696996204555,0.0959599856287241,5.722119286190671e-08,4.543511390686035,1,0.0,1.0,0.0016021320085259437,-5.745697021484375,-57.55340576171875,18.595585794645558,1
323,53937,16.150000000000002,53936,53935,50,2.447107923217118,0.31912000849843025,2.0319409668445587,0.09604694787412882,6.675903700771198e-08,4.543511390686035,1,0.0,1.0,0.0016021320085259437,-5.745697021484375,-57.55340576171875,18.595585794645558,1
324,53938,16.2,53937,53936,50,2.587005030363798,0.2684490755200386,2.2223569685593247,0.0961989862844348,8.583175833841323e-08,4.543511390686035,1,0.0,1.0,0.0016021320085259437,-5.745697021484375,-57.55340576171875,18.595585794645558,1
325,53939,16.25,53938,53937,50,2.6707530487328768,0.3814010415226221,2.2049539256840944,0.08439808152616024,8.583162953023396e-08,4.543511390686035,1,0.0,1.0,0.0016021320085259437,-5.745697021484375,-57.55340576171875,18.595585794645558,1
326,53940,16.3,53939,53938,50,2.659228048287332,0.26910100132226944,2.2971719736233354,0.09295507334172726,9.536934741102805e-09,4.543511390686035,1,0.0,1.0,0.0016021320085259437,-5.745697021484375,-57.55340576171875,18.595585794645558,1
327,53941,16.35,53940,53939,50,3.3352599712088704,0.3665519179776311,2.867888077162206,0.10081997606903315,1.907476363219305e-08,4.543511390686035,1,0.0,1.0,0.0016021320085259437,-5.745697021484375,-57.55340576171875,18.595585794645558,1
328,53942,16.400000000000002,53941,53940,50,3.257388947531581,0.27209892868995667,2.884957008063793,0.10033301077783108,2.8611017012878186e-08,4.543511390686035,1,0.0,1.0,0.0016021320085259437,-5.745697021484375,-57.55340576171875,18.595585794645558,1
329,53943,16.45,53942,53941,50,2.5250649778172374,0.37522101774811745,2.0656989654526114,0.08414499461650848,5.722333782682557e-08,4.543511390686035,1,0.0,1.0,0.0016021320085259437,-5.745697021484375,-57.55340576171875,18.595585794645558,1
330,53944,16.5,53943,53942,50,2.392892027273774,0.27545797638595104,2.0260310266166925,0.09140302427113056,6.6758244159631e-08,4.543511390686035,1,0.0,1.0,0.0016021320085259437,-5.745697021484375,-57.55340576171875,18.595585794645558,1
331,53945,16.55,53944,53943,50,2.6696629356592894,0.28045789804309607,2.2758140694350004,0.11339096818119287,7.629427057578528e-08,4.543511390686035,1,0.0,1.0,0.0016021320085259437,-5.745697021484375,-57.55340576171875,18.595585794645558,1
332,53946,16.6,53945,53944,50,2.543187001720071,0.2854439662769437,2.1352340700104833,0.12250896543264389,8.583097000511053e-08,4.543511390686035,1,0.0,1.0,0.0016021320085259437,-5.745697021484375,-57.55340576171875,18.595585794645558,1
333,53947,16.650000000000002,53946,53945,50,2.7005389565601945,0.274672987870872,2.3218810092657804,0.10398495942354202,9.536803515829004e-08,4.543511390686035,1,0.0,1.0,0.0016021320085259437,-5.745697021484375,-57.55340576171875,18.595585794645558,1
334,53948,16.7,53947,53946,50,2.5849080411717296,0.2802599919959903,2.2057329770177603,0.09891507215797901,9.538292316757708e-09,4.543511390686035,1,0.0,1.0,0.0016021320085259437,-5.745697021484375,-57.55340576171875,18.595585794645558,1
335,53949,16.75,53948,53947,50,3.260055906139314,0.2755488967522979,2.885099034756422,0.09940797463059425,1.9073848032509717e-08,4.543511390686035,1,0.0,1.0,0.0016021320085259437,-5.745697021484375,-57.55340576171875,18.595585794645558,1
336,53950,16.8,53949,53948,50,2.5086289970204234,0.27802796103060246,2.138042007572949,0.09255902841687202,2.861063610745167e-08,4.543511390686035,1,0.0,1.0,0.0016021320085259437,-5.745697021484375,-57.55340576171875,18.595585794645558,1
337,53951,16.85,53950,53949,50,3.3756389748305082,0.2774039749056101,2.985471044667065,0.112763955257833,3.814845742385619e-08,4.543511390686035,1,0.0,1.0,0.0016021320085259437,-5.745697021484375,-57.55340576171875,18.595585794645558,1
338,53952,16.900000000000002,53951,53950,50,2.4986780481413007,0.28366397600620985,2.1216850727796555,0.09332899935543537,4.7683899247072294e-08,4.543511390686035,1,0.0,1.0,0.0016021320085259437,-5.745697021484375,-57.55340576171875,18.595585794645558,1
339,53953,16.95,53952,53951,50,2.6674269465729594,0.2650769893079996,2.2860850440338254,0.11626491323113441,5.722138913849997e-08,4.543511390686035,1,0.0,1.0,0.0016021320085259437,-5.745697021484375,-57.55340576171875,18.595585794645558,1
340,53954,17.0,53953,53952,50,2.629833063110709,0.2792400773614645,2.233644016087055,0.11694896966218948,5.7222297003279175e-08,4.543511390686035,1,0.0,1.0,0.0016021320085259437,-5.745697021484375,-57.55340576171875,18.595585794645558,1
341,53955,17.05,53954,53953,50,2.345066051930189,0.26838097255676985,1.9725080346688628,0.10417704470455647,6.675804808206723e-08,4.543511390686035,1,0.0,1.0,0.0016021320085259437,-5.745697021484375,-57.55340576171875,18.595585794645558,1
342,53956,17.1,53955,53954,50,2.6237600250169635,0.3061889437958598,2.2250469774007797,0.09252410382032394,0.0,4.543511390686035,1,0.0,1.0,0.0016021320085259437,-5.745697021484375,-57.55340576171875,18.595585794645558,1
343,53957,17.150000000000002,53956,53955,50,2.6012039743363857,0.2782070077955723,2.2269929759204388,0.09600399062037468,9.54030571135548e-09,4.543511390686035,1,0.0,1.0,0.0016021320085259437,-5.745697021484375,-57.55340576171875,18.595585794645558,1
344,53958,17.2,53957,53956,50,2.3981339763849974,0.2760050119832158,2.0313740242272615,0.09075494017452002,1.9079816427319798e-08,4.543511390686035,1,0.0,1.0,0.0016021320085259437,-5.745697021484375,-57.55340576171875,18.595585794645558,1
345,53959,17.25,53958,53957,50,2.5396000128239393,0.27546402998268604,2.1690319990739226,0.09510398376733065,2.861106164657953e-08,4.543511390686035,1,0.0,1.0,0.0016021320085259437,-5.745697021484375,-57.55340576171875,18.595585794645558,1
346,53960,17.3,53959,53958,50,2.593765966594219,0.2845390699803829,2.21417099237442,0.09505590423941612,3.814734366501263e-08,4.543511390686035,1,0.0,1.0,0.0016021320085259437,-5.745697021484375,-57.55340576171875,18.595585794645558,1
347,53961,17.35,53960,53959,50,2.7684159576892853,0.27187797240912914,2.3728159721940756,0.12372201308608055,3.8148186525423826e-08,4.543511390686035,1,0.0,1.0,0.0016021320085259437,-5.745697021484375,-57.55340576171875,18.595585794645558,1
348,53962,17.400000000000002,53961,53960,50,2.596271922811866,0.2784429816529155,2.2353329695761204,0.08249597158282995,4.7684057498357625e-08,4.543511390686035,1,0.0,1.0,0.0016021320085259437,-5.745697021484375,-57.55340576171875,18.595585794645558,1
349,53963,17.45,53962,53961,50,2.5399309815838933,0.2601799787953496,2.1784690907225013,0.10128191206604242,5.7220629348978386e-08,4.543511390686035,1,0.0,1.0,0.0016021320085259437,-5.745697021484375,-57.55340576171875,18.595585794645558,1
350,53964,17.5,53963,53962,50,2.4227689718827605,0.2784369280561805,2.0510120084509254,0.0933200353756547,6.675790919111446e-08,4.543511390686035,1,0.0,1.0,0.0016021320085259437,-5.745697021484375,-57.55340576171875,18.595585794645558,1
351,53965,17.55,53964,53963,50,2.6238689897581935,0.3673229366540909,2.1533489925786853,0.10319706052541733,9.53881889407125e-09,4.543511390686035,1,0.0,1.0,0.0016021320085259437,-5.745697021484375,-57.55340576171875,18.595585794645558,1
352,53966,17.6,53965,53964,50,2.46852810960263,0.2656570868566632,2.10770801641047,0.0951630063354969,1.9074424060909983e-08,4.543511390686035,1,0.0,1.0,0.0016021320085259437,-5.745697021484375,-57.55340576171875,18.595585794645558,1
353,53967,17.650000000000002,53966,53965,50,2.2257829550653696,0.2652959665283561,1.8738519866019487,0.08663500193506479,2.861080367711859e-08,4.543511390686035,1,0.0,1.0,0.0016021320085259437,-5.745697021484375,-57.55340576171875,18.595585794645558,1
354,53968,17.7,53967,53966,50,2.5288709439337254,0.2816029591485858,2.129708998836577,0.11755898594856262,3.8149002816385046e-08,4.543511390686035,1,0.0,1.0,0.0016021320085259437,-5.745697021484375,-57.55340576171875,18.595585794645558,1
355,53969,17.75,53968,53967,50,3.666672040708363,0.3475510748103261,3.2146519515663385,0.10446901433169842,4.7683944302383365e-08,4.543511390686035,1,0.0,1.0,0.0016021320085259437,-5.745697021484375,-57.55340576171875,18.595585794645558,1
356,53970,17.8,53969,53968,50,2.6365950470790267,0.27449498884379864,2.24577309563756,0.11632696259766817,4.768478510345938e-08,4.543511390686035,1,0.0,1.0,0.0016021320085259437,-5.745697021484375,-57.55340576171875,18.595585794645558,1
357,53971,17.85,53970,53969,50,2.626889036037028,0.2692119451239705,2.2406980860978365,0.11697900481522083,5.7220586113250694e-08,4.543511390686035,1,0.0,1.0,0.0016021320085259437,-5.745697021484375,-57.55340576171875,18.595585794645558,1
358,53972,17.900000000000002,53971,53970,50,2.5347189512103796,0.2708840183913708,2.1704150130972266,0.09341991972178221,6.675763288211363e-08,4.543511390686035,1,0.0,1.0,0.0016021320085259437,-5.745697021484375,-57.55340576171875,18.595585794645558,1
359,53973,17.95,53972,53971,50,2.6071000611409545,0.27304107788950205,2.235357998870313,0.09870098438113928,3.800983447371732e-10,4.543511390686035,1,0.0,1.0,0.0016021320085259437,-5.745697021484375,-57.55340576171875,18.595585794645558,1
360,53974,18.0,53973,53972,50,2.710378961637616,0.26734895072877407,2.3499340750277042,0.09309593588113785,1.9076346731047213e-08,4.543511390686035,1,0.0,1.0,0.0016021320085259437,-5.745697021484375,-57.55340576171875,18.595585794645558,1
361,53975,18.05,53974,53973,50,2.7711630100384355,0.3124300856143236,2.358912955969572,0.09981996845453978,2.8610779603204673e-08,4.543511390686035,1,0.0,1.0,0.0016021320085259437,-5.745697021484375,-57.55340576171875,18.595585794645558,1
362,53976,18.1,53975,53974,50,3.4588349517434835,0.2822659444063902,3.070965060032904,0.1056039473041892,2.8611878228931386e-08,4.543511390686035,1,0.0,1.0,0.0016021320085259437,-5.745697021484375,-57.55340576171875,18.595585794645558,1
363,53977,18.150000000000002,53976,53975,50,2.479568007402122,0.2739221090450883,2.113478956744075,0.09216694161295891,3.8147259260559495e-08,4.543511390686035,1,0.0,1.0,0.0016021320085259437,-5.745697021484375,-57.55340576171875,18.595585794645558,1
364,53978,18.2,53977,53976,50,2.6680330047383904,0.2684840001165867,2.30378401465714,0.09576498996466398,4.768423710459087e-08,4.543511390686035,1,0.0,1.0,0.0016021320085259437,-5.745697021484375,-57.55340576171875,18.595585794645558,1
365,53979,18.25,53978,53977,50,2.552276011556387,0.27878396213054657,2.1809490863233805,0.09254296310245991,5.722059413261381e-08,4.543511390686035,1,0.0,1.0,0.0016021320085259437,-5.745697021484375,-57.55340576171875,18.595585794645558,1
366,53980,18.3,53979,53978,50,2.600964973680675,0.2993469825014472,2.1990700624883175,0.10254792869091034,6.675752080495651e-08,4.543511390686035,1,0.0,1.0,0.0016021320085259437,-5.745697021484375,-57.55340576171875,18.595585794645558,1
367,53981,18.35,53980,53979,50,2.7810209430754185,0.28392800595611334,2.374707954004407,0.1223849831148982,6.675857871333156e-08,4.543511390686035,1,0.0,1.0,0.0016021320085259437,-5.745697021484375,-57.55340576171875,18.595585794645558,1
368,53982,18.400000000000002,53981,53980,50,2.835357910953462,0.26829191483557224,2.446783008053899,0.12028298806399107,3.3797293506510926e-10,4.543511390686035,1,0.0,1.0,0.0016021320085259437,-5.745697021484375,-57.55340576171875,18.595585794645558,1
369,53983,18.45,53982,53981,50,2.6269940426573157,0.278822029940784,2.250947989523411,0.09722402319312096,3.4907639768654285e-10,4.543511390686035,1,0.0,1.0,0.0016021320085259437,-5.745697021484375,-57.55340576171875,18.595585794645558,1
370,53984,18.5,53983,53982,50,2.5867719668895006,0.28927193488925695,2.2116299951449037,0.08587003685534,9.539888264161443e-09,4.543511390686035,1,0.0,1.0,0.0016021320085259437,-5.745697021484375,-57.55340576171875,18.595585794645558,1
371,53985,18.55,53984,53983,50,2.5780469877645373,0.2687550149857998,2.22339597530663,0.08589599747210741,1.9077743094595172e-08,4.543511390686035,1,0.0,1.0,0.0016021320085259437,-5.745697021484375,-57.55340576171875,18.595585794645558,1
372,53986,18.6,53985,53984,50,2.54611496347934,0.2716060262173414,2.1808160236105323,0.09369291365146637,2.8610641531140598e-08,4.543511390686035,1,0.0,1.0,0.0016021320085259437,-5.745697021484375,-57.55340576171875,18.595585794645558,1
373,53987,18.650000000000002,53986,53985,50,4.379302030429244,0.2725550439208746,3.9759199135005474,0.13082707300782204,3.8147203579533046e-08,4.543511390686035,1,0.0,1.0,0.0016021320085259437,-5.745697021484375,-57.55340576171875,18.595585794645558,1
374,53988,18.7,53987,53986,50,2.3124980507418513,0.263463007286191,1.9493260188028216,0.09970902465283871,4.768389020033174e-08,4.543511390686035,1,0.0,1.0,0.0016021320085259437,-5.745697021484375,-57.55340576171875,18.595585794645558,1
375,53989,18.75,53988,53987,50,2.418410964310169,0.29246602207422256,2.018566010519862,0.10737893171608448,5.722198237055126e-08,4.543511390686035,1,0.0,1.0,0.0016021320085259437,-5.745697021484375,-57.55340576171875,18.595585794645558,1
376,53990,18.8,53989,53988,50,2.6705010095611215,0.26468001306056976,2.2914339788258076,0.11438701767474413,9.538292316615724e-09,4.543511390686035,1,0.0,1.0,0.0016021320085259437,-5.745697021484375,-57.55340576171875,18.595585794645558,1
377,53991,18.85,53990,53989,50,2.7331049786880612,0.27949095238000154,2.354922005906701,0.0986920204013586,1.907417774376962e-08,4.543511390686035,1,0.0,1.0,0.0016021320085259437,-5.745697021484375,-57.55340576171875,18.595585794645558,1
378,53992,18.900000000000002,53991,53990,50,2.5891499826684594,0.30739197973161936,2.190746017731726,0.09101198520511389,2.8614033865332434e-08,4.543511390686035,1,0.0,1.0,0.0016021320085259437,-5.745697021484375,-57.55340576171875,18.595585794645558,1
379,53993,18.95,53992,53991,50,3.0115200206637383,0.27890701312571764,2.6266189524903893,0.10599405504763126,3.8147347867330906e-08,4.543511390686035,1,0.0,1.0,0.0016021320085259437,-5.745697021484375,-57.55340576171875,18.595585794645558,1
380,53994,19.0,53993,53992,50,2.774028922431171,0.3844649763777852,2.2968369303271174,0.09272701572626829,3.814828218721308e-08,4.543511390686035,1,0.0,1.0,0.0016021320085259437,-5.745697021484375,-57.55340576171875,18.595585794645558,1
381,53995,19.05,53994,53993,50,2.525795018300414,0.29200897552073,2.144324011169374,0.08946203161031008,4.7683917832329e-08,4.543511390686035,1,0.0,1.0,0.0016021320085259437,-5.745697021484375,-57.55340576171875,18.595585794645558,1
382,53996,19.1,53995,53994,50,2.6793390279635787,0.2861709799617529,2.2952189901843667,0.0979490578174591,5.722086877046586e-08,4.543511390686035,1,0.0,1.0,0.0016021320085259437,-5.745697021484375,-57.55340576171875,18.595585794645558,1
383,53997,19.150000000000002,53996,53995,50,2.414233982563019,0.2738949842751026,2.0457670325413346,0.09457196574658155,5.722153075658946e-08,4.543511390686035,1,0.0,1.0,0.0016021320085259437,-5.745697021484375,-57.55340576171875,18.595585794645558,1
384,53998,19.200000000000003,53997,53996,50,2.6184830348938704,0.2771710278466344,2.247142023406923,0.09416998364031315,0.0,4.543511390686035,1,0.0,1.0,0.0016021320085259437,-5.745697021484375,-57.55340576171875,18.595585794645558,1
385,53999,19.25,53998,53997,50,2.768231905065477,0.26636989787220955,2.406069077551365,0.09579292964190245,9.536887749943157e-09,4.543511390686035,1,0.0,1.0,0.0016021320085259437,-5.745697021484375,-57.55340576171875,18.595585794645558,1
386,54000,19.3,53999,53998,50,2.579302992671728,0.27615902945399284,2.2127109114080667,0.09043305180966854,1.9075169991376664e-08,4.543511390686035,1,0.0,1.0,0.0016021320085259437,-5.745697021484375,-57.55340576171875,18.595585794645558,1
387,54001,19.35,54000,53999,50,2.6382639771327376,0.28218107763677835,2.231778926216066,0.1243039732798934,2.861502271121737e-08,4.543511390686035,1,0.0,1.0,0.0016021320085259437,-5.745697021484375,-57.55340576171875,18.595585794645558,1
388,54002,19.400000000000002,54001,54000,50,3.4928249660879374,0.2777259796857834,3.0775259947404265,0.13757299166172743,4.768682785535592e-08,4.543511390686035,1,0.0,1.0,0.0016021320085259437,-5.745697021484375,-57.55340576171875,18.595585794645558,1
389,54003,19.450000000000003,54002,54001,50,3.1668079318478703,0.27346296701580286,2.7939799474552274,0.09936501737684011,5.72215732512447e-08,4.543511390686035,1,0.0,1.0,0.0016021320085259437,-5.745697021484375,-57.55340576171875,18.595585794645558,1
390,54004,19.5,54003,54002,50,2.50134093221277,0.2884760033339262,2.1214429289102554,0.09142199996858835,6.675755116522981e-08,4.543511390686035,1,0.0,1.0,0.0016021320085259437,-5.745697021484375,-57.55340576171875,18.595585794645558,1
391,54005,19.55,54004,54003,50,2.3787220707163215,0.2666470827534795,2.0227819913998246,0.08929299656301737,7.629429567474335e-08,4.543511390686035,1,0.0,1.0,0.0016021320085259437,-5.745697021484375,-57.55340576171875,18.595585794645558,1
392,54006,19.6,54005,54004,50,3.2113270135596395,0.2872799523174763,2.8244000859558582,0.09964697528630495,7.629444589688983e-08,4.543511390686035,1,0.0,1.0,0.0016021320085259437,-5.745697021484375,-57.55340576171875,18.595585794645558,1
393,54007,19.650000000000002,54006,54005,50,2.762395073659718,0.2734820591285825,2.3767149541527033,0.11219806037843227,9.540921122065485e-09,4.543511390686035,1,0.0,1.0,0.0016021320085259437,-5.745697021484375,-57.55340576171875,18.595585794645558,1
394,54008,19.700000000000003,54007,54006,50,2.5263859424740076,0.268729985691607,2.1596760489046574,0.09797990787774324,1.9073884552154933e-08,4.543511390686035,1,0.0,1.0,0.0016021320085259437,-5.745697021484375,-57.55340576171875,18.595585794645558,1
395,54009,19.75,54008,54007,50,2.6635429821908474,0.27744704857468605,2.285682945512235,0.10041298810392618,2.861080448614046e-08,4.543511390686035,1,0.0,1.0,0.0016021320085259437,-5.745697021484375,-57.55340576171875,18.595585794645558,1
396,54010,19.8,54009,54008,50,2.8011170215904713,0.2764329547062516,2.4089741054922342,0.11570996139198542,3.8148792780526e-08,4.543511390686035,1,0.0,1.0,0.0016021320085259437,-5.745697021484375,-57.55340576171875,18.595585794645558,1
397,54011,19.85,54010,54009,50,2.648539957590401,0.32410991843789816,2.20934406388551,0.11508597526699305,3.8149943495797004e-08,4.543511390686035,1,0.0,1.0,0.0016021320085259437,-5.745697021484375,-57.55340576171875,18.595585794645558,1
398,54012,19.900000000000002,54011,54010,50,2.52639502286911,0.26694999542087317,2.164226956665516,0.09521807078272104,4.7684030402158506e-08,4.543511390686035,1,0.0,1.0,0.0016021320085259437,-5.745697021484375,-57.55340576171875,18.595585794645558,1
399,54013,19.950000000000003,54012,54011,50,2.338335965760052,0.28857600409537554,1.9419939490035176,0.10776601266115904,5.7221700786548195e-08,4.543511390686035,1,0.0,1.0,0.0016021320085259437,-5.745697021484375,-57.55340576171875,18.595585794645558,1
400,54014,20.0,54013,54012,50,3.5074170446023345,1.6891700215637684,1.7327630193904042,0.08548400364816189,6.675823500615796e-08,4.543511390686035,1,0.0,1.0,0.0016021320085259437,-5.745697021484375,-57.55340576171875,18.595585794645558,0
401,54015,20.05,54014,54013,50,2.3225550539791584,0.27134502306580544,1.9602109678089619,0.0909990631043911,9.550322068671293e-09,4.543511390686035,1,0.0,1.0,0.0016021320085259437,-5.745697021484375,-57.55340576171875,18.595585794645558,0
402,54016,20.1,54015,54014,50,2.7629879768937826,0.4259999841451645,2.2323690354824066,0.10461895726621151,2.86146694208514e-08,50.0,0,0.65,0.0,0.0016021320085259437,-5.745697021484375,-57.55340576171875,18.595585794645558,0
403,54017,20.150000000000002,54016,54015,50,2.470177016220987,0.2606239868327975,2.087324974127114,0.1222280552610755,3.8148428540151365e-08,50.0,0,0.65,0.0,0.0016021320085259437,-5.745697021484375,-57.55340576171875,18.595585794645558,0
404,54018,20.200000000000003,54017,54016,50,2.4086650228127837,0.25548203848302364,2.059474936686456,0.09370804764330387,4.768609636588436e-08,50.0,0,0.65,0.0,0.0016021320085259437,-5.745697021484375,-57.55340576171875,18.595585794645558,0
405,54019,20.25,54018,54017,50,2.2562110098078847,0.2807650016620755,1.8851460190489888,0.09029998909682035,0.0670578477559984,50.0,0,0.65,0.0,0.0015971165413079308,-5.74318790435791,-57.55337905883789,18.598095095941062,0
406,54020,20.3,54019,54018,50,2.5431389221921563,0.3040420124307275,2.1422909339889884,0.09680597577244043,0.1701616989654235,50.0,0,0.65,0.0,0.0012425016640550868,-5.736891746520996,-57.55336380004883,18.604391311985637,0
407,54021,20.35,54020,54019,50,2.3531389888375998,0.28925202786922455,1.9742399454116821,0.08964701555669308,0.31902634703235955,50.0,0,0.65,0.0,0.0012664874920510793,-5.723818778991699,-57.553157806396484,18.617465948444988,0
408,54022,20.400000000000002,54021,54020,50,2.3422499652951956,0.30012603383511305,1.9551819423213601,0.08694198913872242,0.5367813250870175,50.0,0,0.65,0.0,0.0017348335100130779,-5.701385974884033,-57.55281448364258,18.639901429173733,0
409,54023,20.450000000000003,54022,54021,50,2.4846449960023165,0.2827789867296815,2.0913779735565186,0.11048803571611643,0.7516310083925044,50.0,0,0.65,0.0,0.002404713246636567,-5.668855667114258,-57.552284240722656,18.672436084357287,0
410,54024,20.5,54023,54022,50,2.5330770295113325,0.2922720741480589,2.148741972632706,0.09206298273056746,0.9014395885113416,50.0,0,0.65,0.0,0.0032980837219090996,-5.626245975494385,-57.551692962646484,18.71504988869765,0
411,54025,20.55,54024,54023,50,2.471871906891465,0.28637098148465157,2.0716129802167416,0.11388794519007206,1.1342494586766914,50.0,0,0.65,0.0,0.0029290080987648464,-5.574244022369385,-57.5511360168457,18.76705482950547,0
412,54026,20.6,54025,54024,50,2.315502963028848,0.2993029775097966,1.9248540047556162,0.09134598076343536,1.3356918141287608,50.0,0,0.65,0.0,0.002524197143003524,-5.511716365814209,-57.550418853759766,18.829586598781134,0
413,54027,20.650000000000002,54026,54025,50,2.630041097290814,0.2969910856336355,2.238746965304017,0.09430304635316133,1.555179365466393,50.0,0,0.65,0.0,0.0029063948622952427,-5.439265251159668,-57.54945755004883,18.902044091132666,0
414,54028,20.700000000000003,54027,54026,50,2.878204919397831,0.2956389216706157,2.4634600849822164,0.11910591274499893,1.7305783576321245,50.0,0,0.65,0.0,0.0028506839919037285,-5.356375217437744,-57.548431396484375,18.98494047274926,0
415,54029,20.75,54028,54027,50,2.283054986037314,0.29063504189252853,1.9016680307686329,0.09075191337615252,1.9283196475991944,50.0,0,0.65,0.0,0.003361137984872188,-5.263940811157227,-57.547210693359375,19.077382940557982,0
416,54030,20.8,54029,54028,50,2.5166829582303762,0.3066189819946885,2.1208010148257017,0.08926296140998602,2.1363463654447314,50.0,0,0.65,0.0,0.002962370920869213,-5.161140441894531,-57.54597473144531,19.180190738049532,0
417,54031,20.85,54030,54029,50,2.5145860854536295,0.29852509032934904,2.125602914020419,0.09045808110386133,2.3431973342729315,50.0,0,0.65,0.0,0.00312527195271137,-5.048072814941406,-57.54451370239258,19.293267804888274,0
418,54032,20.900000000000002,54031,54030,50,2.762518939562142,0.2785839606076479,2.390910987742245,0.0930239912122488,2.5517740977991457,50.0,0,0.5792903608803418,0.0,0.0027481288565430226,-4.924644947052002,-57.54298782348633,19.416705105212714,0
419,54033,20.950000000000003,54032,54031,50,2.296165097504854,0.2777801128104329,1.9284849986433983,0.089899986051023,2.7542952937631955,50.0,0,0.49828188249472183,0.0,0.0029224368652555903,-4.790935039520264,-57.54124069213867,19.550426427033926,0
420,54034,21.0,54033,54032,50,2.524122013710439,0.28585304971784353,2.124856924638152,0.11341203935444355,2.9378819584106934,50.0,0,0.42484721663572267,0.0,0.002571937682246901,-4.647627353668213,-57.5394287109375,19.693745571878935,0
421,54035,21.05,54034,54033,50,2.704050042666495,0.2919000107795,2.315125078894198,0.0970249529927969,3.0947783755179885,50.0,0,0.36208864979280464,0.0,0.0027056923366732587,-4.4959330558776855,-57.537410736083984,19.845453280714537,0
422,54036,21.1,54035,54034,50,2.692998037673533,0.29646698385477066,2.3026090348139405,0.09392201900482178,3.222528397586206,50.0,0,0.3109886409655177,0.0,0.00237674036628589,-4.337276935577393,-57.535369873046875,20.00412252893784,0
423,54037,21.150000000000002,54036,54035,50,2.4856049567461014,0.3013260429725051,2.091160975396633,0.09311793837696314,3.3224034262953523,50.0,0,0.2710386294818591,0.0,0.0025090361369326172,-4.173089027404785,-57.533172607421875,20.168325129655386,0
424,54038,21.200000000000003,54037,54036,50,2.7855290099978447,0.3034110413864255,2.3648040369153023,0.11731393169611692,3.3973707922366665,50.0,0,0.24105168310533343,0.0,0.002188365878649268,-4.004674911499023,-57.53096008300781,20.336753774193312,0
425,54039,21.25,54038,54037,50,2.3415229516103864,0.293352990411222,1.9571400480344892,0.09102991316467524,3.4515027427422167,50.0,0,0.21939890290311334,0.0,0.00230976616585019,-3.833157777786255,-57.52862548828125,20.508286792543913,0
426,54040,21.3,54039,54038,50,3.1991919968277216,0.29456603806465864,2.763696014881134,0.14092994388192892,3.488718518806727,50.0,0,0.20451259247730924,0.0,0.0020118392375688206,-3.6594579219818115,-57.52631759643555,20.682001981643225,0
427,54041,21.35,54040,54039,50,2.715480048209429,0.2911379560828209,2.306330017745495,0.11801207438111305,3.5129642832067183,50.0,0,0.1948142867173127,0.0,0.002134660771750794,-3.484299898147583,-57.52389907836914,20.857176709679152,0
428,54042,21.400000000000002,54041,54040,50,2.717544906772673,0.28641894459724426,2.3317199666053057,0.0994059955701232,3.527398179798806,50.0,0,0.18904072808047767,0.0,0.0018380579390723125,-3.3082330226898193,-57.52151870727539,21.033259678391005,0
429,54043,21.450000000000003,54042,54041,50,2.286880975589156,0.30940596479922533,1.8781120888888836,0.09936292190104723,3.5349223925791815,50.0,0,0.1860310429683274,0.0,0.0019649221613544515,-3.1316587924957275,-57.519046783447266,21.209851208833243,0
430,54044,21.5,54043,54042,50,2.5775309186428785,0.29334600549191236,2.188290935009718,0.09589397814124823,3.5375803401162536,50.0,0,0.1849678639534986,0.0,0.0016782236034728435,-2.95485782623291,-57.516624450683594,21.38666877498963,0
431,54045,21.55,54044,54043,50,2.6111180195584893,0.2988940104842186,2.2126410622149706,0.09958294685930014,3.5372018513680477,50.0,0,0.18511925945278096,0.0,0.0018096235172097908,-2.7780182361602783,-57.51411819458008,21.563526127246405,0
432,54046,21.6,54045,54044,50,2.660000929608941,0.3365209558978677,2.210241975262761,0.11323799844831228,3.5349006359475337,50.0,0,0.18603974562098655,0.0,0.0015288393424167136,-2.601254940032959,-57.51166534423828,21.740306440499808,0
433,54047,21.650000000000002,54046,54045,50,2.558022039011121,0.297058024443686,2.1712209563702345,0.0897430581972003,3.531707225898954,50.0,0,0.18731710964041837,0.0,0.0016669177728096047,-2.4246344566345215,-57.50912857055664,21.916945148018385,0
434,54048,21.700000000000003,54047,54046,50,2.5122329825535417,0.2864549169316888,2.111666020937264,0.11411204468458891,3.5281052866836204,50.0,0,0.18875788532655183,0.0,0.0013881103673686215,-2.2481839656829834,-57.506649017333984,22.09341305842736,0
435,54049,21.75,54048,54047,50,2.86969100125134,0.4389690002426505,2.3398989578709006,0.09082304313778877,3.524615313815279,50.0,0,0.19015387447388843,0.0,0.0015403331018367982,-2.0719103813171387,-57.50410461425781,22.269705001023794,0
436,54050,21.8,54049,54048,50,2.6573759969323874,0.4175109788775444,2.152503002434969,0.087362015619874,3.5213569077645452,50.0,0,0.19145723689418193,0.0,0.0012722474207200352,-1.8958022594451904,-57.501609802246094,22.44583079567292,0
437,54051,21.85,54050,54049,50,2.5931409327313304,0.3075880231335759,2.192468964494765,0.09308394510298967,3.518566671565068,50.0,0,0.19257333137397287,0.0,0.001428701591047585,-1.7198424339294434,-57.499046325683594,22.62180929234364,0
438,54052,21.900000000000002,54051,54050,50,2.519792062230408,0.2973000518977642,2.1313700126484036,0.09112199768424034,3.5161815034862767,50.0,0,0.19352739860548934,0.0,0.0011601750690794109,-1.544008493423462,-57.49652862548828,22.797661248353506,0
439,54053,21.950000000000003,54052,54051,50,2.755400026217103,0.30265701934695244,2.355008968152106,0.09773403871804476,3.514297929512244,50.0,0,0.1942808281951024,0.0,0.0013072639921588114,-1.3682785034179688,-57.493934631347656,22.973410371449972,0
440,54054,22.0,54053,54052,50,2.5429760571569204,0.29827398248016834,2.141828997991979,0.10287307668477297,3.512780574136537,50.0,0,0.19488777034538513,0.0,0.0009579140973853587,-1.1926301717758179,-57.49139404296875,23.149077076223875,0
441,54055,22.05,54054,54053,50,2.8653809567913413,0.3095519496127963,2.461098018102348,0.09473098907619715,3.511670961511755,50.0,0,0.19533161539529795,0.0,0.001023636592457941,-1.0170457363128662,-57.48880386352539,23.324680614975478,0
442,54056,22.1,54055,54054,50,2.781243994832039,0.29172596987336874,2.3893589386716485,0.10015908628702164,3.5108241404809433,50.0,0,0.19567034380762272,0.0,0.0006110195391491532,-0.8415073156356812,-57.48626708984375,23.50023736408093,0
443,54057,22.150000000000002,54056,54055,50,2.629851922392845,0.2870958996936679,2.231248072348535,0.1115079503506422,3.5102569047877576,50.0,0,0.19589723808489695,0.0,0.0005860510413253574,-0.6660032272338867,-57.48367691040039,23.675760570672537,0
444,54058,22.200000000000003,54057,54056,50,2.5425059720873833,0.3064889460802078,2.138621057383716,0.09739596862345934,3.5098545097545757,50.0,0,0.19605819609816974,0.0,0.00012051823661151607,-0.49052122235298157,-57.48115921020508,23.85126063576081,0
445,54059,22.25,54058,54057,50,2.5180750526487827,0.2948000328615308,2.1324389381334186,0.09083608165383339,3.509616295176979,50.0,0,0.19615348192920834,0.0,7.207955634236371e-05,-0.31505483388900757,-57.47858810424805,24.026745859292532,0
446,54060,22.3,54059,54058,50,2.4879619013518095,0.2953719813376665,2.0998099353164434,0.09277998469769955,3.509475917626028,50.0,0,0.19620963294958874,0.0,-0.0004158680953719776,-0.13959605991840363,-57.47610855102539,24.2022221570287,0
447,54061,22.35,54060,54059,50,3.0848190654069185,0.2927359892055392,2.6874380419030786,0.10464503429830074,3.5094099497525906,50.0,0,0.1962360200989638,0.0,-0.0004827461302632728,0.03585750609636307,-57.47357940673828,24.377693954614188,0
448,54062,22.400000000000002,54061,54060,50,2.608706010505557,0.29017403721809387,2.201160998083651,0.11737097520381212,3.509406030136012,50.0,0,0.19623758794559515,0.0,-0.000987777630881874,0.21131087839603424,-57.47114181518555,24.553164247182394,0
449,54063,22.450000000000003,54062,54061,50,2.7128889923915267,0.28392195235937834,2.3263830225914717,0.10258401744067669,3.509410084223211,50.0,0,0.1962359663107156,0.0,-0.001057581292219818,0.3867640495300293,-57.46866989135742,24.728634837773825,0
450,54064,22.5,54063,54062,50,2.5212160544469953,0.2684530336409807,2.1414830116555095,0.11128000915050507,3.509465868109677,50.0,0,0.19621365275612918,0.0,-0.0015338139332945254,0.5622203350067139,-57.46630859375,24.904107007888342,0
451,54065,22.55,54064,54063,50,2.4928649654611945,0.28283591382205486,2.0973150385543704,0.11271401308476925,3.509486461136123,50.0,0,0.19620541554555082,0.0,-0.0015972201823018757,0.7376781105995178,-57.46391296386719,25.079581130054976,0
452,54066,22.6,54065,54064,50,2.4374319473281503,0.29688095673918724,2.0097739761695266,0.13077701441943645,3.509562595455672,50.0,0,0.19617496181773114,0.0,-0.0020872394285276637,0.9131397604942322,-57.46162414550781,25.255057696012045,0
453,54067,22.650000000000002,54066,54065,50,2.5550000136718154,0.2903339918702841,2.1702019730582833,0.09446404874324799,3.5095707277688795,50.0,0,0.19617170889244823,0.0,-0.002125993126907805,1.088603138923645,-57.45930862426758,25.43053634813168,0
454,54068,22.700000000000003,54067,54066,50,2.625518012791872,0.31732895877212286,2.2024830104783177,0.10570604354143143,3.5096509177784703,50.0,0,0.19613963288861191,0.0,-0.002588154575990692,1.2640702724456787,-57.45710754394531,25.60601728012898,0
455,54069,22.75,54068,54067,50,3.3888909965753555,0.2888740273192525,2.916352008469403,0.18366496078670025,3.509638765734143,50.0,0,0.1961444937063428,0.0,-0.0026306933827669895,1.4395383596420288,-57.454891204833984,25.781499359515692,0
456,54070,22.8,54069,54068,50,2.498256042599678,0.30613807030022144,2.099101897329092,0.09301607497036457,3.509717142319926,50.0,0,0.19611314307202968,0.0,-0.00308436211337209,1.6150100231170654,-57.45278549194336,25.95698365917542,0
457,54071,22.85,54070,54069,50,2.4864040315151215,0.2910459879785776,2.1036460530012846,0.09171199053525925,3.5096839714866768,50.0,0,0.1961264114053293,0.0,-0.003092427975694604,1.7904821634292603,-57.45067596435547,26.132468480375792,0
458,54072,22.900000000000002,54071,54070,50,2.3339829640462995,0.3007629420608282,1.9182690884917974,0.1149509334936738,3.5097609554417697,50.0,0,0.19609561782329213,0.0,-0.0035147167715112566,1.9659574031829834,-57.44868087768555,26.307955059913184,0
459,54073,22.950000000000003,54072,54071,50,2.4766200222074986,0.29488897416740656,2.0681479945778847,0.11358305346220732,3.509708594840696,50.0,0,0.19611656206372158,0.0,-0.0035300841197015817,2.141432523727417,-57.44668197631836,26.48344156494477,0
460,54074,23.0,54073,54072,50,2.6572661008685827,0.29326509684324265,2.2687779273837805,0.0952230766415596,3.509785668728857,50.0,0,0.19608573250845718,0.0,-0.003943155220440501,2.3169102668762207,-57.44479751586914,26.658929425982024,0
461,54075,23.05,54074,54073,50,3.293266985565424,0.29925291892141104,2.8944230871275067,0.0995909795165062,3.509719256084181,50.0,0,0.19611229756632761,0.0,-0.003931737034725308,2.492387294769287,-57.44291305541992,26.83441657176354,0
462,54076,23.1,54075,54074,50,2.3975269868969917,0.28317293617874384,2.020896994508803,0.093457056209445,3.5097997449923257,50.0,0,0.19608010200306972,0.0,-0.004328695546898313,2.6678664684295654,-57.44115447998047,27.009904552010084,0
463,54077,23.150000000000002,54076,54075,50,2.5491529377177358,0.28631300665438175,2.149767940863967,0.11307199019938707,3.5097216504764006,50.0,0,0.19611133980943976,0.0,-0.004304468406652356,2.8433449268341064,-57.43940353393555,27.185391742495085,0
464,54078,23.200000000000003,54077,54076,50,2.5951690040528774,0.28903805650770664,2.2161529632285237,0.08997798431664705,3.509806755726349,50.0,0,0.19607729770946047,0.0,-0.004692223746923437,3.0188262462615967,-57.43777084350586,27.360880661514784,0
465,54079,23.25,54078,54077,50,2.9240299481898546,0.2892320044338703,2.535192994400859,0.09960494935512543,3.5097187084052464,50.0,0,0.19611251663790147,0.0,-0.004658818667786549,3.194305896759033,-57.43614959716797,27.5363678072963,0
466,54080,23.3,54079,54078,50,2.6004610117524862,0.2783189993351698,2.224544994533062,0.09759701788425446,3.5098094848633625,50.0,0,0.196076206054655,0.0,-0.005019973598933848,3.369788408279419,-57.434661865234375,27.711856622007872,0
467,54081,23.35,54080,54079,50,2.5371999945491552,0.29673194512724876,2.151041990146041,0.08942605927586555,3.509715008639233,50.0,0,0.1961139965443069,0.0,-0.004922077045997779,3.545269727706909,-57.43317794799805,27.887344214824225,0
468,54082,23.400000000000002,54081,54080,50,2.4811680195853114,0.2937380922958255,2.0947649609297514,0.09266496635973454,3.5098121677350567,50.0,0,0.19607513290597733,0.0,-0.005189640961452012,3.720752477645874,-57.43182373046875,28.06283219507077,0
469,54083,23.450000000000003,54082,54081,50,2.510346006602049,0.29792089480906725,2.1204330259934068,0.09199208579957485,3.509713099068469,50.0,0,0.19611476037261238,0.0,-0.004982795932534632,3.8962349891662598,-57.43048095703125,28.238319847491766,0
470,54084,23.5,54083,54082,50,2.521686954423785,0.29964197892695665,2.129992935806513,0.09205203969031572,3.5098133718843214,50.0,0,0.19607465124627144,0.0,-0.005162569203349089,4.071719169616699,-57.42926025390625,28.413808274773146,0
471,54085,23.55,54084,54083,50,2.3860950022935867,0.31230796594172716,1.9868420204147696,0.08694501593708992,3.5097140023617768,50.0,0,0.1961143990552893,0.0,-0.00489217214930144,4.247201919555664,-57.428035736083984,28.589295301345373,0
472,54086,23.6,54085,54084,50,2.5850769598037004,0.30562595929950476,2.1666500251740217,0.11280097533017397,3.5098139603900598,50.0,0,0.1960744158439761,0.0,-0.00502119686791138,4.42268705368042,-57.42692565917969,28.76478395214417,0
473,54087,23.650000000000002,54086,54085,50,2.6044059777632356,0.3196579637005925,2.193729975260794,0.09101803880184889,3.509716507213361,50.0,0,0.19611339711465556,0.0,-0.004710424298988622,4.598171234130859,-57.42580795288086,28.940271693972136,0
474,54088,23.700000000000003,54087,54086,50,2.666348940692842,0.3003249876201153,2.2658839588984847,0.10013999417424202,3.509813329728156,50.0,0,0.19607466810873753,0.0,-0.004801555006908503,4.773657321929932,-57.424808502197266,29.115760627892996,0
475,54089,23.75,54088,54087,50,2.6641939766705036,0.28415489941835403,2.285574097186327,0.0944649800658226,3.509720081210099,50.0,0,0.1961119675159605,0.0,-0.0044649092575703014,4.9491424560546875,-57.42379379272461,29.291248697546507,0
476,54090,23.8,54089,54088,50,2.4712031008675694,0.2879271050915122,2.0803059451282024,0.1029700506478548,3.5098125525068284,50.0,0,0.19607497899726864,0.0,-0.004549102877393233,5.124629497528076,-57.422874450683594,29.46673815300801,0
477,54091,23.85,54090,54089,50,2.4081850424408913,0.2982279984280467,2.001508022658527,0.10844902135431767,3.509722844132204,50.0,0,0.19611086234711836,0.0,-0.004207612828256971,5.300114631652832,-57.42193603515625,29.642225790527846,0
478,54092,23.900000000000002,54091,54090,50,2.7397520607337356,0.297019025310874,2.321799984201789,0.12093305122107267,3.5098101615919277,50.0,0,0.19607593536322893,0.0,-0.0042796761765331506,5.4756011962890625,-57.42110824584961,29.817714307216193,0
479,54093,23.950000000000003,54092,54091,50,2.4544260231778026,0.28419797308743,2.0777879981324077,0.0924400519579649,3.509724356436341,50.0,0,0.19611025742546354,0.0,-0.003927509761661464,5.651086807250977,-57.420257568359375,29.993201989439513,0
480,54094,24.0,54093,54092,50,2.586787915788591,0.3066830104216933,2.1903679007664323,0.0897370046004653,3.509805775135976,50.0,0,0.19607768994560965,0.0,-0.003998768335569634,5.826573371887207,-57.41950607299805,30.168690163401152,0
481,54095,24.05,54094,54093,50,2.626043977215886,0.28246594592928886,2.245633048005402,0.09794498328119516,3.5097260925172824,50.0,0,0.19610956299308704,0.0,-0.003652667346439629,6.002058982849121,-57.418724060058594,30.344177517798926,0
482,54096,24.1,54095,54094,50,2.5249969912692904,0.3038429422304034,2.1250610006973147,0.09609304834157228,3.5098023720258693,50.0,0,0.1960790511896523,0.0,-0.003725410963387023,6.177545547485352,-57.41804504394531,30.51966539373734,0
483,54097,24.150000000000002,54096,54095,50,2.490618033334613,0.28922606725245714,2.109664957970381,0.09172700811177492,3.509728211611216,50.0,0,0.19610871535551358,0.0,-0.003382419557065958,6.353031635284424,-57.41733169555664,30.69515292694905,0
484,54098,24.200000000000003,54097,54096,50,2.5884060887619853,0.2983770100399852,2.177861984819174,0.11216709390282631,3.509799304624005,50.0,0,0.19608027815039808,0.0,-0.0034599179535923226,6.5285186767578125,-57.41671371459961,30.870641056207205,0
485,54099,24.25,54098,54097,50,2.7001709677278996,0.2899710088968277,2.2884049685671926,0.1217949902638793,3.5097301014823223,50.0,0,0.19610795940707107,0.0,-0.003125195785329109,6.704004287719727,-57.41605758666992,31.046127889064337,0
486,54100,24.3,54099,54098,50,2.6052120374515653,0.2974080853164196,2.21344199962914,0.09436195250600576,3.5097952125907543,50.0,0,0.19608191496369828,0.0,-0.00321206410049935,6.879491329193115,-57.415496826171875,31.221615824607397,0
487,54101,24.35,54100,54099,50,2.6991399936378,0.41574996430426836,2.177126007154584,0.10626402217894793,3.50973183129852,50.0,0,0.19610726748059193,0.0,-0.0028834195324089307,7.0549774169921875,-57.41489791870117,31.397102940586592,0
488,54102,24.400000000000002,54101,54100,50,3.251606016419828,0.29569806065410376,2.83102598041296,0.12488197535276413,3.509793784871858,50.0,0,0.19608248605125686,0.0,-0.002979421060353052,7.230464458465576,-57.41438674926758,31.57259072711804,0
489,54103,24.450000000000003,54102,54101,50,2.614420955069363,0.30321697704494,2.211546991020441,0.09965698700398207,3.5097349852111024,50.0,0,0.19610600591555905,0.0,-0.0025931996816060806,7.40595006942749,-57.413841247558594,31.748077187446142,0
490,54104,24.5,54103,54102,50,2.6271629612892866,0.3174319863319397,2.223870949819684,0.08586002513766289,3.5097918807774695,50.0,0,0.1960832476890122,0.0,-0.002700880315002792,7.581437110900879,-57.41337585449219,31.92356483986714,0
491,54105,24.55,54104,54103,50,2.563043963164091,0.3594619920477271,2.109043998643756,0.09453797247260809,3.509737910446137,50.0,0,0.1961048358215452,0.0,-0.002394568940133998,7.756923198699951,-57.41287612915039,32.09905164292195,0
492,54106,24.6,54105,54104,50,2.896087011322379,0.31297700479626656,2.4705990217626095,0.11251098476350307,3.509789152641297,50.0,0,0.1960843389434812,0.0,-0.0025154861531519416,7.93241024017334,-57.4124641418457,32.2745391612325,0
493,54107,24.650000000000002,54106,54105,50,2.857975894585252,0.2927089808508754,2.4471579818055034,0.11810893192887306,3.509739841837335,50.0,0,0.19610406326506596,0.0,-0.0022147635234966365,8.10789680480957,-57.41200256347656,32.450026336816336,0
494,54108,24.700000000000003,54107,54106,50,2.9331459663808346,0.41513191536068916,2.4175900034606457,0.10042404755949974,3.5097882926407133,50.0,0,0.19608468294371467,0.0,-0.002350248275744489,8.2833833694458,-57.41161346435547,32.62551333358624,0
495,54109,24.75,54108,54107,50,2.5158319622278214,0.2933699870482087,2.128269989043474,0.09419198613613844,3.5097415230142714,50.0,0,0.19610339079429143,0.0,-0.002049531109978362,8.458870887756348,-57.41120147705078,32.801001328733946,0
496,54110,24.8,54109,54108,50,2.7042239671573043,0.3011259250342846,2.309674979187548,0.09342306293547153,3.5097857606909053,50.0,0,0.19608569572363788,0.0,-0.002177919977357072,8.634359359741211,-57.41086959838867,32.976490113643194,0
497,54111,24.85,54110,54109,50,2.5785280158743262,0.29101502150297165,2.1924999309703708,0.09501306340098381,3.5097420618497197,50.0,0,0.19610317526011212,0.0,-0.0018897991190269868,8.809847831726074,-57.41048049926758,33.15197901776173,0
498,54112,24.900000000000002,54111,54110,50,2.634708071127534,0.2946869935840368,2.2493040887638927,0.09071698877960443,3.5097834814474513,50.0,0,0.19608660742101947,0.0,-0.0020235062890154826,8.985335350036621,-57.410179138183594,33.32746678939202,0
499,54113,24.950000000000003,54112,54111,50,2.8593919705599546,0.2885429421439767,2.469192026183009,0.10165700223296881,3.5097437378887206,50.0,0,0.19610250484451175,0.0,-0.0017375327927249343,9.160823822021484,-57.409828186035156,33.50295560410359,0
500,54114,25.0,54113,54112,50,2.412729081697762,0.3105910727754235,1.9841499160975218,0.1179880928248167,3.509781631943614,50.0,0,0.19608734722255436,0.0,-0.0018835434881105317,9.336312294006348,-57.409549713134766,33.67844429960587,0
501,54115,25.05,54114,54113,50,2.415340975858271,0.29259396251291037,2.0286570070311427,0.09409000631421804,3.5097448572897867,50.0,0,0.19610205708408535,0.0,-0.0016000459014765744,9.511800765991211,-57.40923309326172,33.8539330547128,0
502,54116,25.1,54115,54114,50,2.6172749930992723,0.2830630401149392,2.2230269387364388,0.11118501424789429,3.509780639177547,50.0,0,0.1960877443289812,0.0,-0.0017519179498360605,9.687288284301758,-57.40898132324219,34.02942075183728,0
503,54117,25.150000000000002,54116,54115,50,2.614983939565718,0.2814889885485172,2.2397569846361876,0.0937379663810134,3.509746355942875,50.0,0,0.19610145762285003,0.0,-0.0014693003155372122,9.862776756286621,-57.408695220947266,34.20490946224072,0
504,54118,25.200000000000003,54117,54116,50,3.3343950053676963,0.2928379690274596,2.9402499785646796,0.10130705777555704,3.509779068019764,50.0,0,0.1960883727920944,0.0,-0.0016237922352723814,10.038265228271484,-57.40847396850586,34.380398068336035,0
505,54119,25.25,54118,54117,50,2.453034045174718,0.29901997186243534,2.036452991887927,0.1175610814243555,3.509747985061392,50.0,0,0.19610080597544322,0.0,-0.0013498378867368589,10.213752746582031,-57.40821075439453,34.55588578036168,0
506,54120,25.3,54119,54118,50,2.36807600595057,0.29538001399487257,1.977180945686996,0.09551504626870155,3.5097787983286794,50.0,0,0.19608848066852824,0.0,-0.0015056502456318093,10.389242172241211,-57.40802001953125,34.731375310328986,0
507,54121,25.35,54120,54119,50,2.5849109515547752,0.49116602167487144,1.9932219292968512,0.10052300058305264,3.5097499469888853,50.0,0,0.1961000212044459,0.0,-0.0012345745440483927,10.564729690551758,-57.40778350830078,34.906862992552306,0
508,54122,25.400000000000002,54121,54120,50,2.6589760091155767,0.3097499720752239,2.225331962108612,0.12389407493174076,3.509779343171808,50.0,0,0.19608826273127689,0.0,-0.001392930844932388,10.740218162536621,-57.407615661621094,35.082351539042975,0
509,54123,25.450000000000003,54122,54121,50,2.4647479876875877,0.3117180895060301,2.058418933302164,0.09461096487939358,3.5097527110617945,50.0,0,0.1960989155752822,0.0,-0.0011260687177293452,10.915706634521484,-57.40740203857422,35.25784014513829,0
510,54124,25.5,54123,54122,50,2.729036961682141,0.29338395688682795,2.3474899353459477,0.08816306944936514,3.5097787758151293,50.0,0,0.1960884896739483,0.0,-0.0012881212688028872,11.091193199157715,-57.40726089477539,35.433326769379164,0
511,54125,25.55,54124,54123,50,2.9382709180936217,0.30236400198191404,2.507548895664513,0.12835802044719458,3.5097538736432274,50.0,0,0.19609845054270902,0.0,-0.0010286948743079367,11.266681671142578,-57.40706253051758,35.608815345672156,0
512,54126,25.6,54125,54124,50,2.5301339337602258,0.28130493592470884,2.1528920624405146,0.09593693539500237,3.5097777901631866,50.0,0,0.19608888393472537,0.0,-0.0011865519894587537,11.442170143127441,-57.406951904296875,35.78430384745934,0
513,54127,25.650000000000002,54126,54125,50,2.225658972747624,0.29016099870204926,1.839302945882082,0.09619502816349268,3.5097567142118558,50.0,0,0.1960973143152577,0.0,-0.0009466527779827764,11.617658615112305,-57.40677261352539,35.95979240885117,0
514,54128,25.700000000000003,54127,54126,50,2.5759750278666615,0.30300708021968603,2.173208980821073,0.09975896682590246,3.509779054543202,50.0,0,0.19608837818271924,0.0,-0.0011272188097262805,11.793147087097168,-57.40666198730469,36.13528091063836,0
515,54129,25.75,54128,54127,50,2.6186220347881317,0.2887400332838297,2.243567956611514,0.08631404489278793,3.5097580181018295,50.0,0,0.1960967927592682,0.0,-0.0008727644266105192,11.968634605407715,-57.40650177001953,36.31076850345471,0
516,54130,25.8,54129,54128,50,2.574922051280737,0.28271996416151524,2.1947110071778297,0.09749107994139194,3.509779538155051,50.0,0,0.19608818473797954,0.0,-0.001043892396820054,12.144123077392578,-57.40641403198242,36.486256990340735,0
517,54131,25.85,54130,54129,50,2.300666063092649,0.2810250734910369,1.926853903569281,0.09278708603233099,3.5097583481377725,50.0,0,0.196096660744891,0.0,-0.0007875657096417021,12.319611549377441,-57.406272888183594,36.66174552193024,0
518,54132,25.900000000000002,54131,54130,50,2.4003839353099465,0.2912599593400955,2.01767694670707,0.09144702926278114,3.509777253248663,50.0,0,0.1960890987005348,0.0,-0.0009647154887340247,12.495100021362305,-57.40619659423828,36.83723400881627,0
519,54133,25.950000000000003,54132,54131,50,2.5149639695882797,0.2971899230033159,2.1058840211480856,0.1118900254368782,3.509758244933922,50.0,0,0.19609670202643115,0.0,-0.0007162180778350109,12.670588493347168,-57.40606689453125,37.012722525504614,0
520,54134,26.0,54133,54132,50,2.713131019845605,0.29685499612241983,2.285327995195985,0.13094802852720022,3.5097757104156497,50.0,0,0.19608971583374013,0.0,-0.0008939035745013184,12.846076011657715,-57.406009674072266,37.18821005871632,0
521,54135,26.05,54134,54133,50,2.4817329831421375,0.2829770091921091,2.105397987179458,0.09335798677057028,3.5097564957816925,50.0,0,0.19609740168732304,0.0,-0.0006455257826845836,13.021564483642578,-57.40589904785156,37.36369856050351,0
522,54136,26.1,54135,54134,50,2.68505304120481,0.2935359952971339,2.2723800502717495,0.11913699563592672,3.5097727645409766,50.0,0,0.19609089418360937,0.0,-0.0008316571578927948,13.197052955627441,-57.40584182739258,37.53918704738953,0
523,54137,26.150000000000002,54136,54135,50,2.5337740080431104,0.2882719272747636,2.1540820598602295,0.0914200209081173,3.509756196746356,50.0,0,0.19609752130145763,0.0,-0.000584456183551138,13.372541427612305,-57.40574645996094,37.71467554917672,0
524,54138,26.200000000000003,54137,54136,50,2.376014948822558,0.2917120000347495,1.9898810423910618,0.09442190639674664,3.509770550591096,50.0,0,0.19609177976356165,0.0,-0.0007670514431657334,13.548029899597168,-57.40571594238281,37.89016402116158,0
525,54139,26.25,54138,54137,50,2.4023629957810044,0.2969210036098957,1.9873729906976223,0.11806900147348642,3.5097561550642835,50.0,0,0.1960975379742866,0.0,-0.0005250843970566938,13.723517417907715,-57.4056282043457,38.06565155437329,0
526,54140,26.3,54139,54138,50,2.520645037293434,0.30458206310868263,2.105823950842023,0.11023902334272861,3.5097702626083147,50.0,0,0.19609189495667412,0.0,-0.0007168012024265146,13.899005889892578,-57.40559768676758,38.24114002635815,0
527,54141,26.35,54140,54139,50,2.305442001670599,0.2725400263443589,1.9306859467178583,0.10221602860838175,3.509757077465875,50.0,0,0.19609716901364999,0.0,-0.00047434386531994396,14.074494361877441,-57.405521392822266,38.41662851324418,0
528,54142,26.400000000000002,54141,54140,50,3.415443003177643,0.3274549962952733,2.9872810700908303,0.10070693679153919,3.5097699849760615,50.0,0,0.1960920060095754,0.0,-0.0006588153699915457,14.249982833862305,-57.405517578125,38.59211698522904,0
529,54143,26.450000000000003,54142,54141,50,2.757520996965468,0.3147099632769823,2.3532010382041335,0.08960999548435211,3.5097570591471725,50.0,0,0.196097176341131,0.0,-0.0004267812600030357,14.425471305847168,-57.40544128417969,38.767605472115065,0
530,54144,26.5,54143,54142,50,2.481030998751521,0.2911409828811884,2.093128045089543,0.09676197078078985,3.509768527289622,50.0,0,0.19609258908415123,0.0,-0.0006167381368281956,14.600958824157715,-57.40544128417969,38.94309299042561,0
531,54145,26.55,54144,54143,50,2.587307943031192,0.2866059076040983,2.2081680363044143,0.09253399912267923,3.509757047123302,50.0,0,0.19609718115067915,0.0,-0.00038286950552593224,14.776447296142578,-57.40538024902344,39.118581477311636,0
532,54146,26.6,54145,54144,50,2.6628109626471996,0.2987759653478861,2.2616180358454585,0.10241696145385504,3.509769916684347,50.0,0,0.1960920333262612,0.0,-0.0005419712679798186,14.951935768127441,-57.40540313720703,39.2940699492965,0
533,54147,26.650000000000002,54146,54145,50,2.8058720054104924,0.4073249874636531,2.3109910544008017,0.08755596354603767,3.509756326757571,50.0,0,0.19609746929697158,0.0,-0.0003004787830484518,15.127424240112305,-57.40535354614258,39.46955842128136,0
534,54148,26.700000000000003,54147,54146,50,2.814800012856722,0.30277599580585957,2.417823998257518,0.0942000187933445,3.5097668282386403,50.0,0,0.1960932687045439,0.0,-0.0004986229147233612,15.302912712097168,-57.40536880493164,39.645046893266226,0
535,54149,26.75,54148,54147,50,2.4145740317180753,0.29888900462538004,2.023202017880976,0.09248300921171904,3.5097568036658346,50.0,0,0.19609727853366615,0.0,-0.00027189880554774176,15.478400230407715,-57.40532684326172,39.82053441157677,0
536,54150,26.8,54149,54148,50,2.4979879381135106,0.29430899303406477,2.1077620331197977,0.09591691195964813,3.509768016450079,50.0,0,0.19609279341996846,0.0,-0.0004508161364486549,15.653888702392578,-57.40534973144531,39.996022883561636,0
537,54151,26.85,54150,54149,50,2.5978420162573457,0.3024459583684802,2.1776800276711583,0.11771603021770716,3.509759427200527,50.0,0,0.1960962291197893,0.0,-0.00023523173784437002,15.829377174377441,-57.40530776977539,40.1715113555465,0
538,54152,26.900000000000002,54151,54150,50,2.185550983995199,0.28488493990153074,1.8026339821517467,0.09803206194192171,3.5097670581020264,50.0,0,0.19609317675918947,0.0,-0.0004465738023830975,16.004865646362305,-57.40533447265625,40.34699982753136,0
539,54153,26.950000000000003,54152,54151,50,2.668796922080219,0.3602809738367796,2.2169810254126787,0.09153492283076048,3.5097596729970872,50.0,0,0.1960961308011651,0.0,-0.0002297135585587139,16.18035316467285,-57.40529251098633,40.52248734584191,0
540,54154,27.0,54153,54152,50,2.5458510499447584,0.29870099388062954,2.138821058906615,0.1083289971575141,3.5097689632039017,50.0,0,0.1960924147184393,0.0,-0.00043542681228611537,16.35584259033203,-57.40531921386719,40.69797677150109,0
541,54155,27.05,54154,54153,50,2.923069056123495,0.2995030954480171,2.5236509973183274,0.09991496335715055,3.5097618318288455,50.0,0,0.19609526726846183,0.0,-0.000208388027175974,16.531330108642578,-57.405296325683594,40.873464289811636,0
542,54156,27.1,54155,54154,50,2.5385390035808086,0.2947859466075897,2.1150499815121293,0.1287030754610896,3.509769205164472,50.0,0,0.19609231793421122,0.0,-0.000410197572647224,16.706817626953125,-57.405330657958984,41.04895180812218,0
543,54157,27.150000000000002,54156,54155,50,2.5251690531149507,0.2856730716302991,2.1288939751684666,0.110602006316185,3.509762559361281,50.0,0,0.19609497625548755,0.0,-0.0001866248293768927,16.882307052612305,-57.40530776977539,41.22444123378136,0
544,54158,27.200000000000003,54157,54156,50,2.7149959933012724,0.29567594174295664,2.3273350670933723,0.09198498446494341,3.5097704030755508,50.0,0,0.1960918387697797,0.0,-0.00038331763204632754,17.05779457092285,-57.40536117553711,41.39992876699307,0
545,54159,27.25,54158,54157,50,3.0146350618451834,0.43198501225560904,2.4888700572773814,0.09377999231219292,3.5097635253329913,50.0,0,0.1960945898668035,0.0,-0.00015974958111144024,17.23328399658203,-57.40534591674805,41.57541819265225,0
546,54160,27.3,54159,54158,50,2.547982963733375,0.3091589314863086,2.146312966942787,0.09251106530427933,3.509770647742652,50.0,0,0.1960917409029392,0.0,-0.0003578037510512324,17.408771514892578,-57.405399322509766,41.75090572586396,0
547,54161,27.35,54160,54159,50,2.5186219718307257,0.2955639502033591,2.1138140000402927,0.1092440215870738,3.509763775683867,50.0,0,0.19609448972645327,0.0,-0.00013970955203255206,17.584259033203125,-57.40538024902344,41.926393244174506,0
548,54162,27.400000000000002,54161,54160,50,2.3754360154271126,0.2847339492291212,1.999870059080422,0.09083200711756945,3.5097699402995595,50.0,0,0.19609202388017621,0.0,-0.0003437338391820244,17.759748458862305,-57.405433654785156,42.101882684734846,0
549,54163,27.450000000000003,54162,54161,50,2.6608100160956383,0.2928689355030656,2.277253079228103,0.09068800136446953,3.5097635531112714,50.0,0,0.19609457875549144,0.0,-0.00012561055785561602,17.93523597717285,-57.405418395996094,42.27737020304539,0
550,54164,27.5,54163,54162,50,2.4861450074240565,0.28072798158973455,2.1134749986231327,0.09194202721118927,3.5097694738208856,50.0,0,0.1960922104716458,0.0,-0.0003321630640148937,18.11072540283203,-57.40547180175781,42.452859643605734,0
551,54165,27.55,54164,54163,50,2.640677965246141,0.2761100186035037,2.2495510056614876,0.11501694098114967,3.5097638095428474,50.0,0,0.19609447618286105,0.0,-0.00010775428541438958,18.286212921142578,-57.40546798706055,42.62834716191628,0
552,54166,27.6,54165,54164,50,3.4397050039842725,0.39759697392582893,2.925315056927502,0.11679297313094139,3.5097690074290777,50.0,0,0.19609239702836892,0.0,-0.00031468996454338906,18.461700439453125,-57.40552520751953,42.80383469512799,0
553,54167,27.650000000000002,54166,54165,50,2.7775040362030268,0.2868690062314272,2.3948949528858066,0.09574007708579302,3.5097631096197723,50.0,0,0.19609475615209107,0.0,-8.826878370501109e-05,18.637189865112305,-57.40553283691406,42.97932412078717,0
554,54168,27.700000000000003,54167,54166,50,2.3821169743314385,0.3008779603987932,1.9856620347127318,0.09557697921991348,3.5097680631456365,50.0,0,0.1960927747417454,0.0,-0.0002975808153717518,18.81267738342285,-57.40559005737305,43.15481165399888,0
555,54169,27.75,54168,54167,50,2.66499409917742,0.412448076531291,2.1329509327188134,0.11959508992731571,3.5097636004989705,50.0,0,0.1960945598004118,0.0,-7.566300855660953e-05,18.98816680908203,-57.40559387207031,43.33030107965806,0
556,54170,27.8,54169,54168,50,3.2691749511286616,0.2801199443638325,2.86226999014616,0.12678501661866903,3.5097685510188295,50.0,0,0.19609257959246823,0.0,-0.00027884171017113554,19.163654327392578,-57.405662536621094,43.505788612869765,0
557,54171,27.85,54170,54169,50,2.767237019725144,0.4141449462622404,2.260211971588433,0.09288010187447071,3.5097648054239725,50.0,0,0.196094077830411,0.0,-5.6233816519005155e-05,19.339141845703125,-57.40567398071289,43.68127613118031,0
558,54172,27.900000000000002,54171,54170,50,2.4203240172937512,0.28639507945626974,2.0366159733384848,0.09731296449899673,3.509769035854425,50.0,0,0.19609238565822995,0.0,-0.0002617890808846781,19.514631271362305,-57.40574645996094,43.85676557174065,0
559,54173,27.950000000000003,54172,54171,50,2.84766498953104,0.31059596221894026,2.435529022477567,0.10154000483453274,3.509764101337633,50.0,0,0.1960943594649468,0.0,-4.368493659186377e-05,19.69011878967285,-57.40575408935547,44.0322530900512,0
560,54174,28.0,54173,54172,50,2.393368980847299,0.3934619016945362,1.8988510128110647,0.10105606634169817,3.5097685682931665,50.0,0,0.1960925726827334,0.0,-0.0002473612626871896,19.86560821533203,-57.40583419799805,44.20774253061154,0
561,54175,28.05,54174,54173,50,2.517296001315117,0.2934020012617111,2.104188082739711,0.11970591731369495,3.509764112903049,50.0,0,0.1960943548387805,0.0,-2.8317906178068987e-05,20.041095733642578,-57.40584182739258,44.38323004892209,0
562,54176,28.1,54175,54174,50,2.638575038872659,0.2845609560608864,2.2401270689442754,0.11388701386749744,3.5097683374655686,50.0,0,0.19609266501377257,0.0,-0.00023224338391488706,20.216583251953125,-57.40592575073242,44.558717582133795,0
563,54177,28.150000000000002,54176,54175,50,2.6253379182890058,0.426257960498333,2.0890990272164345,0.1099809305742383,3.5097645990349466,50.0,0,0.19609416038602134,0.0,-1.676481309720217e-05,20.392072677612305,-57.40593719482422,44.734207007792975,0
564,54178,28.200000000000003,54177,54176,50,2.37172597553581,0.3159430343657732,1.9580830121412873,0.09769992902874947,3.509768106788409,50.0,0,0.1960927572846364,0.0,-0.00022187848579886747,20.56756019592285,-57.40602111816406,44.90969454100468,0
565,54179,28.25,54178,54177,50,2.621744992211461,0.2908739261329174,2.2083650110289454,0.12250605504959822,3.5097638944209284,50.0,0,0.19609444223162864,0.0,-9.714939332075942e-06,20.74304962158203,-57.406028747558594,45.08518396666386,0
566,54180,28.3,54179,54178,50,2.702708006836474,0.28523209039121866,2.2947959369048476,0.12267997954040766,3.5097669239477867,50.0,0,0.19609323042088533,0.0,-0.00021388936668953405,20.918537139892578,-57.40611267089844,45.26067149987557,0
567,54181,28.35,54180,54179,50,2.371630980633199,0.30480395071208477,1.9530090503394604,0.11381797958165407,3.5097636677288486,50.0,0,0.19609453290846057,0.0,-2.91429835321189e-06,21.094024658203125,-57.40612030029297,45.43615901818612,0
568,54182,28.400000000000002,54181,54180,50,2.9106599977239966,0.38519897498190403,2.427891013212502,0.0975700095295906,3.509767171649951,50.0,0,0.1960931313400197,0.0,-0.0002115928395153524,21.269514083862305,-57.40620422363281,45.61164847364762,0
569,54183,28.450000000000003,54182,54181,50,2.5380459846928716,0.2955950330942869,2.1496389526873827,0.09281199891120195,3.5097639207739033,50.0,0,0.1960944316904387,0.0,1.509677328068911e-06,21.44500160217285,-57.40621566772461,45.787135991958166,0
570,54184,28.5,54183,54182,50,2.572030993178487,0.28045999351888895,2.2003749618306756,0.09119603782892227,3.509767420828942,50.0,0,0.1960930316684232,0.0,-0.0002092956956043243,21.62049102783203,-57.40629577636719,45.96262543251851,0
571,54185,28.55,54184,54183,50,2.378599951043725,0.296982005238533,1.9898349419236183,0.09178300388157368,3.509764651091754,50.0,0,0.19609413956329844,0.0,1.1127737790753969e-05,21.795978546142578,-57.40631866455078,46.138112950829054,0
572,54186,28.6,54185,54184,50,2.4269770365208387,0.29373797588050365,2.039227052591741,0.094012008048594,3.5097674291198526,50.0,0,0.19609302835205897,0.0,-0.00020086611721623976,21.971466064453125,-57.40639877319336,46.31360048404076,0
573,54187,28.650000000000002,54186,54185,50,2.682683989405632,0.29440398793667555,2.2911629639565945,0.097117037512362,3.5097639457724528,50.0,0,0.1960944216910189,0.0,1.4115141440227748e-05,22.146955490112305,-57.40641784667969,46.48908990969994,0
574,54188,28.700000000000003,54187,54186,50,2.4757079081609845,0.2861779648810625,2.0971299381926656,0.09240000508725643,3.5097672007152827,50.0,0,0.19609311971388693,0.0,-0.0001957512140592175,22.32244300842285,-57.40650177001953,46.66457744291165,0
575,54189,28.75,54188,54187,50,2.639085054397583,0.29481807723641396,2.2288019536063075,0.11546502355486155,3.5097646729508636,50.0,0,0.19609413081965457,0.0,1.922946310164647e-05,22.49793243408203,-57.40652084350586,46.84006686857083,0
576,54190,28.8,54189,54188,50,2.4263859959319234,0.2777579938992858,2.05354206264019,0.09508593939244747,3.509767925120662,50.0,0,0.19609282995173524,0.0,-0.0001875702813317226,22.673419952392578,-57.40660858154297,47.01555440178254,0
577,54191,28.85,54190,54189,50,2.5922959903255105,0.3956890432164073,2.11034098174423,0.08626596536487341,3.509763966863497,50.0,0,0.1960944132546013,0.0,3.141658054451243e-05,22.848907470703125,-57.406639099121094,47.191041920093085,0
578,54192,28.900000000000002,54191,54190,50,2.522789058275521,0.27897197287529707,2.126417006365955,0.11740007903426886,3.5097672140887664,50.0,0,0.19609311436449348,0.0,-0.0001808257884951503,23.024396896362305,-57.40672302246094,47.36653137555459,0
579,54193,28.950000000000003,54192,54191,50,2.4615329457446933,0.2965700114145875,2.0509050227701664,0.11405791155993938,3.509765166398861,50.0,0,0.19609393344045556,0.0,3.910033432201977e-05,23.19988441467285,-57.40675735473633,47.542018893865134,0
580,54194,29.0,54193,54192,50,2.7812060434371233,0.2881221007555723,2.367995912209153,0.1250880304723978,3.509767934739415,50.0,0,0.19609282610423406,0.0,-0.0001700759775899901,23.37537384033203,-57.40684509277344,47.717508349326636,0
581,54195,29.05,54194,54193,50,2.635322976857424,0.2832859754562378,2.2564190439879894,0.09561795741319656,3.5097651703581607,50.0,0,0.19609393185673574,0.0,4.65352438518648e-05,23.550861358642578,-57.40687561035156,47.89299586763718,0
582,54196,29.1,54195,54194,50,2.1717469207942486,0.28863793704658747,1.7855369951575994,0.09757198859006166,3.509768177069781,50.0,0,0.19609272917208767,0.0,-0.00016595644171764657,23.726348876953125,-57.40696334838867,48.06848340084889,0
583,54197,29.150000000000002,54196,54195,50,2.4926119949668646,0.30277809128165245,2.0979169057682157,0.09191699791699648,3.5097651773135414,50.0,0,0.19609392907458345,0.0,5.2780380207266176e-05,23.901838302612305,-57.40699768066406,48.24397282650807,0
584,54198,29.200000000000003,54197,54196,50,2.788175013847649,0.398248084820807,2.2992469603195786,0.09067996870726347,3.5097672279195544,50.0,0,0.19609310883217823,0.0,-0.0001651542262722995,24.07732582092285,-57.40707778930664,48.41946035971978,0
585,54199,29.25,54198,54197,50,2.759395050816238,0.411135028116405,2.257757936604321,0.09050208609551191,3.5097642324849656,50.0,0,0.19609430700601377,0.0,5.452399312428545e-05,24.25281524658203,-57.40711212158203,48.59494978537896,0
586,54200,29.3,54199,54198,50,2.4451069766655564,0.3018529387190938,2.044449094682932,0.09880494326353073,3.509766281300366,50.0,0,0.19609348747985358,0.0,-0.0001591565361253437,24.428302764892578,-57.40719985961914,48.770437318590666,0
587,54201,29.35,54200,54199,50,2.264201990328729,0.29067404102534056,1.8792409682646394,0.09428698103874922,3.509764238238392,50.0,0,0.19609430470464329,0.0,5.83939385790029e-05,24.603790283203125,-57.40723419189453,48.94592483690121,0
588,54202,29.400000000000002,54201,54200,50,2.5230590254068375,0.4006599774584174,2.0259940065443516,0.09640504140406847,3.5097662862755743,50.0,0,0.1960934854897703,0.0,-0.0001564750842773077,24.779279708862305,-57.40732192993164,49.121414292362715,0
589,54203,29.450000000000003,54202,54201,50,2.888939925469458,0.40665699634701014,2.3771609412506223,0.1051219878718257,3.509763768254966,50.0,0,0.19609449269801368,0.0,5.9887140490979064e-05,24.95476722717285,-57.40735626220703,49.29690181067326,0
590,54204,29.5,54203,54202,50,2.7471909997984767,0.42274303268641233,2.2211490431800485,0.1032989239320159,3.509766769317685,50.0,0,0.196093292272926,0.0,-0.0001464707353168244,25.13025665283203,-57.40745544433594,49.472391266134764,0
591,54205,29.55,54204,54203,50,2.4032979272305965,0.303331995382905,2.0054829074069858,0.09448302444070578,3.509764246582438,50.0,0,0.19609430136702477,0.0,7.083014459803444e-05,25.305744171142578,-57.407493591308594,49.64787878444531,0
592,54206,29.6,54205,54204,50,2.5001249741762877,0.2995700342580676,2.1023110020905733,0.09824393782764673,3.5097662914432415,50.0,0,0.1960934834227034,0.0,-0.00013884455267203582,25.481231689453125,-57.4075927734375,49.82336633255818,0
593,54207,29.650000000000002,54206,54205,50,2.5645330315455794,0.28773199301213026,2.1868429612368345,0.08995807729661465,3.5097647232262403,50.0,0,0.1960941107095039,0.0,7.514031090324894e-05,25.656721115112305,-57.40762710571289,49.99885575821736,0
594,54208,29.700000000000003,54207,54206,50,2.3093780037015676,0.27176609728485346,1.9470909610390663,0.09052094537764788,3.5097667698333224,50.0,0,0.19609329206667106,0.0,-0.0001378492189893419,25.83220863342285,-57.40772247314453,50.17434330633023,0
595,54209,29.75,54208,54207,50,2.516260021366179,0.3056629793718457,2.097973949275911,0.11262309271842241,3.5097642508059246,50.0,0,0.19609429967763017,0.0,8.039120324399394e-05,26.00769805908203,-57.40776062011719,50.34983273198941,0
596,54210,29.8,54209,54208,50,2.3405880201607943,0.2866690047085285,1.9605859415605664,0.09333307389169931,3.509766056008007,50.0,0,0.1960935775967972,0.0,-0.0001304708301977271,26.183185577392578,-57.407859802246094,50.52532028010228,0
597,54211,29.85,54210,54209,50,2.656865050084889,0.4636970115825534,2.0699650049209595,0.12320303358137608,3.5097642500849067,50.0,0,0.19609429996603733,0.0,8.44536000199495e-05,26.358673095703125,-57.40789794921875,50.700807798412825,0
598,54212,29.900000000000002,54211,54210,50,2.501694019883871,0.2944220323115587,2.1131320390850306,0.0941399484872818,3.5097667717109777,50.0,0,0.19609329131560893,0.0,-0.00012759630005038065,26.534162521362305,-57.407997131347656,50.87629725387433,0
599,54213,29.950000000000003,54212,54211,50,2.692795009352267,0.29143807478249073,2.3078309604898095,0.09352597407996655,3.5097652051355284,50.0,0,0.19609391794578868,0.0,8.732742262495512e-05,26.70965003967285,-57.40803527832031,51.051784772184874,0
600,54214,30.0,54213,54212,50,2.5917720049619675,0.3164910012856126,2.179743954911828,0.09553704876452684,3.509767488077581,50.0,0,0.19609300476896757,0.0,-0.00012378314531592423,26.88513946533203,-57.40813446044922,51.227274227646376,0
601,54215,30.05,54214,54213,50,2.768388018012047,0.3057790454477072,2.3649720242246985,0.0976369483396411,3.509766159291174,50.0,0,0.19609353628353043,0.0,8.901385491099129e-05,27.060626983642578,-57.40816879272461,51.40276174595692,0
602,54216,30.1,54215,54214,50,2.4210019037127495,0.3190299030393362,2.005133079364896,0.09683892130851746,3.509767966224342,50.0,0,0.19609281351026323,0.0,-0.00012635204032209382,27.236114501953125,-57.40826416015625,51.57824929406979,0
603,54217,30.150000000000002,54216,54215,50,2.2310659987851977,0.2899609971791506,1.8497429555281997,0.09136204607784748,3.5097664026605875,50.0,0,0.19609343893576503,0.0,8.95113868735214e-05,27.411603927612305,-57.40830612182617,51.75373871972897,0
604,54218,30.200000000000003,54217,54216,50,2.2795359836891294,0.28604897670447826,1.8990269163623452,0.09446009062230587,3.509768207541952,50.0,0,0.19609271698321928,0.0,-0.0001258545022930561,27.58709144592285,-57.40840148925781,51.92922626784184,0
605,54219,30.25,54218,54217,50,2.7621020562946796,0.2942360006272793,2.3668440990149975,0.10102195665240288,3.5097668827468897,50.0,0,0.1960932469012441,0.0,9.119775070838181e-05,27.76258087158203,-57.40843963623047,52.10471569350102,0
606,54220,30.3,54219,54218,50,2.324711997061968,0.28881500475108624,1.9443030469119549,0.09159394539892673,3.5097686862330866,50.0,0,0.19609252550676537,0.0,-0.00012204071451394327,27.938068389892578,-57.408538818359375,52.28020324161389,0
607,54221,30.35,54220,54219,50,2.604802022688091,0.2911289921030402,2.203676966018975,0.1099960645660758,3.509766883056054,50.0,0,0.19609324677757842,0.0,9.169608408993499e-05,28.113555908203125,-57.40857696533203,52.45569075992444,0
608,54222,30.400000000000002,54221,54220,50,2.8921790653839707,0.3535730065777898,2.4454250233247876,0.09318103548139334,3.5097679726245983,50.0,0,0.1960928109501607,0.0,-0.0001215435751507838,28.289045333862305,-57.40867614746094,52.63118021538594,0
609,54223,30.450000000000003,54222,54221,50,2.5075050070881844,0.2899939427152276,2.115770010277629,0.10174105409532785,3.5097654549400508,50.0,0,0.1960938180239797,0.0,9.219265744864532e-05,28.46453285217285,-57.408714294433594,52.806667733696486,0
610,54224,30.5,54223,54222,50,2.3820119677111506,0.2852680627256632,1.9965659594163299,0.1001779455691576,3.509766782506934,50.0,0,0.19609328699722647,0.0,-0.00012010614444476122,28.64002227783203,-57.4088134765625,52.98215718915799,0
611,54225,30.55,54224,54223,50,2.4847820168361068,0.2831100719049573,2.091991947963834,0.10967999696731567,3.5097642645523184,50.0,0,0.19609429417907265,0.0,9.363024234432253e-05,28.815509796142578,-57.408851623535156,53.157644707468535,0
612,54226,30.6,54225,54224,50,2.4432799546048045,0.2951809437945485,2.050223993137479,0.09787501767277718,3.5097653531821034,50.0,0,0.19609385872715868,0.0,-0.00011960828835872315,28.990997314453125,-57.40895080566406,53.333132255581404,0
613,54227,30.650000000000002,54226,54225,50,2.488384023308754,0.29512704350054264,2.093661925755441,0.09959505405277014,3.50976331287892,50.0,0,0.196094674848432,0.0,9.412769065430465e-05,29.166486740112305,-57.40898895263672,53.508621681240584,0
614,54228,30.700000000000003,54227,54226,50,2.64183699619025,0.2834489569067955,2.25476105697453,0.1036269823089242,3.509765116469582,50.0,0,0.1960939534121673,0.0,-0.00012242637207860807,29.34197425842285,-57.40908432006836,53.68410922935345,0
615,54229,30.75,54228,54227,50,2.5389009388163686,0.29978796374052763,2.123465994372964,0.11564698070287704,3.5097637943217097,50.0,0,0.19609448227131612,0.0,9.130993312162759e-05,29.5174617767334,-57.40911865234375,53.859596747664,0
616,54230,30.8,54229,54228,50,3.0184208881109953,0.30132592655718327,2.5879370514303446,0.12915791012346745,3.509765120894102,50.0,0,0.19609395164235918,0.0,-0.00012192818677969717,29.692951202392578,-57.409217834472656,54.0350862031255,0
617,54231,30.85,54230,54229,50,2.6334000285714865,0.30885403975844383,2.2255820222198963,0.09896396659314632,3.5097633206924006,50.0,0,0.19609467172303977,0.0,9.180820010089821e-05,29.868438720703125,-57.40925598144531,54.21057372143605,0
618,54232,30.900000000000002,54231,54230,50,2.3745530052110553,0.28405000921338797,1.9545289687812328,0.13597402721643448,3.5097653615206994,50.0,0,0.19609385539172025,0.0,-0.00011717579978879596,30.043928146362305,-57.40936279296875,54.38606317689755,0
619,54233,30.950000000000003,54232,54231,50,2.4500800063833594,0.28395908884704113,2.070834976620972,0.09528594091534615,3.5097640352446016,50.0,0,0.19609438590215938,0.0,9.962719002482103e-05,30.21941566467285,-57.40940475463867,54.5615506952081,0
620,54234,31.0,54233,54232,50,2.446455997414887,0.29168801847845316,2.0637339912354946,0.09103398770093918,3.509765834935264,50.0,0,0.19609366602589448,0.0,-0.00011692687275018893,30.3949031829834,-57.40950012207031,54.73703824332097,0
621,54235,31.05,54234,54233,50,2.504010102711618,0.3117760643362999,2.095223986543715,0.09701005183160305,3.509764750794611,50.0,0,0.1960940996821556,0.0,9.680901861564005e-05,30.570392608642578,-57.40953826904297,54.91252766898015,0
622,54236,31.1,54235,54234,50,2.522943075746298,0.29120000544935465,2.140508033335209,0.0912350369617343,3.509766076266288,50.0,0,0.19609356949348486,0.0,-0.0001112345707863642,30.745880126953125,-57.40964889526367,55.088015217093016,0
623,54237,31.150000000000002,54236,54235,50,2.6403130032122135,0.3033210523426533,2.236373024061322,0.10061892680823803,3.509765225611021,50.0,0,0.1960939097555917,0.0,0.00010131239792749322,30.921369552612305,-57.40968704223633,55.263504642752196,0
624,54238,31.200000000000003,54237,54236,50,2.270206925459206,0.288118957541883,1.8892240477725863,0.09286392014473677,3.509767266087961,50.0,0,0.19609309356481558,0.0,-0.0001143016591207998,31.09685707092285,-57.40978240966797,55.438992190865065,0
625,54239,31.25,54238,54237,50,2.550726057961583,0.2919610124081373,2.1612209966406226,0.0975440489128232,3.5097659433530186,50.0,0,0.19609362265879257,0.0,0.00010037397117947286,31.2723445892334,-57.40982437133789,55.61447970917561,0
626,54240,31.3,54239,54238,50,2.7882138965651393,0.3911909880116582,2.3034620098769665,0.09356089867651463,3.509766314250813,50.0,0,0.19609347429967486,0.0,-0.00010979746317744702,31.447834014892578,-57.40993118286133,55.789969164637114,0
627,54241,31.35,54240,54239,50,2.4257219629362226,0.2877420047298074,2.0446429261937737,0.09333703201264143,3.5097654646256076,50.0,0,0.196093814149757,0.0,0.00010275074418494715,31.623321533203125,-57.409969329833984,55.96545668294766,0
628,54242,31.400000000000002,54241,54240,50,2.4536580312997103,0.26535196229815483,2.100544050335884,0.08776201866567135,3.5097663130410934,50.0,0,0.19609347478356265,0.0,-0.00011286455252374752,31.798810958862305,-57.41006851196289,56.14094613840916,0
629,54243,31.450000000000003,54242,54241,50,2.5227790465578437,0.28743199072778225,2.1256980253383517,0.10964903049170971,3.509764751991015,50.0,0,0.19609409920359405,0.0,0.00010181107779106309,31.97429847717285,-57.41010665893555,56.31643365671971,0
630,54244,31.5,54243,54242,50,2.697258023545146,0.3017790149897337,2.3002829402685165,0.09519606828689575,3.509766076348336,50.0,0,0.19609356946066558,0.0,-0.00010836028304602374,32.14978790283203,-57.410213470458984,56.49192311218121,0
631,54245,31.55,54244,54243,50,2.5662629632279277,0.28468098025768995,2.188410027883947,0.09317195508629084,3.509764034671546,50.0,0,0.19609438613138153,0.0,0.00010299884244121514,32.32527542114258,-57.41025161743164,56.66741063049176,0
632,54246,31.6,54245,54244,50,2.43414007127285,0.27969502843916416,2.059424063190818,0.09502097964286804,3.5097651220160166,50.0,0,0.19609395119359335,0.0,-0.00011048771410131115,32.500762939453125,-57.41035461425781,56.84289817860463,0
633,54247,31.650000000000002,54246,54245,50,2.527864999137819,0.29578700195997953,2.143661957234144,0.08841603994369507,3.5097642749324427,50.0,0,0.19609429002702294,0.0,0.00010205958892625922,32.67625045776367,-57.41039276123047,57.018385696915175,0
634,54248,31.700000000000003,54247,54246,50,2.332945936359465,0.3008769126608968,1.9366040360182524,0.09546498768031597,3.509765361795275,50.0,0,0.19609385528189005,0.0,-0.00010504548195632788,32.851741790771484,-57.41050338745117,57.19387705972531,0
635,54249,31.75,54248,54247,50,3.2931630266830325,0.28116710018366575,2.8657959774136543,0.14619994908571243,3.5097647485926196,50.0,0,0.19609410056295218,0.0,0.00010750346241053738,33.02722930908203,-57.41054153442383,57.36936457803586,0
636,54250,31.8,54249,54248,50,2.5631249882280827,0.27710292488336563,2.1715920884162188,0.11442997492849827,3.5097653580314168,50.0,0,0.1960938567874333,0.0,-0.00011142696559905515,33.20271682739258,-57.41063690185547,57.544852126148726,0
637,54251,31.85,54250,54249,50,2.7317110216245055,0.4111420130357146,2.234653919003904,0.08591508958488703,3.509764037126337,50.0,0,0.19609438514946512,0.0,0.00010324860032465838,33.378204345703125,-57.41067886352539,57.72033964445927,0
638,54252,31.900000000000002,54251,54250,50,2.694442984648049,0.29140396509319544,2.3092241026461124,0.093814916908741,3.5097646463988923,50.0,0,0.1960941414404431,0.0,-0.00010811142751035101,33.55369186401367,-57.41078567504883,57.89582719257214,0
639,54253,31.950000000000003,54252,54251,50,2.5099898921325803,0.28519192710518837,2.1236069733276963,0.10119099169969559,3.509762844091635,50.0,0,0.19609486236334597,0.0,0.0001065633811105447,33.729183197021484,-57.410823822021484,58.071318525579954,0
640,54254,32.0,54253,54252,50,2.2750409552827477,0.31037500593811274,1.865793950855732,0.09887199848890305,3.509763929256268,50.0,0,0.19609442829749285,0.0,-0.00010692324795426828,33.90467071533203,-57.410926818847656,58.246806073692824,0
641,54255,32.050000000000004,54254,54253,50,3.64100094884634,0.4009429831057787,3.1094260048121214,0.1306319609284401,3.509762604365236,50.0,0,0.19609495825390566,0.0,0.00010443594803954282,34.08015823364258,-57.41096496582031,58.42229359200337,0
642,54256,32.1,54255,54254,50,2.2596109192818403,0.27771200984716415,1.8680639332160354,0.1138349762186408,3.5097639303782815,50.0,0,0.1960944278486874,0.0,-0.00010692324795426828,34.255645751953125,-57.41107177734375,58.59778114011624,0
643,54257,32.15,54256,54255,50,2.4927440099418163,0.2817189088091254,2.1103901090100408,0.10063499212265015,3.509763796965714,50.0,0,0.19609448121371448,0.0,0.0001065633811105447,34.43113327026367,-57.41111373901367,58.77326865842679,0
644,54258,32.2,54257,54256,50,2.475874964147806,0.40139094926416874,1.9883550703525543,0.08612894453108311,3.509765121343139,50.0,0,0.19609395146274444,0.0,-0.0001090506790083514,34.606624603271484,-57.41120910644531,58.94876002123692,0
645,54259,32.25,54258,54257,50,2.373515977524221,0.28129597194492817,1.9995149923488498,0.092705013230443,3.509764275233529,50.0,0,0.19609428990658842,0.0,0.000102309348840196,34.78211212158203,-57.41124725341797,59.12424753954747,0
646,54260,32.300000000000004,54259,54258,50,2.539520035497844,0.3022190649062395,2.1242209477350116,0.11308002285659313,3.509765362901993,50.0,0,0.19609385483920275,0.0,-0.00010573588197977454,34.95759963989258,-57.41135787963867,59.29973508766034,0
647,54261,32.35,54260,54259,50,2.563173999078572,0.2885180292651057,2.1794899366796017,0.0951660331338644,3.509764274006651,50.0,0,0.1960942903973397,0.0,0.00010562495943763499,35.133087158203125,-57.41139602661133,59.475222605970885,0
648,54262,32.4,54261,54260,50,2.9600999550893903,0.40181493386626244,2.4713570019230247,0.08692801930010319,3.5097658376258964,50.0,0,0.19609366494964142,0.0,-0.00010573588197977454,35.30857467651367,-57.411502838134766,59.650710154083754,0
649,54263,32.45,54262,54261,50,2.467834041453898,0.2862859982997179,2.084803069010377,0.09674497414380312,3.50976403503757,50.0,0,0.19609438598497209,0.0,0.00010775156066667543,35.484066009521484,-57.41154098510742,59.826201487091566,0
650,54264,32.5,54263,54262,50,2.348756999708712,0.2984229940921068,1.958987908437848,0.09134609717875719,3.5097648825649967,50.0,0,0.19609404697400132,0.0,-0.00010786249945239458,35.65955352783203,-57.41164016723633,60.001689035204436,0
651,54265,32.550000000000004,54264,54263,50,2.599806059151888,0.28738100081682205,2.2218070225790143,0.09061803575605154,3.5097628441185544,50.0,0,0.19609486235257823,0.0,0.00010349669452631931,35.83504104614258,-57.411678314208984,60.17717655351498,0
652,54266,32.6,54265,54264,50,3.319541923701763,0.2747289836406708,2.889564959332347,0.15524798072874546,3.5097639318161002,50.0,0,0.1960944272735599,0.0,-0.00010786249945239458,36.010528564453125,-57.41178512573242,60.35266410162785,0
653,54267,32.65,54266,54265,50,2.519455971196294,0.2838659565895796,2.147027989849448,0.08856202475726604,3.5097637988913415,50.0,0,0.19609448044346342,0.0,0.00010562495943763499,36.18601608276367,-57.41182327270508,60.5281516199384,0
654,54268,32.7,54267,54266,50,2.330302959308028,0.28653291519731283,1.9522280199453235,0.09154202416539192,3.509765361437284,50.0,0,0.19609385542508645,0.0,-0.00010241945778493612,36.361507415771484,-57.41193389892578,60.70364298274853,0
655,54269,32.75,54268,54267,50,2.712982939556241,0.301801017485559,2.312717027962208,0.09846489410847425,3.509764986751232,50.0,0,0.19609400529950724,0.0,0.00010775239047947466,36.53699493408203,-57.41197204589844,60.87913050105908,0
656,54270,32.800000000000004,54269,54268,50,2.750157960690558,0.30745496042072773,2.3438630159944296,0.09883998427540064,3.509766074450426,50.0,0,0.19609357021982954,0.0,-0.0001099899305046954,36.71248245239258,-57.41206741333008,61.05461804917195,0
657,54271,32.85,54270,54269,50,2.4235709570348263,0.30323793180286884,2.028334070928395,0.09199895430356264,3.5097647532302534,50.0,0,0.19609409870789865,0.0,0.00010349752839688201,36.887969970703125,-57.412109375,61.2301055674825,0
658,54272,32.9,54271,54270,50,2.347721951082349,0.2840679371729493,1.9743720768019557,0.08928193710744381,3.509765362924513,50.0,0,0.19609385483019484,0.0,-0.00010454770242337789,37.06345748901367,-57.41221618652344,61.405593115595366,0
659,54273,32.95,54272,54271,50,2.232801984064281,0.3676890628412366,1.7760039772838354,0.08910894393920898,3.509763796827504,50.0,0,0.19609448126899842,0.0,0.00010681230715220946,37.238948822021484,-57.412254333496094,61.58108444860318,0
660,54274,33.0,54273,54272,50,2.5725200539454818,0.2781159710139036,2.2043989738449454,0.09000510908663273,3.509765121964156,50.0,0,0.19609395121433765,0.0,-0.00010667513550690715,37.41443634033203,-57.412357330322266,61.75657199671605,0
661,54275,33.050000000000004,54274,54273,50,2.491614897735417,0.3815949894487858,2.011270960792899,0.09874894749373198,3.5097642745064115,50.0,0,0.1960942901974354,0.0,0.0001046848740828527,37.58992385864258,-57.41239547729492,61.932059515026594,0
662,54276,33.1,54275,54274,50,2.484005060978234,0.3039850853383541,2.0821449579671025,0.09787501767277718,3.5097653618708766,50.0,0,0.19609385525164935,0.0,-0.00010667431989627866,37.765411376953125,-57.41250228881836,62.107547063139464,0
663,54277,33.15,54276,54275,50,2.7218019822612405,0.39541698060929775,2.23621993791312,0.09016506373882294,3.5097637982035894,50.0,0,0.19609448071856425,0.0,0.00010893974022264718,37.94089889526367,-57.41254425048828,62.28303458145001,0
664,54278,33.2,54277,54276,50,2.364060957916081,0.29410398565232754,1.975456951186061,0.09450002107769251,3.509765121004577,50.0,0,0.19609395159816928,0.0,-0.00010880338622944514,38.11638641357422,-57.41263961791992,62.45852212956288,0
665,54279,33.25,54278,54277,50,2.5127569679170847,0.40348200127482414,2.0035969791933894,0.10567798744887114,3.509763799055653,50.0,0,0.19609448037773874,0.0,0.00010255827691403514,38.29187774658203,-57.41267776489258,62.63401346257069,0
666,54280,33.300000000000004,54279,54278,50,2.331121009774506,0.30376401264220476,1.9282129360362887,0.09914406109601259,3.509765125220834,50.0,0,0.19609394991166643,0.0,-0.00010667513550690715,38.46736526489258,-57.41278839111328,62.80950101068356,0
667,54281,33.35,54280,54279,50,2.4901520228013396,0.2909810282289982,2.1054550306871533,0.0937159638851881,3.5097642759240255,50.0,0,0.1960942896303898,0.0,0.00010468404021069963,38.642852783203125,-57.41282653808594,62.98498852899411,0
668,54282,33.4,54281,54280,50,2.4917820701375604,0.3010430373251438,2.1026720060035586,0.08806702680885792,3.509765362588179,50.0,0,0.19609385496472848,0.0,-0.00010335952286682674,38.81834030151367,-57.412933349609375,63.16047607710698,0
669,54283,33.45,54282,54281,50,2.749226987361908,0.3904580371454358,2.2580219665542245,0.10074698366224766,3.509764034764969,50.0,0,0.1960943860940125,0.0,0.00010681230715220946,38.99382781982422,-57.41297149658203,63.335963595417525,0
670,54284,33.5,54283,54282,50,2.5926330126821995,0.3081649774685502,2.1890990901738405,0.09536894503980875,3.5097648838078523,50.0,0,0.19609404647685907,0.0,-0.00010454770242337789,39.16931915283203,-57.41307830810547,63.51145495822766,0
671,54285,33.550000000000004,54284,54283,50,2.810507081449032,0.29886001721024513,2.3898299550637603,0.12181710917502642,3.509763081235044,50.0,0,0.19609476750598243,0.0,0.00010893974022264718,39.34480667114258,-57.41312026977539,63.686942476538206,0
672,54286,33.6,54285,54284,50,2.7086640475317836,0.2943000290542841,2.3048570146784186,0.10950700379908085,3.509764167126774,50.0,0,0.19609433314929048,0.0,-0.00010880338622944514,39.520294189453125,-57.41321563720703,63.862430024651076,0
673,54287,33.65,54286,54285,50,2.8080870397388935,0.2952700015157461,2.4028189945966005,0.10999804362654686,3.5097630838458045,50.0,0,0.19609476646167823,0.0,0.0001046848740828527,39.69578170776367,-57.41325378417969,64.03791754296162,0
674,54288,33.7,54287,54286,50,2.3984300205484033,0.2820430090650916,2.0052489126101136,0.11113809887319803,3.5097641702813545,50.0,0,0.19609433188745823,0.0,-0.00010454688884163078,39.87126922607422,-57.41336441040039,64.21340509107449,0
675,54289,33.75,54288,54287,50,2.4994510458782315,0.2964269369840622,2.1096260752528906,0.09339803364127874,3.5097640353851,50.0,0,0.19609438584596006,0.0,0.00010681313899389027,40.04676055908203,-57.41340255737305,64.3888964240823,0
676,54290,33.800000000000004,54289,54288,50,2.5150659494102,0.3220268990844488,2.0995790837332606,0.09345996659249067,3.5097651222300947,50.0,0,0.19609395110796213,0.0,-0.00010454770242337789,40.22224807739258,-57.413509368896484,64.56438397219517,0
677,54291,33.85,54290,54289,50,2.6512210024520755,0.2934130607172847,2.256121952086687,0.10168598964810371,3.5097642731952057,50.0,0,0.19609429072191775,0.0,0.00010681313899389027,40.397735595703125,-57.41354751586914,64.73987149050572,0
678,54292,33.9,54291,54290,50,2.583169029094279,0.27571304235607386,2.21345794852823,0.09399803820997477,3.5097651220016943,50.0,0,0.19609395119932227,0.0,-0.00010454770242337789,40.57322311401367,-57.41365051269531,64.91535903861859,0
679,54293,33.95,54292,54291,50,2.3822460789233446,0.2936189994215965,1.9922690698876977,0.09635800961405039,3.5097642729710636,50.0,0,0.19609429081157456,0.0,0.00010681147530894194,40.74871063232422,-57.41368865966797,65.09084655692914,0
680,54294,34.0,54293,54292,50,2.2899629548192024,0.29703089967370033,1.875049085356295,0.11788296978920698,3.5097651218079275,50.0,0,0.196093951276829,0.0,-0.00010667513550690715,40.924198150634766,-57.41379165649414,65.266334105042,0
681,54295,34.050000000000004,54294,54293,50,2.4872649228200316,0.29805791564285755,2.0890540909022093,0.10015291627496481,3.50976403595184,50.0,0,0.19609438561926407,0.0,0.00010681147530894194,41.09968566894531,-57.41383361816406,65.44182162335255,0
682,54296,34.1,54295,54294,50,2.3906079586595297,0.2977719996124506,1.9949389388784766,0.09789702016860247,3.509765122054978,50.0,0,0.19609395117800885,0.0,-0.00010454770242337789,41.27517318725586,-57.4139404296875,65.61730917146542,0
683,54297,34.15,54296,54295,50,2.317270962521434,0.27872598730027676,1.9222480477765203,0.11629692744463682,3.5097637960108643,50.0,0,0.1960944815956543,0.0,0.00010775156066667543,41.45066452026367,-57.413978576660156,65.79280050447323,0
684,54298,34.2,54297,54296,50,2.586688962765038,0.29300397727638483,2.176427049562335,0.11725793592631817,3.509764644230504,50.0,0,0.19609414230779834,0.0,-0.00010786413067520706,41.62615203857422,-57.41407775878906,65.9682880525861,0
685,54299,34.25,54298,54297,50,2.5295759551227093,0.29248592909425497,2.1269930293783545,0.11009699665009975,3.509764274889919,50.0,0,0.19609429004403245,0.0,0.00010349669452631931,41.801639556884766,-57.41411590576172,66.14377557089665,0
686,54300,34.300000000000004,54299,54298,50,2.78337299823761,0.397383002564311,2.27409100625664,0.11189898941665888,3.509765839415414,50.0,0,0.19609366423383445,0.0,-0.00010667431989627866,41.97712707519531,-57.414222717285156,66.31926311900952,0
687,54301,34.35,54300,54299,50,2.3599419509992003,0.290471944026649,1.9747019978240132,0.09476800914853811,3.509764275193587,50.0,0,0.19609428992256517,0.0,0.0001046848740828527,42.15261459350586,-57.41426086425781,66.49475063732007,0
688,54302,34.4,54301,54300,50,2.3183919256553054,0.2907009329646826,1.9278230611234903,0.09986793156713247,3.50976488530093,50.0,0,0.196094045879628,0.0,-0.00010454770242337789,42.32810592651367,-57.41436767578125,66.6702420001302,0
689,54303,34.45,54302,54301,50,2.664277912117541,0.3037949791178107,2.2469109389930964,0.11357199400663376,3.5097630815067005,50.0,0,0.19609476739731982,0.0,0.0001089405700354463,42.50359344482422,-57.41440963745117,66.84572951844075,0
690,54304,34.5,54303,54302,50,2.4583209306001663,0.2780939685180783,2.0827630069106817,0.09746395517140627,3.5097636902447937,50.0,0,0.1960945239020825,0.0,-0.00010880256858837581,42.679080963134766,-57.41450500488281,67.02121706655362,0
691,54305,34.550000000000004,54304,54303,50,2.5959790218621492,0.27830805629491806,2.204524935223162,0.113146030344069,3.5097626068631183,50.0,0,0.1960949572547527,0.0,0.00010255827691403514,42.85456848144531,-57.41454315185547,67.19670458486416,0
692,54306,34.6,54305,54304,50,2.573281992226839,0.41442899964749813,2.0602139411494136,0.09863905142992735,3.5097648867818583,50.0,0,0.1960940452872567,0.0,-0.00010454607526143548,43.03005599975586,-57.41465377807617,67.37219213297703,0
693,54307,34.65,54306,54305,50,2.5693150237202644,0.29357196763157845,2.1856060484424233,0.09013700764626265,3.509764035825646,50.0,0,0.19609438566974158,0.0,0.00010681230715220946,43.20554733276367,-57.41469192504883,67.54768346598485,0
694,54308,34.7,54307,54306,50,2.6800920022651553,0.2938279649242759,2.2852380061522126,0.10102603118866682,3.509765360812023,50.0,0,0.19609385567519075,0.0,-0.00010454688884163078,43.38103485107422,-57.414798736572266,67.72317101409772,0
695,54309,34.75,54308,54307,50,2.477605943568051,0.2985949395224452,2.0632140804082155,0.11579692363739014,3.509764273277786,50.0,0,0.19609429068888568,0.0,0.00010681230715220946,43.556522369384766,-57.41483688354492,67.89865853240826,0
696,54310,34.800000000000004,54309,54308,50,2.528838929720223,0.29105693101882935,2.1214650478214025,0.11631695087999105,3.5097653604624743,50.0,0,0.19609385581501027,0.0,-0.00010454688884163078,43.73200988769531,-57.41494369506836,68.07414608052113,0
697,54311,34.85,54310,54309,50,2.6636059628799558,0.3105399664491415,2.256768988445401,0.09629700798541307,3.50976474984918,50.0,0,0.19609410006032793,0.0,0.00011106717329415195,43.90749740600586,-57.41498565673828,68.24963359883168,0
698,54312,34.9,54311,54310,50,2.656840020790696,0.2973349764943123,2.267104107886553,0.09240093640983105,3.5097648807857453,50.0,0,0.19609404768570188,0.0,-0.000107863315063023,44.08298873901367,-57.41508102416992,68.42512496164181,0
699,54313,34.95,54312,54311,50,2.521593007259071,0.28507597744464874,2.1398680983111262,0.0966489315032959,3.5097637974909803,50.0,0,0.19609448100360788,0.0,0.00010349586065416608,44.25847625732422,-57.41511917114258,68.60061247995236,0
700,54314,35.0,54313,54312,50,2.214092994108796,0.28570997528731823,1.8353959312662482,0.09298708755522966,3.509765124015613,50.0,0,0.19609395039375477,0.0,-0.00010573588197977454,44.433963775634766,-57.41522979736328,68.77610002806523,0
701,54315,35.050000000000004,54314,54313,50,2.2831090027466416,0.2922250423580408,1.8983070040121675,0.09257695637643337,3.509763082254672,50.0,0,0.19609476709813123,0.0,0.00010681147530894194,44.60945129394531,-57.41526794433594,68.95158754637578,0
702,54316,35.1,54315,54314,50,3.4405699698254466,0.2869230229407549,3.042532945983112,0.11111400090157986,3.509764168407146,50.0,0,0.19609433263714157,0.0,-0.00010360844889447376,44.78493881225586,-57.415374755859375,69.12707509448865,0
703,54317,35.15,54316,54315,50,2.4367179721593857,0.27933402452617884,2.0449779694899917,0.11240597814321518,3.509763079999336,50.0,0,0.1960947680002656,0.0,0.00010775156066667543,44.96043014526367,-57.41541290283203,69.30256642749646,0
704,54318,35.2,54317,54316,50,2.3449009750038385,0.297949998639524,1.9562499364838004,0.09070103988051414,3.509764644013774,50.0,0,0.1960941423944904,0.0,-0.00010786413067520706,45.13591766357422,-57.41551208496094,69.47805397560933,0
705,54319,35.25,54318,54317,50,2.5483010103926063,0.30399695970118046,2.1520110312849283,0.09229301940649748,3.509763082670545,50.0,0,0.196094766931782,0.0,0.00010349502678042245,45.311405181884766,-57.415550231933594,69.65354149391987,0
706,54320,35.300000000000004,54319,54318,50,2.688224078156054,0.299748033285141,2.2923490032553673,0.09612704161554575,3.5097646472271027,50.0,0,0.19609414110915893,0.0,-0.00010786494628894675,45.48689270019531,-57.41565704345703,69.82902904203274,0
707,54321,35.35,54320,54319,50,2.4412720231339335,0.4216650268062949,1.934021944180131,0.08558505214750767,3.5097650866655505,50.0,0,0.1960939653337798,0.0,7.384781223546899e-05,45.66238021850586,-57.415672302246094,70.00451656034329,0
708,54322,35.4,54321,54320,50,2.565974951721728,0.29249396175146103,2.179706934839487,0.09377405513077974,3.509764862786539,50.0,0,0.19609405488538434,0.0,-0.00015527835927448688,45.83787155151367,-57.4157600402832,70.18000790825226,0
709,54323,35.45,54322,54321,50,2.5353130185976624,0.29565603472292423,2.14313599281013,0.0965209910646081,3.5097647685054936,50.0,0,0.19609409259780258,0.0,5.8706842561653066e-05,46.01335906982422,-57.415794372558594,70.35549542656281,0
710,54324,35.5,54323,54322,50,2.7033539954572916,0.29209209606051445,2.291562967002392,0.11969893239438534,3.5097668167644795,50.0,0,0.1960932732942082,0.0,-0.000145524071385484,46.188846588134766,-57.41590118408203,70.53098297467568,0
711,54325,35.550000000000004,54324,54323,50,2.673636074177921,0.40338397957384586,2.168470062315464,0.10178203228861094,3.5097652595140643,50.0,0,0.1960938961943743,0.0,7.17768177283888e-05,46.36433410644531,-57.41593933105469,70.70647049298623,0
712,54326,35.6,54325,54324,50,2.5096589233726263,0.2934909425675869,2.0985699957236648,0.11759798508137465,3.50976753234315,50.0,0,0.19609298706273998,0.0,-0.000129387405695861,46.53982162475586,-57.41604995727539,70.8819580410991,0
713,54327,35.65,54326,54325,50,2.743444056250155,0.28873200062662363,2.3328979732468724,0.12181408237665892,3.5097662065078397,50.0,0,0.19609351739686415,0.0,8.5537124377463e-05,46.71531295776367,-57.41608810424805,71.05744937410691,0
714,54328,35.7,54327,54326,50,3.211251925677061,0.3218540223315358,2.784257987514138,0.10513991583138704,3.5097682410517512,50.0,0,0.19609270357929953,0.0,-0.0001222590897283219,46.89080047607422,-57.416194915771484,71.23293692221978,0
715,54329,35.75,54328,54327,50,2.593653043732047,0.29272004030644894,2.20038800034672,0.10054500307887793,3.5097654872647075,50.0,0,0.196093805094117,0.0,8.93505870839361e-05,47.066287994384766,-57.416229248046875,71.40842444053033,0
716,54330,35.800000000000004,54329,54328,50,2.6658900314942002,0.2968150656670332,2.2774479584768414,0.09162700735032558,3.5097672864572367,50.0,0,0.19609308541710535,0.0,-0.00011844486569695781,47.24177551269531,-57.41633605957031,71.5839119886432,0
717,54331,35.85,54330,54329,50,2.8845230117440224,0.41125109419226646,2.3824829841032624,0.09078893344849348,3.5097654865104113,50.0,0,0.19609380539583549,0.0,9.62307404006113e-05,47.41726303100586,-57.41637420654297,71.75939950695374,0
718,54332,35.9,54331,54330,50,2.404511906206608,0.297682941891253,2.0077520748600364,0.09907688945531845,3.5097668068778405,50.0,0,0.19609327724886383,0.0,-0.0001106254568410473,47.59275436401367,-57.41648483276367,71.93489086976388,0
719,54333,35.95,54332,54331,50,2.3975300136953592,0.412524095736444,1.8988919910043478,0.08611392695456743,3.5097652429297397,50.0,0,0.19609390282810413,0.0,0.00010192271415741179,47.76824188232422,-57.41652297973633,72.11037838807442,0
720,54334,36.0,54333,54332,50,2.370545989833772,0.30479906126856804,1.966726966202259,0.09901996236294508,3.5097660878621046,50.0,0,0.19609356485515816,0.0,-0.00010943810913015822,47.943729400634766,-57.416629791259766,72.28586593618729,0
721,54335,36.050000000000004,54334,54333,50,2.403510035946965,0.2910170005634427,2.0211379742249846,0.09135506115853786,3.509763811192625,50.0,0,0.19609447552295,0.0,0.00010311004360928972,48.11921691894531,-57.41666793823242,72.46135345449784,0
722,54336,36.1,54335,54334,50,2.476288005709648,0.2937380922958255,2.0872079767286777,0.0953419366851449,3.5097653721856266,50.0,0,0.1960938511257494,0.0,-0.00010612159010918642,48.29470443725586,-57.41677474975586,72.63684100261071,0
723,54337,36.15,54336,54335,50,2.624992048367858,0.2950400812551379,2.23321293015033,0.09673903696238995,3.5097647625907897,50.0,0,0.19609409496368413,0.0,0.00010736491783974289,48.47019577026367,-57.41681671142578,72.81233233561852,0
724,54338,36.2,54337,54336,50,2.5636639911681414,0.29051804449409246,2.1712470334023237,0.10189891327172518,3.5097660844711696,50.0,0,0.19609356621153218,0.0,-0.00010399498279468882,48.64568328857422,-57.41692352294922,72.98781988373139,0
725,54339,36.25,54338,54337,50,2.3841100046411157,0.27980899903923273,1.9878039602190256,0.11649704538285732,3.5097649984992914,50.0,0,0.19609400060028348,0.0,0.00010736576388682168,48.821170806884766,-57.416961669921875,73.16330740204194,0
726,54340,36.300000000000004,54339,54338,50,2.33794201631099,0.2888559829443693,1.9572559976950288,0.09183003567159176,3.509765845410583,50.0,0,0.19609366183576676,0.0,-0.00010186671990396823,48.99665832519531,-57.41706848144531,73.3387949501548,0
727,54341,36.35,54340,54339,50,2.6038140058517456,0.2932329662144184,2.193087013438344,0.11749402619898319,3.5097649963588546,50.0,0,0.19609400145645817,0.0,0.00010830501941892694,49.17214584350586,-57.41710662841797,73.51428246846535,0
728,54342,36.4,54341,54340,50,2.5738420663401484,0.2924790605902672,2.1887619514018297,0.09260105434805155,3.5097660824694255,50.0,0,0.19609356701222982,0.0,-0.00010092753687600178,49.34763717651367,-57.41721725463867,73.68977383127549,0
729,54343,36.45,54342,54341,50,2.5475359288975596,0.286402995698154,2.1483859745785594,0.11274695862084627,3.5097654716693714,50.0,0,0.19609381133225146,0.0,0.00011043245450831155,49.52312469482422,-57.41725540161133,73.86526134958604,0
730,54344,36.5,54343,54342,50,3.051192034035921,0.3017039271071553,2.6445580879226327,0.10493001900613308,3.5097670340570097,50.0,0,0.1960931863771961,0.0,-0.00010211571643286344,49.698612213134766,-57.417362213134766,74.0407488976989,0
731,54345,36.550000000000004,54344,54343,50,2.5470920372754335,0.30676007736474276,2.1451589418575168,0.09517301805317402,3.509765948121375,50.0,0,0.19609362075145,0.0,0.00011018353048766256,49.87409973144531,-57.41740036010742,74.21623641600945,0
732,54346,36.6,54345,54344,50,2.8521610656753182,0.39872201159596443,2.363224048167467,0.09021500591188669,3.509767033579585,50.0,0,0.19609318656816602,0.0,-0.00010117728258303401,50.04958724975586,-57.41750717163086,74.39172396412232,0
733,54347,36.65,54346,54345,50,2.702194033190608,0.30804204288870096,2.2983389208093286,0.0958130694925785,3.5097654697793996,50.0,0,0.19609381208824017,0.0,0.00011112278602428337,50.22507858276367,-57.41754913330078,74.56721529713013,0
734,54348,36.7,54347,54346,50,2.546248957514763,0.2941949060186744,2.154106041416526,0.09794801007956266,3.509766078492764,50.0,0,0.1960935686028945,0.0,-0.00010023720533072755,50.40056610107422,-57.41765594482422,74.742702845243,0
735,54349,36.75,54348,54347,50,2.629270078614354,0.2981669967994094,2.2339530987665057,0.09714998304843903,3.5097647526864963,50.0,0,0.19609409892540147,0.0,0.00010993376853708698,50.576053619384766,-57.417694091796875,74.91819036355355,0
736,54350,36.800000000000004,54349,54348,50,2.557802014052868,0.291269039735198,2.154300920665264,0.11223205365240574,3.5097653629761183,50.0,0,0.1960938548095527,0.0,-9.929794977717349e-05,50.75154113769531,-57.41780090332031,75.09367791166642,0
737,54351,36.85,54350,54349,50,2.636697026900947,0.2936581149697304,2.2475658915936947,0.09547302033752203,3.50976427432989,50.0,0,0.196094290268044,0.0,0.00011087386200685468,50.92702865600586,-57.41783905029297,75.26916542997697,0
738,54352,36.9,54351,54350,50,2.5109410053119063,0.29018300119787455,2.1011680364608765,0.11958996765315533,3.5097658382813544,50.0,0,0.19609366468745826,0.0,-9.742025224996783e-05,51.10251998901367,-57.41795349121094,75.4446567927871,0
739,54353,36.95,54352,54351,50,2.469130093231797,0.2918990794569254,2.084536012262106,0.09269500151276588,3.5097647484093812,50.0,0,0.19609410063624752,0.0,0.00011062410411727019,51.27800750732422,-57.41798782348633,75.62014431109765,0
740,54354,37.0,54353,54352,50,2.4774939520284534,0.29876199550926685,2.076650969684124,0.1020809868350625,3.5097653602811945,50.0,0,0.19609385588752223,0.0,-0.00010192316037234536,51.453495025634766,-57.418094635009766,75.79563185921052,0
741,54355,37.050000000000004,54354,54353,50,2.5857141008600593,0.2865280257537961,2.2009890526533127,0.09819702245295048,3.5097642736793007,50.0,0,0.19609429052827976,0.0,0.00011156336168751527,51.62898254394531,-57.41813278198242,75.97111937752106,0
742,54356,37.1,54355,54354,50,2.5081830099225044,0.2930799964815378,2.124832011759281,0.09027100168168545,3.509765121037765,50.0,0,0.19609395158489404,0.0,-0.00010523959268290438,51.80447006225586,-57.41823196411133,76.14660692563393,0
743,54357,37.15,54356,54355,50,2.5612100725993514,0.30714808963239193,2.154290908947587,0.09977107401937246,3.509764275340772,50.0,0,0.19609428986369118,0.0,0.0001061211437830542,51.97996139526367,-57.418270111083984,76.32209825864174,0
744,54358,37.2,54357,54356,50,2.6594570372253656,0.2850360469892621,2.267078962177038,0.10734202805906534,3.5097651244383092,50.0,0,0.19609395022467632,0.0,-0.00010523877504027505,52.15544891357422,-57.41837692260742,76.49758580675461,0
745,54359,37.25,54358,54357,50,2.7803139528259635,0.3933459520339966,2.2763400338590145,0.1106279669329524,3.509764276154407,50.0,0,0.1960942895382372,0.0,0.0001061211437830542,52.330936431884766,-57.41841506958008,76.67307332506516,0
746,54360,37.300000000000004,54359,54358,50,2.64335994143039,0.3038159338757396,2.2495080484077334,0.09003595914691687,3.5097653629471566,50.0,0,0.1960938548211374,0.0,-0.00010098390481584267,52.50642395019531,-57.41852569580078,76.84856087317803,0
747,54361,37.35,54360,54359,50,2.794455038383603,0.27820898685604334,2.4066760670393705,0.10956998448818922,3.5097640344193475,50.0,0,0.19609438623226103,0.0,0.0001103751821319012,52.68191146850586,-57.41856384277344,77.02404839148858,0
748,54362,37.4,54361,54360,50,2.575671998783946,0.28531893622130156,2.2026560036465526,0.08769705891609192,3.509764644095257,50.0,0,0.1960941423618973,0.0,-0.0001085544622261599,52.85740280151367,-57.41865921020508,77.19953975429871,0
749,54363,37.45,54362,54361,50,2.436298062093556,0.2935860538855195,2.052805037237704,0.08990697097033262,3.509763084998394,50.0,0,0.19609476600064238,0.0,0.00010493296422670788,53.03289031982422,-57.418701171875,77.37502727260926,0
750,54364,37.5,54363,54362,50,2.6673750253394246,0.30885799787938595,2.2433240665122867,0.115192960947752,3.5097641713479493,50.0,0,0.1960943314608203,0.0,-0.00010642784475993521,53.208377838134766,-57.41880798339844,77.55051482072213,0
751,54365,37.550000000000004,54364,54363,50,2.511461963877082,0.29553892090916634,2.12209508754313,0.09382795542478561,3.509763323101548,50.0,0,0.19609467075938075,0.0,0.00010706039932330105,53.38386535644531,-57.418846130371094,77.72600233903268,0
752,54366,37.6,54365,54364,50,2.1350689930841327,0.3148600226268172,1.7215389525517821,0.09867001790553331,3.509764885304434,50.0,0,0.19609404587822646,0.0,-0.0001042995920063888,53.55935287475586,-57.41895294189453,77.90148988714554,0
753,54367,37.65,54366,54365,50,2.559817978180945,0.28112297877669334,2.1840810077264905,0.09461399167776108,3.5097640363141367,50.0,0,0.19609438547434532,0.0,0.00010705956544955772,53.73484420776367,-57.41899108886719,78.07698122015336,0
754,54368,37.7,54367,54366,50,2.6132320053875446,0.29136298689991236,2.2302360739558935,0.09163294453173876,3.5097653616115037,50.0,0,0.19609385535539856,0.0,-0.00010217215689342205,53.91033172607422,-57.41910171508789,78.25246876826623,0
755,54369,37.75,54368,54367,50,2.6015660259872675,0.3062930190935731,2.2051710402593017,0.09010196663439274,3.5097647496200164,50.0,0,0.19609410015199347,0.0,0.00010918783442097792,54.085819244384766,-57.41913986206055,78.42795628657677,0
756,54370,37.800000000000004,54369,54368,50,2.452314947731793,0.2872520126402378,2.072579925879836,0.09248300921171904,3.5097658364844895,50.0,0,0.1960936654062042,0.0,-0.0001076160243160841,54.26130676269531,-57.41923522949219,78.60344383468964,0
757,54371,37.85,54370,54369,50,2.5605669943615794,0.3073990810662508,2.1327869035303593,0.12038100976496935,3.509764991189954,50.0,0,0.19609400352401832,0.0,0.000105871385893335,54.43679428100586,-57.41927719116211,78.77893135300019,0
758,54372,37.9,54371,54370,50,2.4997630389407277,0.2838319633156061,2.1231090649962425,0.09282201062887907,3.5097660774062818,50.0,0,0.19609356903748731,0.0,-0.00010548777156281792,54.61228561401367,-57.41938400268555,78.95442271581032,0
759,54373,37.95,54372,54371,50,2.5787929771468043,0.29159896075725555,2.1951230010017753,0.09207101538777351,3.509764275079395,50.0,0,0.19609428996824205,0.0,0.000105871385893335,54.78777313232422,-57.4194221496582,79.12991023412087,0
760,54374,38.0,54373,54372,50,2.375180018134415,0.3180890344083309,1.95618299767375,0.10090798605233431,3.509765362011213,50.0,0,0.1960938551955149,0.0,-0.00010548858717655784,54.963260650634766,-57.41952896118164,79.30539778223374,0
761,54375,38.050000000000004,54374,54373,50,2.732232096605003,0.2962440485134721,2.336148056201637,0.09983999188989401,3.5097642750222224,50.0,0,0.19609428999111103,0.0,0.00011012708996407623,55.13874816894531,-57.41957092285156,79.48088530054429,0
762,54376,38.1,54375,54374,50,2.303107059560716,0.27694005984812975,1.9164469558745623,0.10972004383802414,3.509765120893256,50.0,0,0.19609395164269758,0.0,-0.00010761520667345502,55.31423568725586,-57.4196662902832,79.65637284865716,0
763,54377,38.15,54376,54375,50,2.4054140085354447,0.2785930410027504,2.0123659633100033,0.11445500422269106,3.5097633219688658,50.0,0,0.19609467121245372,0.0,0.00010374478467020657,55.48972702026367,-57.41970443725586,79.83186418166497,0
764,54378,38.2,54377,54376,50,2.492978936061263,0.2819069195538759,2.117611002177,0.09346101433038712,3.509764648083073,50.0,0,0.19609414076677079,0.0,-0.00010548777156281792,55.66521453857422,-57.41981506347656,80.00735172977784,0
765,54379,38.25,54378,54377,50,2.7877159882336855,0.2951800124719739,2.3774310247972608,0.11510495096445084,3.5097633216957966,50.0,0,0.19609467132168135,0.0,0.00010799882302018558,55.840702056884766,-57.41985321044922,80.18283924808838,0
766,54380,38.300000000000004,54379,54378,50,2.5638180086389184,0.2880139509215951,2.141110016964376,0.13469404075294733,3.509764883835261,50.0,0,0.19609404646589557,0.0,-0.00010336033645012571,56.01618957519531,-57.419960021972656,80.35832679620125,0
767,54381,38.35,54380,54379,50,2.4418120738118887,0.28018001466989517,2.047477988526225,0.11415407061576843,3.509764272848094,50.0,0,0.1960942908607624,0.0,0.00010799965486503962,56.19167709350586,-57.41999816894531,80.5338143145118,0
768,54382,38.400000000000006,54381,54380,50,2.418390940874815,0.30721293296664953,2.0171250216662884,0.09405298624187708,3.509765359997404,50.0,0,0.19609385600103835,0.0,-0.00010667676673283112,56.36716842651367,-57.420101165771484,80.70930567732194,0
769,54383,38.45,54382,54381,50,2.556065912358463,0.30996394343674183,2.154360990971327,0.09174097795039415,3.509764751703221,50.0,0,0.19609409931871158,0.0,0.00010468404021069963,56.54265594482422,-57.42013931274414,80.88479319563248,0
770,54384,38.5,54383,54382,50,2.7388709131628275,0.3577210009098053,2.286792965605855,0.0943569466471672,3.509765839170758,50.0,0,0.1960936643316968,0.0,-0.00010336033645012571,56.718143463134766,-57.42024612426758,81.06028074374535,0
771,54385,38.550000000000004,54384,54383,50,2.395746996626258,0.2794340252876282,2.026258036494255,0.09005493484437466,3.509764273075752,50.0,0,0.19609429076969925,0.0,0.00010893808059230063,56.89363098144531,-57.4202880859375,81.2357682620559,0
772,54386,38.6,54385,54384,50,2.671697991900146,0.2903789281845093,2.2826100466772914,0.09870901703834534,3.509765359280404,50.0,0,0.19609385628783846,0.0,-0.00010880420387207409,57.06911849975586,-57.42038345336914,81.41125581016877,0
773,54387,38.650000000000006,54386,54385,50,2.5226579746231437,0.29379595071077347,2.1286531118676066,0.10020891204476357,3.5097640376759323,50.0,0,0.1960943849296271,0.0,0.00010468404021069963,57.24460983276367,-57.42042541503906,81.58674714317658,0
774,54388,38.7,54387,54386,50,2.6512600015848875,0.41956501081585884,2.1477959817275405,0.08389900904148817,3.5097651240607255,50.0,0,0.1960939503757098,0.0,-0.00010667676673283112,57.42009735107422,-57.4205322265625,81.76223469128945,0
775,54389,38.75,54388,54387,50,2.4043709272518754,0.2817549975588918,2.0337130408734083,0.08890288881957531,3.509763321942133,50.0,0,0.19609467122314683,0.0,0.00010799882302018558,57.595584869384766,-57.420570373535156,81.9377222096,0
776,54390,38.800000000000004,54389,54388,50,3.8421560311689973,0.42381195817142725,3.273591981269419,0.14475209172815084,3.5097641683979695,50.0,0,0.19609433264081222,0.0,-0.00010454851600667676,57.77107238769531,-57.420677185058594,82.11320975771287,0
777,54391,38.85,54390,54389,50,2.7507260674610734,0.4525930853560567,2.1958659635856748,0.10226701851934195,3.509763081303269,50.0,0,0.19609476747869242,0.0,0.00010681064346408781,57.94655990600586,-57.42071533203125,82.28869727602341,0
778,54392,38.900000000000006,54391,54390,50,2.427223022095859,0.2935039810836315,2.043475047685206,0.0902439933270216,3.5097641685384096,50.0,0,0.19609433258463618,0.0,-0.00010454932959152754,58.12205123901367,-57.42082214355469,82.46418863883355,0
779,54393,38.95,54392,54391,50,2.7154339477419853,0.43042097240686417,2.1986380452290177,0.08637493010610342,3.5097633195920963,50.0,0,0.19609467216316148,0.0,0.00010893808059230063,58.29753875732422,-57.42086410522461,82.6396761571441,0
780,54394,39.0,54393,54392,50,2.5866200448945165,0.2791100414469838,2.1946289343759418,0.1128810690715909,3.5097641670466846,50.0,0,0.19609433318132619,0.0,-0.0001066759511190913,58.473026275634766,-57.42095947265625,82.81516370525696,0
781,54395,39.050000000000004,54394,54393,50,2.4101819144561887,0.2983598969876766,2.014649100601673,0.09717291686683893,3.509763320488268,50.0,0,0.19609467180469287,0.0,0.00010681147530894194,58.64851379394531,-57.42100143432617,82.99065122356751,0
782,54396,39.1,54395,54394,50,2.650729031302035,0.3123600035905838,2.2233290364965796,0.1150399912148714,3.509765122114827,49.97869873046875,0,0.19609395115406925,0.0,-0.00010454851600667676,58.82400131225586,-57.42110824584961,83.16613877168038,0
783,54397,39.150000000000006,54396,54395,50,2.7245510136708617,0.3089710371568799,2.231757971458137,0.18382200505584478,3.5097647497301274,49.78422164916992,0,0.19609410010794903,0.0,0.00010562246390783219,58.99949264526367,-57.421146392822266,83.34163010468819,0
784,54398,39.2,54397,54396,50,2.745745936408639,0.3043909091502428,2.345190034247935,0.09616499301046133,3.5097658377116785,49.61683654785156,0,0.19609366491532862,0.0,-0.00010573669556307332,59.17498016357422,-57.4212532043457,83.51711765280106,0
785,54399,39.25,54398,54397,50,2.87732295691967,0.4264590097591281,2.36150692217052,0.08935702499002218,3.5097637969742363,49.42247772216797,0,0.19609448121030548,0.0,0.00010775073085229347,59.350467681884766,-57.42129135131836,83.69260517111161,0
786,54400,39.300000000000004,54399,54398,50,2.49286403413862,0.35288697108626366,2.041824976913631,0.09815208613872528,3.509765121312744,49.255027770996094,0,0.19609395147490238,0.0,-0.00010786494628894675,59.52595520019531,-57.421390533447266,83.86809271922448,0
787,54401,39.35,54400,54399,50,2.7183779748156667,0.30762795358896255,2.2963309893384576,0.11441903188824654,3.509764990285344,49.06072235107422,0,0.1960940038858624,0.0,0.00010349586065416608,59.70144271850586,-57.42142868041992,84.04358023753502,0
788,54402,39.400000000000006,54401,54400,50,2.579586929641664,0.3343150019645691,2.1346620051190257,0.11060992255806923,3.5097663163174917,48.89306640625,0,0.19609347347300332,0.0,-0.0001066759511190913,59.87693405151367,-57.42153549194336,84.21907160034516,0
789,54403,39.45,54402,54401,50,2.396809053607285,0.31050597317516804,1.9930279813706875,0.0932750990614295,3.5097647520606183,48.675941467285156,0,0.19609409917575268,0.0,0.00010681147530894194,60.05242156982422,-57.42157745361328,84.3945591186557,0
790,54404,39.5,54403,54402,50,2.646493958309293,0.31745503656566143,2.239143941551447,0.08989498019218445,3.509765837631638,48.48822021484375,0,0.1960936649473448,0.0,-0.0001024218924481771,60.227909088134766,-57.42168426513672,84.57004666676858,0
791,54405,39.550000000000004,54404,54403,50,2.4442769354209304,0.32050302252173424,2.029909985139966,0.09386392775923014,3.5097640330549122,48.27120590209961,0,0.19609438677803512,0.0,0.00010893891040826533,60.40339660644531,-57.421722412109375,84.74553418507912,0
792,54406,39.6,54405,54404,50,2.975765964947641,0.3970370162278414,2.4692779406905174,0.10945100802928209,3.509764643290237,48.08340835571289,0,0.19609414268390513,0.0,-0.00010786494628894675,60.57888412475586,-57.42182159423828,84.92102173319199,0
793,54407,39.650000000000006,54406,54405,50,2.456880989484489,0.29071199242025614,2.0724890055134892,0.09367999155074358,3.509762605692892,47.89211654663086,0,0.19609495772284316,0.0,0.00010349502678042245,60.75437545776367,-57.42185974121094,85.0965130661998,0
794,54408,39.7,54407,54406,50,2.5547180557623506,0.31656306236982346,2.141103963367641,0.09705103002488613,3.5097636935667906,47.709228515625,0,0.19609452257328375,0.0,-0.00010786413067520706,60.92986297607422,-57.421966552734375,85.27200061431267,0
795,54409,39.75,54408,54407,50,2.739025978371501,0.3192489966750145,2.3265290074050426,0.09324797429144382,3.509763322366404,47.51800537109375,0,0.19609467105343834,0.0,0.00010681064346408781,61.105350494384766,-57.42200469970703,85.44748813262322,0
796,54410,39.800000000000004,54409,54408,50,2.557656029239297,0.3821729915216565,2.078321995213628,0.09716104250401258,3.509765122545242,47.336181640625,0,0.19609395098190313,0.0,-0.00010455014317792994,61.28083801269531,-57.42211151123047,85.62297568073609,0
797,54411,39.85,54410,54409,50,2.388980006799102,0.29177404940128326,2.0058118971064687,0.09139406029134989,3.509765226822958,47.15679931640625,0,0.19609390927081682,0.0,0.00024572341166979324,61.45632553100586,-57.42215347290039,85.79846319904664,0
798,54412,39.900000000000006,54411,54410,50,2.6676059933379292,0.31498505268245935,2.2435940336436033,0.10902690701186657,3.5097659969301165,46.98521423339844,0,0.1960936012279534,0.0,0.0005256829298615166,61.63181686401367,-57.4222412109375,85.97395454695561,0
799,54413,39.95,54412,54411,50,2.3396380711346865,0.3056230489164591,1.9352840026840568,0.09873101953417063,3.5097704034481096,46.80559539794922,0,0.19609183862075616,0.0,0.0015516176905427043,61.80730438232422,-57.4222412109375,86.14944206526616,0
