config,method,seed,valid_fraction,claimed_fraction,false_valid_fraction,missed_valid_fraction,sent_messages,modeled_bytes,simulated_slots,scheduling_p50_ms,scheduling_p99_ms,scheduling_max_ms
uniform,stationary_discounted,0,0.9833333333333333,0.9833333333333333,0.0,0.0,60,4320,60,0.000362,0.0018550099999999924,0.003189
uniform,stationary_discounted,1,0.9833333333333333,0.9833333333333333,0.0,0.0,60,4320,60,0.0005805000000000001,0.0015976399999999948,0.002485
uniform,stationary_discounted,2,0.9666666666666667,0.9666666666666667,0.0,0.0,60,4320,60,0.00036050000000000003,0.0008989799999999978,0.001299
uniform,stationary_discounted,3,0.9833333333333333,0.9833333333333333,0.0,0.0,60,4320,60,0.0006725,0.002040819999999993,0.003222
uniform,stationary_discounted,4,0.9833333333333333,0.9833333333333333,0.0,0.0,60,4320,60,0.0003565,0.0013848999999999958,0.002087
uniform,stationary_discounted,5,0.9333333333333333,0.9333333333333333,0.0,0.0,60,4320,60,0.00036899999999999997,0.0008564099999999986,0.001093
uniform,stationary_discounted,6,0.9833333333333333,0.9833333333333333,0.0,0.0,60,4320,60,0.000359,0.000731439999999999,0.000899
uniform,stationary_discounted,7,0.9833333333333333,0.9833333333333333,0.0,0.0,60,4320,60,0.0003595,0.000722099999999999,0.000905
uniform,stationary_discounted,8,0.9833333333333333,0.9833333333333333,0.0,0.0,60,4320,60,0.0003585,0.0007602699999999984,0.001024
uniform,stationary_discounted,9,0.9833333333333333,0.9833333333333333,0.0,0.0,60,4320,60,0.000354,0.0006935999999999989,0.000906
uniform,stationary_discounted,10,0.9833333333333333,0.9833333333333333,0.0,0.0,60,4320,60,0.000365,0.0007098399999999989,0.000901
uniform,stationary_discounted,11,0.9833333333333333,0.9833333333333333,0.0,0.0,60,4320,60,0.0003675,0.005270389999999965,0.011158
uniform,stationary_discounted,12,0.9833333333333333,0.9833333333333333,0.0,0.0,60,4320,60,0.0003485,0.0007077399999999989,0.000893
uniform,stationary_discounted,13,0.9833333333333333,0.9833333333333333,0.0,0.0,60,4320,60,0.000364,0.0008114299999999982,0.00112
uniform,stationary_discounted,14,0.9666666666666667,0.9666666666666667,0.0,0.0,60,4320,60,0.0008405,0.0012700899999999991,0.001417
uniform,stationary_discounted,15,0.9666666666666667,0.9666666666666667,0.0,0.0,60,4320,60,0.000377,0.0007025299999999985,0.000958
uniform,stationary_discounted,16,0.9833333333333333,0.9833333333333333,0.0,0.0,60,4320,60,0.0003635,0.0007733199999999983,0.00104
uniform,stationary_discounted,17,0.9833333333333333,0.9833333333333333,0.0,0.0,60,4320,60,0.0003535,0.0010481199999999998,0.001067
uniform,stationary_discounted,18,0.9833333333333333,0.9833333333333333,0.0,0.0,60,4320,60,0.000356,0.000911719999999998,0.001261
uniform,stationary_discounted,19,0.9833333333333333,0.9833333333333333,0.0,0.0,60,4320,60,0.000342,0.0011428799999999998,0.001183
uniform,stationary_discounted,20,0.9666666666666667,0.9666666666666667,0.0,0.0,60,4320,60,0.0006225,0.0015465999999999954,0.002349
uniform,stationary_discounted,21,0.9833333333333333,0.9833333333333333,0.0,0.0,60,4320,60,0.0006385,0.001236079999999997,0.00176
uniform,stationary_discounted,22,0.9666666666666667,0.9666666666666667,0.0,0.0,60,4320,60,0.000633,0.0010369099999999992,0.001185
uniform,stationary_discounted,23,0.95,0.95,0.0,0.0,60,4320,60,0.0006435,0.0012549399999999989,0.001452
uniform,stationary_discounted,24,0.9666666666666667,0.9666666666666667,0.0,0.0,60,4320,60,0.000611,0.0011617699999999977,0.001573
uniform,stationary_discounted,25,0.9833333333333333,0.9833333333333333,0.0,0.0,60,4320,60,0.0003455,0.0018037599999999965,0.002415
uniform,stationary_discounted,26,0.9833333333333333,0.9833333333333333,0.0,0.0,60,4320,60,0.00035150000000000003,0.0013519399999999985,0.001608
uniform,stationary_discounted,27,0.9833333333333333,0.9833333333333333,0.0,0.0,60,4320,60,0.000338,0.0013246399999999993,0.001445
uniform,stationary_discounted,28,0.9833333333333333,0.9833333333333333,0.0,0.0,60,4320,60,0.000339,0.0012125599999999982,0.001517
uniform,stationary_discounted,29,0.9833333333333333,0.9833333333333333,0.0,0.0,60,4320,60,0.000343,0.0010340499999999986,0.001273
uniform,stationary_discounted,30,0.9833333333333333,0.9833333333333333,0.0,0.0,60,4320,60,0.0003505,0.000791569999999999,0.000955
uniform,stationary_discounted,31,0.9833333333333333,0.9833333333333333,0.0,0.0,60,4320,60,0.00033600000000000004,0.007510249999999949,0.016375
uniform,stationary_discounted,32,0.9666666666666667,0.9666666666666667,0.0,0.0,60,4320,60,0.000366,0.0012624499999999974,0.001702
uniform,stationary_discounted,33,0.9833333333333333,0.9833333333333333,0.0,0.0,60,4320,60,0.00037850000000000004,0.0009437599999999985,0.001201
uniform,stationary_discounted,34,0.9833333333333333,0.9833333333333333,0.0,0.0,60,4320,60,0.000369,0.0013352999999999976,0.001766
uniform,stationary_discounted,35,0.9833333333333333,0.9833333333333333,0.0,0.0,60,4320,60,0.0003645,0.0008540599999999979,0.001247
uniform,stationary_discounted,36,0.9666666666666667,0.9666666666666667,0.0,0.0,60,4320,60,0.0003565,0.0007319699999999986,0.000978
uniform,stationary_discounted,37,0.9833333333333333,0.9833333333333333,0.0,0.0,60,4320,60,0.0003565,0.0010160399999999976,0.001455
uniform,stationary_discounted,38,0.9833333333333333,0.9833333333333333,0.0,0.0,60,4320,60,0.000358,0.0007733599999999994,0.000889
uniform,stationary_discounted,39,0.9833333333333333,0.9833333333333333,0.0,0.0,60,4320,60,0.0003545,0.000761929999999999,0.000923
uniform,stationary_discounted,40,0.9833333333333333,0.9833333333333333,0.0,0.0,60,4320,60,0.0003745,0.0009472899999999984,0.001224
uniform,stationary_discounted,41,0.9666666666666667,0.9666666666666667,0.0,0.0,60,4320,60,0.0003535,0.0008600699999999985,0.001112
uniform,stationary_discounted,42,0.9833333333333333,0.9833333333333333,0.0,0.0,60,4320,60,0.000358,0.0008199399999999988,0.001017
uniform,stationary_discounted,43,0.9833333333333333,0.9833333333333333,0.0,0.0,60,4320,60,0.0003595,0.0007630599999999988,0.000979
uniform,stationary_discounted,44,0.9833333333333333,0.9833333333333333,0.0,0.0,60,4320,60,0.000365,0.0010985799999999998,0.001121
uniform,stationary_discounted,45,0.9833333333333333,0.9833333333333333,0.0,0.0,60,4320,60,0.0003535,0.0009332399999999977,0.001325
uniform,stationary_discounted,46,0.9833333333333333,0.9833333333333333,0.0,0.0,60,4320,60,0.000347,0.0007063299999999989,0.000891
uniform,stationary_discounted,47,0.9833333333333333,0.9833333333333333,0.0,0.0,60,4320,60,0.0003745,0.000912329999999999,0.001097
uniform,stationary_discounted,48,0.9833333333333333,0.9833333333333333,0.0,0.0,60,4320,60,0.00036399999999999996,0.001708829999999995,0.002572
uniform,stationary_discounted,49,0.9833333333333333,0.9833333333333333,0.0,0.0,60,4320,60,0.0003645,0.0007491899999999988,0.000961
uniform,stationary_discounted,50,0.9833333333333333,0.9833333333333333,0.0,0.0,60,4320,60,0.000357,0.0010718699999999982,0.001371
uniform,stationary_discounted,51,0.9833333333333333,0.9833333333333333,0.0,0.0,60,4320,60,0.000343,0.000763929999999999,0.000925
uniform,stationary_discounted,52,0.9666666666666667,0.9666666666666667,0.0,0.0,60,4320,60,0.00036649999999999996,0.0011364099999999979,0.001491
uniform,stationary_discounted,53,0.9833333333333333,0.9833333333333333,0.0,0.0,60,4320,60,0.0003295,0.0007201199999999989,0.000916
uniform,stationary_discounted,54,0.9666666666666667,0.9666666666666667,0.0,0.0,60,4320,60,0.000346,0.0007107399999999992,0.000837
uniform,stationary_discounted,55,0.9833333333333333,0.9833333333333333,0.0,0.0,60,4320,60,0.0003645,0.0007488099999999995,0.000832
uniform,stationary_discounted,56,0.95,0.95,0.0,0.0,60,4320,60,0.0003465,0.000829059999999998,0.001163
uniform,stationary_discounted,57,0.9833333333333333,0.9833333333333333,0.0,0.0,60,4320,60,0.0006525000000000001,0.0013510299999999974,0.001813
uniform,stationary_discounted,58,0.9666666666666667,0.9666666666666667,0.0,0.0,60,4320,60,0.0007005,0.001088379999999998,0.001453
uniform,stationary_discounted,59,0.9833333333333333,0.9833333333333333,0.0,0.0,60,4320,60,0.0006095,0.002165879999999992,0.003563
uniform,stationary_discounted,60,0.9833333333333333,0.9833333333333333,0.0,0.0,60,4320,60,0.0006245000000000001,0.014262069999999903,0.030857
uniform,stationary_discounted,61,0.9833333333333333,0.9833333333333333,0.0,0.0,60,4320,60,0.0008205,0.015466019999999893,0.034359
uniform,stationary_discounted,62,0.95,0.95,0.0,0.0,60,4320,60,0.000858,0.0019604699999999997,0.002
uniform,stationary_discounted,63,0.9833333333333333,0.9833333333333333,0.0,0.0,60,4320,60,0.0008195,0.001645329999999997,0.002184
uniform,stationary_discounted,64,0.95,0.95,0.0,0.0,60,4320,60,0.000857,0.003520899999999995,0.004341
uniform,stationary_discounted,65,0.9833333333333333,0.9833333333333333,0.0,0.0,60,4320,60,0.000868,0.010116369999999934,0.021773
uniform,stationary_discounted,66,0.9833333333333333,0.9833333333333333,0.0,0.0,60,4320,60,0.0003505,0.0010391999999999975,0.001464
uniform,stationary_discounted,67,0.9833333333333333,0.9833333333333333,0.0,0.0,60,4320,60,0.0003735,0.0007849899999999989,0.000985
uniform,stationary_discounted,68,0.9666666666666667,0.9666666666666667,0.0,0.0,60,4320,60,0.000835,0.002900799999999993,0.004128
uniform,stationary_discounted,69,0.9833333333333333,0.9833333333333333,0.0,0.0,60,4320,60,0.000889,0.0015741099999999975,0.002029
uniform,stationary_discounted,70,0.9666666666666667,0.9666666666666667,0.0,0.0,60,4320,60,0.000839,0.01207418999999994,0.022552
uniform,stationary_discounted,71,0.95,0.95,0.0,0.0,60,4320,60,0.000353,0.001149449999999998,0.001471
uniform,stationary_discounted,72,0.9833333333333333,0.9833333333333333,0.0,0.0,60,4320,60,0.0003485,0.0008322499999999986,0.001083
uniform,stationary_discounted,73,0.9833333333333333,0.9833333333333333,0.0,0.0,60,4320,60,0.000356,0.0007714599999999993,0.000893
uniform,stationary_discounted,74,0.9833333333333333,0.9833333333333333,0.0,0.0,60,4320,60,0.0006305,0.001106409999999998,0.001461
uniform,stationary_discounted,75,0.9833333333333333,0.9833333333333333,0.0,0.0,60,4320,60,0.0006535,0.001173519999999998,0.001511
uniform,stationary_discounted,76,0.9833333333333333,0.9833333333333333,0.0,0.0,60,4320,60,0.00065,0.0014714999999999971,0.001973
uniform,stationary_discounted,77,0.9833333333333333,0.9833333333333333,0.0,0.0,60,4320,60,0.0003555,0.0009039599999999988,0.001114
uniform,stationary_discounted,78,0.9833333333333333,0.9833333333333333,0.0,0.0,60,4320,60,0.000339,0.0007123299999999987,0.000956
uniform,stationary_discounted,79,0.9833333333333333,0.9833333333333333,0.0,0.0,60,4320,60,0.0005695,0.004432219999999971,0.009295
uniform,stationary_discounted,80,0.9666666666666667,0.9666666666666667,0.0,0.0,60,4320,60,0.0006765,0.0011815699999999988,0.001404
uniform,stationary_discounted,81,0.9833333333333333,0.9833333333333333,0.0,0.0,60,4320,60,0.00065,0.0010941299999999987,0.001326
uniform,stationary_discounted,82,0.9666666666666667,0.9666666666666667,0.0,0.0,60,4320,60,0.000644,0.0012982799999999993,0.001421
uniform,stationary_discounted,83,0.9833333333333333,0.9833333333333333,0.0,0.0,60,4320,60,0.000655,0.0011823499999999985,0.001439
uniform,stationary_discounted,84,0.9833333333333333,0.9833333333333333,0.0,0.0,60,4320,60,0.0003565,0.0009062299999999979,0.001262
uniform,stationary_discounted,85,0.9666666666666667,0.9666666666666667,0.0,0.0,60,4320,60,0.000354,0.0007608799999999984,0.001037
uniform,stationary_discounted,86,0.9833333333333333,0.9833333333333333,0.0,0.0,60,4320,60,0.000353,0.0008619599999999985,0.001131
uniform,stationary_discounted,87,0.9833333333333333,0.9833333333333333,0.0,0.0,60,4320,60,0.0003635,0.0007114199999999989,0.000925
uniform,stationary_discounted,88,0.9833333333333333,0.9833333333333333,0.0,0.0,60,4320,60,0.0003625,0.0007235299999999983,0.001038
uniform,stationary_discounted,89,0.9833333333333333,0.9833333333333333,0.0,0.0,60,4320,60,0.0003685,0.0011511699999999985,0.001409
uniform,stationary_discounted,90,0.9833333333333333,0.9833333333333333,0.0,0.0,60,4320,60,0.00036,0.0009101699999999986,0.001168
uniform,stationary_discounted,91,0.9833333333333333,0.9833333333333333,0.0,0.0,60,4320,60,0.0003315,0.0007310799999999991,0.000901
uniform,stationary_discounted,92,0.9833333333333333,0.9833333333333333,0.0,0.0,60,4320,60,0.0003645,0.0008560599999999981,0.00119
uniform,stationary_discounted,93,0.9666666666666667,0.9666666666666667,0.0,0.0,60,4320,60,0.0003505,0.0018964999999999913,0.003401
uniform,stationary_discounted,94,0.9833333333333333,0.9833333333333333,0.0,0.0,60,4320,60,0.00035150000000000003,0.0010339799999999977,0.001434
uniform,stationary_discounted,95,0.9833333333333333,0.9833333333333333,0.0,0.0,60,4320,60,0.0003655,0.0008329799999999991,0.000997
uniform,stationary_discounted,96,0.9833333333333333,0.9833333333333333,0.0,0.0,60,4320,60,0.000367,0.000931029999999999,0.001098
uniform,stationary_discounted,97,0.9833333333333333,0.9833333333333333,0.0,0.0,60,4320,60,0.00035800000000000003,0.0007593699999999988,0.00097
uniform,stationary_discounted,98,0.9833333333333333,0.9833333333333333,0.0,0.0,60,4320,60,0.000347,0.0007050899999999988,0.000911
uniform,stationary_discounted,99,0.9833333333333333,0.9833333333333333,0.0,0.0,60,4320,60,0.0003455,0.0007183499999999989,0.000916
uniform,stationary_discounted,100,0.9833333333333333,0.9833333333333333,0.0,0.0,60,4320,60,0.000356,0.0009737799999999991,0.001126
uniform,stationary_discounted,101,0.9666666666666667,0.9666666666666667,0.0,0.0,60,4320,60,0.0003375,0.0007251699999999988,0.000924
uniform,stationary_discounted,102,0.9833333333333333,0.9833333333333333,0.0,0.0,60,4320,60,0.0003475,0.0006405499999999987,0.00085
uniform,stationary_discounted,103,0.9666666666666667,0.9666666666666667,0.0,0.0,60,4320,60,0.000356,0.0007459099999999992,0.000894
uniform,stationary_discounted,104,0.9666666666666667,0.9666666666666667,0.0,0.0,60,4320,60,0.0003535,0.0006997599999999989,0.000898
uniform,stationary_discounted,105,0.95,0.95,0.0,0.0,60,4320,60,0.000673,0.001881539999999995,0.002763
uniform,stationary_discounted,106,0.9666666666666667,0.9666666666666667,0.0,0.0,60,4320,60,0.0006805,0.0013162299999999985,0.001554
uniform,stationary_discounted,107,0.9833333333333333,0.9833333333333333,0.0,0.0,60,4320,60,0.0006495,0.0021816699999999954,0.003
uniform,stationary_discounted,108,0.9833333333333333,0.9833333333333333,0.0,0.0,60,4320,60,0.0006475,0.0012493099999999976,0.001657
uniform,stationary_discounted,109,0.9833333333333333,0.9833333333333333,0.0,0.0,60,4320,60,0.0005815,0.0013514399999999963,0.001991
uniform,stationary_discounted,110,0.9666666666666667,0.9666666666666667,0.0,0.0,60,4320,60,0.0006475000000000001,0.001096369999999999,0.001248
uniform,stationary_discounted,111,0.9833333333333333,0.9833333333333333,0.0,0.0,60,4320,60,0.00065,0.001599769999999999,0.001775
uniform,stationary_discounted,112,0.9833333333333333,0.9833333333333333,0.0,0.0,60,4320,60,0.0006505,0.0011224399999999986,0.001349
uniform,stationary_discounted,113,0.9833333333333333,0.9833333333333333,0.0,0.0,60,4320,60,0.000642,0.0010223199999999982,0.001348
uniform,stationary_discounted,114,0.9833333333333333,0.9833333333333333,0.0,0.0,60,4320,60,0.000599,0.001462289999999999,0.00168
uniform,stationary_discounted,115,0.9833333333333333,0.9833333333333333,0.0,0.0,60,4320,60,0.000651,0.008917209999999936,0.019762
uniform,stationary_discounted,116,0.9833333333333333,0.9833333333333333,0.0,0.0,60,4320,60,0.0006235,0.0015184399999999972,0.001981
uniform,stationary_discounted,117,0.9833333333333333,0.9833333333333333,0.0,0.0,60,4320,60,0.00038,0.0028289699999999906,0.004432
uniform,stationary_discounted,118,0.9833333333333333,0.9833333333333333,0.0,0.0,60,4320,60,0.000357,0.0010586599999999975,0.001487
uniform,stationary_discounted,119,0.9666666666666667,0.9666666666666667,0.0,0.0,60,4320,60,0.000353,0.0009303999999999981,0.001249
uniform,stationary_discounted,120,0.9833333333333333,0.9833333333333333,0.0,0.0,60,4320,60,0.000369,0.0008329599999999988,0.001043
uniform,stationary_discounted,121,0.9666666666666667,0.9666666666666667,0.0,0.0,60,4320,60,0.0003585,0.0007674199999999984,0.00104
uniform,stationary_discounted,122,0.9666666666666667,0.9666666666666667,0.0,0.0,60,4320,60,0.0003625,0.0008304499999999989,0.001034
uniform,stationary_discounted,123,0.9833333333333333,0.9833333333333333,0.0,0.0,60,4320,60,0.0003405,0.0007428999999999986,0.000973
uniform,stationary_discounted,124,0.9666666666666667,0.9666666666666667,0.0,0.0,60,4320,60,0.0003555,0.0008126699999999991,0.000982
uniform,stationary_discounted,125,0.9666666666666667,0.9666666666666667,0.0,0.0,60,4320,60,0.000359,0.0007112299999999989,0.00089
uniform,stationary_discounted,126,0.9833333333333333,0.9833333333333333,0.0,0.0,60,4320,60,0.00036950000000000004,0.0012001199999999985,0.001455
uniform,stationary_discounted,127,0.9833333333333333,0.9833333333333333,0.0,0.0,60,4320,60,0.0003735,0.0008095199999999987,0.001029
uniform,stationary_discounted,128,0.9666666666666667,0.9666666666666667,0.0,0.0,60,4320,60,0.00036649999999999996,0.0008080399999999982,0.001129
uniform,stationary_discounted,129,0.9833333333333333,0.9833333333333333,0.0,0.0,60,4320,60,0.0003735,0.0007554799999999985,0.001008
uniform,stationary_discounted,130,0.9833333333333333,0.9833333333333333,0.0,0.0,60,4320,60,0.000362,0.0008001499999999986,0.001045
uniform,stationary_discounted,131,0.9833333333333333,0.9833333333333333,0.0,0.0,60,4320,60,0.000357,0.0007426799999999985,0.001007
uniform,stationary_discounted,132,0.9833333333333333,0.9833333333333333,0.0,0.0,60,4320,60,0.000361,0.0007541699999999992,0.000894
uniform,stationary_discounted,133,0.9833333333333333,0.9833333333333333,0.0,0.0,60,4320,60,0.00036,0.0007976599999999989,0.00099
uniform,stationary_discounted,134,0.9666666666666667,0.9666666666666667,0.0,0.0,60,4320,60,0.0006425000000000001,0.0022245899999999916,0.003699
uniform,stationary_discounted,135,0.9833333333333333,0.9833333333333333,0.0,0.0,60,4320,60,0.0006835000000000001,0.001201259999999998,0.001547
uniform,stationary_discounted,136,0.9833333333333333,0.9833333333333333,0.0,0.0,60,4320,60,0.0006555,0.0011097099999999981,0.001423
uniform,stationary_discounted,137,0.9833333333333333,0.9833333333333333,0.0,0.0,60,4320,60,0.0006644999999999999,0.0011997099999999986,0.001454
uniform,stationary_discounted,138,0.9833333333333333,0.9833333333333333,0.0,0.0,60,4320,60,0.00036649999999999996,0.00148063,0.001506
uniform,stationary_discounted,139,0.9833333333333333,0.9833333333333333,0.0,0.0,60,4320,60,0.0003535,0.0007571999999999986,0.001005
uniform,stationary_discounted,140,0.9833333333333333,0.9833333333333333,0.0,0.0,60,4320,60,0.000359,0.0007254999999999988,0.000932
uniform,stationary_discounted,141,0.9833333333333333,0.9833333333333333,0.0,0.0,60,4320,60,0.000344,0.0007305799999999989,0.00093
uniform,stationary_discounted,142,0.9833333333333333,0.9833333333333333,0.0,0.0,60,4320,60,0.000361,0.0008007799999999991,0.000953
uniform,stationary_discounted,143,0.9666666666666667,0.9666666666666667,0.0,0.0,60,4320,60,0.0003685,0.0007334299999999989,0.000924
uniform,stationary_discounted,144,0.9833333333333333,0.9833333333333333,0.0,0.0,60,4320,60,0.000365,0.000785329999999999,0.00097
uniform,stationary_discounted,145,0.9833333333333333,0.9833333333333333,0.0,0.0,60,4320,60,0.0003495,0.0007104799999999986,0.000963
uniform,stationary_discounted,146,0.9833333333333333,0.9833333333333333,0.0,0.0,60,4320,60,0.000367,0.0008210299999999991,0.000988
uniform,stationary_discounted,147,0.9833333333333333,0.9833333333333333,0.0,0.0,60,4320,60,0.0003645,0.000972539999999998,0.001323
uniform,stationary_discounted,148,0.9833333333333333,0.9833333333333333,0.0,0.0,60,4320,60,0.00067,0.0013418599999999968,0.0019
uniform,stationary_discounted,149,0.9833333333333333,0.9833333333333333,0.0,0.0,60,4320,60,0.000692,0.0012055099999999986,0.001448
uniform,stationary_discounted,150,0.9833333333333333,0.9833333333333333,0.0,0.0,60,4320,60,0.0006954999999999999,0.0013009099999999978,0.001685
uniform,stationary_discounted,151,0.9833333333333333,0.9833333333333333,0.0,0.0,60,4320,60,0.0006774999999999999,0.0013997699999999996,0.001457
uniform,stationary_discounted,152,0.9666666666666667,0.9666666666666667,0.0,0.0,60,4320,60,0.000359,0.0008826399999999986,0.001121
uniform,stationary_discounted,153,0.9666666666666667,0.9666666666666667,0.0,0.0,60,4320,60,0.0003595,0.0007641699999999989,0.000963
uniform,stationary_discounted,154,0.9833333333333333,0.9833333333333333,0.0,0.0,60,4320,60,0.0003545,0.000769379999999999,0.000957
uniform,stationary_discounted,155,0.9666666666666667,0.9666666666666667,0.0,0.0,60,4320,60,0.0008405,0.0032735999999999876,0.005492
uniform,stationary_discounted,156,0.9833333333333333,0.9833333333333333,0.0,0.0,60,4320,60,0.000859,0.001618329999999997,0.002157
uniform,stationary_discounted,157,0.9833333333333333,0.9833333333333333,0.0,0.0,60,4320,60,0.0008165,0.0015465799999999975,0.001982
uniform,stationary_discounted,158,0.9833333333333333,0.9833333333333333,0.0,0.0,60,4320,60,0.0008585,0.002448949999999994,0.003449
uniform,stationary_discounted,159,0.9833333333333333,0.9833333333333333,0.0,0.0,60,4320,60,0.0008445,0.001564589999999997,0.002095
uniform,stationary_discounted,160,0.9833333333333333,0.9833333333333333,0.0,0.0,60,4320,60,0.0008005,0.0015186399999999969,0.002052
uniform,stationary_discounted,161,0.9833333333333333,0.9833333333333333,0.0,0.0,60,4320,60,0.0008515,0.0016834099999999959,0.002392
uniform,stationary_discounted,162,0.9833333333333333,0.9833333333333333,0.0,0.0,60,4320,60,0.00036300000000000004,0.0014694099999999954,0.002237
uniform,stationary_discounted,163,0.9833333333333333,0.9833333333333333,0.0,0.0,60,4320,60,0.0003475,0.00812507999999994,0.018502
uniform,stationary_discounted,164,0.9833333333333333,0.9833333333333333,0.0,0.0,60,4320,60,0.000354,0.0011726799999999995,0.00126
uniform,stationary_discounted,165,0.9833333333333333,0.9833333333333333,0.0,0.0,60,4320,60,0.000361,0.0007765999999999985,0.001048
uniform,stationary_discounted,166,0.9833333333333333,0.9833333333333333,0.0,0.0,60,4320,60,0.0003545,0.0007507299999999988,0.000959
uniform,stationary_discounted,167,0.9666666666666667,0.9666666666666667,0.0,0.0,60,4320,60,0.000359,0.0007831599999999987,0.001005
uniform,stationary_discounted,168,0.9833333333333333,0.9833333333333333,0.0,0.0,60,4320,60,0.000609,0.0027780299999999986,0.003004
uniform,stationary_discounted,169,0.9833333333333333,0.9833333333333333,0.0,0.0,60,4320,60,0.0006675,0.001969699999999995,0.002896
uniform,stationary_discounted,170,0.9833333333333333,0.9833333333333333,0.0,0.0,60,4320,60,0.000677,0.0013984799999999969,0.001946
uniform,stationary_discounted,171,0.9833333333333333,0.9833333333333333,0.0,0.0,60,4320,60,0.00068,0.0011915499999999985,0.00146
uniform,stationary_discounted,172,0.9833333333333333,0.9833333333333333,0.0,0.0,60,4320,60,0.000352,0.0009304199999999981,0.001262
uniform,stationary_discounted,173,0.9833333333333333,0.9833333333333333,0.0,0.0,60,4320,60,0.000359,0.0008467999999999987,0.001071
uniform,stationary_discounted,174,0.95,0.95,0.0,0.0,60,4320,60,0.0003815,0.0009146399999999997,0.000976
uniform,stationary_discounted,175,0.9833333333333333,0.9833333333333333,0.0,0.0,60,4320,60,0.000365,0.0008295599999999985,0.001075
uniform,stationary_discounted,176,0.9833333333333333,0.9833333333333333,0.0,0.0,60,4320,60,0.000354,0.000752789999999999,0.000941
uniform,stationary_discounted,177,0.9666666666666667,0.9666666666666667,0.0,0.0,60,4320,60,0.000613,0.0009677399999999999,0.000976
uniform,stationary_discounted,178,0.9666666666666667,0.9666666666666667,0.0,0.0,60,4320,60,0.0006115000000000001,0.0011516699999999987,0.00138
uniform,stationary_discounted,179,0.9666666666666667,0.9666666666666667,0.0,0.0,60,4320,60,0.00036050000000000003,0.002007669999999995,0.002885
uniform,stationary_discounted,180,0.9833333333333333,0.9833333333333333,0.0,0.0,60,4320,60,0.0006865,0.002140609999999995,0.002979
uniform,stationary_discounted,181,0.9833333333333333,0.9833333333333333,0.0,0.0,60,4320,60,0.0006615,0.008250079999999944,0.018037
uniform,stationary_discounted,182,0.9833333333333333,0.9833333333333333,0.0,0.0,60,4320,60,0.000595,0.005781129999999963,0.01209
uniform,stationary_discounted,183,0.9833333333333333,0.9833333333333333,0.0,0.0,60,4320,60,0.0006525,0.0015627899999999999,0.001574
uniform,stationary_discounted,184,0.9833333333333333,0.9833333333333333,0.0,0.0,60,4320,60,0.0006640000000000001,0.001337389999999997,0.001856
uniform,stationary_discounted,185,0.9666666666666667,0.9666666666666667,0.0,0.0,60,4320,60,0.000596,0.001170279999999998,0.001529
uniform,stationary_discounted,186,0.9833333333333333,0.9833333333333333,0.0,0.0,60,4320,60,0.0006415,0.0013193899999999978,0.00172
uniform,stationary_discounted,187,0.9833333333333333,0.9833333333333333,0.0,0.0,60,4320,60,0.0006405,0.001102539999999998,0.001453
uniform,stationary_discounted,188,0.9666666666666667,0.9666666666666667,0.0,0.0,60,4320,60,0.0005794999999999999,0.0012129899999999993,0.001354
uniform,stationary_discounted,189,0.9833333333333333,0.9833333333333333,0.0,0.0,60,4320,60,0.0008085,0.00272856999999999,0.004426
uniform,stationary_discounted,190,0.9833333333333333,0.9833333333333333,0.0,0.0,60,4320,60,0.0008645,0.002191329999999999,0.002317
uniform,stationary_discounted,191,0.9833333333333333,0.9833333333333333,0.0,0.0,60,4320,60,0.0008375,0.0014480399999999974,0.001887
uniform,stationary_discounted,192,0.9666666666666667,0.9666666666666667,0.0,0.0,60,4320,60,0.0003635,0.0016187599999999938,0.002702
uniform,stationary_discounted,193,0.9666666666666667,0.9666666666666667,0.0,0.0,60,4320,60,0.000646,0.0011893999999999965,0.001803
uniform,stationary_discounted,194,0.9833333333333333,0.9833333333333333,0.0,0.0,60,4320,60,0.0006655,0.0013094399999999972,0.001772
uniform,stationary_discounted,195,0.9833333333333333,0.9833333333333333,0.0,0.0,60,4320,60,0.000656,0.0011872799999999982,0.001487
uniform,stationary_discounted,196,0.9833333333333333,0.9833333333333333,0.0,0.0,60,4320,60,0.0006230000000000001,0.0021306199999999967,0.00271
uniform,stationary_discounted,197,0.9833333333333333,0.9833333333333333,0.0,0.0,60,4320,60,0.0003585,0.0010473699999999976,0.001494
uniform,stationary_discounted,198,0.9833333333333333,0.9833333333333333,0.0,0.0,60,4320,60,0.000346,0.0007594299999999989,0.00095
uniform,stationary_discounted,199,0.9833333333333333,0.9833333333333333,0.0,0.0,60,4320,60,0.000353,0.013358999999999902,0.030528
uniform,stationary_discounted,200,0.9833333333333333,0.9833333333333333,0.0,0.0,60,4320,60,0.000632,0.0011862599999999984,0.001473
uniform,stationary_discounted,201,0.9833333333333333,0.9833333333333333,0.0,0.0,60,4320,60,0.0006425000000000001,0.0010955799999999988,0.001295
uniform,stationary_discounted,202,0.9833333333333333,0.9833333333333333,0.0,0.0,60,4320,60,0.0006605000000000001,0.001349559999999998,0.001713
uniform,stationary_discounted,203,0.9833333333333333,0.9833333333333333,0.0,0.0,60,4320,60,0.00063,0.0012250399999999986,0.001487
uniform,stationary_discounted,204,0.9833333333333333,0.9833333333333333,0.0,0.0,60,4320,60,0.0003635,0.0010930299999999987,0.001319
uniform,stationary_discounted,205,0.9833333333333333,0.9833333333333333,0.0,0.0,60,4320,60,0.000374,0.0007933199999999987,0.001001
uniform,stationary_discounted,206,0.9833333333333333,0.9833333333333333,0.0,0.0,60,4320,60,0.000388,0.0008826999999999991,0.001042
uniform,stationary_discounted,207,0.9833333333333333,0.9833333333333333,0.0,0.0,60,4320,60,0.0003725,0.0009991899999999975,0.001447
uniform,stationary_discounted,208,0.9833333333333333,0.9833333333333333,0.0,0.0,60,4320,60,0.0003685,0.0007247099999999985,0.000979
uniform,stationary_discounted,209,0.9833333333333333,0.9833333333333333,0.0,0.0,60,4320,60,0.000366,0.0007943499999999986,0.001051
uniform,stationary_discounted,210,0.9833333333333333,0.9833333333333333,0.0,0.0,60,4320,60,0.000358,0.0007988599999999989,0.001003
uniform,stationary_discounted,211,0.9833333333333333,0.9833333333333333,0.0,0.0,60,4320,60,0.0006659999999999999,0.0012122699999999977,0.001594
uniform,stationary_discounted,212,0.9833333333333333,0.9833333333333333,0.0,0.0,60,4320,60,0.000673,0.0025518399999999897,0.004336
uniform,stationary_discounted,213,0.9833333333333333,0.9833333333333333,0.0,0.0,60,4320,60,0.0006205,0.0015863599999999974,0.002056
uniform,stationary_discounted,214,0.9833333333333333,0.9833333333333333,0.0,0.0,60,4320,60,0.0006735,0.0018354599999999977,0.002252
uniform,stationary_discounted,215,0.9833333333333333,0.9833333333333333,0.0,0.0,60,4320,60,0.000655,0.0030736199999999974,0.003535
uniform,stationary_discounted,216,0.9833333333333333,0.9833333333333333,0.0,0.0,60,4320,60,0.0008185,0.03184922999999976,0.072089
uniform,stationary_discounted,217,0.9666666666666667,0.9666666666666667,0.0,0.0,60,4320,60,0.000886,0.0016321699999999968,0.002185
uniform,stationary_discounted,218,0.9833333333333333,0.9833333333333333,0.0,0.0,60,4320,60,0.000788,0.009128919999999957,0.016688
uniform,stationary_discounted,219,0.9833333333333333,0.9833333333333333,0.0,0.0,60,4320,60,0.0006965000000000001,0.001617009999999996,0.002302
uniform,stationary_discounted,220,0.9833333333333333,0.9833333333333333,0.0,0.0,60,4320,60,0.0006414999999999999,0.001324219999999997,0.001821
uniform,stationary_discounted,221,0.9833333333333333,0.9833333333333333,0.0,0.0,60,4320,60,0.000704,0.0011993699999999986,0.00141
uniform,stationary_discounted,222,0.9833333333333333,0.9833333333333333,0.0,0.0,60,4320,60,0.000916,0.02228619999999985,0.048435
uniform,stationary_discounted,223,0.9833333333333333,0.9833333333333333,0.0,0.0,60,4320,60,0.0008864999999999999,0.0015846099999999971,0.002069
uniform,stationary_discounted,224,0.9833333333333333,0.9833333333333333,0.0,0.0,60,4320,60,0.0008475,0.001964869999999999,0.002087
uniform,stationary_discounted,225,0.9666666666666667,0.9666666666666667,0.0,0.0,60,4320,60,0.000803,0.0028878399999999966,0.003492
uniform,stationary_discounted,226,0.9833333333333333,0.9833333333333333,0.0,0.0,60,4320,60,0.0006265000000000001,0.0016090599999999957,0.002356
uniform,stationary_discounted,227,0.9833333333333333,0.9833333333333333,0.0,0.0,60,4320,60,0.000583,0.0016894299999999961,0.002352
uniform,stationary_discounted,228,0.95,0.95,0.0,0.0,60,4320,60,0.0003455,0.001392399999999996,0.002124
uniform,stationary_discounted,229,0.9833333333333333,0.9833333333333333,0.0,0.0,60,4320,60,0.00035,0.0009377299999999977,0.001323
uniform,stationary_discounted,230,0.9833333333333333,0.9833333333333333,0.0,0.0,60,4320,60,0.000359,0.0007993399999999988,0.00102
uniform,stationary_discounted,231,0.9833333333333333,0.9833333333333333,0.0,0.0,60,4320,60,0.0003485,0.0007888899999999986,0.001042
uniform,stationary_discounted,232,0.9833333333333333,0.9833333333333333,0.0,0.0,60,4320,60,0.000355,0.000774059999999999,0.000931
uniform,stationary_discounted,233,0.9833333333333333,0.9833333333333333,0.0,0.0,60,4320,60,0.000361,0.0007112199999999985,0.000972
uniform,stationary_discounted,234,0.9666666666666667,0.9666666666666667,0.0,0.0,60,4320,60,0.00042500000000000003,0.0009273699999999992,0.001079
uniform,stationary_discounted,235,0.9833333333333333,0.9833333333333333,0.0,0.0,60,4320,60,0.000565,0.001133919999999998,0.001495
uniform,stationary_discounted,236,0.9833333333333333,0.9833333333333333,0.0,0.0,60,4320,60,0.000578,0.009212489999999936,0.020121
uniform,stationary_discounted,237,0.9833333333333333,0.9833333333333333,0.0,0.0,60,4320,60,0.000616,0.0012580999999999983,0.001559
uniform,stationary_discounted,238,0.9833333333333333,0.9833333333333333,0.0,0.0,60,4320,60,0.0006435,0.0019089799999999983,0.002191
uniform,stationary_discounted,239,0.9833333333333333,0.9833333333333333,0.0,0.0,60,4320,60,0.0006395000000000001,0.0012664199999999975,0.001716
uniform,stationary_discounted,240,0.9833333333333333,0.9833333333333333,0.0,0.0,60,4320,60,0.0006505,0.0012820399999999967,0.001839
uniform,stationary_discounted,241,0.9833333333333333,0.9833333333333333,0.0,0.0,60,4320,60,0.00039150000000000003,0.0019221099999999947,0.002849
uniform,stationary_discounted,242,0.9833333333333333,0.9833333333333333,0.0,0.0,60,4320,60,0.000343,0.0010732799999999976,0.001491
uniform,stationary_discounted,243,0.9666666666666667,0.9666666666666667,0.0,0.0,60,4320,60,0.0003685,0.0009320499999999989,0.001112
uniform,stationary_discounted,244,0.9666666666666667,0.9666666666666667,0.0,0.0,60,4320,60,0.0003525,0.0006854899999999987,0.000915
uniform,stationary_discounted,245,0.9833333333333333,0.9833333333333333,0.0,0.0,60,4320,60,0.000343,0.0007925099999999996,0.000858
uniform,stationary_discounted,246,0.9666666666666667,0.9666666666666667,0.0,0.0,60,4320,60,0.000349,0.0007758899999999989,0.00097
uniform,stationary_discounted,247,0.9833333333333333,0.9833333333333333,0.0,0.0,60,4320,60,0.00035099999999999997,0.0007350499999999992,0.000856
uniform,stationary_discounted,248,0.9833333333333333,0.9833333333333333,0.0,0.0,60,4320,60,0.0006000000000000001,0.0013671099999999971,0.001881
uniform,stationary_discounted,249,0.9833333333333333,0.9833333333333333,0.0,0.0,60,4320,60,0.0006585,0.0011910399999999985,0.001453
uniform,stationary_discounted,250,0.9833333333333333,0.9833333333333333,0.0,0.0,60,4320,60,0.0006225,0.0014340399999999986,0.001696
uniform,stationary_discounted,251,0.9833333333333333,0.9833333333333333,0.0,0.0,60,4320,60,0.0007415,0.0016787799999999965,0.002303
uniform,stationary_discounted,252,0.9833333333333333,0.9833333333333333,0.0,0.0,60,4320,60,0.0007210000000000001,0.0014305999999999972,0.001938
uniform,stationary_discounted,253,0.9833333333333333,0.9833333333333333,0.0,0.0,60,4320,60,0.00076,0.0017679999999999996,0.001827
uniform,stationary_discounted,254,0.9833333333333333,0.9833333333333333,0.0,0.0,60,4320,60,0.0006865,0.006759589999999958,0.014134
uniform,stationary_discounted,255,0.9833333333333333,0.9833333333333333,0.0,0.0,60,4320,60,0.000365,0.0011814999999999977,0.001565
uniform,stationary_discounted,256,0.9833333333333333,0.9833333333333333,0.0,0.0,60,4320,60,0.000354,0.0007820899999999987,0.000988
uniform,stationary_discounted,257,0.9833333333333333,0.9833333333333333,0.0,0.0,60,4320,60,0.00035150000000000003,0.000923949999999999,0.001098
uniform,stationary_discounted,258,0.9833333333333333,0.9833333333333333,0.0,0.0,60,4320,60,0.00035150000000000003,0.0007173499999999992,0.000856
uniform,stationary_discounted,259,0.9666666666666667,0.9666666666666667,0.0,0.0,60,4320,60,0.000355,0.000774849999999999,0.000943
uniform,stationary_discounted,260,0.95,0.95,0.0,0.0,60,4320,60,0.0003485,0.0007180299999999991,0.000885
uniform,stationary_discounted,261,0.9833333333333333,0.9833333333333333,0.0,0.0,60,4320,60,0.0003655,0.0006812599999999991,0.00085
uniform,stationary_discounted,262,0.9833333333333333,0.9833333333333333,0.0,0.0,60,4320,60,0.0003545,0.0006911799999999989,0.000867
uniform,stationary_discounted,263,0.9833333333333333,0.9833333333333333,0.0,0.0,60,4320,60,0.0003565,0.0008019899999999988,0.001002
uniform,stationary_discounted,264,0.9833333333333333,0.9833333333333333,0.0,0.0,60,4320,60,0.00036,0.001475679999999994,0.002507
uniform,stationary_discounted,265,0.9833333333333333,0.9833333333333333,0.0,0.0,60,4320,60,0.0003645,0.0008653899999999991,0.00103
uniform,stationary_discounted,266,0.9666666666666667,0.9666666666666667,0.0,0.0,60,4320,60,0.00036,0.0007548599999999991,0.0009
uniform,stationary_discounted,267,0.9666666666666667,0.9666666666666667,0.0,0.0,60,4320,60,0.0003735,0.0007735999999999987,0.000986
uniform,stationary_discounted,268,0.9833333333333333,0.9833333333333333,0.0,0.0,60,4320,60,0.00035150000000000003,0.0008125799999999989,0.001012
uniform,stationary_discounted,269,0.9833333333333333,0.9833333333333333,0.0,0.0,60,4320,60,0.0003555,0.0006576599999999989,0.00085
uniform,stationary_discounted,270,0.9833333333333333,0.9833333333333333,0.0,0.0,60,4320,60,0.0003545,0.0007254799999999989,0.000919
uniform,stationary_discounted,271,0.9833333333333333,0.9833333333333333,0.0,0.0,60,4320,60,0.000361,0.000763129999999999,0.000936
uniform,stationary_discounted,272,0.9666666666666667,0.9666666666666667,0.0,0.0,60,4320,60,0.0003615,0.0010081399999999992,0.001158
uniform,stationary_discounted,273,0.9833333333333333,0.9833333333333333,0.0,0.0,60,4320,60,0.000342,0.000754769999999999,0.00093
uniform,stationary_discounted,274,0.9833333333333333,0.9833333333333333,0.0,0.0,60,4320,60,0.00035099999999999997,0.0007424099999999989,0.00092
uniform,stationary_discounted,275,0.9833333333333333,0.9833333333333333,0.0,0.0,60,4320,60,0.0003505,0.0006798899999999989,0.000874
uniform,stationary_discounted,276,0.9666666666666667,0.9666666666666667,0.0,0.0,60,4320,60,0.0003495,0.000713589999999999,0.00089
uniform,stationary_discounted,277,0.9666666666666667,0.9666666666666667,0.0,0.0,60,4320,60,0.000347,0.0007927199999999986,0.001024
uniform,stationary_discounted,278,0.9666666666666667,0.9666666666666667,0.0,0.0,60,4320,60,0.000357,0.000715949999999999,0.00089
uniform,stationary_discounted,279,0.9833333333333333,0.9833333333333333,0.0,0.0,60,4320,60,0.000352,0.002720769999999986,0.005138
uniform,stationary_discounted,280,0.9833333333333333,0.9833333333333333,0.0,0.0,60,4320,60,0.0006345,0.006650409999999975,0.011135
uniform,stationary_discounted,281,0.9666666666666667,0.9666666666666667,0.0,0.0,60,4320,60,0.0006605000000000001,0.0015804399999999961,0.002279
uniform,stationary_discounted,282,0.9833333333333333,0.9833333333333333,0.0,0.0,60,4320,60,0.0006349999999999999,0.0011370299999999983,0.001422
uniform,stationary_discounted,283,0.9833333333333333,0.9833333333333333,0.0,0.0,60,4320,60,0.0006265,0.0010434299999999982,0.001352
uniform,stationary_discounted,284,0.9833333333333333,0.9833333333333333,0.0,0.0,60,4320,60,0.0006345,0.008380869999999943,0.018415
uniform,stationary_discounted,285,0.9833333333333333,0.9833333333333333,0.0,0.0,60,4320,60,0.000637,0.0011007499999999989,0.001322
uniform,stationary_discounted,286,0.9833333333333333,0.9833333333333333,0.0,0.0,60,4320,60,0.000614,0.0012447599999999986,0.001502
uniform,stationary_discounted,287,0.9833333333333333,0.9833333333333333,0.0,0.0,60,4320,60,0.0006355,0.001159979999999999,0.001324
uniform,stationary_discounted,288,0.9666666666666667,0.9666666666666667,0.0,0.0,60,4320,60,0.0006284999999999999,0.0009890199999999989,0.001179
uniform,stationary_discounted,289,0.9833333333333333,0.9833333333333333,0.0,0.0,60,4320,60,0.0006585,0.001191109999999998,0.001528
uniform,stationary_discounted,290,0.9833333333333333,0.9833333333333333,0.0,0.0,60,4320,60,0.0003705,0.001879009999999999,0.002033
uniform,stationary_discounted,291,0.9833333333333333,0.9833333333333333,0.0,0.0,60,4320,60,0.0006585,0.00152066,0.001536
uniform,stationary_discounted,292,0.9833333333333333,0.9833333333333333,0.0,0.0,60,4320,60,0.0006425000000000001,0.0015243699999999975,0.001971
uniform,stationary_discounted,293,0.9833333333333333,0.9833333333333333,0.0,0.0,60,4320,60,0.000667,0.0010118399999999982,0.001321
uniform,stationary_discounted,294,0.9833333333333333,0.9833333333333333,0.0,0.0,60,4320,60,0.000675,0.001364949999999999,0.001539
uniform,stationary_discounted,295,0.9833333333333333,0.9833333333333333,0.0,0.0,60,4320,60,0.0003645,0.0009179899999999992,0.001059
uniform,stationary_discounted,296,0.9833333333333333,0.9833333333333333,0.0,0.0,60,4320,60,0.0003455,0.0007427599999999988,0.000941
uniform,stationary_discounted,297,0.9833333333333333,0.9833333333333333,0.0,0.0,60,4320,60,0.00045149999999999997,0.005633029999999969,0.011169
uniform,stationary_discounted,298,0.9833333333333333,0.9833333333333333,0.0,0.0,60,4320,60,0.0003535,0.0010342399999999994,0.001131
uniform,stationary_discounted,299,0.9833333333333333,0.9833333333333333,0.0,0.0,60,4320,60,0.0003615,0.0007084199999999991,0.000863
uniform,stationary_discounted,300,0.9833333333333333,0.9833333333333333,0.0,0.0,60,4320,60,0.000369,0.0011931799999999988,0.001428
uniform,stationary_discounted,301,0.9833333333333333,0.9833333333333333,0.0,0.0,60,4320,60,0.000356,0.0008147699999999986,0.001049
uniform,stationary_discounted,302,0.9666666666666667,0.9666666666666667,0.0,0.0,60,4320,60,0.00036,0.0007461099999999987,0.000965
uniform,stationary_discounted,303,0.9666666666666667,0.9666666666666667,0.0,0.0,60,4320,60,0.0003565,0.0008838199999999987,0.001121
uniform,stationary_discounted,304,0.9833333333333333,0.9833333333333333,0.0,0.0,60,4320,60,0.0007,0.0014720199999999962,0.002134
uniform,stationary_discounted,305,0.9833333333333333,0.9833333333333333,0.0,0.0,60,4320,60,0.0007335,0.0015069199999999997,0.001573
uniform,stationary_discounted,306,0.9833333333333333,0.9833333333333333,0.0,0.0,60,4320,60,0.000734,0.0011467099999999985,0.001401
uniform,stationary_discounted,307,0.9833333333333333,0.9833333333333333,0.0,0.0,60,4320,60,0.0007155,0.0012714099999999995,0.001331
uniform,stationary_discounted,308,0.9833333333333333,0.9833333333333333,0.0,0.0,60,4320,60,0.0007155,0.0013032199999999977,0.001682
uniform,stationary_discounted,309,0.9833333333333333,0.9833333333333333,0.0,0.0,60,4320,60,0.0005475,0.001497119999999996,0.002165
uniform,stationary_discounted,310,0.9833333333333333,0.9833333333333333,0.0,0.0,60,4320,60,0.00035499999999999996,0.0007031699999999988,0.000902
uniform,stationary_discounted,311,0.9833333333333333,0.9833333333333333,0.0,0.0,60,4320,60,0.000352,0.0007722699999999985,0.001036
uniform,stationary_discounted,312,0.9833333333333333,0.9833333333333333,0.0,0.0,60,4320,60,0.000362,0.0007256799999999992,0.000872
uniform,stationary_discounted,313,0.9833333333333333,0.9833333333333333,0.0,0.0,60,4320,60,0.0003565,0.0007858399999999989,0.000977
uniform,stationary_discounted,314,0.9833333333333333,0.9833333333333333,0.0,0.0,60,4320,60,0.0003705,0.0010143599999999989,0.001189
uniform,stationary_discounted,315,0.9833333333333333,0.9833333333333333,0.0,0.0,60,4320,60,0.0007245,0.0013546299999999988,0.001557
uniform,stationary_discounted,316,0.9833333333333333,0.9833333333333333,0.0,0.0,60,4320,60,0.000643,0.0012269399999999975,0.00166
uniform,stationary_discounted,317,0.9833333333333333,0.9833333333333333,0.0,0.0,60,4320,60,0.0006495,0.0016230099999999998,0.001659
uniform,stationary_discounted,318,0.9833333333333333,0.9833333333333333,0.0,0.0,60,4320,60,0.000647,0.0011185299999999982,0.001433
uniform,stationary_discounted,319,0.9833333333333333,0.9833333333333333,0.0,0.0,60,4320,60,0.0006284999999999999,0.0011565999999999987,0.001369
uniform,stationary_discounted,320,0.9833333333333333,0.9833333333333333,0.0,0.0,60,4320,60,0.000645,0.012840469999999925,0.025742
uniform,stationary_discounted,321,0.9833333333333333,0.9833333333333333,0.0,0.0,60,4320,60,0.0006435,0.001722239999999999,0.001878
uniform,stationary_discounted,322,0.9833333333333333,0.9833333333333333,0.0,0.0,60,4320,60,0.0006025,0.001417339999999998,0.001756
uniform,stationary_discounted,323,0.9833333333333333,0.9833333333333333,0.0,0.0,60,4320,60,0.0006705000000000001,0.001244969999999998,0.001609
uniform,stationary_discounted,324,0.9833333333333333,0.9833333333333333,0.0,0.0,60,4320,60,0.0006525000000000001,0.0010435099999999986,0.001286
uniform,stationary_discounted,325,0.9666666666666667,0.9666666666666667,0.0,0.0,60,4320,60,0.000652,0.0019293899999999935,0.003038
uniform,stationary_discounted,326,0.9833333333333333,0.9833333333333333,0.0,0.0,60,4320,60,0.00035499999999999996,0.0008822799999999986,0.001123
uniform,stationary_discounted,327,0.9833333333333333,0.9833333333333333,0.0,0.0,60,4320,60,0.000342,0.0006489199999999989,0.000833
uniform,stationary_discounted,328,0.9833333333333333,0.9833333333333333,0.0,0.0,60,4320,60,0.0003455,0.0007803099999999997,0.000834
uniform,stationary_discounted,329,0.9833333333333333,0.9833333333333333,0.0,0.0,60,4320,60,0.0003465,0.0008162899999999981,0.001152
uniform,stationary_discounted,330,0.95,0.95,0.0,0.0,60,4320,60,0.000347,0.0007704999999999992,0.000918
uniform,stationary_discounted,331,0.9833333333333333,0.9833333333333333,0.0,0.0,60,4320,60,0.000345,0.0010734099999999995,0.001133
uniform,stationary_discounted,332,0.9833333333333333,0.9833333333333333,0.0,0.0,60,4320,60,0.0003565,0.0007805399999999986,0.001013
uniform,stationary_discounted,333,0.9833333333333333,0.9833333333333333,0.0,0.0,60,4320,60,0.0003545,0.0007295799999999986,0.000988
uniform,stationary_discounted,334,0.9666666666666667,0.9666666666666667,0.0,0.0,60,4320,60,0.000351,0.0007621199999999992,0.000899
uniform,stationary_discounted,335,0.9833333333333333,0.9833333333333333,0.0,0.0,60,4320,60,0.000353,0.0007538699999999989,0.000935
uniform,stationary_discounted,336,0.9833333333333333,0.9833333333333333,0.0,0.0,60,4320,60,0.000356,0.0007129499999999993,0.000828
uniform,stationary_discounted,337,0.9833333333333333,0.9833333333333333,0.0,0.0,60,4320,60,0.00035,0.0008662299999999996,0.000927
uniform,stationary_discounted,338,0.9833333333333333,0.9833333333333333,0.0,0.0,60,4320,60,0.00036300000000000004,0.000708339999999999,0.00087
uniform,stationary_discounted,339,0.9833333333333333,0.9833333333333333,0.0,0.0,60,4320,60,0.0003555,0.0008471999999999983,0.001154
uniform,stationary_discounted,340,0.9833333333333333,0.9833333333333333,0.0,0.0,60,4320,60,0.000357,0.004003489999999974,0.008481
uniform,stationary_discounted,341,0.9833333333333333,0.9833333333333333,0.0,0.0,60,4320,60,0.0008075000000000001,0.002924239999999997,0.003493
uniform,stationary_discounted,342,0.9833333333333333,0.9833333333333333,0.0,0.0,60,4320,60,0.000854,0.0015087099999999975,0.00194
uniform,stationary_discounted,343,0.9833333333333333,0.9833333333333333,0.0,0.0,60,4320,60,0.000857,0.0015172199999999975,0.001955
uniform,stationary_discounted,344,0.9666666666666667,0.9666666666666667,0.0,0.0,60,4320,60,0.000348,0.0022891899999999965,0.002914
uniform,stationary_discounted,345,0.9833333333333333,0.9833333333333333,0.0,0.0,60,4320,60,0.000351,0.0010070399999999972,0.001505
uniform,stationary_discounted,346,0.9833333333333333,0.9833333333333333,0.0,0.0,60,4320,60,0.00036899999999999997,0.000917459999999999,0.001098
uniform,stationary_discounted,347,0.9833333333333333,0.9833333333333333,0.0,0.0,60,4320,60,0.0003585,0.0007713299999999987,0.001015
uniform,stationary_discounted,348,0.9833333333333333,0.9833333333333333,0.0,0.0,60,4320,60,0.0003545,0.0007494899999999987,0.000979
uniform,stationary_discounted,349,0.9833333333333333,0.9833333333333333,0.0,0.0,60,4320,60,0.0003595,0.0007232099999999987,0.000948
uniform,stationary_discounted,350,0.9833333333333333,0.9833333333333333,0.0,0.0,60,4320,60,0.000361,0.000731439999999999,0.000899
uniform,stationary_discounted,351,0.9833333333333333,0.9833333333333333,0.0,0.0,60,4320,60,0.00038,0.005412949999999964,0.011723
uniform,stationary_discounted,352,0.95,0.95,0.0,0.0,60,4320,60,0.000371,0.0012637999999999983,0.001547
uniform,stationary_discounted,353,0.9833333333333333,0.9833333333333333,0.0,0.0,60,4320,60,0.0006464999999999999,0.0015458799999999988,0.001763
uniform,stationary_discounted,354,0.9833333333333333,0.9833333333333333,0.0,0.0,60,4320,60,0.000647,0.0011163299999999983,0.001419
uniform,stationary_discounted,355,0.9833333333333333,0.9833333333333333,0.0,0.0,60,4320,60,0.0005915,0.0011905699999999987,0.001413
uniform,stationary_discounted,356,0.95,0.95,0.0,0.0,60,4320,60,0.0003365,0.0007090799999999987,0.000938
uniform,stationary_discounted,357,0.9666666666666667,0.9666666666666667,0.0,0.0,60,4320,60,0.0003495,0.0007277599999999988,0.000926
uniform,stationary_discounted,358,0.9833333333333333,0.9833333333333333,0.0,0.0,60,4320,60,0.000349,0.000816799999999999,0.000982
uniform,stationary_discounted,359,0.9833333333333333,0.9833333333333333,0.0,0.0,60,4320,60,0.000347,0.0007436699999999987,0.000972
uniform,stationary_discounted,360,0.95,0.95,0.0,0.0,60,4320,60,0.000349,0.0011334199999999991,0.001288
uniform,stationary_discounted,361,0.95,0.95,0.0,0.0,60,4320,60,0.0003565,0.0007415399999999983,0.001033
uniform,stationary_discounted,362,0.9833333333333333,0.9833333333333333,0.0,0.0,60,4320,60,0.0003485,0.0008639099999999988,0.001071
uniform,stationary_discounted,363,0.9833333333333333,0.9833333333333333,0.0,0.0,60,4320,60,0.000359,0.0007203699999999991,0.000872
uniform,stationary_discounted,364,0.9833333333333333,0.9833333333333333,0.0,0.0,60,4320,60,0.000358,0.000740259999999999,0.000909
uniform,stationary_discounted,365,0.9833333333333333,0.9833333333333333,0.0,0.0,60,4320,60,0.000368,0.0008178199999999986,0.001055
uniform,stationary_discounted,366,0.9833333333333333,0.9833333333333333,0.0,0.0,60,4320,60,0.000356,0.0009912999999999988,0.001186
uniform,stationary_discounted,367,0.9833333333333333,0.9833333333333333,0.0,0.0,60,4320,60,0.000529,0.006097699999999965,0.012216
uniform,stationary_discounted,368,0.9666666666666667,0.9666666666666667,0.0,0.0,60,4320,60,0.000556,0.0020914099999999975,0.002505
uniform,stationary_discounted,369,0.9666666666666667,0.9666666666666667,0.0,0.0,60,4320,60,0.0005385,0.0011038699999999986,0.001344
uniform,stationary_discounted,370,0.9833333333333333,0.9833333333333333,0.0,0.0,60,4320,60,0.000646,0.001268569999999997,0.001786
uniform,stationary_discounted,371,0.9666666666666667,0.9666666666666667,0.0,0.0,60,4320,60,0.0006535,0.0014607599999999989,0.001659
uniform,stationary_discounted,372,0.9833333333333333,0.9833333333333333,0.0,0.0,60,4320,60,0.000614,0.0010875999999999985,0.001359
uniform,stationary_discounted,373,0.9833333333333333,0.9833333333333333,0.0,0.0,60,4320,60,0.000596,0.0013147799999999974,0.001762
uniform,stationary_discounted,374,0.9833333333333333,0.9833333333333333,0.0,0.0,60,4320,60,0.0006475000000000001,0.0011793299999999973,0.001659
uniform,stationary_discounted,375,0.9833333333333333,0.9833333333333333,0.0,0.0,60,4320,60,0.0003455,0.0008361399999999991,0.000986
uniform,stationary_discounted,376,0.9833333333333333,0.9833333333333333,0.0,0.0,60,4320,60,0.0003555,0.0007225199999999991,0.000883
uniform,stationary_discounted,377,0.9833333333333333,0.9833333333333333,0.0,0.0,60,4320,60,0.00036649999999999996,0.0007951799999999994,0.000912
uniform,stationary_discounted,378,0.9833333333333333,0.9833333333333333,0.0,0.0,60,4320,60,0.000357,0.0008576299999999988,0.00106
uniform,stationary_discounted,379,0.9833333333333333,0.9833333333333333,0.0,0.0,60,4320,60,0.0004635,0.0009739499999999983,0.001266
uniform,stationary_discounted,380,0.9666666666666667,0.9666666666666667,0.0,0.0,60,4320,60,0.000609,0.0014633099999999963,0.002107
uniform,stationary_discounted,381,0.9833333333333333,0.9833333333333333,0.0,0.0,60,4320,60,0.0007115,0.0015174999999999958,0.002255
uniform,stationary_discounted,382,0.9833333333333333,0.9833333333333333,0.0,0.0,60,4320,60,0.0006855,0.0014259799999999964,0.002062
uniform,stationary_discounted,383,0.9833333333333333,0.9833333333333333,0.0,0.0,60,4320,60,0.0006755,0.0016847399999999975,0.002106
uniform,stationary_discounted,384,0.9833333333333333,0.9833333333333333,0.0,0.0,60,4320,60,0.000658,0.0013076699999999997,0.001359
uniform,stationary_discounted,385,0.9666666666666667,0.9666666666666667,0.0,0.0,60,4320,60,0.000683,0.001072929999999999,0.001234
uniform,stationary_discounted,386,0.9833333333333333,0.9833333333333333,0.0,0.0,60,4320,60,0.000687,0.0012366999999999992,0.001396
uniform,stationary_discounted,387,0.9833333333333333,0.9833333333333333,0.0,0.0,60,4320,60,0.0006755,0.0011490499999999976,0.001565
uniform,stationary_discounted,388,0.9833333333333333,0.9833333333333333,0.0,0.0,60,4320,60,0.0007475,0.0014927499999999982,0.001832
uniform,stationary_discounted,389,0.9833333333333333,0.9833333333333333,0.0,0.0,60,4320,60,0.0003535,0.0009387899999999979,0.001304
uniform,stationary_discounted,390,0.9666666666666667,0.9666666666666667,0.0,0.0,60,4320,60,0.000589,0.0012341699999999971,0.001728
uniform,stationary_discounted,391,0.9833333333333333,0.9833333333333333,0.0,0.0,60,4320,60,0.0006225,0.001022539999999998,0.001373
uniform,stationary_discounted,392,0.9833333333333333,0.9833333333333333,0.0,0.0,60,4320,60,0.0006515,0.0011248699999999992,0.001247
uniform,stationary_discounted,393,0.9833333333333333,0.9833333333333333,0.0,0.0,60,4320,60,0.000652,0.001127339999999999,0.001289
uniform,stationary_discounted,394,0.9666666666666667,0.9666666666666667,0.0,0.0,60,4320,60,0.0006505,0.0014112199999999993,0.001554
uniform,stationary_discounted,395,0.95,0.95,0.0,0.0,60,4320,60,0.00064,0.0010277599999999989,0.001226
uniform,stationary_discounted,396,0.9833333333333333,0.9833333333333333,0.0,0.0,60,4320,60,0.0006000000000000001,0.0010430499999999994,0.001164
uniform,stationary_discounted,397,0.9833333333333333,0.9833333333333333,0.0,0.0,60,4320,60,0.0006529999999999999,0.0011097599999999991,0.001249
uniform,stationary_discounted,398,0.9666666666666667,0.9666666666666667,0.0,0.0,60,4320,60,0.000342,0.0007751099999999988,0.000994
uniform,stationary_discounted,399,0.9833333333333333,0.9833333333333333,0.0,0.0,60,4320,60,0.000356,0.0009151699999999992,0.001055
uniform,stationary_discounted,400,0.9833333333333333,0.9833333333333333,0.0,0.0,60,4320,60,0.00035000000000000005,0.000661109999999999,0.000821
uniform,stationary_discounted,401,0.9833333333333333,0.9833333333333333,0.0,0.0,60,4320,60,0.000349,0.0008054499999999985,0.001068
uniform,stationary_discounted,402,0.9833333333333333,0.9833333333333333,0.0,0.0,60,4320,60,0.0003435,0.0007766999999999991,0.000936
uniform,stationary_discounted,403,0.9833333333333333,0.9833333333333333,0.0,0.0,60,4320,60,0.000348,0.0012229499999999952,0.002046
uniform,stationary_discounted,404,0.9833333333333333,0.9833333333333333,0.0,0.0,60,4320,60,0.000354,0.0007381099999999991,0.000898
uniform,stationary_discounted,405,0.9833333333333333,0.9833333333333333,0.0,0.0,60,4320,60,0.000365,0.0007510699999999989,0.000944
uniform,stationary_discounted,406,0.9833333333333333,0.9833333333333333,0.0,0.0,60,4320,60,0.0003615,0.0010242699999999988,0.001229
uniform,stationary_discounted,407,0.9833333333333333,0.9833333333333333,0.0,0.0,60,4320,60,0.000367,0.000734459999999999,0.000915
uniform,stationary_discounted,408,0.9833333333333333,0.9833333333333333,0.0,0.0,60,4320,60,0.000353,0.000769489999999999,0.00094
uniform,stationary_discounted,409,0.9666666666666667,0.9666666666666667,0.0,0.0,60,4320,60,0.00036899999999999997,0.0007538599999999988,0.000958
uniform,stationary_discounted,410,0.9833333333333333,0.9833333333333333,0.0,0.0,60,4320,60,0.0003685,0.000712639999999999,0.000892
uniform,stationary_discounted,411,0.9833333333333333,0.9833333333333333,0.0,0.0,60,4320,60,0.000374,0.0007443699999999992,0.000896
uniform,stationary_discounted,412,0.9666666666666667,0.9666666666666667,0.0,0.0,60,4320,60,0.000367,0.0008115999999999991,0.000965
uniform,stationary_discounted,413,0.9833333333333333,0.9833333333333333,0.0,0.0,60,4320,60,0.0005295,0.0011730799999999974,0.001638
uniform,stationary_discounted,414,0.9833333333333333,0.9833333333333333,0.0,0.0,60,4320,60,0.000374,0.0008341799999999987,0.001069
uniform,stationary_discounted,415,0.9833333333333333,0.9833333333333333,0.0,0.0,60,4320,60,0.0003705,0.000717519999999999,0.000878
uniform,stationary_discounted,416,0.9833333333333333,0.9833333333333333,0.0,0.0,60,4320,60,0.00036649999999999996,0.0007051199999999989,0.000901
uniform,stationary_discounted,417,0.9666666666666667,0.9666666666666667,0.0,0.0,60,4320,60,0.000735,0.0013323199999999977,0.001717
uniform,stationary_discounted,418,0.9833333333333333,0.9833333333333333,0.0,0.0,60,4320,60,0.000658,0.0016991599999999982,0.002039
uniform,stationary_discounted,419,0.9833333333333333,0.9833333333333333,0.0,0.0,60,4320,60,0.000672,0.0016649399999999997,0.001744
uniform,stationary_discounted,420,0.9833333333333333,0.9833333333333333,0.0,0.0,60,4320,60,0.00065,0.0011859099999999988,0.001393
uniform,stationary_discounted,421,0.9833333333333333,0.9833333333333333,0.0,0.0,60,4320,60,0.0006095,0.0015136899999999994,0.001637
uniform,stationary_discounted,422,0.9833333333333333,0.9833333333333333,0.0,0.0,60,4320,60,0.000674,0.001151529999999999,0.001348
uniform,stationary_discounted,423,0.95,0.95,0.0,0.0,60,4320,60,0.000658,0.0010541999999999986,0.001302
uniform,stationary_discounted,424,0.9833333333333333,0.9833333333333333,0.0,0.0,60,4320,60,0.0006075,0.0015039899999999995,0.001586
uniform,stationary_discounted,425,0.9833333333333333,0.9833333333333333,0.0,0.0,60,4320,60,0.0006485,0.0011518899999999985,0.001405
uniform,stationary_discounted,426,0.9833333333333333,0.9833333333333333,0.0,0.0,60,4320,60,0.000375,0.001102719999999998,0.001452
uniform,stationary_discounted,427,0.9833333333333333,0.9833333333333333,0.0,0.0,60,4320,60,0.00036950000000000004,0.0010468799999999994,0.001146
uniform,stationary_discounted,428,0.9833333333333333,0.9833333333333333,0.0,0.0,60,4320,60,0.000368,0.0007678099999999989,0.000969
uniform,stationary_discounted,429,0.9833333333333333,0.9833333333333333,0.0,0.0,60,4320,60,0.00036050000000000003,0.0007065899999999989,0.000883
uniform,stationary_discounted,430,0.9833333333333333,0.9833333333333333,0.0,0.0,60,4320,60,0.0003625,0.0009395799999999999,0.000962
uniform,stationary_discounted,431,0.95,0.95,0.0,0.0,60,4320,60,0.000357,0.0007138799999999988,0.000931
uniform,stationary_discounted,432,0.9833333333333333,0.9833333333333333,0.0,0.0,60,4320,60,0.000355,0.0007341699999999992,0.000874
uniform,stationary_discounted,433,0.9833333333333333,0.9833333333333333,0.0,0.0,60,4320,60,0.000354,0.000739589999999999,0.000916
uniform,stationary_discounted,434,0.9833333333333333,0.9833333333333333,0.0,0.0,60,4320,60,0.00036649999999999996,0.0008395899999999986,0.001075
uniform,stationary_discounted,435,0.9666666666666667,0.9666666666666667,0.0,0.0,60,4320,60,0.000375,0.000771569999999999,0.000935
uniform,stationary_discounted,436,0.9833333333333333,0.9833333333333333,0.0,0.0,60,4320,60,0.0003675,0.0007556499999999991,0.000912
uniform,stationary_discounted,437,0.9833333333333333,0.9833333333333333,0.0,0.0,60,4320,60,0.00035099999999999997,0.000715229999999999,0.000894
uniform,stationary_discounted,438,0.9833333333333333,0.9833333333333333,0.0,0.0,60,4320,60,0.000348,0.0008299199999999985,0.001073
uniform,stationary_discounted,439,0.9833333333333333,0.9833333333333333,0.0,0.0,60,4320,60,0.000351,0.0007552399999999991,0.000911
uniform,stationary_discounted,440,0.9833333333333333,0.9833333333333333,0.0,0.0,60,4320,60,0.000352,0.000676079999999999,0.000846
uniform,stationary_discounted,441,0.9833333333333333,0.9833333333333333,0.0,0.0,60,4320,60,0.00036050000000000003,0.00393869999999999,0.005573
uniform,stationary_discounted,442,0.9833333333333333,0.9833333333333333,0.0,0.0,60,4320,60,0.000456,0.002128409999999992,0.003545
uniform,stationary_discounted,443,0.9833333333333333,0.9833333333333333,0.0,0.0,60,4320,60,0.0005955,0.0015971999999999965,0.002199
uniform,stationary_discounted,444,0.9833333333333333,0.9833333333333333,0.0,0.0,60,4320,60,0.000587,0.001227279999999998,0.001586
uniform,stationary_discounted,445,0.9666666666666667,0.9666666666666667,0.0,0.0,60,4320,60,0.0006095,0.020023059999999843,0.046966
uniform,stationary_discounted,446,0.9833333333333333,0.9833333333333333,0.0,0.0,60,4320,60,0.0006069999999999999,0.0012766999999999982,0.001554
uniform,stationary_discounted,447,0.9833333333333333,0.9833333333333333,0.0,0.0,60,4320,60,0.0006275,0.0014527399999999999,0.001461
uniform,stationary_discounted,448,0.9833333333333333,0.9833333333333333,0.0,0.0,60,4320,60,0.0006375,0.001028099999999999,0.001211
uniform,stationary_discounted,449,0.9833333333333333,0.9833333333333333,0.0,0.0,60,4320,60,0.0006585,0.001034049999999999,0.001214
uniform,stationary_discounted,450,0.9833333333333333,0.9833333333333333,0.0,0.0,60,4320,60,0.00044550000000000004,0.0008966999999999995,0.000997
uniform,stationary_discounted,451,0.9833333333333333,0.9833333333333333,0.0,0.0,60,4320,60,0.000356,0.000821489999999999,0.000992
uniform,stationary_discounted,452,0.9833333333333333,0.9833333333333333,0.0,0.0,60,4320,60,0.0006035,0.001138519999999999,0.001299
uniform,stationary_discounted,453,0.9833333333333333,0.9833333333333333,0.0,0.0,60,4320,60,0.000361,0.0011092599999999997,0.00116
uniform,stationary_discounted,454,0.9833333333333333,0.9833333333333333,0.0,0.0,60,4320,60,0.0003465,0.0009863099999999994,0.001099
uniform,stationary_discounted,455,0.9666666666666667,0.9666666666666667,0.0,0.0,60,4320,60,0.00035000000000000005,0.0012776499999999978,0.00167
uniform,stationary_discounted,456,0.9833333333333333,0.9833333333333333,0.0,0.0,60,4320,60,0.00034750000000000004,0.00084861,0.000861
uniform,stationary_discounted,457,0.9833333333333333,0.9833333333333333,0.0,0.0,60,4320,60,0.000341,0.0012719699999999973,0.001754
uniform,stationary_discounted,458,0.9666666666666667,0.9666666666666667,0.0,0.0,60,4320,60,0.000624,0.0020407899999999933,0.003232
uniform,stationary_discounted,459,0.9666666666666667,0.9666666666666667,0.0,0.0,60,4320,60,0.000638,0.0012220199999999981,0.00153
uniform,stationary_discounted,460,0.9833333333333333,0.9833333333333333,0.0,0.0,60,4320,60,0.0005725,0.0012345099999999983,0.001536
uniform,stationary_discounted,461,0.9833333333333333,0.9833333333333333,0.0,0.0,60,4320,60,0.000339,0.0010353999999999995,0.001118
uniform,stationary_discounted,462,0.9833333333333333,0.9833333333333333,0.0,0.0,60,4320,60,0.000351,0.0007899999999999989,0.000967
uniform,stationary_discounted,463,0.9833333333333333,0.9833333333333333,0.0,0.0,60,4320,60,0.0003535,0.004705669999999969,0.009949
uniform,stationary_discounted,464,0.9833333333333333,0.9833333333333333,0.0,0.0,60,4320,60,0.000345,0.0008311199999999992,0.000968
uniform,stationary_discounted,465,0.9833333333333333,0.9833333333333333,0.0,0.0,60,4320,60,0.000348,0.000957209999999998,0.0013
uniform,stationary_discounted,466,0.9666666666666667,0.9666666666666667,0.0,0.0,60,4320,60,0.00034250000000000003,0.0008538899999999993,0.000989
uniform,stationary_discounted,467,0.9833333333333333,0.9833333333333333,0.0,0.0,60,4320,60,0.0003495,0.0007592699999999988,0.000964
uniform,stationary_discounted,468,0.9666666666666667,0.9666666666666667,0.0,0.0,60,4320,60,0.0003585,0.0007958099999999986,0.001056
uniform,stationary_discounted,469,0.9833333333333333,0.9833333333333333,0.0,0.0,60,4320,60,0.0006325,0.0020538899999999922,0.003369
uniform,stationary_discounted,470,0.9833333333333333,0.9833333333333333,0.0,0.0,60,4320,60,0.000343,0.0016933899999999993,0.001799
uniform,stationary_discounted,471,0.9666666666666667,0.9666666666666667,0.0,0.0,60,4320,60,0.000362,0.0007758499999999984,0.001062
uniform,stationary_discounted,472,0.9833333333333333,0.9833333333333333,0.0,0.0,60,4320,60,0.000361,0.0013259099999999957,0.002064
uniform,stationary_discounted,473,0.9833333333333333,0.9833333333333333,0.0,0.0,60,4320,60,0.0003495,0.0007644499999999984,0.001027
uniform,stationary_discounted,474,0.9833333333333333,0.9833333333333333,0.0,0.0,60,4320,60,0.000354,0.0007516499999999991,0.000908
uniform,stationary_discounted,475,0.95,0.95,0.0,0.0,60,4320,60,0.0003535,0.0007359699999999989,0.000923
uniform,stationary_discounted,476,0.9833333333333333,0.9833333333333333,0.0,0.0,60,4320,60,0.000354,0.0007885499999999992,0.000939
uniform,stationary_discounted,477,0.9833333333333333,0.9833333333333333,0.0,0.0,60,4320,60,0.00036649999999999996,0.0007969699999999993,0.000925
uniform,stationary_discounted,478,0.9666666666666667,0.9666666666666667,0.0,0.0,60,4320,60,0.000489,0.0008987499999999995,0.001002
uniform,stationary_discounted,479,0.9666666666666667,0.9666666666666667,0.0,0.0,60,4320,60,0.0003495,0.0008593699999999984,0.001129
uniform,stationary_discounted,480,0.9833333333333333,0.9833333333333333,0.0,0.0,60,4320,60,0.0003705,0.0009921599999999997,0.001037
uniform,stationary_discounted,481,0.9833333333333333,0.9833333333333333,0.0,0.0,60,4320,60,0.0005909999999999999,0.0010513699999999977,0.001439
uniform,stationary_discounted,482,0.9833333333333333,0.9833333333333333,0.0,0.0,60,4320,60,0.0003615,0.0012852699999999979,0.001667
uniform,stationary_discounted,483,0.9833333333333333,0.9833333333333333,0.0,0.0,60,4320,60,0.0003625,0.0008028299999999981,0.001135
uniform,stationary_discounted,484,0.9833333333333333,0.9833333333333333,0.0,0.0,60,4320,60,0.0003595,0.0008101599999999991,0.000973
uniform,stationary_discounted,485,0.9833333333333333,0.9833333333333333,0.0,0.0,60,4320,60,0.00035150000000000003,0.0007394199999999988,0.000953
uniform,stationary_discounted,486,0.9666666666666667,0.9666666666666667,0.0,0.0,60,4320,60,0.000468,0.0013687699999999994,0.001485
uniform,stationary_discounted,487,0.9833333333333333,0.9833333333333333,0.0,0.0,60,4320,60,0.000356,0.0014095099999999945,0.00236
uniform,stationary_discounted,488,0.9833333333333333,0.9833333333333333,0.0,0.0,60,4320,60,0.0003585,0.0008723599999999983,0.001165
uniform,stationary_discounted,489,0.9666666666666667,0.9666666666666667,0.0,0.0,60,4320,60,0.00036649999999999996,0.0007861199999999992,0.000923
uniform,stationary_discounted,490,0.9666666666666667,0.9666666666666667,0.0,0.0,60,4320,60,0.00037799999999999997,0.0008840199999999993,0.001015
uniform,stationary_discounted,491,0.9833333333333333,0.9833333333333333,0.0,0.0,60,4320,60,0.000372,0.0008418399999999989,0.001033
uniform,stationary_discounted,492,0.9666666666666667,0.9666666666666667,0.0,0.0,60,4320,60,0.000355,0.0007032699999999991,0.000849
uniform,stationary_discounted,493,0.9833333333333333,0.9833333333333333,0.0,0.0,60,4320,60,0.000351,0.0006951999999999989,0.000884
uniform,stationary_discounted,494,0.9833333333333333,0.9833333333333333,0.0,0.0,60,4320,60,0.000349,0.000950289999999999,0.001109
uniform,stationary_discounted,495,0.9666666666666667,0.9666666666666667,0.0,0.0,60,4320,60,0.000344,0.0007827899999999986,0.00103
uniform,stationary_discounted,496,0.9833333333333333,0.9833333333333333,0.0,0.0,60,4320,60,0.000351,0.0007602699999999984,0.001024
uniform,stationary_discounted,497,0.9833333333333333,0.9833333333333333,0.0,0.0,60,4320,60,0.000346,0.0010748399999999973,0.001561
uniform,stationary_discounted,498,0.9833333333333333,0.9833333333333333,0.0,0.0,60,4320,60,0.0003435,0.0006976399999999986,0.000936
uniform,stationary_discounted,499,0.9833333333333333,0.9833333333333333,0.0,0.0,60,4320,60,0.0003325,0.0006854399999999987,0.000912
heterogeneous,stationary_discounted,0,0.6666666666666666,0.6666666666666666,0.0,0.0,60,4320,60,0.0003585,0.0015226699999999938,0.002577
heterogeneous,stationary_discounted,1,0.7333333333333333,0.7333333333333333,0.0,0.0,60,4320,60,0.000359,0.0008758199999999983,0.001172
heterogeneous,stationary_discounted,2,0.6833333333333333,0.6833333333333333,0.0,0.0,60,4320,60,0.00036,0.0008251399999999988,0.001034
heterogeneous,stationary_discounted,3,0.6833333333333333,0.6833333333333333,0.0,0.0,60,4320,60,0.0005794999999999999,0.001249539999999998,0.0016
heterogeneous,stationary_discounted,4,0.6666666666666666,0.6666666666666666,0.0,0.0,60,4320,60,0.0006635,0.0011947399999999984,0.001498
heterogeneous,stationary_discounted,5,0.75,0.75,0.0,0.0,60,4320,60,0.000657,0.001095809999999999,0.001297
heterogeneous,stationary_discounted,6,0.7,0.7,0.0,0.0,60,4320,60,0.0006635,0.0012400099999999984,0.001512
heterogeneous,stationary_discounted,7,0.7833333333333333,0.7833333333333333,0.0,0.0,60,4320,60,0.0006665,0.0011165999999999984,0.001388
heterogeneous,stationary_discounted,8,0.6333333333333333,0.6333333333333333,0.0,0.0,60,4320,60,0.000622,0.0014986999999999997,0.00154
heterogeneous,stationary_discounted,9,0.7833333333333333,0.7833333333333333,0.0,0.0,60,4320,60,0.000663,0.0015983599999999988,0.001832
heterogeneous,stationary_discounted,10,0.7,0.7,0.0,0.0,60,4320,60,0.000645,0.0012129999999999975,0.001626
heterogeneous,stationary_discounted,11,0.65,0.65,0.0,0.0,60,4320,60,0.0006525000000000001,0.0012706499999999977,0.001663
heterogeneous,stationary_discounted,12,0.6833333333333333,0.6833333333333333,0.0,0.0,60,4320,60,0.0006670000000000001,0.001085409999999998,0.00144
heterogeneous,stationary_discounted,13,0.7666666666666667,0.7666666666666667,0.0,0.0,60,4320,60,0.00036,0.0008091199999999989,0.001005
heterogeneous,stationary_discounted,14,0.65,0.65,0.0,0.0,60,4320,60,0.0003565,0.0007844699999999984,0.00106
heterogeneous,stationary_discounted,15,0.6833333333333333,0.6833333333333333,0.0,0.0,60,4320,60,0.0003535,0.0008265899999999984,0.001121
heterogeneous,stationary_discounted,16,0.7166666666666667,0.7166666666666667,0.0,0.0,60,4320,60,0.000355,0.0009390399999999982,0.00126
heterogeneous,stationary_discounted,17,0.6666666666666666,0.6666666666666666,0.0,0.0,60,4320,60,0.0003535,0.000668489999999999,0.000839
heterogeneous,stationary_discounted,18,0.75,0.75,0.0,0.0,60,4320,60,0.000559,0.008501349999999963,0.014776
heterogeneous,stationary_discounted,19,0.7833333333333333,0.7833333333333333,0.0,0.0,60,4320,60,0.0006115000000000001,0.0018011499999999983,0.002105
heterogeneous,stationary_discounted,20,0.7,0.7,0.0,0.0,60,4320,60,0.000673,0.0011917699999999976,0.001603
heterogeneous,stationary_discounted,21,0.6666666666666666,0.6666666666666666,0.0,0.0,60,4320,60,0.000636,0.0021687699999999926,0.003465
heterogeneous,stationary_discounted,22,0.6833333333333333,0.6833333333333333,0.0,0.0,60,4320,60,0.0006515,0.0015758599999999964,0.002193
heterogeneous,stationary_discounted,23,0.6666666666666666,0.6666666666666666,0.0,0.0,60,4320,60,0.0006435,0.0015964199999999997,0.001633
heterogeneous,stationary_discounted,24,0.7166666666666667,0.7166666666666667,0.0,0.0,60,4320,60,0.0006429999999999999,0.001089849999999999,0.001258
heterogeneous,stationary_discounted,25,0.75,0.75,0.0,0.0,60,4320,60,0.0004994999999999999,0.006828999999999953,0.014853
heterogeneous,stationary_discounted,26,0.6833333333333333,0.6833333333333333,0.0,0.0,60,4320,60,0.000357,0.0008017999999999987,0.001026
heterogeneous,stationary_discounted,27,0.7333333333333333,0.7333333333333333,0.0,0.0,60,4320,60,0.000354,0.0007657699999999986,0.001
heterogeneous,stationary_discounted,28,0.7166666666666667,0.7166666666666667,0.0,0.0,60,4320,60,0.000353,0.0007696299999999992,0.000913
heterogeneous,stationary_discounted,29,0.6833333333333333,0.6833333333333333,0.0,0.0,60,4320,60,0.0003505,0.0007467099999999988,0.000942
heterogeneous,stationary_discounted,30,0.7,0.7,0.0,0.0,60,4320,60,0.0003525,0.0008003899999999987,0.001024
heterogeneous,stationary_discounted,31,0.7166666666666667,0.7166666666666667,0.0,0.0,60,4320,60,0.000362,0.0007672299999999993,0.000887
heterogeneous,stationary_discounted,32,0.65,0.65,0.0,0.0,60,4320,60,0.0003475,0.0007132699999999991,0.000859
heterogeneous,stationary_discounted,33,0.7,0.7,0.0,0.0,60,4320,60,0.000354,0.0007382699999999992,0.000884
heterogeneous,stationary_discounted,34,0.6833333333333333,0.6833333333333333,0.0,0.0,60,4320,60,0.0003505,0.0009749099999999995,0.001064
heterogeneous,stationary_discounted,35,0.7333333333333333,0.7333333333333333,0.0,0.0,60,4320,60,0.0008035,0.00295672999999999,0.004758
heterogeneous,stationary_discounted,36,0.7,0.7,0.0,0.0,60,4320,60,0.000369,0.001513939999999995,0.00236
heterogeneous,stationary_discounted,37,0.7333333333333333,0.7333333333333333,0.0,0.0,60,4320,60,0.000374,0.0009362499999999978,0.001305
heterogeneous,stationary_discounted,38,0.7666666666666667,0.7666666666666667,0.0,0.0,60,4320,60,0.0003615,0.0007391399999999985,0.001007
heterogeneous,stationary_discounted,39,0.75,0.75,0.0,0.0,60,4320,60,0.0003685,0.0011577199999999975,0.001566
heterogeneous,stationary_discounted,40,0.65,0.65,0.0,0.0,60,4320,60,0.0003655,0.0014284599999999999,0.001432
heterogeneous,stationary_discounted,41,0.7166666666666667,0.7166666666666667,0.0,0.0,60,4320,60,0.0003685,0.001087429999999999,0.001278
heterogeneous,stationary_discounted,42,0.6833333333333333,0.6833333333333333,0.0,0.0,60,4320,60,0.000354,0.000720539999999999,0.000894
heterogeneous,stationary_discounted,43,0.7166666666666667,0.7166666666666667,0.0,0.0,60,4320,60,0.000359,0.0007654799999999989,0.000959
heterogeneous,stationary_discounted,44,0.7666666666666667,0.7666666666666667,0.0,0.0,60,4320,60,0.000372,0.0007085399999999989,0.000882
heterogeneous,stationary_discounted,45,0.7,0.7,0.0,0.0,60,4320,60,0.0003685,0.0007246099999999989,0.000914
heterogeneous,stationary_discounted,46,0.6666666666666666,0.6666666666666666,0.0,0.0,60,4320,60,0.00037299999999999996,0.0007786599999999986,0.00103
heterogeneous,stationary_discounted,47,0.6833333333333333,0.6833333333333333,0.0,0.0,60,4320,60,0.0003655,0.0008499399999999989,0.001047
heterogeneous,stationary_discounted,48,0.7333333333333333,0.7333333333333333,0.0,0.0,60,4320,60,0.000371,0.0008581199999999982,0.001172
heterogeneous,stationary_discounted,49,0.6666666666666666,0.6666666666666666,0.0,0.0,60,4320,60,0.0003645,0.0008373999999999989,0.001038
heterogeneous,stationary_discounted,50,0.7166666666666667,0.7166666666666667,0.0,0.0,60,4320,60,0.0007409999999999999,0.0013899399999999977,0.001764
heterogeneous,stationary_discounted,51,0.6,0.6,0.0,0.0,60,4320,60,0.0006705000000000001,0.001500689999999996,0.002214
heterogeneous,stationary_discounted,52,0.7,0.7,0.0,0.0,60,4320,60,0.000665,0.0013118599999999985,0.001575
heterogeneous,stationary_discounted,53,0.6833333333333333,0.6833333333333333,0.0,0.0,60,4320,60,0.000645,0.0011854099999999976,0.001599
heterogeneous,stationary_discounted,54,0.7,0.7,0.0,0.0,60,4320,60,0.0003805,0.0011423299999999987,0.001386
heterogeneous,stationary_discounted,55,0.7166666666666667,0.7166666666666667,0.0,0.0,60,4320,60,0.0003625,0.0007819899999999985,0.001041
heterogeneous,stationary_discounted,56,0.6833333333333333,0.6833333333333333,0.0,0.0,60,4320,60,0.0003545,0.0011895899999999984,0.001484
heterogeneous,stationary_discounted,57,0.7,0.7,0.0,0.0,60,4320,60,0.000346,0.0008158399999999981,0.001125
heterogeneous,stationary_discounted,58,0.7666666666666667,0.7666666666666667,0.0,0.0,60,4320,60,0.000353,0.0007212999999999992,0.000857
heterogeneous,stationary_discounted,59,0.7,0.7,0.0,0.0,60,4320,60,0.000362,0.0006806099999999989,0.00087
heterogeneous,stationary_discounted,60,0.7333333333333333,0.7333333333333333,0.0,0.0,60,4320,60,0.0003505,0.000767589999999999,0.000944
heterogeneous,stationary_discounted,61,0.7,0.7,0.0,0.0,60,4320,60,0.000352,0.0006983599999999987,0.000932
heterogeneous,stationary_discounted,62,0.6666666666666666,0.6666666666666666,0.0,0.0,60,4320,60,0.0003485,0.0007329299999999984,0.001012
heterogeneous,stationary_discounted,63,0.7,0.7,0.0,0.0,60,4320,60,0.000352,0.000700159999999999,0.000863
heterogeneous,stationary_discounted,64,0.7,0.7,0.0,0.0,60,4320,60,0.00036300000000000004,0.0008284999999999998,0.000858
heterogeneous,stationary_discounted,65,0.7166666666666667,0.7166666666666667,0.0,0.0,60,4320,60,0.0003505,0.0008099299999999984,0.001089
heterogeneous,stationary_discounted,66,0.6333333333333333,0.6333333333333333,0.0,0.0,60,4320,60,0.0003595,0.0008511299999999987,0.001083
heterogeneous,stationary_discounted,67,0.7166666666666667,0.7166666666666667,0.0,0.0,60,4320,60,0.0003565,0.0007794699999999991,0.000937
heterogeneous,stationary_discounted,68,0.7166666666666667,0.7166666666666667,0.0,0.0,60,4320,60,0.0003615,0.000752519999999999,0.000913
heterogeneous,stationary_discounted,69,0.7666666666666667,0.7666666666666667,0.0,0.0,60,4320,60,0.000349,0.0007143099999999994,0.000827
heterogeneous,stationary_discounted,70,0.7166666666666667,0.7166666666666667,0.0,0.0,60,4320,60,0.0003555,0.0007863999999999992,0.000928
heterogeneous,stationary_discounted,71,0.7333333333333333,0.7333333333333333,0.0,0.0,60,4320,60,0.000355,0.0007069799999999988,0.00093
heterogeneous,stationary_discounted,72,0.7166666666666667,0.7166666666666667,0.0,0.0,60,4320,60,0.000339,0.0007421499999999989,0.000928
heterogeneous,stationary_discounted,73,0.7666666666666667,0.7666666666666667,0.0,0.0,60,4320,60,0.0003595,0.0010116499999999991,0.001168
heterogeneous,stationary_discounted,74,0.6333333333333333,0.6333333333333333,0.0,0.0,60,4320,60,0.00035150000000000003,0.0006978199999999986,0.000935
heterogeneous,stationary_discounted,75,0.6833333333333333,0.6833333333333333,0.0,0.0,60,4320,60,0.0003545,0.0011244099999999976,0.001538
heterogeneous,stationary_discounted,76,0.7833333333333333,0.7833333333333333,0.0,0.0,60,4320,60,0.0003755,0.0008705899999999993,0.000988
heterogeneous,stationary_discounted,77,0.6833333333333333,0.6833333333333333,0.0,0.0,60,4320,60,0.0003655,0.0011610199999999966,0.001764
heterogeneous,stationary_discounted,78,0.65,0.65,0.0,0.0,60,4320,60,0.000363,0.0007886699999999987,0.001017
heterogeneous,stationary_discounted,79,0.6833333333333333,0.6833333333333333,0.0,0.0,60,4320,60,0.000343,0.0007012199999999991,0.000844
heterogeneous,stationary_discounted,80,0.6833333333333333,0.6833333333333333,0.0,0.0,60,4320,60,0.0003585,0.0009725799999999989,0.001172
heterogeneous,stationary_discounted,81,0.7166666666666667,0.7166666666666667,0.0,0.0,60,4320,60,0.0007340000000000001,0.0014281399999999979,0.001814
heterogeneous,stationary_discounted,82,0.6666666666666666,0.6666666666666666,0.0,0.0,60,4320,60,0.000578,0.001188789999999998,0.001554
heterogeneous,stationary_discounted,83,0.7166666666666667,0.7166666666666667,0.0,0.0,60,4320,60,0.000643,0.001109349999999999,0.001307
heterogeneous,stationary_discounted,84,0.6666666666666666,0.6666666666666666,0.0,0.0,60,4320,60,0.000588,0.0011232299999999976,0.001538
heterogeneous,stationary_discounted,85,0.7166666666666667,0.7166666666666667,0.0,0.0,60,4320,60,0.0006184999999999999,0.0012031499999999979,0.001566
heterogeneous,stationary_discounted,86,0.7166666666666667,0.7166666666666667,0.0,0.0,60,4320,60,0.0003525,0.000854389999999999,0.001019
heterogeneous,stationary_discounted,87,0.7333333333333333,0.7333333333333333,0.0,0.0,60,4320,60,0.000357,0.0007517999999999994,0.000858
heterogeneous,stationary_discounted,88,0.6333333333333333,0.6333333333333333,0.0,0.0,60,4320,60,0.000356,0.005610769999999961,0.012335
heterogeneous,stationary_discounted,89,0.65,0.65,0.0,0.0,60,4320,60,0.0003525,0.0007032699999999988,0.000908
heterogeneous,stationary_discounted,90,0.7333333333333333,0.7333333333333333,0.0,0.0,60,4320,60,0.0003455,0.0006710099999999988,0.000884
heterogeneous,stationary_discounted,91,0.7,0.7,0.0,0.0,60,4320,60,0.00035400000000000004,0.0006958699999999989,0.000877
heterogeneous,stationary_discounted,92,0.7166666666666667,0.7166666666666667,0.0,0.0,60,4320,60,0.00035,0.000726109999999999,0.000886
heterogeneous,stationary_discounted,93,0.5666666666666667,0.5666666666666667,0.0,0.0,60,4320,60,0.000367,0.0007041099999999991,0.000864
heterogeneous,stationary_discounted,94,0.6833333333333333,0.6833333333333333,0.0,0.0,60,4320,60,0.000357,0.0007394499999999988,0.000943
heterogeneous,stationary_discounted,95,0.7166666666666667,0.7166666666666667,0.0,0.0,60,4320,60,0.000352,0.00932975999999993,0.021269
heterogeneous,stationary_discounted,96,0.65,0.65,0.0,0.0,60,4320,60,0.0003945,0.0010810099999999973,0.00153
heterogeneous,stationary_discounted,97,0.7,0.7,0.0,0.0,60,4320,60,0.000345,0.0007692099999999988,0.000994
heterogeneous,stationary_discounted,98,0.7,0.7,0.0,0.0,60,4320,60,0.0003455,0.0007997699999999993,0.000916
heterogeneous,stationary_discounted,99,0.7166666666666667,0.7166666666666667,0.0,0.0,60,4320,60,0.0003545,0.000765209999999999,0.000931
heterogeneous,stationary_discounted,100,0.7166666666666667,0.7166666666666667,0.0,0.0,60,4320,60,0.000367,0.0007570499999999989,0.000937
heterogeneous,stationary_discounted,101,0.7333333333333333,0.7333333333333333,0.0,0.0,60,4320,60,0.000364,0.000690109999999999,0.00085
heterogeneous,stationary_discounted,102,0.7333333333333333,0.7333333333333333,0.0,0.0,60,4320,60,0.000346,0.000690719999999999,0.000863
heterogeneous,stationary_discounted,103,0.7333333333333333,0.7333333333333333,0.0,0.0,60,4320,60,0.0003555,0.0007661899999999981,0.001096
heterogeneous,stationary_discounted,104,0.7333333333333333,0.7333333333333333,0.0,0.0,60,4320,60,0.000353,0.0007191499999999989,0.000905
heterogeneous,stationary_discounted,105,0.6666666666666666,0.6666666666666666,0.0,0.0,60,4320,60,0.00035400000000000004,0.000719079999999999,0.000889
heterogeneous,stationary_discounted,106,0.7166666666666667,0.7166666666666667,0.0,0.0,60,4320,60,0.0003555,0.0007993099999999983,0.001089
heterogeneous,stationary_discounted,107,0.6166666666666667,0.6166666666666667,0.0,0.0,60,4320,60,0.00036649999999999996,0.000696099999999999,0.000879
heterogeneous,stationary_discounted,108,0.6166666666666667,0.6166666666666667,0.0,0.0,60,4320,60,0.000367,0.0007528799999999987,0.00097
heterogeneous,stationary_discounted,109,0.7166666666666667,0.7166666666666667,0.0,0.0,60,4320,60,0.0003495,0.0007688499999999983,0.001055
heterogeneous,stationary_discounted,110,0.6666666666666666,0.6666666666666666,0.0,0.0,60,4320,60,0.0003655,0.0006880299999999987,0.000914
heterogeneous,stationary_discounted,111,0.6666666666666666,0.6666666666666666,0.0,0.0,60,4320,60,0.000366,0.0007669099999999991,0.000915
heterogeneous,stationary_discounted,112,0.6666666666666666,0.6666666666666666,0.0,0.0,60,4320,60,0.0006535,0.0026991399999999987,0.002908
heterogeneous,stationary_discounted,113,0.7166666666666667,0.7166666666666667,0.0,0.0,60,4320,60,0.0005955,0.0012750999999999975,0.001694
heterogeneous,stationary_discounted,114,0.65,0.65,0.0,0.0,60,4320,60,0.000637,0.001251639999999999,0.001431
heterogeneous,stationary_discounted,115,0.6666666666666666,0.6666666666666666,0.0,0.0,60,4320,60,0.000615,0.0011228399999999989,0.001314
heterogeneous,stationary_discounted,116,0.7666666666666667,0.7666666666666667,0.0,0.0,60,4320,60,0.000649,0.0011309699999999985,0.001377
heterogeneous,stationary_discounted,117,0.6833333333333333,0.6833333333333333,0.0,0.0,60,4320,60,0.000376,0.0008987099999999981,0.001212
heterogeneous,stationary_discounted,118,0.75,0.75,0.0,0.0,60,4320,60,0.00038100000000000005,0.0011604999999999981,0.001485
heterogeneous,stationary_discounted,119,0.6666666666666666,0.6666666666666666,0.0,0.0,60,4320,60,0.0003835,0.0008172099999999977,0.001219
heterogeneous,stationary_discounted,120,0.7,0.7,0.0,0.0,60,4320,60,0.0003795,0.0007767799999999984,0.001047
heterogeneous,stationary_discounted,121,0.6833333333333333,0.6833333333333333,0.0,0.0,60,4320,60,0.000362,0.000778569999999999,0.000942
heterogeneous,stationary_discounted,122,0.6166666666666667,0.6166666666666667,0.0,0.0,60,4320,60,0.0003565,0.0007322199999999991,0.000875
heterogeneous,stationary_discounted,123,0.6833333333333333,0.6833333333333333,0.0,0.0,60,4320,60,0.00035749999999999996,0.000724279999999999,0.000906
heterogeneous,stationary_discounted,124,0.7,0.7,0.0,0.0,60,4320,60,0.000354,0.0007413999999999988,0.000942
heterogeneous,stationary_discounted,125,0.7333333333333333,0.7333333333333333,0.0,0.0,60,4320,60,0.0003555,0.0016695499999999936,0.002764
heterogeneous,stationary_discounted,126,0.7333333333333333,0.7333333333333333,0.0,0.0,60,4320,60,0.0006485,0.0015006399999999964,0.002093
heterogeneous,stationary_discounted,127,0.6333333333333333,0.6333333333333333,0.0,0.0,60,4320,60,0.0006045,0.001078759999999998,0.001395
heterogeneous,stationary_discounted,128,0.7666666666666667,0.7666666666666667,0.0,0.0,60,4320,60,0.000646,0.001028389999999999,0.001193
heterogeneous,stationary_discounted,129,0.7,0.7,0.0,0.0,60,4320,60,0.000653,0.0010424699999999985,0.001318
heterogeneous,stationary_discounted,130,0.7,0.7,0.0,0.0,60,4320,60,0.0003855,0.0015458499999999997,0.001596
heterogeneous,stationary_discounted,131,0.7333333333333333,0.7333333333333333,0.0,0.0,60,4320,60,0.000371,0.0008153299999999987,0.001059
heterogeneous,stationary_discounted,132,0.7166666666666667,0.7166666666666667,0.0,0.0,60,4320,60,0.000666,0.0015406399999999996,0.001602
heterogeneous,stationary_discounted,133,0.7333333333333333,0.7333333333333333,0.0,0.0,60,4320,60,0.000606,0.0012732699999999982,0.001596
heterogeneous,stationary_discounted,134,0.7,0.7,0.0,0.0,60,4320,60,0.000372,0.0008936999999999977,0.001289
heterogeneous,stationary_discounted,135,0.7333333333333333,0.7333333333333333,0.0,0.0,60,4320,60,0.000351,0.0007442999999999985,0.000998
heterogeneous,stationary_discounted,136,0.6666666666666666,0.6666666666666666,0.0,0.0,60,4320,60,0.00035150000000000003,0.0007147099999999993,0.000851
heterogeneous,stationary_discounted,137,0.65,0.65,0.0,0.0,60,4320,60,0.00035400000000000004,0.0014815899999999953,0.002307
heterogeneous,stationary_discounted,138,0.75,0.75,0.0,0.0,60,4320,60,0.0003735,0.009419369999999932,0.021312
heterogeneous,stationary_discounted,139,0.7333333333333333,0.7333333333333333,0.0,0.0,60,4320,60,0.000608,0.001129639999999998,0.001486
heterogeneous,stationary_discounted,140,0.6833333333333333,0.6833333333333333,0.0,0.0,60,4320,60,0.0006050000000000001,0.0010757999999999987,0.0013
heterogeneous,stationary_discounted,141,0.75,0.75,0.0,0.0,60,4320,60,0.0006485,0.0010756899999999985,0.001317
heterogeneous,stationary_discounted,142,0.75,0.75,0.0,0.0,60,4320,60,0.0006415,0.001102959999999998,0.001431
heterogeneous,stationary_discounted,143,0.6833333333333333,0.6833333333333333,0.0,0.0,60,4320,60,0.00034849999999999996,0.0010227099999999987,0.001218
heterogeneous,stationary_discounted,144,0.7166666666666667,0.7166666666666667,0.0,0.0,60,4320,60,0.0003555,0.0007276299999999985,0.000989
heterogeneous,stationary_discounted,145,0.6833333333333333,0.6833333333333333,0.0,0.0,60,4320,60,0.0003625,0.0007853799999999993,0.000914
heterogeneous,stationary_discounted,146,0.6666666666666666,0.6666666666666666,0.0,0.0,60,4320,60,0.000377,0.0007948499999999991,0.000963
heterogeneous,stationary_discounted,147,0.75,0.75,0.0,0.0,60,4320,60,0.000365,0.0007541399999999984,0.001022
heterogeneous,stationary_discounted,148,0.6333333333333333,0.6333333333333333,0.0,0.0,60,4320,60,0.000352,0.0007419699999999986,0.000988
heterogeneous,stationary_discounted,149,0.7333333333333333,0.7333333333333333,0.0,0.0,60,4320,60,0.0003495,0.0007567799999999991,0.000909
heterogeneous,stationary_discounted,150,0.7166666666666667,0.7166666666666667,0.0,0.0,60,4320,60,0.000353,0.0008325599999999989,0.001019
heterogeneous,stationary_discounted,151,0.6666666666666666,0.6666666666666666,0.0,0.0,60,4320,60,0.000356,0.000817279999999999,0.000999
heterogeneous,stationary_discounted,152,0.6166666666666667,0.6166666666666667,0.0,0.0,60,4320,60,0.000365,0.000762669999999999,0.000932
heterogeneous,stationary_discounted,153,0.7,0.7,0.0,0.0,60,4320,60,0.000657,0.0016650799999999987,0.001894
heterogeneous,stationary_discounted,154,0.6833333333333333,0.6833333333333333,0.0,0.0,60,4320,60,0.00064,0.0010353899999999987,0.001259
heterogeneous,stationary_discounted,155,0.7,0.7,0.0,0.0,60,4320,60,0.000602,0.0010165999999999981,0.001347
heterogeneous,stationary_discounted,156,0.6666666666666666,0.6666666666666666,0.0,0.0,60,4320,60,0.0006525,0.0013587799999999995,0.001452
heterogeneous,stationary_discounted,157,0.75,0.75,0.0,0.0,60,4320,60,0.0005694999999999999,0.0013786299999999998,0.001404
heterogeneous,stationary_discounted,158,0.7,0.7,0.0,0.0,60,4320,60,0.000349,0.000782559999999999,0.000969
heterogeneous,stationary_discounted,159,0.6833333333333333,0.6833333333333333,0.0,0.0,60,4320,60,0.000348,0.0008312099999999985,0.001115
heterogeneous,stationary_discounted,160,0.6833333333333333,0.6833333333333333,0.0,0.0,60,4320,60,0.00035,0.0007842199999999985,0.001045
heterogeneous,stationary_discounted,161,0.7,0.7,0.0,0.0,60,4320,60,0.00034250000000000003,0.0006674699999999991,0.000825
heterogeneous,stationary_discounted,162,0.5833333333333334,0.5833333333333334,0.0,0.0,60,4320,60,0.00036950000000000004,0.0006823699999999992,0.000834
heterogeneous,stationary_discounted,163,0.7,0.7,0.0,0.0,60,4320,60,0.000368,0.0007366999999999991,0.000896
heterogeneous,stationary_discounted,164,0.7,0.7,0.0,0.0,60,4320,60,0.000363,0.0009997399999999994,0.001126
heterogeneous,stationary_discounted,165,0.6666666666666666,0.6666666666666666,0.0,0.0,60,4320,60,0.000347,0.0007220599999999988,0.000938
heterogeneous,stationary_discounted,166,0.65,0.65,0.0,0.0,60,4320,60,0.000346,0.0007518899999999992,0.000887
heterogeneous,stationary_discounted,167,0.6833333333333333,0.6833333333333333,0.0,0.0,60,4320,60,0.000476,0.0017909599999999955,0.002591
heterogeneous,stationary_discounted,168,0.7,0.7,0.0,0.0,60,4320,60,0.0006445,0.0011588499999999977,0.001563
heterogeneous,stationary_discounted,169,0.7166666666666667,0.7166666666666667,0.0,0.0,60,4320,60,0.0006399999999999999,0.0011186899999999981,0.001419
heterogeneous,stationary_discounted,170,0.75,0.75,0.0,0.0,60,4320,60,0.000379,0.0009402599999999977,0.001345
heterogeneous,stationary_discounted,171,0.6333333333333333,0.6333333333333333,0.0,0.0,60,4320,60,0.0003535,0.0007139399999999988,0.000911
heterogeneous,stationary_discounted,172,0.65,0.65,0.0,0.0,60,4320,60,0.000344,0.000683869999999999,0.000865
heterogeneous,stationary_discounted,173,0.7,0.7,0.0,0.0,60,4320,60,0.000349,0.0008595999999999981,0.00119
heterogeneous,stationary_discounted,174,0.65,0.65,0.0,0.0,60,4320,60,0.0003405,0.0007141599999999994,0.000818
heterogeneous,stationary_discounted,175,0.7833333333333333,0.7833333333333333,0.0,0.0,60,4320,60,0.000352,0.0006718899999999992,0.000807
heterogeneous,stationary_discounted,176,0.6666666666666666,0.6666666666666666,0.0,0.0,60,4320,60,0.0003625,0.0007290399999999988,0.000932
heterogeneous,stationary_discounted,177,0.7833333333333333,0.7833333333333333,0.0,0.0,60,4320,60,0.000359,0.000737749999999999,0.0009
heterogeneous,stationary_discounted,178,0.6666666666666666,0.6666666666666666,0.0,0.0,60,4320,60,0.0003735,0.0007983999999999988,0.000999
heterogeneous,stationary_discounted,179,0.7333333333333333,0.7333333333333333,0.0,0.0,60,4320,60,0.000383,0.0007153499999999988,0.000913
heterogeneous,stationary_discounted,180,0.75,0.75,0.0,0.0,60,4320,60,0.000371,0.0007856599999999992,0.000919
heterogeneous,stationary_discounted,181,0.65,0.65,0.0,0.0,60,4320,60,0.0008424999999999999,0.00289273999999999,0.004612
heterogeneous,stationary_discounted,182,0.6666666666666666,0.6666666666666666,0.0,0.0,60,4320,60,0.000665,0.0018345599999999955,0.002611
heterogeneous,stationary_discounted,183,0.7166666666666667,0.7166666666666667,0.0,0.0,60,4320,60,0.0005815,0.0013773699999999976,0.001824
heterogeneous,stationary_discounted,184,0.7,0.7,0.0,0.0,60,4320,60,0.00035150000000000003,0.0008470199999999989,0.001037
heterogeneous,stationary_discounted,185,0.6833333333333333,0.6833333333333333,0.0,0.0,60,4320,60,0.000364,0.00107269,0.001078
heterogeneous,stationary_discounted,186,0.6666666666666666,0.6666666666666666,0.0,0.0,60,4320,60,0.00035499999999999996,0.0007203499999999988,0.000918
heterogeneous,stationary_discounted,187,0.6666666666666666,0.6666666666666666,0.0,0.0,60,4320,60,0.000348,0.0007182399999999987,0.000933
heterogeneous,stationary_discounted,188,0.7166666666666667,0.7166666666666667,0.0,0.0,60,4320,60,0.000356,0.0007673599999999989,0.000942
heterogeneous,stationary_discounted,189,0.6833333333333333,0.6833333333333333,0.0,0.0,60,4320,60,0.0003535,0.0006838299999999991,0.000839
heterogeneous,stationary_discounted,190,0.7333333333333333,0.7333333333333333,0.0,0.0,60,4320,60,0.000608,0.009688749999999934,0.02112
heterogeneous,stationary_discounted,191,0.6833333333333333,0.6833333333333333,0.0,0.0,60,4320,60,0.0006485,0.0013309199999999965,0.001928
heterogeneous,stationary_discounted,192,0.7833333333333333,0.7833333333333333,0.0,0.0,60,4320,60,0.000657,0.002044239999999999,0.002259
heterogeneous,stationary_discounted,193,0.7,0.7,0.0,0.0,60,4320,60,0.000371,0.0012566599999999995,0.001331
heterogeneous,stationary_discounted,194,0.75,0.75,0.0,0.0,60,4320,60,0.0003805,0.0008371599999999984,0.001118
heterogeneous,stationary_discounted,195,0.6833333333333333,0.6833333333333333,0.0,0.0,60,4320,60,0.000374,0.000764199999999999,0.000953
heterogeneous,stationary_discounted,196,0.7333333333333333,0.7333333333333333,0.0,0.0,60,4320,60,0.00036649999999999996,0.0007140699999999989,0.000907
heterogeneous,stationary_discounted,197,0.7333333333333333,0.7333333333333333,0.0,0.0,60,4320,60,0.000358,0.0006963899999999991,0.000861
heterogeneous,stationary_discounted,198,0.75,0.75,0.0,0.0,60,4320,60,0.00036050000000000003,0.0007088399999999989,0.0009
heterogeneous,stationary_discounted,199,0.7,0.7,0.0,0.0,60,4320,60,0.000361,0.000749539999999999,0.000923
heterogeneous,stationary_discounted,200,0.7333333333333333,0.7333333333333333,0.0,0.0,60,4320,60,0.000353,0.0007462899999999984,0.001023
heterogeneous,stationary_discounted,201,0.75,0.75,0.0,0.0,60,4320,60,0.000352,0.0007473199999999991,0.000896
heterogeneous,stationary_discounted,202,0.7,0.7,0.0,0.0,60,4320,60,0.0003655,0.0010896499999999997,0.001128
heterogeneous,stationary_discounted,203,0.7,0.7,0.0,0.0,60,4320,60,0.0003625,0.0007505199999999991,0.000911
heterogeneous,stationary_discounted,204,0.6666666666666666,0.6666666666666666,0.0,0.0,60,4320,60,0.0003595,0.0006980099999999988,0.000911
heterogeneous,stationary_discounted,205,0.65,0.65,0.0,0.0,60,4320,60,0.0003655,0.0006850999999999989,0.000868
heterogeneous,stationary_discounted,206,0.7,0.7,0.0,0.0,60,4320,60,0.000365,0.0008938799999999982,0.001229
heterogeneous,stationary_discounted,207,0.6666666666666666,0.6666666666666666,0.0,0.0,60,4320,60,0.000363,0.000723949999999999,0.000898
heterogeneous,stationary_discounted,208,0.7333333333333333,0.7333333333333333,0.0,0.0,60,4320,60,0.0003635,0.0007622099999999987,0.000987
heterogeneous,stationary_discounted,209,0.6833333333333333,0.6833333333333333,0.0,0.0,60,4320,60,0.000369,0.0007117499999999987,0.000933
heterogeneous,stationary_discounted,210,0.7333333333333333,0.7333333333333333,0.0,0.0,60,4320,60,0.0003565,0.0008593399999999977,0.001257
heterogeneous,stationary_discounted,211,0.6666666666666666,0.6666666666666666,0.0,0.0,60,4320,60,0.000727,0.0016211499999999976,0.002043
heterogeneous,stationary_discounted,212,0.6666666666666666,0.6666666666666666,0.0,0.0,60,4320,60,0.0006345000000000001,0.0011895499999999978,0.001576
heterogeneous,stationary_discounted,213,0.75,0.75,0.0,0.0,60,4320,60,0.000623,0.0011251899999999975,0.001573
heterogeneous,stationary_discounted,214,0.6833333333333333,0.6833333333333333,0.0,0.0,60,4320,60,0.0006395000000000001,0.0009659599999999988,0.001176
heterogeneous,stationary_discounted,215,0.7,0.7,0.0,0.0,60,4320,60,0.0006295000000000001,0.0012781399999999994,0.001369
heterogeneous,stationary_discounted,216,0.75,0.75,0.0,0.0,60,4320,60,0.000567,0.001258489999999998,0.001606
heterogeneous,stationary_discounted,217,0.6833333333333333,0.6833333333333333,0.0,0.0,60,4320,60,0.0006305,0.0010575399999999985,0.00129
heterogeneous,stationary_discounted,218,0.7166666666666667,0.7166666666666667,0.0,0.0,60,4320,60,0.0006345000000000001,0.0010817199999999983,0.001372
heterogeneous,stationary_discounted,219,0.7,0.7,0.0,0.0,60,4320,60,0.0006335,0.001140209999999998,0.001483
heterogeneous,stationary_discounted,220,0.7,0.7,0.0,0.0,60,4320,60,0.0006435,0.0010371899999999986,0.001249
heterogeneous,stationary_discounted,221,0.6833333333333333,0.6833333333333333,0.0,0.0,60,4320,60,0.0005835,0.0014715799999999964,0.002084
heterogeneous,stationary_discounted,222,0.7833333333333333,0.7833333333333333,0.0,0.0,60,4320,60,0.0006295000000000001,0.001134849999999998,0.00148
heterogeneous,stationary_discounted,223,0.7,0.7,0.0,0.0,60,4320,60,0.000618,0.0010433599999999984,0.001336
heterogeneous,stationary_discounted,224,0.6666666666666666,0.6666666666666666,0.0,0.0,60,4320,60,0.000638,0.0010806699999999984,0.001368
heterogeneous,stationary_discounted,225,0.7,0.7,0.0,0.0,60,4320,60,0.000645,0.0010078799999999992,0.001166
heterogeneous,stationary_discounted,226,0.6666666666666666,0.6666666666666666,0.0,0.0,60,4320,60,0.0003735,0.005289659999999967,0.010969
heterogeneous,stationary_discounted,227,0.7,0.7,0.0,0.0,60,4320,60,0.0003585,0.0007805999999999987,0.000993
heterogeneous,stationary_discounted,228,0.6666666666666666,0.6666666666666666,0.0,0.0,60,4320,60,0.0003555,0.0007426699999999994,0.000853
heterogeneous,stationary_discounted,229,0.65,0.65,0.0,0.0,60,4320,60,0.0003565,0.0007238399999999983,0.001033
heterogeneous,stationary_discounted,230,0.7333333333333333,0.7333333333333333,0.0,0.0,60,4320,60,0.0003505,0.000733409999999999,0.000911
heterogeneous,stationary_discounted,231,0.5666666666666667,0.5666666666666667,0.0,0.0,60,4320,60,0.0003475,0.000727439999999999,0.000895
heterogeneous,stationary_discounted,232,0.7333333333333333,0.7333333333333333,0.0,0.0,60,4320,60,0.0003435,0.0007294699999999983,0.001005
heterogeneous,stationary_discounted,233,0.6833333333333333,0.6833333333333333,0.0,0.0,60,4320,60,0.000349,0.0007643099999999983,0.001054
heterogeneous,stationary_discounted,234,0.7,0.7,0.0,0.0,60,4320,60,0.000348,0.0007880799999999994,0.000899
heterogeneous,stationary_discounted,235,0.7833333333333333,0.7833333333333333,0.0,0.0,60,4320,60,0.000352,0.0010390799999999997,0.001091
heterogeneous,stationary_discounted,236,0.75,0.75,0.0,0.0,60,4320,60,0.000646,0.0013540199999999968,0.001898
heterogeneous,stationary_discounted,237,0.7,0.7,0.0,0.0,60,4320,60,0.0006644999999999999,0.0012943699999999978,0.001682
heterogeneous,stationary_discounted,238,0.6333333333333333,0.6333333333333333,0.0,0.0,60,4320,60,0.0006585,0.0011366499999999992,0.001293
heterogeneous,stationary_discounted,239,0.7166666666666667,0.7166666666666667,0.0,0.0,60,4320,60,0.0006535,0.0011309499999999984,0.001423
heterogeneous,stationary_discounted,240,0.6833333333333333,0.6833333333333333,0.0,0.0,60,4320,60,0.000673,0.0011195699999999983,0.001401
heterogeneous,stationary_discounted,241,0.7666666666666667,0.7666666666666667,0.0,0.0,60,4320,60,0.000918,0.003036849999999992,0.004385
heterogeneous,stationary_discounted,242,0.6833333333333333,0.6833333333333333,0.0,0.0,60,4320,60,0.000839,0.001532189999999998,0.001862
heterogeneous,stationary_discounted,243,0.7333333333333333,0.7333333333333333,0.0,0.0,60,4320,60,0.0008165,0.0015173999999999975,0.001954
heterogeneous,stationary_discounted,244,0.7,0.7,0.0,0.0,60,4320,60,0.0008565000000000001,0.015983349999999893,0.034707
heterogeneous,stationary_discounted,245,0.7166666666666667,0.7166666666666667,0.0,0.0,60,4320,60,0.0008,0.0016275599999999969,0.002168
heterogeneous,stationary_discounted,246,0.7333333333333333,0.7333333333333333,0.0,0.0,60,4320,60,0.0008244999999999999,0.001544479999999997,0.002092
heterogeneous,stationary_discounted,247,0.7333333333333333,0.7333333333333333,0.0,0.0,60,4320,60,0.00087,0.0024837599999999994,0.002564
heterogeneous,stationary_discounted,248,0.7166666666666667,0.7166666666666667,0.0,0.0,60,4320,60,0.000821,0.0016892299999999956,0.002458
heterogeneous,stationary_discounted,249,0.7833333333333333,0.7833333333333333,0.0,0.0,60,4320,60,0.0008355000000000001,0.002507079999999999,0.002618
heterogeneous,stationary_discounted,250,0.7166666666666667,0.7166666666666667,0.0,0.0,60,4320,60,0.000361,0.0016782299999999937,0.002801
heterogeneous,stationary_discounted,251,0.6666666666666666,0.6666666666666666,0.0,0.0,60,4320,60,0.000358,0.0008893499999999982,0.001205
heterogeneous,stationary_discounted,252,0.7333333333333333,0.7333333333333333,0.0,0.0,60,4320,60,0.000351,0.0007648199999999983,0.001061
heterogeneous,stationary_discounted,253,0.7,0.7,0.0,0.0,60,4320,60,0.0006665,0.0013073499999999975,0.001741
heterogeneous,stationary_discounted,254,0.7,0.7,0.0,0.0,60,4320,60,0.000677,0.0018105699999999996,0.001856
heterogeneous,stationary_discounted,255,0.6666666666666666,0.6666666666666666,0.0,0.0,60,4320,60,0.0006845,0.007993479999999945,0.017509
heterogeneous,stationary_discounted,256,0.7166666666666667,0.7166666666666667,0.0,0.0,60,4320,60,0.0006850000000000001,0.0012003499999999985,0.001457
heterogeneous,stationary_discounted,257,0.75,0.75,0.0,0.0,60,4320,60,0.000676,0.0010971899999999988,0.001309
heterogeneous,stationary_discounted,258,0.65,0.65,0.0,0.0,60,4320,60,0.0006775,0.001209999999999998,0.001564
heterogeneous,stationary_discounted,259,0.75,0.75,0.0,0.0,60,4320,60,0.000707,0.0011559699999999975,0.001579
heterogeneous,stationary_discounted,260,0.6833333333333333,0.6833333333333333,0.0,0.0,60,4320,60,0.000734,0.001313859999999997,0.001813
heterogeneous,stationary_discounted,261,0.7,0.7,0.0,0.0,60,4320,60,0.000731,0.0012027299999999982,0.001529
heterogeneous,stationary_discounted,262,0.6833333333333333,0.6833333333333333,0.0,0.0,60,4320,60,0.0003645,0.0011276199999999958,0.001825
heterogeneous,stationary_discounted,263,0.6666666666666666,0.6666666666666666,0.0,0.0,60,4320,60,0.000645,0.0013458199999999971,0.001819
heterogeneous,stationary_discounted,264,0.6666666666666666,0.6666666666666666,0.0,0.0,60,4320,60,0.0006445,0.0012372199999999979,0.001616
heterogeneous,stationary_discounted,265,0.65,0.65,0.0,0.0,60,4320,60,0.000647,0.0016459399999999992,0.001784
heterogeneous,stationary_discounted,266,0.6666666666666666,0.6666666666666666,0.0,0.0,60,4320,60,0.0006655000000000001,0.001032789999999999,0.001221
heterogeneous,stationary_discounted,267,0.7166666666666667,0.7166666666666667,0.0,0.0,60,4320,60,0.000597,0.001256379999999998,0.001621
heterogeneous,stationary_discounted,268,0.6666666666666666,0.6666666666666666,0.0,0.0,60,4320,60,0.0006635,0.001594589999999999,0.001771
heterogeneous,stationary_discounted,269,0.6666666666666666,0.6666666666666666,0.0,0.0,60,4320,60,0.0006505,0.001350619999999997,0.001871
heterogeneous,stationary_discounted,270,0.7166666666666667,0.7166666666666667,0.0,0.0,60,4320,60,0.00065,0.0015242899999999985,0.001801
heterogeneous,stationary_discounted,271,0.6333333333333333,0.6333333333333333,0.0,0.0,60,4320,60,0.000628,0.006891869999999959,0.014212
heterogeneous,stationary_discounted,272,0.7,0.7,0.0,0.0,60,4320,60,0.000616,0.0011281399999999984,0.001396
heterogeneous,stationary_discounted,273,0.65,0.65,0.0,0.0,60,4320,60,0.000353,0.0008113899999999994,0.000917
heterogeneous,stationary_discounted,274,0.7833333333333333,0.7833333333333333,0.0,0.0,60,4320,60,0.0003505,0.0006693799999999989,0.000857
heterogeneous,stationary_discounted,275,0.6833333333333333,0.6833333333333333,0.0,0.0,60,4320,60,0.0003455,0.0007530599999999984,0.001028
heterogeneous,stationary_discounted,276,0.6833333333333333,0.6833333333333333,0.0,0.0,60,4320,60,0.0003405,0.0007015899999999989,0.000878
heterogeneous,stationary_discounted,277,0.7,0.7,0.0,0.0,60,4320,60,0.00035150000000000003,0.0007190599999999991,0.000876
heterogeneous,stationary_discounted,278,0.75,0.75,0.0,0.0,60,4320,60,0.0003505,0.0007597599999999984,0.001017
heterogeneous,stationary_discounted,279,0.6833333333333333,0.6833333333333333,0.0,0.0,60,4320,60,0.0003485,0.0007271699999999988,0.000926
heterogeneous,stationary_discounted,280,0.6666666666666666,0.6666666666666666,0.0,0.0,60,4320,60,0.0007685,0.018378369999999887,0.037941
heterogeneous,stationary_discounted,281,0.7,0.7,0.0,0.0,60,4320,60,0.000823,0.001497799999999997,0.002017
heterogeneous,stationary_discounted,282,0.75,0.75,0.0,0.0,60,4320,60,0.000835,0.0014229399999999975,0.001856
heterogeneous,stationary_discounted,283,0.7333333333333333,0.7333333333333333,0.0,0.0,60,4320,60,0.000836,0.0018791799999999992,0.001996
heterogeneous,stationary_discounted,284,0.7,0.7,0.0,0.0,60,4320,60,0.0007945000000000001,0.0014695399999999977,0.001879
heterogeneous,stationary_discounted,285,0.7666666666666667,0.7666666666666667,0.0,0.0,60,4320,60,0.0008489999999999999,0.002687949999999995,0.003511
heterogeneous,stationary_discounted,286,0.7166666666666667,0.7166666666666667,0.0,0.0,60,4320,60,0.0008075000000000001,0.0014846699999999974,0.001949
heterogeneous,stationary_discounted,287,0.75,0.75,0.0,0.0,60,4320,60,0.00081,0.0025078699999999975,0.002925
heterogeneous,stationary_discounted,288,0.7,0.7,0.0,0.0,60,4320,60,0.000365,0.0016686099999999985,0.001917
heterogeneous,stationary_discounted,289,0.7,0.7,0.0,0.0,60,4320,60,0.000357,0.0008440099999999984,0.001116
heterogeneous,stationary_discounted,290,0.75,0.75,0.0,0.0,60,4320,60,0.000355,0.0007351399999999991,0.000885
heterogeneous,stationary_discounted,291,0.6833333333333333,0.6833333333333333,0.0,0.0,60,4320,60,0.00035749999999999996,0.0007394499999999991,0.000884
heterogeneous,stationary_discounted,292,0.7333333333333333,0.7333333333333333,0.0,0.0,60,4320,60,0.000365,0.0007708099999999988,0.000972
heterogeneous,stationary_discounted,293,0.7333333333333333,0.7333333333333333,0.0,0.0,60,4320,60,0.00035,0.0007755599999999989,0.000962
heterogeneous,stationary_discounted,294,0.6833333333333333,0.6833333333333333,0.0,0.0,60,4320,60,0.0007995000000000001,0.002115989999999996,0.002847
heterogeneous,stationary_discounted,295,0.6666666666666666,0.6666666666666666,0.0,0.0,60,4320,60,0.000811,0.002299559999999994,0.003312
heterogeneous,stationary_discounted,296,0.6666666666666666,0.6666666666666666,0.0,0.0,60,4320,60,0.00083,0.0014360499999999973,0.001911
heterogeneous,stationary_discounted,297,0.7,0.7,0.0,0.0,60,4320,60,0.000806,0.0014368399999999967,0.001982
heterogeneous,stationary_discounted,298,0.7333333333333333,0.7333333333333333,0.0,0.0,60,4320,60,0.000799,0.0020716599999999973,0.002559
heterogeneous,stationary_discounted,299,0.7166666666666667,0.7166666666666667,0.0,0.0,60,4320,60,0.000838,0.0014491299999999977,0.001858
heterogeneous,stationary_discounted,300,0.6833333333333333,0.6833333333333333,0.0,0.0,60,4320,60,0.000833,0.0014324999999999965,0.002052
heterogeneous,stationary_discounted,301,0.7333333333333333,0.7333333333333333,0.0,0.0,60,4320,60,0.0007999999999999999,0.0016390999999999966,0.002235
heterogeneous,stationary_discounted,302,0.6333333333333333,0.6333333333333333,0.0,0.0,60,4320,60,0.0008485000000000001,0.0016117599999999964,0.002282
heterogeneous,stationary_discounted,303,0.6833333333333333,0.6833333333333333,0.0,0.0,60,4320,60,0.000822,0.0012973299999999982,0.0016
heterogeneous,stationary_discounted,304,0.7333333333333333,0.7333333333333333,0.0,0.0,60,4320,60,0.000373,0.002194469999999996,0.002883
heterogeneous,stationary_discounted,305,0.6166666666666667,0.6166666666666667,0.0,0.0,60,4320,60,0.000352,0.0010110299999999976,0.001414
heterogeneous,stationary_discounted,306,0.6666666666666666,0.6666666666666666,0.0,0.0,60,4320,60,0.000353,0.0007584699999999987,0.000975
heterogeneous,stationary_discounted,307,0.6833333333333333,0.6833333333333333,0.0,0.0,60,4320,60,0.000356,0.0007890799999999993,0.0009
heterogeneous,stationary_discounted,308,0.7166666666666667,0.7166666666666667,0.0,0.0,60,4320,60,0.0003585,0.0007881399999999988,0.000997
heterogeneous,stationary_discounted,309,0.7166666666666667,0.7166666666666667,0.0,0.0,60,4320,60,0.00036,0.0007533499999999989,0.000951
heterogeneous,stationary_discounted,310,0.7333333333333333,0.7333333333333333,0.0,0.0,60,4320,60,0.000355,0.0007457799999999995,0.000839
heterogeneous,stationary_discounted,311,0.6666666666666666,0.6666666666666666,0.0,0.0,60,4320,60,0.0003565,0.001169369999999997,0.001675
heterogeneous,stationary_discounted,312,0.65,0.65,0.0,0.0,60,4320,60,0.000352,0.000777229999999999,0.000956
heterogeneous,stationary_discounted,313,0.6833333333333333,0.6833333333333333,0.0,0.0,60,4320,60,0.000357,0.0008378699999999983,0.001137
heterogeneous,stationary_discounted,314,0.7666666666666667,0.7666666666666667,0.0,0.0,60,4320,60,0.00036399999999999996,0.000727899999999999,0.000899
heterogeneous,stationary_discounted,315,0.7333333333333333,0.7333333333333333,0.0,0.0,60,4320,60,0.0003595,0.0015920399999999938,0.00268
heterogeneous,stationary_discounted,316,0.7333333333333333,0.7333333333333333,0.0,0.0,60,4320,60,0.0003565,0.0010382099999999973,0.001499
heterogeneous,stationary_discounted,317,0.6666666666666666,0.6666666666666666,0.0,0.0,60,4320,60,0.000343,0.0009236999999999984,0.001201
heterogeneous,stationary_discounted,318,0.6833333333333333,0.6833333333333333,0.0,0.0,60,4320,60,0.00035150000000000003,0.0007634699999999991,0.000921
heterogeneous,stationary_discounted,319,0.6666666666666666,0.6666666666666666,0.0,0.0,60,4320,60,0.0003505,0.0007272099999999988,0.000952
heterogeneous,stationary_discounted,320,0.75,0.75,0.0,0.0,60,4320,60,0.0003565,0.000687799999999999,0.000853
heterogeneous,stationary_discounted,321,0.6333333333333333,0.6333333333333333,0.0,0.0,60,4320,60,0.000614,0.0011183499999999978,0.001493
heterogeneous,stationary_discounted,322,0.6166666666666667,0.6166666666666667,0.0,0.0,60,4320,60,0.000566,0.014068019999999895,0.03243
heterogeneous,stationary_discounted,323,0.6833333333333333,0.6833333333333333,0.0,0.0,60,4320,60,0.000356,0.0018270999999999958,0.002541
heterogeneous,stationary_discounted,324,0.7,0.7,0.0,0.0,60,4320,60,0.000355,0.00138076,0.001402
heterogeneous,stationary_discounted,325,0.6833333333333333,0.6833333333333333,0.0,0.0,60,4320,60,0.000356,0.0008947599999999985,0.001152
heterogeneous,stationary_discounted,326,0.7,0.7,0.0,0.0,60,4320,60,0.000357,0.0008164199999999991,0.000971
heterogeneous,stationary_discounted,327,0.7166666666666667,0.7166666666666667,0.0,0.0,60,4320,60,0.0003485,0.0008423199999999984,0.001109
heterogeneous,stationary_discounted,328,0.6666666666666666,0.6666666666666666,0.0,0.0,60,4320,60,0.000352,0.0007440599999999991,0.000901
heterogeneous,stationary_discounted,329,0.7166666666666667,0.7166666666666667,0.0,0.0,60,4320,60,0.0003475,0.0010619099999999988,0.001269
heterogeneous,stationary_discounted,330,0.6333333333333333,0.6333333333333333,0.0,0.0,60,4320,60,0.0003535,0.0011409299999999994,0.001243
heterogeneous,stationary_discounted,331,0.7333333333333333,0.7333333333333333,0.0,0.0,60,4320,60,0.0005415,0.0014797399999999996,0.001547
heterogeneous,stationary_discounted,332,0.7,0.7,0.0,0.0,60,4320,60,0.00037799999999999997,0.0008765499999999987,0.001086
heterogeneous,stationary_discounted,333,0.7,0.7,0.0,0.0,60,4320,60,0.00036649999999999996,0.0009316999999999984,0.001209
heterogeneous,stationary_discounted,334,0.7666666666666667,0.7666666666666667,0.0,0.0,60,4320,60,0.00037600000000000003,0.0013614099999999989,0.001539
heterogeneous,stationary_discounted,335,0.7,0.7,0.0,0.0,60,4320,60,0.00036700000000000003,0.0014527599999999987,0.001651
heterogeneous,stationary_discounted,336,0.7666666666666667,0.7666666666666667,0.0,0.0,60,4320,60,0.000361,0.0018474199999999996,0.001943
heterogeneous,stationary_discounted,337,0.7333333333333333,0.7333333333333333,0.0,0.0,60,4320,60,0.0003655,0.0015700399999999998,0.001596
heterogeneous,stationary_discounted,338,0.7166666666666667,0.7166666666666667,0.0,0.0,60,4320,60,0.000362,0.0014216099999999983,0.001729
heterogeneous,stationary_discounted,339,0.65,0.65,0.0,0.0,60,4320,60,0.000368,0.0013007599999999978,0.001676
heterogeneous,stationary_discounted,340,0.6666666666666666,0.6666666666666666,0.0,0.0,60,4320,60,0.000361,0.0009343199999999988,0.001142
heterogeneous,stationary_discounted,341,0.5666666666666667,0.5666666666666667,0.0,0.0,60,4320,60,0.000344,0.0007168099999999988,0.000918
heterogeneous,stationary_discounted,342,0.75,0.75,0.0,0.0,60,4320,60,0.000357,0.0007692799999999986,0.00101
heterogeneous,stationary_discounted,343,0.7,0.7,0.0,0.0,60,4320,60,0.000356,0.0007536799999999988,0.000959
heterogeneous,stationary_discounted,344,0.7,0.7,0.0,0.0,60,4320,60,0.000354,0.0007246399999999989,0.000904
heterogeneous,stationary_discounted,345,0.6833333333333333,0.6833333333333333,0.0,0.0,60,4320,60,0.0003525,0.007075919999999954,0.01493
heterogeneous,stationary_discounted,346,0.7333333333333333,0.7333333333333333,0.0,0.0,60,4320,60,0.0003555,0.000822489999999999,0.000993
heterogeneous,stationary_discounted,347,0.7333333333333333,0.7333333333333333,0.0,0.0,60,4320,60,0.000345,0.0007100699999999993,0.000844
heterogeneous,stationary_discounted,348,0.7166666666666667,0.7166666666666667,0.0,0.0,60,4320,60,0.0003475,0.0007104999999999988,0.000917
heterogeneous,stationary_discounted,349,0.6833333333333333,0.6833333333333333,0.0,0.0,60,4320,60,0.000334,0.0007602299999999993,0.00088
heterogeneous,stationary_discounted,350,0.75,0.75,0.0,0.0,60,4320,60,0.0007934999999999999,0.0026160799999999937,0.003671
heterogeneous,stationary_discounted,351,0.7,0.7,0.0,0.0,60,4320,60,0.000815,0.0014430999999999969,0.00198
heterogeneous,stationary_discounted,352,0.7166666666666667,0.7166666666666667,0.0,0.0,60,4320,60,0.000791,0.0013241899999999977,0.001713
heterogeneous,stationary_discounted,353,0.7,0.7,0.0,0.0,60,4320,60,0.000351,0.0015301599999999946,0.00246
heterogeneous,stationary_discounted,354,0.7833333333333333,0.7833333333333333,0.0,0.0,60,4320,60,0.00035150000000000003,0.0009075699999999984,0.001189
heterogeneous,stationary_discounted,355,0.6833333333333333,0.6833333333333333,0.0,0.0,60,4320,60,0.00044950000000000003,0.0010205699999999984,0.001302
heterogeneous,stationary_discounted,356,0.7333333333333333,0.7333333333333333,0.0,0.0,60,4320,60,0.000348,0.000794099999999999,0.000977
heterogeneous,stationary_discounted,357,0.65,0.65,0.0,0.0,60,4320,60,0.000537,0.0010509999999999981,0.001405
heterogeneous,stationary_discounted,358,0.7166666666666667,0.7166666666666667,0.0,0.0,60,4320,60,0.00061,0.001003019999999999,0.001193
heterogeneous,stationary_discounted,359,0.7333333333333333,0.7333333333333333,0.0,0.0,60,4320,60,0.0005845,0.0012139699999999982,0.001519
heterogeneous,stationary_discounted,360,0.7166666666666667,0.7166666666666667,0.0,0.0,60,4320,60,0.000587,0.0012468699999999971,0.001723
heterogeneous,stationary_discounted,361,0.7333333333333333,0.7333333333333333,0.0,0.0,60,4320,60,0.0006535,0.0011343299999999994,0.00126
heterogeneous,stationary_discounted,362,0.6333333333333333,0.6333333333333333,0.0,0.0,60,4320,60,0.0003465,0.0008815699999999978,0.001281
heterogeneous,stationary_discounted,363,0.7166666666666667,0.7166666666666667,0.0,0.0,60,4320,60,0.0003595,0.0007987099999999996,0.000876
heterogeneous,stationary_discounted,364,0.6833333333333333,0.6833333333333333,0.0,0.0,60,4320,60,0.000351,0.0007193999999999992,0.000861
heterogeneous,stationary_discounted,365,0.7,0.7,0.0,0.0,60,4320,60,0.00035749999999999996,0.0007226599999999992,0.000856
heterogeneous,stationary_discounted,366,0.7,0.7,0.0,0.0,60,4320,60,0.0003615,0.0013911699999999982,0.001708
heterogeneous,stationary_discounted,367,0.7333333333333333,0.7333333333333333,0.0,0.0,60,4320,60,0.000358,0.0007993599999999983,0.001092
heterogeneous,stationary_discounted,368,0.6666666666666666,0.6666666666666666,0.0,0.0,60,4320,60,0.0003675,0.0007986399999999982,0.001096
heterogeneous,stationary_discounted,369,0.65,0.65,0.0,0.0,60,4320,60,0.000358,0.0009383499999999999,0.000959
heterogeneous,stationary_discounted,370,0.65,0.65,0.0,0.0,60,4320,60,0.00036399999999999996,0.0011260599999999984,0.001401
heterogeneous,stationary_discounted,371,0.7166666666666667,0.7166666666666667,0.0,0.0,60,4320,60,0.00036700000000000003,0.0014970799999999992,0.001667
heterogeneous,stationary_discounted,372,0.7,0.7,0.0,0.0,60,4320,60,0.0003625,0.0009612699999999988,0.001166
heterogeneous,stationary_discounted,373,0.6,0.6,0.0,0.0,60,4320,60,0.000353,0.0009455299999999999,0.000965
heterogeneous,stationary_discounted,374,0.6833333333333333,0.6833333333333333,0.0,0.0,60,4320,60,0.0003745,0.0009789399999999995,0.001058
heterogeneous,stationary_discounted,375,0.75,0.75,0.0,0.0,60,4320,60,0.0004235,0.0012675999999999987,0.00148
heterogeneous,stationary_discounted,376,0.7,0.7,0.0,0.0,60,4320,60,0.000364,0.0019402399999999963,0.002568
heterogeneous,stationary_discounted,377,0.65,0.65,0.0,0.0,60,4320,60,0.000368,0.0013480699999999974,0.001777
heterogeneous,stationary_discounted,378,0.6666666666666666,0.6666666666666666,0.0,0.0,60,4320,60,0.0003535,0.0007144799999999985,0.000967
heterogeneous,stationary_discounted,379,0.6166666666666667,0.6166666666666667,0.0,0.0,60,4320,60,0.000355,0.0007659399999999992,0.000904
heterogeneous,stationary_discounted,380,0.75,0.75,0.0,0.0,60,4320,60,0.0003645,0.0007631999999999989,0.000952
heterogeneous,stationary_discounted,381,0.6833333333333333,0.6833333333333333,0.0,0.0,60,4320,60,0.000362,0.0007815199999999994,0.000883
heterogeneous,stationary_discounted,382,0.7166666666666667,0.7166666666666667,0.0,0.0,60,4320,60,0.0004375,0.0011635999999999988,0.001376
heterogeneous,stationary_discounted,383,0.7666666666666667,0.7666666666666667,0.0,0.0,60,4320,60,0.000358,0.0008700499999999997,0.000932
heterogeneous,stationary_discounted,384,0.7333333333333333,0.7333333333333333,0.0,0.0,60,4320,60,0.0003625,0.0008679899999999977,0.001245
heterogeneous,stationary_discounted,385,0.7333333333333333,0.7333333333333333,0.0,0.0,60,4320,60,0.000356,0.0008306799999999994,0.000918
heterogeneous,stationary_discounted,386,0.7,0.7,0.0,0.0,60,4320,60,0.0003565,0.000758439999999999,0.000926
heterogeneous,stationary_discounted,387,0.7333333333333333,0.7333333333333333,0.0,0.0,60,4320,60,0.000364,0.0011240399999999978,0.001504
heterogeneous,stationary_discounted,388,0.7,0.7,0.0,0.0,60,4320,60,0.0003635,0.0007578799999999994,0.000857
heterogeneous,stationary_discounted,389,0.7666666666666667,0.7666666666666667,0.0,0.0,60,4320,60,0.000356,0.000715379999999999,0.000903
heterogeneous,stationary_discounted,390,0.7166666666666667,0.7166666666666667,0.0,0.0,60,4320,60,0.0003595,0.001015979999999999,0.00118
heterogeneous,stationary_discounted,391,0.7333333333333333,0.7333333333333333,0.0,0.0,60,4320,60,0.000358,0.0008002799999999994,0.000923
heterogeneous,stationary_discounted,392,0.7333333333333333,0.7333333333333333,0.0,0.0,60,4320,60,0.0003635,0.0007369199999999985,0.00098
heterogeneous,stationary_discounted,393,0.7666666666666667,0.7666666666666667,0.0,0.0,60,4320,60,0.0003555,0.0009878199999999988,0.001166
heterogeneous,stationary_discounted,394,0.7166666666666667,0.7166666666666667,0.0,0.0,60,4320,60,0.0003595,0.0007582899999999991,0.000917
heterogeneous,stationary_discounted,395,0.7166666666666667,0.7166666666666667,0.0,0.0,60,4320,60,0.0003615,0.0008052399999999987,0.00102
heterogeneous,stationary_discounted,396,0.7166666666666667,0.7166666666666667,0.0,0.0,60,4320,60,0.00036050000000000003,0.000813079999999999,0.000983
heterogeneous,stationary_discounted,397,0.7166666666666667,0.7166666666666667,0.0,0.0,60,4320,60,0.000362,0.0009921999999999993,0.001122
heterogeneous,stationary_discounted,398,0.6333333333333333,0.6333333333333333,0.0,0.0,60,4320,60,0.00035999999999999997,0.0008223299999999989,0.001007
heterogeneous,stationary_discounted,399,0.7333333333333333,0.7333333333333333,0.0,0.0,60,4320,60,0.000356,0.0007473199999999991,0.000896
heterogeneous,stationary_discounted,400,0.7,0.7,0.0,0.0,60,4320,60,0.0003535,0.0007599599999999991,0.000911
heterogeneous,stationary_discounted,401,0.6833333333333333,0.6833333333333333,0.0,0.0,60,4320,60,0.0003595,0.0007157799999999988,0.000927
heterogeneous,stationary_discounted,402,0.75,0.75,0.0,0.0,60,4320,60,0.000361,0.000763799999999999,0.000929
heterogeneous,stationary_discounted,403,0.6666666666666666,0.6666666666666666,0.0,0.0,60,4320,60,0.0003615,0.0007507799999999995,0.000844
heterogeneous,stationary_discounted,404,0.7166666666666667,0.7166666666666667,0.0,0.0,60,4320,60,0.00036700000000000003,0.009322629999999941,0.019614
heterogeneous,stationary_discounted,405,0.6,0.6,0.0,0.0,60,4320,60,0.000362,0.000875739999999999,0.001061
heterogeneous,stationary_discounted,406,0.65,0.65,0.0,0.0,60,4320,60,0.0003595,0.0007328799999999988,0.00095
heterogeneous,stationary_discounted,407,0.7333333333333333,0.7333333333333333,0.0,0.0,60,4320,60,0.000358,0.0006796299999999992,0.000823
heterogeneous,stationary_discounted,408,0.6666666666666666,0.6666666666666666,0.0,0.0,60,4320,60,0.0003635,0.0007464999999999988,0.000953
heterogeneous,stationary_discounted,409,0.6333333333333333,0.6333333333333333,0.0,0.0,60,4320,60,0.000372,0.0007385599999999986,0.000984
heterogeneous,stationary_discounted,410,0.6166666666666667,0.6166666666666667,0.0,0.0,60,4320,60,0.000365,0.0007167299999999989,0.000925
heterogeneous,stationary_discounted,411,0.7833333333333333,0.7833333333333333,0.0,0.0,60,4320,60,0.000356,0.0006969399999999989,0.000894
heterogeneous,stationary_discounted,412,0.7166666666666667,0.7166666666666667,0.0,0.0,60,4320,60,0.000353,0.0008938499999999994,0.001003
heterogeneous,stationary_discounted,413,0.65,0.65,0.0,0.0,60,4320,60,0.000348,0.0007151799999999986,0.00095
heterogeneous,stationary_discounted,414,0.7333333333333333,0.7333333333333333,0.0,0.0,60,4320,60,0.0003655,0.0007008299999999991,0.000856
heterogeneous,stationary_discounted,415,0.6833333333333333,0.6833333333333333,0.0,0.0,60,4320,60,0.0003635,0.0007228699999999989,0.000904
heterogeneous,stationary_discounted,416,0.7166666666666667,0.7166666666666667,0.0,0.0,60,4320,60,0.0003705,0.0007814699999999984,0.001057
heterogeneous,stationary_discounted,417,0.7,0.7,0.0,0.0,60,4320,60,0.000359,0.0007394799999999992,0.000874
heterogeneous,stationary_discounted,418,0.65,0.65,0.0,0.0,60,4320,60,0.000358,0.0008384899999999997,0.000891
heterogeneous,stationary_discounted,419,0.6833333333333333,0.6833333333333333,0.0,0.0,60,4320,60,0.00035800000000000003,0.0007490499999999989,0.000929
heterogeneous,stationary_discounted,420,0.6666666666666666,0.6666666666666666,0.0,0.0,60,4320,60,0.000359,0.000732389999999999,0.000897
heterogeneous,stationary_discounted,421,0.7166666666666667,0.7166666666666667,0.0,0.0,60,4320,60,0.00036050000000000003,0.0010894999999999998,0.001119
heterogeneous,stationary_discounted,422,0.7333333333333333,0.7333333333333333,0.0,0.0,60,4320,60,0.00036,0.0008380199999999986,0.001087
heterogeneous,stationary_discounted,423,0.6333333333333333,0.6333333333333333,0.0,0.0,60,4320,60,0.000354,0.0007761699999999992,0.000916
heterogeneous,stationary_discounted,424,0.7,0.7,0.0,0.0,60,4320,60,0.000374,0.0007531299999999994,0.000867
heterogeneous,stationary_discounted,425,0.7666666666666667,0.7666666666666667,0.0,0.0,60,4320,60,0.0003625,0.0007324799999999992,0.000867
heterogeneous,stationary_discounted,426,0.7333333333333333,0.7333333333333333,0.0,0.0,60,4320,60,0.0003595,0.0007637899999999997,0.000834
heterogeneous,stationary_discounted,427,0.6666666666666666,0.6666666666666666,0.0,0.0,60,4320,60,0.0003485,0.0007505399999999994,0.000865
heterogeneous,stationary_discounted,428,0.7166666666666667,0.7166666666666667,0.0,0.0,60,4320,60,0.0003505,0.0007571299999999997,0.000812
heterogeneous,stationary_discounted,429,0.6833333333333333,0.6833333333333333,0.0,0.0,60,4320,60,0.000355,0.0009449499999999993,0.00106
heterogeneous,stationary_discounted,430,0.7166666666666667,0.7166666666666667,0.0,0.0,60,4320,60,0.000355,0.0007777699999999994,0.000894
heterogeneous,stationary_discounted,431,0.6833333333333333,0.6833333333333333,0.0,0.0,60,4320,60,0.000351,0.00084987,0.000854
heterogeneous,stationary_discounted,432,0.6833333333333333,0.6833333333333333,0.0,0.0,60,4320,60,0.000355,0.0007688899999999985,0.001022
heterogeneous,stationary_discounted,433,0.7666666666666667,0.7666666666666667,0.0,0.0,60,4320,60,0.0003465,0.000736469999999999,0.000894
heterogeneous,stationary_discounted,434,0.7,0.7,0.0,0.0,60,4320,60,0.00036649999999999996,0.0007073399999999991,0.000869
heterogeneous,stationary_discounted,435,0.6666666666666666,0.6666666666666666,0.0,0.0,60,4320,60,0.00035999999999999997,0.0006869199999999993,0.000812
heterogeneous,stationary_discounted,436,0.6833333333333333,0.6833333333333333,0.0,0.0,60,4320,60,0.00035800000000000003,0.0007201599999999988,0.000942
heterogeneous,stationary_discounted,437,0.6166666666666667,0.6166666666666667,0.0,0.0,60,4320,60,0.0003495,0.0009334799999999992,0.001068
heterogeneous,stationary_discounted,438,0.6833333333333333,0.6833333333333333,0.0,0.0,60,4320,60,0.000368,0.0007848999999999993,0.000897
heterogeneous,stationary_discounted,439,0.7,0.7,0.0,0.0,60,4320,60,0.000363,0.0008153799999999997,0.000885
heterogeneous,stationary_discounted,440,0.6333333333333333,0.6333333333333333,0.0,0.0,60,4320,60,0.0003465,0.0007443499999999992,0.000883
heterogeneous,stationary_discounted,441,0.7166666666666667,0.7166666666666667,0.0,0.0,60,4320,60,0.000351,0.0007498999999999993,0.000862
heterogeneous,stationary_discounted,442,0.7333333333333333,0.7333333333333333,0.0,0.0,60,4320,60,0.000348,0.0007705099999999993,0.000895
heterogeneous,stationary_discounted,443,0.7,0.7,0.0,0.0,60,4320,60,0.000343,0.0007801199999999992,0.000917
heterogeneous,stationary_discounted,444,0.7166666666666667,0.7166666666666667,0.0,0.0,60,4320,60,0.0003765,0.0035488699999999935,0.004674
heterogeneous,stationary_discounted,445,0.75,0.75,0.0,0.0,60,4320,60,0.000349,0.0010799299999999976,0.001477
heterogeneous,stationary_discounted,446,0.6833333333333333,0.6833333333333333,0.0,0.0,60,4320,60,0.000353,0.0007940199999999981,0.001102
heterogeneous,stationary_discounted,447,0.6833333333333333,0.6833333333333333,0.0,0.0,60,4320,60,0.0003495,0.0008684299999999986,0.001118
heterogeneous,stationary_discounted,448,0.6333333333333333,0.6333333333333333,0.0,0.0,60,4320,60,0.000358,0.0007712499999999989,0.000963
heterogeneous,stationary_discounted,449,0.7166666666666667,0.7166666666666667,0.0,0.0,60,4320,60,0.00035,0.0013524699999999975,0.001805
heterogeneous,stationary_discounted,450,0.7166666666666667,0.7166666666666667,0.0,0.0,60,4320,60,0.00037,0.0011171499999999993,0.001244
heterogeneous,stationary_discounted,451,0.7333333333333333,0.7333333333333333,0.0,0.0,60,4320,60,0.0003615,0.000794439999999999,0.000962
heterogeneous,stationary_discounted,452,0.7166666666666667,0.7166666666666667,0.0,0.0,60,4320,60,0.000362,0.0007324199999999991,0.000887
heterogeneous,stationary_discounted,453,0.7,0.7,0.0,0.0,60,4320,60,0.000353,0.0007464499999999988,0.00095
heterogeneous,stationary_discounted,454,0.7,0.7,0.0,0.0,60,4320,60,0.000372,0.0006994799999999989,0.000893
heterogeneous,stationary_discounted,455,0.6833333333333333,0.6833333333333333,0.0,0.0,60,4320,60,0.0003705,0.010497839999999925,0.023374
heterogeneous,stationary_discounted,456,0.7,0.7,0.0,0.0,60,4320,60,0.000367,0.006596069999999957,0.013869
heterogeneous,stationary_discounted,457,0.6833333333333333,0.6833333333333333,0.0,0.0,60,4320,60,0.000373,0.0008243999999999988,0.001025
heterogeneous,stationary_discounted,458,0.7166666666666667,0.7166666666666667,0.0,0.0,60,4320,60,0.000359,0.0008641599999999993,0.000968
heterogeneous,stationary_discounted,459,0.7666666666666667,0.7666666666666667,0.0,0.0,60,4320,60,0.000374,0.001184899999999998,0.001533
heterogeneous,stationary_discounted,460,0.75,0.75,0.0,0.0,60,4320,60,0.000368,0.0008142499999999988,0.001006
heterogeneous,stationary_discounted,461,0.7333333333333333,0.7333333333333333,0.0,0.0,60,4320,60,0.0003615,0.0007214599999999993,0.000843
heterogeneous,stationary_discounted,462,0.6666666666666666,0.6666666666666666,0.0,0.0,60,4320,60,0.0003635,0.000783519999999999,0.000944
heterogeneous,stationary_discounted,463,0.6666666666666666,0.6666666666666666,0.0,0.0,60,4320,60,0.0003645,0.0018265099999999926,0.003131
heterogeneous,stationary_discounted,464,0.7833333333333333,0.7833333333333333,0.0,0.0,60,4320,60,0.000354,0.0009720699999999974,0.001401
heterogeneous,stationary_discounted,465,0.6833333333333333,0.6833333333333333,0.0,0.0,60,4320,60,0.00035749999999999996,0.0008032199999999986,0.001064
heterogeneous,stationary_discounted,466,0.7333333333333333,0.7333333333333333,0.0,0.0,60,4320,60,0.000681,0.004263979999999989,0.00608
heterogeneous,stationary_discounted,467,0.7833333333333333,0.7833333333333333,0.0,0.0,60,4320,60,0.00035499999999999996,0.0007934099999999987,0.00103
heterogeneous,stationary_discounted,468,0.7,0.7,0.0,0.0,60,4320,60,0.0003525,0.0018830999999999943,0.002892
heterogeneous,stationary_discounted,469,0.7333333333333333,0.7333333333333333,0.0,0.0,60,4320,60,0.000364,0.0015660899999999996,0.001654
heterogeneous,stationary_discounted,470,0.7333333333333333,0.7333333333333333,0.0,0.0,60,4320,60,0.000357,0.0008032099999999984,0.001087
heterogeneous,stationary_discounted,471,0.7166666666666667,0.7166666666666667,0.0,0.0,60,4320,60,0.000362,0.0007230899999999992,0.00087
heterogeneous,stationary_discounted,472,0.6833333333333333,0.6833333333333333,0.0,0.0,60,4320,60,0.000361,0.0007211099999999987,0.00094
heterogeneous,stationary_discounted,473,0.6666666666666666,0.6666666666666666,0.0,0.0,60,4320,60,0.000352,0.0007279599999999991,0.000879
heterogeneous,stationary_discounted,474,0.7166666666666667,0.7166666666666667,0.0,0.0,60,4320,60,0.00036,0.0007887099999999992,0.000925
heterogeneous,stationary_discounted,475,0.7166666666666667,0.7166666666666667,0.0,0.0,60,4320,60,0.0003625,0.0010039799999999994,0.001109
heterogeneous,stationary_discounted,476,0.7666666666666667,0.7666666666666667,0.0,0.0,60,4320,60,0.0005185000000000001,0.0011691499999999997,0.001237
heterogeneous,stationary_discounted,477,0.7333333333333333,0.7333333333333333,0.0,0.0,60,4320,60,0.0003485,0.0007424999999999988,0.000949
heterogeneous,stationary_discounted,478,0.7333333333333333,0.7333333333333333,0.0,0.0,60,4320,60,0.000346,0.0007549899999999989,0.000955
heterogeneous,stationary_discounted,479,0.7333333333333333,0.7333333333333333,0.0,0.0,60,4320,60,0.000362,0.0007503099999999987,0.000981
heterogeneous,stationary_discounted,480,0.65,0.65,0.0,0.0,60,4320,60,0.0003505,0.0007179099999999991,0.000866
heterogeneous,stationary_discounted,481,0.7166666666666667,0.7166666666666667,0.0,0.0,60,4320,60,0.000344,0.0007264599999999993,0.000848
heterogeneous,stationary_discounted,482,0.75,0.75,0.0,0.0,60,4320,60,0.00035499999999999996,0.0006643199999999992,0.000813
heterogeneous,stationary_discounted,483,0.7666666666666667,0.7666666666666667,0.0,0.0,60,4320,60,0.0003475,0.0007098899999999993,0.000845
heterogeneous,stationary_discounted,484,0.7166666666666667,0.7166666666666667,0.0,0.0,60,4320,60,0.000351,0.0009572299999999986,0.001195
heterogeneous,stationary_discounted,485,0.6833333333333333,0.6833333333333333,0.0,0.0,60,4320,60,0.000349,0.000684199999999999,0.000873
heterogeneous,stationary_discounted,486,0.6666666666666666,0.6666666666666666,0.0,0.0,60,4320,60,0.000346,0.0007532699999999984,0.001017
heterogeneous,stationary_discounted,487,0.6833333333333333,0.6833333333333333,0.0,0.0,60,4320,60,0.0006875,0.0021803099999999943,0.003119
heterogeneous,stationary_discounted,488,0.75,0.75,0.0,0.0,60,4320,60,0.0006425000000000001,0.0011776299999999985,0.001439
heterogeneous,stationary_discounted,489,0.6666666666666666,0.6666666666666666,0.0,0.0,60,4320,60,0.0006464999999999999,0.0026515699999999916,0.004113
heterogeneous,stationary_discounted,490,0.65,0.65,0.0,0.0,60,4320,60,0.0006685,0.0011556799999999981,0.001479
heterogeneous,stationary_discounted,491,0.7,0.7,0.0,0.0,60,4320,60,0.0006625,0.0011651499999999983,0.001469
heterogeneous,stationary_discounted,492,0.6666666666666666,0.6666666666666666,0.0,0.0,60,4320,60,0.00066,0.001010459999999999,0.001191
heterogeneous,stationary_discounted,493,0.6666666666666666,0.6666666666666666,0.0,0.0,60,4320,60,0.000681,0.0011978199999999987,0.001435
heterogeneous,stationary_discounted,494,0.7,0.7,0.0,0.0,60,4320,60,0.0008374999999999999,0.002411319999999994,0.003445
heterogeneous,stationary_discounted,495,0.6666666666666666,0.6666666666666666,0.0,0.0,60,4320,60,0.0008435000000000001,0.0026039199999999957,0.003378
heterogeneous,stationary_discounted,496,0.6666666666666666,0.6666666666666666,0.0,0.0,60,4320,60,0.0007570000000000001,0.002434129999999998,0.002843
heterogeneous,stationary_discounted,497,0.7,0.7,0.0,0.0,60,4320,60,0.00036950000000000004,0.0011970899999999964,0.001816
heterogeneous,stationary_discounted,498,0.7166666666666667,0.7166666666666667,0.0,0.0,60,4320,60,0.0006494999999999999,0.0013091399999999977,0.001695
heterogeneous,stationary_discounted,499,0.7,0.7,0.0,0.0,60,4320,60,0.0006785000000000001,0.0012331099999999986,0.001452
three_regions,stationary_discounted,0,0.5,0.5,0.0,0.0,60,4320,60,0.000647,0.008145269999999965,0.014132
three_regions,stationary_discounted,1,0.6333333333333333,0.6333333333333333,0.0,0.0,60,4320,60,0.000595,0.0014566099999999966,0.002059
three_regions,stationary_discounted,2,0.6666666666666666,0.6666666666666666,0.0,0.0,60,4320,60,0.00037,0.000810469999999998,0.001145
three_regions,stationary_discounted,3,0.6833333333333333,0.6833333333333333,0.0,0.0,60,4320,60,0.000371,0.0010384299999999995,0.001111
three_regions,stationary_discounted,4,0.6666666666666666,0.6666666666666666,0.0,0.0,60,4320,60,0.000355,0.0007542999999999989,0.000949
three_regions,stationary_discounted,5,0.6333333333333333,0.6333333333333333,0.0,0.0,60,4320,60,0.000363,0.0008002899999999991,0.000959
three_regions,stationary_discounted,6,0.6,0.6,0.0,0.0,60,4320,60,0.0003725,0.0007906999999999991,0.00095
three_regions,stationary_discounted,7,0.6666666666666666,0.6666666666666666,0.0,0.0,60,4320,60,0.00038250000000000003,0.0007724699999999991,0.00093
three_regions,stationary_discounted,8,0.6166666666666667,0.6166666666666667,0.0,0.0,60,4320,60,0.0003805,0.0008639199999999985,0.001107
three_regions,stationary_discounted,9,0.55,0.55,0.0,0.0,60,4320,60,0.0003885,0.0007954799999999989,0.000989
three_regions,stationary_discounted,10,0.5833333333333334,0.5833333333333334,0.0,0.0,60,4320,60,0.0004435,0.0025123999999999923,0.003834
three_regions,stationary_discounted,11,0.5666666666666667,0.5666666666666667,0.0,0.0,60,4320,60,0.0003705,0.0009117799999999981,0.001241
three_regions,stationary_discounted,12,0.6166666666666667,0.6166666666666667,0.0,0.0,60,4320,60,0.0003765,0.000758229999999999,0.000937
three_regions,stationary_discounted,13,0.7,0.7,0.0,0.0,60,4320,60,0.0003745,0.0009021699999999978,0.001278
three_regions,stationary_discounted,14,0.7,0.7,0.0,0.0,60,4320,60,0.00037850000000000004,0.0007929199999999989,0.000977
three_regions,stationary_discounted,15,0.7,0.7,0.0,0.0,60,4320,60,0.0003725,0.0008155599999999986,0.001061
three_regions,stationary_discounted,16,0.6666666666666666,0.6666666666666666,0.0,0.0,60,4320,60,0.0003795,0.0008036699999999991,0.000973
three_regions,stationary_discounted,17,0.5333333333333333,0.5333333333333333,0.0,0.0,60,4320,60,0.000375,0.0009033999999999989,0.001104
three_regions,stationary_discounted,18,0.6833333333333333,0.6833333333333333,0.0,0.0,60,4320,60,0.0003745,0.0007949299999999988,0.001015
three_regions,stationary_discounted,19,0.7166666666666667,0.7166666666666667,0.0,0.0,60,4320,60,0.000382,0.0007882599999999991,0.000957
three_regions,stationary_discounted,20,0.55,0.55,0.0,0.0,60,4320,60,0.00038100000000000005,0.0007630899999999988,0.000969
three_regions,stationary_discounted,21,0.6666666666666666,0.6666666666666666,0.0,0.0,60,4320,60,0.0003855,0.0008254199999999984,0.001098
three_regions,stationary_discounted,22,0.6,0.6,0.0,0.0,60,4320,60,0.000394,0.0007874499999999985,0.00105
three_regions,stationary_discounted,23,0.7333333333333333,0.7333333333333333,0.0,0.0,60,4320,60,0.0003705,0.0008216599999999986,0.001073
three_regions,stationary_discounted,24,0.5833333333333334,0.5833333333333334,0.0,0.0,60,4320,60,0.000372,0.0008230199999999993,0.000954
three_regions,stationary_discounted,25,0.7166666666666667,0.7166666666666667,0.0,0.0,60,4320,60,0.000385,0.0009270899999999974,0.001369
three_regions,stationary_discounted,26,0.55,0.55,0.0,0.0,60,4320,60,0.000686,0.0019275399999999945,0.002868
three_regions,stationary_discounted,27,0.5666666666666667,0.5666666666666667,0.0,0.0,60,4320,60,0.0006594999999999999,0.0012839199999999979,0.001645
three_regions,stationary_discounted,28,0.75,0.75,0.0,0.0,60,4320,60,0.0006015,0.0014341899999999995,0.001528
three_regions,stationary_discounted,29,0.6333333333333333,0.6333333333333333,0.0,0.0,60,4320,60,0.0003625,0.0010830999999999983,0.001384
three_regions,stationary_discounted,30,0.65,0.65,0.0,0.0,60,4320,60,0.00036050000000000003,0.0007749999999999986,0.001011
three_regions,stationary_discounted,31,0.6833333333333333,0.6833333333333333,0.0,0.0,60,4320,60,0.000359,0.0007123299999999987,0.000956
three_regions,stationary_discounted,32,0.5333333333333333,0.5333333333333333,0.0,0.0,60,4320,60,0.000357,0.0007655299999999985,0.001021
three_regions,stationary_discounted,33,0.65,0.65,0.0,0.0,60,4320,60,0.000363,0.0007871999999999985,0.001035
three_regions,stationary_discounted,34,0.5333333333333333,0.5333333333333333,0.0,0.0,60,4320,60,0.000374,0.0007004499999999992,0.000845
three_regions,stationary_discounted,35,0.6333333333333333,0.6333333333333333,0.0,0.0,60,4320,60,0.00036300000000000004,0.0007083999999999991,0.00085
three_regions,stationary_discounted,36,0.65,0.65,0.0,0.0,60,4320,60,0.0003585,0.000704589999999999,0.000881
three_regions,stationary_discounted,37,0.6666666666666666,0.6666666666666666,0.0,0.0,60,4320,60,0.0003705,0.0007999499999999983,0.001092
three_regions,stationary_discounted,38,0.7333333333333333,0.7333333333333333,0.0,0.0,60,4320,60,0.0003645,0.0007728599999999989,0.000977
three_regions,stationary_discounted,39,0.7333333333333333,0.7333333333333333,0.0,0.0,60,4320,60,0.000369,0.0006485199999999991,0.000809
three_regions,stationary_discounted,40,0.65,0.65,0.0,0.0,60,4320,60,0.000364,0.0009033799999999982,0.001209
three_regions,stationary_discounted,41,0.6833333333333333,0.6833333333333333,0.0,0.0,60,4320,60,0.000384,0.0007627899999999989,0.000951
three_regions,stationary_discounted,42,0.7333333333333333,0.7333333333333333,0.0,0.0,60,4320,60,0.000375,0.0007772199999999991,0.00092
three_regions,stationary_discounted,43,0.6333333333333333,0.6333333333333333,0.0,0.0,60,4320,60,0.0003585,0.0007081599999999991,0.000871
three_regions,stationary_discounted,44,0.5166666666666667,0.5166666666666667,0.0,0.0,60,4320,60,0.000363,0.0006783999999999988,0.000879
three_regions,stationary_discounted,45,0.75,0.75,0.0,0.0,60,4320,60,0.00036,0.0008693499999999979,0.001244
three_regions,stationary_discounted,46,0.6833333333333333,0.6833333333333333,0.0,0.0,60,4320,60,0.000353,0.0007161399999999991,0.000866
three_regions,stationary_discounted,47,0.6666666666666666,0.6666666666666666,0.0,0.0,60,4320,60,0.000365,0.0007216999999999991,0.000881
three_regions,stationary_discounted,48,0.7166666666666667,0.7166666666666667,0.0,0.0,60,4320,60,0.00035150000000000003,0.0007402999999999989,0.000935
three_regions,stationary_discounted,49,0.5833333333333334,0.5833333333333334,0.0,0.0,60,4320,60,0.000358,0.0008048199999999983,0.001101
three_regions,stationary_discounted,50,0.4666666666666667,0.4666666666666667,0.0,0.0,60,4320,60,0.000356,0.0007136999999999988,0.000932
three_regions,stationary_discounted,51,0.5833333333333334,0.5833333333333334,0.0,0.0,60,4320,60,0.000357,0.0007124299999999989,0.000903
three_regions,stationary_discounted,52,0.6166666666666667,0.6166666666666667,0.0,0.0,60,4320,60,0.000365,0.0010001099999999992,0.00116
three_regions,stationary_discounted,53,0.6666666666666666,0.6666666666666666,0.0,0.0,60,4320,60,0.0003635,0.0007329899999999992,0.000874
three_regions,stationary_discounted,54,0.6666666666666666,0.6666666666666666,0.0,0.0,60,4320,60,0.000365,0.0007944399999999987,0.001021
three_regions,stationary_discounted,55,0.6833333333333333,0.6833333333333333,0.0,0.0,60,4320,60,0.0003735,0.000675749999999999,0.000838
three_regions,stationary_discounted,56,0.6833333333333333,0.6833333333333333,0.0,0.0,60,4320,60,0.0003775,0.0011890199999999974,0.001615
three_regions,stationary_discounted,57,0.65,0.65,0.0,0.0,60,4320,60,0.0003815,0.0009161199999999982,0.00123
three_regions,stationary_discounted,58,0.6833333333333333,0.6833333333333333,0.0,0.0,60,4320,60,0.0003745,0.0006948399999999989,0.000886
three_regions,stationary_discounted,59,0.7166666666666667,0.7166666666666667,0.0,0.0,60,4320,60,0.000365,0.0008534599999999986,0.001093
three_regions,stationary_discounted,60,0.6833333333333333,0.6833333333333333,0.0,0.0,60,4320,60,0.0003655,0.0007766999999999988,0.000995
three_regions,stationary_discounted,61,0.65,0.65,0.0,0.0,60,4320,60,0.000366,0.0008069399999999985,0.001063
three_regions,stationary_discounted,62,0.6,0.6,0.0,0.0,60,4320,60,0.000355,0.0007105199999999991,0.000871
three_regions,stationary_discounted,63,0.7,0.7,0.0,0.0,60,4320,60,0.0003685,0.0007331499999999993,0.00086
three_regions,stationary_discounted,64,0.6833333333333333,0.6833333333333333,0.0,0.0,60,4320,60,0.000369,0.000708299999999999,0.000903
three_regions,stationary_discounted,65,0.65,0.65,0.0,0.0,60,4320,60,0.00037200000000000004,0.0007156299999999988,0.000918
three_regions,stationary_discounted,66,0.6,0.6,0.0,0.0,60,4320,60,0.000372,0.0007881999999999995,0.000859
three_regions,stationary_discounted,67,0.6333333333333333,0.6333333333333333,0.0,0.0,60,4320,60,0.000359,0.0007573399999999987,0.000978
three_regions,stationary_discounted,68,0.6166666666666667,0.6166666666666667,0.0,0.0,60,4320,60,0.000362,0.0007647599999999992,0.000904
three_regions,stationary_discounted,69,0.6833333333333333,0.6833333333333333,0.0,0.0,60,4320,60,0.000367,0.0010798099999999992,0.001222
three_regions,stationary_discounted,70,0.6333333333333333,0.6333333333333333,0.0,0.0,60,4320,60,0.000353,0.0007209499999999986,0.000954
three_regions,stationary_discounted,71,0.7333333333333333,0.7333333333333333,0.0,0.0,60,4320,60,0.0003675,0.0007520599999999991,0.000909
three_regions,stationary_discounted,72,0.65,0.65,0.0,0.0,60,4320,60,0.0003725,0.0007755499999999992,0.000926
three_regions,stationary_discounted,73,0.7,0.7,0.0,0.0,60,4320,60,0.0007665,0.0018943799999999985,0.002141
three_regions,stationary_discounted,74,0.6666666666666666,0.6666666666666666,0.0,0.0,60,4320,60,0.00037549999999999997,0.0010733899999999966,0.001651
three_regions,stationary_discounted,75,0.65,0.65,0.0,0.0,60,4320,60,0.00037200000000000004,0.0011279899999999997,0.001151
three_regions,stationary_discounted,76,0.6,0.6,0.0,0.0,60,4320,60,0.0003685,0.0007963799999999987,0.001043
three_regions,stationary_discounted,77,0.6,0.6,0.0,0.0,60,4320,60,0.000362,0.0010509899999999995,0.001133
three_regions,stationary_discounted,78,0.6833333333333333,0.6833333333333333,0.0,0.0,60,4320,60,0.000359,0.0008222499999999989,0.001014
three_regions,stationary_discounted,79,0.6333333333333333,0.6333333333333333,0.0,0.0,60,4320,60,0.0003625,0.000703509999999999,0.000887
three_regions,stationary_discounted,80,0.5333333333333333,0.5333333333333333,0.0,0.0,60,4320,60,0.000365,0.0006850199999999989,0.000875
three_regions,stationary_discounted,81,0.65,0.65,0.0,0.0,60,4320,60,0.0003555,0.0006942299999999989,0.000873
three_regions,stationary_discounted,82,0.5833333333333334,0.5833333333333334,0.0,0.0,60,4320,60,0.0003645,0.0007538199999999986,0.000991
three_regions,stationary_discounted,83,0.6166666666666667,0.6166666666666667,0.0,0.0,60,4320,60,0.000368,0.0008102699999999988,0.001015
three_regions,stationary_discounted,84,0.6,0.6,0.0,0.0,60,4320,60,0.000374,0.0007176199999999987,0.000943
three_regions,stationary_discounted,85,0.7333333333333333,0.7333333333333333,0.0,0.0,60,4320,60,0.00037,0.0007632999999999984,0.001017
three_regions,stationary_discounted,86,0.7,0.7,0.0,0.0,60,4320,60,0.0003505,0.0007253099999999987,0.000956
three_regions,stationary_discounted,87,0.7,0.7,0.0,0.0,60,4320,60,0.000377,0.0008102599999999994,0.00092
three_regions,stationary_discounted,88,0.5666666666666667,0.5666666666666667,0.0,0.0,60,4320,60,0.000413,0.0007626999999999988,0.000981
three_regions,stationary_discounted,89,0.6666666666666666,0.6666666666666666,0.0,0.0,60,4320,60,0.000665,0.0013164099999999975,0.00173
three_regions,stationary_discounted,90,0.6666666666666666,0.6666666666666666,0.0,0.0,60,4320,60,0.0007130000000000001,0.001177149999999998,0.00154
three_regions,stationary_discounted,91,0.65,0.65,0.0,0.0,60,4320,60,0.0006575,0.0010951099999999985,0.001373
three_regions,stationary_discounted,92,0.5833333333333334,0.5833333333333334,0.0,0.0,60,4320,60,0.000631,0.001177139999999998,0.001504
three_regions,stationary_discounted,93,0.5666666666666667,0.5666666666666667,0.0,0.0,60,4320,60,0.000606,0.0011417899999999986,0.001389
three_regions,stationary_discounted,94,0.5833333333333334,0.5833333333333334,0.0,0.0,60,4320,60,0.0003625,0.0007310099999999987,0.000944
three_regions,stationary_discounted,95,0.7,0.7,0.0,0.0,60,4320,60,0.00036649999999999996,0.0011134499999999998,0.00114
three_regions,stationary_discounted,96,0.65,0.65,0.0,0.0,60,4320,60,0.0003595,0.0007222899999999987,0.00094
three_regions,stationary_discounted,97,0.6166666666666667,0.6166666666666667,0.0,0.0,60,4320,60,0.00036050000000000003,0.0006916099999999989,0.000881
three_regions,stationary_discounted,98,0.6333333333333333,0.6333333333333333,0.0,0.0,60,4320,60,0.0003655,0.000978049999999999,0.001158
three_regions,stationary_discounted,99,0.7,0.7,0.0,0.0,60,4320,60,0.000368,0.0007657499999999987,0.000987
three_regions,stationary_discounted,100,0.65,0.65,0.0,0.0,60,4320,60,0.0003645,0.0007171399999999991,0.000867
three_regions,stationary_discounted,101,0.7,0.7,0.0,0.0,60,4320,60,0.0003615,0.0007297799999999988,0.000941
three_regions,stationary_discounted,102,0.6333333333333333,0.6333333333333333,0.0,0.0,60,4320,60,0.000368,0.000747179999999999,0.000923
three_regions,stationary_discounted,103,0.6333333333333333,0.6333333333333333,0.0,0.0,60,4320,60,0.0006835000000000001,0.0013365599999999975,0.001759
three_regions,stationary_discounted,104,0.7166666666666667,0.7166666666666667,0.0,0.0,60,4320,60,0.000673,0.001059599999999998,0.00139
three_regions,stationary_discounted,105,0.6166666666666667,0.6166666666666667,0.0,0.0,60,4320,60,0.0006540000000000001,0.0012701299999999978,0.00162
three_regions,stationary_discounted,106,0.6833333333333333,0.6833333333333333,0.0,0.0,60,4320,60,0.0006670000000000001,0.0011248399999999985,0.001375
three_regions,stationary_discounted,107,0.65,0.65,0.0,0.0,60,4320,60,0.000362,0.0010261599999999986,0.001248
three_regions,stationary_discounted,108,0.5833333333333334,0.5833333333333334,0.0,0.0,60,4320,60,0.000375,0.0010307099999999991,0.001167
three_regions,stationary_discounted,109,0.6166666666666667,0.6166666666666667,0.0,0.0,60,4320,60,0.000374,0.000772639999999999,0.000952
three_regions,stationary_discounted,110,0.48333333333333334,0.48333333333333334,0.0,0.0,60,4320,60,0.0003725,0.0007476499999999991,0.000904
three_regions,stationary_discounted,111,0.7166666666666667,0.7166666666666667,0.0,0.0,60,4320,60,0.000374,0.0007851399999999991,0.000935
three_regions,stationary_discounted,112,0.5666666666666667,0.5666666666666667,0.0,0.0,60,4320,60,0.00036050000000000003,0.0007331699999999991,0.000873
three_regions,stationary_discounted,113,0.55,0.55,0.0,0.0,60,4320,60,0.00036950000000000004,0.0007713899999999988,0.000995
three_regions,stationary_discounted,114,0.6,0.6,0.0,0.0,60,4320,60,0.000367,0.0007405299999999989,0.000937
three_regions,stationary_discounted,115,0.6166666666666667,0.6166666666666667,0.0,0.0,60,4320,60,0.00037549999999999997,0.0006992199999999989,0.000901
three_regions,stationary_discounted,116,0.7333333333333333,0.7333333333333333,0.0,0.0,60,4320,60,0.0003875,0.0012571399999999977,0.001643
three_regions,stationary_discounted,117,0.55,0.55,0.0,0.0,60,4320,60,0.000646,0.0011721999999999978,0.001538
three_regions,stationary_discounted,118,0.7166666666666667,0.7166666666666667,0.0,0.0,60,4320,60,0.0006674999999999999,0.0013601099999999988,0.001579
three_regions,stationary_discounted,119,0.6166666666666667,0.6166666666666667,0.0,0.0,60,4320,60,0.0006915000000000001,0.001189289999999999,0.001348
three_regions,stationary_discounted,120,0.6166666666666667,0.6166666666666667,0.0,0.0,60,4320,60,0.0006335,0.0012266899999999982,0.001527
three_regions,stationary_discounted,121,0.65,0.65,0.0,0.0,60,4320,60,0.000681,0.0015627899999999994,0.001633
three_regions,stationary_discounted,122,0.48333333333333334,0.48333333333333334,0.0,0.0,60,4320,60,0.0006175,0.0011389199999999983,0.001441
three_regions,stationary_discounted,123,0.6333333333333333,0.6333333333333333,0.0,0.0,60,4320,60,0.0006900000000000001,0.0011596199999999984,0.001444
three_regions,stationary_discounted,124,0.6833333333333333,0.6833333333333333,0.0,0.0,60,4320,60,0.000691,0.0012467999999999986,0.001471
three_regions,stationary_discounted,125,0.6333333333333333,0.6333333333333333,0.0,0.0,60,4320,60,0.0006000000000000001,0.0011754099999999987,0.001412
three_regions,stationary_discounted,126,0.6666666666666666,0.6666666666666666,0.0,0.0,60,4320,60,0.00044050000000000003,0.0013724399999999982,0.001658
three_regions,stationary_discounted,127,0.6666666666666666,0.6666666666666666,0.0,0.0,60,4320,60,0.0003715,0.0011504599999999968,0.001685
three_regions,stationary_discounted,128,0.7166666666666667,0.7166666666666667,0.0,0.0,60,4320,60,0.0005495000000000001,0.0009371199999999988,0.001133
three_regions,stationary_discounted,129,0.6166666666666667,0.6166666666666667,0.0,0.0,60,4320,60,0.000356,0.0008071199999999988,0.001003
three_regions,stationary_discounted,130,0.7,0.7,0.0,0.0,60,4320,60,0.000357,0.0010285899999999978,0.001382
three_regions,stationary_discounted,131,0.6,0.6,0.0,0.0,60,4320,60,0.00036899999999999997,0.0007581699999999985,0.001016
three_regions,stationary_discounted,132,0.6666666666666666,0.6666666666666666,0.0,0.0,60,4320,60,0.00035400000000000004,0.0007862999999999985,0.00104
three_regions,stationary_discounted,133,0.7,0.7,0.0,0.0,60,4320,60,0.0003715,0.000947899999999998,0.001296
three_regions,stationary_discounted,134,0.65,0.65,0.0,0.0,60,4320,60,0.0003905,0.0012094999999999994,0.001298
three_regions,stationary_discounted,135,0.6333333333333333,0.6333333333333333,0.0,0.0,60,4320,60,0.000382,0.006902329999999953,0.015052
three_regions,stationary_discounted,136,0.55,0.55,0.0,0.0,60,4320,60,0.00037,0.0008035399999999986,0.001036
three_regions,stationary_discounted,137,0.6666666666666666,0.6666666666666666,0.0,0.0,60,4320,60,0.00035749999999999996,0.0007446999999999987,0.000963
three_regions,stationary_discounted,138,0.65,0.65,0.0,0.0,60,4320,60,0.0003675,0.0007972199999999984,0.001058
three_regions,stationary_discounted,139,0.6333333333333333,0.6333333333333333,0.0,0.0,60,4320,60,0.000366,0.0006913499999999989,0.000889
three_regions,stationary_discounted,140,0.6166666666666667,0.6166666666666667,0.0,0.0,60,4320,60,0.000357,0.0007341199999999986,0.000989
three_regions,stationary_discounted,141,0.6833333333333333,0.6833333333333333,0.0,0.0,60,4320,60,0.000356,0.0006997399999999989,0.000885
three_regions,stationary_discounted,142,0.55,0.55,0.0,0.0,60,4320,60,0.0006535,0.0014685299999999968,0.002019
three_regions,stationary_discounted,143,0.6666666666666666,0.6666666666666666,0.0,0.0,60,4320,60,0.000709,0.0028903099999999906,0.004478
three_regions,stationary_discounted,144,0.7333333333333333,0.7333333333333333,0.0,0.0,60,4320,60,0.0006485,0.0015776699999999974,0.002042
three_regions,stationary_discounted,145,0.5666666666666667,0.5666666666666667,0.0,0.0,60,4320,60,0.0006349999999999999,0.00149461,0.001507
three_regions,stationary_discounted,146,0.5833333333333334,0.5833333333333334,0.0,0.0,60,4320,60,0.000626,0.001068469999999998,0.001403
three_regions,stationary_discounted,147,0.7166666666666667,0.7166666666666667,0.0,0.0,60,4320,60,0.0006464999999999999,0.0010991499999999988,0.001285
three_regions,stationary_discounted,148,0.5333333333333333,0.5333333333333333,0.0,0.0,60,4320,60,0.000653,0.0011034799999999985,0.001356
three_regions,stationary_discounted,149,0.6833333333333333,0.6833333333333333,0.0,0.0,60,4320,60,0.0004285,0.0010821799999999986,0.001317
three_regions,stationary_discounted,150,0.6666666666666666,0.6666666666666666,0.0,0.0,60,4320,60,0.000362,0.0008240899999999989,0.00103
three_regions,stationary_discounted,151,0.6333333333333333,0.6333333333333333,0.0,0.0,60,4320,60,0.000375,0.0007947899999999992,0.000924
three_regions,stationary_discounted,152,0.5333333333333333,0.5333333333333333,0.0,0.0,60,4320,60,0.0003655,0.0008575999999999984,0.001129
three_regions,stationary_discounted,153,0.7666666666666667,0.7666666666666667,0.0,0.0,60,4320,60,0.000651,0.001270829999999997,0.00178
three_regions,stationary_discounted,154,0.6333333333333333,0.6333333333333333,0.0,0.0,60,4320,60,0.0006605000000000001,0.0012267499999999976,0.001625
three_regions,stationary_discounted,155,0.6833333333333333,0.6833333333333333,0.0,0.0,60,4320,60,0.000603,0.0010718799999999984,0.001348
three_regions,stationary_discounted,156,0.6833333333333333,0.6833333333333333,0.0,0.0,60,4320,60,0.000652,0.0011271399999999987,0.001336
three_regions,stationary_discounted,157,0.6166666666666667,0.6166666666666667,0.0,0.0,60,4320,60,0.000397,0.0014241,0.00143
three_regions,stationary_discounted,158,0.6833333333333333,0.6833333333333333,0.0,0.0,60,4320,60,0.0003645,0.0007831199999999986,0.001038
three_regions,stationary_discounted,159,0.6666666666666666,0.6666666666666666,0.0,0.0,60,4320,60,0.000357,0.0007650699999999989,0.000958
three_regions,stationary_discounted,160,0.6,0.6,0.0,0.0,60,4320,60,0.000359,0.0006808799999999987,0.000898
three_regions,stationary_discounted,161,0.7333333333333333,0.7333333333333333,0.0,0.0,60,4320,60,0.00035749999999999996,0.0007061999999999988,0.000895
three_regions,stationary_discounted,162,0.6666666666666666,0.6666666666666666,0.0,0.0,60,4320,60,0.000342,0.0007245599999999987,0.00097
three_regions,stationary_discounted,163,0.6666666666666666,0.6666666666666666,0.0,0.0,60,4320,60,0.000362,0.0006870399999999985,0.000949
three_regions,stationary_discounted,164,0.65,0.65,0.0,0.0,60,4320,60,0.000365,0.0007050199999999989,0.000895
three_regions,stationary_discounted,165,0.6666666666666666,0.6666666666666666,0.0,0.0,60,4320,60,0.00035749999999999996,0.0006966299999999988,0.000899
three_regions,stationary_discounted,166,0.6166666666666667,0.6166666666666667,0.0,0.0,60,4320,60,0.000348,0.0007962399999999987,0.001011
three_regions,stationary_discounted,167,0.65,0.65,0.0,0.0,60,4320,60,0.0006345000000000001,0.001054669999999999,0.001224
three_regions,stationary_discounted,168,0.6,0.6,0.0,0.0,60,4320,60,0.000673,0.0012075399999999983,0.001499
three_regions,stationary_discounted,169,0.6,0.6,0.0,0.0,60,4320,60,0.000655,0.0011577599999999975,0.001592
three_regions,stationary_discounted,170,0.5833333333333334,0.5833333333333334,0.0,0.0,60,4320,60,0.0006284999999999999,0.002269909999999994,0.003303
three_regions,stationary_discounted,171,0.6,0.6,0.0,0.0,60,4320,60,0.000376,0.0012361199999999994,0.001373
three_regions,stationary_discounted,172,0.6833333333333333,0.6833333333333333,0.0,0.0,60,4320,60,0.0003595,0.0007521299999999984,0.001043
three_regions,stationary_discounted,173,0.5833333333333334,0.5833333333333334,0.0,0.0,60,4320,60,0.00035999999999999997,0.0007796799999999987,0.000985
three_regions,stationary_discounted,174,0.6333333333333333,0.6333333333333333,0.0,0.0,60,4320,60,0.000356,0.0007439199999999986,0.000987
three_regions,stationary_discounted,175,0.65,0.65,0.0,0.0,60,4320,60,0.0003525,0.0007159999999999986,0.000952
three_regions,stationary_discounted,176,0.6666666666666666,0.6666666666666666,0.0,0.0,60,4320,60,0.000367,0.0007699299999999987,0.00099
three_regions,stationary_discounted,177,0.6833333333333333,0.6833333333333333,0.0,0.0,60,4320,60,0.00040550000000000004,0.000831259999999999,0.001
three_regions,stationary_discounted,178,0.6,0.6,0.0,0.0,60,4320,60,0.000396,0.0012907699999999992,0.001407
three_regions,stationary_discounted,179,0.6833333333333333,0.6833333333333333,0.0,0.0,60,4320,60,0.0003615,0.0007247599999999986,0.000982
three_regions,stationary_discounted,180,0.6666666666666666,0.6666666666666666,0.0,0.0,60,4320,60,0.00037,0.0014203,0.001438
three_regions,stationary_discounted,181,0.6333333333333333,0.6333333333333333,0.0,0.0,60,4320,60,0.00034449999999999997,0.0008216299999999981,0.001142
three_regions,stationary_discounted,182,0.6333333333333333,0.6333333333333333,0.0,0.0,60,4320,60,0.0003675,0.0008913099999999982,0.001181
three_regions,stationary_discounted,183,0.6333333333333333,0.6333333333333333,0.0,0.0,60,4320,60,0.00036649999999999996,0.0008705999999999977,0.00126
three_regions,stationary_discounted,184,0.55,0.55,0.0,0.0,60,4320,60,0.0003565,0.0008038699999999986,0.001044
three_regions,stationary_discounted,185,0.65,0.65,0.0,0.0,60,4320,60,0.0003675,0.0007733699999999985,0.001043
three_regions,stationary_discounted,186,0.7166666666666667,0.7166666666666667,0.0,0.0,60,4320,60,0.00035000000000000005,0.005300559999999964,0.011564
three_regions,stationary_discounted,187,0.5833333333333334,0.5833333333333334,0.0,0.0,60,4320,60,0.0003565,0.0007432099999999987,0.000968
three_regions,stationary_discounted,188,0.65,0.65,0.0,0.0,60,4320,60,0.0003485,0.0007692399999999987,0.000984
three_regions,stationary_discounted,189,0.6333333333333333,0.6333333333333333,0.0,0.0,60,4320,60,0.0003615,0.0007684499999999985,0.001031
three_regions,stationary_discounted,190,0.6333333333333333,0.6333333333333333,0.0,0.0,60,4320,60,0.000359,0.000677949999999999,0.000852
three_regions,stationary_discounted,191,0.5833333333333334,0.5833333333333334,0.0,0.0,60,4320,60,0.000365,0.0008043299999999989,0.000989
three_regions,stationary_discounted,192,0.7,0.7,0.0,0.0,60,4320,60,0.00035150000000000003,0.0008171999999999993,0.000947
three_regions,stationary_discounted,193,0.6833333333333333,0.6833333333333333,0.0,0.0,60,4320,60,0.000363,0.0007412799999999993,0.000864
three_regions,stationary_discounted,194,0.6833333333333333,0.6833333333333333,0.0,0.0,60,4320,60,0.00036950000000000004,0.0006872399999999987,0.000902
three_regions,stationary_discounted,195,0.65,0.65,0.0,0.0,60,4320,60,0.000366,0.0010719699999999991,0.0012
three_regions,stationary_discounted,196,0.6,0.6,0.0,0.0,60,4320,60,0.0003615,0.000793149999999999,0.000979
three_regions,stationary_discounted,197,0.6666666666666666,0.6666666666666666,0.0,0.0,60,4320,60,0.0007385,0.0009646599999999992,0.001098
three_regions,stationary_discounted,198,0.6666666666666666,0.6666666666666666,0.0,0.0,60,4320,60,0.0006565,0.0013138099999999982,0.001633
three_regions,stationary_discounted,199,0.5833333333333334,0.5833333333333334,0.0,0.0,60,4320,60,0.000699,0.0011768299999999985,0.00145
three_regions,stationary_discounted,200,0.6666666666666666,0.6666666666666666,0.0,0.0,60,4320,60,0.0006455,0.0010201299999999987,0.001252
three_regions,stationary_discounted,201,0.6833333333333333,0.6833333333333333,0.0,0.0,60,4320,60,0.000365,0.0013710499999999982,0.001669
three_regions,stationary_discounted,202,0.5833333333333334,0.5833333333333334,0.0,0.0,60,4320,60,0.000356,0.0008297299999999981,0.001156
three_regions,stationary_discounted,203,0.65,0.65,0.0,0.0,60,4320,60,0.00037200000000000004,0.0007408999999999991,0.000912
three_regions,stationary_discounted,204,0.5666666666666667,0.5666666666666667,0.0,0.0,60,4320,60,0.000365,0.0007383499999999988,0.000936
three_regions,stationary_discounted,205,0.6833333333333333,0.6833333333333333,0.0,0.0,60,4320,60,0.00035800000000000003,0.0010194799999999993,0.001154
three_regions,stationary_discounted,206,0.5833333333333334,0.5833333333333334,0.0,0.0,60,4320,60,0.0003495,0.0007616699999999987,0.00099
three_regions,stationary_discounted,207,0.6833333333333333,0.6833333333333333,0.0,0.0,60,4320,60,0.00035749999999999996,0.000738669999999999,0.000908
three_regions,stationary_discounted,208,0.7166666666666667,0.7166666666666667,0.0,0.0,60,4320,60,0.000371,0.0007503399999999991,0.000912
three_regions,stationary_discounted,209,0.7,0.7,0.0,0.0,60,4320,60,0.00036,0.000720589999999999,0.000897
three_regions,stationary_discounted,210,0.5333333333333333,0.5333333333333333,0.0,0.0,60,4320,60,0.0003645,0.0010204099999999994,0.001139
three_regions,stationary_discounted,211,0.5333333333333333,0.5333333333333333,0.0,0.0,60,4320,60,0.00036950000000000004,0.000979649999999997,0.00149
three_regions,stationary_discounted,212,0.6666666666666666,0.6666666666666666,0.0,0.0,60,4320,60,0.000366,0.0007492399999999991,0.000905
three_regions,stationary_discounted,213,0.6,0.6,0.0,0.0,60,4320,60,0.000382,0.0007522299999999989,0.000931
three_regions,stationary_discounted,214,0.6333333333333333,0.6333333333333333,0.0,0.0,60,4320,60,0.0003925,0.0007890299999999987,0.001015
three_regions,stationary_discounted,215,0.7333333333333333,0.7333333333333333,0.0,0.0,60,4320,60,0.00037,0.0007421499999999986,0.000987
three_regions,stationary_discounted,216,0.6333333333333333,0.6333333333333333,0.0,0.0,60,4320,60,0.00037850000000000004,0.0006911799999999989,0.000867
three_regions,stationary_discounted,217,0.65,0.65,0.0,0.0,60,4320,60,0.000369,0.004198739999999972,0.008927
three_regions,stationary_discounted,218,0.6166666666666667,0.6166666666666667,0.0,0.0,60,4320,60,0.000361,0.0008043999999999988,0.001005
three_regions,stationary_discounted,219,0.6333333333333333,0.6333333333333333,0.0,0.0,60,4320,60,0.0003525,0.0007292199999999992,0.000872
three_regions,stationary_discounted,220,0.6166666666666667,0.6166666666666667,0.0,0.0,60,4320,60,0.000362,0.000732259999999999,0.000901
three_regions,stationary_discounted,221,0.6666666666666666,0.6666666666666666,0.0,0.0,60,4320,60,0.000368,0.0007293799999999989,0.000917
three_regions,stationary_discounted,222,0.6666666666666666,0.6666666666666666,0.0,0.0,60,4320,60,0.000368,0.000722409999999999,0.0009
three_regions,stationary_discounted,223,0.6833333333333333,0.6833333333333333,0.0,0.0,60,4320,60,0.000354,0.000701179999999999,0.000877
three_regions,stationary_discounted,224,0.6666666666666666,0.6666666666666666,0.0,0.0,60,4320,60,0.0003635,0.0007710499999999989,0.000951
three_regions,stationary_discounted,225,0.6666666666666666,0.6666666666666666,0.0,0.0,60,4320,60,0.00037600000000000003,0.0008369399999999989,0.001034
three_regions,stationary_discounted,226,0.6166666666666667,0.6166666666666667,0.0,0.0,60,4320,60,0.000362,0.0009044399999999997,0.000954
three_regions,stationary_discounted,227,0.7333333333333333,0.7333333333333333,0.0,0.0,60,4320,60,0.0003675,0.0007331199999999989,0.000929
three_regions,stationary_discounted,228,0.5666666666666667,0.5666666666666667,0.0,0.0,60,4320,60,0.0006185,0.002143809999999992,0.003525
three_regions,stationary_discounted,229,0.65,0.65,0.0,0.0,60,4320,60,0.0006735,0.0013398499999999977,0.001744
three_regions,stationary_discounted,230,0.6166666666666667,0.6166666666666667,0.0,0.0,60,4320,60,0.000683,0.0010261799999999987,0.001261
three_regions,stationary_discounted,231,0.5333333333333333,0.5333333333333333,0.0,0.0,60,4320,60,0.000638,0.006577099999999959,0.013781
three_regions,stationary_discounted,232,0.6666666666666666,0.6666666666666666,0.0,0.0,60,4320,60,0.00036,0.0009824899999999973,0.001448
three_regions,stationary_discounted,233,0.7,0.7,0.0,0.0,60,4320,60,0.0003675,0.000737359999999999,0.000912
three_regions,stationary_discounted,234,0.6333333333333333,0.6333333333333333,0.0,0.0,60,4320,60,0.0003625,0.0006970399999999988,0.0009
three_regions,stationary_discounted,235,0.7166666666666667,0.7166666666666667,0.0,0.0,60,4320,60,0.0003675,0.0007230699999999989,0.000916
three_regions,stationary_discounted,236,0.6166666666666667,0.6166666666666667,0.0,0.0,60,4320,60,0.00035499999999999996,0.0007189699999999989,0.000906
three_regions,stationary_discounted,237,0.5833333333333334,0.5833333333333334,0.0,0.0,60,4320,60,0.000368,0.01680558999999987,0.038812
three_regions,stationary_discounted,238,0.65,0.65,0.0,0.0,60,4320,60,0.000673,0.0015679699999999973,0.00205
three_regions,stationary_discounted,239,0.5833333333333334,0.5833333333333334,0.0,0.0,60,4320,60,0.0006515,0.0016165499999999992,0.001767
three_regions,stationary_discounted,240,0.6333333333333333,0.6333333333333333,0.0,0.0,60,4320,60,0.000375,0.0007901999999999986,0.001038
three_regions,stationary_discounted,241,0.6666666666666666,0.6666666666666666,0.0,0.0,60,4320,60,0.000366,0.001008799999999999,0.001174
three_regions,stationary_discounted,242,0.6166666666666667,0.6166666666666667,0.0,0.0,60,4320,60,0.00036649999999999996,0.0008028699999999989,0.000984
three_regions,stationary_discounted,243,0.7166666666666667,0.7166666666666667,0.0,0.0,60,4320,60,0.000372,0.000853389999999999,0.001018
three_regions,stationary_discounted,244,0.6666666666666666,0.6666666666666666,0.0,0.0,60,4320,60,0.000365,0.0007468899999999992,0.000882
three_regions,stationary_discounted,245,0.6,0.6,0.0,0.0,60,4320,60,0.0003735,0.0007830699999999989,0.000976
three_regions,stationary_discounted,246,0.6833333333333333,0.6833333333333333,0.0,0.0,60,4320,60,0.000365,0.0007829199999999989,0.000967
three_regions,stationary_discounted,247,0.6666666666666666,0.6666666666666666,0.0,0.0,60,4320,60,0.00035400000000000004,0.0007940299999999983,0.001079
three_regions,stationary_discounted,248,0.7333333333333333,0.7333333333333333,0.0,0.0,60,4320,60,0.0003595,0.0007805199999999991,0.000941
three_regions,stationary_discounted,249,0.6666666666666666,0.6666666666666666,0.0,0.0,60,4320,60,0.0004,0.0009061599999999994,0.00101
three_regions,stationary_discounted,250,0.6166666666666667,0.6166666666666667,0.0,0.0,60,4320,60,0.00036,0.0007652399999999981,0.001098
three_regions,stationary_discounted,251,0.6166666666666667,0.6166666666666667,0.0,0.0,60,4320,60,0.00036700000000000003,0.0010411099999999966,0.001614
three_regions,stationary_discounted,252,0.65,0.65,0.0,0.0,60,4320,60,0.00037200000000000004,0.000771769999999999,0.000947
three_regions,stationary_discounted,253,0.6166666666666667,0.6166666666666667,0.0,0.0,60,4320,60,0.00036300000000000004,0.0007597799999999991,0.000912
three_regions,stationary_discounted,254,0.6333333333333333,0.6333333333333333,0.0,0.0,60,4320,60,0.000371,0.0008071099999999984,0.001085
three_regions,stationary_discounted,255,0.65,0.65,0.0,0.0,60,4320,60,0.0003725,0.001370589999999998,0.001724
three_regions,stationary_discounted,256,0.5833333333333334,0.5833333333333334,0.0,0.0,60,4320,60,0.0006935,0.0012040299999999983,0.001489
three_regions,stationary_discounted,257,0.6666666666666666,0.6666666666666666,0.0,0.0,60,4320,60,0.00037549999999999997,0.0013094799999999983,0.001621
three_regions,stationary_discounted,258,0.6,0.6,0.0,0.0,60,4320,60,0.0003565,0.0008491999999999979,0.001215
three_regions,stationary_discounted,259,0.6833333333333333,0.6833333333333333,0.0,0.0,60,4320,60,0.00036050000000000003,0.0007698399999999988,0.000961
three_regions,stationary_discounted,260,0.65,0.65,0.0,0.0,60,4320,60,0.000365,0.0007361299999999987,0.000968
three_regions,stationary_discounted,261,0.6833333333333333,0.6833333333333333,0.0,0.0,60,4320,60,0.0003795,0.0010625899999999987,0.001298
three_regions,stationary_discounted,262,0.5833333333333334,0.5833333333333334,0.0,0.0,60,4320,60,0.00036,0.0008067499999999984,0.001087
three_regions,stationary_discounted,263,0.6833333333333333,0.6833333333333333,0.0,0.0,60,4320,60,0.0003565,0.0007556799999999988,0.000961
three_regions,stationary_discounted,264,0.6333333333333333,0.6333333333333333,0.0,0.0,60,4320,60,0.000365,0.0007628799999999984,0.001039
three_regions,stationary_discounted,265,0.65,0.65,0.0,0.0,60,4320,60,0.0003625,0.000782979999999998,0.001124
three_regions,stationary_discounted,266,0.55,0.55,0.0,0.0,60,4320,60,0.00036300000000000004,0.0007271599999999987,0.000949
three_regions,stationary_discounted,267,0.65,0.65,0.0,0.0,60,4320,60,0.0003645,0.0007485399999999987,0.000981
three_regions,stationary_discounted,268,0.65,0.65,0.0,0.0,60,4320,60,0.000357,0.0008368899999999986,0.00109
three_regions,stationary_discounted,269,0.6666666666666666,0.6666666666666666,0.0,0.0,60,4320,60,0.0003635,0.0016208199999999942,0.002625
three_regions,stationary_discounted,270,0.5333333333333333,0.5333333333333333,0.0,0.0,60,4320,60,0.000415,0.0012861699999999982,0.001603
three_regions,stationary_discounted,271,0.6666666666666666,0.6666666666666666,0.0,0.0,60,4320,60,0.000665,0.0012770099999999981,0.001608
three_regions,stationary_discounted,272,0.65,0.65,0.0,0.0,60,4320,60,0.0006575,0.0011590799999999983,0.001447
three_regions,stationary_discounted,273,0.6166666666666667,0.6166666666666667,0.0,0.0,60,4320,60,0.0006805,0.001491139999999999,0.001641
three_regions,stationary_discounted,274,0.75,0.75,0.0,0.0,60,4320,60,0.0006685,0.001149149999999999,0.001335
three_regions,stationary_discounted,275,0.7,0.7,0.0,0.0,60,4320,60,0.0003685,0.0007901599999999983,0.001071
three_regions,stationary_discounted,276,0.6,0.6,0.0,0.0,60,4320,60,0.000364,0.0006797999999999987,0.000904
three_regions,stationary_discounted,277,0.6166666666666667,0.6166666666666667,0.0,0.0,60,4320,60,0.0003595,0.0008054299999999989,0.000996
three_regions,stationary_discounted,278,0.7166666666666667,0.7166666666666667,0.0,0.0,60,4320,60,0.000368,0.0008089099999999984,0.001075
three_regions,stationary_discounted,279,0.7333333333333333,0.7333333333333333,0.0,0.0,60,4320,60,0.0003555,0.0007580699999999985,0.00101
three_regions,stationary_discounted,280,0.6666666666666666,0.6666666666666666,0.0,0.0,60,4320,60,0.000368,0.0007159399999999989,0.000913
three_regions,stationary_discounted,281,0.6333333333333333,0.6333333333333333,0.0,0.0,60,4320,60,0.0003595,0.0010430099999999994,0.001138
three_regions,stationary_discounted,282,0.7,0.7,0.0,0.0,60,4320,60,0.0003795,0.0008196799999999988,0.001025
three_regions,stationary_discounted,283,0.6,0.6,0.0,0.0,60,4320,60,0.00036950000000000004,0.0007417599999999989,0.00094
three_regions,stationary_discounted,284,0.6333333333333333,0.6333333333333333,0.0,0.0,60,4320,60,0.0007329999999999999,0.0016663899999999974,0.002126
three_regions,stationary_discounted,285,0.6166666666666667,0.6166666666666667,0.0,0.0,60,4320,60,0.0007365,0.0014838099999999995,0.001567
three_regions,stationary_discounted,286,0.65,0.65,0.0,0.0,60,4320,60,0.000731,0.0012508799999999985,0.001527
three_regions,stationary_discounted,287,0.5666666666666667,0.5666666666666667,0.0,0.0,60,4320,60,0.0007405000000000001,0.0014091499999999973,0.00189
three_regions,stationary_discounted,288,0.6666666666666666,0.6666666666666666,0.0,0.0,60,4320,60,0.00036399999999999996,0.0008525699999999985,0.001134
three_regions,stationary_discounted,289,0.65,0.65,0.0,0.0,60,4320,60,0.000389,0.0007791799999999982,0.001073
three_regions,stationary_discounted,290,0.6166666666666667,0.6166666666666667,0.0,0.0,60,4320,60,0.000368,0.0014535299999999958,0.002181
three_regions,stationary_discounted,291,0.6666666666666666,0.6666666666666666,0.0,0.0,60,4320,60,0.000368,0.0008894499999999978,0.00127
three_regions,stationary_discounted,292,0.7166666666666667,0.7166666666666667,0.0,0.0,60,4320,60,0.0003685,0.0007310299999999986,0.000957
three_regions,stationary_discounted,293,0.65,0.65,0.0,0.0,60,4320,60,0.00036050000000000003,0.0007219399999999985,0.000978
three_regions,stationary_discounted,294,0.7166666666666667,0.7166666666666667,0.0,0.0,60,4320,60,0.00036950000000000004,0.0007988099999999989,0.001
three_regions,stationary_discounted,295,0.6,0.6,0.0,0.0,60,4320,60,0.000357,0.0007557699999999989,0.000931
three_regions,stationary_discounted,296,0.7333333333333333,0.7333333333333333,0.0,0.0,60,4320,60,0.0003555,0.0007565499999999992,0.000907
three_regions,stationary_discounted,297,0.7,0.7,0.0,0.0,60,4320,60,0.00065,0.0012811799999999968,0.001811
three_regions,stationary_discounted,298,0.7166666666666667,0.7166666666666667,0.0,0.0,60,4320,60,0.000641,0.00173038,0.001741
three_regions,stationary_discounted,299,0.6333333333333333,0.6333333333333333,0.0,0.0,60,4320,60,0.0006405,0.0013573699999999969,0.001922
three_regions,stationary_discounted,300,0.6833333333333333,0.6833333333333333,0.0,0.0,60,4320,60,0.000668,0.0014748899999999965,0.002082
three_regions,stationary_discounted,301,0.5833333333333334,0.5833333333333334,0.0,0.0,60,4320,60,0.000367,0.000832209999999998,0.001175
three_regions,stationary_discounted,302,0.6333333333333333,0.6333333333333333,0.0,0.0,60,4320,60,0.000626,0.0024305699999999904,0.00401
three_regions,stationary_discounted,303,0.6333333333333333,0.6333333333333333,0.0,0.0,60,4320,60,0.000639,0.0016068499999999963,0.002247
three_regions,stationary_discounted,304,0.6333333333333333,0.6333333333333333,0.0,0.0,60,4320,60,0.000676,0.0011556999999999987,0.001374
three_regions,stationary_discounted,305,0.55,0.55,0.0,0.0,60,4320,60,0.0006515,0.0015492799999999997,0.001613
three_regions,stationary_discounted,306,0.6666666666666666,0.6666666666666666,0.0,0.0,60,4320,60,0.000628,0.0016308799999999995,0.00173
three_regions,stationary_discounted,307,0.6333333333333333,0.6333333333333333,0.0,0.0,60,4320,60,0.0006765,0.0011633099999999983,0.001453
three_regions,stationary_discounted,308,0.7,0.7,0.0,0.0,60,4320,60,0.000675,0.0010961299999999983,0.001387
three_regions,stationary_discounted,309,0.6,0.6,0.0,0.0,60,4320,60,0.0006889999999999999,0.006998289999999954,0.014827
three_regions,stationary_discounted,310,0.7,0.7,0.0,0.0,60,4320,60,0.000671,0.0011976999999999977,0.001593
three_regions,stationary_discounted,311,0.6666666666666666,0.6666666666666666,0.0,0.0,60,4320,60,0.0006515,0.0011069899999999982,0.001425
three_regions,stationary_discounted,312,0.7,0.7,0.0,0.0,60,4320,60,0.0006245000000000001,0.0012120699999999978,0.001582
three_regions,stationary_discounted,313,0.65,0.65,0.0,0.0,60,4320,60,0.000651,0.001103809999999998,0.001423
three_regions,stationary_discounted,314,0.7666666666666667,0.7666666666666667,0.0,0.0,60,4320,60,0.0006125,0.001503609999999998,0.001811
three_regions,stationary_discounted,315,0.7333333333333333,0.7333333333333333,0.0,0.0,60,4320,60,0.0003655,0.0009452099999999984,0.001229
three_regions,stationary_discounted,316,0.6,0.6,0.0,0.0,60,4320,60,0.0003705,0.0008796899999999989,0.001062
three_regions,stationary_discounted,317,0.6666666666666666,0.6666666666666666,0.0,0.0,60,4320,60,0.0006315,0.0010282899999999988,0.001246
three_regions,stationary_discounted,318,0.6333333333333333,0.6333333333333333,0.0,0.0,60,4320,60,0.0006695,0.0013176299999999967,0.001874
three_regions,stationary_discounted,319,0.5666666666666667,0.5666666666666667,0.0,0.0,60,4320,60,0.000677,0.0011878099999999986,0.001448
three_regions,stationary_discounted,320,0.7166666666666667,0.7166666666666667,0.0,0.0,60,4320,60,0.0006815,0.001429119999999999,0.001566
three_regions,stationary_discounted,321,0.4666666666666667,0.4666666666666667,0.0,0.0,60,4320,60,0.000577,0.0010854099999999987,0.001322
three_regions,stationary_discounted,322,0.6166666666666667,0.6166666666666667,0.0,0.0,60,4320,60,0.0003745,0.0008527099999999985,0.001107
three_regions,stationary_discounted,323,0.5666666666666667,0.5666666666666667,0.0,0.0,60,4320,60,0.000362,0.0007960999999999986,0.001038
three_regions,stationary_discounted,324,0.55,0.55,0.0,0.0,60,4320,60,0.00036649999999999996,0.000752719999999999,0.000925
three_regions,stationary_discounted,325,0.55,0.55,0.0,0.0,60,4320,60,0.0003645,0.0006924699999999991,0.00085
three_regions,stationary_discounted,326,0.6333333333333333,0.6333333333333333,0.0,0.0,60,4320,60,0.0003675,0.004010059999999976,0.008179
three_regions,stationary_discounted,327,0.7333333333333333,0.7333333333333333,0.0,0.0,60,4320,60,0.00038250000000000003,0.0007434999999999987,0.00095
three_regions,stationary_discounted,328,0.65,0.65,0.0,0.0,60,4320,60,0.000364,0.0008616799999999981,0.001185
three_regions,stationary_discounted,329,0.7166666666666667,0.7166666666666667,0.0,0.0,60,4320,60,0.000365,0.0007379099999999984,0.001004
three_regions,stationary_discounted,330,0.5833333333333334,0.5833333333333334,0.0,0.0,60,4320,60,0.000361,0.0009139499999999977,0.001324
three_regions,stationary_discounted,331,0.6666666666666666,0.6666666666666666,0.0,0.0,60,4320,60,0.000673,0.0012939299999999978,0.001691
three_regions,stationary_discounted,332,0.6333333333333333,0.6333333333333333,0.0,0.0,60,4320,60,0.000667,0.001343769999999997,0.001873
three_regions,stationary_discounted,333,0.55,0.55,0.0,0.0,60,4320,60,0.0007275000000000001,0.0017206899999999995,0.001785
three_regions,stationary_discounted,334,0.6333333333333333,0.6333333333333333,0.0,0.0,60,4320,60,0.0007385,0.0012523399999999983,0.001532
three_regions,stationary_discounted,335,0.7,0.7,0.0,0.0,60,4320,60,0.000388,0.0017266599999999997,0.001801
three_regions,stationary_discounted,336,0.6666666666666666,0.6666666666666666,0.0,0.0,60,4320,60,0.00037850000000000004,0.0008809099999999981,0.001206
three_regions,stationary_discounted,337,0.7,0.7,0.0,0.0,60,4320,60,0.0003705,0.0007732599999999987,0.001001
three_regions,stationary_discounted,338,0.6,0.6,0.0,0.0,60,4320,60,0.000371,0.0006976799999999989,0.000903
three_regions,stationary_discounted,339,0.6333333333333333,0.6333333333333333,0.0,0.0,60,4320,60,0.0003645,0.0007328799999999988,0.00095
three_regions,stationary_discounted,340,0.6333333333333333,0.6333333333333333,0.0,0.0,60,4320,60,0.000362,0.000861769999999998,0.001214
three_regions,stationary_discounted,341,0.5833333333333334,0.5833333333333334,0.0,0.0,60,4320,60,0.0003635,0.0007227899999999989,0.000911
three_regions,stationary_discounted,342,0.6833333333333333,0.6833333333333333,0.0,0.0,60,4320,60,0.0003635,0.0007497599999999993,0.000889
three_regions,stationary_discounted,343,0.6833333333333333,0.6833333333333333,0.0,0.0,60,4320,60,0.000366,0.0008215699999999993,0.000926
three_regions,stationary_discounted,344,0.7166666666666667,0.7166666666666667,0.0,0.0,60,4320,60,0.00074,0.0012557399999999982,0.001559
three_regions,stationary_discounted,345,0.6166666666666667,0.6166666666666667,0.0,0.0,60,4320,60,0.0007045,0.001555109999999998,0.001892
three_regions,stationary_discounted,346,0.7333333333333333,0.7333333333333333,0.0,0.0,60,4320,60,0.0006625,0.0011458599999999985,0.001409
three_regions,stationary_discounted,347,0.7166666666666667,0.7166666666666667,0.0,0.0,60,4320,60,0.000663,0.001088009999999998,0.001419
three_regions,stationary_discounted,348,0.6166666666666667,0.6166666666666667,0.0,0.0,60,4320,60,0.0005965,0.0011924699999999978,0.001586
three_regions,stationary_discounted,349,0.6666666666666666,0.6666666666666666,0.0,0.0,60,4320,60,0.00066,0.0012432499999999983,0.001553
three_regions,stationary_discounted,350,0.6,0.6,0.0,0.0,60,4320,60,0.0006494999999999999,0.0015649999999999996,0.001624
three_regions,stationary_discounted,351,0.48333333333333334,0.48333333333333334,0.0,0.0,60,4320,60,0.000644,0.0010301599999999987,0.001252
three_regions,stationary_discounted,352,0.7,0.7,0.0,0.0,60,4320,60,0.000671,0.0011471199999999989,0.001343
three_regions,stationary_discounted,353,0.6666666666666666,0.6666666666666666,0.0,0.0,60,4320,60,0.000384,0.0011476799999999988,0.001353
three_regions,stationary_discounted,354,0.7333333333333333,0.7333333333333333,0.0,0.0,60,4320,60,0.0003745,0.0010981299999999966,0.001684
three_regions,stationary_discounted,355,0.7166666666666667,0.7166666666666667,0.0,0.0,60,4320,60,0.0004075,0.001007229999999998,0.001363
three_regions,stationary_discounted,356,0.7333333333333333,0.7333333333333333,0.0,0.0,60,4320,60,0.000644,0.0013868299999999965,0.002014
three_regions,stationary_discounted,357,0.6666666666666666,0.6666666666666666,0.0,0.0,60,4320,60,0.0006665,0.0011539199999999986,0.001397
three_regions,stationary_discounted,358,0.7166666666666667,0.7166666666666667,0.0,0.0,60,4320,60,0.000676,0.0011883399999999978,0.001586
three_regions,stationary_discounted,359,0.6,0.6,0.0,0.0,60,4320,60,0.000664,0.001189019999999999,0.001379
three_regions,stationary_discounted,360,0.7,0.7,0.0,0.0,60,4320,60,0.0006175,0.0011444699999999988,0.001361
three_regions,stationary_discounted,361,0.65,0.65,0.0,0.0,60,4320,60,0.000823,0.0030378699999999903,0.004753
three_regions,stationary_discounted,362,0.6333333333333333,0.6333333333333333,0.0,0.0,60,4320,60,0.0008735,0.0021718099999999997,0.002196
three_regions,stationary_discounted,363,0.65,0.65,0.0,0.0,60,4320,60,0.000858,0.002088679999999996,0.002766
three_regions,stationary_discounted,364,0.6166666666666667,0.6166666666666667,0.0,0.0,60,4320,60,0.0008355000000000001,0.0015585099999999973,0.002037
three_regions,stationary_discounted,365,0.5666666666666667,0.5666666666666667,0.0,0.0,60,4320,60,0.00083,0.001462349999999998,0.001837
three_regions,stationary_discounted,366,0.6333333333333333,0.6333333333333333,0.0,0.0,60,4320,60,0.0008495,0.0015420099999999975,0.001991
three_regions,stationary_discounted,367,0.7,0.7,0.0,0.0,60,4320,60,0.00084,0.001355949999999998,0.001707
three_regions,stationary_discounted,368,0.6166666666666667,0.6166666666666667,0.0,0.0,60,4320,60,0.000856,0.0014605299999999972,0.001952
three_regions,stationary_discounted,369,0.65,0.65,0.0,0.0,60,4320,60,0.0008675,0.0023252699999999956,0.00312
three_regions,stationary_discounted,370,0.6666666666666666,0.6666666666666666,0.0,0.0,60,4320,60,0.000608,0.010564639999999924,0.023429
three_regions,stationary_discounted,371,0.7166666666666667,0.7166666666666667,0.0,0.0,60,4320,60,0.0006709999999999999,0.0011931699999999977,0.001569
three_regions,stationary_discounted,372,0.7333333333333333,0.7333333333333333,0.0,0.0,60,4320,60,0.0006765,0.0011921799999999982,0.001486
three_regions,stationary_discounted,373,0.6333333333333333,0.6333333333333333,0.0,0.0,60,4320,60,0.000764,0.0011989999999999987,0.001435
three_regions,stationary_discounted,374,0.7,0.7,0.0,0.0,60,4320,60,0.00039349999999999997,0.001237719999999999,0.00141
three_regions,stationary_discounted,375,0.6166666666666667,0.6166666666666667,0.0,0.0,60,4320,60,0.000365,0.0007842099999999983,0.001068
three_regions,stationary_discounted,376,0.6666666666666666,0.6666666666666666,0.0,0.0,60,4320,60,0.0003685,0.0007980399999999988,0.001001
three_regions,stationary_discounted,377,0.6666666666666666,0.6666666666666666,0.0,0.0,60,4320,60,0.000374,0.0007689499999999987,0.001002
three_regions,stationary_discounted,378,0.6833333333333333,0.6833333333333333,0.0,0.0,60,4320,60,0.000362,0.0007446599999999989,0.000937
three_regions,stationary_discounted,379,0.5833333333333334,0.5833333333333334,0.0,0.0,60,4320,60,0.00037600000000000003,0.0008004099999999986,0.001037
three_regions,stationary_discounted,380,0.6,0.6,0.0,0.0,60,4320,60,0.0003815,0.000805019999999999,0.000995
three_regions,stationary_discounted,381,0.6666666666666666,0.6666666666666666,0.0,0.0,60,4320,60,0.0003795,0.0010929399999999988,0.00129
three_regions,stationary_discounted,382,0.6166666666666667,0.6166666666666667,0.0,0.0,60,4320,60,0.0003705,0.0011039099999999998,0.001134
three_regions,stationary_discounted,383,0.5333333333333333,0.5333333333333333,0.0,0.0,60,4320,60,0.000377,0.0011838899999999976,0.001614
three_regions,stationary_discounted,384,0.65,0.65,0.0,0.0,60,4320,60,0.000364,0.0007648399999999988,0.000956
three_regions,stationary_discounted,385,0.5666666666666667,0.5666666666666667,0.0,0.0,60,4320,60,0.0003595,0.0007675199999999988,0.000987
three_regions,stationary_discounted,386,0.7166666666666667,0.7166666666666667,0.0,0.0,60,4320,60,0.0003715,0.0007885499999999992,0.000939
three_regions,stationary_discounted,387,0.7,0.7,0.0,0.0,60,4320,60,0.000379,0.0007747699999999986,0.001009
three_regions,stationary_discounted,388,0.6666666666666666,0.6666666666666666,0.0,0.0,60,4320,60,0.0003775,0.0008769599999999978,0.001264
three_regions,stationary_discounted,389,0.6,0.6,0.0,0.0,60,4320,60,0.000375,0.0012157499999999974,0.001673
three_regions,stationary_discounted,390,0.7,0.7,0.0,0.0,60,4320,60,0.000375,0.0008372199999999989,0.001039
three_regions,stationary_discounted,391,0.6,0.6,0.0,0.0,60,4320,60,0.0003805,0.0007910299999999983,0.001076
three_regions,stationary_discounted,392,0.5666666666666667,0.5666666666666667,0.0,0.0,60,4320,60,0.000367,0.0008744099999999983,0.00117
three_regions,stationary_discounted,393,0.7,0.7,0.0,0.0,60,4320,60,0.0003775,0.0007737299999999988,0.000982
three_regions,stationary_discounted,394,0.6166666666666667,0.6166666666666667,0.0,0.0,60,4320,60,0.0003675,0.0008781999999999979,0.001244
three_regions,stationary_discounted,395,0.6,0.6,0.0,0.0,60,4320,60,0.000366,0.0008696699999999977,0.001275
three_regions,stationary_discounted,396,0.6833333333333333,0.6833333333333333,0.0,0.0,60,4320,60,0.000376,0.0012525899999999992,0.00137
three_regions,stationary_discounted,397,0.7166666666666667,0.7166666666666667,0.0,0.0,60,4320,60,0.000371,0.0007610199999999985,0.00101
three_regions,stationary_discounted,398,0.65,0.65,0.0,0.0,60,4320,60,0.000364,0.0007332499999999987,0.000984
three_regions,stationary_discounted,399,0.6666666666666666,0.6666666666666666,0.0,0.0,60,4320,60,0.000632,0.0011083799999999982,0.001414
three_regions,stationary_discounted,400,0.5,0.5,0.0,0.0,60,4320,60,0.0007285,0.0014810899999999974,0.001923
three_regions,stationary_discounted,401,0.5833333333333334,0.5833333333333334,0.0,0.0,60,4320,60,0.0006674999999999999,0.0013287299999999976,0.001773
three_regions,stationary_discounted,402,0.7166666666666667,0.7166666666666667,0.0,0.0,60,4320,60,0.000455,0.0024160899999999914,0.00392
three_regions,stationary_discounted,403,0.6666666666666666,0.6666666666666666,0.0,0.0,60,4320,60,0.0003775,0.001058809999999997,0.001555
three_regions,stationary_discounted,404,0.6,0.6,0.0,0.0,60,4320,60,0.0003645,0.0011068099999999995,0.00119
three_regions,stationary_discounted,405,0.6,0.6,0.0,0.0,60,4320,60,0.000368,0.0007495299999999989,0.000946
three_regions,stationary_discounted,406,0.5333333333333333,0.5333333333333333,0.0,0.0,60,4320,60,0.0003595,0.0007115299999999993,0.000849
three_regions,stationary_discounted,407,0.5666666666666667,0.5666666666666667,0.0,0.0,60,4320,60,0.000361,0.0007325199999999991,0.000893
three_regions,stationary_discounted,408,0.6166666666666667,0.6166666666666667,0.0,0.0,60,4320,60,0.00039999999999999996,0.02442133999999981,0.057446
three_regions,stationary_discounted,409,0.5666666666666667,0.5666666666666667,0.0,0.0,60,4320,60,0.0006255,0.002129659999999996,0.002853
three_regions,stationary_discounted,410,0.6166666666666667,0.6166666666666667,0.0,0.0,60,4320,60,0.000374,0.0010346299999999978,0.001414
three_regions,stationary_discounted,411,0.7333333333333333,0.7333333333333333,0.0,0.0,60,4320,60,0.000364,0.0007232799999999986,0.000964
three_regions,stationary_discounted,412,0.6166666666666667,0.6166666666666667,0.0,0.0,60,4320,60,0.000815,0.002298399999999995,0.003148
three_regions,stationary_discounted,413,0.5666666666666667,0.5666666666666667,0.0,0.0,60,4320,60,0.0008324999999999999,0.0013737799999999974,0.001821
three_regions,stationary_discounted,414,0.65,0.65,0.0,0.0,60,4320,60,0.0008064999999999999,0.0014999999999999979,0.001854
three_regions,stationary_discounted,415,0.5666666666666667,0.5666666666666667,0.0,0.0,60,4320,60,0.0003765,0.001122889999999997,0.001612
three_regions,stationary_discounted,416,0.6666666666666666,0.6666666666666666,0.0,0.0,60,4320,60,0.0003595,0.0007561399999999988,0.000965
three_regions,stationary_discounted,417,0.7,0.7,0.0,0.0,60,4320,60,0.0003545,0.0007542499999999988,0.000946
three_regions,stationary_discounted,418,0.55,0.55,0.0,0.0,60,4320,60,0.000364,0.000773509999999999,0.000957
three_regions,stationary_discounted,419,0.6666666666666666,0.6666666666666666,0.0,0.0,60,4320,60,0.0003565,0.0008171199999999985,0.001072
three_regions,stationary_discounted,420,0.7,0.7,0.0,0.0,60,4320,60,0.0003685,0.0007619199999999986,0.001005
three_regions,stationary_discounted,421,0.7333333333333333,0.7333333333333333,0.0,0.0,60,4320,60,0.000353,0.000758489999999999,0.000929
three_regions,stationary_discounted,422,0.5833333333333334,0.5833333333333334,0.0,0.0,60,4320,60,0.0003675,0.001059329999999999,0.001244
three_regions,stationary_discounted,423,0.6,0.6,0.0,0.0,60,4320,60,0.000364,0.0007565299999999985,0.001012
three_regions,stationary_discounted,424,0.6666666666666666,0.6666666666666666,0.0,0.0,60,4320,60,0.0003595,0.0013555699999999984,0.001637
three_regions,stationary_discounted,425,0.65,0.65,0.0,0.0,60,4320,60,0.00036050000000000003,0.0007872899999999988,0.001005
three_regions,stationary_discounted,426,0.6,0.6,0.0,0.0,60,4320,60,0.00036050000000000003,0.0007691099999999987,0.000988
three_regions,stationary_discounted,427,0.6833333333333333,0.6833333333333333,0.0,0.0,60,4320,60,0.0003615,0.000733259999999999,0.000902
three_regions,stationary_discounted,428,0.6166666666666667,0.6166666666666667,0.0,0.0,60,4320,60,0.0003645,0.0007785299999999988,0.000975
three_regions,stationary_discounted,429,0.6,0.6,0.0,0.0,60,4320,60,0.00038,0.000722429999999999,0.000913
three_regions,stationary_discounted,430,0.6,0.6,0.0,0.0,60,4320,60,0.00036,0.0009627199999999989,0.001135
three_regions,stationary_discounted,431,0.6166666666666667,0.6166666666666667,0.0,0.0,60,4320,60,0.0003705,0.000730199999999999,0.000919
three_regions,stationary_discounted,432,0.65,0.65,0.0,0.0,60,4320,60,0.0003735,0.0007367299999999991,0.000886
three_regions,stationary_discounted,433,0.6833333333333333,0.6833333333333333,0.0,0.0,60,4320,60,0.000366,0.0007371099999999992,0.000897
three_regions,stationary_discounted,434,0.6833333333333333,0.6833333333333333,0.0,0.0,60,4320,60,0.000374,0.0007746799999999987,0.00098
three_regions,stationary_discounted,435,0.65,0.65,0.0,0.0,60,4320,60,0.000363,0.0008190399999999984,0.001081
three_regions,stationary_discounted,436,0.65,0.65,0.0,0.0,60,4320,60,0.000357,0.0008330699999999985,0.001085
three_regions,stationary_discounted,437,0.6333333333333333,0.6333333333333333,0.0,0.0,60,4320,60,0.000365,0.0008052199999999985,0.001066
three_regions,stationary_discounted,438,0.6166666666666667,0.6166666666666667,0.0,0.0,60,4320,60,0.000371,0.0006915599999999989,0.000878
three_regions,stationary_discounted,439,0.7666666666666667,0.7666666666666667,0.0,0.0,60,4320,60,0.0003585,0.0007936699999999987,0.001022
three_regions,stationary_discounted,440,0.5833333333333334,0.5833333333333334,0.0,0.0,60,4320,60,0.0003685,0.0007166099999999993,0.000847
three_regions,stationary_discounted,441,0.7166666666666667,0.7166666666666667,0.0,0.0,60,4320,60,0.000369,0.0011844399999999975,0.001588
three_regions,stationary_discounted,442,0.5666666666666667,0.5666666666666667,0.0,0.0,60,4320,60,0.000374,0.0008073199999999987,0.001015
three_regions,stationary_discounted,443,0.55,0.55,0.0,0.0,60,4320,60,0.000372,0.000704949999999999,0.000879
three_regions,stationary_discounted,444,0.7,0.7,0.0,0.0,60,4320,60,0.000366,0.000680879999999999,0.000839
three_regions,stationary_discounted,445,0.7166666666666667,0.7166666666666667,0.0,0.0,60,4320,60,0.00035499999999999996,0.0007204999999999988,0.000927
three_regions,stationary_discounted,446,0.7,0.7,0.0,0.0,60,4320,60,0.0003565,0.0007802199999999989,0.000982
three_regions,stationary_discounted,447,0.65,0.65,0.0,0.0,60,4320,60,0.000353,0.0007373499999999992,0.000876
three_regions,stationary_discounted,448,0.5833333333333334,0.5833333333333334,0.0,0.0,60,4320,60,0.0003655,0.000709559999999999,0.000896
three_regions,stationary_discounted,449,0.5833333333333334,0.5833333333333334,0.0,0.0,60,4320,60,0.000365,0.0007477499999999987,0.000969
three_regions,stationary_discounted,450,0.6833333333333333,0.6833333333333333,0.0,0.0,60,4320,60,0.0003625,0.000693949999999999,0.000868
three_regions,stationary_discounted,451,0.6333333333333333,0.6333333333333333,0.0,0.0,60,4320,60,0.000366,0.0007594699999999994,0.000858
three_regions,stationary_discounted,452,0.6833333333333333,0.6833333333333333,0.0,0.0,60,4320,60,0.000362,0.0006882899999999987,0.000906
three_regions,stationary_discounted,453,0.5833333333333334,0.5833333333333334,0.0,0.0,60,4320,60,0.000364,0.000735639999999999,0.000915
three_regions,stationary_discounted,454,0.5333333333333333,0.5333333333333333,0.0,0.0,60,4320,60,0.000366,0.0011666999999999997,0.001208
three_regions,stationary_discounted,455,0.5666666666666667,0.5666666666666667,0.0,0.0,60,4320,60,0.00035800000000000003,0.0007430799999999986,0.000972
three_regions,stationary_discounted,456,0.6166666666666667,0.6166666666666667,0.0,0.0,60,4320,60,0.0003615,0.000720079999999999,0.00089
three_regions,stationary_discounted,457,0.65,0.65,0.0,0.0,60,4320,60,0.0003715,0.0012787399999999987,0.001523
three_regions,stationary_discounted,458,0.5833333333333334,0.5833333333333334,0.0,0.0,60,4320,60,0.000357,0.0008132599999999987,0.001041
three_regions,stationary_discounted,459,0.6,0.6,0.0,0.0,60,4320,60,0.0003555,0.000705639999999999,0.000885
three_regions,stationary_discounted,460,0.6666666666666666,0.6666666666666666,0.0,0.0,60,4320,60,0.00035749999999999996,0.0007123499999999989,0.00091
three_regions,stationary_discounted,461,0.7333333333333333,0.7333333333333333,0.0,0.0,60,4320,60,0.0003625,0.0007418299999999991,0.000897
three_regions,stationary_discounted,462,0.65,0.65,0.0,0.0,60,4320,60,0.000371,0.0007456799999999988,0.000951
three_regions,stationary_discounted,463,0.5166666666666667,0.5166666666666667,0.0,0.0,60,4320,60,0.0003685,0.0008244299999999989,0.001015
three_regions,stationary_discounted,464,0.7166666666666667,0.7166666666666667,0.0,0.0,60,4320,60,0.0003955,0.0007825099999999993,0.000907
three_regions,stationary_discounted,465,0.6,0.6,0.0,0.0,60,4320,60,0.0003745,0.0010363499999999993,0.001175
three_regions,stationary_discounted,466,0.6833333333333333,0.6833333333333333,0.0,0.0,60,4320,60,0.000397,0.0008087399999999985,0.001053
three_regions,stationary_discounted,467,0.6333333333333333,0.6333333333333333,0.0,0.0,60,4320,60,0.0003545,0.0007391499999999983,0.001043
three_regions,stationary_discounted,468,0.55,0.55,0.0,0.0,60,4320,60,0.000362,0.0007116799999999988,0.000917
three_regions,stationary_discounted,469,0.6166666666666667,0.6166666666666667,0.0,0.0,60,4320,60,0.00036649999999999996,0.0007528099999999992,0.000895
three_regions,stationary_discounted,470,0.7,0.7,0.0,0.0,60,4320,60,0.0007665,0.011569609999999916,0.026155
three_regions,stationary_discounted,471,0.6666666666666666,0.6666666666666666,0.0,0.0,60,4320,60,0.00037299999999999996,0.0009193299999999986,0.001163
three_regions,stationary_discounted,472,0.65,0.65,0.0,0.0,60,4320,60,0.000407,0.0008472199999999986,0.001108
three_regions,stationary_discounted,473,0.55,0.55,0.0,0.0,60,4320,60,0.000381,0.0011932699999999978,0.001575
three_regions,stationary_discounted,474,0.6833333333333333,0.6833333333333333,0.0,0.0,60,4320,60,0.00036399999999999996,0.0007798399999999986,0.00103
three_regions,stationary_discounted,475,0.6833333333333333,0.6833333333333333,0.0,0.0,60,4320,60,0.00037549999999999997,0.0007280899999999988,0.000934
three_regions,stationary_discounted,476,0.65,0.65,0.0,0.0,60,4320,60,0.00036649999999999996,0.0016390599999999938,0.002681
three_regions,stationary_discounted,477,0.6166666666666667,0.6166666666666667,0.0,0.0,60,4320,60,0.0003705,0.0008115799999999985,0.00107
three_regions,stationary_discounted,478,0.6666666666666666,0.6666666666666666,0.0,0.0,60,4320,60,0.0003545,0.0007640699999999989,0.000957
three_regions,stationary_discounted,479,0.6666666666666666,0.6666666666666666,0.0,0.0,60,4320,60,0.000362,0.0006946599999999989,0.000887
three_regions,stationary_discounted,480,0.48333333333333334,0.48333333333333334,0.0,0.0,60,4320,60,0.000357,0.0007452099999999988,0.00097
three_regions,stationary_discounted,481,0.7,0.7,0.0,0.0,60,4320,60,0.00036050000000000003,0.0007688299999999988,0.000983
three_regions,stationary_discounted,482,0.5666666666666667,0.5666666666666667,0.0,0.0,60,4320,60,0.000363,0.0007857399999999993,0.000912
three_regions,stationary_discounted,483,0.6666666666666666,0.6666666666666666,0.0,0.0,60,4320,60,0.000364,0.0008892599999999976,0.001294
three_regions,stationary_discounted,484,0.6,0.6,0.0,0.0,60,4320,60,0.0003545,0.0008167899999999989,0.001005
three_regions,stationary_discounted,485,0.6833333333333333,0.6833333333333333,0.0,0.0,60,4320,60,0.0003625,0.0007225699999999994,0.000827
three_regions,stationary_discounted,486,0.6166666666666667,0.6166666666666667,0.0,0.0,60,4320,60,0.0003585,0.0006936999999999987,0.000912
three_regions,stationary_discounted,487,0.5666666666666667,0.5666666666666667,0.0,0.0,60,4320,60,0.0003625,0.0007434099999999994,0.000862
three_regions,stationary_discounted,488,0.7,0.7,0.0,0.0,60,4320,60,0.000356,0.0007093599999999986,0.000943
three_regions,stationary_discounted,489,0.55,0.55,0.0,0.0,60,4320,60,0.000352,0.0007133599999999986,0.000947
three_regions,stationary_discounted,490,0.6166666666666667,0.6166666666666667,0.0,0.0,60,4320,60,0.0003595,0.0011855699999999997,0.001231
three_regions,stationary_discounted,491,0.55,0.55,0.0,0.0,60,4320,60,0.00035749999999999996,0.0007563999999999984,0.001016
three_regions,stationary_discounted,492,0.6333333333333333,0.6333333333333333,0.0,0.0,60,4320,60,0.0003495,0.000749489999999999,0.00092
three_regions,stationary_discounted,493,0.7,0.7,0.0,0.0,60,4320,60,0.000347,0.0007842299999999989,0.000963
three_regions,stationary_discounted,494,0.7,0.7,0.0,0.0,60,4320,60,0.0003615,0.0007632999999999989,0.000958
three_regions,stationary_discounted,495,0.6333333333333333,0.6333333333333333,0.0,0.0,60,4320,60,0.00035999999999999997,0.0008374499999999988,0.001041
three_regions,stationary_discounted,496,0.65,0.65,0.0,0.0,60,4320,60,0.0003485,0.0007798899999999983,0.001092
three_regions,stationary_discounted,497,0.6,0.6,0.0,0.0,60,4320,60,0.0003505,0.0006962899999999987,0.000914
three_regions,stationary_discounted,498,0.6,0.6,0.0,0.0,60,4320,60,0.000362,0.0007466999999999988,0.000965
three_regions,stationary_discounted,499,0.5833333333333334,0.5833333333333334,0.0,0.0,60,4320,60,0.0003635,0.0008380799999999986,0.001067
impossible,stationary_discounted,0,0.0,0.0,0.0,0.0,0,0,60,0.0004215,0.0012616799999999964,0.00188
impossible,stationary_discounted,1,0.0,0.0,0.0,0.0,0,0,60,0.000338,0.0008502199999999981,0.00117
impossible,stationary_discounted,2,0.0,0.0,0.0,0.0,0,0,60,0.00034250000000000003,0.0006780199999999986,0.000927
impossible,stationary_discounted,3,0.0,0.0,0.0,0.0,0,0,60,0.000335,0.0007449399999999988,0.000942
impossible,stationary_discounted,4,0.0,0.0,0.0,0.0,0,0,60,0.0003375,0.0007536799999999992,0.0009
impossible,stationary_discounted,5,0.0,0.0,0.0,0.0,0,0,60,0.000342,0.000663489999999999,0.000834
impossible,stationary_discounted,6,0.0,0.0,0.0,0.0,0,0,60,0.000342,0.008895119999999937,0.019829
impossible,stationary_discounted,7,0.0,0.0,0.0,0.0,0,0,60,0.000339,0.0007392499999999979,0.001108
impossible,stationary_discounted,8,0.0,0.0,0.0,0.0,0,0,60,0.0003345,0.0006533699999999987,0.000864
impossible,stationary_discounted,9,0.0,0.0,0.0,0.0,0,0,60,0.000336,0.0006671999999999989,0.000856
impossible,stationary_discounted,10,0.0,0.0,0.0,0.0,0,0,60,0.000342,0.0006280399999999989,0.000831
impossible,stationary_discounted,11,0.0,0.0,0.0,0.0,0,0,60,0.000334,0.0006636899999999989,0.000846
impossible,stationary_discounted,12,0.0,0.0,0.0,0.0,0,0,60,0.0003375,0.0006968999999999987,0.000927
impossible,stationary_discounted,13,0.0,0.0,0.0,0.0,0,0,60,0.000329,0.0006796699999999991,0.000849
impossible,stationary_discounted,14,0.0,0.0,0.0,0.0,0,0,60,0.00034100000000000005,0.0006644799999999992,0.000799
impossible,stationary_discounted,15,0.0,0.0,0.0,0.0,0,0,60,0.00035,0.0010068099999999988,0.001208
impossible,stationary_discounted,16,0.0,0.0,0.0,0.0,0,0,60,0.0003455,0.0006970499999999986,0.000936
impossible,stationary_discounted,17,0.0,0.0,0.0,0.0,0,0,60,0.00033299999999999996,0.0006867599999999989,0.000885
impossible,stationary_discounted,18,0.0,0.0,0.0,0.0,0,0,60,0.000334,0.0006612999999999989,0.000856
impossible,stationary_discounted,19,0.0,0.0,0.0,0.0,0,0,60,0.000336,0.0006531099999999991,0.000813
impossible,stationary_discounted,20,0.0,0.0,0.0,0.0,0,0,60,0.0003455,0.0007359999999999983,0.001031
impossible,stationary_discounted,21,0.0,0.0,0.0,0.0,0,0,60,0.0003465,0.000653689999999999,0.000836
impossible,stationary_discounted,22,0.0,0.0,0.0,0.0,0,0,60,0.00034,0.0006503499999999992,0.000789
impossible,stationary_discounted,23,0.0,0.0,0.0,0.0,0,0,60,0.000331,0.0006250199999999992,0.000756
impossible,stationary_discounted,24,0.0,0.0,0.0,0.0,0,0,60,0.0003505,0.0006478899999999988,0.000842
impossible,stationary_discounted,25,0.0,0.0,0.0,0.0,0,0,60,0.00035,0.0013289399999999992,0.001467
impossible,stationary_discounted,26,0.0,0.0,0.0,0.0,0,0,60,0.00033549999999999997,0.0007708799999999991,0.000929
impossible,stationary_discounted,27,0.0,0.0,0.0,0.0,0,0,60,0.00034449999999999997,0.0007903399999999983,0.00107
impossible,stationary_discounted,28,0.0,0.0,0.0,0.0,0,0,60,0.000411,0.0008871599999999987,0.001109
impossible,stationary_discounted,29,0.0,0.0,0.0,0.0,0,0,60,0.00034750000000000004,0.0007390699999999989,0.000932
impossible,stationary_discounted,30,0.0,0.0,0.0,0.0,0,0,60,0.000342,0.0006800699999999989,0.000873
impossible,stationary_discounted,31,0.0,0.0,0.0,0.0,0,0,60,0.000334,0.000663029999999999,0.00083
impossible,stationary_discounted,32,0.0,0.0,0.0,0.0,0,0,60,0.000333,0.0006714699999999988,0.000888
impossible,stationary_discounted,33,0.0,0.0,0.0,0.0,0,0,60,0.00036050000000000003,0.000702849999999999,0.000871
impossible,stationary_discounted,34,0.0,0.0,0.0,0.0,0,0,60,0.000362,0.0037601099999999762,0.007873
impossible,stationary_discounted,35,0.0,0.0,0.0,0.0,0,0,60,0.0003485,0.0006892999999999989,0.000884
impossible,stationary_discounted,36,0.0,0.0,0.0,0.0,0,0,60,0.000336,0.0006955599999999989,0.000882
impossible,stationary_discounted,37,0.0,0.0,0.0,0.0,0,0,60,0.0005905,0.0011886699999999993,0.001299
impossible,stationary_discounted,38,0.0,0.0,0.0,0.0,0,0,60,0.0006315,0.0011326399999999977,0.001548
impossible,stationary_discounted,39,0.0,0.0,0.0,0.0,0,0,60,0.000342,0.0006765999999999988,0.000889
impossible,stationary_discounted,40,0.0,0.0,0.0,0.0,0,0,60,0.0003595,0.000699519999999999,0.00086
impossible,stationary_discounted,41,0.0,0.0,0.0,0.0,0,0,60,0.00034449999999999997,0.0006795299999999992,0.000817
impossible,stationary_discounted,42,0.0,0.0,0.0,0.0,0,0,60,0.0003375,0.000693899999999999,0.000865
impossible,stationary_discounted,43,0.0,0.0,0.0,0.0,0,0,60,0.000347,0.0012356899999999976,0.001654
impossible,stationary_discounted,44,0.0,0.0,0.0,0.0,0,0,60,0.0003345,0.0007064499999999988,0.00091
impossible,stationary_discounted,45,0.0,0.0,0.0,0.0,0,0,60,0.0003285,0.0006729599999999988,0.000883
impossible,stationary_discounted,46,0.0,0.0,0.0,0.0,0,0,60,0.000332,0.0007017399999999992,0.000828
impossible,stationary_discounted,47,0.0,0.0,0.0,0.0,0,0,60,0.00033549999999999997,0.0006895799999999992,0.00083
impossible,stationary_discounted,48,0.0,0.0,0.0,0.0,0,0,60,0.00033549999999999997,0.0007577099999999986,0.001012
impossible,stationary_discounted,49,0.0,0.0,0.0,0.0,0,0,60,0.0003345,0.0006472899999999992,0.000806
impossible,stationary_discounted,50,0.0,0.0,0.0,0.0,0,0,60,0.0003325,0.0006227099999999992,0.000759
impossible,stationary_discounted,51,0.0,0.0,0.0,0.0,0,0,60,0.000345,0.0007189599999999991,0.00087
impossible,stationary_discounted,52,0.0,0.0,0.0,0.0,0,0,60,0.00034599999999999995,0.0009589899999999992,0.0011
impossible,stationary_discounted,53,0.0,0.0,0.0,0.0,0,0,60,0.000343,0.0009378599999999991,0.001083
impossible,stationary_discounted,54,0.0,0.0,0.0,0.0,0,0,60,0.00034,0.0008334399999999977,0.001237
impossible,stationary_discounted,55,0.0,0.0,0.0,0.0,0,0,60,0.000334,0.000629719999999999,0.000802
impossible,stationary_discounted,56,0.0,0.0,0.0,0.0,0,0,60,0.000332,0.0006494799999999989,0.000843
impossible,stationary_discounted,57,0.0,0.0,0.0,0.0,0,0,60,0.0003215,0.000711839999999999,0.000903
impossible,stationary_discounted,58,0.0,0.0,0.0,0.0,0,0,60,0.0003315,0.000659439999999999,0.000827
impossible,stationary_discounted,59,0.0,0.0,0.0,0.0,0,0,60,0.000354,0.0006593799999999989,0.000847
impossible,stationary_discounted,60,0.0,0.0,0.0,0.0,0,0,60,0.000347,0.0007957299999999981,0.001122
impossible,stationary_discounted,61,0.0,0.0,0.0,0.0,0,0,60,0.00034,0.0007030899999999991,0.00085
impossible,stationary_discounted,62,0.0,0.0,0.0,0.0,0,0,60,0.000355,0.001202769999999999,0.001378
impossible,stationary_discounted,63,0.0,0.0,0.0,0.0,0,0,60,0.000359,0.0007167899999999986,0.000964
impossible,stationary_discounted,64,0.0,0.0,0.0,0.0,0,0,60,0.0003455,0.0008260999999999996,0.000891
impossible,stationary_discounted,65,0.0,0.0,0.0,0.0,0,0,60,0.0003405,0.0007059899999999989,0.000906
impossible,stationary_discounted,66,0.0,0.0,0.0,0.0,0,0,60,0.000353,0.0007205999999999991,0.000874
impossible,stationary_discounted,67,0.0,0.0,0.0,0.0,0,0,60,0.000336,0.000707149999999999,0.000893
impossible,stationary_discounted,68,0.0,0.0,0.0,0.0,0,0,60,0.000345,0.0007253499999999988,0.000923
impossible,stationary_discounted,69,0.0,0.0,0.0,0.0,0,0,60,0.00036,0.0006950899999999991,0.000842
impossible,stationary_discounted,70,0.0,0.0,0.0,0.0,0,0,60,0.0003585,0.004584989999999969,0.009859
impossible,stationary_discounted,71,0.0,0.0,0.0,0.0,0,0,60,0.00033549999999999997,0.0006897999999999987,0.000914
impossible,stationary_discounted,72,0.0,0.0,0.0,0.0,0,0,60,0.000346,0.0006848799999999987,0.000902
impossible,stationary_discounted,73,0.0,0.0,0.0,0.0,0,0,60,0.000335,0.0006621699999999988,0.000861
impossible,stationary_discounted,74,0.0,0.0,0.0,0.0,0,0,60,0.000347,0.0007191199999999989,0.000915
impossible,stationary_discounted,75,0.0,0.0,0.0,0.0,0,0,60,0.000329,0.0006720699999999989,0.000865
impossible,stationary_discounted,76,0.0,0.0,0.0,0.0,0,0,60,0.0003385,0.0006626899999999993,0.000786
impossible,stationary_discounted,77,0.0,0.0,0.0,0.0,0,0,60,0.00034,0.0006872799999999989,0.000869
impossible,stationary_discounted,78,0.0,0.0,0.0,0.0,0,0,60,0.000339,0.0006727499999999988,0.000894
impossible,stationary_discounted,79,0.0,0.0,0.0,0.0,0,0,60,0.0003595,0.0007096099999999989,0.000899
impossible,stationary_discounted,80,0.0,0.0,0.0,0.0,0,0,60,0.000353,0.0007967599999999985,0.001054
impossible,stationary_discounted,81,0.0,0.0,0.0,0.0,0,0,60,0.00035,0.0010060099999999988,0.001219
impossible,stationary_discounted,82,0.0,0.0,0.0,0.0,0,0,60,0.000347,0.0007264199999999987,0.00094
impossible,stationary_discounted,83,0.0,0.0,0.0,0.0,0,0,60,0.000358,0.0006628899999999989,0.000857
impossible,stationary_discounted,84,0.0,0.0,0.0,0.0,0,0,60,0.00035150000000000003,0.0006709099999999987,0.000878
impossible,stationary_discounted,85,0.0,0.0,0.0,0.0,0,0,60,0.0003435,0.0007231599999999991,0.000886
impossible,stationary_discounted,86,0.0,0.0,0.0,0.0,0,0,60,0.000342,0.0006274099999999986,0.000864
impossible,stationary_discounted,87,0.0,0.0,0.0,0.0,0,0,60,0.0006945,0.0027087099999999887,0.004674
impossible,stationary_discounted,88,0.0,0.0,0.0,0.0,0,0,60,0.0003645,0.0007594399999999986,0.000986
impossible,stationary_discounted,89,0.0,0.0,0.0,0.0,0,0,60,0.000351,0.005618879999999961,0.012326
impossible,stationary_discounted,90,0.0,0.0,0.0,0.0,0,0,60,0.000344,0.000692589999999999,0.000869
impossible,stationary_discounted,91,0.0,0.0,0.0,0.0,0,0,60,0.000456,0.0008717499999999994,0.000975
impossible,stationary_discounted,92,0.0,0.0,0.0,0.0,0,0,60,0.0003385,0.000641459999999999,0.000822
impossible,stationary_discounted,93,0.0,0.0,0.0,0.0,0,0,60,0.00034,0.0006507499999999988,0.000872
impossible,stationary_discounted,94,0.0,0.0,0.0,0.0,0,0,60,0.000345,0.0006570199999999988,0.000847
impossible,stationary_discounted,95,0.0,0.0,0.0,0.0,0,0,60,0.000331,0.000696439999999999,0.000864
impossible,stationary_discounted,96,0.0,0.0,0.0,0.0,0,0,60,0.0003465,0.0007146899999999986,0.000956
impossible,stationary_discounted,97,0.0,0.0,0.0,0.0,0,0,60,0.0003485,0.0007351399999999988,0.000944
impossible,stationary_discounted,98,0.0,0.0,0.0,0.0,0,0,60,0.000337,0.0008114399999999998,0.000861
impossible,stationary_discounted,99,0.0,0.0,0.0,0.0,0,0,60,0.00033949999999999996,0.0006822399999999988,0.000897
impossible,stationary_discounted,100,0.0,0.0,0.0,0.0,0,0,60,0.000345,0.0006752399999999987,0.00089
impossible,stationary_discounted,101,0.0,0.0,0.0,0.0,0,0,60,0.000348,0.0007001699999999989,0.000899
impossible,stationary_discounted,102,0.0,0.0,0.0,0.0,0,0,60,0.0003475,0.0007349199999999993,0.00086
impossible,stationary_discounted,103,0.0,0.0,0.0,0.0,0,0,60,0.000349,0.0006733499999999992,0.000812
impossible,stationary_discounted,104,0.0,0.0,0.0,0.0,0,0,60,0.000346,0.0006682899999999991,0.000827
impossible,stationary_discounted,105,0.0,0.0,0.0,0.0,0,0,60,0.00035,0.0008299599999999984,0.001099
impossible,stationary_discounted,106,0.0,0.0,0.0,0.0,0,0,60,0.00035499999999999996,0.0010283799999999993,0.001157
impossible,stationary_discounted,107,0.0,0.0,0.0,0.0,0,0,60,0.0003345,0.000694359999999999,0.000869
impossible,stationary_discounted,108,0.0,0.0,0.0,0.0,0,0,60,0.000348,0.0006745099999999993,0.000799
impossible,stationary_discounted,109,0.0,0.0,0.0,0.0,0,0,60,0.0005835,0.012869359999999915,0.027263
impossible,stationary_discounted,110,0.0,0.0,0.0,0.0,0,0,60,0.000578,0.0013850699999999974,0.001873
impossible,stationary_discounted,111,0.0,0.0,0.0,0.0,0,0,60,0.000579,0.0009710999999999986,0.001213
impossible,stationary_discounted,112,0.0,0.0,0.0,0.0,0,0,60,0.000582,0.0009165799999999989,0.001116
impossible,stationary_discounted,113,0.0,0.0,0.0,0.0,0,0,60,0.0005740000000000001,0.0009391799999999987,0.001174
impossible,stationary_discounted,114,0.0,0.0,0.0,0.0,0,0,60,0.000582,0.0012028499999999973,0.001666
impossible,stationary_discounted,115,0.0,0.0,0.0,0.0,0,0,60,0.000337,0.0006898299999999987,0.000904
impossible,stationary_discounted,116,0.0,0.0,0.0,0.0,0,0,60,0.000341,0.0006743999999999988,0.000875
impossible,stationary_discounted,117,0.0,0.0,0.0,0.0,0,0,60,0.00034,0.003598939999999977,0.007513
impossible,stationary_discounted,118,0.0,0.0,0.0,0.0,0,0,60,0.00033549999999999997,0.0007813599999999983,0.001074
impossible,stationary_discounted,119,0.0,0.0,0.0,0.0,0,0,60,0.00035,0.0008561399999999981,0.001183
impossible,stationary_discounted,120,0.0,0.0,0.0,0.0,0,0,60,0.000342,0.0007407899999999992,0.00087
impossible,stationary_discounted,121,0.0,0.0,0.0,0.0,0,0,60,0.000349,0.000846149999999998,0.001209
impossible,stationary_discounted,122,0.0,0.0,0.0,0.0,0,0,60,0.00034,0.000795979999999998,0.001137
impossible,stationary_discounted,123,0.0,0.0,0.0,0.0,0,0,60,0.00034199999999999996,0.0008359299999999984,0.001115
impossible,stationary_discounted,124,0.0,0.0,0.0,0.0,0,0,60,0.00033350000000000003,0.0007214599999999986,0.000961
impossible,stationary_discounted,125,0.0,0.0,0.0,0.0,0,0,60,0.000339,0.0007091999999999989,0.000898
impossible,stationary_discounted,126,0.0,0.0,0.0,0.0,0,0,60,0.0003375,0.0007063099999999987,0.000937
impossible,stationary_discounted,127,0.0,0.0,0.0,0.0,0,0,60,0.000345,0.0006552899999999987,0.000873
impossible,stationary_discounted,128,0.0,0.0,0.0,0.0,0,0,60,0.000347,0.0006868699999999986,0.000927
impossible,stationary_discounted,129,0.0,0.0,0.0,0.0,0,0,60,0.000347,0.0009639999999999976,0.001377
impossible,stationary_discounted,130,0.0,0.0,0.0,0.0,0,0,60,0.0003525,0.0010909399999999968,0.001642
impossible,stationary_discounted,131,0.0,0.0,0.0,0.0,0,0,60,0.0003415,0.0008570299999999973,0.001319
impossible,stationary_discounted,132,0.0,0.0,0.0,0.0,0,0,60,0.0003325,0.0008038499999999981,0.001149
impossible,stationary_discounted,133,0.0,0.0,0.0,0.0,0,0,60,0.0003315,0.0007010399999999985,0.000963
impossible,stationary_discounted,134,0.0,0.0,0.0,0.0,0,0,60,0.000332,0.0007542999999999982,0.001067
impossible,stationary_discounted,135,0.0,0.0,0.0,0.0,0,0,60,0.00033850000000000004,0.0008228099999999978,0.001201
impossible,stationary_discounted,136,0.0,0.0,0.0,0.0,0,0,60,0.000323,0.0006772199999999989,0.000879
impossible,stationary_discounted,137,0.0,0.0,0.0,0.0,0,0,60,0.0003305,0.0006357799999999988,0.000847
impossible,stationary_discounted,138,0.0,0.0,0.0,0.0,0,0,60,0.00034599999999999995,0.0007640499999999983,0.001062
impossible,stationary_discounted,139,0.0,0.0,0.0,0.0,0,0,60,0.000349,0.0007026099999999989,0.000892
impossible,stationary_discounted,140,0.0,0.0,0.0,0.0,0,0,60,0.000338,0.0007670499999999983,0.001065
impossible,stationary_discounted,141,0.0,0.0,0.0,0.0,0,0,60,0.000343,0.0007263999999999985,0.000986
impossible,stationary_discounted,142,0.0,0.0,0.0,0.0,0,0,60,0.00034100000000000005,0.000744259999999999,0.000913
impossible,stationary_discounted,143,0.0,0.0,0.0,0.0,0,0,60,0.00033549999999999997,0.0006758599999999992,0.000821
impossible,stationary_discounted,144,0.0,0.0,0.0,0.0,0,0,60,0.000325,0.0006777499999999987,0.000899
impossible,stationary_discounted,145,0.0,0.0,0.0,0.0,0,0,60,0.000344,0.0007101899999999985,0.000981
impossible,stationary_discounted,146,0.0,0.0,0.0,0.0,0,0,60,0.00033049999999999996,0.0007507599999999989,0.000949
impossible,stationary_discounted,147,0.0,0.0,0.0,0.0,0,0,60,0.000348,0.000731849999999999,0.0009
impossible,stationary_discounted,148,0.0,0.0,0.0,0.0,0,0,60,0.000341,0.0007147599999999989,0.000913
impossible,stationary_discounted,149,0.0,0.0,0.0,0.0,0,0,60,0.0003295,0.0010096299999999988,0.001212
impossible,stationary_discounted,150,0.0,0.0,0.0,0.0,0,0,60,0.000346,0.0007601599999999987,0.000982
impossible,stationary_discounted,151,0.0,0.0,0.0,0.0,0,0,60,0.0003325,0.000755249999999999,0.000947
impossible,stationary_discounted,152,0.0,0.0,0.0,0.0,0,0,60,0.000339,0.0007356699999999994,0.000846
impossible,stationary_discounted,153,0.0,0.0,0.0,0.0,0,0,60,0.000336,0.0006762099999999987,0.000901
impossible,stationary_discounted,154,0.0,0.0,0.0,0.0,0,0,60,0.00033,0.000643539999999999,0.000817
impossible,stationary_discounted,155,0.0,0.0,0.0,0.0,0,0,60,0.000331,0.0007023599999999987,0.000936
impossible,stationary_discounted,156,0.0,0.0,0.0,0.0,0,0,60,0.00033049999999999996,0.0006821499999999989,0.000868
impossible,stationary_discounted,157,0.0,0.0,0.0,0.0,0,0,60,0.000334,0.0006845899999999986,0.00092
impossible,stationary_discounted,158,0.0,0.0,0.0,0.0,0,0,60,0.000324,0.0007156499999999991,0.000872
impossible,stationary_discounted,159,0.0,0.0,0.0,0.0,0,0,60,0.000343,0.0009613699999999992,0.001113
impossible,stationary_discounted,160,0.0,0.0,0.0,0.0,0,0,60,0.00034,0.0007277599999999985,0.000985
impossible,stationary_discounted,161,0.0,0.0,0.0,0.0,0,0,60,0.0003295,0.000647359999999999,0.000822
impossible,stationary_discounted,162,0.0,0.0,0.0,0.0,0,0,60,0.0003305,0.0007007599999999995,0.000781
impossible,stationary_discounted,163,0.0,0.0,0.0,0.0,0,0,60,0.000338,0.0006193999999999989,0.00082
impossible,stationary_discounted,164,0.0,0.0,0.0,0.0,0,0,60,0.000331,0.0006195199999999991,0.00078
impossible,stationary_discounted,165,0.0,0.0,0.0,0.0,0,0,60,0.000315,0.0006579599999999988,0.000868
impossible,stationary_discounted,166,0.0,0.0,0.0,0.0,0,0,60,0.000326,0.0006633499999999992,0.000802
impossible,stationary_discounted,167,0.0,0.0,0.0,0.0,0,0,60,0.00033,0.0006839799999999994,0.000789
impossible,stationary_discounted,168,0.0,0.0,0.0,0.0,0,0,60,0.000331,0.003979009999999975,0.008381
impossible,stationary_discounted,169,0.0,0.0,0.0,0.0,0,0,60,0.000332,0.000702689999999999,0.000885
impossible,stationary_discounted,170,0.0,0.0,0.0,0.0,0,0,60,0.000335,0.000682289999999999,0.000841
impossible,stationary_discounted,171,0.0,0.0,0.0,0.0,0,0,60,0.000329,0.0007229599999999988,0.000933
impossible,stationary_discounted,172,0.0,0.0,0.0,0.0,0,0,60,0.000331,0.000663459999999999,0.000844
impossible,stationary_discounted,173,0.0,0.0,0.0,0.0,0,0,60,0.000344,0.0006740999999999989,0.000857
impossible,stationary_discounted,174,0.0,0.0,0.0,0.0,0,0,60,0.00033299999999999996,0.0006519399999999989,0.000849
impossible,stationary_discounted,175,0.0,0.0,0.0,0.0,0,0,60,0.000322,0.0006377899999999989,0.000826
impossible,stationary_discounted,176,0.0,0.0,0.0,0.0,0,0,60,0.00033949999999999996,0.000706869999999999,0.000888
impossible,stationary_discounted,177,0.0,0.0,0.0,0.0,0,0,60,0.0003625,0.0007139099999999991,0.000862
impossible,stationary_discounted,178,0.0,0.0,0.0,0.0,0,0,60,0.000357,0.0009690299999999994,0.001077
impossible,stationary_discounted,179,0.0,0.0,0.0,0.0,0,0,60,0.0003305,0.0007140899999999991,0.000861
impossible,stationary_discounted,180,0.0,0.0,0.0,0.0,0,0,60,0.000333,0.0007039599999999988,0.000914
impossible,stationary_discounted,181,0.0,0.0,0.0,0.0,0,0,60,0.000333,0.000769799999999999,0.000935
impossible,stationary_discounted,182,0.0,0.0,0.0,0.0,0,0,60,0.0003275,0.0006702899999999991,0.000829
impossible,stationary_discounted,183,0.0,0.0,0.0,0.0,0,0,60,0.0003345,0.0006785299999999988,0.000875
impossible,stationary_discounted,184,0.0,0.0,0.0,0.0,0,0,60,0.000334,0.0008581399999999988,0.001067
impossible,stationary_discounted,185,0.0,0.0,0.0,0.0,0,0,60,0.000346,0.0006926999999999988,0.000911
impossible,stationary_discounted,186,0.0,0.0,0.0,0.0,0,0,60,0.0003475,0.0010080199999999992,0.001139
impossible,stationary_discounted,187,0.0,0.0,0.0,0.0,0,0,60,0.00034199999999999996,0.000694789999999999,0.000883
impossible,stationary_discounted,188,0.0,0.0,0.0,0.0,0,0,60,0.000351,0.0006926199999999987,0.000918
impossible,stationary_discounted,189,0.0,0.0,0.0,0.0,0,0,60,0.0003475,0.0008673499999999982,0.001183
impossible,stationary_discounted,190,0.0,0.0,0.0,0.0,0,0,60,0.000334,0.0006646999999999988,0.000883
impossible,stationary_discounted,191,0.0,0.0,0.0,0.0,0,0,60,0.0003495,0.0006338699999999993,0.000756
impossible,stationary_discounted,192,0.0,0.0,0.0,0.0,0,0,60,0.0003465,0.0006647299999999991,0.000814
impossible,stationary_discounted,193,0.0,0.0,0.0,0.0,0,0,60,0.0003475,0.0007728299999999991,0.000928
impossible,stationary_discounted,194,0.0,0.0,0.0,0.0,0,0,60,0.00034,0.0010025099999999986,0.001245
impossible,stationary_discounted,195,0.0,0.0,0.0,0.0,0,0,60,0.0003415,0.0007118799999999987,0.000929
impossible,stationary_discounted,196,0.0,0.0,0.0,0.0,0,0,60,0.000353,0.0006836699999999986,0.000912
impossible,stationary_discounted,197,0.0,0.0,0.0,0.0,0,0,60,0.0003505,0.0006224099999999986,0.000859
impossible,stationary_discounted,198,0.0,0.0,0.0,0.0,0,0,60,0.00034449999999999997,0.0007377699999999994,0.000854
impossible,stationary_discounted,199,0.0,0.0,0.0,0.0,0,0,60,0.00034250000000000003,0.000639439999999999,0.000807
impossible,stationary_discounted,200,0.0,0.0,0.0,0.0,0,0,60,0.000341,0.0006826599999999989,0.000875
impossible,stationary_discounted,201,0.0,0.0,0.0,0.0,0,0,60,0.000331,0.0006818999999999991,0.000853
impossible,stationary_discounted,202,0.0,0.0,0.0,0.0,0,0,60,0.0003405,0.000664609999999999,0.000854
impossible,stationary_discounted,203,0.0,0.0,0.0,0.0,0,0,60,0.0003345,0.000732249999999999,0.000924
impossible,stationary_discounted,204,0.0,0.0,0.0,0.0,0,0,60,0.00033549999999999997,0.0006742099999999991,0.00084
impossible,stationary_discounted,205,0.0,0.0,0.0,0.0,0,0,60,0.0003435,0.0006519699999999989,0.000839
impossible,stationary_discounted,206,0.0,0.0,0.0,0.0,0,0,60,0.000341,0.0006639799999999987,0.000887
impossible,stationary_discounted,207,0.0,0.0,0.0,0.0,0,0,60,0.0003325,0.0006564399999999987,0.000883
impossible,stationary_discounted,208,0.0,0.0,0.0,0.0,0,0,60,0.000348,0.0007497299999999988,0.000958
impossible,stationary_discounted,209,0.0,0.0,0.0,0.0,0,0,60,0.000344,0.0007110699999999989,0.000904
impossible,stationary_discounted,210,0.0,0.0,0.0,0.0,0,0,60,0.0003395,0.0006967699999999986,0.000931
impossible,stationary_discounted,211,0.0,0.0,0.0,0.0,0,0,60,0.000347,0.0007002799999999987,0.000941
impossible,stationary_discounted,212,0.0,0.0,0.0,0.0,0,0,60,0.00034449999999999997,0.0009913099999999994,0.001104
impossible,stationary_discounted,213,0.0,0.0,0.0,0.0,0,0,60,0.000344,0.0010207899999999986,0.001268
impossible,stationary_discounted,214,0.0,0.0,0.0,0.0,0,0,60,0.000355,0.0006931099999999987,0.000912
impossible,stationary_discounted,215,0.0,0.0,0.0,0.0,0,0,60,0.000337,0.000689849999999999,0.000858
impossible,stationary_discounted,216,0.0,0.0,0.0,0.0,0,0,60,0.000347,0.0007013499999999992,0.00084
impossible,stationary_discounted,217,0.0,0.0,0.0,0.0,0,0,60,0.000349,0.0007027599999999989,0.000901
impossible,stationary_discounted,218,0.0,0.0,0.0,0.0,0,0,60,0.00032700000000000003,0.0007371899999999988,0.000949
impossible,stationary_discounted,219,0.0,0.0,0.0,0.0,0,0,60,0.000329,0.0006713299999999988,0.000856
impossible,stationary_discounted,220,0.0,0.0,0.0,0.0,0,0,60,0.000323,0.0006209299999999991,0.000782
impossible,stationary_discounted,221,0.0,0.0,0.0,0.0,0,0,60,0.00033549999999999997,0.0006455699999999994,0.00075
impossible,stationary_discounted,222,0.0,0.0,0.0,0.0,0,0,60,0.000334,0.0007791799999999982,0.001073
impossible,stationary_discounted,223,0.0,0.0,0.0,0.0,0,0,60,0.0003305,0.0006839699999999989,0.000871
impossible,stationary_discounted,224,0.0,0.0,0.0,0.0,0,0,60,0.0003505,0.0006777499999999991,0.00084
impossible,stationary_discounted,225,0.0,0.0,0.0,0.0,0,0,60,0.0003455,0.0007153699999999991,0.000867
impossible,stationary_discounted,226,0.0,0.0,0.0,0.0,0,0,60,0.000337,0.0006641399999999988,0.000873
impossible,stationary_discounted,227,0.0,0.0,0.0,0.0,0,0,60,0.000333,0.0006766799999999987,0.000882
impossible,stationary_discounted,228,0.0,0.0,0.0,0.0,0,0,60,0.0003325,0.000944339999999999,0.001106
impossible,stationary_discounted,229,0.0,0.0,0.0,0.0,0,0,60,0.0003475,0.0006880299999999987,0.000914
impossible,stationary_discounted,230,0.0,0.0,0.0,0.0,0,0,60,0.00034250000000000003,0.0007586099999999989,0.000948
impossible,stationary_discounted,231,0.0,0.0,0.0,0.0,0,0,60,0.000341,0.0007049099999999988,0.000912
impossible,stationary_discounted,232,0.0,0.0,0.0,0.0,0,0,60,0.00035150000000000003,0.0008329099999999992,0.000981
impossible,stationary_discounted,233,0.0,0.0,0.0,0.0,0,0,60,0.000337,0.0007620699999999992,0.000896
impossible,stationary_discounted,234,0.0,0.0,0.0,0.0,0,0,60,0.000331,0.0007011099999999987,0.00092
impossible,stationary_discounted,235,0.0,0.0,0.0,0.0,0,0,60,0.000337,0.0006894399999999991,0.000857
impossible,stationary_discounted,236,0.0,0.0,0.0,0.0,0,0,60,0.000337,0.0006833199999999988,0.000891
impossible,stationary_discounted,237,0.0,0.0,0.0,0.0,0,0,60,0.00034449999999999997,0.0008351099999999987,0.001054
impossible,stationary_discounted,238,0.0,0.0,0.0,0.0,0,0,60,0.000338,0.0007243699999999991,0.000876
impossible,stationary_discounted,239,0.0,0.0,0.0,0.0,0,0,60,0.00032649999999999997,0.0006611299999999987,0.000893
impossible,stationary_discounted,240,0.0,0.0,0.0,0.0,0,0,60,0.000329,0.000666689999999999,0.000849
impossible,stationary_discounted,241,0.0,0.0,0.0,0.0,0,0,60,0.0003295,0.0009788199999999994,0.001098
impossible,stationary_discounted,242,0.0,0.0,0.0,0.0,0,0,60,0.000334,0.0007527099999999989,0.000948
impossible,stationary_discounted,243,0.0,0.0,0.0,0.0,0,0,60,0.000334,0.0006669199999999989,0.000851
impossible,stationary_discounted,244,0.0,0.0,0.0,0.0,0,0,60,0.0003285,0.0007056099999999989,0.000895
impossible,stationary_discounted,245,0.0,0.0,0.0,0.0,0,0,60,0.00033350000000000003,0.002749809999999985,0.005311
impossible,stationary_discounted,246,0.0,0.0,0.0,0.0,0,0,60,0.0003325,0.0006423399999999991,0.000804
impossible,stationary_discounted,247,0.0,0.0,0.0,0.0,0,0,60,0.0003465,0.0007232199999999995,0.000807
impossible,stationary_discounted,248,0.0,0.0,0.0,0.0,0,0,60,0.000334,0.0006729699999999989,0.00086
impossible,stationary_discounted,249,0.0,0.0,0.0,0.0,0,0,60,0.0003475,0.0006711599999999991,0.000834
impossible,stationary_discounted,250,0.0,0.0,0.0,0.0,0,0,60,0.00035,0.0007033399999999991,0.000865
impossible,stationary_discounted,251,0.0,0.0,0.0,0.0,0,0,60,0.000344,0.003652729999999978,0.007401
impossible,stationary_discounted,252,0.0,0.0,0.0,0.0,0,0,60,0.000347,0.0007309599999999991,0.000882
impossible,stationary_discounted,253,0.0,0.0,0.0,0.0,0,0,60,0.000336,0.0006253299999999989,0.00081
impossible,stationary_discounted,254,0.0,0.0,0.0,0.0,0,0,60,0.000337,0.0006288099999999989,0.00083
impossible,stationary_discounted,255,0.0,0.0,0.0,0.0,0,0,60,0.000352,0.000660639999999999,0.00084
impossible,stationary_discounted,256,0.0,0.0,0.0,0.0,0,0,60,0.0003375,0.0006993799999999989,0.000887
impossible,stationary_discounted,257,0.0,0.0,0.0,0.0,0,0,60,0.000353,0.0010823399999999993,0.001185
impossible,stationary_discounted,258,0.0,0.0,0.0,0.0,0,0,60,0.0003415,0.0006901399999999984,0.000958
impossible,stationary_discounted,259,0.0,0.0,0.0,0.0,0,0,60,0.000335,0.0006667799999999988,0.000878
impossible,stationary_discounted,260,0.0,0.0,0.0,0.0,0,0,60,0.0003365,0.0007125699999999987,0.000935
impossible,stationary_discounted,261,0.0,0.0,0.0,0.0,0,0,60,0.0003305,0.000698359999999999,0.000873
impossible,stationary_discounted,262,0.0,0.0,0.0,0.0,0,0,60,0.00034250000000000003,0.0006716599999999988,0.000864
impossible,stationary_discounted,263,0.0,0.0,0.0,0.0,0,0,60,0.00034,0.0006709299999999987,0.000891
impossible,stationary_discounted,264,0.0,0.0,0.0,0.0,0,0,60,0.00034250000000000003,0.0006992499999999985,0.00095
impossible,stationary_discounted,265,0.0,0.0,0.0,0.0,0,0,60,0.0003475,0.0006719699999999986,0.000918
impossible,stationary_discounted,266,0.0,0.0,0.0,0.0,0,0,60,0.000343,0.0007234999999999992,0.000871
impossible,stationary_discounted,267,0.0,0.0,0.0,0.0,0,0,60,0.0003285,0.0007185799999999988,0.000918
impossible,stationary_discounted,268,0.0,0.0,0.0,0.0,0,0,60,0.000325,0.0006888899999999989,0.000883
impossible,stationary_discounted,269,0.0,0.0,0.0,0.0,0,0,60,0.000334,0.0010511699999999986,0.001309
impossible,stationary_discounted,270,0.0,0.0,0.0,0.0,0,0,60,0.00033350000000000003,0.0006504799999999989,0.000844
impossible,stationary_discounted,271,0.0,0.0,0.0,0.0,0,0,60,0.000331,0.0007068599999999992,0.000852
impossible,stationary_discounted,272,0.0,0.0,0.0,0.0,0,0,60,0.000337,0.0006549299999999991,0.000816
impossible,stationary_discounted,273,0.0,0.0,0.0,0.0,0,0,60,0.0003325,0.0007194799999999989,0.000913
impossible,stationary_discounted,274,0.0,0.0,0.0,0.0,0,0,60,0.00034100000000000005,0.000697949999999999,0.000872
impossible,stationary_discounted,275,0.0,0.0,0.0,0.0,0,0,60,0.000334,0.000620639999999999,0.0008
impossible,stationary_discounted,276,0.0,0.0,0.0,0.0,0,0,60,0.0005315,0.0009005299999999999,0.00092
impossible,stationary_discounted,277,0.0,0.0,0.0,0.0,0,0,60,0.000563,0.0013107599999999996,0.001391
impossible,stationary_discounted,278,0.0,0.0,0.0,0.0,0,0,60,0.00056,0.0008828599999999989,0.001087
impossible,stationary_discounted,279,0.0,0.0,0.0,0.0,0,0,60,0.000577,0.000914029999999999,0.001081
impossible,stationary_discounted,280,0.0,0.0,0.0,0.0,0,0,60,0.000574,0.0009174199999999989,0.001131
impossible,stationary_discounted,281,0.0,0.0,0.0,0.0,0,0,60,0.0005785,0.0009391799999999987,0.001174
impossible,stationary_discounted,282,0.0,0.0,0.0,0.0,0,0,60,0.000593,0.0009168599999999988,0.001121
impossible,stationary_discounted,283,0.0,0.0,0.0,0.0,0,0,60,0.0005835,0.005360219999999965,0.011344
impossible,stationary_discounted,284,0.0,0.0,0.0,0.0,0,0,60,0.0003485,0.0006656199999999987,0.000891
impossible,stationary_discounted,285,0.0,0.0,0.0,0.0,0,0,60,0.000347,0.0006790799999999986,0.000908
impossible,stationary_discounted,286,0.0,0.0,0.0,0.0,0,0,60,0.00034250000000000003,0.0006578099999999988,0.000859
impossible,stationary_discounted,287,0.0,0.0,0.0,0.0,0,0,60,0.0003305,0.0006205099999999986,0.000863
impossible,stationary_discounted,288,0.0,0.0,0.0,0.0,0,0,60,0.000342,0.0006748899999999988,0.000869
impossible,stationary_discounted,289,0.0,0.0,0.0,0.0,0,0,60,0.000333,0.0006671099999999988,0.000886
impossible,stationary_discounted,290,0.0,0.0,0.0,0.0,0,0,60,0.000333,0.0006565299999999988,0.000853
impossible,stationary_discounted,291,0.0,0.0,0.0,0.0,0,0,60,0.0003405,0.0007370099999999991,0.000891
impossible,stationary_discounted,292,0.0,0.0,0.0,0.0,0,0,60,0.0003435,0.0007205199999999988,0.00094
impossible,stationary_discounted,293,0.0,0.0,0.0,0.0,0,0,60,0.000346,0.0007331299999999987,0.000965
impossible,stationary_discounted,294,0.0,0.0,0.0,0.0,0,0,60,0.00034,0.000698689999999999,0.000881
impossible,stationary_discounted,295,0.0,0.0,0.0,0.0,0,0,60,0.0003455,0.0006580899999999988,0.000864
impossible,stationary_discounted,296,0.0,0.0,0.0,0.0,0,0,60,0.000339,0.0011450499999999995,0.001266
impossible,stationary_discounted,297,0.0,0.0,0.0,0.0,0,0,60,0.000342,0.0007114999999999988,0.000918
impossible,stationary_discounted,298,0.0,0.0,0.0,0.0,0,0,60,0.0003465,0.0006613299999999989,0.000846
impossible,stationary_discounted,299,0.0,0.0,0.0,0.0,0,0,60,0.0003385,0.000621509999999999,0.000805
impossible,stationary_discounted,300,0.0,0.0,0.0,0.0,0,0,60,0.0003385,0.0007123899999999983,0.000995
impossible,stationary_discounted,301,0.0,0.0,0.0,0.0,0,0,60,0.000342,0.0010702399999999981,0.001403
impossible,stationary_discounted,302,0.0,0.0,0.0,0.0,0,0,60,0.0003365,0.0006398499999999987,0.000867
impossible,stationary_discounted,303,0.0,0.0,0.0,0.0,0,0,60,0.0003495,0.0007690499999999992,0.00089
impossible,stationary_discounted,304,0.0,0.0,0.0,0.0,0,0,60,0.000347,0.0006922999999999989,0.000887
impossible,stationary_discounted,305,0.0,0.0,0.0,0.0,0,0,60,0.000351,0.0007343699999999992,0.000886
impossible,stationary_discounted,306,0.0,0.0,0.0,0.0,0,0,60,0.0003455,0.0007616399999999996,0.000823
impossible,stationary_discounted,307,0.0,0.0,0.0,0.0,0,0,60,0.000343,0.0006792099999999991,0.000845
impossible,stationary_discounted,308,0.0,0.0,0.0,0.0,0,0,60,0.0003495,0.000675749999999999,0.000838
impossible,stationary_discounted,309,0.0,0.0,0.0,0.0,0,0,60,0.00035,0.0006457299999999989,0.000854
impossible,stationary_discounted,310,0.0,0.0,0.0,0.0,0,0,60,0.000334,0.0006712199999999984,0.000932
impossible,stationary_discounted,311,0.0,0.0,0.0,0.0,0,0,60,0.000338,0.0010018399999999993,0.001134
impossible,stationary_discounted,312,0.0,0.0,0.0,0.0,0,0,60,0.0003405,0.0006684499999999988,0.000872
impossible,stationary_discounted,313,0.0,0.0,0.0,0.0,0,0,60,0.000361,0.0007533299999999993,0.000879
impossible,stationary_discounted,314,0.0,0.0,0.0,0.0,0,0,60,0.0003405,0.0007084199999999991,0.000863
impossible,stationary_discounted,315,0.0,0.0,0.0,0.0,0,0,60,0.000331,0.0006591899999999987,0.000871
impossible,stationary_discounted,316,0.0,0.0,0.0,0.0,0,0,60,0.000337,0.0006621199999999989,0.000858
impossible,stationary_discounted,317,0.0,0.0,0.0,0.0,0,0,60,0.0003345,0.0006458799999999987,0.000863
impossible,stationary_discounted,318,0.0,0.0,0.0,0.0,0,0,60,0.000349,0.0010017599999999987,0.0012
impossible,stationary_discounted,319,0.0,0.0,0.0,0.0,0,0,60,0.0003455,0.0009750899999999991,0.001122
impossible,stationary_discounted,320,0.0,0.0,0.0,0.0,0,0,60,0.000342,0.0007197999999999987,0.000944
impossible,stationary_discounted,321,0.0,0.0,0.0,0.0,0,0,60,0.000342,0.0006745399999999986,0.000907
impossible,stationary_discounted,322,0.0,0.0,0.0,0.0,0,0,60,0.000342,0.0006586799999999987,0.000864
impossible,stationary_discounted,323,0.0,0.0,0.0,0.0,0,0,60,0.000334,0.0007127699999999986,0.000947
impossible,stationary_discounted,324,0.0,0.0,0.0,0.0,0,0,60,0.000333,0.0006420099999999987,0.000855
impossible,stationary_discounted,325,0.0,0.0,0.0,0.0,0,0,60,0.0003345,0.000740819999999999,0.000919
impossible,stationary_discounted,326,0.0,0.0,0.0,0.0,0,0,60,0.000338,0.000703489999999999,0.000874
impossible,stationary_discounted,327,0.0,0.0,0.0,0.0,0,0,60,0.00033699999999999995,0.0006386199999999987,0.000864
impossible,stationary_discounted,328,0.0,0.0,0.0,0.0,0,0,60,0.000334,0.0007488499999999987,0.000976
impossible,stationary_discounted,329,0.0,0.0,0.0,0.0,0,0,60,0.00034250000000000003,0.000696099999999999,0.000879
impossible,stationary_discounted,330,0.0,0.0,0.0,0.0,0,0,60,0.0005785,0.010031739999999926,0.022725
impossible,stationary_discounted,331,0.0,0.0,0.0,0.0,0,0,60,0.0006825,0.001275839999999998,0.001644
impossible,stationary_discounted,332,0.0,0.0,0.0,0.0,0,0,60,0.0006315,0.001292589999999998,0.001646
impossible,stationary_discounted,333,0.0,0.0,0.0,0.0,0,0,60,0.000691,0.0017693099999999996,0.001823
impossible,stationary_discounted,334,0.0,0.0,0.0,0.0,0,0,60,0.0006659999999999999,0.0010995799999999984,0.001358
impossible,stationary_discounted,335,0.0,0.0,0.0,0.0,0,0,60,0.0005695,0.001161279999999999,0.001343
impossible,stationary_discounted,336,0.0,0.0,0.0,0.0,0,0,60,0.000337,0.000720189999999999,0.000873
impossible,stationary_discounted,337,0.0,0.0,0.0,0.0,0,0,60,0.00034449999999999997,0.0006815599999999989,0.000868
impossible,stationary_discounted,338,0.0,0.0,0.0,0.0,0,0,60,0.000356,0.0009470199999999989,0.001137
impossible,stationary_discounted,339,0.0,0.0,0.0,0.0,0,0,60,0.00035,0.0007952999999999989,0.00099
impossible,stationary_discounted,340,0.0,0.0,0.0,0.0,0,0,60,0.0003565,0.000654979999999999,0.000819
impossible,stationary_discounted,341,0.0,0.0,0.0,0.0,0,0,60,0.000349,0.0007602699999999984,0.001024
impossible,stationary_discounted,342,0.0,0.0,0.0,0.0,0,0,60,0.0003395,0.0006902399999999988,0.000905
impossible,stationary_discounted,343,0.0,0.0,0.0,0.0,0,0,60,0.00035,0.0007090099999999995,0.000804
impossible,stationary_discounted,344,0.0,0.0,0.0,0.0,0,0,60,0.0005645,0.002911219999999989,0.004824
impossible,stationary_discounted,345,0.0,0.0,0.0,0.0,0,0,60,0.0005735,0.0017682499999999986,0.002019
impossible,stationary_discounted,346,0.0,0.0,0.0,0.0,0,0,60,0.0006039999999999999,0.001221769999999998,0.001574
impossible,stationary_discounted,347,0.0,0.0,0.0,0.0,0,0,60,0.0006705000000000001,0.0012014099999999976,0.001615
impossible,stationary_discounted,348,0.0,0.0,0.0,0.0,0,0,60,0.000614,0.0010914699999999987,0.001308
impossible,stationary_discounted,349,0.0,0.0,0.0,0.0,0,0,60,0.0003395,0.0013664399999999957,0.002124
impossible,stationary_discounted,350,0.0,0.0,0.0,0.0,0,0,60,0.0003375,0.0008668199999999983,0.001163
impossible,stationary_discounted,351,0.0,0.0,0.0,0.0,0,0,60,0.0003285,0.0011887199999999984,0.001479
impossible,stationary_discounted,352,0.0,0.0,0.0,0.0,0,0,60,0.000322,0.0008471999999999975,0.001272
impossible,stationary_discounted,353,0.0,0.0,0.0,0.0,0,0,60,0.000331,0.000663019999999999,0.000853
impossible,stationary_discounted,354,0.0,0.0,0.0,0.0,0,0,60,0.0003235,0.000676439999999999,0.000844
impossible,stationary_discounted,355,0.0,0.0,0.0,0.0,0,0,60,0.00034449999999999997,0.0013389399999999988,0.001536
impossible,stationary_discounted,356,0.0,0.0,0.0,0.0,0,0,60,0.0006255,0.0016473399999999993,0.00175
impossible,stationary_discounted,357,0.0,0.0,0.0,0.0,0,0,60,0.0006205,0.0010929699999999978,0.001457
impossible,stationary_discounted,358,0.0,0.0,0.0,0.0,0,0,60,0.000624,0.0014523699999999997,0.001486
impossible,stationary_discounted,359,0.0,0.0,0.0,0.0,0,0,60,0.00062,0.0011553599999999983,0.001448
impossible,stationary_discounted,360,0.0,0.0,0.0,0.0,0,0,60,0.000717,0.002657079999999991,0.004243
impossible,stationary_discounted,361,0.0,0.0,0.0,0.0,0,0,60,0.000638,0.0032541199999999966,0.003804
impossible,stationary_discounted,362,0.0,0.0,0.0,0.0,0,0,60,0.00061,0.001353539999999997,0.001881
impossible,stationary_discounted,363,0.0,0.0,0.0,0.0,0,0,60,0.000619,0.0010801499999999983,0.001384
impossible,stationary_discounted,364,0.0,0.0,0.0,0.0,0,0,60,0.0006225,0.0010274699999999984,0.001303
impossible,stationary_discounted,365,0.0,0.0,0.0,0.0,0,0,60,0.000603,0.0011050499999999983,0.001403
impossible,stationary_discounted,366,0.0,0.0,0.0,0.0,0,0,60,0.00034449999999999997,0.0011935499999999985,0.001462
impossible,stationary_discounted,367,0.0,0.0,0.0,0.0,0,0,60,0.000329,0.0006969199999999987,0.00094
impossible,stationary_discounted,368,0.0,0.0,0.0,0.0,0,0,60,0.00033549999999999997,0.0007155499999999988,0.000925
impossible,stationary_discounted,369,0.0,0.0,0.0,0.0,0,0,60,0.0003365,0.0007116199999999983,0.000996
impossible,stationary_discounted,370,0.0,0.0,0.0,0.0,0,0,60,0.00033,0.0007466199999999984,0.001031
impossible,stationary_discounted,371,0.0,0.0,0.0,0.0,0,0,60,0.0003345,0.0006912199999999988,0.000893
impossible,stationary_discounted,372,0.0,0.0,0.0,0.0,0,0,60,0.0003275,0.0006476099999999986,0.000896
impossible,stationary_discounted,373,0.0,0.0,0.0,0.0,0,0,60,0.000336,0.0006927799999999987,0.000904
impossible,stationary_discounted,374,0.0,0.0,0.0,0.0,0,0,60,0.00034250000000000003,0.0006802699999999991,0.000826
impossible,stationary_discounted,375,0.0,0.0,0.0,0.0,0,0,60,0.000563,0.009804999999999927,0.022136
impossible,stationary_discounted,376,0.0,0.0,0.0,0.0,0,0,60,0.0003635,0.0020271799999999943,0.003029
impossible,stationary_discounted,377,0.0,0.0,0.0,0.0,0,0,60,0.000358,0.0011175,0.001147
impossible,stationary_discounted,378,0.0,0.0,0.0,0.0,0,0,60,0.0003555,0.0006815799999999988,0.000881
impossible,stationary_discounted,379,0.0,0.0,0.0,0.0,0,0,60,0.000368,0.000777229999999999,0.000956
impossible,stationary_discounted,380,0.0,0.0,0.0,0.0,0,0,60,0.000361,0.0006908299999999987,0.000905
impossible,stationary_discounted,381,0.0,0.0,0.0,0.0,0,0,60,0.000366,0.0007020799999999986,0.000931
impossible,stationary_discounted,382,0.0,0.0,0.0,0.0,0,0,60,0.0003465,0.0011803399999999976,0.001578
impossible,stationary_discounted,383,0.0,0.0,0.0,0.0,0,0,60,0.0006325,0.001016999999999999,0.001194
impossible,stationary_discounted,384,0.0,0.0,0.0,0.0,0,0,60,0.0006325,0.0010765599999999985,0.001322
impossible,stationary_discounted,385,0.0,0.0,0.0,0.0,0,0,60,0.0006405,0.0009928399999999983,0.001302
impossible,stationary_discounted,386,0.0,0.0,0.0,0.0,0,0,60,0.0006284999999999999,0.0010764699999999986,0.001293
impossible,stationary_discounted,387,0.0,0.0,0.0,0.0,0,0,60,0.0006395000000000001,0.0015321999999999985,0.00178
impossible,stationary_discounted,388,0.0,0.0,0.0,0.0,0,0,60,0.000332,0.0014388299999999942,0.00242
impossible,stationary_discounted,389,0.0,0.0,0.0,0.0,0,0,60,0.000341,0.0010328599999999968,0.001591
impossible,stationary_discounted,390,0.0,0.0,0.0,0.0,0,0,60,0.0003225,0.000937869999999998,0.001296
impossible,stationary_discounted,391,0.0,0.0,0.0,0.0,0,0,60,0.000332,0.000664489999999999,0.000835
impossible,stationary_discounted,392,0.0,0.0,0.0,0.0,0,0,60,0.0003345,0.0007014199999999988,0.000915
impossible,stationary_discounted,393,0.0,0.0,0.0,0.0,0,0,60,0.0003255,0.000718229999999999,0.000897
impossible,stationary_discounted,394,0.0,0.0,0.0,0.0,0,0,60,0.000335,0.0007146199999999987,0.00094
impossible,stationary_discounted,395,0.0,0.0,0.0,0.0,0,0,60,0.000344,0.0007571999999999992,0.000887
impossible,stationary_discounted,396,0.0,0.0,0.0,0.0,0,0,60,0.000343,0.0006677099999999993,0.000804
impossible,stationary_discounted,397,0.0,0.0,0.0,0.0,0,0,60,0.00036399999999999996,0.0009629999999999983,0.001258
impossible,stationary_discounted,398,0.0,0.0,0.0,0.0,0,0,60,0.000344,0.003166829999999982,0.006272
impossible,stationary_discounted,399,0.0,0.0,0.0,0.0,0,0,60,0.000344,0.0006988299999999991,0.000854
impossible,stationary_discounted,400,0.0,0.0,0.0,0.0,0,0,60,0.0003365,0.001005259999999999,0.001174
impossible,stationary_discounted,401,0.0,0.0,0.0,0.0,0,0,60,0.000346,0.0007106399999999986,0.000949
impossible,stationary_discounted,402,0.0,0.0,0.0,0.0,0,0,60,0.0003455,0.0008145299999999985,0.00107
impossible,stationary_discounted,403,0.0,0.0,0.0,0.0,0,0,60,0.00035150000000000003,0.0007677899999999989,0.000956
impossible,stationary_discounted,404,0.0,0.0,0.0,0.0,0,0,60,0.0003305,0.0007000799999999988,0.000929
impossible,stationary_discounted,405,0.0,0.0,0.0,0.0,0,0,60,0.000344,0.0007036299999999988,0.000906
impossible,stationary_discounted,406,0.0,0.0,0.0,0.0,0,0,60,0.000348,0.0006828599999999989,0.000887
impossible,stationary_discounted,407,0.0,0.0,0.0,0.0,0,0,60,0.000346,0.0007038099999999985,0.000964
impossible,stationary_discounted,408,0.0,0.0,0.0,0.0,0,0,60,0.0003545,0.009482729999999934,0.020783
impossible,stationary_discounted,409,0.0,0.0,0.0,0.0,0,0,60,0.000648,0.0012830799999999976,0.001689
impossible,stationary_discounted,410,0.0,0.0,0.0,0.0,0,0,60,0.0006464999999999999,0.00138887,0.001393
impossible,stationary_discounted,411,0.0,0.0,0.0,0.0,0,0,60,0.0006054999999999999,0.0017383299999999995,0.001805
impossible,stationary_discounted,412,0.0,0.0,0.0,0.0,0,0,60,0.000636,0.0011100699999999982,0.001421
impossible,stationary_discounted,413,0.0,0.0,0.0,0.0,0,0,60,0.0005840000000000001,0.0014730199999999998,0.001486
impossible,stationary_discounted,414,0.0,0.0,0.0,0.0,0,0,60,0.00064,0.0009994899999999987,0.001229
impossible,stationary_discounted,415,0.0,0.0,0.0,0.0,0,0,60,0.000624,0.0011480299999999987,0.001374
impossible,stationary_discounted,416,0.0,0.0,0.0,0.0,0,0,60,0.0006325,0.0012164799999999979,0.001587
impossible,stationary_discounted,417,0.0,0.0,0.0,0.0,0,0,60,0.0006325,0.00141917,0.001441
impossible,stationary_discounted,418,0.0,0.0,0.0,0.0,0,0,60,0.0005765,0.0009607099999999988,0.001156
impossible,stationary_discounted,419,0.0,0.0,0.0,0.0,0,0,60,0.000351,0.01987485999999984,0.046983
impossible,stationary_discounted,420,0.0,0.0,0.0,0.0,0,0,60,0.000624,0.0011475099999999979,0.001508
impossible,stationary_discounted,421,0.0,0.0,0.0,0.0,0,0,60,0.0006585,0.0012690499999999983,0.001567
impossible,stationary_discounted,422,0.0,0.0,0.0,0.0,0,0,60,0.0006540000000000001,0.0011229599999999982,0.001451
impossible,stationary_discounted,423,0.0,0.0,0.0,0.0,0,0,60,0.000652,0.0011218599999999988,0.001326
impossible,stationary_discounted,424,0.0,0.0,0.0,0.0,0,0,60,0.0006825,0.0014078799999999994,0.001507
impossible,stationary_discounted,425,0.0,0.0,0.0,0.0,0,0,60,0.000589,0.0015391399999999998,0.001571
impossible,stationary_discounted,426,0.0,0.0,0.0,0.0,0,0,60,0.000645,0.0010792499999999986,0.00133
impossible,stationary_discounted,427,0.0,0.0,0.0,0.0,0,0,60,0.0006464999999999999,0.0010568999999999986,0.001287
impossible,stationary_discounted,428,0.0,0.0,0.0,0.0,0,0,60,0.000653,0.001197829999999998,0.00153
impossible,stationary_discounted,429,0.0,0.0,0.0,0.0,0,0,60,0.000621,0.001555289999999999,0.001714
impossible,stationary_discounted,430,0.0,0.0,0.0,0.0,0,0,60,0.000646,0.0014212399999999987,0.001636
impossible,stationary_discounted,431,0.0,0.0,0.0,0.0,0,0,60,0.000343,0.0009248499999999977,0.001329
impossible,stationary_discounted,432,0.0,0.0,0.0,0.0,0,0,60,0.0003405,0.0007685299999999993,0.000906
impossible,stationary_discounted,433,0.0,0.0,0.0,0.0,0,0,60,0.00035099999999999997,0.001037449999999998,0.001418
impossible,stationary_discounted,434,0.0,0.0,0.0,0.0,0,0,60,0.000334,0.0007653599999999987,0.000999
impossible,stationary_discounted,435,0.0,0.0,0.0,0.0,0,0,60,0.00034449999999999997,0.0007146399999999986,0.000953
impossible,stationary_discounted,436,0.0,0.0,0.0,0.0,0,0,60,0.0003385,0.0006665299999999988,0.000863
impossible,stationary_discounted,437,0.0,0.0,0.0,0.0,0,0,60,0.00034599999999999995,0.0010326899999999993,0.001156
impossible,stationary_discounted,438,0.0,0.0,0.0,0.0,0,0,60,0.0003295,0.0007018299999999991,0.000857
impossible,stationary_discounted,439,0.0,0.0,0.0,0.0,0,0,60,0.0003585,0.0006854499999999988,0.000889
impossible,stationary_discounted,440,0.0,0.0,0.0,0.0,0,0,60,0.0003405,0.0006630999999999989,0.000846
impossible,stationary_discounted,441,0.0,0.0,0.0,0.0,0,0,60,0.0003405,0.0006539899999999989,0.000854
impossible,stationary_discounted,442,0.0,0.0,0.0,0.0,0,0,60,0.0003635,0.0008193999999999992,0.000961
impossible,stationary_discounted,443,0.0,0.0,0.0,0.0,0,0,60,0.0003365,0.0015092199999999978,0.001888
impossible,stationary_discounted,444,0.0,0.0,0.0,0.0,0,0,60,0.00033549999999999997,0.0006862499999999989,0.000878
impossible,stationary_discounted,445,0.0,0.0,0.0,0.0,0,0,60,0.000345,0.0006724999999999988,0.000879
impossible,stationary_discounted,446,0.0,0.0,0.0,0.0,0,0,60,0.0003405,0.00109199,0.001115
impossible,stationary_discounted,447,0.0,0.0,0.0,0.0,0,0,60,0.0003495,0.0014664399999999994,0.001575
impossible,stationary_discounted,448,0.0,0.0,0.0,0.0,0,0,60,0.000328,0.0007075699999999987,0.00093
impossible,stationary_discounted,449,0.0,0.0,0.0,0.0,0,0,60,0.000322,0.0007182299999999993,0.000838
impossible,stationary_discounted,450,0.0,0.0,0.0,0.0,0,0,60,0.00033549999999999997,0.0006670699999999989,0.00086
impossible,stationary_discounted,451,0.0,0.0,0.0,0.0,0,0,60,0.000326,0.0006412199999999991,0.000784
impossible,stationary_discounted,452,0.0,0.0,0.0,0.0,0,0,60,0.0003345,0.0006477699999999989,0.000823
impossible,stationary_discounted,453,0.0,0.0,0.0,0.0,0,0,60,0.000337,0.000643619999999999,0.00081
impossible,stationary_discounted,454,0.0,0.0,0.0,0.0,0,0,60,0.000341,0.0007258099999999992,0.000868
impossible,stationary_discounted,455,0.0,0.0,0.0,0.0,0,0,60,0.000347,0.0006851699999999988,0.000884
impossible,stationary_discounted,456,0.0,0.0,0.0,0.0,0,0,60,0.000341,0.0007846299999999988,0.000987
impossible,stationary_discounted,457,0.0,0.0,0.0,0.0,0,0,60,0.000329,0.0006274799999999988,0.000821
impossible,stationary_discounted,458,0.0,0.0,0.0,0.0,0,0,60,0.00032700000000000003,0.0006434999999999988,0.00085
impossible,stationary_discounted,459,0.0,0.0,0.0,0.0,0,0,60,0.000325,0.0006577099999999989,0.000853
impossible,stationary_discounted,460,0.0,0.0,0.0,0.0,0,0,60,0.00032450000000000003,0.0006650899999999988,0.000871
impossible,stationary_discounted,461,0.0,0.0,0.0,0.0,0,0,60,0.0003405,0.000696569999999999,0.00086
impossible,stationary_discounted,462,0.0,0.0,0.0,0.0,0,0,60,0.00034,0.0007100899999999985,0.000975
impossible,stationary_discounted,463,0.0,0.0,0.0,0.0,0,0,60,0.000335,0.0006876599999999992,0.000821
impossible,stationary_discounted,464,0.0,0.0,0.0,0.0,0,0,60,0.0003465,0.0006558599999999988,0.00086
impossible,stationary_discounted,465,0.0,0.0,0.0,0.0,0,0,60,0.00034,0.000711619999999999,0.000878
impossible,stationary_discounted,466,0.0,0.0,0.0,0.0,0,0,60,0.0003435,0.0007858599999999989,0.00099
impossible,stationary_discounted,467,0.0,0.0,0.0,0.0,0,0,60,0.0006425000000000001,0.001349309999999997,0.001875
impossible,stationary_discounted,468,0.0,0.0,0.0,0.0,0,0,60,0.0006284999999999999,0.0012765799999999985,0.001535
impossible,stationary_discounted,469,0.0,0.0,0.0,0.0,0,0,60,0.0006495,0.0013559399999999975,0.001789
impossible,stationary_discounted,470,0.0,0.0,0.0,0.0,0,0,60,0.0006265,0.0011878999999999976,0.001595
impossible,stationary_discounted,471,0.0,0.0,0.0,0.0,0,0,60,0.0006135,0.0011182899999999983,0.001395
impossible,stationary_discounted,472,0.0,0.0,0.0,0.0,0,0,60,0.0006075,0.0010205499999999988,0.00123
impossible,stationary_discounted,473,0.0,0.0,0.0,0.0,0,0,60,0.000645,0.0010448299999999988,0.001259
impossible,stationary_discounted,474,0.0,0.0,0.0,0.0,0,0,60,0.0006284999999999999,0.0013485599999999958,0.002066
impossible,stationary_discounted,475,0.0,0.0,0.0,0.0,0,0,60,0.0003465,0.0008142999999999985,0.001068
impossible,stationary_discounted,476,0.0,0.0,0.0,0.0,0,0,60,0.000344,0.000683459999999999,0.000864
impossible,stationary_discounted,477,0.0,0.0,0.0,0.0,0,0,60,0.00034,0.006098739999999957,0.013482
impossible,stationary_discounted,478,0.0,0.0,0.0,0.0,0,0,60,0.00033,0.0006351399999999991,0.000785
impossible,stationary_discounted,479,0.0,0.0,0.0,0.0,0,0,60,0.0003215,0.0006828599999999989,0.000887
impossible,stationary_discounted,480,0.0,0.0,0.0,0.0,0,0,60,0.000702,0.0017637999999999957,0.002519
impossible,stationary_discounted,481,0.0,0.0,0.0,0.0,0,0,60,0.0006975,0.0012254799999999982,0.001537
impossible,stationary_discounted,482,0.0,0.0,0.0,0.0,0,0,60,0.0003365,0.0007549999999999983,0.00105
impossible,stationary_discounted,483,0.0,0.0,0.0,0.0,0,0,60,0.000325,0.0006674299999999992,0.000799
impossible,stationary_discounted,484,0.0,0.0,0.0,0.0,0,0,60,0.000329,0.000646509999999999,0.00083
impossible,stationary_discounted,485,0.0,0.0,0.0,0.0,0,0,60,0.0003365,0.0007146799999999985,0.000979
impossible,stationary_discounted,486,0.0,0.0,0.0,0.0,0,0,60,0.000335,0.0007326499999999991,0.000889
impossible,stationary_discounted,487,0.0,0.0,0.0,0.0,0,0,60,0.000343,0.0007072799999999989,0.000889
impossible,stationary_discounted,488,0.0,0.0,0.0,0.0,0,0,60,0.000329,0.0006890099999999988,0.000902
impossible,stationary_discounted,489,0.0,0.0,0.0,0.0,0,0,60,0.0003315,0.0006703399999999987,0.000891
impossible,stationary_discounted,490,0.0,0.0,0.0,0.0,0,0,60,0.0003285,0.0006596499999999988,0.000875
impossible,stationary_discounted,491,0.0,0.0,0.0,0.0,0,0,60,0.000335,0.0006958399999999986,0.000946
impossible,stationary_discounted,492,0.0,0.0,0.0,0.0,0,0,60,0.000336,0.0007021899999999988,0.000914
impossible,stationary_discounted,493,0.0,0.0,0.0,0.0,0,0,60,0.00032649999999999997,0.0006851999999999989,0.000874
impossible,stationary_discounted,494,0.0,0.0,0.0,0.0,0,0,60,0.0003455,0.0009942399999999989,0.001209
impossible,stationary_discounted,495,0.0,0.0,0.0,0.0,0,0,60,0.00034250000000000003,0.000683899999999999,0.000855
impossible,stationary_discounted,496,0.0,0.0,0.0,0.0,0,0,60,0.00035,0.003283369999999987,0.005559
impossible,stationary_discounted,497,0.0,0.0,0.0,0.0,0,0,60,0.0006085,0.0013482099999999966,0.001927
impossible,stationary_discounted,498,0.0,0.0,0.0,0.0,0,0,60,0.000786,0.0023156799999999944,0.003288
impossible,stationary_discounted,499,0.0,0.0,0.0,0.0,0,0,60,0.000583,0.0017985599999999942,0.002811
lossy,stationary_discounted,0,0.35,0.35,0.0,0.0,60,4320,60,0.00034199999999999996,0.0016138099999999942,0.002641
lossy,stationary_discounted,1,0.5,0.5,0.0,0.0,60,4320,60,0.000342,0.000779799999999998,0.001122
lossy,stationary_discounted,2,0.5,0.5,0.0,0.0,60,4320,60,0.0005995,0.0011818599999999975,0.001622
lossy,stationary_discounted,3,0.45,0.45,0.0,0.0,60,4320,60,0.000368,0.001986979999999992,0.00339
lossy,stationary_discounted,4,0.45,0.45,0.0,0.0,60,4320,60,0.000364,0.0009838099999999977,0.001362
lossy,stationary_discounted,5,0.45,0.45,0.0,0.0,60,4320,60,0.0003555,0.0007593299999999989,0.000944
lossy,stationary_discounted,6,0.5166666666666667,0.5166666666666667,0.0,0.0,60,4320,60,0.00036050000000000003,0.0007215499999999992,0.000872
lossy,stationary_discounted,7,0.6,0.6,0.0,0.0,60,4320,60,0.000349,0.000713099999999999,0.000896
lossy,stationary_discounted,8,0.48333333333333334,0.48333333333333334,0.0,0.0,60,4320,60,0.0003525,0.0007799799999999984,0.001062
lossy,stationary_discounted,9,0.5833333333333334,0.5833333333333334,0.0,0.0,60,4320,60,0.0003505,0.0007499899999999989,0.00095
lossy,stationary_discounted,10,0.5833333333333334,0.5833333333333334,0.0,0.0,60,4320,60,0.000344,0.0006846999999999988,0.000903
lossy,stationary_discounted,11,0.4666666666666667,0.4666666666666667,0.0,0.0,60,4320,60,0.000346,0.0007020399999999992,0.000846
lossy,stationary_discounted,12,0.5666666666666667,0.5666666666666667,0.0,0.0,60,4320,60,0.000344,0.0006786799999999992,0.000825
lossy,stationary_discounted,13,0.5,0.5,0.0,0.0,60,4320,60,0.000344,0.0006660099999999991,0.00082
lossy,stationary_discounted,14,0.5,0.5,0.0,0.0,60,4320,60,0.0003485,0.000688249999999999,0.00088
lossy,stationary_discounted,15,0.43333333333333335,0.43333333333333335,0.0,0.0,60,4320,60,0.0003375,0.000656489999999999,0.000827
lossy,stationary_discounted,16,0.55,0.55,0.0,0.0,60,4320,60,0.00033350000000000003,0.0007032099999999987,0.000928
lossy,stationary_discounted,17,0.48333333333333334,0.48333333333333334,0.0,0.0,60,4320,60,0.0003475,0.0010411899999999993,0.001135
lossy,stationary_discounted,18,0.5333333333333333,0.5333333333333333,0.0,0.0,60,4320,60,0.000662,0.0013862099999999975,0.001788
lossy,stationary_discounted,19,0.5833333333333334,0.5833333333333334,0.0,0.0,60,4320,60,0.0006535,0.001413249999999996,0.002077
lossy,stationary_discounted,20,0.6166666666666667,0.6166666666666667,0.0,0.0,60,4320,60,0.000649,0.001335469999999998,0.00167
lossy,stationary_discounted,21,0.48333333333333334,0.48333333333333334,0.0,0.0,60,4320,60,0.0006540000000000001,0.0010049999999999994,0.001123
lossy,stationary_discounted,22,0.5833333333333334,0.5833333333333334,0.0,0.0,60,4320,60,0.000633,0.0010025899999999983,0.001297
lossy,stationary_discounted,23,0.4666666666666667,0.4666666666666667,0.0,0.0,60,4320,60,0.000347,0.00106423,0.001066
lossy,stationary_discounted,24,0.5166666666666667,0.5166666666666667,0.0,0.0,60,4320,60,0.000344,0.0007357299999999991,0.000885
lossy,stationary_discounted,25,0.5666666666666667,0.5666666666666667,0.0,0.0,60,4320,60,0.000344,0.0006771699999999989,0.000876
lossy,stationary_discounted,26,0.5,0.5,0.0,0.0,60,4320,60,0.000341,0.0006887899999999989,0.000877
lossy,stationary_discounted,27,0.43333333333333335,0.43333333333333335,0.0,0.0,60,4320,60,0.00034250000000000003,0.0006675699999999987,0.00089
lossy,stationary_discounted,28,0.6,0.6,0.0,0.0,60,4320,60,0.0003385,0.0006583299999999989,0.000843
lossy,stationary_discounted,29,0.6,0.6,0.0,0.0,60,4320,60,0.000329,0.0006968399999999986,0.000947
lossy,stationary_discounted,30,0.5666666666666667,0.5666666666666667,0.0,0.0,60,4320,60,0.000329,0.0007022399999999995,0.000799
lossy,stationary_discounted,31,0.5833333333333334,0.5833333333333334,0.0,0.0,60,4320,60,0.000332,0.0007404299999999982,0.001049
lossy,stationary_discounted,32,0.5,0.5,0.0,0.0,60,4320,60,0.000344,0.0007887399999999983,0.001092
lossy,stationary_discounted,33,0.5833333333333334,0.5833333333333334,0.0,0.0,60,4320,60,0.000619,0.0013322499999999962,0.001996
lossy,stationary_discounted,34,0.48333333333333334,0.48333333333333334,0.0,0.0,60,4320,60,0.0006355,0.0012705199999999974,0.001726
lossy,stationary_discounted,35,0.35,0.35,0.0,0.0,60,4320,60,0.000646,0.001136489999999998,0.001484
lossy,stationary_discounted,36,0.5666666666666667,0.5666666666666667,0.0,0.0,60,4320,60,0.0005924999999999999,0.0012400299999999983,0.001525
lossy,stationary_discounted,37,0.5,0.5,0.0,0.0,60,4320,60,0.0004325,0.0011454199999999981,0.001477
lossy,stationary_discounted,38,0.5666666666666667,0.5666666666666667,0.0,0.0,60,4320,60,0.000347,0.0007242499999999992,0.000857
lossy,stationary_discounted,39,0.5166666666666667,0.5166666666666667,0.0,0.0,60,4320,60,0.00033350000000000003,0.000689359999999999,0.000864
lossy,stationary_discounted,40,0.48333333333333334,0.48333333333333334,0.0,0.0,60,4320,60,0.0003415,0.0007056299999999988,0.000908
lossy,stationary_discounted,41,0.5666666666666667,0.5666666666666667,0.0,0.0,60,4320,60,0.000363,0.000688949999999999,0.000863
lossy,stationary_discounted,42,0.5166666666666667,0.5166666666666667,0.0,0.0,60,4320,60,0.000372,0.0006936199999999994,0.000801
lossy,stationary_discounted,43,0.45,0.45,0.0,0.0,60,4320,60,0.000383,0.0008247599999999996,0.000905
lossy,stationary_discounted,44,0.6,0.6,0.0,0.0,60,4320,60,0.0003685,0.0007831299999999987,0.001015
lossy,stationary_discounted,45,0.48333333333333334,0.48333333333333334,0.0,0.0,60,4320,60,0.00035150000000000003,0.0007885699999999984,0.00107
lossy,stationary_discounted,46,0.5166666666666667,0.5166666666666667,0.0,0.0,60,4320,60,0.000345,0.0007607599999999995,0.000841
lossy,stationary_discounted,47,0.48333333333333334,0.48333333333333334,0.0,0.0,60,4320,60,0.000351,0.0010727199999999984,0.001363
lossy,stationary_discounted,48,0.5166666666666667,0.5166666666666667,0.0,0.0,60,4320,60,0.00035150000000000003,0.0008798599999999977,0.001261
lossy,stationary_discounted,49,0.6,0.6,0.0,0.0,60,4320,60,0.000356,0.0007384599999999989,0.000919
lossy,stationary_discounted,50,0.5666666666666667,0.5666666666666667,0.0,0.0,60,4320,60,0.00036,0.0007288399999999988,0.00092
lossy,stationary_discounted,51,0.36666666666666664,0.36666666666666664,0.0,0.0,60,4320,60,0.00036050000000000003,0.0006985599999999992,0.000826
lossy,stationary_discounted,52,0.48333333333333334,0.48333333333333334,0.0,0.0,60,4320,60,0.000363,0.0006726099999999989,0.000862
lossy,stationary_discounted,53,0.5666666666666667,0.5666666666666667,0.0,0.0,60,4320,60,0.000358,0.0009252699999999988,0.00113
lossy,stationary_discounted,54,0.5333333333333333,0.5333333333333333,0.0,0.0,60,4320,60,0.000345,0.0006550099999999987,0.000868
lossy,stationary_discounted,55,0.5,0.5,0.0,0.0,60,4320,60,0.000348,0.000643309999999999,0.000815
lossy,stationary_discounted,56,0.55,0.55,0.0,0.0,60,4320,60,0.000343,0.0006571599999999991,0.00082
lossy,stationary_discounted,57,0.5666666666666667,0.5666666666666667,0.0,0.0,60,4320,60,0.0003495,0.0006537399999999989,0.000839
lossy,stationary_discounted,58,0.5666666666666667,0.5666666666666667,0.0,0.0,60,4320,60,0.00034100000000000005,0.000706689999999999,0.000889
lossy,stationary_discounted,59,0.45,0.45,0.0,0.0,60,4320,60,0.000348,0.0007904899999999994,0.000902
lossy,stationary_discounted,60,0.48333333333333334,0.48333333333333334,0.0,0.0,60,4320,60,0.00035499999999999996,0.0007063199999999988,0.000914
lossy,stationary_discounted,61,0.55,0.55,0.0,0.0,60,4320,60,0.00033699999999999995,0.0007924499999999988,0.000996
lossy,stationary_discounted,62,0.5666666666666667,0.5666666666666667,0.0,0.0,60,4320,60,0.00035000000000000005,0.0007355799999999988,0.000935
lossy,stationary_discounted,63,0.55,0.55,0.0,0.0,60,4320,60,0.000357,0.0007226399999999986,0.000961
lossy,stationary_discounted,64,0.5,0.5,0.0,0.0,60,4320,60,0.000436,0.0015748700000000001,0.001579
lossy,stationary_discounted,65,0.5166666666666667,0.5166666666666667,0.0,0.0,60,4320,60,0.000652,0.001122239999999998,0.001455
lossy,stationary_discounted,66,0.43333333333333335,0.43333333333333335,0.0,0.0,60,4320,60,0.000651,0.0010549399999999988,0.001252
lossy,stationary_discounted,67,0.45,0.45,0.0,0.0,60,4320,60,0.0006925,0.0015225599999999983,0.001827
lossy,stationary_discounted,68,0.5166666666666667,0.5166666666666667,0.0,0.0,60,4320,60,0.000612,0.0013063899999999993,0.001412
lossy,stationary_discounted,69,0.55,0.55,0.0,0.0,60,4320,60,0.0006494999999999999,0.0013160999999999993,0.00144
lossy,stationary_discounted,70,0.4,0.4,0.0,0.0,60,4320,60,0.000629,0.0010450499999999985,0.001284
lossy,stationary_discounted,71,0.6,0.6,0.0,0.0,60,4320,60,0.0006284999999999999,0.000985179999999999,0.001161
lossy,stationary_discounted,72,0.5333333333333333,0.5333333333333333,0.0,0.0,60,4320,60,0.0006475000000000001,0.0010510399999999987,0.001254
lossy,stationary_discounted,73,0.6166666666666667,0.6166666666666667,0.0,0.0,60,4320,60,0.0006395000000000001,0.0009752199999999992,0.001118
lossy,stationary_discounted,74,0.5,0.5,0.0,0.0,60,4320,60,0.0006375,0.0010930899999999984,0.001358
lossy,stationary_discounted,75,0.5,0.5,0.0,0.0,60,4320,60,0.000358,0.009244639999999943,0.019041
lossy,stationary_discounted,76,0.6166666666666667,0.6166666666666667,0.0,0.0,60,4320,60,0.0006335,0.0012397599999999975,0.001674
lossy,stationary_discounted,77,0.5166666666666667,0.5166666666666667,0.0,0.0,60,4320,60,0.0005865,0.0012096399999999986,0.001448
lossy,stationary_discounted,78,0.5166666666666667,0.5166666666666667,0.0,0.0,60,4320,60,0.0006425000000000001,0.001108569999999999,0.001272
lossy,stationary_discounted,79,0.43333333333333335,0.43333333333333335,0.0,0.0,60,4320,60,0.000636,0.0010012299999999988,0.001239
lossy,stationary_discounted,80,0.48333333333333334,0.48333333333333334,0.0,0.0,60,4320,60,0.000349,0.001005059999999999,0.001162
lossy,stationary_discounted,81,0.5,0.5,0.0,0.0,60,4320,60,0.0003545,0.0007359699999999986,0.000982
lossy,stationary_discounted,82,0.5333333333333333,0.5333333333333333,0.0,0.0,60,4320,60,0.000355,0.0007315499999999991,0.000882
lossy,stationary_discounted,83,0.5333333333333333,0.5333333333333333,0.0,0.0,60,4320,60,0.0003635,0.0007016799999999991,0.000848
lossy,stationary_discounted,84,0.5333333333333333,0.5333333333333333,0.0,0.0,60,4320,60,0.0003435,0.000692259999999999,0.000861
lossy,stationary_discounted,85,0.5333333333333333,0.5333333333333333,0.0,0.0,60,4320,60,0.000349,0.0006780999999999993,0.000802
lossy,stationary_discounted,86,0.43333333333333335,0.43333333333333335,0.0,0.0,60,4320,60,0.000353,0.000656409999999999,0.000834
lossy,stationary_discounted,87,0.55,0.55,0.0,0.0,60,4320,60,0.000349,0.0007422599999999987,0.00097
lossy,stationary_discounted,88,0.5,0.5,0.0,0.0,60,4320,60,0.0003485,0.0006922699999999992,0.000838
lossy,stationary_discounted,89,0.4166666666666667,0.4166666666666667,0.0,0.0,60,4320,60,0.000348,0.0009409599999999991,0.001092
lossy,stationary_discounted,90,0.5333333333333333,0.5333333333333333,0.0,0.0,60,4320,60,0.000356,0.001320189999999999,0.001473
lossy,stationary_discounted,91,0.4666666666666667,0.4666666666666667,0.0,0.0,60,4320,60,0.000348,0.0007106299999999992,0.000854
lossy,stationary_discounted,92,0.43333333333333335,0.43333333333333335,0.0,0.0,60,4320,60,0.000353,0.000691739999999999,0.000877
lossy,stationary_discounted,93,0.48333333333333334,0.48333333333333334,0.0,0.0,60,4320,60,0.000352,0.0006996099999999996,0.000771
lossy,stationary_discounted,94,0.4666666666666667,0.4666666666666667,0.0,0.0,60,4320,60,0.000353,0.0006480299999999991,0.000815
lossy,stationary_discounted,95,0.6,0.6,0.0,0.0,60,4320,60,0.000361,0.0006771599999999987,0.000899
lossy,stationary_discounted,96,0.5166666666666667,0.5166666666666667,0.0,0.0,60,4320,60,0.00034599999999999995,0.0007047099999999992,0.000841
lossy,stationary_discounted,97,0.4166666666666667,0.4166666666666667,0.0,0.0,60,4320,60,0.00036,0.0007607999999999983,0.001044
lossy,stationary_discounted,98,0.55,0.55,0.0,0.0,60,4320,60,0.00036950000000000004,0.003991589999999974,0.008593
lossy,stationary_discounted,99,0.5333333333333333,0.5333333333333333,0.0,0.0,60,4320,60,0.0003495,0.0007116599999999988,0.000904
lossy,stationary_discounted,100,0.5333333333333333,0.5333333333333333,0.0,0.0,60,4320,60,0.000353,0.000663009999999999,0.000817
lossy,stationary_discounted,101,0.5,0.5,0.0,0.0,60,4320,60,0.0003435,0.0006745999999999992,0.000828
lossy,stationary_discounted,102,0.5666666666666667,0.5666666666666667,0.0,0.0,60,4320,60,0.0003535,0.000681309999999999,0.000853
lossy,stationary_discounted,103,0.5,0.5,0.0,0.0,60,4320,60,0.000345,0.0006583599999999993,0.000774
lossy,stationary_discounted,104,0.5666666666666667,0.5666666666666667,0.0,0.0,60,4320,60,0.0003555,0.0009821399999999985,0.00125
lossy,stationary_discounted,105,0.48333333333333334,0.48333333333333334,0.0,0.0,60,4320,60,0.0003525,0.0007291299999999987,0.000961
lossy,stationary_discounted,106,0.5166666666666667,0.5166666666666667,0.0,0.0,60,4320,60,0.0003675,0.0007984599999999983,0.001097
lossy,stationary_discounted,107,0.43333333333333335,0.43333333333333335,0.0,0.0,60,4320,60,0.000361,0.000703439999999999,0.000871
lossy,stationary_discounted,108,0.48333333333333334,0.48333333333333334,0.0,0.0,60,4320,60,0.00073,0.0014282899999999961,0.002118
lossy,stationary_discounted,109,0.55,0.55,0.0,0.0,60,4320,60,0.000663,0.0010642399999999989,0.001279
lossy,stationary_discounted,110,0.5333333333333333,0.5333333333333333,0.0,0.0,60,4320,60,0.00061,0.0009771999999999988,0.001166
lossy,stationary_discounted,111,0.5833333333333334,0.5833333333333334,0.0,0.0,60,4320,60,0.000646,0.0010857499999999986,0.001307
lossy,stationary_discounted,112,0.55,0.55,0.0,0.0,60,4320,60,0.0005825,0.0014089899999999963,0.002022
lossy,stationary_discounted,113,0.5166666666666667,0.5166666666666667,0.0,0.0,60,4320,60,0.000364,0.0006939799999999987,0.000917
lossy,stationary_discounted,114,0.5333333333333333,0.5333333333333333,0.0,0.0,60,4320,60,0.000361,0.0006920599999999991,0.000849
lossy,stationary_discounted,115,0.4,0.4,0.0,0.0,60,4320,60,0.00035,0.0006638199999999993,0.000783
lossy,stationary_discounted,116,0.6,0.6,0.0,0.0,60,4320,60,0.00035499999999999996,0.0010001599999999986,0.001222
lossy,stationary_discounted,117,0.5166666666666667,0.5166666666666667,0.0,0.0,60,4320,60,0.00036,0.0006788299999999991,0.000834
lossy,stationary_discounted,118,0.4666666666666667,0.4666666666666667,0.0,0.0,60,4320,60,0.0003585,0.0006512199999999994,0.000735
lossy,stationary_discounted,119,0.48333333333333334,0.48333333333333334,0.0,0.0,60,4320,60,0.0003625,0.0007434599999999993,0.000865
lossy,stationary_discounted,120,0.48333333333333334,0.48333333333333334,0.0,0.0,60,4320,60,0.0003485,0.000929979999999999,0.001094
lossy,stationary_discounted,121,0.45,0.45,0.0,0.0,60,4320,60,0.000352,0.0006439799999999991,0.000808
lossy,stationary_discounted,122,0.43333333333333335,0.43333333333333335,0.0,0.0,60,4320,60,0.00037549999999999997,0.001251429999999997,0.001796
lossy,stationary_discounted,123,0.5333333333333333,0.5333333333333333,0.0,0.0,60,4320,60,0.000636,0.0011242299999999978,0.001539
lossy,stationary_discounted,124,0.5833333333333334,0.5833333333333334,0.0,0.0,60,4320,60,0.0006865,0.0014791499999999998,0.001488
lossy,stationary_discounted,125,0.6,0.6,0.0,0.0,60,4320,60,0.00064,0.0009540899999999985,0.001219
lossy,stationary_discounted,126,0.5333333333333333,0.5333333333333333,0.0,0.0,60,4320,60,0.0007095000000000001,0.0015432599999999994,0.001653
lossy,stationary_discounted,127,0.5,0.5,0.0,0.0,60,4320,60,0.000716,0.0011785899999999976,0.001591
lossy,stationary_discounted,128,0.48333333333333334,0.48333333333333334,0.0,0.0,60,4320,60,0.000704,0.001232069999999999,0.001425
lossy,stationary_discounted,129,0.4666666666666667,0.4666666666666667,0.0,0.0,60,4320,60,0.000724,0.0012002299999999983,0.001497
lossy,stationary_discounted,130,0.5333333333333333,0.5333333333333333,0.0,0.0,60,4320,60,0.000652,0.001974369999999995,0.002893
lossy,stationary_discounted,131,0.48333333333333334,0.48333333333333334,0.0,0.0,60,4320,60,0.0006305,0.0011659599999999984,0.001435
lossy,stationary_discounted,132,0.4666666666666667,0.4666666666666667,0.0,0.0,60,4320,60,0.000638,0.0016492399999999965,0.002277
lossy,stationary_discounted,133,0.48333333333333334,0.48333333333333334,0.0,0.0,60,4320,60,0.0006585,0.0017074899999999977,0.002114
lossy,stationary_discounted,134,0.45,0.45,0.0,0.0,60,4320,60,0.0006515,0.0012607699999999979,0.001613
lossy,stationary_discounted,135,0.5333333333333333,0.5333333333333333,0.0,0.0,60,4320,60,0.000664,0.001143439999999998,0.001488
lossy,stationary_discounted,136,0.45,0.45,0.0,0.0,60,4320,60,0.0006555,0.0010538199999999983,0.00135
lossy,stationary_discounted,137,0.4,0.4,0.0,0.0,60,4320,60,0.0006715,0.00138858,0.001411
lossy,stationary_discounted,138,0.55,0.55,0.0,0.0,60,4320,60,0.000363,0.002100759999999995,0.003007
lossy,stationary_discounted,139,0.55,0.55,0.0,0.0,60,4320,60,0.000356,0.0010123099999999976,0.00142
lossy,stationary_discounted,140,0.5666666666666667,0.5666666666666667,0.0,0.0,60,4320,60,0.0003565,0.0007763399999999991,0.000938
lossy,stationary_discounted,141,0.6333333333333333,0.6333333333333333,0.0,0.0,60,4320,60,0.0003395,0.0007202099999999987,0.000945
lossy,stationary_discounted,142,0.5166666666666667,0.5166666666666667,0.0,0.0,60,4320,60,0.0003415,0.0006789699999999989,0.000866
lossy,stationary_discounted,143,0.4,0.4,0.0,0.0,60,4320,60,0.000353,0.0006676499999999988,0.000883
lossy,stationary_discounted,144,0.55,0.55,0.0,0.0,60,4320,60,0.0003625,0.001391379999999998,0.001697
lossy,stationary_discounted,145,0.5333333333333333,0.5333333333333333,0.0,0.0,60,4320,60,0.000362,0.004503819999999971,0.009579
lossy,stationary_discounted,146,0.4166666666666667,0.4166666666666667,0.0,0.0,60,4320,60,0.000343,0.0006826599999999989,0.000875
lossy,stationary_discounted,147,0.5666666666666667,0.5666666666666667,0.0,0.0,60,4320,60,0.0003455,0.0007231799999999989,0.000899
lossy,stationary_discounted,148,0.45,0.45,0.0,0.0,60,4320,60,0.00034250000000000003,0.0007202999999999989,0.000915
lossy,stationary_discounted,149,0.5,0.5,0.0,0.0,60,4320,60,0.0003505,0.000669619999999999,0.000836
lossy,stationary_discounted,150,0.4666666666666667,0.4666666666666667,0.0,0.0,60,4320,60,0.0003435,0.0006754299999999989,0.000866
lossy,stationary_discounted,151,0.5333333333333333,0.5333333333333333,0.0,0.0,60,4320,60,0.000342,0.0006271099999999988,0.000846
lossy,stationary_discounted,152,0.43333333333333335,0.43333333333333335,0.0,0.0,60,4320,60,0.0003375,0.0007369899999999985,0.000996
lossy,stationary_discounted,153,0.6,0.6,0.0,0.0,60,4320,60,0.0003505,0.0006515199999999991,0.000812
lossy,stationary_discounted,154,0.5,0.5,0.0,0.0,60,4320,60,0.000352,0.0011259399999999989,0.001323
lossy,stationary_discounted,155,0.5166666666666667,0.5166666666666667,0.0,0.0,60,4320,60,0.0003585,0.0006910899999999985,0.000956
lossy,stationary_discounted,156,0.45,0.45,0.0,0.0,60,4320,60,0.000352,0.0007428499999999987,0.00097
lossy,stationary_discounted,157,0.5166666666666667,0.5166666666666667,0.0,0.0,60,4320,60,0.000354,0.0006874799999999989,0.000881
lossy,stationary_discounted,158,0.5166666666666667,0.5166666666666667,0.0,0.0,60,4320,60,0.00037299999999999996,0.0009487899999999989,0.001137
lossy,stationary_discounted,159,0.45,0.45,0.0,0.0,60,4320,60,0.000627,0.001249869999999997,0.001785
lossy,stationary_discounted,160,0.5,0.5,0.0,0.0,60,4320,60,0.0007055,0.0016824999999999995,0.001771
lossy,stationary_discounted,161,0.5666666666666667,0.5666666666666667,0.0,0.0,60,4320,60,0.0006415,0.0015103199999999992,0.001659
lossy,stationary_discounted,162,0.48333333333333334,0.48333333333333334,0.0,0.0,60,4320,60,0.0006145,0.0010776099999999982,0.001385
lossy,stationary_discounted,163,0.4666666666666667,0.4666666666666667,0.0,0.0,60,4320,60,0.000357,0.0007556299999999988,0.000958
lossy,stationary_discounted,164,0.5,0.5,0.0,0.0,60,4320,60,0.00036,0.0007219299999999987,0.000942
lossy,stationary_discounted,165,0.5333333333333333,0.5333333333333333,0.0,0.0,60,4320,60,0.00034449999999999997,0.000730719999999999,0.000903
lossy,stationary_discounted,166,0.5,0.5,0.0,0.0,60,4320,60,0.00034199999999999996,0.0009039599999999991,0.001055
lossy,stationary_discounted,167,0.55,0.55,0.0,0.0,60,4320,60,0.0003465,0.0008023999999999988,0.001003
lossy,stationary_discounted,168,0.48333333333333334,0.48333333333333334,0.0,0.0,60,4320,60,0.000352,0.0007752199999999989,0.000977
lossy,stationary_discounted,169,0.5166666666666667,0.5166666666666667,0.0,0.0,60,4320,60,0.0003305,0.0007876299999999985,0.001049
lossy,stationary_discounted,170,0.6166666666666667,0.6166666666666667,0.0,0.0,60,4320,60,0.000346,0.0007432899999999984,0.00102
lossy,stationary_discounted,171,0.5166666666666667,0.5166666666666667,0.0,0.0,60,4320,60,0.0003535,0.0007048499999999986,0.000932
lossy,stationary_discounted,172,0.4666666666666667,0.4666666666666667,0.0,0.0,60,4320,60,0.0003525,0.0006979399999999992,0.000836
lossy,stationary_discounted,173,0.48333333333333334,0.48333333333333334,0.0,0.0,60,4320,60,0.000352,0.0006647599999999993,0.000804
lossy,stationary_discounted,174,0.45,0.45,0.0,0.0,60,4320,60,0.000366,0.0006953499999999995,0.000775
lossy,stationary_discounted,175,0.5333333333333333,0.5333333333333333,0.0,0.0,60,4320,60,0.00033,0.0007947699999999986,0.001029
lossy,stationary_discounted,176,0.5166666666666667,0.5166666666666667,0.0,0.0,60,4320,60,0.000723,0.0012307099999999975,0.001662
lossy,stationary_discounted,177,0.48333333333333334,0.48333333333333334,0.0,0.0,60,4320,60,0.000691,0.0011109299999999983,0.00139
lossy,stationary_discounted,178,0.5166666666666667,0.5166666666666667,0.0,0.0,60,4320,60,0.000636,0.0009953299999999983,0.001298
lossy,stationary_discounted,179,0.5333333333333333,0.5333333333333333,0.0,0.0,60,4320,60,0.0006325,0.0010846599999999992,0.001218
lossy,stationary_discounted,180,0.5,0.5,0.0,0.0,60,4320,60,0.0005955,0.0009857099999999986,0.00124
lossy,stationary_discounted,181,0.5333333333333333,0.5333333333333333,0.0,0.0,60,4320,60,0.0006345000000000001,0.0010393499999999986,0.001296
lossy,stationary_discounted,182,0.55,0.55,0.0,0.0,60,4320,60,0.0005915,0.006999129999999952,0.015137
lossy,stationary_discounted,183,0.43333333333333335,0.43333333333333335,0.0,0.0,60,4320,60,0.0006275,0.0012724499999999979,0.001653
lossy,stationary_discounted,184,0.5,0.5,0.0,0.0,60,4320,60,0.0006355,0.0010805499999999987,0.00129
lossy,stationary_discounted,185,0.55,0.55,0.0,0.0,60,4320,60,0.0006284999999999999,0.0010017599999999987,0.0012
lossy,stationary_discounted,186,0.4666666666666667,0.4666666666666667,0.0,0.0,60,4320,60,0.000356,0.0009755499999999984,0.001244
lossy,stationary_discounted,187,0.43333333333333335,0.43333333333333335,0.0,0.0,60,4320,60,0.000359,0.0007422499999999995,0.000816
lossy,stationary_discounted,188,0.48333333333333334,0.48333333333333334,0.0,0.0,60,4320,60,0.0003455,0.009046399999999987,0.011253
lossy,stationary_discounted,189,0.48333333333333334,0.48333333333333334,0.0,0.0,60,4320,60,0.0003435,0.0007196399999999986,0.000958
lossy,stationary_discounted,190,0.5,0.5,0.0,0.0,60,4320,60,0.000349,0.0007369699999999986,0.000983
lossy,stationary_discounted,191,0.4166666666666667,0.4166666666666667,0.0,0.0,60,4320,60,0.00036399999999999996,0.0007253999999999984,0.000985
lossy,stationary_discounted,192,0.6333333333333333,0.6333333333333333,0.0,0.0,60,4320,60,0.000356,0.0006918499999999991,0.00086
lossy,stationary_discounted,193,0.55,0.55,0.0,0.0,60,4320,60,0.000565,0.0007541199999999992,0.000891
lossy,stationary_discounted,194,0.6,0.6,0.0,0.0,60,4320,60,0.0003535,0.0011904899999999976,0.001597
lossy,stationary_discounted,195,0.55,0.55,0.0,0.0,60,4320,60,0.00035000000000000005,0.0008636399999999982,0.001161
lossy,stationary_discounted,196,0.4666666666666667,0.4666666666666667,0.0,0.0,60,4320,60,0.0003635,0.0011219399999999999,0.001142
lossy,stationary_discounted,197,0.48333333333333334,0.48333333333333334,0.0,0.0,60,4320,60,0.00036,0.001154569999999998,0.001495
lossy,stationary_discounted,198,0.6,0.6,0.0,0.0,60,4320,60,0.0005385,0.0009828299999999994,0.001079
lossy,stationary_discounted,199,0.4166666666666667,0.4166666666666667,0.0,0.0,60,4320,60,0.000596,0.002733979999999991,0.004314
lossy,stationary_discounted,200,0.48333333333333334,0.48333333333333334,0.0,0.0,60,4320,60,0.000612,0.0013931099999999967,0.001966
lossy,stationary_discounted,201,0.5,0.5,0.0,0.0,60,4320,60,0.0005915,0.0021218299999999943,0.003103
lossy,stationary_discounted,202,0.65,0.65,0.0,0.0,60,4320,60,0.0006145,0.0013478199999999972,0.001821
lossy,stationary_discounted,203,0.4666666666666667,0.4666666666666667,0.0,0.0,60,4320,60,0.0006025,0.001187599999999998,0.001518
lossy,stationary_discounted,204,0.36666666666666664,0.36666666666666664,0.0,0.0,60,4320,60,0.000608,0.0011109899999999981,0.001429
lossy,stationary_discounted,205,0.45,0.45,0.0,0.0,60,4320,60,0.0006050000000000001,0.0013555799999999995,0.001437
lossy,stationary_discounted,206,0.5666666666666667,0.5666666666666667,0.0,0.0,60,4320,60,0.0005905000000000001,0.0009812599999999981,0.001327
lossy,stationary_discounted,207,0.55,0.55,0.0,0.0,60,4320,60,0.0003635,0.0008151299999999994,0.000929
lossy,stationary_discounted,208,0.45,0.45,0.0,0.0,60,4320,60,0.00035000000000000005,0.0006895199999999988,0.000909
lossy,stationary_discounted,209,0.55,0.55,0.0,0.0,60,4320,60,0.000344,0.0007261599999999997,0.000771
lossy,stationary_discounted,210,0.5,0.5,0.0,0.0,60,4320,60,0.0003385,0.0006460699999999989,0.000839
lossy,stationary_discounted,211,0.4666666666666667,0.4666666666666667,0.0,0.0,60,4320,60,0.000337,0.0006225499999999987,0.000832
lossy,stationary_discounted,212,0.5166666666666667,0.5166666666666667,0.0,0.0,60,4320,60,0.0007785,0.004435729999999998,0.004821
lossy,stationary_discounted,213,0.5,0.5,0.0,0.0,60,4320,60,0.0006205,0.0013949399999999964,0.002005
lossy,stationary_discounted,214,0.5333333333333333,0.5333333333333333,0.0,0.0,60,4320,60,0.0006145,0.0010154899999999978,0.001422
lossy,stationary_discounted,215,0.5166666666666667,0.5166666666666667,0.0,0.0,60,4320,60,0.0006085,0.001032509999999999,0.001216
lossy,stationary_discounted,216,0.5666666666666667,0.5666666666666667,0.0,0.0,60,4320,60,0.0005705,0.0010789999999999986,0.001315
lossy,stationary_discounted,217,0.55,0.55,0.0,0.0,60,4320,60,0.0005915,0.0010820599999999986,0.001298
lossy,stationary_discounted,218,0.5833333333333334,0.5833333333333334,0.0,0.0,60,4320,60,0.0005495000000000001,0.006329869999999959,0.013473
lossy,stationary_discounted,219,0.48333333333333334,0.48333333333333334,0.0,0.0,60,4320,60,0.0005755000000000001,0.000923179999999998,0.001276
lossy,stationary_discounted,220,0.5833333333333334,0.5833333333333334,0.0,0.0,60,4320,60,0.0005685,0.001037109999999998,0.001374
lossy,stationary_discounted,221,0.45,0.45,0.0,0.0,60,4320,60,0.00058,0.0010349499999999987,0.001268
lossy,stationary_discounted,222,0.65,0.65,0.0,0.0,60,4320,60,0.000575,0.001052819999999998,0.001408
lossy,stationary_discounted,223,0.5,0.5,0.0,0.0,60,4320,60,0.0005775,0.0009889899999999986,0.001248
lossy,stationary_discounted,224,0.48333333333333334,0.48333333333333334,0.0,0.0,60,4320,60,0.0005895,0.0012313599999999973,0.001701
lossy,stationary_discounted,225,0.4666666666666667,0.4666666666666667,0.0,0.0,60,4320,60,0.0005665,0.0011244399999999987,0.001351
lossy,stationary_discounted,226,0.45,0.45,0.0,0.0,60,4320,60,0.0004305,0.0010515999999999978,0.001441
lossy,stationary_discounted,227,0.5333333333333333,0.5333333333333333,0.0,0.0,60,4320,60,0.000508,0.0011515499999999977,0.001538
lossy,stationary_discounted,228,0.48333333333333334,0.48333333333333334,0.0,0.0,60,4320,60,0.00035800000000000003,0.001142329999999999,0.001327
lossy,stationary_discounted,229,0.48333333333333334,0.48333333333333334,0.0,0.0,60,4320,60,0.0003465,0.004073949999999974,0.008614
lossy,stationary_discounted,230,0.5,0.5,0.0,0.0,60,4320,60,0.000339,0.0008034199999999987,0.001017
lossy,stationary_discounted,231,0.4,0.4,0.0,0.0,60,4320,60,0.000513,0.0010960699999999983,0.001407
lossy,stationary_discounted,232,0.6,0.6,0.0,0.0,60,4320,60,0.000344,0.0007947999999999983,0.001078
lossy,stationary_discounted,233,0.5333333333333333,0.5333333333333333,0.0,0.0,60,4320,60,0.000345,0.0007111799999999983,0.001005
lossy,stationary_discounted,234,0.5333333333333333,0.5333333333333333,0.0,0.0,60,4320,60,0.000335,0.0006573199999999991,0.000806
lossy,stationary_discounted,235,0.5166666666666667,0.5166666666666667,0.0,0.0,60,4320,60,0.00033350000000000003,0.0006115099999999989,0.000795
lossy,stationary_discounted,236,0.38333333333333336,0.38333333333333336,0.0,0.0,60,4320,60,0.0003275,0.000645459999999999,0.000826
lossy,stationary_discounted,237,0.43333333333333335,0.43333333333333335,0.0,0.0,60,4320,60,0.000334,0.0054693199999999624,0.011931
lossy,stationary_discounted,238,0.36666666666666664,0.36666666666666664,0.0,0.0,60,4320,60,0.000336,0.0007306299999999988,0.000933
lossy,stationary_discounted,239,0.45,0.45,0.0,0.0,60,4320,60,0.0005665,0.0010071399999999977,0.001393
lossy,stationary_discounted,240,0.5166666666666667,0.5166666666666667,0.0,0.0,60,4320,60,0.0005715,0.0009033099999999986,0.001134
lossy,stationary_discounted,241,0.6333333333333333,0.6333333333333333,0.0,0.0,60,4320,60,0.000387,0.0008061399999999991,0.000956
lossy,stationary_discounted,242,0.5666666666666667,0.5666666666666667,0.0,0.0,60,4320,60,0.000343,0.0010454399999999986,0.001272
lossy,stationary_discounted,243,0.5333333333333333,0.5333333333333333,0.0,0.0,60,4320,60,0.000546,0.0009627599999999985,0.00122
lossy,stationary_discounted,244,0.55,0.55,0.0,0.0,60,4320,60,0.000353,0.0012857599999999989,0.001484
lossy,stationary_discounted,245,0.6,0.6,0.0,0.0,60,4320,60,0.000362,0.0009921799999999983,0.001286
lossy,stationary_discounted,246,0.5,0.5,0.0,0.0,60,4320,60,0.00042,0.000997729999999998,0.001324
lossy,stationary_discounted,247,0.6,0.6,0.0,0.0,60,4320,60,0.0005195,0.000916229999999999,0.001095
lossy,stationary_discounted,248,0.5166666666666667,0.5166666666666667,0.0,0.0,60,4320,60,0.000546,0.0009497399999999982,0.001253
lossy,stationary_discounted,249,0.6333333333333333,0.6333333333333333,0.0,0.0,60,4320,60,0.0003875,0.0011150099999999983,0.001387
lossy,stationary_discounted,250,0.4666666666666667,0.4666666666666667,0.0,0.0,60,4320,60,0.0003635,0.0010424399999999986,0.001269
lossy,stationary_discounted,251,0.55,0.55,0.0,0.0,60,4320,60,0.000531,0.0011632399999999992,0.001319
lossy,stationary_discounted,252,0.5,0.5,0.0,0.0,60,4320,60,0.00042350000000000005,0.000854899999999999,0.001026
lossy,stationary_discounted,253,0.4666666666666667,0.4666666666666667,0.0,0.0,60,4320,60,0.000752,0.0022711499999999935,0.003401
lossy,stationary_discounted,254,0.5666666666666667,0.5666666666666667,0.0,0.0,60,4320,60,0.000736,0.001376039999999998,0.001697
lossy,stationary_discounted,255,0.48333333333333334,0.48333333333333334,0.0,0.0,60,4320,60,0.0007785,0.001279999999999998,0.001634
lossy,stationary_discounted,256,0.48333333333333334,0.48333333333333334,0.0,0.0,60,4320,60,0.0003395,0.0021949499999999946,0.003136
lossy,stationary_discounted,257,0.45,0.45,0.0,0.0,60,4320,60,0.000338,0.0009037799999999981,0.001233
lossy,stationary_discounted,258,0.4666666666666667,0.4666666666666667,0.0,0.0,60,4320,60,0.000338,0.0007276099999999989,0.000917
lossy,stationary_discounted,259,0.5833333333333334,0.5833333333333334,0.0,0.0,60,4320,60,0.000611,0.0021046499999999926,0.003382
lossy,stationary_discounted,260,0.48333333333333334,0.48333333333333334,0.0,0.0,60,4320,60,0.0006705000000000001,0.001499359999999997,0.002028
lossy,stationary_discounted,261,0.45,0.45,0.0,0.0,60,4320,60,0.0007115,0.0012599099999999984,0.001526
lossy,stationary_discounted,262,0.5,0.5,0.0,0.0,60,4320,60,0.0007329999999999999,0.026837279999999797,0.062301
lossy,stationary_discounted,263,0.4666666666666667,0.4666666666666667,0.0,0.0,60,4320,60,0.0007795,0.0015674399999999972,0.00203
lossy,stationary_discounted,264,0.5333333333333333,0.5333333333333333,0.0,0.0,60,4320,60,0.0008045,0.0015556499999999978,0.001948
lossy,stationary_discounted,265,0.5166666666666667,0.5166666666666667,0.0,0.0,60,4320,60,0.0008049999999999999,0.00187094,0.001891
lossy,stationary_discounted,266,0.6,0.6,0.0,0.0,60,4320,60,0.0007795,0.0013268599999999985,0.00159
lossy,stationary_discounted,267,0.5333333333333333,0.5333333333333333,0.0,0.0,60,4320,60,0.000803,0.0013050599999999985,0.00158
lossy,stationary_discounted,268,0.5166666666666667,0.5166666666666667,0.0,0.0,60,4320,60,0.0007700000000000001,0.001319239999999998,0.001652
lossy,stationary_discounted,269,0.5,0.5,0.0,0.0,60,4320,60,0.0008415,0.0017273199999999986,0.001994
lossy,stationary_discounted,270,0.55,0.55,0.0,0.0,60,4320,60,0.0007819999999999999,0.002020139999999996,0.002701
lossy,stationary_discounted,271,0.4166666666666667,0.4166666666666667,0.0,0.0,60,4320,60,0.000808,0.0014574599999999977,0.001874
lossy,stationary_discounted,272,0.45,0.45,0.0,0.0,60,4320,60,0.000798,0.001557619999999997,0.002078
lossy,stationary_discounted,273,0.5333333333333333,0.5333333333333333,0.0,0.0,60,4320,60,0.0008135,0.0015416399999999976,0.001957
lossy,stationary_discounted,274,0.5166666666666667,0.5166666666666667,0.0,0.0,60,4320,60,0.0007905,0.0013876699999999984,0.001675
lossy,stationary_discounted,275,0.45,0.45,0.0,0.0,60,4320,60,0.0007745,0.002347319999999997,0.002909
lossy,stationary_discounted,276,0.48333333333333334,0.48333333333333334,0.0,0.0,60,4320,60,0.000809,0.0014779799999999998,0.001524
lossy,stationary_discounted,277,0.5833333333333334,0.5833333333333334,0.0,0.0,60,4320,60,0.00037799999999999997,0.0009954699999999979,0.001389
lossy,stationary_discounted,278,0.5833333333333334,0.5833333333333334,0.0,0.0,60,4320,60,0.0005135000000000001,0.0010744699999999997,0.001114
lossy,stationary_discounted,279,0.43333333333333335,0.43333333333333335,0.0,0.0,60,4320,60,0.0005625000000000001,0.001101689999999998,0.001461
lossy,stationary_discounted,280,0.43333333333333335,0.43333333333333335,0.0,0.0,60,4320,60,0.0003745,0.000833749999999999,0.000996
lossy,stationary_discounted,281,0.5333333333333333,0.5333333333333333,0.0,0.0,60,4320,60,0.0003835,0.0008050099999999991,0.000959
lossy,stationary_discounted,282,0.45,0.45,0.0,0.0,60,4320,60,0.00043749999999999995,0.0008935999999999987,0.001106
lossy,stationary_discounted,283,0.4166666666666667,0.4166666666666667,0.0,0.0,60,4320,60,0.0004345,0.001060969999999999,0.001248
lossy,stationary_discounted,284,0.43333333333333335,0.43333333333333335,0.0,0.0,60,4320,60,0.0004075,0.0008167899999999993,0.000946
lossy,stationary_discounted,285,0.5333333333333333,0.5333333333333333,0.0,0.0,60,4320,60,0.0005645,0.0011733099999999977,0.001581
lossy,stationary_discounted,286,0.5333333333333333,0.5333333333333333,0.0,0.0,60,4320,60,0.00041549999999999996,0.0008177599999999989,0.001016
lossy,stationary_discounted,287,0.5333333333333333,0.5333333333333333,0.0,0.0,60,4320,60,0.00044649999999999996,0.0008536399999999997,0.000915
lossy,stationary_discounted,288,0.5333333333333333,0.5333333333333333,0.0,0.0,60,4320,60,0.0005380000000000001,0.0012545699999999985,0.001536
lossy,stationary_discounted,289,0.48333333333333334,0.48333333333333334,0.0,0.0,60,4320,60,0.000639,0.001272979999999997,0.001791
lossy,stationary_discounted,290,0.5166666666666667,0.5166666666666667,0.0,0.0,60,4320,60,0.0006805,0.0010192299999999986,0.001257
lossy,stationary_discounted,291,0.5833333333333334,0.5833333333333334,0.0,0.0,60,4320,60,0.0006295000000000001,0.0013396899999999993,0.001463
lossy,stationary_discounted,292,0.5,0.5,0.0,0.0,60,4320,60,0.0006325,0.005984019999999962,0.012546
lossy,stationary_discounted,293,0.5333333333333333,0.5333333333333333,0.0,0.0,60,4320,60,0.0006249999999999999,0.0010848199999999987,0.001322
lossy,stationary_discounted,294,0.5166666666666667,0.5166666666666667,0.0,0.0,60,4320,60,0.000619,0.001273399999999997,0.001769
lossy,stationary_discounted,295,0.4,0.4,0.0,0.0,60,4320,60,0.000603,0.0010802699999999973,0.001521
lossy,stationary_discounted,296,0.48333333333333334,0.48333333333333334,0.0,0.0,60,4320,60,0.0006335,0.0010266499999999992,0.001183
lossy,stationary_discounted,297,0.5166666666666667,0.5166666666666667,0.0,0.0,60,4320,60,0.000632,0.001302,0.001302
lossy,stationary_discounted,298,0.5833333333333334,0.5833333333333334,0.0,0.0,60,4320,60,0.0005835,0.0022791599999999936,0.003445
lossy,stationary_discounted,299,0.43333333333333335,0.43333333333333335,0.0,0.0,60,4320,60,0.0006000000000000001,0.0014375399999999963,0.002083
lossy,stationary_discounted,300,0.5333333333333333,0.5333333333333333,0.0,0.0,60,4320,60,0.00035099999999999997,0.0008825599999999982,0.001187
lossy,stationary_discounted,301,0.55,0.55,0.0,0.0,60,4320,60,0.00035800000000000003,0.0008136799999999988,0.001019
lossy,stationary_discounted,302,0.5666666666666667,0.5666666666666667,0.0,0.0,60,4320,60,0.0004305,0.0008523499999999989,0.00105
lossy,stationary_discounted,303,0.55,0.55,0.0,0.0,60,4320,60,0.000349,0.0010043999999999984,0.001264
lossy,stationary_discounted,304,0.55,0.55,0.0,0.0,60,4320,60,0.0003485,0.006618139999999953,0.014674
lossy,stationary_discounted,305,0.5,0.5,0.0,0.0,60,4320,60,0.0005555,0.0010563699999999983,0.001326
lossy,stationary_discounted,306,0.5666666666666667,0.5666666666666667,0.0,0.0,60,4320,60,0.00034,0.0009856399999999986,0.001224
lossy,stationary_discounted,307,0.48333333333333334,0.48333333333333334,0.0,0.0,60,4320,60,0.0003495,0.0009916299999999986,0.001253
lossy,stationary_discounted,308,0.5333333333333333,0.5333333333333333,0.0,0.0,60,4320,60,0.000363,0.0009712899999999987,0.001189
lossy,stationary_discounted,309,0.5333333333333333,0.5333333333333333,0.0,0.0,60,4320,60,0.000356,0.0008025999999999991,0.000956
lossy,stationary_discounted,310,0.5666666666666667,0.5666666666666667,0.0,0.0,60,4320,60,0.000357,0.000838159999999999,0.001001
lossy,stationary_discounted,311,0.5,0.5,0.0,0.0,60,4320,60,0.000352,0.0008258699999999986,0.001066
lossy,stationary_discounted,312,0.4166666666666667,0.4166666666666667,0.0,0.0,60,4320,60,0.0003775,0.0008622599999999987,0.00109
lossy,stationary_discounted,313,0.5166666666666667,0.5166666666666667,0.0,0.0,60,4320,60,0.000432,0.001419209999999995,0.002293
lossy,stationary_discounted,314,0.5833333333333334,0.5833333333333334,0.0,0.0,60,4320,60,0.0005505,0.00152755,0.00156
lossy,stationary_discounted,315,0.55,0.55,0.0,0.0,60,4320,60,0.0003535,0.0009742599999999983,0.001261
lossy,stationary_discounted,316,0.5166666666666667,0.5166666666666667,0.0,0.0,60,4320,60,0.000447,0.0007845499999999991,0.000935
lossy,stationary_discounted,317,0.5,0.5,0.0,0.0,60,4320,60,0.000343,0.000958539999999998,0.001309
lossy,stationary_discounted,318,0.55,0.55,0.0,0.0,60,4320,60,0.0003345,0.0008295599999999983,0.001134
lossy,stationary_discounted,319,0.43333333333333335,0.43333333333333335,0.0,0.0,60,4320,60,0.0005395,0.0009207699999999994,0.001037
lossy,stationary_discounted,320,0.6,0.6,0.0,0.0,60,4320,60,0.000445,0.0010587999999999988,0.001283
lossy,stationary_discounted,321,0.4,0.4,0.0,0.0,60,4320,60,0.0005124999999999999,0.0008305799999999995,0.000912
lossy,stationary_discounted,322,0.43333333333333335,0.43333333333333335,0.0,0.0,60,4320,60,0.0005675000000000001,0.0007802799999999993,0.000903
lossy,stationary_discounted,323,0.55,0.55,0.0,0.0,60,4320,60,0.0005445000000000001,0.0011733399999999988,0.001394
lossy,stationary_discounted,324,0.45,0.45,0.0,0.0,60,4320,60,0.0003855,0.0008926499999999991,0.001049
lossy,stationary_discounted,325,0.5,0.5,0.0,0.0,60,4320,60,0.0005065,0.0010186999999999985,0.001296
lossy,stationary_discounted,326,0.5333333333333333,0.5333333333333333,0.0,0.0,60,4320,60,0.000512,0.0014921999999999989,0.001681
lossy,stationary_discounted,327,0.55,0.55,0.0,0.0,60,4320,60,0.00035749999999999996,0.0009426499999999994,0.00104
lossy,stationary_discounted,328,0.48333333333333334,0.48333333333333334,0.0,0.0,60,4320,60,0.000355,0.0010391999999999986,0.001287
lossy,stationary_discounted,329,0.5333333333333333,0.5333333333333333,0.0,0.0,60,4320,60,0.000347,0.0008237299999999988,0.001032
lossy,stationary_discounted,330,0.55,0.55,0.0,0.0,60,4320,60,0.0003465,0.0007862899999999984,0.001063
lossy,stationary_discounted,331,0.55,0.55,0.0,0.0,60,4320,60,0.000397,0.0008591399999999988,0.001068
lossy,stationary_discounted,332,0.5666666666666667,0.5666666666666667,0.0,0.0,60,4320,60,0.0005235,0.0010697699999999977,0.001481
lossy,stationary_discounted,333,0.6,0.6,0.0,0.0,60,4320,60,0.0005075,0.0013386399999999992,0.001459
lossy,stationary_discounted,334,0.5333333333333333,0.5333333333333333,0.0,0.0,60,4320,60,0.0003995,0.001337989999999999,0.001538
lossy,stationary_discounted,335,0.5833333333333334,0.5833333333333334,0.0,0.0,60,4320,60,0.0005515,0.0009014199999999988,0.001115
lossy,stationary_discounted,336,0.5166666666666667,0.5166666666666667,0.0,0.0,60,4320,60,0.0005605,0.001138539999999999,0.001312
lossy,stationary_discounted,337,0.4666666666666667,0.4666666666666667,0.0,0.0,60,4320,60,0.000554,0.0008797799999999984,0.00115
lossy,stationary_discounted,338,0.5,0.5,0.0,0.0,60,4320,60,0.000517,0.0012563299999999965,0.001854
lossy,stationary_discounted,339,0.48333333333333334,0.48333333333333334,0.0,0.0,60,4320,60,0.0005815,0.0011741199999999975,0.001606
lossy,stationary_discounted,340,0.5833333333333334,0.5833333333333334,0.0,0.0,60,4320,60,0.0005705,0.0010443999999999985,0.001304
lossy,stationary_discounted,341,0.35,0.35,0.0,0.0,60,4320,60,0.0005705,0.0011275099999999978,0.001488
lossy,stationary_discounted,342,0.5,0.5,0.0,0.0,60,4320,60,0.0006004999999999999,0.0015360899999999997,0.001565
lossy,stationary_discounted,343,0.4666666666666667,0.4666666666666667,0.0,0.0,60,4320,60,0.0005920000000000001,0.0011793399999999983,0.001459
lossy,stationary_discounted,344,0.5,0.5,0.0,0.0,60,4320,60,0.0006659999999999999,0.0016603099999999951,0.00254
lossy,stationary_discounted,345,0.48333333333333334,0.48333333333333334,0.0,0.0,60,4320,60,0.0006280000000000001,0.0010471699999999985,0.001305
lossy,stationary_discounted,346,0.6,0.6,0.0,0.0,60,4320,60,0.0006265,0.0011407199999999983,0.001431
lossy,stationary_discounted,347,0.5333333333333333,0.5333333333333333,0.0,0.0,60,4320,60,0.0006295,0.0011835499999999985,0.001452
lossy,stationary_discounted,348,0.4,0.4,0.0,0.0,60,4320,60,0.0005965,0.0010246599999999984,0.001276
lossy,stationary_discounted,349,0.45,0.45,0.0,0.0,60,4320,60,0.000623,0.0058723999999999625,0.012327
lossy,stationary_discounted,350,0.4666666666666667,0.4666666666666667,0.0,0.0,60,4320,60,0.0006295000000000001,0.0010318199999999988,0.00121
lossy,stationary_discounted,351,0.5,0.5,0.0,0.0,60,4320,60,0.0006085000000000001,0.001536629999999999,0.001739
lossy,stationary_discounted,352,0.5333333333333333,0.5333333333333333,0.0,0.0,60,4320,60,0.0006135,0.0010553899999999987,0.001279
lossy,stationary_discounted,353,0.5,0.5,0.0,0.0,60,4320,60,0.0006135,0.0010109499999999987,0.001244
lossy,stationary_discounted,354,0.5,0.5,0.0,0.0,60,4320,60,0.0006284999999999999,0.0011770799999999988,0.001406
lossy,stationary_discounted,355,0.5333333333333333,0.5333333333333333,0.0,0.0,60,4320,60,0.0006184999999999999,0.0010183699999999991,0.00117
lossy,stationary_discounted,356,0.4666666666666667,0.4666666666666667,0.0,0.0,60,4320,60,0.0005795,0.0011702599999999983,0.001457
lossy,stationary_discounted,357,0.4666666666666667,0.4666666666666667,0.0,0.0,60,4320,60,0.0006185,0.0011160099999999984,0.001388
lossy,stationary_discounted,358,0.5333333333333333,0.5333333333333333,0.0,0.0,60,4320,60,0.000581,0.0023385299999999923,0.003656
lossy,stationary_discounted,359,0.5166666666666667,0.5166666666666667,0.0,0.0,60,4320,60,0.0006265,0.0018191699999999947,0.002726
lossy,stationary_discounted,360,0.4666666666666667,0.4666666666666667,0.0,0.0,60,4320,60,0.000619,0.0013304499999999971,0.001829
lossy,stationary_discounted,361,0.5166666666666667,0.5166666666666667,0.0,0.0,60,4320,60,0.0005935000000000001,0.0011603599999999983,0.001453
lossy,stationary_discounted,362,0.4666666666666667,0.4666666666666667,0.0,0.0,60,4320,60,0.0006315,0.0010140999999999982,0.001315
lossy,stationary_discounted,363,0.5,0.5,0.0,0.0,60,4320,60,0.000548,0.002233209999999993,0.003461
lossy,stationary_discounted,364,0.5833333333333334,0.5833333333333334,0.0,0.0,60,4320,60,0.000534,0.0013686499999999973,0.00182
lossy,stationary_discounted,365,0.6333333333333333,0.6333333333333333,0.0,0.0,60,4320,60,0.0005380000000000001,0.0014274799999999999,0.001444
lossy,stationary_discounted,366,0.4166666666666667,0.4166666666666667,0.0,0.0,60,4320,60,0.0004925,0.0010319099999999987,0.001239
lossy,stationary_discounted,367,0.48333333333333334,0.48333333333333334,0.0,0.0,60,4320,60,0.000423,0.0010070699999999988,0.0012
lossy,stationary_discounted,368,0.4666666666666667,0.4666666666666667,0.0,0.0,60,4320,60,0.00051,0.0053950199999999665,0.011249
lossy,stationary_discounted,369,0.5,0.5,0.0,0.0,60,4320,60,0.000473,0.0009973299999999985,0.001241
lossy,stationary_discounted,370,0.55,0.55,0.0,0.0,60,4320,60,0.000558,0.0013046499999999999,0.001343
lossy,stationary_discounted,371,0.6,0.6,0.0,0.0,60,4320,60,0.000632,0.0011675999999999987,0.00138
lossy,stationary_discounted,372,0.6,0.6,0.0,0.0,60,4320,60,0.0005945,0.0010179399999999989,0.001215
lossy,stationary_discounted,373,0.4666666666666667,0.4666666666666667,0.0,0.0,60,4320,60,0.000602,0.001234969999999998,0.001599
lossy,stationary_discounted,374,0.4666666666666667,0.4666666666666667,0.0,0.0,60,4320,60,0.0005895,0.0010148299999999985,0.001288
lossy,stationary_discounted,375,0.5,0.5,0.0,0.0,60,4320,60,0.000594,0.00727638999999995,0.015996
lossy,stationary_discounted,376,0.5333333333333333,0.5333333333333333,0.0,0.0,60,4320,60,0.00057,0.001099939999999998,0.001415
lossy,stationary_discounted,377,0.5,0.5,0.0,0.0,60,4320,60,0.0006025,0.001017709999999999,0.001213
lossy,stationary_discounted,378,0.45,0.45,0.0,0.0,60,4320,60,0.000599,0.0014144699999999984,0.00169
lossy,stationary_discounted,379,0.4666666666666667,0.4666666666666667,0.0,0.0,60,4320,60,0.000609,0.0010416599999999985,0.001293
lossy,stationary_discounted,380,0.5,0.5,0.0,0.0,60,4320,60,0.0006095,0.0009710699999999992,0.001105
lossy,stationary_discounted,381,0.48333333333333334,0.48333333333333334,0.0,0.0,60,4320,60,0.0006345000000000001,0.00133663,0.001362
lossy,stationary_discounted,382,0.5166666666666667,0.5166666666666667,0.0,0.0,60,4320,60,0.0006115000000000001,0.001132079999999998,0.001479
lossy,stationary_discounted,383,0.5333333333333333,0.5333333333333333,0.0,0.0,60,4320,60,0.000558,0.001227099999999998,0.001587
lossy,stationary_discounted,384,0.5,0.5,0.0,0.0,60,4320,60,0.0006154999999999999,0.001020829999999999,0.001176
lossy,stationary_discounted,385,0.6166666666666667,0.6166666666666667,0.0,0.0,60,4320,60,0.0005925,0.009042629999999935,0.020219
lossy,stationary_discounted,386,0.5333333333333333,0.5333333333333333,0.0,0.0,60,4320,60,0.0005915,0.0009442099999999984,0.001228
lossy,stationary_discounted,387,0.5166666666666667,0.5166666666666667,0.0,0.0,60,4320,60,0.0005985000000000001,0.001003559999999998,0.001367
lossy,stationary_discounted,388,0.6166666666666667,0.6166666666666667,0.0,0.0,60,4320,60,0.0005755000000000001,0.001112159999999998,0.001452
lossy,stationary_discounted,389,0.55,0.55,0.0,0.0,60,4320,60,0.0006104999999999999,0.0010364499999999984,0.001299
lossy,stationary_discounted,390,0.55,0.55,0.0,0.0,60,4320,60,0.0005425,0.0010768899999999974,0.001507
lossy,stationary_discounted,391,0.4666666666666667,0.4666666666666667,0.0,0.0,60,4320,60,0.000611,0.0011601699999999977,0.001536
lossy,stationary_discounted,392,0.48333333333333334,0.48333333333333334,0.0,0.0,60,4320,60,0.000577,0.0044447299999999775,0.00837
lossy,stationary_discounted,393,0.5833333333333334,0.5833333333333334,0.0,0.0,60,4320,60,0.000625,0.00471724999999997,0.009865
lossy,stationary_discounted,394,0.5166666666666667,0.5166666666666667,0.0,0.0,60,4320,60,0.000623,0.0011966499999999977,0.001589
lossy,stationary_discounted,395,0.4,0.4,0.0,0.0,60,4320,60,0.00068,0.001129019999999999,0.001319
lossy,stationary_discounted,396,0.55,0.55,0.0,0.0,60,4320,60,0.000644,0.0011885899999999983,0.001483
lossy,stationary_discounted,397,0.5333333333333333,0.5333333333333333,0.0,0.0,60,4320,60,0.0005805,0.0010167499999999988,0.001238
lossy,stationary_discounted,398,0.3333333333333333,0.3333333333333333,0.0,0.0,60,4320,60,0.0005665,0.001396489999999997,0.001921
lossy,stationary_discounted,399,0.5333333333333333,0.5333333333333333,0.0,0.0,60,4320,60,0.000491,0.0012429599999999965,0.001866
lossy,stationary_discounted,400,0.48333333333333334,0.48333333333333334,0.0,0.0,60,4320,60,0.000534,0.000850509999999999,0.001034
lossy,stationary_discounted,401,0.4,0.4,0.0,0.0,60,4320,60,0.0005645,0.0010413599999999983,0.001334
lossy,stationary_discounted,402,0.5666666666666667,0.5666666666666667,0.0,0.0,60,4320,60,0.0006045,0.001461199999999995,0.002299
lossy,stationary_discounted,403,0.4166666666666667,0.4166666666666667,0.0,0.0,60,4320,60,0.0006215,0.0014104399999999998,0.00146
lossy,stationary_discounted,404,0.6,0.6,0.0,0.0,60,4320,60,0.000513,0.0014794999999999975,0.001922
lossy,stationary_discounted,405,0.4666666666666667,0.4666666666666667,0.0,0.0,60,4320,60,0.0003685,0.0008535299999999988,0.00105
lossy,stationary_discounted,406,0.43333333333333335,0.43333333333333335,0.0,0.0,60,4320,60,0.00036899999999999997,0.0010741399999999993,0.001224
lossy,stationary_discounted,407,0.5333333333333333,0.5333333333333333,0.0,0.0,60,4320,60,0.0003525,0.0007775899999999986,0.001013
lossy,stationary_discounted,408,0.4666666666666667,0.4666666666666667,0.0,0.0,60,4320,60,0.0003645,0.0008724099999999983,0.001168
lossy,stationary_discounted,409,0.43333333333333335,0.43333333333333335,0.0,0.0,60,4320,60,0.0004075,0.0009936099999999985,0.001242
lossy,stationary_discounted,410,0.4666666666666667,0.4666666666666667,0.0,0.0,60,4320,60,0.000464,0.0017338299999999944,0.002715
lossy,stationary_discounted,411,0.55,0.55,0.0,0.0,60,4320,60,0.0006355,0.001304409999999997,0.001836
lossy,stationary_discounted,412,0.5833333333333334,0.5833333333333334,0.0,0.0,60,4320,60,0.0006265,0.0011754999999999982,0.0015
lossy,stationary_discounted,413,0.4666666666666667,0.4666666666666667,0.0,0.0,60,4320,60,0.000348,0.0011063099999999988,0.001337
lossy,stationary_discounted,414,0.48333333333333334,0.48333333333333334,0.0,0.0,60,4320,60,0.00034,0.0006624799999999989,0.000856
lossy,stationary_discounted,415,0.48333333333333334,0.48333333333333334,0.0,0.0,60,4320,60,0.00033549999999999997,0.0008946299999999978,0.001274
lossy,stationary_discounted,416,0.5,0.5,0.0,0.0,60,4320,60,0.000349,0.0007203299999999993,0.000846
lossy,stationary_discounted,417,0.5333333333333333,0.5333333333333333,0.0,0.0,60,4320,60,0.0003295,0.0007513999999999995,0.000834
lossy,stationary_discounted,418,0.5,0.5,0.0,0.0,60,4320,60,0.000598,0.001430399999999997,0.001926
lossy,stationary_discounted,419,0.6,0.6,0.0,0.0,60,4320,60,0.000637,0.0011944799999999978,0.001565
lossy,stationary_discounted,420,0.4666666666666667,0.4666666666666667,0.0,0.0,60,4320,60,0.0006065,0.0011011099999999985,0.001379
lossy,stationary_discounted,421,0.5333333333333333,0.5333333333333333,0.0,0.0,60,4320,60,0.000604,0.0014884799999999993,0.001623
lossy,stationary_discounted,422,0.4666666666666667,0.4666666666666667,0.0,0.0,60,4320,60,0.000593,0.0011116399999999986,0.00135
lossy,stationary_discounted,423,0.4666666666666667,0.4666666666666667,0.0,0.0,60,4320,60,0.000601,0.0009802299999999982,0.001277
lossy,stationary_discounted,424,0.48333333333333334,0.48333333333333334,0.0,0.0,60,4320,60,0.0006125,0.0009945599999999983,0.001299
lossy,stationary_discounted,425,0.48333333333333334,0.48333333333333334,0.0,0.0,60,4320,60,0.000596,0.001027019999999999,0.001217
lossy,stationary_discounted,426,0.48333333333333334,0.48333333333333334,0.0,0.0,60,4320,60,0.0005865,0.0010418299999999988,0.001256
lossy,stationary_discounted,427,0.5333333333333333,0.5333333333333333,0.0,0.0,60,4320,60,0.0005859999999999999,0.0011732099999999979,0.001516
lossy,stationary_discounted,428,0.5833333333333334,0.5833333333333334,0.0,0.0,60,4320,60,0.000694,0.0016945299999999999,0.001714
lossy,stationary_discounted,429,0.4666666666666667,0.4666666666666667,0.0,0.0,60,4320,60,0.000604,0.0011648199999999983,0.001461
lossy,stationary_discounted,430,0.5333333333333333,0.5333333333333333,0.0,0.0,60,4320,60,0.0005755000000000001,0.0012332899999999984,0.00151
lossy,stationary_discounted,431,0.55,0.55,0.0,0.0,60,4320,60,0.00062,0.0011934499999999978,0.001574
lossy,stationary_discounted,432,0.4666666666666667,0.4666666666666667,0.0,0.0,60,4320,60,0.0006295000000000001,0.007376899999999949,0.016221
lossy,stationary_discounted,433,0.5166666666666667,0.5166666666666667,0.0,0.0,60,4320,60,0.0006169999999999999,0.0011084299999999986,0.001358
lossy,stationary_discounted,434,0.5666666666666667,0.5666666666666667,0.0,0.0,60,4320,60,0.0006215000000000001,0.0010468099999999985,0.001307
lossy,stationary_discounted,435,0.43333333333333335,0.43333333333333335,0.0,0.0,60,4320,60,0.0006015,0.0009607899999999989,0.001149
lossy,stationary_discounted,436,0.45,0.45,0.0,0.0,60,4320,60,0.0005514999999999999,0.0010383499999999984,0.001295
lossy,stationary_discounted,437,0.48333333333333334,0.48333333333333334,0.0,0.0,60,4320,60,0.0006405,0.0011410699999999984,0.001393
lossy,stationary_discounted,438,0.45,0.45,0.0,0.0,60,4320,60,0.0005935000000000001,0.0011177499999999983,0.001398
lossy,stationary_discounted,439,0.5166666666666667,0.5166666666666667,0.0,0.0,60,4320,60,0.0005909999999999999,0.0015343999999999996,0.001617
lossy,stationary_discounted,440,0.5,0.5,0.0,0.0,60,4320,60,0.0006535,0.0012296799999999982,0.001553
lossy,stationary_discounted,441,0.45,0.45,0.0,0.0,60,4320,60,0.0006615,0.0011523199999999975,0.001596
lossy,stationary_discounted,442,0.5,0.5,0.0,0.0,60,4320,60,0.0006335,0.0011942699999999977,0.001576
lossy,stationary_discounted,443,0.5166666666666667,0.5166666666666667,0.0,0.0,60,4320,60,0.0005415,0.0013937199999999965,0.001979
lossy,stationary_discounted,444,0.4666666666666667,0.4666666666666667,0.0,0.0,60,4320,60,0.000669,0.0016079199999999992,0.001733
lossy,stationary_discounted,445,0.48333333333333334,0.48333333333333334,0.0,0.0,60,4320,60,0.000664,0.001111919999999998,0.001473
lossy,stationary_discounted,446,0.48333333333333334,0.48333333333333334,0.0,0.0,60,4320,60,0.000716,0.0011311599999999985,0.001412
lossy,stationary_discounted,447,0.5,0.5,0.0,0.0,60,4320,60,0.000709,0.0016584599999999966,0.002252
lossy,stationary_discounted,448,0.4666666666666667,0.4666666666666667,0.0,0.0,60,4320,60,0.0003585,0.001218559999999999,0.001405
lossy,stationary_discounted,449,0.5333333333333333,0.5333333333333333,0.0,0.0,60,4320,60,0.0003635,0.0009781799999999993,0.001095
lossy,stationary_discounted,450,0.48333333333333334,0.48333333333333334,0.0,0.0,60,4320,60,0.0006050000000000001,0.0017620399999999999,0.001788
lossy,stationary_discounted,451,0.5333333333333333,0.5333333333333333,0.0,0.0,60,4320,60,0.0005690000000000001,0.0012812999999999985,0.001535
lossy,stationary_discounted,452,0.5666666666666667,0.5666666666666667,0.0,0.0,60,4320,60,0.0005325,0.0010016699999999988,0.00123
lossy,stationary_discounted,453,0.5,0.5,0.0,0.0,60,4320,60,0.0005325,0.001967439999999994,0.003079
lossy,stationary_discounted,454,0.5833333333333334,0.5833333333333334,0.0,0.0,60,4320,60,0.000411,0.0009204799999999978,0.001291
lossy,stationary_discounted,455,0.5166666666666667,0.5166666666666667,0.0,0.0,60,4320,60,0.000398,0.0011136099999999982,0.001421
lossy,stationary_discounted,456,0.43333333333333335,0.43333333333333335,0.0,0.0,60,4320,60,0.0003455,0.0006931599999999987,0.000915
lossy,stationary_discounted,457,0.5,0.5,0.0,0.0,60,4320,60,0.00034449999999999997,0.0006866899999999989,0.000869
lossy,stationary_discounted,458,0.6166666666666667,0.6166666666666667,0.0,0.0,60,4320,60,0.000366,0.00092943,0.000943
lossy,stationary_discounted,459,0.5166666666666667,0.5166666666666667,0.0,0.0,60,4320,60,0.000581,0.0011143999999999976,0.001551
lossy,stationary_discounted,460,0.4666666666666667,0.4666666666666667,0.0,0.0,60,4320,60,0.00037,0.0010471599999999984,0.001328
lossy,stationary_discounted,461,0.5333333333333333,0.5333333333333333,0.0,0.0,60,4320,60,0.0003485,0.0006818799999999988,0.000899
lossy,stationary_discounted,462,0.4666666666666667,0.4666666666666667,0.0,0.0,60,4320,60,0.000348,0.0007441599999999991,0.000907
lossy,stationary_discounted,463,0.4166666666666667,0.4166666666666667,0.0,0.0,60,4320,60,0.000387,0.000926509999999999,0.00111
lossy,stationary_discounted,464,0.6,0.6,0.0,0.0,60,4320,60,0.000504,0.0008148599999999992,0.00096
lossy,stationary_discounted,465,0.4666666666666667,0.4666666666666667,0.0,0.0,60,4320,60,0.0005380000000000001,0.001018879999999998,0.001354
lossy,stationary_discounted,466,0.55,0.55,0.0,0.0,60,4320,60,0.000366,0.000783489999999999,0.000954
lossy,stationary_discounted,467,0.6166666666666667,0.6166666666666667,0.0,0.0,60,4320,60,0.000372,0.001179209999999998,0.001522
lossy,stationary_discounted,468,0.5833333333333334,0.5833333333333334,0.0,0.0,60,4320,60,0.000375,0.0009198899999999982,0.001232
lossy,stationary_discounted,469,0.65,0.65,0.0,0.0,60,4320,60,0.0006399999999999999,0.0009755299999999989,0.001172
lossy,stationary_discounted,470,0.4166666666666667,0.4166666666666667,0.0,0.0,60,4320,60,0.0005909999999999999,0.0009212199999999989,0.001123
lossy,stationary_discounted,471,0.5666666666666667,0.5666666666666667,0.0,0.0,60,4320,60,0.0005840000000000001,0.001006799999999999,0.001172
lossy,stationary_discounted,472,0.5166666666666667,0.5166666666666667,0.0,0.0,60,4320,60,0.0006815,0.0014394799999999984,0.001692
lossy,stationary_discounted,473,0.5333333333333333,0.5333333333333333,0.0,0.0,60,4320,60,0.000676,0.0013395699999999985,0.001621
lossy,stationary_discounted,474,0.5166666666666667,0.5166666666666667,0.0,0.0,60,4320,60,0.0006635,0.0009740699999999985,0.001226
lossy,stationary_discounted,475,0.5,0.5,0.0,0.0,60,4320,60,0.000653,0.0013641599999999975,0.001822
lossy,stationary_discounted,476,0.48333333333333334,0.48333333333333334,0.0,0.0,60,4320,60,0.000347,0.0007249199999999989,0.000909
lossy,stationary_discounted,477,0.5666666666666667,0.5666666666666667,0.0,0.0,60,4320,60,0.000338,0.0007135899999999983,0.001008
lossy,stationary_discounted,478,0.5166666666666667,0.5166666666666667,0.0,0.0,60,4320,60,0.0003465,0.0007425299999999985,0.000998
lossy,stationary_discounted,479,0.5666666666666667,0.5666666666666667,0.0,0.0,60,4320,60,0.0003525,0.0007995799999999981,0.001117
lossy,stationary_discounted,480,0.4666666666666667,0.4666666666666667,0.0,0.0,60,4320,60,0.0003405,0.0007786899999999987,0.00102
lossy,stationary_discounted,481,0.5833333333333334,0.5833333333333334,0.0,0.0,60,4320,60,0.000342,0.0007397599999999988,0.000938
lossy,stationary_discounted,482,0.5666666666666667,0.5666666666666667,0.0,0.0,60,4320,60,0.000348,0.0017569599999999927,0.003029
lossy,stationary_discounted,483,0.5166666666666667,0.5166666666666667,0.0,0.0,60,4320,60,0.000356,0.0009214299999999978,0.001289
lossy,stationary_discounted,484,0.5166666666666667,0.5166666666666667,0.0,0.0,60,4320,60,0.0003435,0.0008331499999999993,0.00096
lossy,stationary_discounted,485,0.48333333333333334,0.48333333333333334,0.0,0.0,60,4320,60,0.0003545,0.0007371599999999986,0.000959
lossy,stationary_discounted,486,0.55,0.55,0.0,0.0,60,4320,60,0.00035,0.0006979699999999993,0.000826
lossy,stationary_discounted,487,0.45,0.45,0.0,0.0,60,4320,60,0.00048499999999999997,0.0007569599999999991,0.000908
lossy,stationary_discounted,488,0.48333333333333334,0.48333333333333334,0.0,0.0,60,4320,60,0.0005694999999999999,0.001017719999999998,0.001367
lossy,stationary_discounted,489,0.5333333333333333,0.5333333333333333,0.0,0.0,60,4320,60,0.0005835,0.0013036999999999992,0.001463
lossy,stationary_discounted,490,0.4666666666666667,0.4666666666666667,0.0,0.0,60,4320,60,0.0005920000000000001,0.003042559999999992,0.004409
lossy,stationary_discounted,491,0.4166666666666667,0.4166666666666667,0.0,0.0,60,4320,60,0.00061,0.0011505599999999982,0.001455
lossy,stationary_discounted,492,0.48333333333333334,0.48333333333333334,0.0,0.0,60,4320,60,0.0006045,0.0010539299999999987,0.001274
lossy,stationary_discounted,493,0.5666666666666667,0.5666666666666667,0.0,0.0,60,4320,60,0.0006245000000000001,0.0009186299999999988,0.001121
lossy,stationary_discounted,494,0.5166666666666667,0.5166666666666667,0.0,0.0,60,4320,60,0.0006035000000000001,0.0010081399999999987,0.001217
lossy,stationary_discounted,495,0.55,0.55,0.0,0.0,60,4320,60,0.000612,0.0009646199999999987,0.00119
lossy,stationary_discounted,496,0.55,0.55,0.0,0.0,60,4320,60,0.000646,0.001865589999999995,0.002691
lossy,stationary_discounted,497,0.5166666666666667,0.5166666666666667,0.0,0.0,60,4320,60,0.000665,0.0026040899999999934,0.003754
lossy,stationary_discounted,498,0.5,0.5,0.0,0.0,60,4320,60,0.0006215,0.0013912899999999973,0.001845
lossy,stationary_discounted,499,0.45,0.45,0.0,0.0,60,4320,60,0.000612,0.0013240699999999982,0.001635
reliable,stationary_discounted,0,0.8,0.8,0.0,0.0,60,4320,60,0.0003455,0.001638529999999994,0.00272
reliable,stationary_discounted,1,0.8,0.8,0.0,0.0,60,4320,60,0.000569,0.0008880599999999988,0.001104
reliable,stationary_discounted,2,0.8,0.8,0.0,0.0,60,4320,60,0.0006284999999999999,0.0011411299999999976,0.00155
reliable,stationary_discounted,3,0.8,0.8,0.0,0.0,60,4320,60,0.000648,0.0010429599999999984,0.001312
reliable,stationary_discounted,4,0.8,0.8,0.0,0.0,60,4320,60,0.0006464999999999999,0.0019360399999999946,0.002906
reliable,stationary_discounted,5,0.8,0.8,0.0,0.0,60,4320,60,0.0006505,0.0012332499999999982,0.001543
reliable,stationary_discounted,6,0.8,0.8,0.0,0.0,60,4320,60,0.0006295000000000001,0.0011986999999999976,0.001594
reliable,stationary_discounted,7,0.8,0.8,0.0,0.0,60,4320,60,0.0007615,0.002698239999999991,0.00427
reliable,stationary_discounted,8,0.8,0.8,0.0,0.0,60,4320,60,0.000759,0.0015608199999999977,0.001975
reliable,stationary_discounted,9,0.8,0.8,0.0,0.0,60,4320,60,0.0007624999999999999,0.0016141299999999962,0.002259
reliable,stationary_discounted,10,0.8,0.8,0.0,0.0,60,4320,60,0.000795,0.0018905599999999995,0.001959
reliable,stationary_discounted,11,0.8,0.8,0.0,0.0,60,4320,60,0.0007835,0.0013027599999999979,0.001678
reliable,stationary_discounted,12,0.8,0.8,0.0,0.0,60,4320,60,0.0008014999999999999,0.0012768899999999988,0.001471
reliable,stationary_discounted,13,0.8,0.8,0.0,0.0,60,4320,60,0.0007725,0.0012305699999999983,0.001512
reliable,stationary_discounted,14,0.8,0.8,0.0,0.0,60,4320,60,0.000791,0.0022478499999999974,0.002652
reliable,stationary_discounted,15,0.8,0.8,0.0,0.0,60,4320,60,0.0003485,0.0009278499999999976,0.001332
reliable,stationary_discounted,16,0.8,0.8,0.0,0.0,60,4320,60,0.000359,0.0007122199999999989,0.000914
reliable,stationary_discounted,17,0.8,0.8,0.0,0.0,60,4320,60,0.000351,0.0007045899999999993,0.000822
reliable,stationary_discounted,18,0.8,0.8,0.0,0.0,60,4320,60,0.000355,0.0006416299999999992,0.000785
reliable,stationary_discounted,19,0.8,0.8,0.0,0.0,60,4320,60,0.0003705,0.0007146199999999995,0.000822
reliable,stationary_discounted,20,0.8,0.8,0.0,0.0,60,4320,60,0.0006765,0.0016274599999999996,0.00169
reliable,stationary_discounted,21,0.8,0.8,0.0,0.0,60,4320,60,0.0008525,0.016217559999999888,0.035756
reliable,stationary_discounted,22,0.8,0.8,0.0,0.0,60,4320,60,0.0007570000000000001,0.0015674699999999968,0.002138
reliable,stationary_discounted,23,0.8,0.8,0.0,0.0,60,4320,60,0.00083,0.002043509999999999,0.002227
reliable,stationary_discounted,24,0.8,0.8,0.0,0.0,60,4320,60,0.0007934999999999999,0.001962759999999995,0.002869
reliable,stationary_discounted,25,0.8,0.8,0.0,0.0,60,4320,60,0.0007819999999999999,0.003449739999999994,0.004461
reliable,stationary_discounted,26,0.8,0.8,0.0,0.0,60,4320,60,0.000658,0.0027296899999999973,0.003207
reliable,stationary_discounted,27,0.8,0.8,0.0,0.0,60,4320,60,0.0006525000000000001,0.0013586399999999973,0.001833
reliable,stationary_discounted,28,0.8,0.8,0.0,0.0,60,4320,60,0.000699,0.0027475899999999946,0.003691
reliable,stationary_discounted,29,0.8,0.8,0.0,0.0,60,4320,60,0.0008010000000000001,0.0015386799999999965,0.002157
reliable,stationary_discounted,30,0.8,0.8,0.0,0.0,60,4320,60,0.000647,0.01812450999999987,0.040079
reliable,stationary_discounted,31,0.8,0.8,0.0,0.0,60,4320,60,0.0006255,0.0013686899999999975,0.001787
reliable,stationary_discounted,32,0.8,0.8,0.0,0.0,60,4320,60,0.0006275,0.001174829999999998,0.001507
reliable,stationary_discounted,33,0.8,0.8,0.0,0.0,60,4320,60,0.0008359999999999999,0.0034396999999999874,0.005605
reliable,stationary_discounted,34,0.8,0.8,0.0,0.0,60,4320,60,0.000763,0.001501069999999998,0.001871
reliable,stationary_discounted,35,0.8,0.8,0.0,0.0,60,4320,60,0.0007955,0.001338569999999998,0.001679
reliable,stationary_discounted,36,0.8,0.8,0.0,0.0,60,4320,60,0.000786,0.002775809999999993,0.00398
reliable,stationary_discounted,37,0.8,0.8,0.0,0.0,60,4320,60,0.0006045,0.0015452799999999965,0.00214
reliable,stationary_discounted,38,0.8,0.8,0.0,0.0,60,4320,60,0.000535,0.0012254699999999985,0.001501
reliable,stationary_discounted,39,0.8,0.8,0.0,0.0,60,4320,60,0.0006154999999999999,0.0016801799999999992,0.001797
reliable,stationary_discounted,40,0.8,0.8,0.0,0.0,60,4320,60,0.0003925,0.002015799999999994,0.003066
reliable,stationary_discounted,41,0.8,0.8,0.0,0.0,60,4320,60,0.0006065,0.0015018699999999952,0.002332
reliable,stationary_discounted,42,0.8,0.8,0.0,0.0,60,4320,60,0.0006095,0.0011403699999999982,0.001469
reliable,stationary_discounted,43,0.8,0.8,0.0,0.0,60,4320,60,0.0006545,0.0010614099999999985,0.001298
reliable,stationary_discounted,44,0.8,0.8,0.0,0.0,60,4320,60,0.000638,0.0012093699999999982,0.001538
reliable,stationary_discounted,45,0.8,0.8,0.0,0.0,60,4320,60,0.000368,0.0013607199999999954,0.002123
reliable,stationary_discounted,46,0.8,0.8,0.0,0.0,60,4320,60,0.0003555,0.000811969999999999,0.000999
reliable,stationary_discounted,47,0.8,0.8,0.0,0.0,60,4320,60,0.0003565,0.0006975799999999989,0.000897
reliable,stationary_discounted,48,0.8,0.8,0.0,0.0,60,4320,60,0.0003535,0.000712079999999999,0.000882
reliable,stationary_discounted,49,0.8,0.8,0.0,0.0,60,4320,60,0.000527,0.0007526699999999997,0.000804
reliable,stationary_discounted,50,0.8,0.8,0.0,0.0,60,4320,60,0.000614,0.0014206099999999999,0.001433
reliable,stationary_discounted,51,0.8,0.8,0.0,0.0,60,4320,60,0.000641,0.0015732899999999946,0.002499
reliable,stationary_discounted,52,0.8,0.8,0.0,0.0,60,4320,60,0.0006375,0.0012038099999999979,0.001582
reliable,stationary_discounted,53,0.8,0.8,0.0,0.0,60,4320,60,0.0006415,0.001382099999999999,0.001565
reliable,stationary_discounted,54,0.8,0.8,0.0,0.0,60,4320,60,0.0006445,0.001091319999999998,0.001417
reliable,stationary_discounted,55,0.8,0.8,0.0,0.0,60,4320,60,0.0006335,0.0011034199999999988,0.001317
reliable,stationary_discounted,56,0.8,0.8,0.0,0.0,60,4320,60,0.0003525,0.0009234399999999984,0.001209
reliable,stationary_discounted,57,0.8,0.8,0.0,0.0,60,4320,60,0.0004955000000000001,0.0007969099999999994,0.000886
reliable,stationary_discounted,58,0.8,0.8,0.0,0.0,60,4320,60,0.0003965,0.0014343799999999968,0.001976
reliable,stationary_discounted,59,0.8,0.8,0.0,0.0,60,4320,60,0.00058,0.0013927899999999997,0.001463
reliable,stationary_discounted,60,0.8,0.8,0.0,0.0,60,4320,60,0.0005480000000000001,0.0010892399999999987,0.001304
reliable,stationary_discounted,61,0.8,0.8,0.0,0.0,60,4320,60,0.000582,0.0010738299999999987,0.001288
reliable,stationary_discounted,62,0.8,0.8,0.0,0.0,60,4320,60,0.00036950000000000004,0.0011068299999999983,0.00138
reliable,stationary_discounted,63,0.8,0.8,0.0,0.0,60,4320,60,0.0006035000000000001,0.001226069999999998,0.001596
reliable,stationary_discounted,64,0.8,0.8,0.0,0.0,60,4320,60,0.000638,0.001074199999999999,0.001263
reliable,stationary_discounted,65,0.8,0.8,0.0,0.0,60,4320,60,0.0006095,0.0010325799999999987,0.001291
reliable,stationary_discounted,66,0.8,0.8,0.0,0.0,60,4320,60,0.00062,0.0012295299999999989,0.001426
reliable,stationary_discounted,67,0.8,0.8,0.0,0.0,60,4320,60,0.0006085,0.0021328899999999928,0.003389
reliable,stationary_discounted,68,0.8,0.8,0.0,0.0,60,4320,60,0.000683,0.001587719999999996,0.002291
reliable,stationary_discounted,69,0.8,0.8,0.0,0.0,60,4320,60,0.0003555,0.0008668099999999981,0.001186
reliable,stationary_discounted,70,0.8,0.8,0.0,0.0,60,4320,60,0.0003875,0.0010907099999999982,0.001404
reliable,stationary_discounted,71,0.8,0.8,0.0,0.0,60,4320,60,0.00036050000000000003,0.0011267099999999982,0.00144
reliable,stationary_discounted,72,0.8,0.8,0.0,0.0,60,4320,60,0.00037,0.0009528599999999992,0.001098
reliable,stationary_discounted,73,0.8,0.8,0.0,0.0,60,4320,60,0.00047400000000000003,0.0007981499999999996,0.000866
reliable,stationary_discounted,74,0.8,0.8,0.0,0.0,60,4320,60,0.0003765,0.0019964199999999927,0.003272
reliable,stationary_discounted,75,0.8,0.8,0.0,0.0,60,4320,60,0.0006205,0.001497569999999996,0.002192
reliable,stationary_discounted,76,0.8,0.8,0.0,0.0,60,4320,60,0.0006720000000000001,0.0012118599999999982,0.001534
reliable,stationary_discounted,77,0.8,0.8,0.0,0.0,60,4320,60,0.0003525,0.000677979999999999,0.000842
reliable,stationary_discounted,78,0.8,0.8,0.0,0.0,60,4320,60,0.0003725,0.0008424299999999982,0.001151
reliable,stationary_discounted,79,0.8,0.8,0.0,0.0,60,4320,60,0.000366,0.0011108499999999976,0.001515
reliable,stationary_discounted,80,0.8,0.8,0.0,0.0,60,4320,60,0.00036950000000000004,0.001066589999999999,0.001243
reliable,stationary_discounted,81,0.8,0.8,0.0,0.0,60,4320,60,0.0003655,0.0007640399999999985,0.001026
reliable,stationary_discounted,82,0.8,0.8,0.0,0.0,60,4320,60,0.000396,0.0008843599999999994,0.001
reliable,stationary_discounted,83,0.8,0.8,0.0,0.0,60,4320,60,0.000352,0.0007405799999999988,0.00094
reliable,stationary_discounted,84,0.8,0.8,0.0,0.0,60,4320,60,0.00036700000000000003,0.000922439999999999,0.00109
reliable,stationary_discounted,85,0.8,0.8,0.0,0.0,60,4320,60,0.000367,0.0007551599999999991,0.000918
reliable,stationary_discounted,86,0.8,0.8,0.0,0.0,60,4320,60,0.000365,0.001133569999999998,0.001474
reliable,stationary_discounted,87,0.8,0.8,0.0,0.0,60,4320,60,0.000477,0.00115369,0.001159
reliable,stationary_discounted,88,0.8,0.8,0.0,0.0,60,4320,60,0.0006145,0.0024819099999999934,0.003633
reliable,stationary_discounted,89,0.8,0.8,0.0,0.0,60,4320,60,0.0006494999999999999,0.0013964299999999995,0.001469
reliable,stationary_discounted,90,0.8,0.8,0.0,0.0,60,4320,60,0.000606,0.0012597299999999975,0.001704
reliable,stationary_discounted,91,0.8,0.8,0.0,0.0,60,4320,60,0.000635,0.0011157499999999985,0.001396
reliable,stationary_discounted,92,0.8,0.8,0.0,0.0,60,4320,60,0.0006375,0.0011417899999999971,0.001625
reliable,stationary_discounted,93,0.8,0.8,0.0,0.0,60,4320,60,0.000643,0.0010474099999999982,0.001343
reliable,stationary_discounted,94,0.8,0.8,0.0,0.0,60,4320,60,0.0006594999999999999,0.0011278799999999989,0.001345
reliable,stationary_discounted,95,0.8,0.8,0.0,0.0,60,4320,60,0.000611,0.0010884999999999983,0.001354
reliable,stationary_discounted,96,0.8,0.8,0.0,0.0,60,4320,60,0.000657,0.0011075899999999984,0.001402
reliable,stationary_discounted,97,0.8,0.8,0.0,0.0,60,4320,60,0.000398,0.002015719999999995,0.002837
reliable,stationary_discounted,98,0.8,0.8,0.0,0.0,60,4320,60,0.000362,0.0009749899999999982,0.001293
reliable,stationary_discounted,99,0.8,0.8,0.0,0.0,60,4320,60,0.000639,0.0013184399999999978,0.001722
reliable,stationary_discounted,100,0.8,0.8,0.0,0.0,60,4320,60,0.0006225,0.0011065299999999986,0.001362
reliable,stationary_discounted,101,0.8,0.8,0.0,0.0,60,4320,60,0.0006184999999999999,0.0011650899999999986,0.00143
reliable,stationary_discounted,102,0.8,0.8,0.0,0.0,60,4320,60,0.000663,0.0014078499999999993,0.001517
reliable,stationary_discounted,103,0.8,0.8,0.0,0.0,60,4320,60,0.000628,0.0010917199999999983,0.001382
reliable,stationary_discounted,104,0.8,0.8,0.0,0.0,60,4320,60,0.00037,0.0007532299999999986,0.000991
reliable,stationary_discounted,105,0.8,0.8,0.0,0.0,60,4320,60,0.00036649999999999996,0.0007449899999999992,0.000886
reliable,stationary_discounted,106,0.8,0.8,0.0,0.0,60,4320,60,0.00035499999999999996,0.0007662599999999994,0.000876
reliable,stationary_discounted,107,0.8,0.8,0.0,0.0,60,4320,60,0.0003685,0.000673029999999999,0.00084
reliable,stationary_discounted,108,0.8,0.8,0.0,0.0,60,4320,60,0.00035150000000000003,0.000726149999999999,0.000912
reliable,stationary_discounted,109,0.8,0.8,0.0,0.0,60,4320,60,0.000364,0.000740819999999999,0.000919
reliable,stationary_discounted,110,0.8,0.8,0.0,0.0,60,4320,60,0.000369,0.0009441699999999992,0.001084
reliable,stationary_discounted,111,0.8,0.8,0.0,0.0,60,4320,60,0.000357,0.0007230699999999993,0.000857
reliable,stationary_discounted,112,0.8,0.8,0.0,0.0,60,4320,60,0.00037,0.000659979999999999,0.000824
reliable,stationary_discounted,113,0.8,0.8,0.0,0.0,60,4320,60,0.0003625,0.001300559999999998,0.001664
reliable,stationary_discounted,114,0.8,0.8,0.0,0.0,60,4320,60,0.000644,0.0009783299999999982,0.001281
reliable,stationary_discounted,115,0.8,0.8,0.0,0.0,60,4320,60,0.0006495,0.0010509499999999986,0.001284
reliable,stationary_discounted,116,0.8,0.8,0.0,0.0,60,4320,60,0.0006455,0.0010955199999999987,0.001315
reliable,stationary_discounted,117,0.8,0.8,0.0,0.0,60,4320,60,0.00036649999999999996,0.0009793699999999974,0.001426
reliable,stationary_discounted,118,0.8,0.8,0.0,0.0,60,4320,60,0.00043650000000000004,0.00586039999999996,0.012669
reliable,stationary_discounted,119,0.8,0.8,0.0,0.0,60,4320,60,0.0003655,0.0007146599999999992,0.000848
reliable,stationary_discounted,120,0.8,0.8,0.0,0.0,60,4320,60,0.0003655,0.000685149999999999,0.000871
reliable,stationary_discounted,121,0.8,0.8,0.0,0.0,60,4320,60,0.00036399999999999996,0.0006918399999999989,0.000883
reliable,stationary_discounted,122,0.8,0.8,0.0,0.0,60,4320,60,0.0003705,0.0007498299999999991,0.000905
reliable,stationary_discounted,123,0.8,0.8,0.0,0.0,60,4320,60,0.0003655,0.0006603799999999993,0.000789
reliable,stationary_discounted,124,0.8,0.8,0.0,0.0,60,4320,60,0.0003645,0.0007507199999999987,0.000982
reliable,stationary_discounted,125,0.8,0.8,0.0,0.0,60,4320,60,0.000473,0.0008944899999999997,0.000947
reliable,stationary_discounted,126,0.8,0.8,0.0,0.0,60,4320,60,0.0003595,0.00579079999999996,0.012741
reliable,stationary_discounted,127,0.8,0.8,0.0,0.0,60,4320,60,0.0003745,0.000929689999999998,0.001289
reliable,stationary_discounted,128,0.8,0.8,0.0,0.0,60,4320,60,0.00065,0.0020164199999999936,0.003115
reliable,stationary_discounted,129,0.8,0.8,0.0,0.0,60,4320,60,0.0006245000000000001,0.0011359799999999987,0.001359
reliable,stationary_discounted,130,0.8,0.8,0.0,0.0,60,4320,60,0.0003635,0.0008067299999999986,0.001074
reliable,stationary_discounted,131,0.8,0.8,0.0,0.0,60,4320,60,0.00035499999999999996,0.0006602899999999991,0.000819
reliable,stationary_discounted,132,0.8,0.8,0.0,0.0,60,4320,60,0.00035800000000000003,0.0006843399999999991,0.000846
reliable,stationary_discounted,133,0.8,0.8,0.0,0.0,60,4320,60,0.0003625,0.0007685799999999989,0.000968
reliable,stationary_discounted,134,0.8,0.8,0.0,0.0,60,4320,60,0.000346,0.0008193399999999993,0.000922
reliable,stationary_discounted,135,0.8,0.8,0.0,0.0,60,4320,60,0.0003615,0.0008330199999999982,0.001141
reliable,stationary_discounted,136,0.8,0.8,0.0,0.0,60,4320,60,0.00036,0.000767849999999999,0.000936
reliable,stationary_discounted,137,0.8,0.8,0.0,0.0,60,4320,60,0.000353,0.0006648999999999991,0.000836
reliable,stationary_discounted,138,0.8,0.8,0.0,0.0,60,4320,60,0.000334,0.0006893099999999986,0.00092
reliable,stationary_discounted,139,0.8,0.8,0.0,0.0,60,4320,60,0.00036300000000000004,0.0006777599999999993,0.000817
reliable,stationary_discounted,140,0.8,0.8,0.0,0.0,60,4320,60,0.0003645,0.0006705299999999988,0.000867
reliable,stationary_discounted,141,0.8,0.8,0.0,0.0,60,4320,60,0.0003635,0.0007393799999999986,0.000986
reliable,stationary_discounted,142,0.8,0.8,0.0,0.0,60,4320,60,0.0003765,0.0007666199999999994,0.000874
reliable,stationary_discounted,143,0.8,0.8,0.0,0.0,60,4320,60,0.000685,0.0020906399999999917,0.003509
reliable,stationary_discounted,144,0.8,0.8,0.0,0.0,60,4320,60,0.0006505,0.0014139099999999974,0.001857
reliable,stationary_discounted,145,0.8,0.8,0.0,0.0,60,4320,60,0.0007095000000000001,0.001279609999999999,0.001469
reliable,stationary_discounted,146,0.8,0.8,0.0,0.0,60,4320,60,0.0006535,0.0010841799999999988,0.001319
reliable,stationary_discounted,147,0.8,0.8,0.0,0.0,60,4320,60,0.0004475,0.0061068599999999605,0.012978
reliable,stationary_discounted,148,0.8,0.8,0.0,0.0,60,4320,60,0.0003645,0.0008520899999999985,0.001117
reliable,stationary_discounted,149,0.8,0.8,0.0,0.0,60,4320,60,0.0003645,0.0007405199999999991,0.000901
reliable,stationary_discounted,150,0.8,0.8,0.0,0.0,60,4320,60,0.000364,0.0007306599999999992,0.000864
reliable,stationary_discounted,151,0.8,0.8,0.0,0.0,60,4320,60,0.000362,0.000728379999999999,0.000916
reliable,stationary_discounted,152,0.8,0.8,0.0,0.0,60,4320,60,0.000359,0.0006965999999999992,0.00085
reliable,stationary_discounted,153,0.8,0.8,0.0,0.0,60,4320,60,0.000365,0.0007227299999999991,0.000872
reliable,stationary_discounted,154,0.8,0.8,0.0,0.0,60,4320,60,0.000758,0.002547469999999991,0.004062
reliable,stationary_discounted,155,0.8,0.8,0.0,0.0,60,4320,60,0.0006965000000000001,0.002013469999999999,0.00223
reliable,stationary_discounted,156,0.8,0.8,0.0,0.0,60,4320,60,0.0003645,0.0008930099999999981,0.001224
reliable,stationary_discounted,157,0.8,0.8,0.0,0.0,60,4320,60,0.000359,0.000726979999999999,0.000891
reliable,stationary_discounted,158,0.8,0.8,0.0,0.0,60,4320,60,0.0003635,0.0007423199999999991,0.000891
reliable,stationary_discounted,159,0.8,0.8,0.0,0.0,60,4320,60,0.0003485,0.0009063899999999983,0.001189
reliable,stationary_discounted,160,0.8,0.8,0.0,0.0,60,4320,60,0.00036,0.0007151599999999991,0.000878
reliable,stationary_discounted,161,0.8,0.8,0.0,0.0,60,4320,60,0.0003565,0.0007150599999999985,0.00099
reliable,stationary_discounted,162,0.8,0.8,0.0,0.0,60,4320,60,0.0003535,0.0011211399999999981,0.001448
reliable,stationary_discounted,163,0.8,0.8,0.0,0.0,60,4320,60,0.0003675,0.0008717899999999979,0.001237
reliable,stationary_discounted,164,0.8,0.8,0.0,0.0,60,4320,60,0.00034250000000000003,0.0007355399999999989,0.000909
reliable,stationary_discounted,165,0.8,0.8,0.0,0.0,60,4320,60,0.0003565,0.0006976699999999991,0.000867
reliable,stationary_discounted,166,0.8,0.8,0.0,0.0,60,4320,60,0.000356,0.0007360299999999986,0.000962
reliable,stationary_discounted,167,0.8,0.8,0.0,0.0,60,4320,60,0.0003525,0.0006600599999999991,0.000817
reliable,stationary_discounted,168,0.8,0.8,0.0,0.0,60,4320,60,0.000354,0.0007155599999999992,0.000843
reliable,stationary_discounted,169,0.8,0.8,0.0,0.0,60,4320,60,0.000352,0.0006852599999999987,0.000913
reliable,stationary_discounted,170,0.8,0.8,0.0,0.0,60,4320,60,0.0003705,0.0009947999999999995,0.001101
reliable,stationary_discounted,171,0.8,0.8,0.0,0.0,60,4320,60,0.0003565,0.0007155799999999989,0.000915
reliable,stationary_discounted,172,0.8,0.8,0.0,0.0,60,4320,60,0.00037200000000000004,0.000937769999999999,0.001113
reliable,stationary_discounted,173,0.8,0.8,0.0,0.0,60,4320,60,0.000636,0.0010462299999999987,0.001284
reliable,stationary_discounted,174,0.8,0.8,0.0,0.0,60,4320,60,0.000621,0.0010641999999999987,0.001312
reliable,stationary_discounted,175,0.8,0.8,0.0,0.0,60,4320,60,0.000624,0.0010831599999999984,0.001364
reliable,stationary_discounted,176,0.8,0.8,0.0,0.0,60,4320,60,0.0005425,0.001718919999999998,0.00208
reliable,stationary_discounted,177,0.8,0.8,0.0,0.0,60,4320,60,0.000383,0.0014865799999999947,0.002394
reliable,stationary_discounted,178,0.8,0.8,0.0,0.0,60,4320,60,0.0003835,0.0009096899999999983,0.00121
reliable,stationary_discounted,179,0.8,0.8,0.0,0.0,60,4320,60,0.0003715,0.0010279799999999993,0.001133
reliable,stationary_discounted,180,0.8,0.8,0.0,0.0,60,4320,60,0.000368,0.0008392399999999987,0.001054
reliable,stationary_discounted,181,0.8,0.8,0.0,0.0,60,4320,60,0.000389,0.0007732399999999995,0.00087
reliable,stationary_discounted,182,0.8,0.8,0.0,0.0,60,4320,60,0.000371,0.0009863099999999987,0.001217
reliable,stationary_discounted,183,0.8,0.8,0.0,0.0,60,4320,60,0.00036950000000000004,0.0009694399999999994,0.001078
reliable,stationary_discounted,184,0.8,0.8,0.0,0.0,60,4320,60,0.000367,0.0008853099999999993,0.000998
reliable,stationary_discounted,185,0.8,0.8,0.0,0.0,60,4320,60,0.0004175,0.000986119999999999,0.001182
reliable,stationary_discounted,186,0.8,0.8,0.0,0.0,60,4320,60,0.00035,0.0006265199999999991,0.000787
reliable,stationary_discounted,187,0.8,0.8,0.0,0.0,60,4320,60,0.0003595,0.0006264299999999989,0.000817
reliable,stationary_discounted,188,0.8,0.8,0.0,0.0,60,4320,60,0.000361,0.000679259999999999,0.000848
reliable,stationary_discounted,189,0.8,0.8,0.0,0.0,60,4320,60,0.0003925,0.0007125699999999994,0.000817
reliable,stationary_discounted,190,0.8,0.8,0.0,0.0,60,4320,60,0.000359,0.0011221899999999986,0.001334
reliable,stationary_discounted,191,0.8,0.8,0.0,0.0,60,4320,60,0.0005745,0.000978319999999999,0.001127
reliable,stationary_discounted,192,0.8,0.8,0.0,0.0,60,4320,60,0.000627,0.0011700899999999982,0.001494
reliable,stationary_discounted,193,0.8,0.8,0.0,0.0,60,4320,60,0.000661,0.0011748099999999981,0.001494
reliable,stationary_discounted,194,0.8,0.8,0.0,0.0,60,4320,60,0.000651,0.001151419999999998,0.001483
reliable,stationary_discounted,195,0.8,0.8,0.0,0.0,60,4320,60,0.0005845,0.0012077699999999976,0.001619
reliable,stationary_discounted,196,0.8,0.8,0.0,0.0,60,4320,60,0.000359,0.0010225799999999971,0.001517
reliable,stationary_discounted,197,0.8,0.8,0.0,0.0,60,4320,60,0.00036,0.0036438999999999773,0.007532
reliable,stationary_discounted,198,0.8,0.8,0.0,0.0,60,4320,60,0.0003585,0.0007919799999999988,0.001015
reliable,stationary_discounted,199,0.8,0.8,0.0,0.0,60,4320,60,0.0003565,0.0008805699999999977,0.00128
reliable,stationary_discounted,200,0.8,0.8,0.0,0.0,60,4320,60,0.000364,0.0009910699999999982,0.001302
reliable,stationary_discounted,201,0.8,0.8,0.0,0.0,60,4320,60,0.000359,0.0007881699999999992,0.000928
reliable,stationary_discounted,202,0.8,0.8,0.0,0.0,60,4320,60,0.0003585,0.0009933699999999984,0.001263
reliable,stationary_discounted,203,0.8,0.8,0.0,0.0,60,4320,60,0.0003475,0.0009763999999999992,0.001118
reliable,stationary_discounted,204,0.8,0.8,0.0,0.0,60,4320,60,0.000357,0.0007568999999999987,0.000987
reliable,stationary_discounted,205,0.8,0.8,0.0,0.0,60,4320,60,0.000351,0.0006982099999999995,0.000805
reliable,stationary_discounted,206,0.8,0.8,0.0,0.0,60,4320,60,0.0003455,0.0007154699999999984,0.000991
reliable,stationary_discounted,207,0.8,0.8,0.0,0.0,60,4320,60,0.000337,0.0006693599999999986,0.000903
reliable,stationary_discounted,208,0.8,0.8,0.0,0.0,60,4320,60,0.000346,0.0006799399999999985,0.000936
reliable,stationary_discounted,209,0.8,0.8,0.0,0.0,60,4320,60,0.0003405,0.0006109899999999989,0.000811
reliable,stationary_discounted,210,0.8,0.8,0.0,0.0,60,4320,60,0.0003485,0.0006799799999999986,0.000903
reliable,stationary_discounted,211,0.8,0.8,0.0,0.0,60,4320,60,0.0003475,0.0006844399999999994,0.000793
reliable,stationary_discounted,212,0.8,0.8,0.0,0.0,60,4320,60,0.00034449999999999997,0.0007047099999999992,0.000841
reliable,stationary_discounted,213,0.8,0.8,0.0,0.0,60,4320,60,0.000758,0.0029768899999999964,0.003584
reliable,stationary_discounted,214,0.8,0.8,0.0,0.0,60,4320,60,0.0003705,0.001063159999999997,0.00158
reliable,stationary_discounted,215,0.8,0.8,0.0,0.0,60,4320,60,0.0005790000000000001,0.0016917699999999952,0.002516
reliable,stationary_discounted,216,0.8,0.8,0.0,0.0,60,4320,60,0.000615,0.0010915099999999987,0.001334
reliable,stationary_discounted,217,0.8,0.8,0.0,0.0,60,4320,60,0.0003835,0.0008905499999999992,0.001041
reliable,stationary_discounted,218,0.8,0.8,0.0,0.0,60,4320,60,0.0005495000000000001,0.001114689999999998,0.001474
reliable,stationary_discounted,219,0.8,0.8,0.0,0.0,60,4320,60,0.00045799999999999997,0.0011198099999999989,0.001321
reliable,stationary_discounted,220,0.8,0.8,0.0,0.0,60,4320,60,0.000493,0.0013194399999999994,0.001428
reliable,stationary_discounted,221,0.8,0.8,0.0,0.0,60,4320,60,0.00054,0.0010635399999999982,0.001355
reliable,stationary_discounted,222,0.8,0.8,0.0,0.0,60,4320,60,0.00059,0.000990949999999999,0.001165
reliable,stationary_discounted,223,0.8,0.8,0.0,0.0,60,4320,60,0.000475,0.0008528299999999991,0.001008
reliable,stationary_discounted,224,0.8,0.8,0.0,0.0,60,4320,60,0.0005495000000000001,0.0010288399999999985,0.001279
reliable,stationary_discounted,225,0.8,0.8,0.0,0.0,60,4320,60,0.0004575,0.0010664299999999993,0.001198
reliable,stationary_discounted,226,0.8,0.8,0.0,0.0,60,4320,60,0.0005380000000000001,0.0011373899999999983,0.00142
reliable,stationary_discounted,227,0.8,0.8,0.0,0.0,60,4320,60,0.000511,0.0010510999999999986,0.001293
reliable,stationary_discounted,228,0.8,0.8,0.0,0.0,60,4320,60,0.0005350000000000001,0.0010879199999999983,0.00139
reliable,stationary_discounted,229,0.8,0.8,0.0,0.0,60,4320,60,0.0003935,0.000834569999999999,0.000998
reliable,stationary_discounted,230,0.8,0.8,0.0,0.0,60,4320,60,0.000383,0.0009689199999999982,0.001271
reliable,stationary_discounted,231,0.8,0.8,0.0,0.0,60,4320,60,0.0005375,0.0009745699999999995,0.001079
reliable,stationary_discounted,232,0.8,0.8,0.0,0.0,60,4320,60,0.00044649999999999996,0.005627159999999964,0.011867
reliable,stationary_discounted,233,0.8,0.8,0.0,0.0,60,4320,60,0.000547,0.0011698299999999989,0.001384
reliable,stationary_discounted,234,0.8,0.8,0.0,0.0,60,4320,60,0.000438,0.0008263499999999989,0.001024
reliable,stationary_discounted,235,0.8,0.8,0.0,0.0,60,4320,60,0.000465,0.0009097299999999991,0.001059
reliable,stationary_discounted,236,0.8,0.8,0.0,0.0,60,4320,60,0.000515,0.0011087499999999978,0.001507
reliable,stationary_discounted,237,0.8,0.8,0.0,0.0,60,4320,60,0.0003795,0.000833639999999999,0.001013
reliable,stationary_discounted,238,0.8,0.8,0.0,0.0,60,4320,60,0.00036950000000000004,0.0010566599999999981,0.001367
reliable,stationary_discounted,239,0.8,0.8,0.0,0.0,60,4320,60,0.000435,0.0013546099999999998,0.001367
reliable,stationary_discounted,240,0.8,0.8,0.0,0.0,60,4320,60,0.000668,0.001030179999999999,0.001206
reliable,stationary_discounted,241,0.8,0.8,0.0,0.0,60,4320,60,0.0006295000000000001,0.001226159999999998,0.001566
reliable,stationary_discounted,242,0.8,0.8,0.0,0.0,60,4320,60,0.0006345000000000001,0.0015469999999999995,0.001606
reliable,stationary_discounted,243,0.8,0.8,0.0,0.0,60,4320,60,0.000637,0.001083589999999999,0.00126
reliable,stationary_discounted,244,0.8,0.8,0.0,0.0,60,4320,60,0.000644,0.000968429999999999,0.001159
reliable,stationary_discounted,245,0.8,0.8,0.0,0.0,60,4320,60,0.0006705,0.0012366099999999982,0.001544
reliable,stationary_discounted,246,0.8,0.8,0.0,0.0,60,4320,60,0.00067,0.0011402299999999986,0.001378
reliable,stationary_discounted,247,0.8,0.8,0.0,0.0,60,4320,60,0.0006475,0.0010700699999999985,0.001322
reliable,stationary_discounted,248,0.8,0.8,0.0,0.0,60,4320,60,0.0006745,0.001138049999999999,0.001318
reliable,stationary_discounted,249,0.8,0.8,0.0,0.0,60,4320,60,0.0006045,0.001174279999999998,0.001533
reliable,stationary_discounted,250,0.8,0.8,0.0,0.0,60,4320,60,0.0005695,0.0011460599999999974,0.001598
reliable,stationary_discounted,251,0.8,0.8,0.0,0.0,60,4320,60,0.0005614999999999999,0.0009546299999999985,0.001216
reliable,stationary_discounted,252,0.8,0.8,0.0,0.0,60,4320,60,0.0004925,0.001298469999999999,0.001456
reliable,stationary_discounted,253,0.8,0.8,0.0,0.0,60,4320,60,0.0005825,0.0010392399999999977,0.001431
reliable,stationary_discounted,254,0.8,0.8,0.0,0.0,60,4320,60,0.000572,0.0010487899999999978,0.001414
reliable,stationary_discounted,255,0.8,0.8,0.0,0.0,60,4320,60,0.0004255,0.0010971299999999982,0.001388
reliable,stationary_discounted,256,0.8,0.8,0.0,0.0,60,4320,60,0.000473,0.0009518399999999992,0.001084
reliable,stationary_discounted,257,0.8,0.8,0.0,0.0,60,4320,60,0.000564,0.000871129999999999,0.001044
reliable,stationary_discounted,258,0.8,0.8,0.0,0.0,60,4320,60,0.0005465,0.0009901599999999993,0.001094
reliable,stationary_discounted,259,0.8,0.8,0.0,0.0,60,4320,60,0.0005455,0.0010444899999999986,0.001274
reliable,stationary_discounted,260,0.8,0.8,0.0,0.0,60,4320,60,0.000565,0.0011759399999999968,0.001727
reliable,stationary_discounted,261,0.8,0.8,0.0,0.0,60,4320,60,0.0005635,0.0035686599999999974,0.003997
reliable,stationary_discounted,262,0.8,0.8,0.0,0.0,60,4320,60,0.000774,0.002327999999999994,0.003331
reliable,stationary_discounted,263,0.8,0.8,0.0,0.0,60,4320,60,0.00037,0.0022775699999999957,0.003031
reliable,stationary_discounted,264,0.8,0.8,0.0,0.0,60,4320,60,0.000342,0.0009362499999999982,0.001246
reliable,stationary_discounted,265,0.8,0.8,0.0,0.0,60,4320,60,0.000346,0.0006875599999999985,0.000933
reliable,stationary_discounted,266,0.8,0.8,0.0,0.0,60,4320,60,0.0003505,0.0007303499999999985,0.000987
reliable,stationary_discounted,267,0.8,0.8,0.0,0.0,60,4320,60,0.0003435,0.0007998099999999985,0.00106
reliable,stationary_discounted,268,0.8,0.8,0.0,0.0,60,4320,60,0.0003415,0.000694799999999999,0.00086
reliable,stationary_discounted,269,0.8,0.8,0.0,0.0,60,4320,60,0.00034,0.0007345299999999993,0.000872
reliable,stationary_discounted,270,0.8,0.8,0.0,0.0,60,4320,60,0.0003385,0.0006763599999999993,0.000792
reliable,stationary_discounted,271,0.8,0.8,0.0,0.0,60,4320,60,0.00035400000000000004,0.0009805699999999983,0.001262
reliable,stationary_discounted,272,0.8,0.8,0.0,0.0,60,4320,60,0.000358,0.0009361199999999995,0.001014
reliable,stationary_discounted,273,0.8,0.8,0.0,0.0,60,4320,60,0.000477,0.0008822399999999988,0.001097
reliable,stationary_discounted,274,0.8,0.8,0.0,0.0,60,4320,60,0.0004345,0.0007934899999999993,0.000905
reliable,stationary_discounted,275,0.8,0.8,0.0,0.0,60,4320,60,0.000389,0.0009350799999999983,0.001223
reliable,stationary_discounted,276,0.8,0.8,0.0,0.0,60,4320,60,0.0007049999999999999,0.023260149999999813,0.055011
reliable,stationary_discounted,277,0.8,0.8,0.0,0.0,60,4320,60,0.000676,0.0017038299999999997,0.001741
reliable,stationary_discounted,278,0.8,0.8,0.0,0.0,60,4320,60,0.0006234999999999999,0.0011532899999999984,0.00143
reliable,stationary_discounted,279,0.8,0.8,0.0,0.0,60,4320,60,0.0005955,0.0011136799999999986,0.001378
reliable,stationary_discounted,280,0.8,0.8,0.0,0.0,60,4320,60,0.0006125,0.0011153699999999981,0.001444
reliable,stationary_discounted,281,0.8,0.8,0.0,0.0,60,4320,60,0.0005725000000000001,0.0010935799999999974,0.001529
reliable,stationary_discounted,282,0.8,0.8,0.0,0.0,60,4320,60,0.000611,0.0014206999999999998,0.001462
reliable,stationary_discounted,283,0.8,0.8,0.0,0.0,60,4320,60,0.0006154999999999999,0.0010428199999999986,0.00128
reliable,stationary_discounted,284,0.8,0.8,0.0,0.0,60,4320,60,0.0006325,0.0011059999999999987,0.001342
reliable,stationary_discounted,285,0.8,0.8,0.0,0.0,60,4320,60,0.0006125,0.001139909999999998,0.001465
reliable,stationary_discounted,286,0.8,0.8,0.0,0.0,60,4320,60,0.000353,0.0007115799999999986,0.00097
reliable,stationary_discounted,287,0.8,0.8,0.0,0.0,60,4320,60,0.000379,0.000847699999999998,0.001184
reliable,stationary_discounted,288,0.8,0.8,0.0,0.0,60,4320,60,0.000337,0.0007602299999999989,0.000939
reliable,stationary_discounted,289,0.8,0.8,0.0,0.0,60,4320,60,0.0003415,0.0007796799999999987,0.000985
reliable,stationary_discounted,290,0.8,0.8,0.0,0.0,60,4320,60,0.0003455,0.0006885299999999988,0.000885
reliable,stationary_discounted,291,0.8,0.8,0.0,0.0,60,4320,60,0.000351,0.0008052299999999987,0.001043
reliable,stationary_discounted,292,0.8,0.8,0.0,0.0,60,4320,60,0.000363,0.0006976299999999988,0.0009
reliable,stationary_discounted,293,0.8,0.8,0.0,0.0,60,4320,60,0.00035150000000000003,0.0006978099999999988,0.000899
reliable,stationary_discounted,294,0.8,0.8,0.0,0.0,60,4320,60,0.00035800000000000003,0.0007326599999999989,0.000925
reliable,stationary_discounted,295,0.8,0.8,0.0,0.0,60,4320,60,0.0003455,0.0006510099999999987,0.000864
reliable,stationary_discounted,296,0.8,0.8,0.0,0.0,60,4320,60,0.000348,0.000656869999999999,0.000838
reliable,stationary_discounted,297,0.8,0.8,0.0,0.0,60,4320,60,0.000348,0.0007916399999999986,0.00103
reliable,stationary_discounted,298,0.8,0.8,0.0,0.0,60,4320,60,0.00046,0.001073069999999999,0.001207
reliable,stationary_discounted,299,0.8,0.8,0.0,0.0,60,4320,60,0.0003555,0.000715489999999999,0.000886
reliable,stationary_discounted,300,0.8,0.8,0.0,0.0,60,4320,60,0.0003545,0.0007537599999999993,0.000893
reliable,stationary_discounted,301,0.8,0.8,0.0,0.0,60,4320,60,0.0003685,0.0008036399999999989,0.000983
reliable,stationary_discounted,302,0.8,0.8,0.0,0.0,60,4320,60,0.0003475,0.0007069899999999991,0.000848
reliable,stationary_discounted,303,0.8,0.8,0.0,0.0,60,4320,60,0.000356,0.0007137399999999985,0.000958
reliable,stationary_discounted,304,0.8,0.8,0.0,0.0,60,4320,60,0.000655,0.002033969999999996,0.002693
reliable,stationary_discounted,305,0.8,0.8,0.0,0.0,60,4320,60,0.0003385,0.0008402999999999981,0.001153
reliable,stationary_discounted,306,0.8,0.8,0.0,0.0,60,4320,60,0.00034449999999999997,0.0011292399999999982,0.001462
reliable,stationary_discounted,307,0.8,0.8,0.0,0.0,60,4320,60,0.000359,0.0007033799999999986,0.00095
reliable,stationary_discounted,308,0.8,0.8,0.0,0.0,60,4320,60,0.000351,0.0007503999999999992,0.000892
reliable,stationary_discounted,309,0.8,0.8,0.0,0.0,60,4320,60,0.000353,0.0007137099999999988,0.000909
reliable,stationary_discounted,310,0.8,0.8,0.0,0.0,60,4320,60,0.00035499999999999996,0.0006599099999999991,0.000808
reliable,stationary_discounted,311,0.8,0.8,0.0,0.0,60,4320,60,0.0003635,0.0007320199999999992,0.000863
reliable,stationary_discounted,312,0.8,0.8,0.0,0.0,60,4320,60,0.000341,0.0007393199999999988,0.000947
reliable,stationary_discounted,313,0.8,0.8,0.0,0.0,60,4320,60,0.00034250000000000003,0.0007377799999999989,0.000949
reliable,stationary_discounted,314,0.8,0.8,0.0,0.0,60,4320,60,0.00035749999999999996,0.0007959799999999983,0.001078
reliable,stationary_discounted,315,0.8,0.8,0.0,0.0,60,4320,60,0.000363,0.000721979999999999,0.000886
reliable,stationary_discounted,316,0.8,0.8,0.0,0.0,60,4320,60,0.0003485,0.0007078599999999992,0.000853
reliable,stationary_discounted,317,0.8,0.8,0.0,0.0,60,4320,60,0.000356,0.0006712099999999993,0.000778
reliable,stationary_discounted,318,0.8,0.8,0.0,0.0,60,4320,60,0.0003535,0.005004849999999965,0.011014
reliable,stationary_discounted,319,0.8,0.8,0.0,0.0,60,4320,60,0.0003435,0.0006942799999999993,0.000817
reliable,stationary_discounted,320,0.8,0.8,0.0,0.0,60,4320,60,0.0006364999999999999,0.001042009999999999,0.001196
reliable,stationary_discounted,321,0.8,0.8,0.0,0.0,60,4320,60,0.0007905,0.01472973999999999,0.016449
reliable,stationary_discounted,322,0.8,0.8,0.0,0.0,60,4320,60,0.0007895,0.0014328199999999972,0.001906
reliable,stationary_discounted,323,0.8,0.8,0.0,0.0,60,4320,60,0.0007725,0.10572152999999943,0.206631
reliable,stationary_discounted,324,0.8,0.8,0.0,0.0,60,4320,60,0.000578,0.05338005999999959,0.124042
reliable,stationary_discounted,325,0.8,0.8,0.0,0.0,60,4320,60,0.000649,0.0016048199999999996,0.001665
reliable,stationary_discounted,326,0.8,0.8,0.0,0.0,60,4320,60,0.000638,0.001126429999999998,0.001494
reliable,stationary_discounted,327,0.8,0.8,0.0,0.0,60,4320,60,0.000634,0.0009388299999999988,0.001153
reliable,stationary_discounted,328,0.8,0.8,0.0,0.0,60,4320,60,0.000355,0.004050199999999976,0.008074
reliable,stationary_discounted,329,0.8,0.8,0.0,0.0,60,4320,60,0.00035749999999999996,0.000750739999999999,0.000936
reliable,stationary_discounted,330,0.8,0.8,0.0,0.0,60,4320,60,0.00036,0.000711329999999999,0.000896
reliable,stationary_discounted,331,0.8,0.8,0.0,0.0,60,4320,60,0.0003475,0.0007253299999999989,0.00091
reliable,stationary_discounted,332,0.8,0.8,0.0,0.0,60,4320,60,0.000343,0.0006945699999999991,0.000858
reliable,stationary_discounted,333,0.8,0.8,0.0,0.0,60,4320,60,0.00036050000000000003,0.0007588099999999984,0.001019
reliable,stationary_discounted,334,0.8,0.8,0.0,0.0,60,4320,60,0.000353,0.000689699999999999,0.000849
reliable,stationary_discounted,335,0.8,0.8,0.0,0.0,60,4320,60,0.0003615,0.0006508399999999989,0.000842
reliable,stationary_discounted,336,0.8,0.8,0.0,0.0,60,4320,60,0.0004465,0.0009988299999999992,0.001154
reliable,stationary_discounted,337,0.8,0.8,0.0,0.0,60,4320,60,0.000358,0.0007011599999999991,0.000864
reliable,stationary_discounted,338,0.8,0.8,0.0,0.0,60,4320,60,0.00036050000000000003,0.0008092099999999994,0.000916
reliable,stationary_discounted,339,0.8,0.8,0.0,0.0,60,4320,60,0.000366,0.0007206899999999982,0.001021
reliable,stationary_discounted,340,0.8,0.8,0.0,0.0,60,4320,60,0.0004215,0.00265874999999999,0.004355
reliable,stationary_discounted,341,0.8,0.8,0.0,0.0,60,4320,60,0.0007915,0.0015774699999999968,0.002148
reliable,stationary_discounted,342,0.8,0.8,0.0,0.0,60,4320,60,0.0007785,0.0014365499999999985,0.001705
reliable,stationary_discounted,343,0.8,0.8,0.0,0.0,60,4320,60,0.000829,0.0019496099999999994,0.002021
reliable,stationary_discounted,344,0.8,0.8,0.0,0.0,60,4320,60,0.000828,0.0013083099999999987,0.001539
reliable,stationary_discounted,345,0.8,0.8,0.0,0.0,60,4320,60,0.0007980000000000001,0.010771479999999925,0.023945
reliable,stationary_discounted,346,0.8,0.8,0.0,0.0,60,4320,60,0.0008755,0.001379519999999998,0.001717
reliable,stationary_discounted,347,0.8,0.8,0.0,0.0,60,4320,60,0.00086,0.0018453699999999974,0.002292
reliable,stationary_discounted,348,0.8,0.8,0.0,0.0,60,4320,60,0.000807,0.0014784699999999971,0.00199
reliable,stationary_discounted,349,0.8,0.8,0.0,0.0,60,4320,60,0.0007985,0.0013440099999999983,0.001616
reliable,stationary_discounted,350,0.8,0.8,0.0,0.0,60,4320,60,0.0007695,0.0013819299999999978,0.001779
reliable,stationary_discounted,351,0.8,0.8,0.0,0.0,60,4320,60,0.00079,0.001404299999999998,0.001717
reliable,stationary_discounted,352,0.8,0.8,0.0,0.0,60,4320,60,0.0008065,0.0012035299999999984,0.001459
reliable,stationary_discounted,353,0.8,0.8,0.0,0.0,60,4320,60,0.000823,0.001297179999999999,0.001473
reliable,stationary_discounted,354,0.8,0.8,0.0,0.0,60,4320,60,0.000788,0.001305049999999999,0.001485
reliable,stationary_discounted,355,0.8,0.8,0.0,0.0,60,4320,60,0.00034,0.0014273299999999945,0.002379
reliable,stationary_discounted,356,0.8,0.8,0.0,0.0,60,4320,60,0.0003525,0.0008767799999999981,0.001206
reliable,stationary_discounted,357,0.8,0.8,0.0,0.0,60,4320,60,0.0003615,0.0007548799999999985,0.001031
reliable,stationary_discounted,358,0.8,0.8,0.0,0.0,60,4320,60,0.0003555,0.0007524499999999985,0.001015
reliable,stationary_discounted,359,0.8,0.8,0.0,0.0,60,4320,60,0.000355,0.0006167399999999989,0.000802
reliable,stationary_discounted,360,0.8,0.8,0.0,0.0,60,4320,60,0.000444,0.0008463099999999987,0.001077
reliable,stationary_discounted,361,0.8,0.8,0.0,0.0,60,4320,60,0.0003455,0.0006747099999999988,0.00087
reliable,stationary_discounted,362,0.8,0.8,0.0,0.0,60,4320,60,0.000355,0.0008145899999999983,0.001109
reliable,stationary_discounted,363,0.8,0.8,0.0,0.0,60,4320,60,0.00044300000000000003,0.0007730099999999987,0.000986
reliable,stationary_discounted,364,0.8,0.8,0.0,0.0,60,4320,60,0.000355,0.0011743799999999957,0.001893
reliable,stationary_discounted,365,0.8,0.8,0.0,0.0,60,4320,60,0.0003585,0.0015426299999999945,0.002512
reliable,stationary_discounted,366,0.8,0.8,0.0,0.0,60,4320,60,0.000343,0.0007392899999999984,0.001016
reliable,stationary_discounted,367,0.8,0.8,0.0,0.0,60,4320,60,0.000332,0.0006748599999999991,0.00082
reliable,stationary_discounted,368,0.8,0.8,0.0,0.0,60,4320,60,0.00034750000000000004,0.0006902799999999991,0.000872
reliable,stationary_discounted,369,0.8,0.8,0.0,0.0,60,4320,60,0.0003415,0.000688029999999999,0.000855
reliable,stationary_discounted,370,0.8,0.8,0.0,0.0,60,4320,60,0.0003405,0.0007047399999999993,0.000831
reliable,stationary_discounted,371,0.8,0.8,0.0,0.0,60,4320,60,0.000361,0.0007340499999999989,0.000914
reliable,stationary_discounted,372,0.8,0.8,0.0,0.0,60,4320,60,0.000759,0.0023023599999999933,0.00348
reliable,stationary_discounted,373,0.8,0.8,0.0,0.0,60,4320,60,0.0007355,0.0013838299999999978,0.001775
reliable,stationary_discounted,374,0.8,0.8,0.0,0.0,60,4320,60,0.0007765000000000001,0.001366459999999998,0.001724
reliable,stationary_discounted,375,0.8,0.8,0.0,0.0,60,4320,60,0.0007835,0.0022227999999999944,0.003155
reliable,stationary_discounted,376,0.8,0.8,0.0,0.0,60,4320,60,0.000765,0.0014277999999999977,0.001829
reliable,stationary_discounted,377,0.8,0.8,0.0,0.0,60,4320,60,0.000782,0.0014097299999999975,0.001854
reliable,stationary_discounted,378,0.8,0.8,0.0,0.0,60,4320,60,0.0008165,0.0018571099999999988,0.002076
reliable,stationary_discounted,379,0.8,0.8,0.0,0.0,60,4320,60,0.000345,0.001594279999999994,0.002661
reliable,stationary_discounted,380,0.8,0.8,0.0,0.0,60,4320,60,0.0003565,0.0008149399999999985,0.001071
reliable,stationary_discounted,381,0.8,0.8,0.0,0.0,60,4320,60,0.00035,0.0007102699999999988,0.000915
reliable,stationary_discounted,382,0.8,0.8,0.0,0.0,60,4320,60,0.000348,0.000655949999999999,0.00083
reliable,stationary_discounted,383,0.8,0.8,0.0,0.0,60,4320,60,0.000332,0.0006449799999999991,0.000809
reliable,stationary_discounted,384,0.8,0.8,0.0,0.0,60,4320,60,0.00034,0.0006899699999999993,0.000818
reliable,stationary_discounted,385,0.8,0.8,0.0,0.0,60,4320,60,0.000363,0.000707669999999999,0.000877
reliable,stationary_discounted,386,0.8,0.8,0.0,0.0,60,4320,60,0.000338,0.0009429899999999991,0.001084
reliable,stationary_discounted,387,0.8,0.8,0.0,0.0,60,4320,60,0.000335,0.0006787799999999988,0.00089
reliable,stationary_discounted,388,0.8,0.8,0.0,0.0,60,4320,60,0.000352,0.0006807499999999987,0.000902
reliable,stationary_discounted,389,0.8,0.8,0.0,0.0,60,4320,60,0.000338,0.000736949999999999,0.000911
reliable,stationary_discounted,390,0.8,0.8,0.0,0.0,60,4320,60,0.0007635,0.010584219999999927,0.022999
reliable,stationary_discounted,391,0.8,0.8,0.0,0.0,60,4320,60,0.000767,0.0013431499999999983,0.001647
reliable,stationary_discounted,392,0.8,0.8,0.0,0.0,60,4320,60,0.0007394999999999999,0.0012482399999999988,0.001463
reliable,stationary_discounted,393,0.8,0.8,0.0,0.0,60,4320,60,0.000743,0.0012706499999999993,0.001427
reliable,stationary_discounted,394,0.8,0.8,0.0,0.0,60,4320,60,0.0003715,0.0013798699999999957,0.002151
reliable,stationary_discounted,395,0.8,0.8,0.0,0.0,60,4320,60,0.0003435,0.000777619999999999,0.000944
reliable,stationary_discounted,396,0.8,0.8,0.0,0.0,60,4320,60,0.0003415,0.000684209999999999,0.00085
reliable,stationary_discounted,397,0.8,0.8,0.0,0.0,60,4320,60,0.000349,0.0007041699999999989,0.000903
reliable,stationary_discounted,398,0.8,0.8,0.0,0.0,60,4320,60,0.000803,0.0016432999999999964,0.002251
reliable,stationary_discounted,399,0.8,0.8,0.0,0.0,60,4320,60,0.000843,0.001238879999999999,0.001397
reliable,stationary_discounted,400,0.8,0.8,0.0,0.0,60,4320,60,0.000782,0.0013983299999999982,0.001701
reliable,stationary_discounted,401,0.8,0.8,0.0,0.0,60,4320,60,0.0003915,0.0019889199999999956,0.002704
reliable,stationary_discounted,402,0.8,0.8,0.0,0.0,60,4320,60,0.00035000000000000005,0.0007992499999999985,0.00105
reliable,stationary_discounted,403,0.8,0.8,0.0,0.0,60,4320,60,0.0003435,0.0007067099999999985,0.000961
reliable,stationary_discounted,404,0.8,0.8,0.0,0.0,60,4320,60,0.0003475,0.0007832799999999986,0.001024
reliable,stationary_discounted,405,0.8,0.8,0.0,0.0,60,4320,60,0.000355,0.0012848999999999983,0.001574
reliable,stationary_discounted,406,0.8,0.8,0.0,0.0,60,4320,60,0.0003535,0.0007748799999999991,0.000933
reliable,stationary_discounted,407,0.8,0.8,0.0,0.0,60,4320,60,0.0003545,0.0007033299999999985,0.000947
reliable,stationary_discounted,408,0.8,0.8,0.0,0.0,60,4320,60,0.000348,0.0009972999999999996,0.001074
reliable,stationary_discounted,409,0.8,0.8,0.0,0.0,60,4320,60,0.000454,0.001198709999999997,0.001748
reliable,stationary_discounted,410,0.8,0.8,0.0,0.0,60,4320,60,0.000351,0.0006832399999999991,0.000839
reliable,stationary_discounted,411,0.8,0.8,0.0,0.0,60,4320,60,0.000338,0.0007060399999999988,0.000909
reliable,stationary_discounted,412,0.8,0.8,0.0,0.0,60,4320,60,0.000354,0.000713589999999999,0.00089
reliable,stationary_discounted,413,0.8,0.8,0.0,0.0,60,4320,60,0.0003595,0.000690819999999999,0.000869
reliable,stationary_discounted,414,0.8,0.8,0.0,0.0,60,4320,60,0.00034449999999999997,0.0006530699999999989,0.000846
reliable,stationary_discounted,415,0.8,0.8,0.0,0.0,60,4320,60,0.000344,0.000677619999999999,0.000844
reliable,stationary_discounted,416,0.8,0.8,0.0,0.0,60,4320,60,0.00034500000000000004,0.0007776099999999989,0.000967
reliable,stationary_discounted,417,0.8,0.8,0.0,0.0,60,4320,60,0.000343,0.0007277099999999985,0.000982
reliable,stationary_discounted,418,0.8,0.8,0.0,0.0,60,4320,60,0.0003395,0.0007565599999999992,0.000884
reliable,stationary_discounted,419,0.8,0.8,0.0,0.0,60,4320,60,0.000342,0.0008354199999999981,0.001167
reliable,stationary_discounted,420,0.8,0.8,0.0,0.0,60,4320,60,0.000346,0.0006976699999999994,0.000808
reliable,stationary_discounted,421,0.8,0.8,0.0,0.0,60,4320,60,0.00034599999999999995,0.0006824699999999991,0.00084
reliable,stationary_discounted,422,0.8,0.8,0.0,0.0,60,4320,60,0.00036700000000000003,0.004252979999999972,0.009078
reliable,stationary_discounted,423,0.8,0.8,0.0,0.0,60,4320,60,0.000352,0.0007820099999999981,0.001113
reliable,stationary_discounted,424,0.8,0.8,0.0,0.0,60,4320,60,0.000627,0.012533449999999917,0.027015
reliable,stationary_discounted,425,0.8,0.8,0.0,0.0,60,4320,60,0.00033350000000000003,0.0018632399999999939,0.002904
reliable,stationary_discounted,426,0.8,0.8,0.0,0.0,60,4320,60,0.000347,0.0009441999999999979,0.00131
reliable,stationary_discounted,427,0.8,0.8,0.0,0.0,60,4320,60,0.000359,0.0006784799999999989,0.000872
reliable,stationary_discounted,428,0.8,0.8,0.0,0.0,60,4320,60,0.000337,0.0006683999999999988,0.000869
reliable,stationary_discounted,429,0.8,0.8,0.0,0.0,60,4320,60,0.0003535,0.0006626299999999988,0.000865
reliable,stationary_discounted,430,0.8,0.8,0.0,0.0,60,4320,60,0.0003475,0.0006689199999999993,0.000794
reliable,stationary_discounted,431,0.8,0.8,0.0,0.0,60,4320,60,0.0004325,0.0008393799999999996,0.000909
reliable,stationary_discounted,432,0.8,0.8,0.0,0.0,60,4320,60,0.000338,0.0010069299999999996,0.00105
reliable,stationary_discounted,433,0.8,0.8,0.0,0.0,60,4320,60,0.000341,0.0007206499999999988,0.000936
reliable,stationary_discounted,434,0.8,0.8,0.0,0.0,60,4320,60,0.0003395,0.0007633899999999998,0.00081
reliable,stationary_discounted,435,0.8,0.8,0.0,0.0,60,4320,60,0.000374,0.0007149199999999996,0.000781
reliable,stationary_discounted,436,0.8,0.8,0.0,0.0,60,4320,60,0.000364,0.000668439999999999,0.000836
reliable,stationary_discounted,437,0.8,0.8,0.0,0.0,60,4320,60,0.0003585,0.0006867299999999991,0.000836
reliable,stationary_discounted,438,0.8,0.8,0.0,0.0,60,4320,60,0.000347,0.0006806799999999992,0.000827
reliable,stationary_discounted,439,0.8,0.8,0.0,0.0,60,4320,60,0.00044050000000000003,0.0017111699999999945,0.002677
reliable,stationary_discounted,440,0.8,0.8,0.0,0.0,60,4320,60,0.000344,0.0007117499999999987,0.000933
reliable,stationary_discounted,441,0.8,0.8,0.0,0.0,60,4320,60,0.00035150000000000003,0.0007058899999999985,0.000959
reliable,stationary_discounted,442,0.8,0.8,0.0,0.0,60,4320,60,0.000339,0.0009250899999999995,0.001013
reliable,stationary_discounted,443,0.8,0.8,0.0,0.0,60,4320,60,0.0003395,0.0006695199999999991,0.00083
reliable,stationary_discounted,444,0.8,0.8,0.0,0.0,60,4320,60,0.0003435,0.0006535999999999991,0.000807
reliable,stationary_discounted,445,0.8,0.8,0.0,0.0,60,4320,60,0.0003365,0.0007268999999999986,0.000957
reliable,stationary_discounted,446,0.8,0.8,0.0,0.0,60,4320,60,0.000339,0.0008027599999999982,0.001119
reliable,stationary_discounted,447,0.8,0.8,0.0,0.0,60,4320,60,0.000341,0.0006770699999999992,0.000811
reliable,stationary_discounted,448,0.8,0.8,0.0,0.0,60,4320,60,0.0003435,0.0006852999999999989,0.00088
reliable,stationary_discounted,449,0.8,0.8,0.0,0.0,60,4320,60,0.00034250000000000003,0.0006651999999999993,0.000795
reliable,stationary_discounted,450,0.8,0.8,0.0,0.0,60,4320,60,0.0003465,0.000671199999999999,0.00086
reliable,stationary_discounted,451,0.8,0.8,0.0,0.0,60,4320,60,0.000353,0.0007135299999999989,0.00091
reliable,stationary_discounted,452,0.8,0.8,0.0,0.0,60,4320,60,0.00034250000000000003,0.0006514799999999992,0.000786
reliable,stationary_discounted,453,0.8,0.8,0.0,0.0,60,4320,60,0.000343,0.000652129999999999,0.000825
reliable,stationary_discounted,454,0.8,0.8,0.0,0.0,60,4320,60,0.000337,0.0006713499999999988,0.000869
reliable,stationary_discounted,455,0.8,0.8,0.0,0.0,60,4320,60,0.0003555,0.0007710699999999983,0.001082
reliable,stationary_discounted,456,0.8,0.8,0.0,0.0,60,4320,60,0.0005175,0.0022139399999999885,0.004181
reliable,stationary_discounted,457,0.8,0.8,0.0,0.0,60,4320,60,0.0003465,0.0008649299999999977,0.001262
reliable,stationary_discounted,458,0.8,0.8,0.0,0.0,60,4320,60,0.0003275,0.0007519199999999989,0.000936
reliable,stationary_discounted,459,0.8,0.8,0.0,0.0,60,4320,60,0.000338,0.0008546099999999978,0.001221
reliable,stationary_discounted,460,0.8,0.8,0.0,0.0,60,4320,60,0.000346,0.0006891199999999992,0.000826
reliable,stationary_discounted,461,0.8,0.8,0.0,0.0,60,4320,60,0.000346,0.0006896499999999991,0.000846
reliable,stationary_discounted,462,0.8,0.8,0.0,0.0,60,4320,60,0.000349,0.000755949999999999,0.00093
reliable,stationary_discounted,463,0.8,0.8,0.0,0.0,60,4320,60,0.0003565,0.0006727899999999988,0.000861
reliable,stationary_discounted,464,0.8,0.8,0.0,0.0,60,4320,60,0.000355,0.000808049999999999,0.000988
reliable,stationary_discounted,465,0.8,0.8,0.0,0.0,60,4320,60,0.00036,0.0007469799999999987,0.00097
reliable,stationary_discounted,466,0.8,0.8,0.0,0.0,60,4320,60,0.0003555,0.0007444699999999988,0.000961
reliable,stationary_discounted,467,0.8,0.8,0.0,0.0,60,4320,60,0.0003535,0.0006664199999999992,0.000821
reliable,stationary_discounted,468,0.8,0.8,0.0,0.0,60,4320,60,0.000362,0.000781229999999999,0.00096
reliable,stationary_discounted,469,0.8,0.8,0.0,0.0,60,4320,60,0.0003685,0.0006930899999999989,0.000899
reliable,stationary_discounted,470,0.8,0.8,0.0,0.0,60,4320,60,0.0003535,0.0007259199999999989,0.00091
reliable,stationary_discounted,471,0.8,0.8,0.0,0.0,60,4320,60,0.00035150000000000003,0.0007175199999999987,0.000937
reliable,stationary_discounted,472,0.8,0.8,0.0,0.0,60,4320,60,0.000353,0.0007681299999999987,0.001
reliable,stationary_discounted,473,0.8,0.8,0.0,0.0,60,4320,60,0.000356,0.0011317899999999965,0.001733
reliable,stationary_discounted,474,0.8,0.8,0.0,0.0,60,4320,60,0.00035000000000000005,0.0007744799999999992,0.000909
reliable,stationary_discounted,475,0.8,0.8,0.0,0.0,60,4320,60,0.0003615,0.0008238499999999976,0.001228
reliable,stationary_discounted,476,0.8,0.8,0.0,0.0,60,4320,60,0.00035800000000000003,0.0007939599999999987,0.001004
reliable,stationary_discounted,477,0.8,0.8,0.0,0.0,60,4320,60,0.00035800000000000003,0.0007166799999999985,0.000981
reliable,stationary_discounted,478,0.8,0.8,0.0,0.0,60,4320,60,0.0003585,0.0017478799999999925,0.003086
reliable,stationary_discounted,479,0.8,0.8,0.0,0.0,60,4320,60,0.000362,0.0008904899999999979,0.001238
reliable,stationary_discounted,480,0.8,0.8,0.0,0.0,60,4320,60,0.000364,0.0007068899999999992,0.000842
reliable,stationary_discounted,481,0.8,0.8,0.0,0.0,60,4320,60,0.00035,0.0006834499999999991,0.000828
reliable,stationary_discounted,482,0.8,0.8,0.0,0.0,60,4320,60,0.000348,0.00104415,0.001053
reliable,stationary_discounted,483,0.8,0.8,0.0,0.0,60,4320,60,0.000363,0.0007501599999999986,0.000972
reliable,stationary_discounted,484,0.8,0.8,0.0,0.0,60,4320,60,0.000347,0.0007102299999999987,0.000948
reliable,stationary_discounted,485,0.8,0.8,0.0,0.0,60,4320,60,0.000339,0.004832629999999968,0.010522
reliable,stationary_discounted,486,0.8,0.8,0.0,0.0,60,4320,60,0.0003465,0.0007308499999999987,0.000958
reliable,stationary_discounted,487,0.8,0.8,0.0,0.0,60,4320,60,0.00034449999999999997,0.0007124499999999992,0.000857
reliable,stationary_discounted,488,0.8,0.8,0.0,0.0,60,4320,60,0.000349,0.0007330499999999993,0.000854
reliable,stationary_discounted,489,0.8,0.8,0.0,0.0,60,4320,60,0.0003535,0.0006781899999999988,0.00089
reliable,stationary_discounted,490,0.8,0.8,0.0,0.0,60,4320,60,0.0003405,0.0007482199999999981,0.001068
reliable,stationary_discounted,491,0.8,0.8,0.0,0.0,60,4320,60,0.000342,0.000669179999999999,0.000845
reliable,stationary_discounted,492,0.8,0.8,0.0,0.0,60,4320,60,0.000346,0.0007106399999999986,0.000949
reliable,stationary_discounted,493,0.8,0.8,0.0,0.0,60,4320,60,0.000344,0.000629359999999999,0.000804
reliable,stationary_discounted,494,0.8,0.8,0.0,0.0,60,4320,60,0.00034250000000000003,0.0011020599999999993,0.0012
reliable,stationary_discounted,495,0.8,0.8,0.0,0.0,60,4320,60,0.000338,0.0006904499999999988,0.000894
reliable,stationary_discounted,496,0.8,0.8,0.0,0.0,60,4320,60,0.00034250000000000003,0.0007426099999999989,0.000932
reliable,stationary_discounted,497,0.8,0.8,0.0,0.0,60,4320,60,0.0003645,0.001097319999999996,0.001777
reliable,stationary_discounted,498,0.8,0.8,0.0,0.0,60,4320,60,0.00035150000000000003,0.0008707499999999987,0.001092
reliable,stationary_discounted,499,0.8,0.8,0.0,0.0,60,4320,60,0.0003555,0.0007791799999999982,0.001073
guard_two,stationary_discounted,0,0.6666666666666666,0.6666666666666666,0.0,0.0,60,4320,60,0.000366,0.0017280299999999937,0.002839
guard_two,stationary_discounted,1,0.7333333333333333,0.7333333333333333,0.0,0.0,60,4320,60,0.000354,0.0009393999999999978,0.001317
guard_two,stationary_discounted,2,0.6833333333333333,0.6833333333333333,0.0,0.0,60,4320,60,0.000371,0.0008249799999999984,0.001107
guard_two,stationary_discounted,3,0.6833333333333333,0.6833333333333333,0.0,0.0,60,4320,60,0.0003585,0.0007534699999999994,0.000852
guard_two,stationary_discounted,4,0.6666666666666666,0.6666666666666666,0.0,0.0,60,4320,60,0.000366,0.0007754199999999988,0.000989
guard_two,stationary_discounted,5,0.75,0.75,0.0,0.0,60,4320,60,0.000654,0.010099039999999929,0.022338
guard_two,stationary_discounted,6,0.7,0.7,0.0,0.0,60,4320,60,0.0006325,0.0010581099999999988,0.001277
guard_two,stationary_discounted,7,0.7833333333333333,0.7833333333333333,0.0,0.0,60,4320,60,0.0006494999999999999,0.0012100199999999985,0.001459
guard_two,stationary_discounted,8,0.6333333333333333,0.6333333333333333,0.0,0.0,60,4320,60,0.000667,0.0025859999999999976,0.002999
guard_two,stationary_discounted,9,0.7833333333333333,0.7833333333333333,0.0,0.0,60,4320,60,0.000655,0.0012216299999999979,0.001601
guard_two,stationary_discounted,10,0.7,0.7,0.0,0.0,60,4320,60,0.0006715,0.001222519999999998,0.00156
guard_two,stationary_discounted,11,0.65,0.65,0.0,0.0,60,4320,60,0.000656,0.0013125199999999976,0.001709
guard_two,stationary_discounted,12,0.6833333333333333,0.6833333333333333,0.0,0.0,60,4320,60,0.0006345,0.0021355999999999936,0.003233
guard_two,stationary_discounted,13,0.7666666666666667,0.7666666666666667,0.0,0.0,60,4320,60,0.000608,0.001304619999999998,0.001648
guard_two,stationary_discounted,14,0.65,0.65,0.0,0.0,60,4320,60,0.0005985,0.0010968699999999978,0.001455
guard_two,stationary_discounted,15,0.6833333333333333,0.6833333333333333,0.0,0.0,60,4320,60,0.0006529999999999999,0.002123769999999993,0.003302
guard_two,stationary_discounted,16,0.7166666666666667,0.7166666666666667,0.0,0.0,60,4320,60,0.000624,0.0015057199999999966,0.002091
guard_two,stationary_discounted,17,0.6666666666666666,0.6666666666666666,0.0,0.0,60,4320,60,0.0006375,0.0012382799999999983,0.001538
guard_two,stationary_discounted,18,0.75,0.75,0.0,0.0,60,4320,60,0.000582,0.0011330799999999986,0.001362
guard_two,stationary_discounted,19,0.7833333333333333,0.7833333333333333,0.0,0.0,60,4320,60,0.0006305,0.0013499799999999989,0.001514
guard_two,stationary_discounted,20,0.7,0.7,0.0,0.0,60,4320,60,0.000621,0.0010613499999999989,0.001259
guard_two,stationary_discounted,21,0.6666666666666666,0.6666666666666666,0.0,0.0,60,4320,60,0.0006395,0.0011341399999999983,0.001402
guard_two,stationary_discounted,22,0.6833333333333333,0.6833333333333333,0.0,0.0,60,4320,60,0.0006464999999999999,0.0011012699999999984,0.001365
guard_two,stationary_discounted,23,0.6666666666666666,0.6666666666666666,0.0,0.0,60,4320,60,0.0005065,0.003644139999999991,0.005151
guard_two,stationary_discounted,24,0.7166666666666667,0.7166666666666667,0.0,0.0,60,4320,60,0.000349,0.000999929999999998,0.001338
guard_two,stationary_discounted,25,0.75,0.75,0.0,0.0,60,4320,60,0.000358,0.0007276499999999991,0.000884
guard_two,stationary_discounted,26,0.6833333333333333,0.6833333333333333,0.0,0.0,60,4320,60,0.000608,0.0011434499999999977,0.001524
guard_two,stationary_discounted,27,0.7333333333333333,0.7333333333333333,0.0,0.0,60,4320,60,0.0006360000000000001,0.0011384899999999987,0.001368
guard_two,stationary_discounted,28,0.7166666666666667,0.7166666666666667,0.0,0.0,60,4320,60,0.000657,0.0015192899999999982,0.001855
guard_two,stationary_discounted,29,0.6833333333333333,0.6833333333333333,0.0,0.0,60,4320,60,0.000657,0.001191069999999999,0.001384
guard_two,stationary_discounted,30,0.7,0.7,0.0,0.0,60,4320,60,0.0006410000000000001,0.0014676299999999988,0.00167
guard_two,stationary_discounted,31,0.7166666666666667,0.7166666666666667,0.0,0.0,60,4320,60,0.000647,0.0011908999999999986,0.001421
guard_two,stationary_discounted,32,0.65,0.65,0.0,0.0,60,4320,60,0.000668,0.0011193499999999986,0.001376
guard_two,stationary_discounted,33,0.7,0.7,0.0,0.0,60,4320,60,0.0006335,0.0011349399999999986,0.001391
guard_two,stationary_discounted,34,0.6833333333333333,0.6833333333333333,0.0,0.0,60,4320,60,0.000685,0.0011874199999999985,0.00146
guard_two,stationary_discounted,35,0.7333333333333333,0.7333333333333333,0.0,0.0,60,4320,60,0.0006615,0.001184849999999998,0.00153
guard_two,stationary_discounted,36,0.7,0.7,0.0,0.0,60,4320,60,0.000663,0.0012166099999999975,0.001642
guard_two,stationary_discounted,37,0.7333333333333333,0.7333333333333333,0.0,0.0,60,4320,60,0.000642,0.0013109599999999964,0.001934
guard_two,stationary_discounted,38,0.7666666666666667,0.7666666666666667,0.0,0.0,60,4320,60,0.000688,0.001329739999999998,0.001633
guard_two,stationary_discounted,39,0.75,0.75,0.0,0.0,60,4320,60,0.00064,0.0011703699999999985,0.00144
guard_two,stationary_discounted,40,0.65,0.65,0.0,0.0,60,4320,60,0.000628,0.0011603199999999975,0.001604
guard_two,stationary_discounted,41,0.7166666666666667,0.7166666666666667,0.0,0.0,60,4320,60,0.0006685,0.0013679899999999962,0.00204
guard_two,stationary_discounted,42,0.6833333333333333,0.6833333333333333,0.0,0.0,60,4320,60,0.0006364999999999999,0.0014414599999999997,0.001504
guard_two,stationary_discounted,43,0.7166666666666667,0.7166666666666667,0.0,0.0,60,4320,60,0.000629,0.001143389999999998,0.001485
guard_two,stationary_discounted,44,0.7666666666666667,0.7666666666666667,0.0,0.0,60,4320,60,0.0006475000000000001,0.001185179999999999,0.001361
guard_two,stationary_discounted,45,0.7,0.7,0.0,0.0,60,4320,60,0.0006365,0.001238899999999998,0.001587
guard_two,stationary_discounted,46,0.6666666666666666,0.6666666666666666,0.0,0.0,60,4320,60,0.000628,0.0015511899999999979,0.00194
guard_two,stationary_discounted,47,0.6833333333333333,0.6833333333333333,0.0,0.0,60,4320,60,0.000631,0.0011372899999999983,0.001414
guard_two,stationary_discounted,48,0.7333333333333333,0.7333333333333333,0.0,0.0,60,4320,60,0.0006720000000000001,0.0011062099999999983,0.00139
guard_two,stationary_discounted,49,0.6666666666666666,0.6666666666666666,0.0,0.0,60,4320,60,0.000673,0.0013219599999999988,0.001532
guard_two,stationary_discounted,50,0.7166666666666667,0.7166666666666667,0.0,0.0,60,4320,60,0.000615,0.0010047299999999982,0.001331
guard_two,stationary_discounted,51,0.6,0.6,0.0,0.0,60,4320,60,0.000621,0.0011618399999999988,0.001353
guard_two,stationary_discounted,52,0.7,0.7,0.0,0.0,60,4320,60,0.000629,0.0011275599999999986,0.001373
guard_two,stationary_discounted,53,0.6833333333333333,0.6833333333333333,0.0,0.0,60,4320,60,0.0006000000000000001,0.0010492399999999984,0.001323
guard_two,stationary_discounted,54,0.7,0.7,0.0,0.0,60,4320,60,0.0006245000000000001,0.0013221199999999995,0.0014
guard_two,stationary_discounted,55,0.7166666666666667,0.7166666666666667,0.0,0.0,60,4320,60,0.0006045,0.000999669999999999,0.001169
guard_two,stationary_discounted,56,0.6833333333333333,0.6833333333333333,0.0,0.0,60,4320,60,0.000616,0.0012026599999999986,0.001454
guard_two,stationary_discounted,57,0.7,0.7,0.0,0.0,60,4320,60,0.0006085,0.0012177699999999976,0.001629
guard_two,stationary_discounted,58,0.7666666666666667,0.7666666666666667,0.0,0.0,60,4320,60,0.000619,0.001059919999999999,0.001244
guard_two,stationary_discounted,59,0.7,0.7,0.0,0.0,60,4320,60,0.0006104999999999999,0.0011043199999999985,0.001371
guard_two,stationary_discounted,60,0.7333333333333333,0.7333333333333333,0.0,0.0,60,4320,60,0.0006385,0.0011663699999999982,0.001495
guard_two,stationary_discounted,61,0.7,0.7,0.0,0.0,60,4320,60,0.000637,0.0010952499999999988,0.001287
guard_two,stationary_discounted,62,0.6666666666666666,0.6666666666666666,0.0,0.0,60,4320,60,0.0006335,0.0011797899999999987,0.001427
guard_two,stationary_discounted,63,0.7,0.7,0.0,0.0,60,4320,60,0.000638,0.003913749999999999,0.004017
guard_two,stationary_discounted,64,0.7,0.7,0.0,0.0,60,4320,60,0.0008060000000000001,0.0017239099999999973,0.002167
guard_two,stationary_discounted,65,0.7166666666666667,0.7166666666666667,0.0,0.0,60,4320,60,0.0007754999999999999,0.001373639999999998,0.00173
guard_two,stationary_discounted,66,0.6333333333333333,0.6333333333333333,0.0,0.0,60,4320,60,0.000646,0.015951779999999884,0.036105
guard_two,stationary_discounted,67,0.7166666666666667,0.7166666666666667,0.0,0.0,60,4320,60,0.000634,0.0014604299999999978,0.001828
guard_two,stationary_discounted,68,0.7166666666666667,0.7166666666666667,0.0,0.0,60,4320,60,0.0005445000000000001,0.001271019999999999,0.001461
guard_two,stationary_discounted,69,0.7666666666666667,0.7666666666666667,0.0,0.0,60,4320,60,0.0003585,0.000825799999999999,0.000991
guard_two,stationary_discounted,70,0.7166666666666667,0.7166666666666667,0.0,0.0,60,4320,60,0.000342,0.0007128499999999994,0.000822
guard_two,stationary_discounted,71,0.7333333333333333,0.7333333333333333,0.0,0.0,60,4320,60,0.000347,0.0007430299999999987,0.000969
guard_two,stationary_discounted,72,0.7166666666666667,0.7166666666666667,0.0,0.0,60,4320,60,0.000795,0.002034989999999994,0.003061
guard_two,stationary_discounted,73,0.7666666666666667,0.7666666666666667,0.0,0.0,60,4320,60,0.0007574999999999999,0.0014239799999999979,0.001824
guard_two,stationary_discounted,74,0.6333333333333333,0.6333333333333333,0.0,0.0,60,4320,60,0.0007995000000000001,0.0014628599999999977,0.001844
guard_two,stationary_discounted,75,0.6833333333333333,0.6833333333333333,0.0,0.0,60,4320,60,0.0008255,0.0013244599999999989,0.001505
guard_two,stationary_discounted,76,0.7833333333333333,0.7833333333333333,0.0,0.0,60,4320,60,0.0009350000000000001,0.0023927899999999992,0.002522
guard_two,stationary_discounted,77,0.6833333333333333,0.6833333333333333,0.0,0.0,60,4320,60,0.0008755,0.0014673599999999976,0.001878
guard_two,stationary_discounted,78,0.65,0.65,0.0,0.0,60,4320,60,0.0008359999999999999,0.001358129999999999,0.001531
guard_two,stationary_discounted,79,0.6833333333333333,0.6833333333333333,0.0,0.0,60,4320,60,0.0008775,0.0018511599999999988,0.002073
guard_two,stationary_discounted,80,0.6833333333333333,0.6833333333333333,0.0,0.0,60,4320,60,0.000813,0.001455979999999998,0.001797
guard_two,stationary_discounted,81,0.7166666666666667,0.7166666666666667,0.0,0.0,60,4320,60,0.000851,0.0013115599999999983,0.001616
guard_two,stationary_discounted,82,0.6666666666666666,0.6666666666666666,0.0,0.0,60,4320,60,0.000804,0.0013060699999999986,0.001558
guard_two,stationary_discounted,83,0.7166666666666667,0.7166666666666667,0.0,0.0,60,4320,60,0.0008565000000000001,0.00864543999999994,0.01902
guard_two,stationary_discounted,84,0.6666666666666666,0.6666666666666666,0.0,0.0,60,4320,60,0.000844,0.0019574799999999984,0.002269
guard_two,stationary_discounted,85,0.7166666666666667,0.7166666666666667,0.0,0.0,60,4320,60,0.0008695,0.0018928299999999975,0.002343
guard_two,stationary_discounted,86,0.7166666666666667,0.7166666666666667,0.0,0.0,60,4320,60,0.0008049999999999999,0.0013632999999999985,0.001617
guard_two,stationary_discounted,87,0.7333333333333333,0.7333333333333333,0.0,0.0,60,4320,60,0.000368,0.0016181999999999946,0.002574
guard_two,stationary_discounted,88,0.6333333333333333,0.6333333333333333,0.0,0.0,60,4320,60,0.000365,0.0009234399999999987,0.00115
guard_two,stationary_discounted,89,0.65,0.65,0.0,0.0,60,4320,60,0.00036649999999999996,0.0007886399999999993,0.000909
guard_two,stationary_discounted,90,0.7333333333333333,0.7333333333333333,0.0,0.0,60,4320,60,0.000447,0.0008296399999999993,0.00095
guard_two,stationary_discounted,91,0.7,0.7,0.0,0.0,60,4320,60,0.0003895,0.0008041799999999994,0.000921
guard_two,stationary_discounted,92,0.7166666666666667,0.7166666666666667,0.0,0.0,60,4320,60,0.0003775,0.0008128599999999988,0.001017
guard_two,stationary_discounted,93,0.5666666666666667,0.5666666666666667,0.0,0.0,60,4320,60,0.00038199999999999996,0.001043529999999999,0.00124
guard_two,stationary_discounted,94,0.6833333333333333,0.6833333333333333,0.0,0.0,60,4320,60,0.000383,0.0007093399999999987,0.00093
guard_two,stationary_discounted,95,0.7166666666666667,0.7166666666666667,0.0,0.0,60,4320,60,0.000381,0.0007638099999999992,0.000906
guard_two,stationary_discounted,96,0.65,0.65,0.0,0.0,60,4320,60,0.000367,0.0008692999999999999,0.000887
guard_two,stationary_discounted,97,0.7,0.7,0.0,0.0,60,4320,60,0.0006565,0.0010944899999999987,0.001324
guard_two,stationary_discounted,98,0.7,0.7,0.0,0.0,60,4320,60,0.000662,0.001138449999999998,0.00146
guard_two,stationary_discounted,99,0.7166666666666667,0.7166666666666667,0.0,0.0,60,4320,60,0.00066,0.0011250299999999984,0.00141
guard_two,stationary_discounted,100,0.7166666666666667,0.7166666666666667,0.0,0.0,60,4320,60,0.0006665,0.002290319999999992,0.003678
guard_two,stationary_discounted,101,0.7333333333333333,0.7333333333333333,0.0,0.0,60,4320,60,0.0006405,0.0014012299999999972,0.001875
guard_two,stationary_discounted,102,0.7333333333333333,0.7333333333333333,0.0,0.0,60,4320,60,0.000554,0.001061909999999999,0.00121
guard_two,stationary_discounted,103,0.7333333333333333,0.7333333333333333,0.0,0.0,60,4320,60,0.0003835,0.0010301099999999981,0.001367
guard_two,stationary_discounted,104,0.7333333333333333,0.7333333333333333,0.0,0.0,60,4320,60,0.0005369999999999999,0.001962649999999992,0.003299
guard_two,stationary_discounted,105,0.6666666666666666,0.6666666666666666,0.0,0.0,60,4320,60,0.000575,0.001766089999999995,0.00268
guard_two,stationary_discounted,106,0.7166666666666667,0.7166666666666667,0.0,0.0,60,4320,60,0.0006975,0.0058162599999999655,0.011826
guard_two,stationary_discounted,107,0.6166666666666667,0.6166666666666667,0.0,0.0,60,4320,60,0.000835,0.0023347699999999947,0.003218
guard_two,stationary_discounted,108,0.6166666666666667,0.6166666666666667,0.0,0.0,60,4320,60,0.0007995000000000001,0.0019537099999999996,0.002031
guard_two,stationary_discounted,109,0.7166666666666667,0.7166666666666667,0.0,0.0,60,4320,60,0.00074,0.009921989999999948,0.018854
guard_two,stationary_discounted,110,0.6666666666666666,0.6666666666666666,0.0,0.0,60,4320,60,0.000841,0.001709679999999997,0.00221
guard_two,stationary_discounted,111,0.6666666666666666,0.6666666666666666,0.0,0.0,60,4320,60,0.000542,0.0017976299999999947,0.002708
guard_two,stationary_discounted,112,0.6666666666666666,0.6666666666666666,0.0,0.0,60,4320,60,0.000559,0.0029570099999999995,0.003052
guard_two,stationary_discounted,113,0.7166666666666667,0.7166666666666667,0.0,0.0,60,4320,60,0.0006255,0.0019062499999999926,0.00316
guard_two,stationary_discounted,114,0.65,0.65,0.0,0.0,60,4320,60,0.00037549999999999997,0.0015124799999999947,0.002414
guard_two,stationary_discounted,115,0.6666666666666666,0.6666666666666666,0.0,0.0,60,4320,60,0.000379,0.000903159999999998,0.001243
guard_two,stationary_discounted,116,0.7666666666666667,0.7666666666666667,0.0,0.0,60,4320,60,0.000344,0.0007731099999999987,0.000992
guard_two,stationary_discounted,117,0.6833333333333333,0.6833333333333333,0.0,0.0,60,4320,60,0.0003675,0.0010253099999999974,0.001492
guard_two,stationary_discounted,118,0.75,0.75,0.0,0.0,60,4320,60,0.000378,0.0011345399999999983,0.001426
guard_two,stationary_discounted,119,0.6666666666666666,0.6666666666666666,0.0,0.0,60,4320,60,0.000368,0.0007770299999999987,0.001003
guard_two,stationary_discounted,120,0.7,0.7,0.0,0.0,60,4320,60,0.0003765,0.000768029999999999,0.000935
guard_two,stationary_discounted,121,0.6833333333333333,0.6833333333333333,0.0,0.0,60,4320,60,0.000861,0.0020235799999999953,0.002872
guard_two,stationary_discounted,122,0.6166666666666667,0.6166666666666667,0.0,0.0,60,4320,60,0.0008695,0.0013759899999999982,0.001694
guard_two,stationary_discounted,123,0.6833333333333333,0.6833333333333333,0.0,0.0,60,4320,60,0.000827,0.0013337799999999982,0.001663
guard_two,stationary_discounted,124,0.7,0.7,0.0,0.0,60,4320,60,0.0003775,0.0019277599999999962,0.002598
guard_two,stationary_discounted,125,0.7333333333333333,0.7333333333333333,0.0,0.0,60,4320,60,0.0005735,0.0028402099999999997,0.002888
guard_two,stationary_discounted,126,0.7333333333333333,0.7333333333333333,0.0,0.0,60,4320,60,0.00041549999999999996,0.0013050499999999973,0.00178
guard_two,stationary_discounted,127,0.6333333333333333,0.6333333333333333,0.0,0.0,60,4320,60,0.000599,0.0011945599999999997,0.001263
guard_two,stationary_discounted,128,0.7666666666666667,0.7666666666666667,0.0,0.0,60,4320,60,0.000602,0.001352849999999998,0.001698
guard_two,stationary_discounted,129,0.7,0.7,0.0,0.0,60,4320,60,0.000606,0.0011787799999999978,0.001567
guard_two,stationary_discounted,130,0.7,0.7,0.0,0.0,60,4320,60,0.0004135,0.0012411699999999993,0.001381
guard_two,stationary_discounted,131,0.7333333333333333,0.7333333333333333,0.0,0.0,60,4320,60,0.000522,0.0009323499999999989,0.00113
guard_two,stationary_discounted,132,0.7166666666666667,0.7166666666666667,0.0,0.0,60,4320,60,0.00037200000000000004,0.0011377299999999985,0.001405
guard_two,stationary_discounted,133,0.7333333333333333,0.7333333333333333,0.0,0.0,60,4320,60,0.00046499999999999997,0.001058029999999999,0.001225
guard_two,stationary_discounted,134,0.7,0.7,0.0,0.0,60,4320,60,0.0005985000000000001,0.0010959999999999976,0.001509
guard_two,stationary_discounted,135,0.7333333333333333,0.7333333333333333,0.0,0.0,60,4320,60,0.000566,0.0011794599999999978,0.001537
guard_two,stationary_discounted,136,0.6666666666666666,0.6666666666666666,0.0,0.0,60,4320,60,0.000603,0.0011255099999999988,0.001309
guard_two,stationary_discounted,137,0.65,0.65,0.0,0.0,60,4320,60,0.000648,0.0019275499999999975,0.002373
guard_two,stationary_discounted,138,0.75,0.75,0.0,0.0,60,4320,60,0.000605,0.0014065799999999978,0.001783
guard_two,stationary_discounted,139,0.7333333333333333,0.7333333333333333,0.0,0.0,60,4320,60,0.000642,0.0011722399999999989,0.001387
guard_two,stationary_discounted,140,0.6833333333333333,0.6833333333333333,0.0,0.0,60,4320,60,0.0006115000000000001,0.0011565699999999991,0.00132
guard_two,stationary_discounted,141,0.75,0.75,0.0,0.0,60,4320,60,0.0005499999999999999,0.0011483799999999977,0.001572
guard_two,stationary_discounted,142,0.75,0.75,0.0,0.0,60,4320,60,0.000374,0.0015845299999999972,0.002076
guard_two,stationary_discounted,143,0.6833333333333333,0.6833333333333333,0.0,0.0,60,4320,60,0.00037,0.0010401599999999987,0.001262
guard_two,stationary_discounted,144,0.7166666666666667,0.7166666666666667,0.0,0.0,60,4320,60,0.0003865,0.0010731899999999986,0.001285
guard_two,stationary_discounted,145,0.6833333333333333,0.6833333333333333,0.0,0.0,60,4320,60,0.000367,0.001072679999999999,0.001219
guard_two,stationary_discounted,146,0.6666666666666666,0.6666666666666666,0.0,0.0,60,4320,60,0.0003815,0.0007708199999999993,0.00089
guard_two,stationary_discounted,147,0.75,0.75,0.0,0.0,60,4320,60,0.0003765,0.0009398899999999979,0.001311
guard_two,stationary_discounted,148,0.6333333333333333,0.6333333333333333,0.0,0.0,60,4320,60,0.000496,0.0010479199999999982,0.00135
guard_two,stationary_discounted,149,0.7333333333333333,0.7333333333333333,0.0,0.0,60,4320,60,0.0006045,0.0012581599999999978,0.001657
guard_two,stationary_discounted,150,0.7166666666666667,0.7166666666666667,0.0,0.0,60,4320,60,0.000643,0.0011885499999999985,0.001457
guard_two,stationary_discounted,151,0.6666666666666666,0.6666666666666666,0.0,0.0,60,4320,60,0.0006585,0.001147199999999998,0.001513
guard_two,stationary_discounted,152,0.6166666666666667,0.6166666666666667,0.0,0.0,60,4320,60,0.0006475,0.001000989999999999,0.001201
guard_two,stationary_discounted,153,0.7,0.7,0.0,0.0,60,4320,60,0.0006615,0.0011341399999999992,0.001284
guard_two,stationary_discounted,154,0.6833333333333333,0.6833333333333333,0.0,0.0,60,4320,60,0.0004785,0.0013118799999999994,0.001411
guard_two,stationary_discounted,155,0.7,0.7,0.0,0.0,60,4320,60,0.0005794999999999999,0.008336779999999943,0.018283
guard_two,stationary_discounted,156,0.6666666666666666,0.6666666666666666,0.0,0.0,60,4320,60,0.000505,0.0010078799999999994,0.001107
guard_two,stationary_discounted,157,0.75,0.75,0.0,0.0,60,4320,60,0.0005399999999999999,0.0008377099999999986,0.001092
guard_two,stationary_discounted,158,0.7,0.7,0.0,0.0,60,4320,60,0.000356,0.0008290799999999991,0.000999
guard_two,stationary_discounted,159,0.6833333333333333,0.6833333333333333,0.0,0.0,60,4320,60,0.0005859999999999999,0.0010728699999999986,0.001313
guard_two,stationary_discounted,160,0.6833333333333333,0.6833333333333333,0.0,0.0,60,4320,60,0.000562,0.0009735999999999987,0.001186
guard_two,stationary_discounted,161,0.7,0.7,0.0,0.0,60,4320,60,0.0006115000000000001,0.0013432799999999968,0.001879
guard_two,stationary_discounted,162,0.5833333333333334,0.5833333333333334,0.0,0.0,60,4320,60,0.00063,0.0009571399999999988,0.001166
guard_two,stationary_discounted,163,0.7,0.7,0.0,0.0,60,4320,60,0.0006315,0.0009906099999999992,0.001121
guard_two,stationary_discounted,164,0.7,0.7,0.0,0.0,60,4320,60,0.0005874999999999999,0.000981949999999999,0.001156
guard_two,stationary_discounted,165,0.6666666666666666,0.6666666666666666,0.0,0.0,60,4320,60,0.0006395,0.0010598399999999985,0.00131
guard_two,stationary_discounted,166,0.65,0.65,0.0,0.0,60,4320,60,0.0006375,0.0013400299999999994,0.001448
guard_two,stationary_discounted,167,0.6833333333333333,0.6833333333333333,0.0,0.0,60,4320,60,0.0006075,0.0010756399999999984,0.001373
guard_two,stationary_discounted,168,0.7,0.7,0.0,0.0,60,4320,60,0.000651,0.0011429599999999989,0.001353
guard_two,stationary_discounted,169,0.7166666666666667,0.7166666666666667,0.0,0.0,60,4320,60,0.0006544999999999999,0.0011092199999999989,0.001311
guard_two,stationary_discounted,170,0.75,0.75,0.0,0.0,60,4320,60,0.0005909999999999999,0.0011119299999999984,0.001391
guard_two,stationary_discounted,171,0.6333333333333333,0.6333333333333333,0.0,0.0,60,4320,60,0.000642,0.0072228299999999865,0.00962
guard_two,stationary_discounted,172,0.65,0.65,0.0,0.0,60,4320,60,0.0003905,0.001003049999999998,0.00136
guard_two,stationary_discounted,173,0.7,0.7,0.0,0.0,60,4320,60,0.000361,0.0011305599999999996,0.001199
guard_two,stationary_discounted,174,0.65,0.65,0.0,0.0,60,4320,60,0.000358,0.0008162899999999987,0.001034
guard_two,stationary_discounted,175,0.7833333333333333,0.7833333333333333,0.0,0.0,60,4320,60,0.0003505,0.0006972799999999989,0.000879
guard_two,stationary_discounted,176,0.6666666666666666,0.6666666666666666,0.0,0.0,60,4320,60,0.000338,0.000726459999999999,0.000907
guard_two,stationary_discounted,177,0.7833333333333333,0.7833333333333333,0.0,0.0,60,4320,60,0.0003555,0.0007005299999999989,0.000897
guard_two,stationary_discounted,178,0.6666666666666666,0.6666666666666666,0.0,0.0,60,4320,60,0.00037200000000000004,0.00805999999999996,0.015258
guard_two,stationary_discounted,179,0.7333333333333333,0.7333333333333333,0.0,0.0,60,4320,60,0.000631,0.0013172299999999974,0.001791
guard_two,stationary_discounted,180,0.75,0.75,0.0,0.0,60,4320,60,0.000356,0.0011967899999999984,0.001503
guard_two,stationary_discounted,181,0.65,0.65,0.0,0.0,60,4320,60,0.000509,0.0010864099999999986,0.001323
guard_two,stationary_discounted,182,0.6666666666666666,0.6666666666666666,0.0,0.0,60,4320,60,0.000546,0.0009181099999999994,0.001019
guard_two,stationary_discounted,183,0.7166666666666667,0.7166666666666667,0.0,0.0,60,4320,60,0.0005545,0.0009517799999999994,0.001045
guard_two,stationary_discounted,184,0.7,0.7,0.0,0.0,60,4320,60,0.000552,0.001074339999999997,0.00159
guard_two,stationary_discounted,185,0.6833333333333333,0.6833333333333333,0.0,0.0,60,4320,60,0.0005614999999999999,0.0013757499999999994,0.001479
guard_two,stationary_discounted,186,0.6666666666666666,0.6666666666666666,0.0,0.0,60,4320,60,0.0005725,0.0011799999999999985,0.001416
guard_two,stationary_discounted,187,0.6666666666666666,0.6666666666666666,0.0,0.0,60,4320,60,0.000559,0.0010887899999999983,0.001395
guard_two,stationary_discounted,188,0.7166666666666667,0.7166666666666667,0.0,0.0,60,4320,60,0.0005865,0.001039569999999998,0.00138
guard_two,stationary_discounted,189,0.6833333333333333,0.6833333333333333,0.0,0.0,60,4320,60,0.0006965000000000001,0.0014752899999999991,0.001634
guard_two,stationary_discounted,190,0.7333333333333333,0.7333333333333333,0.0,0.0,60,4320,60,0.0006410000000000001,0.0011562599999999981,0.001502
guard_two,stationary_discounted,191,0.6833333333333333,0.6833333333333333,0.0,0.0,60,4320,60,0.0006765,0.0011973899999999983,0.00148
guard_two,stationary_discounted,192,0.7833333333333333,0.7833333333333333,0.0,0.0,60,4320,60,0.000629,0.001221889999999999,0.001416
guard_two,stationary_discounted,193,0.7,0.7,0.0,0.0,60,4320,60,0.0006345,0.0011808299999999982,0.001513
guard_two,stationary_discounted,194,0.75,0.75,0.0,0.0,60,4320,60,0.000577,0.0011605399999999983,0.001452
guard_two,stationary_discounted,195,0.6833333333333333,0.6833333333333333,0.0,0.0,60,4320,60,0.000619,0.0011691899999999981,0.001499
guard_two,stationary_discounted,196,0.7333333333333333,0.7333333333333333,0.0,0.0,60,4320,60,0.0006414999999999999,0.0014641699999999992,0.001604
guard_two,stationary_discounted,197,0.7333333333333333,0.7333333333333333,0.0,0.0,60,4320,60,0.0006169999999999999,0.0011902899999999988,0.001408
guard_two,stationary_discounted,198,0.75,0.75,0.0,0.0,60,4320,60,0.000614,0.0010972599999999983,0.001384
guard_two,stationary_discounted,199,0.7,0.7,0.0,0.0,60,4320,60,0.0005525,0.001171319999999998,0.001497
guard_two,stationary_discounted,200,0.7333333333333333,0.7333333333333333,0.0,0.0,60,4320,60,0.00038250000000000003,0.000729329999999999,0.000914
guard_two,stationary_discounted,201,0.75,0.75,0.0,0.0,60,4320,60,0.0003805,0.0008849899999999989,0.001085
guard_two,stationary_discounted,202,0.7,0.7,0.0,0.0,60,4320,60,0.0003795,0.0007884399999999988,0.001015
guard_two,stationary_discounted,203,0.7,0.7,0.0,0.0,60,4320,60,0.000365,0.0007019799999999991,0.000866
guard_two,stationary_discounted,204,0.6666666666666666,0.6666666666666666,0.0,0.0,60,4320,60,0.000375,0.0012024899999999973,0.001668
guard_two,stationary_discounted,205,0.65,0.65,0.0,0.0,60,4320,60,0.0003855,0.0008054099999999989,0.000983
guard_two,stationary_discounted,206,0.7,0.7,0.0,0.0,60,4320,60,0.000381,0.0007952399999999991,0.000951
guard_two,stationary_discounted,207,0.6666666666666666,0.6666666666666666,0.0,0.0,60,4320,60,0.00036950000000000004,0.0007451399999999991,0.000895
guard_two,stationary_discounted,208,0.7333333333333333,0.7333333333333333,0.0,0.0,60,4320,60,0.000369,0.0007529399999999993,0.000891
guard_two,stationary_discounted,209,0.6833333333333333,0.6833333333333333,0.0,0.0,60,4320,60,0.000377,0.0010099899999999988,0.00121
guard_two,stationary_discounted,210,0.7333333333333333,0.7333333333333333,0.0,0.0,60,4320,60,0.00036899999999999997,0.0007770599999999987,0.000993
guard_two,stationary_discounted,211,0.6666666666666666,0.6666666666666666,0.0,0.0,60,4320,60,0.000592,0.0012005299999999974,0.001633
guard_two,stationary_discounted,212,0.6666666666666666,0.6666666666666666,0.0,0.0,60,4320,60,0.0006154999999999999,0.0010852799999999975,0.001503
guard_two,stationary_discounted,213,0.75,0.75,0.0,0.0,60,4320,60,0.0006305,0.0011536399999999979,0.00151
guard_two,stationary_discounted,214,0.6833333333333333,0.6833333333333333,0.0,0.0,60,4320,60,0.00062,0.006027109999999963,0.012323
guard_two,stationary_discounted,215,0.7,0.7,0.0,0.0,60,4320,60,0.0006349999999999999,0.0012168599999999989,0.001421
guard_two,stationary_discounted,216,0.75,0.75,0.0,0.0,60,4320,60,0.000649,0.0012185899999999977,0.001631
guard_two,stationary_discounted,217,0.6833333333333333,0.6833333333333333,0.0,0.0,60,4320,60,0.0006464999999999999,0.0011107199999999986,0.001342
guard_two,stationary_discounted,218,0.7166666666666667,0.7166666666666667,0.0,0.0,60,4320,60,0.0006405,0.0010984199999999977,0.001489
guard_two,stationary_discounted,219,0.7,0.7,0.0,0.0,60,4320,60,0.000632,0.0020422299999999964,0.002693
guard_two,stationary_discounted,220,0.7,0.7,0.0,0.0,60,4320,60,0.0006255,0.0010446599999999983,0.001355
guard_two,stationary_discounted,221,0.6833333333333333,0.6833333333333333,0.0,0.0,60,4320,60,0.0006065,0.0011218299999999988,0.001336
guard_two,stationary_discounted,222,0.7833333333333333,0.7833333333333333,0.0,0.0,60,4320,60,0.0004695,0.0014957799999999954,0.002297
guard_two,stationary_discounted,223,0.7,0.7,0.0,0.0,60,4320,60,0.0004445,0.0008923299999999987,0.001136
guard_two,stationary_discounted,224,0.6666666666666666,0.6666666666666666,0.0,0.0,60,4320,60,0.0005215,0.0010098699999999982,0.001309
guard_two,stationary_discounted,225,0.7,0.7,0.0,0.0,60,4320,60,0.000375,0.001098869999999999,0.00128
guard_two,stationary_discounted,226,0.6666666666666666,0.6666666666666666,0.0,0.0,60,4320,60,0.000457,0.0008319299999999991,0.000993
guard_two,stationary_discounted,227,0.7,0.7,0.0,0.0,60,4320,60,0.000632,0.001561309999999995,0.002441
guard_two,stationary_discounted,228,0.6666666666666666,0.6666666666666666,0.0,0.0,60,4320,60,0.000621,0.0013721599999999973,0.00183
guard_two,stationary_discounted,229,0.65,0.65,0.0,0.0,60,4320,60,0.000639,0.0014423299999999993,0.001568
guard_two,stationary_discounted,230,0.7333333333333333,0.7333333333333333,0.0,0.0,60,4320,60,0.0006364999999999999,0.0014616699999999993,0.001572
guard_two,stationary_discounted,231,0.5666666666666667,0.5666666666666667,0.0,0.0,60,4320,60,0.0006195,0.0012333199999999983,0.001559
guard_two,stationary_discounted,232,0.7333333333333333,0.7333333333333333,0.0,0.0,60,4320,60,0.000651,0.0011930699999999981,0.001504
guard_two,stationary_discounted,233,0.6833333333333333,0.6833333333333333,0.0,0.0,60,4320,60,0.00063,0.0012392999999999974,0.00167
guard_two,stationary_discounted,234,0.7,0.7,0.0,0.0,60,4320,60,0.0003885,0.0014403299999999955,0.002215
guard_two,stationary_discounted,235,0.7833333333333333,0.7833333333333333,0.0,0.0,60,4320,60,0.0003615,0.0013429699999999987,0.001589
guard_two,stationary_discounted,236,0.75,0.75,0.0,0.0,60,4320,60,0.00037,0.0007764499999999995,0.000862
guard_two,stationary_discounted,237,0.7,0.7,0.0,0.0,60,4320,60,0.000365,0.0006837699999999989,0.000859
guard_two,stationary_discounted,238,0.6333333333333333,0.6333333333333333,0.0,0.0,60,4320,60,0.000361,0.0007077799999999988,0.000919
guard_two,stationary_discounted,239,0.7166666666666667,0.7166666666666667,0.0,0.0,60,4320,60,0.0003595,0.0007700099999999991,0.000924
guard_two,stationary_discounted,240,0.6833333333333333,0.6833333333333333,0.0,0.0,60,4320,60,0.0003595,0.0006841399999999991,0.000834
guard_two,stationary_discounted,241,0.7666666666666667,0.7666666666666667,0.0,0.0,60,4320,60,0.0003545,0.0007824799999999985,0.001035
guard_two,stationary_discounted,242,0.6833333333333333,0.6833333333333333,0.0,0.0,60,4320,60,0.000365,0.0007558499999999991,0.000924
guard_two,stationary_discounted,243,0.7333333333333333,0.7333333333333333,0.0,0.0,60,4320,60,0.000359,0.0007146599999999992,0.000848
guard_two,stationary_discounted,244,0.7,0.7,0.0,0.0,60,4320,60,0.000367,0.0007267499999999994,0.00083
guard_two,stationary_discounted,245,0.7166666666666667,0.7166666666666667,0.0,0.0,60,4320,60,0.0003615,0.0007669699999999992,0.000895
guard_two,stationary_discounted,246,0.7333333333333333,0.7333333333333333,0.0,0.0,60,4320,60,0.000373,0.0007929699999999989,0.00098
guard_two,stationary_discounted,247,0.7333333333333333,0.7333333333333333,0.0,0.0,60,4320,60,0.0003715,0.0007202899999999991,0.000879
guard_two,stationary_discounted,248,0.7166666666666667,0.7166666666666667,0.0,0.0,60,4320,60,0.000393,0.001019559999999999,0.001206
guard_two,stationary_discounted,249,0.7833333333333333,0.7833333333333333,0.0,0.0,60,4320,60,0.0004075,0.0011286099999999986,0.001377
guard_two,stationary_discounted,250,0.7166666666666667,0.7166666666666667,0.0,0.0,60,4320,60,0.000384,0.0007556499999999988,0.000971
guard_two,stationary_discounted,251,0.6666666666666666,0.6666666666666666,0.0,0.0,60,4320,60,0.0003595,0.000705999999999999,0.000883
guard_two,stationary_discounted,252,0.7333333333333333,0.7333333333333333,0.0,0.0,60,4320,60,0.0003655,0.0007848599999999989,0.000989
guard_two,stationary_discounted,253,0.7,0.7,0.0,0.0,60,4320,60,0.0003635,0.0007753099999999987,0.001006
guard_two,stationary_discounted,254,0.7,0.7,0.0,0.0,60,4320,60,0.0003625,0.0007770899999999985,0.001042
guard_two,stationary_discounted,255,0.6666666666666666,0.6666666666666666,0.0,0.0,60,4320,60,0.0003585,0.000755539999999999,0.000929
guard_two,stationary_discounted,256,0.7166666666666667,0.7166666666666667,0.0,0.0,60,4320,60,0.0003635,0.000740949999999999,0.000915
guard_two,stationary_discounted,257,0.75,0.75,0.0,0.0,60,4320,60,0.0003655,0.0008103299999999993,0.000936
guard_two,stationary_discounted,258,0.65,0.65,0.0,0.0,60,4320,60,0.0003625,0.0009808599999999992,0.001126
guard_two,stationary_discounted,259,0.75,0.75,0.0,0.0,60,4320,60,0.000362,0.0007060699999999993,0.00084
guard_two,stationary_discounted,260,0.6833333333333333,0.6833333333333333,0.0,0.0,60,4320,60,0.00036399999999999996,0.0006898899999999989,0.000884
guard_two,stationary_discounted,261,0.7,0.7,0.0,0.0,60,4320,60,0.00036,0.000691939999999999,0.000889
guard_two,stationary_discounted,262,0.6833333333333333,0.6833333333333333,0.0,0.0,60,4320,60,0.0003595,0.0007221399999999992,0.000872
guard_two,stationary_discounted,263,0.6666666666666666,0.6666666666666666,0.0,0.0,60,4320,60,0.0003715,0.0007474499999999995,0.000833
guard_two,stationary_discounted,264,0.6666666666666666,0.6666666666666666,0.0,0.0,60,4320,60,0.000365,0.000684129999999999,0.000857
guard_two,stationary_discounted,265,0.65,0.65,0.0,0.0,60,4320,60,0.000365,0.0007229899999999992,0.000864
guard_two,stationary_discounted,266,0.6666666666666666,0.6666666666666666,0.0,0.0,60,4320,60,0.00036050000000000003,0.0007049099999999991,0.000853
guard_two,stationary_discounted,267,0.7166666666666667,0.7166666666666667,0.0,0.0,60,4320,60,0.000359,0.010025399999999926,0.022793
guard_two,stationary_discounted,268,0.6666666666666666,0.6666666666666666,0.0,0.0,60,4320,60,0.0003505,0.0006786299999999988,0.000881
guard_two,stationary_discounted,269,0.6666666666666666,0.6666666666666666,0.0,0.0,60,4320,60,0.0003625,0.0008217799999999995,0.000915
guard_two,stationary_discounted,270,0.7166666666666667,0.7166666666666667,0.0,0.0,60,4320,60,0.00037299999999999996,0.0007607499999999991,0.000923
guard_two,stationary_discounted,271,0.6333333333333333,0.6333333333333333,0.0,0.0,60,4320,60,0.0003615,0.0007030399999999989,0.000906
guard_two,stationary_discounted,272,0.7,0.7,0.0,0.0,60,4320,60,0.000359,0.0011654799999999978,0.001536
guard_two,stationary_discounted,273,0.65,0.65,0.0,0.0,60,4320,60,0.00035099999999999997,0.0008004399999999983,0.001086
guard_two,stationary_discounted,274,0.7833333333333333,0.7833333333333333,0.0,0.0,60,4320,60,0.00036700000000000003,0.0007897599999999993,0.000929
guard_two,stationary_discounted,275,0.6833333333333333,0.6833333333333333,0.0,0.0,60,4320,60,0.000356,0.0007543199999999988,0.000962
guard_two,stationary_discounted,276,0.6833333333333333,0.6833333333333333,0.0,0.0,60,4320,60,0.0003585,0.0008164599999999996,0.000879
guard_two,stationary_discounted,277,0.7,0.7,0.0,0.0,60,4320,60,0.00037299999999999996,0.0011363399999999983,0.001416
guard_two,stationary_discounted,278,0.75,0.75,0.0,0.0,60,4320,60,0.0003545,0.0008688399999999985,0.001119
guard_two,stationary_discounted,279,0.6833333333333333,0.6833333333333333,0.0,0.0,60,4320,60,0.000358,0.0007270099999999987,0.00094
guard_two,stationary_discounted,280,0.6666666666666666,0.6666666666666666,0.0,0.0,60,4320,60,0.000346,0.000659799999999999,0.000825
guard_two,stationary_discounted,281,0.7,0.7,0.0,0.0,60,4320,60,0.000354,0.0006748399999999993,0.000807
guard_two,stationary_discounted,282,0.75,0.75,0.0,0.0,60,4320,60,0.000359,0.0007007799999999992,0.000853
guard_two,stationary_discounted,283,0.7333333333333333,0.7333333333333333,0.0,0.0,60,4320,60,0.0003555,0.0007053399999999987,0.000926
guard_two,stationary_discounted,284,0.7,0.7,0.0,0.0,60,4320,60,0.0003555,0.0008968899999999991,0.001032
guard_two,stationary_discounted,285,0.7666666666666667,0.7666666666666667,0.0,0.0,60,4320,60,0.0006425000000000001,0.0023901099999999935,0.003553
guard_two,stationary_discounted,286,0.7166666666666667,0.7166666666666667,0.0,0.0,60,4320,60,0.0006235,0.0012945099999999978,0.001655
guard_two,stationary_discounted,287,0.75,0.75,0.0,0.0,60,4320,60,0.000631,0.0011561099999999986,0.001375
guard_two,stationary_discounted,288,0.7,0.7,0.0,0.0,60,4320,60,0.0005885,0.0012269399999999982,0.001542
guard_two,stationary_discounted,289,0.7,0.7,0.0,0.0,60,4320,60,0.0003745,0.001187339999999999,0.001349
guard_two,stationary_discounted,290,0.75,0.75,0.0,0.0,60,4320,60,0.000335,0.0007740499999999989,0.000954
guard_two,stationary_discounted,291,0.6833333333333333,0.6833333333333333,0.0,0.0,60,4320,60,0.0003615,0.0007555899999999993,0.000873
guard_two,stationary_discounted,292,0.7333333333333333,0.7333333333333333,0.0,0.0,60,4320,60,0.000361,0.000698799999999999,0.000864
guard_two,stationary_discounted,293,0.7333333333333333,0.7333333333333333,0.0,0.0,60,4320,60,0.000364,0.000717259999999999,0.000886
guard_two,stationary_discounted,294,0.6833333333333333,0.6833333333333333,0.0,0.0,60,4320,60,0.000362,0.0006924299999999992,0.000824
guard_two,stationary_discounted,295,0.6666666666666666,0.6666666666666666,0.0,0.0,60,4320,60,0.000354,0.0007106899999999993,0.000834
guard_two,stationary_discounted,296,0.6666666666666666,0.6666666666666666,0.0,0.0,60,4320,60,0.0003625,0.0006652699999999992,0.000811
guard_two,stationary_discounted,297,0.7,0.7,0.0,0.0,60,4320,60,0.0003615,0.0007146899999999993,0.000838
guard_two,stationary_discounted,298,0.7333333333333333,0.7333333333333333,0.0,0.0,60,4320,60,0.000371,0.0009768099999999987,0.001178
guard_two,stationary_discounted,299,0.7166666666666667,0.7166666666666667,0.0,0.0,60,4320,60,0.00035749999999999996,0.001131259999999998,0.001477
guard_two,stationary_discounted,300,0.6833333333333333,0.6833333333333333,0.0,0.0,60,4320,60,0.0005915,0.0010093299999999988,0.001194
guard_two,stationary_discounted,301,0.7333333333333333,0.7333333333333333,0.0,0.0,60,4320,60,0.0006609999999999999,0.0011275799999999985,0.001386
guard_two,stationary_discounted,302,0.6333333333333333,0.6333333333333333,0.0,0.0,60,4320,60,0.0007165,0.001100189999999998,0.00143
guard_two,stationary_discounted,303,0.6833333333333333,0.6833333333333333,0.0,0.0,60,4320,60,0.000643,0.006689289999999955,0.014459
guard_two,stationary_discounted,304,0.7333333333333333,0.7333333333333333,0.0,0.0,60,4320,60,0.000641,0.0010663899999999987,0.00129
guard_two,stationary_discounted,305,0.6166666666666667,0.6166666666666667,0.0,0.0,60,4320,60,0.0006025,0.0013295399999999975,0.001739
guard_two,stationary_discounted,306,0.6666666666666666,0.6666666666666666,0.0,0.0,60,4320,60,0.000644,0.0011255099999999988,0.001309
guard_two,stationary_discounted,307,0.6833333333333333,0.6833333333333333,0.0,0.0,60,4320,60,0.0006445,0.0010745199999999983,0.001353
guard_two,stationary_discounted,308,0.7166666666666667,0.7166666666666667,0.0,0.0,60,4320,60,0.0006445,0.0011581099999999984,0.001436
guard_two,stationary_discounted,309,0.7166666666666667,0.7166666666666667,0.0,0.0,60,4320,60,0.0006644999999999999,0.0019703399999999945,0.002958
guard_two,stationary_discounted,310,0.7333333333333333,0.7333333333333333,0.0,0.0,60,4320,60,0.00061,0.001248309999999998,0.001597
guard_two,stationary_discounted,311,0.6666666666666666,0.6666666666666666,0.0,0.0,60,4320,60,0.000665,0.0011775599999999976,0.0016
guard_two,stationary_discounted,312,0.65,0.65,0.0,0.0,60,4320,60,0.0006715,0.0010903799999999989,0.001278
guard_two,stationary_discounted,313,0.6833333333333333,0.6833333333333333,0.0,0.0,60,4320,60,0.0006255,0.0012493099999999976,0.001657
guard_two,stationary_discounted,314,0.7666666666666667,0.7666666666666667,0.0,0.0,60,4320,60,0.0006145,0.0012164799999999983,0.001528
guard_two,stationary_discounted,315,0.7333333333333333,0.7333333333333333,0.0,0.0,60,4320,60,0.0006085,0.0011510699999999988,0.001344
guard_two,stationary_discounted,316,0.7333333333333333,0.7333333333333333,0.0,0.0,60,4320,60,0.00036300000000000004,0.000920519999999998,0.001258
guard_two,stationary_discounted,317,0.6666666666666666,0.6666666666666666,0.0,0.0,60,4320,60,0.0005015,0.0011009499999999977,0.001511
guard_two,stationary_discounted,318,0.6833333333333333,0.6833333333333333,0.0,0.0,60,4320,60,0.000539,0.0010395799999999992,0.00118
guard_two,stationary_discounted,319,0.6666666666666666,0.6666666666666666,0.0,0.0,60,4320,60,0.0003635,0.0008459099999999984,0.001112
guard_two,stationary_discounted,320,0.75,0.75,0.0,0.0,60,4320,60,0.000351,0.0007530599999999991,0.00091
guard_two,stationary_discounted,321,0.6333333333333333,0.6333333333333333,0.0,0.0,60,4320,60,0.000359,0.0009565699999999987,0.001179
guard_two,stationary_discounted,322,0.6166666666666667,0.6166666666666667,0.0,0.0,60,4320,60,0.00036649999999999996,0.0013314199999999985,0.001604
guard_two,stationary_discounted,323,0.6833333333333333,0.6833333333333333,0.0,0.0,60,4320,60,0.0003585,0.0007376499999999991,0.000894
guard_two,stationary_discounted,324,0.7,0.7,0.0,0.0,60,4320,60,0.000357,0.0007881399999999991,0.000938
guard_two,stationary_discounted,325,0.6833333333333333,0.6833333333333333,0.0,0.0,60,4320,60,0.0003625,0.0006702399999999991,0.000826
guard_two,stationary_discounted,326,0.7,0.7,0.0,0.0,60,4320,60,0.0003595,0.0007724499999999984,0.001035
guard_two,stationary_discounted,327,0.7166666666666667,0.7166666666666667,0.0,0.0,60,4320,60,0.000364,0.000995479999999999,0.001189
guard_two,stationary_discounted,328,0.6666666666666666,0.6666666666666666,0.0,0.0,60,4320,60,0.000359,0.0007851699999999989,0.000984
guard_two,stationary_discounted,329,0.7166666666666667,0.7166666666666667,0.0,0.0,60,4320,60,0.000355,0.0007125899999999986,0.000948
guard_two,stationary_discounted,330,0.6333333333333333,0.6333333333333333,0.0,0.0,60,4320,60,0.00035099999999999997,0.0007081899999999987,0.00092
guard_two,stationary_discounted,331,0.7333333333333333,0.7333333333333333,0.0,0.0,60,4320,60,0.000366,0.0006766099999999989,0.000866
guard_two,stationary_discounted,332,0.7,0.7,0.0,0.0,60,4320,60,0.000371,0.0007604499999999988,0.000964
guard_two,stationary_discounted,333,0.7,0.7,0.0,0.0,60,4320,60,0.0003765,0.0007957799999999988,0.001007
guard_two,stationary_discounted,334,0.7666666666666667,0.7666666666666667,0.0,0.0,60,4320,60,0.000358,0.0008465899999999993,0.000964
guard_two,stationary_discounted,335,0.7,0.7,0.0,0.0,60,4320,60,0.0003505,0.0007414699999999987,0.000958
guard_two,stationary_discounted,336,0.7666666666666667,0.7666666666666667,0.0,0.0,60,4320,60,0.0003475,0.0009624599999999992,0.001084
guard_two,stationary_discounted,337,0.7333333333333333,0.7333333333333333,0.0,0.0,60,4320,60,0.000352,0.000737259999999999,0.000906
guard_two,stationary_discounted,338,0.7166666666666667,0.7166666666666667,0.0,0.0,60,4320,60,0.0003635,0.0007493799999999989,0.000937
guard_two,stationary_discounted,339,0.65,0.65,0.0,0.0,60,4320,60,0.000354,0.0006525799999999989,0.000852
guard_two,stationary_discounted,340,0.6666666666666666,0.6666666666666666,0.0,0.0,60,4320,60,0.000354,0.0008050899999999988,0.001011
guard_two,stationary_discounted,341,0.5666666666666667,0.5666666666666667,0.0,0.0,60,4320,60,0.0003455,0.000671539999999999,0.000845
guard_two,stationary_discounted,342,0.75,0.75,0.0,0.0,60,4320,60,0.000329,0.0006667299999999992,0.000816
guard_two,stationary_discounted,343,0.7,0.7,0.0,0.0,60,4320,60,0.0003405,0.0007067199999999993,0.00082
guard_two,stationary_discounted,344,0.7,0.7,0.0,0.0,60,4320,60,0.00033549999999999997,0.0007658299999999988,0.00098
guard_two,stationary_discounted,345,0.6833333333333333,0.6833333333333333,0.0,0.0,60,4320,60,0.0003385,0.0009396899999999993,0.001063
guard_two,stationary_discounted,346,0.7333333333333333,0.7333333333333333,0.0,0.0,60,4320,60,0.00034,0.0006258399999999988,0.000817
guard_two,stationary_discounted,347,0.7333333333333333,0.7333333333333333,0.0,0.0,60,4320,60,0.000354,0.0007093999999999988,0.00091
guard_two,stationary_discounted,348,0.7166666666666667,0.7166666666666667,0.0,0.0,60,4320,60,0.000344,0.0008918199999999987,0.001129
guard_two,stationary_discounted,349,0.6833333333333333,0.6833333333333333,0.0,0.0,60,4320,60,0.000352,0.0007032599999999991,0.000872
guard_two,stationary_discounted,350,0.75,0.75,0.0,0.0,60,4320,60,0.000341,0.0006709899999999992,0.000812
guard_two,stationary_discounted,351,0.7,0.7,0.0,0.0,60,4320,60,0.000338,0.0006665999999999991,0.00082
guard_two,stationary_discounted,352,0.7166666666666667,0.7166666666666667,0.0,0.0,60,4320,60,0.0003375,0.0006938699999999987,0.000934
guard_two,stationary_discounted,353,0.7,0.7,0.0,0.0,60,4320,60,0.0003385,0.0007029399999999996,0.000782
guard_two,stationary_discounted,354,0.7833333333333333,0.7833333333333333,0.0,0.0,60,4320,60,0.0003395,0.0006722999999999992,0.000808
guard_two,stationary_discounted,355,0.6833333333333333,0.6833333333333333,0.0,0.0,60,4320,60,0.00034449999999999997,0.0009192699999999995,0.001006
guard_two,stationary_discounted,356,0.7333333333333333,0.7333333333333333,0.0,0.0,60,4320,60,0.0003405,0.000690309999999999,0.000862
guard_two,stationary_discounted,357,0.65,0.65,0.0,0.0,60,4320,60,0.000346,0.0006773899999999991,0.000842
guard_two,stationary_discounted,358,0.7166666666666667,0.7166666666666667,0.0,0.0,60,4320,60,0.00034599999999999995,0.0012095999999999984,0.001481
guard_two,stationary_discounted,359,0.7333333333333333,0.7333333333333333,0.0,0.0,60,4320,60,0.000348,0.0007150099999999988,0.000928
guard_two,stationary_discounted,360,0.7166666666666667,0.7166666666666667,0.0,0.0,60,4320,60,0.0003375,0.0007137999999999995,0.00082
guard_two,stationary_discounted,361,0.7333333333333333,0.7333333333333333,0.0,0.0,60,4320,60,0.000354,0.0007731899999999988,0.000985
guard_two,stationary_discounted,362,0.6333333333333333,0.6333333333333333,0.0,0.0,60,4320,60,0.0003435,0.0007623699999999988,0.000973
guard_two,stationary_discounted,363,0.7166666666666667,0.7166666666666667,0.0,0.0,60,4320,60,0.000343,0.0007704399999999984,0.001056
guard_two,stationary_discounted,364,0.6833333333333333,0.6833333333333333,0.0,0.0,60,4320,60,0.000346,0.0006272399999999991,0.000783
guard_two,stationary_discounted,365,0.7,0.7,0.0,0.0,60,4320,60,0.0005445000000000001,0.0008655399999999993,0.00098
guard_two,stationary_discounted,366,0.7,0.7,0.0,0.0,60,4320,60,0.0003465,0.0009342899999999973,0.001388
guard_two,stationary_discounted,367,0.7333333333333333,0.7333333333333333,0.0,0.0,60,4320,60,0.00035099999999999997,0.0007305799999999992,0.000871
guard_two,stationary_discounted,368,0.6666666666666666,0.6666666666666666,0.0,0.0,60,4320,60,0.00034250000000000003,0.0006773099999999993,0.00079
guard_two,stationary_discounted,369,0.65,0.65,0.0,0.0,60,4320,60,0.0003385,0.0008045499999999998,0.000837
guard_two,stationary_discounted,370,0.65,0.65,0.0,0.0,60,4320,60,0.000547,0.0008672299999999987,0.001105
guard_two,stationary_discounted,371,0.7166666666666667,0.7166666666666667,0.0,0.0,60,4320,60,0.0003525,0.0010671799999999996,0.001125
guard_two,stationary_discounted,372,0.7,0.7,0.0,0.0,60,4320,60,0.00034250000000000003,0.0007051799999999986,0.00094
guard_two,stationary_discounted,373,0.6,0.6,0.0,0.0,60,4320,60,0.000344,0.00100764,0.00101
guard_two,stationary_discounted,374,0.6833333333333333,0.6833333333333333,0.0,0.0,60,4320,60,0.0003415,0.0006788699999999993,0.000801
guard_two,stationary_discounted,375,0.75,0.75,0.0,0.0,60,4320,60,0.000356,0.0007281099999999987,0.000947
guard_two,stationary_discounted,376,0.7,0.7,0.0,0.0,60,4320,60,0.000354,0.001080959999999996,0.001763
guard_two,stationary_discounted,377,0.65,0.65,0.0,0.0,60,4320,60,0.0005755000000000001,0.0008577099999999999,0.000876
guard_two,stationary_discounted,378,0.6666666666666666,0.6666666666666666,0.0,0.0,60,4320,60,0.00032649999999999997,0.0009753599999999973,0.001445
guard_two,stationary_discounted,379,0.6166666666666667,0.6166666666666667,0.0,0.0,60,4320,60,0.00032399999999999996,0.0007370399999999986,0.000999
guard_two,stationary_discounted,380,0.75,0.75,0.0,0.0,60,4320,60,0.0003415,0.0007569899999999992,0.000898
guard_two,stationary_discounted,381,0.6833333333333333,0.6833333333333333,0.0,0.0,60,4320,60,0.0003415,0.0006410799999999994,0.000752
guard_two,stationary_discounted,382,0.7166666666666667,0.7166666666666667,0.0,0.0,60,4320,60,0.0003485,0.0006961999999999989,0.000885
guard_two,stationary_discounted,383,0.7666666666666667,0.7666666666666667,0.0,0.0,60,4320,60,0.000344,0.0007101699999999989,0.000909
guard_two,stationary_discounted,384,0.7333333333333333,0.7333333333333333,0.0,0.0,60,4320,60,0.0003465,0.0007578799999999991,0.000916
guard_two,stationary_discounted,385,0.7333333333333333,0.7333333333333333,0.0,0.0,60,4320,60,0.000344,0.0007751099999999994,0.000876
guard_two,stationary_discounted,386,0.7,0.7,0.0,0.0,60,4320,60,0.000329,0.000652929999999999,0.000814
guard_two,stationary_discounted,387,0.7333333333333333,0.7333333333333333,0.0,0.0,60,4320,60,0.0003345,0.000694189999999999,0.000847
guard_two,stationary_discounted,388,0.7,0.7,0.0,0.0,60,4320,60,0.0003285,0.0006702199999999988,0.000872
guard_two,stationary_discounted,389,0.7666666666666667,0.7666666666666667,0.0,0.0,60,4320,60,0.00037299999999999996,0.004215289999999972,0.009035
guard_two,stationary_discounted,390,0.7166666666666667,0.7166666666666667,0.0,0.0,60,4320,60,0.000337,0.0007554899999999986,0.000985
guard_two,stationary_discounted,391,0.7333333333333333,0.7333333333333333,0.0,0.0,60,4320,60,0.0003345,0.0006125799999999992,0.000753
guard_two,stationary_discounted,392,0.7333333333333333,0.7333333333333333,0.0,0.0,60,4320,60,0.00034,0.0008933799999999982,0.001199
guard_two,stationary_discounted,393,0.7666666666666667,0.7666666666666667,0.0,0.0,60,4320,60,0.000335,0.0006675499999999992,0.000818
guard_two,stationary_discounted,394,0.7166666666666667,0.7166666666666667,0.0,0.0,60,4320,60,0.0003525,0.0014598099999999948,0.002369
guard_two,stationary_discounted,395,0.7166666666666667,0.7166666666666667,0.0,0.0,60,4320,60,0.0003455,0.0008288499999999988,0.001056
guard_two,stationary_discounted,396,0.7166666666666667,0.7166666666666667,0.0,0.0,60,4320,60,0.000339,0.0006932699999999991,0.000839
guard_two,stationary_discounted,397,0.7166666666666667,0.7166666666666667,0.0,0.0,60,4320,60,0.0003415,0.0007195199999999987,0.000939
guard_two,stationary_discounted,398,0.6333333333333333,0.6333333333333333,0.0,0.0,60,4320,60,0.000346,0.0009519799999999994,0.001057
guard_two,stationary_discounted,399,0.7333333333333333,0.7333333333333333,0.0,0.0,60,4320,60,0.000343,0.0007064099999999989,0.000884
guard_two,stationary_discounted,400,0.7,0.7,0.0,0.0,60,4320,60,0.000358,0.000707669999999999,0.000877
guard_two,stationary_discounted,401,0.6833333333333333,0.6833333333333333,0.0,0.0,60,4320,60,0.0003375,0.0015301299999999944,0.002529
guard_two,stationary_discounted,402,0.75,0.75,0.0,0.0,60,4320,60,0.000346,0.001010559999999998,0.001374
guard_two,stationary_discounted,403,0.6666666666666666,0.6666666666666666,0.0,0.0,60,4320,60,0.000367,0.000745249999999999,0.000937
guard_two,stationary_discounted,404,0.7166666666666667,0.7166666666666667,0.0,0.0,60,4320,60,0.0003535,0.0007187299999999991,0.000868
guard_two,stationary_discounted,405,0.6,0.6,0.0,0.0,60,4320,60,0.0003505,0.0006894999999999991,0.000837
guard_two,stationary_discounted,406,0.65,0.65,0.0,0.0,60,4320,60,0.000358,0.000717259999999999,0.000886
guard_two,stationary_discounted,407,0.7333333333333333,0.7333333333333333,0.0,0.0,60,4320,60,0.000336,0.0007153099999999993,0.000828
guard_two,stationary_discounted,408,0.6666666666666666,0.6666666666666666,0.0,0.0,60,4320,60,0.000355,0.0006897099999999992,0.000826
guard_two,stationary_discounted,409,0.6333333333333333,0.6333333333333333,0.0,0.0,60,4320,60,0.0003655,0.0011139099999999977,0.001498
guard_two,stationary_discounted,410,0.6166666666666667,0.6166666666666667,0.0,0.0,60,4320,60,0.0003635,0.0006682899999999991,0.000827
guard_two,stationary_discounted,411,0.7833333333333333,0.7833333333333333,0.0,0.0,60,4320,60,0.0003525,0.0007402999999999992,0.000876
guard_two,stationary_discounted,412,0.7166666666666667,0.7166666666666667,0.0,0.0,60,4320,60,0.0003655,0.0007973799999999986,0.001044
guard_two,stationary_discounted,413,0.65,0.65,0.0,0.0,60,4320,60,0.0003635,0.0007687599999999989,0.000967
guard_two,stationary_discounted,414,0.7333333333333333,0.7333333333333333,0.0,0.0,60,4320,60,0.0003625,0.000719869999999999,0.000901
guard_two,stationary_discounted,415,0.6833333333333333,0.6833333333333333,0.0,0.0,60,4320,60,0.0003545,0.0007252799999999994,0.000848
guard_two,stationary_discounted,416,0.7166666666666667,0.7166666666666667,0.0,0.0,60,4320,60,0.000355,0.0006565199999999991,0.000817
guard_two,stationary_discounted,417,0.7,0.7,0.0,0.0,60,4320,60,0.00036,0.0007400799999999993,0.000851
guard_two,stationary_discounted,418,0.65,0.65,0.0,0.0,60,4320,60,0.00036,0.000690209999999999,0.000856
guard_two,stationary_discounted,419,0.6833333333333333,0.6833333333333333,0.0,0.0,60,4320,60,0.0003705,0.000716149999999999,0.000902
guard_two,stationary_discounted,420,0.6666666666666666,0.6666666666666666,0.0,0.0,60,4320,60,0.000334,0.0007149199999999993,0.00084
guard_two,stationary_discounted,421,0.7166666666666667,0.7166666666666667,0.0,0.0,60,4320,60,0.000344,0.0006732199999999991,0.000816
guard_two,stationary_discounted,422,0.7333333333333333,0.7333333333333333,0.0,0.0,60,4320,60,0.000354,0.0007678599999999989,0.000972
guard_two,stationary_discounted,423,0.6333333333333333,0.6333333333333333,0.0,0.0,60,4320,60,0.0003495,0.0006870599999999988,0.000903
guard_two,stationary_discounted,424,0.7,0.7,0.0,0.0,60,4320,60,0.00036,0.0006873799999999993,0.000816
guard_two,stationary_discounted,425,0.7666666666666667,0.7666666666666667,0.0,0.0,60,4320,60,0.00035150000000000003,0.0006434499999999992,0.000788
guard_two,stationary_discounted,426,0.7333333333333333,0.7333333333333333,0.0,0.0,60,4320,60,0.0003495,0.0006814199999999988,0.000895
guard_two,stationary_discounted,427,0.6666666666666666,0.6666666666666666,0.0,0.0,60,4320,60,0.00036399999999999996,0.0007558799999999987,0.000973
guard_two,stationary_discounted,428,0.7166666666666667,0.7166666666666667,0.0,0.0,60,4320,60,0.0003545,0.0009426899999999989,0.001125
guard_two,stationary_discounted,429,0.6833333333333333,0.6833333333333333,0.0,0.0,60,4320,60,0.00034449999999999997,0.000671899999999999,0.000843
guard_two,stationary_discounted,430,0.7166666666666667,0.7166666666666667,0.0,0.0,60,4320,60,0.0003585,0.0012890199999999981,0.001597
guard_two,stationary_discounted,431,0.6833333333333333,0.6833333333333333,0.0,0.0,60,4320,60,0.0003795,0.0008702899999999995,0.00097
guard_two,stationary_discounted,432,0.6833333333333333,0.6833333333333333,0.0,0.0,60,4320,60,0.000362,0.0006973799999999993,0.000826
guard_two,stationary_discounted,433,0.7666666666666667,0.7666666666666667,0.0,0.0,60,4320,60,0.0003565,0.000691949999999999,0.000866
guard_two,stationary_discounted,434,0.7,0.7,0.0,0.0,60,4320,60,0.000359,0.0009597699999999989,0.001135
guard_two,stationary_discounted,435,0.6666666666666666,0.6666666666666666,0.0,0.0,60,4320,60,0.0003645,0.0007586099999999996,0.00083
guard_two,stationary_discounted,436,0.6833333333333333,0.6833333333333333,0.0,0.0,60,4320,60,0.0003685,0.000696769999999999,0.000872
guard_two,stationary_discounted,437,0.6166666666666667,0.6166666666666667,0.0,0.0,60,4320,60,0.0003715,0.0007892699999999988,0.000994
guard_two,stationary_discounted,438,0.6833333333333333,0.6833333333333333,0.0,0.0,60,4320,60,0.0003775,0.0008532399999999984,0.001127
guard_two,stationary_discounted,439,0.7,0.7,0.0,0.0,60,4320,60,0.000368,0.0007330299999999991,0.0009
guard_two,stationary_discounted,440,0.6333333333333333,0.6333333333333333,0.0,0.0,60,4320,60,0.000362,0.0007283299999999988,0.000913
guard_two,stationary_discounted,441,0.7166666666666667,0.7166666666666667,0.0,0.0,60,4320,60,0.000366,0.0007412199999999995,0.000825
guard_two,stationary_discounted,442,0.7333333333333333,0.7333333333333333,0.0,0.0,60,4320,60,0.000359,0.0007453699999999991,0.000897
guard_two,stationary_discounted,443,0.7,0.7,0.0,0.0,60,4320,60,0.0003655,0.000748129999999999,0.000921
guard_two,stationary_discounted,444,0.7166666666666667,0.7166666666666667,0.0,0.0,60,4320,60,0.0003645,0.0007571599999999991,0.00092
guard_two,stationary_discounted,445,0.75,0.75,0.0,0.0,60,4320,60,0.00038,0.0007589099999999991,0.000907
guard_two,stationary_discounted,446,0.6833333333333333,0.6833333333333333,0.0,0.0,60,4320,60,0.000365,0.0007614699999999991,0.000919
guard_two,stationary_discounted,447,0.6833333333333333,0.6833333333333333,0.0,0.0,60,4320,60,0.000365,0.0007079599999999994,0.0008
guard_two,stationary_discounted,448,0.6333333333333333,0.6333333333333333,0.0,0.0,60,4320,60,0.000797,0.02288656999999985,0.049305
guard_two,stationary_discounted,449,0.7166666666666667,0.7166666666666667,0.0,0.0,60,4320,60,0.00047400000000000003,0.0015797199999999974,0.002047
guard_two,stationary_discounted,450,0.7166666666666667,0.7166666666666667,0.0,0.0,60,4320,60,0.0005865,0.0011625199999999985,0.001441
guard_two,stationary_discounted,451,0.7333333333333333,0.7333333333333333,0.0,0.0,60,4320,60,0.000594,0.0009990299999999997,0.001048
guard_two,stationary_discounted,452,0.7166666666666667,0.7166666666666667,0.0,0.0,60,4320,60,0.0005484999999999999,0.0008350199999999993,0.000966
guard_two,stationary_discounted,453,0.7,0.7,0.0,0.0,60,4320,60,0.0005045,0.0009393399999999984,0.001219
guard_two,stationary_discounted,454,0.7,0.7,0.0,0.0,60,4320,60,0.0005319999999999999,0.0013302099999999986,0.001555
guard_two,stationary_discounted,455,0.6833333333333333,0.6833333333333333,0.0,0.0,60,4320,60,0.0005195,0.0011342099999999977,0.001536
guard_two,stationary_discounted,456,0.7,0.7,0.0,0.0,60,4320,60,0.000545,0.0008720999999999986,0.001114
guard_two,stationary_discounted,457,0.6833333333333333,0.6833333333333333,0.0,0.0,60,4320,60,0.000525,0.0007715899999999989,0.000948
guard_two,stationary_discounted,458,0.7166666666666667,0.7166666666666667,0.0,0.0,60,4320,60,0.0005265000000000001,0.0009078799999999981,0.001243
guard_two,stationary_discounted,459,0.7666666666666667,0.7666666666666667,0.0,0.0,60,4320,60,0.000572,0.004430899999999975,0.008909
guard_two,stationary_discounted,460,0.75,0.75,0.0,0.0,60,4320,60,0.000524,0.0009427899999999978,0.001308
guard_two,stationary_discounted,461,0.7333333333333333,0.7333333333333333,0.0,0.0,60,4320,60,0.000526,0.0010621099999999985,0.00134
guard_two,stationary_discounted,462,0.6666666666666666,0.6666666666666666,0.0,0.0,60,4320,60,0.0005455,0.0009643899999999993,0.00107
guard_two,stationary_discounted,463,0.6666666666666666,0.6666666666666666,0.0,0.0,60,4320,60,0.00058,0.0014820099999999978,0.001872
guard_two,stationary_discounted,464,0.7833333333333333,0.7833333333333333,0.0,0.0,60,4320,60,0.000467,0.0011416599999999992,0.001275
guard_two,stationary_discounted,465,0.6833333333333333,0.6833333333333333,0.0,0.0,60,4320,60,0.0004705,0.0010204999999999984,0.001286
guard_two,stationary_discounted,466,0.7333333333333333,0.7333333333333333,0.0,0.0,60,4320,60,0.000573,0.0011334799999999992,0.001268
guard_two,stationary_discounted,467,0.7833333333333333,0.7833333333333333,0.0,0.0,60,4320,60,0.000563,0.0011237299999999986,0.001391
guard_two,stationary_discounted,468,0.7,0.7,0.0,0.0,60,4320,60,0.0005824999999999999,0.001117619999999999,0.001284
guard_two,stationary_discounted,469,0.7333333333333333,0.7333333333333333,0.0,0.0,60,4320,60,0.000554,0.001130319999999998,0.001456
guard_two,stationary_discounted,470,0.7333333333333333,0.7333333333333333,0.0,0.0,60,4320,60,0.0005955,0.0011049599999999984,0.001374
guard_two,stationary_discounted,471,0.7166666666666667,0.7166666666666667,0.0,0.0,60,4320,60,0.0003545,0.0008424799999999989,0.001036
guard_two,stationary_discounted,472,0.6833333333333333,0.6833333333333333,0.0,0.0,60,4320,60,0.0005614999999999999,0.0011710399999999975,0.00161
guard_two,stationary_discounted,473,0.6666666666666666,0.6666666666666666,0.0,0.0,60,4320,60,0.0005555,0.0010081099999999974,0.001463
guard_two,stationary_discounted,474,0.7166666666666667,0.7166666666666667,0.0,0.0,60,4320,60,0.0005644999999999999,0.0009598599999999996,0.001046
guard_two,stationary_discounted,475,0.7166666666666667,0.7166666666666667,0.0,0.0,60,4320,60,0.000385,0.001131769999999999,0.001307
guard_two,stationary_discounted,476,0.7666666666666667,0.7666666666666667,0.0,0.0,60,4320,60,0.0005729999999999999,0.0009744099999999984,0.00127
guard_two,stationary_discounted,477,0.7333333333333333,0.7333333333333333,0.0,0.0,60,4320,60,0.0005575,0.001074359999999999,0.001249
guard_two,stationary_discounted,478,0.7333333333333333,0.7333333333333333,0.0,0.0,60,4320,60,0.0005765,0.0012521899999999974,0.0017
guard_two,stationary_discounted,479,0.7333333333333333,0.7333333333333333,0.0,0.0,60,4320,60,0.000611,0.001431519999999999,0.001592
guard_two,stationary_discounted,480,0.65,0.65,0.0,0.0,60,4320,60,0.0005895,0.0008634599999999991,0.001044
guard_two,stationary_discounted,481,0.7166666666666667,0.7166666666666667,0.0,0.0,60,4320,60,0.000415,0.0010919599999999984,0.001361
guard_two,stationary_discounted,482,0.75,0.75,0.0,0.0,60,4320,60,0.0003735,0.0010600199999999985,0.001309
guard_two,stationary_discounted,483,0.7666666666666667,0.7666666666666667,0.0,0.0,60,4320,60,0.00035749999999999996,0.0009227199999999994,0.001036
guard_two,stationary_discounted,484,0.7166666666666667,0.7166666666666667,0.0,0.0,60,4320,60,0.000536,0.0008191699999999988,0.001018
guard_two,stationary_discounted,485,0.6833333333333333,0.6833333333333333,0.0,0.0,60,4320,60,0.000695,0.0014292199999999993,0.001572
guard_two,stationary_discounted,486,0.6666666666666666,0.6666666666666666,0.0,0.0,60,4320,60,0.000697,0.00165363,0.001679
guard_two,stationary_discounted,487,0.6833333333333333,0.6833333333333333,0.0,0.0,60,4320,60,0.0007055,0.0013219899999999981,0.00164
guard_two,stationary_discounted,488,0.75,0.75,0.0,0.0,60,4320,60,0.0006875,0.0012136899999999986,0.001455
guard_two,stationary_discounted,489,0.6666666666666666,0.6666666666666666,0.0,0.0,60,4320,60,0.0006755,0.0010204799999999996,0.001096
guard_two,stationary_discounted,490,0.65,0.65,0.0,0.0,60,4320,60,0.0006755,0.0015947899999999996,0.001665
guard_two,stationary_discounted,491,0.7,0.7,0.0,0.0,60,4320,60,0.000668,0.0012878899999999986,0.001541
guard_two,stationary_discounted,492,0.6666666666666666,0.6666666666666666,0.0,0.0,60,4320,60,0.0006385,0.0010656399999999975,0.001481
guard_two,stationary_discounted,493,0.6666666666666666,0.6666666666666666,0.0,0.0,60,4320,60,0.0007095000000000001,0.0012138799999999981,0.001549
guard_two,stationary_discounted,494,0.7,0.7,0.0,0.0,60,4320,60,0.0007115,0.0014131699999999996,0.001494
guard_two,stationary_discounted,495,0.6666666666666666,0.6666666666666666,0.0,0.0,60,4320,60,0.0006845,0.0016035799999999988,0.001803
guard_two,stationary_discounted,496,0.6666666666666666,0.6666666666666666,0.0,0.0,60,4320,60,0.0007210000000000001,0.0011336399999999987,0.001372
guard_two,stationary_discounted,497,0.7,0.7,0.0,0.0,60,4320,60,0.0006905,0.0015511299999999987,0.001783
guard_two,stationary_discounted,498,0.7166666666666667,0.7166666666666667,0.0,0.0,60,4320,60,0.0006445,0.0012700399999999985,0.001532
guard_two,stationary_discounted,499,0.7,0.7,0.0,0.0,60,4320,60,0.0006594999999999999,0.0011550099999999978,0.001545
service_two,stationary_discounted,0,0.55,0.55,0.0,0.0,60,4320,120,0.0008049999999999999,0.0027355999999999917,0.004128
service_two,stationary_discounted,1,0.5666666666666667,0.5666666666666667,0.0,0.0,60,4320,120,0.00069,0.002531739999999991,0.004074
service_two,stationary_discounted,2,0.5166666666666667,0.5166666666666667,0.0,0.0,60,4320,120,0.000682,0.0015726499999999966,0.002142
service_two,stationary_discounted,3,0.5166666666666667,0.5166666666666667,0.0,0.0,60,4320,120,0.0003775,0.009744449999999927,0.022102
service_two,stationary_discounted,4,0.55,0.55,0.0,0.0,60,4320,120,0.000377,0.0007855299999999988,0.000982
service_two,stationary_discounted,5,0.5333333333333333,0.5333333333333333,0.0,0.0,60,4320,120,0.0003765,0.0007398499999999987,0.000967
service_two,stationary_discounted,6,0.6,0.6,0.0,0.0,60,4320,120,0.000364,0.0008090399999999988,0.001012
service_two,stationary_discounted,7,0.6166666666666667,0.6166666666666667,0.0,0.0,60,4320,120,0.000372,0.0007884699999999988,0.001005
service_two,stationary_discounted,8,0.55,0.55,0.0,0.0,60,4320,120,0.0003805,0.0007222099999999991,0.000888
service_two,stationary_discounted,9,0.6166666666666667,0.6166666666666667,0.0,0.0,60,4320,120,0.000362,0.0008125499999999987,0.001022
service_two,stationary_discounted,10,0.5833333333333334,0.5833333333333334,0.0,0.0,60,4320,120,0.00037549999999999997,0.0007558099999999992,0.000898
service_two,stationary_discounted,11,0.5333333333333333,0.5333333333333333,0.0,0.0,60,4320,120,0.000366,0.0008528599999999989,0.001057
service_two,stationary_discounted,12,0.5666666666666667,0.5666666666666667,0.0,0.0,60,4320,120,0.0003715,0.0010464199999999989,0.00126
service_two,stationary_discounted,13,0.6333333333333333,0.6333333333333333,0.0,0.0,60,4320,120,0.000371,0.0007677999999999987,0.000992
service_two,stationary_discounted,14,0.5166666666666667,0.5166666666666667,0.0,0.0,60,4320,120,0.00036649999999999996,0.0007409999999999986,0.000977
service_two,stationary_discounted,15,0.5833333333333334,0.5833333333333334,0.0,0.0,60,4320,120,0.0003885,0.001052509999999999,0.001236
service_two,stationary_discounted,16,0.6,0.6,0.0,0.0,60,4320,120,0.00039000000000000005,0.0007138099999999992,0.000856
service_two,stationary_discounted,17,0.5833333333333334,0.5833333333333334,0.0,0.0,60,4320,120,0.000397,0.0007737399999999992,0.0009
service_two,stationary_discounted,18,0.6,0.6,0.0,0.0,60,4320,120,0.000386,0.0007222399999999991,0.000878
service_two,stationary_discounted,19,0.6333333333333333,0.6333333333333333,0.0,0.0,60,4320,120,0.000384,0.0007414199999999987,0.000955
service_two,stationary_discounted,20,0.6,0.6,0.0,0.0,60,4320,120,0.000384,0.0007061499999999989,0.000892
service_two,stationary_discounted,21,0.55,0.55,0.0,0.0,60,4320,120,0.0003795,0.000728769999999999,0.000904
service_two,stationary_discounted,22,0.5333333333333333,0.5333333333333333,0.0,0.0,60,4320,120,0.0003925,0.0007265399999999989,0.0009
service_two,stationary_discounted,23,0.55,0.55,0.0,0.0,60,4320,120,0.00037850000000000004,0.0007207999999999987,0.000945
service_two,stationary_discounted,24,0.55,0.55,0.0,0.0,60,4320,120,0.00037799999999999997,0.005245809999999964,0.011406
service_two,stationary_discounted,25,0.6166666666666667,0.6166666666666667,0.0,0.0,60,4320,120,0.00037549999999999997,0.0007337999999999986,0.000958
service_two,stationary_discounted,26,0.5666666666666667,0.5666666666666667,0.0,0.0,60,4320,120,0.0003615,0.000737099999999999,0.00092
service_two,stationary_discounted,27,0.5333333333333333,0.5333333333333333,0.0,0.0,60,4320,120,0.000373,0.000769999999999999,0.000947
service_two,stationary_discounted,28,0.6166666666666667,0.6166666666666667,0.0,0.0,60,4320,120,0.00038,0.0007549999999999993,0.000873
service_two,stationary_discounted,29,0.5333333333333333,0.5333333333333333,0.0,0.0,60,4320,120,0.000384,0.0006874599999999989,0.000868
service_two,stationary_discounted,30,0.5833333333333334,0.5833333333333334,0.0,0.0,60,4320,120,0.000713,0.0010651699999999996,0.001146
service_two,stationary_discounted,31,0.5666666666666667,0.5666666666666667,0.0,0.0,60,4320,120,0.00065,0.0013316399999999972,0.001806
service_two,stationary_discounted,32,0.5166666666666667,0.5166666666666667,0.0,0.0,60,4320,120,0.0003985,0.001720299999999995,0.002564
service_two,stationary_discounted,33,0.6166666666666667,0.6166666666666667,0.0,0.0,60,4320,120,0.000396,0.0008641699999999987,0.001063
service_two,stationary_discounted,34,0.6,0.6,0.0,0.0,60,4320,120,0.00038599999999999995,0.0008392499999999993,0.000972
service_two,stationary_discounted,35,0.5666666666666667,0.5666666666666667,0.0,0.0,60,4320,120,0.0003945,0.0008473299999999989,0.001032
service_two,stationary_discounted,36,0.5666666666666667,0.5666666666666667,0.0,0.0,60,4320,120,0.000548,0.0012679599999999987,0.001478
service_two,stationary_discounted,37,0.5833333333333334,0.5833333333333334,0.0,0.0,60,4320,120,0.0003675,0.000782049999999999,0.000962
service_two,stationary_discounted,38,0.6166666666666667,0.6166666666666667,0.0,0.0,60,4320,120,0.000371,0.0007958599999999991,0.000941
service_two,stationary_discounted,39,0.5666666666666667,0.5666666666666667,0.0,0.0,60,4320,120,0.0004625,0.0008449499999999993,0.00096
service_two,stationary_discounted,40,0.55,0.55,0.0,0.0,60,4320,120,0.000375,0.0011271799999999998,0.001185
service_two,stationary_discounted,41,0.6,0.6,0.0,0.0,60,4320,120,0.0003725,0.0008900799999999983,0.001178
service_two,stationary_discounted,42,0.5833333333333334,0.5833333333333334,0.0,0.0,60,4320,120,0.000377,0.0007867799999999995,0.00088
service_two,stationary_discounted,43,0.5833333333333334,0.5833333333333334,0.0,0.0,60,4320,120,0.00037549999999999997,0.0009513899999999984,0.001234
service_two,stationary_discounted,44,0.55,0.55,0.0,0.0,60,4320,120,0.0006375,0.0012816099999999981,0.001589
service_two,stationary_discounted,45,0.6166666666666667,0.6166666666666667,0.0,0.0,60,4320,120,0.000657,0.0018692999999999937,0.002949
service_two,stationary_discounted,46,0.5666666666666667,0.5666666666666667,0.0,0.0,60,4320,120,0.0006410000000000001,0.0013072799999999973,0.001784
service_two,stationary_discounted,47,0.5833333333333334,0.5833333333333334,0.0,0.0,60,4320,120,0.0006364999999999999,0.0011772199999999981,0.001497
service_two,stationary_discounted,48,0.5666666666666667,0.5666666666666667,0.0,0.0,60,4320,120,0.000647,0.0010920399999999992,0.001236
service_two,stationary_discounted,49,0.5666666666666667,0.5666666666666667,0.0,0.0,60,4320,120,0.000392,0.0013856599999999988,0.001578
service_two,stationary_discounted,50,0.6,0.6,0.0,0.0,60,4320,120,0.000409,0.0007974899999999987,0.001027
service_two,stationary_discounted,51,0.4666666666666667,0.4666666666666667,0.0,0.0,60,4320,120,0.00038449999999999997,0.000748209999999999,0.000914
service_two,stationary_discounted,52,0.5666666666666667,0.5666666666666667,0.0,0.0,60,4320,120,0.00038599999999999995,0.0008026699999999987,0.001031
service_two,stationary_discounted,53,0.5833333333333334,0.5833333333333334,0.0,0.0,60,4320,120,0.000386,0.0008060199999999989,0.000996
service_two,stationary_discounted,54,0.5666666666666667,0.5666666666666667,0.0,0.0,60,4320,120,0.000388,0.0007976899999999993,0.000921
service_two,stationary_discounted,55,0.6,0.6,0.0,0.0,60,4320,120,0.0003775,0.0007337199999999987,0.000965
service_two,stationary_discounted,56,0.6,0.6,0.0,0.0,60,4320,120,0.00036,0.0007188899999999988,0.000913
service_two,stationary_discounted,57,0.5666666666666667,0.5666666666666667,0.0,0.0,60,4320,120,0.00037600000000000003,0.0020463499999999924,0.003365
service_two,stationary_discounted,58,0.6166666666666667,0.6166666666666667,0.0,0.0,60,4320,120,0.000723,0.001504829999999997,0.002073
service_two,stationary_discounted,59,0.5833333333333334,0.5833333333333334,0.0,0.0,60,4320,120,0.0007235,0.0012021599999999983,0.001483
service_two,stationary_discounted,60,0.6,0.6,0.0,0.0,60,4320,120,0.000704,0.0011861899999999989,0.001398
service_two,stationary_discounted,61,0.6166666666666667,0.6166666666666667,0.0,0.0,60,4320,120,0.000647,0.008103419999999945,0.017462
service_two,stationary_discounted,62,0.5333333333333333,0.5333333333333333,0.0,0.0,60,4320,120,0.0005525,0.0012837799999999996,0.001377
service_two,stationary_discounted,63,0.6,0.6,0.0,0.0,60,4320,120,0.0005525,0.00107691,0.001107
service_two,stationary_discounted,64,0.5833333333333334,0.5833333333333334,0.0,0.0,60,4320,120,0.000678,0.0012612399999999992,0.001417
service_two,stationary_discounted,65,0.55,0.55,0.0,0.0,60,4320,120,0.000386,0.0007639999999999986,0.001
service_two,stationary_discounted,66,0.5166666666666667,0.5166666666666667,0.0,0.0,60,4320,120,0.000617,0.001133519999999999,0.001294
service_two,stationary_discounted,67,0.55,0.55,0.0,0.0,60,4320,120,0.00038250000000000003,0.010101279999999924,0.023086
service_two,stationary_discounted,68,0.6166666666666667,0.6166666666666667,0.0,0.0,60,4320,120,0.000372,0.0013445699999999963,0.00198
service_two,stationary_discounted,69,0.6166666666666667,0.6166666666666667,0.0,0.0,60,4320,120,0.0003685,0.0008050399999999988,0.001008
service_two,stationary_discounted,70,0.5666666666666667,0.5666666666666667,0.0,0.0,60,4320,120,0.000383,0.0007377299999999992,0.000887
service_two,stationary_discounted,71,0.6333333333333333,0.6333333333333333,0.0,0.0,60,4320,120,0.0003745,0.000768739999999999,0.000954
service_two,stationary_discounted,72,0.5666666666666667,0.5666666666666667,0.0,0.0,60,4320,120,0.000389,0.0011298299999999999,0.001167
service_two,stationary_discounted,73,0.6,0.6,0.0,0.0,60,4320,120,0.000633,0.0013401599999999987,0.001562
service_two,stationary_discounted,74,0.5666666666666667,0.5666666666666667,0.0,0.0,60,4320,120,0.0006544999999999999,0.0009408799999999991,0.001099
service_two,stationary_discounted,75,0.5333333333333333,0.5333333333333333,0.0,0.0,60,4320,120,0.0006490000000000001,0.001218379999999998,0.001524
service_two,stationary_discounted,76,0.6166666666666667,0.6166666666666667,0.0,0.0,60,4320,120,0.000371,0.000731669999999999,0.000901
service_two,stationary_discounted,77,0.5666666666666667,0.5666666666666667,0.0,0.0,60,4320,120,0.000368,0.0006707099999999993,0.000807
service_two,stationary_discounted,78,0.55,0.55,0.0,0.0,60,4320,120,0.000381,0.0006991899999999991,0.000852
service_two,stationary_discounted,79,0.55,0.55,0.0,0.0,60,4320,120,0.000393,0.0010435599999999991,0.001171
service_two,stationary_discounted,80,0.55,0.55,0.0,0.0,60,4320,120,0.000399,0.0007421699999999988,0.000941
service_two,stationary_discounted,81,0.6,0.6,0.0,0.0,60,4320,120,0.000377,0.000709979999999999,0.000874
service_two,stationary_discounted,82,0.55,0.55,0.0,0.0,60,4320,120,0.000379,0.000712379999999999,0.0009
service_two,stationary_discounted,83,0.5666666666666667,0.5666666666666667,0.0,0.0,60,4320,120,0.000393,0.0007314699999999991,0.000889
service_two,stationary_discounted,84,0.5666666666666667,0.5666666666666667,0.0,0.0,60,4320,120,0.000388,0.000891149999999999,0.001077
service_two,stationary_discounted,85,0.5833333333333334,0.5833333333333334,0.0,0.0,60,4320,120,0.000382,0.0008397499999999987,0.001061
service_two,stationary_discounted,86,0.5833333333333334,0.5833333333333334,0.0,0.0,60,4320,120,0.0003835,0.000899699999999999,0.001059
service_two,stationary_discounted,87,0.5833333333333334,0.5833333333333334,0.0,0.0,60,4320,120,0.00038449999999999997,0.0010539599999999996,0.001146
service_two,stationary_discounted,88,0.5333333333333333,0.5333333333333333,0.0,0.0,60,4320,120,0.0003815,0.0008261999999999993,0.000956
service_two,stationary_discounted,89,0.6,0.6,0.0,0.0,60,4320,120,0.00037799999999999997,0.0008116499999999987,0.001027
service_two,stationary_discounted,90,0.5666666666666667,0.5666666666666667,0.0,0.0,60,4320,120,0.000378,0.000844669999999999,0.001014
service_two,stationary_discounted,91,0.55,0.55,0.0,0.0,60,4320,120,0.0005715,0.0011901199999999979,0.001563
service_two,stationary_discounted,92,0.5833333333333334,0.5833333333333334,0.0,0.0,60,4320,120,0.0005675000000000001,0.000928079999999999,0.001098
service_two,stationary_discounted,93,0.5333333333333333,0.5333333333333333,0.0,0.0,60,4320,120,0.0005555,0.0010708999999999983,0.00136
service_two,stationary_discounted,94,0.5833333333333334,0.5833333333333334,0.0,0.0,60,4320,120,0.0005815,0.0013731099999999977,0.001769
service_two,stationary_discounted,95,0.5833333333333334,0.5833333333333334,0.0,0.0,60,4320,120,0.000372,0.0007282599999999987,0.000956
service_two,stationary_discounted,96,0.5333333333333333,0.5333333333333333,0.0,0.0,60,4320,120,0.0003635,0.0007403499999999992,0.000879
service_two,stationary_discounted,97,0.5666666666666667,0.5666666666666667,0.0,0.0,60,4320,120,0.0003815,0.000797999999999999,0.000975
service_two,stationary_discounted,98,0.5666666666666667,0.5666666666666667,0.0,0.0,60,4320,120,0.0005915,0.0021733599999999914,0.003646
service_two,stationary_discounted,99,0.5833333333333334,0.5833333333333334,0.0,0.0,60,4320,120,0.0006565,0.0017141399999999981,0.002041
service_two,stationary_discounted,100,0.6,0.6,0.0,0.0,60,4320,120,0.0006405,0.0011828299999999978,0.001574
service_two,stationary_discounted,101,0.6166666666666667,0.6166666666666667,0.0,0.0,60,4320,120,0.0006605000000000001,0.0011110799999999987,0.00134
service_two,stationary_discounted,102,0.5666666666666667,0.5666666666666667,0.0,0.0,60,4320,120,0.0005545000000000001,0.001066829999999999,0.001222
service_two,stationary_discounted,103,0.6,0.6,0.0,0.0,60,4320,120,0.00034500000000000004,0.0007719099999999991,0.00092
service_two,stationary_discounted,104,0.6166666666666667,0.6166666666666667,0.0,0.0,60,4320,120,0.000353,0.0007225799999999988,0.000922
service_two,stationary_discounted,105,0.55,0.55,0.0,0.0,60,4320,120,0.000359,0.0008598499999999997,0.00091
service_two,stationary_discounted,106,0.6,0.6,0.0,0.0,60,4320,120,0.00035749999999999996,0.0009886899999999993,0.001112
service_two,stationary_discounted,107,0.48333333333333334,0.48333333333333334,0.0,0.0,60,4320,120,0.00037,0.0007640099999999988,0.000977
service_two,stationary_discounted,108,0.5333333333333333,0.5333333333333333,0.0,0.0,60,4320,120,0.000364,0.000719359999999999,0.000894
service_two,stationary_discounted,109,0.6,0.6,0.0,0.0,60,4320,120,0.00035150000000000003,0.0007010199999999992,0.000832
service_two,stationary_discounted,110,0.55,0.55,0.0,0.0,60,4320,120,0.000366,0.0008190199999999989,0.001009
service_two,stationary_discounted,111,0.55,0.55,0.0,0.0,60,4320,120,0.0003775,0.0008077699999999986,0.001042
service_two,stationary_discounted,112,0.5333333333333333,0.5333333333333333,0.0,0.0,60,4320,120,0.0003745,0.0007100599999999991,0.000867
service_two,stationary_discounted,113,0.55,0.55,0.0,0.0,60,4320,120,0.0006670000000000001,0.001216639999999998,0.001573
service_two,stationary_discounted,114,0.48333333333333334,0.48333333333333334,0.0,0.0,60,4320,120,0.000685,0.0018424,0.001866
service_two,stationary_discounted,115,0.55,0.55,0.0,0.0,60,4320,120,0.0006895,0.0012078499999999986,0.001435
service_two,stationary_discounted,116,0.6166666666666667,0.6166666666666667,0.0,0.0,60,4320,120,0.0007045,0.0012650499999999985,0.001504
service_two,stationary_discounted,117,0.5666666666666667,0.5666666666666667,0.0,0.0,60,4320,120,0.0003905,0.0011325699999999983,0.001414
service_two,stationary_discounted,118,0.6166666666666667,0.6166666666666667,0.0,0.0,60,4320,120,0.00038250000000000003,0.0007728399999999989,0.000964
service_two,stationary_discounted,119,0.5166666666666667,0.5166666666666667,0.0,0.0,60,4320,120,0.000389,0.0008354099999999983,0.001131
service_two,stationary_discounted,120,0.6,0.6,0.0,0.0,60,4320,120,0.000396,0.005360039999999963,0.011758
service_two,stationary_discounted,121,0.6166666666666667,0.6166666666666667,0.0,0.0,60,4320,120,0.0003675,0.0007760799999999987,0.001005
service_two,stationary_discounted,122,0.55,0.55,0.0,0.0,60,4320,120,0.00036050000000000003,0.0007869399999999989,0.000984
service_two,stationary_discounted,123,0.5333333333333333,0.5333333333333333,0.0,0.0,60,4320,120,0.000374,0.0007142399999999988,0.000929
service_two,stationary_discounted,124,0.55,0.55,0.0,0.0,60,4320,120,0.000359,0.0008023099999999984,0.001092
service_two,stationary_discounted,125,0.55,0.55,0.0,0.0,60,4320,120,0.000363,0.0007109499999999986,0.000944
service_two,stationary_discounted,126,0.6166666666666667,0.6166666666666667,0.0,0.0,60,4320,120,0.000379,0.0007629099999999991,0.000911
service_two,stationary_discounted,127,0.5666666666666667,0.5666666666666667,0.0,0.0,60,4320,120,0.0004015,0.002634769999999993,0.003872
service_two,stationary_discounted,128,0.5833333333333334,0.5833333333333334,0.0,0.0,60,4320,120,0.00037299999999999996,0.000956719999999998,0.001306
service_two,stationary_discounted,129,0.6166666666666667,0.6166666666666667,0.0,0.0,60,4320,120,0.000374,0.0010630599999999991,0.00122
service_two,stationary_discounted,130,0.5833333333333334,0.5833333333333334,0.0,0.0,60,4320,120,0.000374,0.0007750699999999992,0.000909
service_two,stationary_discounted,131,0.6,0.6,0.0,0.0,60,4320,120,0.000366,0.0007839199999999989,0.000968
service_two,stationary_discounted,132,0.5833333333333334,0.5833333333333334,0.0,0.0,60,4320,120,0.000368,0.0007349599999999988,0.000945
service_two,stationary_discounted,133,0.6,0.6,0.0,0.0,60,4320,120,0.00037600000000000003,0.0007926099999999989,0.000982
service_two,stationary_discounted,134,0.55,0.55,0.0,0.0,60,4320,120,0.000389,0.000998009999999999,0.001152
service_two,stationary_discounted,135,0.6166666666666667,0.6166666666666667,0.0,0.0,60,4320,120,0.000341,0.0007414199999999991,0.000896
service_two,stationary_discounted,136,0.5666666666666667,0.5666666666666667,0.0,0.0,60,4320,120,0.000344,0.0006834499999999988,0.000887
service_two,stationary_discounted,137,0.48333333333333334,0.48333333333333334,0.0,0.0,60,4320,120,0.000345,0.0006960599999999988,0.000912
service_two,stationary_discounted,138,0.6166666666666667,0.6166666666666667,0.0,0.0,60,4320,120,0.00036649999999999996,0.0007046499999999988,0.00092
service_two,stationary_discounted,139,0.5833333333333334,0.5833333333333334,0.0,0.0,60,4320,120,0.00036,0.000725929999999999,0.000887
service_two,stationary_discounted,140,0.6,0.6,0.0,0.0,60,4320,120,0.00036649999999999996,0.0006957499999999991,0.000858
service_two,stationary_discounted,141,0.6,0.6,0.0,0.0,60,4320,120,0.0003675,0.0006722499999999988,0.000864
service_two,stationary_discounted,142,0.6333333333333333,0.6333333333333333,0.0,0.0,60,4320,120,0.00037549999999999997,0.0009795799999999992,0.00112
service_two,stationary_discounted,143,0.5833333333333334,0.5833333333333334,0.0,0.0,60,4320,120,0.0003865,0.0007337299999999992,0.000883
service_two,stationary_discounted,144,0.6333333333333333,0.6333333333333333,0.0,0.0,60,4320,120,0.0003885,0.00832114999999994,0.018596
service_two,stationary_discounted,145,0.5,0.5,0.0,0.0,60,4320,120,0.0003675,0.0008206699999999994,0.000931
service_two,stationary_discounted,146,0.5666666666666667,0.5666666666666667,0.0,0.0,60,4320,120,0.00036649999999999996,0.0007256999999999987,0.000944
service_two,stationary_discounted,147,0.6,0.6,0.0,0.0,60,4320,120,0.0003645,0.0007466499999999991,0.000903
service_two,stationary_discounted,148,0.55,0.55,0.0,0.0,60,4320,120,0.00036399999999999996,0.0006954799999999989,0.000889
service_two,stationary_discounted,149,0.5833333333333334,0.5833333333333334,0.0,0.0,60,4320,120,0.0003645,0.0007038699999999992,0.000826
service_two,stationary_discounted,150,0.5666666666666667,0.5666666666666667,0.0,0.0,60,4320,120,0.0003725,0.0007351199999999985,0.00099
service_two,stationary_discounted,151,0.5833333333333334,0.5833333333333334,0.0,0.0,60,4320,120,0.0003675,0.004532779999999972,0.009346
service_two,stationary_discounted,152,0.5333333333333333,0.5333333333333333,0.0,0.0,60,4320,120,0.00036649999999999996,0.0007352399999999988,0.00095
service_two,stationary_discounted,153,0.55,0.55,0.0,0.0,60,4320,120,0.0003585,0.000792849999999999,0.000961
service_two,stationary_discounted,154,0.55,0.55,0.0,0.0,60,4320,120,0.0003595,0.0007388599999999988,0.000943
service_two,stationary_discounted,155,0.5666666666666667,0.5666666666666667,0.0,0.0,60,4320,120,0.0003655,0.0008227399999999989,0.001008
service_two,stationary_discounted,156,0.5833333333333334,0.5833333333333334,0.0,0.0,60,4320,120,0.000353,0.000753739999999999,0.000939
service_two,stationary_discounted,157,0.6166666666666667,0.6166666666666667,0.0,0.0,60,4320,120,0.00036950000000000004,0.0029907799999999846,0.005739
service_two,stationary_discounted,158,0.6,0.6,0.0,0.0,60,4320,120,0.0003815,0.0007550599999999987,0.000971
service_two,stationary_discounted,159,0.5833333333333334,0.5833333333333334,0.0,0.0,60,4320,120,0.0003675,0.0007554099999999993,0.000874
service_two,stationary_discounted,160,0.5166666666666667,0.5166666666666667,0.0,0.0,60,4320,120,0.00037600000000000003,0.0009871599999999993,0.001091
service_two,stationary_discounted,161,0.5833333333333334,0.5833333333333334,0.0,0.0,60,4320,120,0.0003725,0.000825129999999999,0.000998
service_two,stationary_discounted,162,0.5166666666666667,0.5166666666666667,0.0,0.0,60,4320,120,0.00037549999999999997,0.001172549999999998,0.001559
service_two,stationary_discounted,163,0.5833333333333334,0.5833333333333334,0.0,0.0,60,4320,120,0.000374,0.0007476299999999988,0.00095
service_two,stationary_discounted,164,0.5666666666666667,0.5666666666666667,0.0,0.0,60,4320,120,0.000377,0.0008487699999999997,0.000906
service_two,stationary_discounted,165,0.55,0.55,0.0,0.0,60,4320,120,0.000368,0.0007255799999999989,0.000925
service_two,stationary_discounted,166,0.55,0.55,0.0,0.0,60,4320,120,0.000382,0.000695799999999999,0.000861
service_two,stationary_discounted,167,0.6,0.6,0.0,0.0,60,4320,120,0.00037,0.000705769999999999,0.000881
service_two,stationary_discounted,168,0.5833333333333334,0.5833333333333334,0.0,0.0,60,4320,120,0.000379,0.0009063799999999985,0.001153
service_two,stationary_discounted,169,0.5833333333333334,0.5833333333333334,0.0,0.0,60,4320,120,0.000503,0.001285329999999998,0.001647
service_two,stationary_discounted,170,0.6,0.6,0.0,0.0,60,4320,120,0.000388,0.0008621199999999988,0.001058
service_two,stationary_discounted,171,0.55,0.55,0.0,0.0,60,4320,120,0.0003795,0.0008235199999999984,0.001102
service_two,stationary_discounted,172,0.5166666666666667,0.5166666666666667,0.0,0.0,60,4320,120,0.000388,0.000837689999999999,0.00102
service_two,stationary_discounted,173,0.5666666666666667,0.5666666666666667,0.0,0.0,60,4320,120,0.0003815,0.0008139299999999987,0.001034
service_two,stationary_discounted,174,0.55,0.55,0.0,0.0,60,4320,120,0.000388,0.000769019999999999,0.000959
service_two,stationary_discounted,175,0.6,0.6,0.0,0.0,60,4320,120,0.0004035,0.0011037299999999985,0.001371
service_two,stationary_discounted,176,0.6,0.6,0.0,0.0,60,4320,120,0.00039150000000000003,0.0008700599999999988,0.001086
service_two,stationary_discounted,177,0.6,0.6,0.0,0.0,60,4320,120,0.000379,0.000709879999999999,0.000868
service_two,stationary_discounted,178,0.55,0.55,0.0,0.0,60,4320,120,0.000388,0.008070809999999942,0.018007
service_two,stationary_discounted,179,0.5833333333333334,0.5833333333333334,0.0,0.0,60,4320,120,0.000364,0.0007944199999999995,0.00089
service_two,stationary_discounted,180,0.6166666666666667,0.6166666666666667,0.0,0.0,60,4320,120,0.000374,0.0009504099999999983,0.001246
service_two,stationary_discounted,181,0.5833333333333334,0.5833333333333334,0.0,0.0,60,4320,120,0.00037,0.0007339399999999989,0.000931
service_two,stationary_discounted,182,0.5666666666666667,0.5666666666666667,0.0,0.0,60,4320,120,0.000366,0.0007025999999999984,0.000974
service_two,stationary_discounted,183,0.6166666666666667,0.6166666666666667,0.0,0.0,60,4320,120,0.0003625,0.0007014899999999991,0.000872
service_two,stationary_discounted,184,0.5666666666666667,0.5666666666666667,0.0,0.0,60,4320,120,0.0003815,0.000996109999999999,0.001156
service_two,stationary_discounted,185,0.5666666666666667,0.5666666666666667,0.0,0.0,60,4320,120,0.00036300000000000004,0.003780559999999977,0.007743
service_two,stationary_discounted,186,0.5666666666666667,0.5666666666666667,0.0,0.0,60,4320,120,0.0003635,0.0007428499999999991,0.000911
service_two,stationary_discounted,187,0.5333333333333333,0.5333333333333333,0.0,0.0,60,4320,120,0.0003815,0.0007017099999999988,0.000897
service_two,stationary_discounted,188,0.55,0.55,0.0,0.0,60,4320,120,0.0003805,0.0007018099999999989,0.000903
service_two,stationary_discounted,189,0.5833333333333334,0.5833333333333334,0.0,0.0,60,4320,120,0.00039150000000000003,0.0007419199999999989,0.000926
service_two,stationary_discounted,190,0.5833333333333334,0.5833333333333334,0.0,0.0,60,4320,120,0.0003905,0.0007207099999999989,0.000916
service_two,stationary_discounted,191,0.6166666666666667,0.6166666666666667,0.0,0.0,60,4320,120,0.0003895,0.000759409999999999,0.000937
service_two,stationary_discounted,192,0.65,0.65,0.0,0.0,60,4320,120,0.000391,0.0008302399999999987,0.001045
service_two,stationary_discounted,193,0.5666666666666667,0.5666666666666667,0.0,0.0,60,4320,120,0.00037850000000000004,0.0007575499999999988,0.000967
service_two,stationary_discounted,194,0.5833333333333334,0.5833333333333334,0.0,0.0,60,4320,120,0.00037850000000000004,0.0007586899999999993,0.000882
service_two,stationary_discounted,195,0.5333333333333333,0.5333333333333333,0.0,0.0,60,4320,120,0.000384,0.0007574499999999991,0.000902
service_two,stationary_discounted,196,0.55,0.55,0.0,0.0,60,4320,120,0.0007745,0.0037677999999999844,0.00647
service_two,stationary_discounted,197,0.5333333333333333,0.5333333333333333,0.0,0.0,60,4320,120,0.000565,0.0019276199999999938,0.002979
service_two,stationary_discounted,198,0.6,0.6,0.0,0.0,60,4320,120,0.000608,0.0010377599999999991,0.001177
service_two,stationary_discounted,199,0.6,0.6,0.0,0.0,60,4320,120,0.000595,0.0012458099999999982,0.001565
service_two,stationary_discounted,200,0.6166666666666667,0.6166666666666667,0.0,0.0,60,4320,120,0.000596,0.001259799999999998,0.001602
service_two,stationary_discounted,201,0.55,0.55,0.0,0.0,60,4320,120,0.0005614999999999999,0.0009696199999999997,0.001018
service_two,stationary_discounted,202,0.5833333333333334,0.5833333333333334,0.0,0.0,60,4320,120,0.000717,0.0010250999999999993,0.001149
service_two,stationary_discounted,203,0.6,0.6,0.0,0.0,60,4320,120,0.000778,0.0011942499999999987,0.001445
service_two,stationary_discounted,204,0.5666666666666667,0.5666666666666667,0.0,0.0,60,4320,120,0.000735,0.0010674399999999987,0.001294
service_two,stationary_discounted,205,0.5333333333333333,0.5333333333333333,0.0,0.0,60,4320,120,0.0006789999999999999,0.0013454799999999979,0.001716
service_two,stationary_discounted,206,0.5833333333333334,0.5833333333333334,0.0,0.0,60,4320,120,0.0007075,0.003252039999999998,0.003573
service_two,stationary_discounted,207,0.5333333333333333,0.5333333333333333,0.0,0.0,60,4320,120,0.00083,0.002428329999999995,0.003321
service_two,stationary_discounted,208,0.6166666666666667,0.6166666666666667,0.0,0.0,60,4320,120,0.000871,0.0014081299999999977,0.001817
service_two,stationary_discounted,209,0.55,0.55,0.0,0.0,60,4320,120,0.0008455,0.0014214599999999979,0.001779
service_two,stationary_discounted,210,0.6166666666666667,0.6166666666666667,0.0,0.0,60,4320,120,0.00036950000000000004,0.0013388699999999963,0.001992
service_two,stationary_discounted,211,0.5666666666666667,0.5666666666666667,0.0,0.0,60,4320,120,0.0003725,0.000804049999999999,0.000984
service_two,stationary_discounted,212,0.5666666666666667,0.5666666666666667,0.0,0.0,60,4320,120,0.00037,0.0007427199999999987,0.000974
service_two,stationary_discounted,213,0.6166666666666667,0.6166666666666667,0.0,0.0,60,4320,120,0.00037549999999999997,0.0007845699999999991,0.000948
service_two,stationary_discounted,214,0.6,0.6,0.0,0.0,60,4320,120,0.00037,0.000720899999999999,0.000892
service_two,stationary_discounted,215,0.5666666666666667,0.5666666666666667,0.0,0.0,60,4320,120,0.0003875,0.0009602199999999985,0.001221
service_two,stationary_discounted,216,0.5833333333333334,0.5833333333333334,0.0,0.0,60,4320,120,0.00036950000000000004,0.0007310899999999991,0.000878
service_two,stationary_discounted,217,0.6166666666666667,0.6166666666666667,0.0,0.0,60,4320,120,0.0003705,0.0009380199999999982,0.001246
service_two,stationary_discounted,218,0.5666666666666667,0.5666666666666667,0.0,0.0,60,4320,120,0.000371,0.007764149999999943,0.017685
service_two,stationary_discounted,219,0.5666666666666667,0.5666666666666667,0.0,0.0,60,4320,120,0.0006925,0.0012232599999999966,0.001805
service_two,stationary_discounted,220,0.6,0.6,0.0,0.0,60,4320,120,0.000699,0.0012409799999999972,0.0017
service_two,stationary_discounted,221,0.5666666666666667,0.5666666666666667,0.0,0.0,60,4320,120,0.000707,0.0011530599999999983,0.001428
service_two,stationary_discounted,222,0.6166666666666667,0.6166666666666667,0.0,0.0,60,4320,120,0.0006150000000000001,0.0143526299999999,0.031842
service_two,stationary_discounted,223,0.6,0.6,0.0,0.0,60,4320,120,0.000735,0.0019933199999999946,0.002909
service_two,stationary_discounted,224,0.55,0.55,0.0,0.0,60,4320,120,0.0006395,0.0016509699999999944,0.002605
service_two,stationary_discounted,225,0.5833333333333334,0.5833333333333334,0.0,0.0,60,4320,120,0.000571,0.0011202999999999986,0.001374
service_two,stationary_discounted,226,0.55,0.55,0.0,0.0,60,4320,120,0.00058,0.0010477099999999997,0.001125
service_two,stationary_discounted,227,0.5833333333333334,0.5833333333333334,0.0,0.0,60,4320,120,0.000438,0.0023206799999999964,0.002939
service_two,stationary_discounted,228,0.5333333333333333,0.5333333333333333,0.0,0.0,60,4320,120,0.0006535,0.001576419999999996,0.002321
service_two,stationary_discounted,229,0.5666666666666667,0.5666666666666667,0.0,0.0,60,4320,120,0.000406,0.011920349999999915,0.026514
service_two,stationary_discounted,230,0.5833333333333334,0.5833333333333334,0.0,0.0,60,4320,120,0.0006515,0.0014528799999999984,0.001729
service_two,stationary_discounted,231,0.48333333333333334,0.48333333333333334,0.0,0.0,60,4320,120,0.00044249999999999997,0.0009842499999999988,0.001176
service_two,stationary_discounted,232,0.5833333333333334,0.5833333333333334,0.0,0.0,60,4320,120,0.00039099999999999996,0.0008287299999999988,0.001037
service_two,stationary_discounted,233,0.5666666666666667,0.5666666666666667,0.0,0.0,60,4320,120,0.000377,0.000741899999999999,0.000913
service_two,stationary_discounted,234,0.6333333333333333,0.6333333333333333,0.0,0.0,60,4320,120,0.00035749999999999996,0.0007428099999999992,0.000885
service_two,stationary_discounted,235,0.65,0.65,0.0,0.0,60,4320,120,0.000363,0.000711539999999999,0.000885
service_two,stationary_discounted,236,0.6,0.6,0.0,0.0,60,4320,120,0.000399,0.002252539999999991,0.003842
service_two,stationary_discounted,237,0.5666666666666667,0.5666666666666667,0.0,0.0,60,4320,120,0.0006525,0.0013184199999999972,0.001827
service_two,stationary_discounted,238,0.48333333333333334,0.48333333333333334,0.0,0.0,60,4320,120,0.000632,0.0010099099999999984,0.001276
service_two,stationary_discounted,239,0.5833333333333334,0.5833333333333334,0.0,0.0,60,4320,120,0.0006915000000000001,0.0011161599999999986,0.001338
service_two,stationary_discounted,240,0.5666666666666667,0.5666666666666667,0.0,0.0,60,4320,120,0.0007595,0.0014559299999999976,0.001853
service_two,stationary_discounted,241,0.6,0.6,0.0,0.0,60,4320,120,0.000733,0.0015660299999999993,0.001674
service_two,stationary_discounted,242,0.55,0.55,0.0,0.0,60,4320,120,0.0003615,0.0008001099999999987,0.001019
service_two,stationary_discounted,243,0.5833333333333334,0.5833333333333334,0.0,0.0,60,4320,120,0.0003865,0.0008356699999999994,0.000946
service_two,stationary_discounted,244,0.6,0.6,0.0,0.0,60,4320,120,0.00036649999999999996,0.0012326799999999992,0.001379
service_two,stationary_discounted,245,0.5666666666666667,0.5666666666666667,0.0,0.0,60,4320,120,0.0003655,0.0007318399999999989,0.000923
service_two,stationary_discounted,246,0.6166666666666667,0.6166666666666667,0.0,0.0,60,4320,120,0.0003705,0.000777589999999999,0.000954
service_two,stationary_discounted,247,0.5833333333333334,0.5833333333333334,0.0,0.0,60,4320,120,0.0003545,0.0007574499999999991,0.000902
service_two,stationary_discounted,248,0.5666666666666667,0.5666666666666667,0.0,0.0,60,4320,120,0.0003805,0.0007971099999999991,0.000957
service_two,stationary_discounted,249,0.6333333333333333,0.6333333333333333,0.0,0.0,60,4320,120,0.000379,0.00107158,0.001094
service_two,stationary_discounted,250,0.5166666666666667,0.5166666666666667,0.0,0.0,60,4320,120,0.00055,0.0010781599999999986,0.0013
service_two,stationary_discounted,251,0.5333333333333333,0.5333333333333333,0.0,0.0,60,4320,120,0.0003725,0.001115479999999999,0.001309
service_two,stationary_discounted,252,0.5833333333333334,0.5833333333333334,0.0,0.0,60,4320,120,0.0003945,0.0007405899999999989,0.000917
service_two,stationary_discounted,253,0.6,0.6,0.0,0.0,60,4320,120,0.000632,0.00248555999999999,0.004206
service_two,stationary_discounted,254,0.55,0.55,0.0,0.0,60,4320,120,0.0005005,0.002072799999999994,0.003123
service_two,stationary_discounted,255,0.5666666666666667,0.5666666666666667,0.0,0.0,60,4320,120,0.0003715,0.0013437899999999962,0.002004
service_two,stationary_discounted,256,0.5833333333333334,0.5833333333333334,0.0,0.0,60,4320,120,0.000403,0.0010484999999999974,0.001491
service_two,stationary_discounted,257,0.5833333333333334,0.5833333333333334,0.0,0.0,60,4320,120,0.000536,0.0009584299999999982,0.001267
service_two,stationary_discounted,258,0.5666666666666667,0.5666666666666667,0.0,0.0,60,4320,120,0.0006230000000000001,0.0011621699999999982,0.001479
service_two,stationary_discounted,259,0.5833333333333334,0.5833333333333334,0.0,0.0,60,4320,120,0.000384,0.0010325199999999973,0.001488
service_two,stationary_discounted,260,0.55,0.55,0.0,0.0,60,4320,120,0.00036300000000000004,0.0007961099999999991,0.000956
service_two,stationary_discounted,261,0.5666666666666667,0.5666666666666667,0.0,0.0,60,4320,120,0.000567,0.0008860399999999987,0.001089
service_two,stationary_discounted,262,0.5666666666666667,0.5666666666666667,0.0,0.0,60,4320,120,0.000608,0.0012229099999999974,0.001666
service_two,stationary_discounted,263,0.5166666666666667,0.5166666666666667,0.0,0.0,60,4320,120,0.000666,0.0015494699999999985,0.001825
service_two,stationary_discounted,264,0.5833333333333334,0.5833333333333334,0.0,0.0,60,4320,120,0.0006265,0.0020653199999999955,0.002863
service_two,stationary_discounted,265,0.55,0.55,0.0,0.0,60,4320,120,0.0006855,0.0015951799999999964,0.002243
service_two,stationary_discounted,266,0.55,0.55,0.0,0.0,60,4320,120,0.000783,0.002575649999999991,0.004089
service_two,stationary_discounted,267,0.5833333333333334,0.5833333333333334,0.0,0.0,60,4320,120,0.0008095,0.0016563199999999978,0.002041
service_two,stationary_discounted,268,0.5833333333333334,0.5833333333333334,0.0,0.0,60,4320,120,0.0008445,0.0029256899999999943,0.003875
service_two,stationary_discounted,269,0.55,0.55,0.0,0.0,60,4320,120,0.0007975,0.0022629399999999945,0.003227
service_two,stationary_discounted,270,0.6333333333333333,0.6333333333333333,0.0,0.0,60,4320,120,0.0003855,0.011391809999999928,0.023983
service_two,stationary_discounted,271,0.55,0.55,0.0,0.0,60,4320,120,0.00047400000000000003,0.0010181699999999975,0.001453
service_two,stationary_discounted,272,0.5666666666666667,0.5666666666666667,0.0,0.0,60,4320,120,0.0005245,0.0009486299999999985,0.00121
service_two,stationary_discounted,273,0.5333333333333333,0.5333333333333333,0.0,0.0,60,4320,120,0.0005635,0.0013642399999999983,0.001638
service_two,stationary_discounted,274,0.5833333333333334,0.5833333333333334,0.0,0.0,60,4320,120,0.0004990000000000001,0.001272079999999997,0.001796
service_two,stationary_discounted,275,0.5833333333333334,0.5833333333333334,0.0,0.0,60,4320,120,0.000555,0.0009962999999999975,0.001427
service_two,stationary_discounted,276,0.5666666666666667,0.5666666666666667,0.0,0.0,60,4320,120,0.000356,0.0016064999999999999,0.001636
service_two,stationary_discounted,277,0.5666666666666667,0.5666666666666667,0.0,0.0,60,4320,120,0.00035999999999999997,0.0010514099999999983,0.001347
service_two,stationary_discounted,278,0.6166666666666667,0.6166666666666667,0.0,0.0,60,4320,120,0.000346,0.005144549999999965,0.011195
service_two,stationary_discounted,279,0.55,0.55,0.0,0.0,60,4320,120,0.000601,0.0008904099999999992,0.001009
service_two,stationary_discounted,280,0.5166666666666667,0.5166666666666667,0.0,0.0,60,4320,120,0.0006265,0.0014872899999999968,0.002059
service_two,stationary_discounted,281,0.55,0.55,0.0,0.0,60,4320,120,0.000708,0.0011642099999999993,0.001271
service_two,stationary_discounted,282,0.6166666666666667,0.6166666666666667,0.0,0.0,60,4320,120,0.000631,0.0010286899999999983,0.001329
service_two,stationary_discounted,283,0.5666666666666667,0.5666666666666667,0.0,0.0,60,4320,120,0.0004455,0.0008290699999999985,0.001081
service_two,stationary_discounted,284,0.5666666666666667,0.5666666666666667,0.0,0.0,60,4320,120,0.0006505,0.0024836399999999957,0.003194
service_two,stationary_discounted,285,0.6333333333333333,0.6333333333333333,0.0,0.0,60,4320,120,0.0005495,0.002190249999999996,0.002913
service_two,stationary_discounted,286,0.6,0.6,0.0,0.0,60,4320,120,0.000612,0.0014049699999999965,0.002005
service_two,stationary_discounted,287,0.5833333333333334,0.5833333333333334,0.0,0.0,60,4320,120,0.0005560000000000001,0.0009146299999999981,0.001235
service_two,stationary_discounted,288,0.5833333333333334,0.5833333333333334,0.0,0.0,60,4320,120,0.0005855,0.0012026099999999976,0.001628
service_two,stationary_discounted,289,0.55,0.55,0.0,0.0,60,4320,120,0.0006054999999999999,0.0013864799999999994,0.001462
service_two,stationary_discounted,290,0.6333333333333333,0.6333333333333333,0.0,0.0,60,4320,120,0.000632,0.0011034199999999984,0.001376
service_two,stationary_discounted,291,0.5833333333333334,0.5833333333333334,0.0,0.0,60,4320,120,0.000652,0.0011180599999999986,0.001334
service_two,stationary_discounted,292,0.6166666666666667,0.6166666666666667,0.0,0.0,60,4320,120,0.0006000000000000001,0.0011230799999999985,0.001352
service_two,stationary_discounted,293,0.6166666666666667,0.6166666666666667,0.0,0.0,60,4320,120,0.0003705,0.0010958899999999982,0.001408
service_two,stationary_discounted,294,0.6,0.6,0.0,0.0,60,4320,120,0.0004475,0.0012086299999999972,0.001706
service_two,stationary_discounted,295,0.5166666666666667,0.5166666666666667,0.0,0.0,60,4320,120,0.0005385,0.0016381699999999993,0.001778
service_two,stationary_discounted,296,0.5166666666666667,0.5166666666666667,0.0,0.0,60,4320,120,0.0006635,0.0065861299999999765,0.010712
service_two,stationary_discounted,297,0.5833333333333334,0.5833333333333334,0.0,0.0,60,4320,120,0.000567,0.0014101799999999963,0.002058
service_two,stationary_discounted,298,0.5666666666666667,0.5666666666666667,0.0,0.0,60,4320,120,0.000579,0.0009143999999999982,0.001233
service_two,stationary_discounted,299,0.55,0.55,0.0,0.0,60,4320,120,0.0006305,0.001891539999999995,0.002773
service_two,stationary_discounted,300,0.6,0.6,0.0,0.0,60,4320,120,0.0005575,0.014234929999999995,0.015222
service_two,stationary_discounted,301,0.5666666666666667,0.5666666666666667,0.0,0.0,60,4320,120,0.000587,0.0012171999999999986,0.001465
service_two,stationary_discounted,302,0.5166666666666667,0.5166666666666667,0.0,0.0,60,4320,120,0.0006119999999999999,0.0011902599999999983,0.001477
service_two,stationary_discounted,303,0.5833333333333334,0.5833333333333334,0.0,0.0,60,4320,120,0.0006365,0.0010730499999999984,0.001371
service_two,stationary_discounted,304,0.6,0.6,0.0,0.0,60,4320,120,0.000638,0.012076129999999916,0.026645
service_two,stationary_discounted,305,0.5833333333333334,0.5833333333333334,0.0,0.0,60,4320,120,0.0006345000000000001,0.0013738299999999967,0.001942
service_two,stationary_discounted,306,0.55,0.55,0.0,0.0,60,4320,120,0.0006225,0.002473789999999991,0.004019
service_two,stationary_discounted,307,0.5166666666666667,0.5166666666666667,0.0,0.0,60,4320,120,0.000642,0.0016170699999999989,0.00181
service_two,stationary_discounted,308,0.5833333333333334,0.5833333333333334,0.0,0.0,60,4320,120,0.0008415,0.0028595799999999987,0.003118
service_two,stationary_discounted,309,0.55,0.55,0.0,0.0,60,4320,120,0.0007945000000000001,0.001428999999999998,0.001783
service_two,stationary_discounted,310,0.6,0.6,0.0,0.0,60,4320,120,0.000827,0.0018525399999999984,0.002144
service_two,stationary_discounted,311,0.5666666666666667,0.5666666666666667,0.0,0.0,60,4320,120,0.000833,0.001605449999999997,0.002104
service_two,stationary_discounted,312,0.5333333333333333,0.5333333333333333,0.0,0.0,60,4320,120,0.000845,0.0014901199999999982,0.001804
service_two,stationary_discounted,313,0.5333333333333333,0.5333333333333333,0.0,0.0,60,4320,120,0.0008365,0.001371369999999998,0.0017
service_two,stationary_discounted,314,0.65,0.65,0.0,0.0,60,4320,120,0.0003745,0.0014740499999999952,0.002303
service_two,stationary_discounted,315,0.6,0.6,0.0,0.0,60,4320,120,0.000371,0.000827849999999999,0.000996
service_two,stationary_discounted,316,0.6166666666666667,0.6166666666666667,0.0,0.0,60,4320,120,0.000379,0.0010041699999999985,0.001262
service_two,stationary_discounted,317,0.5666666666666667,0.5666666666666667,0.0,0.0,60,4320,120,0.0003735,0.0007827099999999989,0.000978
service_two,stationary_discounted,318,0.55,0.55,0.0,0.0,60,4320,120,0.0003525,0.0008714199999999992,0.001026
service_two,stationary_discounted,319,0.5166666666666667,0.5166666666666667,0.0,0.0,60,4320,120,0.0003885,0.0008670999999999983,0.001168
service_two,stationary_discounted,320,0.65,0.65,0.0,0.0,60,4320,120,0.0004235,0.001376739999999999,0.001562
service_two,stationary_discounted,321,0.5166666666666667,0.5166666666666667,0.0,0.0,60,4320,120,0.0003745,0.0011849599999999981,0.001513
service_two,stationary_discounted,322,0.5333333333333333,0.5333333333333333,0.0,0.0,60,4320,120,0.000691,0.0018728799999999967,0.002444
service_two,stationary_discounted,323,0.55,0.55,0.0,0.0,60,4320,120,0.000676,0.0012259199999999986,0.001469
service_two,stationary_discounted,324,0.55,0.55,0.0,0.0,60,4320,120,0.000655,0.0014472599999999969,0.00197
service_two,stationary_discounted,325,0.5666666666666667,0.5666666666666667,0.0,0.0,60,4320,120,0.0006555,0.01334694999999991,0.02892
service_two,stationary_discounted,326,0.5666666666666667,0.5666666666666667,0.0,0.0,60,4320,120,0.0006325,0.0014665599999999983,0.001771
service_two,stationary_discounted,327,0.6333333333333333,0.6333333333333333,0.0,0.0,60,4320,120,0.0005845,0.001153239999999998,0.001486
service_two,stationary_discounted,328,0.5666666666666667,0.5666666666666667,0.0,0.0,60,4320,120,0.000662,0.007240669999999952,0.015729
service_two,stationary_discounted,329,0.6,0.6,0.0,0.0,60,4320,120,0.000638,0.0010330699999999992,0.001167
service_two,stationary_discounted,330,0.5333333333333333,0.5333333333333333,0.0,0.0,60,4320,120,0.0003615,0.0012047999999999968,0.001783
service_two,stationary_discounted,331,0.6166666666666667,0.6166666666666667,0.0,0.0,60,4320,120,0.0005765,0.0009168799999999998,0.000957
service_two,stationary_discounted,332,0.5833333333333334,0.5833333333333334,0.0,0.0,60,4320,120,0.00037600000000000003,0.0010960199999999985,0.001345
service_two,stationary_discounted,333,0.5333333333333333,0.5333333333333333,0.0,0.0,60,4320,120,0.00039349999999999997,0.0008256099999999996,0.000897
service_two,stationary_discounted,334,0.6166666666666667,0.6166666666666667,0.0,0.0,60,4320,120,0.0003745,0.000796569999999999,0.00096
service_two,stationary_discounted,335,0.5666666666666667,0.5666666666666667,0.0,0.0,60,4320,120,0.00037549999999999997,0.0010875799999999994,0.001169
service_two,stationary_discounted,336,0.6,0.6,0.0,0.0,60,4320,120,0.0003685,0.0009003399999999994,0.001003
service_two,stationary_discounted,337,0.6333333333333333,0.6333333333333333,0.0,0.0,60,4320,120,0.000399,0.0008804899999999997,0.000933
service_two,stationary_discounted,338,0.55,0.55,0.0,0.0,60,4320,120,0.0003795,0.0007874599999999996,0.00085
service_two,stationary_discounted,339,0.5333333333333333,0.5333333333333333,0.0,0.0,60,4320,120,0.00036649999999999996,0.0010455499999999975,0.001491
service_two,stationary_discounted,340,0.55,0.55,0.0,0.0,60,4320,120,0.000656,0.0013421199999999974,0.001774
service_two,stationary_discounted,341,0.5333333333333333,0.5333333333333333,0.0,0.0,60,4320,120,0.000698,0.0015822499999999992,0.001715
service_two,stationary_discounted,342,0.6,0.6,0.0,0.0,60,4320,120,0.000609,0.001197619999999998,0.001541
service_two,stationary_discounted,343,0.6,0.6,0.0,0.0,60,4320,120,0.000598,0.0010291399999999987,0.001238
service_two,stationary_discounted,344,0.6,0.6,0.0,0.0,60,4320,120,0.000368,0.0007503899999999993,0.000856
service_two,stationary_discounted,345,0.5333333333333333,0.5333333333333333,0.0,0.0,60,4320,120,0.000381,0.0008833799999999989,0.001071
service_two,stationary_discounted,346,0.6166666666666667,0.6166666666666667,0.0,0.0,60,4320,120,0.0006115000000000001,0.0012294099999999976,0.001643
service_two,stationary_discounted,347,0.5833333333333334,0.5833333333333334,0.0,0.0,60,4320,120,0.00043,0.001116429999999999,0.001307
service_two,stationary_discounted,348,0.5833333333333334,0.5833333333333334,0.0,0.0,60,4320,120,0.000418,0.0010461499999999996,0.001114
service_two,stationary_discounted,349,0.65,0.65,0.0,0.0,60,4320,120,0.0003775,0.0008243699999999992,0.000976
service_two,stationary_discounted,350,0.6,0.6,0.0,0.0,60,4320,120,0.0003715,0.0008306699999999991,0.001
service_two,stationary_discounted,351,0.55,0.55,0.0,0.0,60,4320,120,0.00037600000000000003,0.000895159999999999,0.001058
service_two,stationary_discounted,352,0.6333333333333333,0.6333333333333333,0.0,0.0,60,4320,120,0.0004905,0.0010681799999999987,0.001303
service_two,stationary_discounted,353,0.5666666666666667,0.5666666666666667,0.0,0.0,60,4320,120,0.0006195,0.002081809999999993,0.003286
service_two,stationary_discounted,354,0.6166666666666667,0.6166666666666667,0.0,0.0,60,4320,120,0.000631,0.0010766899999999986,0.001318
service_two,stationary_discounted,355,0.5333333333333333,0.5333333333333333,0.0,0.0,60,4320,120,0.00065,0.0011123699999999992,0.001264
service_two,stationary_discounted,356,0.6166666666666667,0.6166666666666667,0.0,0.0,60,4320,120,0.000637,0.0010406399999999987,0.001279
service_two,stationary_discounted,357,0.5333333333333333,0.5333333333333333,0.0,0.0,60,4320,120,0.00035749999999999996,0.0020231999999999945,0.002979
service_two,stationary_discounted,358,0.6,0.6,0.0,0.0,60,4320,120,0.0003565,0.0009219299999999981,0.00126
service_two,stationary_discounted,359,0.5833333333333334,0.5833333333333334,0.0,0.0,60,4320,120,0.0003645,0.0007806399999999986,0.001019
service_two,stationary_discounted,360,0.5833333333333334,0.5833333333333334,0.0,0.0,60,4320,120,0.0003595,0.0007303699999999991,0.000882
service_two,stationary_discounted,361,0.6,0.6,0.0,0.0,60,4320,120,0.00037850000000000004,0.0007121899999999987,0.000924
service_two,stationary_discounted,362,0.55,0.55,0.0,0.0,60,4320,120,0.000373,0.000783669999999999,0.000953
service_two,stationary_discounted,363,0.6166666666666667,0.6166666666666667,0.0,0.0,60,4320,120,0.000377,0.0007014999999999992,0.000849
service_two,stationary_discounted,364,0.5,0.5,0.0,0.0,60,4320,120,0.000369,0.0007253999999999992,0.000867
service_two,stationary_discounted,365,0.5833333333333334,0.5833333333333334,0.0,0.0,60,4320,120,0.000388,0.0008386299999999985,0.0011
service_two,stationary_discounted,366,0.5833333333333334,0.5833333333333334,0.0,0.0,60,4320,120,0.0003965,0.0012771199999999981,0.001591
service_two,stationary_discounted,367,0.5833333333333334,0.5833333333333334,0.0,0.0,60,4320,120,0.0006635,0.0014194,0.001443
service_two,stationary_discounted,368,0.6,0.6,0.0,0.0,60,4320,120,0.0006315,0.0010865799999999989,0.001286
service_two,stationary_discounted,369,0.5333333333333333,0.5333333333333333,0.0,0.0,60,4320,120,0.000627,0.0012441999999999978,0.00161
service_two,stationary_discounted,370,0.6,0.6,0.0,0.0,60,4320,120,0.0006540000000000001,0.0029020599999999867,0.005242
service_two,stationary_discounted,371,0.6,0.6,0.0,0.0,60,4320,120,0.00067,0.0014722899999999963,0.002103
service_two,stationary_discounted,372,0.5833333333333334,0.5833333333333334,0.0,0.0,60,4320,120,0.000673,0.0014389999999999995,0.001498
service_two,stationary_discounted,373,0.5333333333333333,0.5333333333333333,0.0,0.0,60,4320,120,0.0006975,0.001150049999999998,0.001507
service_two,stationary_discounted,374,0.5833333333333334,0.5833333333333334,0.0,0.0,60,4320,120,0.0006405,0.0010846499999999982,0.001418
service_two,stationary_discounted,375,0.6166666666666667,0.6166666666666667,0.0,0.0,60,4320,120,0.000645,0.0035342399999999962,0.004162
service_two,stationary_discounted,376,0.6,0.6,0.0,0.0,60,4320,120,0.000387,0.0020137099999999967,0.002563
service_two,stationary_discounted,377,0.55,0.55,0.0,0.0,60,4320,120,0.00039499999999999995,0.001097249999999997,0.001584
service_two,stationary_discounted,378,0.5666666666666667,0.5666666666666667,0.0,0.0,60,4320,120,0.00038199999999999996,0.0009652099999999984,0.001249
service_two,stationary_discounted,379,0.5166666666666667,0.5166666666666667,0.0,0.0,60,4320,120,0.0003925,0.0008323499999999988,0.00103
service_two,stationary_discounted,380,0.6,0.6,0.0,0.0,60,4320,120,0.0003765,0.0013452399999999988,0.00156
service_two,stationary_discounted,381,0.6166666666666667,0.6166666666666667,0.0,0.0,60,4320,120,0.000376,0.0008490099999999991,0.001003
service_two,stationary_discounted,382,0.5333333333333333,0.5333333333333333,0.0,0.0,60,4320,120,0.00037549999999999997,0.0008606599999999993,0.000994
service_two,stationary_discounted,383,0.5833333333333334,0.5833333333333334,0.0,0.0,60,4320,120,0.0003745,0.001056619999999999,0.001223
service_two,stationary_discounted,384,0.6,0.6,0.0,0.0,60,4320,120,0.000385,0.000823379999999999,0.001011
service_two,stationary_discounted,385,0.6,0.6,0.0,0.0,60,4320,120,0.0005805,0.0020018699999999924,0.003304
service_two,stationary_discounted,386,0.5833333333333334,0.5833333333333334,0.0,0.0,60,4320,120,0.000367,0.0009905399999999977,0.0014
service_two,stationary_discounted,387,0.6166666666666667,0.6166666666666667,0.0,0.0,60,4320,120,0.000367,0.000954589999999998,0.001308
service_two,stationary_discounted,388,0.6,0.6,0.0,0.0,60,4320,120,0.0003655,0.0007232199999999988,0.000925
service_two,stationary_discounted,389,0.6166666666666667,0.6166666666666667,0.0,0.0,60,4320,120,0.000373,0.000993589999999999,0.00117
service_two,stationary_discounted,390,0.6,0.6,0.0,0.0,60,4320,120,0.00036700000000000003,0.000772079999999999,0.000942
service_two,stationary_discounted,391,0.6,0.6,0.0,0.0,60,4320,120,0.00037,0.003997109999999974,0.008523
service_two,stationary_discounted,392,0.5666666666666667,0.5666666666666667,0.0,0.0,60,4320,120,0.000371,0.0007443999999999991,0.000886
service_two,stationary_discounted,393,0.6166666666666667,0.6166666666666667,0.0,0.0,60,4320,120,0.000389,0.0007445199999999991,0.000905
service_two,stationary_discounted,394,0.5833333333333334,0.5833333333333334,0.0,0.0,60,4320,120,0.000367,0.0008726099999999996,0.000944
service_two,stationary_discounted,395,0.6,0.6,0.0,0.0,60,4320,120,0.0003715,0.0006865299999999992,0.000824
service_two,stationary_discounted,396,0.6,0.6,0.0,0.0,60,4320,120,0.0003735,0.0006766499999999991,0.000833
service_two,stationary_discounted,397,0.6666666666666666,0.6666666666666666,0.0,0.0,60,4320,120,0.000363,0.0007143599999999994,0.00083
service_two,stationary_discounted,398,0.5166666666666667,0.5166666666666667,0.0,0.0,60,4320,120,0.0003735,0.0008374099999999987,0.001074
service_two,stationary_discounted,399,0.5833333333333334,0.5833333333333334,0.0,0.0,60,4320,120,0.00038,0.0006809299999999991,0.000842
service_two,stationary_discounted,400,0.6,0.6,0.0,0.0,60,4320,120,0.0005565,0.0009638599999999989,0.001168
service_two,stationary_discounted,401,0.5666666666666667,0.5666666666666667,0.0,0.0,60,4320,120,0.000505,0.0011411699999999965,0.001753
service_two,stationary_discounted,402,0.6166666666666667,0.6166666666666667,0.0,0.0,60,4320,120,0.000602,0.0012565999999999977,0.001646
service_two,stationary_discounted,403,0.5333333333333333,0.5333333333333333,0.0,0.0,60,4320,120,0.0003965,0.0011855099999999986,0.001428
service_two,stationary_discounted,404,0.5333333333333333,0.5333333333333333,0.0,0.0,60,4320,120,0.000375,0.000839669999999999,0.001009
service_two,stationary_discounted,405,0.5,0.5,0.0,0.0,60,4320,120,0.000483,0.001663869999999993,0.002848
service_two,stationary_discounted,406,0.5166666666666667,0.5166666666666667,0.0,0.0,60,4320,120,0.0003655,0.0010078499999999974,0.001471
service_two,stationary_discounted,407,0.6166666666666667,0.6166666666666667,0.0,0.0,60,4320,120,0.0003775,0.0009553999999999979,0.001333
service_two,stationary_discounted,408,0.5333333333333333,0.5333333333333333,0.0,0.0,60,4320,120,0.000365,0.0007814299999999989,0.000972
service_two,stationary_discounted,409,0.5333333333333333,0.5333333333333333,0.0,0.0,60,4320,120,0.0003585,0.0007139699999999989,0.000901
service_two,stationary_discounted,410,0.5333333333333333,0.5333333333333333,0.0,0.0,60,4320,120,0.000354,0.0009740799999999993,0.001085
service_two,stationary_discounted,411,0.6333333333333333,0.6333333333333333,0.0,0.0,60,4320,120,0.00035800000000000003,0.0008188499999999988,0.001046
service_two,stationary_discounted,412,0.6166666666666667,0.6166666666666667,0.0,0.0,60,4320,120,0.0003495,0.0007231499999999989,0.000909
service_two,stationary_discounted,413,0.5166666666666667,0.5166666666666667,0.0,0.0,60,4320,120,0.0003625,0.000771259999999999,0.00094
service_two,stationary_discounted,414,0.5666666666666667,0.5666666666666667,0.0,0.0,60,4320,120,0.000361,0.000732879999999999,0.000891
service_two,stationary_discounted,415,0.55,0.55,0.0,0.0,60,4320,120,0.000362,0.0006847099999999989,0.00088
service_two,stationary_discounted,416,0.5666666666666667,0.5666666666666667,0.0,0.0,60,4320,120,0.000369,0.0011490499999999978,0.001506
service_two,stationary_discounted,417,0.5666666666666667,0.5666666666666667,0.0,0.0,60,4320,120,0.0003995,0.0007695999999999991,0.000923
service_two,stationary_discounted,418,0.5833333333333334,0.5833333333333334,0.0,0.0,60,4320,120,0.000367,0.0007357099999999988,0.000931
service_two,stationary_discounted,419,0.55,0.55,0.0,0.0,60,4320,120,0.0003685,0.004429479999999972,0.009402
service_two,stationary_discounted,420,0.55,0.55,0.0,0.0,60,4320,120,0.0003635,0.000738199999999999,0.000927
service_two,stationary_discounted,421,0.6333333333333333,0.6333333333333333,0.0,0.0,60,4320,120,0.0003765,0.0006969399999999992,0.000835
service_two,stationary_discounted,422,0.55,0.55,0.0,0.0,60,4320,120,0.000365,0.0006597799999999991,0.000812
service_two,stationary_discounted,423,0.5833333333333334,0.5833333333333334,0.0,0.0,60,4320,120,0.0003735,0.0007731999999999993,0.000903
service_two,stationary_discounted,424,0.6,0.6,0.0,0.0,60,4320,120,0.000372,0.001432989999999996,0.002164
service_two,stationary_discounted,425,0.5833333333333334,0.5833333333333334,0.0,0.0,60,4320,120,0.0005335,0.0015089699999999986,0.001755
service_two,stationary_discounted,426,0.5833333333333334,0.5833333333333334,0.0,0.0,60,4320,120,0.000386,0.0008374399999999988,0.001064
service_two,stationary_discounted,427,0.5666666666666667,0.5666666666666667,0.0,0.0,60,4320,120,0.0003865,0.0007838099999999992,0.000926
service_two,stationary_discounted,428,0.6,0.6,0.0,0.0,60,4320,120,0.000393,0.00086482,0.000866
service_two,stationary_discounted,429,0.5833333333333334,0.5833333333333334,0.0,0.0,60,4320,120,0.0003655,0.0007697099999999989,0.000965
service_two,stationary_discounted,430,0.6,0.6,0.0,0.0,60,4320,120,0.00054,0.0010742199999999999,0.001099
service_two,stationary_discounted,431,0.55,0.55,0.0,0.0,60,4320,120,0.0003795,0.000815539999999999,0.000989
service_two,stationary_discounted,432,0.6,0.6,0.0,0.0,60,4320,120,0.000389,0.000726489999999999,0.000897
service_two,stationary_discounted,433,0.6166666666666667,0.6166666666666667,0.0,0.0,60,4320,120,0.000369,0.000770079999999999,0.00094
service_two,stationary_discounted,434,0.6,0.6,0.0,0.0,60,4320,120,0.00037549999999999997,0.0007464399999999987,0.000973
service_two,stationary_discounted,435,0.5833333333333334,0.5833333333333334,0.0,0.0,60,4320,120,0.0004015,0.0009622499999999996,0.001036
service_two,stationary_discounted,436,0.55,0.55,0.0,0.0,60,4320,120,0.000368,0.0009985699999999992,0.001162
service_two,stationary_discounted,437,0.55,0.55,0.0,0.0,60,4320,120,0.000374,0.0008004499999999995,0.000886
service_two,stationary_discounted,438,0.5833333333333334,0.5833333333333334,0.0,0.0,60,4320,120,0.00037549999999999997,0.0010026099999999993,0.001133
service_two,stationary_discounted,439,0.6,0.6,0.0,0.0,60,4320,120,0.00041200000000000004,0.011323509999999983,0.014162
service_two,stationary_discounted,440,0.55,0.55,0.0,0.0,60,4320,120,0.00048,0.0037354799999999894,0.005581
service_two,stationary_discounted,441,0.5333333333333333,0.5333333333333333,0.0,0.0,60,4320,120,0.000791,0.0016452999999999971,0.002135
service_two,stationary_discounted,442,0.5666666666666667,0.5666666666666667,0.0,0.0,60,4320,120,0.000847,0.0018957199999999994,0.002009
service_two,stationary_discounted,443,0.5666666666666667,0.5666666666666667,0.0,0.0,60,4320,120,0.000565,0.0013601399999999958,0.0021
service_two,stationary_discounted,444,0.5666666666666667,0.5666666666666667,0.0,0.0,60,4320,120,0.00038199999999999996,0.0011802199999999988,0.001382
service_two,stationary_discounted,445,0.6166666666666667,0.6166666666666667,0.0,0.0,60,4320,120,0.0003775,0.001108559999999998,0.001472
service_two,stationary_discounted,446,0.6,0.6,0.0,0.0,60,4320,120,0.000589,0.001159839999999998,0.001528
service_two,stationary_discounted,447,0.6,0.6,0.0,0.0,60,4320,120,0.0005759999999999999,0.0011160699999999979,0.001486
service_two,stationary_discounted,448,0.55,0.55,0.0,0.0,60,4320,120,0.0006025,0.0010690199999999982,0.001377
service_two,stationary_discounted,449,0.55,0.55,0.0,0.0,60,4320,120,0.000637,0.001175389999999998,0.001517
service_two,stationary_discounted,450,0.5833333333333334,0.5833333333333334,0.0,0.0,60,4320,120,0.0004785,0.0009515399999999987,0.001184
service_two,stationary_discounted,451,0.6,0.6,0.0,0.0,60,4320,120,0.0005595,0.001181099999999999,0.001364
service_two,stationary_discounted,452,0.5833333333333334,0.5833333333333334,0.0,0.0,60,4320,120,0.00039349999999999997,0.0009616399999999986,0.0012
service_two,stationary_discounted,453,0.6,0.6,0.0,0.0,60,4320,120,0.0005265000000000001,0.0010692599999999996,0.00112
service_two,stationary_discounted,454,0.55,0.55,0.0,0.0,60,4320,120,0.0003925,0.001177379999999999,0.001365
service_two,stationary_discounted,455,0.55,0.55,0.0,0.0,60,4320,120,0.000408,0.0010022699999999982,0.001325
service_two,stationary_discounted,456,0.55,0.55,0.0,0.0,60,4320,120,0.000393,0.0013118099999999992,0.001454
service_two,stationary_discounted,457,0.55,0.55,0.0,0.0,60,4320,120,0.0005295,0.000873149999999999,0.001059
service_two,stationary_discounted,458,0.5833333333333334,0.5833333333333334,0.0,0.0,60,4320,120,0.0006724999999999999,0.001482999999999997,0.002014
service_two,stationary_discounted,459,0.5666666666666667,0.5666666666666667,0.0,0.0,60,4320,120,0.0006185,0.0012574299999999982,0.001566
service_two,stationary_discounted,460,0.6,0.6,0.0,0.0,60,4320,120,0.000517,0.0009249799999999986,0.001148
service_two,stationary_discounted,461,0.5666666666666667,0.5666666666666667,0.0,0.0,60,4320,120,0.0005985,0.001149969999999998,0.001514
service_two,stationary_discounted,462,0.6166666666666667,0.6166666666666667,0.0,0.0,60,4320,120,0.000595,0.0011199999999999986,0.001356
service_two,stationary_discounted,463,0.5333333333333333,0.5333333333333333,0.0,0.0,60,4320,120,0.0005865,0.0013429499999999984,0.001635
service_two,stationary_discounted,464,0.6333333333333333,0.6333333333333333,0.0,0.0,60,4320,120,0.0005925,0.001177859999999998,0.0015
service_two,stationary_discounted,465,0.55,0.55,0.0,0.0,60,4320,120,0.000465,0.0010606299999999986,0.001322
service_two,stationary_discounted,466,0.5833333333333334,0.5833333333333334,0.0,0.0,60,4320,120,0.0003865,0.0009741499999999983,0.001278
service_two,stationary_discounted,467,0.6166666666666667,0.6166666666666667,0.0,0.0,60,4320,120,0.000382,0.000998229999999999,0.001177
service_two,stationary_discounted,468,0.5833333333333334,0.5833333333333334,0.0,0.0,60,4320,120,0.000443,0.000822389999999999,0.000987
service_two,stationary_discounted,469,0.6,0.6,0.0,0.0,60,4320,120,0.0005445000000000001,0.0012834299999999984,0.001592
service_two,stationary_discounted,470,0.6,0.6,0.0,0.0,60,4320,120,0.0005555,0.0010461799999999994,0.001163
service_two,stationary_discounted,471,0.55,0.55,0.0,0.0,60,4320,120,0.000549,0.000914129999999999,0.001087
service_two,stationary_discounted,472,0.5333333333333333,0.5333333333333333,0.0,0.0,60,4320,120,0.000542,0.001041729999999997,0.001545
service_two,stationary_discounted,473,0.55,0.55,0.0,0.0,60,4320,120,0.000557,0.0012142599999999987,0.001442
service_two,stationary_discounted,474,0.6,0.6,0.0,0.0,60,4320,120,0.000625,0.0010452499999999995,0.001119
service_two,stationary_discounted,475,0.6166666666666667,0.6166666666666667,0.0,0.0,60,4320,120,0.0007175,0.0017586199999999985,0.002043
service_two,stationary_discounted,476,0.6,0.6,0.0,0.0,60,4320,120,0.0006565,0.0011011599999999984,0.001382
service_two,stationary_discounted,477,0.6,0.6,0.0,0.0,60,4320,120,0.000663,0.0015942199999999995,0.001678
service_two,stationary_discounted,478,0.6166666666666667,0.6166666666666667,0.0,0.0,60,4320,120,0.000635,0.0013158899999999992,0.001451
service_two,stationary_discounted,479,0.55,0.55,0.0,0.0,60,4320,120,0.0003855,0.0009943899999999982,0.001277
service_two,stationary_discounted,480,0.48333333333333334,0.48333333333333334,0.0,0.0,60,4320,120,0.000528,0.001270119999999998,0.001584
service_two,stationary_discounted,481,0.6,0.6,0.0,0.0,60,4320,120,0.000558,0.0011926599999999982,0.001503
service_two,stationary_discounted,482,0.6,0.6,0.0,0.0,60,4320,120,0.0003615,0.0012443599999999995,0.00136
service_two,stationary_discounted,483,0.65,0.65,0.0,0.0,60,4320,120,0.0005845,0.0008063599999999997,0.000863
service_two,stationary_discounted,484,0.6166666666666667,0.6166666666666667,0.0,0.0,60,4320,120,0.000384,0.0008529899999999992,0.000994
service_two,stationary_discounted,485,0.5833333333333334,0.5833333333333334,0.0,0.0,60,4320,120,0.0005549999999999999,0.0010445399999999994,0.001159
service_two,stationary_discounted,486,0.5166666666666667,0.5166666666666667,0.0,0.0,60,4320,120,0.000377,0.0011118199999999986,0.001349
service_two,stationary_discounted,487,0.55,0.55,0.0,0.0,60,4320,120,0.0005430000000000001,0.0008769099999999988,0.001084
service_two,stationary_discounted,488,0.6,0.6,0.0,0.0,60,4320,120,0.0005675000000000001,0.0008799599999999991,0.001031
service_two,stationary_discounted,489,0.5333333333333333,0.5333333333333333,0.0,0.0,60,4320,120,0.00038250000000000003,0.0008825799999999982,0.0012
service_two,stationary_discounted,490,0.55,0.55,0.0,0.0,60,4320,120,0.000371,0.0008611699999999988,0.00106
service_two,stationary_discounted,491,0.55,0.55,0.0,0.0,60,4320,120,0.000379,0.0010432599999999983,0.00133
service_two,stationary_discounted,492,0.55,0.55,0.0,0.0,60,4320,120,0.0005445000000000001,0.0010528799999999995,0.001152
service_two,stationary_discounted,493,0.5666666666666667,0.5666666666666667,0.0,0.0,60,4320,120,0.0003775,0.0010272699999999979,0.001409
service_two,stationary_discounted,494,0.5833333333333334,0.5833333333333334,0.0,0.0,60,4320,120,0.0006455,0.0010580899999999985,0.001323
service_two,stationary_discounted,495,0.55,0.55,0.0,0.0,60,4320,120,0.00038449999999999997,0.001022649999999999,0.001179
service_two,stationary_discounted,496,0.5666666666666667,0.5666666666666667,0.0,0.0,60,4320,120,0.000472,0.0022819799999999964,0.002918
service_two,stationary_discounted,497,0.5666666666666667,0.5666666666666667,0.0,0.0,60,4320,120,0.000367,0.0007725799999999985,0.001031
service_two,stationary_discounted,498,0.6,0.6,0.0,0.0,60,4320,120,0.0003625,0.0007173499999999992,0.000856
service_two,stationary_discounted,499,0.5,0.5,0.0,0.0,60,4320,120,0.0003715,0.000715769999999999,0.000891
switch_required,stationary_discounted,0,0.8666666666666667,0.8666666666666667,0.0,0.0,60,4320,60,0.000977,28.26360240999998,31.933934
switch_required,stationary_discounted,1,0.9833333333333333,0.9833333333333333,0.0,0.0,60,4320,60,0.000839,0.001637299999999997,0.002186
switch_required,stationary_discounted,2,0.85,0.85,0.0,0.0,60,4320,60,0.000808,0.001479159999999998,0.001819
switch_required,stationary_discounted,3,0.95,0.95,0.0,0.0,60,4320,60,0.00083,0.0026027699999999917,0.004017
switch_required,stationary_discounted,4,0.8333333333333334,0.8333333333333334,0.0,0.0,60,4320,60,0.0005905,0.0018264499999999964,0.002443
switch_required,stationary_discounted,5,0.8166666666666667,0.8166666666666667,0.0,0.0,60,4320,60,0.0006335,0.0012842399999999973,0.001735
switch_required,stationary_discounted,6,0.9166666666666666,0.9166666666666666,0.0,0.0,60,4320,60,0.000638,0.0011669699999999979,0.001531
switch_required,stationary_discounted,7,0.9833333333333333,0.9833333333333333,0.0,0.0,60,4320,60,0.0005945,0.002076199999999994,0.003091
switch_required,stationary_discounted,8,0.9166666666666666,0.9166666666666666,0.0,0.0,60,4320,60,0.000493,0.0011147099999999988,0.00131
switch_required,stationary_discounted,9,0.9333333333333333,0.9333333333333333,0.0,0.0,60,4320,60,0.0005815,0.001099239999999998,0.001432
switch_required,stationary_discounted,10,0.9333333333333333,0.9333333333333333,0.0,0.0,60,4320,60,0.000532,0.0010927099999999983,0.001406
switch_required,stationary_discounted,11,0.9666666666666667,0.9666666666666667,0.0,0.0,60,4320,60,0.0005870000000000001,0.014331979999999899,0.03196
switch_required,stationary_discounted,12,0.9333333333333333,0.9333333333333333,0.0,0.0,60,4320,60,0.0008135,0.001633759999999997,0.002186
switch_required,stationary_discounted,13,0.9166666666666666,0.9166666666666666,0.0,0.0,60,4320,60,0.0008665000000000001,0.0018433399999999989,0.002005
switch_required,stationary_discounted,14,0.8833333333333333,0.8833333333333333,0.0,0.0,60,4320,60,0.0007975,0.002477509999999996,0.003192
switch_required,stationary_discounted,15,0.95,0.95,0.0,0.0,60,4320,60,0.0006405,0.001278649999999998,0.001612
switch_required,stationary_discounted,16,0.8833333333333333,0.8833333333333333,0.0,0.0,60,4320,60,0.000656,0.001267979999999998,0.001609
switch_required,stationary_discounted,17,0.7833333333333333,0.7833333333333333,0.0,0.0,60,4320,60,0.0006935,0.0014008599999999955,0.002136
switch_required,stationary_discounted,18,0.9333333333333333,0.9333333333333333,0.0,0.0,60,4320,60,0.0005840000000000001,0.013268539999999909,0.029018
switch_required,stationary_discounted,19,0.9,0.9,0.0,0.0,60,4320,60,0.000397,0.0010466499999999975,0.001498
switch_required,stationary_discounted,20,0.85,0.85,0.0,0.0,60,4320,60,0.0005295,0.001234689999999998,0.001594
switch_required,stationary_discounted,21,0.9666666666666667,0.9666666666666667,0.0,0.0,60,4320,60,0.0005405,0.001193959999999998,0.001522
switch_required,stationary_discounted,22,0.85,0.85,0.0,0.0,60,4320,60,0.000549,0.0011056899999999986,0.001347
switch_required,stationary_discounted,23,0.8833333333333333,0.8833333333333333,0.0,0.0,60,4320,60,0.00036,0.0014092899999999953,0.002217
switch_required,stationary_discounted,24,0.9166666666666666,0.9166666666666666,0.0,0.0,60,4320,60,0.000333,0.0009091599999999984,0.00119
switch_required,stationary_discounted,25,0.9166666666666666,0.9166666666666666,0.0,0.0,60,4320,60,0.000341,0.0009046399999999989,0.001084
switch_required,stationary_discounted,26,0.9166666666666666,0.9166666666666666,0.0,0.0,60,4320,60,0.0003485,0.0007718599999999992,0.000917
switch_required,stationary_discounted,27,0.8833333333333333,0.8833333333333333,0.0,0.0,60,4320,60,0.0003475,0.0006943499999999992,0.000833
switch_required,stationary_discounted,28,0.9166666666666666,0.9166666666666666,0.0,0.0,60,4320,60,0.00037,0.0007593399999999991,0.000921
switch_required,stationary_discounted,29,0.8833333333333333,0.8833333333333333,0.0,0.0,60,4320,60,0.0006119999999999999,0.010874529999999941,0.021101
switch_required,stationary_discounted,30,0.9666666666666667,0.9666666666666667,0.0,0.0,60,4320,60,0.00036399999999999996,0.0007985599999999989,0.000985
switch_required,stationary_discounted,31,0.9,0.9,0.0,0.0,60,4320,60,0.0003865,0.0016631599999999945,0.002593
switch_required,stationary_discounted,32,0.8833333333333333,0.8833333333333333,0.0,0.0,60,4320,60,0.00038750000000000004,0.0009543399999999997,0.000998
switch_required,stationary_discounted,33,0.9166666666666666,0.9166666666666666,0.0,0.0,60,4320,60,0.000504,0.0009697999999999983,0.001253
switch_required,stationary_discounted,34,0.85,0.85,0.0,0.0,60,4320,60,0.0005765,0.0011798199999999979,0.001535
switch_required,stationary_discounted,35,0.85,0.85,0.0,0.0,60,4320,60,0.000582,0.001228469999999999,0.001386
switch_required,stationary_discounted,36,0.9333333333333333,0.9333333333333333,0.0,0.0,60,4320,60,0.000639,0.002032449999999993,0.003298
switch_required,stationary_discounted,37,0.9666666666666667,0.9666666666666667,0.0,0.0,60,4320,60,0.0006635,0.0026164299999999925,0.003869
switch_required,stationary_discounted,38,0.9166666666666666,0.9166666666666666,0.0,0.0,60,4320,60,0.0006954999999999999,0.0013720399999999971,0.00187
switch_required,stationary_discounted,39,0.9333333333333333,0.9333333333333333,0.0,0.0,60,4320,60,0.000693,0.0014249399999999982,0.00174
switch_required,stationary_discounted,40,0.9166666666666666,0.9166666666666666,0.0,0.0,60,4320,60,0.0005735,0.0012543199999999976,0.001698
switch_required,stationary_discounted,41,0.95,0.95,0.0,0.0,60,4320,60,0.0006085,0.001230949999999997,0.001759
switch_required,stationary_discounted,42,0.9666666666666667,0.9666666666666667,0.0,0.0,60,4320,60,0.000606,0.0011487599999999982,0.001465
switch_required,stationary_discounted,43,0.95,0.95,0.0,0.0,60,4320,60,0.0006075,0.0009723699999999988,0.001183
switch_required,stationary_discounted,44,0.9,0.9,0.0,0.0,60,4320,60,0.0006104999999999999,0.0013694899999999992,0.001481
switch_required,stationary_discounted,45,0.95,0.95,0.0,0.0,60,4320,60,0.0006050000000000001,0.0013321899999999992,0.001485
switch_required,stationary_discounted,46,0.8666666666666667,0.8666666666666667,0.0,0.0,60,4320,60,0.000619,0.001222319999999998,0.001548
switch_required,stationary_discounted,47,0.9666666666666667,0.9666666666666667,0.0,0.0,60,4320,60,0.000611,0.0010066499999999991,0.001163
switch_required,stationary_discounted,48,0.95,0.95,0.0,0.0,60,4320,60,0.0006015,0.0009943699999999983,0.001264
switch_required,stationary_discounted,49,0.9333333333333333,0.9333333333333333,0.0,0.0,60,4320,60,0.000619,0.0013077799999999995,0.001401
switch_required,stationary_discounted,50,0.85,0.85,0.0,0.0,60,4320,60,0.000583,0.001101969999999999,0.001289
switch_required,stationary_discounted,51,0.85,0.85,0.0,0.0,60,4320,60,0.00035000000000000005,0.0007142199999999988,0.000916
switch_required,stationary_discounted,52,0.9,0.9,0.0,0.0,60,4320,60,0.00035150000000000003,0.0008141399999999988,0.001023
switch_required,stationary_discounted,53,0.9333333333333333,0.9333333333333333,0.0,0.0,60,4320,60,0.000383,0.0008766599999999996,0.000951
switch_required,stationary_discounted,54,0.8666666666666667,0.8666666666666667,0.0,0.0,60,4320,60,0.0003495,0.0007809599999999987,0.000991
switch_required,stationary_discounted,55,0.9166666666666666,0.9166666666666666,0.0,0.0,60,4320,60,0.000375,0.0008307299999999982,0.001157
switch_required,stationary_discounted,56,0.9166666666666666,0.9166666666666666,0.0,0.0,60,4320,60,0.000363,0.0007078899999999989,0.000902
switch_required,stationary_discounted,57,0.9333333333333333,0.9333333333333333,0.0,0.0,60,4320,60,0.0007165,0.001278859999999998,0.001601
switch_required,stationary_discounted,58,0.95,0.95,0.0,0.0,60,4320,60,0.0006335,0.0021485299999999996,0.002227
switch_required,stationary_discounted,59,0.9333333333333333,0.9333333333333333,0.0,0.0,60,4320,60,0.0008190000000000001,0.0013828299999999974,0.001833
switch_required,stationary_discounted,60,0.9,0.9,0.0,0.0,60,4320,60,0.00065,0.0011773599999999975,0.001588
switch_required,stationary_discounted,61,0.8833333333333333,0.8833333333333333,0.0,0.0,60,4320,60,0.0006399999999999999,0.0018898099999999978,0.002268
switch_required,stationary_discounted,62,0.8333333333333334,0.8333333333333334,0.0,0.0,60,4320,60,0.000336,0.000843439999999999,0.001011
switch_required,stationary_discounted,63,0.9,0.9,0.0,0.0,60,4320,60,0.000392,0.0010672699999999984,0.001331
switch_required,stationary_discounted,64,0.9166666666666666,0.9166666666666666,0.0,0.0,60,4320,60,0.000408,0.001013769999999998,0.001366
switch_required,stationary_discounted,65,0.9333333333333333,0.9333333333333333,0.0,0.0,60,4320,60,0.000345,0.0007278199999999986,0.000965
switch_required,stationary_discounted,66,0.9166666666666666,0.9166666666666666,0.0,0.0,60,4320,60,0.000362,0.0008233999999999984,0.001083
switch_required,stationary_discounted,67,0.9333333333333333,0.9333333333333333,0.0,0.0,60,4320,60,0.000498,0.0009548299999999995,0.001051
switch_required,stationary_discounted,68,0.9333333333333333,0.9333333333333333,0.0,0.0,60,4320,60,0.000368,0.0008726799999999992,0.001019
switch_required,stationary_discounted,69,0.9,0.9,0.0,0.0,60,4320,60,0.000362,0.000715439999999999,0.000883
switch_required,stationary_discounted,70,0.95,0.95,0.0,0.0,60,4320,60,0.000338,0.0007397399999999989,0.000925
switch_required,stationary_discounted,71,0.9333333333333333,0.9333333333333333,0.0,0.0,60,4320,60,0.00035150000000000003,0.0007940699999999985,0.001046
switch_required,stationary_discounted,72,0.8,0.8,0.0,0.0,60,4320,60,0.00037549999999999997,0.000718329999999999,0.000903
switch_required,stationary_discounted,73,0.9333333333333333,0.9333333333333333,0.0,0.0,60,4320,60,0.000362,0.0007570699999999989,0.00095
switch_required,stationary_discounted,74,0.9166666666666666,0.9166666666666666,0.0,0.0,60,4320,60,0.0003525,0.0007582099999999991,0.000924
switch_required,stationary_discounted,75,0.9,0.9,0.0,0.0,60,4320,60,0.00035999999999999997,0.0009655699999999994,0.00107
switch_required,stationary_discounted,76,0.95,0.95,0.0,0.0,60,4320,60,0.000339,0.0007057799999999991,0.000858
switch_required,stationary_discounted,77,0.8666666666666667,0.8666666666666667,0.0,0.0,60,4320,60,0.00035000000000000005,0.000684179999999999,0.00086
switch_required,stationary_discounted,78,0.9166666666666666,0.9166666666666666,0.0,0.0,60,4320,60,0.0003555,0.000735949999999999,0.00091
switch_required,stationary_discounted,79,0.9333333333333333,0.9333333333333333,0.0,0.0,60,4320,60,0.000337,0.0007031899999999987,0.000915
switch_required,stationary_discounted,80,0.9,0.9,0.0,0.0,60,4320,60,0.00034250000000000003,0.000692769999999999,0.000868
switch_required,stationary_discounted,81,0.8833333333333333,0.8833333333333333,0.0,0.0,60,4320,60,0.000352,0.000762099999999999,0.000945
switch_required,stationary_discounted,82,0.9333333333333333,0.9333333333333333,0.0,0.0,60,4320,60,0.00036399999999999996,0.000685789999999999,0.000874
switch_required,stationary_discounted,83,0.8666666666666667,0.8666666666666667,0.0,0.0,60,4320,60,0.000367,0.00090169,0.000907
switch_required,stationary_discounted,84,0.9,0.9,0.0,0.0,60,4320,60,0.0003905,0.0020092199999999913,0.003509
switch_required,stationary_discounted,85,0.8166666666666667,0.8166666666666667,0.0,0.0,60,4320,60,0.0003715,0.0009703899999999983,0.001253
switch_required,stationary_discounted,86,0.9333333333333333,0.9333333333333333,0.0,0.0,60,4320,60,0.0003525,0.0008886599999999989,0.001081
switch_required,stationary_discounted,87,0.9333333333333333,0.9333333333333333,0.0,0.0,60,4320,60,0.00035999999999999997,0.000822379999999999,0.00101
switch_required,stationary_discounted,88,0.8833333333333333,0.8833333333333333,0.0,0.0,60,4320,60,0.00036,0.0007808999999999991,0.000952
switch_required,stationary_discounted,89,0.9833333333333333,0.9833333333333333,0.0,0.0,60,4320,60,0.000356,0.0008218199999999987,0.001059
switch_required,stationary_discounted,90,0.9166666666666666,0.9166666666666666,0.0,0.0,60,4320,60,0.000335,0.0007862299999999987,0.001024
switch_required,stationary_discounted,91,0.85,0.85,0.0,0.0,60,4320,60,0.0003485,0.000717619999999999,0.000884
switch_required,stationary_discounted,92,0.8666666666666667,0.8666666666666667,0.0,0.0,60,4320,60,0.000336,0.000727569999999999,0.000891
switch_required,stationary_discounted,93,0.85,0.85,0.0,0.0,60,4320,60,0.000473,0.0013484599999999997,0.001411
switch_required,stationary_discounted,94,0.9166666666666666,0.9166666666666666,0.0,0.0,60,4320,60,0.000508,0.000844869999999999,0.001026
switch_required,stationary_discounted,95,0.9166666666666666,0.9166666666666666,0.0,0.0,60,4320,60,0.0004065,0.0009562599999999987,0.001184
switch_required,stationary_discounted,96,0.8833333333333333,0.8833333333333333,0.0,0.0,60,4320,60,0.000368,0.0012770099999999983,0.001549
switch_required,stationary_discounted,97,0.95,0.95,0.0,0.0,60,4320,60,0.0006594999999999999,0.0020130799999999935,0.003127
switch_required,stationary_discounted,98,0.8833333333333333,0.8833333333333333,0.0,0.0,60,4320,60,0.000649,0.0031122899999999915,0.004569
switch_required,stationary_discounted,99,0.9166666666666666,0.9166666666666666,0.0,0.0,60,4320,60,0.0006395000000000001,0.003381669999999991,0.004908
switch_required,stationary_discounted,100,0.95,0.95,0.0,0.0,60,4320,60,0.00068,0.0014786499999999963,0.002107
switch_required,stationary_discounted,101,0.9333333333333333,0.9333333333333333,0.0,0.0,60,4320,60,0.0006705000000000001,0.0012549899999999981,0.001573
switch_required,stationary_discounted,102,0.9166666666666666,0.9166666666666666,0.0,0.0,60,4320,60,0.0005535,0.001078659999999999,0.001212
switch_required,stationary_discounted,103,0.9666666666666667,0.9666666666666667,0.0,0.0,60,4320,60,0.000544,0.0015896299999999999,0.001615
switch_required,stationary_discounted,104,0.95,0.95,0.0,0.0,60,4320,60,0.0005974999999999999,0.0010942799999999983,0.001394
switch_required,stationary_discounted,105,0.8166666666666667,0.8166666666666667,0.0,0.0,60,4320,60,0.00062,0.001086619999999998,0.00143
switch_required,stationary_discounted,106,0.9,0.9,0.0,0.0,60,4320,60,0.0005974999999999999,0.0010643499999999982,0.00138
switch_required,stationary_discounted,107,0.8666666666666667,0.8666666666666667,0.0,0.0,60,4320,60,0.000607,0.001095549999999999,0.001246
switch_required,stationary_discounted,108,0.85,0.85,0.0,0.0,60,4320,60,0.0005825,0.0010888699999999983,0.001388
switch_required,stationary_discounted,109,0.9666666666666667,0.9666666666666667,0.0,0.0,60,4320,60,0.000629,0.0010850799999999991,0.001255
switch_required,stationary_discounted,110,0.9333333333333333,0.9333333333333333,0.0,0.0,60,4320,60,0.0005395,0.0009168799999999987,0.001134
switch_required,stationary_discounted,111,0.9,0.9,0.0,0.0,60,4320,60,0.0005945,0.0021318799999999923,0.003411
switch_required,stationary_discounted,112,0.8833333333333333,0.8833333333333333,0.0,0.0,60,4320,60,0.000626,0.0013808999999999972,0.001847
switch_required,stationary_discounted,113,0.8833333333333333,0.8833333333333333,0.0,0.0,60,4320,60,0.00064,0.006586389999999956,0.014067
switch_required,stationary_discounted,114,0.8166666666666667,0.8166666666666667,0.0,0.0,60,4320,60,0.0006515,0.0012110999999999988,0.001453
switch_required,stationary_discounted,115,0.9333333333333333,0.9333333333333333,0.0,0.0,60,4320,60,0.000611,0.001094889999999999,0.001289
switch_required,stationary_discounted,116,0.95,0.95,0.0,0.0,60,4320,60,0.0006659999999999999,0.00147246,0.001476
switch_required,stationary_discounted,117,0.85,0.85,0.0,0.0,60,4320,60,0.0006395,0.0011354399999999984,0.001421
switch_required,stationary_discounted,118,0.9333333333333333,0.9333333333333333,0.0,0.0,60,4320,60,0.0006275,0.0014803799999999964,0.002081
switch_required,stationary_discounted,119,0.9,0.9,0.0,0.0,60,4320,60,0.0006494999999999999,0.0014029299999999965,0.002036
switch_required,stationary_discounted,120,0.9666666666666667,0.9666666666666667,0.0,0.0,60,4320,60,0.000638,0.00158579,0.001597
switch_required,stationary_discounted,121,0.85,0.85,0.0,0.0,60,4320,60,0.0006515,0.001077209999999999,0.001243
switch_required,stationary_discounted,122,0.8166666666666667,0.8166666666666667,0.0,0.0,60,4320,60,0.0006000000000000001,0.0014830699999999982,0.001794
switch_required,stationary_discounted,123,0.9,0.9,0.0,0.0,60,4320,60,0.0006495,0.0012629199999999977,0.001683
switch_required,stationary_discounted,124,0.9166666666666666,0.9166666666666666,0.0,0.0,60,4320,60,0.000655,0.00134048,0.001357
switch_required,stationary_discounted,125,0.9333333333333333,0.9333333333333333,0.0,0.0,60,4320,60,0.000664,0.001433419999999999,0.001588
switch_required,stationary_discounted,126,0.9166666666666666,0.9166666666666666,0.0,0.0,60,4320,60,0.00065,0.0011768599999999975,0.001617
switch_required,stationary_discounted,127,0.9333333333333333,0.9333333333333333,0.0,0.0,60,4320,60,0.000579,0.0011504199999999988,0.001364
switch_required,stationary_discounted,128,0.9,0.9,0.0,0.0,60,4320,60,0.00066,0.0013149699999999982,0.00162
switch_required,stationary_discounted,129,0.9166666666666666,0.9166666666666666,0.0,0.0,60,4320,60,0.0006335,0.0011432399999999991,0.001299
switch_required,stationary_discounted,130,0.9333333333333333,0.9333333333333333,0.0,0.0,60,4320,60,0.0006385,0.0013122599999999998,0.001363
switch_required,stationary_discounted,131,0.8666666666666667,0.8666666666666667,0.0,0.0,60,4320,60,0.0006585,0.0011798799999999984,0.001456
switch_required,stationary_discounted,132,0.9,0.9,0.0,0.0,60,4320,60,0.000669,0.001371339999999999,0.001533
switch_required,stationary_discounted,133,0.9166666666666666,0.9166666666666666,0.0,0.0,60,4320,60,0.0006154999999999999,0.0011936499999999977,0.001586
switch_required,stationary_discounted,134,0.9,0.9,0.0,0.0,60,4320,60,0.0006505,0.001114639999999999,0.001294
switch_required,stationary_discounted,135,0.9,0.9,0.0,0.0,60,4320,60,0.000658,0.0011805699999999984,0.001462
switch_required,stationary_discounted,136,0.9333333333333333,0.9333333333333333,0.0,0.0,60,4320,60,0.000586,0.0016227799999999999,0.001657
switch_required,stationary_discounted,137,0.8833333333333333,0.8833333333333333,0.0,0.0,60,4320,60,0.000503,0.0013513999999999967,0.001906
switch_required,stationary_discounted,138,0.9,0.9,0.0,0.0,60,4320,60,0.0005239999999999999,0.0009098799999999988,0.001127
switch_required,stationary_discounted,139,0.95,0.95,0.0,0.0,60,4320,60,0.000707,0.0013880199999999963,0.00205
switch_required,stationary_discounted,140,0.9333333333333333,0.9333333333333333,0.0,0.0,60,4320,60,0.0006445,0.0010617799999999976,0.00145
switch_required,stationary_discounted,141,0.9166666666666666,0.9166666666666666,0.0,0.0,60,4320,60,0.000627,0.0012719599999999988,0.001482
switch_required,stationary_discounted,142,0.9333333333333333,0.9333333333333333,0.0,0.0,60,4320,60,0.0006535,0.0010948099999999988,0.001296
switch_required,stationary_discounted,143,0.9,0.9,0.0,0.0,60,4320,60,0.0006234999999999999,0.0011367399999999983,0.00144
switch_required,stationary_discounted,144,0.9666666666666667,0.9666666666666667,0.0,0.0,60,4320,60,0.000519,0.0015946199999999997,0.001643
switch_required,stationary_discounted,145,0.8666666666666667,0.8666666666666667,0.0,0.0,60,4320,60,0.0006004999999999999,0.001056339999999998,0.001395
switch_required,stationary_discounted,146,0.9166666666666666,0.9166666666666666,0.0,0.0,60,4320,60,0.0005974999999999999,0.0012084899999999987,0.001438
switch_required,stationary_discounted,147,0.9333333333333333,0.9333333333333333,0.0,0.0,60,4320,60,0.0006085,0.005292039999999967,0.010982
switch_required,stationary_discounted,148,0.85,0.85,0.0,0.0,60,4320,60,0.000587,0.001028429999999998,0.001396
switch_required,stationary_discounted,149,0.8833333333333333,0.8833333333333333,0.0,0.0,60,4320,60,0.000585,0.0009956599999999976,0.001424
switch_required,stationary_discounted,150,0.95,0.95,0.0,0.0,60,4320,60,0.0006565,0.002082149999999992,0.003448
switch_required,stationary_discounted,151,0.9166666666666666,0.9166666666666666,0.0,0.0,60,4320,60,0.000644,0.0013249399999999978,0.001699
switch_required,stationary_discounted,152,0.8166666666666667,0.8166666666666667,0.0,0.0,60,4320,60,0.0003235,0.0007526299999999985,0.001014
switch_required,stationary_discounted,153,0.9666666666666667,0.9666666666666667,0.0,0.0,60,4320,60,0.0003485,0.0007310799999999991,0.000901
switch_required,stationary_discounted,154,0.9166666666666666,0.9166666666666666,0.0,0.0,60,4320,60,0.000349,0.0007201199999999992,0.000857
switch_required,stationary_discounted,155,0.9333333333333333,0.9333333333333333,0.0,0.0,60,4320,60,0.00042199999999999996,0.0014818499999999994,0.001591
switch_required,stationary_discounted,156,0.9333333333333333,0.9333333333333333,0.0,0.0,60,4320,60,0.0003455,0.0008149299999999991,0.000976
switch_required,stationary_discounted,157,0.9166666666666666,0.9166666666666666,0.0,0.0,60,4320,60,0.000335,0.0007910999999999993,0.000915
switch_required,stationary_discounted,158,0.9333333333333333,0.9333333333333333,0.0,0.0,60,4320,60,0.000349,0.0008054199999999997,0.000842
switch_required,stationary_discounted,159,0.8833333333333333,0.8833333333333333,0.0,0.0,60,4320,60,0.0003505,0.0007897499999999987,0.001011
switch_required,stationary_discounted,160,0.9166666666666666,0.9166666666666666,0.0,0.0,60,4320,60,0.00082,0.0027052299999999908,0.004359
switch_required,stationary_discounted,161,0.9,0.9,0.0,0.0,60,4320,60,0.0005595,0.0015406299999999947,0.002451
switch_required,stationary_discounted,162,0.8833333333333333,0.8833333333333333,0.0,0.0,60,4320,60,0.0004755,0.0012275599999999982,0.001532
switch_required,stationary_discounted,163,0.9333333333333333,0.9333333333333333,0.0,0.0,60,4320,60,0.0005475,0.0008761099999999994,0.000977
switch_required,stationary_discounted,164,0.9166666666666666,0.9166666666666666,0.0,0.0,60,4320,60,0.000383,0.0011349499999999987,0.001368
switch_required,stationary_discounted,165,0.9,0.9,0.0,0.0,60,4320,60,0.0003705,0.0010927099999999987,0.001347
switch_required,stationary_discounted,166,0.8333333333333334,0.8333333333333334,0.0,0.0,60,4320,60,0.000534,0.0007789799999999991,0.000943
switch_required,stationary_discounted,167,0.8833333333333333,0.8833333333333333,0.0,0.0,60,4320,60,0.0003925,0.0008769499999999991,0.001051
switch_required,stationary_discounted,168,0.8666666666666667,0.8666666666666667,0.0,0.0,60,4320,60,0.000321,0.0008324599999999986,0.001072
switch_required,stationary_discounted,169,0.85,0.85,0.0,0.0,60,4320,60,0.00035749999999999996,0.0009450099999999981,0.001276
switch_required,stationary_discounted,170,0.9,0.9,0.0,0.0,60,4320,60,0.00032799999999999995,0.0008091399999999984,0.001077
switch_required,stationary_discounted,171,0.9666666666666667,0.9666666666666667,0.0,0.0,60,4320,60,0.0003525,0.0007389199999999992,0.000864
switch_required,stationary_discounted,172,0.9,0.9,0.0,0.0,60,4320,60,0.0003475,0.000730149999999999,0.000916
switch_required,stationary_discounted,173,0.9666666666666667,0.9666666666666667,0.0,0.0,60,4320,60,0.000348,0.0007362699999999988,0.000941
switch_required,stationary_discounted,174,0.9166666666666666,0.9166666666666666,0.0,0.0,60,4320,60,0.0004595,0.0008319799999999994,0.000937
switch_required,stationary_discounted,175,0.95,0.95,0.0,0.0,60,4320,60,0.0006000000000000001,0.0018244599999999993,0.001946
switch_required,stationary_discounted,176,0.85,0.85,0.0,0.0,60,4320,60,0.000608,0.002084319999999995,0.002941
switch_required,stationary_discounted,177,0.95,0.95,0.0,0.0,60,4320,60,0.0005825,0.0012971099999999976,0.001693
switch_required,stationary_discounted,178,0.9,0.9,0.0,0.0,60,4320,60,0.0005965,0.001107389999999998,0.001449
switch_required,stationary_discounted,179,0.9166666666666666,0.9166666666666666,0.0,0.0,60,4320,60,0.0006295000000000001,0.001180939999999998,0.001555
switch_required,stationary_discounted,180,0.9333333333333333,0.9333333333333333,0.0,0.0,60,4320,60,0.000643,0.0024461899999999935,0.003602
switch_required,stationary_discounted,181,0.8333333333333334,0.8333333333333334,0.0,0.0,60,4320,60,0.0006720000000000001,0.0016401199999999967,0.002249
switch_required,stationary_discounted,182,0.9166666666666666,0.9166666666666666,0.0,0.0,60,4320,60,0.000658,0.0012409399999999979,0.001615
switch_required,stationary_discounted,183,0.9,0.9,0.0,0.0,60,4320,60,0.000668,0.0012014799999999985,0.001454
switch_required,stationary_discounted,184,0.9166666666666666,0.9166666666666666,0.0,0.0,60,4320,60,0.000616,0.0018789899999999944,0.002846
switch_required,stationary_discounted,185,0.8333333333333334,0.8333333333333334,0.0,0.0,60,4320,60,0.0006045,0.004586269999999974,0.009039
switch_required,stationary_discounted,186,0.9333333333333333,0.9333333333333333,0.0,0.0,60,4320,60,0.0005925,0.001061229999999998,0.001417
switch_required,stationary_discounted,187,0.9,0.9,0.0,0.0,60,4320,60,0.000662,0.0020125999999999955,0.002815
switch_required,stationary_discounted,188,0.9166666666666666,0.9166666666666666,0.0,0.0,60,4320,60,0.0006395000000000001,0.0011846399999999983,0.001482
switch_required,stationary_discounted,189,0.9166666666666666,0.9166666666666666,0.0,0.0,60,4320,60,0.0005675000000000001,0.0011151999999999983,0.001422
switch_required,stationary_discounted,190,0.9166666666666666,0.9166666666666666,0.0,0.0,60,4320,60,0.0007134999999999999,0.008924889999999939,0.019562
switch_required,stationary_discounted,191,0.8833333333333333,0.8833333333333333,0.0,0.0,60,4320,60,0.0007210000000000001,0.0012441699999999984,0.001502
switch_required,stationary_discounted,192,0.9166666666666666,0.9166666666666666,0.0,0.0,60,4320,60,0.000642,0.001793289999999998,0.002129
switch_required,stationary_discounted,193,0.9166666666666666,0.9166666666666666,0.0,0.0,60,4320,60,0.000656,0.0064388199999999614,0.013284
switch_required,stationary_discounted,194,0.9333333333333333,0.9333333333333333,0.0,0.0,60,4320,60,0.000607,0.001442009999999997,0.00195
switch_required,stationary_discounted,195,0.9166666666666666,0.9166666666666666,0.0,0.0,60,4320,60,0.000679,0.0012107799999999977,0.001599
switch_required,stationary_discounted,196,0.85,0.85,0.0,0.0,60,4320,60,0.000608,0.0013575799999999978,0.001734
switch_required,stationary_discounted,197,0.85,0.85,0.0,0.0,60,4320,60,0.0006555,0.0011893699999999982,0.001518
switch_required,stationary_discounted,198,0.9666666666666667,0.9666666666666667,0.0,0.0,60,4320,60,0.0006445,0.0010798899999999985,0.001333
switch_required,stationary_discounted,199,0.95,0.95,0.0,0.0,60,4320,60,0.0006535,0.001111919999999998,0.001473
switch_required,stationary_discounted,200,0.9,0.9,0.0,0.0,60,4320,60,0.0006455,0.001278359999999998,0.00163
switch_required,stationary_discounted,201,0.9333333333333333,0.9333333333333333,0.0,0.0,60,4320,60,0.0006299999999999999,0.0010064399999999984,0.001292
switch_required,stationary_discounted,202,0.9166666666666666,0.9166666666666666,0.0,0.0,60,4320,60,0.000515,0.0012706999999999979,0.001607
switch_required,stationary_discounted,203,0.8666666666666667,0.8666666666666667,0.0,0.0,60,4320,60,0.0006625,0.0013300099999999971,0.001838
switch_required,stationary_discounted,204,0.9333333333333333,0.9333333333333333,0.0,0.0,60,4320,60,0.0006145,0.0015897299999999997,0.001621
switch_required,stationary_discounted,205,0.9,0.9,0.0,0.0,60,4320,60,0.000578,0.0010922999999999985,0.001346
switch_required,stationary_discounted,206,0.9166666666666666,0.9166666666666666,0.0,0.0,60,4320,60,0.0008669999999999999,0.02198585999999986,0.045967
switch_required,stationary_discounted,207,0.8666666666666667,0.8666666666666667,0.0,0.0,60,4320,60,0.0008845,0.002480749999999999,0.002643
switch_required,stationary_discounted,208,0.9666666666666667,0.9666666666666667,0.0,0.0,60,4320,60,0.0006525000000000001,0.010522559999999936,0.021742
switch_required,stationary_discounted,209,0.9666666666666667,0.9666666666666667,0.0,0.0,60,4320,60,0.0006095,0.002372189999999996,0.003115
switch_required,stationary_discounted,210,0.9333333333333333,0.9333333333333333,0.0,0.0,60,4320,60,0.0006315,0.001258639999999998,0.001615
switch_required,stationary_discounted,211,0.9166666666666666,0.9166666666666666,0.0,0.0,60,4320,60,0.0007895,0.0022818199999999943,0.003286
switch_required,stationary_discounted,212,0.9333333333333333,0.9333333333333333,0.0,0.0,60,4320,60,0.0007980000000000001,0.002091719999999995,0.002972
switch_required,stationary_discounted,213,0.9166666666666666,0.9166666666666666,0.0,0.0,60,4320,60,0.00051,0.0031364399999999895,0.005015
switch_required,stationary_discounted,214,0.85,0.85,0.0,0.0,60,4320,60,0.0006495,0.0024945899999999958,0.003202
switch_required,stationary_discounted,215,0.9333333333333333,0.9333333333333333,0.0,0.0,60,4320,60,0.000851,0.001650879999999997,0.002163
switch_required,stationary_discounted,216,0.9333333333333333,0.9333333333333333,0.0,0.0,60,4320,60,0.000781,0.0014761799999999975,0.001888
switch_required,stationary_discounted,217,0.8833333333333333,0.8833333333333333,0.0,0.0,60,4320,60,0.000803,0.0013351999999999982,0.001642
switch_required,stationary_discounted,218,0.95,0.95,0.0,0.0,60,4320,60,0.0008370000000000001,0.0016114299999999968,0.002156
switch_required,stationary_discounted,219,0.9,0.9,0.0,0.0,60,4320,60,0.000815,0.0013249399999999982,0.00164
switch_required,stationary_discounted,220,0.8833333333333333,0.8833333333333333,0.0,0.0,60,4320,60,0.0007905,0.0012943199999999981,0.00162
switch_required,stationary_discounted,221,0.8666666666666667,0.8666666666666667,0.0,0.0,60,4320,60,0.00034100000000000005,0.001505479999999995,0.002348
switch_required,stationary_discounted,222,0.9166666666666666,0.9166666666666666,0.0,0.0,60,4320,60,0.00035000000000000005,0.0008357199999999987,0.001067
switch_required,stationary_discounted,223,0.95,0.95,0.0,0.0,60,4320,60,0.00034449999999999997,0.0007940699999999993,0.000928
switch_required,stationary_discounted,224,0.8833333333333333,0.8833333333333333,0.0,0.0,60,4320,60,0.000344,0.0007406799999999992,0.000887
switch_required,stationary_discounted,225,0.9333333333333333,0.9333333333333333,0.0,0.0,60,4320,60,0.00036,0.000769619999999999,0.000936
switch_required,stationary_discounted,226,0.9166666666666666,0.9166666666666666,0.0,0.0,60,4320,60,0.0003655,0.0006985299999999989,0.000895
switch_required,stationary_discounted,227,0.95,0.95,0.0,0.0,60,4320,60,0.0003465,0.000724749999999999,0.000887
switch_required,stationary_discounted,228,0.8833333333333333,0.8833333333333333,0.0,0.0,60,4320,60,0.0003395,0.006268789999999956,0.01395
switch_required,stationary_discounted,229,0.8,0.8,0.0,0.0,60,4320,60,0.00033,0.0007062299999999987,0.000944
switch_required,stationary_discounted,230,0.9,0.9,0.0,0.0,60,4320,60,0.00033350000000000003,0.000670079999999999,0.00084
switch_required,stationary_discounted,231,0.9,0.9,0.0,0.0,60,4320,60,0.0003475,0.0008638199999999982,0.00116
switch_required,stationary_discounted,232,0.95,0.95,0.0,0.0,60,4320,60,0.000338,0.0006931199999999989,0.000889
switch_required,stationary_discounted,233,0.9333333333333333,0.9333333333333333,0.0,0.0,60,4320,60,0.00033350000000000003,0.000723569999999999,0.000887
switch_required,stationary_discounted,234,0.8833333333333333,0.8833333333333333,0.0,0.0,60,4320,60,0.000347,0.0009242099999999988,0.001149
switch_required,stationary_discounted,235,0.9833333333333333,0.9833333333333333,0.0,0.0,60,4320,60,0.000335,0.0008011699999999992,0.000941
switch_required,stationary_discounted,236,0.9166666666666666,0.9166666666666666,0.0,0.0,60,4320,60,0.000344,0.0012236799999999978,0.001606
switch_required,stationary_discounted,237,0.9333333333333333,0.9333333333333333,0.0,0.0,60,4320,60,0.000613,0.0013687499999999997,0.001413
switch_required,stationary_discounted,238,0.9333333333333333,0.9333333333333333,0.0,0.0,60,4320,60,0.0006525,0.0014207299999999994,0.001511
switch_required,stationary_discounted,239,0.85,0.85,0.0,0.0,60,4320,60,0.000603,0.0011200199999999983,0.001428
switch_required,stationary_discounted,240,0.8,0.8,0.0,0.0,60,4320,60,0.0005735,0.0013597199999999976,0.001768
switch_required,stationary_discounted,241,0.9166666666666666,0.9166666666666666,0.0,0.0,60,4320,60,0.0006479999999999999,0.0018398999999999993,0.001952
switch_required,stationary_discounted,242,0.9,0.9,0.0,0.0,60,4320,60,0.0003725,0.000806589999999999,0.000983
switch_required,stationary_discounted,243,0.9666666666666667,0.9666666666666667,0.0,0.0,60,4320,60,0.0005765,0.0015019699999999996,0.001571
switch_required,stationary_discounted,244,0.8833333333333333,0.8833333333333333,0.0,0.0,60,4320,60,0.000348,0.0009288699999999982,0.001228
switch_required,stationary_discounted,245,0.8666666666666667,0.8666666666666667,0.0,0.0,60,4320,60,0.00035099999999999997,0.0007320899999999985,0.000997
switch_required,stationary_discounted,246,0.9,0.9,0.0,0.0,60,4320,60,0.000349,0.0007533899999999987,0.000977
switch_required,stationary_discounted,247,0.9333333333333333,0.9333333333333333,0.0,0.0,60,4320,60,0.000339,0.000714539999999999,0.000888
switch_required,stationary_discounted,248,0.9666666666666667,0.9666666666666667,0.0,0.0,60,4320,60,0.00034250000000000003,0.0007530799999999991,0.000923
switch_required,stationary_discounted,249,0.9666666666666667,0.9666666666666667,0.0,0.0,60,4320,60,0.00035749999999999996,0.0008931299999999994,0.001007
switch_required,stationary_discounted,250,0.8666666666666667,0.8666666666666667,0.0,0.0,60,4320,60,0.000357,0.004833599999999968,0.010415
switch_required,stationary_discounted,251,0.8833333333333333,0.8833333333333333,0.0,0.0,60,4320,60,0.000372,0.004910839999999967,0.01053
switch_required,stationary_discounted,252,0.95,0.95,0.0,0.0,60,4320,60,0.0004635,0.0021749799999999956,0.002988
switch_required,stationary_discounted,253,0.9,0.9,0.0,0.0,60,4320,60,0.0003705,0.0007992899999999984,0.001076
switch_required,stationary_discounted,254,0.95,0.95,0.0,0.0,60,4320,60,0.00035099999999999997,0.0007968999999999986,0.001027
switch_required,stationary_discounted,255,0.9666666666666667,0.9666666666666667,0.0,0.0,60,4320,60,0.000352,0.0007734499999999988,0.000977
switch_required,stationary_discounted,256,0.9333333333333333,0.9333333333333333,0.0,0.0,60,4320,60,0.000363,0.0009219099999999991,0.00107
switch_required,stationary_discounted,257,0.95,0.95,0.0,0.0,60,4320,60,0.0003685,0.000793409999999999,0.000971
switch_required,stationary_discounted,258,0.9333333333333333,0.9333333333333333,0.0,0.0,60,4320,60,0.00036950000000000004,0.0010071099999999994,0.001108
switch_required,stationary_discounted,259,0.8666666666666667,0.8666666666666667,0.0,0.0,60,4320,60,0.0006464999999999999,0.0020827299999999923,0.003412
switch_required,stationary_discounted,260,0.9166666666666666,0.9166666666666666,0.0,0.0,60,4320,60,0.0006695,0.0013132599999999973,0.001777
switch_required,stationary_discounted,261,0.9166666666666666,0.9166666666666666,0.0,0.0,60,4320,60,0.0006525000000000001,0.0011923099999999983,0.001482
switch_required,stationary_discounted,262,0.8666666666666667,0.8666666666666667,0.0,0.0,60,4320,60,0.000662,0.0011192599999999987,0.001347
switch_required,stationary_discounted,263,0.9666666666666667,0.9666666666666667,0.0,0.0,60,4320,60,0.000664,0.0012193399999999989,0.00144
switch_required,stationary_discounted,264,0.9,0.9,0.0,0.0,60,4320,60,0.000616,0.001387979999999998,0.001729
switch_required,stationary_discounted,265,0.95,0.95,0.0,0.0,60,4320,60,0.000664,0.0012011399999999988,0.00141
switch_required,stationary_discounted,266,0.9166666666666666,0.9166666666666666,0.0,0.0,60,4320,60,0.0006435,0.0011480899999999985,0.001413
switch_required,stationary_discounted,267,0.9666666666666667,0.9666666666666667,0.0,0.0,60,4320,60,0.000665,0.0011458899999999986,0.001399
switch_required,stationary_discounted,268,0.8666666666666667,0.8666666666666667,0.0,0.0,60,4320,60,0.0003645,0.0009429199999999976,0.001363
switch_required,stationary_discounted,269,0.9,0.9,0.0,0.0,60,4320,60,0.000642,0.002987689999999998,0.003288
switch_required,stationary_discounted,270,0.9166666666666666,0.9166666666666666,0.0,0.0,60,4320,60,0.000571,0.0015472499999999965,0.002152
switch_required,stationary_discounted,271,0.95,0.95,0.0,0.0,60,4320,60,0.000364,0.0009322199999999979,0.001311
switch_required,stationary_discounted,272,0.85,0.85,0.0,0.0,60,4320,60,0.0005445000000000001,0.0010127599999999975,0.001447
switch_required,stationary_discounted,273,0.8666666666666667,0.8666666666666667,0.0,0.0,60,4320,60,0.000576,0.0008977799999999991,0.00105
switch_required,stationary_discounted,274,0.9,0.9,0.0,0.0,60,4320,60,0.0005925,0.0011127999999999997,0.00116
switch_required,stationary_discounted,275,0.9166666666666666,0.9166666666666666,0.0,0.0,60,4320,60,0.0005915,0.0011254499999999985,0.001388
switch_required,stationary_discounted,276,0.9,0.9,0.0,0.0,60,4320,60,0.00054,0.0010688199999999992,0.001188
switch_required,stationary_discounted,277,0.9,0.9,0.0,0.0,60,4320,60,0.00048499999999999997,0.0009526399999999993,0.001073
switch_required,stationary_discounted,278,0.95,0.95,0.0,0.0,60,4320,60,0.000561,0.0008733799999999986,0.00112
switch_required,stationary_discounted,279,0.9166666666666666,0.9166666666666666,0.0,0.0,60,4320,60,0.0006075,0.0010915799999999982,0.001409
switch_required,stationary_discounted,280,0.9,0.9,0.0,0.0,60,4320,60,0.0006235,0.012290339999999908,0.028323
switch_required,stationary_discounted,281,0.85,0.85,0.0,0.0,60,4320,60,0.000643,0.0012795099999999972,0.001758
switch_required,stationary_discounted,282,0.9166666666666666,0.9166666666666666,0.0,0.0,60,4320,60,0.00066,0.0012501199999999984,0.001505
switch_required,stationary_discounted,283,0.8,0.8,0.0,0.0,60,4320,60,0.0005970000000000001,0.0011572599999999998,0.001208
switch_required,stationary_discounted,284,0.9,0.9,0.0,0.0,60,4320,60,0.0005729999999999999,0.0011657399999999971,0.001646
switch_required,stationary_discounted,285,0.8666666666666667,0.8666666666666667,0.0,0.0,60,4320,60,0.000638,0.004198009999999979,0.007833
switch_required,stationary_discounted,286,0.8833333333333333,0.8833333333333333,0.0,0.0,60,4320,60,0.000624,0.0011059799999999973,0.001565
switch_required,stationary_discounted,287,0.9333333333333333,0.9333333333333333,0.0,0.0,60,4320,60,0.0006205,0.0010886799999999981,0.001412
switch_required,stationary_discounted,288,0.9166666666666666,0.9166666666666666,0.0,0.0,60,4320,60,0.0006215000000000001,0.0010402999999999992,0.001176
switch_required,stationary_discounted,289,0.95,0.95,0.0,0.0,60,4320,60,0.0005384999999999999,0.0010108599999999975,0.001451
switch_required,stationary_discounted,290,0.9333333333333333,0.9333333333333333,0.0,0.0,60,4320,60,0.00043599999999999997,0.001183569999999999,0.001347
switch_required,stationary_discounted,291,0.8833333333333333,0.8833333333333333,0.0,0.0,60,4320,60,0.000628,0.001183709999999998,0.001556
switch_required,stationary_discounted,292,0.9166666666666666,0.9166666666666666,0.0,0.0,60,4320,60,0.000582,0.0011524299999999983,0.001461
switch_required,stationary_discounted,293,0.95,0.95,0.0,0.0,60,4320,60,0.0006415,0.0011642599999999986,0.001392
switch_required,stationary_discounted,294,0.9333333333333333,0.9333333333333333,0.0,0.0,60,4320,60,0.0006365,0.0010593799999999982,0.001365
switch_required,stationary_discounted,295,0.9166666666666666,0.9166666666666666,0.0,0.0,60,4320,60,0.00036399999999999996,0.0012187199999999993,0.001332
switch_required,stationary_discounted,296,0.9333333333333333,0.9333333333333333,0.0,0.0,60,4320,60,0.00034849999999999996,0.0008558799999999984,0.001132
switch_required,stationary_discounted,297,0.9333333333333333,0.9333333333333333,0.0,0.0,60,4320,60,0.000348,0.0010014399999999986,0.001228
switch_required,stationary_discounted,298,0.9333333333333333,0.9333333333333333,0.0,0.0,60,4320,60,0.000595,0.0010846599999999986,0.001336
switch_required,stationary_discounted,299,0.8833333333333333,0.8833333333333333,0.0,0.0,60,4320,60,0.000607,0.0011111899999999984,0.001382
switch_required,stationary_discounted,300,0.9333333333333333,0.9333333333333333,0.0,0.0,60,4320,60,0.0004175,0.001169539999999998,0.00152
switch_required,stationary_discounted,301,0.9333333333333333,0.9333333333333333,0.0,0.0,60,4320,60,0.000422,0.0009291199999999982,0.001243
switch_required,stationary_discounted,302,0.9666666666666667,0.9666666666666667,0.0,0.0,60,4320,60,0.0005740000000000001,0.0012692399999999998,0.001307
switch_required,stationary_discounted,303,0.9333333333333333,0.9333333333333333,0.0,0.0,60,4320,60,0.000612,0.0012439299999999977,0.001641
switch_required,stationary_discounted,304,0.95,0.95,0.0,0.0,60,4320,60,0.000626,0.0009989899999999989,0.001199
switch_required,stationary_discounted,305,0.9333333333333333,0.9333333333333333,0.0,0.0,60,4320,60,0.0006145,0.0010651599999999984,0.001346
switch_required,stationary_discounted,306,0.95,0.95,0.0,0.0,60,4320,60,0.0006,0.0010942399999999985,0.001368
switch_required,stationary_discounted,307,0.9166666666666666,0.9166666666666666,0.0,0.0,60,4320,60,0.00063,0.0011708699999999986,0.001411
switch_required,stationary_discounted,308,0.95,0.95,0.0,0.0,60,4320,60,0.0006464999999999999,0.0010253499999999989,0.001223
switch_required,stationary_discounted,309,0.8666666666666667,0.8666666666666667,0.0,0.0,60,4320,60,0.0005805000000000001,0.001139929999999998,0.001478
switch_required,stationary_discounted,310,0.9,0.9,0.0,0.0,60,4320,60,0.000665,0.0013920399999999996,0.001477
switch_required,stationary_discounted,311,0.95,0.95,0.0,0.0,60,4320,60,0.000678,0.001078249999999999,0.00127
switch_required,stationary_discounted,312,0.9333333333333333,0.9333333333333333,0.0,0.0,60,4320,60,0.000365,0.0019207799999999917,0.003312
switch_required,stationary_discounted,313,0.9,0.9,0.0,0.0,60,4320,60,0.0003805,0.0009269299999999984,0.001206
switch_required,stationary_discounted,314,0.9833333333333333,0.9833333333333333,0.0,0.0,60,4320,60,0.000361,0.0006874799999999989,0.000881
switch_required,stationary_discounted,315,0.8666666666666667,0.8666666666666667,0.0,0.0,60,4320,60,0.0009235000000000001,0.002852949999999993,0.004089
switch_required,stationary_discounted,316,0.95,0.95,0.0,0.0,60,4320,60,0.0008194999999999999,0.001485739999999998,0.001848
switch_required,stationary_discounted,317,0.9,0.9,0.0,0.0,60,4320,60,0.000823,0.0014020199999999982,0.00171
switch_required,stationary_discounted,318,0.9,0.9,0.0,0.0,60,4320,60,0.000856,0.007668429999999952,0.016001
switch_required,stationary_discounted,319,0.9,0.9,0.0,0.0,60,4320,60,0.000835,0.009888429999999941,0.019991
switch_required,stationary_discounted,320,0.9333333333333333,0.9333333333333333,0.0,0.0,60,4320,60,0.00035999999999999997,0.0014128099999999992,0.001555
switch_required,stationary_discounted,321,0.9333333333333333,0.9333333333333333,0.0,0.0,60,4320,60,0.0008719999999999999,0.0023247199999999976,0.002792
switch_required,stationary_discounted,322,0.9,0.9,0.0,0.0,60,4320,60,0.0008335,0.0014024999999999981,0.001727
switch_required,stationary_discounted,323,0.9166666666666666,0.9166666666666666,0.0,0.0,60,4320,60,0.000806,0.0013349099999999984,0.001601
switch_required,stationary_discounted,324,0.9333333333333333,0.9333333333333333,0.0,0.0,60,4320,60,0.0008324999999999999,0.0012703599999999986,0.001504
switch_required,stationary_discounted,325,0.85,0.85,0.0,0.0,60,4320,60,0.000366,0.0014001999999999951,0.002238
switch_required,stationary_discounted,326,0.9333333333333333,0.9333333333333333,0.0,0.0,60,4320,60,0.000335,0.0008595499999999989,0.001069
switch_required,stationary_discounted,327,0.9166666666666666,0.9166666666666666,0.0,0.0,60,4320,60,0.000382,0.0007342499999999988,0.000926
switch_required,stationary_discounted,328,0.8833333333333333,0.8833333333333333,0.0,0.0,60,4320,60,0.000354,0.000741289999999999,0.0009
switch_required,stationary_discounted,329,0.85,0.85,0.0,0.0,60,4320,60,0.000356,0.0007285299999999992,0.000866
switch_required,stationary_discounted,330,0.8833333333333333,0.8833333333333333,0.0,0.0,60,4320,60,0.000349,0.000680079999999999,0.00085
switch_required,stationary_discounted,331,0.9333333333333333,0.9333333333333333,0.0,0.0,60,4320,60,0.000637,0.01152040999999992,0.025327
switch_required,stationary_discounted,332,0.9,0.9,0.0,0.0,60,4320,60,0.00065,0.0014348799999999997,0.001475
switch_required,stationary_discounted,333,0.9,0.9,0.0,0.0,60,4320,60,0.0005845,0.0010847999999999984,0.001368
switch_required,stationary_discounted,334,0.9333333333333333,0.9333333333333333,0.0,0.0,60,4320,60,0.0006245000000000001,0.0011281299999999987,0.00136
switch_required,stationary_discounted,335,0.9666666666666667,0.9666666666666667,0.0,0.0,60,4320,60,0.0006330000000000001,0.0012920399999999986,0.001554
switch_required,stationary_discounted,336,0.9666666666666667,0.9666666666666667,0.0,0.0,60,4320,60,0.0006515,0.0013299599999999994,0.001422
switch_required,stationary_discounted,337,0.95,0.95,0.0,0.0,60,4320,60,0.0006540000000000001,0.001030509999999999,0.001214
switch_required,stationary_discounted,338,0.85,0.85,0.0,0.0,60,4320,60,0.0006295000000000001,0.0011344499999999982,0.001456
switch_required,stationary_discounted,339,0.8666666666666667,0.8666666666666667,0.0,0.0,60,4320,60,0.000647,0.001071789999999999,0.00126
switch_required,stationary_discounted,340,0.8833333333333333,0.8833333333333333,0.0,0.0,60,4320,60,0.000373,0.001157369999999998,0.001486
switch_required,stationary_discounted,341,0.7833333333333333,0.7833333333333333,0.0,0.0,60,4320,60,0.000544,0.0012465299999999985,0.001502
switch_required,stationary_discounted,342,0.8833333333333333,0.8833333333333333,0.0,0.0,60,4320,60,0.0005865,0.0010139599999999978,0.001401
switch_required,stationary_discounted,343,0.9333333333333333,0.9333333333333333,0.0,0.0,60,4320,60,0.000531,0.0012659199999999976,0.001686
switch_required,stationary_discounted,344,0.95,0.95,0.0,0.0,60,4320,60,0.0005974999999999999,0.0010215599999999982,0.001326
switch_required,stationary_discounted,345,0.9166666666666666,0.9166666666666666,0.0,0.0,60,4320,60,0.0005744999999999999,0.0013085099999999967,0.001905
switch_required,stationary_discounted,346,0.95,0.95,0.0,0.0,60,4320,60,0.000879,0.003055419999999993,0.004213
switch_required,stationary_discounted,347,0.8666666666666667,0.8666666666666667,0.0,0.0,60,4320,60,0.0005200000000000001,0.0023805099999999993,0.002446
switch_required,stationary_discounted,348,0.8666666666666667,0.8666666666666667,0.0,0.0,60,4320,60,0.0003705,0.0013437799999999978,0.001732
switch_required,stationary_discounted,349,0.8333333333333334,0.8333333333333334,0.0,0.0,60,4320,60,0.000572,0.0011421599999999986,0.001364
switch_required,stationary_discounted,350,0.9666666666666667,0.9666666666666667,0.0,0.0,60,4320,60,0.000553,0.0011219299999999984,0.001401
switch_required,stationary_discounted,351,0.9166666666666666,0.9166666666666666,0.0,0.0,60,4320,60,0.0005595,0.0010791799999999975,0.001491
switch_required,stationary_discounted,352,0.9166666666666666,0.9166666666666666,0.0,0.0,60,4320,60,0.000585,0.0011954099999999979,0.00155
switch_required,stationary_discounted,353,0.9666666666666667,0.9666666666666667,0.0,0.0,60,4320,60,0.000605,0.0010688199999999985,0.001306
switch_required,stationary_discounted,354,0.9666666666666667,0.9666666666666667,0.0,0.0,60,4320,60,0.0005945,0.0011170699999999987,0.001369
switch_required,stationary_discounted,355,0.9,0.9,0.0,0.0,60,4320,60,0.000603,0.0012263599999999986,0.00146
switch_required,stationary_discounted,356,0.9666666666666667,0.9666666666666667,0.0,0.0,60,4320,60,0.0005705,0.0011177699999999982,0.001411
switch_required,stationary_discounted,357,0.9333333333333333,0.9333333333333333,0.0,0.0,60,4320,60,0.000599,0.005955739999999962,0.012513
switch_required,stationary_discounted,358,0.8666666666666667,0.8666666666666667,0.0,0.0,60,4320,60,0.0005455,0.0009331499999999996,0.001001
switch_required,stationary_discounted,359,0.9,0.9,0.0,0.0,60,4320,60,0.0003905,0.0008317499999999992,0.000994
switch_required,stationary_discounted,360,0.95,0.95,0.0,0.0,60,4320,60,0.0005729999999999999,0.0008978599999999988,0.001102
switch_required,stationary_discounted,361,0.8833333333333333,0.8833333333333333,0.0,0.0,60,4320,60,0.0005675000000000001,0.00102784,0.001042
switch_required,stationary_discounted,362,0.8833333333333333,0.8833333333333333,0.0,0.0,60,4320,60,0.0004695,0.0020844099999999914,0.003619
switch_required,stationary_discounted,363,0.8666666666666667,0.8666666666666667,0.0,0.0,60,4320,60,0.000366,0.0014219299999999953,0.002232
switch_required,stationary_discounted,364,0.9,0.9,0.0,0.0,60,4320,60,0.0003365,0.0012491899999999977,0.001638
switch_required,stationary_discounted,365,0.9,0.9,0.0,0.0,60,4320,60,0.000359,0.0008309899999999985,0.00109
switch_required,stationary_discounted,366,0.9166666666666666,0.9166666666666666,0.0,0.0,60,4320,60,0.0003525,0.0007531099999999987,0.000972
switch_required,stationary_discounted,367,0.95,0.95,0.0,0.0,60,4320,60,0.0003675,0.0007283499999999989,0.000926
switch_required,stationary_discounted,368,0.9333333333333333,0.9333333333333333,0.0,0.0,60,4320,60,0.00034599999999999995,0.000733719999999999,0.000906
switch_required,stationary_discounted,369,0.9166666666666666,0.9166666666666666,0.0,0.0,60,4320,60,0.00038,0.0009216699999999997,0.000973
switch_required,stationary_discounted,370,0.8833333333333333,0.8833333333333333,0.0,0.0,60,4320,60,0.000342,0.0008076399999999986,0.001046
switch_required,stationary_discounted,371,0.8666666666666667,0.8666666666666667,0.0,0.0,60,4320,60,0.00034100000000000005,0.000681489999999999,0.000852
switch_required,stationary_discounted,372,0.9166666666666666,0.9166666666666666,0.0,0.0,60,4320,60,0.00036,0.0007735299999999988,0.00097
switch_required,stationary_discounted,373,0.8333333333333334,0.8333333333333334,0.0,0.0,60,4320,60,0.00034449999999999997,0.0007778299999999988,0.000992
switch_required,stationary_discounted,374,0.9166666666666666,0.9166666666666666,0.0,0.0,60,4320,60,0.0003565,0.0007017099999999988,0.000897
switch_required,stationary_discounted,375,0.9666666666666667,0.9666666666666667,0.0,0.0,60,4320,60,0.000357,0.009014019999999935,0.020532
switch_required,stationary_discounted,376,0.95,0.95,0.0,0.0,60,4320,60,0.000433,0.0009845299999999978,0.001358
switch_required,stationary_discounted,377,0.9,0.9,0.0,0.0,60,4320,60,0.0005095,0.001538909999999999,0.001687
switch_required,stationary_discounted,378,0.9,0.9,0.0,0.0,60,4320,60,0.0004985,0.001025969999999998,0.00139
switch_required,stationary_discounted,379,0.9166666666666666,0.9166666666666666,0.0,0.0,60,4320,60,0.0003745,0.0010195699999999976,0.001419
switch_required,stationary_discounted,380,0.9666666666666667,0.9666666666666667,0.0,0.0,60,4320,60,0.00035749999999999996,0.0007157799999999988,0.000927
switch_required,stationary_discounted,381,0.9,0.9,0.0,0.0,60,4320,60,0.000361,0.004477869999999971,0.009497
switch_required,stationary_discounted,382,0.8666666666666667,0.8666666666666667,0.0,0.0,60,4320,60,0.000339,0.0007895199999999994,0.000891
switch_required,stationary_discounted,383,0.9166666666666666,0.9166666666666666,0.0,0.0,60,4320,60,0.0003525,0.0006879399999999992,0.000826
switch_required,stationary_discounted,384,0.9333333333333333,0.9333333333333333,0.0,0.0,60,4320,60,0.0003405,0.000729719999999999,0.000902
switch_required,stationary_discounted,385,0.9166666666666666,0.9166666666666666,0.0,0.0,60,4320,60,0.0003375,0.0007685799999999992,0.000909
switch_required,stationary_discounted,386,0.9,0.9,0.0,0.0,60,4320,60,0.00033350000000000003,0.0007140399999999991,0.000858
switch_required,stationary_discounted,387,0.9666666666666667,0.9666666666666667,0.0,0.0,60,4320,60,0.000378,0.0007680499999999993,0.000889
switch_required,stationary_discounted,388,0.95,0.95,0.0,0.0,60,4320,60,0.000338,0.0007881599999999991,0.000951
switch_required,stationary_discounted,389,0.9333333333333333,0.9333333333333333,0.0,0.0,60,4320,60,0.0003555,0.0009189099999999988,0.001126
switch_required,stationary_discounted,390,0.8833333333333333,0.8833333333333333,0.0,0.0,60,4320,60,0.00043599999999999997,0.001028799999999999,0.001194
switch_required,stationary_discounted,391,0.9,0.9,0.0,0.0,60,4320,60,0.000401,0.0007970999999999989,0.00098
switch_required,stationary_discounted,392,0.9166666666666666,0.9166666666666666,0.0,0.0,60,4320,60,0.000346,0.000983809999999997,0.00148
switch_required,stationary_discounted,393,0.9333333333333333,0.9333333333333333,0.0,0.0,60,4320,60,0.000361,0.0008042999999999989,0.000999
switch_required,stationary_discounted,394,0.9333333333333333,0.9333333333333333,0.0,0.0,60,4320,60,0.0005675000000000001,0.0012136399999999972,0.001688
switch_required,stationary_discounted,395,0.9166666666666666,0.9166666666666666,0.0,0.0,60,4320,60,0.000577,0.0009426399999999986,0.001181
switch_required,stationary_discounted,396,0.9333333333333333,0.9333333333333333,0.0,0.0,60,4320,60,0.0005794999999999999,0.005366349999999967,0.011051
switch_required,stationary_discounted,397,0.9166666666666666,0.9166666666666666,0.0,0.0,60,4320,60,0.0005865,0.0010428699999999987,0.001283
switch_required,stationary_discounted,398,0.95,0.95,0.0,0.0,60,4320,60,0.000573,0.0009622799999999986,0.001203
switch_required,stationary_discounted,399,0.9666666666666667,0.9666666666666667,0.0,0.0,60,4320,60,0.000572,0.0009951999999999988,0.001184
switch_required,stationary_discounted,400,0.8166666666666667,0.8166666666666667,0.0,0.0,60,4320,60,0.0005744999999999999,0.001090729999999998,0.001417
switch_required,stationary_discounted,401,0.8166666666666667,0.8166666666666667,0.0,0.0,60,4320,60,0.000563,0.0009048199999999987,0.001142
switch_required,stationary_discounted,402,0.95,0.95,0.0,0.0,60,4320,60,0.000345,0.000824779999999998,0.001154
switch_required,stationary_discounted,403,0.9333333333333333,0.9333333333333333,0.0,0.0,60,4320,60,0.000345,0.0007127499999999991,0.000875
switch_required,stationary_discounted,404,0.9,0.9,0.0,0.0,60,4320,60,0.00033600000000000004,0.000690439999999999,0.000858
switch_required,stationary_discounted,405,0.9,0.9,0.0,0.0,60,4320,60,0.0003465,0.0011096799999999985,0.001374
switch_required,stationary_discounted,406,0.9333333333333333,0.9333333333333333,0.0,0.0,60,4320,60,0.000354,0.001269949999999999,0.001444
switch_required,stationary_discounted,407,0.9333333333333333,0.9333333333333333,0.0,0.0,60,4320,60,0.00042699999999999997,0.0010435399999999997,0.001099
switch_required,stationary_discounted,408,0.9333333333333333,0.9333333333333333,0.0,0.0,60,4320,60,0.00034500000000000004,0.0010576799999999999,0.001086
switch_required,stationary_discounted,409,0.9,0.9,0.0,0.0,60,4320,60,0.000327,0.0007252299999999989,0.000904
switch_required,stationary_discounted,410,0.8666666666666667,0.8666666666666667,0.0,0.0,60,4320,60,0.00035749999999999996,0.00130282,0.001304
switch_required,stationary_discounted,411,0.95,0.95,0.0,0.0,60,4320,60,0.000341,0.0010834599999999983,0.001382
switch_required,stationary_discounted,412,0.9,0.9,0.0,0.0,60,4320,60,0.000391,0.002638969999999994,0.003652
switch_required,stationary_discounted,413,0.95,0.95,0.0,0.0,60,4320,60,0.0003545,0.0011666299999999975,0.001605
switch_required,stationary_discounted,414,0.95,0.95,0.0,0.0,60,4320,60,0.000339,0.000848869999999999,0.00103
switch_required,stationary_discounted,415,0.9333333333333333,0.9333333333333333,0.0,0.0,60,4320,60,0.00052,0.0017915999999999932,0.002948
switch_required,stationary_discounted,416,0.95,0.95,0.0,0.0,60,4320,60,0.0005905000000000001,0.0012694599999999979,0.001627
switch_required,stationary_discounted,417,0.9166666666666666,0.9166666666666666,0.0,0.0,60,4320,60,0.0003505,0.0009908399999999978,0.001359
switch_required,stationary_discounted,418,0.9166666666666666,0.9166666666666666,0.0,0.0,60,4320,60,0.0004705,0.0008075399999999991,0.000981
switch_required,stationary_discounted,419,0.8833333333333333,0.8833333333333333,0.0,0.0,60,4320,60,0.000347,0.000889129999999998,0.001239
switch_required,stationary_discounted,420,0.8,0.8,0.0,0.0,60,4320,60,0.0005895,0.0014514699999999996,0.001491
switch_required,stationary_discounted,421,0.9166666666666666,0.9166666666666666,0.0,0.0,60,4320,60,0.00056,0.0010340999999999983,0.001335
switch_required,stationary_discounted,422,0.9,0.9,0.0,0.0,60,4320,60,0.00037,0.0009543499999999982,0.00127
switch_required,stationary_discounted,423,0.85,0.85,0.0,0.0,60,4320,60,0.000561,0.0008837799999999992,0.001036
switch_required,stationary_discounted,424,0.9833333333333333,0.9833333333333333,0.0,0.0,60,4320,60,0.0005605,0.0009669399999999989,0.001164
switch_required,stationary_discounted,425,0.9333333333333333,0.9333333333333333,0.0,0.0,60,4320,60,0.000575,0.0012450899999999986,0.00151
switch_required,stationary_discounted,426,0.9166666666666666,0.9166666666666666,0.0,0.0,60,4320,60,0.0005925,0.0011241199999999982,0.001438
switch_required,stationary_discounted,427,0.9333333333333333,0.9333333333333333,0.0,0.0,60,4320,60,0.0005825,0.0012649899999999997,0.001347
switch_required,stationary_discounted,428,0.9166666666666666,0.9166666666666666,0.0,0.0,60,4320,60,0.0006015,0.008035059999999953,0.016157
switch_required,stationary_discounted,429,0.9333333333333333,0.9333333333333333,0.0,0.0,60,4320,60,0.0003925,0.0012933899999999978,0.001694
switch_required,stationary_discounted,430,0.8833333333333333,0.8833333333333333,0.0,0.0,60,4320,60,0.0003375,0.001047329999999998,0.001409
switch_required,stationary_discounted,431,0.8833333333333333,0.8833333333333333,0.0,0.0,60,4320,60,0.00033,0.0007367199999999987,0.000968
switch_required,stationary_discounted,432,0.85,0.85,0.0,0.0,60,4320,60,0.000374,0.000783849999999999,0.000952
switch_required,stationary_discounted,433,0.9,0.9,0.0,0.0,60,4320,60,0.0003495,0.0007937899999999993,0.000923
switch_required,stationary_discounted,434,0.9166666666666666,0.9166666666666666,0.0,0.0,60,4320,60,0.000332,0.00104117,0.001063
switch_required,stationary_discounted,435,0.9,0.9,0.0,0.0,60,4320,60,0.000337,0.0006711099999999991,0.000831
switch_required,stationary_discounted,436,0.8833333333333333,0.8833333333333333,0.0,0.0,60,4320,60,0.00034,0.0007047299999999991,0.000854
switch_required,stationary_discounted,437,0.8833333333333333,0.8833333333333333,0.0,0.0,60,4320,60,0.000533,0.0009085099999999986,0.001151
switch_required,stationary_discounted,438,0.9166666666666666,0.9166666666666666,0.0,0.0,60,4320,60,0.0003505,0.0012125799999999987,0.001471
switch_required,stationary_discounted,439,0.9666666666666667,0.9666666666666667,0.0,0.0,60,4320,60,0.00041600000000000003,0.0007793499999999989,0.000977
switch_required,stationary_discounted,440,0.9333333333333333,0.9333333333333333,0.0,0.0,60,4320,60,0.00051,0.0009931799999999987,0.001228
switch_required,stationary_discounted,441,0.8833333333333333,0.8833333333333333,0.0,0.0,60,4320,60,0.000331,0.0011821499999999981,0.001486
switch_required,stationary_discounted,442,0.8666666666666667,0.8666666666666667,0.0,0.0,60,4320,60,0.0003635,0.0009548399999999993,0.001087
switch_required,stationary_discounted,443,0.8833333333333333,0.8833333333333333,0.0,0.0,60,4320,60,0.000546,0.0010104299999999986,0.00126
switch_required,stationary_discounted,444,0.9166666666666666,0.9166666666666666,0.0,0.0,60,4320,60,0.0005304999999999999,0.0011487799999999983,0.001419
switch_required,stationary_discounted,445,0.9166666666666666,0.9166666666666666,0.0,0.0,60,4320,60,0.000553,0.0010602899999999974,0.001514
switch_required,stationary_discounted,446,0.9,0.9,0.0,0.0,60,4320,60,0.00036649999999999996,0.0007750599999999991,0.000932
switch_required,stationary_discounted,447,0.95,0.95,0.0,0.0,60,4320,60,0.00038100000000000005,0.0007643699999999991,0.000916
switch_required,stationary_discounted,448,0.8833333333333333,0.8833333333333333,0.0,0.0,60,4320,60,0.000343,0.0009284799999999982,0.00124
switch_required,stationary_discounted,449,0.9166666666666666,0.9166666666666666,0.0,0.0,60,4320,60,0.000341,0.0009502099999999988,0.001175
switch_required,stationary_discounted,450,0.85,0.85,0.0,0.0,60,4320,60,0.000352,0.0007941699999999992,0.000934
switch_required,stationary_discounted,451,0.95,0.95,0.0,0.0,60,4320,60,0.0003775,0.0011133999999999981,0.001432
switch_required,stationary_discounted,452,0.8666666666666667,0.8666666666666667,0.0,0.0,60,4320,60,0.00038100000000000005,0.0012944499999999995,0.00138
switch_required,stationary_discounted,453,0.9166666666666666,0.9166666666666666,0.0,0.0,60,4320,60,0.000374,0.0007801399999999992,0.00093
switch_required,stationary_discounted,454,0.9166666666666666,0.9166666666666666,0.0,0.0,60,4320,60,0.00034449999999999997,0.0009393999999999989,0.00114
switch_required,stationary_discounted,455,0.85,0.85,0.0,0.0,60,4320,60,0.0003565,0.0010305599999999976,0.001453
switch_required,stationary_discounted,456,0.8833333333333333,0.8833333333333333,0.0,0.0,60,4320,60,0.0003325,0.0012299099999999981,0.001555
switch_required,stationary_discounted,457,0.85,0.85,0.0,0.0,60,4320,60,0.000547,0.0012484199999999981,0.00158
switch_required,stationary_discounted,458,0.9333333333333333,0.9333333333333333,0.0,0.0,60,4320,60,0.000553,0.001056859999999998,0.001379
switch_required,stationary_discounted,459,0.9333333333333333,0.9333333333333333,0.0,0.0,60,4320,60,0.0008255000000000001,0.0012309999999999986,0.001467
switch_required,stationary_discounted,460,0.9333333333333333,0.9333333333333333,0.0,0.0,60,4320,60,0.0005775,0.001408979999999997,0.001927
switch_required,stationary_discounted,461,0.9,0.9,0.0,0.0,60,4320,60,0.000598,0.0016896999999999988,0.001908
switch_required,stationary_discounted,462,0.9666666666666667,0.9666666666666667,0.0,0.0,60,4320,60,0.0005355,0.0011400399999999984,0.001402
switch_required,stationary_discounted,463,0.9,0.9,0.0,0.0,60,4320,60,0.0005505,0.001024069999999999,0.001158
switch_required,stationary_discounted,464,0.9666666666666667,0.9666666666666667,0.0,0.0,60,4320,60,0.0005825,0.0011294499999999982,0.001451
switch_required,stationary_discounted,465,0.9,0.9,0.0,0.0,60,4320,60,0.0003645,0.0008301799999999989,0.001006
switch_required,stationary_discounted,466,0.9333333333333333,0.9333333333333333,0.0,0.0,60,4320,60,0.0006284999999999999,0.0010797699999999983,0.001373
switch_required,stationary_discounted,467,0.95,0.95,0.0,0.0,60,4320,60,0.0006464999999999999,0.0014140699999999995,0.001489
switch_required,stationary_discounted,468,0.9166666666666666,0.9166666666666666,0.0,0.0,60,4320,60,0.000369,0.0007877999999999987,0.001012
switch_required,stationary_discounted,469,0.9166666666666666,0.9166666666666666,0.0,0.0,60,4320,60,0.0006490000000000001,0.0015844199999999968,0.002152
switch_required,stationary_discounted,470,0.9833333333333333,0.9833333333333333,0.0,0.0,60,4320,60,0.000652,0.0012093699999999985,0.001479
switch_required,stationary_discounted,471,0.9666666666666667,0.9666666666666667,0.0,0.0,60,4320,60,0.000639,0.0011902799999999986,0.001431
switch_required,stationary_discounted,472,0.9333333333333333,0.9333333333333333,0.0,0.0,60,4320,60,0.000608,0.005884969999999963,0.012326
switch_required,stationary_discounted,473,0.85,0.85,0.0,0.0,60,4320,60,0.000627,0.0011189599999999978,0.001506
switch_required,stationary_discounted,474,0.9833333333333333,0.9833333333333333,0.0,0.0,60,4320,60,0.000597,0.0011755799999999988,0.001375
switch_required,stationary_discounted,475,0.9,0.9,0.0,0.0,60,4320,60,0.000649,0.0012045999999999988,0.001417
switch_required,stationary_discounted,476,0.9166666666666666,0.9166666666666666,0.0,0.0,60,4320,60,0.0006225,0.0009065999999999984,0.001178
switch_required,stationary_discounted,477,0.9,0.9,0.0,0.0,60,4320,60,0.0006815,0.0015853299999999996,0.001652
switch_required,stationary_discounted,478,0.9166666666666666,0.9166666666666666,0.0,0.0,60,4320,60,0.0005555,0.0010826199999999981,0.001426
switch_required,stationary_discounted,479,0.9,0.9,0.0,0.0,60,4320,60,0.0006025,0.001064749999999999,0.001227
switch_required,stationary_discounted,480,0.8833333333333333,0.8833333333333333,0.0,0.0,60,4320,60,0.0006535,0.001213199999999999,0.001402
switch_required,stationary_discounted,481,0.9333333333333333,0.9333333333333333,0.0,0.0,60,4320,60,0.0006365,0.0011656299999999987,0.001427
switch_required,stationary_discounted,482,0.9166666666666666,0.9166666666666666,0.0,0.0,60,4320,60,0.000646,0.0013297999999999997,0.001377
switch_required,stationary_discounted,483,0.9833333333333333,0.9833333333333333,0.0,0.0,60,4320,60,0.0006284999999999999,0.0011297599999999985,0.001387
switch_required,stationary_discounted,484,0.95,0.95,0.0,0.0,60,4320,60,0.000583,0.0010949499999999986,0.001328
switch_required,stationary_discounted,485,0.9666666666666667,0.9666666666666667,0.0,0.0,60,4320,60,0.00062,0.0010030699999999983,0.001314
switch_required,stationary_discounted,486,0.9,0.9,0.0,0.0,60,4320,60,0.000645,0.0011138799999999987,0.001331
switch_required,stationary_discounted,487,0.9166666666666666,0.9166666666666666,0.0,0.0,60,4320,60,0.0006169999999999999,0.0012207899999999983,0.001527
switch_required,stationary_discounted,488,0.9333333333333333,0.9333333333333333,0.0,0.0,60,4320,60,0.0005315000000000001,0.0020397899999999936,0.003172
switch_required,stationary_discounted,489,0.8333333333333334,0.8333333333333334,0.0,0.0,60,4320,60,0.000582,0.0013712399999999967,0.00194
switch_required,stationary_discounted,490,0.8833333333333333,0.8833333333333333,0.0,0.0,60,4320,60,0.0005585,0.001171389999999998,0.001513
switch_required,stationary_discounted,491,0.85,0.85,0.0,0.0,60,4320,60,0.0005775,0.0009093799999999986,0.001156
switch_required,stationary_discounted,492,0.8666666666666667,0.8666666666666667,0.0,0.0,60,4320,60,0.0005395,0.0011516099999999989,0.001341
switch_required,stationary_discounted,493,0.9666666666666667,0.9666666666666667,0.0,0.0,60,4320,60,0.00057,0.0011888399999999974,0.001616
switch_required,stationary_discounted,494,0.9333333333333333,0.9333333333333333,0.0,0.0,60,4320,60,0.0005465,0.0011966299999999989,0.001399
switch_required,stationary_discounted,495,0.8833333333333333,0.8833333333333333,0.0,0.0,60,4320,60,0.0005635,0.0010620699999999992,0.001196
switch_required,stationary_discounted,496,0.9333333333333333,0.9333333333333333,0.0,0.0,60,4320,60,0.0005545000000000001,0.001128449999999999,0.001332
switch_required,stationary_discounted,497,0.9166666666666666,0.9166666666666666,0.0,0.0,60,4320,60,0.0005365000000000001,0.0009127399999999986,0.001157
switch_required,stationary_discounted,498,0.95,0.95,0.0,0.0,60,4320,60,0.000529,0.0010596499999999984,0.001334
switch_required,stationary_discounted,499,0.9,0.9,0.0,0.0,60,4320,60,0.0004955000000000001,0.0013958799999999997,0.001436
ttl_overestimate_one,stationary_discounted,0,0.5833333333333334,0.9,0.31666666666666665,0.0,60,4320,60,0.0003645,0.0016207499999999937,0.002727
ttl_overestimate_one,stationary_discounted,1,0.6333333333333333,0.8833333333333333,0.25,0.0,60,4320,60,0.0003585,0.0011843799999999962,0.001844
ttl_overestimate_one,stationary_discounted,2,0.6333333333333333,0.9166666666666666,0.2833333333333333,0.0,60,4320,60,0.00051,0.0010042499999999978,0.001373
ttl_overestimate_one,stationary_discounted,3,0.6166666666666667,0.9166666666666666,0.3,0.0,60,4320,60,0.000647,0.0014717899999999973,0.001955
ttl_overestimate_one,stationary_discounted,4,0.6166666666666667,0.95,0.3333333333333333,0.0,60,4320,60,0.0006265,0.0009950999999999988,0.001237
ttl_overestimate_one,stationary_discounted,5,0.6833333333333333,0.9666666666666667,0.2833333333333333,0.0,60,4320,60,0.000646,0.0011836699999999984,0.001471
ttl_overestimate_one,stationary_discounted,6,0.6666666666666666,0.95,0.2833333333333333,0.0,60,4320,60,0.0006464999999999999,0.0011265299999999989,0.001323
ttl_overestimate_one,stationary_discounted,7,0.6833333333333333,0.9833333333333333,0.3,0.0,60,4320,60,0.0006015,0.0012857999999999982,0.001628
ttl_overestimate_one,stationary_discounted,8,0.6166666666666667,0.8833333333333333,0.26666666666666666,0.0,60,4320,60,0.000637,0.001089719999999999,0.001262
ttl_overestimate_one,stationary_discounted,9,0.7166666666666667,0.9666666666666667,0.25,0.0,60,4320,60,0.000632,0.0010328599999999985,0.001296
ttl_overestimate_one,stationary_discounted,10,0.6666666666666666,0.9666666666666667,0.3,0.0,60,4320,60,0.000649,0.0014318099999999995,0.001515
ttl_overestimate_one,stationary_discounted,11,0.6,0.9333333333333333,0.3333333333333333,0.0,60,4320,60,0.0006515,0.0011710699999999989,0.001364
ttl_overestimate_one,stationary_discounted,12,0.6166666666666667,0.9166666666666666,0.3,0.0,60,4320,60,0.0005905000000000001,0.001081229999999998,0.001437
ttl_overestimate_one,stationary_discounted,13,0.6833333333333333,0.9666666666666667,0.2833333333333333,0.0,60,4320,60,0.0006495,0.0011780299999999987,0.001404
ttl_overestimate_one,stationary_discounted,14,0.6,0.9166666666666666,0.31666666666666665,0.0,60,4320,60,0.0006045,0.0013728299999999968,0.001941
ttl_overestimate_one,stationary_discounted,15,0.6,0.9166666666666666,0.31666666666666665,0.0,60,4320,60,0.0003835,0.0013806099999999987,0.001629
ttl_overestimate_one,stationary_discounted,16,0.6833333333333333,0.95,0.26666666666666666,0.0,60,4320,60,0.0004055,0.0009627899999999996,0.001033
ttl_overestimate_one,stationary_discounted,17,0.6,0.95,0.35,0.0,60,4320,60,0.0004205,0.0008171399999999991,0.000967
ttl_overestimate_one,stationary_discounted,18,0.6833333333333333,0.9833333333333333,0.3,0.0,60,4320,60,0.000393,0.0010056599999999996,0.00108
ttl_overestimate_one,stationary_discounted,19,0.7,0.9333333333333333,0.23333333333333334,0.0,60,4320,60,0.0004235,0.0011264999999999977,0.00151
ttl_overestimate_one,stationary_discounted,20,0.6833333333333333,0.95,0.26666666666666666,0.0,60,4320,60,0.0003655,0.0008640099999999988,0.001077
ttl_overestimate_one,stationary_discounted,21,0.6333333333333333,0.8833333333333333,0.25,0.0,60,4320,60,0.000509,0.0007844099999999994,0.000903
ttl_overestimate_one,stationary_discounted,22,0.6666666666666666,0.9166666666666666,0.25,0.0,60,4320,60,0.000655,0.0014840399999999996,0.001569
ttl_overestimate_one,stationary_discounted,23,0.6166666666666667,0.9333333333333333,0.31666666666666665,0.0,60,4320,60,0.000613,0.0009961199999999981,0.00131
ttl_overestimate_one,stationary_discounted,24,0.6333333333333333,0.9833333333333333,0.35,0.0,60,4320,60,0.000606,0.0011363099999999982,0.001426
ttl_overestimate_one,stationary_discounted,25,0.7,0.9333333333333333,0.23333333333333334,0.0,60,4320,60,0.0006695,0.0013930499999999996,0.001455
ttl_overestimate_one,stationary_discounted,26,0.55,0.9333333333333333,0.38333333333333336,0.0,60,4320,60,0.0007415,0.0011388099999999986,0.001399
ttl_overestimate_one,stationary_discounted,27,0.6333333333333333,0.9166666666666666,0.2833333333333333,0.0,60,4320,60,0.0006665,0.0010816999999999988,0.0013
ttl_overestimate_one,stationary_discounted,28,0.6666666666666666,0.9833333333333333,0.31666666666666665,0.0,60,4320,60,0.0003795,0.0008605599999999989,0.001047
ttl_overestimate_one,stationary_discounted,29,0.6166666666666667,0.9,0.2833333333333333,0.0,60,4320,60,0.0003875,0.0007997699999999993,0.000916
ttl_overestimate_one,stationary_discounted,30,0.6333333333333333,0.9333333333333333,0.3,0.0,60,4320,60,0.0003855,0.000878459999999999,0.001059
ttl_overestimate_one,stationary_discounted,31,0.6166666666666667,0.9166666666666666,0.3,0.0,60,4320,60,0.00038250000000000003,0.00097133,0.000979
ttl_overestimate_one,stationary_discounted,32,0.5666666666666667,0.9166666666666666,0.35,0.0,60,4320,60,0.0003865,0.0008004299999999989,0.000991
ttl_overestimate_one,stationary_discounted,33,0.65,0.95,0.3,0.0,60,4320,60,0.000391,0.000861929999999999,0.001023
ttl_overestimate_one,stationary_discounted,34,0.5833333333333334,0.95,0.36666666666666664,0.0,60,4320,60,0.000379,0.0010084399999999976,0.001412
ttl_overestimate_one,stationary_discounted,35,0.6166666666666667,0.9666666666666667,0.35,0.0,60,4320,60,0.000374,0.0011734499999999988,0.001377
ttl_overestimate_one,stationary_discounted,36,0.6333333333333333,0.8666666666666667,0.23333333333333334,0.0,60,4320,60,0.0003835,0.0008138199999999993,0.000933
ttl_overestimate_one,stationary_discounted,37,0.6166666666666667,0.9833333333333333,0.36666666666666664,0.0,60,4320,60,0.0005715,0.004639389999999972,0.009288
ttl_overestimate_one,stationary_discounted,38,0.7166666666666667,0.9666666666666667,0.25,0.0,60,4320,60,0.0005525,0.006799009999999953,0.014977
ttl_overestimate_one,stationary_discounted,39,0.6666666666666666,0.9333333333333333,0.26666666666666666,0.0,60,4320,60,0.00038599999999999995,0.0010168099999999982,0.001336
ttl_overestimate_one,stationary_discounted,40,0.6333333333333333,0.9333333333333333,0.3,0.0,60,4320,60,0.000364,0.0009657299999999987,0.001174
ttl_overestimate_one,stationary_discounted,41,0.6833333333333333,0.9666666666666667,0.2833333333333333,0.0,60,4320,60,0.000375,0.0008243599999999994,0.00094
ttl_overestimate_one,stationary_discounted,42,0.5833333333333334,0.9666666666666667,0.38333333333333336,0.0,60,4320,60,0.0006154999999999999,0.0011162199999999985,0.001377
ttl_overestimate_one,stationary_discounted,43,0.6,0.9166666666666666,0.31666666666666665,0.0,60,4320,60,0.0004135,0.0011330399999999975,0.001572
ttl_overestimate_one,stationary_discounted,44,0.6666666666666666,0.95,0.2833333333333333,0.0,60,4320,60,0.0004285,0.0011272599999999989,0.001355
ttl_overestimate_one,stationary_discounted,45,0.65,0.95,0.3,0.0,60,4320,60,0.0005124999999999999,0.0009031799999999987,0.001138
ttl_overestimate_one,stationary_discounted,46,0.6166666666666667,0.9333333333333333,0.31666666666666665,0.0,60,4320,60,0.000409,0.0008550199999999992,0.000986
ttl_overestimate_one,stationary_discounted,47,0.6666666666666666,0.9666666666666667,0.3,0.0,60,4320,60,0.00062,0.0010845799999999986,0.001343
ttl_overestimate_one,stationary_discounted,48,0.65,0.9666666666666667,0.31666666666666665,0.0,60,4320,60,0.0003895,0.0008544199999999991,0.001009
ttl_overestimate_one,stationary_discounted,49,0.6333333333333333,0.9166666666666666,0.2833333333333333,0.0,60,4320,60,0.000678,0.0015383799999999959,0.002257
ttl_overestimate_one,stationary_discounted,50,0.6833333333333333,0.9833333333333333,0.3,0.0,60,4320,60,0.0008395,0.0031041299999999892,0.004988
ttl_overestimate_one,stationary_discounted,51,0.5166666666666667,0.85,0.3333333333333333,0.0,60,4320,60,0.0008125000000000001,0.0015918099999999975,0.002029
ttl_overestimate_one,stationary_discounted,52,0.6333333333333333,0.9166666666666666,0.2833333333333333,0.0,60,4320,60,0.0008075000000000001,0.0013600799999999979,0.001707
ttl_overestimate_one,stationary_discounted,53,0.65,0.95,0.3,0.0,60,4320,60,0.0008505,0.0017316599999999986,0.001983
ttl_overestimate_one,stationary_discounted,54,0.6,0.9166666666666666,0.31666666666666665,0.0,60,4320,60,0.000828,0.0012919199999999983,0.001594
ttl_overestimate_one,stationary_discounted,55,0.6833333333333333,0.9666666666666667,0.2833333333333333,0.0,60,4320,60,0.000821,0.0013171099999999985,0.001595
ttl_overestimate_one,stationary_discounted,56,0.6166666666666667,0.8666666666666667,0.25,0.0,60,4320,60,0.000853,0.0013637599999999986,0.001621
ttl_overestimate_one,stationary_discounted,57,0.65,0.9666666666666667,0.31666666666666665,0.0,60,4320,60,0.0003765,0.00526548999999998,0.008622
ttl_overestimate_one,stationary_discounted,58,0.6833333333333333,0.9833333333333333,0.3,0.0,60,4320,60,0.0005614999999999999,0.001337829999999997,0.001847
ttl_overestimate_one,stationary_discounted,59,0.6333333333333333,0.9333333333333333,0.3,0.0,60,4320,60,0.000377,0.0008995499999999984,0.001168
ttl_overestimate_one,stationary_discounted,60,0.6666666666666666,0.9333333333333333,0.26666666666666666,0.0,60,4320,60,0.0003595,0.0009252099999999993,0.001032
ttl_overestimate_one,stationary_discounted,61,0.7,0.9833333333333333,0.2833333333333333,0.0,60,4320,60,0.0003645,0.0010081199999999995,0.001086
ttl_overestimate_one,stationary_discounted,62,0.6333333333333333,0.9,0.26666666666666666,0.0,60,4320,60,0.00036,0.0010515799999999988,0.001251
ttl_overestimate_one,stationary_discounted,63,0.6333333333333333,0.9333333333333333,0.3,0.0,60,4320,60,0.0003505,0.0008383699999999988,0.001049
ttl_overestimate_one,stationary_discounted,64,0.7,0.9666666666666667,0.26666666666666666,0.0,60,4320,60,0.00036649999999999996,0.0007974799999999992,0.000932
ttl_overestimate_one,stationary_discounted,65,0.65,0.9333333333333333,0.2833333333333333,0.0,60,4320,60,0.000477,0.000941669999999999,0.001111
ttl_overestimate_one,stationary_discounted,66,0.6333333333333333,0.9,0.26666666666666666,0.0,60,4320,60,0.00037549999999999997,0.001092599999999998,0.001423
ttl_overestimate_one,stationary_discounted,67,0.6,0.9166666666666666,0.31666666666666665,0.0,60,4320,60,0.0003855,0.0010105499999999979,0.001397
ttl_overestimate_one,stationary_discounted,68,0.6833333333333333,0.9333333333333333,0.25,0.0,60,4320,60,0.000366,0.0007613099999999993,0.000874
ttl_overestimate_one,stationary_discounted,69,0.6833333333333333,0.95,0.26666666666666666,0.0,60,4320,60,0.000361,0.000846819999999999,0.001025
ttl_overestimate_one,stationary_discounted,70,0.6166666666666667,0.9166666666666666,0.3,0.0,60,4320,60,0.000486,0.0010400299999999997,0.001089
ttl_overestimate_one,stationary_discounted,71,0.7,0.9666666666666667,0.26666666666666666,0.0,60,4320,60,0.0003565,0.0008705299999999986,0.001126
ttl_overestimate_one,stationary_discounted,72,0.65,0.9666666666666667,0.31666666666666665,0.0,60,4320,60,0.000377,0.0016895699999999985,0.001971
ttl_overestimate_one,stationary_discounted,73,0.6833333333333333,0.9833333333333333,0.3,0.0,60,4320,60,0.00037,0.0008634799999999985,0.001116
ttl_overestimate_one,stationary_discounted,74,0.65,0.9666666666666667,0.31666666666666665,0.0,60,4320,60,0.00040050000000000003,0.0011870199999999976,0.001613
ttl_overestimate_one,stationary_discounted,75,0.6666666666666666,0.9333333333333333,0.26666666666666666,0.0,60,4320,60,0.00037850000000000004,0.0008182399999999987,0.001033
ttl_overestimate_one,stationary_discounted,76,0.6833333333333333,0.9666666666666667,0.2833333333333333,0.0,60,4320,60,0.0005185000000000001,0.0010832599999999987,0.001311
ttl_overestimate_one,stationary_discounted,77,0.65,0.9,0.25,0.0,60,4320,60,0.0006169999999999999,0.0015634099999999997,0.001623
ttl_overestimate_one,stationary_discounted,78,0.55,0.8666666666666667,0.31666666666666665,0.0,60,4320,60,0.0005285,0.001229369999999998,0.001558
ttl_overestimate_one,stationary_discounted,79,0.6833333333333333,0.9833333333333333,0.3,0.0,60,4320,60,0.000567,0.0011441199999999985,0.001399
ttl_overestimate_one,stationary_discounted,80,0.6166666666666667,0.9166666666666666,0.3,0.0,60,4320,60,0.0005525,0.0009774999999999975,0.00142
ttl_overestimate_one,stationary_discounted,81,0.6333333333333333,0.95,0.31666666666666665,0.0,60,4320,60,0.000572,0.0010570399999999985,0.001319
ttl_overestimate_one,stationary_discounted,82,0.6333333333333333,0.9333333333333333,0.3,0.0,60,4320,60,0.000578,0.0008848799999999991,0.001043
ttl_overestimate_one,stationary_discounted,83,0.6666666666666666,0.9666666666666667,0.3,0.0,60,4320,60,0.000565,0.004973169999999972,0.009833
ttl_overestimate_one,stationary_discounted,84,0.6166666666666667,0.9,0.2833333333333333,0.0,60,4320,60,0.0003595,0.0008185399999999993,0.000933
ttl_overestimate_one,stationary_discounted,85,0.65,0.95,0.3,0.0,60,4320,60,0.00040300000000000004,0.0011025299999999978,0.001476
ttl_overestimate_one,stationary_discounted,86,0.6666666666666666,0.95,0.2833333333333333,0.0,60,4320,60,0.0004155,0.0011732399999999999,0.001211
ttl_overestimate_one,stationary_discounted,87,0.65,0.95,0.3,0.0,60,4320,60,0.000362,0.0010741299999999987,0.001306
ttl_overestimate_one,stationary_discounted,88,0.5166666666666667,0.8166666666666667,0.3,0.0,60,4320,60,0.000555,0.0007902199999999995,0.000874
ttl_overestimate_one,stationary_discounted,89,0.5833333333333334,0.8166666666666667,0.23333333333333334,0.0,60,4320,60,0.000542,0.0008779799999999987,0.001101
ttl_overestimate_one,stationary_discounted,90,0.6166666666666667,0.95,0.3333333333333333,0.0,60,4320,60,0.000389,0.0011793799999999979,0.001544
ttl_overestimate_one,stationary_discounted,91,0.65,0.9333333333333333,0.2833333333333333,0.0,60,4320,60,0.0005005000000000001,0.0010850999999999986,0.001327
ttl_overestimate_one,stationary_discounted,92,0.6666666666666666,0.9833333333333333,0.31666666666666665,0.0,60,4320,60,0.0005560000000000001,0.0010792999999999983,0.001392
ttl_overestimate_one,stationary_discounted,93,0.5833333333333334,0.9,0.31666666666666665,0.0,60,4320,60,0.0006050000000000001,0.013541909999999917,0.027673
ttl_overestimate_one,stationary_discounted,94,0.6666666666666666,0.9833333333333333,0.31666666666666665,0.0,60,4320,60,0.0003635,0.001915459999999998,0.002273
ttl_overestimate_one,stationary_discounted,95,0.7,0.95,0.25,0.0,60,4320,60,0.0006325,0.0017187899999999952,0.002556
ttl_overestimate_one,stationary_discounted,96,0.6333333333333333,0.9333333333333333,0.3,0.0,60,4320,60,0.00063,0.0011516099999999978,0.001518
ttl_overestimate_one,stationary_discounted,97,0.6333333333333333,0.9333333333333333,0.3,0.0,60,4320,60,0.0006385,0.0010277299999999988,0.001236
ttl_overestimate_one,stationary_discounted,98,0.6666666666666666,0.9333333333333333,0.26666666666666666,0.0,60,4320,60,0.000636,0.001044699999999999,0.001204
ttl_overestimate_one,stationary_discounted,99,0.6333333333333333,0.9166666666666666,0.2833333333333333,0.0,60,4320,60,0.0003705,0.0016224599999999979,0.00198
ttl_overestimate_one,stationary_discounted,100,0.65,0.9666666666666667,0.31666666666666665,0.0,60,4320,60,0.00040249999999999997,0.0010308899999999992,0.001166
ttl_overestimate_one,stationary_discounted,101,0.6833333333333333,0.9666666666666667,0.2833333333333333,0.0,60,4320,60,0.0005365000000000001,0.001154269999999999,0.001359
ttl_overestimate_one,stationary_discounted,102,0.65,0.9833333333333333,0.3333333333333333,0.0,60,4320,60,0.000365,0.001140389999999998,0.001482
ttl_overestimate_one,stationary_discounted,103,0.7166666666666667,0.9833333333333333,0.26666666666666666,0.0,60,4320,60,0.0006165,0.0011211799999999972,0.001592
ttl_overestimate_one,stationary_discounted,104,0.6666666666666666,0.9333333333333333,0.26666666666666666,0.0,60,4320,60,0.000387,0.0008708099999999989,0.001072
ttl_overestimate_one,stationary_discounted,105,0.6166666666666667,0.9,0.2833333333333333,0.0,60,4320,60,0.0004225,0.0008346699999999994,0.000945
ttl_overestimate_one,stationary_discounted,106,0.6833333333333333,0.9166666666666666,0.23333333333333334,0.0,60,4320,60,0.0003815,0.0008688999999999983,0.001158
ttl_overestimate_one,stationary_discounted,107,0.5666666666666667,0.8833333333333333,0.31666666666666665,0.0,60,4320,60,0.0003635,0.011562349999999916,0.025802
ttl_overestimate_one,stationary_discounted,108,0.6333333333333333,0.9666666666666667,0.3333333333333333,0.0,60,4320,60,0.0006025,0.001542459999999999,0.001723
ttl_overestimate_one,stationary_discounted,109,0.7166666666666667,0.9833333333333333,0.26666666666666666,0.0,60,4320,60,0.000619,0.0010492999999999993,0.001185
ttl_overestimate_one,stationary_discounted,110,0.6666666666666666,0.95,0.2833333333333333,0.0,60,4320,60,0.0006280000000000001,0.0011073999999999995,0.00119
ttl_overestimate_one,stationary_discounted,111,0.5833333333333334,0.9166666666666666,0.3333333333333333,0.0,60,4320,60,0.00046,0.0011541199999999994,0.001291
ttl_overestimate_one,stationary_discounted,112,0.6166666666666667,0.9,0.2833333333333333,0.0,60,4320,60,0.0006335,0.000991719999999998,0.001341
ttl_overestimate_one,stationary_discounted,113,0.7,0.9666666666666667,0.26666666666666666,0.0,60,4320,60,0.000581,0.0010782399999999992,0.001234
ttl_overestimate_one,stationary_discounted,114,0.5666666666666667,0.8833333333333333,0.31666666666666665,0.0,60,4320,60,0.00048550000000000004,0.0011980299999999988,0.001424
ttl_overestimate_one,stationary_discounted,115,0.6333333333333333,0.95,0.31666666666666665,0.0,60,4320,60,0.0006360000000000001,0.0009661699999999982,0.001283
ttl_overestimate_one,stationary_discounted,116,0.7333333333333333,0.9833333333333333,0.25,0.0,60,4320,60,0.000643,0.0010718199999999998,0.001132
ttl_overestimate_one,stationary_discounted,117,0.6666666666666666,0.9666666666666667,0.3,0.0,60,4320,60,0.000578,0.002024349999999995,0.002871
ttl_overestimate_one,stationary_discounted,118,0.6833333333333333,0.9833333333333333,0.3,0.0,60,4320,60,0.00038750000000000004,0.0015346699999999962,0.002176
ttl_overestimate_one,stationary_discounted,119,0.5833333333333334,0.9166666666666666,0.3333333333333333,0.0,60,4320,60,0.0006015,0.0016924199999999996,0.001788
ttl_overestimate_one,stationary_discounted,120,0.6666666666666666,0.95,0.2833333333333333,0.0,60,4320,60,0.000371,0.0009683799999999996,0.001038
ttl_overestimate_one,stationary_discounted,121,0.6666666666666666,0.9666666666666667,0.3,0.0,60,4320,60,0.000359,0.001054619999999999,0.001221
ttl_overestimate_one,stationary_discounted,122,0.5833333333333334,0.9166666666666666,0.3333333333333333,0.0,60,4320,60,0.0003535,0.0008216599999999996,0.000896
ttl_overestimate_one,stationary_discounted,123,0.6333333333333333,0.95,0.31666666666666665,0.0,60,4320,60,0.00051,0.004919959999999971,0.009968
ttl_overestimate_one,stationary_discounted,124,0.6166666666666667,0.9666666666666667,0.35,0.0,60,4320,60,0.000472,0.0008401399999999991,0.00099
ttl_overestimate_one,stationary_discounted,125,0.65,0.9666666666666667,0.31666666666666665,0.0,60,4320,60,0.000364,0.0008007399999999992,0.000927
ttl_overestimate_one,stationary_discounted,126,0.7,0.9833333333333333,0.2833333333333333,0.0,60,4320,60,0.0003545,0.0007335699999999994,0.000838
ttl_overestimate_one,stationary_discounted,127,0.5833333333333334,0.8833333333333333,0.3,0.0,60,4320,60,0.000364,0.0011028899999999998,0.00112
ttl_overestimate_one,stationary_discounted,128,0.6666666666666666,0.95,0.2833333333333333,0.0,60,4320,60,0.000351,0.0007938899999999992,0.000929
ttl_overestimate_one,stationary_discounted,129,0.6666666666666666,0.95,0.2833333333333333,0.0,60,4320,60,0.000379,0.0008445199999999991,0.001005
ttl_overestimate_one,stationary_discounted,130,0.65,0.9333333333333333,0.2833333333333333,0.0,60,4320,60,0.0004145,0.0011129599999999988,0.001323
ttl_overestimate_one,stationary_discounted,131,0.6833333333333333,0.9666666666666667,0.2833333333333333,0.0,60,4320,60,0.0005395,0.0012210099999999994,0.001316
ttl_overestimate_one,stationary_discounted,132,0.7166666666666667,0.9666666666666667,0.25,0.0,60,4320,60,0.00039349999999999997,0.0010232599999999994,0.001133
ttl_overestimate_one,stationary_discounted,133,0.7,0.9833333333333333,0.2833333333333333,0.0,60,4320,60,0.0005585,0.0012576199999999977,0.00166
ttl_overestimate_one,stationary_discounted,134,0.65,0.9333333333333333,0.2833333333333333,0.0,60,4320,60,0.0006315,0.0013641099999999978,0.00176
ttl_overestimate_one,stationary_discounted,135,0.6166666666666667,0.9666666666666667,0.35,0.0,60,4320,60,0.000583,0.001105689999999998,0.001465
ttl_overestimate_one,stationary_discounted,136,0.6,0.9333333333333333,0.3333333333333333,0.0,60,4320,60,0.000651,0.032992689999999734,0.078487
ttl_overestimate_one,stationary_discounted,137,0.6166666666666667,0.9,0.2833333333333333,0.0,60,4320,60,0.0006355,0.0014317999999999967,0.00201
ttl_overestimate_one,stationary_discounted,138,0.6666666666666666,0.95,0.2833333333333333,0.0,60,4320,60,0.000642,0.001520359999999999,0.001695
ttl_overestimate_one,stationary_discounted,139,0.6833333333333333,0.9833333333333333,0.3,0.0,60,4320,60,0.0006594999999999999,0.0012155199999999988,0.001435
ttl_overestimate_one,stationary_discounted,140,0.6,0.9166666666666666,0.31666666666666665,0.0,60,4320,60,0.0005835,0.0012387599999999976,0.001673
ttl_overestimate_one,stationary_discounted,141,0.6333333333333333,0.95,0.31666666666666665,0.0,60,4320,60,0.000661,0.0011054799999999992,0.00124
ttl_overestimate_one,stationary_discounted,142,0.65,0.95,0.3,0.0,60,4320,60,0.00067,0.001432859999999999,0.001637
ttl_overestimate_one,stationary_discounted,143,0.6666666666666666,0.9666666666666667,0.3,0.0,60,4320,60,0.0007295,0.0015499199999999963,0.002206
ttl_overestimate_one,stationary_discounted,144,0.7,0.95,0.25,0.0,60,4320,60,0.000675,0.0012387299999999971,0.001742
ttl_overestimate_one,stationary_discounted,145,0.5833333333333334,0.9166666666666666,0.3333333333333333,0.0,60,4320,60,0.0006505,0.013288019999999911,0.028582
ttl_overestimate_one,stationary_discounted,146,0.6333333333333333,0.9333333333333333,0.3,0.0,60,4320,60,0.0005794999999999999,0.001199349999999998,0.001574
ttl_overestimate_one,stationary_discounted,147,0.7,0.9333333333333333,0.23333333333333334,0.0,60,4320,60,0.0006555,0.0010994899999999988,0.001329
ttl_overestimate_one,stationary_discounted,148,0.5833333333333334,0.9,0.31666666666666665,0.0,60,4320,60,0.000651,0.0011345699999999984,0.001416
ttl_overestimate_one,stationary_discounted,149,0.7,0.9666666666666667,0.26666666666666666,0.0,60,4320,60,0.0005924999999999999,0.0010860699999999984,0.001338
ttl_overestimate_one,stationary_discounted,150,0.6666666666666666,0.95,0.2833333333333333,0.0,60,4320,60,0.000648,0.0011554099999999986,0.001392
ttl_overestimate_one,stationary_discounted,151,0.65,0.95,0.3,0.0,60,4320,60,0.0006605000000000001,0.001095549999999998,0.001423
ttl_overestimate_one,stationary_discounted,152,0.55,0.9166666666666666,0.36666666666666664,0.0,60,4320,60,0.0005645,0.0009505199999999984,0.001229
ttl_overestimate_one,stationary_discounted,153,0.6666666666666666,0.9333333333333333,0.26666666666666666,0.0,60,4320,60,0.0004035,0.0012195299999999982,0.001534
ttl_overestimate_one,stationary_discounted,154,0.6666666666666666,0.95,0.2833333333333333,0.0,60,4320,60,0.0003895,0.0008897399999999982,0.001193
ttl_overestimate_one,stationary_discounted,155,0.65,0.95,0.3,0.0,60,4320,60,0.0003535,0.0007955799999999992,0.000936
ttl_overestimate_one,stationary_discounted,156,0.65,0.9833333333333333,0.3333333333333333,0.0,60,4320,60,0.0003625,0.0008405499999999984,0.001109
ttl_overestimate_one,stationary_discounted,157,0.6833333333333333,0.9666666666666667,0.2833333333333333,0.0,60,4320,60,0.0003715,0.0010539499999999997,0.00111
ttl_overestimate_one,stationary_discounted,158,0.6666666666666666,0.9666666666666667,0.3,0.0,60,4320,60,0.000375,0.0009428199999999979,0.001298
ttl_overestimate_one,stationary_discounted,159,0.6166666666666667,0.9,0.2833333333333333,0.0,60,4320,60,0.00036649999999999996,0.0007964099999999989,0.000974
ttl_overestimate_one,stationary_discounted,160,0.6333333333333333,0.9333333333333333,0.3,0.0,60,4320,60,0.0003615,0.000761619999999999,0.000928
ttl_overestimate_one,stationary_discounted,161,0.5833333333333334,0.9666666666666667,0.38333333333333336,0.0,60,4320,60,0.000374,0.0008963899999999983,0.001179
ttl_overestimate_one,stationary_discounted,162,0.5833333333333334,0.85,0.26666666666666666,0.0,60,4320,60,0.0003485,0.0008292499999999986,0.00108
ttl_overestimate_one,stationary_discounted,163,0.6166666666666667,0.9333333333333333,0.31666666666666665,0.0,60,4320,60,0.00034449999999999997,0.0007802999999999989,0.000975
ttl_overestimate_one,stationary_discounted,164,0.6,0.9166666666666666,0.31666666666666665,0.0,60,4320,60,0.0003675,0.0007921699999999992,0.000932
ttl_overestimate_one,stationary_discounted,165,0.6333333333333333,0.9166666666666666,0.2833333333333333,0.0,60,4320,60,0.0003625,0.0008562999999999986,0.00111
ttl_overestimate_one,stationary_discounted,166,0.6166666666666667,0.9333333333333333,0.31666666666666665,0.0,60,4320,60,0.0003625,0.0008604799999999985,0.001113
ttl_overestimate_one,stationary_discounted,167,0.6833333333333333,0.9666666666666667,0.2833333333333333,0.0,60,4320,60,0.0003895,0.0007862499999999992,0.000919
ttl_overestimate_one,stationary_discounted,168,0.65,0.9333333333333333,0.2833333333333333,0.0,60,4320,60,0.00045,0.0017030899999999976,0.002145
ttl_overestimate_one,stationary_discounted,169,0.65,0.95,0.3,0.0,60,4320,60,0.0005629999999999999,0.014176459999999997,0.014829
ttl_overestimate_one,stationary_discounted,170,0.6833333333333333,0.9166666666666666,0.23333333333333334,0.0,60,4320,60,0.00036899999999999997,0.001039699999999999,0.001199
ttl_overestimate_one,stationary_discounted,171,0.6,0.9,0.3,0.0,60,4320,60,0.00036,0.0007712699999999988,0.000976
ttl_overestimate_one,stationary_discounted,172,0.6166666666666667,0.9333333333333333,0.31666666666666665,0.0,60,4320,60,0.000442,0.0010300799999999994,0.001141
ttl_overestimate_one,stationary_discounted,173,0.6166666666666667,0.9166666666666666,0.3,0.0,60,4320,60,0.0005775,0.0011628399999999985,0.001413
ttl_overestimate_one,stationary_discounted,174,0.6166666666666667,0.8833333333333333,0.26666666666666666,0.0,60,4320,60,0.0005009999999999999,0.0009633099999999983,0.001253
ttl_overestimate_one,stationary_discounted,175,0.7166666666666667,0.9833333333333333,0.26666666666666666,0.0,60,4320,60,0.000508,0.0014451699999999993,0.001585
ttl_overestimate_one,stationary_discounted,176,0.6166666666666667,0.9666666666666667,0.35,0.0,60,4320,60,0.0006355,0.0008904299999999989,0.001081
ttl_overestimate_one,stationary_discounted,177,0.65,0.9166666666666666,0.26666666666666666,0.0,60,4320,60,0.000596,0.0010385499999999992,0.001189
ttl_overestimate_one,stationary_discounted,178,0.6833333333333333,0.9666666666666667,0.2833333333333333,0.0,60,4320,60,0.0006565,0.0009973199999999992,0.001146
ttl_overestimate_one,stationary_discounted,179,0.65,0.9666666666666667,0.31666666666666665,0.0,60,4320,60,0.0006399999999999999,0.008448649999999945,0.01775
ttl_overestimate_one,stationary_discounted,180,0.65,0.9666666666666667,0.31666666666666665,0.0,60,4320,60,0.0006505,0.0017177099999999956,0.002503
ttl_overestimate_one,stationary_discounted,181,0.6666666666666666,0.9833333333333333,0.31666666666666665,0.0,60,4320,60,0.0006065,0.0016631099999999987,0.001882
ttl_overestimate_one,stationary_discounted,182,0.6,0.9333333333333333,0.3333333333333333,0.0,60,4320,60,0.000552,0.0014438599999999973,0.001884
ttl_overestimate_one,stationary_discounted,183,0.7,0.9833333333333333,0.2833333333333333,0.0,60,4320,60,0.0006445,0.004560149999999973,0.009289
ttl_overestimate_one,stationary_discounted,184,0.7,0.9666666666666667,0.26666666666666666,0.0,60,4320,60,0.000602,0.0012313299999999973,0.001711
ttl_overestimate_one,stationary_discounted,185,0.6666666666666666,0.95,0.2833333333333333,0.0,60,4320,60,0.0005935000000000001,0.0011431099999999986,0.001362
ttl_overestimate_one,stationary_discounted,186,0.65,0.9666666666666667,0.31666666666666665,0.0,60,4320,60,0.00064,0.0011067499999999984,0.001387
ttl_overestimate_one,stationary_discounted,187,0.65,0.9166666666666666,0.26666666666666666,0.0,60,4320,60,0.0006435,0.0011728199999999982,0.001469
ttl_overestimate_one,stationary_discounted,188,0.6,0.9666666666666667,0.36666666666666664,0.0,60,4320,60,0.0005705,0.001151849999999999,0.00132
ttl_overestimate_one,stationary_discounted,189,0.65,0.95,0.3,0.0,60,4320,60,0.000648,0.0015632399999999987,0.001778
ttl_overestimate_one,stationary_discounted,190,0.6666666666666666,0.95,0.2833333333333333,0.0,60,4320,60,0.000368,0.0013344799999999975,0.001764
ttl_overestimate_one,stationary_discounted,191,0.6,0.95,0.35,0.0,60,4320,60,0.0003725,0.0009462799999999979,0.001305
ttl_overestimate_one,stationary_discounted,192,0.6833333333333333,0.9666666666666667,0.2833333333333333,0.0,60,4320,60,0.0003805,0.000921519999999998,0.001259
ttl_overestimate_one,stationary_discounted,193,0.65,0.9333333333333333,0.2833333333333333,0.0,60,4320,60,0.000384,0.0010951599999999993,0.001199
ttl_overestimate_one,stationary_discounted,194,0.6833333333333333,0.9666666666666667,0.2833333333333333,0.0,60,4320,60,0.00036050000000000003,0.0007145499999999991,0.000865
ttl_overestimate_one,stationary_discounted,195,0.6166666666666667,0.9166666666666666,0.3,0.0,60,4320,60,0.000363,0.0010400499999999994,0.001161
ttl_overestimate_one,stationary_discounted,196,0.6833333333333333,0.9666666666666667,0.2833333333333333,0.0,60,4320,60,0.000361,0.000743999999999999,0.000921
ttl_overestimate_one,stationary_discounted,197,0.6,0.9666666666666667,0.36666666666666664,0.0,60,4320,60,0.0003585,0.0007180199999999992,0.000849
ttl_overestimate_one,stationary_discounted,198,0.7166666666666667,0.9666666666666667,0.25,0.0,60,4320,60,0.0003765,0.0007565199999999995,0.000858
ttl_overestimate_one,stationary_discounted,199,0.6666666666666666,0.9833333333333333,0.31666666666666665,0.0,60,4320,60,0.0003775,0.0007473699999999987,0.000958
ttl_overestimate_one,stationary_discounted,200,0.65,0.9666666666666667,0.31666666666666665,0.0,60,4320,60,0.0008435000000000001,0.0028442999999999897,0.004691
ttl_overestimate_one,stationary_discounted,201,0.6333333333333333,0.9166666666666666,0.2833333333333333,0.0,60,4320,60,0.000821,0.0014887899999999976,0.001913
ttl_overestimate_one,stationary_discounted,202,0.6166666666666667,0.9,0.2833333333333333,0.0,60,4320,60,0.000801,0.001463259999999998,0.001809
ttl_overestimate_one,stationary_discounted,203,0.6666666666666666,0.95,0.2833333333333333,0.0,60,4320,60,0.0006665,0.002202679999999991,0.003706
ttl_overestimate_one,stationary_discounted,204,0.5833333333333334,0.9166666666666666,0.3333333333333333,0.0,60,4320,60,0.000652,0.001137179999999998,0.00149
ttl_overestimate_one,stationary_discounted,205,0.5833333333333334,0.9,0.31666666666666665,0.0,60,4320,60,0.0006615,0.0011955099999999975,0.001615
ttl_overestimate_one,stationary_discounted,206,0.6833333333333333,0.9833333333333333,0.3,0.0,60,4320,60,0.000667,0.001060939999999999,0.001258
ttl_overestimate_one,stationary_discounted,207,0.65,0.9666666666666667,0.31666666666666665,0.0,60,4320,60,0.0006065,0.0012370199999999995,0.001309
ttl_overestimate_one,stationary_discounted,208,0.65,0.95,0.3,0.0,60,4320,60,0.000368,0.0007983299999999989,0.000983
ttl_overestimate_one,stationary_discounted,209,0.7,0.9666666666666667,0.26666666666666666,0.0,60,4320,60,0.0003645,0.0007588499999999991,0.000927
ttl_overestimate_one,stationary_discounted,210,0.6666666666666666,0.9333333333333333,0.26666666666666666,0.0,60,4320,60,0.000366,0.0007239199999999989,0.000908
ttl_overestimate_one,stationary_discounted,211,0.6333333333333333,0.95,0.31666666666666665,0.0,60,4320,60,0.0003705,0.0007019299999999987,0.000922
ttl_overestimate_one,stationary_discounted,212,0.6166666666666667,0.95,0.3333333333333333,0.0,60,4320,60,0.000364,0.000724309999999999,0.000896
ttl_overestimate_one,stationary_discounted,213,0.7166666666666667,0.9833333333333333,0.26666666666666666,0.0,60,4320,60,0.000366,0.0008033099999999987,0.001034
ttl_overestimate_one,stationary_discounted,214,0.6333333333333333,0.9833333333333333,0.35,0.0,60,4320,60,0.000388,0.0009203599999999977,0.001331
ttl_overestimate_one,stationary_discounted,215,0.65,0.95,0.3,0.0,60,4320,60,0.0003875,0.0007634799999999989,0.000957
ttl_overestimate_one,stationary_discounted,216,0.65,0.9666666666666667,0.31666666666666665,0.0,60,4320,60,0.00037200000000000004,0.0010176799999999995,0.001105
ttl_overestimate_one,stationary_discounted,217,0.6333333333333333,0.8833333333333333,0.25,0.0,60,4320,60,0.000573,0.0026532199999999917,0.004094
ttl_overestimate_one,stationary_discounted,218,0.6666666666666666,0.95,0.2833333333333333,0.0,60,4320,60,0.000661,0.001572019999999997,0.002116
ttl_overestimate_one,stationary_discounted,219,0.6833333333333333,0.9333333333333333,0.25,0.0,60,4320,60,0.000655,0.0012389499999999986,0.001472
ttl_overestimate_one,stationary_discounted,220,0.6666666666666666,0.9833333333333333,0.31666666666666665,0.0,60,4320,60,0.000645,0.0010893699999999988,0.0013
ttl_overestimate_one,stationary_discounted,221,0.6166666666666667,0.9333333333333333,0.31666666666666665,0.0,60,4320,60,0.000633,0.0010663199999999989,0.001274
ttl_overestimate_one,stationary_discounted,222,0.7166666666666667,0.9833333333333333,0.26666666666666666,0.0,60,4320,60,0.000426,0.0013005999999999988,0.001513
ttl_overestimate_one,stationary_discounted,223,0.6666666666666666,0.95,0.2833333333333333,0.0,60,4320,60,0.000349,0.0008962499999999988,0.001088
ttl_overestimate_one,stationary_discounted,224,0.6,0.9333333333333333,0.3333333333333333,0.0,60,4320,60,0.0003635,0.0010627299999999998,0.001094
ttl_overestimate_one,stationary_discounted,225,0.6166666666666667,0.9166666666666666,0.3,0.0,60,4320,60,0.00034250000000000003,0.0007954199999999995,0.000891
ttl_overestimate_one,stationary_discounted,226,0.6,0.9,0.3,0.0,60,4320,60,0.000362,0.0006960699999999993,0.00083
ttl_overestimate_one,stationary_discounted,227,0.6333333333333333,0.9166666666666666,0.2833333333333333,0.0,60,4320,60,0.000355,0.0007421699999999991,0.000882
ttl_overestimate_one,stationary_discounted,228,0.6333333333333333,0.95,0.31666666666666665,0.0,60,4320,60,0.0008075000000000001,0.0023369899999999945,0.003304
ttl_overestimate_one,stationary_discounted,229,0.6333333333333333,0.95,0.31666666666666665,0.0,60,4320,60,0.0008385,0.0017902699999999968,0.002349
ttl_overestimate_one,stationary_discounted,230,0.6666666666666666,0.9333333333333333,0.26666666666666666,0.0,60,4320,60,0.0008730000000000001,0.009632119999999942,0.01974
ttl_overestimate_one,stationary_discounted,231,0.5333333333333333,0.8,0.26666666666666666,0.0,60,4320,60,0.000491,0.0022666599999999963,0.002931
ttl_overestimate_one,stationary_discounted,232,0.6666666666666666,0.9666666666666667,0.3,0.0,60,4320,60,0.000368,0.0010899899999999977,0.001467
ttl_overestimate_one,stationary_discounted,233,0.6333333333333333,0.9333333333333333,0.3,0.0,60,4320,60,0.000368,0.0008153099999999993,0.000928
ttl_overestimate_one,stationary_discounted,234,0.6666666666666666,0.9666666666666667,0.3,0.0,60,4320,60,0.000367,0.0007447099999999991,0.000881
ttl_overestimate_one,stationary_discounted,235,0.75,0.9833333333333333,0.23333333333333334,0.0,60,4320,60,0.000365,0.0007056299999999988,0.000908
ttl_overestimate_one,stationary_discounted,236,0.6833333333333333,0.9333333333333333,0.25,0.0,60,4320,60,0.00037,0.0007422299999999993,0.000862
ttl_overestimate_one,stationary_discounted,237,0.6666666666666666,0.9333333333333333,0.26666666666666666,0.0,60,4320,60,0.00036399999999999996,0.0007171199999999993,0.000854
ttl_overestimate_one,stationary_discounted,238,0.5833333333333334,0.9,0.31666666666666665,0.0,60,4320,60,0.0003595,0.0007203199999999991,0.000869
ttl_overestimate_one,stationary_discounted,239,0.6333333333333333,0.9666666666666667,0.3333333333333333,0.0,60,4320,60,0.0003555,0.0011882199999999974,0.001626
ttl_overestimate_one,stationary_discounted,240,0.65,0.9333333333333333,0.2833333333333333,0.0,60,4320,60,0.000354,0.0009540999999999993,0.001078
ttl_overestimate_one,stationary_discounted,241,0.6833333333333333,0.9666666666666667,0.2833333333333333,0.0,60,4320,60,0.00036,0.0007731399999999984,0.001041
ttl_overestimate_one,stationary_discounted,242,0.6166666666666667,0.9,0.2833333333333333,0.0,60,4320,60,0.0006889999999999999,0.0016871499999999997,0.001755
ttl_overestimate_one,stationary_discounted,243,0.7166666666666667,0.9833333333333333,0.26666666666666666,0.0,60,4320,60,0.000673,0.001306869999999998,0.001665
ttl_overestimate_one,stationary_discounted,244,0.6666666666666666,0.95,0.2833333333333333,0.0,60,4320,60,0.0006464999999999999,0.0011203699999999988,0.001331
ttl_overestimate_one,stationary_discounted,245,0.6666666666666666,0.9166666666666666,0.25,0.0,60,4320,60,0.00038250000000000003,0.011722399999999914,0.026555
ttl_overestimate_one,stationary_discounted,246,0.6666666666666666,0.9666666666666667,0.3,0.0,60,4320,60,0.0003615,0.0010269799999999985,0.001309
ttl_overestimate_one,stationary_discounted,247,0.6333333333333333,0.9333333333333333,0.3,0.0,60,4320,60,0.000354,0.0007901699999999989,0.000989
ttl_overestimate_one,stationary_discounted,248,0.6166666666666667,0.95,0.3333333333333333,0.0,60,4320,60,0.000374,0.0007871699999999987,0.000986
ttl_overestimate_one,stationary_discounted,249,0.6833333333333333,0.9666666666666667,0.2833333333333333,0.0,60,4320,60,0.0003625,0.000799619999999999,0.000966
ttl_overestimate_one,stationary_discounted,250,0.6,0.8833333333333333,0.2833333333333333,0.0,60,4320,60,0.0003675,0.0007254499999999988,0.000929
ttl_overestimate_one,stationary_discounted,251,0.6,0.9,0.3,0.0,60,4320,60,0.0003635,0.0008476999999999988,0.001066
ttl_overestimate_one,stationary_discounted,252,0.7,0.9666666666666667,0.26666666666666666,0.0,60,4320,60,0.000358,0.000744259999999999,0.000913
ttl_overestimate_one,stationary_discounted,253,0.65,0.9166666666666666,0.26666666666666666,0.0,60,4320,60,0.000354,0.0008010599999999987,0.001017
ttl_overestimate_one,stationary_discounted,254,0.6166666666666667,0.9166666666666666,0.3,0.0,60,4320,60,0.000358,0.0007584799999999992,0.000893
ttl_overestimate_one,stationary_discounted,255,0.65,0.95,0.3,0.0,60,4320,60,0.00036050000000000003,0.0007347799999999991,0.000887
ttl_overestimate_one,stationary_discounted,256,0.6,0.9333333333333333,0.3333333333333333,0.0,60,4320,60,0.000665,0.0008396699999999997,0.000891
ttl_overestimate_one,stationary_discounted,257,0.6333333333333333,0.9833333333333333,0.35,0.0,60,4320,60,0.000523,0.001330229999999997,0.001863
ttl_overestimate_one,stationary_discounted,258,0.6,0.95,0.35,0.0,60,4320,60,0.0006525000000000001,0.0013706899999999973,0.001848
ttl_overestimate_one,stationary_discounted,259,0.6666666666666666,0.9666666666666667,0.3,0.0,60,4320,60,0.0005525,0.001984129999999996,0.002688
ttl_overestimate_one,stationary_discounted,260,0.6333333333333333,0.9166666666666666,0.2833333333333333,0.0,60,4320,60,0.000465,0.0015084399999999972,0.00203
ttl_overestimate_one,stationary_discounted,261,0.6666666666666666,0.95,0.2833333333333333,0.0,60,4320,60,0.000645,0.001325049999999998,0.001682
ttl_overestimate_one,stationary_discounted,262,0.6,0.9833333333333333,0.38333333333333336,0.0,60,4320,60,0.0006205,0.0011594499999999985,0.001422
ttl_overestimate_one,stationary_discounted,263,0.5666666666666667,0.8833333333333333,0.31666666666666665,0.0,60,4320,60,0.000639,0.008324249999999943,0.01831
ttl_overestimate_one,stationary_discounted,264,0.6333333333333333,0.95,0.31666666666666665,0.0,60,4320,60,0.000645,0.0012383399999999977,0.001636
ttl_overestimate_one,stationary_discounted,265,0.6333333333333333,0.95,0.31666666666666665,0.0,60,4320,60,0.0006405,0.0011620999999999988,0.001345
ttl_overestimate_one,stationary_discounted,266,0.6,0.9333333333333333,0.3333333333333333,0.0,60,4320,60,0.0006399999999999999,0.0010647799999999987,0.001276
ttl_overestimate_one,stationary_discounted,267,0.6,0.95,0.35,0.0,60,4320,60,0.0007164999999999999,0.0016223999999999956,0.002413
ttl_overestimate_one,stationary_discounted,268,0.6666666666666666,0.9666666666666667,0.3,0.0,60,4320,60,0.000691,0.0013455299999999982,0.00166
ttl_overestimate_one,stationary_discounted,269,0.6666666666666666,0.95,0.2833333333333333,0.0,60,4320,60,0.000653,0.0013382099999999977,0.00174
ttl_overestimate_one,stationary_discounted,270,0.6666666666666666,0.9666666666666667,0.3,0.0,60,4320,60,0.000664,0.0017008599999999965,0.002318
ttl_overestimate_one,stationary_discounted,271,0.55,0.9166666666666666,0.36666666666666664,0.0,60,4320,60,0.000709,0.0012696199999999984,0.001554
ttl_overestimate_one,stationary_discounted,272,0.6666666666666666,0.9833333333333333,0.31666666666666665,0.0,60,4320,60,0.0007055,0.0012381499999999986,0.001483
ttl_overestimate_one,stationary_discounted,273,0.6,0.9166666666666666,0.31666666666666665,0.0,60,4320,60,0.000694,0.0014990699999999986,0.001751
ttl_overestimate_one,stationary_discounted,274,0.6833333333333333,0.9666666666666667,0.2833333333333333,0.0,60,4320,60,0.000693,0.0012633699999999991,0.001415
ttl_overestimate_one,stationary_discounted,275,0.6,0.8833333333333333,0.2833333333333333,0.0,60,4320,60,0.000392,0.0008805899999999983,0.001175
ttl_overestimate_one,stationary_discounted,276,0.65,0.9,0.25,0.0,60,4320,60,0.000383,0.00169466,0.00171
ttl_overestimate_one,stationary_discounted,277,0.65,0.95,0.3,0.0,60,4320,60,0.000661,0.05863830999999953,0.140643
ttl_overestimate_one,stationary_discounted,278,0.6833333333333333,0.95,0.26666666666666666,0.0,60,4320,60,0.000693,0.0018586499999999995,0.001956
ttl_overestimate_one,stationary_discounted,279,0.65,0.95,0.3,0.0,60,4320,60,0.000668,0.0011506699999999984,0.001438
ttl_overestimate_one,stationary_discounted,280,0.55,0.85,0.3,0.0,60,4320,60,0.000665,0.0012708699999999986,0.001511
ttl_overestimate_one,stationary_discounted,281,0.6666666666666666,0.9166666666666666,0.25,0.0,60,4320,60,0.0006720000000000001,0.0015877499999999993,0.001691
ttl_overestimate_one,stationary_discounted,282,0.7,0.95,0.25,0.0,60,4320,60,0.0006414999999999999,0.0012086299999999983,0.00147
ttl_overestimate_one,stationary_discounted,283,0.6666666666666666,0.9333333333333333,0.26666666666666666,0.0,60,4320,60,0.0006605000000000001,0.007011829999999953,0.015132
ttl_overestimate_one,stationary_discounted,284,0.6333333333333333,0.9333333333333333,0.3,0.0,60,4320,60,0.000612,0.0010552499999999985,0.001306
ttl_overestimate_one,stationary_discounted,285,0.6833333333333333,0.95,0.26666666666666666,0.0,60,4320,60,0.0006399999999999999,0.0011009299999999987,0.001321
ttl_overestimate_one,stationary_discounted,286,0.6666666666666666,0.95,0.2833333333333333,0.0,60,4320,60,0.000641,0.001453289999999999,0.001612
ttl_overestimate_one,stationary_discounted,287,0.7,0.9666666666666667,0.26666666666666666,0.0,60,4320,60,0.000357,0.0007635199999999991,0.000924
ttl_overestimate_one,stationary_discounted,288,0.65,0.9333333333333333,0.2833333333333333,0.0,60,4320,60,0.000369,0.0007469299999999991,0.000908
ttl_overestimate_one,stationary_discounted,289,0.6,0.9333333333333333,0.3333333333333333,0.0,60,4320,60,0.00036300000000000004,0.000766619999999999,0.000933
ttl_overestimate_one,stationary_discounted,290,0.7166666666666667,0.9833333333333333,0.26666666666666666,0.0,60,4320,60,0.0003645,0.0008497299999999984,0.001117
ttl_overestimate_one,stationary_discounted,291,0.6666666666666666,0.9333333333333333,0.26666666666666666,0.0,60,4320,60,0.0003655,0.0007512899999999991,0.00091
ttl_overestimate_one,stationary_discounted,292,0.6166666666666667,0.9333333333333333,0.31666666666666665,0.0,60,4320,60,0.0003635,0.0007543799999999989,0.000942
ttl_overestimate_one,stationary_discounted,293,0.7,0.9833333333333333,0.2833333333333333,0.0,60,4320,60,0.0003685,0.0007361899999999988,0.000948
ttl_overestimate_one,stationary_discounted,294,0.65,0.9833333333333333,0.3333333333333333,0.0,60,4320,60,0.0003595,0.0010053499999999995,0.001085
ttl_overestimate_one,stationary_discounted,295,0.6166666666666667,0.95,0.3333333333333333,0.0,60,4320,60,0.000364,0.000715949999999999,0.00089
ttl_overestimate_one,stationary_discounted,296,0.6666666666666666,0.95,0.2833333333333333,0.0,60,4320,60,0.0003685,0.0007058999999999993,0.000818
ttl_overestimate_one,stationary_discounted,297,0.7166666666666667,0.95,0.23333333333333334,0.0,60,4320,60,0.0003775,0.0007698799999999984,0.001046
ttl_overestimate_one,stationary_discounted,298,0.7,0.95,0.25,0.0,60,4320,60,0.00037,0.0007397299999999991,0.000889
ttl_overestimate_one,stationary_discounted,299,0.6166666666666667,0.9333333333333333,0.31666666666666665,0.0,60,4320,60,0.000368,0.0010153099999999993,0.001128
ttl_overestimate_one,stationary_discounted,300,0.6333333333333333,0.9166666666666666,0.2833333333333333,0.0,60,4320,60,0.000362,0.0007760499999999983,0.001074
ttl_overestimate_one,stationary_discounted,301,0.6166666666666667,0.9333333333333333,0.31666666666666665,0.0,60,4320,60,0.000362,0.0007488799999999984,0.001025
ttl_overestimate_one,stationary_discounted,302,0.6333333333333333,0.9,0.26666666666666666,0.0,60,4320,60,0.0003745,0.0007647099999999992,0.000901
ttl_overestimate_one,stationary_discounted,303,0.5833333333333334,0.8833333333333333,0.3,0.0,60,4320,60,0.000379,0.000740739999999999,0.000926
ttl_overestimate_one,stationary_discounted,304,0.6666666666666666,0.9666666666666667,0.3,0.0,60,4320,60,0.0006625,0.0013665299999999975,0.001799
ttl_overestimate_one,stationary_discounted,305,0.5666666666666667,0.9,0.3333333333333333,0.0,60,4320,60,0.0006605000000000001,0.0011639299999999988,0.001384
ttl_overestimate_one,stationary_discounted,306,0.6,0.8833333333333333,0.2833333333333333,0.0,60,4320,60,0.0005605,0.0023949399999999934,0.003595
ttl_overestimate_one,stationary_discounted,307,0.6333333333333333,0.9333333333333333,0.3,0.0,60,4320,60,0.000379,0.001103429999999998,0.001471
ttl_overestimate_one,stationary_discounted,308,0.65,0.9166666666666666,0.26666666666666666,0.0,60,4320,60,0.000602,0.0012750699999999982,0.001586
ttl_overestimate_one,stationary_discounted,309,0.6333333333333333,0.9,0.26666666666666666,0.0,60,4320,60,0.0006445,0.0012248499999999982,0.001511
ttl_overestimate_one,stationary_discounted,310,0.6833333333333333,0.9666666666666667,0.2833333333333333,0.0,60,4320,60,0.0006275,0.0010087699999999987,0.001243
ttl_overestimate_one,stationary_discounted,311,0.6666666666666666,0.9666666666666667,0.3,0.0,60,4320,60,0.0006555,0.0013280599999999987,0.001544
ttl_overestimate_one,stationary_discounted,312,0.65,0.9833333333333333,0.3333333333333333,0.0,60,4320,60,0.0006414999999999999,0.0011701699999999982,0.001487
ttl_overestimate_one,stationary_discounted,313,0.6333333333333333,0.9333333333333333,0.3,0.0,60,4320,60,0.000486,0.0010761999999999976,0.001501
ttl_overestimate_one,stationary_discounted,314,0.7166666666666667,0.9666666666666667,0.25,0.0,60,4320,60,0.000545,0.0012338999999999987,0.001464
ttl_overestimate_one,stationary_discounted,315,0.7166666666666667,0.9833333333333333,0.26666666666666666,0.0,60,4320,60,0.0006795,0.0018360299999999993,0.001944
ttl_overestimate_one,stationary_discounted,316,0.6,0.9333333333333333,0.3333333333333333,0.0,60,4320,60,0.0006594999999999999,0.0015920899999999991,0.001739
ttl_overestimate_one,stationary_discounted,317,0.6,0.8833333333333333,0.2833333333333333,0.0,60,4320,60,0.0006935,0.001480569999999999,0.001644
ttl_overestimate_one,stationary_discounted,318,0.6666666666666666,0.9666666666666667,0.3,0.0,60,4320,60,0.0006299999999999999,0.001229279999999998,0.001588
ttl_overestimate_one,stationary_discounted,319,0.55,0.85,0.3,0.0,60,4320,60,0.0006180000000000001,0.0009740899999999992,0.001121
ttl_overestimate_one,stationary_discounted,320,0.7,0.9666666666666667,0.26666666666666666,0.0,60,4320,60,0.000621,0.0012514499999999977,0.001632
ttl_overestimate_one,stationary_discounted,321,0.55,0.8833333333333333,0.3333333333333333,0.0,60,4320,60,0.000688,0.0012989799999999986,0.001522
ttl_overestimate_one,stationary_discounted,322,0.5833333333333334,0.9166666666666666,0.3333333333333333,0.0,60,4320,60,0.0006275,0.0011891099999999986,0.001408
ttl_overestimate_one,stationary_discounted,323,0.65,0.9166666666666666,0.26666666666666666,0.0,60,4320,60,0.0006495,0.0010945199999999994,0.001196
ttl_overestimate_one,stationary_discounted,324,0.5666666666666667,0.9166666666666666,0.35,0.0,60,4320,60,0.000774,0.011311969999999935,0.022414
ttl_overestimate_one,stationary_discounted,325,0.6666666666666666,0.9333333333333333,0.26666666666666666,0.0,60,4320,60,0.0006125,0.0012488799999999967,0.00182
ttl_overestimate_one,stationary_discounted,326,0.6666666666666666,0.95,0.2833333333333333,0.0,60,4320,60,0.0006219999999999999,0.0010746199999999984,0.001359
ttl_overestimate_one,stationary_discounted,327,0.7,0.9666666666666667,0.26666666666666666,0.0,60,4320,60,0.000608,0.0012436099999999992,0.001374
ttl_overestimate_one,stationary_discounted,328,0.6333333333333333,0.9166666666666666,0.2833333333333333,0.0,60,4320,60,0.0006054999999999999,0.0009262499999999989,0.001118
ttl_overestimate_one,stationary_discounted,329,0.6833333333333333,0.9333333333333333,0.25,0.0,60,4320,60,0.0006815,0.0015770899999999997,0.001606
ttl_overestimate_one,stationary_discounted,330,0.5333333333333333,0.8333333333333334,0.3,0.0,60,4320,60,0.0006490000000000001,0.0013616799999999981,0.001685
ttl_overestimate_one,stationary_discounted,331,0.7166666666666667,0.95,0.23333333333333334,0.0,60,4320,60,0.000629,0.0010858499999999987,0.001313
ttl_overestimate_one,stationary_discounted,332,0.65,0.9833333333333333,0.3333333333333333,0.0,60,4320,60,0.0006205,0.0012504499999999976,0.00169
ttl_overestimate_one,stationary_discounted,333,0.6,0.9,0.3,0.0,60,4320,60,0.000621,0.0011215199999999993,0.001223
ttl_overestimate_one,stationary_discounted,334,0.65,0.9833333333333333,0.3333333333333333,0.0,60,4320,60,0.000656,0.001494349999999999,0.001633
ttl_overestimate_one,stationary_discounted,335,0.6666666666666666,0.9666666666666667,0.3,0.0,60,4320,60,0.000784,0.010318979999999948,0.019156
ttl_overestimate_one,stationary_discounted,336,0.6833333333333333,0.95,0.26666666666666666,0.0,60,4320,60,0.000558,0.0009623199999999985,0.001229
ttl_overestimate_one,stationary_discounted,337,0.6833333333333333,0.9666666666666667,0.2833333333333333,0.0,60,4320,60,0.0005275,0.0011106599999999992,0.001244
ttl_overestimate_one,stationary_discounted,338,0.6166666666666667,0.9166666666666666,0.3,0.0,60,4320,60,0.00056,0.0009720899999999995,0.00106
ttl_overestimate_one,stationary_discounted,339,0.5833333333333334,0.9166666666666666,0.3333333333333333,0.0,60,4320,60,0.0005545,0.0009941399999999984,0.001262
ttl_overestimate_one,stationary_discounted,340,0.6333333333333333,0.9333333333333333,0.3,0.0,60,4320,60,0.000375,0.0010969899999999989,0.001297
ttl_overestimate_one,stationary_discounted,341,0.5666666666666667,0.9166666666666666,0.35,0.0,60,4320,60,0.0004235,0.0008937399999999986,0.001138
ttl_overestimate_one,stationary_discounted,342,0.6833333333333333,0.9833333333333333,0.3,0.0,60,4320,60,0.0005045,0.0009709799999999993,0.001076
ttl_overestimate_one,stationary_discounted,343,0.6166666666666667,0.9166666666666666,0.3,0.0,60,4320,60,0.0004945,0.000819029999999999,0.000986
ttl_overestimate_one,stationary_discounted,344,0.6666666666666666,0.9666666666666667,0.3,0.0,60,4320,60,0.000546,0.0008856999999999987,0.001104
ttl_overestimate_one,stationary_discounted,345,0.5833333333333334,0.9,0.31666666666666665,0.0,60,4320,60,0.0003875,0.0009057599999999982,0.001222
ttl_overestimate_one,stationary_discounted,346,0.6833333333333333,0.9666666666666667,0.2833333333333333,0.0,60,4320,60,0.0006000000000000001,0.0010113699999999978,0.001399
ttl_overestimate_one,stationary_discounted,347,0.65,0.9333333333333333,0.2833333333333333,0.0,60,4320,60,0.000374,0.001012979999999999,0.001177
ttl_overestimate_one,stationary_discounted,348,0.6333333333333333,0.95,0.31666666666666665,0.0,60,4320,60,0.0005995,0.0012392699999999972,0.001739
ttl_overestimate_one,stationary_discounted,349,0.6166666666666667,0.9166666666666666,0.3,0.0,60,4320,60,0.000562,0.004228919999999975,0.008602
ttl_overestimate_one,stationary_discounted,350,0.65,0.9666666666666667,0.31666666666666665,0.0,60,4320,60,0.0005855000000000001,0.001142889999999998,0.001514
ttl_overestimate_one,stationary_discounted,351,0.5666666666666667,0.9333333333333333,0.36666666666666664,0.0,60,4320,60,0.0005905,0.0009605699999999987,0.001183
ttl_overestimate_one,stationary_discounted,352,0.65,0.9833333333333333,0.3333333333333333,0.0,60,4320,60,0.0006284999999999999,0.001000279999999999,0.001182
ttl_overestimate_one,stationary_discounted,353,0.6166666666666667,0.9166666666666666,0.3,0.0,60,4320,60,0.000653,0.0013550499999999994,0.001476
ttl_overestimate_one,stationary_discounted,354,0.7166666666666667,0.9833333333333333,0.26666666666666666,0.0,60,4320,60,0.0005395,0.0011451099999999987,0.001364
ttl_overestimate_one,stationary_discounted,355,0.6333333333333333,0.95,0.31666666666666665,0.0,60,4320,60,0.0005665,0.0009224899999999993,0.001034
ttl_overestimate_one,stationary_discounted,356,0.7,0.9666666666666667,0.26666666666666666,0.0,60,4320,60,0.000596,0.001335979999999999,0.0015
ttl_overestimate_one,stationary_discounted,357,0.65,0.9166666666666666,0.26666666666666666,0.0,60,4320,60,0.0005430000000000001,0.0011604699999999985,0.001436
ttl_overestimate_one,stationary_discounted,358,0.6166666666666667,0.9166666666666666,0.3,0.0,60,4320,60,0.0006575,0.0011094799999999993,0.001244
ttl_overestimate_one,stationary_discounted,359,0.6666666666666666,0.95,0.2833333333333333,0.0,60,4320,60,0.0006835,0.0013307099999999982,0.001644
ttl_overestimate_one,stationary_discounted,360,0.65,0.95,0.3,0.0,60,4320,60,0.000624,0.0012777099999999979,0.00165
ttl_overestimate_one,stationary_discounted,361,0.6666666666666666,0.95,0.2833333333333333,0.0,60,4320,60,0.000608,0.0012092699999999982,0.001532
ttl_overestimate_one,stationary_discounted,362,0.5666666666666667,0.9166666666666666,0.35,0.0,60,4320,60,0.0005920000000000001,0.000991539999999999,0.001165
ttl_overestimate_one,stationary_discounted,363,0.65,0.9333333333333333,0.2833333333333333,0.0,60,4320,60,0.000595,0.0009277599999999985,0.001185
ttl_overestimate_one,stationary_discounted,364,0.6333333333333333,0.9166666666666666,0.2833333333333333,0.0,60,4320,60,0.000609,0.0015276799999999998,0.001556
ttl_overestimate_one,stationary_discounted,365,0.6166666666666667,0.9166666666666666,0.3,0.0,60,4320,60,0.000611,0.0010563499999999984,0.001313
ttl_overestimate_one,stationary_discounted,366,0.6333333333333333,0.9333333333333333,0.3,0.0,60,4320,60,0.0006365,0.0009937499999999988,0.001215
ttl_overestimate_one,stationary_discounted,367,0.6166666666666667,0.95,0.3333333333333333,0.0,60,4320,60,0.0006305,0.0012534499999999982,0.001575
ttl_overestimate_one,stationary_discounted,368,0.6333333333333333,0.9666666666666667,0.3333333333333333,0.0,60,4320,60,0.000822,0.028687569999999794,0.06431
ttl_overestimate_one,stationary_discounted,369,0.6166666666666667,0.8833333333333333,0.26666666666666666,0.0,60,4320,60,0.0006625,0.0016861299999999988,0.001918
ttl_overestimate_one,stationary_discounted,370,0.6,0.95,0.35,0.0,60,4320,60,0.0006425000000000001,0.0011808899999999982,0.001493
ttl_overestimate_one,stationary_discounted,371,0.6833333333333333,0.9666666666666667,0.2833333333333333,0.0,60,4320,60,0.0006464999999999999,0.0011260799999999987,0.001355
ttl_overestimate_one,stationary_discounted,372,0.6666666666666666,0.9333333333333333,0.26666666666666666,0.0,60,4320,60,0.000656,0.001548819999999999,0.001727
ttl_overestimate_one,stationary_discounted,373,0.5666666666666667,0.8666666666666667,0.3,0.0,60,4320,60,0.0006795,0.0011678199999999989,0.001346
ttl_overestimate_one,stationary_discounted,374,0.6166666666666667,0.9333333333333333,0.31666666666666665,0.0,60,4320,60,0.000632,0.001036099999999998,0.001396
ttl_overestimate_one,stationary_discounted,375,0.6833333333333333,0.9666666666666667,0.2833333333333333,0.0,60,4320,60,0.000751,0.0013814999999999988,0.001588
ttl_overestimate_one,stationary_discounted,376,0.7,0.9333333333333333,0.23333333333333334,0.0,60,4320,60,0.000741,0.001275229999999999,0.001454
ttl_overestimate_one,stationary_discounted,377,0.6166666666666667,0.9166666666666666,0.3,0.0,60,4320,60,0.00038250000000000003,0.001289869999999999,0.001471
ttl_overestimate_one,stationary_discounted,378,0.6333333333333333,0.9166666666666666,0.2833333333333333,0.0,60,4320,60,0.0003715,0.0007977299999999991,0.000947
ttl_overestimate_one,stationary_discounted,379,0.5166666666666667,0.9333333333333333,0.4166666666666667,0.0,60,4320,60,0.00037850000000000004,0.0011308399999999986,0.001381
ttl_overestimate_one,stationary_discounted,380,0.6833333333333333,0.95,0.26666666666666666,0.0,60,4320,60,0.0003745,0.0012104499999999985,0.001473
ttl_overestimate_one,stationary_discounted,381,0.6333333333333333,0.9,0.26666666666666666,0.0,60,4320,60,0.000577,0.0010740399999999988,0.001277
ttl_overestimate_one,stationary_discounted,382,0.65,0.9333333333333333,0.2833333333333333,0.0,60,4320,60,0.000379,0.0007929399999999989,0.00099
ttl_overestimate_one,stationary_discounted,383,0.6666666666666666,0.9333333333333333,0.26666666666666666,0.0,60,4320,60,0.0003765,0.0007982199999999991,0.000941
ttl_overestimate_one,stationary_discounted,384,0.65,0.95,0.3,0.0,60,4320,60,0.000382,0.0007952099999999988,0.00102
ttl_overestimate_one,stationary_discounted,385,0.6833333333333333,0.9666666666666667,0.2833333333333333,0.0,60,4320,60,0.000376,0.0010534199999999987,0.001267
ttl_overestimate_one,stationary_discounted,386,0.6833333333333333,0.9666666666666667,0.2833333333333333,0.0,60,4320,60,0.0003805,0.0007975999999999991,0.000951
ttl_overestimate_one,stationary_discounted,387,0.65,0.9333333333333333,0.2833333333333333,0.0,60,4320,60,0.000382,0.0008044999999999988,0.001011
ttl_overestimate_one,stationary_discounted,388,0.6,0.9333333333333333,0.3333333333333333,0.0,60,4320,60,0.0003725,0.0006903799999999989,0.000878
ttl_overestimate_one,stationary_discounted,389,0.6833333333333333,0.9666666666666667,0.2833333333333333,0.0,60,4320,60,0.00038449999999999997,0.0007948999999999988,0.001025
ttl_overestimate_one,stationary_discounted,390,0.6833333333333333,0.9666666666666667,0.2833333333333333,0.0,60,4320,60,0.000382,0.0007639899999999992,0.000905
ttl_overestimate_one,stationary_discounted,391,0.6833333333333333,0.9333333333333333,0.25,0.0,60,4320,60,0.0003745,0.0007298299999999991,0.000885
ttl_overestimate_one,stationary_discounted,392,0.65,0.9333333333333333,0.2833333333333333,0.0,60,4320,60,0.00037850000000000004,0.0007810299999999994,0.000889
ttl_overestimate_one,stationary_discounted,393,0.7166666666666667,0.9833333333333333,0.26666666666666666,0.0,60,4320,60,0.000361,0.0007233199999999988,0.000931
ttl_overestimate_one,stationary_discounted,394,0.6166666666666667,0.95,0.3333333333333333,0.0,60,4320,60,0.000369,0.0010444399999999993,0.001153
ttl_overestimate_one,stationary_discounted,395,0.6166666666666667,0.9166666666666666,0.3,0.0,60,4320,60,0.000376,0.0007232699999999992,0.000869
ttl_overestimate_one,stationary_discounted,396,0.65,0.9166666666666666,0.26666666666666666,0.0,60,4320,60,0.000378,0.0007808599999999992,0.000926
ttl_overestimate_one,stationary_discounted,397,0.7333333333333333,0.9833333333333333,0.25,0.0,60,4320,60,0.000371,0.0007613199999999991,0.00091
ttl_overestimate_one,stationary_discounted,398,0.6166666666666667,0.9333333333333333,0.31666666666666665,0.0,60,4320,60,0.0008265,0.002511579999999993,0.003773
ttl_overestimate_one,stationary_discounted,399,0.7166666666666667,0.9833333333333333,0.26666666666666666,0.0,60,4320,60,0.000824,0.0015318399999999979,0.0019
ttl_overestimate_one,stationary_discounted,400,0.65,0.95,0.3,0.0,60,4320,60,0.0008465,0.001420109999999998,0.001757
ttl_overestimate_one,stationary_discounted,401,0.6166666666666667,0.9333333333333333,0.31666666666666665,0.0,60,4320,60,0.0008625,0.0018234299999999996,0.001896
ttl_overestimate_one,stationary_discounted,402,0.6666666666666666,0.9666666666666667,0.3,0.0,60,4320,60,0.000834,0.0018984999999999996,0.001987
ttl_overestimate_one,stationary_discounted,403,0.6166666666666667,0.9166666666666666,0.3,0.0,60,4320,60,0.00087,0.0018581699999999993,0.001998
ttl_overestimate_one,stationary_discounted,404,0.6166666666666667,0.9166666666666666,0.3,0.0,60,4320,60,0.0008324999999999999,0.0013633699999999987,0.001574
ttl_overestimate_one,stationary_discounted,405,0.5833333333333334,0.9,0.31666666666666665,0.0,60,4320,60,0.000366,0.0015073999999999945,0.002475
ttl_overestimate_one,stationary_discounted,406,0.6,0.9,0.3,0.0,60,4320,60,0.0003595,0.000863949999999999,0.001038
ttl_overestimate_one,stationary_discounted,407,0.6,0.9333333333333333,0.3333333333333333,0.0,60,4320,60,0.0003615,0.0007759699999999989,0.000963
ttl_overestimate_one,stationary_discounted,408,0.6166666666666667,0.9166666666666666,0.3,0.0,60,4320,60,0.000362,0.000701359999999999,0.000876
ttl_overestimate_one,stationary_discounted,409,0.6166666666666667,0.9166666666666666,0.3,0.0,60,4320,60,0.0003645,0.000731849999999999,0.0009
ttl_overestimate_one,stationary_discounted,410,0.6,0.9,0.3,0.0,60,4320,60,0.000354,0.000682259999999999,0.000851
ttl_overestimate_one,stationary_discounted,411,0.6833333333333333,0.9833333333333333,0.3,0.0,60,4320,60,0.0003615,0.0007373899999999993,0.000843
ttl_overestimate_one,stationary_discounted,412,0.65,0.9166666666666666,0.26666666666666666,0.0,60,4320,60,0.000352,0.0007180499999999989,0.000898
ttl_overestimate_one,stationary_discounted,413,0.6,0.9333333333333333,0.3333333333333333,0.0,60,4320,60,0.000358,0.005317799999999963,0.011737
ttl_overestimate_one,stationary_discounted,414,0.6,0.8666666666666667,0.26666666666666666,0.0,60,4320,60,0.000366,0.0007645499999999991,0.000915
ttl_overestimate_one,stationary_discounted,415,0.5666666666666667,0.8166666666666667,0.25,0.0,60,4320,60,0.0003765,0.0008110399999999992,0.000955
ttl_overestimate_one,stationary_discounted,416,0.6833333333333333,0.9666666666666667,0.2833333333333333,0.0,60,4320,60,0.0003615,0.0006993899999999991,0.000864
ttl_overestimate_one,stationary_discounted,417,0.6666666666666666,0.9833333333333333,0.31666666666666665,0.0,60,4320,60,0.00036300000000000004,0.0007744199999999991,0.000929
ttl_overestimate_one,stationary_discounted,418,0.5833333333333334,0.9,0.31666666666666665,0.0,60,4320,60,0.0003615,0.0007970699999999989,0.00099
ttl_overestimate_one,stationary_discounted,419,0.65,0.95,0.3,0.0,60,4320,60,0.0003585,0.0006926299999999992,0.000836
ttl_overestimate_one,stationary_discounted,420,0.6333333333333333,0.9333333333333333,0.3,0.0,60,4320,60,0.0003675,0.0007989499999999993,0.000914
ttl_overestimate_one,stationary_discounted,421,0.6666666666666666,0.9666666666666667,0.3,0.0,60,4320,60,0.0006525,0.0015131499999999983,0.001817
ttl_overestimate_one,stationary_discounted,422,0.6666666666666666,0.9333333333333333,0.26666666666666666,0.0,60,4320,60,0.0006085,0.0014431599999999963,0.002078
ttl_overestimate_one,stationary_discounted,423,0.6333333333333333,0.9333333333333333,0.3,0.0,60,4320,60,0.0006594999999999999,0.0012002299999999992,0.00132
ttl_overestimate_one,stationary_discounted,424,0.65,0.9333333333333333,0.2833333333333333,0.0,60,4320,60,0.000653,0.0014211499999999988,0.001607
ttl_overestimate_one,stationary_discounted,425,0.7,0.95,0.25,0.0,60,4320,60,0.0006485,0.0010780899999999986,0.001343
ttl_overestimate_one,stationary_discounted,426,0.7,0.9833333333333333,0.2833333333333333,0.0,60,4320,60,0.000637,0.001124609999999999,0.001314
ttl_overestimate_one,stationary_discounted,427,0.6,0.9333333333333333,0.3333333333333333,0.0,60,4320,60,0.00063,0.0010866999999999986,0.001305
ttl_overestimate_one,stationary_discounted,428,0.65,0.95,0.3,0.0,60,4320,60,0.000663,0.0012182899999999988,0.001436
ttl_overestimate_one,stationary_discounted,429,0.65,0.9833333333333333,0.3333333333333333,0.0,60,4320,60,0.0006104999999999999,0.001289849999999998,0.001635
ttl_overestimate_one,stationary_discounted,430,0.6666666666666666,0.9166666666666666,0.25,0.0,60,4320,60,0.00066,0.0011132899999999988,0.001331
ttl_overestimate_one,stationary_discounted,431,0.6166666666666667,0.8666666666666667,0.25,0.0,60,4320,60,0.0006565,0.0071585199999999495,0.015815
ttl_overestimate_one,stationary_discounted,432,0.7,0.9833333333333333,0.2833333333333333,0.0,60,4320,60,0.0005679999999999999,0.0012702299999999972,0.001744
ttl_overestimate_one,stationary_discounted,433,0.7333333333333333,0.9833333333333333,0.25,0.0,60,4320,60,0.000373,0.0007594899999999991,0.00093
ttl_overestimate_one,stationary_discounted,434,0.65,0.95,0.3,0.0,60,4320,60,0.0003895,0.0008829899999999982,0.001201
ttl_overestimate_one,stationary_discounted,435,0.6666666666666666,0.9333333333333333,0.26666666666666666,0.0,60,4320,60,0.000385,0.0007587099999999996,0.000836
ttl_overestimate_one,stationary_discounted,436,0.6166666666666667,0.9333333333333333,0.31666666666666665,0.0,60,4320,60,0.0003645,0.000695669999999999,0.000865
ttl_overestimate_one,stationary_discounted,437,0.65,0.9333333333333333,0.2833333333333333,0.0,60,4320,60,0.000368,0.0008446299999999981,0.001165
ttl_overestimate_one,stationary_discounted,438,0.6666666666666666,0.9666666666666667,0.3,0.0,60,4320,60,0.000361,0.0007126099999999993,0.000843
ttl_overestimate_one,stationary_discounted,439,0.7166666666666667,0.9833333333333333,0.26666666666666666,0.0,60,4320,60,0.000372,0.0007614499999999988,0.000965
ttl_overestimate_one,stationary_discounted,440,0.6166666666666667,0.9,0.2833333333333333,0.0,60,4320,60,0.0003595,0.0007622899999999991,0.000921
ttl_overestimate_one,stationary_discounted,441,0.6,0.9,0.3,0.0,60,4320,60,0.0003565,0.0007158599999999992,0.000861
ttl_overestimate_one,stationary_discounted,442,0.6166666666666667,0.9333333333333333,0.31666666666666665,0.0,60,4320,60,0.0003685,0.0008233699999999995,0.000916
ttl_overestimate_one,stationary_discounted,443,0.6333333333333333,0.95,0.31666666666666665,0.0,60,4320,60,0.000384,0.0007763799999999989,0.000964
ttl_overestimate_one,stationary_discounted,444,0.65,0.95,0.3,0.0,60,4320,60,0.000348,0.0007851499999999986,0.00103
ttl_overestimate_one,stationary_discounted,445,0.7,0.9833333333333333,0.2833333333333333,0.0,60,4320,60,0.0003545,0.0007239399999999992,0.000862
ttl_overestimate_one,stationary_discounted,446,0.6,0.9666666666666667,0.36666666666666664,0.0,60,4320,60,0.000366,0.000683379999999999,0.000871
ttl_overestimate_one,stationary_discounted,447,0.6666666666666666,0.95,0.2833333333333333,0.0,60,4320,60,0.000357,0.0007549999999999989,0.000932
ttl_overestimate_one,stationary_discounted,448,0.6333333333333333,0.95,0.31666666666666665,0.0,60,4320,60,0.000368,0.0009874899999999993,0.001099
ttl_overestimate_one,stationary_discounted,449,0.6666666666666666,0.95,0.2833333333333333,0.0,60,4320,60,0.00036649999999999996,0.001143419999999998,0.001475
ttl_overestimate_one,stationary_discounted,450,0.6333333333333333,0.9166666666666666,0.2833333333333333,0.0,60,4320,60,0.0003555,0.000988439999999999,0.001156
ttl_overestimate_one,stationary_discounted,451,0.65,0.9333333333333333,0.2833333333333333,0.0,60,4320,60,0.00036950000000000004,0.0007814299999999992,0.000913
ttl_overestimate_one,stationary_discounted,452,0.65,0.95,0.3,0.0,60,4320,60,0.000384,0.0007356599999999989,0.000928
ttl_overestimate_one,stationary_discounted,453,0.6166666666666667,0.9,0.2833333333333333,0.0,60,4320,60,0.000378,0.000736569999999999,0.0009
ttl_overestimate_one,stationary_discounted,454,0.6666666666666666,0.9333333333333333,0.26666666666666666,0.0,60,4320,60,0.00038,0.0007337899999999989,0.000922
ttl_overestimate_one,stationary_discounted,455,0.6666666666666666,0.9666666666666667,0.3,0.0,60,4320,60,0.000364,0.0007209199999999989,0.000905
ttl_overestimate_one,stationary_discounted,456,0.6666666666666666,0.9333333333333333,0.26666666666666666,0.0,60,4320,60,0.0003735,0.0007496599999999992,0.000883
ttl_overestimate_one,stationary_discounted,457,0.6333333333333333,0.9333333333333333,0.3,0.0,60,4320,60,0.000382,0.0007946399999999986,0.001033
ttl_overestimate_one,stationary_discounted,458,0.5833333333333334,0.9666666666666667,0.38333333333333336,0.0,60,4320,60,0.0003675,0.0007260199999999993,0.000857
ttl_overestimate_one,stationary_discounted,459,0.6333333333333333,0.9166666666666666,0.2833333333333333,0.0,60,4320,60,0.000364,0.000712179999999999,0.000888
ttl_overestimate_one,stationary_discounted,460,0.6666666666666666,0.95,0.2833333333333333,0.0,60,4320,60,0.0003655,0.0007311899999999992,0.000884
ttl_overestimate_one,stationary_discounted,461,0.6166666666666667,0.9333333333333333,0.31666666666666665,0.0,60,4320,60,0.000363,0.0007677899999999989,0.000956
ttl_overestimate_one,stationary_discounted,462,0.65,0.95,0.3,0.0,60,4320,60,0.00036950000000000004,0.000705849999999999,0.000874
ttl_overestimate_one,stationary_discounted,463,0.5166666666666667,0.9166666666666666,0.4,0.0,60,4320,60,0.000362,0.0007197099999999988,0.000915
ttl_overestimate_one,stationary_discounted,464,0.75,0.9833333333333333,0.23333333333333334,0.0,60,4320,60,0.000359,0.0006611199999999989,0.000857
ttl_overestimate_one,stationary_discounted,465,0.6666666666666666,0.9333333333333333,0.26666666666666666,0.0,60,4320,60,0.00036399999999999996,0.0007979399999999985,0.001054
ttl_overestimate_one,stationary_discounted,466,0.6666666666666666,0.9833333333333333,0.31666666666666665,0.0,60,4320,60,0.0003645,0.0007455599999999993,0.000873
ttl_overestimate_one,stationary_discounted,467,0.6833333333333333,0.9666666666666667,0.2833333333333333,0.0,60,4320,60,0.000361,0.0006703399999999991,0.000832
ttl_overestimate_one,stationary_discounted,468,0.7,0.9833333333333333,0.2833333333333333,0.0,60,4320,60,0.000355,0.0008148299999999984,0.001088
ttl_overestimate_one,stationary_discounted,469,0.6833333333333333,0.9833333333333333,0.3,0.0,60,4320,60,0.0003645,0.0007329399999999992,0.000871
ttl_overestimate_one,stationary_discounted,470,0.7166666666666667,0.9666666666666667,0.25,0.0,60,4320,60,0.000365,0.0007550699999999989,0.000948
ttl_overestimate_one,stationary_discounted,471,0.6166666666666667,0.9333333333333333,0.31666666666666665,0.0,60,4320,60,0.00036899999999999997,0.0007257299999999989,0.000934
ttl_overestimate_one,stationary_discounted,472,0.6,0.9,0.3,0.0,60,4320,60,0.0003595,0.000703489999999999,0.000874
ttl_overestimate_one,stationary_discounted,473,0.6166666666666667,0.9666666666666667,0.35,0.0,60,4320,60,0.0003465,0.0007383299999999986,0.000982
ttl_overestimate_one,stationary_discounted,474,0.6666666666666666,0.95,0.2833333333333333,0.0,60,4320,60,0.00035749999999999996,0.001064209999999999,0.00123
ttl_overestimate_one,stationary_discounted,475,0.65,0.95,0.3,0.0,60,4320,60,0.000352,0.0007069699999999989,0.000894
ttl_overestimate_one,stationary_discounted,476,0.6833333333333333,0.9666666666666667,0.2833333333333333,0.0,60,4320,60,0.000354,0.000736619999999999,0.000903
ttl_overestimate_one,stationary_discounted,477,0.7333333333333333,0.9833333333333333,0.25,0.0,60,4320,60,0.000357,0.0006772099999999994,0.000784
ttl_overestimate_one,stationary_discounted,478,0.6666666666666666,0.95,0.2833333333333333,0.0,60,4320,60,0.000347,0.0007362699999999992,0.000882
ttl_overestimate_one,stationary_discounted,479,0.6166666666666667,0.95,0.3333333333333333,0.0,60,4320,60,0.0003535,0.000700669999999999,0.00087
ttl_overestimate_one,stationary_discounted,480,0.5333333333333333,0.8666666666666667,0.3333333333333333,0.0,60,4320,60,0.000486,0.0008306299999999998,0.000856
ttl_overestimate_one,stationary_discounted,481,0.7166666666666667,0.9833333333333333,0.26666666666666666,0.0,60,4320,60,0.0006325,0.0023841699999999923,0.003704
ttl_overestimate_one,stationary_discounted,482,0.6833333333333333,0.95,0.26666666666666666,0.0,60,4320,60,0.000365,0.0010633299999999975,0.001484
ttl_overestimate_one,stationary_discounted,483,0.6833333333333333,0.9833333333333333,0.3,0.0,60,4320,60,0.000349,0.0007873699999999987,0.000998
ttl_overestimate_one,stationary_discounted,484,0.6,0.95,0.35,0.0,60,4320,60,0.000367,0.0007438699999999989,0.000925
ttl_overestimate_one,stationary_discounted,485,0.6166666666666667,0.9166666666666666,0.3,0.0,60,4320,60,0.00037549999999999997,0.0008014299999999986,0.001051
ttl_overestimate_one,stationary_discounted,486,0.6166666666666667,0.95,0.3333333333333333,0.0,60,4320,60,0.000359,0.000776469999999999,0.000934
ttl_overestimate_one,stationary_discounted,487,0.65,0.9333333333333333,0.2833333333333333,0.0,60,4320,60,0.000361,0.001011579999999999,0.001211
ttl_overestimate_one,stationary_discounted,488,0.7,0.95,0.25,0.0,60,4320,60,0.0007305,0.001073879999999999,0.001232
ttl_overestimate_one,stationary_discounted,489,0.6166666666666667,0.9333333333333333,0.31666666666666665,0.0,60,4320,60,0.000633,0.0012404899999999982,0.001588
ttl_overestimate_one,stationary_discounted,490,0.5666666666666667,0.9166666666666666,0.35,0.0,60,4320,60,0.000635,0.001427399999999999,0.001628
ttl_overestimate_one,stationary_discounted,491,0.6333333333333333,0.9666666666666667,0.3333333333333333,0.0,60,4320,60,0.0006364999999999999,0.0011327399999999986,0.001377
ttl_overestimate_one,stationary_discounted,492,0.6166666666666667,0.9166666666666666,0.3,0.0,60,4320,60,0.0006125,0.0011125699999999985,0.001394
ttl_overestimate_one,stationary_discounted,493,0.6666666666666666,0.9333333333333333,0.26666666666666666,0.0,60,4320,60,0.0006265,0.0019749199999999946,0.002926
ttl_overestimate_one,stationary_discounted,494,0.6666666666666666,0.9333333333333333,0.26666666666666666,0.0,60,4320,60,0.0006045,0.0011413499999999984,0.001398
ttl_overestimate_one,stationary_discounted,495,0.65,0.9333333333333333,0.2833333333333333,0.0,60,4320,60,0.000553,0.0009769799999999984,0.001259
ttl_overestimate_one,stationary_discounted,496,0.6166666666666667,0.9,0.2833333333333333,0.0,60,4320,60,0.000361,0.0007704199999999991,0.000925
ttl_overestimate_one,stationary_discounted,497,0.6666666666666666,0.95,0.2833333333333333,0.0,60,4320,60,0.000366,0.0009926499999999992,0.001149
ttl_overestimate_one,stationary_discounted,498,0.6666666666666666,0.9333333333333333,0.26666666666666666,0.0,60,4320,60,0.000368,0.0007955799999999995,0.000877
ttl_overestimate_one,stationary_discounted,499,0.6,0.9166666666666666,0.31666666666666665,0.0,60,4320,60,0.0003705,0.0007735099999999985,0.001016
ttl_conservative_one,stationary_discounted,0,0.6666666666666666,0.6666666666666666,0.0,0.2,60,4320,60,0.000357,0.0008355199999999987,0.001055
ttl_conservative_one,stationary_discounted,1,0.7333333333333333,0.7333333333333333,0.0,0.21666666666666667,60,4320,60,0.000362,0.0009356299999999978,0.001315
ttl_conservative_one,stationary_discounted,2,0.6833333333333333,0.6833333333333333,0.0,0.2,60,4320,60,0.0003585,0.000732929999999999,0.000894
ttl_conservative_one,stationary_discounted,3,0.6833333333333333,0.6833333333333333,0.0,0.21666666666666667,60,4320,60,0.0003455,0.0007360999999999989,0.000919
ttl_conservative_one,stationary_discounted,4,0.6666666666666666,0.6666666666666666,0.0,0.26666666666666666,60,4320,60,0.0003485,0.000730979999999999,0.000895
ttl_conservative_one,stationary_discounted,5,0.75,0.75,0.0,0.18333333333333332,60,4320,60,0.000362,0.001002719999999998,0.001352
ttl_conservative_one,stationary_discounted,6,0.7,0.7,0.0,0.21666666666666667,60,4320,60,0.000345,0.0007413699999999988,0.000952
ttl_conservative_one,stationary_discounted,7,0.7833333333333333,0.7833333333333333,0.0,0.18333333333333332,60,4320,60,0.0003555,0.0008899599999999995,0.000982
ttl_conservative_one,stationary_discounted,8,0.6333333333333333,0.6333333333333333,0.0,0.2,60,4320,60,0.000366,0.0007269799999999984,0.001009
ttl_conservative_one,stationary_discounted,9,0.7833333333333333,0.7833333333333333,0.0,0.18333333333333332,60,4320,60,0.0003555,0.00109571,0.001114
ttl_conservative_one,stationary_discounted,10,0.7,0.7,0.0,0.23333333333333334,60,4320,60,0.000355,0.0006846299999999988,0.000887
ttl_conservative_one,stationary_discounted,11,0.65,0.65,0.0,0.21666666666666667,60,4320,60,0.0003675,0.0007353999999999988,0.000936
ttl_conservative_one,stationary_discounted,12,0.6833333333333333,0.6833333333333333,0.0,0.18333333333333332,60,4320,60,0.0003655,0.000710309999999999,0.000882
ttl_conservative_one,stationary_discounted,13,0.7666666666666667,0.7666666666666667,0.0,0.2,60,4320,60,0.0003745,0.0010023999999999992,0.001144
ttl_conservative_one,stationary_discounted,14,0.65,0.65,0.0,0.25,60,4320,60,0.0003795,0.0021434699999999898,0.003894
ttl_conservative_one,stationary_discounted,15,0.6833333333333333,0.6833333333333333,0.0,0.25,60,4320,60,0.0003705,0.0010010999999999976,0.00142
ttl_conservative_one,stationary_discounted,16,0.7166666666666667,0.7166666666666667,0.0,0.2,60,4320,60,0.0003585,0.0008672899999999984,0.001144
ttl_conservative_one,stationary_discounted,17,0.6666666666666666,0.6666666666666666,0.0,0.23333333333333334,60,4320,60,0.000354,0.0007618499999999994,0.000871
ttl_conservative_one,stationary_discounted,18,0.75,0.75,0.0,0.21666666666666667,60,4320,60,0.00036,0.0007297099999999989,0.000925
ttl_conservative_one,stationary_discounted,19,0.7833333333333333,0.7833333333333333,0.0,0.18333333333333332,60,4320,60,0.000358,0.0007034999999999988,0.00091
ttl_conservative_one,stationary_discounted,20,0.7,0.7,0.0,0.21666666666666667,60,4320,60,0.000348,0.0006786199999999987,0.000904
ttl_conservative_one,stationary_discounted,21,0.6666666666666666,0.6666666666666666,0.0,0.2,60,4320,60,0.0003465,0.0007086599999999989,0.000901
ttl_conservative_one,stationary_discounted,22,0.6833333333333333,0.6833333333333333,0.0,0.23333333333333334,60,4320,60,0.0003525,0.0006730899999999991,0.00082
ttl_conservative_one,stationary_discounted,23,0.6666666666666666,0.6666666666666666,0.0,0.18333333333333332,60,4320,60,0.000352,0.000688079999999999,0.000858
ttl_conservative_one,stationary_discounted,24,0.7166666666666667,0.7166666666666667,0.0,0.23333333333333334,60,4320,60,0.0003505,0.0007917599999999986,0.001049
ttl_conservative_one,stationary_discounted,25,0.75,0.75,0.0,0.18333333333333332,60,4320,60,0.00036050000000000003,0.0009727199999999977,0.001381
ttl_conservative_one,stationary_discounted,26,0.6833333333333333,0.6833333333333333,0.0,0.21666666666666667,60,4320,60,0.0003455,0.0007554299999999986,0.001005
ttl_conservative_one,stationary_discounted,27,0.7333333333333333,0.7333333333333333,0.0,0.2,60,4320,60,0.0003595,0.011775319999999978,0.015582
ttl_conservative_one,stationary_discounted,28,0.7166666666666667,0.7166666666666667,0.0,0.2,60,4320,60,0.000343,0.001050519999999997,0.001565
ttl_conservative_one,stationary_discounted,29,0.6833333333333333,0.6833333333333333,0.0,0.23333333333333334,60,4320,60,0.000546,0.0011164499999999978,0.001497
ttl_conservative_one,stationary_discounted,30,0.7,0.7,0.0,0.21666666666666667,60,4320,60,0.000598,0.001249969999999997,0.001791
ttl_conservative_one,stationary_discounted,31,0.7166666666666667,0.7166666666666667,0.0,0.2,60,4320,60,0.00041600000000000003,0.0008193499999999992,0.000958
ttl_conservative_one,stationary_discounted,32,0.65,0.65,0.0,0.21666666666666667,60,4320,60,0.000362,0.0008417899999999985,0.001089
ttl_conservative_one,stationary_discounted,33,0.7,0.7,0.0,0.2,60,4320,60,0.0003655,0.0010128999999999971,0.001538
ttl_conservative_one,stationary_discounted,34,0.6833333333333333,0.6833333333333333,0.0,0.25,60,4320,60,0.000501,0.0008370599999999987,0.001053
ttl_conservative_one,stationary_discounted,35,0.7333333333333333,0.7333333333333333,0.0,0.21666666666666667,60,4320,60,0.0003545,0.0008698199999999993,0.000989
ttl_conservative_one,stationary_discounted,36,0.7,0.7,0.0,0.18333333333333332,60,4320,60,0.0006025,0.0012056599999999977,0.001575
ttl_conservative_one,stationary_discounted,37,0.7333333333333333,0.7333333333333333,0.0,0.25,60,4320,60,0.0005775000000000001,0.0022076999999999943,0.003193
ttl_conservative_one,stationary_discounted,38,0.7666666666666667,0.7666666666666667,0.0,0.2,60,4320,60,0.00035400000000000004,0.0009610499999999976,0.001377
ttl_conservative_one,stationary_discounted,39,0.75,0.75,0.0,0.21666666666666667,60,4320,60,0.0003485,0.001130949999999998,0.001482
ttl_conservative_one,stationary_discounted,40,0.65,0.65,0.0,0.25,60,4320,60,0.000359,0.0008155999999999985,0.001087
ttl_conservative_one,stationary_discounted,41,0.7166666666666667,0.7166666666666667,0.0,0.21666666666666667,60,4320,60,0.000348,0.000731919999999999,0.000916
ttl_conservative_one,stationary_discounted,42,0.6833333333333333,0.6833333333333333,0.0,0.25,60,4320,60,0.0003475,0.0007378399999999993,0.00087
ttl_conservative_one,stationary_discounted,43,0.7166666666666667,0.7166666666666667,0.0,0.21666666666666667,60,4320,60,0.000351,0.0007254699999999988,0.000942
ttl_conservative_one,stationary_discounted,44,0.7666666666666667,0.7666666666666667,0.0,0.18333333333333332,60,4320,60,0.000356,0.0020437299999999923,0.003373
ttl_conservative_one,stationary_discounted,45,0.7,0.7,0.0,0.23333333333333334,60,4320,60,0.0006525000000000001,0.0014823699999999972,0.001988
ttl_conservative_one,stationary_discounted,46,0.6666666666666666,0.6666666666666666,0.0,0.26666666666666666,60,4320,60,0.0006670000000000001,0.0012346499999999977,0.001627
ttl_conservative_one,stationary_discounted,47,0.6833333333333333,0.6833333333333333,0.0,0.21666666666666667,60,4320,60,0.0006724999999999999,0.0015224699999999984,0.001798
ttl_conservative_one,stationary_discounted,48,0.7333333333333333,0.7333333333333333,0.0,0.23333333333333334,60,4320,60,0.0006605000000000001,0.0018614799999999948,0.002763
ttl_conservative_one,stationary_discounted,49,0.6666666666666666,0.6666666666666666,0.0,0.18333333333333332,60,4320,60,0.00035999999999999997,0.0010123299999999975,0.001433
ttl_conservative_one,stationary_discounted,50,0.7166666666666667,0.7166666666666667,0.0,0.2,60,4320,60,0.000353,0.0007593899999999987,0.000983
ttl_conservative_one,stationary_discounted,51,0.6,0.6,0.0,0.26666666666666666,60,4320,60,0.0006115000000000001,0.001241059999999997,0.001752
ttl_conservative_one,stationary_discounted,52,0.7,0.7,0.0,0.18333333333333332,60,4320,60,0.000715,0.0010653399999999988,0.001286
ttl_conservative_one,stationary_discounted,53,0.6833333333333333,0.6833333333333333,0.0,0.23333333333333334,60,4320,60,0.0006575,0.0010098499999999988,0.001237
ttl_conservative_one,stationary_discounted,54,0.7,0.7,0.0,0.2,60,4320,60,0.0006525000000000001,0.0021045799999999926,0.003366
ttl_conservative_one,stationary_discounted,55,0.7166666666666667,0.7166666666666667,0.0,0.2,60,4320,60,0.0006529999999999999,0.0013510499999999975,0.001767
ttl_conservative_one,stationary_discounted,56,0.6833333333333333,0.6833333333333333,0.0,0.21666666666666667,60,4320,60,0.000655,0.0018192499999999984,0.00207
ttl_conservative_one,stationary_discounted,57,0.7,0.7,0.0,0.23333333333333334,60,4320,60,0.000644,0.0011818999999999983,0.001471
ttl_conservative_one,stationary_discounted,58,0.7666666666666667,0.7666666666666667,0.0,0.2,60,4320,60,0.0005859999999999999,0.0014645999999999988,0.001677
ttl_conservative_one,stationary_discounted,59,0.7,0.7,0.0,0.21666666666666667,60,4320,60,0.0006475,0.0009986699999999988,0.001227
ttl_conservative_one,stationary_discounted,60,0.7333333333333333,0.7333333333333333,0.0,0.2,60,4320,60,0.000639,0.0010884999999999983,0.001354
ttl_conservative_one,stationary_discounted,61,0.7,0.7,0.0,0.2,60,4320,60,0.0003525,0.0014055299999999956,0.002192
ttl_conservative_one,stationary_discounted,62,0.6666666666666666,0.6666666666666666,0.0,0.21666666666666667,60,4320,60,0.000369,0.0010366699999999976,0.001442
ttl_conservative_one,stationary_discounted,63,0.7,0.7,0.0,0.23333333333333334,60,4320,60,0.000462,0.0007719999999999989,0.000949
ttl_conservative_one,stationary_discounted,64,0.7,0.7,0.0,0.2,60,4320,60,0.000528,0.0011072299999999985,0.001345
ttl_conservative_one,stationary_discounted,65,0.7166666666666667,0.7166666666666667,0.0,0.18333333333333332,60,4320,60,0.0005635,0.0009882199999999978,0.001367
ttl_conservative_one,stationary_discounted,66,0.6333333333333333,0.6333333333333333,0.0,0.25,60,4320,60,0.0003705,0.000801719999999999,0.000974
ttl_conservative_one,stationary_discounted,67,0.7166666666666667,0.7166666666666667,0.0,0.2,60,4320,60,0.000354,0.0012198299999999977,0.001611
ttl_conservative_one,stationary_discounted,68,0.7166666666666667,0.7166666666666667,0.0,0.21666666666666667,60,4320,60,0.000592,0.0012819399999999975,0.001715
ttl_conservative_one,stationary_discounted,69,0.7666666666666667,0.7666666666666667,0.0,0.2,60,4320,60,0.000575,0.0009920299999999988,0.001218
ttl_conservative_one,stationary_discounted,70,0.7166666666666667,0.7166666666666667,0.0,0.2,60,4320,60,0.000638,0.0012584699999999987,0.001475
ttl_conservative_one,stationary_discounted,71,0.7333333333333333,0.7333333333333333,0.0,0.2,60,4320,60,0.000621,0.0010242099999999983,0.001308
ttl_conservative_one,stationary_discounted,72,0.7166666666666667,0.7166666666666667,0.0,0.21666666666666667,60,4320,60,0.0006295000000000001,0.0009748499999999987,0.001202
ttl_conservative_one,stationary_discounted,73,0.7666666666666667,0.7666666666666667,0.0,0.2,60,4320,60,0.0006385,0.0009898699999999984,0.001289
ttl_conservative_one,stationary_discounted,74,0.6333333333333333,0.6333333333333333,0.0,0.25,60,4320,60,0.000637,0.0010658299999999985,0.001339
ttl_conservative_one,stationary_discounted,75,0.6833333333333333,0.6833333333333333,0.0,0.23333333333333334,60,4320,60,0.000347,0.0007643699999999982,0.001093
ttl_conservative_one,stationary_discounted,76,0.7833333333333333,0.7833333333333333,0.0,0.18333333333333332,60,4320,60,0.0003465,0.000997569999999999,0.001161
ttl_conservative_one,stationary_discounted,77,0.6833333333333333,0.6833333333333333,0.0,0.21666666666666667,60,4320,60,0.0003555,0.0007784799999999989,0.000972
ttl_conservative_one,stationary_discounted,78,0.65,0.65,0.0,0.2,60,4320,60,0.000357,0.0007501899999999988,0.000962
ttl_conservative_one,stationary_discounted,79,0.6833333333333333,0.6833333333333333,0.0,0.2,60,4320,60,0.0003495,0.0007513899999999984,0.001034
ttl_conservative_one,stationary_discounted,80,0.6833333333333333,0.6833333333333333,0.0,0.23333333333333334,60,4320,60,0.000342,0.0009007299999999978,0.001286
ttl_conservative_one,stationary_discounted,81,0.7166666666666667,0.7166666666666667,0.0,0.2,60,4320,60,0.0003465,0.0007042199999999989,0.000906
ttl_conservative_one,stationary_discounted,82,0.6666666666666666,0.6666666666666666,0.0,0.25,60,4320,60,0.000342,0.0007016199999999987,0.000927
ttl_conservative_one,stationary_discounted,83,0.7166666666666667,0.7166666666666667,0.0,0.21666666666666667,60,4320,60,0.000348,0.0010983599999999979,0.00145
ttl_conservative_one,stationary_discounted,84,0.6666666666666666,0.6666666666666666,0.0,0.2,60,4320,60,0.000326,0.0006614599999999989,0.000842
ttl_conservative_one,stationary_discounted,85,0.7166666666666667,0.7166666666666667,0.0,0.23333333333333334,60,4320,60,0.00033949999999999996,0.0007535099999999983,0.001055
ttl_conservative_one,stationary_discounted,86,0.7166666666666667,0.7166666666666667,0.0,0.23333333333333334,60,4320,60,0.00033350000000000003,0.0007171899999999991,0.00087
ttl_conservative_one,stationary_discounted,87,0.7333333333333333,0.7333333333333333,0.0,0.2,60,4320,60,0.000339,0.0007006999999999991,0.00086
ttl_conservative_one,stationary_discounted,88,0.6333333333333333,0.6333333333333333,0.0,0.21666666666666667,60,4320,60,0.0003645,0.001031009999999999,0.001185
ttl_conservative_one,stationary_discounted,89,0.65,0.65,0.0,0.21666666666666667,60,4320,60,0.000387,0.0008306899999999993,0.000954
ttl_conservative_one,stationary_discounted,90,0.7333333333333333,0.7333333333333333,0.0,0.18333333333333332,60,4320,60,0.0005275,0.0008131599999999994,0.000917
ttl_conservative_one,stationary_discounted,91,0.7,0.7,0.0,0.21666666666666667,60,4320,60,0.0003495,0.0007478399999999993,0.00088
ttl_conservative_one,stationary_discounted,92,0.7166666666666667,0.7166666666666667,0.0,0.18333333333333332,60,4320,60,0.000354,0.001024869999999999,0.001206
ttl_conservative_one,stationary_discounted,93,0.5666666666666667,0.5666666666666667,0.0,0.25,60,4320,60,0.000651,0.0010398699999999994,0.001162
ttl_conservative_one,stationary_discounted,94,0.6833333333333333,0.6833333333333333,0.0,0.21666666666666667,60,4320,60,0.0005510000000000001,0.0009313399999999988,0.001152
ttl_conservative_one,stationary_discounted,95,0.7166666666666667,0.7166666666666667,0.0,0.21666666666666667,60,4320,60,0.0005200000000000001,0.0009224699999999988,0.001139
ttl_conservative_one,stationary_discounted,96,0.65,0.65,0.0,0.23333333333333334,60,4320,60,0.000579,0.001003259999999998,0.001349
ttl_conservative_one,stationary_discounted,97,0.7,0.7,0.0,0.2,60,4320,60,0.0005855000000000001,0.0012308099999999984,0.001491
ttl_conservative_one,stationary_discounted,98,0.7,0.7,0.0,0.21666666666666667,60,4320,60,0.0005395,0.0011028599999999996,0.001189
ttl_conservative_one,stationary_discounted,99,0.7166666666666667,0.7166666666666667,0.0,0.21666666666666667,60,4320,60,0.0006255,0.0010664299999999982,0.001375
ttl_conservative_one,stationary_discounted,100,0.7166666666666667,0.7166666666666667,0.0,0.21666666666666667,60,4320,60,0.0003675,0.0008512999999999992,0.000987
ttl_conservative_one,stationary_discounted,101,0.7333333333333333,0.7333333333333333,0.0,0.2,60,4320,60,0.00036899999999999997,0.0009332999999999992,0.001069
ttl_conservative_one,stationary_discounted,102,0.7333333333333333,0.7333333333333333,0.0,0.21666666666666667,60,4320,60,0.000534,0.001008999999999998,0.001363
ttl_conservative_one,stationary_discounted,103,0.7333333333333333,0.7333333333333333,0.0,0.21666666666666667,60,4320,60,0.00043599999999999997,0.0014204299999999992,0.001552
ttl_conservative_one,stationary_discounted,104,0.7333333333333333,0.7333333333333333,0.0,0.2,60,4320,60,0.0005239999999999999,0.0012010699999999972,0.001689
ttl_conservative_one,stationary_discounted,105,0.6666666666666666,0.6666666666666666,0.0,0.23333333333333334,60,4320,60,0.0005095,0.000879309999999999,0.001051
ttl_conservative_one,stationary_discounted,106,0.7166666666666667,0.7166666666666667,0.0,0.18333333333333332,60,4320,60,0.000529,0.0009750299999999993,0.001083
ttl_conservative_one,stationary_discounted,107,0.6166666666666667,0.6166666666666667,0.0,0.26666666666666666,60,4320,60,0.000541,0.0009337699999999993,0.00105
ttl_conservative_one,stationary_discounted,108,0.6166666666666667,0.6166666666666667,0.0,0.25,60,4320,60,0.000706,0.0013713899999999962,0.002008
ttl_conservative_one,stationary_discounted,109,0.7166666666666667,0.7166666666666667,0.0,0.21666666666666667,60,4320,60,0.000643,0.0013316999999999977,0.001727
ttl_conservative_one,stationary_discounted,110,0.6666666666666666,0.6666666666666666,0.0,0.2,60,4320,60,0.000638,0.007416349999999948,0.016287
ttl_conservative_one,stationary_discounted,111,0.6666666666666666,0.6666666666666666,0.0,0.21666666666666667,60,4320,60,0.0006525000000000001,0.0010269999999999988,0.001204
ttl_conservative_one,stationary_discounted,112,0.6666666666666666,0.6666666666666666,0.0,0.25,60,4320,60,0.000641,0.0009781499999999986,0.001223
ttl_conservative_one,stationary_discounted,113,0.7166666666666667,0.7166666666666667,0.0,0.18333333333333332,60,4320,60,0.0006275,0.0010132299999999982,0.00131
ttl_conservative_one,stationary_discounted,114,0.65,0.65,0.0,0.26666666666666666,60,4320,60,0.000597,0.0015686499999999998,0.001607
ttl_conservative_one,stationary_discounted,115,0.6666666666666666,0.6666666666666666,0.0,0.2,60,4320,60,0.0006165000000000001,0.0011176799999999987,0.001323
ttl_conservative_one,stationary_discounted,116,0.7666666666666667,0.7666666666666667,0.0,0.21666666666666667,60,4320,60,0.0006115000000000001,0.0010128399999999986,0.001263
ttl_conservative_one,stationary_discounted,117,0.6833333333333333,0.6833333333333333,0.0,0.23333333333333334,60,4320,60,0.000599,0.0011788299999999977,0.00157
ttl_conservative_one,stationary_discounted,118,0.75,0.75,0.0,0.18333333333333332,60,4320,60,0.0006135,0.001407179999999999,0.001583
ttl_conservative_one,stationary_discounted,119,0.6666666666666666,0.6666666666666666,0.0,0.25,60,4320,60,0.00043499999999999995,0.0010940499999999983,0.001392
ttl_conservative_one,stationary_discounted,120,0.7,0.7,0.0,0.2,60,4320,60,0.00045850000000000003,0.0008521299999999986,0.001084
ttl_conservative_one,stationary_discounted,121,0.6833333333333333,0.6833333333333333,0.0,0.2,60,4320,60,0.0005239999999999999,0.0010992599999999995,0.001209
ttl_conservative_one,stationary_discounted,122,0.6166666666666667,0.6166666666666667,0.0,0.2,60,4320,60,0.000345,0.0011047599999999985,0.001362
ttl_conservative_one,stationary_discounted,123,0.6833333333333333,0.6833333333333333,0.0,0.23333333333333334,60,4320,60,0.000537,0.0010671999999999986,0.001315
ttl_conservative_one,stationary_discounted,124,0.7,0.7,0.0,0.26666666666666666,60,4320,60,0.00036399999999999996,0.0007808699999999989,0.000962
ttl_conservative_one,stationary_discounted,125,0.7333333333333333,0.7333333333333333,0.0,0.23333333333333334,60,4320,60,0.0005645,0.0011268799999999994,0.001226
ttl_conservative_one,stationary_discounted,126,0.7333333333333333,0.7333333333333333,0.0,0.21666666666666667,60,4320,60,0.0005759999999999999,0.0010201499999999983,0.001324
ttl_conservative_one,stationary_discounted,127,0.6333333333333333,0.6333333333333333,0.0,0.2,60,4320,60,0.000351,0.0008229699999999986,0.001069
ttl_conservative_one,stationary_discounted,128,0.7666666666666667,0.7666666666666667,0.0,0.18333333333333332,60,4320,60,0.000344,0.0010717499999999974,0.001529
ttl_conservative_one,stationary_discounted,129,0.7,0.7,0.0,0.21666666666666667,60,4320,60,0.000569,0.001052199999999998,0.001418
ttl_conservative_one,stationary_discounted,130,0.7,0.7,0.0,0.18333333333333332,60,4320,60,0.000375,0.0008500699999999989,0.001043
ttl_conservative_one,stationary_discounted,131,0.7333333333333333,0.7333333333333333,0.0,0.21666666666666667,60,4320,60,0.00034,0.0008565899999999996,0.000915
ttl_conservative_one,stationary_discounted,132,0.7166666666666667,0.7166666666666667,0.0,0.21666666666666667,60,4320,60,0.0005614999999999999,0.004169079999999976,0.008351
ttl_conservative_one,stationary_discounted,133,0.7333333333333333,0.7333333333333333,0.0,0.2,60,4320,60,0.0005805000000000001,0.0009931599999999984,0.001274
ttl_conservative_one,stationary_discounted,134,0.7,0.7,0.0,0.18333333333333332,60,4320,60,0.000568,0.0010357099999999985,0.00129
ttl_conservative_one,stationary_discounted,135,0.7333333333333333,0.7333333333333333,0.0,0.21666666666666667,60,4320,60,0.0005874999999999999,0.005734799999999965,0.011859
ttl_conservative_one,stationary_discounted,136,0.6666666666666666,0.6666666666666666,0.0,0.23333333333333334,60,4320,60,0.000565,0.0009879199999999993,0.001113
ttl_conservative_one,stationary_discounted,137,0.65,0.65,0.0,0.23333333333333334,60,4320,60,0.0005515,0.0011074299999999982,0.001416
ttl_conservative_one,stationary_discounted,138,0.75,0.75,0.0,0.2,60,4320,60,0.0004155,0.0009470999999999979,0.001307
ttl_conservative_one,stationary_discounted,139,0.7333333333333333,0.7333333333333333,0.0,0.2,60,4320,60,0.0003455,0.0010575299999999988,0.001254
ttl_conservative_one,stationary_discounted,140,0.6833333333333333,0.6833333333333333,0.0,0.23333333333333334,60,4320,60,0.0004075,0.0009089399999999999,0.000929
ttl_conservative_one,stationary_discounted,141,0.75,0.75,0.0,0.2,60,4320,60,0.0003495,0.000787639999999999,0.000967
ttl_conservative_one,stationary_discounted,142,0.75,0.75,0.0,0.18333333333333332,60,4320,60,0.000367,0.00132914,0.001361
ttl_conservative_one,stationary_discounted,143,0.6833333333333333,0.6833333333333333,0.0,0.23333333333333334,60,4320,60,0.000532,0.0013899699999999993,0.001518
ttl_conservative_one,stationary_discounted,144,0.7166666666666667,0.7166666666666667,0.0,0.21666666666666667,60,4320,60,0.000387,0.0008683299999999985,0.001112
ttl_conservative_one,stationary_discounted,145,0.6833333333333333,0.6833333333333333,0.0,0.21666666666666667,60,4320,60,0.0005125,0.00091528,0.00092
ttl_conservative_one,stationary_discounted,146,0.6666666666666666,0.6666666666666666,0.0,0.23333333333333334,60,4320,60,0.0003835,0.0008795699999999991,0.001043
ttl_conservative_one,stationary_discounted,147,0.75,0.75,0.0,0.18333333333333332,60,4320,60,0.000545,0.0010847799999999985,0.001355
ttl_conservative_one,stationary_discounted,148,0.6333333333333333,0.6333333333333333,0.0,0.25,60,4320,60,0.000346,0.0006875099999999989,0.000871
ttl_conservative_one,stationary_discounted,149,0.7333333333333333,0.7333333333333333,0.0,0.2,60,4320,60,0.00037799999999999997,0.0012877699999999993,0.001404
ttl_conservative_one,stationary_discounted,150,0.7166666666666667,0.7166666666666667,0.0,0.21666666666666667,60,4320,60,0.000454,0.0007739599999999995,0.000866
ttl_conservative_one,stationary_discounted,151,0.6666666666666666,0.6666666666666666,0.0,0.25,60,4320,60,0.0003455,0.0010343999999999985,0.001294
ttl_conservative_one,stationary_discounted,152,0.6166666666666667,0.6166666666666667,0.0,0.2833333333333333,60,4320,60,0.00054,0.0010718099999999988,0.001273
ttl_conservative_one,stationary_discounted,153,0.7,0.7,0.0,0.21666666666666667,60,4320,60,0.0005974999999999999,0.0011408399999999982,0.00145
ttl_conservative_one,stationary_discounted,154,0.6833333333333333,0.6833333333333333,0.0,0.25,60,4320,60,0.0006425000000000001,0.0010507199999999987,0.001282
ttl_conservative_one,stationary_discounted,155,0.7,0.7,0.0,0.2,60,4320,60,0.000647,0.0013923199999999988,0.0016
ttl_conservative_one,stationary_discounted,156,0.6666666666666666,0.6666666666666666,0.0,0.2833333333333333,60,4320,60,0.0006515,0.0010497399999999987,0.001294
ttl_conservative_one,stationary_discounted,157,0.75,0.75,0.0,0.21666666666666667,60,4320,60,0.0006494999999999999,0.0010872899999999988,0.001305
ttl_conservative_one,stationary_discounted,158,0.7,0.7,0.0,0.2,60,4320,60,0.000652,0.002458769999999993,0.003696
ttl_conservative_one,stationary_discounted,159,0.6833333333333333,0.6833333333333333,0.0,0.2,60,4320,60,0.000612,0.0011850699999999975,0.001614
ttl_conservative_one,stationary_discounted,160,0.6833333333333333,0.6833333333333333,0.0,0.23333333333333334,60,4320,60,0.000653,0.0011806399999999986,0.001419
ttl_conservative_one,stationary_discounted,161,0.7,0.7,0.0,0.2,60,4320,60,0.000624,0.0013798799999999991,0.001538
ttl_conservative_one,stationary_discounted,162,0.5833333333333334,0.5833333333333334,0.0,0.2,60,4320,60,0.00036399999999999996,0.0012680199999999954,0.002048
ttl_conservative_one,stationary_discounted,163,0.7,0.7,0.0,0.2,60,4320,60,0.00038199999999999996,0.0008764899999999987,0.001106
ttl_conservative_one,stationary_discounted,164,0.7,0.7,0.0,0.2,60,4320,60,0.00036399999999999996,0.0009237499999999998,0.000968
ttl_conservative_one,stationary_discounted,165,0.6666666666666666,0.6666666666666666,0.0,0.21666666666666667,60,4320,60,0.000487,0.001137709999999998,0.00151
ttl_conservative_one,stationary_discounted,166,0.65,0.65,0.0,0.26666666666666666,60,4320,60,0.000349,0.0010200799999999983,0.001308
ttl_conservative_one,stationary_discounted,167,0.6833333333333333,0.6833333333333333,0.0,0.2,60,4320,60,0.000602,0.0018862999999999946,0.002789
ttl_conservative_one,stationary_discounted,168,0.7,0.7,0.0,0.2,60,4320,60,0.0003835,0.0018736899999999986,0.002115
ttl_conservative_one,stationary_discounted,169,0.7166666666666667,0.7166666666666667,0.0,0.23333333333333334,60,4320,60,0.00038100000000000005,0.0013336599999999978,0.001703
ttl_conservative_one,stationary_discounted,170,0.75,0.75,0.0,0.18333333333333332,60,4320,60,0.0005665,0.0010177999999999975,0.001419
ttl_conservative_one,stationary_discounted,171,0.6333333333333333,0.6333333333333333,0.0,0.18333333333333332,60,4320,60,0.000438,0.0010133799999999988,0.001201
ttl_conservative_one,stationary_discounted,172,0.65,0.65,0.0,0.3,60,4320,60,0.0005510000000000001,0.001060559999999998,0.001424
ttl_conservative_one,stationary_discounted,173,0.7,0.7,0.0,0.2,60,4320,60,0.000556,0.0009663299999999979,0.001328
ttl_conservative_one,stationary_discounted,174,0.65,0.65,0.0,0.21666666666666667,60,4320,60,0.0005675,0.0010711599999999987,0.001293
ttl_conservative_one,stationary_discounted,175,0.7833333333333333,0.7833333333333333,0.0,0.2,60,4320,60,0.0005675000000000001,0.0008716799999999988,0.001077
ttl_conservative_one,stationary_discounted,176,0.6666666666666666,0.6666666666666666,0.0,0.21666666666666667,60,4320,60,0.00046100000000000004,0.0008567599999999992,0.000996
ttl_conservative_one,stationary_discounted,177,0.7833333333333333,0.7833333333333333,0.0,0.2,60,4320,60,0.0006075,0.0009604799999999986,0.001213
ttl_conservative_one,stationary_discounted,178,0.6666666666666666,0.6666666666666666,0.0,0.2,60,4320,60,0.000558,0.0009633499999999995,0.001043
ttl_conservative_one,stationary_discounted,179,0.7333333333333333,0.7333333333333333,0.0,0.2,60,4320,60,0.0005434999999999999,0.0008447899999999997,0.000915
ttl_conservative_one,stationary_discounted,180,0.75,0.75,0.0,0.2,60,4320,60,0.0005629999999999999,0.001227579999999999,0.001427
ttl_conservative_one,stationary_discounted,181,0.65,0.65,0.0,0.21666666666666667,60,4320,60,0.0006685,0.0011783199999999981,0.001504
ttl_conservative_one,stationary_discounted,182,0.6666666666666666,0.6666666666666666,0.0,0.2,60,4320,60,0.0006665,0.0011744199999999985,0.001447
ttl_conservative_one,stationary_discounted,183,0.7166666666666667,0.7166666666666667,0.0,0.23333333333333334,60,4320,60,0.0005845,0.001082769999999998,0.001435
ttl_conservative_one,stationary_discounted,184,0.7,0.7,0.0,0.2,60,4320,60,0.0005794999999999999,0.001109649999999998,0.001443
ttl_conservative_one,stationary_discounted,185,0.6833333333333333,0.6833333333333333,0.0,0.23333333333333334,60,4320,60,0.000468,0.0009599499999999983,0.001252
ttl_conservative_one,stationary_discounted,186,0.6666666666666666,0.6666666666666666,0.0,0.21666666666666667,60,4320,60,0.000486,0.0009924499999999982,0.001314
ttl_conservative_one,stationary_discounted,187,0.6666666666666666,0.6666666666666666,0.0,0.2,60,4320,60,0.0007075,0.0011709999999999986,0.001407
ttl_conservative_one,stationary_discounted,188,0.7166666666666667,0.7166666666666667,0.0,0.23333333333333334,60,4320,60,0.0007235,0.0012158499999999984,0.001502
ttl_conservative_one,stationary_discounted,189,0.6833333333333333,0.6833333333333333,0.0,0.21666666666666667,60,4320,60,0.0006775,0.0011324799999999984,0.001385
ttl_conservative_one,stationary_discounted,190,0.7333333333333333,0.7333333333333333,0.0,0.21666666666666667,60,4320,60,0.0007155,0.001404749999999996,0.002098
ttl_conservative_one,stationary_discounted,191,0.6833333333333333,0.6833333333333333,0.0,0.2,60,4320,60,0.000603,0.001102109999999998,0.001439
ttl_conservative_one,stationary_discounted,192,0.7833333333333333,0.7833333333333333,0.0,0.18333333333333332,60,4320,60,0.000615,0.0013106799999999968,0.00187
ttl_conservative_one,stationary_discounted,193,0.7,0.7,0.0,0.21666666666666667,60,4320,60,0.0005905,0.0013750699999999995,0.00145
ttl_conservative_one,stationary_discounted,194,0.75,0.75,0.0,0.18333333333333332,60,4320,60,0.0006605000000000001,0.0011137699999999983,0.001407
ttl_conservative_one,stationary_discounted,195,0.6833333333333333,0.6833333333333333,0.0,0.23333333333333334,60,4320,60,0.0006349999999999999,0.0011769899999999978,0.001554
ttl_conservative_one,stationary_discounted,196,0.7333333333333333,0.7333333333333333,0.0,0.2,60,4320,60,0.000686,0.0011870099999999992,0.001341
ttl_conservative_one,stationary_discounted,197,0.7333333333333333,0.7333333333333333,0.0,0.18333333333333332,60,4320,60,0.000666,0.0014013999999999993,0.001543
ttl_conservative_one,stationary_discounted,198,0.75,0.75,0.0,0.18333333333333332,60,4320,60,0.0006745,0.001007029999999998,0.001351
ttl_conservative_one,stationary_discounted,199,0.7,0.7,0.0,0.21666666666666667,60,4320,60,0.0006515,0.001206389999999998,0.001548
ttl_conservative_one,stationary_discounted,200,0.7333333333333333,0.7333333333333333,0.0,0.2,60,4320,60,0.0006215000000000001,0.0011868499999999982,0.001473
ttl_conservative_one,stationary_discounted,201,0.75,0.75,0.0,0.2,60,4320,60,0.0006295000000000001,0.0011197299999999978,0.001505
ttl_conservative_one,stationary_discounted,202,0.7,0.7,0.0,0.23333333333333334,60,4320,60,0.0006265,0.0016054799999999994,0.001681
ttl_conservative_one,stationary_discounted,203,0.7,0.7,0.0,0.21666666666666667,60,4320,60,0.0006185,0.0011039899999999985,0.001363
ttl_conservative_one,stationary_discounted,204,0.6666666666666666,0.6666666666666666,0.0,0.23333333333333334,60,4320,60,0.0006625,0.0012856199999999973,0.001747
ttl_conservative_one,stationary_discounted,205,0.65,0.65,0.0,0.23333333333333334,60,4320,60,0.00059,0.0009657799999999984,0.001236
ttl_conservative_one,stationary_discounted,206,0.7,0.7,0.0,0.23333333333333334,60,4320,60,0.000549,0.005421429999999964,0.011512
ttl_conservative_one,stationary_discounted,207,0.6666666666666666,0.6666666666666666,0.0,0.23333333333333334,60,4320,60,0.000645,0.001053659999999998,0.001423
ttl_conservative_one,stationary_discounted,208,0.7333333333333333,0.7333333333333333,0.0,0.21666666666666667,60,4320,60,0.0008415,0.0021550399999999944,0.003125
ttl_conservative_one,stationary_discounted,209,0.6833333333333333,0.6833333333333333,0.0,0.21666666666666667,60,4320,60,0.000795,0.0013783799999999978,0.001743
ttl_conservative_one,stationary_discounted,210,0.7333333333333333,0.7333333333333333,0.0,0.2,60,4320,60,0.000838,0.0018145099999999992,0.001939
ttl_conservative_one,stationary_discounted,211,0.6666666666666666,0.6666666666666666,0.0,0.23333333333333334,60,4320,60,0.0008719999999999999,0.0019391199999999995,0.002017
ttl_conservative_one,stationary_discounted,212,0.6666666666666666,0.6666666666666666,0.0,0.23333333333333334,60,4320,60,0.000761,0.0012970799999999984,0.001585
ttl_conservative_one,stationary_discounted,213,0.75,0.75,0.0,0.18333333333333332,60,4320,60,0.0007795,0.0013578499999999981,0.001703
ttl_conservative_one,stationary_discounted,214,0.6833333333333333,0.6833333333333333,0.0,0.21666666666666667,60,4320,60,0.0007999999999999999,0.0021720199999999946,0.003129
ttl_conservative_one,stationary_discounted,215,0.7,0.7,0.0,0.21666666666666667,60,4320,60,0.0007825,0.0012605199999999985,0.001539
ttl_conservative_one,stationary_discounted,216,0.75,0.75,0.0,0.21666666666666667,60,4320,60,0.000613,0.0022335099999999915,0.003715
ttl_conservative_one,stationary_discounted,217,0.6833333333333333,0.6833333333333333,0.0,0.25,60,4320,60,0.000572,0.0014349499999999965,0.002022
ttl_conservative_one,stationary_discounted,218,0.7166666666666667,0.7166666666666667,0.0,0.21666666666666667,60,4320,60,0.0006234999999999999,0.0011694599999999987,0.001409
ttl_conservative_one,stationary_discounted,219,0.7,0.7,0.0,0.21666666666666667,60,4320,60,0.000624,0.0010043599999999986,0.001238
ttl_conservative_one,stationary_discounted,220,0.7,0.7,0.0,0.2,60,4320,60,0.000363,0.0014137799999999953,0.002215
ttl_conservative_one,stationary_discounted,221,0.6833333333333333,0.6833333333333333,0.0,0.23333333333333334,60,4320,60,0.0003505,0.0008699699999999986,0.001116
ttl_conservative_one,stationary_discounted,222,0.7833333333333333,0.7833333333333333,0.0,0.2,60,4320,60,0.0003855,0.0010441699999999988,0.001243
ttl_conservative_one,stationary_discounted,223,0.7,0.7,0.0,0.21666666666666667,60,4320,60,0.000348,0.0011397499999999986,0.001361
ttl_conservative_one,stationary_discounted,224,0.6666666666666666,0.6666666666666666,0.0,0.25,60,4320,60,0.0003495,0.0007773299999999986,0.001021
ttl_conservative_one,stationary_discounted,225,0.7,0.7,0.0,0.23333333333333334,60,4320,60,0.0003705,0.0007207999999999987,0.000945
ttl_conservative_one,stationary_discounted,226,0.6666666666666666,0.6666666666666666,0.0,0.23333333333333334,60,4320,60,0.00036,0.0010357599999999995,0.001116
ttl_conservative_one,stationary_discounted,227,0.7,0.7,0.0,0.2,60,4320,60,0.000368,0.0008199299999999987,0.00104
ttl_conservative_one,stationary_discounted,228,0.6666666666666666,0.6666666666666666,0.0,0.21666666666666667,60,4320,60,0.0003795,0.0009992499999999993,0.001132
ttl_conservative_one,stationary_discounted,229,0.65,0.65,0.0,0.25,60,4320,60,0.00036950000000000004,0.0008595299999999996,0.000938
ttl_conservative_one,stationary_discounted,230,0.7333333333333333,0.7333333333333333,0.0,0.21666666666666667,60,4320,60,0.0005865,0.0012618899999999986,0.001515
ttl_conservative_one,stationary_discounted,231,0.5666666666666667,0.5666666666666667,0.0,0.23333333333333334,60,4320,60,0.000589,0.005462899999999964,0.01177
ttl_conservative_one,stationary_discounted,232,0.7333333333333333,0.7333333333333333,0.0,0.23333333333333334,60,4320,60,0.000338,0.000752359999999999,0.000927
ttl_conservative_one,stationary_discounted,233,0.6833333333333333,0.6833333333333333,0.0,0.2,60,4320,60,0.0003535,0.0014321799999999986,0.001667
ttl_conservative_one,stationary_discounted,234,0.7,0.7,0.0,0.2,60,4320,60,0.0003905,0.0010663699999999992,0.001218
ttl_conservative_one,stationary_discounted,235,0.7833333333333333,0.7833333333333333,0.0,0.18333333333333332,60,4320,60,0.000361,0.0010516199999999994,0.001159
ttl_conservative_one,stationary_discounted,236,0.75,0.75,0.0,0.2,60,4320,60,0.000365,0.0007579099999999991,0.000906
ttl_conservative_one,stationary_discounted,237,0.7,0.7,0.0,0.21666666666666667,60,4320,60,0.0003955,0.0008008699999999993,0.000923
ttl_conservative_one,stationary_discounted,238,0.6333333333333333,0.6333333333333333,0.0,0.23333333333333334,60,4320,60,0.0003435,0.0006960799999999987,0.000925
ttl_conservative_one,stationary_discounted,239,0.7166666666666667,0.7166666666666667,0.0,0.23333333333333334,60,4320,60,0.00036,0.0007414099999999993,0.00086
ttl_conservative_one,stationary_discounted,240,0.6833333333333333,0.6833333333333333,0.0,0.21666666666666667,60,4320,60,0.00035999999999999997,0.0007979199999999986,0.001041
ttl_conservative_one,stationary_discounted,241,0.7666666666666667,0.7666666666666667,0.0,0.18333333333333332,60,4320,60,0.000649,0.002072529999999994,0.003154
ttl_conservative_one,stationary_discounted,242,0.6833333333333333,0.6833333333333333,0.0,0.25,60,4320,60,0.0006795,0.0014160099999999973,0.001865
ttl_conservative_one,stationary_discounted,243,0.7333333333333333,0.7333333333333333,0.0,0.2,60,4320,60,0.0006490000000000001,0.0011961199999999982,0.00151
ttl_conservative_one,stationary_discounted,244,0.7,0.7,0.0,0.2,60,4320,60,0.0006739999999999999,0.015496959999999883,0.035649
ttl_conservative_one,stationary_discounted,245,0.7166666666666667,0.7166666666666667,0.0,0.23333333333333334,60,4320,60,0.0004115,0.001852259999999996,0.002552
ttl_conservative_one,stationary_discounted,246,0.7333333333333333,0.7333333333333333,0.0,0.21666666666666667,60,4320,60,0.0004535,0.0011721699999999971,0.001666
ttl_conservative_one,stationary_discounted,247,0.7333333333333333,0.7333333333333333,0.0,0.2,60,4320,60,0.0006425000000000001,0.0017203899999999987,0.001944
ttl_conservative_one,stationary_discounted,248,0.7166666666666667,0.7166666666666667,0.0,0.23333333333333334,60,4320,60,0.0005895,0.0011763999999999985,0.001436
ttl_conservative_one,stationary_discounted,249,0.7833333333333333,0.7833333333333333,0.0,0.18333333333333332,60,4320,60,0.0006095,0.001245519999999998,0.001583
ttl_conservative_one,stationary_discounted,250,0.7166666666666667,0.7166666666666667,0.0,0.2,60,4320,60,0.000638,0.0012693199999999987,0.001477
ttl_conservative_one,stationary_discounted,251,0.6666666666666666,0.6666666666666666,0.0,0.25,60,4320,60,0.0006230000000000001,0.0013996299999999991,0.001543
ttl_conservative_one,stationary_discounted,252,0.7333333333333333,0.7333333333333333,0.0,0.2,60,4320,60,0.0006375,0.0010411999999999982,0.001348
ttl_conservative_one,stationary_discounted,253,0.7,0.7,0.0,0.21666666666666667,60,4320,60,0.0006365,0.0010111899999999982,0.001341
ttl_conservative_one,stationary_discounted,254,0.7,0.7,0.0,0.21666666666666667,60,4320,60,0.0003645,0.0013970399999999954,0.00219
ttl_conservative_one,stationary_discounted,255,0.6666666666666666,0.6666666666666666,0.0,0.21666666666666667,60,4320,60,0.000362,0.0007909699999999983,0.001096
ttl_conservative_one,stationary_discounted,256,0.7166666666666667,0.7166666666666667,0.0,0.18333333333333332,60,4320,60,0.00036649999999999996,0.0007421799999999983,0.001036
ttl_conservative_one,stationary_discounted,257,0.75,0.75,0.0,0.23333333333333334,60,4320,60,0.00034750000000000004,0.0008348099999999992,0.000977
ttl_conservative_one,stationary_discounted,258,0.65,0.65,0.0,0.25,60,4320,60,0.000352,0.0007573199999999992,0.000906
ttl_conservative_one,stationary_discounted,259,0.75,0.75,0.0,0.23333333333333334,60,4320,60,0.0003505,0.0007869199999999982,0.001089
ttl_conservative_one,stationary_discounted,260,0.6833333333333333,0.6833333333333333,0.0,0.2,60,4320,60,0.0003465,0.0007012999999999985,0.000955
ttl_conservative_one,stationary_discounted,261,0.7,0.7,0.0,0.25,60,4320,60,0.0003465,0.0008087899999999978,0.001174
ttl_conservative_one,stationary_discounted,262,0.6833333333333333,0.6833333333333333,0.0,0.23333333333333334,60,4320,60,0.0003585,0.0007403399999999991,0.000902
ttl_conservative_one,stationary_discounted,263,0.6666666666666666,0.6666666666666666,0.0,0.23333333333333334,60,4320,60,0.000346,0.0009704499999999992,0.001115
ttl_conservative_one,stationary_discounted,264,0.6666666666666666,0.6666666666666666,0.0,0.23333333333333334,60,4320,60,0.0003835,0.001047079999999997,0.001571
ttl_conservative_one,stationary_discounted,265,0.65,0.65,0.0,0.23333333333333334,60,4320,60,0.000373,0.0007889099999999985,0.001055
ttl_conservative_one,stationary_discounted,266,0.6666666666666666,0.6666666666666666,0.0,0.23333333333333334,60,4320,60,0.0003635,0.0009989999999999992,0.001117
ttl_conservative_one,stationary_discounted,267,0.7166666666666667,0.7166666666666667,0.0,0.18333333333333332,60,4320,60,0.0003595,0.0007633299999999992,0.000889
ttl_conservative_one,stationary_discounted,268,0.6666666666666666,0.6666666666666666,0.0,0.21666666666666667,60,4320,60,0.000337,0.000643769999999999,0.000819
ttl_conservative_one,stationary_discounted,269,0.6666666666666666,0.6666666666666666,0.0,0.2833333333333333,60,4320,60,0.0003705,0.0007628199999999993,0.000882
ttl_conservative_one,stationary_discounted,270,0.7166666666666667,0.7166666666666667,0.0,0.21666666666666667,60,4320,60,0.000505,0.0008443199999999995,0.000934
ttl_conservative_one,stationary_discounted,271,0.6333333333333333,0.6333333333333333,0.0,0.23333333333333334,60,4320,60,0.0003595,0.0010609499999999987,0.001294
ttl_conservative_one,stationary_discounted,272,0.7,0.7,0.0,0.21666666666666667,60,4320,60,0.000354,0.0008527899999999986,0.0011
ttl_conservative_one,stationary_discounted,273,0.65,0.65,0.0,0.26666666666666666,60,4320,60,0.0006395000000000001,0.0011479899999999985,0.001407
ttl_conservative_one,stationary_discounted,274,0.7833333333333333,0.7833333333333333,0.0,0.18333333333333332,60,4320,60,0.000598,0.0012845199999999978,0.001681
ttl_conservative_one,stationary_discounted,275,0.6833333333333333,0.6833333333333333,0.0,0.21666666666666667,60,4320,60,0.000648,0.001111959999999999,0.001263
ttl_conservative_one,stationary_discounted,276,0.6833333333333333,0.6833333333333333,0.0,0.18333333333333332,60,4320,60,0.0005974999999999999,0.002037879999999996,0.002727
ttl_conservative_one,stationary_discounted,277,0.7,0.7,0.0,0.25,60,4320,60,0.00034599999999999995,0.0006720599999999987,0.000888
ttl_conservative_one,stationary_discounted,278,0.75,0.75,0.0,0.2,60,4320,60,0.0006605000000000001,0.0012960799999999976,0.001702
ttl_conservative_one,stationary_discounted,279,0.6833333333333333,0.6833333333333333,0.0,0.18333333333333332,60,4320,60,0.000355,0.0008276599999999986,0.001079
ttl_conservative_one,stationary_discounted,280,0.6666666666666666,0.6666666666666666,0.0,0.23333333333333334,60,4320,60,0.000513,0.0008117799999999998,0.000846
ttl_conservative_one,stationary_discounted,281,0.7,0.7,0.0,0.21666666666666667,60,4320,60,0.0003465,0.0012649899999999997,0.001347
ttl_conservative_one,stationary_discounted,282,0.75,0.75,0.0,0.18333333333333332,60,4320,60,0.000398,0.0008160999999999993,0.00094
ttl_conservative_one,stationary_discounted,283,0.7333333333333333,0.7333333333333333,0.0,0.2,60,4320,60,0.0003635,0.000836949999999999,0.001011
ttl_conservative_one,stationary_discounted,284,0.7,0.7,0.0,0.23333333333333334,60,4320,60,0.0004375,0.0008468699999999997,0.00091
ttl_conservative_one,stationary_discounted,285,0.7666666666666667,0.7666666666666667,0.0,0.2,60,4320,60,0.0003685,0.0008781899999999984,0.001149
ttl_conservative_one,stationary_discounted,286,0.7166666666666667,0.7166666666666667,0.0,0.2,60,4320,60,0.0004255,0.00613762999999996,0.013066
ttl_conservative_one,stationary_discounted,287,0.75,0.75,0.0,0.21666666666666667,60,4320,60,0.0003675,0.0011233399999999983,0.001403
ttl_conservative_one,stationary_discounted,288,0.7,0.7,0.0,0.25,60,4320,60,0.0005595,0.0008112799999999989,0.000993
ttl_conservative_one,stationary_discounted,289,0.7,0.7,0.0,0.23333333333333334,60,4320,60,0.00033549999999999997,0.000985559999999999,0.001172
ttl_conservative_one,stationary_discounted,290,0.75,0.75,0.0,0.18333333333333332,60,4320,60,0.0003535,0.0008768099999999982,0.001196
ttl_conservative_one,stationary_discounted,291,0.6833333333333333,0.6833333333333333,0.0,0.2,60,4320,60,0.0003475,0.000750689999999999,0.000933
ttl_conservative_one,stationary_discounted,292,0.7333333333333333,0.7333333333333333,0.0,0.21666666666666667,60,4320,60,0.00036950000000000004,0.0008941199999999986,0.001149
ttl_conservative_one,stationary_discounted,293,0.7333333333333333,0.7333333333333333,0.0,0.2,60,4320,60,0.000387,0.0008888299999999984,0.001162
ttl_conservative_one,stationary_discounted,294,0.6833333333333333,0.6833333333333333,0.0,0.23333333333333334,60,4320,60,0.000584,0.0009538599999999981,0.001276
ttl_conservative_one,stationary_discounted,295,0.6666666666666666,0.6666666666666666,0.0,0.25,60,4320,60,0.00035749999999999996,0.0012797999999999974,0.00174
ttl_conservative_one,stationary_discounted,296,0.6666666666666666,0.6666666666666666,0.0,0.18333333333333332,60,4320,60,0.0006095,0.0011124599999999978,0.00147
ttl_conservative_one,stationary_discounted,297,0.7,0.7,0.0,0.23333333333333334,60,4320,60,0.0003435,0.0011228899999999984,0.001435
ttl_conservative_one,stationary_discounted,298,0.7333333333333333,0.7333333333333333,0.0,0.21666666666666667,60,4320,60,0.000352,0.0007414499999999992,0.000886
ttl_conservative_one,stationary_discounted,299,0.7166666666666667,0.7166666666666667,0.0,0.21666666666666667,60,4320,60,0.0005365,0.0011979699999999985,0.001444
ttl_conservative_one,stationary_discounted,300,0.6833333333333333,0.6833333333333333,0.0,0.2,60,4320,60,0.0005189999999999999,0.0010870099999999996,0.001182
ttl_conservative_one,stationary_discounted,301,0.7333333333333333,0.7333333333333333,0.0,0.21666666666666667,60,4320,60,0.0003835,0.0008389399999999992,0.000977
ttl_conservative_one,stationary_discounted,302,0.6333333333333333,0.6333333333333333,0.0,0.21666666666666667,60,4320,60,0.00040950000000000003,0.0010921599999999987,0.001314
ttl_conservative_one,stationary_discounted,303,0.6833333333333333,0.6833333333333333,0.0,0.2,60,4320,60,0.00034250000000000003,0.001092999999999998,0.001447
ttl_conservative_one,stationary_discounted,304,0.7333333333333333,0.7333333333333333,0.0,0.18333333333333332,60,4320,60,0.000357,0.0007932099999999987,0.001018
ttl_conservative_one,stationary_discounted,305,0.6166666666666667,0.6166666666666667,0.0,0.2,60,4320,60,0.0005384999999999999,0.0008312399999999995,0.000928
ttl_conservative_one,stationary_discounted,306,0.6666666666666666,0.6666666666666666,0.0,0.2,60,4320,60,0.000357,0.0008235999999999991,0.000977
ttl_conservative_one,stationary_discounted,307,0.6833333333333333,0.6833333333333333,0.0,0.25,60,4320,60,0.000556,0.0013591799999999972,0.00183
ttl_conservative_one,stationary_discounted,308,0.7166666666666667,0.7166666666666667,0.0,0.18333333333333332,60,4320,60,0.000542,0.0011592999999999979,0.001531
ttl_conservative_one,stationary_discounted,309,0.7166666666666667,0.7166666666666667,0.0,0.23333333333333334,60,4320,60,0.0003795,0.0010221899999999986,0.001293
ttl_conservative_one,stationary_discounted,310,0.7333333333333333,0.7333333333333333,0.0,0.21666666666666667,60,4320,60,0.000356,0.00095387,0.000958
ttl_conservative_one,stationary_discounted,311,0.6666666666666666,0.6666666666666666,0.0,0.23333333333333334,60,4320,60,0.0003525,0.0009113199999999995,0.001001
ttl_conservative_one,stationary_discounted,312,0.65,0.65,0.0,0.25,60,4320,60,0.000356,0.0007756999999999995,0.000876
ttl_conservative_one,stationary_discounted,313,0.6833333333333333,0.6833333333333333,0.0,0.21666666666666667,60,4320,60,0.0005435,0.0010782499999999985,0.001329
ttl_conservative_one,stationary_discounted,314,0.7666666666666667,0.7666666666666667,0.0,0.2,60,4320,60,0.0005115,0.0009275499999999981,0.001255
ttl_conservative_one,stationary_discounted,315,0.7333333333333333,0.7333333333333333,0.0,0.2,60,4320,60,0.00054,0.0009588699999999976,0.001376
ttl_conservative_one,stationary_discounted,316,0.7333333333333333,0.7333333333333333,0.0,0.18333333333333332,60,4320,60,0.0006485,0.0018022599999999935,0.002915
ttl_conservative_one,stationary_discounted,317,0.6666666666666666,0.6666666666666666,0.0,0.21666666666666667,60,4320,60,0.0006455,0.011061339999999928,0.023377
ttl_conservative_one,stationary_discounted,318,0.6833333333333333,0.6833333333333333,0.0,0.2,60,4320,60,0.0006284999999999999,0.0013078399999999976,0.001735
ttl_conservative_one,stationary_discounted,319,0.6666666666666666,0.6666666666666666,0.0,0.23333333333333334,60,4320,60,0.000611,0.001136459999999998,0.001494
ttl_conservative_one,stationary_discounted,320,0.75,0.75,0.0,0.2,60,4320,60,0.0006215000000000001,0.0012267799999999998,0.001261
ttl_conservative_one,stationary_discounted,321,0.6333333333333333,0.6333333333333333,0.0,0.25,60,4320,60,0.00065,0.0011140599999999987,0.00133
ttl_conservative_one,stationary_discounted,322,0.6166666666666667,0.6166666666666667,0.0,0.23333333333333334,60,4320,60,0.0006215,0.0011981199999999985,0.001453
ttl_conservative_one,stationary_discounted,323,0.6833333333333333,0.6833333333333333,0.0,0.21666666666666667,60,4320,60,0.000643,0.0015201599999999998,0.001565
ttl_conservative_one,stationary_discounted,324,0.7,0.7,0.0,0.21666666666666667,60,4320,60,0.000629,0.0010804899999999984,0.001369
ttl_conservative_one,stationary_discounted,325,0.6833333333333333,0.6833333333333333,0.0,0.25,60,4320,60,0.000613,0.0009689099999999984,0.001235
ttl_conservative_one,stationary_discounted,326,0.7,0.7,0.0,0.2833333333333333,60,4320,60,0.0006119999999999999,0.0011167599999999985,0.001374
ttl_conservative_one,stationary_discounted,327,0.7166666666666667,0.7166666666666667,0.0,0.2,60,4320,60,0.000607,0.006350969999999958,0.0135
ttl_conservative_one,stationary_discounted,328,0.6666666666666666,0.6666666666666666,0.0,0.21666666666666667,60,4320,60,0.0005905,0.0016495099999999992,0.001774
ttl_conservative_one,stationary_discounted,329,0.7166666666666667,0.7166666666666667,0.0,0.21666666666666667,60,4320,60,0.000343,0.0014466099999999996,0.001518
ttl_conservative_one,stationary_discounted,330,0.6333333333333333,0.6333333333333333,0.0,0.18333333333333332,60,4320,60,0.0005415,0.0010394699999999985,0.001315
ttl_conservative_one,stationary_discounted,331,0.7333333333333333,0.7333333333333333,0.0,0.18333333333333332,60,4320,60,0.00043749999999999995,0.0008773599999999987,0.001111
ttl_conservative_one,stationary_discounted,332,0.7,0.7,0.0,0.26666666666666666,60,4320,60,0.00047599999999999997,0.0009359699999999982,0.001241
ttl_conservative_one,stationary_discounted,333,0.7,0.7,0.0,0.23333333333333334,60,4320,60,0.0005705,0.0014965999999999983,0.001768
ttl_conservative_one,stationary_discounted,334,0.7666666666666667,0.7666666666666667,0.0,0.18333333333333332,60,4320,60,0.000542,0.0010612599999999977,0.001466
ttl_conservative_one,stationary_discounted,335,0.7,0.7,0.0,0.25,60,4320,60,0.000637,0.0021311599999999913,0.00371
ttl_conservative_one,stationary_discounted,336,0.7666666666666667,0.7666666666666667,0.0,0.18333333333333332,60,4320,60,0.0005560000000000001,0.0009906299999999984,0.001252
ttl_conservative_one,stationary_discounted,337,0.7333333333333333,0.7333333333333333,0.0,0.2,60,4320,60,0.00053,0.001063029999999998,0.001407
ttl_conservative_one,stationary_discounted,338,0.7166666666666667,0.7166666666666667,0.0,0.21666666666666667,60,4320,60,0.0005355,0.0008924199999999988,0.001106
ttl_conservative_one,stationary_discounted,339,0.65,0.65,0.0,0.2,60,4320,60,0.0007675,0.0014936399999999975,0.001909
ttl_conservative_one,stationary_discounted,340,0.6666666666666666,0.6666666666666666,0.0,0.2,60,4320,60,0.00063,0.0010542499999999981,0.001364
ttl_conservative_one,stationary_discounted,341,0.5666666666666667,0.5666666666666667,0.0,0.23333333333333334,60,4320,60,0.000602,0.0009439399999999989,0.001141
ttl_conservative_one,stationary_discounted,342,0.75,0.75,0.0,0.21666666666666667,60,4320,60,0.000576,0.0010899999999999985,0.001326
ttl_conservative_one,stationary_discounted,343,0.7,0.7,0.0,0.18333333333333332,60,4320,60,0.0006165000000000001,0.001019589999999999,0.001196
ttl_conservative_one,stationary_discounted,344,0.7,0.7,0.0,0.21666666666666667,60,4320,60,0.000598,0.006535079999999957,0.014021
ttl_conservative_one,stationary_discounted,345,0.6833333333333333,0.6833333333333333,0.0,0.21666666666666667,60,4320,60,0.0006125,0.0010414199999999982,0.001373
ttl_conservative_one,stationary_discounted,346,0.7333333333333333,0.7333333333333333,0.0,0.21666666666666667,60,4320,60,0.000612,0.0011179899999999977,0.001495
ttl_conservative_one,stationary_discounted,347,0.7333333333333333,0.7333333333333333,0.0,0.21666666666666667,60,4320,60,0.0005645,0.0009953299999999987,0.001239
ttl_conservative_one,stationary_discounted,348,0.7166666666666667,0.7166666666666667,0.0,0.21666666666666667,60,4320,60,0.000604,0.0011715099999999982,0.001473
ttl_conservative_one,stationary_discounted,349,0.6833333333333333,0.6833333333333333,0.0,0.21666666666666667,60,4320,60,0.0006005,0.0010879099999999984,0.001354
ttl_conservative_one,stationary_discounted,350,0.75,0.75,0.0,0.2,60,4320,60,0.000611,0.0010227599999999982,0.001339
ttl_conservative_one,stationary_discounted,351,0.7,0.7,0.0,0.26666666666666666,60,4320,60,0.000615,0.001108179999999998,0.001461
ttl_conservative_one,stationary_discounted,352,0.7166666666666667,0.7166666666666667,0.0,0.25,60,4320,60,0.0005484999999999999,0.0009851099999999985,0.001263
ttl_conservative_one,stationary_discounted,353,0.7,0.7,0.0,0.2,60,4320,60,0.0005855,0.001098989999999999,0.001299
ttl_conservative_one,stationary_discounted,354,0.7833333333333333,0.7833333333333333,0.0,0.2,60,4320,60,0.000335,0.000724879999999999,0.000883
ttl_conservative_one,stationary_discounted,355,0.6833333333333333,0.6833333333333333,0.0,0.23333333333333334,60,4320,60,0.000339,0.0006880399999999988,0.000891
ttl_conservative_one,stationary_discounted,356,0.7333333333333333,0.7333333333333333,0.0,0.2,60,4320,60,0.000335,0.0007400699999999992,0.000874
ttl_conservative_one,stationary_discounted,357,0.65,0.65,0.0,0.23333333333333334,60,4320,60,0.00034199999999999996,0.0007966699999999987,0.001025
ttl_conservative_one,stationary_discounted,358,0.7166666666666667,0.7166666666666667,0.0,0.21666666666666667,60,4320,60,0.000362,0.0008194699999999998,0.000859
ttl_conservative_one,stationary_discounted,359,0.7333333333333333,0.7333333333333333,0.0,0.21666666666666667,60,4320,60,0.0006665,0.0012759899999999975,0.001712
ttl_conservative_one,stationary_discounted,360,0.7166666666666667,0.7166666666666667,0.0,0.21666666666666667,60,4320,60,0.0007535,0.001160929999999998,0.001499
ttl_conservative_one,stationary_discounted,361,0.7333333333333333,0.7333333333333333,0.0,0.2,60,4320,60,0.0006360000000000001,0.0010884999999999988,0.001295
ttl_conservative_one,stationary_discounted,362,0.6333333333333333,0.6333333333333333,0.0,0.23333333333333334,60,4320,60,0.000641,0.0009804499999999992,0.001125
ttl_conservative_one,stationary_discounted,363,0.7166666666666667,0.7166666666666667,0.0,0.21666666666666667,60,4320,60,0.0006535,0.0010969499999999984,0.001389
ttl_conservative_one,stationary_discounted,364,0.6833333333333333,0.6833333333333333,0.0,0.21666666666666667,60,4320,60,0.000644,0.0010319199999999982,0.001334
ttl_conservative_one,stationary_discounted,365,0.7,0.7,0.0,0.2,60,4320,60,0.0005989999999999999,0.0010394099999999986,0.001276
ttl_conservative_one,stationary_discounted,366,0.7,0.7,0.0,0.21666666666666667,60,4320,60,0.0005845,0.001391689999999998,0.001751
ttl_conservative_one,stationary_discounted,367,0.7333333333333333,0.7333333333333333,0.0,0.23333333333333334,60,4320,60,0.0005575,0.0012156099999999976,0.001641
ttl_conservative_one,stationary_discounted,368,0.6666666666666666,0.6666666666666666,0.0,0.21666666666666667,60,4320,60,0.0006025,0.0015487699999999992,0.001665
ttl_conservative_one,stationary_discounted,369,0.65,0.65,0.0,0.21666666666666667,60,4320,60,0.0005124999999999999,0.0041831599999999775,0.008122
ttl_conservative_one,stationary_discounted,370,0.65,0.65,0.0,0.2,60,4320,60,0.0003385,0.0009640299999999979,0.001308
ttl_conservative_one,stationary_discounted,371,0.7166666666666667,0.7166666666666667,0.0,0.25,60,4320,60,0.000527,0.000893439999999999,0.001061
ttl_conservative_one,stationary_discounted,372,0.7,0.7,0.0,0.2,60,4320,60,0.00045,0.0007941899999999991,0.000947
ttl_conservative_one,stationary_discounted,373,0.6,0.6,0.0,0.21666666666666667,60,4320,60,0.000523,0.0013841499999999976,0.001806
ttl_conservative_one,stationary_discounted,374,0.6833333333333333,0.6833333333333333,0.0,0.21666666666666667,60,4320,60,0.00037549999999999997,0.0011346799999999977,0.001517
ttl_conservative_one,stationary_discounted,375,0.75,0.75,0.0,0.2,60,4320,60,0.000554,0.0008303999999999985,0.00109
ttl_conservative_one,stationary_discounted,376,0.7,0.7,0.0,0.23333333333333334,60,4320,60,0.0005105,0.0009290399999999985,0.001191
ttl_conservative_one,stationary_discounted,377,0.65,0.65,0.0,0.2,60,4320,60,0.000505,0.0011023899999999987,0.001326
ttl_conservative_one,stationary_discounted,378,0.6666666666666666,0.6666666666666666,0.0,0.21666666666666667,60,4320,60,0.0008095,0.002308899999999994,0.003365
ttl_conservative_one,stationary_discounted,379,0.6166666666666667,0.6166666666666667,0.0,0.2833333333333333,60,4320,60,0.00084,0.0022334599999999983,0.002532
ttl_conservative_one,stationary_discounted,380,0.75,0.75,0.0,0.2,60,4320,60,0.000883,0.00195679,0.001968
ttl_conservative_one,stationary_discounted,381,0.6833333333333333,0.6833333333333333,0.0,0.21666666666666667,60,4320,60,0.0008805,0.0018416999999999989,0.00206
ttl_conservative_one,stationary_discounted,382,0.7166666666666667,0.7166666666666667,0.0,0.18333333333333332,60,4320,60,0.000818,0.0013195399999999984,0.001611
ttl_conservative_one,stationary_discounted,383,0.7666666666666667,0.7666666666666667,0.0,0.18333333333333332,60,4320,60,0.000809,0.0013741599999999978,0.001773
ttl_conservative_one,stationary_discounted,384,0.7333333333333333,0.7333333333333333,0.0,0.23333333333333334,60,4320,60,0.000906,0.008801239999999943,0.018633
ttl_conservative_one,stationary_discounted,385,0.7333333333333333,0.7333333333333333,0.0,0.2,60,4320,60,0.0008095,0.0013332599999999989,0.001561
ttl_conservative_one,stationary_discounted,386,0.7,0.7,0.0,0.2,60,4320,60,0.000803,0.0012804499999999985,0.001543
ttl_conservative_one,stationary_discounted,387,0.7333333333333333,0.7333333333333333,0.0,0.21666666666666667,60,4320,60,0.000833,0.0011804699999999986,0.001456
ttl_conservative_one,stationary_discounted,388,0.7,0.7,0.0,0.2,60,4320,60,0.000813,0.0015338699999999973,0.00201
ttl_conservative_one,stationary_discounted,389,0.7666666666666667,0.7666666666666667,0.0,0.2,60,4320,60,0.000813,0.0012193199999999988,0.001427
ttl_conservative_one,stationary_discounted,390,0.7166666666666667,0.7166666666666667,0.0,0.23333333333333334,60,4320,60,0.0003475,0.0014207399999999952,0.002255
ttl_conservative_one,stationary_discounted,391,0.7333333333333333,0.7333333333333333,0.0,0.18333333333333332,60,4320,60,0.0003745,0.001468539999999997,0.001996
ttl_conservative_one,stationary_discounted,392,0.7333333333333333,0.7333333333333333,0.0,0.2,60,4320,60,0.000348,0.0010496199999999968,0.001629
ttl_conservative_one,stationary_discounted,393,0.7666666666666667,0.7666666666666667,0.0,0.2,60,4320,60,0.0003565,0.000708299999999999,0.000903
ttl_conservative_one,stationary_discounted,394,0.7166666666666667,0.7166666666666667,0.0,0.18333333333333332,60,4320,60,0.0003535,0.0007923699999999987,0.001003
ttl_conservative_one,stationary_discounted,395,0.7166666666666667,0.7166666666666667,0.0,0.21666666666666667,60,4320,60,0.000356,0.0007683699999999988,0.000979
ttl_conservative_one,stationary_discounted,396,0.7166666666666667,0.7166666666666667,0.0,0.18333333333333332,60,4320,60,0.00035749999999999996,0.0006936799999999988,0.000899
ttl_conservative_one,stationary_discounted,397,0.7166666666666667,0.7166666666666667,0.0,0.2,60,4320,60,0.000359,0.0007287299999999984,0.000996
ttl_conservative_one,stationary_discounted,398,0.6333333333333333,0.6333333333333333,0.0,0.21666666666666667,60,4320,60,0.0003535,0.000743929999999999,0.000905
ttl_conservative_one,stationary_discounted,399,0.7333333333333333,0.7333333333333333,0.0,0.2,60,4320,60,0.000354,0.0007090199999999989,0.000899
ttl_conservative_one,stationary_discounted,400,0.7,0.7,0.0,0.21666666666666667,60,4320,60,0.0003545,0.0007535399999999986,0.000986
ttl_conservative_one,stationary_discounted,401,0.6833333333333333,0.6833333333333333,0.0,0.23333333333333334,60,4320,60,0.000359,0.0009024199999999997,0.000939
ttl_conservative_one,stationary_discounted,402,0.75,0.75,0.0,0.21666666666666667,60,4320,60,0.000363,0.000715949999999999,0.00089
ttl_conservative_one,stationary_discounted,403,0.6666666666666666,0.6666666666666666,0.0,0.25,60,4320,60,0.000338,0.000743899999999999,0.000915
ttl_conservative_one,stationary_discounted,404,0.7166666666666667,0.7166666666666667,0.0,0.2,60,4320,60,0.000349,0.000686439999999999,0.000854
ttl_conservative_one,stationary_discounted,405,0.6,0.6,0.0,0.21666666666666667,60,4320,60,0.0003505,0.0007601599999999991,0.000923
ttl_conservative_one,stationary_discounted,406,0.65,0.65,0.0,0.23333333333333334,60,4320,60,0.0003555,0.0009832499999999989,0.001175
ttl_conservative_one,stationary_discounted,407,0.7333333333333333,0.7333333333333333,0.0,0.2,60,4320,60,0.00035150000000000003,0.0007713499999999986,0.001028
ttl_conservative_one,stationary_discounted,408,0.6666666666666666,0.6666666666666666,0.0,0.23333333333333334,60,4320,60,0.00036050000000000003,0.000738619999999999,0.000905
ttl_conservative_one,stationary_discounted,409,0.6333333333333333,0.6333333333333333,0.0,0.21666666666666667,60,4320,60,0.000349,0.0006995099999999993,0.000824
ttl_conservative_one,stationary_discounted,410,0.6166666666666667,0.6166666666666667,0.0,0.23333333333333334,60,4320,60,0.000346,0.0006960299999999991,0.000863
ttl_conservative_one,stationary_discounted,411,0.7833333333333333,0.7833333333333333,0.0,0.18333333333333332,60,4320,60,0.000345,0.0006685099999999989,0.000852
ttl_conservative_one,stationary_discounted,412,0.7166666666666667,0.7166666666666667,0.0,0.21666666666666667,60,4320,60,0.00033,0.0007083999999999991,0.00085
ttl_conservative_one,stationary_discounted,413,0.65,0.65,0.0,0.23333333333333334,60,4320,60,0.000339,0.0006979199999999989,0.000882
ttl_conservative_one,stationary_discounted,414,0.7333333333333333,0.7333333333333333,0.0,0.18333333333333332,60,4320,60,0.000342,0.0006934699999999991,0.000851
ttl_conservative_one,stationary_discounted,415,0.6833333333333333,0.6833333333333333,0.0,0.23333333333333334,60,4320,60,0.000348,0.000695609999999999,0.000885
ttl_conservative_one,stationary_discounted,416,0.7166666666666667,0.7166666666666667,0.0,0.2,60,4320,60,0.0003375,0.0007538299999999987,0.000968
ttl_conservative_one,stationary_discounted,417,0.7,0.7,0.0,0.23333333333333334,60,4320,60,0.00034,0.0007896999999999991,0.000949
ttl_conservative_one,stationary_discounted,418,0.65,0.65,0.0,0.2,60,4320,60,0.00035499999999999996,0.0008239599999999998,0.000857
ttl_conservative_one,stationary_discounted,419,0.6833333333333333,0.6833333333333333,0.0,0.21666666666666667,60,4320,60,0.000583,0.001277479999999998,0.001648
ttl_conservative_one,stationary_discounted,420,0.6666666666666666,0.6666666666666666,0.0,0.23333333333333334,60,4320,60,0.0003635,0.0009131499999999985,0.001158
ttl_conservative_one,stationary_discounted,421,0.7166666666666667,0.7166666666666667,0.0,0.23333333333333334,60,4320,60,0.0003545,0.0011126799999999985,0.001377
ttl_conservative_one,stationary_discounted,422,0.7333333333333333,0.7333333333333333,0.0,0.21666666666666667,60,4320,60,0.000344,0.001140899999999999,0.001312
ttl_conservative_one,stationary_discounted,423,0.6333333333333333,0.6333333333333333,0.0,0.18333333333333332,60,4320,60,0.000586,0.0010362099999999983,0.00132
ttl_conservative_one,stationary_discounted,424,0.7,0.7,0.0,0.21666666666666667,60,4320,60,0.000334,0.000861049999999998,0.001218
ttl_conservative_one,stationary_discounted,425,0.7666666666666667,0.7666666666666667,0.0,0.2,60,4320,60,0.000334,0.0006842799999999986,0.000925
ttl_conservative_one,stationary_discounted,426,0.7333333333333333,0.7333333333333333,0.0,0.23333333333333334,60,4320,60,0.0003385,0.0007203699999999985,0.00099
ttl_conservative_one,stationary_discounted,427,0.6666666666666666,0.6666666666666666,0.0,0.23333333333333334,60,4320,60,0.00033699999999999995,0.000717439999999999,0.000885
ttl_conservative_one,stationary_discounted,428,0.7166666666666667,0.7166666666666667,0.0,0.21666666666666667,60,4320,60,0.0003465,0.0007926099999999986,0.001041
ttl_conservative_one,stationary_discounted,429,0.6833333333333333,0.6833333333333333,0.0,0.21666666666666667,60,4320,60,0.00033549999999999997,0.0006957499999999991,0.000858
ttl_conservative_one,stationary_discounted,430,0.7166666666666667,0.7166666666666667,0.0,0.21666666666666667,60,4320,60,0.000355,0.0008245499999999994,0.000916
ttl_conservative_one,stationary_discounted,431,0.6833333333333333,0.6833333333333333,0.0,0.21666666666666667,60,4320,60,0.0003395,0.0007584899999999984,0.001047
ttl_conservative_one,stationary_discounted,432,0.6833333333333333,0.6833333333333333,0.0,0.18333333333333332,60,4320,60,0.0003485,0.0008029899999999995,0.000885
ttl_conservative_one,stationary_discounted,433,0.7666666666666667,0.7666666666666667,0.0,0.18333333333333332,60,4320,60,0.000356,0.0006445699999999987,0.000867
ttl_conservative_one,stationary_discounted,434,0.7,0.7,0.0,0.23333333333333334,60,4320,60,0.000347,0.0008669399999999978,0.001241
ttl_conservative_one,stationary_discounted,435,0.6666666666666666,0.6666666666666666,0.0,0.23333333333333334,60,4320,60,0.000352,0.0006285299999999989,0.000825
ttl_conservative_one,stationary_discounted,436,0.6833333333333333,0.6833333333333333,0.0,0.23333333333333334,60,4320,60,0.0003495,0.0013588699999999949,0.002248
ttl_conservative_one,stationary_discounted,437,0.6166666666666667,0.6166666666666667,0.0,0.23333333333333334,60,4320,60,0.000434,0.0010850099999999984,0.001357
ttl_conservative_one,stationary_discounted,438,0.6833333333333333,0.6833333333333333,0.0,0.23333333333333334,60,4320,60,0.00035099999999999997,0.000725389999999999,0.00089
ttl_conservative_one,stationary_discounted,439,0.7,0.7,0.0,0.21666666666666667,60,4320,60,0.000353,0.0006789799999999987,0.000902
ttl_conservative_one,stationary_discounted,440,0.6333333333333333,0.6333333333333333,0.0,0.21666666666666667,60,4320,60,0.0003555,0.0007086999999999991,0.000868
ttl_conservative_one,stationary_discounted,441,0.7166666666666667,0.7166666666666667,0.0,0.23333333333333334,60,4320,60,0.000346,0.0007269099999999984,0.000993
ttl_conservative_one,stationary_discounted,442,0.7333333333333333,0.7333333333333333,0.0,0.2,60,4320,60,0.0003525,0.0007638799999999994,0.000863
ttl_conservative_one,stationary_discounted,443,0.7,0.7,0.0,0.21666666666666667,60,4320,60,0.000338,0.0009988599999999994,0.001085
ttl_conservative_one,stationary_discounted,444,0.7166666666666667,0.7166666666666667,0.0,0.25,60,4320,60,0.000337,0.000678739999999999,0.000864
ttl_conservative_one,stationary_discounted,445,0.75,0.75,0.0,0.2,60,4320,60,0.00034449999999999997,0.0007260499999999986,0.000965
ttl_conservative_one,stationary_discounted,446,0.6833333333333333,0.6833333333333333,0.0,0.21666666666666667,60,4320,60,0.000348,0.000722569999999999,0.000886
ttl_conservative_one,stationary_discounted,447,0.6833333333333333,0.6833333333333333,0.0,0.18333333333333332,60,4320,60,0.0003635,0.0007529499999999987,0.000986
ttl_conservative_one,stationary_discounted,448,0.6333333333333333,0.6333333333333333,0.0,0.26666666666666666,60,4320,60,0.0003525,0.000738769999999999,0.000914
ttl_conservative_one,stationary_discounted,449,0.7166666666666667,0.7166666666666667,0.0,0.21666666666666667,60,4320,60,0.0003505,0.0006891599999999991,0.000852
ttl_conservative_one,stationary_discounted,450,0.7166666666666667,0.7166666666666667,0.0,0.2,60,4320,60,0.000328,0.000636769999999999,0.000812
ttl_conservative_one,stationary_discounted,451,0.7333333333333333,0.7333333333333333,0.0,0.21666666666666667,60,4320,60,0.000345,0.0006674199999999991,0.000822
ttl_conservative_one,stationary_discounted,452,0.7166666666666667,0.7166666666666667,0.0,0.2,60,4320,60,0.000347,0.0009488799999999995,0.001048
ttl_conservative_one,stationary_discounted,453,0.7,0.7,0.0,0.18333333333333332,60,4320,60,0.000338,0.0011153599999999986,0.001349
ttl_conservative_one,stationary_discounted,454,0.7,0.7,0.0,0.23333333333333334,60,4320,60,0.00035150000000000003,0.0006671099999999991,0.000827
ttl_conservative_one,stationary_discounted,455,0.6833333333333333,0.6833333333333333,0.0,0.21666666666666667,60,4320,60,0.000625,0.0019197299999999934,0.003072
ttl_conservative_one,stationary_discounted,456,0.7,0.7,0.0,0.21666666666666667,60,4320,60,0.00038100000000000005,0.0022114199999999956,0.002956
ttl_conservative_one,stationary_discounted,457,0.6833333333333333,0.6833333333333333,0.0,0.2,60,4320,60,0.0006035000000000001,0.0017128599999999962,0.002389
ttl_conservative_one,stationary_discounted,458,0.7166666666666667,0.7166666666666667,0.0,0.21666666666666667,60,4320,60,0.0003565,0.0012262499999999995,0.0013
ttl_conservative_one,stationary_discounted,459,0.7666666666666667,0.7666666666666667,0.0,0.2,60,4320,60,0.0003505,0.0007750899999999981,0.001099
ttl_conservative_one,stationary_discounted,460,0.75,0.75,0.0,0.2,60,4320,60,0.00034599999999999995,0.0010020299999999995,0.00111
ttl_conservative_one,stationary_discounted,461,0.7333333333333333,0.7333333333333333,0.0,0.23333333333333334,60,4320,60,0.000354,0.0007542499999999993,0.000887
ttl_conservative_one,stationary_discounted,462,0.6666666666666666,0.6666666666666666,0.0,0.2,60,4320,60,0.0003485,0.0010040499999999994,0.001125
ttl_conservative_one,stationary_discounted,463,0.6666666666666666,0.6666666666666666,0.0,0.21666666666666667,60,4320,60,0.000339,0.0006950499999999989,0.000875
ttl_conservative_one,stationary_discounted,464,0.7833333333333333,0.7833333333333333,0.0,0.18333333333333332,60,4320,60,0.000612,0.0009042599999999987,0.001132
ttl_conservative_one,stationary_discounted,465,0.6833333333333333,0.6833333333333333,0.0,0.18333333333333332,60,4320,60,0.000621,0.0011809199999999985,0.001424
ttl_conservative_one,stationary_discounted,466,0.7333333333333333,0.7333333333333333,0.0,0.18333333333333332,60,4320,60,0.0006825,0.0016374599999999986,0.001877
ttl_conservative_one,stationary_discounted,467,0.7833333333333333,0.7833333333333333,0.0,0.18333333333333332,60,4320,60,0.00063,0.0010826799999999984,0.001347
ttl_conservative_one,stationary_discounted,468,0.7,0.7,0.0,0.18333333333333332,60,4320,60,0.0006365,0.0013098799999999998,0.00135
ttl_conservative_one,stationary_discounted,469,0.7333333333333333,0.7333333333333333,0.0,0.2,60,4320,60,0.00063,0.0010606599999999982,0.001371
ttl_conservative_one,stationary_discounted,470,0.7333333333333333,0.7333333333333333,0.0,0.18333333333333332,60,4320,60,0.000606,0.0010549599999999989,0.001265
ttl_conservative_one,stationary_discounted,471,0.7166666666666667,0.7166666666666667,0.0,0.23333333333333334,60,4320,60,0.000591,0.000994189999999998,0.001324
ttl_conservative_one,stationary_discounted,472,0.6833333333333333,0.6833333333333333,0.0,0.26666666666666666,60,4320,60,0.0006284999999999999,0.0010163099999999986,0.001247
ttl_conservative_one,stationary_discounted,473,0.6666666666666666,0.6666666666666666,0.0,0.21666666666666667,60,4320,60,0.000575,0.0013519599999999973,0.001798
ttl_conservative_one,stationary_discounted,474,0.7166666666666667,0.7166666666666667,0.0,0.2,60,4320,60,0.00062,0.0011698099999999986,0.00143
ttl_conservative_one,stationary_discounted,475,0.7166666666666667,0.7166666666666667,0.0,0.2,60,4320,60,0.000615,0.0011786299999999982,0.001499
ttl_conservative_one,stationary_discounted,476,0.7666666666666667,0.7666666666666667,0.0,0.18333333333333332,60,4320,60,0.000623,0.0010181399999999981,0.001345
ttl_conservative_one,stationary_discounted,477,0.7333333333333333,0.7333333333333333,0.0,0.18333333333333332,60,4320,60,0.0006135,0.0011299899999999998,0.001153
ttl_conservative_one,stationary_discounted,478,0.7333333333333333,0.7333333333333333,0.0,0.21666666666666667,60,4320,60,0.000625,0.0014235999999999984,0.001695
ttl_conservative_one,stationary_discounted,479,0.7333333333333333,0.7333333333333333,0.0,0.2,60,4320,60,0.000626,0.0014796099999999997,0.001551
ttl_conservative_one,stationary_discounted,480,0.65,0.65,0.0,0.25,60,4320,60,0.0006075,0.0009643399999999988,0.001185
ttl_conservative_one,stationary_discounted,481,0.7166666666666667,0.7166666666666667,0.0,0.21666666666666667,60,4320,60,0.0006095,0.0010389999999999991,0.001216
ttl_conservative_one,stationary_discounted,482,0.75,0.75,0.0,0.23333333333333334,60,4320,60,0.000585,0.0015436699999999983,0.001831
ttl_conservative_one,stationary_discounted,483,0.7666666666666667,0.7666666666666667,0.0,0.2,60,4320,60,0.0006025,0.008120539999999943,0.017911
ttl_conservative_one,stationary_discounted,484,0.7166666666666667,0.7166666666666667,0.0,0.21666666666666667,60,4320,60,0.0006154999999999999,0.005233549999999966,0.010989
ttl_conservative_one,stationary_discounted,485,0.6833333333333333,0.6833333333333333,0.0,0.21666666666666667,60,4320,60,0.000601,0.0009628699999999983,0.001262
ttl_conservative_one,stationary_discounted,486,0.6666666666666666,0.6666666666666666,0.0,0.26666666666666666,60,4320,60,0.0004315,0.0008401599999999991,0.001003
ttl_conservative_one,stationary_discounted,487,0.6833333333333333,0.6833333333333333,0.0,0.21666666666666667,60,4320,60,0.0004265,0.0008036999999999988,0.001022
ttl_conservative_one,stationary_discounted,488,0.75,0.75,0.0,0.2,60,4320,60,0.0004994999999999999,0.0010939499999999976,0.001504
ttl_conservative_one,stationary_discounted,489,0.6666666666666666,0.6666666666666666,0.0,0.23333333333333334,60,4320,60,0.0006095,0.00240772999999999,0.00415
ttl_conservative_one,stationary_discounted,490,0.65,0.65,0.0,0.21666666666666667,60,4320,60,0.0006234999999999999,0.001122669999999998,0.001469
ttl_conservative_one,stationary_discounted,491,0.7,0.7,0.0,0.21666666666666667,60,4320,60,0.0006295000000000001,0.0011738299999999977,0.001565
ttl_conservative_one,stationary_discounted,492,0.6666666666666666,0.6666666666666666,0.0,0.23333333333333334,60,4320,60,0.000608,0.0010308499999999987,0.001258
ttl_conservative_one,stationary_discounted,493,0.6666666666666666,0.6666666666666666,0.0,0.2,60,4320,60,0.000566,0.0010103999999999992,0.001152
ttl_conservative_one,stationary_discounted,494,0.7,0.7,0.0,0.21666666666666667,60,4320,60,0.0006315,0.000980719999999999,0.001153
ttl_conservative_one,stationary_discounted,495,0.6666666666666666,0.6666666666666666,0.0,0.25,60,4320,60,0.000583,0.006075209999999959,0.012967
ttl_conservative_one,stationary_discounted,496,0.6666666666666666,0.6666666666666666,0.0,0.23333333333333334,60,4320,60,0.0006435,0.005335419999999967,0.011095
ttl_conservative_one,stationary_discounted,497,0.7,0.7,0.0,0.2,60,4320,60,0.000595,0.0010766199999999986,0.001302
ttl_conservative_one,stationary_discounted,498,0.7166666666666667,0.7166666666666667,0.0,0.25,60,4320,60,0.0006425000000000001,0.0010748199999999987,0.001312
ttl_conservative_one,stationary_discounted,499,0.7,0.7,0.0,0.23333333333333334,60,4320,60,0.0006305,0.001018779999999999,0.001171
