id,cloud,reference,speed,horizon,template_available,geometry,action_admitted,source_ms,receiver_ms,acquisition_ms,age_s,packet_bytes
base_0_far_00_v0.0_h0.2,base_0_far_00,2.0,0.0,0.2,False,False,False,0.36059399999999187,0.000518000000226948,22.415094000002966,0.04277620600000319,0
base_0_far_00_v0.0_h0.4,base_0_far_00,2.0,0.0,0.4,False,False,False,0.005548999999049897,0.0001750000002687102,22.415094000002966,0.04242081800000229,0
base_0_far_00_v0.0_h0.6,base_0_far_00,2.0,0.0,0.6,False,False,False,0.0029359999995648423,0.00012600000154350255,22.415094000002966,0.04241815600000408,0
base_0_far_00_v0.5_h0.2,base_0_far_00,2.0,0.5,0.2,False,False,False,0.0029809999997354453,0.00012699999984988608,22.415094000002966,0.042418202000002556,0
base_0_far_00_v0.5_h0.4,base_0_far_00,2.0,0.5,0.4,False,False,False,0.002329999999162169,9.500000075490789e-05,22.415094000002966,0.04241751900000289,0
base_0_far_00_v0.5_h0.6,base_0_far_00,2.0,0.5,0.6,False,False,False,0.0023499999990406195,7.699999926558121e-05,22.415094000002966,0.042417521000001276,0
base_0_far_00_v1.0_h0.2,base_0_far_00,2.0,1.0,0.2,False,False,False,0.002904000000469864,0.00011399999877426126,22.415094000002966,0.042418112000002214,0
base_0_far_00_v1.0_h0.4,base_0_far_00,2.0,1.0,0.4,False,False,False,0.0023850000001601757,0.00011699999902248237,22.415094000002966,0.04241759600000215,0
base_0_far_00_v1.0_h0.6,base_0_far_00,2.0,1.0,0.6,False,False,False,0.0024369999991336044,0.0001240000013780218,22.415094000002966,0.04241765500000348,0
base_0_far_01_v0.0_h0.2,base_0_far_01,2.05,0.0,0.2,False,False,False,0.01070999999974731,0.00026500000060991624,11.491152000001392,0.03150212700000175,0
base_0_far_01_v0.0_h0.4,base_0_far_01,2.05,0.0,0.4,False,False,False,0.003588000000220859,0.00016899999977226798,11.491152000001392,0.03149490900000139,0
base_0_far_01_v0.0_h0.6,base_0_far_01,2.05,0.0,0.6,False,False,False,0.0028289999995934068,0.00014099999923189444,11.491152000001392,0.03149412200000022,0
base_0_far_01_v0.5_h0.2,base_0_far_01,2.05,0.5,0.2,False,False,False,0.00410499999858871,0.0001790000005996717,11.491152000001392,0.031495436000000585,0
base_0_far_01_v0.5_h0.4,base_0_far_01,2.05,0.5,0.4,False,False,False,0.002846000000999993,0.00012199999943618423,11.491152000001392,0.03149412000000183,0
base_0_far_01_v0.5_h0.6,base_0_far_01,2.05,0.5,0.6,False,False,False,0.0025990000001030467,0.00011500000063335847,11.491152000001392,0.03149386600000213,0
base_0_far_01_v1.0_h0.2,base_0_far_01,2.05,1.0,0.2,False,False,False,0.0022230000009670903,9.200000050668677e-05,11.491152000001392,0.03149346700000287,0
base_0_far_01_v1.0_h0.4,base_0_far_01,2.05,1.0,0.4,False,False,False,0.0018530000005512193,7.799999934832158e-05,11.491152000001392,0.031493083000001296,0
base_0_far_01_v1.0_h0.6,base_0_far_01,2.05,1.0,0.6,False,False,False,0.0019409999989505877,9.200000050668677e-05,11.491152000001392,0.03149318500000085,0
base_0_far_02_v0.0_h0.2,base_0_far_02,2.1,0.0,0.2,False,False,False,0.009151000000429121,0.0002839999986292696,24.81636899999984,0.0448258039999989,0
base_0_far_02_v0.0_h0.4,base_0_far_02,2.1,0.0,0.4,False,False,False,0.002431000000413519,0.00011000000021965661,24.81636899999984,0.044818910000000475,0
base_0_far_02_v0.0_h0.6,base_0_far_02,2.1,0.0,0.6,False,False,False,0.002477999998973246,0.00012199999943618423,24.81636899999984,0.04481896899999825,0
base_0_far_02_v0.5_h0.2,base_0_far_02,2.1,0.5,0.2,False,False,False,0.003841999999920631,0.0002109999996946499,24.81636899999984,0.04482042199999946,0
base_0_far_02_v0.5_h0.4,base_0_far_02,2.1,0.5,0.4,False,False,False,0.003340000001017529,0.00015200000014203852,24.81636899999984,0.044819861000001,0
base_0_far_02_v0.5_h0.6,base_0_far_02,2.1,0.5,0.6,False,False,False,0.0029740000009326195,0.00014499999956285592,24.81636899999984,0.04481948800000034,0
base_0_far_02_v1.0_h0.2,base_0_far_02,2.1,1.0,0.2,False,False,False,0.00366499999948644,0.0001790000005996717,24.81636899999984,0.04482021299999993,0
base_0_far_02_v1.0_h0.4,base_0_far_02,2.1,1.0,0.4,False,False,False,0.002920000000017353,0.000156000000473,24.81636899999984,0.04481944500000033,0
base_0_far_02_v1.0_h0.6,base_0_far_02,2.1,1.0,0.6,False,False,False,0.0028439999990581555,0.00016899999977226798,24.81636899999984,0.04481938199999867,0
base_0_far_03_v0.0_h0.2,base_0_far_03,2.15,0.0,0.2,False,False,False,0.008247000000238813,0.00020299999903272692,20.066582999998417,0.04007503299999769,0
base_0_far_03_v0.0_h0.4,base_0_far_03,2.15,0.0,0.4,False,False,False,0.002356999999619802,7.699999926558121e-05,20.066582999998417,0.040069016999997306,0
base_0_far_03_v0.0_h0.6,base_0_far_03,2.15,0.0,0.6,False,False,False,0.001831000000507288,8.09999995965427e-05,20.066582999998417,0.040068494999998525,0
base_0_far_03_v0.5_h0.2,base_0_far_03,2.15,0.5,0.2,False,False,False,0.0022610000005585107,0.00010800000005417587,20.066582999998417,0.04006895199999903,0
base_0_far_03_v0.5_h0.4,base_0_far_03,2.15,0.5,0.4,False,False,False,0.001765000000375494,8.299999976202344e-05,20.066582999998417,0.04006843099999856,0
base_0_far_03_v0.5_h0.6,base_0_far_03,2.15,0.5,0.6,False,False,False,0.001600999999240571,7.599999918284084e-05,20.066582999998417,0.040068259999996844,0
base_0_far_03_v1.0_h0.2,base_0_far_03,2.15,1.0,0.2,False,False,False,0.0030300000002370098,0.00012699999984988608,20.066582999998417,0.04006973999999851,0
base_0_far_03_v1.0_h0.4,base_0_far_03,2.15,1.0,0.4,False,False,False,0.00256299999890075,0.00012900000001536682,20.066582999998417,0.04006927499999734,0
base_0_far_03_v1.0_h0.6,base_0_far_03,2.15,1.0,0.6,False,False,False,0.00248899999988339,0.00020799999944642877,20.066582999998417,0.04006927999999775,0
base_0_far_04_v0.0_h0.2,base_0_far_04,2.2,0.0,0.2,False,False,False,0.01200500000031468,0.0002989999998703752,15.8336900000009,0.03584599400000109,0
base_0_far_04_v0.0_h0.4,base_0_far_04,2.2,0.0,0.4,False,False,False,0.0032250000003841706,0.0001909999998161993,15.8336900000009,0.035837106000001104,0
base_0_far_04_v0.0_h0.6,base_0_far_04,2.2,0.0,0.6,False,False,False,0.0028660000008784436,0.0001300000000981072,15.8336900000009,0.03583668600000188,0
base_0_far_04_v0.5_h0.2,base_0_far_04,2.2,0.5,0.2,False,False,False,0.0032730000008029947,0.00018300000093063318,15.8336900000009,0.03583714600000264,0
base_0_far_04_v0.5_h0.4,base_0_far_04,2.2,0.5,0.4,False,False,False,0.002761000001072489,0.0001370000006772898,15.8336900000009,0.03583658800000265,0
base_0_far_04_v0.5_h0.6,base_0_far_04,2.2,0.5,0.6,False,False,False,0.002587000000886519,0.00014499999956285592,15.8336900000009,0.03583642200000135,0
base_0_far_04_v1.0_h0.2,base_0_far_04,2.2,1.0,0.2,False,False,False,0.003023000001434184,0.000156000000473,15.8336900000009,0.03583686900000281,0
base_0_far_04_v1.0_h0.4,base_0_far_04,2.2,1.0,0.4,False,False,False,0.002810999999880437,0.00014499999956285592,15.8336900000009,0.03583664600000035,0
base_0_far_04_v1.0_h0.6,base_0_far_04,2.2,1.0,0.6,False,False,False,0.002446999999961008,0.00015100000005929815,15.8336900000009,0.035836288000000924,0
base_0_far_05_v0.0_h0.2,base_0_far_05,2.25,0.0,0.2,False,False,False,0.007996000000787262,0.0002419999987068877,18.159221000001224,0.03816745900000072,0
base_0_far_05_v0.0_h0.4,base_0_far_05,2.25,0.0,0.4,False,False,False,0.0024819999993042074,0.00010599999988869513,18.159221000001224,0.03816180900000042,0
base_0_far_05_v0.0_h0.6,base_0_far_05,2.25,0.0,0.6,False,False,False,0.0017959999993877318,9.99999993922529e-05,18.159221000001224,0.03816111700000001,0
base_0_far_05_v0.5_h0.2,base_0_far_05,2.25,0.5,0.2,False,False,False,0.0023270000006903047,0.00011699999902248237,18.159221000001224,0.03816166500000094,0
base_0_far_05_v0.5_h0.4,base_0_far_05,2.25,0.5,0.4,False,False,False,0.0019010000009700434,8.700000009298492e-05,18.159221000001224,0.03816120900000229,0
base_0_far_05_v0.5_h0.6,base_0_far_05,2.25,0.5,0.6,False,False,False,0.0028969999998906815,0.00016599999952404687,18.159221000001224,0.03816228400000064,0
base_0_far_05_v1.0_h0.2,base_0_far_05,2.25,1.0,0.2,False,False,False,0.0023609999999507636,0.00010399999972321439,18.159221000001224,0.0381616860000009,0
base_0_far_05_v1.0_h0.4,base_0_far_05,2.25,1.0,0.4,False,False,False,0.0018129999990179613,7.600000095919768e-05,18.159221000001224,0.038161110000001205,0
base_0_far_05_v1.0_h0.6,base_0_far_05,2.25,1.0,0.6,False,False,False,0.0019180000006002729,0.00010099999947499327,18.159221000001224,0.038161240000001304,0
base_0_far_06_v0.0_h0.2,base_0_far_06,2.3,0.0,0.2,False,False,False,0.008830999998821198,0.00023999999854140697,17.08157899999918,0.03709064999999655,0
base_0_far_06_v0.0_h0.4,base_0_far_06,2.3,0.0,0.4,False,False,False,0.002473000000335901,0.00011200000038513735,17.08157899999918,0.037084163999999906,0
base_0_far_06_v0.0_h0.6,base_0_far_06,2.3,0.0,0.6,False,False,False,0.0019519999998607318,9.899999930951253e-05,17.08157899999918,0.037083629999998355,0
base_0_far_06_v0.5_h0.2,base_0_far_06,2.3,0.5,0.2,False,False,False,0.0021120000006646933,9.599999906129142e-05,17.08157899999918,0.03708378699999891,0
base_0_far_06_v0.5_h0.4,base_0_far_06,2.3,0.5,0.4,False,False,False,0.0018770000007606313,7.999999951380232e-05,17.08157899999918,0.03708353599999946,0
base_0_far_06_v0.5_h0.6,base_0_far_06,2.3,0.5,0.6,False,False,False,0.0017149999997911891,0.0001069999999714355,17.08157899999918,0.03708340099999895,0
base_0_far_06_v1.0_h0.2,base_0_far_06,2.3,1.0,0.2,False,False,False,0.0020910000007035023,8.900000025846566e-05,17.08157899999918,0.03708375900000015,0
base_0_far_06_v1.0_h0.4,base_0_far_06,2.3,1.0,0.4,False,False,False,0.0019780000002356246,8.09999995965427e-05,17.08157899999918,0.03708363799999902,0
base_0_far_06_v1.0_h0.6,base_0_far_06,2.3,1.0,0.6,False,False,False,0.0017739999993438005,7.799999934832158e-05,17.08157899999918,0.03708343099999788,0
base_0_far_07_v0.0_h0.2,base_0_far_07,2.35,0.0,0.2,False,False,False,0.010825000000380669,0.0003569999993402462,21.829748000001814,0.04184093000000154,0
base_0_far_07_v0.0_h0.4,base_0_far_07,2.35,0.0,0.4,False,False,False,0.002694999999164338,0.00011600000071609884,21.829748000001814,0.0418325590000017,0
base_0_far_07_v0.0_h0.6,base_0_far_07,2.35,0.0,0.6,False,False,False,0.0020670000004940903,8.600000001024455e-05,21.829748000001814,0.04183190100000232,0
base_0_far_07_v0.5_h0.2,base_0_far_07,2.35,0.5,0.2,False,False,False,0.0021550000006698156,7.50000008764573e-05,21.829748000001814,0.041831978000003364,0
base_0_far_07_v0.5_h0.4,base_0_far_07,2.35,0.5,0.4,False,False,False,0.0017579999997963114,0.00010499999980595476,21.829748000001814,0.04183161100000142,0
base_0_far_07_v0.5_h0.6,base_0_far_07,2.35,0.5,0.6,False,False,False,0.0017220000003703717,8.199999967928306e-05,21.829748000001814,0.04183155200000187,0
base_0_far_07_v1.0_h0.2,base_0_far_07,2.35,1.0,0.2,False,False,False,0.0018169999993489228,8.499999992750418e-05,21.829748000001814,0.041831650000001094,0
base_0_far_07_v1.0_h0.4,base_0_far_07,2.35,1.0,0.4,False,False,False,0.0018209999996798842,7.50000008764573e-05,21.829748000001814,0.041831644000002374,0
base_0_far_07_v1.0_h0.6,base_0_far_07,2.35,1.0,0.6,False,False,False,0.001629999999863685,0.0001069999999714355,21.829748000001814,0.04183148500000165,0
base_0_far_08_v0.0_h0.2,base_0_far_08,2.4,0.0,0.2,False,False,False,0.009293999999826497,0.0002400000003177638,17.539029000001705,0.03754856300000185,0
base_0_far_08_v0.0_h0.4,base_0_far_08,2.4,0.0,0.4,False,False,False,0.0022870000009334035,0.0001210000011298007,17.539029000001705,0.03754143700000377,0
base_0_far_08_v0.0_h0.6,base_0_far_08,2.4,0.0,0.6,False,False,False,0.001980999998707489,0.0001400000009255109,17.539029000001705,0.03754115000000134,0
base_0_far_08_v0.5_h0.2,base_0_far_08,2.4,0.5,0.2,False,False,False,0.001937000000395983,0.00015400000030751926,17.539029000001705,0.03754112000000241,0
base_0_far_08_v0.5_h0.4,base_0_far_08,2.4,0.5,0.4,False,False,False,0.001600999999240571,7.700000104193805e-05,17.539029000001705,0.03754070700000199,0
base_0_far_08_v0.5_h0.6,base_0_far_08,2.4,0.5,0.6,False,False,False,0.0017690000007064555,7.599999918284084e-05,17.539029000001705,0.0375408740000016,0
base_0_far_08_v1.0_h0.2,base_0_far_08,2.4,1.0,0.2,False,False,False,0.0036290000000605005,0.00017799999874057448,17.539029000001705,0.03754283600000051,0
base_0_far_08_v1.0_h0.4,base_0_far_08,2.4,1.0,0.4,False,False,False,0.0018879999998944186,8.900000025846566e-05,17.539029000001705,0.03754100600000186,0
base_0_far_08_v1.0_h0.6,base_0_far_08,2.4,1.0,0.6,False,False,False,0.0018769999989842745,0.00010399999972321439,17.539029000001705,0.037541010000000416,0
base_0_far_09_v0.0_h0.2,base_0_far_09,2.45,0.0,0.2,False,False,False,0.01372000000010587,0.00031400000111148074,21.357682000001432,0.041371716000002653,0
base_0_far_09_v0.0_h0.4,base_0_far_09,2.45,0.0,0.4,False,False,False,0.006258999999175785,0.00028100000015740534,21.357682000001432,0.04136422200000077,0
base_0_far_09_v0.0_h0.6,base_0_far_09,2.45,0.0,0.6,False,False,False,0.005627000000174576,0.0002240000007702747,21.357682000001432,0.04136353300000238,0
base_0_far_09_v0.5_h0.2,base_0_far_09,2.45,0.5,0.2,False,False,False,0.005927000000127691,0.00020599999928094803,21.357682000001432,0.041363815000000845,0
base_0_far_09_v0.5_h0.4,base_0_far_09,2.45,0.5,0.4,False,False,False,0.005342999999768949,0.0002069999993636884,21.357682000001432,0.04136323200000057,0
base_0_far_09_v0.5_h0.6,base_0_far_09,2.45,0.5,0.6,False,False,False,0.005240000000128475,0.00021900000035657285,21.357682000001432,0.04136314100000192,0
base_0_far_09_v1.0_h0.2,base_0_far_09,2.45,1.0,0.2,False,False,False,0.005594000000996857,0.0002609999985025979,21.357682000001432,0.041363537000000936,0
base_0_far_09_v1.0_h0.4,base_0_far_09,2.45,1.0,0.4,False,False,False,0.005155000000200971,0.00019299999998168005,21.357682000001432,0.04136303000000162,0
base_0_far_09_v1.0_h0.6,base_0_far_09,2.45,1.0,0.6,False,False,False,0.005029000000433825,0.00020499999919820766,21.357682000001432,0.04136291600000107,0
base_0_free_01_v0.0_h0.2,base_0_free_01,2.55,0.0,0.2,False,False,False,0.009272999999865306,0.00023599999998680232,11.47978899999913,0.031489297999998986,0
base_0_free_01_v0.0_h0.4,base_0_free_01,2.55,0.0,0.4,False,False,False,0.0022449999992346648,9.099999864758956e-05,11.47978899999913,0.031482124999997016,0
base_0_free_01_v0.0_h0.6,base_0_free_01,2.55,0.0,0.6,False,False,False,0.001893999998614504,0.00010199999955773364,11.47978899999913,0.031481784999997306,0
base_0_free_01_v0.5_h0.2,base_0_free_01,2.55,0.5,0.2,False,False,False,0.002403999999955886,0.00010599999988869513,11.47978899999913,0.03148229899999898,0
base_0_free_01_v0.5_h0.4,base_0_free_01,2.55,0.5,0.4,False,False,False,0.0017770000013683784,7.599999918284084e-05,11.47978899999913,0.031481641999999685,0
base_0_free_01_v0.5_h0.6,base_0_free_01,2.55,0.5,0.6,False,False,False,0.001970999999656442,0.00011000000021965661,11.47978899999913,0.03148186999999901,0
base_0_free_01_v1.0_h0.2,base_0_free_01,2.55,1.0,0.2,False,False,False,0.001970999999656442,0.00010499999980595476,11.47978899999913,0.031481864999998596,0
base_0_free_01_v1.0_h0.4,base_0_free_01,2.55,1.0,0.4,False,False,False,0.001724999998842236,7.50000008764573e-05,11.47978899999913,0.03148158899999885,0
base_0_free_01_v1.0_h0.6,base_0_free_01,2.55,1.0,0.6,False,False,False,0.001638000000525608,7.599999918284084e-05,11.47978899999913,0.03148150299999884,0
base_0_free_02_v0.0_h0.2,base_0_free_02,2.6,0.0,0.2,False,False,False,0.01051799999984837,0.0002939999994566733,13.143762000000336,0.033154573999999645,0
base_0_free_02_v0.0_h0.4,base_0_free_02,2.6,0.0,0.4,False,False,False,0.003283999999936782,0.00011700000079883921,13.143762000000336,0.033147163000001076,0
base_0_free_02_v0.0_h0.6,base_0_free_02,2.6,0.0,0.6,False,False,False,0.001917999998823916,9.700000092038863e-05,13.143762000000336,0.033145777000000085,0
base_0_free_02_v0.5_h0.2,base_0_free_02,2.6,0.5,0.2,False,False,False,0.00198399999895571,8.499999992750418e-05,13.143762000000336,0.03314583099999922,0
base_0_free_02_v0.5_h0.4,base_0_free_02,2.6,0.5,0.4,False,False,False,0.0018070000002978759,0.00013500000051180905,13.143762000000336,0.03314570400000115,0
base_0_free_02_v0.5_h0.6,base_0_free_02,2.6,0.5,0.6,False,False,False,0.004113999999333373,0.000156000000473,13.143762000000336,0.03314803200000015,0
base_0_free_02_v1.0_h0.2,base_0_free_02,2.6,1.0,0.2,False,False,False,0.002807999999632216,0.00014099999923189444,13.143762000000336,0.033146710999999204,0
base_0_free_02_v1.0_h0.4,base_0_free_02,2.6,1.0,0.4,False,False,False,0.0026539999993246965,0.00010599999988869513,13.143762000000336,0.033146521999999554,0
base_0_free_02_v1.0_h0.6,base_0_free_02,2.6,1.0,0.6,False,False,False,0.0019150000003520518,8.199999967928306e-05,13.143762000000336,0.03314575900000037,0
base_0_free_03_v0.0_h0.2,base_0_free_03,2.65,0.0,0.2,False,False,False,0.008390999999718929,0.000259000000113474,22.320635000001587,0.042329285000001424,0
base_0_free_03_v0.0_h0.4,base_0_free_03,2.65,0.0,0.4,False,False,False,0.0024029999998731455,0.00011699999902248237,22.320635000001587,0.04232315500000049,0
base_0_free_03_v0.0_h0.6,base_0_free_03,2.65,0.0,0.6,False,False,False,0.0018299999986481907,9.200000050668677e-05,22.320635000001587,0.042322557000000746,0
base_0_free_03_v0.5_h0.2,base_0_free_03,2.65,0.5,0.2,False,False,False,0.0024899999999661304,0.00016899999977226798,22.320635000001587,0.04232329400000133,0
base_0_free_03_v0.5_h0.4,base_0_free_03,2.65,0.5,0.4,False,False,False,0.0019319999999822812,8.39999998447638e-05,22.320635000001587,0.04232265100000142,0
base_0_free_03_v0.5_h0.6,base_0_free_03,2.65,0.5,0.6,False,False,False,0.001925999999485839,0.0001069999999714355,22.320635000001587,0.04232266800000105,0
base_0_free_03_v1.0_h0.2,base_0_free_03,2.65,1.0,0.2,False,False,False,0.001937000000395983,0.0001319999984872311,22.320635000001587,0.042322704000000475,0
base_0_free_03_v1.0_h0.4,base_0_free_03,2.65,1.0,0.4,False,False,False,0.0018179999994316631,8.199999967928306e-05,22.320635000001587,0.0423225350000007,0
base_0_free_03_v1.0_h0.6,base_0_free_03,2.65,1.0,0.6,False,False,False,0.0019209999990721371,8.299999976202344e-05,22.320635000001587,0.042322639000000425,0
base_0_free_04_v0.0_h0.2,base_0_free_04,2.7,0.0,0.2,False,False,False,0.0089170000006078,0.00033000000065896984,39.29433599999932,0.05930358300000059,0
base_0_free_04_v0.0_h0.4,base_0_free_04,2.7,0.0,0.4,False,False,False,0.002377999999580993,0.00010499999980595476,39.29433599999932,0.05929681899999871,0
base_0_free_04_v0.0_h0.6,base_0_free_04,2.7,0.0,0.6,False,False,False,0.0018930000003081204,0.0001259999997671457,39.29433599999932,0.0592963549999994,0
base_0_free_04_v0.5_h0.2,base_0_free_04,2.7,0.5,0.2,False,False,False,0.0023979999994594436,0.0001440000012564724,39.29433599999932,0.05929687800000004,0
base_0_free_04_v0.5_h0.4,base_0_free_04,2.7,0.5,0.4,False,False,False,0.0018029999999669144,8.700000009298492e-05,39.29433599999932,0.05929622599999938,0
base_0_free_04_v0.5_h0.6,base_0_free_04,2.7,0.5,0.6,False,False,False,0.001883999999563457,8.899999848210882e-05,39.29433599999932,0.05929630899999737,0
base_0_free_04_v1.0_h0.2,base_0_free_04,2.7,1.0,0.2,False,False,False,0.002198000000674938,0.00010900000013691624,39.29433599999932,0.059296643000000135,0
base_0_free_04_v1.0_h0.4,base_0_free_04,2.7,1.0,0.4,False,False,False,0.0018830000012570736,0.00010499999980595476,39.29433599999932,0.059296324000000386,0
base_0_free_04_v1.0_h0.6,base_0_free_04,2.7,1.0,0.6,False,False,False,0.00160700000151337,7.700000104193805e-05,39.29433599999932,0.05929602000000188,0
base_0_free_05_v0.0_h0.2,base_0_free_05,2.75,0.0,0.2,False,False,False,0.009425000000007344,0.0003020000001185963,39.52243000000166,0.05953215700000179,0
base_0_free_05_v0.0_h0.4,base_0_free_05,2.75,0.0,0.4,False,False,False,0.0025410000006331757,0.0001300000000981072,39.52243000000166,0.0595251010000024,0
base_0_free_05_v0.0_h0.6,base_0_free_05,2.75,0.0,0.6,False,False,False,0.0019520000016370886,0.00011999999927070348,39.52243000000166,0.059524502000002574,0
base_0_free_05_v0.5_h0.2,base_0_free_05,2.75,0.5,0.2,False,False,False,0.002368000000529946,0.00010599999988869513,39.52243000000166,0.059524904000002085,0
base_0_free_05_v0.5_h0.4,base_0_free_05,2.75,0.5,0.4,False,False,False,0.001955000000108953,9.300000058942715e-05,39.52243000000166,0.059524478000002365,0
base_0_free_05_v0.5_h0.6,base_0_free_05,2.75,0.5,0.6,False,False,False,0.001741000000166082,7.799999934832158e-05,39.52243000000166,0.05952424900000118,0
base_0_free_05_v1.0_h0.2,base_0_free_05,2.75,1.0,0.2,False,False,False,0.0020230000004062276,8.900000025846566e-05,39.52243000000166,0.05952454200000233,0
base_0_free_05_v1.0_h0.4,base_0_free_05,2.75,1.0,0.4,False,False,False,0.002042000000201938,0.0001089999983605594,39.52243000000166,0.05952458100000023,0
base_0_free_05_v1.0_h0.6,base_0_free_05,2.75,1.0,0.6,False,False,False,0.0016069999997370132,7.799999934832158e-05,39.52243000000166,0.05952411500000075,0
base_0_free_06_v0.0_h0.2,base_0_free_06,2.8,0.0,0.2,False,False,False,0.009244999999324932,0.00027299999949548237,48.75951500000042,0.06876903299999924,0
base_0_free_06_v0.0_h0.4,base_0_free_06,2.8,0.0,0.4,False,False,False,0.0025749999998936346,9.699999914403179e-05,48.75951500000042,0.06876218699999946,0
base_0_free_06_v0.0_h0.6,base_0_free_06,2.8,0.0,0.6,False,False,False,0.0019519999998607318,8.39999998447638e-05,48.75951500000042,0.06876155100000013,0
base_0_free_06_v0.5_h0.2,base_0_free_06,2.8,0.5,0.2,False,False,False,0.0020479999989220232,0.0001649999994413065,48.75951500000042,0.06876172799999879,0
base_0_free_06_v0.5_h0.4,base_0_free_06,2.8,0.5,0.4,False,False,False,0.0018759999989015341,9.900000108586937e-05,48.75951500000042,0.06876149000000041,0
base_0_free_06_v0.5_h0.6,base_0_free_06,2.8,0.5,0.6,False,False,False,0.001842000001417432,7.899999943106195e-05,48.75951500000042,0.06876143600000127,0
base_0_free_06_v1.0_h0.2,base_0_free_06,2.8,1.0,0.2,False,False,False,0.0022679999993613364,0.00013600000059454942,48.75951500000042,0.06876191900000038,0
base_0_free_06_v1.0_h0.4,base_0_free_06,2.8,1.0,0.4,False,False,False,0.0019729999998219228,0.00012900000001536682,48.75951500000042,0.06876161700000026,0
base_0_free_06_v1.0_h0.6,base_0_free_06,2.8,1.0,0.6,False,False,False,0.001669999999620586,0.00010199999955773364,48.75951500000042,0.0687612869999996,0
base_0_free_07_v0.0_h0.2,base_0_free_07,2.85,0.0,0.2,False,False,False,0.012781000000572362,0.0002879999989602311,37.15566900000056,0.057168738000000094,0
base_0_free_07_v0.0_h0.4,base_0_free_07,2.85,0.0,0.4,False,False,False,0.005800000000277805,0.0002050000009745645,37.15566900000056,0.057161674000001814,0
base_0_free_07_v0.0_h0.6,base_0_free_07,2.85,0.0,0.6,False,False,False,0.005450999999823125,0.00020600000105730487,37.15566900000056,0.05716132600000144,0
base_0_free_07_v0.5_h0.2,base_0_free_07,2.85,0.5,0.2,False,False,False,0.0061309999992431585,0.0002109999996946499,37.15566900000056,0.0571620109999995,0
base_0_free_07_v0.5_h0.4,base_0_free_07,2.85,0.5,0.4,False,False,False,0.005457000000319567,0.0002329999997385812,37.15566900000056,0.05716135900000062,0
base_0_free_07_v0.5_h0.6,base_0_free_07,2.85,0.5,0.6,False,False,False,0.005334000000800643,0.00019199999989893968,37.15566900000056,0.05716119500000126,0
base_0_free_07_v1.0_h0.2,base_0_free_07,2.85,1.0,0.2,False,False,False,0.005779999998622998,0.0002400000003177638,37.15566900000056,0.0571616889999995,0
base_0_free_07_v1.0_h0.4,base_0_free_07,2.85,1.0,0.4,False,False,False,0.005146999999539048,0.00023399999982132158,37.15566900000056,0.05716104999999992,0
base_0_free_07_v1.0_h0.6,base_0_free_07,2.85,1.0,0.6,False,False,False,0.005139000000653482,0.00018599999940249745,37.15566900000056,0.05716099400000062,0
base_0_free_08_v0.0_h0.2,base_0_free_08,2.9,0.0,0.2,False,False,False,0.009211000000064473,0.0002440000006487253,23.366901999999357,0.043376357000000074,0
base_0_free_08_v0.0_h0.4,base_0_free_08,2.9,0.0,0.4,False,False,False,0.0024400000011581824,9.499999897855105e-05,23.366901999999357,0.0433694369999995,0
base_0_free_08_v0.0_h0.6,base_0_free_08,2.9,0.0,0.6,False,False,False,0.002006000000775998,0.00011500000063335847,23.366901999999357,0.04336902300000077,0
base_0_free_08_v0.5_h0.2,base_0_free_08,2.9,0.5,0.2,False,False,False,0.0024320000004962594,0.0001229999995189246,23.366901999999357,0.043369456999999376,0
base_0_free_08_v0.5_h0.4,base_0_free_08,2.9,0.5,0.4,False,False,False,0.0018849999996461975,8.300000153838027e-05,23.366901999999357,0.043368870000000545,0
base_0_free_08_v0.5_h0.6,base_0_free_08,2.9,0.5,0.6,False,False,False,0.001695999999995479,7.799999934832158e-05,23.366901999999357,0.043368675999998704,0
base_0_free_08_v1.0_h0.2,base_0_free_08,2.9,1.0,0.2,False,False,False,0.001997000000031335,8.09999995965427e-05,23.366901999999357,0.04336897999999899,0
base_0_free_08_v1.0_h0.4,base_0_free_08,2.9,1.0,0.4,False,False,False,0.0018320000005900283,9.499999897855105e-05,23.366901999999357,0.04336882899999893,0
base_0_free_08_v1.0_h0.6,base_0_free_08,2.9,1.0,0.6,False,False,False,0.0019480000013061272,7.800000112467842e-05,23.366901999999357,0.04336892800000179,0
base_0_free_09_v0.0_h0.2,base_0_free_09,2.95,0.0,0.2,False,False,False,0.008698000000251227,0.000312000000946,18.116319000000658,0.03812532900000186,0
base_0_free_09_v0.0_h0.4,base_0_free_09,2.95,0.0,0.4,False,False,False,0.0024879999998006497,8.600000001024455e-05,18.116319000000658,0.03811889300000047,0
base_0_free_09_v0.0_h0.6,base_0_free_09,2.95,0.0,0.6,False,False,False,0.002149999998479757,0.00010599999988869513,18.116319000000658,0.03811857499999903,0
base_0_free_09_v0.5_h0.2,base_0_free_09,2.95,0.5,0.2,False,False,False,0.0023499999990406195,0.00014100000100825127,18.116319000000658,0.03811881000000071,0
base_0_free_09_v0.5_h0.4,base_0_free_09,2.95,0.5,0.4,False,False,False,0.0016779999985061522,7.900000120741879e-05,18.116319000000658,0.038118076000000375,0
base_0_free_09_v0.5_h0.6,base_0_free_09,2.95,0.5,0.6,False,False,False,0.0019319999999822812,8.700000009298492e-05,18.116319000000658,0.03811833800000074,0
base_0_free_09_v1.0_h0.2,base_0_free_09,2.95,1.0,0.2,False,False,False,0.0022039999993950232,0.00011499999885700163,18.116319000000658,0.038118637999998914,0
base_0_free_09_v1.0_h0.4,base_0_free_09,2.95,1.0,0.4,False,False,False,0.0017480000007452645,8.700000009298492e-05,18.116319000000658,0.0381181540000015,0
base_0_free_09_v1.0_h0.6,base_0_free_09,2.95,1.0,0.6,False,False,False,0.0017739999993438005,8.000000129015916e-05,18.116319000000658,0.038118173000001296,0
base_0_near_00_v0.0_h0.2,base_0_near_00,3.0,0.0,0.2,False,False,False,0.008788999998898817,0.00028199999846378887,31.93558999999979,0.05194466099999716,0
base_0_near_00_v0.0_h0.4,base_0_near_00,3.0,0.0,0.4,False,False,False,0.002482999999386948,0.0001229999995189246,31.93558999999979,0.0519381959999987,0
base_0_near_00_v0.0_h0.6,base_0_near_00,3.0,0.0,0.6,False,False,False,0.0021969999988158406,0.00010299999964047402,31.93558999999979,0.05193788999999825,0
base_0_near_00_v0.5_h0.2,base_0_near_00,3.0,0.5,0.2,False,False,False,0.002099999999671809,8.700000009298492e-05,31.93558999999979,0.05193777699999956,0
base_0_near_00_v0.5_h0.4,base_0_near_00,3.0,0.5,0.4,False,False,False,0.0017900000006676464,0.00012799999993262645,31.93558999999979,0.051937508000000396,0
base_0_near_00_v0.5_h0.6,base_0_near_00,3.0,0.5,0.6,False,False,False,0.001897000000639082,8.199999967928306e-05,31.93558999999979,0.051937569000000114,0
base_0_near_00_v1.0_h0.2,base_0_near_00,3.0,1.0,0.2,False,False,False,0.0019620000006881355,9.700000092038863e-05,31.93558999999979,0.051937649000001404,0
base_0_near_00_v1.0_h0.4,base_0_near_00,3.0,1.0,0.4,False,False,False,0.001913000000186571,7.999999951380232e-05,31.93558999999979,0.051937582999999496,0
base_0_near_00_v1.0_h0.6,base_0_near_00,3.0,1.0,0.6,False,False,False,0.0018669999999332276,8.09999995965427e-05,31.93558999999979,0.051937537999999325,0
base_0_near_01_v0.0_h0.2,base_0_near_01,3.05,0.0,0.2,False,False,False,0.008994999999956121,0.0002329999997385812,19.43136799999934,0.03944059599999904,0
base_0_near_01_v0.0_h0.4,base_0_near_01,3.05,0.0,0.4,False,False,False,0.00235099999912336,0.00010099999947499327,19.43136799999934,0.03943381999999794,0
base_0_near_01_v0.0_h0.6,base_0_near_01,3.05,0.0,0.6,False,False,False,0.00196599999924274,9.500000075490789e-05,19.43136799999934,0.03943342899999934,0
base_0_near_01_v0.5_h0.2,base_0_near_01,3.05,0.5,0.2,False,False,False,0.0020150000015206615,0.0001459999996455963,19.43136799999934,0.03943352900000051,0
base_0_near_01_v0.5_h0.4,base_0_near_01,3.05,0.5,0.4,False,False,False,0.0018159999992661824,8.20000014556399e-05,19.43136799999934,0.039433266000000064,0
base_0_near_01_v0.5_h0.6,base_0_near_01,3.05,0.5,0.6,False,False,False,0.0019209999990721371,9.400000067216752e-05,19.43136799999934,0.039433382999999086,0
base_0_near_01_v1.0_h0.2,base_0_near_01,3.05,1.0,0.2,False,False,False,0.00233299999941039,0.00011200000038513735,19.43136799999934,0.03943381299999914,0
base_0_near_01_v1.0_h0.4,base_0_near_01,3.05,1.0,0.4,False,False,False,0.0032169999997222476,0.00014299999939737518,19.43136799999934,0.03943472799999846,0
base_0_near_01_v1.0_h0.6,base_0_near_01,3.05,1.0,0.6,False,False,False,0.0021679999999690835,0.00011000000021965661,19.43136799999934,0.03943364599999953,0
base_0_near_02_v0.0_h0.2,base_0_near_02,3.1,0.0,0.2,False,False,False,0.00760400000032746,0.00026800000085813735,16.439633999997483,0.03644750599999867,0
base_0_near_02_v0.0_h0.4,base_0_near_02,3.1,0.0,0.4,False,False,False,0.0021759999988546497,8.999999856484919e-05,16.439633999997483,0.036441899999994906,0
base_0_near_02_v0.0_h0.6,base_0_near_02,3.1,0.0,0.6,False,False,False,0.0018659999998504873,8.400000162112065e-05,16.439633999997483,0.03644158399999896,0
base_0_near_02_v0.5_h0.2,base_0_near_02,3.1,0.5,0.2,False,False,False,0.001976000000070144,9.900000108586937e-05,16.439633999997483,0.03644170899999864,0
base_0_near_02_v0.5_h0.4,base_0_near_02,3.1,0.5,0.4,False,False,False,0.0017460000005797838,9.10000004239464e-05,16.439633999997483,0.03644147099999849,0
base_0_near_02_v0.5_h0.6,base_0_near_02,3.1,0.5,0.6,False,False,False,0.0017540000012417067,8.09999995965427e-05,16.439633999997483,0.036441468999998325,0
base_0_near_02_v1.0_h0.2,base_0_near_02,3.1,1.0,0.2,False,False,False,0.0021940000003439764,7.900000120741879e-05,16.439633999997483,0.03644190699999904,0
base_0_near_02_v1.0_h0.4,base_0_near_02,3.1,1.0,0.4,False,False,False,0.0019269999995685794,7.899999943106195e-05,16.439633999997483,0.036441639999996486,0
base_0_near_02_v1.0_h0.6,base_0_near_02,3.1,1.0,0.6,False,False,False,0.0015970000006859664,7.899999943106195e-05,16.439633999997483,0.036441309999997604,0
base_0_near_03_v0.0_h0.2,base_0_near_03,3.1500000000000004,0.0,0.2,False,False,False,0.01566999999980112,0.0003599999995884673,18.44768400000163,0.03846371400000102,0
base_0_near_03_v0.0_h0.4,base_0_near_03,3.1500000000000004,0.0,0.4,False,False,False,0.007351000000710428,0.00027699999982644385,18.44768400000163,0.03845531200000217,0
base_0_near_03_v0.0_h0.6,base_0_near_03,3.1500000000000004,0.0,0.6,False,False,False,0.016377999999761528,0.00032600000032800835,18.44768400000163,0.03846438800000172,0
base_0_near_03_v0.5_h0.2,base_0_near_03,3.1500000000000004,0.5,0.2,False,False,False,0.003543000000050256,0.00015899999894486427,18.44768400000163,0.03845138600000063,0
base_0_near_03_v0.5_h0.4,base_0_near_03,3.1500000000000004,0.5,0.4,False,False,False,0.002045000000450159,9.799999922677216e-05,18.44768400000163,0.03844982700000131,0
base_0_near_03_v0.5_h0.6,base_0_near_03,3.1500000000000004,0.5,0.6,False,False,False,0.0019489999996125107,0.00011100000030239698,18.44768400000163,0.03844974400000155,0
base_0_near_03_v1.0_h0.2,base_0_near_03,3.1500000000000004,1.0,0.2,False,False,False,0.0020349999996227552,8.800000017572529e-05,18.44768400000163,0.03844980700000143,0
base_0_near_03_v1.0_h0.4,base_0_near_03,3.1500000000000004,1.0,0.4,False,False,False,0.0017639999985163968,0.00010099999947499327,18.44768400000163,0.038449548999999625,0
base_0_near_03_v1.0_h0.6,base_0_near_03,3.1500000000000004,1.0,0.6,False,False,False,0.0017480000007452645,7.799999934832158e-05,18.44768400000163,0.03844951000000173,0
base_0_near_04_v0.0_h0.2,base_0_near_04,3.2,0.0,0.2,False,False,False,0.010431999999838126,0.0003109999990869028,32.59744100000006,0.05260818399999899,0
base_0_near_04_v0.0_h0.4,base_0_near_04,3.2,0.0,0.4,False,False,False,0.003726000000980889,0.00017400000018596984,32.59744100000006,0.05260134100000123,0
base_0_near_04_v0.0_h0.6,base_0_near_04,3.2,0.0,0.6,False,False,False,0.0026009999984921706,0.00011800000088157958,32.59744100000006,0.05260015999999944,0
base_0_near_04_v0.5_h0.2,base_0_near_04,3.2,0.5,0.2,False,False,False,0.0025719999996454135,0.00010200000133409048,32.59744100000006,0.052600115000001044,0
base_0_near_04_v0.5_h0.4,base_0_near_04,3.2,0.5,0.4,False,False,False,0.001985000000814807,0.00010100000125135011,32.59744100000006,0.05259952700000213,0
base_0_near_04_v0.5_h0.6,base_0_near_04,3.2,0.5,0.6,False,False,False,0.0021829999994338323,0.00010900000013691624,32.59744100000006,0.052599732999999635,0
base_0_near_04_v1.0_h0.2,base_0_near_04,3.2,1.0,0.2,False,False,False,0.002050000000863861,0.00010800000005417587,32.59744100000006,0.05259959900000098,0
base_0_near_04_v1.0_h0.4,base_0_near_04,3.2,1.0,0.4,False,False,False,0.0019509999997779914,8.999999856484919e-05,32.59744100000006,0.05259948199999841,0
base_0_near_04_v1.0_h0.6,base_0_near_04,3.2,1.0,0.6,False,False,False,0.0019479999995297703,0.00011100000030239698,32.59744100000006,0.052599499999999896,0
base_0_near_05_v0.0_h0.2,base_0_near_05,3.25,0.0,0.2,False,False,False,0.009398999999632451,0.00027699999982644385,31.425654999999608,0.05143533099999907,0
base_0_near_05_v0.0_h0.4,base_0_near_05,3.25,0.0,0.4,False,False,False,0.00248899999988339,0.00011999999927070348,31.425654999999608,0.051428263999998766,0
base_0_near_05_v0.0_h0.6,base_0_near_05,3.25,0.0,0.6,False,False,False,0.0019560000001916933,0.0001300000000981072,31.425654999999608,0.0514277409999999,0
base_0_near_05_v0.5_h0.2,base_0_near_05,3.25,0.5,0.2,False,False,False,0.0022149999985288105,0.00012399999960166497,31.425654999999608,0.05142799399999774,0
base_0_near_05_v0.5_h0.4,base_0_near_05,3.25,0.5,0.4,False,False,False,0.0018669999999332276,9.8000001003129e-05,31.425654999999608,0.05142762000000055,0
base_0_near_05_v0.5_h0.6,base_0_near_05,3.25,0.5,0.6,False,False,False,0.0020470000006156397,8.20000014556399e-05,31.425654999999608,0.05142778400000168,0
base_0_near_05_v1.0_h0.2,base_0_near_05,3.25,1.0,0.2,False,False,False,0.00202900000090267,0.00010599999988869513,31.425654999999608,0.0514277900000004,0
base_0_near_05_v1.0_h0.4,base_0_near_05,3.25,1.0,0.4,False,False,False,0.0019229999992376179,8.39999998447638e-05,31.425654999999608,0.051427661999998694,0
base_0_near_05_v1.0_h0.6,base_0_near_05,3.25,1.0,0.6,False,False,False,0.0019219999991548775,0.00011799999910522274,31.425654999999608,0.05142769499999787,0
base_0_near_06_v0.0_h0.2,base_0_near_06,3.3,0.0,0.2,False,False,False,0.0072940000013232975,0.00023599999998680232,17.496551000000693,0.03750408100000201,0
base_0_near_06_v0.0_h0.4,base_0_near_06,3.3,0.0,0.4,False,False,False,0.002257000000227549,0.00011000000021965661,17.496551000000693,0.037498918000001144,0
base_0_near_06_v0.0_h0.6,base_0_near_06,3.3,0.0,0.6,False,False,False,0.0020700000007423114,7.999999951380232e-05,17.496551000000693,0.03749870100000095,0
base_0_near_06_v0.5_h0.2,base_0_near_06,3.3,0.5,0.2,False,False,False,0.002352000000982457,0.00011899999918796311,17.496551000000693,0.03749902200000087,0
base_0_near_06_v0.5_h0.4,base_0_near_06,3.3,0.5,0.4,False,False,False,0.0019829999988729696,8.199999967928306e-05,17.496551000000693,0.03749861599999925,0
base_0_near_06_v0.5_h0.6,base_0_near_06,3.3,0.5,0.6,False,False,False,0.0017709999990955794,7.999999951380232e-05,17.496551000000693,0.037498401999999306,0
base_0_near_06_v1.0_h0.2,base_0_near_06,3.3,1.0,0.2,False,False,False,0.0022600000004757703,0.00010499999980595476,17.496551000000693,0.03749891600000098,0
base_0_near_06_v1.0_h0.4,base_0_near_06,3.3,1.0,0.4,False,False,False,0.001888999999977159,0.00010800000005417587,17.496551000000693,0.03749854800000073,0
base_0_near_06_v1.0_h0.6,base_0_near_06,3.3,1.0,0.6,False,False,False,0.0018510000003857385,8.09999995965427e-05,17.496551000000693,0.03749848300000068,0
base_0_near_07_v0.0_h0.2,base_0_near_07,3.35,0.0,0.2,False,False,False,0.008286999999995714,0.00028000000007466497,18.67422600000168,0.038682793000001756,0
base_0_near_07_v0.0_h0.4,base_0_near_07,3.35,0.0,0.4,False,False,False,0.002111000000581953,9.699999914403179e-05,18.67422600000168,0.03867643400000141,0
base_0_near_07_v0.0_h0.6,base_0_near_07,3.35,0.0,0.6,False,False,False,0.0020330000012336313,9.699999914403179e-05,18.67422600000168,0.03867635600000206,0
base_0_near_07_v0.5_h0.2,base_0_near_07,3.35,0.5,0.2,False,False,False,0.002036999999788236,9.599999906129142e-05,18.67422600000168,0.038676359000000535,0
base_0_near_07_v0.5_h0.4,base_0_near_07,3.35,0.5,0.4,False,False,False,0.001831000000507288,7.900000120741879e-05,18.67422600000168,0.0386761360000034,0
base_0_near_07_v0.5_h0.6,base_0_near_07,3.35,0.5,0.6,False,False,False,0.00196499999916,0.00011699999902248237,18.67422600000168,0.03867630799999987,0
base_0_near_07_v1.0_h0.2,base_0_near_07,3.35,1.0,0.2,False,False,False,0.00215799999914168,0.00012900000001536682,18.67422600000168,0.03867651300000084,0
base_0_near_07_v1.0_h0.4,base_0_near_07,3.35,1.0,0.4,False,False,False,0.0020379999998709764,9.99999993922529e-05,18.67422600000168,0.03867636400000095,0
base_0_near_07_v1.0_h0.6,base_0_near_07,3.35,1.0,0.6,False,False,False,0.0017449999987206866,8.199999967928306e-05,18.67422600000168,0.038676053000000085,0
base_0_near_08_v0.0_h0.2,base_0_near_08,3.4000000000000004,0.0,0.2,False,False,False,0.008252000000652515,0.00027699999982644385,16.76561400000054,0.03677414300000102,0
base_0_near_08_v0.0_h0.4,base_0_near_08,3.4000000000000004,0.0,0.4,False,False,False,0.0023769999994982527,0.0001300000000981072,16.76561400000054,0.03676812100000014,0
base_0_near_08_v0.0_h0.6,base_0_near_08,3.4000000000000004,0.0,0.6,False,False,False,0.002007999999165122,9.799999922677216e-05,16.76561400000054,0.036767719999998935,0
base_0_near_08_v0.5_h0.2,base_0_near_08,3.4000000000000004,0.5,0.2,False,False,False,0.0024960000004625726,0.00010900000013691624,16.76561400000054,0.03676821900000114,0
base_0_near_08_v0.5_h0.4,base_0_near_08,3.4000000000000004,0.5,0.4,False,False,False,0.0016910000013581339,8.999999856484919e-05,16.76561400000054,0.036767395000000466,0
base_0_near_08_v0.5_h0.6,base_0_near_08,3.4000000000000004,0.5,0.6,False,False,False,0.0017210000002876313,8.199999967928306e-05,16.76561400000054,0.03676741700000051,0
base_0_near_08_v1.0_h0.2,base_0_near_08,3.4000000000000004,1.0,0.2,False,False,False,0.0023900000005738775,9.900000108586937e-05,16.76561400000054,0.0367681030000022,0
base_0_near_08_v1.0_h0.4,base_0_near_08,3.4000000000000004,1.0,0.4,False,False,False,0.0017800000016165995,0.00010399999972321439,16.76561400000054,0.03676749800000188,0
base_0_near_08_v1.0_h0.6,base_0_near_08,3.4000000000000004,1.0,0.6,False,False,False,0.0018409999995583348,0.00010199999955773364,16.76561400000054,0.03676755699999966,0
base_0_near_09_v0.0_h0.2,base_0_near_09,3.45,0.0,0.2,False,False,False,0.010788999999178372,0.00035200000070290116,19.99581199999767,0.040006952999997555,0
base_0_near_09_v0.0_h0.4,base_0_near_09,3.45,0.0,0.4,False,False,False,0.0036599999990727383,0.0001999999987845058,19.99581199999767,0.03999967199999553,0
base_0_near_09_v0.0_h0.6,base_0_near_09,3.45,0.0,0.6,False,False,False,0.0027309999985902778,0.0001579999988621239,19.99581199999767,0.039998700999995127,0
base_0_near_09_v0.5_h0.2,base_0_near_09,3.45,0.5,0.2,False,False,False,0.0034680000009501555,0.00016699999960678724,19.99581199999767,0.03999944699999823,0
base_0_near_09_v0.5_h0.4,base_0_near_09,3.45,0.5,0.4,False,False,False,0.0027620000011552293,0.00016099999911034502,19.99581199999767,0.03999873499999794,0
base_0_near_09_v0.5_h0.6,base_0_near_09,3.45,0.5,0.6,False,False,False,0.002693000000775214,0.00015699999877938353,19.99581199999767,0.03999866199999723,0
base_0_near_09_v1.0_h0.2,base_0_near_09,3.45,1.0,0.2,False,False,False,0.0034389999985506847,0.00019299999998168005,19.99581199999767,0.039999443999996206,0
base_0_near_09_v1.0_h0.4,base_0_near_09,3.45,1.0,0.4,False,False,False,0.0028119999999631773,0.000156000000473,19.99581199999767,0.03999877999999811,0
base_0_near_09_v1.0_h0.6,base_0_near_09,3.45,1.0,0.6,False,False,False,0.0028290000013697636,0.000156000000473,19.99581199999767,0.03999879699999952,0
base_1_far_00_v0.0_h0.2,base_1_far_00,3.5,0.0,0.2,False,False,False,0.013409000001018967,0.00028100000015740534,18.255266000004156,0.038268956000005336,0
base_1_far_00_v0.0_h0.4,base_1_far_00,3.5,0.0,0.4,False,False,False,0.0035280000005855072,9.500000075490789e-05,18.255266000004156,0.0382588890000055,0
base_1_far_00_v0.0_h0.6,base_1_far_00,3.5,0.0,0.6,False,False,False,0.0025689999993971924,9.699999914403179e-05,18.255266000004156,0.0382579320000027,0
base_1_far_00_v0.5_h0.2,base_1_far_00,3.5,0.5,0.2,False,False,False,0.0025639999989834905,0.00021299999986013063,18.255266000004156,0.038258043000003,0
base_1_far_00_v0.5_h0.4,base_1_far_00,3.5,0.5,0.4,False,False,False,0.0024349999989681237,9.500000075490789e-05,18.255266000004156,0.03825779600000388,0
base_1_far_00_v0.5_h0.6,base_1_far_00,3.5,0.5,0.6,False,False,False,0.0023629999983398875,9.99999993922529e-05,18.255266000004156,0.03825772900000189,0
base_1_far_00_v1.0_h0.2,base_1_far_00,3.5,1.0,0.2,False,False,False,0.0026059999989058724,0.00010900000013691624,18.255266000004156,0.0382579810000032,0
base_1_far_00_v1.0_h0.4,base_1_far_00,3.5,1.0,0.4,False,False,False,0.002377999999580993,9.200000050668677e-05,18.255266000004156,0.03825773600000425,0
base_1_far_00_v1.0_h0.6,base_1_far_00,3.5,1.0,0.6,False,False,False,0.0026139999995677954,0.00011200000038513735,18.255266000004156,0.03825799200000411,0
base_1_far_01_v0.0_h0.2,base_1_far_01,3.55,0.0,0.2,False,False,False,0.00937599999950578,0.00028800000073658794,19.580382999997425,0.03959004699999767,0
base_1_far_01_v0.0_h0.4,base_1_far_01,3.55,0.0,0.4,False,False,False,0.002806000001243092,0.00010199999955773364,19.580382999997425,0.03958329099999823,0
base_1_far_01_v0.0_h0.6,base_1_far_01,3.55,0.0,0.6,False,False,False,0.0020989999995890685,8.600000001024455e-05,19.580382999997425,0.03958256799999703,0
base_1_far_01_v0.5_h0.2,base_1_far_01,3.55,0.5,0.2,False,False,False,0.0023309999992449093,0.00017599999857509374,19.580382999997425,0.03958288999999525,0
base_1_far_01_v0.5_h0.4,base_1_far_01,3.55,0.5,0.4,False,False,False,0.0020250000005717084,8.700000009298492e-05,19.580382999997425,0.039582494999998094,0
base_1_far_01_v0.5_h0.6,base_1_far_01,3.55,0.5,0.6,False,False,False,0.002130000000377663,8.800000017572529e-05,19.580382999997425,0.03958260099999798,0
base_1_far_01_v1.0_h0.2,base_1_far_01,3.55,1.0,0.2,False,False,False,0.0025559999983215675,0.00012399999960166497,19.580382999997425,0.03958306299999535,0
base_1_far_01_v1.0_h0.4,base_1_far_01,3.55,1.0,0.4,False,False,False,0.002051000000946601,9.29999988130703e-05,19.580382999997425,0.03958252699999719,0
base_1_far_01_v1.0_h0.6,base_1_far_01,3.55,1.0,0.6,False,False,False,0.0019540000000262125,0.00012199999943618423,19.580382999997425,0.03958245899999689,0
base_1_far_02_v0.0_h0.2,base_1_far_02,3.6,0.0,0.2,False,False,False,0.009787999999844033,0.00025800000003073364,32.31486500000358,0.05232491100000346,0
base_1_far_02_v0.0_h0.4,base_1_far_02,3.6,0.0,0.4,False,False,False,0.002741999999500422,0.0001210000011298007,32.31486500000358,0.05231772800000421,0
base_1_far_02_v0.0_h0.6,base_1_far_02,3.6,0.0,0.6,False,False,False,0.0018710000002641891,0.00011699999902248237,32.31486500000358,0.05231685300000287,0
base_1_far_02_v0.5_h0.2,base_1_far_02,3.6,0.5,0.2,False,False,False,0.002431000000413519,0.00013600000059454942,32.31486500000358,0.05231743200000459,0
base_1_far_02_v0.5_h0.4,base_1_far_02,3.6,0.5,0.4,False,False,False,0.0019989999984204587,7.799999934832158e-05,32.31486500000358,0.05231694200000135,0
base_1_far_02_v0.5_h0.6,base_1_far_02,3.6,0.5,0.6,False,False,False,0.0018530000005512193,0.00011000000021965661,32.31486500000358,0.05231682800000435,0
base_1_far_02_v1.0_h0.2,base_1_far_02,3.6,1.0,0.2,False,False,False,0.0020989999995890685,9.799999922677216e-05,32.31486500000358,0.0523170620000024,0
base_1_far_02_v1.0_h0.4,base_1_far_02,3.6,1.0,0.4,False,False,False,0.001896999998862725,9.900000108586937e-05,32.31486500000358,0.05231686100000353,0
base_1_far_02_v1.0_h0.6,base_1_far_02,3.6,1.0,0.6,False,False,False,0.0018579999991885643,0.000115999998939742,32.31486500000358,0.05231683900000171,0
base_1_far_03_v0.0_h0.2,base_1_far_03,3.6500000000000004,0.0,0.2,False,False,False,0.009098000001372952,0.00024399999887236845,26.605674999998996,0.046615016999999245,0
base_1_far_03_v0.0_h0.4,base_1_far_03,3.6500000000000004,0.0,0.4,False,False,False,0.002630999999198025,0.00011300000046787773,26.605674999998996,0.046608418999998666,0
base_1_far_03_v0.0_h0.6,base_1_far_03,3.6500000000000004,0.0,0.6,False,False,False,0.002010999999413343,0.00011900000096431995,26.605674999998996,0.04660780499999938,0
base_1_far_03_v0.5_h0.2,base_1_far_03,3.6500000000000004,0.5,0.2,False,False,False,0.0023679999987535894,9.10000004239464e-05,26.605674999998996,0.04660813399999818,0
base_1_far_03_v0.5_h0.4,base_1_far_03,3.6500000000000004,0.5,0.4,False,False,False,0.0020220000003234873,9.799999922677216e-05,26.605674999998996,0.04660779499999855,0
base_1_far_03_v0.5_h0.6,base_1_far_03,3.6500000000000004,0.5,0.6,False,False,False,0.0019270000013449362,9.29999988130703e-05,26.605674999998996,0.04660769499999916,0
base_1_far_03_v1.0_h0.2,base_1_far_03,3.6500000000000004,1.0,0.2,False,False,False,0.0022890000010988842,0.00010199999955773364,26.605674999998996,0.04660806599999966,0
base_1_far_03_v1.0_h0.4,base_1_far_03,3.6500000000000004,1.0,0.4,False,False,False,0.0018050000001323951,0.00012499999968440534,26.605674999998996,0.04660760499999882,0
base_1_far_03_v1.0_h0.6,base_1_far_03,3.6500000000000004,1.0,0.6,False,False,False,0.0018629999996022661,8.199999967928306e-05,26.605674999998996,0.04660761999999828,0
base_1_far_04_v0.0_h0.2,base_1_far_04,3.7,0.0,0.2,False,False,False,0.0094139999990972,0.00024900000106242715,20.85168700000395,0.04086135000000411,0
base_1_far_04_v0.0_h0.4,base_1_far_04,3.7,0.0,0.4,False,False,False,0.002653000001018313,0.0001649999994413065,20.85168700000395,0.04085450500000441,0
base_1_far_04_v0.0_h0.6,base_1_far_04,3.7,0.0,0.6,False,False,False,0.0023580000014788993,0.0001210000011298007,20.85168700000395,0.04085416600000656,0
base_1_far_04_v0.5_h0.2,base_1_far_04,3.7,0.5,0.2,False,False,False,0.002307000000811854,0.00011000000021965661,20.85168700000395,0.040854104000004984,0
base_1_far_04_v0.5_h0.4,base_1_far_04,3.7,0.5,0.4,False,False,False,0.0020569999996666866,0.00011399999877426126,20.85168700000395,0.040853858000002394,0
base_1_far_04_v0.5_h0.6,base_1_far_04,3.7,0.5,0.6,False,False,False,0.0018209999996798842,8.39999998447638e-05,20.85168700000395,0.04085359200000348,0
base_1_far_04_v1.0_h0.2,base_1_far_04,3.7,1.0,0.2,False,False,False,0.0023969999993767033,8.199999967928306e-05,20.85168700000395,0.04085416600000301,0
base_1_far_04_v1.0_h0.4,base_1_far_04,3.7,1.0,0.4,False,False,False,0.0021130000007474337,7.899999943106195e-05,20.85168700000395,0.04085387900000413,0
base_1_far_04_v1.0_h0.6,base_1_far_04,3.7,1.0,0.6,False,False,False,0.0019169999987411757,8.000000129015916e-05,20.85168700000395,0.040853684000003984,0
base_1_far_05_v0.0_h0.2,base_1_far_05,3.75,0.0,0.2,False,False,False,0.009330000001028793,0.00026699999899904014,36.42175299999906,0.05643134999999909,0
base_1_far_05_v0.0_h0.4,base_1_far_05,3.75,0.0,0.4,False,False,False,0.0027340000006148557,0.00011100000030239698,36.42175299999906,0.05642459799999998,0
base_1_far_05_v0.0_h0.6,base_1_far_05,3.75,0.0,0.6,False,False,False,0.0020890000005380216,9.000000034120603e-05,36.42175299999906,0.05642393199999994,0
base_1_far_05_v0.5_h0.2,base_1_far_05,3.75,0.5,0.2,False,False,False,0.0022289999996871757,9.99999993922529e-05,36.42175299999906,0.05642408199999814,0
base_1_far_05_v0.5_h0.4,base_1_far_05,3.75,0.5,0.4,False,False,False,0.0017460000005797838,0.00011100000030239698,36.42175299999906,0.056423609999999944,0
base_1_far_05_v0.5_h0.6,base_1_far_05,3.75,0.5,0.6,False,False,False,0.0018810000010915928,8.900000025846566e-05,36.42175299999906,0.05642372300000041,0
base_1_far_05_v1.0_h0.2,base_1_far_05,3.75,1.0,0.2,False,False,False,0.0024029999998731455,0.00013399999865271184,36.42175299999906,0.05642428999999759,0
base_1_far_05_v1.0_h0.4,base_1_far_05,3.75,1.0,0.4,False,False,False,0.0018379999993101137,0.00010800000005417587,36.42175299999906,0.056423698999998426,0
base_1_far_05_v1.0_h0.6,base_1_far_05,3.75,1.0,0.6,False,False,False,0.0019160000004347921,7.999999951380232e-05,36.42175299999906,0.05642374899999901,0
base_1_far_06_v0.0_h0.2,base_1_far_06,3.8,0.0,0.2,False,False,False,0.010645999999780997,0.00029599999962215406,18.39925600000214,0.03841019800000155,0
base_1_far_06_v0.0_h0.4,base_1_far_06,3.8,0.0,0.4,False,False,False,0.002899000000056162,0.00011300000046787773,18.39925600000214,0.03840226800000267,0
base_1_far_06_v0.0_h0.6,base_1_far_06,3.8,0.0,0.6,False,False,False,0.0020139999996615643,0.00012199999943618423,18.39925600000214,0.03840139200000124,0
base_1_far_06_v0.5_h0.2,base_1_far_06,3.8,0.5,0.2,False,False,False,0.002251000001507464,9.600000083764826e-05,18.39925600000214,0.03840160300000449,0
base_1_far_06_v0.5_h0.4,base_1_far_06,3.8,0.5,0.4,False,False,False,0.001934000000147762,8.700000009298492e-05,18.39925600000214,0.038401277000002385,0
base_1_far_06_v0.5_h0.6,base_1_far_06,3.8,0.5,0.6,False,False,False,0.001901999999276427,7.899999943106195e-05,18.39925600000214,0.03840123700000085,0
base_1_far_06_v1.0_h0.2,base_1_far_06,3.8,1.0,0.2,False,False,False,0.0020670000004940903,9.599999906129142e-05,18.39925600000214,0.0384014190000017,0
base_1_far_06_v1.0_h0.4,base_1_far_06,3.8,1.0,0.4,False,False,False,0.0021160000009956548,9.700000092038863e-05,18.39925600000214,0.03840146900000406,0
base_1_far_06_v1.0_h0.6,base_1_far_06,3.8,1.0,0.6,False,False,False,0.0018239999999281054,9.000000034120603e-05,18.39925600000214,0.03840117000000241,0
base_1_far_07_v0.0_h0.2,base_1_far_07,3.85,0.0,0.2,False,False,False,0.008228000000443103,0.0002210000005220536,23.891216999999187,0.043899666000000157,0
base_1_far_07_v0.0_h0.4,base_1_far_07,3.85,0.0,0.4,False,False,False,0.0024750000005013817,0.00013100000018084756,23.891216999999187,0.043893822999999874,0
base_1_far_07_v0.0_h0.6,base_1_far_07,3.85,0.0,0.6,False,False,False,0.0018459999999720367,8.800000017572529e-05,23.891216999999187,0.04389315099999934,0
base_1_far_07_v0.5_h0.2,base_1_far_07,3.85,0.5,0.2,False,False,False,0.002371999999084551,0.0001229999995189246,23.891216999999187,0.043893711999997795,0
base_1_far_07_v0.5_h0.4,base_1_far_07,3.85,0.5,0.4,False,False,False,0.0019399999988678474,0.00010499999980595476,23.891216999999187,0.043893261999997865,0
base_1_far_07_v0.5_h0.6,base_1_far_07,3.85,0.5,0.6,False,False,False,0.001851999998692122,7.999999951380232e-05,23.891216999999187,0.0438931489999974,0
base_1_far_07_v1.0_h0.2,base_1_far_07,3.85,1.0,0.2,False,False,False,0.0023130000013082963,8.000000129015916e-05,23.891216999999187,0.04389361000000179,0
base_1_far_07_v1.0_h0.4,base_1_far_07,3.85,1.0,0.4,False,False,False,0.0019609999988290383,0.0001259999997671457,23.891216999999187,0.04389330399999779,0
base_1_far_07_v1.0_h0.6,base_1_far_07,3.85,1.0,0.6,False,False,False,0.001913000000186571,8.299999976202344e-05,23.891216999999187,0.04389321299999914,0
base_1_far_08_v0.0_h0.2,base_1_far_08,3.9000000000000004,0.0,0.2,False,False,False,0.009157999999231947,0.00041999999922381903,35.041448000001196,0.055051025999999656,0
base_1_far_08_v0.0_h0.4,base_1_far_08,3.9000000000000004,0.0,0.4,False,False,False,0.0024139999990069327,0.00014099999923189444,35.041448000001196,0.05504400299999944,0
base_1_far_08_v0.0_h0.6,base_1_far_08,3.9000000000000004,0.0,0.6,False,False,False,0.0020710000008250518,9.199999873032993e-05,35.041448000001196,0.055043611000000756,0
base_1_far_08_v0.5_h0.2,base_1_far_08,3.9000000000000004,0.5,0.2,False,False,False,0.0023450000004032745,0.00010599999988869513,35.041448000001196,0.05504389900000149,0
base_1_far_08_v0.5_h0.4,base_1_far_08,3.9000000000000004,0.5,0.4,False,False,False,0.0019749999999874035,7.999999951380232e-05,35.041448000001196,0.0550435030000007,0
base_1_far_08_v0.5_h0.6,base_1_far_08,3.9000000000000004,0.5,0.6,False,False,False,0.0018219999997626246,8.09999995965427e-05,35.041448000001196,0.05504335100000056,0
base_1_far_08_v1.0_h0.2,base_1_far_08,3.9000000000000004,1.0,0.2,False,False,False,0.0022519999998138474,0.0001470000015046935,35.041448000001196,0.05504384700000252,0
base_1_far_08_v1.0_h0.4,base_1_far_08,3.9000000000000004,1.0,0.4,False,False,False,0.001955000000108953,0.00014100000100825127,35.041448000001196,0.05504354400000232,0
base_1_far_08_v1.0_h0.6,base_1_far_08,3.9000000000000004,1.0,0.6,False,False,False,0.001768000000623715,7.899999943106195e-05,35.041448000001196,0.055043295000001255,0
base_1_far_09_v0.0_h0.2,base_1_far_09,3.95,0.0,0.2,False,False,False,0.007620999999957689,0.0002259999991593986,28.279623999999615,0.048287470999998736,0
base_1_far_09_v0.0_h0.4,base_1_far_09,3.95,0.0,0.4,False,False,False,0.0023819999999119545,0.00016700000138314408,28.279623999999615,0.048282173000000914,0
base_1_far_09_v0.0_h0.6,base_1_far_09,3.95,0.0,0.6,False,False,False,0.0020309999992917938,0.00010200000133409048,28.279623999999615,0.048281757000000244,0
base_1_far_09_v0.5_h0.2,base_1_far_09,3.95,0.5,0.2,False,False,False,0.002208999999808725,0.00011899999918796311,28.279623999999615,0.048281951999998615,0
base_1_far_09_v0.5_h0.4,base_1_far_09,3.95,0.5,0.4,False,False,False,0.001658999998710442,0.00011800000088157958,28.279623999999615,0.04828140099999921,0
base_1_far_09_v0.5_h0.6,base_1_far_09,3.95,0.5,0.6,False,False,False,0.0018619999995195258,8.199999967928306e-05,28.279623999999615,0.04828156799999882,0
base_1_far_09_v1.0_h0.2,base_1_far_09,3.95,1.0,0.2,False,False,False,0.0021910000000957552,0.00010599999988869513,28.279623999999615,0.0482819209999996,0
base_1_far_09_v1.0_h0.4,base_1_far_09,3.95,1.0,0.4,False,False,False,0.0018360000009209898,9.599999906129142e-05,28.279623999999615,0.0482815559999996,0
base_1_far_09_v1.0_h0.6,base_1_far_09,3.95,1.0,0.6,False,False,False,0.0019899999994521522,8.09999995965427e-05,28.279623999999615,0.04828169499999867,0
base_1_free_01_v0.0_h0.2,base_1_free_01,4.050000000000001,0.0,0.2,False,False,False,0.008906000001474013,0.00026699999899904014,18.497583999998568,0.038506756999999045,0
base_1_free_01_v0.0_h0.4,base_1_free_01,4.050000000000001,0.0,0.4,False,False,False,0.0023790000014400903,0.0001370000006772898,18.497583999998568,0.03850010000000069,0
base_1_free_01_v0.0_h0.6,base_1_free_01,4.050000000000001,0.0,0.6,False,False,False,0.0021179999993847787,0.00011499999885700163,18.497583999998568,0.038499816999996814,0
base_1_free_01_v0.5_h0.2,base_1_free_01,4.050000000000001,0.5,0.2,False,False,False,0.002425999999999817,0.00011000000021965661,18.497583999998568,0.03850011999999879,0
base_1_free_01_v0.5_h0.4,base_1_free_01,4.050000000000001,0.5,0.4,False,False,False,0.004907000000997641,0.00022799999932487935,18.497583999998568,0.038502718999998894,0
base_1_free_01_v0.5_h0.6,base_1_free_01,4.050000000000001,0.5,0.6,False,False,False,0.002735000000697596,0.00015400000030751926,18.497583999998568,0.03850047299999958,0
base_1_free_01_v1.0_h0.2,base_1_free_01,4.050000000000001,1.0,0.2,False,False,False,0.0026250000004779395,0.0001389999990664137,18.497583999998568,0.038500347999998116,0
base_1_free_01_v1.0_h0.4,base_1_free_01,4.050000000000001,1.0,0.4,False,False,False,0.0019089999998556095,8.499999992750418e-05,18.497583999998568,0.038499577999998355,0
base_1_free_01_v1.0_h0.6,base_1_free_01,4.050000000000001,1.0,0.6,False,False,False,0.0019769999983765274,8.199999967928306e-05,18.497583999998568,0.03849964299999663,0
base_1_free_02_v0.0_h0.2,base_1_free_02,4.1,0.0,0.2,False,False,False,0.007224999999166926,0.00020499999919820766,21.491148000002624,0.041498578000000994,0
base_1_free_02_v0.0_h0.4,base_1_free_02,4.1,0.0,0.4,False,False,False,0.0024140000007832896,0.00010399999972321439,21.491148000002624,0.041493666000003135,0
base_1_free_02_v0.0_h0.6,base_1_free_02,4.1,0.0,0.6,False,False,False,0.0019770000001528842,8.499999992750418e-05,21.491148000002624,0.04149321000000271,0
base_1_free_02_v0.5_h0.2,base_1_free_02,4.1,0.5,0.2,False,False,False,0.0037870000006989812,0.00016400000113492297,21.491148000002624,0.04149509900000446,0
base_1_free_02_v0.5_h0.4,base_1_free_02,4.1,0.5,0.4,False,False,False,0.0018819999993979764,0.00013800000076003016,21.491148000002624,0.041493168000002786,0
base_1_free_02_v0.5_h0.6,base_1_free_02,4.1,0.5,0.6,False,False,False,0.0018400000012519513,7.599999918284084e-05,21.491148000002624,0.04149306400000306,0
base_1_free_02_v1.0_h0.2,base_1_free_02,4.1,1.0,0.2,False,False,False,0.0026829999999478105,0.0001419999993146348,21.491148000002624,0.04149397300000189,0
base_1_free_02_v1.0_h0.4,base_1_free_02,4.1,1.0,0.4,False,False,False,0.0018350000008382494,8.700000009298492e-05,21.491148000002624,0.04149307000000356,0
base_1_free_02_v1.0_h0.6,base_1_free_02,4.1,1.0,0.6,False,False,False,0.0020509999991702443,8.199999967928306e-05,21.491148000002624,0.04149328100000148,0
base_1_free_03_v0.0_h0.2,base_1_free_03,4.15,0.0,0.2,False,False,False,0.00809999999873412,0.00026100000027895476,16.359404000002797,0.036367765000001814,0
base_1_free_03_v0.0_h0.4,base_1_free_03,4.15,0.0,0.4,False,False,False,0.00231399999961468,0.00012199999943618423,16.359404000002797,0.03636184000000185,0
base_1_free_03_v0.0_h0.6,base_1_free_03,4.15,0.0,0.6,False,False,False,0.0021710000002173047,8.09999995965427e-05,16.359404000002797,0.036361656000002615,0
base_1_free_03_v0.5_h0.2,base_1_free_03,4.15,0.5,0.2,False,False,False,0.004853999998388758,0.0001579999988621239,16.359404000002797,0.03636441600000005,0
base_1_free_03_v0.5_h0.4,base_1_free_03,4.15,0.5,0.4,False,False,False,0.0017109999994602276,0.00011100000030239698,16.359404000002797,0.036361226000002564,0
base_1_free_03_v0.5_h0.6,base_1_free_03,4.15,0.5,0.6,False,False,False,0.0018529999987748624,8.09999995965427e-05,16.359404000002797,0.03636133800000117,0
base_1_free_03_v1.0_h0.2,base_1_free_03,4.15,1.0,0.2,False,False,False,0.002366999998670849,0.0001470000015046935,16.359404000002797,0.03636191800000298,0
base_1_free_03_v1.0_h0.4,base_1_free_03,4.15,1.0,0.4,False,False,False,0.001900000000887303,0.00011000000021965661,16.359404000002797,0.03636141400000391,0
base_1_free_03_v1.0_h0.6,base_1_free_03,4.15,1.0,0.6,False,False,False,0.001949999999695251,8.39999998447638e-05,16.359404000002797,0.03636143800000234,0
base_1_free_04_v0.0_h0.2,base_1_free_04,4.2,0.0,0.2,False,False,False,0.0074679999997329105,0.00024699999912058956,40.32551699999942,0.06033323199999828,0
base_1_free_04_v0.0_h0.4,base_1_free_04,4.2,0.0,0.4,False,False,False,0.0024720000002531606,0.0001210000011298007,40.32551699999942,0.06032811000000081,0
base_1_free_04_v0.0_h0.6,base_1_free_04,4.2,0.0,0.6,False,False,False,0.001887000001588035,8.499999992750418e-05,40.32551699999942,0.06032748900000094,0
base_1_free_04_v0.5_h0.2,base_1_free_04,4.2,0.5,0.2,False,False,False,0.0022019999992295425,0.0001069999999714355,40.32551699999942,0.06032782599999863,0
base_1_free_04_v0.5_h0.4,base_1_free_04,4.2,0.5,0.4,False,False,False,0.0017239999987594956,8.39999998447638e-05,40.32551699999942,0.06032732499999803,0
base_1_free_04_v0.5_h0.6,base_1_free_04,4.2,0.5,0.6,False,False,False,0.0020360000014818525,9.10000004239464e-05,40.32551699999942,0.06032764400000133,0
base_1_free_04_v1.0_h0.2,base_1_free_04,4.2,1.0,0.2,False,False,False,0.0021550000006698156,0.00010599999988869513,40.32551699999942,0.060327777999999985,0
base_1_free_04_v1.0_h0.4,base_1_free_04,4.2,1.0,0.4,False,False,False,0.0018619999995195258,8.09999995965427e-05,40.32551699999942,0.06032745999999854,0
base_1_free_04_v1.0_h0.6,base_1_free_04,4.2,1.0,0.6,False,False,False,0.0019489999996125107,0.00011000000021965661,40.32551699999942,0.06032757599999926,0
base_1_free_05_v0.0_h0.2,base_1_free_05,4.25,0.0,0.2,False,False,False,0.007367000000257917,0.00023499999990406195,28.16131800000221,0.04816892000000238,0
base_1_free_05_v0.0_h0.4,base_1_free_05,4.25,0.0,0.4,False,False,False,0.0022050000012541204,0.00015500000039025963,28.16131800000221,0.04816367800000386,0
base_1_free_05_v0.0_h0.6,base_1_free_05,4.25,0.0,0.6,False,False,False,0.001785999998560328,8.199999967928306e-05,28.16131800000221,0.048163186000000455,0
base_1_free_05_v0.5_h0.2,base_1_free_05,4.25,0.5,0.2,False,False,False,0.0022020000010058993,8.499999992750418e-05,28.16131800000221,0.04816360500000315,0
base_1_free_05_v0.5_h0.4,base_1_free_05,4.25,0.5,0.4,False,False,False,0.0018099999987697402,0.00010900000013691624,28.16131800000221,0.04816323700000112,0
base_1_free_05_v0.5_h0.6,base_1_free_05,4.25,0.5,0.6,False,False,False,0.0017670000005409747,8.700000009298492e-05,28.16131800000221,0.04816317200000285,0
base_1_free_05_v1.0_h0.2,base_1_free_05,4.25,1.0,0.2,False,False,False,0.001950000001471608,9.99999993922529e-05,28.16131800000221,0.04816336800000308,0
base_1_free_05_v1.0_h0.4,base_1_free_05,4.25,1.0,0.4,False,False,False,0.0018669999999332276,8.000000129015916e-05,28.16131800000221,0.04816326500000344,0
base_1_free_05_v1.0_h0.6,base_1_free_05,4.25,1.0,0.6,False,False,False,0.0017260000007013332,7.800000112467842e-05,28.16131800000221,0.04816312200000404,0
base_1_free_06_v0.0_h0.2,base_1_free_06,4.300000000000001,0.0,0.2,False,False,False,0.009620000000154505,0.00027099999933000163,29.654392000001195,0.049664283000000684,0
base_1_free_06_v0.0_h0.4,base_1_free_06,4.300000000000001,0.0,0.4,False,False,False,0.0024050000000386262,0.00010900000013691624,29.654392000001195,0.049656906000001375,0
base_1_free_06_v0.0_h0.6,base_1_free_06,4.300000000000001,0.0,0.6,False,False,False,0.0020220000003234873,0.00012799999993262645,29.654392000001195,0.049656542000001455,0
base_1_free_06_v0.5_h0.2,base_1_free_06,4.300000000000001,0.5,0.2,False,False,False,0.0024580000008711522,0.000115999998939742,29.654392000001195,0.04965696600000101,0
base_1_free_06_v0.5_h0.4,base_1_free_06,4.300000000000001,0.5,0.4,False,False,False,0.0016800000004479898,0.0001229999995189246,29.654392000001195,0.049656195000001166,0
base_1_free_06_v0.5_h0.6,base_1_free_06,4.300000000000001,0.5,0.6,False,False,False,0.0019749999999874035,8.199999967928306e-05,29.654392000001195,0.049656449000000866,0
base_1_free_06_v1.0_h0.2,base_1_free_06,4.300000000000001,1.0,0.2,False,False,False,0.0025220000008374654,0.00011700000079883921,29.654392000001195,0.049657031000002835,0
base_1_free_06_v1.0_h0.4,base_1_free_06,4.300000000000001,1.0,0.4,False,False,False,0.0021439999997596715,0.0001330000003463283,29.654392000001195,0.049656669000001305,0
base_1_free_06_v1.0_h0.6,base_1_free_06,4.300000000000001,1.0,0.6,False,False,False,0.0020139999996615643,8.199999967928306e-05,29.654392000001195,0.04965648800000054,0
base_1_free_07_v0.0_h0.2,base_1_free_07,4.35,0.0,0.2,False,False,False,0.008285999999912974,0.00025099999945155105,27.455605000000105,0.047464141999999473,0
base_1_free_07_v0.0_h0.4,base_1_free_07,4.35,0.0,0.4,False,False,False,0.0025190000005892443,0.00010199999955773364,27.455605000000105,0.047458226000000256,0
base_1_free_07_v0.0_h0.6,base_1_free_07,4.35,0.0,0.6,False,False,False,0.0020540000011948223,8.20000014556399e-05,27.455605000000105,0.04745774100000276,0
base_1_free_07_v0.5_h0.2,base_1_free_07,4.35,0.5,0.2,False,False,False,0.002162000001248998,9.200000050668677e-05,27.455605000000105,0.047457859000001865,0
base_1_free_07_v0.5_h0.4,base_1_free_07,4.35,0.5,0.4,False,False,False,0.0018050000001323951,0.00010499999980595476,27.455605000000105,0.04745751500000005,0
base_1_free_07_v0.5_h0.6,base_1_free_07,4.35,0.5,0.6,False,False,False,0.002014000001437921,8.299999976202344e-05,27.455605000000105,0.04745770200000131,0
base_1_free_07_v1.0_h0.2,base_1_free_07,4.35,1.0,0.2,False,False,False,0.0021280000002121824,0.00011799999910522274,27.455605000000105,0.047457850999999426,0
base_1_free_07_v1.0_h0.4,base_1_free_07,4.35,1.0,0.4,False,False,False,0.0019810000004838457,9.400000067216752e-05,27.455605000000105,0.047457680000001265,0
base_1_free_07_v1.0_h0.6,base_1_free_07,4.35,1.0,0.6,False,False,False,0.0018219999997626246,8.09999995965427e-05,27.455605000000105,0.04745750799999947,0
base_1_free_08_v0.0_h0.2,base_1_free_08,4.4,0.0,0.2,False,False,False,0.014892999999460699,0.00036500000000216914,37.68776699999776,0.05770302499999723,0
base_1_free_08_v0.0_h0.4,base_1_free_08,4.4,0.0,0.4,False,False,False,0.0062050000000368755,0.00026400000052717587,37.68776699999776,0.05769423599999833,0
base_1_free_08_v0.0_h0.6,base_1_free_08,4.4,0.0,0.6,False,False,False,0.005508999999292996,0.00020199999894998655,37.68776699999776,0.05769347799999601,0
base_1_free_08_v0.5_h0.2,base_1_free_08,4.4,0.5,0.2,False,False,False,0.0064899999987488854,0.00020600000105730487,37.68776699999776,0.05769446299999757,0
base_1_free_08_v0.5_h0.4,base_1_free_08,4.4,0.5,0.4,False,False,False,0.005255999999675964,0.00019400000006442042,37.68776699999776,0.05769321699999751,0
base_1_free_08_v0.5_h0.6,base_1_free_08,4.4,0.5,0.6,False,False,False,0.005064999999859765,0.00022300000068753434,37.68776699999776,0.057693054999998314,0
base_1_free_08_v1.0_h0.2,base_1_free_08,4.4,1.0,0.2,False,False,False,0.00588700000037079,0.0002440000006487253,37.68776699999776,0.057693897999998786,0
base_1_free_08_v1.0_h0.4,base_1_free_08,4.4,1.0,0.4,False,False,False,0.005161999999003797,0.00021600000010835174,37.68776699999776,0.05769314499999688,0
base_1_free_08_v1.0_h0.6,base_1_free_08,4.4,1.0,0.6,False,False,False,0.0049789999998495205,0.00025099999945155105,37.68776699999776,0.05769299699999707,0
base_1_free_09_v0.0_h0.2,base_1_free_09,4.45,0.0,0.2,False,False,False,0.011752000000697649,0.00033499999929631485,20.254809000000762,0.04026689600000076,0
base_1_free_09_v0.0_h0.4,base_1_free_09,4.45,0.0,0.4,False,False,False,0.0034760000016120784,0.0001530000002247789,20.254809000000762,0.0402584380000026,0
base_1_free_09_v0.0_h0.6,base_1_free_09,4.45,0.0,0.6,False,False,False,0.0030590000008601237,0.00018899999965071856,20.254809000000762,0.04025805700000128,0
base_1_free_09_v0.5_h0.2,base_1_free_09,4.45,0.5,0.2,False,False,False,0.003365999999616065,0.0001579999988621239,20.254809000000762,0.040258332999999244,0
base_1_free_09_v0.5_h0.4,base_1_free_09,4.45,0.5,0.4,False,False,False,0.0025399999987740784,0.0001370000006772898,20.254809000000762,0.04025748600000022,0
base_1_free_09_v0.5_h0.6,base_1_free_09,4.45,0.5,0.6,False,False,False,0.0026330000011398624,0.00014999999997655777,20.254809000000762,0.04025759200000188,0
base_1_free_09_v1.0_h0.2,base_1_free_09,4.45,1.0,0.2,False,False,False,0.0032510000007590634,0.00020400000089182413,20.254809000000762,0.04025826400000242,0
base_1_free_09_v1.0_h0.4,base_1_free_09,4.45,1.0,0.4,False,False,False,0.004885999999260093,0.00013100000018084756,20.254809000000762,0.04025982600000021,0
base_1_free_09_v1.0_h0.6,base_1_free_09,4.45,1.0,0.6,False,False,False,0.0025510000014605794,0.0001470000015046935,20.254809000000762,0.04025750700000373,0
base_1_near_00_v0.0_h0.2,base_1_near_00,4.5,0.0,0.2,False,False,False,0.013836000000821969,0.0004559999986497587,26.410048999998992,0.04642434099999847,0
base_1_near_00_v0.0_h0.4,base_1_near_00,4.5,0.0,0.4,False,False,False,0.006469000000564051,0.0002890000008193283,26.410048999998992,0.04641680700000038,0
base_1_near_00_v0.0_h0.6,base_1_near_00,4.5,0.0,0.6,False,False,False,0.005765999999240989,0.00023900000023502344,26.410048999998992,0.04641605399999847,0
base_1_near_00_v0.5_h0.2,base_1_near_00,4.5,0.5,0.2,False,False,False,0.006341999998937808,0.0002930000011502898,26.410048999998992,0.046416683999999084,0
base_1_near_00_v0.5_h0.4,base_1_near_00,4.5,0.5,0.4,False,False,False,0.005257999999841445,0.00026400000052717587,26.410048999998992,0.046415570999999364,0
base_1_near_00_v0.5_h0.6,base_1_near_00,4.5,0.5,0.6,False,False,False,0.005178000000327643,0.0002470000008969464,26.410048999998992,0.04641547400000022,0
base_1_near_00_v1.0_h0.2,base_1_near_00,4.5,1.0,0.2,False,False,False,0.006000999999145051,0.00019400000006442042,26.410048999998992,0.046416243999998205,0
base_1_near_00_v1.0_h0.4,base_1_near_00,4.5,1.0,0.4,False,False,False,0.005294999999350125,0.00021899999858021602,26.410048999998992,0.046415562999996926,0
base_1_near_00_v1.0_h0.6,base_1_near_00,4.5,1.0,0.6,False,False,False,0.00520799999925714,0.00021800000027383248,26.410048999998992,0.04641547499999853,0
base_1_near_01_v0.0_h0.2,base_1_near_01,4.550000000000001,0.0,0.2,False,False,False,0.016125000000144496,0.0004019999995108492,21.751715999997145,0.041768242999996805,0
base_1_near_01_v0.0_h0.4,base_1_near_01,4.550000000000001,0.0,0.4,False,False,False,0.0064510000008510815,0.00027699999982644385,21.751715999997145,0.04175844399999783,0
base_1_near_01_v0.0_h0.6,base_1_near_01,4.550000000000001,0.0,0.6,False,False,False,0.0057560000001899425,0.00020099999886724618,21.751715999997145,0.041757672999996207,0
base_1_near_01_v0.5_h0.2,base_1_near_01,4.550000000000001,0.5,0.2,False,False,False,0.0065540000004915555,0.00021000000138826636,21.751715999997145,0.04175847999999903,0
base_1_near_01_v0.5_h0.4,base_1_near_01,4.550000000000001,0.5,0.4,False,False,False,0.005145000001149924,0.00018999999973345894,21.751715999997145,0.04175705099999803,0
base_1_near_01_v0.5_h0.6,base_1_near_01,4.550000000000001,0.5,0.6,False,False,False,0.005480000000446239,0.00018899999965071856,21.751715999997145,0.041757384999997246,0
base_1_near_01_v1.0_h0.2,base_1_near_01,4.550000000000001,1.0,0.2,False,False,False,0.006108999999199227,0.0002400000003177638,21.751715999997145,0.041758064999996666,0
base_1_near_01_v1.0_h0.4,base_1_near_01,4.550000000000001,1.0,0.4,False,False,False,0.0050320000006820464,0.00022899999940761973,21.751715999997145,0.04175697699999724,0
base_1_near_01_v1.0_h0.6,base_1_near_01,4.550000000000001,1.0,0.6,False,False,False,0.004982000000097742,0.00022000000043931323,21.751715999997145,0.041756917999997686,0
base_1_near_02_v0.0_h0.2,base_1_near_02,4.6,0.0,0.2,False,False,False,0.01009200000012811,0.0003359999993790552,17.27241800000101,0.03728284600000052,0
base_1_near_02_v0.0_h0.4,base_1_near_02,4.6,0.0,0.4,False,False,False,0.0023759999994155123,0.00011100000030239698,17.27241800000101,0.03727490500000073,0
base_1_near_02_v0.0_h0.6,base_1_near_02,4.6,0.0,0.6,False,False,False,0.0019479999995297703,0.00010000000116860974,17.27241800000101,0.03727446600000171,0
base_1_near_02_v0.5_h0.2,base_1_near_02,4.6,0.5,0.2,False,False,False,0.0025079999996791003,0.00012499999968440534,17.27241800000101,0.03727505100000038,0
base_1_near_02_v0.5_h0.4,base_1_near_02,4.6,0.5,0.4,False,False,False,0.002006000000775998,8.199999967928306e-05,17.27241800000101,0.03727450600000147,0
base_1_near_02_v0.5_h0.6,base_1_near_02,4.6,0.5,0.6,False,False,False,0.001785999998560328,8.499999992750418e-05,17.27241800000101,0.0372742889999995,0
base_1_near_02_v1.0_h0.2,base_1_near_02,4.6,1.0,0.2,False,False,False,0.002265000000889472,0.00011800000088157958,17.27241800000101,0.037274801000002786,0
base_1_near_02_v1.0_h0.4,base_1_near_02,4.6,1.0,0.4,False,False,False,0.001963000000770876,8.100000137289953e-05,17.27241800000101,0.03727446200000316,0
base_1_near_02_v1.0_h0.6,base_1_near_02,4.6,1.0,0.6,False,False,False,0.001880999999315236,0.00011000000021965661,17.27241800000101,0.03727440900000055,0
base_1_near_03_v0.0_h0.2,base_1_near_03,4.65,0.0,0.2,False,False,False,0.007523999999037301,0.00023900000023502344,17.94834899999742,0.0379561119999967,0
base_1_near_03_v0.0_h0.4,base_1_near_03,4.65,0.0,0.4,False,False,False,0.002326999998913948,9.600000083764826e-05,17.94834899999742,0.03795077199999718,0
base_1_near_03_v0.0_h0.6,base_1_near_03,4.65,0.0,0.6,False,False,False,0.0019909999995348926,8.499999992750418e-05,17.94834899999742,0.03795042499999689,0
base_1_near_03_v0.5_h0.2,base_1_near_03,4.65,0.5,0.2,False,False,False,0.0020569999996666866,9.599999906129142e-05,17.94834899999742,0.03795050199999615,0
base_1_near_03_v0.5_h0.4,base_1_near_03,4.65,0.5,0.4,False,False,False,0.001723000000453112,0.00011200000038513735,17.94834899999742,0.03795018399999826,0
base_1_near_03_v0.5_h0.6,base_1_near_03,4.65,0.5,0.6,False,False,False,0.001723000000453112,7.699999926558121e-05,17.94834899999742,0.037950148999997144,0
base_1_near_03_v1.0_h0.2,base_1_near_03,4.65,1.0,0.2,False,False,False,0.0020940000009517235,0.00010400000149957123,17.94834899999742,0.037950546999999876,0
base_1_near_03_v1.0_h0.4,base_1_near_03,4.65,1.0,0.4,False,False,False,0.001924000001096715,8.000000129015916e-05,17.94834899999742,0.03795035299999981,0
base_1_near_03_v1.0_h0.6,base_1_near_03,4.65,1.0,0.6,False,False,False,0.0019780000002356246,8.09999995965427e-05,17.94834899999742,0.03795040799999726,0
base_1_near_04_v0.0_h0.2,base_1_near_04,4.7,0.0,0.2,False,False,False,0.008681000000620998,0.00025800000003073364,38.663995000000284,0.05867293400000094,0
base_1_near_04_v0.0_h0.4,base_1_near_04,4.7,0.0,0.4,False,False,False,0.002320000000111122,0.00012700000162624292,38.663995000000284,0.058666442000002025,0
base_1_near_04_v0.0_h0.6,base_1_near_04,4.7,0.0,0.6,False,False,False,0.0020020000004450367,8.499999992750418e-05,38.663995000000284,0.05866608200000066,0
base_1_near_04_v0.5_h0.2,base_1_near_04,4.7,0.5,0.2,False,False,False,0.0022420000007628005,0.00013900000084277053,38.663995000000284,0.058666376000001894,0
base_1_near_04_v0.5_h0.4,base_1_near_04,4.7,0.5,0.4,False,False,False,0.0018750000005951506,8.000000129015916e-05,38.663995000000284,0.05866595000000217,0
base_1_near_04_v0.5_h0.6,base_1_near_04,4.7,0.5,0.6,False,False,False,0.0017709999990955794,9.300000058942715e-05,38.663995000000284,0.05866585899999997,0
base_1_near_04_v1.0_h0.2,base_1_near_04,4.7,1.0,0.2,False,False,False,0.002281999998743345,0.00011100000030239698,38.663995000000284,0.058666387999999334,0
base_1_near_04_v1.0_h0.4,base_1_near_04,4.7,1.0,0.4,False,False,False,0.0019360000003132427,9.200000050668677e-05,38.663995000000284,0.05866602300000111,0
base_1_near_04_v1.0_h0.6,base_1_near_04,4.7,1.0,0.6,False,False,False,0.001797000001246829,0.00011200000038513735,38.663995000000284,0.05866590400000192,0
base_1_near_05_v0.0_h0.2,base_1_near_05,4.75,0.0,0.2,False,False,False,0.00957199999973568,0.0003429999999582378,17.66344600000025,0.03767336099999995,0
base_1_near_05_v0.0_h0.4,base_1_near_05,4.75,0.0,0.4,False,False,False,0.0022160000003879077,0.00013100000018084756,17.66344600000025,0.03766579300000082,0
base_1_near_05_v0.0_h0.6,base_1_near_05,4.75,0.0,0.6,False,False,False,0.0023529999992888406,9.500000075490789e-05,17.66344600000025,0.0376658940000003,0
base_1_near_05_v0.5_h0.2,base_1_near_05,4.75,0.5,0.2,False,False,False,0.002551999999766963,0.00011000000021965661,17.66344600000025,0.03766610800000024,0
base_1_near_05_v0.5_h0.4,base_1_near_05,4.75,0.5,0.4,False,False,False,0.0019230000010139747,0.0001140000005506181,17.66344600000025,0.03766548300000182,0
base_1_near_05_v0.5_h0.6,base_1_near_05,4.75,0.5,0.6,False,False,False,0.0019069999996901288,8.899999848210882e-05,17.66344600000025,0.037665441999998425,0
base_1_near_05_v1.0_h0.2,base_1_near_05,4.75,1.0,0.2,False,False,False,0.0022049999994777636,0.00011100000030239698,17.66344600000025,0.03766576200000003,0
base_1_near_05_v1.0_h0.4,base_1_near_05,4.75,1.0,0.4,False,False,False,0.0017770000013683784,8.09999995965427e-05,17.66344600000025,0.03766530400000122,0
base_1_near_05_v1.0_h0.6,base_1_near_05,4.75,1.0,0.6,False,False,False,0.0019190000006830132,8.899999848210882e-05,17.66344600000025,0.03766545399999942,0
base_1_near_06_v0.0_h0.2,base_1_near_06,4.800000000000001,0.0,0.2,False,False,False,0.008486000000473837,0.00023599999998680232,22.84851599999982,0.04285723800000028,0
base_1_near_06_v0.0_h0.4,base_1_near_06,4.800000000000001,0.0,0.4,False,False,False,0.002096000001117204,0.00013600000059454942,22.84851599999982,0.042850748000001534,0
base_1_near_06_v0.0_h0.6,base_1_near_06,4.800000000000001,0.0,0.6,False,False,False,0.0020799999997933583,9.900000108586937e-05,22.84851599999982,0.0428506950000007,0
base_1_near_06_v0.5_h0.2,base_1_near_06,4.800000000000001,0.5,0.2,False,False,False,0.002353999999371581,0.00014999999997655777,22.84851599999982,0.04285101999999917,0
base_1_near_06_v0.5_h0.4,base_1_near_06,4.800000000000001,0.5,0.4,False,False,False,0.0016399999989147318,7.800000112467842e-05,22.84851599999982,0.04285023399999986,0
base_1_near_06_v0.5_h0.6,base_1_near_06,4.800000000000001,0.5,0.6,False,False,False,0.0018090000004633566,8.900000025846566e-05,22.84851599999982,0.042850414000000545,0
base_1_near_06_v1.0_h0.2,base_1_near_06,4.800000000000001,1.0,0.2,False,False,False,0.0022400000005973197,0.00011000000021965661,22.84851599999982,0.04285086600000064,0
base_1_near_06_v1.0_h0.4,base_1_near_06,4.800000000000001,1.0,0.4,False,False,False,0.0019350000002305023,7.899999943106195e-05,22.84851599999982,0.042850529999999484,0
base_1_near_06_v1.0_h0.6,base_1_near_06,4.800000000000001,1.0,0.6,False,False,False,0.0017040000006574019,0.00012799999993262645,22.84851599999982,0.04285034800000041,0
base_1_near_07_v0.0_h0.2,base_1_near_07,4.85,0.0,0.2,False,False,False,0.01337199999973393,0.00026500000060991624,18.18310600000217,0.03819674300000252,0
base_1_near_07_v0.0_h0.4,base_1_near_07,4.85,0.0,0.4,False,False,False,0.00588600000028805,0.00022199999882843713,18.18310600000217,0.03818921400000129,0
base_1_near_07_v0.0_h0.6,base_1_near_07,4.85,0.0,0.6,False,False,False,0.0052530000012041,0.0001950000001471608,18.18310600000217,0.038188554000003525,0
base_1_near_07_v0.5_h0.2,base_1_near_07,4.85,0.5,0.2,False,False,False,0.005954000000585324,0.00020000000056086265,18.18310600000217,0.03818926000000332,0
base_1_near_07_v0.5_h0.4,base_1_near_07,4.85,0.5,0.4,False,False,False,0.005044999999981314,0.00017300000010322947,18.18310600000217,0.03818832400000226,0
base_1_near_07_v0.5_h0.6,base_1_near_07,4.85,0.5,0.6,False,False,False,0.004847999999668673,0.00018500000109611392,18.18310600000217,0.03818813900000294,0
base_1_near_07_v1.0_h0.2,base_1_near_07,4.85,1.0,0.2,False,False,False,0.005671000000262438,0.00016999999985500835,18.18310600000217,0.03818894700000229,0
base_1_near_07_v1.0_h0.4,base_1_near_07,4.85,1.0,0.4,False,False,False,0.005099000000896581,0.00025099999945155105,18.18310600000217,0.03818845600000252,0
base_1_near_07_v1.0_h0.6,base_1_near_07,4.85,1.0,0.6,False,False,False,0.0054649999992051335,0.00021600000010835174,18.18310600000217,0.03818878700000149,0
base_1_near_08_v0.0_h0.2,base_1_near_08,4.9,0.0,0.2,False,False,False,0.013617000000465396,0.000316999999583345,19.597654000001796,0.03961158800000185,0
base_1_near_08_v0.0_h0.4,base_1_near_08,4.9,0.0,0.4,False,False,False,0.006593000000165716,0.00028000000007466497,19.597654000001796,0.03960452700000204,0
base_1_near_08_v0.0_h0.6,base_1_near_08,4.9,0.0,0.6,False,False,False,0.005804000000608767,0.00020299999903272692,19.597654000001796,0.03960366100000144,0
base_1_near_08_v0.5_h0.2,base_1_near_08,4.9,0.5,0.2,False,False,False,0.006263999999589487,0.00019199999989893968,19.597654000001796,0.03960411000000129,0
base_1_near_08_v0.5_h0.4,base_1_near_08,4.9,0.5,0.4,False,False,False,0.005652000000466728,0.00021600000010835174,19.597654000001796,0.039603522000002375,0
base_1_near_08_v0.5_h0.6,base_1_near_08,4.9,0.5,0.6,False,False,False,0.005164999999252018,0.00017299999832687263,19.597654000001796,0.03960299199999938,0
base_1_near_08_v1.0_h0.2,base_1_near_08,4.9,1.0,0.2,False,False,False,0.005566000000456484,0.00025499999978251253,19.597654000001796,0.03960347500000204,0
base_1_near_08_v1.0_h0.4,base_1_near_08,4.9,1.0,0.4,False,False,False,0.0053199999996422775,0.00018299999915427634,19.597654000001796,0.0396031570000006,0
base_1_near_08_v1.0_h0.6,base_1_near_08,4.9,1.0,0.6,False,False,False,0.005035999999236651,0.00015599999869664316,19.597654000001796,0.03960284599999973,0
base_1_near_09_v0.0_h0.2,base_1_near_09,4.95,0.0,0.2,False,False,False,0.01040600000123959,0.0002759999997437035,21.096315999997728,0.041106997999998715,0
base_1_near_09_v0.0_h0.4,base_1_near_09,4.95,0.0,0.4,False,False,False,0.0024290000002480383,0.00017300000010322947,21.096315999997728,0.04109891799999808,0
base_1_near_09_v0.0_h0.6,base_1_near_09,4.95,0.0,0.6,False,False,False,0.001925999999485839,8.800000017572529e-05,21.096315999997728,0.04109832999999739,0
base_1_near_09_v0.5_h0.2,base_1_near_09,4.95,0.5,0.2,False,False,False,0.0023950000009875794,0.00012000000104706032,21.096315999997728,0.041098830999999766,0
base_1_near_09_v0.5_h0.4,base_1_near_09,4.95,0.5,0.4,False,False,False,0.001642999999162953,9.600000083764826e-05,21.096315999997728,0.04109805499999773,0
base_1_near_09_v0.5_h0.6,base_1_near_09,4.95,0.5,0.6,False,False,False,0.001695999999995479,8.09999995965427e-05,21.096315999997728,0.041098092999997324,0
base_1_near_09_v1.0_h0.2,base_1_near_09,4.95,1.0,0.2,False,False,False,0.0021580000009180367,0.00011899999918796311,21.096315999997728,0.04109859299999784,0
base_1_near_09_v1.0_h0.4,base_1_near_09,4.95,1.0,0.4,False,False,False,0.0018580000009649211,0.00011799999910522274,21.096315999997728,0.0410982919999978,0
base_1_near_09_v1.0_h0.6,base_1_near_09,4.95,1.0,0.6,False,False,False,0.0018539999988576028,8.09999995965427e-05,21.096315999997728,0.041098250999996186,0
dense_0_far_00_v0.0_h0.2,dense_0_far_00,5.0,0.0,0.2,True,True,False,190.22020599999934,18.672350000001003,56.18788799999663,0.285080443999997,43389
dense_0_far_00_v0.0_h0.4,dense_0_far_00,5.0,0.0,0.4,False,False,False,0.012572999999349577,0.00029599999962215406,56.18788799999663,0.07620075699999561,0
dense_0_far_00_v0.0_h0.6,dense_0_far_00,5.0,0.0,0.6,False,False,False,0.0027679999998753146,0.00011699999902248237,56.18788799999663,0.07619077299999553,0
dense_0_far_00_v0.5_h0.2,dense_0_far_00,5.0,0.5,0.2,True,True,False,167.03288499999934,25.714670999999356,56.18788799999663,0.2689354439999953,43554
dense_0_far_00_v0.5_h0.4,dense_0_far_00,5.0,0.5,0.4,False,False,False,0.01307000000139169,0.00034900000045468005,56.18788799999663,0.07620130699999848,0
dense_0_far_00_v0.5_h0.6,dense_0_far_00,5.0,0.5,0.6,False,False,False,0.004395999999573519,0.00016599999952404687,56.18788799999663,0.07619244999999573,0
dense_0_far_00_v1.0_h0.2,dense_0_far_00,5.0,1.0,0.2,True,True,False,159.18126399999898,21.01547500000045,56.18788799999663,0.25638462699999603,44357
dense_0_far_00_v1.0_h0.4,dense_0_far_00,5.0,1.0,0.4,False,False,False,0.019172000000011735,0.00043499999868856776,56.18788799999663,0.07620749499999534,0
dense_0_far_00_v1.0_h0.6,dense_0_far_00,5.0,1.0,0.6,False,False,False,0.00781399999993937,0.00026699999899904014,56.18788799999663,0.07619596899999558,0
dense_0_far_01_v0.0_h0.2,dense_0_far_01,5.050000000000001,0.0,0.2,True,False,False,114.17237799999924,0.000699999999298484,60.62754199999887,0.1948006199999974,0
dense_0_far_01_v0.0_h0.4,dense_0_far_01,5.050000000000001,0.0,0.4,False,False,False,0.013797999999454191,0.00020600000105730487,60.62754199999887,0.08064154599999938,0
dense_0_far_01_v0.0_h0.6,dense_0_far_01,5.050000000000001,0.0,0.6,False,False,False,0.0024690000000049395,0.0001530000002247789,60.62754199999887,0.0806301639999991,0
dense_0_far_01_v0.5_h0.2,dense_0_far_01,5.050000000000001,0.5,0.2,True,False,False,107.70112500000018,0.0006159999994537202,60.62754199999887,0.1883292829999985,0
dense_0_far_01_v0.5_h0.4,dense_0_far_01,5.050000000000001,0.5,0.4,False,False,False,0.012474000000040064,0.0002519999995342914,60.62754199999887,0.08064026799999845,0
dense_0_far_01_v0.5_h0.6,dense_0_far_01,5.050000000000001,0.5,0.6,False,False,False,0.0029870000002318875,0.00016100000088670186,60.62754199999887,0.08063068999999999,0
dense_0_far_01_v1.0_h0.2,dense_0_far_01,5.050000000000001,1.0,0.2,True,False,False,153.12935899999934,0.0007869999993914689,60.62754199999887,0.23375768799999758,0
dense_0_far_01_v1.0_h0.4,dense_0_far_01,5.050000000000001,1.0,0.4,False,False,False,0.014151000000239833,0.0002459999990378492,60.62754199999887,0.08064193899999815,0
dense_0_far_01_v1.0_h0.6,dense_0_far_01,5.050000000000001,1.0,0.6,False,False,False,0.0030980000005342845,0.00018000000068241206,60.62754199999887,0.08063082000000009,0
dense_0_far_02_v0.0_h0.2,dense_0_far_02,5.1,0.0,0.2,True,True,False,132.7682019999994,20.029092999999776,53.36547699999983,0.22616277199999898,43389
dense_0_far_02_v0.0_h0.4,dense_0_far_02,5.1,0.0,0.4,False,False,False,0.011105000000455334,0.00032199999999704687,53.36547699999983,0.07337690400000028,0
dense_0_far_02_v0.0_h0.6,dense_0_far_02,5.1,0.0,0.6,False,False,False,0.0031490000012013297,0.00020100000064360302,53.36547699999983,0.07336882700000168,0
dense_0_far_02_v0.5_h0.2,dense_0_far_02,5.1,0.5,0.2,True,True,False,124.81644799999891,24.08240599999978,53.36547699999983,0.2222643309999985,43554
dense_0_far_02_v0.5_h0.4,dense_0_far_02,5.1,0.5,0.4,False,False,False,0.011953000001341252,0.00032300000007978724,53.36547699999983,0.07337775300000125,0
dense_0_far_02_v0.5_h0.6,dense_0_far_02,5.1,0.5,0.6,False,False,False,0.0033300000001901253,0.0001950000001471608,53.36547699999983,0.07336900200000017,0
dense_0_far_02_v1.0_h0.2,dense_0_far_02,5.1,1.0,0.2,True,True,False,112.37395100000036,23.595827999999486,53.36547699999983,0.20933525599999966,44357
dense_0_far_02_v1.0_h0.4,dense_0_far_02,5.1,1.0,0.4,False,False,False,0.011307999999488061,0.0003259999985516515,53.36547699999983,0.07337711099999787,0
dense_0_far_02_v1.0_h0.6,dense_0_far_02,5.1,1.0,0.6,False,False,False,0.0032460000003453615,0.00021199999977739026,53.36547699999983,0.07336893499999995,0
dense_0_far_03_v0.0_h0.2,dense_0_far_03,5.15,0.0,0.2,True,True,False,144.0894489999991,20.103395999999663,56.279058999997744,0.2404719039999965,43389
dense_0_far_03_v0.0_h0.4,dense_0_far_03,5.15,0.0,0.4,False,False,False,0.013531000000455151,0.0003440000000409782,56.279058999997744,0.07629293399999824,0
dense_0_far_03_v0.0_h0.6,dense_0_far_03,5.15,0.0,0.6,False,False,False,0.0036709999999828824,0.00021900000035657285,56.279058999997744,0.07628294899999809,0
dense_0_far_03_v0.5_h0.2,dense_0_far_03,5.15,0.5,0.2,True,True,False,156.73389100000003,17.63075899999933,56.279058999997744,0.2506437089999971,43554
dense_0_far_03_v0.5_h0.4,dense_0_far_03,5.15,0.5,0.4,False,False,False,0.010239999999939187,0.00026399999875081903,56.279058999997744,0.07628956299999644,0
dense_0_far_03_v0.5_h0.6,dense_0_far_03,5.15,0.5,0.6,False,False,False,0.0025780000001418557,0.00013400000042906868,56.279058999997744,0.07628177099999832,0
dense_0_far_03_v1.0_h0.2,dense_0_far_03,5.15,1.0,0.2,True,True,False,93.70412200000011,27.94951599999962,56.279058999997744,0.19793269699999747,44357
dense_0_far_03_v1.0_h0.4,dense_0_far_03,5.15,1.0,0.4,False,False,False,0.01188299999910214,0.0003380000013208928,56.279058999997744,0.07629127999999817,0
dense_0_far_03_v1.0_h0.6,dense_0_far_03,5.15,1.0,0.6,False,False,False,0.003210000000919422,0.00020400000089182413,56.279058999997744,0.07628247299999956,0
dense_0_far_04_v0.0_h0.2,dense_0_far_04,5.2,0.0,0.2,True,True,False,128.06617499999896,21.39795900000152,73.62567999999925,0.24308981399999974,43389
dense_0_far_04_v0.0_h0.4,dense_0_far_04,5.2,0.0,0.4,False,False,False,0.010554000001050667,0.0003209999999143065,73.62567999999925,0.09363655500000022,0
dense_0_far_04_v0.0_h0.6,dense_0_far_04,5.2,0.0,0.6,False,False,False,0.002861000000464742,0.00016200000096944223,73.62567999999925,0.09362870300000069,0
dense_0_far_04_v0.5_h0.2,dense_0_far_04,5.2,0.5,0.2,True,True,False,107.75141700000113,25.323710000000332,73.62567999999925,0.2267008070000007,43554
dense_0_far_04_v0.5_h0.4,dense_0_far_04,5.2,0.5,0.4,False,False,False,0.011087000000742364,0.0003599999995884673,73.62567999999925,0.09363712699999958,0
dense_0_far_04_v0.5_h0.6,dense_0_far_04,5.2,0.5,0.6,False,False,False,0.0032880000002677434,0.0001590000007212211,73.62567999999925,0.09362912700000024,0
dense_0_far_04_v1.0_h0.2,dense_0_far_04,5.2,1.0,0.2,True,True,False,121.82864100000046,24.895789000000335,73.62567999999925,0.24035011,44357
dense_0_far_04_v1.0_h0.4,dense_0_far_04,5.2,1.0,0.4,False,False,False,0.012374000000647811,0.00038700000004610047,73.62567999999925,0.09363844099999995,0
dense_0_far_04_v1.0_h0.6,dense_0_far_04,5.2,1.0,0.6,False,False,False,0.002638999999859948,0.0001720000000204891,73.62567999999925,0.09362849099999913,0
dense_0_far_05_v0.0_h0.2,dense_0_far_05,5.25,0.0,0.2,True,True,False,146.68269699999925,18.08963300000066,44.11757599999788,0.22888990599999776,43389
dense_0_far_05_v0.0_h0.4,dense_0_far_05,5.25,0.0,0.4,False,False,False,0.010957000000644257,0.00035900000128208376,44.11757599999788,0.06412889199999981,0
dense_0_far_05_v0.0_h0.6,dense_0_far_05,5.25,0.0,0.6,False,False,False,0.0031800000002135675,0.00015200000014203852,44.11757599999788,0.06412090799999824,0
dense_0_far_05_v0.5_h0.2,dense_0_far_05,5.25,0.5,0.2,True,True,False,129.07066800000067,19.66411999999984,44.11757599999788,0.21285236399999835,43554
dense_0_far_05_v0.5_h0.4,dense_0_far_05,5.25,0.5,0.4,False,False,False,0.011322000000646426,0.0003990000010389849,44.11757599999788,0.06412929699999957,0
dense_0_far_05_v0.5_h0.6,dense_0_far_05,5.25,0.5,0.6,False,False,False,0.0031539999998386747,0.0002039999991154673,44.11757599999788,0.06412093399999684,0
dense_0_far_05_v1.0_h0.2,dense_0_far_05,5.25,1.0,0.2,True,True,False,142.08803899999901,18.19274999999898,44.11757599999788,0.22439836499999585,44357
dense_0_far_05_v1.0_h0.4,dense_0_far_05,5.25,1.0,0.4,False,False,False,0.011100999998348016,0.0003559999992575058,44.11757599999788,0.06412903299999549,0
dense_0_far_05_v1.0_h0.6,dense_0_far_05,5.25,1.0,0.6,False,False,False,0.0031719999995516446,0.00017899999882331485,44.11757599999788,0.06412092699999626,0
dense_0_far_06_v0.0_h0.2,dense_0_far_06,5.300000000000001,0.0,0.2,True,False,False,136.42954100000003,0.0005490000010155427,53.592442000002904,0.21002253200000393,0
dense_0_far_06_v0.0_h0.4,dense_0_far_06,5.300000000000001,0.0,0.4,False,False,False,0.01117800000116631,0.00021299999986013063,53.592442000002904,0.07360383300000393,0
dense_0_far_06_v0.0_h0.6,dense_0_far_06,5.300000000000001,0.0,0.6,False,False,False,0.0023949999992112225,0.00014500000133921276,53.592442000002904,0.07359498200000346,0
dense_0_far_06_v0.5_h0.2,dense_0_far_06,5.300000000000001,0.5,0.2,True,False,False,134.20675499999925,0.0008359999998930334,53.592442000002904,0.20780003300000202,0
dense_0_far_06_v0.5_h0.4,dense_0_far_06,5.300000000000001,0.5,0.4,False,False,False,0.01669500000112123,0.00026100000027895476,53.592442000002904,0.07360939800000431,0
dense_0_far_06_v0.5_h0.6,dense_0_far_06,5.300000000000001,0.5,0.6,False,False,False,0.006382000000471066,0.0002600000001962144,53.592442000002904,0.07359908400000358,0
dense_0_far_06_v1.0_h0.2,dense_0_far_06,5.300000000000001,1.0,0.2,True,False,False,137.5590969999987,0.00045400000203699165,53.592442000002904,0.21115199300000365,0
dense_0_far_06_v1.0_h0.4,dense_0_far_06,5.300000000000001,1.0,0.4,False,False,False,0.01170100000180696,0.0001540000020838761,53.592442000002904,0.0736042970000068,0
dense_0_far_06_v1.0_h0.6,dense_0_far_06,5.300000000000001,1.0,0.6,False,False,False,0.0024950000003798323,0.00012699999984988608,53.592442000002904,0.07359506400000314,0
dense_0_far_07_v0.0_h0.2,dense_0_far_07,5.35,0.0,0.2,True,True,False,137.84656700000042,19.20315699999975,44.530240000000276,0.22157996400000043,43389
dense_0_far_07_v0.0_h0.4,dense_0_far_07,5.35,0.0,0.4,False,False,False,0.011806999999919299,0.0003470000002891993,44.530240000000276,0.06454239400000049,0
dense_0_far_07_v0.0_h0.6,dense_0_far_07,5.35,0.0,0.6,False,False,False,0.0034360000000788204,0.00019499999837080395,44.530240000000276,0.06453387099999873,0
dense_0_far_07_v0.5_h0.2,dense_0_far_07,5.35,0.5,0.2,True,True,False,118.64859399999972,21.25874900000113,44.530240000000276,0.20443758300000112,43554
dense_0_far_07_v0.5_h0.4,dense_0_far_07,5.35,0.5,0.4,False,False,False,0.01156300000104693,0.00036200000153030487,44.530240000000276,0.06454216500000286,0
dense_0_far_07_v0.5_h0.6,dense_0_far_07,5.35,0.5,0.6,False,False,False,0.0031980000017028942,0.00015600000224935684,44.530240000000276,0.06453359400000423,0
dense_0_far_07_v1.0_h0.2,dense_0_far_07,5.35,1.0,0.2,True,True,False,138.46033499999777,17.667545999998424,44.530240000000276,0.22065812099999646,44357
dense_0_far_07_v1.0_h0.4,dense_0_far_07,5.35,1.0,0.4,False,False,False,0.009198000000765205,0.0003129999974760267,44.530240000000276,0.06453975099999852,0
dense_0_far_07_v1.0_h0.6,dense_0_far_07,5.35,1.0,0.6,False,False,False,0.0032009999983984017,9.8000001003129e-05,44.530240000000276,0.06453353899999968,0
dense_0_far_08_v0.0_h0.2,dense_0_far_08,5.4,0.0,0.2,True,True,False,133.71171000000004,17.74316499999884,48.899433999999076,0.22035430899999794,43389
dense_0_far_08_v0.0_h0.4,dense_0_far_08,5.4,0.0,0.4,False,False,False,0.010681999999206937,0.000329999998882613,48.899433999999076,0.06891044599999717,0
dense_0_far_08_v0.0_h0.6,dense_0_far_08,5.4,0.0,0.6,False,False,False,0.004091000000983058,0.00022000000043931323,48.899433999999076,0.0689037450000005,0
dense_0_far_08_v0.5_h0.2,dense_0_far_08,5.4,0.5,0.2,True,True,False,138.30643100000017,21.109100000000325,48.899433999999076,0.22831496499999956,43554
dense_0_far_08_v0.5_h0.4,dense_0_far_08,5.4,0.5,0.4,False,False,False,0.01047800000009147,0.00043600000054766497,48.899433999999076,0.06891034799999972,0
dense_0_far_08_v0.5_h0.6,dense_0_far_08,5.4,0.5,0.6,False,False,False,0.0029549999993605525,0.0001929999982053232,48.899433999999076,0.06890258199999665,0
dense_0_far_08_v1.0_h0.2,dense_0_far_08,5.4,1.0,0.2,True,True,False,105.8718419999991,25.55598600000053,48.899433999999076,0.2003272619999987,44357
dense_0_far_08_v1.0_h0.4,dense_0_far_08,5.4,1.0,0.4,False,False,False,0.008599000000941714,0.00027900000176828144,48.899433999999076,0.06890831200000179,0
dense_0_far_08_v1.0_h0.6,dense_0_far_08,5.4,1.0,0.6,False,False,False,0.0022739999998577787,0.00011399999877426126,48.899433999999076,0.06890182199999771,0
dense_0_far_09_v0.0_h0.2,dense_0_far_09,5.45,0.0,0.2,True,True,False,139.70338200000043,14.042200999998755,57.61450700000381,0.231360090000003,43389
dense_0_far_09_v0.0_h0.4,dense_0_far_09,5.45,0.0,0.4,False,False,False,0.009011999999586351,0.00026100000027895476,57.61450700000381,0.07762378000000368,0
dense_0_far_09_v0.0_h0.6,dense_0_far_09,5.45,0.0,0.6,False,False,False,0.002159000001000777,0.00011699999902248237,57.61450700000381,0.07761678300000384,0
dense_0_far_09_v0.5_h0.2,dense_0_far_09,5.45,0.5,0.2,True,True,False,137.75327500000145,13.69813799999875,57.61450700000381,0.229065920000004,43554
dense_0_far_09_v0.5_h0.4,dense_0_far_09,5.45,0.5,0.4,False,False,False,0.009609999999327101,0.0002939999994566733,57.61450700000381,0.0776244110000026,0
dense_0_far_09_v0.5_h0.6,dense_0_far_09,5.45,0.5,0.6,False,False,False,0.002609999999236834,0.00012199999943618423,57.61450700000381,0.07761723900000249,0
dense_0_far_09_v1.0_h0.2,dense_0_far_09,5.45,1.0,0.2,True,True,False,135.9317659999988,14.804089000001852,57.61450700000381,0.22835036200000444,44357
dense_0_far_09_v1.0_h0.4,dense_0_far_09,5.45,1.0,0.4,False,False,False,0.008955000001975577,0.00030700000053229815,57.61450700000381,0.07762376900000632,0
dense_0_far_09_v1.0_h0.6,dense_0_far_09,5.45,1.0,0.6,False,False,False,0.0025400000005504353,0.00010200000133409048,57.61450700000381,0.0776171490000057,0
dense_0_free_01_v0.0_h0.2,dense_0_free_01,5.550000000000001,0.0,0.2,True,False,False,103.15984500000042,0.0007790000005059028,56.30076599999967,0.17946139000000058,0
dense_0_free_01_v0.0_h0.4,dense_0_free_01,5.550000000000001,0.0,0.4,False,False,False,0.013487000000367289,0.00020599999928094803,56.30076599999967,0.07631445899999932,0
dense_0_free_01_v0.0_h0.6,dense_0_free_01,5.550000000000001,0.0,0.6,False,False,False,0.0031230000026027938,0.00017800000051693132,56.30076599999967,0.07630406700000279,0
dense_0_free_01_v0.5_h0.2,dense_0_free_01,5.550000000000001,0.5,0.2,True,False,False,127.25871499999997,0.0006329999990839497,56.30076599999967,0.2035601139999987,0
dense_0_free_01_v0.5_h0.4,dense_0_free_01,5.550000000000001,0.5,0.4,False,False,False,0.015390000001502813,0.00024399999887236845,56.30076599999967,0.07631640000000005,0
dense_0_free_01_v0.5_h0.6,dense_0_free_01,5.550000000000001,0.5,0.6,False,False,False,0.003626999998118663,0.00020999999961190952,56.30076599999967,0.0763046029999974,0
dense_0_free_01_v1.0_h0.2,dense_0_free_01,5.550000000000001,1.0,0.2,True,False,False,147.13519900000094,0.000883000002005474,56.30076599999967,0.2234368480000026,0
dense_0_free_01_v1.0_h0.4,dense_0_free_01,5.550000000000001,1.0,0.4,False,False,False,0.011770000000410619,0.00014300000117373202,56.30076599999967,0.07631267900000126,0
dense_0_free_01_v1.0_h0.6,dense_0_free_01,5.550000000000001,1.0,0.6,False,False,False,0.002652999999241956,0.0001089999983605594,56.30076599999967,0.07630352799999728,0
dense_0_free_02_v0.0_h0.2,dense_0_free_02,5.6,0.0,0.2,True,True,False,143.70501200000163,13.725747000002286,54.92483400000481,0.23235559300000871,43388
dense_0_free_02_v0.0_h0.4,dense_0_free_02,5.6,0.0,0.4,False,False,False,0.009686000002062656,0.00033199999904809374,54.92483400000481,0.07493485200000592,0
dense_0_free_02_v0.0_h0.6,dense_0_free_02,5.6,0.0,0.6,False,False,False,0.002651999999159216,0.00015300000200113573,54.92483400000481,0.07492763900000597,0
dense_0_free_02_v0.5_h0.2,dense_0_free_02,5.6,0.5,0.2,True,True,False,142.35883199999932,13.636384000001556,54.92483400000481,0.23092005000000568,43551
dense_0_free_02_v0.5_h0.4,dense_0_free_02,5.6,0.5,0.4,False,False,False,0.009711999997108478,0.0003180000014424422,54.92483400000481,0.07493486400000336,0
dense_0_free_02_v0.5_h0.6,dense_0_free_02,5.6,0.5,0.6,False,False,False,0.002401999999790405,0.00014699999795197982,54.92483400000481,0.07492738300000255,0
dense_0_free_02_v1.0_h0.2,dense_0_free_02,5.6,1.0,0.2,True,True,False,139.77426199999954,13.788092000002194,54.92483400000481,0.22848718800000653,44354
dense_0_free_02_v1.0_h0.4,dense_0_free_02,5.6,1.0,0.4,False,False,False,0.009715000000909413,0.0002939999994566733,54.92483400000481,0.07493484300000518,0
dense_0_free_02_v1.0_h0.6,dense_0_free_02,5.6,1.0,0.6,False,False,False,0.0026009999984921706,0.00013499999695909537,54.92483400000481,0.07492757000000026,0
dense_0_free_03_v0.0_h0.2,dense_0_free_03,5.65,0.0,0.2,True,True,False,128.10804800000142,14.411485000000113,43.389707999999416,0.20590924100000094,43388
dense_0_free_03_v0.0_h0.4,dense_0_free_03,5.65,0.0,0.4,False,False,False,0.009713000000743932,0.0002489999992860703,43.389707999999416,0.06339966999999945,0
dense_0_free_03_v0.0_h0.6,dense_0_free_03,5.65,0.0,0.6,False,False,False,0.002226999999521695,0.00012900000001536682,43.389707999999416,0.06339206399999896,0
dense_0_free_03_v0.5_h0.2,dense_0_free_03,5.65,0.5,0.2,True,True,False,130.27272900000142,13.612564999998966,43.389707999999416,0.2072750019999998,43551
dense_0_free_03_v0.5_h0.4,dense_0_free_03,5.65,0.5,0.4,False,False,False,0.009067000000584358,0.00029699999970489444,43.389707999999416,0.06339907199999971,0
dense_0_free_03_v0.5_h0.6,dense_0_free_03,5.65,0.5,0.6,False,False,False,0.002358999999785283,0.00012900000001536682,43.389707999999416,0.06339219599999922,0
dense_0_free_03_v1.0_h0.2,dense_0_free_03,5.65,1.0,0.2,True,True,False,138.74806299999776,13.802686000001785,43.389707999999416,0.21594045699999895,44354
dense_0_free_03_v1.0_h0.4,dense_0_free_03,5.65,1.0,0.4,False,False,False,0.009664000000242368,0.00024799999920332993,43.389707999999416,0.06339961999999887,0
dense_0_free_03_v1.0_h0.6,dense_0_free_03,5.65,1.0,0.6,False,False,False,0.0023579999997025425,0.00013100000018084756,43.389707999999416,0.0633921969999993,0
dense_0_free_04_v0.0_h0.2,dense_0_free_04,5.7,0.0,0.2,True,True,False,139.25785400000024,14.348887000000587,70.38995700000328,0.2439966980000041,43388
dense_0_free_04_v0.0_h0.4,dense_0_free_04,5.7,0.0,0.4,False,False,False,0.008819000001381028,0.0002639999969744622,70.38995700000328,0.09039904000000164,0
dense_0_free_04_v0.0_h0.6,dense_0_free_04,5.7,0.0,0.6,False,False,False,0.0025139999983991856,0.00013400000042906868,70.38995700000328,0.09039260500000211,0
dense_0_free_04_v0.5_h0.2,dense_0_free_04,5.7,0.5,0.2,True,True,False,139.0266750000002,13.47232499999862,70.38995700000328,0.2428889570000021,43551
dense_0_free_04_v0.5_h0.4,dense_0_free_04,5.7,0.5,0.4,False,False,False,0.010638000002671788,0.0003719999988049949,70.38995700000328,0.09040096700000476,0
dense_0_free_04_v0.5_h0.6,dense_0_free_04,5.7,0.5,0.6,False,False,False,0.0029529999991950717,0.00015599999869664316,70.38995700000328,0.09039306600000117,0
dense_0_free_04_v1.0_h0.2,dense_0_free_04,5.7,1.0,0.2,True,True,False,135.44671100000016,15.990271999999806,70.38995700000328,0.24182694000000324,44354
dense_0_free_04_v1.0_h0.4,dense_0_free_04,5.7,1.0,0.4,False,False,False,0.010122999999140347,0.00033899999962727634,70.38995700000328,0.09040041900000205,0
dense_0_free_04_v1.0_h0.6,dense_0_free_04,5.7,1.0,0.6,False,False,False,0.0023960000028466766,0.0001470000015046935,70.38995700000328,0.09039250000000763,0
dense_0_free_05_v0.0_h0.2,dense_0_free_05,5.75,0.0,0.2,True,True,False,133.13025799999778,16.684776999998263,61.5428179999995,0.23135785299999553,43388
dense_0_free_05_v0.0_h0.4,dense_0_free_05,5.75,0.0,0.4,False,False,False,0.024028000002118688,0.0002809999983810485,61.5428179999995,0.081567127,0
dense_0_free_05_v0.0_h0.6,dense_0_free_05,5.75,0.0,0.6,False,False,False,0.00311300000177539,0.00013400000042906868,61.5428179999995,0.08154606500000171,0
dense_0_free_05_v0.5_h0.2,dense_0_free_05,5.75,0.5,0.2,True,True,False,130.78533499999878,14.163511999999656,61.5428179999995,0.22649166499999793,43551
dense_0_free_05_v0.5_h0.4,dense_0_free_05,5.75,0.5,0.4,False,False,False,0.012201000000544582,0.0003290000023525863,61.5428179999995,0.0815553480000024,0
dense_0_free_05_v0.5_h0.6,dense_0_free_05,5.75,0.5,0.6,False,False,False,0.002928000000679276,0.00016899999977226798,61.5428179999995,0.08154591499999995,0
dense_0_free_05_v1.0_h0.2,dense_0_free_05,5.75,1.0,0.2,True,True,False,136.31896600000104,13.740366999996922,61.5428179999995,0.23160215099999745,44354
dense_0_free_05_v1.0_h0.4,dense_0_free_05,5.75,1.0,0.4,False,False,False,0.01011800000227936,0.0003229999983034304,61.5428179999995,0.08155325900000009,0
dense_0_free_05_v1.0_h0.6,dense_0_free_05,5.75,1.0,0.6,False,False,False,0.0021889999999302745,0.00010800000183053271,61.5428179999995,0.08154511500000126,0
dense_0_free_06_v0.0_h0.2,dense_0_free_06,5.800000000000001,0.0,0.2,True,False,False,138.35136200000164,0.0006940000005783986,50.829843000002484,0.2091818990000047,0
dense_0_free_06_v0.0_h0.4,dense_0_free_06,5.800000000000001,0.0,0.4,False,False,False,0.01197700000332702,0.00016099999911034502,50.829843000002484,0.07084198100000492,0
dense_0_free_06_v0.0_h0.6,dense_0_free_06,5.800000000000001,0.0,0.6,False,False,False,0.0023309999974685525,0.00010000000116860974,50.829843000002484,0.07083227400000112,0
dense_0_free_06_v0.5_h0.2,dense_0_free_06,5.800000000000001,0.5,0.2,True,False,False,135.66656600000115,0.0005949999994925292,50.829843000002484,0.20649700400000312,0
dense_0_free_06_v0.5_h0.4,dense_0_free_06,5.800000000000001,0.5,0.4,False,False,False,0.010971999998332649,0.00011299999869152089,50.829843000002484,0.07084092799999951,0
dense_0_free_06_v0.5_h0.6,dense_0_free_06,5.800000000000001,0.5,0.6,False,False,False,0.010221000000143476,0.0002569999999479933,50.829843000002484,0.07084032100000258,0
dense_0_free_06_v1.0_h0.2,dense_0_free_06,5.800000000000001,1.0,0.2,True,False,False,126.85332399999893,0.0005659999970930585,50.829843000002484,0.1976837329999985,0
dense_0_free_06_v1.0_h0.4,dense_0_free_06,5.800000000000001,1.0,0.4,False,False,False,0.012254000001377108,0.0001500000017529146,50.829843000002484,0.07084224700000562,0
dense_0_free_06_v1.0_h0.6,dense_0_free_06,5.800000000000001,1.0,0.6,False,False,False,0.002474999998725025,0.00013200000026358794,50.829843000002484,0.07083245000000148,0
dense_0_free_07_v0.0_h0.2,dense_0_free_07,5.85,0.0,0.2,True,True,False,142.16812200000106,13.753799999999927,66.15014399999808,0.24207206599999906,43388
dense_0_free_07_v0.0_h0.4,dense_0_free_07,5.85,0.0,0.4,False,False,False,0.008890000000150167,0.0003409999997927571,66.15014399999808,0.08615937499999803,0
dense_0_free_07_v0.0_h0.6,dense_0_free_07,5.85,0.0,0.6,False,False,False,0.0020700000007423114,0.00014900000167017424,66.15014399999808,0.0861523630000005,0
dense_0_free_07_v0.5_h0.2,dense_0_free_07,5.85,0.5,0.2,True,True,False,128.72005200000203,13.84488900000136,66.15014399999808,0.22871508500000146,43551
dense_0_free_07_v0.5_h0.4,dense_0_free_07,5.85,0.5,0.4,False,False,False,0.008601999997637222,0.00031399999755876706,66.15014399999808,0.08615905999999328,0
dense_0_free_07_v0.5_h0.6,dense_0_free_07,5.85,0.5,0.6,False,False,False,0.0024009999997076648,0.0001330000003463283,66.15014399999808,0.08615267799999814,0
dense_0_free_07_v1.0_h0.2,dense_0_free_07,5.85,1.0,0.2,True,True,False,140.31795299999672,13.959732000000002,66.15014399999808,0.2404278289999948,44354
dense_0_free_07_v1.0_h0.4,dense_0_free_07,5.85,1.0,0.4,False,False,False,0.01057900000134282,0.00037699999921869676,66.15014399999808,0.08616109999999864,0
dense_0_free_07_v1.0_h0.6,dense_0_free_07,5.85,1.0,0.6,False,False,False,0.0025269999994748105,0.00014699999795197982,66.15014399999808,0.08615281799999551,0
dense_0_free_08_v0.0_h0.2,dense_0_free_08,5.9,0.0,0.2,True,True,False,141.73734700000296,15.442596999999836,45.1322879999978,0.22231223200000058,43388
dense_0_free_08_v0.0_h0.4,dense_0_free_08,5.9,0.0,0.4,False,False,False,0.00847500000134005,0.0003259999985516515,45.1322879999978,0.0651410889999977,0
dense_0_free_08_v0.0_h0.6,dense_0_free_08,5.9,0.0,0.6,False,False,False,0.002551999997990606,0.00010600000166505197,45.1322879999978,0.06513494599999746,0
dense_0_free_08_v0.5_h0.2,dense_0_free_08,5.9,0.5,0.2,True,True,False,120.95034600000076,15.900919999999985,45.1322879999978,0.20198355399999854,43551
dense_0_free_08_v0.5_h0.4,dense_0_free_08,5.9,0.5,0.4,False,False,False,0.011646000000808954,0.00039499999715530976,45.1322879999978,0.06514432899999577,0
dense_0_free_08_v0.5_h0.6,dense_0_free_08,5.9,0.5,0.6,False,False,False,0.002823999999179705,0.0001439999977037587,45.1322879999978,0.06513525599999469,0
dense_0_free_08_v1.0_h0.2,dense_0_free_08,5.9,1.0,0.2,True,True,False,133.04519800000136,15.798056000001282,45.1322879999978,0.21397554200000043,44354
dense_0_free_08_v1.0_h0.4,dense_0_free_08,5.9,1.0,0.4,False,False,False,0.009351000002766341,0.0003259999985516515,45.1322879999978,0.06514196499999912,0
dense_0_free_08_v1.0_h0.6,dense_0_free_08,5.9,1.0,0.6,False,False,False,0.0023979999994594436,0.00011900000274067679,45.1322879999978,0.065134805,0
dense_0_free_09_v0.0_h0.2,dense_0_free_09,5.95,0.0,0.2,True,True,False,137.09244800000064,13.867527000002156,48.537170000003016,0.2194971450000058,43388
dense_0_free_09_v0.0_h0.4,dense_0_free_09,5.95,0.0,0.4,False,False,False,0.00915599999729011,0.000267000000775397,48.537170000003016,0.06854659300000109,0
dense_0_free_09_v0.0_h0.6,dense_0_free_09,5.95,0.0,0.6,False,False,False,0.0022489999977892694,0.00011899999918796311,48.537170000003016,0.068539538,0
dense_0_free_09_v0.5_h0.2,dense_0_free_09,5.95,0.5,0.2,True,True,False,139.572955000002,13.80801199999837,48.537170000003016,0.22191813700000337,43551
dense_0_free_09_v0.5_h0.4,dense_0_free_09,5.95,0.5,0.4,False,False,False,0.009589000001142267,0.0002389999984586666,48.537170000003016,0.06854699800000262,0
dense_0_free_09_v0.5_h0.6,dense_0_free_09,5.95,0.5,0.6,False,False,False,0.00225099999795475,0.0001220000029888979,48.537170000003016,0.06853954300000396,0
dense_0_free_09_v1.0_h0.2,dense_0_free_09,5.95,1.0,0.2,True,True,False,133.4121589999988,14.272007999998948,48.537170000003016,0.21622133700000076,44354
dense_0_free_09_v1.0_h0.4,dense_0_free_09,5.95,1.0,0.4,False,False,False,0.009236000000356626,0.0003080000006150385,48.537170000003016,0.06854671400000399,0
dense_0_free_09_v1.0_h0.6,dense_0_free_09,5.95,1.0,0.6,False,False,False,0.002389000002267494,0.000115999998939742,48.537170000003016,0.06853967500000423,0
dense_0_near_00_v0.0_h0.2,dense_0_near_00,6.0,0.0,0.2,True,False,False,131.64030300000107,0.0006930000004956582,48.91894599999347,0.20055994199999502,0
dense_0_near_00_v0.0_h0.4,dense_0_near_00,6.0,0.0,0.4,False,False,False,0.012190999999717178,0.00011500000240971531,48.91894599999347,0.0689312519999956,0
dense_0_near_00_v0.0_h0.6,dense_0_near_00,6.0,0.0,0.6,False,False,False,0.0023420000019314102,0.00012499999968440534,48.91894599999347,0.06892141299999509,0
dense_0_near_00_v0.5_h0.2,dense_0_near_00,6.0,0.5,0.2,True,False,False,125.0076629999981,0.000722000002895129,48.91894599999347,0.19392733099999446,0
dense_0_near_00_v0.5_h0.4,dense_0_near_00,6.0,0.5,0.4,False,False,False,0.0179839999994158,0.0003020000001185963,48.91894599999347,0.068937231999993,0
dense_0_near_00_v0.5_h0.6,dense_0_near_00,6.0,0.5,0.6,False,False,False,0.006080000002128827,0.00022999999771400326,48.91894599999347,0.06892525599999332,0
dense_0_near_00_v1.0_h0.2,dense_0_near_00,6.0,1.0,0.2,True,False,False,98.55200300000178,0.0007379999971135476,48.91894599999347,0.16747168699999235,0
dense_0_near_00_v1.0_h0.4,dense_0_near_00,6.0,1.0,0.4,False,False,False,0.014852999999703798,0.00029200000284390626,48.91894599999347,0.06893409099999602,0
dense_0_near_00_v1.0_h0.6,dense_0_near_00,6.0,1.0,0.6,False,False,False,0.0031830000004617887,0.00022899999763126289,48.91894599999347,0.06892235799999157,0
dense_0_near_01_v0.0_h0.2,dense_0_near_01,6.05,0.0,0.2,True,False,False,118.425055000003,0.0009729999987939664,59.57702500000295,0.19800305300000473,0
dense_0_near_01_v0.0_h0.4,dense_0_near_01,6.05,0.0,0.4,False,False,False,0.014948000000458705,0.0002770000016028007,59.57702500000295,0.07959225000000501,0
dense_0_near_01_v0.0_h0.6,dense_0_near_01,6.05,0.0,0.6,False,False,False,0.0034600000020645894,0.00020100000241995986,59.57702500000295,0.07958068600000744,0
dense_0_near_01_v0.5_h0.2,dense_0_near_01,6.05,0.5,0.2,True,False,False,137.94532299999673,0.0008879999988664622,59.57702500000295,0.21752323599999854,0
dense_0_near_01_v0.5_h0.4,dense_0_near_01,6.05,0.5,0.4,False,False,False,0.012137999998884652,0.00016399999935856613,59.57702500000295,0.0795893270000012,0
dense_0_near_01_v0.5_h0.6,dense_0_near_01,6.05,0.5,0.6,False,False,False,0.0023019999986217954,0.00012900000001536682,59.57702500000295,0.07957945600000159,0
dense_0_near_01_v1.0_h0.2,dense_0_near_01,6.05,1.0,0.2,True,False,False,132.58119099999988,0.0004480000015405494,59.57702500000295,0.21215866400000435,0
dense_0_near_01_v1.0_h0.4,dense_0_near_01,6.05,1.0,0.4,False,False,False,0.012304000001961413,0.00021599999655563806,59.57702500000295,0.07958954500000147,0
dense_0_near_01_v1.0_h0.6,dense_0_near_01,6.05,1.0,0.6,False,False,False,0.002398999999542184,9.8000001003129e-05,59.57702500000295,0.0795795220000035,0
dense_0_near_02_v0.0_h0.2,dense_0_near_02,6.1000000000000005,0.0,0.2,True,False,False,127.41112199999804,0.0007709999998439798,48.42182099999803,0.1958337139999959,0
dense_0_near_02_v0.0_h0.4,dense_0_near_02,6.1000000000000005,0.0,0.4,False,False,False,0.01605599999976448,0.00025499999978251253,48.42182099999803,0.06843813199999758,0
dense_0_near_02_v0.0_h0.6,dense_0_near_02,6.1000000000000005,0.0,0.6,False,False,False,0.003794000001278164,0.00021600000010835174,48.42182099999803,0.06842583099999942,0
dense_0_near_02_v0.5_h0.2,dense_0_near_02,6.1000000000000005,0.5,0.2,True,False,False,133.42842900000207,0.0005419999986600033,48.42182099999803,0.20185079199999875,0
dense_0_near_02_v0.5_h0.4,dense_0_near_02,6.1000000000000005,0.5,0.4,False,False,False,0.017962000001148226,0.0004359999969949513,48.42182099999803,0.06844021899999618,0
dense_0_near_02_v0.5_h0.6,dense_0_near_02,6.1000000000000005,0.5,0.6,False,False,False,0.002798000000581169,0.00013600000059454942,48.42182099999803,0.06842475499999921,0
dense_0_near_02_v1.0_h0.2,dense_0_near_02,6.1000000000000005,1.0,0.2,True,False,False,132.85149800000084,0.0004320000002167035,48.42182099999803,0.20127375099999908,0
dense_0_near_02_v1.0_h0.4,dense_0_near_02,6.1000000000000005,1.0,0.4,False,False,False,0.010528999997205801,0.00018500000109611392,48.42182099999803,0.06843253499999634,0
dense_0_near_02_v1.0_h0.6,dense_0_near_02,6.1000000000000005,1.0,0.6,False,False,False,0.0022020000010058993,0.00012499999968440534,48.42182099999803,0.06842414799999873,0
dense_0_near_03_v0.0_h0.2,dense_0_near_03,6.15,0.0,0.2,True,False,False,128.08692500000163,0.0005259999973361573,58.389854999994384,0.20647730599999334,0
dense_0_near_03_v0.0_h0.4,dense_0_near_03,6.15,0.0,0.4,False,False,False,0.011662999998662826,0.00020099999886724618,58.389854999994384,0.07840171899999192,0
dense_0_near_03_v0.0_h0.6,dense_0_near_03,6.15,0.0,0.6,False,False,False,0.0025930000013829613,0.00010999999844329977,58.389854999994384,0.07839255799999421,0
dense_0_near_03_v0.5_h0.2,dense_0_near_03,6.15,0.5,0.2,True,False,False,120.63755500000184,0.0006379999994976515,58.389854999994384,0.1990280479999957,0
dense_0_near_03_v0.5_h0.4,dense_0_near_03,6.15,0.5,0.4,False,False,False,0.016919000000115147,0.00028199999846378887,58.389854999994384,0.07840705599999297,0
dense_0_near_03_v0.5_h0.6,dense_0_near_03,6.15,0.5,0.6,False,False,False,0.005976000000629256,0.00024799999920332993,58.389854999994384,0.07839607899999422,0
dense_0_near_03_v1.0_h0.2,dense_0_near_03,6.15,1.0,0.2,True,False,False,115.34179299999892,0.0007130000021504657,58.389854999994384,0.19373236099999544,0
dense_0_near_03_v1.0_h0.4,dense_0_near_03,6.15,1.0,0.4,False,False,False,0.019920999999811784,0.0002730000012718392,58.389854999994384,0.07841004899999547,0
dense_0_near_03_v1.0_h0.6,dense_0_near_03,6.15,1.0,0.6,False,False,False,0.006429999999113534,0.0002519999995342914,58.389854999994384,0.07839653699999304,0
dense_0_near_04_v0.0_h0.2,dense_0_near_04,6.2,0.0,0.2,True,False,False,129.4549399999987,0.0004709999998908643,54.97058499999952,0.20442599599999808,0
dense_0_near_04_v0.0_h0.4,dense_0_near_04,6.2,0.0,0.4,False,False,False,0.011699999998171506,0.00015899999894486427,54.97058499999952,0.07498244399999664,0
dense_0_near_04_v0.0_h0.6,dense_0_near_04,6.2,0.0,0.6,False,False,False,0.002151000000338854,0.00012199999943618423,54.97058499999952,0.0749728579999993,0
dense_0_near_04_v0.5_h0.2,dense_0_near_04,6.2,0.5,0.2,True,False,False,114.7883940000014,0.0009150000011004522,54.97058499999952,0.189759894000002,0
dense_0_near_04_v0.5_h0.4,dense_0_near_04,6.2,0.5,0.4,False,False,False,0.017578000001350347,0.0002879999989602311,54.97058499999952,0.07498845099999983,0
dense_0_near_04_v0.5_h0.6,dense_0_near_04,6.2,0.5,0.6,False,False,False,0.006339999998772328,0.0002529999996170318,54.97058499999952,0.07497717799999791,0
dense_0_near_04_v1.0_h0.2,dense_0_near_04,6.2,1.0,0.2,True,False,False,143.15420699999848,0.000498999998654881,54.97058499999952,0.21812529099999664,0
dense_0_near_04_v1.0_h0.4,dense_0_near_04,6.2,1.0,0.4,False,False,False,0.011999000001594595,0.0001720000000204891,54.97058499999952,0.07498275600000114,0
dense_0_near_04_v1.0_h0.6,dense_0_near_04,6.2,1.0,0.6,False,False,False,0.0022850000007679228,0.00012699999984988608,54.97058499999952,0.07497299700000014,0
dense_0_near_05_v0.0_h0.2,dense_0_near_05,6.25,0.0,0.2,True,False,False,131.0120959999992,0.0004959999984066599,66.97659499999986,0.21798918699999745,0
dense_0_near_05_v0.0_h0.4,dense_0_near_05,6.25,0.0,0.4,False,False,False,0.011757000002887708,0.0001790000005996717,66.97659499999986,0.08698853100000335,0
dense_0_near_05_v0.0_h0.6,dense_0_near_05,6.25,0.0,0.6,False,False,False,0.0022390000005145794,0.00011699999902248237,66.97659499999986,0.0869789509999994,0
dense_0_near_05_v0.5_h0.2,dense_0_near_05,6.25,0.5,0.2,True,False,False,127.66070999999712,0.0006560000009869782,66.97659499999986,0.21463796099999796,0
dense_0_near_05_v0.5_h0.4,dense_0_near_05,6.25,0.5,0.4,False,False,False,0.016640999998429606,0.0003159999977242478,66.97659499999986,0.08699355199999602,0
dense_0_near_05_v0.5_h0.6,dense_0_near_05,6.25,0.5,0.6,False,False,False,0.007940999999789256,0.00032100000169066334,66.97659499999986,0.08698485700000134,0
dense_0_near_05_v1.0_h0.2,dense_0_near_05,6.25,1.0,0.2,True,False,False,137.03975600000007,0.0006600000013179397,66.97659499999986,0.22401701100000124,0
dense_0_near_05_v1.0_h0.4,dense_0_near_05,6.25,1.0,0.4,False,False,False,0.01100000000064938,0.00016699999960678724,66.97659499999986,0.08698776200000012,0
dense_0_near_05_v1.0_h0.6,dense_0_near_05,6.25,1.0,0.6,False,False,False,0.002527999999557551,0.00010600000166505197,66.97659499999986,0.08697922900000109,0
dense_0_near_06_v0.0_h0.2,dense_0_near_06,6.3,0.0,0.2,True,False,False,128.42925400000027,0.0005440000023781977,55.74866200000628,0.20417846000000892,0
dense_0_near_06_v0.0_h0.4,dense_0_near_06,6.3,0.0,0.4,False,False,False,0.01356599999979835,0.0002970000032576081,55.74866200000628,0.07576252500000934,0
dense_0_near_06_v0.0_h0.6,dense_0_near_06,6.3,0.0,0.6,False,False,False,0.0033590000008132392,0.00017400000018596984,55.74866200000628,0.07575219500000728,0
dense_0_near_06_v0.5_h0.2,dense_0_near_06,6.3,0.5,0.2,True,False,False,98.91465799999821,0.0008710000010125896,55.74866200000628,0.1746641910000055,0
dense_0_near_06_v0.5_h0.4,dense_0_near_06,6.3,0.5,0.4,False,False,False,0.01590700000164702,0.0002810000019337622,55.74866200000628,0.07576485000000986,0
dense_0_near_06_v0.5_h0.6,dense_0_near_06,6.3,0.5,0.6,False,False,False,0.006127000002464911,0.0002210000005220536,55.74866200000628,0.07575501000000927,0
dense_0_near_06_v1.0_h0.2,dense_0_near_06,6.3,1.0,0.2,True,False,False,146.19272500000235,0.0006450000000768341,55.74866200000628,0.2219420320000087,0
dense_0_near_06_v1.0_h0.4,dense_0_near_06,6.3,1.0,0.4,False,False,False,0.011204999999847587,0.00016899999977226798,55.74866200000628,0.0757600360000059,0
dense_0_near_06_v1.0_h0.6,dense_0_near_06,6.3,1.0,0.6,False,False,False,0.002423000001527953,0.0001479999980347202,55.74866200000628,0.07575123300000584,0
dense_0_near_07_v0.0_h0.2,dense_0_near_07,6.3500000000000005,0.0,0.2,True,False,False,128.50866899999858,0.000678999999337293,63.2936489999949,0.2118029969999928,0
dense_0_near_07_v0.0_h0.4,dense_0_near_07,6.3500000000000005,0.0,0.4,False,False,False,0.01621700000242754,0.00029599999962215406,63.2936489999949,0.08331016199999695,0
dense_0_near_07_v0.0_h0.6,dense_0_near_07,6.3500000000000005,0.0,0.6,False,False,False,0.006176000002966475,0.00027100000110635847,63.2936489999949,0.08330009599999898,0
dense_0_near_07_v0.5_h0.2,dense_0_near_07,6.3500000000000005,0.5,0.2,True,False,False,112.63134000000008,0.0006609999978479664,63.2936489999949,0.19592564999999282,0
dense_0_near_07_v0.5_h0.4,dense_0_near_07,6.3500000000000005,0.5,0.4,False,False,False,0.01797999999908484,0.00029600000317486774,63.2936489999949,0.08331192499999716,0
dense_0_near_07_v0.5_h0.6,dense_0_near_07,6.3500000000000005,0.5,0.6,False,False,False,0.006653999999883808,0.00026199999680898145,63.2936489999949,0.0833005649999916,0
dense_0_near_07_v1.0_h0.2,dense_0_near_07,6.3500000000000005,1.0,0.2,True,False,False,145.83042199999952,0.0005050000027040369,63.2936489999949,0.2291245759999971,0
dense_0_near_07_v1.0_h0.4,dense_0_near_07,6.3500000000000005,1.0,0.4,False,False,False,0.01058999999870025,0.00014499999778649908,63.2936489999949,0.08330438399999139,0
dense_0_near_07_v1.0_h0.6,dense_0_near_07,6.3500000000000005,1.0,0.6,False,False,False,0.0023460000022623717,0.00013600000059454942,63.2936489999949,0.08329613099999776,0
dense_0_near_08_v0.0_h0.2,dense_0_near_08,6.4,0.0,0.2,True,False,False,116.92499899999831,0.0010460000012812998,57.007671000000926,0.1939337160000005,0
dense_0_near_08_v0.0_h0.4,dense_0_near_08,6.4,0.0,0.4,False,False,False,0.018517000000883854,0.0002810000019337622,57.007671000000926,0.07702646900000375,0
dense_0_near_08_v0.0_h0.6,dense_0_near_08,6.4,0.0,0.6,False,False,False,0.006157000001394408,0.00021299999986013063,57.007671000000926,0.07701404100000218,0
dense_0_near_08_v0.5_h0.2,dense_0_near_08,6.4,0.5,0.2,True,False,False,122.75039999999748,0.0008139999998491021,57.007671000000926,0.19975888499999825,0
dense_0_near_08_v0.5_h0.4,dense_0_near_08,6.4,0.5,0.4,False,False,False,0.016608999999334628,0.0002630000004444355,57.007671000000926,0.07702454300000071,0
dense_0_near_08_v0.5_h0.6,dense_0_near_08,6.4,0.5,0.6,False,False,False,0.006544000001440509,0.00022700000101849582,57.007671000000926,0.07701444200000339,0
dense_0_near_08_v1.0_h0.2,dense_0_near_08,6.4,1.0,0.2,True,False,False,108.36617400000037,0.0005379999983290418,57.007671000000926,0.18537438299999962,0
dense_0_near_08_v1.0_h0.4,dense_0_near_08,6.4,1.0,0.4,False,False,False,0.016118999997871697,0.0003220000017734037,57.007671000000926,0.07702411200000057,0
dense_0_near_08_v1.0_h0.6,dense_0_near_08,6.4,1.0,0.6,False,False,False,0.0064689999987876945,0.00021900000035657285,57.007671000000926,0.07701435900000007,0
dense_0_near_09_v0.0_h0.2,dense_0_near_09,6.45,0.0,0.2,True,False,False,140.17755899999784,0.0004880000012974506,62.70385699999537,0.2228819039999945,0
dense_0_near_09_v0.0_h0.4,dense_0_near_09,6.45,0.0,0.4,False,False,False,0.011401999998383872,0.00016299999927582576,62.70385699999537,0.08271542199999303,0
dense_0_near_09_v0.0_h0.6,dense_0_near_09,6.45,0.0,0.6,False,False,False,0.002956999999526033,0.00011800000265793642,62.70385699999537,0.08270693199999755,0
dense_0_near_09_v0.5_h0.2,dense_0_near_09,6.45,0.5,0.2,True,False,False,92.13774499999872,0.0007829999972841506,62.70385699999537,0.17484238499999136,0
dense_0_near_09_v0.5_h0.4,dense_0_near_09,6.45,0.5,0.4,False,False,False,0.01569600000195237,0.00027900000176828144,62.70385699999537,0.08271983199999909,0
dense_0_near_09_v0.5_h0.6,dense_0_near_09,6.45,0.5,0.6,False,False,False,0.0061020000003964014,0.00026800000085813735,62.70385699999537,0.08271022699999662,0
dense_0_near_09_v1.0_h0.2,dense_0_near_09,6.45,1.0,0.2,True,False,False,154.38333599999865,0.0005929999993270485,62.70385699999537,0.23708778599999333,0
dense_0_near_09_v1.0_h0.4,dense_0_near_09,6.45,1.0,0.4,False,False,False,0.01173600000115016,0.00017099999993774873,62.70385699999537,0.08271576399999646,0
dense_0_near_09_v1.0_h0.6,dense_0_near_09,6.45,1.0,0.6,False,False,False,0.0022340000001008775,0.00015699999877938353,62.70385699999537,0.08270624799999425,0
dense_1_far_00_v0.0_h0.2,dense_1_far_00,6.5,0.0,0.2,False,False,False,0.026131000002038718,0.00031000000078051926,51.67781999999477,0.07170426099999759,0
dense_1_far_00_v0.0_h0.4,dense_1_far_00,6.5,0.0,0.4,False,False,False,0.003588000001997216,0.00010699999819507866,51.67781999999477,0.07168151499999496,0
dense_1_far_00_v0.0_h0.6,dense_1_far_00,6.5,0.0,0.6,False,False,False,0.0032159999996395072,8.800000017572529e-05,51.67781999999477,0.07168112399999459,0
dense_1_far_00_v0.5_h0.2,dense_1_far_00,6.5,0.5,0.2,False,False,False,0.00385699999938538,0.0001330000003463283,51.67781999999477,0.0716818099999945,0
dense_1_far_00_v0.5_h0.4,dense_1_far_00,6.5,0.5,0.4,False,False,False,0.0023359999978822543,0.00011100000207875382,51.67781999999477,0.07168026699999473,0
dense_1_far_00_v0.5_h0.6,dense_1_far_00,6.5,0.5,0.6,False,False,False,0.002006000002552355,8.39999998447638e-05,51.67781999999477,0.07167990999999717,0
dense_1_far_00_v1.0_h0.2,dense_1_far_00,6.5,1.0,0.2,False,False,False,0.002973000000849879,0.0001500000017529146,51.67781999999477,0.07168094299999737,0
dense_1_far_00_v1.0_h0.4,dense_1_far_00,6.5,1.0,0.4,False,False,False,0.002491000000048871,0.00010699999819507866,51.67781999999477,0.07168041799999302,0
dense_1_far_00_v1.0_h0.6,dense_1_far_00,6.5,1.0,0.6,False,False,False,0.002606999998988613,9.600000083764826e-05,51.67781999999477,0.0716805229999946,0
dense_1_far_01_v0.0_h0.2,dense_1_far_01,6.55,0.0,0.2,False,False,False,0.008822999998159275,0.00021400000349558468,47.293979999992075,0.06730301699999373,0
dense_1_far_01_v0.0_h0.4,dense_1_far_01,6.55,0.0,0.4,False,False,False,0.0024050000000386262,0.00012699999984988608,47.293979999992075,0.06729651199999197,0
dense_1_far_01_v0.0_h0.6,dense_1_far_01,6.55,0.0,0.6,False,False,False,0.0019729999998219228,0.0001050000015823116,47.293979999992075,0.06729605799999348,0
dense_1_far_01_v0.5_h0.2,dense_1_far_01,6.55,0.5,0.2,False,False,False,0.002114000000830174,0.00012499999968440534,47.293979999992075,0.0672962189999926,0
dense_1_far_01_v0.5_h0.4,dense_1_far_01,6.55,0.5,0.4,False,False,False,0.0018829999994807167,0.00011499999885700163,47.293979999992075,0.06729597799999042,0
dense_1_far_01_v0.5_h0.6,dense_1_far_01,6.55,0.5,0.6,False,False,False,0.0018720000021232863,0.00011700000257519605,47.293979999992075,0.06729596899999678,0
dense_1_far_01_v1.0_h0.2,dense_1_far_01,6.55,1.0,0.2,False,False,False,0.002190000000013015,0.00011700000257519605,47.293979999992075,0.06729628699999467,0
dense_1_far_01_v1.0_h0.4,dense_1_far_01,6.55,1.0,0.4,False,False,False,0.0019490000013888675,0.00011299999869152089,47.293979999992075,0.06729604199999216,0
dense_1_far_01_v1.0_h0.6,dense_1_far_01,6.55,1.0,0.6,False,False,False,0.0017750000012028977,9.10000004239464e-05,47.293979999992075,0.0672958459999937,0
dense_1_far_02_v0.0_h0.2,dense_1_far_02,6.6000000000000005,0.0,0.2,False,False,False,0.008398999998604495,0.00021199999977739026,70.03422200000387,0.09004283300000225,0
dense_1_far_02_v0.0_h0.4,dense_1_far_02,6.6000000000000005,0.0,0.4,False,False,False,0.0024140000007832896,0.00013900000084277053,70.03422200000387,0.0900367750000055,0
dense_1_far_02_v0.0_h0.6,dense_1_far_02,6.6000000000000005,0.0,0.6,False,False,False,0.001879000002702469,8.900000025846566e-05,70.03422200000387,0.09003619000000683,0
dense_1_far_02_v0.5_h0.2,dense_1_far_02,6.6000000000000005,0.5,0.2,False,False,False,0.0021809999992683515,9.700000092038863e-05,70.03422200000387,0.09003650000000406,0
dense_1_far_02_v0.5_h0.4,dense_1_far_02,6.6000000000000005,0.5,0.4,False,False,False,0.0020220000003234873,7.800000290103526e-05,70.03422200000387,0.0900363220000071,0
dense_1_far_02_v0.5_h0.6,dense_1_far_02,6.6000000000000005,0.5,0.6,False,False,False,0.0018759999989015341,0.00011899999918796311,70.03422200000387,0.09003621700000196,0
dense_1_far_02_v1.0_h0.2,dense_1_far_02,6.6000000000000005,1.0,0.2,False,False,False,0.0021160000009956548,0.00011400000232697494,70.03422200000387,0.09003645200000719,0
dense_1_far_02_v1.0_h0.4,dense_1_far_02,6.6000000000000005,1.0,0.4,False,False,False,0.001847000000054777,7.799999934832158e-05,70.03422200000387,0.09003614700000327,0
dense_1_far_02_v1.0_h0.6,dense_1_far_02,6.6000000000000005,1.0,0.6,False,False,False,0.0019970000018076917,9.200000050668677e-05,70.03422200000387,0.09003631100000618,0
dense_1_far_03_v0.0_h0.2,dense_1_far_03,6.65,0.0,0.2,False,False,False,0.0093329999977243,0.00027599999796734664,50.694569999990335,0.07070417899998603,0
dense_1_far_03_v0.0_h0.4,dense_1_far_03,6.65,0.0,0.4,False,False,False,0.0026830000017241673,0.0001619999991930854,50.694569999990335,0.07069741499999126,0
dense_1_far_03_v0.0_h0.6,dense_1_far_03,6.65,0.0,0.6,False,False,False,0.001837000002780087,0.00011799999910522274,50.694569999990335,0.07069652499999222,0
dense_1_far_03_v0.5_h0.2,dense_1_far_03,6.65,0.5,0.2,False,False,False,0.002201000000923159,0.0001089999983605594,50.694569999990335,0.07069687999998962,0
dense_1_far_03_v0.5_h0.4,dense_1_far_03,6.65,0.5,0.4,False,False,False,0.0017779999978984051,9.600000083764826e-05,50.694569999990335,0.07069644399998908,0
dense_1_far_03_v0.5_h0.6,dense_1_far_03,6.65,0.5,0.6,False,False,False,0.0017340000013632562,8.600000001024455e-05,50.694569999990335,0.07069638999999171,0
dense_1_far_03_v1.0_h0.2,dense_1_far_03,6.65,1.0,0.2,False,False,False,0.0020790000014869747,0.00010999999844329977,50.694569999990335,0.07069675899999027,0
dense_1_far_03_v1.0_h0.4,dense_1_far_03,6.65,1.0,0.4,False,False,False,0.0018139999973243448,7.900000298377563e-05,50.694569999990335,0.07069646299999065,0
dense_1_far_03_v1.0_h0.6,dense_1_far_03,6.65,1.0,0.6,False,False,False,0.0018229999980690081,8.299999976202344e-05,50.694569999990335,0.07069647599998817,0
dense_1_far_04_v0.0_h0.2,dense_1_far_04,6.7,0.0,0.2,False,False,False,0.008671999999876334,0.00024099999862414734,48.632939000000874,0.06864185199999938,0
dense_1_far_04_v0.0_h0.4,dense_1_far_04,6.7,0.0,0.4,False,False,False,0.002384999998383819,0.00012099999935344385,48.632939000000874,0.06863544499999862,0
dense_1_far_04_v0.0_h0.6,dense_1_far_04,6.7,0.0,0.6,False,False,False,0.002012999999578824,0.00012799999993262645,48.632939000000874,0.06863508000000039,0
dense_1_far_04_v0.5_h0.2,dense_1_far_04,6.7,0.5,0.2,False,False,False,0.0023290000008557854,0.0001540000020838761,48.632939000000874,0.06863542200000382,0
dense_1_far_04_v0.5_h0.4,dense_1_far_04,6.7,0.5,0.4,False,False,False,0.001633000000111906,9.10000004239464e-05,48.632939000000874,0.06863466300000141,0
dense_1_far_04_v0.5_h0.6,dense_1_far_04,6.7,0.5,0.6,False,False,False,0.001782999998312107,9.200000050668677e-05,48.632939000000874,0.0686348139999997,0
dense_1_far_04_v1.0_h0.2,dense_1_far_04,6.7,1.0,0.2,False,False,False,0.0019609999988290383,8.900000025846566e-05,48.632939000000874,0.06863498899999997,0
dense_1_far_04_v1.0_h0.4,dense_1_far_04,6.7,1.0,0.4,False,False,False,0.0017959999993877318,8.900000025846566e-05,48.632939000000874,0.06863482400000052,0
dense_1_far_04_v1.0_h0.6,dense_1_far_04,6.7,1.0,0.6,False,False,False,0.0019949999980894972,8.499999992750418e-05,48.632939000000874,0.0686350189999989,0
dense_1_far_05_v0.0_h0.2,dense_1_far_05,6.75,0.0,0.2,False,False,False,0.008185999998744364,0.0003080000006150385,46.66340600000751,0.06667190000000688,0
dense_1_far_05_v0.0_h0.4,dense_1_far_05,6.75,0.0,0.4,False,False,False,0.0023809999980528573,0.00012799999993262645,46.66340600000751,0.0666659150000055,0
dense_1_far_05_v0.0_h0.6,dense_1_far_05,6.75,0.0,0.6,False,False,False,0.0020300000009854102,0.00012000000282341716,46.66340600000751,0.06666555600001133,0
dense_1_far_05_v0.5_h0.2,dense_1_far_05,6.75,0.5,0.2,False,False,False,0.0022649999991131153,0.00015599999869664316,46.66340600000751,0.06666582700000533,0
dense_1_far_05_v0.5_h0.4,dense_1_far_05,6.75,0.5,0.4,False,False,False,0.001720000000204891,9.8000001003129e-05,46.66340600000751,0.06666522400000872,0
dense_1_far_05_v0.5_h0.6,dense_1_far_05,6.75,0.5,0.6,False,False,False,0.0017610000000445325,8.300000331473711e-05,46.66340600000751,0.06666525000001088,0
dense_1_far_05_v1.0_h0.2,dense_1_far_05,6.75,1.0,0.2,False,False,False,0.0020670000004940903,0.00013500000051180905,46.66340600000751,0.06666560800000852,0
dense_1_far_05_v1.0_h0.4,dense_1_far_05,6.75,1.0,0.4,False,False,False,0.0017529999993826095,0.00011099999852604014,46.66340600000751,0.06666527000000542,0
dense_1_far_05_v1.0_h0.6,dense_1_far_05,6.75,1.0,0.6,False,False,False,0.0016979999983846028,9.500000075490789e-05,46.66340600000751,0.06666519900000666,0
dense_1_far_06_v0.0_h0.2,dense_1_far_06,6.800000000000001,0.0,0.2,False,False,False,0.0067729999990717715,0.00022900000118397656,42.657482999999274,0.06266448499999953,0
dense_1_far_06_v0.0_h0.4,dense_1_far_06,6.800000000000001,0.0,0.4,False,False,False,0.002294000001512586,0.00011199999860878052,42.657482999999274,0.0626598889999994,0
dense_1_far_06_v0.0_h0.6,dense_1_far_06,6.800000000000001,0.0,0.6,False,False,False,0.00189200000022538,9.900000108586937e-05,42.657482999999274,0.06265947400000059,0
dense_1_far_06_v0.5_h0.2,dense_1_far_06,6.800000000000001,0.5,0.2,False,False,False,0.0020710000008250518,0.00011900000274067679,42.657482999999274,0.06265967300000284,0
dense_1_far_06_v0.5_h0.4,dense_1_far_06,6.800000000000001,0.5,0.4,False,False,False,0.0016689999995378457,8.199999967928306e-05,42.657482999999274,0.0626592339999985,0
dense_1_far_06_v0.5_h0.6,dense_1_far_06,6.800000000000001,0.5,0.6,False,False,False,0.0017999999997186933,8.799999662301161e-05,42.657482999999274,0.06265937099999562,0
dense_1_far_06_v1.0_h0.2,dense_1_far_06,6.800000000000001,1.0,0.2,False,False,False,0.0030030000033320903,0.00018799999779162135,42.657482999999274,0.0626606740000004,0
dense_1_far_06_v1.0_h0.4,dense_1_far_06,6.800000000000001,1.0,0.4,False,False,False,0.0020069999990823817,0.00011299999869152089,42.657482999999274,0.06265960299999705,0
dense_1_far_06_v1.0_h0.6,dense_1_far_06,6.800000000000001,1.0,0.6,False,False,False,0.0016530000017667135,9.10000004239464e-05,42.657482999999274,0.06265922700000147,0
dense_1_far_07_v0.0_h0.2,dense_1_far_07,6.8500000000000005,0.0,0.2,False,False,False,0.00801800000260755,0.0002499999993688107,44.06379399999594,0.06407206199999792,0
dense_1_far_07_v0.0_h0.4,dense_1_far_07,6.8500000000000005,0.0,0.4,False,False,False,0.002446999999961008,0.00020899999952916914,44.06379399999594,0.06406644999999543,0
dense_1_far_07_v0.0_h0.6,dense_1_far_07,6.8500000000000005,0.0,0.6,False,False,False,0.001976000000070144,9.000000034120603e-05,44.06379399999594,0.06406585999999635,0
dense_1_far_07_v0.5_h0.2,dense_1_far_07,6.8500000000000005,0.5,0.2,False,False,False,0.0023579999997025425,0.00010599999811233829,44.06379399999594,0.06406625799999376,0
dense_1_far_07_v0.5_h0.4,dense_1_far_07,6.8500000000000005,0.5,0.4,False,False,False,0.0017930000026922244,0.000115999998939742,44.06379399999594,0.06406570299999757,0
dense_1_far_07_v0.5_h0.6,dense_1_far_07,6.8500000000000005,0.5,0.6,False,False,False,0.0018369999992273733,8.499999992750418e-05,44.06379399999594,0.0640657159999951,0
dense_1_far_07_v1.0_h0.2,dense_1_far_07,6.8500000000000005,1.0,0.2,False,False,False,0.001821000001456241,0.00010400000149957123,44.06379399999594,0.0640657189999989,0
dense_1_far_07_v1.0_h0.4,dense_1_far_07,6.8500000000000005,1.0,0.4,False,False,False,0.001801999999884174,8.09999995965427e-05,44.06379399999594,0.06406567699999542,0
dense_1_far_07_v1.0_h0.6,dense_1_far_07,6.8500000000000005,1.0,0.6,False,False,False,0.001943999997422452,8.700000009298492e-05,44.06379399999594,0.06406582499999346,0
dense_1_far_08_v0.0_h0.2,dense_1_far_08,6.9,0.0,0.2,False,False,False,0.00704400000017813,0.00023600000176315916,63.67235999999821,0.08367964000000015,0
dense_1_far_08_v0.0_h0.4,dense_1_far_08,6.9,0.0,0.4,False,False,False,0.0024720000020295174,0.00013499999695909537,63.67235999999821,0.0836749669999972,0
dense_1_far_08_v0.0_h0.6,dense_1_far_08,6.9,0.0,0.6,False,False,False,0.0019020000010527838,8.600000001024455e-05,63.67235999999821,0.08367434799999927,0
dense_1_far_08_v0.5_h0.2,dense_1_far_08,6.9,0.5,0.2,False,False,False,0.001897000000639082,0.00012699999984988608,63.67235999999821,0.0836743839999987,0
dense_1_far_08_v0.5_h0.4,dense_1_far_08,6.9,0.5,0.4,False,False,False,0.0018190000012907603,9.000000034120603e-05,63.67235999999821,0.08367426899999984,0
dense_1_far_08_v0.5_h0.6,dense_1_far_08,6.9,0.5,0.6,False,False,False,0.004412999999203748,0.00021199999977739026,63.67235999999821,0.08367698499999719,0
dense_1_far_08_v1.0_h0.2,dense_1_far_08,6.9,1.0,0.2,False,False,False,0.002888000000922375,0.0001649999994413065,63.67235999999821,0.08367541299999857,0
dense_1_far_08_v1.0_h0.4,dense_1_far_08,6.9,1.0,0.4,False,False,False,0.0021839999995165726,9.400000067216752e-05,63.67235999999821,0.0836746379999984,0
dense_1_far_08_v1.0_h0.6,dense_1_far_08,6.9,1.0,0.6,False,False,False,0.0019959999981722376,9.700000092038863e-05,63.67235999999821,0.0836744529999973,0
dense_1_far_09_v0.0_h0.2,dense_1_far_09,6.95,0.0,0.2,False,False,False,0.008643000001029577,0.0002800000018510218,58.326203000007126,0.07833512600001001,0
dense_1_far_09_v0.0_h0.4,dense_1_far_09,6.95,0.0,0.4,False,False,False,0.0024419999995473063,0.00013500000051180905,58.326203000007126,0.07832878000000719,0
dense_1_far_09_v0.0_h0.6,dense_1_far_09,6.95,0.0,0.6,False,False,False,0.001966000002795454,0.00012699999984988608,58.326203000007126,0.07832829600000978,0
dense_1_far_09_v0.5_h0.2,dense_1_far_09,6.95,0.5,0.2,False,False,False,0.0022739999998577787,0.00013299999679361463,58.326203000007126,0.07832861000000378,0
dense_1_far_09_v0.5_h0.4,dense_1_far_09,6.95,0.5,0.4,False,False,False,0.0018600000011304019,0.000115999998939742,58.326203000007126,0.0783281790000072,0
dense_1_far_09_v0.5_h0.6,dense_1_far_09,6.95,0.5,0.6,False,False,False,0.0017979999995532125,9.19999969539731e-05,58.326203000007126,0.07832809300000364,0
dense_1_far_09_v1.0_h0.2,dense_1_far_09,6.95,1.0,0.2,False,False,False,0.0019699999995737016,0.00012400000315437865,58.326203000007126,0.07832829700000986,0
dense_1_far_09_v1.0_h0.4,dense_1_far_09,6.95,1.0,0.4,False,False,False,0.001950000001471608,9.300000058942715e-05,58.326203000007126,0.07832824600000919,0
dense_1_far_09_v1.0_h0.6,dense_1_far_09,6.95,1.0,0.6,False,False,False,0.0017630000002100132,9.999999761589606e-05,58.326203000007126,0.07832806600000496,0
dense_1_free_01_v0.0_h0.2,dense_1_free_01,7.050000000000001,0.0,0.2,False,False,False,0.008186000002297078,0.00026100000027895476,48.07130399999693,0.06807975099999951,0
dense_1_free_01_v0.0_h0.4,dense_1_free_01,7.050000000000001,0.0,0.4,False,False,False,0.002651999999159216,0.00012900000001536682,48.07130399999693,0.0680740849999961,0
dense_1_free_01_v0.0_h0.6,dense_1_free_01,7.050000000000001,0.0,0.6,False,False,False,0.0018990000008045627,0.00010400000149957123,48.07130399999693,0.06807330699999924,0
dense_1_free_01_v0.5_h0.2,dense_1_free_01,7.050000000000001,0.5,0.2,False,False,False,0.0022199999989425123,0.0001300000000981072,48.07130399999693,0.06807365399999597,0
dense_1_free_01_v0.5_h0.4,dense_1_free_01,7.050000000000001,0.5,0.4,False,False,False,0.0018320000023663852,8.39999998447638e-05,48.07130399999693,0.06807321999999914,0
dense_1_free_01_v0.5_h0.6,dense_1_free_01,7.050000000000001,0.5,0.6,False,False,False,0.0017329999977278021,9.799999745041532e-05,48.07130399999693,0.06807313499999211,0
dense_1_free_01_v1.0_h0.2,dense_1_free_01,7.050000000000001,1.0,0.2,False,False,False,0.002197999997122224,0.00014100000100825127,48.07130399999693,0.06807364299999506,0
dense_1_free_01_v1.0_h0.4,dense_1_free_01,7.050000000000001,1.0,0.4,False,False,False,0.0017429999985552058,8.199999967928306e-05,48.07130399999693,0.06807312899999517,0
dense_1_free_01_v1.0_h0.6,dense_1_free_01,7.050000000000001,1.0,0.6,False,False,False,0.0017190000001221506,8.09999995965427e-05,48.07130399999693,0.06807310399999665,0
dense_1_free_02_v0.0_h0.2,dense_1_free_02,7.1000000000000005,0.0,0.2,False,False,False,0.007550000002964907,0.00026100000027895476,63.022291999999425,0.08303010300000267,0
dense_1_free_02_v0.0_h0.4,dense_1_free_02,7.1000000000000005,0.0,0.4,False,False,False,0.002216999998694291,0.00014299999762101834,63.022291999999425,0.08302465199999574,0
dense_1_free_02_v0.0_h0.6,dense_1_free_02,7.1000000000000005,0.0,0.6,False,False,False,0.0019780000002356246,0.00010400000149957123,63.022291999999425,0.08302437400000116,0
dense_1_free_02_v0.5_h0.2,dense_1_free_02,7.1000000000000005,0.5,0.2,False,False,False,0.0021630000013317385,9.500000075490789e-05,63.022291999999425,0.08302455000000152,0
dense_1_free_02_v0.5_h0.4,dense_1_free_02,7.1000000000000005,0.5,0.4,False,False,False,0.0018150000009597989,8.600000001024455e-05,63.022291999999425,0.0830241930000004,0
dense_1_free_02_v0.5_h0.6,dense_1_free_02,7.1000000000000005,0.5,0.6,False,False,False,0.00178100000169934,9.399999711945384e-05,63.022291999999425,0.08302416699999825,0
dense_1_free_02_v1.0_h0.2,dense_1_free_02,7.1000000000000005,1.0,0.2,False,False,False,0.0019200000025421105,9.000000034120603e-05,63.022291999999425,0.08302430200000231,0
dense_1_free_02_v1.0_h0.4,dense_1_free_02,7.1000000000000005,1.0,0.4,False,False,False,0.0017559999996308306,9.200000050668677e-05,63.022291999999425,0.08302413999999957,0
dense_1_free_02_v1.0_h0.6,dense_1_free_02,7.1000000000000005,1.0,0.6,False,False,False,0.001871000002040546,0.00010000000116860974,63.022291999999425,0.08302426300000264,0
dense_1_free_03_v0.0_h0.2,dense_1_free_03,7.15,0.0,0.2,False,False,False,0.008538999999530006,0.00028199999846378887,50.73404699999884,0.07074286799999684,0
dense_1_free_03_v0.0_h0.4,dense_1_free_03,7.15,0.0,0.4,False,False,False,0.0024540000005401907,0.00014800000158743387,50.73404699999884,0.07073664900000097,0
dense_1_free_03_v0.0_h0.6,dense_1_free_03,7.15,0.0,0.6,False,False,False,0.001869999998405092,8.900000025846566e-05,50.73404699999884,0.0707360059999975,0
dense_1_free_03_v0.5_h0.2,dense_1_free_03,7.15,0.5,0.2,False,False,False,0.002216999998694291,0.00010700000174779234,50.73404699999884,0.07073637099999928,0
dense_1_free_03_v0.5_h0.4,dense_1_free_03,7.15,0.5,0.4,False,False,False,0.0017959999993877318,8.100000314925637e-05,50.73404699999884,0.07073592400000138,0
dense_1_free_03_v0.5_h0.6,dense_1_free_03,7.15,0.5,0.6,False,False,False,0.0016840000007789513,7.999999951380232e-05,50.73404699999884,0.07073581099999914,0
dense_1_free_03_v1.0_h0.2,dense_1_free_03,7.15,1.0,0.2,False,False,False,0.002015999999827045,9.599999728493458e-05,50.73404699999884,0.07073615899999595,0
dense_1_free_03_v1.0_h0.4,dense_1_free_03,7.15,1.0,0.4,False,False,False,0.0018299999986481907,7.999999951380232e-05,50.73404699999884,0.070735956999997,0
dense_1_free_03_v1.0_h0.6,dense_1_free_03,7.15,1.0,0.6,False,False,False,0.0017579999997963114,7.999999951380232e-05,50.73404699999884,0.07073588499999815,0
dense_1_free_04_v0.0_h0.2,dense_1_free_04,7.2,0.0,0.2,False,False,False,0.00683200000040074,0.000267000000775397,53.305349999995144,0.07331244899999632,0
dense_1_free_04_v0.0_h0.4,dense_1_free_04,7.2,0.0,0.4,False,False,False,0.0026009999984921706,0.00010200000133409048,53.305349999995144,0.07330805299999497,0
dense_1_free_04_v0.0_h0.6,dense_1_free_04,7.2,0.0,0.6,False,False,False,0.0017610000000445325,0.00011499999885700163,53.305349999995144,0.07330722599999405,0
dense_1_free_04_v0.5_h0.2,dense_1_free_04,7.2,0.5,0.2,False,False,False,0.0028560000018273968,0.00018700000126159466,53.305349999995144,0.07330839299999824,0
dense_1_free_04_v0.5_h0.4,dense_1_free_04,7.2,0.5,0.4,False,False,False,0.002476000002360479,0.0001439999977037587,53.305349999995144,0.07330796999999521,0
dense_1_free_04_v0.5_h0.6,dense_1_free_04,7.2,0.5,0.6,False,False,False,0.0017359999979760232,0.00011799999910522274,53.305349999995144,0.07330720399999223,0
dense_1_free_04_v1.0_h0.2,dense_1_free_04,7.2,1.0,0.2,False,False,False,0.0030270000017651455,0.00015599999869664316,53.305349999995144,0.07330853299999561,0
dense_1_free_04_v1.0_h0.4,dense_1_free_04,7.2,1.0,0.4,False,False,False,0.00245200000037471,0.00011699999902248237,53.305349999995144,0.07330791899999455,0
dense_1_free_04_v1.0_h0.6,dense_1_free_04,7.2,1.0,0.6,False,False,False,0.0027710000018998926,0.0001750000002687102,53.305349999995144,0.07330829599999732,0
dense_1_free_05_v0.0_h0.2,dense_1_free_05,7.25,0.0,0.2,False,False,False,0.0088359999992349,0.00026800000085813735,73.45538299999532,0.09346448699999542,0
dense_1_free_05_v0.0_h0.4,dense_1_free_05,7.25,0.0,0.4,False,False,False,0.002783000002892777,0.0001440000012564724,73.45538299999532,0.09345830999999948,0
dense_1_free_05_v0.0_h0.6,dense_1_free_05,7.25,0.0,0.6,False,False,False,0.0017949999993049914,0.0001259999997671457,73.45538299999532,0.0934573039999944,0
dense_1_free_05_v0.5_h0.2,dense_1_free_05,7.25,0.5,0.2,False,False,False,0.002260000002252127,0.0001330000003463283,73.45538299999532,0.09345777599999792,0
dense_1_free_05_v0.5_h0.4,dense_1_free_05,7.25,0.5,0.4,False,False,False,0.001768000000623715,0.00010600000166505197,73.45538299999532,0.09345725699999761,0
dense_1_free_05_v0.5_h0.6,dense_1_free_05,7.25,0.5,0.6,False,False,False,0.0018090000004633566,8.900000025846566e-05,73.45538299999532,0.09345728099999605,0
dense_1_free_05_v1.0_h0.2,dense_1_free_05,7.25,1.0,0.2,False,False,False,0.0020340000013163717,0.00015800000241483758,73.45538299999532,0.09345757499999906,0
dense_1_free_05_v1.0_h0.4,dense_1_free_05,7.25,1.0,0.4,False,False,False,0.0020620000000803884,9.700000092038863e-05,73.45538299999532,0.09345754199999633,0
dense_1_free_05_v1.0_h0.6,dense_1_free_05,7.25,1.0,0.6,False,False,False,0.0015890000000240434,7.899999943106195e-05,73.45538299999532,0.09345705099999478,0
dense_1_free_06_v0.0_h0.2,dense_1_free_06,7.300000000000001,0.0,0.2,False,False,False,0.008236000002881383,0.00027900000176828144,49.695388000003504,0.06970390300000816,0
dense_1_free_06_v0.0_h0.4,dense_1_free_06,7.300000000000001,0.0,0.4,False,False,False,0.0022790000002714805,0.0001259999997671457,49.695388000003504,0.06969779300000355,0
dense_1_free_06_v0.0_h0.6,dense_1_free_06,7.300000000000001,0.0,0.6,False,False,False,0.0018580000009649211,9.200000050668677e-05,49.695388000003504,0.06969733800000498,0
dense_1_free_06_v0.5_h0.2,dense_1_free_06,7.300000000000001,0.5,0.2,False,False,False,0.0022119999982805894,0.00011600000249245568,49.695388000003504,0.06969771600000428,0
dense_1_free_06_v0.5_h0.4,dense_1_free_06,7.300000000000001,0.5,0.4,False,False,False,0.0019100000017147067,0.00011799999910522274,49.695388000003504,0.06969741600000433,0
dense_1_free_06_v0.5_h0.6,dense_1_free_06,7.300000000000001,0.5,0.6,False,False,False,0.0018429999997238156,8.299999976202344e-05,49.695388000003504,0.069697314000003,0
dense_1_free_06_v1.0_h0.2,dense_1_free_06,7.300000000000001,1.0,0.2,False,False,False,0.0021729999986064286,8.499999992750418e-05,49.695388000003504,0.06969764600000204,0
dense_1_free_06_v1.0_h0.4,dense_1_free_06,7.300000000000001,1.0,0.4,False,False,False,0.0018170000011252796,0.00014500000133921276,49.695388000003504,0.06969735000000597,0
dense_1_free_06_v1.0_h0.6,dense_1_free_06,7.300000000000001,1.0,0.6,False,False,False,0.0017089999992947469,8.09999995965427e-05,49.695388000003504,0.0696971780000024,0
dense_1_free_07_v0.0_h0.2,dense_1_free_07,7.3500000000000005,0.0,0.2,False,False,False,0.006782999999899175,0.00021500000002561137,45.67144500000353,0.06567844300000346,0
dense_1_free_07_v0.0_h0.4,dense_1_free_07,7.3500000000000005,0.0,0.4,False,False,False,0.002144999999842412,0.00010300000141683086,45.67144500000353,0.06567369300000479,0
dense_1_free_07_v0.0_h0.6,dense_1_free_07,7.3500000000000005,0.0,0.6,False,False,False,0.001703999998881045,9.400000067216752e-05,45.67144500000353,0.06567324300000309,0
dense_1_free_07_v0.5_h0.2,dense_1_free_07,7.3500000000000005,0.5,0.2,False,False,False,0.002125999998270345,0.00010800000183053271,45.67144500000353,0.06567367900000363,0
dense_1_free_07_v0.5_h0.4,dense_1_free_07,7.3500000000000005,0.5,0.4,False,False,False,0.0018419999996410752,0.00011999999927070348,45.67144500000353,0.06567340700000245,0
dense_1_free_07_v0.5_h0.6,dense_1_free_07,7.3500000000000005,0.5,0.6,False,False,False,0.0037400000003628975,0.0001899999979571021,45.67144500000353,0.06567537500000185,0
dense_1_free_07_v1.0_h0.2,dense_1_free_07,7.3500000000000005,1.0,0.2,False,False,False,0.002778999999009102,0.00015100000183565498,45.67144500000353,0.06567437500000438,0
dense_1_free_07_v1.0_h0.4,dense_1_free_07,7.3500000000000005,1.0,0.4,False,False,False,0.001835999999144633,0.0001089999983605594,45.67144500000353,0.06567339000000104,0
dense_1_free_07_v1.0_h0.6,dense_1_free_07,7.3500000000000005,1.0,0.6,False,False,False,0.0019199999989893968,7.999999951380232e-05,45.67144500000353,0.06567344500000204,0
dense_1_free_08_v0.0_h0.2,dense_1_free_08,7.4,0.0,0.2,False,False,False,0.007769999999851507,0.0002679999973054237,54.78008199999351,0.07478811999999067,0
dense_1_free_08_v0.0_h0.4,dense_1_free_08,7.4,0.0,0.4,False,False,False,0.002678999997840492,0.0001400000009255109,54.78008199999351,0.07478290099999228,0
dense_1_free_08_v0.0_h0.6,dense_1_free_08,7.4,0.0,0.6,False,False,False,0.0017559999996308306,9.400000067216752e-05,54.78008199999351,0.07478193199999382,0
dense_1_free_08_v0.5_h0.2,dense_1_free_08,7.4,0.5,0.2,False,False,False,0.002283000000602442,0.00010100000125135011,54.78008199999351,0.07478246599999537,0
dense_1_free_08_v0.5_h0.4,dense_1_free_08,7.4,0.5,0.4,False,False,False,0.0018900000000598993,8.199999967928306e-05,54.78008199999351,0.07478205399999326,0
dense_1_free_08_v0.5_h0.6,dense_1_free_08,7.4,0.5,0.6,False,False,False,0.001665000002759598,0.00010299999786411718,54.78008199999351,0.07478184999999414,0
dense_1_free_08_v1.0_h0.2,dense_1_free_08,7.4,1.0,0.2,False,False,False,0.0020829999982652225,0.00010900000191327308,54.78008199999351,0.0747822739999937,0
dense_1_free_08_v1.0_h0.4,dense_1_free_08,7.4,1.0,0.4,False,False,False,0.0015740000023356515,9.10000004239464e-05,54.78008199999351,0.07478174699999628,0
dense_1_free_08_v1.0_h0.6,dense_1_free_08,7.4,1.0,0.6,False,False,False,0.0018400000030283081,8.39999998447638e-05,54.78008199999351,0.07478200599999639,0
dense_1_free_09_v0.0_h0.2,dense_1_free_09,7.45,0.0,0.2,False,False,False,0.006424999998699832,0.0001999999987845058,48.72237400000046,0.06872899899999795,0
dense_1_free_09_v0.0_h0.4,dense_1_free_09,7.45,0.0,0.4,False,False,False,0.0019529999981671153,0.00012000000282341716,48.72237400000046,0.06872444700000145,0
dense_1_free_09_v0.0_h0.6,dense_1_free_09,7.45,0.0,0.6,False,False,False,0.0018289999985654504,9.8000001003129e-05,48.72237400000046,0.06872430100000003,0
dense_1_free_09_v0.5_h0.2,dense_1_free_09,7.45,0.5,0.2,False,False,False,0.0023819999981355977,0.00011400000232697494,48.72237400000046,0.06872487000000092,0
dense_1_free_09_v0.5_h0.4,dense_1_free_09,7.45,0.5,0.4,False,False,False,0.0018960000005563415,0.00011799999910522274,48.72237400000046,0.06872438800000012,0
dense_1_free_09_v0.5_h0.6,dense_1_free_09,7.45,0.5,0.6,False,False,False,0.0017959999993877318,9.200000050668677e-05,48.72237400000046,0.06872426200000036,0
dense_1_free_09_v1.0_h0.2,dense_1_free_09,7.45,1.0,0.2,False,False,False,0.0023350000013522276,0.0001229999995189246,48.72237400000046,0.06872483200000133,0
dense_1_free_09_v1.0_h0.4,dense_1_free_09,7.45,1.0,0.4,False,False,False,0.0017819999982293666,0.0001019999977813768,48.72237400000046,0.06872425799999647,0
dense_1_free_09_v1.0_h0.6,dense_1_free_09,7.45,1.0,0.6,False,False,False,0.0017800000016165995,7.899999943106195e-05,48.72237400000046,0.06872423300000151,0
dense_1_near_00_v0.0_h0.2,dense_1_near_00,7.5,0.0,0.2,False,False,False,0.0073890000003018486,0.0002660000006926566,73.73541000000472,0.09374306500000572,0
dense_1_near_00_v0.0_h0.4,dense_1_near_00,7.5,0.0,0.4,False,False,False,0.0024690000017812963,0.0001470000015046935,73.73541000000472,0.09373802600000801,0
dense_1_near_00_v0.0_h0.6,dense_1_near_00,7.5,0.0,0.6,False,False,False,0.0019280000032040334,8.800000017572529e-05,73.73541000000472,0.0937374260000081,0
dense_1_near_00_v0.5_h0.2,dense_1_near_00,7.5,0.5,0.2,False,False,False,0.002221999999107993,0.00012900000001536682,73.73541000000472,0.09373776100000385,0
dense_1_near_00_v0.5_h0.4,dense_1_near_00,7.5,0.5,0.4,False,False,False,0.001737999998141504,9.600000083764826e-05,73.73541000000472,0.0937372440000037,0
dense_1_near_00_v0.5_h0.6,dense_1_near_00,7.5,0.5,0.6,False,False,False,0.0016960000017718357,8.09999995965427e-05,73.73541000000472,0.09373718700000609,0
dense_1_near_00_v1.0_h0.2,dense_1_near_00,7.5,1.0,0.2,False,False,False,0.001970999999656442,0.00012499999968440534,73.73541000000472,0.09373750600000406,0
dense_1_near_00_v1.0_h0.4,dense_1_near_00,7.5,1.0,0.4,False,False,False,0.0017129999996257084,7.999999951380232e-05,73.73541000000472,0.09373720300000386,0
dense_1_near_00_v1.0_h0.6,dense_1_near_00,7.5,1.0,0.6,False,False,False,0.0018910000001426397,7.899999943106195e-05,73.73541000000472,0.0937373800000043,0
dense_1_near_01_v0.0_h0.2,dense_1_near_01,7.550000000000001,0.0,0.2,False,False,False,0.0066200000006233495,0.00022000000043931323,64.60211999999643,0.0846089599999975,0
dense_1_near_01_v0.0_h0.4,dense_1_near_01,7.550000000000001,0.0,0.4,False,False,False,0.001988999997593055,0.0001439999977037587,64.60211999999643,0.08460425299999173,0
dense_1_near_01_v0.0_h0.6,dense_1_near_01,7.550000000000001,0.0,0.6,False,False,False,0.0018689999983223515,0.00010000000116860974,64.60211999999643,0.08460408899999593,0
dense_1_near_01_v0.5_h0.2,dense_1_near_01,7.550000000000001,0.5,0.2,False,False,False,0.0023210000001938624,0.00014499999778649908,64.60211999999643,0.08460458599999442,0
dense_1_near_01_v0.5_h0.4,dense_1_near_01,7.550000000000001,0.5,0.4,False,False,False,0.0018140000008770585,8.299999976202344e-05,64.60211999999643,0.08460401699999708,0
dense_1_near_01_v0.5_h0.6,dense_1_near_01,7.550000000000001,0.5,0.6,False,False,False,0.001649000001435752,7.700000281829489e-05,64.60211999999643,0.08460384600000069,0
dense_1_near_01_v1.0_h0.2,dense_1_near_01,7.550000000000001,1.0,0.2,False,False,False,0.0020329999976809177,0.00011299999869152089,64.60211999999643,0.08460426599999281,0
dense_1_near_01_v1.0_h0.4,dense_1_near_01,7.550000000000001,1.0,0.4,False,False,False,0.0017220000003703717,8.199999967928306e-05,64.60211999999643,0.08460392399999649,0
dense_1_near_01_v1.0_h0.6,dense_1_near_01,7.550000000000001,1.0,0.6,False,False,False,0.0019090000016319664,0.0001120000021614942,64.60211999999643,0.08460414100000023,0
dense_1_near_02_v0.0_h0.2,dense_1_near_02,7.6000000000000005,0.0,0.2,False,False,False,0.006479999999697839,0.00023699999829318585,57.75668799999778,0.07776340499999577,0
dense_1_near_02_v0.0_h0.4,dense_1_near_02,7.6000000000000005,0.0,0.4,False,False,False,0.002109999996946499,0.00011899999918796311,57.75668799999778,0.07775891699999392,0
dense_1_near_02_v0.0_h0.6,dense_1_near_02,7.6000000000000005,0.0,0.6,False,False,False,0.0019330000000650216,0.00012100000290615753,57.75668799999778,0.07775874200000076,0
dense_1_near_02_v0.5_h0.2,dense_1_near_02,7.6000000000000005,0.5,0.2,False,False,False,0.0021359999990977485,8.199999967928306e-05,57.75668799999778,0.07775890599999656,0
dense_1_near_02_v0.5_h0.4,dense_1_near_02,7.6000000000000005,0.5,0.4,False,False,False,0.0018040000000496548,0.0001050000015823116,57.75668799999778,0.07775859699999942,0
dense_1_near_02_v0.5_h0.6,dense_1_near_02,7.6000000000000005,0.5,0.6,False,False,False,0.0019110000017974471,9.19999969539731e-05,57.75668799999778,0.07775869099999654,0
dense_1_near_02_v1.0_h0.2,dense_1_near_02,7.6000000000000005,1.0,0.2,False,False,False,0.002118999997691162,8.700000009298492e-05,57.75668799999778,0.07775889399999557,0
dense_1_near_02_v1.0_h0.4,dense_1_near_02,7.6000000000000005,1.0,0.4,False,False,False,0.0018679999982396112,0.0001019999977813768,57.75668799999778,0.0777586579999938,0
dense_1_near_02_v1.0_h0.6,dense_1_near_02,7.6000000000000005,1.0,0.6,False,False,False,0.0018050000001323951,8.900000025846566e-05,57.75668799999778,0.07775858199999817,0
dense_1_near_03_v0.0_h0.2,dense_1_near_03,7.65,0.0,0.2,False,False,False,0.006689999999309748,0.0002109999996946499,51.488871000003655,0.07149577200000266,0
dense_1_near_03_v0.0_h0.4,dense_1_near_03,7.65,0.0,0.4,False,False,False,0.0023839999983010784,0.0001369999971245761,51.488871000003655,0.07149139199999908,0
dense_1_near_03_v0.0_h0.6,dense_1_near_03,7.65,0.0,0.6,False,False,False,0.001847000000054777,0.00013600000059454942,51.488871000003655,0.07149085400000431,0
dense_1_near_03_v0.5_h0.2,dense_1_near_03,7.65,0.5,0.2,False,False,False,0.0022790000002714805,9.600000083764826e-05,51.488871000003655,0.07149124600000477,0
dense_1_near_03_v0.5_h0.4,dense_1_near_03,7.65,0.5,0.4,False,False,False,0.0018349999990618926,9.200000050668677e-05,51.488871000003655,0.07149079800000323,0
dense_1_near_03_v0.5_h0.6,dense_1_near_03,7.65,0.5,0.6,False,False,False,0.001731000001115035,7.999999951380232e-05,51.488871000003655,0.07149068200000429,0
dense_1_near_03_v1.0_h0.2,dense_1_near_03,7.65,1.0,0.2,False,False,False,0.0022580000020866464,9.700000092038863e-05,51.488871000003655,0.07149122600000667,0
dense_1_near_03_v1.0_h0.4,dense_1_near_03,7.65,1.0,0.4,False,False,False,0.001970999999656442,8.199999967928306e-05,51.488871000003655,0.071490924000003,0
dense_1_near_03_v1.0_h0.6,dense_1_near_03,7.65,1.0,0.6,False,False,False,0.0023279999972203314,0.0001649999994413065,51.488871000003655,0.07149136400000032,0
dense_1_near_04_v0.0_h0.2,dense_1_near_04,7.7,0.0,0.2,False,False,False,0.007433000000389711,0.00026100000027895476,62.54730700000266,0.08255500100000333,0
dense_1_near_04_v0.0_h0.4,dense_1_near_04,7.7,0.0,0.4,False,False,False,0.0026349999977526295,0.00015999999902760464,62.54730700000266,0.08255010199999945,0
dense_1_near_04_v0.0_h0.6,dense_1_near_04,7.7,0.0,0.6,False,False,False,0.0019209999990721371,8.700000009298492e-05,62.54730700000266,0.08254931500000183,0
dense_1_near_04_v0.5_h0.2,dense_1_near_04,7.7,0.5,0.2,False,False,False,0.0023499999990406195,0.0001439999977037587,62.54730700000266,0.08254980099999941,0
dense_1_near_04_v0.5_h0.4,dense_1_near_04,7.7,0.5,0.4,False,False,False,0.001683000000696211,0.0001229999995189246,62.54730700000266,0.08254911300000288,0
dense_1_near_04_v0.5_h0.6,dense_1_near_04,7.7,0.5,0.6,False,False,False,0.0019749999999874035,0.00013500000051180905,62.54730700000266,0.08254941700000316,0
dense_1_near_04_v1.0_h0.2,dense_1_near_04,7.7,1.0,0.2,False,False,False,0.0019269999995685794,0.00012399999960166497,62.54730700000266,0.08254935800000184,0
dense_1_near_04_v1.0_h0.4,dense_1_near_04,7.7,1.0,0.4,False,False,False,0.0017780000014511188,9.399999711945384e-05,62.54730700000266,0.08254917900000124,0
dense_1_near_04_v1.0_h0.6,dense_1_near_04,7.7,1.0,0.6,False,False,False,0.001976000000070144,8.39999998447638e-05,62.54730700000266,0.08254936700000258,0
dense_1_near_05_v0.0_h0.2,dense_1_near_05,7.75,0.0,0.2,False,False,False,0.007740000000922009,0.00024299999878962808,59.670968999995466,0.07967895199999518,0
dense_1_near_05_v0.0_h0.4,dense_1_near_05,7.75,0.0,0.4,False,False,False,0.002339999998213216,0.0001259999997671457,59.670968999995466,0.07967343499999345,0
dense_1_near_05_v0.0_h0.6,dense_1_near_05,7.75,0.0,0.6,False,False,False,0.0019770000001528842,9.19999969539731e-05,59.670968999995466,0.07967303799999258,0
dense_1_near_05_v0.5_h0.2,dense_1_near_05,7.75,0.5,0.2,False,False,False,0.002085000001983417,0.00011499999885700163,59.670968999995466,0.07967316899999631,0
dense_1_near_05_v0.5_h0.4,dense_1_near_05,7.75,0.5,0.4,False,False,False,0.001984000000732067,0.000115999998939742,59.670968999995466,0.07967306899999514,0
dense_1_near_05_v0.5_h0.6,dense_1_near_05,7.75,0.5,0.6,False,False,False,0.0019249999994030986,0.00012199999943618423,59.670968999995466,0.07967301599999431,0
dense_1_near_05_v1.0_h0.2,dense_1_near_05,7.75,1.0,0.2,False,False,False,0.0020390000017300736,0.00014300000117373202,59.670968999995466,0.07967315099999837,0
dense_1_near_05_v1.0_h0.4,dense_1_near_05,7.75,1.0,0.4,False,False,False,0.0019570000020507905,8.499999992750418e-05,59.670968999995466,0.07967301099999745,0
dense_1_near_05_v1.0_h0.6,dense_1_near_05,7.75,1.0,0.6,False,False,False,0.0019070000014664856,0.00011299999869152089,59.670968999995466,0.07967298899999563,0
dense_1_near_06_v0.0_h0.2,dense_1_near_06,7.800000000000001,0.0,0.2,False,False,False,0.006815999999076894,0.0002450000025078225,44.827802999989785,0.06483486399999137,0
dense_1_near_06_v0.0_h0.4,dense_1_near_06,7.800000000000001,0.0,0.4,False,False,False,0.0023300000009385258,0.00010099999769863643,44.827802999989785,0.06483023399998843,0
dense_1_near_06_v0.0_h0.6,dense_1_near_06,7.800000000000001,0.0,0.6,False,False,False,0.0019169999987411757,0.00011400000232697494,44.827802999989785,0.06482983399999086,0
dense_1_near_06_v0.5_h0.2,dense_1_near_06,7.800000000000001,0.5,0.2,False,False,False,0.0023340000012694873,0.00015899999894486427,44.827802999989785,0.06483029599999,0
dense_1_near_06_v0.5_h0.4,dense_1_near_06,7.800000000000001,0.5,0.4,False,False,False,0.0018559999972467267,9.400000067216752e-05,44.827802999989785,0.06482975299998771,0
dense_1_near_06_v0.5_h0.6,dense_1_near_06,7.800000000000001,0.5,0.6,False,False,False,0.0018629999978259093,0.00011800000265793642,44.827802999989785,0.06482978399999027,0
dense_1_near_06_v1.0_h0.2,dense_1_near_06,7.800000000000001,1.0,0.2,False,False,False,0.002368999997059973,0.00011399999877426126,44.827802999989785,0.06483028599998562,0
dense_1_near_06_v1.0_h0.4,dense_1_near_06,7.800000000000001,1.0,0.4,False,False,False,0.001731000001115035,0.000133999996876355,44.827802999989785,0.06482966799998778,0
dense_1_near_06_v1.0_h0.6,dense_1_near_06,7.800000000000001,1.0,0.6,False,False,False,0.0018950000004736012,8.39999998447638e-05,44.827802999989785,0.06482978199999011,0
dense_1_near_07_v0.0_h0.2,dense_1_near_07,7.8500000000000005,0.0,0.2,False,False,False,0.00732000000169819,0.0002310000013494573,60.46323799999698,0.08047078900000003,0
dense_1_near_07_v0.0_h0.4,dense_1_near_07,7.8500000000000005,0.0,0.4,False,False,False,0.002593999997912988,0.00013999999737279722,60.46323799999698,0.08046597199999227,0
dense_1_near_07_v0.0_h0.6,dense_1_near_07,7.8500000000000005,0.0,0.6,False,False,False,0.0018280000020354237,0.00010299999786411718,60.46323799999698,0.08046516899999688,0
dense_1_near_07_v0.5_h0.2,dense_1_near_07,7.8500000000000005,0.5,0.2,False,False,False,0.0022069999978668875,0.00010799999827781903,60.46323799999698,0.08046555299999313,0
dense_1_near_07_v0.5_h0.4,dense_1_near_07,7.8500000000000005,0.5,0.4,False,False,False,0.001861999997743169,0.00011900000274067679,60.46323799999698,0.08046521899999746,0
dense_1_near_07_v0.5_h0.6,dense_1_near_07,7.8500000000000005,0.5,0.6,False,False,False,0.0017610000000445325,9.200000050668677e-05,60.46323799999698,0.08046509099999753,0
dense_1_near_07_v1.0_h0.2,dense_1_near_07,7.8500000000000005,1.0,0.2,False,False,False,0.002035000001399112,0.00014499999778649908,60.46323799999698,0.08046541799999617,0
dense_1_near_07_v1.0_h0.4,dense_1_near_07,7.8500000000000005,1.0,0.4,False,False,False,0.002426000001776174,0.00016299999927582576,60.46323799999698,0.08046582699999803,0
dense_1_near_07_v1.0_h0.6,dense_1_near_07,7.8500000000000005,1.0,0.6,False,False,False,0.002572999999728154,0.00020999999961190952,60.46323799999698,0.08046602099999632,0
dense_1_near_08_v0.0_h0.2,dense_1_near_08,7.9,0.0,0.2,False,False,False,0.006275000000499631,0.00023099999779674363,68.33924900000454,0.08834575500000284,0
dense_1_near_08_v0.0_h0.4,dense_1_near_08,7.9,0.0,0.4,False,False,False,0.0023060000025054705,0.0001260000033198594,68.33924900000454,0.08834168100001037,0
dense_1_near_08_v0.0_h0.6,dense_1_near_08,7.9,0.0,0.6,False,False,False,0.0017849999984775877,0.00010799999827781903,68.33924900000454,0.0883411420000013,0
dense_1_near_08_v0.5_h0.2,dense_1_near_08,7.9,0.5,0.2,False,False,False,0.002271999999692298,0.00012499999968440534,68.33924900000454,0.08834164600000392,0
dense_1_near_08_v0.5_h0.4,dense_1_near_08,7.9,0.5,0.4,False,False,False,0.0018680000017923248,0.00011699999902248237,68.33924900000454,0.08834123400000536,0
dense_1_near_08_v0.5_h0.6,dense_1_near_08,7.9,0.5,0.6,False,False,False,0.001655999998462221,0.00010700000174779234,68.33924900000454,0.08834101200000476,0
dense_1_near_08_v1.0_h0.2,dense_1_near_08,7.9,1.0,0.2,False,False,False,0.003062000001108345,0.00024399999887236845,68.33924900000454,0.08834255500000453,0
dense_1_near_08_v1.0_h0.4,dense_1_near_08,7.9,1.0,0.4,False,False,False,0.0019330000000650216,9.900000108586937e-05,68.33924900000454,0.0883412810000057,0
dense_1_near_08_v1.0_h0.6,dense_1_near_08,7.9,1.0,0.6,False,False,False,0.0019940000015594705,7.899999943106195e-05,68.33924900000454,0.08834132200000554,0
dense_1_near_09_v0.0_h0.2,dense_1_near_09,7.95,0.0,0.2,False,False,False,0.00662100000070609,0.0002109999996946499,38.83432199999959,0.05884115399999999,0
dense_1_near_09_v0.0_h0.4,dense_1_near_09,7.95,0.0,0.4,False,False,False,0.0022360000002663583,0.00011299999869152089,38.83432199999959,0.05883667099999855,0
dense_1_near_09_v0.0_h0.6,dense_1_near_09,7.95,0.0,0.6,False,False,False,0.0020230000004062276,0.00010100000125135011,38.83432199999959,0.05883644600000125,0
dense_1_near_09_v0.5_h0.2,dense_1_near_09,7.95,0.5,0.2,False,False,False,0.002311999999449199,0.0001050000015823116,38.83432199999959,0.058836739000000624,0
dense_1_near_09_v0.5_h0.4,dense_1_near_09,7.95,0.5,0.4,False,False,False,0.001834000002531866,0.00011099999852604014,38.83432199999959,0.05883626700000065,0
dense_1_near_09_v0.5_h0.6,dense_1_near_09,7.95,0.5,0.6,False,False,False,0.0018640000014613634,8.700000009298492e-05,38.83432199999959,0.058836273000001146,0
dense_1_near_09_v1.0_h0.2,dense_1_near_09,7.95,1.0,0.2,False,False,False,0.0030469999998672392,0.00011199999860878052,38.83432199999959,0.05883748099999807,0
dense_1_near_09_v1.0_h0.4,dense_1_near_09,7.95,1.0,0.4,False,False,False,0.002336000001434968,0.00015600000224935684,38.83432199999959,0.058836814000003276,0
dense_1_near_09_v1.0_h0.6,dense_1_near_09,7.95,1.0,0.6,False,False,False,0.0024609999975666597,0.0017480000025216214,38.83432199999959,0.05883853099999968,0
