id,method,input_box_m,scan_period_s,end_phase_rad,model,step_m,total_returns,certain_crossings,usable_witnesses,projected_error_max_m,effective_error_max_m,validity_s,preprocess_ms,certificate_ms
base_0_far_00,simultaneous,0.0,0.0,0.0,small_core,0.1,21564,17386,17386,1.0012292821925317e-09,1.0012292821925317e-09,0.0,9.22809699999938,40.553174000001135
base_0_far_00,simultaneous,0.0,0.0,0.0,small_core,0.05,21564,17386,17386,1.0012292821925317e-09,1.0012292821925317e-09,0.0,9.22809699999938,133.3161149999995
base_0_far_00,simultaneous,0.0,0.0,0.0,vehicle_core,0.1,21564,17386,17386,1.0012292821925317e-09,1.0012292821925317e-09,0.5611699945729393,9.22809699999938,37.00902699999986
base_0_far_00,simultaneous,0.002,0.0,0.0,small_core,0.1,21564,17386,17386,0.01379355202365858,0.01379355202365858,0.0,4.654354000001248,32.63722999999885
base_0_far_00,simultaneous,0.002,0.0,0.0,small_core,0.05,21564,17386,17386,0.01379355202365858,0.01379355202365858,0.0,4.654354000001248,130.28716500000036
base_0_far_00,simultaneous,0.002,0.0,0.0,vehicle_core,0.1,21564,17386,17386,0.01379355202365858,0.01379355202365858,0.5611699945729393,4.654354000001248,38.766344000000785
base_0_far_00,simultaneous,0.01,0.0,0.0,small_core,0.1,21564,17380,15761,0.06896775611389325,0.06896775611389325,0.0,3.432790999999824,39.10731299999881
base_0_far_00,simultaneous,0.01,0.0,0.0,small_core,0.05,21564,17380,15761,0.06896775611389325,0.06896775611389325,0.0,3.432790999999824,145.993335
base_0_far_00,simultaneous,0.01,0.0,0.0,vehicle_core,0.1,21564,17380,15761,0.06896775611389325,0.06896775611389325,0.5611699945729393,3.432790999999824,42.27267599999962
base_0_far_00,simultaneous,0.02,0.0,0.0,small_core,0.1,21564,17375,0,0.13793551122668096,0.13793551122668096,0.0,6.034512999999464,0.1526209999997974
base_0_far_00,simultaneous,0.02,0.0,0.0,small_core,0.05,21564,17375,0,0.13793551122668096,0.13793551122668096,0.0,6.034512999999464,0.514621000000659
base_0_far_00,simultaneous,0.02,0.0,0.0,vehicle_core,0.1,21564,17375,0,0.13793551122668096,0.13793551122668096,0.0,6.034512999999464,0.10695599999976935
base_0_far_00,individual_age,0.002,0.02,0.0,small_core,0.1,21564,17386,7788,0.01379355202365858,0.11326982649879695,0.0,5.71216399999841,36.606115999999744
base_0_far_00,individual_age,0.002,0.02,0.0,small_core,0.05,21564,17386,7788,0.01379355202365858,0.11326982649879695,0.0,5.71216399999841,155.36376099999848
base_0_far_00,individual_age,0.002,0.02,0.0,vehicle_core,0.1,21564,17386,7788,0.01379355202365858,0.11326982649879695,0.18211569643631265,5.71216399999841,39.803410000001094
base_0_far_00,oldest_age,0.002,0.02,0.0,small_core,0.1,21564,17386,0,0.01379355202365858,0.11426434073426706,0.0,4.258130000000193,0.1687179999994015
base_0_far_00,oldest_age,0.002,0.02,0.0,small_core,0.05,21564,17386,0,0.01379355202365858,0.11426434073426706,0.0,4.258130000000193,0.6207850000006232
base_0_far_00,oldest_age,0.002,0.02,0.0,vehicle_core,0.1,21564,17386,0,0.01379355202365858,0.11426434073426706,0.0,4.258130000000193,0.14160400000129414
base_0_far_00,individual_age,0.002,0.02,1.5707963267948966,small_core,0.1,21564,17386,7257,0.01379355202365858,0.11029192219298266,0.0,4.088309000000123,55.75117000000063
base_0_far_00,individual_age,0.002,0.02,1.5707963267948966,small_core,0.05,21564,17386,7257,0.01379355202365858,0.11029192219298266,0.0,4.088309000000123,194.20872299999914
base_0_far_00,individual_age,0.002,0.02,1.5707963267948966,vehicle_core,0.1,21564,17386,7257,0.01379355202365858,0.11029192219298266,0.0,4.088309000000123,51.1047419999997
base_0_far_00,oldest_age,0.002,0.02,1.5707963267948966,small_core,0.1,21564,17386,0,0.01379355202365858,0.1141994468571952,0.0,4.480719000000022,0.19942500000169616
base_0_far_00,oldest_age,0.002,0.02,1.5707963267948966,small_core,0.05,21564,17386,0,0.01379355202365858,0.1141994468571952,0.0,4.480719000000022,0.7160969999997491
base_0_far_00,oldest_age,0.002,0.02,1.5707963267948966,vehicle_core,0.1,21564,17386,0,0.01379355202365858,0.1141994468571952,0.0,4.480719000000022,0.16559100000002047
base_0_far_00,individual_age,0.002,0.02,3.141592653589793,small_core,0.1,21564,17386,6758,0.01379355202365858,0.11316057961709365,0.0,4.1476949999985635,50.233175000000685
base_0_far_00,individual_age,0.002,0.02,3.141592653589793,small_core,0.05,21564,17386,6758,0.01379355202365858,0.11316057961709365,0.0,4.1476949999985635,194.12256300000053
base_0_far_00,individual_age,0.002,0.02,3.141592653589793,vehicle_core,0.1,21564,17386,6758,0.01379355202365858,0.11316057961709365,0.0,4.1476949999985635,46.67738400000054
base_0_far_00,oldest_age,0.002,0.02,3.141592653589793,small_core,0.1,21564,17386,0,0.01379355202365858,0.11413484900072059,0.0,3.288040000001047,0.14102399999949
base_0_far_00,oldest_age,0.002,0.02,3.141592653589793,small_core,0.05,21564,17386,0,0.01379355202365858,0.11413484900072059,0.0,3.288040000001047,0.535472000001036
base_0_far_00,oldest_age,0.002,0.02,3.141592653589793,vehicle_core,0.1,21564,17386,0,0.01379355202365858,0.11413484900072059,0.0,3.288040000001047,0.11324399999956825
base_0_far_00,individual_age,0.002,0.02,4.71238898038469,small_core,0.1,21564,17386,7597,0.01379355202365858,0.11332437634566409,0.0,2.9885509999996174,59.32684699999946
base_0_far_00,individual_age,0.002,0.02,4.71238898038469,small_core,0.05,21564,17386,7597,0.01379355202365858,0.11332437634566409,0.0,2.9885509999996174,201.35020500000067
base_0_far_00,individual_age,0.002,0.02,4.71238898038469,vehicle_core,0.1,21564,17386,7597,0.01379355202365858,0.11332437634566409,0.0,2.9885509999996174,51.17327500000002
base_0_far_00,oldest_age,0.002,0.02,4.71238898038469,small_core,0.1,21564,17386,0,0.01379355202365858,0.11432885954581364,0.0,3.700421999999648,0.14864399999936495
base_0_far_00,oldest_age,0.002,0.02,4.71238898038469,small_core,0.05,21564,17386,0,0.01379355202365858,0.11432885954581364,0.0,3.700421999999648,0.566487000000393
base_0_far_00,oldest_age,0.002,0.02,4.71238898038469,vehicle_core,0.1,21564,17386,0,0.01379355202365858,0.11432885954581364,0.0,3.700421999999648,0.13034100000020032
base_0_far_00,individual_age,0.002,0.05,0.0,small_core,0.1,21564,17386,3058,0.01379355202365858,0.26621995763075923,0.0,3.373288000000585,45.06487399999948
base_0_far_00,individual_age,0.002,0.05,0.0,small_core,0.05,21564,17386,3058,0.01379355202365858,0.26621995763075923,0.0,3.373288000000585,179.6373380000009
base_0_far_00,individual_age,0.002,0.05,0.0,vehicle_core,0.1,21564,17386,3058,0.01379355202365858,0.26621995763075923,0.0,3.373288000000585,52.138597000000786
base_0_far_00,oldest_age,0.002,0.05,0.0,small_core,0.1,21564,17386,0,0.01379355202365858,0.2672147818633957,0.0,3.9431269999994356,0.17455200000071613
base_0_far_00,oldest_age,0.002,0.05,0.0,small_core,0.05,21564,17386,0,0.01379355202365858,0.2672147818633957,0.0,3.9431269999994356,0.6078839999990038
base_0_far_00,oldest_age,0.002,0.05,0.0,vehicle_core,0.1,21564,17386,0,0.01379355202365858,0.2672147818633957,0.0,3.9431269999994356,0.13548699999965663
base_0_far_00,individual_age,0.002,0.05,1.5707963267948966,small_core,0.1,21564,17386,2687,0.01379355202365858,0.2631421382216536,0.0,3.520205000000942,47.60067200000151
base_0_far_00,individual_age,0.002,0.05,1.5707963267948966,small_core,0.05,21564,17386,2687,0.01379355202365858,0.2631421382216536,0.0,3.520205000000942,170.62034499999967
base_0_far_00,individual_age,0.002,0.05,1.5707963267948966,vehicle_core,0.1,21564,17386,2687,0.01379355202365858,0.2631421382216536,0.0,3.520205000000942,46.800206000000344
base_0_far_00,oldest_age,0.002,0.05,1.5707963267948966,small_core,0.1,21564,17386,0,0.01379355202365858,0.2670496661283801,0.0,3.191399999998623,0.15081499999958226
base_0_far_00,oldest_age,0.002,0.05,1.5707963267948966,small_core,0.05,21564,17386,0,0.01379355202365858,0.2670496661283801,0.0,3.191399999998623,0.5356079999998542
base_0_far_00,oldest_age,0.002,0.05,1.5707963267948966,vehicle_core,0.1,21564,17386,0,0.01379355202365858,0.2670496661283801,0.0,3.191399999998623,0.11143899999943585
base_0_far_00,individual_age,0.002,0.05,3.141592653589793,small_core,0.1,21564,17386,2802,0.01379355202365858,0.26591084312735636,0.0,3.3128619999995834,39.18088700000055
base_0_far_00,individual_age,0.002,0.05,3.141592653589793,small_core,0.05,21564,17386,2802,0.01379355202365858,0.26591084312735636,0.0,3.3128619999995834,161.75659099999962
base_0_far_00,individual_age,0.002,0.05,3.141592653589793,vehicle_core,0.1,21564,17386,2802,0.01379355202365858,0.26591084312735636,0.0,3.3128619999995834,42.54731199999995
base_0_far_00,oldest_age,0.002,0.05,3.141592653589793,small_core,0.1,21564,17386,0,0.01379355202365858,0.26688530540311334,0.0,3.40231899999921,0.13404600000122002
base_0_far_00,oldest_age,0.002,0.05,3.141592653589793,small_core,0.05,21564,17386,0,0.01379355202365858,0.26688530540311334,0.0,3.40231899999921,0.49341799999957914
base_0_far_00,oldest_age,0.002,0.05,3.141592653589793,vehicle_core,0.1,21564,17386,0,0.01379355202365858,0.26688530540311334,0.0,3.40231899999921,0.09938900000072692
base_0_far_00,individual_age,0.002,0.05,4.71238898038469,small_core,0.1,21564,17386,3181,0.01379355202365858,0.26637443917957665,0.0,2.80787600000032,45.605434999998806
base_0_far_00,individual_age,0.002,0.05,4.71238898038469,small_core,0.05,21564,17386,3181,0.01379355202365858,0.26637443917957665,0.0,2.80787600000032,145.66505899999882
base_0_far_00,individual_age,0.002,0.05,4.71238898038469,vehicle_core,0.1,21564,17386,3181,0.01379355202365858,0.26637443917957665,0.0,2.80787600000032,35.248046999999616
base_0_far_00,oldest_age,0.002,0.05,4.71238898038469,small_core,0.1,21564,17386,0,0.01379355202365858,0.2673789450958011,0.0,3.180952000001014,0.1350139999996003
base_0_far_00,oldest_age,0.002,0.05,4.71238898038469,small_core,0.05,21564,17386,0,0.01379355202365858,0.2673789450958011,0.0,3.180952000001014,0.5868509999995553
base_0_far_00,oldest_age,0.002,0.05,4.71238898038469,vehicle_core,0.1,21564,17386,0,0.01379355202365858,0.2673789450958011,0.0,3.180952000001014,0.11215099999972722
base_0_free_00,simultaneous,0.0,0.0,0.0,small_core,0.1,21564,17482,17482,1.0012292821925317e-09,1.0012292821925317e-09,0.0,3.1137350000012276,32.51051799999871
base_0_free_00,simultaneous,0.0,0.0,0.0,small_core,0.05,21564,17482,17482,1.0012292821925317e-09,1.0012292821925317e-09,0.0,3.1137350000012276,109.22936399999905
base_0_free_00,simultaneous,0.0,0.0,0.0,vehicle_core,0.1,21564,17482,17482,1.0012292821925317e-09,1.0012292821925317e-09,0.6763383117106667,3.1137350000012276,28.226973000000655
base_0_free_00,simultaneous,0.002,0.0,0.0,small_core,0.1,21564,17482,17482,0.01379355202365858,0.01379355202365858,0.0,3.164522999998809,28.753093000000618
base_0_free_00,simultaneous,0.002,0.0,0.0,small_core,0.05,21564,17482,17482,0.01379355202365858,0.01379355202365858,0.0,3.164522999998809,101.0439759999997
base_0_free_00,simultaneous,0.002,0.0,0.0,vehicle_core,0.1,21564,17482,17482,0.01379355202365858,0.01379355202365858,0.6763383117106667,3.164522999998809,28.353344999999308
base_0_free_00,simultaneous,0.01,0.0,0.0,small_core,0.1,21564,17477,15858,0.06896775611389325,0.06896775611389325,0.0,3.092404000000215,27.779757999999433
base_0_free_00,simultaneous,0.01,0.0,0.0,small_core,0.05,21564,17477,15858,0.06896775611389325,0.06896775611389325,0.0,3.092404000000215,102.42017699999906
base_0_free_00,simultaneous,0.01,0.0,0.0,vehicle_core,0.1,21564,17477,15858,0.06896775611389325,0.06896775611389325,0.6763383117106667,3.092404000000215,27.439661999999032
base_0_free_00,simultaneous,0.02,0.0,0.0,small_core,0.1,21564,17472,0,0.13793551122668096,0.13793551122668096,0.0,3.034727999999376,0.13057800000026987
base_0_free_00,simultaneous,0.02,0.0,0.0,small_core,0.05,21564,17472,0,0.13793551122668096,0.13793551122668096,0.0,3.034727999999376,0.5100060000007289
base_0_free_00,simultaneous,0.02,0.0,0.0,vehicle_core,0.1,21564,17472,0,0.13793551122668096,0.13793551122668096,0.0,3.034727999999376,0.1235120000000478
base_0_free_00,individual_age,0.002,0.02,0.0,small_core,0.1,21564,17482,7884,0.01379355202365858,0.11326982649879695,0.0,3.0558049999989123,31.372022999999416
base_0_free_00,individual_age,0.002,0.02,0.0,small_core,0.05,21564,17482,7884,0.01379355202365858,0.11326982649879695,0.0,3.0558049999989123,116.29870199999992
base_0_free_00,individual_age,0.002,0.02,0.0,vehicle_core,0.1,21564,17482,7884,0.01379355202365858,0.11326982649879695,0.18211569643631265,3.0558049999989123,30.738695999998455
base_0_free_00,oldest_age,0.002,0.02,0.0,small_core,0.1,21564,17482,0,0.01379355202365858,0.11426434073426706,0.0,3.0007459999996655,0.14181299999904695
base_0_free_00,oldest_age,0.002,0.02,0.0,small_core,0.05,21564,17482,0,0.01379355202365858,0.11426434073426706,0.0,3.0007459999996655,0.5059549999995028
base_0_free_00,oldest_age,0.002,0.02,0.0,vehicle_core,0.1,21564,17482,0,0.01379355202365858,0.11426434073426706,0.0,3.0007459999996655,0.15411500000084288
base_0_free_00,individual_age,0.002,0.02,1.5707963267948966,small_core,0.1,21564,17482,7353,0.01379355202365858,0.11029192219298266,0.0,2.925567000000129,39.626857000000015
base_0_free_00,individual_age,0.002,0.02,1.5707963267948966,small_core,0.05,21564,17482,7353,0.01379355202365858,0.11029192219298266,0.0,2.925567000000129,149.6172780000009
base_0_free_00,individual_age,0.002,0.02,1.5707963267948966,vehicle_core,0.1,21564,17482,7353,0.01379355202365858,0.11029192219298266,0.0,2.925567000000129,41.728842000001265
base_0_free_00,oldest_age,0.002,0.02,1.5707963267948966,small_core,0.1,21564,17482,0,0.01379355202365858,0.1141994468571952,0.0,3.0038119999993285,0.12361200000299277
base_0_free_00,oldest_age,0.002,0.02,1.5707963267948966,small_core,0.05,21564,17482,0,0.01379355202365858,0.1141994468571952,0.0,3.0038119999993285,0.5318000000009704
base_0_free_00,oldest_age,0.002,0.02,1.5707963267948966,vehicle_core,0.1,21564,17482,0,0.01379355202365858,0.1141994468571952,0.0,3.0038119999993285,0.10689899999860586
base_0_free_00,individual_age,0.002,0.02,3.141592653589793,small_core,0.1,21564,17482,6758,0.01379355202365858,0.11316057961709365,0.0,3.0432250000025363,36.797887000002305
base_0_free_00,individual_age,0.002,0.02,3.141592653589793,small_core,0.05,21564,17482,6758,0.01379355202365858,0.11316057961709365,0.0,3.0432250000025363,144.91558699999985
base_0_free_00,individual_age,0.002,0.02,3.141592653589793,vehicle_core,0.1,21564,17482,6758,0.01379355202365858,0.11316057961709365,0.0,3.0432250000025363,36.281801999997754
base_0_free_00,oldest_age,0.002,0.02,3.141592653589793,small_core,0.1,21564,17482,0,0.01379355202365858,0.11413484900072059,0.0,3.0307010000001355,0.12854799999928446
base_0_free_00,oldest_age,0.002,0.02,3.141592653589793,small_core,0.05,21564,17482,0,0.01379355202365858,0.11413484900072059,0.0,3.0307010000001355,0.568131000001415
base_0_free_00,oldest_age,0.002,0.02,3.141592653589793,vehicle_core,0.1,21564,17482,0,0.01379355202365858,0.11413484900072059,0.0,3.0307010000001355,0.10221900000217943
base_0_free_00,individual_age,0.002,0.02,4.71238898038469,small_core,0.1,21564,17482,7597,0.01379355202365858,0.11332437634566409,0.0,2.9460820000011267,38.0565009999998
base_0_free_00,individual_age,0.002,0.02,4.71238898038469,small_core,0.05,21564,17482,7597,0.01379355202365858,0.11332437634566409,0.0,2.9460820000011267,141.99312099999872
base_0_free_00,individual_age,0.002,0.02,4.71238898038469,vehicle_core,0.1,21564,17482,7597,0.01379355202365858,0.11332437634566409,0.0,2.9460820000011267,38.217945000003084
base_0_free_00,oldest_age,0.002,0.02,4.71238898038469,small_core,0.1,21564,17482,0,0.01379355202365858,0.11432885954581364,0.0,3.1089810000004547,0.1463729999997554
base_0_free_00,oldest_age,0.002,0.02,4.71238898038469,small_core,0.05,21564,17482,0,0.01379355202365858,0.11432885954581364,0.0,3.1089810000004547,0.5299480000005019
base_0_free_00,oldest_age,0.002,0.02,4.71238898038469,vehicle_core,0.1,21564,17482,0,0.01379355202365858,0.11432885954581364,0.0,3.1089810000004547,0.12275599999966857
base_0_free_00,individual_age,0.002,0.05,0.0,small_core,0.1,21564,17482,3154,0.01379355202365858,0.26621995763075923,0.0,3.054972000001044,34.27252200000197
base_0_free_00,individual_age,0.002,0.05,0.0,small_core,0.05,21564,17482,3154,0.01379355202365858,0.26621995763075923,0.0,3.054972000001044,135.2348300000017
base_0_free_00,individual_age,0.002,0.05,0.0,vehicle_core,0.1,21564,17482,3154,0.01379355202365858,0.26621995763075923,0.0,3.054972000001044,33.91241199999939
base_0_free_00,oldest_age,0.002,0.05,0.0,small_core,0.1,21564,17482,0,0.01379355202365858,0.2672147818633957,0.0,3.0390979999985746,0.13989099999989207
base_0_free_00,oldest_age,0.002,0.05,0.0,small_core,0.05,21564,17482,0,0.01379355202365858,0.2672147818633957,0.0,3.0390979999985746,0.6211470000003771
base_0_free_00,oldest_age,0.002,0.05,0.0,vehicle_core,0.1,21564,17482,0,0.01379355202365858,0.2672147818633957,0.0,3.0390979999985746,0.1394549999993444
base_0_free_00,individual_age,0.002,0.05,1.5707963267948966,small_core,0.1,21564,17482,2687,0.01379355202365858,0.2631421382216536,0.0,3.0073860000001673,34.37278999999904
base_0_free_00,individual_age,0.002,0.05,1.5707963267948966,small_core,0.05,21564,17482,2687,0.01379355202365858,0.2631421382216536,0.0,3.0073860000001673,129.64124999999882
base_0_free_00,individual_age,0.002,0.05,1.5707963267948966,vehicle_core,0.1,21564,17482,2687,0.01379355202365858,0.2631421382216536,0.0,3.0073860000001673,32.61507499999894
base_0_free_00,oldest_age,0.002,0.05,1.5707963267948966,small_core,0.1,21564,17482,0,0.01379355202365858,0.2670496661283801,0.0,3.065723999998937,0.14018400000281872
base_0_free_00,oldest_age,0.002,0.05,1.5707963267948966,small_core,0.05,21564,17482,0,0.01379355202365858,0.2670496661283801,0.0,3.065723999998937,0.531647999999052
base_0_free_00,oldest_age,0.002,0.05,1.5707963267948966,vehicle_core,0.1,21564,17482,0,0.01379355202365858,0.2670496661283801,0.0,3.065723999998937,0.11364699999916184
base_0_free_00,individual_age,0.002,0.05,3.141592653589793,small_core,0.1,21564,17482,2802,0.01379355202365858,0.26591084312735636,0.0,2.9486720000022615,32.596677000000795
base_0_free_00,individual_age,0.002,0.05,3.141592653589793,small_core,0.05,21564,17482,2802,0.01379355202365858,0.26591084312735636,0.0,2.9486720000022615,120.9202189999985
base_0_free_00,individual_age,0.002,0.05,3.141592653589793,vehicle_core,0.1,21564,17482,2802,0.01379355202365858,0.26591084312735636,0.0,2.9486720000022615,31.85482800000017
base_0_free_00,oldest_age,0.002,0.05,3.141592653589793,small_core,0.1,21564,17482,0,0.01379355202365858,0.26688530540311334,0.0,3.0240719999987675,0.13322100000223713
base_0_free_00,oldest_age,0.002,0.05,3.141592653589793,small_core,0.05,21564,17482,0,0.01379355202365858,0.26688530540311334,0.0,3.0240719999987675,0.5495409999980438
base_0_free_00,oldest_age,0.002,0.05,3.141592653589793,vehicle_core,0.1,21564,17482,0,0.01379355202365858,0.26688530540311334,0.0,3.0240719999987675,0.10900799999902233
base_0_free_00,individual_age,0.002,0.05,4.71238898038469,small_core,0.1,21564,17482,3181,0.01379355202365858,0.26637443917957665,0.0,2.920527000000561,30.131512000000527
base_0_free_00,individual_age,0.002,0.05,4.71238898038469,small_core,0.05,21564,17482,3181,0.01379355202365858,0.26637443917957665,0.0,2.920527000000561,115.72633200000126
base_0_free_00,individual_age,0.002,0.05,4.71238898038469,vehicle_core,0.1,21564,17482,3181,0.01379355202365858,0.26637443917957665,0.0,2.920527000000561,30.601996000001463
base_0_free_00,oldest_age,0.002,0.05,4.71238898038469,small_core,0.1,21564,17482,0,0.01379355202365858,0.2673789450958011,0.0,3.019645999998488,0.14620900000039683
base_0_free_00,oldest_age,0.002,0.05,4.71238898038469,small_core,0.05,21564,17482,0,0.01379355202365858,0.2673789450958011,0.0,3.019645999998488,0.5327219999990973
base_0_free_00,oldest_age,0.002,0.05,4.71238898038469,vehicle_core,0.1,21564,17482,0,0.01379355202365858,0.2673789450958011,0.0,3.019645999998488,0.12411800000222684
base_0_near_00,simultaneous,0.0,0.0,0.0,small_core,0.1,21564,17129,17129,1.0012292821925317e-09,1.0012292821925317e-09,0.0,3.263015999998231,27.570524000001484
base_0_near_00,simultaneous,0.0,0.0,0.0,small_core,0.05,21564,17129,17129,1.0012292821925317e-09,1.0012292821925317e-09,0.0,3.263015999998231,97.21315100000183
base_0_near_00,simultaneous,0.0,0.0,0.0,vehicle_core,0.1,21564,17129,17129,1.0012292821925317e-09,1.0012292821925317e-09,0.0,3.263015999998231,27.556466000000057
base_0_near_00,simultaneous,0.002,0.0,0.0,small_core,0.1,21564,17129,17129,0.01379355202365858,0.01379355202365858,0.0,3.0436019999982022,29.277830000001615
base_0_near_00,simultaneous,0.002,0.0,0.0,small_core,0.05,21564,17129,17129,0.01379355202365858,0.01379355202365858,0.0,3.0436019999982022,98.59367500000005
base_0_near_00,simultaneous,0.002,0.0,0.0,vehicle_core,0.1,21564,17129,17129,0.01379355202365858,0.01379355202365858,0.0,3.0436019999982022,28.791893999997598
base_0_near_00,simultaneous,0.01,0.0,0.0,small_core,0.1,21564,17123,15504,0.06896775611389325,0.06896775611389325,0.0,3.014642000000123,26.710411999999906
base_0_near_00,simultaneous,0.01,0.0,0.0,small_core,0.05,21564,17123,15504,0.06896775611389325,0.06896775611389325,0.0,3.014642000000123,98.94535799999815
base_0_near_00,simultaneous,0.01,0.0,0.0,vehicle_core,0.1,21564,17123,15504,0.06896775611389325,0.06896775611389325,0.0,3.014642000000123,26.695854999999824
base_0_near_00,simultaneous,0.02,0.0,0.0,small_core,0.1,21564,17116,0,0.13793551122668096,0.13793551122668096,0.0,2.8734640000003253,0.12645300000002635
base_0_near_00,simultaneous,0.02,0.0,0.0,small_core,0.05,21564,17116,0,0.13793551122668096,0.13793551122668096,0.0,2.8734640000003253,0.5188820000014971
base_0_near_00,simultaneous,0.02,0.0,0.0,vehicle_core,0.1,21564,17116,0,0.13793551122668096,0.13793551122668096,0.0,2.8734640000003253,0.1220750000001658
base_0_near_00,individual_age,0.002,0.02,0.0,small_core,0.1,21564,17129,7531,0.01379355202365858,0.11326982649879695,0.0,2.7252739999994446,31.304892999997946
base_0_near_00,individual_age,0.002,0.02,0.0,small_core,0.05,21564,17129,7531,0.01379355202365858,0.11326982649879695,0.0,2.7252739999994446,110.94874899999851
base_0_near_00,individual_age,0.002,0.02,0.0,vehicle_core,0.1,21564,17129,7531,0.01379355202365858,0.11326982649879695,0.0,2.7252739999994446,30.441970999998347
base_0_near_00,oldest_age,0.002,0.02,0.0,small_core,0.1,21564,17129,0,0.01379355202365858,0.11426434073426706,0.0,3.032720000000211,0.1409629999997719
base_0_near_00,oldest_age,0.002,0.02,0.0,small_core,0.05,21564,17129,0,0.01379355202365858,0.11426434073426706,0.0,3.032720000000211,0.5224229999996055
base_0_near_00,oldest_age,0.002,0.02,0.0,vehicle_core,0.1,21564,17129,0,0.01379355202365858,0.11426434073426706,0.0,3.032720000000211,0.12924500000011108
base_0_near_00,individual_age,0.002,0.02,1.5707963267948966,small_core,0.1,21564,17129,7346,0.01379355202365858,0.11029192219298266,0.0,3.1026260000004413,39.56341399999985
base_0_near_00,individual_age,0.002,0.02,1.5707963267948966,small_core,0.05,21564,17129,7346,0.01379355202365858,0.11029192219298266,0.0,3.1026260000004413,151.72967700000228
base_0_near_00,individual_age,0.002,0.02,1.5707963267948966,vehicle_core,0.1,21564,17129,7346,0.01379355202365858,0.11029192219298266,0.0,3.1026260000004413,40.22453700000028
base_0_near_00,oldest_age,0.002,0.02,1.5707963267948966,small_core,0.1,21564,17129,0,0.01379355202365858,0.1141994468571952,0.0,2.8147790000012662,0.1241099999980122
base_0_near_00,oldest_age,0.002,0.02,1.5707963267948966,small_core,0.05,21564,17129,0,0.01379355202365858,0.1141994468571952,0.0,2.8147790000012662,0.4716069999979311
base_0_near_00,oldest_age,0.002,0.02,1.5707963267948966,vehicle_core,0.1,21564,17129,0,0.01379355202365858,0.1141994468571952,0.0,2.8147790000012662,0.09791899999811449
base_0_near_00,individual_age,0.002,0.02,3.141592653589793,small_core,0.1,21564,17129,6758,0.01379355202365858,0.11316057961709365,0.0,3.3709519999973736,37.034977000001135
base_0_near_00,individual_age,0.002,0.02,3.141592653589793,small_core,0.05,21564,17129,6758,0.01379355202365858,0.11316057961709365,0.0,3.3709519999973736,138.73311400000077
base_0_near_00,individual_age,0.002,0.02,3.141592653589793,vehicle_core,0.1,21564,17129,6758,0.01379355202365858,0.11316057961709365,0.0,3.3709519999973736,36.42879300000246
base_0_near_00,oldest_age,0.002,0.02,3.141592653589793,small_core,0.1,21564,17129,0,0.01379355202365858,0.11413484900072059,0.0,2.9303269999978454,0.1315949999991517
base_0_near_00,oldest_age,0.002,0.02,3.141592653589793,small_core,0.05,21564,17129,0,0.01379355202365858,0.11413484900072059,0.0,2.9303269999978454,0.5054580000027897
base_0_near_00,oldest_age,0.002,0.02,3.141592653589793,vehicle_core,0.1,21564,17129,0,0.01379355202365858,0.11413484900072059,0.0,2.9303269999978454,0.10332100000098876
base_0_near_00,individual_age,0.002,0.02,4.71238898038469,small_core,0.1,21564,17129,7419,0.01379355202365858,0.11332437634566409,0.0,2.7549110000002486,36.96960799999971
base_0_near_00,individual_age,0.002,0.02,4.71238898038469,small_core,0.05,21564,17129,7419,0.01379355202365858,0.11332437634566409,0.0,2.7549110000002486,133.2336170000019
base_0_near_00,individual_age,0.002,0.02,4.71238898038469,vehicle_core,0.1,21564,17129,7419,0.01379355202365858,0.11332437634566409,0.0,2.7549110000002486,38.029968000000025
base_0_near_00,oldest_age,0.002,0.02,4.71238898038469,small_core,0.1,21564,17129,0,0.01379355202365858,0.11432885954581364,0.0,2.9283380000002524,0.14527400000119428
base_0_near_00,oldest_age,0.002,0.02,4.71238898038469,small_core,0.05,21564,17129,0,0.01379355202365858,0.11432885954581364,0.0,2.9283380000002524,0.5128290000016023
base_0_near_00,oldest_age,0.002,0.02,4.71238898038469,vehicle_core,0.1,21564,17129,0,0.01379355202365858,0.11432885954581364,0.0,2.9283380000002524,0.10660399999906645
base_0_near_00,individual_age,0.002,0.05,0.0,small_core,0.1,21564,17129,3154,0.01379355202365858,0.26621995763075923,0.0,2.852422000000132,35.78802799999892
base_0_near_00,individual_age,0.002,0.05,0.0,small_core,0.05,21564,17129,3154,0.01379355202365858,0.26621995763075923,0.0,2.852422000000132,137.66230299999904
base_0_near_00,individual_age,0.002,0.05,0.0,vehicle_core,0.1,21564,17129,3154,0.01379355202365858,0.26621995763075923,0.0,2.852422000000132,34.829425999998165
base_0_near_00,oldest_age,0.002,0.05,0.0,small_core,0.1,21564,17129,0,0.01379355202365858,0.2672147818633957,0.0,3.059727000000123,0.14113699999995788
base_0_near_00,oldest_age,0.002,0.05,0.0,small_core,0.05,21564,17129,0,0.01379355202365858,0.2672147818633957,0.0,3.059727000000123,0.5824329999981614
base_0_near_00,oldest_age,0.002,0.05,0.0,vehicle_core,0.1,21564,17129,0,0.01379355202365858,0.2672147818633957,0.0,3.059727000000123,0.1302370000004771
base_0_near_00,individual_age,0.002,0.05,1.5707963267948966,small_core,0.1,21564,17129,2687,0.01379355202365858,0.2631421382216536,0.0,2.7735580000012305,32.42747699999882
base_0_near_00,individual_age,0.002,0.05,1.5707963267948966,small_core,0.05,21564,17129,2687,0.01379355202365858,0.2631421382216536,0.0,2.7735580000012305,125.0668079999997
base_0_near_00,individual_age,0.002,0.05,1.5707963267948966,vehicle_core,0.1,21564,17129,2687,0.01379355202365858,0.2631421382216536,0.0,2.7735580000012305,33.706949999999125
base_0_near_00,oldest_age,0.002,0.05,1.5707963267948966,small_core,0.1,21564,17129,0,0.01379355202365858,0.2670496661283801,0.0,3.0969329999983586,0.13592999999900712
base_0_near_00,oldest_age,0.002,0.05,1.5707963267948966,small_core,0.05,21564,17129,0,0.01379355202365858,0.2670496661283801,0.0,3.0969329999983586,0.5533569999975896
base_0_near_00,oldest_age,0.002,0.05,1.5707963267948966,vehicle_core,0.1,21564,17129,0,0.01379355202365858,0.2670496661283801,0.0,3.0969329999983586,0.12742599999882032
base_0_near_00,individual_age,0.002,0.05,3.141592653589793,small_core,0.1,21564,17129,2802,0.01379355202365858,0.26591084312735636,0.0,3.3242569999991645,31.267785999997244
base_0_near_00,individual_age,0.002,0.05,3.141592653589793,small_core,0.05,21564,17129,2802,0.01379355202365858,0.26591084312735636,0.0,3.3242569999991645,120.19272300000239
base_0_near_00,individual_age,0.002,0.05,3.141592653589793,vehicle_core,0.1,21564,17129,2802,0.01379355202365858,0.26591084312735636,0.0,3.3242569999991645,31.032343999999767
base_0_near_00,oldest_age,0.002,0.05,3.141592653589793,small_core,0.1,21564,17129,0,0.01379355202365858,0.26688530540311334,0.0,2.9448370000011437,0.13012000000145463
base_0_near_00,oldest_age,0.002,0.05,3.141592653589793,small_core,0.05,21564,17129,0,0.01379355202365858,0.26688530540311334,0.0,2.9448370000011437,0.5304029999990689
base_0_near_00,oldest_age,0.002,0.05,3.141592653589793,vehicle_core,0.1,21564,17129,0,0.01379355202365858,0.26688530540311334,0.0,2.9448370000011437,0.10304599999955144
base_0_near_00,individual_age,0.002,0.05,4.71238898038469,small_core,0.1,21564,17129,3003,0.01379355202365858,0.26637443917957665,0.0,3.397814999999582,28.711053999998626
base_0_near_00,individual_age,0.002,0.05,4.71238898038469,small_core,0.05,21564,17129,3003,0.01379355202365858,0.26637443917957665,0.0,3.397814999999582,109.86583400000072
base_0_near_00,individual_age,0.002,0.05,4.71238898038469,vehicle_core,0.1,21564,17129,3003,0.01379355202365858,0.26637443917957665,0.0,3.397814999999582,28.942748999998713
base_0_near_00,oldest_age,0.002,0.05,4.71238898038469,small_core,0.1,21564,17129,0,0.01379355202365858,0.2673789450958011,0.0,2.87795500000243,0.12272700000082182
base_0_near_00,oldest_age,0.002,0.05,4.71238898038469,small_core,0.05,21564,17129,0,0.01379355202365858,0.2673789450958011,0.0,2.87795500000243,0.5130750000006401
base_0_near_00,oldest_age,0.002,0.05,4.71238898038469,vehicle_core,0.1,21564,17129,0,0.01379355202365858,0.2673789450958011,0.0,2.87795500000243,0.1014119999993568
base_1_far_00,simultaneous,0.0,0.0,0.0,small_core,0.1,22478,17497,17497,1.0011822248909e-09,1.0011822248909e-09,0.0,3.0706609999988643,27.978846999999973
base_1_far_00,simultaneous,0.0,0.0,0.0,small_core,0.05,22478,17497,17497,1.0011822248909e-09,1.0011822248909e-09,0.0,3.0706609999988643,97.7884369999984
base_1_far_00,simultaneous,0.0,0.0,0.0,vehicle_core,0.1,22478,17497,17497,1.0011822248909e-09,1.0011822248909e-09,0.16925478761000715,3.0706609999988643,26.894173999998827
base_1_far_00,simultaneous,0.002,0.0,0.0,small_core,0.1,22478,17496,17496,0.018216722824182418,0.018216722824182418,0.0,3.0982299999990914,27.55456500000264
base_1_far_00,simultaneous,0.002,0.0,0.0,small_core,0.05,22478,17496,17496,0.018216722824182418,0.018216722824182418,0.0,3.0982299999990914,98.23222099999995
base_1_far_00,simultaneous,0.002,0.0,0.0,vehicle_core,0.1,22478,17496,17496,0.018216722824182418,0.018216722824182418,0.16925478761000715,3.0982299999990914,27.855518999999163
base_1_far_00,simultaneous,0.01,0.0,0.0,small_core,0.1,22478,17489,15547,0.09108361011675946,0.09108361011675946,0.0,4.03958899999779,30.631882999998084
base_1_far_00,simultaneous,0.01,0.0,0.0,small_core,0.05,22478,17489,15547,0.09108361011675946,0.09108361011675946,0.0,4.03958899999779,109.22696100000095
base_1_far_00,simultaneous,0.01,0.0,0.0,vehicle_core,0.1,22478,17489,15547,0.09108361011675946,0.09108361011675946,0.16925478761000715,4.03958899999779,31.459597999997868
base_1_far_00,simultaneous,0.02,0.0,0.0,small_core,0.1,22478,17477,0,0.18216721923243376,0.18216721923243376,0.0,3.0837899999980323,0.16781900000140126
base_1_far_00,simultaneous,0.02,0.0,0.0,small_core,0.05,22478,17477,0,0.18216721923243376,0.18216721923243376,0.0,3.0837899999980323,0.522246000002724
base_1_far_00,simultaneous,0.02,0.0,0.0,vehicle_core,0.1,22478,17477,0,0.18216721923243376,0.18216721923243376,0.0,3.0837899999980323,0.10386599999989699
base_1_far_00,individual_age,0.002,0.02,0.0,small_core,0.1,22478,17496,8023,0.018216722824182418,0.11568023870652813,0.0,3.0017049999990775,30.230029999998465
base_1_far_00,individual_age,0.002,0.02,0.0,small_core,0.05,22478,17496,8023,0.018216722824182418,0.11568023870652813,0.0,3.0017049999990775,105.81945399999881
base_1_far_00,individual_age,0.002,0.02,0.0,vehicle_core,0.1,22478,17496,8023,0.018216722824182418,0.11568023870652813,0.16925478761000715,3.0017049999990775,28.006114000000082
base_1_far_00,oldest_age,0.002,0.02,0.0,small_core,0.1,22478,17496,0,0.018216722824182418,0.11868739888657501,0.0,2.897611000001632,0.12287699999902202
base_1_far_00,oldest_age,0.002,0.02,0.0,small_core,0.05,22478,17496,0,0.018216722824182418,0.11868739888657501,0.0,2.897611000001632,0.4810339999998803
base_1_far_00,oldest_age,0.002,0.02,0.0,vehicle_core,0.1,22478,17496,0,0.018216722824182418,0.11868739888657501,0.0,2.897611000001632,0.0981489999993812
base_1_far_00,individual_age,0.002,0.02,1.5707963267948966,small_core,0.1,22478,17496,7280,0.018216722824182418,0.11029191955145629,0.0,2.7974720000010223,41.04545999999942
base_1_far_00,individual_age,0.002,0.02,1.5707963267948966,small_core,0.05,22478,17496,7280,0.018216722824182418,0.11029191955145629,0.0,2.7974720000010223,156.68892999999784
base_1_far_00,individual_age,0.002,0.02,1.5707963267948966,vehicle_core,0.1,22478,17496,7280,0.018216722824182418,0.11029191955145629,0.0,2.7974720000010223,40.052677000002035
base_1_far_00,oldest_age,0.002,0.02,1.5707963267948966,small_core,0.1,22478,17496,0,0.018216722824182418,0.1186226223457751,0.0,3.1436070000019356,0.1379569999997443
base_1_far_00,oldest_age,0.002,0.02,1.5707963267948966,small_core,0.05,22478,17496,0,0.018216722824182418,0.1186226223457751,0.0,3.1436070000019356,0.5304930000029628
base_1_far_00,oldest_age,0.002,0.02,1.5707963267948966,vehicle_core,0.1,22478,17496,0,0.018216722824182418,0.1186226223457751,0.0,3.1436070000019356,0.12500700000117604
base_1_far_00,individual_age,0.002,0.02,3.141592653589793,small_core,0.1,22478,17496,6973,0.018216722824182418,0.11578723515425225,0.0,2.937870000000231,40.02750499999763
base_1_far_00,individual_age,0.002,0.02,3.141592653589793,small_core,0.05,22478,17496,6973,0.018216722824182418,0.11578723515425225,0.0,2.937870000000231,154.02811799999938
base_1_far_00,individual_age,0.002,0.02,3.141592653589793,vehicle_core,0.1,22478,17496,6973,0.018216722824182418,0.11578723515425225,0.0,2.937870000000231,39.941799000001055
base_1_far_00,oldest_age,0.002,0.02,3.141592653589793,small_core,0.1,22478,17496,0,0.018216722824182418,0.11881672029877088,0.0,3.060329000000195,0.14266199999823925
base_1_far_00,oldest_age,0.002,0.02,3.141592653589793,small_core,0.05,22478,17496,0,0.018216722824182418,0.11881672029877088,0.0,3.060329000000195,0.5298650000007399
base_1_far_00,oldest_age,0.002,0.02,3.141592653589793,vehicle_core,0.1,22478,17496,0,0.018216722824182418,0.11881672029877088,0.0,3.060329000000195,0.12903000000008547
base_1_far_00,individual_age,0.002,0.02,4.71238898038469,small_core,0.1,22478,17496,7390,0.018216722824182418,0.11573376442412531,0.0,2.9231620000018665,34.4143420000016
base_1_far_00,individual_age,0.002,0.02,4.71238898038469,small_core,0.05,22478,17496,7390,0.018216722824182418,0.11573376442412531,0.0,2.9231620000018665,134.09962700000122
base_1_far_00,individual_age,0.002,0.02,4.71238898038469,vehicle_core,0.1,22478,17496,7390,0.018216722824182418,0.11573376442412531,0.0,2.9231620000018665,34.895648999999196
base_1_far_00,oldest_age,0.002,0.02,4.71238898038469,small_core,0.1,22478,17496,0,0.018216722824182418,0.11875203153706902,0.0,3.0806259999991426,0.13347699999854967
base_1_far_00,oldest_age,0.002,0.02,4.71238898038469,small_core,0.05,22478,17496,0,0.018216722824182418,0.11875203153706902,0.0,3.0806259999991426,0.49344199999978855
base_1_far_00,oldest_age,0.002,0.02,4.71238898038469,vehicle_core,0.1,22478,17496,0,0.018216722824182418,0.11875203153706902,0.0,3.0806259999991426,0.11728800000199158
base_1_far_00,individual_age,0.002,0.05,0.0,small_core,0.1,22478,17496,3192,0.018216722824182418,0.2686303685699048,0.0,2.8578969999983883,37.62664599999965
base_1_far_00,individual_age,0.002,0.05,0.0,small_core,0.05,22478,17496,3192,0.018216722824182418,0.2686303685699048,0.0,2.8578969999983883,147.7848119999976
base_1_far_00,individual_age,0.002,0.05,0.0,vehicle_core,0.1,22478,17496,3192,0.018216722824182418,0.2686303685699048,0.0,2.8578969999983883,39.129446000000456
base_1_far_00,oldest_age,0.002,0.05,0.0,small_core,0.1,22478,17496,0,0.018216722824182418,0.27163766604064143,0.0,3.1135569999989343,0.13309500000247
base_1_far_00,oldest_age,0.002,0.05,0.0,small_core,0.05,22478,17496,0,0.018216722824182418,0.27163766604064143,0.0,3.1135569999989343,0.5151340000004723
base_1_far_00,oldest_age,0.002,0.05,0.0,vehicle_core,0.1,22478,17496,0,0.018216722824182418,0.27163766604064143,0.0,3.1135569999989343,0.10689399999819216
base_1_far_00,individual_age,0.002,0.05,1.5707963267948966,small_core,0.1,22478,17496,2565,0.018216722824182418,0.26314213067149494,0.0,2.924240999998773,36.68017699999737
base_1_far_00,individual_age,0.002,0.05,1.5707963267948966,small_core,0.05,22478,17496,2565,0.018216722824182418,0.26314213067149494,0.0,2.924240999998773,146.6761630000022
base_1_far_00,individual_age,0.002,0.05,1.5707963267948966,vehicle_core,0.1,22478,17496,2565,0.018216722824182418,0.26314213067149494,0.0,2.924240999998773,38.052955999997806
base_1_far_00,oldest_age,0.002,0.05,1.5707963267948966,small_core,0.1,22478,17496,0,0.018216722824182418,0.27147284885711004,0.0,2.931846999999266,0.12310199999987503
base_1_far_00,oldest_age,0.002,0.05,1.5707963267948966,small_core,0.05,22478,17496,0,0.018216722824182418,0.27147284885711004,0.0,2.931846999999266,0.497859000002876
base_1_far_00,oldest_age,0.002,0.05,1.5707963267948966,vehicle_core,0.1,22478,17496,0,0.018216722824182418,0.27147284885711004,0.0,2.931846999999266,0.10066500000149858
base_1_far_00,individual_age,0.002,0.05,3.141592653589793,small_core,0.1,22478,17496,3031,0.018216722824182418,0.26893723125383906,0.0,2.7397700000015845,26.53049199999913
base_1_far_00,individual_age,0.002,0.05,3.141592653589793,small_core,0.05,22478,17496,3031,0.018216722824182418,0.26893723125383906,0.0,2.7397700000015845,103.01383600000236
base_1_far_00,individual_age,0.002,0.05,3.141592653589793,vehicle_core,0.1,22478,17496,3031,0.018216722824182418,0.26893723125383906,0.0,2.7397700000015845,25.47261199999795
base_1_far_00,oldest_age,0.002,0.05,3.141592653589793,small_core,0.1,22478,17496,0,0.018216722824182418,0.2719667163983576,0.0,2.9842959999974994,0.14353399999933458
base_1_far_00,oldest_age,0.002,0.05,3.141592653589793,small_core,0.05,22478,17496,0,0.018216722824182418,0.2719667163983576,0.0,2.9842959999974994,0.5082420000022125
base_1_far_00,oldest_age,0.002,0.05,3.141592653589793,vehicle_core,0.1,22478,17496,0,0.018216722824182418,0.2719667163983576,0.0,2.9842959999974994,0.11739699999679942
base_1_far_00,individual_age,0.002,0.05,4.71238898038469,small_core,0.1,22478,17496,3223,0.018216722824182418,0.26878382711471704,0.0,2.8197580000011158,28.330497999998983
base_1_far_00,individual_age,0.002,0.05,4.71238898038469,small_core,0.05,22478,17496,3223,0.018216722824182418,0.26878382711471704,0.0,2.8197580000011158,115.65791199999964
base_1_far_00,individual_age,0.002,0.05,4.71238898038469,vehicle_core,0.1,22478,17496,3223,0.018216722824182418,0.26878382711471704,0.0,2.8197580000011158,31.086008000002607
base_1_far_00,oldest_age,0.002,0.05,4.71238898038469,small_core,0.1,22478,17496,0,0.018216722824182418,0.27180211892606787,0.0,3.0871650000001694,0.16835399999948208
base_1_far_00,oldest_age,0.002,0.05,4.71238898038469,small_core,0.05,22478,17496,0,0.018216722824182418,0.27180211892606787,0.0,3.0871650000001694,0.5062499999972658
base_1_far_00,oldest_age,0.002,0.05,4.71238898038469,vehicle_core,0.1,22478,17496,0,0.018216722824182418,0.27180211892606787,0.0,3.0871650000001694,0.10464100000007193
base_1_free_00,simultaneous,0.0,0.0,0.0,small_core,0.1,22478,17558,17558,1.0011822248909e-09,1.0011822248909e-09,0.0,3.1412080000023934,30.32302100000095
base_1_free_00,simultaneous,0.0,0.0,0.0,small_core,0.05,22478,17558,17558,1.0011822248909e-09,1.0011822248909e-09,0.0,3.1412080000023934,102.60975600000322
base_1_free_00,simultaneous,0.0,0.0,0.0,vehicle_core,0.1,22478,17558,17558,1.0011822248909e-09,1.0011822248909e-09,0.16925478761000715,3.1412080000023934,29.162346999999755
base_1_free_00,simultaneous,0.002,0.0,0.0,small_core,0.1,22478,17557,17557,0.018216722824182418,0.018216722824182418,0.0,3.222305999997843,29.525852999999103
base_1_free_00,simultaneous,0.002,0.0,0.0,small_core,0.05,22478,17557,17557,0.018216722824182418,0.018216722824182418,0.0,3.222305999997843,102.47960799999944
base_1_free_00,simultaneous,0.002,0.0,0.0,vehicle_core,0.1,22478,17557,17557,0.018216722824182418,0.018216722824182418,0.16925478761000715,3.222305999997843,27.94880299999747
base_1_free_00,simultaneous,0.01,0.0,0.0,small_core,0.1,22478,17552,15586,0.09108361011675946,0.09108361011675946,0.0,3.0982549999976072,29.682523000001737
base_1_free_00,simultaneous,0.01,0.0,0.0,small_core,0.05,22478,17552,15586,0.09108361011675946,0.09108361011675946,0.0,3.0982549999976072,112.44495000000043
base_1_free_00,simultaneous,0.01,0.0,0.0,vehicle_core,0.1,22478,17552,15586,0.09108361011675946,0.09108361011675946,0.16925478761000715,3.0982549999976072,31.551615000001476
base_1_free_00,simultaneous,0.02,0.0,0.0,small_core,0.1,22478,17540,0,0.18216721923243376,0.18216721923243376,0.0,3.1431640000008088,0.1298520000005965
base_1_free_00,simultaneous,0.02,0.0,0.0,small_core,0.05,22478,17540,0,0.18216721923243376,0.18216721923243376,0.0,3.1431640000008088,0.4941120000019339
base_1_free_00,simultaneous,0.02,0.0,0.0,vehicle_core,0.1,22478,17540,0,0.18216721923243376,0.18216721923243376,0.0,3.1431640000008088,0.09862199999943755
base_1_free_00,individual_age,0.002,0.02,0.0,small_core,0.1,22478,17557,8084,0.018216722824182418,0.11568023870652813,0.0,2.943544999997272,30.658751999997236
base_1_free_00,individual_age,0.002,0.02,0.0,small_core,0.05,22478,17557,8084,0.018216722824182418,0.11568023870652813,0.0,2.943544999997272,111.70660300000179
base_1_free_00,individual_age,0.002,0.02,0.0,vehicle_core,0.1,22478,17557,8084,0.018216722824182418,0.11568023870652813,0.16925478761000715,2.943544999997272,28.884735999998412
base_1_free_00,oldest_age,0.002,0.02,0.0,small_core,0.1,22478,17557,0,0.018216722824182418,0.11868739888657501,0.0,3.0098330000001283,0.13157600000113234
base_1_free_00,oldest_age,0.002,0.02,0.0,small_core,0.05,22478,17557,0,0.018216722824182418,0.11868739888657501,0.0,3.0098330000001283,0.5312939999981836
base_1_free_00,oldest_age,0.002,0.02,0.0,vehicle_core,0.1,22478,17557,0,0.018216722824182418,0.11868739888657501,0.0,3.0098330000001283,0.10504899999830286
base_1_free_00,individual_age,0.002,0.02,1.5707963267948966,small_core,0.1,22478,17557,7341,0.018216722824182418,0.11029191955145629,0.0,2.942013000001964,42.44132300000203
base_1_free_00,individual_age,0.002,0.02,1.5707963267948966,small_core,0.05,22478,17557,7341,0.018216722824182418,0.11029191955145629,0.0,2.942013000001964,162.5507440000007
base_1_free_00,individual_age,0.002,0.02,1.5707963267948966,vehicle_core,0.1,22478,17557,7341,0.018216722824182418,0.11029191955145629,0.0,2.942013000001964,41.28104700000179
base_1_free_00,oldest_age,0.002,0.02,1.5707963267948966,small_core,0.1,22478,17557,0,0.018216722824182418,0.1186226223457751,0.0,2.899046000003125,0.14049900000046023
base_1_free_00,oldest_age,0.002,0.02,1.5707963267948966,small_core,0.05,22478,17557,0,0.018216722824182418,0.1186226223457751,0.0,2.899046000003125,0.522701000001291
base_1_free_00,oldest_age,0.002,0.02,1.5707963267948966,vehicle_core,0.1,22478,17557,0,0.018216722824182418,0.1186226223457751,0.0,2.899046000003125,0.1082829999994317
base_1_free_00,individual_age,0.002,0.02,3.141592653589793,small_core,0.1,22478,17557,6973,0.018216722824182418,0.11578723515425225,0.0,2.7411460000017485,40.33350599999963
base_1_free_00,individual_age,0.002,0.02,3.141592653589793,small_core,0.05,22478,17557,6973,0.018216722824182418,0.11578723515425225,0.0,2.7411460000017485,152.8616189999994
base_1_free_00,individual_age,0.002,0.02,3.141592653589793,vehicle_core,0.1,22478,17557,6973,0.018216722824182418,0.11578723515425225,0.0,2.7411460000017485,41.33181700000321
base_1_free_00,oldest_age,0.002,0.02,3.141592653589793,small_core,0.1,22478,17557,0,0.018216722824182418,0.11881672029877088,0.0,3.0613819999985026,0.13595499999752292
base_1_free_00,oldest_age,0.002,0.02,3.141592653589793,small_core,0.05,22478,17557,0,0.018216722824182418,0.11881672029877088,0.0,3.0613819999985026,0.4937130000008949
base_1_free_00,oldest_age,0.002,0.02,3.141592653589793,vehicle_core,0.1,22478,17557,0,0.018216722824182418,0.11881672029877088,0.0,3.0613819999985026,0.10203100000083509
base_1_free_00,individual_age,0.002,0.02,4.71238898038469,small_core,0.1,22478,17557,7390,0.018216722824182418,0.11573376442412531,0.0,2.958012000000565,34.36619200000024
base_1_free_00,individual_age,0.002,0.02,4.71238898038469,small_core,0.05,22478,17557,7390,0.018216722824182418,0.11573376442412531,0.0,2.958012000000565,131.72295899999753
base_1_free_00,individual_age,0.002,0.02,4.71238898038469,vehicle_core,0.1,22478,17557,7390,0.018216722824182418,0.11573376442412531,0.0,2.958012000000565,34.82247500000213
base_1_free_00,oldest_age,0.002,0.02,4.71238898038469,small_core,0.1,22478,17557,0,0.018216722824182418,0.11875203153706902,0.0,3.021349000000839,0.13144400000086875
base_1_free_00,oldest_age,0.002,0.02,4.71238898038469,small_core,0.05,22478,17557,0,0.018216722824182418,0.11875203153706902,0.0,3.021349000000839,0.5887410000013915
base_1_free_00,oldest_age,0.002,0.02,4.71238898038469,vehicle_core,0.1,22478,17557,0,0.018216722824182418,0.11875203153706902,0.0,3.021349000000839,0.1012249999980952
base_1_free_00,individual_age,0.002,0.05,0.0,small_core,0.1,22478,17557,3253,0.018216722824182418,0.2686303685699048,0.0,2.808170999998083,39.68723899999915
base_1_free_00,individual_age,0.002,0.05,0.0,small_core,0.05,22478,17557,3253,0.018216722824182418,0.2686303685699048,0.0,2.808170999998083,148.03566299999815
base_1_free_00,individual_age,0.002,0.05,0.0,vehicle_core,0.1,22478,17557,3253,0.018216722824182418,0.2686303685699048,0.0,2.808170999998083,37.96916399999972
base_1_free_00,oldest_age,0.002,0.05,0.0,small_core,0.1,22478,17557,0,0.018216722824182418,0.27163766604064143,0.0,2.8710320000016054,0.12628400000025408
base_1_free_00,oldest_age,0.002,0.05,0.0,small_core,0.05,22478,17557,0,0.018216722824182418,0.27163766604064143,0.0,2.8710320000016054,0.49035099999983345
base_1_free_00,oldest_age,0.002,0.05,0.0,vehicle_core,0.1,22478,17557,0,0.018216722824182418,0.27163766604064143,0.0,2.8710320000016054,0.13210999999913042
base_1_free_00,individual_age,0.002,0.05,1.5707963267948966,small_core,0.1,22478,17557,2565,0.018216722824182418,0.26314213067149494,0.0,3.488354999998222,37.53084299999898
base_1_free_00,individual_age,0.002,0.05,1.5707963267948966,small_core,0.05,22478,17557,2565,0.018216722824182418,0.26314213067149494,0.0,3.488354999998222,151.60120100000185
base_1_free_00,individual_age,0.002,0.05,1.5707963267948966,vehicle_core,0.1,22478,17557,2565,0.018216722824182418,0.26314213067149494,0.0,3.488354999998222,38.49952099999854
base_1_free_00,oldest_age,0.002,0.05,1.5707963267948966,small_core,0.1,22478,17557,0,0.018216722824182418,0.27147284885711004,0.0,3.0471220000016785,0.1276550000000043
base_1_free_00,oldest_age,0.002,0.05,1.5707963267948966,small_core,0.05,22478,17557,0,0.018216722824182418,0.27147284885711004,0.0,3.0471220000016785,0.5266400000003557
base_1_free_00,oldest_age,0.002,0.05,1.5707963267948966,vehicle_core,0.1,22478,17557,0,0.018216722824182418,0.27147284885711004,0.0,3.0471220000016785,0.10439899999781233
base_1_free_00,individual_age,0.002,0.05,3.141592653589793,small_core,0.1,22478,17557,3031,0.018216722824182418,0.26893723125383906,0.0,2.8951030000001765,26.30687199999926
base_1_free_00,individual_age,0.002,0.05,3.141592653589793,small_core,0.05,22478,17557,3031,0.018216722824182418,0.26893723125383906,0.0,2.8951030000001765,105.1306729999979
base_1_free_00,individual_age,0.002,0.05,3.141592653589793,vehicle_core,0.1,22478,17557,3031,0.018216722824182418,0.26893723125383906,0.0,2.8951030000001765,28.219139000000837
base_1_free_00,oldest_age,0.002,0.05,3.141592653589793,small_core,0.1,22478,17557,0,0.018216722824182418,0.2719667163983576,0.0,3.1227670000006924,0.13802799999851345
base_1_free_00,oldest_age,0.002,0.05,3.141592653589793,small_core,0.05,22478,17557,0,0.018216722824182418,0.2719667163983576,0.0,3.1227670000006924,0.5127859999980444
base_1_free_00,oldest_age,0.002,0.05,3.141592653589793,vehicle_core,0.1,22478,17557,0,0.018216722824182418,0.2719667163983576,0.0,3.1227670000006924,0.10191200000164713
base_1_free_00,individual_age,0.002,0.05,4.71238898038469,small_core,0.1,22478,17557,3223,0.018216722824182418,0.26878382711471704,0.0,2.928916000001891,31.227485999998805
base_1_free_00,individual_age,0.002,0.05,4.71238898038469,small_core,0.05,22478,17557,3223,0.018216722824182418,0.26878382711471704,0.0,2.928916000001891,117.43474699999723
base_1_free_00,individual_age,0.002,0.05,4.71238898038469,vehicle_core,0.1,22478,17557,3223,0.018216722824182418,0.26878382711471704,0.0,2.928916000001891,31.51329700000005
base_1_free_00,oldest_age,0.002,0.05,4.71238898038469,small_core,0.1,22478,17557,0,0.018216722824182418,0.27180211892606787,0.0,3.09887100000239,0.1378140000021233
base_1_free_00,oldest_age,0.002,0.05,4.71238898038469,small_core,0.05,22478,17557,0,0.018216722824182418,0.27180211892606787,0.0,3.09887100000239,0.5525800000008019
base_1_free_00,oldest_age,0.002,0.05,4.71238898038469,vehicle_core,0.1,22478,17557,0,0.018216722824182418,0.27180211892606787,0.0,3.09887100000239,0.11046100000200454
base_1_near_00,simultaneous,0.0,0.0,0.0,small_core,0.1,22478,17416,17416,1.0011822248909e-09,1.0011822248909e-09,0.0,3.8478479999994875,28.018909000000036
base_1_near_00,simultaneous,0.0,0.0,0.0,small_core,0.05,22478,17416,17416,1.0011822248909e-09,1.0011822248909e-09,0.0,3.8478479999994875,100.28548200000031
base_1_near_00,simultaneous,0.0,0.0,0.0,vehicle_core,0.1,22478,17416,17416,1.0011822248909e-09,1.0011822248909e-09,0.0,3.8478479999994875,28.403737999997958
base_1_near_00,simultaneous,0.002,0.0,0.0,small_core,0.1,22478,17415,17415,0.018216722824182418,0.018216722824182418,0.0,3.1819330000004697,27.797283000001727
base_1_near_00,simultaneous,0.002,0.0,0.0,small_core,0.05,22478,17415,17415,0.018216722824182418,0.018216722824182418,0.0,3.1819330000004697,99.43543300000002
base_1_near_00,simultaneous,0.002,0.0,0.0,vehicle_core,0.1,22478,17415,17415,0.018216722824182418,0.018216722824182418,0.0,3.1819330000004697,27.76953900000123
base_1_near_00,simultaneous,0.01,0.0,0.0,small_core,0.1,22478,17410,15444,0.09108361011675946,0.09108361011675946,0.0,4.3632080000008955,29.794774999999163
base_1_near_00,simultaneous,0.01,0.0,0.0,small_core,0.05,22478,17410,15444,0.09108361011675946,0.09108361011675946,0.0,4.3632080000008955,111.7248439999976
base_1_near_00,simultaneous,0.01,0.0,0.0,vehicle_core,0.1,22478,17410,15444,0.09108361011675946,0.09108361011675946,0.0,4.3632080000008955,30.86532200000036
base_1_near_00,simultaneous,0.02,0.0,0.0,small_core,0.1,22478,17398,0,0.18216721923243376,0.18216721923243376,0.0,2.9626829999997994,0.1258200000009424
base_1_near_00,simultaneous,0.02,0.0,0.0,small_core,0.05,22478,17398,0,0.18216721923243376,0.18216721923243376,0.0,2.9626829999997994,0.4884550000028298
base_1_near_00,simultaneous,0.02,0.0,0.0,vehicle_core,0.1,22478,17398,0,0.18216721923243376,0.18216721923243376,0.0,2.9626829999997994,0.10305999999715709
base_1_near_00,individual_age,0.002,0.02,0.0,small_core,0.1,22478,17415,7942,0.018216722824182418,0.11568023870652813,0.0,2.8536170000030836,29.857511000003
base_1_near_00,individual_age,0.002,0.02,0.0,small_core,0.05,22478,17415,7942,0.018216722824182418,0.11568023870652813,0.0,2.8536170000030836,107.35638500000277
base_1_near_00,individual_age,0.002,0.02,0.0,vehicle_core,0.1,22478,17415,7942,0.018216722824182418,0.11568023870652813,0.0,2.8536170000030836,28.499151999998418
base_1_near_00,oldest_age,0.002,0.02,0.0,small_core,0.1,22478,17415,0,0.018216722824182418,0.11868739888657501,0.0,3.0754520000009222,0.13651999999808595
base_1_near_00,oldest_age,0.002,0.02,0.0,small_core,0.05,22478,17415,0,0.018216722824182418,0.11868739888657501,0.0,3.0754520000009222,0.5257839999970315
base_1_near_00,oldest_age,0.002,0.02,0.0,vehicle_core,0.1,22478,17415,0,0.018216722824182418,0.11868739888657501,0.0,3.0754520000009222,0.1115389999988281
base_1_near_00,individual_age,0.002,0.02,1.5707963267948966,small_core,0.1,22478,17415,7341,0.018216722824182418,0.11029191955145629,0.0,3.030552999998548,43.34955799999918
base_1_near_00,individual_age,0.002,0.02,1.5707963267948966,small_core,0.05,22478,17415,7341,0.018216722824182418,0.11029191955145629,0.0,3.030552999998548,160.68670900000015
base_1_near_00,individual_age,0.002,0.02,1.5707963267948966,vehicle_core,0.1,22478,17415,7341,0.018216722824182418,0.11029191955145629,0.0,3.030552999998548,42.163032999997796
base_1_near_00,oldest_age,0.002,0.02,1.5707963267948966,small_core,0.1,22478,17415,0,0.018216722824182418,0.1186226223457751,0.0,2.8933040000005406,0.13348399999912886
base_1_near_00,oldest_age,0.002,0.02,1.5707963267948966,small_core,0.05,22478,17415,0,0.018216722824182418,0.1186226223457751,0.0,2.8933040000005406,0.4891909999997779
base_1_near_00,oldest_age,0.002,0.02,1.5707963267948966,vehicle_core,0.1,22478,17415,0,0.018216722824182418,0.1186226223457751,0.0,2.8933040000005406,0.10174299999832215
base_1_near_00,individual_age,0.002,0.02,3.141592653589793,small_core,0.1,22478,17415,6973,0.018216722824182418,0.11578723515425225,0.0,2.8114489999992998,39.46326299999825
base_1_near_00,individual_age,0.002,0.02,3.141592653589793,small_core,0.05,22478,17415,6973,0.018216722824182418,0.11578723515425225,0.0,2.8114489999992998,153.04685900000337
base_1_near_00,individual_age,0.002,0.02,3.141592653589793,vehicle_core,0.1,22478,17415,6973,0.018216722824182418,0.11578723515425225,0.0,2.8114489999992998,40.892355999996965
base_1_near_00,oldest_age,0.002,0.02,3.141592653589793,small_core,0.1,22478,17415,0,0.018216722824182418,0.11881672029877088,0.0,2.996564000000035,0.13015800000104605
base_1_near_00,oldest_age,0.002,0.02,3.141592653589793,small_core,0.05,22478,17415,0,0.018216722824182418,0.11881672029877088,0.0,2.996564000000035,0.5039769999974908
base_1_near_00,oldest_age,0.002,0.02,3.141592653589793,vehicle_core,0.1,22478,17415,0,0.018216722824182418,0.11881672029877088,0.0,2.996564000000035,0.1364410000022076
base_1_near_00,individual_age,0.002,0.02,4.71238898038469,small_core,0.1,22478,17415,7321,0.018216722824182418,0.11573376442412531,0.0,2.9110410000008358,36.31090900000089
base_1_near_00,individual_age,0.002,0.02,4.71238898038469,small_core,0.05,22478,17415,7321,0.018216722824182418,0.11573376442412531,0.0,2.9110410000008358,133.7033080000012
base_1_near_00,individual_age,0.002,0.02,4.71238898038469,vehicle_core,0.1,22478,17415,7321,0.018216722824182418,0.11573376442412531,0.0,2.9110410000008358,33.90444499999745
base_1_near_00,oldest_age,0.002,0.02,4.71238898038469,small_core,0.1,22478,17415,0,0.018216722824182418,0.11875203153706902,0.0,2.950844000000785,0.13752299999936213
base_1_near_00,oldest_age,0.002,0.02,4.71238898038469,small_core,0.05,22478,17415,0,0.018216722824182418,0.11875203153706902,0.0,2.950844000000785,0.5173009999985823
base_1_near_00,oldest_age,0.002,0.02,4.71238898038469,vehicle_core,0.1,22478,17415,0,0.018216722824182418,0.11875203153706902,0.0,2.950844000000785,0.10926500000252304
base_1_near_00,individual_age,0.002,0.05,0.0,small_core,0.1,22478,17415,3253,0.018216722824182418,0.2686303685699048,0.0,2.8230359999987797,40.46450899999954
base_1_near_00,individual_age,0.002,0.05,0.0,small_core,0.05,22478,17415,3253,0.018216722824182418,0.2686303685699048,0.0,2.8230359999987797,159.83209999999914
base_1_near_00,individual_age,0.002,0.05,0.0,vehicle_core,0.1,22478,17415,3253,0.018216722824182418,0.2686303685699048,0.0,2.8230359999987797,38.94582400000246
base_1_near_00,oldest_age,0.002,0.05,0.0,small_core,0.1,22478,17415,0,0.018216722824182418,0.27163766604064143,0.0,3.089684999999065,0.13852800000080379
base_1_near_00,oldest_age,0.002,0.05,0.0,small_core,0.05,22478,17415,0,0.018216722824182418,0.27163766604064143,0.0,3.089684999999065,0.5010409999997023
base_1_near_00,oldest_age,0.002,0.05,0.0,vehicle_core,0.1,22478,17415,0,0.018216722824182418,0.27163766604064143,0.0,3.089684999999065,0.10523999999989542
base_1_near_00,individual_age,0.002,0.05,1.5707963267948966,small_core,0.1,22478,17415,2565,0.018216722824182418,0.26314213067149494,0.0,2.961380999998653,36.730750000000256
base_1_near_00,individual_age,0.002,0.05,1.5707963267948966,small_core,0.05,22478,17415,2565,0.018216722824182418,0.26314213067149494,0.0,2.961380999998653,146.1626719999991
base_1_near_00,individual_age,0.002,0.05,1.5707963267948966,vehicle_core,0.1,22478,17415,2565,0.018216722824182418,0.26314213067149494,0.0,2.961380999998653,35.702757999999335
base_1_near_00,oldest_age,0.002,0.05,1.5707963267948966,small_core,0.1,22478,17415,0,0.018216722824182418,0.27147284885711004,0.0,3.0208370000011087,0.13339899999920135
base_1_near_00,oldest_age,0.002,0.05,1.5707963267948966,small_core,0.05,22478,17415,0,0.018216722824182418,0.27147284885711004,0.0,3.0208370000011087,0.5020779999966862
base_1_near_00,oldest_age,0.002,0.05,1.5707963267948966,vehicle_core,0.1,22478,17415,0,0.018216722824182418,0.27147284885711004,0.0,3.0208370000011087,0.12089499999845543
base_1_near_00,individual_age,0.002,0.05,3.141592653589793,small_core,0.1,22478,17415,3031,0.018216722824182418,0.26893723125383906,0.0,2.891456000000403,26.833567000000613
base_1_near_00,individual_age,0.002,0.05,3.141592653589793,small_core,0.05,22478,17415,3031,0.018216722824182418,0.26893723125383906,0.0,2.891456000000403,105.52510099999779
base_1_near_00,individual_age,0.002,0.05,3.141592653589793,vehicle_core,0.1,22478,17415,3031,0.018216722824182418,0.26893723125383906,0.0,2.891456000000403,26.62552500000004
base_1_near_00,oldest_age,0.002,0.05,3.141592653589793,small_core,0.1,22478,17415,0,0.018216722824182418,0.2719667163983576,0.0,3.036489999999503,0.12934600000136243
base_1_near_00,oldest_age,0.002,0.05,3.141592653589793,small_core,0.05,22478,17415,0,0.018216722824182418,0.2719667163983576,0.0,3.036489999999503,0.5531449999978122
base_1_near_00,oldest_age,0.002,0.05,3.141592653589793,vehicle_core,0.1,22478,17415,0,0.018216722824182418,0.2719667163983576,0.0,3.036489999999503,0.10353400000084889
base_1_near_00,individual_age,0.002,0.05,4.71238898038469,small_core,0.1,22478,17415,3154,0.018216722824182418,0.26878382711471704,0.0,2.781908999999416,30.13018000000045
base_1_near_00,individual_age,0.002,0.05,4.71238898038469,small_core,0.05,22478,17415,3154,0.018216722824182418,0.26878382711471704,0.0,2.781908999999416,109.01333099999988
base_1_near_00,individual_age,0.002,0.05,4.71238898038469,vehicle_core,0.1,22478,17415,3154,0.018216722824182418,0.26878382711471704,0.0,2.781908999999416,32.088152000000036
base_1_near_00,oldest_age,0.002,0.05,4.71238898038469,small_core,0.1,22478,17415,0,0.018216722824182418,0.27180211892606787,0.0,3.022357999999059,0.13081999999897675
base_1_near_00,oldest_age,0.002,0.05,4.71238898038469,small_core,0.05,22478,17415,0,0.018216722824182418,0.27180211892606787,0.0,3.022357999999059,0.4978619999995715
base_1_near_00,oldest_age,0.002,0.05,4.71238898038469,vehicle_core,0.1,22478,17415,0,0.018216722824182418,0.27180211892606787,0.0,3.022357999999059,0.10225399999796991
dense_0_far_00,simultaneous,0.0,0.0,0.0,small_core,0.1,86447,69746,69746,1.0012543679202976e-09,1.0012543679202976e-09,0.5511393603793014,18.733556000000817,41.38812900000133
dense_0_far_00,simultaneous,0.0,0.0,0.0,small_core,0.05,86447,69746,69746,1.0012543679202976e-09,1.0012543679202976e-09,0.8255258241889031,18.733556000000817,129.10616699999977
dense_0_far_00,simultaneous,0.0,0.0,0.0,vehicle_core,0.1,86447,69746,69746,1.0012543679202976e-09,1.0012543679202976e-09,0.5741099943750895,18.733556000000817,43.1445410000002
dense_0_far_00,simultaneous,0.002,0.0,0.0,small_core,0.1,86447,69743,69743,0.014467873416033956,0.014467873416033956,0.5511393603793014,13.570010000002242,42.33528199999981
dense_0_far_00,simultaneous,0.002,0.0,0.0,small_core,0.05,86447,69743,69743,0.014467873416033956,0.014467873416033956,0.8255258241889031,13.570010000002242,126.82580799999954
dense_0_far_00,simultaneous,0.002,0.0,0.0,vehicle_core,0.1,86447,69743,69743,0.014467873416033956,0.014467873416033956,0.5741099943750895,13.570010000002242,41.59117999999751
dense_0_far_00,simultaneous,0.01,0.0,0.0,small_core,0.1,86447,69727,63116,0.07233936307591951,0.07233936307591951,0.5511393603793014,13.317445999998512,38.53707900000103
dense_0_far_00,simultaneous,0.01,0.0,0.0,small_core,0.05,86447,69727,63116,0.07233936307591951,0.07233936307591951,0.8255258241889031,13.317445999998512,127.80977299999918
dense_0_far_00,simultaneous,0.01,0.0,0.0,vehicle_core,0.1,86447,69727,63116,0.07233936307591951,0.07233936307591951,0.5741099943750895,13.317445999998512,39.48131799999999
dense_0_far_00,simultaneous,0.02,0.0,0.0,small_core,0.1,86447,69702,0,0.14464030119611138,0.14464030119611138,0.0,12.256335000000007,0.14742000000111943
dense_0_far_00,simultaneous,0.02,0.0,0.0,small_core,0.05,86447,69702,0,0.14464030119611138,0.14464030119611138,0.0,12.256335000000007,0.5975529999986406
dense_0_far_00,simultaneous,0.02,0.0,0.0,vehicle_core,0.1,86447,69702,0,0.14464030119611138,0.14464030119611138,0.0,12.256335000000007,0.13838799999987828
dense_0_far_00,individual_age,0.002,0.02,0.0,small_core,0.1,86447,69743,31507,0.014467873416033956,0.11368174036080482,0.4773304855615663,13.221069000000085,49.417163000001096
dense_0_far_00,individual_age,0.002,0.02,0.0,small_core,0.05,86447,69743,31507,0.014467873416033956,0.11368174036080482,0.48404477253420963,13.221069000000085,174.87327699999966
dense_0_far_00,individual_age,0.002,0.02,0.0,vehicle_core,0.1,86447,69743,31507,0.014467873416033956,0.11368174036080482,0.18211569643631265,13.221069000000085,47.87399499999978
dense_0_far_00,oldest_age,0.002,0.02,0.0,small_core,0.1,86447,69743,0,0.014467873416033956,0.1149389850428815,0.0,12.103933999998873,0.156182999997867
dense_0_far_00,oldest_age,0.002,0.02,0.0,small_core,0.05,86447,69743,0,0.014467873416033956,0.1149389850428815,0.0,12.103933999998873,0.5875199999998415
dense_0_far_00,oldest_age,0.002,0.02,0.0,vehicle_core,0.1,86447,69743,0,0.014467873416033956,0.1149389850428815,0.0,12.103933999998873,0.12616500000106612
dense_0_far_00,individual_age,0.002,0.02,1.5707963267948966,small_core,0.1,86447,69743,29498,0.014467873416033956,0.11028757420372783,0.0,12.67565199999865,69.05320699999962
dense_0_far_00,individual_age,0.002,0.02,1.5707963267948966,small_core,0.05,86447,69743,29498,0.014467873416033956,0.11028757420372783,0.0,12.67565199999865,256.1151949999996
dense_0_far_00,individual_age,0.002,0.02,1.5707963267948966,vehicle_core,0.1,86447,69743,29498,0.014467873416033956,0.11028757420372783,0.0,12.67565199999865,71.52790700000011
dense_0_far_00,oldest_age,0.002,0.02,1.5707963267948966,small_core,0.1,86447,69743,0,0.014467873416033956,0.11487377450230406,0.0,12.039563999998393,0.16747100000102932
dense_0_far_00,oldest_age,0.002,0.02,1.5707963267948966,small_core,0.05,86447,69743,0,0.014467873416033956,0.11487377450230406,0.0,12.039563999998393,0.5287070000008498
dense_0_far_00,oldest_age,0.002,0.02,1.5707963267948966,vehicle_core,0.1,86447,69743,0,0.014467873416033956,0.11487377450230406,0.0,12.039563999998393,0.11212600000121142
dense_0_far_00,individual_age,0.002,0.02,3.141592653589793,small_core,0.1,86447,69743,26680,0.014467873416033956,0.11332733830380114,0.0,12.036259999998578,59.48234199999902
dense_0_far_00,individual_age,0.002,0.02,3.141592653589793,small_core,0.05,86447,69743,26680,0.014467873416033956,0.11332733830380114,0.0,12.036259999998578,213.39935399999987
dense_0_far_00,individual_age,0.002,0.02,3.141592653589793,vehicle_core,0.1,86447,69743,26680,0.014467873416033956,0.11332733830380114,0.0,12.036259999998578,61.390368000001416
dense_0_far_00,oldest_age,0.002,0.02,3.141592653589793,small_core,0.1,86447,69743,0,0.014467873416033956,0.11506781872574001,0.0,12.261760999997762,0.15863399999815897
dense_0_far_00,oldest_age,0.002,0.02,3.141592653589793,small_core,0.05,86447,69743,0,0.014467873416033956,0.11506781872574001,0.0,12.261760999997762,0.5789240000027007
dense_0_far_00,oldest_age,0.002,0.02,3.141592653589793,vehicle_core,0.1,86447,69743,0,0.014467873416033956,0.11506781872574001,0.0,12.261760999997762,0.14492300000057412
dense_0_far_00,individual_age,0.002,0.02,4.71238898038469,small_core,0.1,86447,69743,29962,0.014467873416033956,0.11373607668155797,0.0,13.19725800000171,63.44207300000093
dense_0_far_00,individual_age,0.002,0.02,4.71238898038469,small_core,0.05,86447,69743,29962,0.014467873416033956,0.11373607668155797,0.0,13.19725800000171,231.0808850000008
dense_0_far_00,individual_age,0.002,0.02,4.71238898038469,vehicle_core,0.1,86447,69743,29962,0.014467873416033956,0.11373607668155797,0.0,13.19725800000171,63.81660499999953
dense_0_far_00,oldest_age,0.002,0.02,4.71238898038469,small_core,0.1,86447,69743,0,0.014467873416033956,0.11500321001649155,0.0,12.777958999997452,0.18235799999999358
dense_0_far_00,oldest_age,0.002,0.02,4.71238898038469,small_core,0.05,86447,69743,0,0.014467873416033956,0.11500321001649155,0.0,12.777958999997452,0.6225620000002152
dense_0_far_00,oldest_age,0.002,0.02,4.71238898038469,vehicle_core,0.1,86447,69743,0,0.014467873416033956,0.11500321001649155,0.0,12.777958999997452,0.13687499999903707
dense_0_far_00,individual_age,0.002,0.05,0.0,small_core,0.1,86447,69743,12441,0.014467873416033956,0.26663187251253667,0.0,13.417542999999199,63.671794000001114
dense_0_far_00,individual_age,0.002,0.05,0.0,small_core,0.05,86447,69743,12441,0.014467873416033956,0.26663187251253667,0.0,13.417542999999199,238.93230499999873
dense_0_far_00,individual_age,0.002,0.05,0.0,vehicle_core,0.1,86447,69743,12441,0.014467873416033956,0.26663187251253667,0.0,13.417542999999199,63.06162999999998
dense_0_far_00,oldest_age,0.002,0.05,0.0,small_core,0.1,86447,69743,0,0.014467873416033956,0.2678899248871987,0.0,12.801218999999975,0.15189199999809944
dense_0_far_00,oldest_age,0.002,0.05,0.0,small_core,0.05,86447,69743,0,0.014467873416033956,0.2678899248871987,0.0,12.801218999999975,0.6491789999998332
dense_0_far_00,oldest_age,0.002,0.05,0.0,vehicle_core,0.1,86447,69743,0,0.014467873416033956,0.2678899248871987,0.0,12.801218999999975,0.14176799999887635
dense_0_far_00,individual_age,0.002,0.05,1.5707963267948966,small_core,0.1,86447,69743,10883,0.014467873416033956,0.2631377902323988,0.0,12.628260999999696,61.81141100000076
dense_0_far_00,individual_age,0.002,0.05,1.5707963267948966,small_core,0.05,86447,69743,10883,0.014467873416033956,0.2631377902323988,0.0,12.628260999999696,234.19374199999865
dense_0_far_00,individual_age,0.002,0.05,1.5707963267948966,vehicle_core,0.1,86447,69743,10883,0.014467873416033956,0.2631377902323988,0.0,12.628260999999696,62.264914000000005
dense_0_far_00,oldest_age,0.002,0.05,1.5707963267948966,small_core,0.1,86447,69743,0,0.014467873416033956,0.26772400343009883,0.0,12.980253000002051,0.1590890000002787
dense_0_far_00,oldest_age,0.002,0.05,1.5707963267948966,small_core,0.05,86447,69743,0,0.014467873416033956,0.26772400343009883,0.0,12.980253000002051,0.5445970000010902
dense_0_far_00,oldest_age,0.002,0.05,1.5707963267948966,vehicle_core,0.1,86447,69743,0,0.014467873416033956,0.26772400343009883,0.0,12.980253000002051,0.1460589999986439
dense_0_far_00,individual_age,0.002,0.05,3.141592653589793,small_core,0.1,86447,69743,10633,0.014467873416033956,0.26607760529397756,0.0,12.64681900000042,48.02844099999959
dense_0_far_00,individual_age,0.002,0.05,3.141592653589793,small_core,0.05,86447,69743,10633,0.014467873416033956,0.26607760529397756,0.0,12.64681900000042,181.9141809999998
dense_0_far_00,individual_age,0.002,0.05,3.141592653589793,vehicle_core,0.1,86447,69743,10633,0.014467873416033956,0.26607760529397756,0.0,12.64681900000042,48.23910800000064
dense_0_far_00,oldest_age,0.002,0.05,3.141592653589793,small_core,0.1,86447,69743,0,0.014467873416033956,0.2682177342584191,0.0,12.377692000001161,0.16300300000082757
dense_0_far_00,oldest_age,0.002,0.05,3.141592653589793,small_core,0.05,86447,69743,0,0.014467873416033956,0.2682177342584191,0.0,12.377692000001161,0.5325260000006438
dense_0_far_00,oldest_age,0.002,0.05,3.141592653589793,vehicle_core,0.1,86447,69743,0,0.014467873416033956,0.2682177342584191,0.0,12.377692000001161,0.19311499999830062
dense_0_far_00,individual_age,0.002,0.05,4.71238898038469,small_core,0.1,86447,69743,12758,0.014467873416033956,0.2667861393568127,0.0,12.371040999997973,48.90743900000061
dense_0_far_00,individual_age,0.002,0.05,4.71238898038469,small_core,0.05,86447,69743,12758,0.014467873416033956,0.2667861393568127,0.0,12.371040999997973,187.03027000000105
dense_0_far_00,individual_age,0.002,0.05,4.71238898038469,vehicle_core,0.1,86447,69743,12758,0.014467873416033956,0.2667861393568127,0.0,12.371040999997973,48.05785199999946
dense_0_far_00,oldest_age,0.002,0.05,4.71238898038469,small_core,0.1,86447,69743,0,0.014467873416033956,0.2680533404761238,0.0,12.905262999996836,0.17788499999937812
dense_0_far_00,oldest_age,0.002,0.05,4.71238898038469,small_core,0.05,86447,69743,0,0.014467873416033956,0.2680533404761238,0.0,12.905262999996836,0.5729139999992583
dense_0_far_00,oldest_age,0.002,0.05,4.71238898038469,vehicle_core,0.1,86447,69743,0,0.014467873416033956,0.2680533404761238,0.0,12.905262999996836,0.24347500000132527
dense_0_free_00,simultaneous,0.0,0.0,0.0,small_core,0.1,86447,70129,70129,1.0012543679202976e-09,1.0012543679202976e-09,0.5511393603793014,15.509842000000162,39.9292289999984
dense_0_free_00,simultaneous,0.0,0.0,0.0,small_core,0.05,86447,70129,70129,1.0012543679202976e-09,1.0012543679202976e-09,0.9142866165714861,15.509842000000162,118.6048229999983
dense_0_free_00,simultaneous,0.0,0.0,0.0,vehicle_core,0.1,86447,70129,70129,1.0012543679202976e-09,1.0012543679202976e-09,0.689233382584039,15.509842000000162,39.53900799999843
dense_0_free_00,simultaneous,0.002,0.0,0.0,small_core,0.1,86447,70126,70126,0.014467873416033956,0.014467873416033956,0.5511393603793014,13.028428999998454,39.04021900000032
dense_0_free_00,simultaneous,0.002,0.0,0.0,small_core,0.05,86447,70126,70126,0.014467873416033956,0.014467873416033956,0.9142866165714861,13.028428999998454,121.59087699999915
dense_0_free_00,simultaneous,0.002,0.0,0.0,vehicle_core,0.1,86447,70126,70126,0.014467873416033956,0.014467873416033956,0.689233382584039,13.028428999998454,39.28169000000281
dense_0_free_00,simultaneous,0.01,0.0,0.0,small_core,0.1,86447,70111,63500,0.07233936307591951,0.07233936307591951,0.5511393603793014,13.581477999998981,36.50628799999822
dense_0_free_00,simultaneous,0.01,0.0,0.0,small_core,0.05,86447,70111,63500,0.07233936307591951,0.07233936307591951,0.9142866165714861,13.581477999998981,120.3248049999992
dense_0_free_00,simultaneous,0.01,0.0,0.0,vehicle_core,0.1,86447,70111,63500,0.07233936307591951,0.07233936307591951,0.689233382584039,13.581477999998981,37.31758600000035
dense_0_free_00,simultaneous,0.02,0.0,0.0,small_core,0.1,86447,70089,0,0.14464030119611138,0.14464030119611138,0.0,15.020482000000612,0.1538879999998244
dense_0_free_00,simultaneous,0.02,0.0,0.0,small_core,0.05,86447,70089,0,0.14464030119611138,0.14464030119611138,0.0,15.020482000000612,0.5449239999997246
dense_0_free_00,simultaneous,0.02,0.0,0.0,vehicle_core,0.1,86447,70089,0,0.14464030119611138,0.14464030119611138,0.0,15.020482000000612,0.15785600000128852
dense_0_free_00,individual_age,0.002,0.02,0.0,small_core,0.1,86447,70126,31890,0.014467873416033956,0.11368174036080482,0.4773304855615663,12.74590400000264,49.947464999998914
dense_0_free_00,individual_age,0.002,0.02,0.0,small_core,0.05,86447,70126,31890,0.014467873416033956,0.11368174036080482,0.48404477253420963,12.74590400000264,168.46040799999784
dense_0_free_00,individual_age,0.002,0.02,0.0,vehicle_core,0.1,86447,70126,31890,0.014467873416033956,0.11368174036080482,0.18211569643631265,12.74590400000264,47.763768999999456
dense_0_free_00,oldest_age,0.002,0.02,0.0,small_core,0.1,86447,70126,0,0.014467873416033956,0.1149389850428815,0.0,12.75664799999987,0.16632799999882764
dense_0_free_00,oldest_age,0.002,0.02,0.0,small_core,0.05,86447,70126,0,0.014467873416033956,0.1149389850428815,0.0,12.75664799999987,0.5702260000006731
dense_0_free_00,oldest_age,0.002,0.02,0.0,vehicle_core,0.1,86447,70126,0,0.014467873416033956,0.1149389850428815,0.0,12.75664799999987,0.11704499999964924
dense_0_free_00,individual_age,0.002,0.02,1.5707963267948966,small_core,0.1,86447,70126,29881,0.014467873416033956,0.11028757420372783,0.0,13.833465000001155,65.99083599999744
dense_0_free_00,individual_age,0.002,0.02,1.5707963267948966,small_core,0.05,86447,70126,29881,0.014467873416033956,0.11028757420372783,0.0,13.833465000001155,243.71811199999982
dense_0_free_00,individual_age,0.002,0.02,1.5707963267948966,vehicle_core,0.1,86447,70126,29881,0.014467873416033956,0.11028757420372783,0.0,13.833465000001155,71.50638099999895
dense_0_free_00,oldest_age,0.002,0.02,1.5707963267948966,small_core,0.1,86447,70126,0,0.014467873416033956,0.11487377450230406,0.0,12.642832000000936,0.2043170000014527
dense_0_free_00,oldest_age,0.002,0.02,1.5707963267948966,small_core,0.05,86447,70126,0,0.014467873416033956,0.11487377450230406,0.0,12.642832000000936,0.7345239999985154
dense_0_free_00,oldest_age,0.002,0.02,1.5707963267948966,vehicle_core,0.1,86447,70126,0,0.014467873416033956,0.11487377450230406,0.0,12.642832000000936,0.19037699999913116
dense_0_free_00,individual_age,0.002,0.02,3.141592653589793,small_core,0.1,86447,70126,26680,0.014467873416033956,0.11332733830380114,0.0,18.200008000000878,57.3099209999981
dense_0_free_00,individual_age,0.002,0.02,3.141592653589793,small_core,0.05,86447,70126,26680,0.014467873416033956,0.11332733830380114,0.0,18.200008000000878,210.24287699999888
dense_0_free_00,individual_age,0.002,0.02,3.141592653589793,vehicle_core,0.1,86447,70126,26680,0.014467873416033956,0.11332733830380114,0.0,18.200008000000878,57.51022500000147
dense_0_free_00,oldest_age,0.002,0.02,3.141592653589793,small_core,0.1,86447,70126,0,0.014467873416033956,0.11506781872574001,0.0,12.894156999998074,0.1677399999984175
dense_0_free_00,oldest_age,0.002,0.02,3.141592653589793,small_core,0.05,86447,70126,0,0.014467873416033956,0.11506781872574001,0.0,12.894156999998074,0.5389770000014948
dense_0_free_00,oldest_age,0.002,0.02,3.141592653589793,vehicle_core,0.1,86447,70126,0,0.014467873416033956,0.11506781872574001,0.0,12.894156999998074,0.11908000000104835
dense_0_free_00,individual_age,0.002,0.02,4.71238898038469,small_core,0.1,86447,70126,29962,0.014467873416033956,0.11373607668155797,0.0,12.94782700000141,61.755140000002484
dense_0_free_00,individual_age,0.002,0.02,4.71238898038469,small_core,0.05,86447,70126,29962,0.014467873416033956,0.11373607668155797,0.0,12.94782700000141,228.70804900000152
dense_0_free_00,individual_age,0.002,0.02,4.71238898038469,vehicle_core,0.1,86447,70126,29962,0.014467873416033956,0.11373607668155797,0.0,12.94782700000141,62.799751000000015
dense_0_free_00,oldest_age,0.002,0.02,4.71238898038469,small_core,0.1,86447,70126,0,0.014467873416033956,0.11500321001649155,0.0,12.645002999999377,0.21369699999951308
dense_0_free_00,oldest_age,0.002,0.02,4.71238898038469,small_core,0.05,86447,70126,0,0.014467873416033956,0.11500321001649155,0.0,12.645002999999377,0.7327479999972297
dense_0_free_00,oldest_age,0.002,0.02,4.71238898038469,vehicle_core,0.1,86447,70126,0,0.014467873416033956,0.11500321001649155,0.0,12.645002999999377,0.17545200000057548
dense_0_free_00,individual_age,0.002,0.05,0.0,small_core,0.1,86447,70126,12824,0.014467873416033956,0.26663187251253667,0.0,13.515543000000463,66.75510699999876
dense_0_free_00,individual_age,0.002,0.05,0.0,small_core,0.05,86447,70126,12824,0.014467873416033956,0.26663187251253667,0.0,13.515543000000463,263.7322659999981
dense_0_free_00,individual_age,0.002,0.05,0.0,vehicle_core,0.1,86447,70126,12824,0.014467873416033956,0.26663187251253667,0.0,13.515543000000463,70.13927699999556
dense_0_free_00,oldest_age,0.002,0.05,0.0,small_core,0.1,86447,70126,0,0.014467873416033956,0.2678899248871987,0.0,15.621310000000221,0.20687500000349246
dense_0_free_00,oldest_age,0.002,0.05,0.0,small_core,0.05,86447,70126,0,0.014467873416033956,0.2678899248871987,0.0,15.621310000000221,0.7221999999984519
dense_0_free_00,oldest_age,0.002,0.05,0.0,vehicle_core,0.1,86447,70126,0,0.014467873416033956,0.2678899248871987,0.0,15.621310000000221,0.12383700000384579
dense_0_free_00,individual_age,0.002,0.05,1.5707963267948966,small_core,0.1,86447,70126,10883,0.014467873416033956,0.2631377902323988,0.0,15.166794999998956,61.82995200000363
dense_0_free_00,individual_age,0.002,0.05,1.5707963267948966,small_core,0.05,86447,70126,10883,0.014467873416033956,0.2631377902323988,0.0,15.166794999998956,231.4503770000016
dense_0_free_00,individual_age,0.002,0.05,1.5707963267948966,vehicle_core,0.1,86447,70126,10883,0.014467873416033956,0.2631377902323988,0.0,15.166794999998956,61.90885299999849
dense_0_free_00,oldest_age,0.002,0.05,1.5707963267948966,small_core,0.1,86447,70126,0,0.014467873416033956,0.26772400343009883,0.0,14.534405000006245,0.1838160000033895
dense_0_free_00,oldest_age,0.002,0.05,1.5707963267948966,small_core,0.05,86447,70126,0,0.014467873416033956,0.26772400343009883,0.0,14.534405000006245,0.5346510000023841
dense_0_free_00,oldest_age,0.002,0.05,1.5707963267948966,vehicle_core,0.1,86447,70126,0,0.014467873416033956,0.26772400343009883,0.0,14.534405000006245,0.11960500000185448
dense_0_free_00,individual_age,0.002,0.05,3.141592653589793,small_core,0.1,86447,70126,10633,0.014467873416033956,0.26607760529397756,0.0,12.639788000001317,47.80939900000192
dense_0_free_00,individual_age,0.002,0.05,3.141592653589793,small_core,0.05,86447,70126,10633,0.014467873416033956,0.26607760529397756,0.0,12.639788000001317,183.3969830000015
dense_0_free_00,individual_age,0.002,0.05,3.141592653589793,vehicle_core,0.1,86447,70126,10633,0.014467873416033956,0.26607760529397756,0.0,12.639788000001317,47.20481500000062
dense_0_free_00,oldest_age,0.002,0.05,3.141592653589793,small_core,0.1,86447,70126,0,0.014467873416033956,0.2682177342584191,0.0,12.355487000000664,0.15810899999735284
dense_0_free_00,oldest_age,0.002,0.05,3.141592653589793,small_core,0.05,86447,70126,0,0.014467873416033956,0.2682177342584191,0.0,12.355487000000664,0.530904000001442
dense_0_free_00,oldest_age,0.002,0.05,3.141592653589793,vehicle_core,0.1,86447,70126,0,0.014467873416033956,0.2682177342584191,0.0,12.355487000000664,0.11143300000071577
dense_0_free_00,individual_age,0.002,0.05,4.71238898038469,small_core,0.1,86447,70126,12758,0.014467873416033956,0.2667861393568127,0.0,12.18539100000271,50.007020999998986
dense_0_free_00,individual_age,0.002,0.05,4.71238898038469,small_core,0.05,86447,70126,12758,0.014467873416033956,0.2667861393568127,0.0,12.18539100000271,186.37967400000122
dense_0_free_00,individual_age,0.002,0.05,4.71238898038469,vehicle_core,0.1,86447,70126,12758,0.014467873416033956,0.2667861393568127,0.0,12.18539100000271,47.682899000001555
dense_0_free_00,oldest_age,0.002,0.05,4.71238898038469,small_core,0.1,86447,70126,0,0.014467873416033956,0.2680533404761238,0.0,12.408620999998732,0.14257499999814627
dense_0_free_00,oldest_age,0.002,0.05,4.71238898038469,small_core,0.05,86447,70126,0,0.014467873416033956,0.2680533404761238,0.0,12.408620999998732,0.5539440000035256
dense_0_free_00,oldest_age,0.002,0.05,4.71238898038469,vehicle_core,0.1,86447,70126,0,0.014467873416033956,0.2680533404761238,0.0,12.408620999998732,0.11116299999969215
dense_0_near_00,simultaneous,0.0,0.0,0.0,small_core,0.1,86447,68678,68678,1.0012543679202976e-09,1.0012543679202976e-09,0.0,12.321313999997585,39.10367900000011
dense_0_near_00,simultaneous,0.0,0.0,0.0,small_core,0.05,86447,68678,68678,1.0012543679202976e-09,1.0012543679202976e-09,0.0,12.321313999997585,120.48067299999587
dense_0_near_00,simultaneous,0.0,0.0,0.0,vehicle_core,0.1,86447,68678,68678,1.0012543679202976e-09,1.0012543679202976e-09,0.0,12.321313999997585,38.707758999997566
dense_0_near_00,simultaneous,0.002,0.0,0.0,small_core,0.1,86447,68674,68674,0.014467873416033956,0.014467873416033956,0.0,12.937751999999136,42.52331099999651
dense_0_near_00,simultaneous,0.002,0.0,0.0,small_core,0.05,86447,68674,68674,0.014467873416033956,0.014467873416033956,0.0,12.937751999999136,126.381662
dense_0_near_00,simultaneous,0.002,0.0,0.0,vehicle_core,0.1,86447,68674,68674,0.014467873416033956,0.014467873416033956,0.0,12.937751999999136,39.88508400000512
dense_0_near_00,simultaneous,0.01,0.0,0.0,small_core,0.1,86447,68656,62045,0.07233936307591951,0.07233936307591951,0.0,13.029834000001017,39.99202299999638
dense_0_near_00,simultaneous,0.01,0.0,0.0,small_core,0.05,86447,68656,62045,0.07233936307591951,0.07233936307591951,0.0,13.029834000001017,122.7747309999998
dense_0_near_00,simultaneous,0.01,0.0,0.0,vehicle_core,0.1,86447,68656,62045,0.07233936307591951,0.07233936307591951,0.0,13.029834000001017,38.040748000000235
dense_0_near_00,simultaneous,0.02,0.0,0.0,small_core,0.1,86447,68629,0,0.14464030119611138,0.14464030119611138,0.0,14.566494000000318,0.18249900000455455
dense_0_near_00,simultaneous,0.02,0.0,0.0,small_core,0.05,86447,68629,0,0.14464030119611138,0.14464030119611138,0.0,14.566494000000318,0.5865890000009699
dense_0_near_00,simultaneous,0.02,0.0,0.0,vehicle_core,0.1,86447,68629,0,0.14464030119611138,0.14464030119611138,0.0,14.566494000000318,0.12472200000246403
dense_0_near_00,individual_age,0.002,0.02,0.0,small_core,0.1,86447,68674,30438,0.014467873416033956,0.11368174036080482,0.0,12.799053999998478,47.55159199999781
dense_0_near_00,individual_age,0.002,0.02,0.0,small_core,0.05,86447,68674,30438,0.014467873416033956,0.11368174036080482,0.0,12.799053999998478,170.16060799999622
dense_0_near_00,individual_age,0.002,0.02,0.0,vehicle_core,0.1,86447,68674,30438,0.014467873416033956,0.11368174036080482,0.0,12.799053999998478,47.02213600000249
dense_0_near_00,oldest_age,0.002,0.02,0.0,small_core,0.1,86447,68674,0,0.014467873416033956,0.1149389850428815,0.0,12.827059999999335,0.15002199999969434
dense_0_near_00,oldest_age,0.002,0.02,0.0,small_core,0.05,86447,68674,0,0.014467873416033956,0.1149389850428815,0.0,12.827059999999335,0.5700980000042932
dense_0_near_00,oldest_age,0.002,0.02,0.0,vehicle_core,0.1,86447,68674,0,0.014467873416033956,0.1149389850428815,0.0,12.827059999999335,0.11962900000384025
dense_0_near_00,individual_age,0.002,0.02,1.5707963267948966,small_core,0.1,86447,68674,29847,0.014467873416033956,0.11028757420372783,0.0,14.804623999999933,69.2973569999964
dense_0_near_00,individual_age,0.002,0.02,1.5707963267948966,small_core,0.05,86447,68674,29847,0.014467873416033956,0.11028757420372783,0.0,14.804623999999933,248.71830300000397
dense_0_near_00,individual_age,0.002,0.02,1.5707963267948966,vehicle_core,0.1,86447,68674,29847,0.014467873416033956,0.11028757420372783,0.0,14.804623999999933,67.8628049999972
dense_0_near_00,oldest_age,0.002,0.02,1.5707963267948966,small_core,0.1,86447,68674,0,0.014467873416033956,0.11487377450230406,0.0,12.307824000004075,0.17729300000013382
dense_0_near_00,oldest_age,0.002,0.02,1.5707963267948966,small_core,0.05,86447,68674,0,0.014467873416033956,0.11487377450230406,0.0,12.307824000004075,0.551006999998549
dense_0_near_00,oldest_age,0.002,0.02,1.5707963267948966,vehicle_core,0.1,86447,68674,0,0.014467873416033956,0.11487377450230406,0.0,12.307824000004075,0.11525299999703975
dense_0_near_00,individual_age,0.002,0.02,3.141592653589793,small_core,0.1,86447,68674,26680,0.014467873416033956,0.11332733830380114,0.0,12.263650999997822,60.59596800000122
dense_0_near_00,individual_age,0.002,0.02,3.141592653589793,small_core,0.05,86447,68674,26680,0.014467873416033956,0.11332733830380114,0.0,12.263650999997822,213.37844700000375
dense_0_near_00,individual_age,0.002,0.02,3.141592653589793,vehicle_core,0.1,86447,68674,26680,0.014467873416033956,0.11332733830380114,0.0,12.263650999997822,63.15795100000088
dense_0_near_00,oldest_age,0.002,0.02,3.141592653589793,small_core,0.1,86447,68674,0,0.014467873416033956,0.11506781872574001,0.0,13.43652500000303,0.16195399999929805
dense_0_near_00,oldest_age,0.002,0.02,3.141592653589793,small_core,0.05,86447,68674,0,0.014467873416033956,0.11506781872574001,0.0,13.43652500000303,0.575191999999447
dense_0_near_00,oldest_age,0.002,0.02,3.141592653589793,vehicle_core,0.1,86447,68674,0,0.014467873416033956,0.11506781872574001,0.0,13.43652500000303,0.13571899999931247
dense_0_near_00,individual_age,0.002,0.02,4.71238898038469,small_core,0.1,86447,68674,29247,0.014467873416033956,0.11373607668155797,0.0,14.991824999995629,59.2700110000024
dense_0_near_00,individual_age,0.002,0.02,4.71238898038469,small_core,0.05,86447,68674,29247,0.014467873416033956,0.11373607668155797,0.0,14.991824999995629,219.86809199999868
dense_0_near_00,individual_age,0.002,0.02,4.71238898038469,vehicle_core,0.1,86447,68674,29247,0.014467873416033956,0.11373607668155797,0.0,14.991824999995629,61.46301799999776
dense_0_near_00,oldest_age,0.002,0.02,4.71238898038469,small_core,0.1,86447,68674,0,0.014467873416033956,0.11500321001649155,0.0,12.787297999999225,0.15864000000220813
dense_0_near_00,oldest_age,0.002,0.02,4.71238898038469,small_core,0.05,86447,68674,0,0.014467873416033956,0.11500321001649155,0.0,12.787297999999225,0.5631430000008208
dense_0_near_00,oldest_age,0.002,0.02,4.71238898038469,vehicle_core,0.1,86447,68674,0,0.014467873416033956,0.11500321001649155,0.0,12.787297999999225,0.1458240000005162
dense_0_near_00,individual_age,0.002,0.05,0.0,small_core,0.1,86447,68674,12824,0.014467873416033956,0.26663187251253667,0.0,14.586502000000223,66.46932800000371
dense_0_near_00,individual_age,0.002,0.05,0.0,small_core,0.05,86447,68674,12824,0.014467873416033956,0.26663187251253667,0.0,14.586502000000223,252.75609999999915
dense_0_near_00,individual_age,0.002,0.05,0.0,vehicle_core,0.1,86447,68674,12824,0.014467873416033956,0.26663187251253667,0.0,14.586502000000223,68.43305799999655
dense_0_near_00,oldest_age,0.002,0.05,0.0,small_core,0.1,86447,68674,0,0.014467873416033956,0.2678899248871987,0.0,11.9751889999975,0.1475339999998937
dense_0_near_00,oldest_age,0.002,0.05,0.0,small_core,0.05,86447,68674,0,0.014467873416033956,0.2678899248871987,0.0,11.9751889999975,0.5306689999997616
dense_0_near_00,oldest_age,0.002,0.05,0.0,vehicle_core,0.1,86447,68674,0,0.014467873416033956,0.2678899248871987,0.0,11.9751889999975,0.13102900000205864
dense_0_near_00,individual_age,0.002,0.05,1.5707963267948966,small_core,0.1,86447,68674,10883,0.014467873416033956,0.2631377902323988,0.0,12.414317000001063,61.72000400000144
dense_0_near_00,individual_age,0.002,0.05,1.5707963267948966,small_core,0.05,86447,68674,10883,0.014467873416033956,0.2631377902323988,0.0,12.414317000001063,231.38684700000312
dense_0_near_00,individual_age,0.002,0.05,1.5707963267948966,vehicle_core,0.1,86447,68674,10883,0.014467873416033956,0.2631377902323988,0.0,12.414317000001063,60.04798900000452
dense_0_near_00,oldest_age,0.002,0.05,1.5707963267948966,small_core,0.1,86447,68674,0,0.014467873416033956,0.26772400343009883,0.0,12.64710699999938,0.16757099999864522
dense_0_near_00,oldest_age,0.002,0.05,1.5707963267948966,small_core,0.05,86447,68674,0,0.014467873416033956,0.26772400343009883,0.0,12.64710699999938,0.619254999996599
dense_0_near_00,oldest_age,0.002,0.05,1.5707963267948966,vehicle_core,0.1,86447,68674,0,0.014467873416033956,0.26772400343009883,0.0,12.64710699999938,0.12087500000035334
dense_0_near_00,individual_age,0.002,0.05,3.141592653589793,small_core,0.1,86447,68674,10633,0.014467873416033956,0.26607760529397756,0.0,14.550071000002163,49.99806799999362
dense_0_near_00,individual_age,0.002,0.05,3.141592653589793,small_core,0.05,86447,68674,10633,0.014467873416033956,0.26607760529397756,0.0,14.550071000002163,188.9129010000019
dense_0_near_00,individual_age,0.002,0.05,3.141592653589793,vehicle_core,0.1,86447,68674,10633,0.014467873416033956,0.26607760529397756,0.0,14.550071000002163,49.76545899999962
dense_0_near_00,oldest_age,0.002,0.05,3.141592653589793,small_core,0.1,86447,68674,0,0.014467873416033956,0.2682177342584191,0.0,13.198701999996842,0.173567000004482
dense_0_near_00,oldest_age,0.002,0.05,3.141592653589793,small_core,0.05,86447,68674,0,0.014467873416033956,0.2682177342584191,0.0,13.198701999996842,0.5445580000014161
dense_0_near_00,oldest_age,0.002,0.05,3.141592653589793,vehicle_core,0.1,86447,68674,0,0.014467873416033956,0.2682177342584191,0.0,13.198701999996842,0.116642000001832
dense_0_near_00,individual_age,0.002,0.05,4.71238898038469,small_core,0.1,86447,68674,12043,0.014467873416033956,0.2667861393568127,0.0,14.616197999998803,49.28362199999725
dense_0_near_00,individual_age,0.002,0.05,4.71238898038469,small_core,0.05,86447,68674,12043,0.014467873416033956,0.2667861393568127,0.0,14.616197999998803,188.9770340000041
dense_0_near_00,individual_age,0.002,0.05,4.71238898038469,vehicle_core,0.1,86447,68674,12043,0.014467873416033956,0.2667861393568127,0.0,14.616197999998803,49.47637600000121
dense_0_near_00,oldest_age,0.002,0.05,4.71238898038469,small_core,0.1,86447,68674,0,0.014467873416033956,0.2680533404761238,0.0,11.951468999995996,0.14924099999547025
dense_0_near_00,oldest_age,0.002,0.05,4.71238898038469,small_core,0.05,86447,68674,0,0.014467873416033956,0.2680533404761238,0.0,11.951468999995996,0.5370969999987096
dense_0_near_00,oldest_age,0.002,0.05,4.71238898038469,vehicle_core,0.1,86447,68674,0,0.014467873416033956,0.2680533404761238,0.0,11.951468999995996,0.13334900000216976
dense_1_far_00,simultaneous,0.0,0.0,0.0,small_core,0.1,90125,70211,70211,1.0011897913210213e-09,1.0011897913210213e-09,0.0,13.534502000005944,38.99317300000149
dense_1_far_00,simultaneous,0.0,0.0,0.0,small_core,0.05,90125,70211,70211,1.0011897913210213e-09,1.0011897913210213e-09,0.2832867374448157,13.534502000005944,121.87437699999748
dense_1_far_00,simultaneous,0.0,0.0,0.0,vehicle_core,0.1,90125,70211,70211,1.0011897913210213e-09,1.0011897913210213e-09,0.5741099943750895,13.534502000005944,39.25111600000264
dense_1_far_00,simultaneous,0.002,0.0,0.0,small_core,0.1,90125,70210,70210,0.017983836562833373,0.017983836562833373,0.0,13.173805999997512,38.87507799999668
dense_1_far_00,simultaneous,0.002,0.0,0.0,small_core,0.05,90125,70210,70210,0.017983836562833373,0.017983836562833373,0.2832867374448157,13.173805999997512,118.53747199999987
dense_1_far_00,simultaneous,0.002,0.0,0.0,vehicle_core,0.1,90125,70210,70210,0.017983836562833373,0.017983836562833373,0.5741099943750895,13.173805999997512,40.50028500000025
dense_1_far_00,simultaneous,0.01,0.0,0.0,small_core,0.1,90125,70186,62208,0.08991917880997503,0.08991917880997503,0.0,13.682733999999641,43.42611900000293
dense_1_far_00,simultaneous,0.01,0.0,0.0,small_core,0.05,90125,70186,62208,0.08991917880997503,0.08991917880997503,0.2832867374448157,13.682733999999641,144.23998099999835
dense_1_far_00,simultaneous,0.01,0.0,0.0,vehicle_core,0.1,90125,70186,62208,0.08991917880997503,0.08991917880997503,0.4145799177760322,13.682733999999641,43.36762999999877
dense_1_far_00,simultaneous,0.02,0.0,0.0,small_core,0.1,90125,70158,0,0.17983835661887382,0.17983835661887382,0.0,13.426191000000642,0.16155400000172904
dense_1_far_00,simultaneous,0.02,0.0,0.0,small_core,0.05,90125,70158,0,0.17983835661887382,0.17983835661887382,0.0,13.426191000000642,0.61891899999722
dense_1_far_00,simultaneous,0.02,0.0,0.0,vehicle_core,0.1,90125,70158,0,0.17983835661887382,0.17983835661887382,0.0,13.426191000000642,0.12876800000327648
dense_1_far_00,individual_age,0.002,0.02,0.0,small_core,0.1,90125,70210,32206,0.017983836562833373,0.11634888816899486,0.0,13.191796999997507,41.91356500000154
dense_1_far_00,individual_age,0.002,0.02,0.0,small_core,0.05,90125,70210,32206,0.017983836562833373,0.11634888816899486,0.2832867374448157,13.191796999997507,149.9992419999998
dense_1_far_00,individual_age,0.002,0.02,0.0,vehicle_core,0.1,90125,70210,32206,0.017983836562833373,0.11634888816899486,0.5741099943750895,13.191796999997507,42.80873899999449
dense_1_far_00,oldest_age,0.002,0.02,0.0,small_core,0.1,90125,70210,0,0.017983836562833373,0.11845477393895056,0.0,12.788905000000739,0.15528000000131215
dense_1_far_00,oldest_age,0.002,0.02,0.0,small_core,0.05,90125,70210,0,0.017983836562833373,0.11845477393895056,0.0,12.788905000000739,0.7173560000026669
dense_1_far_00,oldest_age,0.002,0.02,0.0,vehicle_core,0.1,90125,70210,0,0.017983836562833373,0.11845477393895056,0.0,12.788905000000739,0.13789200000502433
dense_1_far_00,individual_age,0.002,0.02,1.5707963267948966,small_core,0.1,90125,70210,29703,0.017983836562833373,0.11057700466948736,0.0,12.69876000000636,72.77770299999986
dense_1_far_00,individual_age,0.002,0.02,1.5707963267948966,small_core,0.05,90125,70210,29703,0.017983836562833373,0.11057700466948736,0.0,12.69876000000636,283.16393099999715
dense_1_far_00,individual_age,0.002,0.02,1.5707963267948966,vehicle_core,0.1,90125,70210,29703,0.017983836562833373,0.11057700466948736,0.0,12.69876000000636,75.35869600000211
dense_1_far_00,oldest_age,0.002,0.02,1.5707963267948966,small_core,0.1,90125,70210,0,0.017983836562833373,0.11838974033040323,0.0,13.245410999999763,0.15825699999538756
dense_1_far_00,oldest_age,0.002,0.02,1.5707963267948966,small_core,0.05,90125,70210,0,0.017983836562833373,0.11838974033040323,0.0,13.245410999999763,0.5298820000021465
dense_1_far_00,oldest_age,0.002,0.02,1.5707963267948966,vehicle_core,0.1,90125,70210,0,0.017983836562833373,0.11838974033040323,0.0,13.245410999999763,0.13357199999575187
dense_1_far_00,individual_age,0.002,0.02,3.141592653589793,small_core,0.1,90125,70210,27826,0.017983836562833373,0.11624214078045764,0.0,12.567402000001948,70.35960900000049
dense_1_far_00,individual_age,0.002,0.02,3.141592653589793,small_core,0.05,90125,70210,27826,0.017983836562833373,0.11624214078045764,0.0,12.567402000001948,260.475741999997
dense_1_far_00,individual_age,0.002,0.02,3.141592653589793,vehicle_core,0.1,90125,70210,27826,0.017983836562833373,0.11624214078045764,0.0,12.567402000001948,71.7639690000027
dense_1_far_00,oldest_age,0.002,0.02,3.141592653589793,small_core,0.1,90125,70210,0,0.017983836562833373,0.11858382375416496,0.0,12.250889999997128,0.14221700000405235
dense_1_far_00,oldest_age,0.002,0.02,3.141592653589793,small_core,0.05,90125,70210,0,0.017983836562833373,0.11858382375416496,0.0,12.250889999997128,0.516448999995589
dense_1_far_00,oldest_age,0.002,0.02,3.141592653589793,vehicle_core,0.1,90125,70210,0,0.017983836562833373,0.11858382375416496,0.0,12.250889999997128,0.10973999999919215
dense_1_far_00,individual_age,0.002,0.02,4.71238898038469,small_core,0.1,90125,70210,29589,0.017983836562833373,0.11640218443485298,0.0,13.56032199999646,60.80621400000297
dense_1_far_00,individual_age,0.002,0.02,4.71238898038469,small_core,0.05,90125,70210,29589,0.017983836562833373,0.11640218443485298,0.0,13.56032199999646,218.3482299999966
dense_1_far_00,individual_age,0.002,0.02,4.71238898038469,vehicle_core,0.1,90125,70210,29589,0.017983836562833373,0.11640218443485298,0.0,13.56032199999646,59.279598000003375
dense_1_far_00,oldest_age,0.002,0.02,4.71238898038469,small_core,0.1,90125,70210,0,0.017983836562833373,0.11851918282601318,0.0,12.37093099999953,0.14831600000064782
dense_1_far_00,oldest_age,0.002,0.02,4.71238898038469,small_core,0.05,90125,70210,0,0.017983836562833373,0.11851918282601318,0.0,12.37093099999953,0.5220059999970772
dense_1_far_00,oldest_age,0.002,0.02,4.71238898038469,vehicle_core,0.1,90125,70210,0,0.017983836562833373,0.11851918282601318,0.0,12.37093099999953,0.11322800000357347
dense_1_far_00,individual_age,0.002,0.05,0.0,small_core,0.1,90125,70210,12993,0.017983836562833373,0.26929901180725485,0.0,13.265197000002615,70.30129799999685
dense_1_far_00,individual_age,0.002,0.05,0.0,small_core,0.05,90125,70210,12993,0.017983836562833373,0.26929901180725485,0.0,13.265197000002615,258.5875420000008
dense_1_far_00,individual_age,0.002,0.05,0.0,vehicle_core,0.1,90125,70210,12993,0.017983836562833373,0.26929901180725485,0.0,13.265197000002615,69.91940099999994
dense_1_far_00,oldest_age,0.002,0.05,0.0,small_core,0.1,90125,70210,0,0.017983836562833373,0.27140544466862704,0.0,12.284805999996706,0.14102900000523277
dense_1_far_00,oldest_age,0.002,0.05,0.0,small_core,0.05,90125,70210,0,0.017983836562833373,0.27140544466862704,0.0,12.284805999996706,0.5243709999973589
dense_1_far_00,oldest_age,0.002,0.05,0.0,vehicle_core,0.1,90125,70210,0,0.017983836562833373,0.27140544466862704,0.0,12.284805999996706,0.1271309999992809
dense_1_far_00,individual_age,0.002,0.05,1.5707963267948966,small_core,0.1,90125,70210,10491,0.017983836562833373,0.26342721578952605,0.0,12.228024000002335,71.94708099999758
dense_1_far_00,individual_age,0.002,0.05,1.5707963267948966,small_core,0.05,90125,70210,10491,0.017983836562833373,0.26342721578952605,0.0,12.228024000002335,275.0564130000015
dense_1_far_00,individual_age,0.002,0.05,1.5707963267948966,vehicle_core,0.1,90125,70210,10491,0.017983836562833373,0.26342721578952605,0.0,12.228024000002335,73.19418299999825
dense_1_far_00,oldest_age,0.002,0.05,1.5707963267948966,small_core,0.1,90125,70210,0,0.017983836562833373,0.2712399733991494,0.0,13.597201000003167,0.16038799999762432
dense_1_far_00,oldest_age,0.002,0.05,1.5707963267948966,small_core,0.05,90125,70210,0,0.017983836562833373,0.2712399733991494,0.0,13.597201000003167,0.571381999996845
dense_1_far_00,oldest_age,0.002,0.05,1.5707963267948966,vehicle_core,0.1,90125,70210,0,0.017983836562833373,0.2712399733991494,0.0,13.597201000003167,0.12583099999829983
dense_1_far_00,individual_age,0.002,0.05,3.141592653589793,small_core,0.1,90125,70210,12241,0.017983836562833373,0.2689924037360389,0.0,13.65197300000176,44.415872000001855
dense_1_far_00,individual_age,0.002,0.05,3.141592653589793,small_core,0.05,90125,70210,12241,0.017983836562833373,0.2689924037360389,0.0,13.65197300000176,165.58945499999567
dense_1_far_00,individual_age,0.002,0.05,3.141592653589793,vehicle_core,0.1,90125,70210,12241,0.017983836562833373,0.2689924037360389,0.0,13.65197300000176,43.22379699999601
dense_1_far_00,oldest_age,0.002,0.05,3.141592653589793,small_core,0.1,90125,70210,0,0.017983836562833373,0.27173380397160696,0.0,13.034718000000112,0.16341700000310766
dense_1_far_00,oldest_age,0.002,0.05,3.141592653589793,small_core,0.05,90125,70210,0,0.017983836562833373,0.27173380397160696,0.0,13.034718000000112,0.5524180000051615
dense_1_far_00,oldest_age,0.002,0.05,3.141592653589793,vehicle_core,0.1,90125,70210,0,0.017983836562833373,0.27173380397160696,0.0,13.034718000000112,0.11762799999814888
dense_1_far_00,individual_age,0.002,0.05,4.71238898038469,small_core,0.1,90125,70210,12715,0.017983836562833373,0.2694522486458631,0.0,14.76384899999772,45.906968000004156
dense_1_far_00,individual_age,0.002,0.05,4.71238898038469,small_core,0.05,90125,70210,12715,0.017983836562833373,0.2694522486458631,0.0,14.76384899999772,173.58435399999905
dense_1_far_00,individual_age,0.002,0.05,4.71238898038469,vehicle_core,0.1,90125,70210,12715,0.017983836562833373,0.2694522486458631,0.0,14.76384899999772,45.076151000003506
dense_1_far_00,oldest_age,0.002,0.05,4.71238898038469,small_core,0.1,90125,70210,0,0.017983836562833373,0.271569328209124,0.0,12.988497000002042,0.14975999999933265
dense_1_far_00,oldest_age,0.002,0.05,4.71238898038469,small_core,0.05,90125,70210,0,0.017983836562833373,0.271569328209124,0.0,12.988497000002042,0.5289860000061708
dense_1_far_00,oldest_age,0.002,0.05,4.71238898038469,vehicle_core,0.1,90125,70210,0,0.017983836562833373,0.271569328209124,0.0,12.988497000002042,0.11205699999550234
dense_1_free_00,simultaneous,0.0,0.0,0.0,small_core,0.1,90125,70463,70463,1.0011897913210213e-09,1.0011897913210213e-09,0.0,12.723940999997296,38.40244199999887
dense_1_free_00,simultaneous,0.0,0.0,0.0,small_core,0.05,90125,70463,70463,1.0011897913210213e-09,1.0011897913210213e-09,0.2832867374448157,12.723940999997296,126.67007200000313
dense_1_free_00,simultaneous,0.0,0.0,0.0,vehicle_core,0.1,90125,70463,70463,1.0011897913210213e-09,1.0011897913210213e-09,0.6560928169962029,12.723940999997296,41.02266600000348
dense_1_free_00,simultaneous,0.002,0.0,0.0,small_core,0.1,90125,70462,70462,0.017983836562833373,0.017983836562833373,0.0,13.404421000004163,42.814495999998314
dense_1_free_00,simultaneous,0.002,0.0,0.0,small_core,0.05,90125,70462,70462,0.017983836562833373,0.017983836562833373,0.2832867374448157,13.404421000004163,123.87087100000116
dense_1_free_00,simultaneous,0.002,0.0,0.0,vehicle_core,0.1,90125,70462,70462,0.017983836562833373,0.017983836562833373,0.6560928169962029,13.404421000004163,39.893894000002206
dense_1_free_00,simultaneous,0.01,0.0,0.0,small_core,0.1,90125,70442,62340,0.08991917880997503,0.08991917880997503,0.0,13.368737999996938,45.83138399999598
dense_1_free_00,simultaneous,0.01,0.0,0.0,small_core,0.05,90125,70442,62340,0.08991917880997503,0.08991917880997503,0.2832867374448157,13.368737999996938,150.03016000000002
dense_1_free_00,simultaneous,0.01,0.0,0.0,vehicle_core,0.1,90125,70442,62340,0.08991917880997503,0.08991917880997503,0.4145799177760322,13.368737999996938,45.68115400000039
dense_1_free_00,simultaneous,0.02,0.0,0.0,small_core,0.1,90125,70417,0,0.17983835661887382,0.17983835661887382,0.0,15.36866699999706,0.17295899999680842
dense_1_free_00,simultaneous,0.02,0.0,0.0,small_core,0.05,90125,70417,0,0.17983835661887382,0.17983835661887382,0.0,15.36866699999706,0.5428749999936144
dense_1_free_00,simultaneous,0.02,0.0,0.0,vehicle_core,0.1,90125,70417,0,0.17983835661887382,0.17983835661887382,0.0,15.36866699999706,0.13936900000288688
dense_1_free_00,individual_age,0.002,0.02,0.0,small_core,0.1,90125,70462,32458,0.017983836562833373,0.11634888816899486,0.0,13.054175000000612,40.82472800000403
dense_1_free_00,individual_age,0.002,0.02,0.0,small_core,0.05,90125,70462,32458,0.017983836562833373,0.11634888816899486,0.2832867374448157,13.054175000000612,146.9042519999988
dense_1_free_00,individual_age,0.002,0.02,0.0,vehicle_core,0.1,90125,70462,32458,0.017983836562833373,0.11634888816899486,0.6560928169962029,13.054175000000612,41.60666499999621
dense_1_free_00,oldest_age,0.002,0.02,0.0,small_core,0.1,90125,70462,0,0.017983836562833373,0.11845477393895056,0.0,12.806728000001044,0.147097000002816
dense_1_free_00,oldest_age,0.002,0.02,0.0,small_core,0.05,90125,70462,0,0.017983836562833373,0.11845477393895056,0.0,12.806728000001044,0.5644189999998162
dense_1_free_00,oldest_age,0.002,0.02,0.0,vehicle_core,0.1,90125,70462,0,0.017983836562833373,0.11845477393895056,0.0,12.806728000001044,0.13909699999459235
dense_1_free_00,individual_age,0.002,0.02,1.5707963267948966,small_core,0.1,90125,70462,29955,0.017983836562833373,0.11057700466948736,0.0,13.074601999996105,74.0973349999976
dense_1_free_00,individual_age,0.002,0.02,1.5707963267948966,small_core,0.05,90125,70462,29955,0.017983836562833373,0.11057700466948736,0.0,13.074601999996105,273.59224899999646
dense_1_free_00,individual_age,0.002,0.02,1.5707963267948966,vehicle_core,0.1,90125,70462,29955,0.017983836562833373,0.11057700466948736,0.0,13.074601999996105,74.40752999999489
dense_1_free_00,oldest_age,0.002,0.02,1.5707963267948966,small_core,0.1,90125,70462,0,0.017983836562833373,0.11838974033040323,0.0,14.224063000000342,0.15646100000310526
dense_1_free_00,oldest_age,0.002,0.02,1.5707963267948966,small_core,0.05,90125,70462,0,0.017983836562833373,0.11838974033040323,0.0,14.224063000000342,0.5525269999964166
dense_1_free_00,oldest_age,0.002,0.02,1.5707963267948966,vehicle_core,0.1,90125,70462,0,0.017983836562833373,0.11838974033040323,0.0,14.224063000000342,0.1204749999956789
dense_1_free_00,individual_age,0.002,0.02,3.141592653589793,small_core,0.1,90125,70462,27826,0.017983836562833373,0.11624214078045764,0.0,14.544546999999852,72.25232400000436
dense_1_free_00,individual_age,0.002,0.02,3.141592653589793,small_core,0.05,90125,70462,27826,0.017983836562833373,0.11624214078045764,0.0,14.544546999999852,260.1577270000064
dense_1_free_00,individual_age,0.002,0.02,3.141592653589793,vehicle_core,0.1,90125,70462,27826,0.017983836562833373,0.11624214078045764,0.0,14.544546999999852,69.71975399999764
dense_1_free_00,oldest_age,0.002,0.02,3.141592653589793,small_core,0.1,90125,70462,0,0.017983836562833373,0.11858382375416496,0.0,14.433206000006749,0.14758999999742173
dense_1_free_00,oldest_age,0.002,0.02,3.141592653589793,small_core,0.05,90125,70462,0,0.017983836562833373,0.11858382375416496,0.0,14.433206000006749,0.5305580000012355
dense_1_free_00,oldest_age,0.002,0.02,3.141592653589793,vehicle_core,0.1,90125,70462,0,0.017983836562833373,0.11858382375416496,0.0,14.433206000006749,0.12353000000331349
dense_1_free_00,individual_age,0.002,0.02,4.71238898038469,small_core,0.1,90125,70462,29589,0.017983836562833373,0.11640218443485298,0.0,12.79972300000054,57.54341900000526
dense_1_free_00,individual_age,0.002,0.02,4.71238898038469,small_core,0.05,90125,70462,29589,0.017983836562833373,0.11640218443485298,0.0,12.79972300000054,210.5712229999952
dense_1_free_00,individual_age,0.002,0.02,4.71238898038469,vehicle_core,0.1,90125,70462,29589,0.017983836562833373,0.11640218443485298,0.0,12.79972300000054,59.04269199999845
dense_1_free_00,oldest_age,0.002,0.02,4.71238898038469,small_core,0.1,90125,70462,0,0.017983836562833373,0.11851918282601318,0.0,13.65509699999734,0.1739920000005668
dense_1_free_00,oldest_age,0.002,0.02,4.71238898038469,small_core,0.05,90125,70462,0,0.017983836562833373,0.11851918282601318,0.0,13.65509699999734,0.5731010000005199
dense_1_free_00,oldest_age,0.002,0.02,4.71238898038469,vehicle_core,0.1,90125,70462,0,0.017983836562833373,0.11851918282601318,0.0,13.65509699999734,0.12362599999704571
dense_1_free_00,individual_age,0.002,0.05,0.0,small_core,0.1,90125,70462,13245,0.017983836562833373,0.26929901180725485,0.0,14.82863799999734,70.14483400000415
dense_1_free_00,individual_age,0.002,0.05,0.0,small_core,0.05,90125,70462,13245,0.017983836562833373,0.26929901180725485,0.0,14.82863799999734,268.58423800000253
dense_1_free_00,individual_age,0.002,0.05,0.0,vehicle_core,0.1,90125,70462,13245,0.017983836562833373,0.26929901180725485,0.0,14.82863799999734,69.24084700000321
dense_1_free_00,oldest_age,0.002,0.05,0.0,small_core,0.1,90125,70462,0,0.017983836562833373,0.27140544466862704,0.0,12.874871000001065,0.1704290000006381
dense_1_free_00,oldest_age,0.002,0.05,0.0,small_core,0.05,90125,70462,0,0.017983836562833373,0.27140544466862704,0.0,12.874871000001065,0.5822350000030951
dense_1_free_00,oldest_age,0.002,0.05,0.0,vehicle_core,0.1,90125,70462,0,0.017983836562833373,0.27140544466862704,0.0,12.874871000001065,0.1256600000019148
dense_1_free_00,individual_age,0.002,0.05,1.5707963267948966,small_core,0.1,90125,70462,10491,0.017983836562833373,0.26342721578952605,0.0,12.804600999999138,70.5767670000057
dense_1_free_00,individual_age,0.002,0.05,1.5707963267948966,small_core,0.05,90125,70462,10491,0.017983836562833373,0.26342721578952605,0.0,12.804600999999138,269.06738299999944
dense_1_free_00,individual_age,0.002,0.05,1.5707963267948966,vehicle_core,0.1,90125,70462,10491,0.017983836562833373,0.26342721578952605,0.0,12.804600999999138,69.47616600000117
dense_1_free_00,oldest_age,0.002,0.05,1.5707963267948966,small_core,0.1,90125,70462,0,0.017983836562833373,0.2712399733991494,0.0,14.352665000004095,0.17765799999835963
dense_1_free_00,oldest_age,0.002,0.05,1.5707963267948966,small_core,0.05,90125,70462,0,0.017983836562833373,0.2712399733991494,0.0,14.352665000004095,0.6411540000001992
dense_1_free_00,oldest_age,0.002,0.05,1.5707963267948966,vehicle_core,0.1,90125,70462,0,0.017983836562833373,0.2712399733991494,0.0,14.352665000004095,0.13052300000282457
dense_1_free_00,individual_age,0.002,0.05,3.141592653589793,small_core,0.1,90125,70462,12241,0.017983836562833373,0.2689924037360389,0.0,12.49000899999686,45.421332000003645
dense_1_free_00,individual_age,0.002,0.05,3.141592653589793,small_core,0.05,90125,70462,12241,0.017983836562833373,0.2689924037360389,0.0,12.49000899999686,164.50912599999867
dense_1_free_00,individual_age,0.002,0.05,3.141592653589793,vehicle_core,0.1,90125,70462,12241,0.017983836562833373,0.2689924037360389,0.0,12.49000899999686,45.69448999999537
dense_1_free_00,oldest_age,0.002,0.05,3.141592653589793,small_core,0.1,90125,70462,0,0.017983836562833373,0.27173380397160696,0.0,13.460299999998426,0.1540009999985159
dense_1_free_00,oldest_age,0.002,0.05,3.141592653589793,small_core,0.05,90125,70462,0,0.017983836562833373,0.27173380397160696,0.0,13.460299999998426,0.5471890000023905
dense_1_free_00,oldest_age,0.002,0.05,3.141592653589793,vehicle_core,0.1,90125,70462,0,0.017983836562833373,0.27173380397160696,0.0,13.460299999998426,0.11762500000145337
dense_1_free_00,individual_age,0.002,0.05,4.71238898038469,small_core,0.1,90125,70462,12715,0.017983836562833373,0.2694522486458631,0.0,14.441510000004598,46.53664599999985
dense_1_free_00,individual_age,0.002,0.05,4.71238898038469,small_core,0.05,90125,70462,12715,0.017983836562833373,0.2694522486458631,0.0,14.441510000004598,174.69975099999857
dense_1_free_00,individual_age,0.002,0.05,4.71238898038469,vehicle_core,0.1,90125,70462,12715,0.017983836562833373,0.2694522486458631,0.0,14.441510000004598,45.90232299999997
dense_1_free_00,oldest_age,0.002,0.05,4.71238898038469,small_core,0.1,90125,70462,0,0.017983836562833373,0.271569328209124,0.0,14.61357000000163,0.17101499999938596
dense_1_free_00,oldest_age,0.002,0.05,4.71238898038469,small_core,0.05,90125,70462,0,0.017983836562833373,0.271569328209124,0.0,14.61357000000163,0.5646289999958753
dense_1_free_00,oldest_age,0.002,0.05,4.71238898038469,vehicle_core,0.1,90125,70462,0,0.017983836562833373,0.271569328209124,0.0,14.61357000000163,0.1224720000010393
dense_1_near_00,simultaneous,0.0,0.0,0.0,small_core,0.1,90125,69918,69918,1.0011897913210213e-09,1.0011897913210213e-09,0.0,13.466887999996402,40.69932899999884
dense_1_near_00,simultaneous,0.0,0.0,0.0,small_core,0.05,90125,69918,69918,1.0011897913210213e-09,1.0011897913210213e-09,0.0,13.466887999996402,119.78304099999804
dense_1_near_00,simultaneous,0.0,0.0,0.0,vehicle_core,0.1,90125,69918,69918,1.0011897913210213e-09,1.0011897913210213e-09,0.0,13.466887999996402,39.313419999999155
dense_1_near_00,simultaneous,0.002,0.0,0.0,small_core,0.1,90125,69917,69917,0.017983836562833373,0.017983836562833373,0.0,12.733063999995409,37.86177300000304
dense_1_near_00,simultaneous,0.002,0.0,0.0,small_core,0.05,90125,69917,69917,0.017983836562833373,0.017983836562833373,0.0,12.733063999995409,122.9340560000054
dense_1_near_00,simultaneous,0.002,0.0,0.0,vehicle_core,0.1,90125,69917,69917,0.017983836562833373,0.017983836562833373,0.0,12.733063999995409,38.97590199999712
dense_1_near_00,simultaneous,0.01,0.0,0.0,small_core,0.1,90125,69891,61789,0.08991917880997503,0.08991917880997503,0.0,12.896320000002959,44.78259799999762
dense_1_near_00,simultaneous,0.01,0.0,0.0,small_core,0.05,90125,69891,61789,0.08991917880997503,0.08991917880997503,0.0,12.896320000002959,152.73394500000137
dense_1_near_00,simultaneous,0.01,0.0,0.0,vehicle_core,0.1,90125,69891,61789,0.08991917880997503,0.08991917880997503,0.0,12.896320000002959,45.4429880000049
dense_1_near_00,simultaneous,0.02,0.0,0.0,small_core,0.1,90125,69862,0,0.17983835661887382,0.17983835661887382,0.0,12.577023999995163,0.1564049999984718
dense_1_near_00,simultaneous,0.02,0.0,0.0,small_core,0.05,90125,69862,0,0.17983835661887382,0.17983835661887382,0.0,12.577023999995163,0.5321519999981206
dense_1_near_00,simultaneous,0.02,0.0,0.0,vehicle_core,0.1,90125,69862,0,0.17983835661887382,0.17983835661887382,0.0,12.577023999995163,0.11832799999922372
dense_1_near_00,individual_age,0.002,0.02,0.0,small_core,0.1,90125,69917,31913,0.017983836562833373,0.11634888816899486,0.0,13.17619400000325,42.48723000000609
dense_1_near_00,individual_age,0.002,0.02,0.0,small_core,0.05,90125,69917,31913,0.017983836562833373,0.11634888816899486,0.0,13.17619400000325,147.1161710000004
dense_1_near_00,individual_age,0.002,0.02,0.0,vehicle_core,0.1,90125,69917,31913,0.017983836562833373,0.11634888816899486,0.0,13.17619400000325,41.72367700000024
dense_1_near_00,oldest_age,0.002,0.02,0.0,small_core,0.1,90125,69917,0,0.017983836562833373,0.11845477393895056,0.0,13.270378999997945,0.16550499999823387
dense_1_near_00,oldest_age,0.002,0.02,0.0,small_core,0.05,90125,69917,0,0.017983836562833373,0.11845477393895056,0.0,13.270378999997945,0.5728219999951989
dense_1_near_00,oldest_age,0.002,0.02,0.0,vehicle_core,0.1,90125,69917,0,0.017983836562833373,0.11845477393895056,0.0,13.270378999997945,0.11995300000222642
dense_1_near_00,individual_age,0.002,0.02,1.5707963267948966,small_core,0.1,90125,69917,29955,0.017983836562833373,0.11057700466948736,0.0,12.69946300000413,75.99190700000236
dense_1_near_00,individual_age,0.002,0.02,1.5707963267948966,small_core,0.05,90125,69917,29955,0.017983836562833373,0.11057700466948736,0.0,12.69946300000413,277.6342929999984
dense_1_near_00,individual_age,0.002,0.02,1.5707963267948966,vehicle_core,0.1,90125,69917,29955,0.017983836562833373,0.11057700466948736,0.0,12.69946300000413,74.24126300000466
dense_1_near_00,oldest_age,0.002,0.02,1.5707963267948966,small_core,0.1,90125,69917,0,0.017983836562833373,0.11838974033040323,0.0,13.28889999999916,0.20151500000054057
dense_1_near_00,oldest_age,0.002,0.02,1.5707963267948966,small_core,0.05,90125,69917,0,0.017983836562833373,0.11838974033040323,0.0,13.28889999999916,0.5797970000003261
dense_1_near_00,oldest_age,0.002,0.02,1.5707963267948966,vehicle_core,0.1,90125,69917,0,0.017983836562833373,0.11838974033040323,0.0,13.28889999999916,0.12110299999790186
dense_1_near_00,individual_age,0.002,0.02,3.141592653589793,small_core,0.1,90125,69917,27826,0.017983836562833373,0.11624214078045764,0.0,13.248545000003276,71.72337299999754
dense_1_near_00,individual_age,0.002,0.02,3.141592653589793,small_core,0.05,90125,69917,27826,0.017983836562833373,0.11624214078045764,0.0,13.248545000003276,259.5407430000023
dense_1_near_00,individual_age,0.002,0.02,3.141592653589793,vehicle_core,0.1,90125,69917,27826,0.017983836562833373,0.11624214078045764,0.0,13.248545000003276,70.86221800000203
dense_1_near_00,oldest_age,0.002,0.02,3.141592653589793,small_core,0.1,90125,69917,0,0.017983836562833373,0.11858382375416496,0.0,13.059317999996267,0.17225899999573357
dense_1_near_00,oldest_age,0.002,0.02,3.141592653589793,small_core,0.05,90125,69917,0,0.017983836562833373,0.11858382375416496,0.0,13.059317999996267,0.5353780000021402
dense_1_near_00,oldest_age,0.002,0.02,3.141592653589793,vehicle_core,0.1,90125,69917,0,0.017983836562833373,0.11858382375416496,0.0,13.059317999996267,0.11599599999811971
dense_1_near_00,individual_age,0.002,0.02,4.71238898038469,small_core,0.1,90125,69917,29325,0.017983836562833373,0.11640218443485298,0.0,12.925348000003112,57.818388000001164
dense_1_near_00,individual_age,0.002,0.02,4.71238898038469,small_core,0.05,90125,69917,29325,0.017983836562833373,0.11640218443485298,0.0,12.925348000003112,212.81522900000027
dense_1_near_00,individual_age,0.002,0.02,4.71238898038469,vehicle_core,0.1,90125,69917,29325,0.017983836562833373,0.11640218443485298,0.0,12.925348000003112,58.25870500000008
dense_1_near_00,oldest_age,0.002,0.02,4.71238898038469,small_core,0.1,90125,69917,0,0.017983836562833373,0.11851918282601318,0.0,12.577554000003488,0.15234700000377188
dense_1_near_00,oldest_age,0.002,0.02,4.71238898038469,small_core,0.05,90125,69917,0,0.017983836562833373,0.11851918282601318,0.0,12.577554000003488,0.5401549999959343
dense_1_near_00,oldest_age,0.002,0.02,4.71238898038469,vehicle_core,0.1,90125,69917,0,0.017983836562833373,0.11851918282601318,0.0,12.577554000003488,0.11454300000224293
dense_1_near_00,individual_age,0.002,0.05,0.0,small_core,0.1,90125,69917,13245,0.017983836562833373,0.26929901180725485,0.0,13.205959000003986,70.76334300000298
dense_1_near_00,individual_age,0.002,0.05,0.0,small_core,0.05,90125,69917,13245,0.017983836562833373,0.26929901180725485,0.0,13.205959000003986,267.48865999999794
dense_1_near_00,individual_age,0.002,0.05,0.0,vehicle_core,0.1,90125,69917,13245,0.017983836562833373,0.26929901180725485,0.0,13.205959000003986,70.50098699999552
dense_1_near_00,oldest_age,0.002,0.05,0.0,small_core,0.1,90125,69917,0,0.017983836562833373,0.27140544466862704,0.0,12.054839999997569,0.1537539999958426
dense_1_near_00,oldest_age,0.002,0.05,0.0,small_core,0.05,90125,69917,0,0.017983836562833373,0.27140544466862704,0.0,12.054839999997569,0.7076019999985306
dense_1_near_00,oldest_age,0.002,0.05,0.0,vehicle_core,0.1,90125,69917,0,0.017983836562833373,0.27140544466862704,0.0,12.054839999997569,0.12797899999839046
dense_1_near_00,individual_age,0.002,0.05,1.5707963267948966,small_core,0.1,90125,69917,10491,0.017983836562833373,0.26342721578952605,0.0,12.225400000005493,69.03265099999345
dense_1_near_00,individual_age,0.002,0.05,1.5707963267948966,small_core,0.05,90125,69917,10491,0.017983836562833373,0.26342721578952605,0.0,12.225400000005493,267.06406699999974
dense_1_near_00,individual_age,0.002,0.05,1.5707963267948966,vehicle_core,0.1,90125,69917,10491,0.017983836562833373,0.26342721578952605,0.0,12.225400000005493,68.77099799999797
dense_1_near_00,oldest_age,0.002,0.05,1.5707963267948966,small_core,0.1,90125,69917,0,0.017983836562833373,0.2712399733991494,0.0,12.285574000003407,0.17983299999713154
dense_1_near_00,oldest_age,0.002,0.05,1.5707963267948966,small_core,0.05,90125,69917,0,0.017983836562833373,0.2712399733991494,0.0,12.285574000003407,0.6620569999995496
dense_1_near_00,oldest_age,0.002,0.05,1.5707963267948966,vehicle_core,0.1,90125,69917,0,0.017983836562833373,0.2712399733991494,0.0,12.285574000003407,0.13487399999689842
dense_1_near_00,individual_age,0.002,0.05,3.141592653589793,small_core,0.1,90125,69917,12241,0.017983836562833373,0.2689924037360389,0.0,13.329648000002692,46.38830799999738
dense_1_near_00,individual_age,0.002,0.05,3.141592653589793,small_core,0.05,90125,69917,12241,0.017983836562833373,0.2689924037360389,0.0,13.329648000002692,169.27466299999594
dense_1_near_00,individual_age,0.002,0.05,3.141592653589793,vehicle_core,0.1,90125,69917,12241,0.017983836562833373,0.2689924037360389,0.0,13.329648000002692,44.98852799999753
dense_1_near_00,oldest_age,0.002,0.05,3.141592653589793,small_core,0.1,90125,69917,0,0.017983836562833373,0.27173380397160696,0.0,12.431303999996146,0.1770829999969692
dense_1_near_00,oldest_age,0.002,0.05,3.141592653589793,small_core,0.05,90125,69917,0,0.017983836562833373,0.27173380397160696,0.0,12.431303999996146,0.5392579999963232
dense_1_near_00,oldest_age,0.002,0.05,3.141592653589793,vehicle_core,0.1,90125,69917,0,0.017983836562833373,0.27173380397160696,0.0,12.431303999996146,0.1177759999961836
dense_1_near_00,individual_age,0.002,0.05,4.71238898038469,small_core,0.1,90125,69917,12451,0.017983836562833373,0.2694522486458631,0.0,12.577256000000148,48.517582000002335
dense_1_near_00,individual_age,0.002,0.05,4.71238898038469,small_core,0.05,90125,69917,12451,0.017983836562833373,0.2694522486458631,0.0,12.577256000000148,181.65705000000543
dense_1_near_00,individual_age,0.002,0.05,4.71238898038469,vehicle_core,0.1,90125,69917,12451,0.017983836562833373,0.2694522486458631,0.0,12.577256000000148,49.24288399999455
dense_1_near_00,oldest_age,0.002,0.05,4.71238898038469,small_core,0.1,90125,69917,0,0.017983836562833373,0.271569328209124,0.0,12.771350000001291,0.15384200000312376
dense_1_near_00,oldest_age,0.002,0.05,4.71238898038469,small_core,0.05,90125,69917,0,0.017983836562833373,0.271569328209124,0.0,12.771350000001291,0.5631580000056147
dense_1_near_00,oldest_age,0.002,0.05,4.71238898038469,vehicle_core,0.1,90125,69917,0,0.017983836562833373,0.271569328209124,0.0,12.771350000001291,0.12390799999906221
