id,speed,horizon,geometry,packet_sha256,acquisition_ms,generation_ms,verification_ms,gate_ms,age_s,old_gate,region_gate,plus_1ms_old,plus_1ms_region,physical_movement_authorized
base_0_far_00_v0.0_h0.2,0.0,0.2,False,,22.415094000002966,0.0001069999999714355,0.0,0.0,0.04241520100000294,False,False,False,False,False
base_0_far_00_v0.0_h0.3,0.0,0.3,False,,22.415094000002966,0.00010900000013691624,0.0,0.0,0.04241520300000311,False,False,False,False,False
base_0_far_00_v0.0_h0.4,0.0,0.4,False,,22.415094000002966,0.00019600000022990116,0.0,0.0,0.0424152900000032,False,False,False,False,False
base_0_far_00_v0.5_h0.2,0.5,0.2,False,,22.415094000002966,5.09999988906884e-05,0.0,0.0,0.04241514500000186,False,False,False,False,False
base_0_far_00_v0.5_h0.3,0.5,0.3,False,,22.415094000002966,7.100000054549582e-05,0.0,0.0,0.042415165000003516,False,False,False,False,False
base_0_far_00_v0.5_h0.4,0.5,0.4,False,,22.415094000002966,8.800000017572529e-05,0.0,0.0,0.042415182000003146,False,False,False,False,False
base_0_far_00_v1.0_h0.2,1.0,0.2,False,,22.415094000002966,5.09999988906884e-05,0.0,0.0,0.04241514500000186,False,False,False,False,False
base_0_far_00_v1.0_h0.3,1.0,0.3,False,,22.415094000002966,5.599999930439026e-05,0.0,0.0,0.042415150000002275,False,False,False,False,False
base_0_far_00_v1.0_h0.4,1.0,0.4,False,,22.415094000002966,0.00010800000005417587,0.0,0.0,0.042415202000003024,False,False,False,False,False
base_0_far_01_v0.0_h0.2,0.0,0.2,False,,11.491152000001392,7.900000120741879e-05,0.0,0.0,0.031491231000002604,False,False,False,False,False
base_0_far_01_v0.0_h0.3,0.0,0.3,False,,11.491152000001392,8.299999976202344e-05,0.0,0.0,0.03149123500000116,False,False,False,False,False
base_0_far_01_v0.0_h0.4,0.0,0.4,False,,11.491152000001392,0.00012499999968440534,0.0,0.0,0.03149127700000108,False,False,False,False,False
base_0_far_01_v0.5_h0.2,0.5,0.2,False,,11.491152000001392,5.3000000832525984e-05,0.0,0.0,0.03149120500000223,False,False,False,False,False
base_0_far_01_v0.5_h0.3,0.5,0.3,False,,11.491152000001392,6.399999996631323e-05,0.0,0.0,0.03149121600000136,False,False,False,False,False
base_0_far_01_v0.5_h0.4,0.5,0.4,False,,11.491152000001392,9.899999930951253e-05,0.0,0.0,0.031491251000000706,False,False,False,False,False
base_0_far_01_v1.0_h0.2,1.0,0.2,False,,11.491152000001392,5.999999963535174e-05,0.0,0.0,0.03149121200000103,False,False,False,False,False
base_0_far_01_v1.0_h0.3,1.0,0.3,False,,11.491152000001392,5.200000074978561e-05,0.0,0.0,0.031491204000002146,False,False,False,False,False
base_0_far_01_v1.0_h0.4,1.0,0.4,False,,11.491152000001392,8.900000025846566e-05,0.0,0.0,0.031491241000001655,False,False,False,False,False
base_0_far_02_v0.0_h0.2,0.0,0.2,False,,24.81636899999984,6.299999988357285e-05,0.0,0.0,0.044816431999999726,False,False,False,False,False
base_0_far_02_v0.0_h0.3,0.0,0.3,False,,24.81636899999984,5.599999930439026e-05,0.0,0.0,0.044816424999999147,False,False,False,False,False
base_0_far_02_v0.0_h0.4,0.0,0.4,False,,24.81636899999984,8.100000137289953e-05,0.0,0.0,0.044816450000001215,False,False,False,False,False
base_0_far_02_v0.5_h0.2,0.5,0.2,False,,24.81636899999984,5.200000074978561e-05,0.0,0.0,0.04481642100000059,False,False,False,False,False
base_0_far_02_v0.5_h0.3,0.5,0.3,False,,24.81636899999984,5.1999998973428774e-05,0.0,0.0,0.044816420999998816,False,False,False,False,False
base_0_far_02_v0.5_h0.4,0.5,0.4,False,,24.81636899999984,9.10000004239464e-05,0.0,0.0,0.044816460000000266,False,False,False,False,False
base_0_far_02_v1.0_h0.2,1.0,0.2,False,,24.81636899999984,5.200000074978561e-05,0.0,0.0,0.04481642100000059,False,False,False,False,False
base_0_far_02_v1.0_h0.3,1.0,0.3,False,,24.81636899999984,5.3000000832525984e-05,0.0,0.0,0.044816422000000675,False,False,False,False,False
base_0_far_02_v1.0_h0.4,1.0,0.4,False,,24.81636899999984,5.599999930439026e-05,0.0,0.0,0.044816424999999147,False,False,False,False,False
base_0_far_03_v0.0_h0.2,0.0,0.2,False,,20.066582999998417,6.900000038001508e-05,0.0,0.0,0.0400666519999988,False,False,False,False,False
base_0_far_03_v0.0_h0.3,0.0,0.3,False,,20.066582999998417,6.700000021453434e-05,0.0,0.0,0.040066649999998635,False,False,False,False,False
base_0_far_03_v0.0_h0.4,0.0,0.4,False,,20.066582999998417,0.00018999999973345894,0.0,0.0,0.040066772999998154,False,False,False,False,False
base_0_far_03_v0.5_h0.2,0.5,0.2,False,,20.066582999998417,7.799999934832158e-05,0.0,0.0,0.04006666099999777,False,False,False,False,False
base_0_far_03_v0.5_h0.3,0.5,0.3,False,,20.066582999998417,9.000000034120603e-05,0.0,0.0,0.04006667299999876,False,False,False,False,False
base_0_far_03_v0.5_h0.4,0.5,0.4,False,,20.066582999998417,0.00014099999923189444,0.0,0.0,0.04006672399999765,False,False,False,False,False
base_0_far_03_v1.0_h0.2,1.0,0.2,False,,20.066582999998417,8.499999992750418e-05,0.0,0.0,0.04006666799999835,False,False,False,False,False
base_0_far_03_v1.0_h0.3,1.0,0.3,False,,20.066582999998417,8.299999976202344e-05,0.0,0.0,0.04006666599999818,False,False,False,False,False
base_0_far_03_v1.0_h0.4,1.0,0.4,False,,20.066582999998417,8.700000009298492e-05,0.0,0.0,0.040066669999998514,False,False,False,False,False
base_0_far_04_v0.0_h0.2,0.0,0.2,False,,15.8336900000009,0.0001259999997671457,0.0,0.0,0.03583381600000067,False,False,False,False,False
base_0_far_04_v0.0_h0.3,0.0,0.3,False,,15.8336900000009,0.00010499999980595476,0.0,0.0,0.03583379500000071,False,False,False,False,False
base_0_far_04_v0.0_h0.4,0.0,0.4,False,,15.8336900000009,0.00014799999981107703,0.0,0.0,0.035833838000000715,False,False,False,False,False
base_0_far_04_v0.5_h0.2,0.5,0.2,False,,15.8336900000009,9.099999864758956e-05,0.0,0.0,0.03583378099999955,False,False,False,False,False
base_0_far_04_v0.5_h0.3,0.5,0.3,False,,15.8336900000009,9.599999906129142e-05,0.0,0.0,0.035833785999999965,False,False,False,False,False
base_0_far_04_v0.5_h0.4,0.5,0.4,False,,15.8336900000009,0.00020999999961190952,0.0,0.0,0.035833900000000515,False,False,False,False,False
base_0_far_04_v1.0_h0.2,1.0,0.2,False,,15.8336900000009,9.000000034120603e-05,0.0,0.0,0.035833780000001245,False,False,False,False,False
base_0_far_04_v1.0_h0.3,1.0,0.3,False,,15.8336900000009,0.00011100000030239698,0.0,0.0,0.035833801000001206,False,False,False,False,False
base_0_far_04_v1.0_h0.4,1.0,0.4,False,,15.8336900000009,0.00016299999927582576,0.0,0.0,0.03583385300000018,False,False,False,False,False
base_0_far_05_v0.0_h0.2,0.0,0.2,False,,18.159221000001224,0.00011100000030239698,0.0,0.0,0.03815933200000153,False,False,False,False,False
base_0_far_05_v0.0_h0.3,0.0,0.3,False,,18.159221000001224,8.199999967928306e-05,0.0,0.0,0.03815930300000091,False,False,False,False,False
base_0_far_05_v0.0_h0.4,0.0,0.4,False,,18.159221000001224,8.800000017572529e-05,0.0,0.0,0.038159309000001404,False,False,False,False,False
base_0_far_05_v0.5_h0.2,0.5,0.2,False,,18.159221000001224,7.299999893461973e-05,0.0,0.0,0.03815929400000016,False,False,False,False,False
base_0_far_05_v0.5_h0.3,0.5,0.3,False,,18.159221000001224,9.799999922677216e-05,0.0,0.0,0.038159319000000455,False,False,False,False,False
base_0_far_05_v0.5_h0.4,0.5,0.4,False,,18.159221000001224,9.300000058942715e-05,0.0,0.0,0.03815931400000182,False,False,False,False,False
base_0_far_05_v1.0_h0.2,1.0,0.2,False,,18.159221000001224,0.00010199999955773364,0.0,0.0,0.038159323000000786,False,False,False,False,False
base_0_far_05_v1.0_h0.3,1.0,0.3,False,,18.159221000001224,0.00011799999910522274,0.0,0.0,0.038159339000000334,False,False,False,False,False
base_0_far_05_v1.0_h0.4,1.0,0.4,False,,18.159221000001224,0.00012799999993262645,0.0,0.0,0.03815934900000116,False,False,False,False,False
base_0_far_06_v0.0_h0.2,0.0,0.2,False,,17.08157899999918,0.0001229999995189246,0.0,0.0,0.037081701999998704,False,False,False,False,False
base_0_far_06_v0.0_h0.3,0.0,0.3,False,,17.08157899999918,0.00010800000005417587,0.0,0.0,0.03708168699999924,False,False,False,False,False
base_0_far_06_v0.0_h0.4,0.0,0.4,False,,17.08157899999918,0.00018700000126159466,0.0,0.0,0.037081766000000446,False,False,False,False,False
base_0_far_06_v0.5_h0.2,0.5,0.2,False,,17.08157899999918,0.00010000000116860974,0.0,0.0,0.03708167900000035,False,False,False,False,False
base_0_far_06_v0.5_h0.3,0.5,0.3,False,,17.08157899999918,0.00010599999988869513,0.0,0.0,0.03708168499999907,False,False,False,False,False
base_0_far_06_v0.5_h0.4,0.5,0.4,False,,17.08157899999918,0.00015700000055574037,0.0,0.0,0.03708173599999974,False,False,False,False,False
base_0_far_06_v1.0_h0.2,1.0,0.2,False,,17.08157899999918,9.599999906129142e-05,0.0,0.0,0.037081674999998246,False,False,False,False,False
base_0_far_06_v1.0_h0.3,1.0,0.3,False,,17.08157899999918,0.00010100000125135011,0.0,0.0,0.037081680000000436,False,False,False,False,False
base_0_far_06_v1.0_h0.4,1.0,0.4,False,,17.08157899999918,0.0001259999997671457,0.0,0.0,0.03708170499999895,False,False,False,False,False
base_0_far_07_v0.0_h0.2,0.0,0.2,False,,21.829748000001814,7.499999910010047e-05,0.0,0.0,0.04182982300000092,False,False,False,False,False
base_0_far_07_v0.0_h0.3,0.0,0.3,False,,21.829748000001814,8.600000001024455e-05,0.0,0.0,0.04182983400000183,False,False,False,False,False
base_0_far_07_v0.0_h0.4,0.0,0.4,False,,21.829748000001814,0.00011999999927070348,0.0,0.0,0.04182986800000109,False,False,False,False,False
base_0_far_07_v0.5_h0.2,0.5,0.2,False,,21.829748000001814,5.200000074978561e-05,0.0,0.0,0.04182980000000257,False,False,False,False,False
base_0_far_07_v0.5_h0.3,0.5,0.3,False,,21.829748000001814,5.7999999469871e-05,0.0,0.0,0.04182980600000129,False,False,False,False,False
base_0_far_07_v0.5_h0.4,0.5,0.4,False,,21.829748000001814,0.00010199999955773364,0.0,0.0,0.041829850000001376,False,False,False,False,False
base_0_far_07_v1.0_h0.2,1.0,0.2,False,,21.829748000001814,5.200000074978561e-05,0.0,0.0,0.04182980000000257,False,False,False,False,False
base_0_far_07_v1.0_h0.3,1.0,0.3,False,,21.829748000001814,5.100000066704524e-05,0.0,0.0,0.041829799000002485,False,False,False,False,False
base_0_far_07_v1.0_h0.4,1.0,0.4,False,,21.829748000001814,5.7999999469871e-05,0.0,0.0,0.04182980600000129,False,False,False,False,False
base_0_far_08_v0.0_h0.2,0.0,0.2,False,,17.539029000001705,8.600000001024455e-05,0.0,0.0,0.03753911500000172,False,False,False,False,False
base_0_far_08_v0.0_h0.3,0.0,0.3,False,,17.539029000001705,7.499999910010047e-05,0.0,0.0,0.03753910400000081,False,False,False,False,False
base_0_far_08_v0.0_h0.4,0.0,0.4,False,,17.539029000001705,0.00011500000063335847,0.0,0.0,0.03753914400000234,False,False,False,False,False
base_0_far_08_v0.5_h0.2,0.5,0.2,False,,17.539029000001705,5.3000000832525984e-05,0.0,0.0,0.03753908200000254,False,False,False,False,False
base_0_far_08_v0.5_h0.3,0.5,0.3,False,,17.539029000001705,5.3999999138909516e-05,0.0,0.0,0.03753908300000085,False,False,False,False,False
base_0_far_08_v0.5_h0.4,0.5,0.4,False,,17.539029000001705,0.00016599999952404687,0.0,0.0,0.03753919500000123,False,False,False,False,False
base_0_far_08_v1.0_h0.2,1.0,0.2,False,,17.539029000001705,5.2999999056169145e-05,0.0,0.0,0.037539082000000765,False,False,False,False,False
base_0_far_08_v1.0_h0.3,1.0,0.3,False,,17.539029000001705,5.499999922164989e-05,0.0,0.0,0.03753908400000093,False,False,False,False,False
base_0_far_08_v1.0_h0.4,1.0,0.4,False,,17.539029000001705,8.499999992750418e-05,0.0,0.0,0.037539114000001636,False,False,False,False,False
base_0_far_09_v0.0_h0.2,0.0,0.2,False,,21.357682000001432,8.299999976202344e-05,0.0,0.0,0.0413577650000012,False,False,False,False,False
base_0_far_09_v0.0_h0.3,0.0,0.3,False,,21.357682000001432,5.700000116348747e-05,0.0,0.0,0.0413577390000026,False,False,False,False,False
base_0_far_09_v0.0_h0.4,0.0,0.4,False,,21.357682000001432,0.00010199999955773364,0.0,0.0,0.041357784000000994,False,False,False,False,False
base_0_far_09_v0.5_h0.2,0.5,0.2,False,,21.357682000001432,5.1999998973428774e-05,0.0,0.0,0.04135773400000041,False,False,False,False,False
base_0_far_09_v0.5_h0.3,0.5,0.3,False,,21.357682000001432,4.899999872520766e-05,0.0,0.0,0.04135773100000016,False,False,False,False,False
base_0_far_09_v0.5_h0.4,0.5,0.4,False,,21.357682000001432,5.699999938713063e-05,0.0,0.0,0.04135773900000082,False,False,False,False,False
base_0_far_09_v1.0_h0.2,1.0,0.2,False,,21.357682000001432,5.5000000998006726e-05,0.0,0.0,0.041357737000002434,False,False,False,False,False
base_0_far_09_v1.0_h0.3,1.0,0.3,False,,21.357682000001432,5.4000000915266355e-05,0.0,0.0,0.04135773600000235,False,False,False,False,False
base_0_far_09_v1.0_h0.4,1.0,0.4,False,,21.357682000001432,8.600000001024455e-05,0.0,0.0,0.041357768000001446,False,False,False,False,False
base_0_free_01_v0.0_h0.2,0.0,0.2,False,,11.47978899999913,5.700000116348747e-05,0.0,0.0,0.0314798460000003,False,False,False,False,False
base_0_free_01_v0.0_h0.3,0.0,0.3,False,,11.47978899999913,6.800000029727471e-05,0.0,0.0,0.03147985699999943,False,False,False,False,False
base_0_free_01_v0.0_h0.4,0.0,0.4,False,,11.47978899999913,9.8000001003129e-05,0.0,0.0,0.03147988700000014,False,False,False,False,False
base_0_free_01_v0.5_h0.2,0.5,0.2,False,,11.47978899999913,5.09999988906884e-05,0.0,0.0,0.031479839999998024,False,False,False,False,False
base_0_free_01_v0.5_h0.3,0.5,0.3,False,,11.47978899999913,5.100000066704524e-05,0.0,0.0,0.0314798399999998,False,False,False,False,False
base_0_free_01_v0.5_h0.4,0.5,0.4,False,,11.47978899999913,8.800000017572529e-05,0.0,0.0,0.03147987699999931,False,False,False,False,False
base_0_free_01_v1.0_h0.2,1.0,0.2,False,,11.47978899999913,5.3999999138909516e-05,0.0,0.0,0.03147984299999827,False,False,False,False,False
base_0_free_01_v1.0_h0.3,1.0,0.3,False,,11.47978899999913,5.200000074978561e-05,0.0,0.0,0.031479840999999883,False,False,False,False,False
base_0_free_01_v1.0_h0.4,1.0,0.4,False,,11.47978899999913,7.899999943106195e-05,0.0,0.0,0.031479867999998565,False,False,False,False,False
base_0_free_02_v0.0_h0.2,0.0,0.2,False,,13.143762000000336,6.299999988357285e-05,0.0,0.0,0.033143825000000224,False,False,False,False,False
base_0_free_02_v0.0_h0.3,0.0,0.3,False,,13.143762000000336,5.200000074978561e-05,0.0,0.0,0.03314381400000109,False,False,False,False,False
base_0_free_02_v0.0_h0.4,0.0,0.4,False,,13.143762000000336,0.0001069999999714355,0.0,0.0,0.03314386900000031,False,False,False,False,False
base_0_free_02_v0.5_h0.2,0.5,0.2,False,,13.143762000000336,5.2999999056169145e-05,0.0,0.0,0.033143814999999396,False,False,False,False,False
base_0_free_02_v0.5_h0.3,0.5,0.3,False,,13.143762000000336,5.3000000832525984e-05,0.0,0.0,0.03314381500000117,False,False,False,False,False
base_0_free_02_v0.5_h0.4,0.5,0.4,False,,13.143762000000336,9.200000050668677e-05,0.0,0.0,0.03314385400000085,False,False,False,False,False
base_0_free_02_v1.0_h0.2,1.0,0.2,False,,13.143762000000336,5.1999998973428774e-05,0.0,0.0,0.033143813999999314,False,False,False,False,False
base_0_free_02_v1.0_h0.3,1.0,0.3,False,,13.143762000000336,5.000000058430487e-05,0.0,0.0,0.033143812000000925,False,False,False,False,False
base_0_free_02_v1.0_h0.4,1.0,0.4,False,,13.143762000000336,8.39999998447638e-05,0.0,0.0,0.033143846000000185,False,False,False,False,False
base_0_free_03_v0.0_h0.2,0.0,0.2,False,,22.320635000001587,9.000000034120603e-05,0.0,0.0,0.04232072500000193,False,False,False,False,False
base_0_free_03_v0.0_h0.3,0.0,0.3,False,,22.320635000001587,0.0001140000005506181,0.0,0.0,0.04232074900000214,False,False,False,False,False
base_0_free_03_v0.0_h0.4,0.0,0.4,False,,22.320635000001587,0.0003580000011993434,0.0,0.0,0.04232099300000279,False,False,False,False,False
base_0_free_03_v0.5_h0.2,0.5,0.2,False,,22.320635000001587,9.700000092038863e-05,0.0,0.0,0.04232073200000251,False,False,False,False,False
base_0_free_03_v0.5_h0.3,0.5,0.3,False,,22.320635000001587,9.000000034120603e-05,0.0,0.0,0.04232072500000193,False,False,False,False,False
base_0_free_03_v0.5_h0.4,0.5,0.4,False,,22.320635000001587,0.00012799999993262645,0.0,0.0,0.042320763000001524,False,False,False,False,False
base_0_free_03_v1.0_h0.2,1.0,0.2,False,,22.320635000001587,7.700000104193805e-05,0.0,0.0,0.04232071200000263,False,False,False,False,False
base_0_free_03_v1.0_h0.3,1.0,0.3,False,,22.320635000001587,7.999999951380232e-05,0.0,0.0,0.042320715000001105,False,False,False,False,False
base_0_free_03_v1.0_h0.4,1.0,0.4,False,,22.320635000001587,0.00015100000005929815,0.0,0.0,0.04232078600000165,False,False,False,False,False
base_0_free_04_v0.0_h0.2,0.0,0.2,False,,39.29433599999932,9.29999988130703e-05,0.0,0.0,0.059294428999998136,False,False,False,False,False
base_0_free_04_v0.0_h0.3,0.0,0.3,False,,39.29433599999932,8.600000001024455e-05,0.0,0.0,0.05929442199999933,False,False,False,False,False
base_0_free_04_v0.0_h0.4,0.0,0.4,False,,39.29433599999932,8.700000009298492e-05,0.0,0.0,0.059294422999999416,False,False,False,False,False
base_0_free_04_v0.5_h0.2,0.5,0.2,False,,39.29433599999932,8.900000025846566e-05,0.0,0.0,0.05929442499999958,False,False,False,False,False
base_0_free_04_v0.5_h0.3,0.5,0.3,False,,39.29433599999932,8.199999967928306e-05,0.0,0.0,0.059294417999999,False,False,False,False,False
base_0_free_04_v0.5_h0.4,0.5,0.4,False,,39.29433599999932,6.900000038001508e-05,0.0,0.0,0.0592944049999997,False,False,False,False,False
base_0_free_04_v1.0_h0.2,1.0,0.2,False,,39.29433599999932,9.29999988130703e-05,0.0,0.0,0.059294428999998136,False,False,False,False,False
base_0_free_04_v1.0_h0.3,1.0,0.3,False,,39.29433599999932,7.299999893461973e-05,0.0,0.0,0.05929440899999826,False,False,False,False,False
base_0_free_04_v1.0_h0.4,1.0,0.4,False,,39.29433599999932,9.499999897855105e-05,0.0,0.0,0.0592944309999983,False,False,False,False,False
base_0_free_05_v0.0_h0.2,0.0,0.2,False,,39.52243000000166,6.900000038001508e-05,0.0,0.0,0.059522499000002047,False,False,False,False,False
base_0_free_05_v0.0_h0.3,0.0,0.3,False,,39.52243000000166,9.499999897855105e-05,0.0,0.0,0.059522525000000645,False,False,False,False,False
base_0_free_05_v0.0_h0.4,0.0,0.4,False,,39.52243000000166,0.00012600000154350255,0.0,0.0,0.05952255600000321,False,False,False,False,False
base_0_free_05_v0.5_h0.2,0.5,0.2,False,,39.52243000000166,0.00012499999968440534,0.0,0.0,0.05952255500000135,False,False,False,False,False
base_0_free_05_v0.5_h0.3,0.5,0.3,False,,39.52243000000166,0.00012799999993262645,0.0,0.0,0.0595225580000016,False,False,False,False,False
base_0_free_05_v0.5_h0.4,0.5,0.4,False,,39.52243000000166,0.0001069999999714355,0.0,0.0,0.05952253700000164,False,False,False,False,False
base_0_free_05_v1.0_h0.2,1.0,0.2,False,,39.52243000000166,8.800000017572529e-05,0.0,0.0,0.05952251800000184,False,False,False,False,False
base_0_free_05_v1.0_h0.3,1.0,0.3,False,,39.52243000000166,8.800000017572529e-05,0.0,0.0,0.05952251800000184,False,False,False,False,False
base_0_free_05_v1.0_h0.4,1.0,0.4,False,,39.52243000000166,0.00012699999984988608,0.0,0.0,0.059522557000001516,False,False,False,False,False
base_0_free_06_v0.0_h0.2,0.0,0.2,False,,48.75951500000042,0.0001069999999714355,0.0,0.0,0.0687596220000004,False,False,False,False,False
base_0_free_06_v0.0_h0.3,0.0,0.3,False,,48.75951500000042,9.700000092038863e-05,0.0,0.0,0.06875961200000134,False,False,False,False,False
base_0_free_06_v0.0_h0.4,0.0,0.4,False,,48.75951500000042,0.00010499999980595476,0.0,0.0,0.06875962000000023,False,False,False,False,False
base_0_free_06_v0.5_h0.2,0.5,0.2,False,,48.75951500000042,9.799999922677216e-05,0.0,0.0,0.06875961299999965,False,False,False,False,False
base_0_free_06_v0.5_h0.3,0.5,0.3,False,,48.75951500000042,8.600000001024455e-05,0.0,0.0,0.06875960100000043,False,False,False,False,False
base_0_free_06_v0.5_h0.4,0.5,0.4,False,,48.75951500000042,9.599999906129142e-05,0.0,0.0,0.06875961099999948,False,False,False,False,False
base_0_free_06_v1.0_h0.2,1.0,0.2,False,,48.75951500000042,0.00011499999885700163,0.0,0.0,0.06875962999999928,False,False,False,False,False
base_0_free_06_v1.0_h0.3,1.0,0.3,False,,48.75951500000042,8.600000001024455e-05,0.0,0.0,0.06875960100000043,False,False,False,False,False
base_0_free_06_v1.0_h0.4,1.0,0.4,False,,48.75951500000042,8.09999995965427e-05,0.0,0.0,0.06875959600000002,False,False,False,False,False
base_0_free_07_v0.0_h0.2,0.0,0.2,False,,37.15566900000056,9.600000083764826e-05,0.0,0.0,0.0571557650000014,False,False,False,False,False
base_0_free_07_v0.0_h0.3,0.0,0.3,False,,37.15566900000056,7.800000112467842e-05,0.0,0.0,0.057155747000001686,False,False,False,False,False
base_0_free_07_v0.0_h0.4,0.0,0.4,False,,37.15566900000056,0.00011200000038513735,0.0,0.0,0.057155781000000946,False,False,False,False,False
base_0_free_07_v0.5_h0.2,0.5,0.2,False,,37.15566900000056,0.00013200000026358794,0.0,0.0,0.057155801000000825,False,False,False,False,False
base_0_free_07_v0.5_h0.3,0.5,0.3,False,,37.15566900000056,7.300000071097656e-05,0.0,0.0,0.05715574200000127,False,False,False,False,False
base_0_free_07_v0.5_h0.4,0.5,0.4,False,,37.15566900000056,0.00011800000088157958,0.0,0.0,0.05715578700000144,False,False,False,False,False
base_0_free_07_v1.0_h0.2,1.0,0.2,False,,37.15566900000056,5.3000000832525984e-05,0.0,0.0,0.057155722000001394,False,False,False,False,False
base_0_free_07_v1.0_h0.3,1.0,0.3,False,,37.15566900000056,5.2999999056169145e-05,0.0,0.0,0.05715572199999962,False,False,False,False,False
base_0_free_07_v1.0_h0.4,1.0,0.4,False,,37.15566900000056,9.200000050668677e-05,0.0,0.0,0.05715576100000107,False,False,False,False,False
base_0_free_08_v0.0_h0.2,0.0,0.2,False,,23.366901999999357,0.00010599999988869513,0.0,0.0,0.04336700799999925,False,False,False,False,False
base_0_free_08_v0.0_h0.3,0.0,0.3,False,,23.366901999999357,0.00010900000013691624,0.0,0.0,0.0433670109999995,False,False,False,False,False
base_0_free_08_v0.0_h0.4,0.0,0.4,False,,23.366901999999357,0.00016999999985500835,0.0,0.0,0.043367071999999215,False,False,False,False,False
base_0_free_08_v0.5_h0.2,0.5,0.2,False,,23.366901999999357,7.999999951380232e-05,0.0,0.0,0.043366981999998874,False,False,False,False,False
base_0_free_08_v0.5_h0.3,0.5,0.3,False,,23.366901999999357,8.999999856484919e-05,0.0,0.0,0.043366991999997925,False,False,False,False,False
base_0_free_08_v0.5_h0.4,0.5,0.4,False,,23.366901999999357,0.00012300000129528144,0.0,0.0,0.043367025000000656,False,False,False,False,False
base_0_free_08_v1.0_h0.2,1.0,0.2,False,,23.366901999999357,0.0001069999999714355,0.0,0.0,0.04336700899999933,False,False,False,False,False
base_0_free_08_v1.0_h0.3,1.0,0.3,False,,23.366901999999357,9.899999930951253e-05,0.0,0.0,0.04336700099999867,False,False,False,False,False
base_0_free_08_v1.0_h0.4,1.0,0.4,False,,23.366901999999357,0.00012699999984988608,0.0,0.0,0.04336702899999921,False,False,False,False,False
base_0_free_09_v0.0_h0.2,0.0,0.2,False,,18.116319000000658,9.000000034120603e-05,0.0,0.0,0.038116409000001,False,False,False,False,False
base_0_free_09_v0.0_h0.3,0.0,0.3,False,,18.116319000000658,5.999999963535174e-05,0.0,0.0,0.0381163790000003,False,False,False,False,False
base_0_free_09_v0.0_h0.4,0.0,0.4,False,,18.116319000000658,7.799999934832158e-05,0.0,0.0,0.03811639700000001,False,False,False,False,False
base_0_free_09_v0.5_h0.2,0.5,0.2,False,,18.116319000000658,5.3999999138909516e-05,0.0,0.0,0.0381163729999998,False,False,False,False,False
base_0_free_09_v0.5_h0.3,0.5,0.3,False,,18.116319000000658,6.50000000490536e-05,0.0,0.0,0.03811638400000071,False,False,False,False,False
base_0_free_09_v0.5_h0.4,0.5,0.4,False,,18.116319000000658,0.00010599999988869513,0.0,0.0,0.03811642500000055,False,False,False,False,False
base_0_free_09_v1.0_h0.2,1.0,0.2,False,,18.116319000000658,5.5000000998006726e-05,0.0,0.0,0.03811637400000166,False,False,False,False,False
base_0_free_09_v1.0_h0.3,1.0,0.3,False,,18.116319000000658,5.60000010807471e-05,0.0,0.0,0.03811637500000174,False,False,False,False,False
base_0_free_09_v1.0_h0.4,1.0,0.4,False,,18.116319000000658,8.199999967928306e-05,0.0,0.0,0.03811640100000034,False,False,False,False,False
base_0_near_00_v0.0_h0.2,0.0,0.2,False,,31.93558999999979,0.00012799999993262645,0.0,0.0,0.05193571799999973,False,False,False,False,False
base_0_near_00_v0.0_h0.3,0.0,0.3,False,,31.93558999999979,0.00010099999947499327,0.0,0.0,0.05193569099999927,False,False,False,False,False
base_0_near_00_v0.0_h0.4,0.0,0.4,False,,31.93558999999979,9.900000108586937e-05,0.0,0.0,0.05193568900000088,False,False,False,False,False
base_0_near_00_v0.5_h0.2,0.5,0.2,False,,31.93558999999979,9.900000108586937e-05,0.0,0.0,0.05193568900000088,False,False,False,False,False
base_0_near_00_v0.5_h0.3,0.5,0.3,False,,31.93558999999979,6.800000029727471e-05,0.0,0.0,0.05193565800000009,False,False,False,False,False
base_0_near_00_v0.5_h0.4,0.5,0.4,False,,31.93558999999979,0.0001980000003953819,0.0,0.0,0.05193578800000019,False,False,False,False,False
base_0_near_00_v1.0_h0.2,1.0,0.2,False,,31.93558999999979,9.500000075490789e-05,0.0,0.0,0.05193568500000055,False,False,False,False,False
base_0_near_00_v1.0_h0.3,1.0,0.3,False,,31.93558999999979,0.0001720000000204891,0.0,0.0,0.051935761999999816,False,False,False,False,False
base_0_near_00_v1.0_h0.4,1.0,0.4,False,,31.93558999999979,0.0001069999999714355,0.0,0.0,0.05193569699999977,False,False,False,False,False
base_0_near_01_v0.0_h0.2,0.0,0.2,False,,19.43136799999934,0.0001069999999714355,0.0,0.0,0.039431474999999314,False,False,False,False,False
base_0_near_01_v0.0_h0.3,0.0,0.3,False,,19.43136799999934,8.39999998447638e-05,0.0,0.0,0.03943145199999919,False,False,False,False,False
base_0_near_01_v0.0_h0.4,0.0,0.4,False,,19.43136799999934,0.00018100000076515244,0.0,0.0,0.03943154900000011,False,False,False,False,False
base_0_near_01_v0.5_h0.2,0.5,0.2,False,,19.43136799999934,9.000000034120603e-05,0.0,0.0,0.03943145799999968,False,False,False,False,False
base_0_near_01_v0.5_h0.3,0.5,0.3,False,,19.43136799999934,0.00011600000071609884,0.0,0.0,0.03943148400000006,False,False,False,False,False
base_0_near_01_v0.5_h0.4,0.5,0.4,False,,19.43136799999934,0.00015599999869664316,0.0,0.0,0.03943152399999804,False,False,False,False,False
base_0_near_01_v1.0_h0.2,1.0,0.2,False,,19.43136799999934,7.799999934832158e-05,0.0,0.0,0.03943144599999869,False,False,False,False,False
base_0_near_01_v1.0_h0.3,1.0,0.3,False,,19.43136799999934,9.10000004239464e-05,0.0,0.0,0.039431458999999766,False,False,False,False,False
base_0_near_01_v1.0_h0.4,1.0,0.4,False,,19.43136799999934,0.00014999999997655777,0.0,0.0,0.03943151799999932,False,False,False,False,False
base_0_near_02_v0.0_h0.2,0.0,0.2,False,,16.439633999997483,0.00011300000046787773,0.0,0.0,0.036439746999997955,False,False,False,False,False
base_0_near_02_v0.0_h0.3,0.0,0.3,False,,16.439633999997483,0.00012099999935344385,0.0,0.0,0.03643975499999684,False,False,False,False,False
base_0_near_02_v0.0_h0.4,0.0,0.4,False,,16.439633999997483,0.00011000000021965661,0.0,0.0,0.036439743999997706,False,False,False,False,False
base_0_near_02_v0.5_h0.2,0.5,0.2,False,,16.439633999997483,5.200000074978561e-05,0.0,0.0,0.036439685999998236,False,False,False,False,False
base_0_near_02_v0.5_h0.3,0.5,0.3,False,,16.439633999997483,5.999999963535174e-05,0.0,0.0,0.03643969399999712,False,False,False,False,False
base_0_near_02_v0.5_h0.4,0.5,0.4,False,,16.439633999997483,9.600000083764826e-05,0.0,0.0,0.036439729999998324,False,False,False,False,False
base_0_near_02_v1.0_h0.2,1.0,0.2,False,,16.439633999997483,5.1999998973428774e-05,0.0,0.0,0.03643968599999646,False,False,False,False,False
base_0_near_02_v1.0_h0.3,1.0,0.3,False,,16.439633999997483,5.200000074978561e-05,0.0,0.0,0.036439685999998236,False,False,False,False,False
base_0_near_02_v1.0_h0.4,1.0,0.4,False,,16.439633999997483,0.0001259999997671457,0.0,0.0,0.036439759999997254,False,False,False,False,False
base_0_near_03_v0.0_h0.2,0.0,0.2,False,,18.44768400000163,0.00011100000030239698,0.0,0.0,0.038447795000001936,False,False,False,False,False
base_0_near_03_v0.0_h0.3,0.0,0.3,False,,18.44768400000163,0.00010800000005417587,0.0,0.0,0.03844779200000169,False,False,False,False,False
base_0_near_03_v0.0_h0.4,0.0,0.4,False,,18.44768400000163,0.00018199999907153597,0.0,0.0,0.038447866000000705,False,False,False,False,False
base_0_near_03_v0.5_h0.2,0.5,0.2,False,,18.44768400000163,0.00010900000013691624,0.0,0.0,0.03844779300000177,False,False,False,False,False
base_0_near_03_v0.5_h0.3,0.5,0.3,False,,18.44768400000163,0.00011799999910522274,0.0,0.0,0.03844780200000074,False,False,False,False,False
base_0_near_03_v0.5_h0.4,0.5,0.4,False,,18.44768400000163,0.0001579999988621239,0.0,0.0,0.038447842000000496,False,False,False,False,False
base_0_near_03_v1.0_h0.2,1.0,0.2,False,,18.44768400000163,5.1999998973428774e-05,0.0,0.0,0.03844773600000061,False,False,False,False,False
base_0_near_03_v1.0_h0.3,1.0,0.3,False,,18.44768400000163,4.999999880794803e-05,0.0,0.0,0.03844773400000044,False,False,False,False,False
base_0_near_03_v1.0_h0.4,1.0,0.4,False,,18.44768400000163,0.00012199999943618423,0.0,0.0,0.03844780600000107,False,False,False,False,False
base_0_near_04_v0.0_h0.2,0.0,0.2,False,,32.59744100000006,8.09999995965427e-05,0.0,0.0,0.05259752199999966,False,False,False,False,False
base_0_near_04_v0.0_h0.3,0.0,0.3,False,,32.59744100000006,8.800000017572529e-05,0.0,0.0,0.05259752900000024,False,False,False,False,False
base_0_near_04_v0.0_h0.4,0.0,0.4,False,,32.59744100000006,9.900000108586937e-05,0.0,0.0,0.05259754000000115,False,False,False,False,False
base_0_near_04_v0.5_h0.2,0.5,0.2,False,,32.59744100000006,7.999999951380232e-05,0.0,0.0,0.05259752099999958,False,False,False,False,False
base_0_near_04_v0.5_h0.3,0.5,0.3,False,,32.59744100000006,8.39999998447638e-05,0.0,0.0,0.05259752499999991,False,False,False,False,False
base_0_near_04_v0.5_h0.4,0.5,0.4,False,,32.59744100000006,7.20000006282362e-05,0.0,0.0,0.05259751300000069,False,False,False,False,False
base_0_near_04_v1.0_h0.2,1.0,0.2,False,,32.59744100000006,5.699999938713063e-05,0.0,0.0,0.05259749799999945,False,False,False,False,False
base_0_near_04_v1.0_h0.3,1.0,0.3,False,,32.59744100000006,8.600000001024455e-05,0.0,0.0,0.052597527000000074,False,False,False,False,False
base_0_near_04_v1.0_h0.4,1.0,0.4,False,,32.59744100000006,8.09999995965427e-05,0.0,0.0,0.05259752199999966,False,False,False,False,False
base_0_near_05_v0.0_h0.2,0.0,0.2,False,,31.425654999999608,8.299999976202344e-05,0.0,0.0,0.051425737999999374,False,False,False,False,False
base_0_near_05_v0.0_h0.3,0.0,0.3,False,,31.425654999999608,6.200000157718932e-05,0.0,0.0,0.05142571700000119,False,False,False,False,False
base_0_near_05_v0.0_h0.4,0.0,0.4,False,,31.425654999999608,8.600000001024455e-05,0.0,0.0,0.05142574099999962,False,False,False,False,False
base_0_near_05_v0.5_h0.2,0.5,0.2,False,,31.425654999999608,7.699999926558121e-05,0.0,0.0,0.05142573199999888,False,False,False,False,False
base_0_near_05_v0.5_h0.3,0.5,0.3,False,,31.425654999999608,5.699999938713063e-05,0.0,0.0,0.051425711999999,False,False,False,False,False
base_0_near_05_v0.5_h0.4,0.5,0.4,False,,31.425654999999608,0.00012199999943618423,0.0,0.0,0.05142577699999905,False,False,False,False,False
base_0_near_05_v1.0_h0.2,1.0,0.2,False,,31.425654999999608,5.1999998973428774e-05,0.0,0.0,0.051425706999998586,False,False,False,False,False
base_0_near_05_v1.0_h0.3,1.0,0.3,False,,31.425654999999608,5.60000010807471e-05,0.0,0.0,0.05142571100000069,False,False,False,False,False
base_0_near_05_v1.0_h0.4,1.0,0.4,False,,31.425654999999608,9.600000083764826e-05,0.0,0.0,0.05142575100000045,False,False,False,False,False
base_0_near_06_v0.0_h0.2,0.0,0.2,False,,17.496551000000693,6.099999971809211e-05,0.0,0.0,0.037496612000000415,False,False,False,False,False
base_0_near_06_v0.0_h0.3,0.0,0.3,False,,17.496551000000693,5.60000010807471e-05,0.0,0.0,0.03749660700000178,False,False,False,False,False
base_0_near_06_v0.0_h0.4,0.0,0.4,False,,17.496551000000693,7.999999951380232e-05,0.0,0.0,0.03749663100000021,False,False,False,False,False
base_0_near_06_v0.5_h0.2,0.5,0.2,False,,17.496551000000693,5.200000074978561e-05,0.0,0.0,0.03749660300000145,False,False,False,False,False
base_0_near_06_v0.5_h0.3,0.5,0.3,False,,17.496551000000693,7.000000046275545e-05,0.0,0.0,0.03749662100000116,False,False,False,False,False
base_0_near_06_v0.5_h0.4,0.5,0.4,False,,17.496551000000693,7.600000095919768e-05,0.0,0.0,0.037496627000001656,False,False,False,False,False
base_0_near_06_v1.0_h0.2,1.0,0.2,False,,17.496551000000693,5.3999999138909516e-05,0.0,0.0,0.037496604999999836,False,False,False,False,False
base_0_near_06_v1.0_h0.3,1.0,0.3,False,,17.496551000000693,5.2999999056169145e-05,0.0,0.0,0.03749660399999975,False,False,False,False,False
base_0_near_06_v1.0_h0.4,1.0,0.4,False,,17.496551000000693,5.60000010807471e-05,0.0,0.0,0.03749660700000178,False,False,False,False,False
base_0_near_07_v0.0_h0.2,0.0,0.2,False,,18.67422600000168,9.10000004239464e-05,0.0,0.0,0.03867431700000211,False,False,False,False,False
base_0_near_07_v0.0_h0.3,0.0,0.3,False,,18.67422600000168,5.5000000998006726e-05,0.0,0.0,0.03867428100000268,False,False,False,False,False
base_0_near_07_v0.0_h0.4,0.0,0.4,False,,18.67422600000168,7.099999876913898e-05,0.0,0.0,0.038674297000000454,False,False,False,False,False
base_0_near_07_v0.5_h0.2,0.5,0.2,False,,18.67422600000168,6.399999996631323e-05,0.0,0.0,0.03867429000000165,False,False,False,False,False
base_0_near_07_v0.5_h0.3,0.5,0.3,False,,18.67422600000168,5.1999998973428774e-05,0.0,0.0,0.03867427800000066,False,False,False,False,False
base_0_near_07_v0.5_h0.4,0.5,0.4,False,,18.67422600000168,9.500000075490789e-05,0.0,0.0,0.03867432100000244,False,False,False,False,False
base_0_near_07_v1.0_h0.2,1.0,0.2,False,,18.67422600000168,5.000000058430487e-05,0.0,0.0,0.03867427600000227,False,False,False,False,False
base_0_near_07_v1.0_h0.3,1.0,0.3,False,,18.67422600000168,5.100000066704524e-05,0.0,0.0,0.03867427700000235,False,False,False,False,False
base_0_near_07_v1.0_h0.4,1.0,0.4,False,,18.67422600000168,8.900000025846566e-05,0.0,0.0,0.038674315000001944,False,False,False,False,False
base_0_near_08_v0.0_h0.2,0.0,0.2,False,,16.76561400000054,4.90000005015645e-05,0.0,0.0,0.036765663000001045,False,False,False,False,False
base_0_near_08_v0.0_h0.3,0.0,0.3,False,,16.76561400000054,6.299999988357285e-05,0.0,0.0,0.03676567700000043,False,False,False,False,False
base_0_near_08_v0.0_h0.4,0.0,0.4,False,,16.76561400000054,0.00017899999882331485,0.0,0.0,0.03676579299999937,False,False,False,False,False
base_0_near_08_v0.5_h0.2,0.5,0.2,False,,16.76561400000054,5.09999988906884e-05,0.0,0.0,0.036765664999999434,False,False,False,False,False
base_0_near_08_v0.5_h0.3,0.5,0.3,False,,16.76561400000054,5.000000058430487e-05,0.0,0.0,0.03676566400000113,False,False,False,False,False
base_0_near_08_v0.5_h0.4,0.5,0.4,False,,16.76561400000054,8.900000025846566e-05,0.0,0.0,0.0367657030000008,False,False,False,False,False
base_0_near_08_v1.0_h0.2,1.0,0.2,False,,16.76561400000054,4.90000005015645e-05,0.0,0.0,0.036765663000001045,False,False,False,False,False
base_0_near_08_v1.0_h0.3,1.0,0.3,False,,16.76561400000054,0.00010100000125135011,0.0,0.0,0.036765715000001795,False,False,False,False,False
base_0_near_08_v1.0_h0.4,1.0,0.4,False,,16.76561400000054,7.799999934832158e-05,0.0,0.0,0.03676569199999989,False,False,False,False,False
base_0_near_09_v0.0_h0.2,0.0,0.2,False,,19.99581199999767,6.199999980083248e-05,0.0,0.0,0.039995873999997475,False,False,False,False,False
base_0_near_09_v0.0_h0.3,0.0,0.3,False,,19.99581199999767,6.199999980083248e-05,0.0,0.0,0.039995873999997475,False,False,False,False,False
base_0_near_09_v0.0_h0.4,0.0,0.4,False,,19.99581199999767,9.499999897855105e-05,0.0,0.0,0.03999590699999665,False,False,False,False,False
base_0_near_09_v0.5_h0.2,0.5,0.2,False,,19.99581199999767,4.90000005015645e-05,0.0,0.0,0.039995860999998176,False,False,False,False,False
base_0_near_09_v0.5_h0.3,0.5,0.3,False,,19.99581199999767,9.799999922677216e-05,0.0,0.0,0.0399959099999969,False,False,False,False,False
base_0_near_09_v0.5_h0.4,0.5,0.4,False,,19.99581199999767,0.00010399999972321439,0.0,0.0,0.0399959159999974,False,False,False,False,False
base_0_near_09_v1.0_h0.2,1.0,0.2,False,,19.99581199999767,9.500000075490789e-05,0.0,0.0,0.03999590699999843,False,False,False,False,False
base_0_near_09_v1.0_h0.3,1.0,0.3,False,,19.99581199999767,9.10000004239464e-05,0.0,0.0,0.0399959029999981,False,False,False,False,False
base_0_near_09_v1.0_h0.4,1.0,0.4,False,,19.99581199999767,9.900000108586937e-05,0.0,0.0,0.03999591099999876,False,False,False,False,False
base_1_far_00_v0.0_h0.2,0.0,0.2,False,,18.255266000004156,6.899999860365824e-05,0.0,0.0,0.03825533500000276,False,False,False,False,False
base_1_far_00_v0.0_h0.3,0.0,0.3,False,,18.255266000004156,8.499999992750418e-05,0.0,0.0,0.03825535100000409,False,False,False,False,False
base_1_far_00_v0.0_h0.4,0.0,0.4,False,,18.255266000004156,0.00010299999964047402,0.0,0.0,0.0382553690000038,False,False,False,False,False
base_1_far_00_v0.5_h0.2,0.5,0.2,False,,18.255266000004156,5.1999998973428774e-05,0.0,0.0,0.03825531800000313,False,False,False,False,False
base_1_far_00_v0.5_h0.3,0.5,0.3,False,,18.255266000004156,5.5000000998006726e-05,0.0,0.0,0.03825532100000516,False,False,False,False,False
base_1_far_00_v0.5_h0.4,0.5,0.4,False,,18.255266000004156,0.00010200000133409048,0.0,0.0,0.038255368000005494,False,False,False,False,False
base_1_far_00_v1.0_h0.2,1.0,0.2,False,,18.255266000004156,5.4000000915266355e-05,0.0,0.0,0.038255320000005075,False,False,False,False,False
base_1_far_00_v1.0_h0.3,1.0,0.3,False,,18.255266000004156,5.3000000832525984e-05,0.0,0.0,0.03825531900000499,False,False,False,False,False
base_1_far_00_v1.0_h0.4,1.0,0.4,False,,18.255266000004156,0.00010900000013691624,0.0,0.0,0.038255375000004296,False,False,False,False,False
base_1_far_01_v0.0_h0.2,0.0,0.2,False,,19.580382999997425,8.299999976202344e-05,0.0,0.0,0.03958046599999719,False,False,False,False,False
base_1_far_01_v0.0_h0.3,0.0,0.3,False,,19.580382999997425,8.199999967928306e-05,0.0,0.0,0.03958046499999711,False,False,False,False,False
base_1_far_01_v0.0_h0.4,0.0,0.4,False,,19.580382999997425,0.00013399999865271184,0.0,0.0,0.03958051699999608,False,False,False,False,False
base_1_far_01_v0.5_h0.2,0.5,0.2,False,,19.580382999997425,8.700000009298492e-05,0.0,0.0,0.03958046999999752,False,False,False,False,False
base_1_far_01_v0.5_h0.3,0.5,0.3,False,,19.580382999997425,9.99999993922529e-05,0.0,0.0,0.03958048299999682,False,False,False,False,False
base_1_far_01_v0.5_h0.4,0.5,0.4,False,,19.580382999997425,8.299999976202344e-05,0.0,0.0,0.03958046599999719,False,False,False,False,False
base_1_far_01_v1.0_h0.2,1.0,0.2,False,,19.580382999997425,0.00012699999984988608,0.0,0.0,0.03958050999999728,False,False,False,False,False
base_1_far_01_v1.0_h0.3,1.0,0.3,False,,19.580382999997425,9.699999914403179e-05,0.0,0.0,0.03958047999999657,False,False,False,False,False
base_1_far_01_v1.0_h0.4,1.0,0.4,False,,19.580382999997425,7.299999893461973e-05,0.0,0.0,0.039580455999996364,False,False,False,False,False
base_1_far_02_v0.0_h0.2,0.0,0.2,False,,32.31486500000358,0.00010000000116860974,0.0,0.0,0.05231496500000475,False,False,False,False,False
base_1_far_02_v0.0_h0.3,0.0,0.3,False,,32.31486500000358,9.600000083764826e-05,0.0,0.0,0.05231496100000442,False,False,False,False,False
base_1_far_02_v0.0_h0.4,0.0,0.4,False,,32.31486500000358,0.0001879999995679782,0.0,0.0,0.05231505300000315,False,False,False,False,False
base_1_far_02_v0.5_h0.2,0.5,0.2,False,,32.31486500000358,9.10000004239464e-05,0.0,0.0,0.052314956000004006,False,False,False,False,False
base_1_far_02_v0.5_h0.3,0.5,0.3,False,,32.31486500000358,9.799999922677216e-05,0.0,0.0,0.05231496300000281,False,False,False,False,False
base_1_far_02_v0.5_h0.4,0.5,0.4,False,,32.31486500000358,0.00018300000093063318,0.0,0.0,0.05231504800000451,False,False,False,False,False
base_1_far_02_v1.0_h0.2,1.0,0.2,False,,32.31486500000358,9.600000083764826e-05,0.0,0.0,0.05231496100000442,False,False,False,False,False
base_1_far_02_v1.0_h0.3,1.0,0.3,False,,32.31486500000358,0.00010599999988869513,0.0,0.0,0.05231497100000347,False,False,False,False,False
base_1_far_02_v1.0_h0.4,1.0,0.4,False,,32.31486500000358,0.00016099999911034502,0.0,0.0,0.05231502600000269,False,False,False,False,False
base_1_far_03_v0.0_h0.2,0.0,0.2,False,,26.605674999998996,0.00010499999980595476,0.0,0.0,0.046605779999998806,False,False,False,False,False
base_1_far_03_v0.0_h0.3,0.0,0.3,False,,26.605674999998996,0.0001300000000981072,0.0,0.0,0.0466058049999991,False,False,False,False,False
base_1_far_03_v0.0_h0.4,0.0,0.4,False,,26.605674999998996,0.00017300000010322947,0.0,0.0,0.0466058479999991,False,False,False,False,False
base_1_far_03_v0.5_h0.2,0.5,0.2,False,,26.605674999998996,0.00010199999955773364,0.0,0.0,0.04660577699999856,False,False,False,False,False
base_1_far_03_v0.5_h0.3,0.5,0.3,False,,26.605674999998996,9.799999922677216e-05,0.0,0.0,0.04660577299999823,False,False,False,False,False
base_1_far_03_v0.5_h0.4,0.5,0.4,False,,26.605674999998996,0.000156000000473,0.0,0.0,0.04660583099999947,False,False,False,False,False
base_1_far_03_v1.0_h0.2,1.0,0.2,False,,26.605674999998996,0.00010599999988869513,0.0,0.0,0.04660578099999889,False,False,False,False,False
base_1_far_03_v1.0_h0.3,1.0,0.3,False,,26.605674999998996,0.00010100000125135011,0.0,0.0,0.04660577600000025,False,False,False,False,False
base_1_far_03_v1.0_h0.4,1.0,0.4,False,,26.605674999998996,0.00012499999968440534,0.0,0.0,0.046605799999998684,False,False,False,False,False
base_1_far_04_v0.0_h0.2,0.0,0.2,False,,20.85168700000395,8.499999992750418e-05,0.0,0.0,0.04085177200000388,False,False,False,False,False
base_1_far_04_v0.0_h0.3,0.0,0.3,False,,20.85168700000395,0.0001229999995189246,0.0,0.0,0.04085181000000347,False,False,False,False,False
base_1_far_04_v0.0_h0.4,0.0,0.4,False,,20.85168700000395,0.0001679999996895276,0.0,0.0,0.04085185500000364,False,False,False,False,False
base_1_far_04_v0.5_h0.2,0.5,0.2,False,,20.85168700000395,8.199999967928306e-05,0.0,0.0,0.04085176900000363,False,False,False,False,False
base_1_far_04_v0.5_h0.3,0.5,0.3,False,,20.85168700000395,0.00010299999964047402,0.0,0.0,0.04085179000000359,False,False,False,False,False
base_1_far_04_v0.5_h0.4,0.5,0.4,False,,20.85168700000395,0.0001470000015046935,0.0,0.0,0.04085183400000546,False,False,False,False,False
base_1_far_04_v1.0_h0.2,1.0,0.2,False,,20.85168700000395,9.10000004239464e-05,0.0,0.0,0.04085177800000438,False,False,False,False,False
base_1_far_04_v1.0_h0.3,1.0,0.3,False,,20.85168700000395,9.400000067216752e-05,0.0,0.0,0.040851781000004625,False,False,False,False,False
base_1_far_04_v1.0_h0.4,1.0,0.4,False,,20.85168700000395,0.00013399999865271184,0.0,0.0,0.040851821000002606,False,False,False,False,False
base_1_far_05_v0.0_h0.2,0.0,0.2,False,,36.42175299999906,5.899999955261137e-05,0.0,0.0,0.056421811999998614,False,False,False,False,False
base_1_far_05_v0.0_h0.3,0.0,0.3,False,,36.42175299999906,6.600000013179397e-05,0.0,0.0,0.05642181899999919,False,False,False,False,False
base_1_far_05_v0.0_h0.4,0.0,0.4,False,,36.42175299999906,0.00010900000013691624,0.0,0.0,0.0564218619999992,False,False,False,False,False
base_1_far_05_v0.5_h0.2,0.5,0.2,False,,36.42175299999906,5.1999998973428774e-05,0.0,0.0,0.056421804999998035,False,False,False,False,False
base_1_far_05_v0.5_h0.3,0.5,0.3,False,,36.42175299999906,5.1999998973428774e-05,0.0,0.0,0.056421804999998035,False,False,False,False,False
base_1_far_05_v0.5_h0.4,0.5,0.4,False,,36.42175299999906,7.799999934832158e-05,0.0,0.0,0.05642183099999841,False,False,False,False,False
base_1_far_05_v1.0_h0.2,1.0,0.2,False,,36.42175299999906,5.3999999138909516e-05,0.0,0.0,0.0564218069999982,False,False,False,False,False
base_1_far_05_v1.0_h0.3,1.0,0.3,False,,36.42175299999906,5.3000000832525984e-05,0.0,0.0,0.056421805999999894,False,False,False,False,False
base_1_far_05_v1.0_h0.4,1.0,0.4,False,,36.42175299999906,7.599999918284084e-05,0.0,0.0,0.056421828999998244,False,False,False,False,False
base_1_far_06_v0.0_h0.2,0.0,0.2,False,,18.39925600000214,7.50000008764573e-05,0.0,0.0,0.03839933100000302,False,False,False,False,False
base_1_far_06_v0.0_h0.3,0.0,0.3,False,,18.39925600000214,5.800000124622784e-05,0.0,0.0,0.03839931400000339,False,False,False,False,False
base_1_far_06_v0.0_h0.4,0.0,0.4,False,,18.39925600000214,7.50000008764573e-05,0.0,0.0,0.03839933100000302,False,False,False,False,False
base_1_far_06_v0.5_h0.2,0.5,0.2,False,,18.39925600000214,5.200000074978561e-05,0.0,0.0,0.038399308000002894,False,False,False,False,False
base_1_far_06_v0.5_h0.3,0.5,0.3,False,,18.39925600000214,6.399999996631323e-05,0.0,0.0,0.03839932000000211,False,False,False,False,False
base_1_far_06_v0.5_h0.4,0.5,0.4,False,,18.39925600000214,5.2999999056169145e-05,0.0,0.0,0.0383993090000012,False,False,False,False,False
base_1_far_06_v1.0_h0.2,1.0,0.2,False,,18.39925600000214,5.09999988906884e-05,0.0,0.0,0.038399307000001034,False,False,False,False,False
base_1_far_06_v1.0_h0.3,1.0,0.3,False,,18.39925600000214,5.3000000832525984e-05,0.0,0.0,0.038399309000002976,False,False,False,False,False
base_1_far_06_v1.0_h0.4,1.0,0.4,False,,18.39925600000214,8.199999967928306e-05,0.0,0.0,0.03839933800000182,False,False,False,False,False
base_1_far_07_v0.0_h0.2,0.0,0.2,False,,23.891216999999187,6.600000013179397e-05,0.0,0.0,0.04389128299999932,False,False,False,False,False
base_1_far_07_v0.0_h0.3,0.0,0.3,False,,23.891216999999187,5.699999938713063e-05,0.0,0.0,0.04389127399999858,False,False,False,False,False
base_1_far_07_v0.0_h0.4,0.0,0.4,False,,23.891216999999187,0.00014900000167017424,0.0,0.0,0.04389136600000086,False,False,False,False,False
base_1_far_07_v0.5_h0.2,0.5,0.2,False,,23.891216999999187,5.3999999138909516e-05,0.0,0.0,0.04389127099999833,False,False,False,False,False
base_1_far_07_v0.5_h0.3,0.5,0.3,False,,23.891216999999187,6.000000141170858e-05,0.0,0.0,0.0438912770000006,False,False,False,False,False
base_1_far_07_v0.5_h0.4,0.5,0.4,False,,23.891216999999187,0.00010099999947499327,0.0,0.0,0.043891317999998666,False,False,False,False,False
base_1_far_07_v1.0_h0.2,1.0,0.2,False,,23.891216999999187,5.5000000998006726e-05,0.0,0.0,0.04389127200000019,False,False,False,False,False
base_1_far_07_v1.0_h0.3,1.0,0.3,False,,23.891216999999187,5.2999999056169145e-05,0.0,0.0,0.04389126999999825,False,False,False,False,False
base_1_far_07_v1.0_h0.4,1.0,0.4,False,,23.891216999999187,0.00010599999988869513,0.0,0.0,0.04389132299999908,False,False,False,False,False
base_1_far_08_v0.0_h0.2,0.0,0.2,False,,35.041448000001196,6.600000013179397e-05,0.0,0.0,0.05504151400000133,False,False,False,False,False
base_1_far_08_v0.0_h0.3,0.0,0.3,False,,35.041448000001196,5.2999999056169145e-05,0.0,0.0,0.055041501000000256,False,False,False,False,False
base_1_far_08_v0.0_h0.4,0.0,0.4,False,,35.041448000001196,9.899999930951253e-05,0.0,0.0,0.05504154700000051,False,False,False,False,False
base_1_far_08_v0.5_h0.2,0.5,0.2,False,,35.041448000001196,5.1999998973428774e-05,0.0,0.0,0.055041500000000174,False,False,False,False,False
base_1_far_08_v0.5_h0.3,0.5,0.3,False,,35.041448000001196,5.899999955261137e-05,0.0,0.0,0.05504150700000075,False,False,False,False,False
base_1_far_08_v0.5_h0.4,0.5,0.4,False,,35.041448000001196,9.8000001003129e-05,0.0,0.0,0.0550415460000022,False,False,False,False,False
base_1_far_08_v1.0_h0.2,1.0,0.2,False,,35.041448000001196,6.100000149444895e-05,0.0,0.0,0.055041509000002695,False,False,False,False,False
base_1_far_08_v1.0_h0.3,1.0,0.3,False,,35.041448000001196,5.3999999138909516e-05,0.0,0.0,0.05504150200000034,False,False,False,False,False
base_1_far_08_v1.0_h0.4,1.0,0.4,False,,35.041448000001196,7.999999951380232e-05,0.0,0.0,0.055041528000000714,False,False,False,False,False
base_1_far_09_v0.0_h0.2,0.0,0.2,False,,28.279623999999615,7.499999910010047e-05,0.0,0.0,0.04827969899999872,False,False,False,False,False
base_1_far_09_v0.0_h0.3,0.0,0.3,False,,28.279623999999615,5.999999963535174e-05,0.0,0.0,0.048279683999999254,False,False,False,False,False
base_1_far_09_v0.0_h0.4,0.0,0.4,False,,28.279623999999615,0.0001419999993146348,0.0,0.0,0.04827976599999893,False,False,False,False,False
base_1_far_09_v0.5_h0.2,0.5,0.2,False,,28.279623999999615,5.1999998973428774e-05,0.0,0.0,0.04827967599999859,False,False,False,False,False
base_1_far_09_v0.5_h0.3,0.5,0.3,False,,28.279623999999615,5.100000066704524e-05,0.0,0.0,0.048279675000000286,False,False,False,False,False
base_1_far_09_v0.5_h0.4,0.5,0.4,False,,28.279623999999615,9.700000092038863e-05,0.0,0.0,0.04827972100000054,False,False,False,False,False
base_1_far_09_v1.0_h0.2,1.0,0.2,False,,28.279623999999615,5.09999988906884e-05,0.0,0.0,0.04827967499999851,False,False,False,False,False
base_1_far_09_v1.0_h0.3,1.0,0.3,False,,28.279623999999615,5.700000116348747e-05,0.0,0.0,0.04827968100000078,False,False,False,False,False
base_1_far_09_v1.0_h0.4,1.0,0.4,False,,28.279623999999615,5.499999922164989e-05,0.0,0.0,0.04827967899999884,False,False,False,False,False
base_1_free_01_v0.0_h0.2,0.0,0.2,False,,18.497583999998568,0.0001069999999714355,0.0,0.0,0.03849769099999854,False,False,False,False,False
base_1_free_01_v0.0_h0.3,0.0,0.3,False,,18.497583999998568,9.200000050668677e-05,0.0,0.0,0.03849767599999908,False,False,False,False,False
base_1_free_01_v0.0_h0.4,0.0,0.4,False,,18.497583999998568,0.00012900000001536682,0.0,0.0,0.03849771299999859,False,False,False,False,False
base_1_free_01_v0.5_h0.2,0.5,0.2,False,,18.497583999998568,0.00010599999988869513,0.0,0.0,0.03849768999999846,False,False,False,False,False
base_1_free_01_v0.5_h0.3,0.5,0.3,False,,18.497583999998568,9.200000050668677e-05,0.0,0.0,0.03849767599999908,False,False,False,False,False
base_1_free_01_v0.5_h0.4,0.5,0.4,False,,18.497583999998568,8.100000137289953e-05,0.0,0.0,0.038497664999999945,False,False,False,False,False
base_1_free_01_v1.0_h0.2,1.0,0.2,False,,18.497583999998568,8.499999992750418e-05,0.0,0.0,0.0384976689999985,False,False,False,False,False
base_1_free_01_v1.0_h0.3,1.0,0.3,False,,18.497583999998568,7.600000095919768e-05,0.0,0.0,0.03849765999999953,False,False,False,False,False
base_1_free_01_v1.0_h0.4,1.0,0.4,False,,18.497583999998568,8.09999995965427e-05,0.0,0.0,0.03849766499999817,False,False,False,False,False
base_1_free_02_v0.0_h0.2,0.0,0.2,False,,21.491148000002624,5.2999999056169145e-05,0.0,0.0,0.041491201000001685,False,False,False,False,False
base_1_free_02_v0.0_h0.3,0.0,0.3,False,,21.491148000002624,6.199999980083248e-05,0.0,0.0,0.04149121000000243,False,False,False,False,False
base_1_free_02_v0.0_h0.4,0.0,0.4,False,,21.491148000002624,7.999999951380232e-05,0.0,0.0,0.04149122800000214,False,False,False,False,False
base_1_free_02_v0.5_h0.2,0.5,0.2,False,,21.491148000002624,5.60000010807471e-05,0.0,0.0,0.04149120400000371,False,False,False,False,False
base_1_free_02_v0.5_h0.3,0.5,0.3,False,,21.491148000002624,5.2999999056169145e-05,0.0,0.0,0.041491201000001685,False,False,False,False,False
base_1_free_02_v0.5_h0.4,0.5,0.4,False,,21.491148000002624,9.899999930951253e-05,0.0,0.0,0.04149124700000194,False,False,False,False,False
base_1_free_02_v1.0_h0.2,1.0,0.2,False,,21.491148000002624,5.3999999138909516e-05,0.0,0.0,0.04149120200000177,False,False,False,False,False
base_1_free_02_v1.0_h0.3,1.0,0.3,False,,21.491148000002624,5.499999922164989e-05,0.0,0.0,0.04149120300000185,False,False,False,False,False
base_1_free_02_v1.0_h0.4,1.0,0.4,False,,21.491148000002624,7.999999951380232e-05,0.0,0.0,0.04149122800000214,False,False,False,False,False
base_1_free_03_v0.0_h0.2,0.0,0.2,False,,16.359404000002797,9.399999889581068e-05,0.0,0.0,0.0363594980000017,False,False,False,False,False
base_1_free_03_v0.0_h0.3,0.0,0.3,False,,16.359404000002797,9.699999914403179e-05,0.0,0.0,0.036359501000001945,False,False,False,False,False
base_1_free_03_v0.0_h0.4,0.0,0.4,False,,16.359404000002797,0.00016899999977226798,0.0,0.0,0.036359573000002574,False,False,False,False,False
base_1_free_03_v0.5_h0.2,0.5,0.2,False,,16.359404000002797,9.500000075490789e-05,0.0,0.0,0.036359499000003556,False,False,False,False,False
base_1_free_03_v0.5_h0.3,0.5,0.3,False,,16.359404000002797,9.000000034120603e-05,0.0,0.0,0.03635949400000314,False,False,False,False,False
base_1_free_03_v0.5_h0.4,0.5,0.4,False,,16.359404000002797,0.00014499999956285592,0.0,0.0,0.036359549000002364,False,False,False,False,False
base_1_free_03_v1.0_h0.2,1.0,0.2,False,,16.359404000002797,7.799999934832158e-05,0.0,0.0,0.03635948200000215,False,False,False,False,False
base_1_free_03_v1.0_h0.3,1.0,0.3,False,,16.359404000002797,8.700000009298492e-05,0.0,0.0,0.036359491000002894,False,False,False,False,False
base_1_free_03_v1.0_h0.4,1.0,0.4,False,,16.359404000002797,0.00012899999823900998,0.0,0.0,0.03635953300000104,False,False,False,False,False
base_1_free_04_v0.0_h0.2,0.0,0.2,False,,40.32551699999942,0.00011500000063335847,0.0,0.0,0.06032563200000006,False,False,False,False,False
base_1_free_04_v0.0_h0.3,0.0,0.3,False,,40.32551699999942,9.000000034120603e-05,0.0,0.0,0.06032560699999977,False,False,False,False,False
base_1_free_04_v0.0_h0.4,0.0,0.4,False,,40.32551699999942,0.00013200000026358794,0.0,0.0,0.06032564899999969,False,False,False,False,False
base_1_free_04_v0.5_h0.2,0.5,0.2,False,,40.32551699999942,7.599999918284084e-05,0.0,0.0,0.06032559299999861,False,False,False,False,False
base_1_free_04_v0.5_h0.3,0.5,0.3,False,,40.32551699999942,8.800000017572529e-05,0.0,0.0,0.0603256049999996,False,False,False,False,False
base_1_free_04_v0.5_h0.4,0.5,0.4,False,,40.32551699999942,0.00011699999902248237,0.0,0.0,0.06032563399999845,False,False,False,False,False
base_1_free_04_v1.0_h0.2,1.0,0.2,False,,40.32551699999942,0.0001489999998938174,0.0,0.0,0.06032566599999932,False,False,False,False,False
base_1_free_04_v1.0_h0.3,1.0,0.3,False,,40.32551699999942,9.400000067216752e-05,0.0,0.0,0.0603256110000001,False,False,False,False,False
base_1_free_04_v1.0_h0.4,1.0,0.4,False,,40.32551699999942,0.00013500000051180905,0.0,0.0,0.06032565199999994,False,False,False,False,False
base_1_free_05_v0.0_h0.2,0.0,0.2,False,,28.16131800000221,9.10000004239464e-05,0.0,0.0,0.04816140900000264,False,False,False,False,False
base_1_free_05_v0.0_h0.3,0.0,0.3,False,,28.16131800000221,8.900000025846566e-05,0.0,0.0,0.048161407000002474,False,False,False,False,False
base_1_free_05_v0.0_h0.4,0.0,0.4,False,,28.16131800000221,0.00014699999972833666,0.0,0.0,0.04816146500000194,False,False,False,False,False
base_1_free_05_v0.5_h0.2,0.5,0.2,False,,28.16131800000221,9.000000034120603e-05,0.0,0.0,0.048161408000002556,False,False,False,False,False
base_1_free_05_v0.5_h0.3,0.5,0.3,False,,28.16131800000221,9.700000092038863e-05,0.0,0.0,0.048161415000003135,False,False,False,False,False
base_1_free_05_v0.5_h0.4,0.5,0.4,False,,28.16131800000221,0.0001300000000981072,0.0,0.0,0.04816144800000231,False,False,False,False,False
base_1_free_05_v1.0_h0.2,1.0,0.2,False,,28.16131800000221,7.900000120741879e-05,0.0,0.0,0.04816139700000342,False,False,False,False,False
base_1_free_05_v1.0_h0.3,1.0,0.3,False,,28.16131800000221,7.599999918284084e-05,0.0,0.0,0.0481613940000014,False,False,False,False,False
base_1_free_05_v1.0_h0.4,1.0,0.4,False,,28.16131800000221,0.00016299999927582576,0.0,0.0,0.04816148100000149,False,False,False,False,False
base_1_free_06_v0.0_h0.2,0.0,0.2,False,,29.654392000001195,0.00013800000076003016,0.0,0.0,0.04965453000000196,False,False,False,False,False
base_1_free_06_v0.0_h0.3,0.0,0.3,False,,29.654392000001195,0.00011700000079883921,0.0,0.0,0.049654509000002,False,False,False,False,False
base_1_free_06_v0.0_h0.4,0.0,0.4,False,,29.654392000001195,0.00018400000101337355,0.0,0.0,0.04965457600000221,False,False,False,False,False
base_1_free_06_v0.5_h0.2,0.5,0.2,False,,29.654392000001195,9.199999873032993e-05,0.0,0.0,0.04965448399999993,False,False,False,False,False
base_1_free_06_v0.5_h0.3,0.5,0.3,False,,29.654392000001195,9.900000108586937e-05,0.0,0.0,0.049654491000002285,False,False,False,False,False
base_1_free_06_v0.5_h0.4,0.5,0.4,False,,29.654392000001195,0.0001619999991930854,0.0,0.0,0.04965455400000039,False,False,False,False,False
base_1_free_06_v1.0_h0.2,1.0,0.2,False,,29.654392000001195,0.0001050000015823116,0.0,0.0,0.04965449700000278,False,False,False,False,False
base_1_free_06_v1.0_h0.3,1.0,0.3,False,,29.654392000001195,0.0001069999999714355,0.0,0.0,0.04965449900000117,False,False,False,False,False
base_1_free_06_v1.0_h0.4,1.0,0.4,False,,29.654392000001195,0.00015800000063848074,0.0,0.0,0.04965455000000184,False,False,False,False,False
base_1_free_07_v0.0_h0.2,0.0,0.2,False,,27.455605000000105,0.00012799999993262645,0.0,0.0,0.04745573300000004,False,False,False,False,False
base_1_free_07_v0.0_h0.3,0.0,0.3,False,,27.455605000000105,0.00012200000121254106,0.0,0.0,0.04745572700000132,False,False,False,False,False
base_1_free_07_v0.0_h0.4,0.0,0.4,False,,27.455605000000105,0.00017600000035145058,0.0,0.0,0.04745578100000046,False,False,False,False,False
base_1_free_07_v0.5_h0.2,0.5,0.2,False,,27.455605000000105,8.400000162112065e-05,0.0,0.0,0.04745568900000173,False,False,False,False,False
base_1_free_07_v0.5_h0.3,0.5,0.3,False,,27.455605000000105,0.00011000000021965661,0.0,0.0,0.04745571500000033,False,False,False,False,False
base_1_free_07_v0.5_h0.4,0.5,0.4,False,,27.455605000000105,0.00013200000026358794,0.0,0.0,0.04745573700000037,False,False,False,False,False
base_1_free_07_v1.0_h0.2,1.0,0.2,False,,27.455605000000105,9.900000108586937e-05,0.0,0.0,0.047455704000001195,False,False,False,False,False
base_1_free_07_v1.0_h0.3,1.0,0.3,False,,27.455605000000105,9.8000001003129e-05,0.0,0.0,0.04745570300000111,False,False,False,False,False
base_1_free_07_v1.0_h0.4,1.0,0.4,False,,27.455605000000105,0.0001470000015046935,0.0,0.0,0.047455752000001614,False,False,False,False,False
base_1_free_08_v0.0_h0.2,0.0,0.2,False,,37.68776699999776,0.0001089999983605594,0.0,0.0,0.05768787599999613,False,False,False,False,False
base_1_free_08_v0.0_h0.3,0.0,0.3,False,,37.68776699999776,8.39999998447638e-05,0.0,0.0,0.05768785099999761,False,False,False,False,False
base_1_free_08_v0.0_h0.4,0.0,0.4,False,,37.68776699999776,0.00016599999952404687,0.0,0.0,0.05768793299999729,False,False,False,False,False
base_1_free_08_v0.5_h0.2,0.5,0.2,False,,37.68776699999776,7.999999951380232e-05,0.0,0.0,0.05768784699999728,False,False,False,False,False
base_1_free_08_v0.5_h0.3,0.5,0.3,False,,37.68776699999776,0.00010599999988869513,0.0,0.0,0.057687872999997655,False,False,False,False,False
base_1_free_08_v0.5_h0.4,0.5,0.4,False,,37.68776699999776,0.0001590000007212211,0.0,0.0,0.05768792599999849,False,False,False,False,False
base_1_free_08_v1.0_h0.2,1.0,0.2,False,,37.68776699999776,9.199999873032993e-05,0.0,0.0,0.0576878589999965,False,False,False,False,False
base_1_free_08_v1.0_h0.3,1.0,0.3,False,,37.68776699999776,7.699999926558121e-05,0.0,0.0,0.05768784399999703,False,False,False,False,False
base_1_free_08_v1.0_h0.4,1.0,0.4,False,,37.68776699999776,0.00012099999935344385,0.0,0.0,0.05768788799999712,False,False,False,False,False
base_1_free_09_v0.0_h0.2,0.0,0.2,False,,20.254809000000762,7.599999918284084e-05,0.0,0.0,0.04025488499999995,False,False,False,False,False
base_1_free_09_v0.0_h0.3,0.0,0.3,False,,20.254809000000762,7.999999951380232e-05,0.0,0.0,0.04025488900000028,False,False,False,False,False
base_1_free_09_v0.0_h0.4,0.0,0.4,False,,20.254809000000762,7.39999990173601e-05,0.0,0.0,0.04025488299999978,False,False,False,False,False
base_1_free_09_v0.5_h0.2,0.5,0.2,False,,20.254809000000762,5.60000010807471e-05,0.0,0.0,0.04025486500000185,False,False,False,False,False
base_1_free_09_v0.5_h0.3,0.5,0.3,False,,20.254809000000762,5.899999955261137e-05,0.0,0.0,0.04025486800000032,False,False,False,False,False
base_1_free_09_v0.5_h0.4,0.5,0.4,False,,20.254809000000762,8.700000009298492e-05,0.0,0.0,0.04025489600000086,False,False,False,False,False
base_1_free_09_v1.0_h0.2,1.0,0.2,False,,20.254809000000762,5.60000010807471e-05,0.0,0.0,0.04025486500000185,False,False,False,False,False
base_1_free_09_v1.0_h0.3,1.0,0.3,False,,20.254809000000762,5.599999930439026e-05,0.0,0.0,0.04025486500000007,False,False,False,False,False
base_1_free_09_v1.0_h0.4,1.0,0.4,False,,20.254809000000762,8.09999995965427e-05,0.0,0.0,0.04025489000000036,False,False,False,False,False
base_1_near_00_v0.0_h0.2,0.0,0.2,False,,26.410048999998992,5.800000124622784e-05,0.0,0.0,0.04641010700000024,False,False,False,False,False
base_1_near_00_v0.0_h0.3,0.0,0.3,False,,26.410048999998992,8.900000025846566e-05,0.0,0.0,0.046410137999999254,False,False,False,False,False
base_1_near_00_v0.0_h0.4,0.0,0.4,False,,26.410048999998992,9.400000067216752e-05,0.0,0.0,0.04641014299999967,False,False,False,False,False
base_1_near_00_v0.5_h0.2,0.5,0.2,False,,26.410048999998992,5.000000058430487e-05,0.0,0.0,0.04641009899999958,False,False,False,False,False
base_1_near_00_v0.5_h0.3,0.5,0.3,False,,26.410048999998992,5.699999938713063e-05,0.0,0.0,0.04641010599999838,False,False,False,False,False
base_1_near_00_v0.5_h0.4,0.5,0.4,False,,26.410048999998992,9.500000075490789e-05,0.0,0.0,0.04641014399999975,False,False,False,False,False
base_1_near_00_v1.0_h0.2,1.0,0.2,False,,26.410048999998992,5.1999998973428774e-05,0.0,0.0,0.04641010099999797,False,False,False,False,False
base_1_near_00_v1.0_h0.3,1.0,0.3,False,,26.410048999998992,5.1999998973428774e-05,0.0,0.0,0.04641010099999797,False,False,False,False,False
base_1_near_00_v1.0_h0.4,1.0,0.4,False,,26.410048999998992,0.00010599999988869513,0.0,0.0,0.046410154999998884,False,False,False,False,False
base_1_near_01_v0.0_h0.2,0.0,0.2,False,,21.751715999997145,0.00010000000116860974,0.0,0.0,0.04175181599999832,False,False,False,False,False
base_1_near_01_v0.0_h0.3,0.0,0.3,False,,21.751715999997145,0.00012200000121254106,0.0,0.0,0.04175183799999836,False,False,False,False,False
base_1_near_01_v0.0_h0.4,0.0,0.4,False,,21.751715999997145,0.00010299999964047402,0.0,0.0,0.04175181899999679,False,False,False,False,False
base_1_near_01_v0.5_h0.2,0.5,0.2,False,,21.751715999997145,9.000000034120603e-05,0.0,0.0,0.04175180599999749,False,False,False,False,False
base_1_near_01_v0.5_h0.3,0.5,0.3,False,,21.751715999997145,9.399999889581068e-05,0.0,0.0,0.041751809999996045,False,False,False,False,False
base_1_near_01_v0.5_h0.4,0.5,0.4,False,,21.751715999997145,9.200000050668677e-05,0.0,0.0,0.041751807999997656,False,False,False,False,False
base_1_near_01_v1.0_h0.2,1.0,0.2,False,,21.751715999997145,9.10000004239464e-05,0.0,0.0,0.04175180699999757,False,False,False,False,False
base_1_near_01_v1.0_h0.3,1.0,0.3,False,,21.751715999997145,0.00012799999993262645,0.0,0.0,0.04175184399999708,False,False,False,False,False
base_1_near_01_v1.0_h0.4,1.0,0.4,False,,21.751715999997145,0.00011000000021965661,0.0,0.0,0.04175182599999737,False,False,False,False,False
base_1_near_02_v0.0_h0.2,0.0,0.2,False,,17.27241800000101,9.000000034120603e-05,0.0,0.0,0.037272508000001356,False,False,False,False,False
base_1_near_02_v0.0_h0.3,0.0,0.3,False,,17.27241800000101,5.700000116348747e-05,0.0,0.0,0.03727247500000218,False,False,False,False,False
base_1_near_02_v0.0_h0.4,0.0,0.4,False,,17.27241800000101,0.00013400000042906868,0.0,0.0,0.037272552000001444,False,False,False,False,False
base_1_near_02_v0.5_h0.2,0.5,0.2,False,,17.27241800000101,5.000000058430487e-05,0.0,0.0,0.0372724680000016,False,False,False,False,False
base_1_near_02_v0.5_h0.3,0.5,0.3,False,,17.27241800000101,5.7999999469871e-05,0.0,0.0,0.037272476000000485,False,False,False,False,False
base_1_near_02_v0.5_h0.4,0.5,0.4,False,,17.27241800000101,0.00010800000005417587,0.0,0.0,0.03727252600000107,False,False,False,False,False
base_1_near_02_v1.0_h0.2,1.0,0.2,False,,17.27241800000101,5.100000066704524e-05,0.0,0.0,0.03727246900000168,False,False,False,False,False
base_1_near_02_v1.0_h0.3,1.0,0.3,False,,17.27241800000101,5.3000000832525984e-05,0.0,0.0,0.03727247100000185,False,False,False,False,False
base_1_near_02_v1.0_h0.4,1.0,0.4,False,,17.27241800000101,7.799999934832158e-05,0.0,0.0,0.03727249600000036,False,False,False,False,False
base_1_near_03_v0.0_h0.2,0.0,0.2,False,,17.94834899999742,5.60000010807471e-05,0.0,0.0,0.037948404999998506,False,False,False,False,False
base_1_near_03_v0.0_h0.3,0.0,0.3,False,,17.94834899999742,5.599999930439026e-05,0.0,0.0,0.03794840499999673,False,False,False,False,False
base_1_near_03_v0.0_h0.4,0.0,0.4,False,,17.94834899999742,0.0001530000002247789,0.0,0.0,0.03794850199999765,False,False,False,False,False
base_1_near_03_v0.5_h0.2,0.5,0.2,False,,17.94834899999742,5.899999955261137e-05,0.0,0.0,0.03794840799999698,False,False,False,False,False
base_1_near_03_v0.5_h0.3,0.5,0.3,False,,17.94834899999742,5.2999999056169145e-05,0.0,0.0,0.03794840199999648,False,False,False,False,False
base_1_near_03_v0.5_h0.4,0.5,0.4,False,,17.94834899999742,9.099999864758956e-05,0.0,0.0,0.03794843999999607,False,False,False,False,False
base_1_near_03_v1.0_h0.2,1.0,0.2,False,,17.94834899999742,5.200000074978561e-05,0.0,0.0,0.037948400999998175,False,False,False,False,False
base_1_near_03_v1.0_h0.3,1.0,0.3,False,,17.94834899999742,5.699999938713063e-05,0.0,0.0,0.03794840599999681,False,False,False,False,False
base_1_near_03_v1.0_h0.4,1.0,0.4,False,,17.94834899999742,9.500000075490789e-05,0.0,0.0,0.03794844399999818,False,False,False,False,False
base_1_near_04_v0.0_h0.2,0.0,0.2,False,,38.663995000000284,0.00011800000088157958,0.0,0.0,0.05866411300000117,False,False,False,False,False
base_1_near_04_v0.0_h0.3,0.0,0.3,False,,38.663995000000284,9.199999873032993e-05,0.0,0.0,0.05866408699999902,False,False,False,False,False
base_1_near_04_v0.0_h0.4,0.0,0.4,False,,38.663995000000284,0.00011300000046787773,0.0,0.0,0.058664108000000756,False,False,False,False,False
base_1_near_04_v0.5_h0.2,0.5,0.2,False,,38.663995000000284,8.499999992750418e-05,0.0,0.0,0.058664080000000215,False,False,False,False,False
base_1_near_04_v0.5_h0.3,0.5,0.3,False,,38.663995000000284,8.899999848210882e-05,0.0,0.0,0.05866408399999877,False,False,False,False,False
base_1_near_04_v0.5_h0.4,0.5,0.4,False,,38.663995000000284,7.799999934832158e-05,0.0,0.0,0.058664072999999636,False,False,False,False,False
base_1_near_04_v1.0_h0.2,1.0,0.2,False,,38.663995000000284,7.400000079371694e-05,0.0,0.0,0.05866406900000108,False,False,False,False,False
base_1_near_04_v1.0_h0.3,1.0,0.3,False,,38.663995000000284,9.099999864758956e-05,0.0,0.0,0.058664085999998936,False,False,False,False,False
base_1_near_04_v1.0_h0.4,1.0,0.4,False,,38.663995000000284,9.000000034120603e-05,0.0,0.0,0.05866408500000063,False,False,False,False,False
base_1_near_05_v0.0_h0.2,0.0,0.2,False,,17.66344600000025,5.599999930439026e-05,0.0,0.0,0.03766350199999956,False,False,False,False,False
base_1_near_05_v0.0_h0.3,0.0,0.3,False,,17.66344600000025,5.499999922164989e-05,0.0,0.0,0.037663500999999475,False,False,False,False,False
base_1_near_05_v0.0_h0.4,0.0,0.4,False,,17.66344600000025,0.00011199999860878052,0.0,0.0,0.03766355799999886,False,False,False,False,False
base_1_near_05_v0.5_h0.2,0.5,0.2,False,,17.66344600000025,6.399999996631323e-05,0.0,0.0,0.03766351000000022,False,False,False,False,False
base_1_near_05_v0.5_h0.3,0.5,0.3,False,,17.66344600000025,5.7999999469871e-05,0.0,0.0,0.03766350399999972,False,False,False,False,False
base_1_near_05_v0.5_h0.4,0.5,0.4,False,,17.66344600000025,8.39999998447638e-05,0.0,0.0,0.0376635300000001,False,False,False,False,False
base_1_near_05_v1.0_h0.2,1.0,0.2,False,,17.66344600000025,5.3999999138909516e-05,0.0,0.0,0.03766349999999939,False,False,False,False,False
base_1_near_05_v1.0_h0.3,1.0,0.3,False,,17.66344600000025,5.60000010807471e-05,0.0,0.0,0.037663502000001334,False,False,False,False,False
base_1_near_05_v1.0_h0.4,1.0,0.4,False,,17.66344600000025,8.600000001024455e-05,0.0,0.0,0.03766353200000026,False,False,False,False,False
base_1_near_06_v0.0_h0.2,0.0,0.2,False,,22.84851599999982,0.00010800000005417587,0.0,0.0,0.04284862399999988,False,False,False,False,False
base_1_near_06_v0.0_h0.3,0.0,0.3,False,,22.84851599999982,8.39999998447638e-05,0.0,0.0,0.04284859999999967,False,False,False,False,False
base_1_near_06_v0.0_h0.4,0.0,0.4,False,,22.84851599999982,0.0001210000011298007,0.0,0.0,0.04284863700000095,False,False,False,False,False
base_1_near_06_v0.5_h0.2,0.5,0.2,False,,22.84851599999982,0.00012099999935344385,0.0,0.0,0.042848636999999176,False,False,False,False,False
base_1_near_06_v0.5_h0.3,0.5,0.3,False,,22.84851599999982,9.700000092038863e-05,0.0,0.0,0.04284861300000074,False,False,False,False,False
base_1_near_06_v0.5_h0.4,0.5,0.4,False,,22.84851599999982,0.0001370000006772898,0.0,0.0,0.0428486530000005,False,False,False,False,False
base_1_near_06_v1.0_h0.2,1.0,0.2,False,,22.84851599999982,9.900000108586937e-05,0.0,0.0,0.04284861500000091,False,False,False,False,False
base_1_near_06_v1.0_h0.3,1.0,0.3,False,,22.84851599999982,0.00011600000071609884,0.0,0.0,0.04284863200000054,False,False,False,False,False
base_1_near_06_v1.0_h0.4,1.0,0.4,False,,22.84851599999982,0.0001630000010521826,0.0,0.0,0.042848679000000875,False,False,False,False,False
base_1_near_07_v0.0_h0.2,0.0,0.2,False,,18.18310600000217,0.00010499999980595476,0.0,0.0,0.03818321100000198,False,False,False,False,False
base_1_near_07_v0.0_h0.3,0.0,0.3,False,,18.18310600000217,0.00011200000038513735,0.0,0.0,0.03818321800000256,False,False,False,False,False
base_1_near_07_v0.0_h0.4,0.0,0.4,False,,18.18310600000217,0.00013100000018084756,0.0,0.0,0.038183237000002354,False,False,False,False,False
base_1_near_07_v0.5_h0.2,0.5,0.2,False,,18.18310600000217,0.00010300000141683086,0.0,0.0,0.03818320900000359,False,False,False,False,False
base_1_near_07_v0.5_h0.3,0.5,0.3,False,,18.18310600000217,9.900000108586937e-05,0.0,0.0,0.03818320500000326,False,False,False,False,False
base_1_near_07_v0.5_h0.4,0.5,0.4,False,,18.18310600000217,0.0001300000000981072,0.0,0.0,0.03818323600000227,False,False,False,False,False
base_1_near_07_v1.0_h0.2,1.0,0.2,False,,18.18310600000217,8.700000009298492e-05,0.0,0.0,0.038183193000002266,False,False,False,False,False
base_1_near_07_v1.0_h0.3,1.0,0.3,False,,18.18310600000217,0.00010099999947499327,0.0,0.0,0.03818320700000165,False,False,False,False,False
base_1_near_07_v1.0_h0.4,1.0,0.4,False,,18.18310600000217,0.0001259999997671457,0.0,0.0,0.03818323200000194,False,False,False,False,False
base_1_near_08_v0.0_h0.2,0.0,0.2,False,,19.597654000001796,0.00011899999918796311,0.0,0.0,0.03959777300000099,False,False,False,False,False
base_1_near_08_v0.0_h0.3,0.0,0.3,False,,19.597654000001796,0.0001069999999714355,0.0,0.0,0.03959776100000177,False,False,False,False,False
base_1_near_08_v0.0_h0.4,0.0,0.4,False,,19.597654000001796,0.00022399999899391787,0.0,0.0,0.039597878000000794,False,False,False,False,False
base_1_near_08_v0.5_h0.2,0.5,0.2,False,,19.597654000001796,9.399999889581068e-05,0.0,0.0,0.039597748000000696,False,False,False,False,False
base_1_near_08_v0.5_h0.3,0.5,0.3,False,,19.597654000001796,0.0001259999997671457,0.0,0.0,0.03959778000000157,False,False,False,False,False
base_1_near_08_v0.5_h0.4,0.5,0.4,False,,19.597654000001796,0.00010100000125135011,0.0,0.0,0.03959775500000305,False,False,False,False,False
base_1_near_08_v1.0_h0.2,1.0,0.2,False,,19.597654000001796,7.600000095919768e-05,0.0,0.0,0.03959773000000276,False,False,False,False,False
base_1_near_08_v1.0_h0.3,1.0,0.3,False,,19.597654000001796,0.00012099999935344385,0.0,0.0,0.039597775000001154,False,False,False,False,False
base_1_near_08_v1.0_h0.4,1.0,0.4,False,,19.597654000001796,0.00011199999860878052,0.0,0.0,0.03959776600000041,False,False,False,False,False
base_1_near_09_v0.0_h0.2,0.0,0.2,False,,21.096315999997728,0.00011100000030239698,0.0,0.0,0.041096426999998034,False,False,False,False,False
base_1_near_09_v0.0_h0.3,0.0,0.3,False,,21.096315999997728,9.600000083764826e-05,0.0,0.0,0.04109641199999857,False,False,False,False,False
base_1_near_09_v0.0_h0.4,0.0,0.4,False,,21.096315999997728,0.00015599999869664316,0.0,0.0,0.04109647199999643,False,False,False,False,False
base_1_near_09_v0.5_h0.2,0.5,0.2,False,,21.096315999997728,7.899999943106195e-05,0.0,0.0,0.04109639499999716,False,False,False,False,False
base_1_near_09_v0.5_h0.3,0.5,0.3,False,,21.096315999997728,9.000000034120603e-05,0.0,0.0,0.04109640599999807,False,False,False,False,False
base_1_near_09_v0.5_h0.4,0.5,0.4,False,,21.096315999997728,0.0001389999990664137,0.0,0.0,0.0410964549999968,False,False,False,False,False
base_1_near_09_v1.0_h0.2,1.0,0.2,False,,21.096315999997728,0.00011200000038513735,0.0,0.0,0.04109642799999812,False,False,False,False,False
base_1_near_09_v1.0_h0.3,1.0,0.3,False,,21.096315999997728,0.00011300000046787773,0.0,0.0,0.0410964289999982,False,False,False,False,False
base_1_near_09_v1.0_h0.4,1.0,0.4,False,,21.096315999997728,0.00016099999911034502,0.0,0.0,0.04109647699999684,False,False,False,False,False
dense_0_far_00_v0.0_h0.2,0.0,0.2,True,3647c4e951ef94a91a1b29981cf6a74ebde393293f5859ad07f909701c68d43e,56.18788799999663,54.60925000000039,50.66614499999389,0.04333900000119684,0.1815066219999921,False,False,False,False,False
dense_0_far_00_v0.0_h0.3,0.0,0.3,False,,56.18788799999663,82.40847499999937,0.0,0.0,0.15859636299999602,False,False,False,False,False
dense_0_far_00_v0.0_h0.4,0.0,0.4,False,,56.18788799999663,155.66098400000072,0.0,0.0,0.23184887199999735,False,False,False,False,False
dense_0_far_00_v0.5_h0.2,0.5,0.2,True,30684fcdb312190ed75d39146a4e7c982df785c0bebff230130a6dad7f2b4aa6,56.18788799999663,57.81733399999922,27.36078599998848,0.04516699999612683,0.16141117499998045,False,False,False,False,False
dense_0_far_00_v0.5_h0.3,0.5,0.3,False,,56.18788799999663,85.60785700000118,0.0,0.0,0.16179574499999777,False,False,False,False,False
dense_0_far_00_v0.5_h0.4,0.5,0.4,False,,56.18788799999663,142.61517899999987,0.0,0.0,0.2188030669999965,False,False,False,False,False
dense_0_far_00_v1.0_h0.2,1.0,0.2,True,6efb04695f8c303102ccc11ef9b52a2cf36b7eaeb5d323c78ad5687b251d37a6,56.18788799999663,62.73622099999976,31.554700000000935,0.030223999999634543,0.17050903299999695,False,False,False,False,False
dense_0_far_00_v1.0_h0.3,1.0,0.3,False,,56.18788799999663,114.30054100000042,0.0,0.0,0.19048842899999702,False,False,False,False,False
dense_0_far_00_v1.0_h0.4,1.0,0.4,False,,56.18788799999663,150.67021399999982,0.0,0.0,0.22685810199999645,False,False,False,False,False
dense_0_far_01_v0.0_h0.2,0.0,0.2,False,,60.62754199999887,37.076366999999166,0.0,0.0,0.11770390899999804,False,False,False,False,False
dense_0_far_01_v0.0_h0.3,0.0,0.3,False,,60.62754199999887,50.438411000000016,0.0,0.0,0.13106595299999887,False,False,False,False,False
dense_0_far_01_v0.0_h0.4,0.0,0.4,False,,60.62754199999887,95.40767900000091,0.0,0.0,0.17603522099999977,False,False,False,False,False
dense_0_far_01_v0.5_h0.2,0.5,0.2,False,,60.62754199999887,37.93639600000276,0.0,0.0,0.11856393800000163,False,False,False,False,False
dense_0_far_01_v0.5_h0.3,0.5,0.3,False,,60.62754199999887,102.0380199999984,0.0,0.0,0.18266556199999726,False,False,False,False,False
dense_0_far_01_v0.5_h0.4,0.5,0.4,False,,60.62754199999887,64.7884019999978,0.0,0.0,0.14541594399999666,False,False,False,False,False
dense_0_far_01_v1.0_h0.2,1.0,0.2,False,,60.62754199999887,60.10006500000031,0.0,0.0,0.14072760699999917,False,False,False,False,False
dense_0_far_01_v1.0_h0.3,1.0,0.3,False,,60.62754199999887,75.46031900000116,0.0,0.0,0.15608786100000002,False,False,False,False,False
dense_0_far_01_v1.0_h0.4,1.0,0.4,False,,60.62754199999887,66.0546009999976,0.0,0.0,0.14668214299999646,False,False,False,False,False
dense_0_far_02_v0.0_h0.2,0.0,0.2,True,00adea0f8f451575e5527603179c102ebe07ba37fa28f821f9f122bd690f99f7,53.36547699999983,38.348184999996704,2.262489000003143,0.03793599999823982,0.11401408699999792,False,False,False,False,False
dense_0_far_02_v0.0_h0.3,0.0,0.3,False,,53.36547699999983,51.59941100000154,0.0,0.0,0.12496488800000137,False,False,False,False,False
dense_0_far_02_v0.0_h0.4,0.0,0.4,False,,53.36547699999983,103.71168300000022,0.0,0.0,0.17707716000000004,False,False,False,False,False
dense_0_far_02_v0.5_h0.2,0.5,0.2,True,fa5a43b25efda495ab4c327d3107524d558d802f7c7d7d12d319be17c7c53985,53.36547699999983,30.731503999998466,2.130749000002652,0.032472000000893786,0.10626020200000184,False,False,False,False,False
dense_0_far_02_v0.5_h0.3,0.5,0.3,False,,53.36547699999983,52.80252200000035,0.0,0.0,0.12616799900000017,False,False,False,False,False
dense_0_far_02_v0.5_h0.4,0.5,0.4,False,,53.36547699999983,86.06858699999975,0.0,0.0,0.15943406399999957,False,False,False,False,False
dense_0_far_02_v1.0_h0.2,1.0,0.2,True,9b65680ab2bfb3bdc219d11b4d1f3eb2bc6eff6e53bbb15c358d6c44a8874d59,53.36547699999983,36.69206899999722,3.1087209999896004,0.0267279999945913,0.11319299499998124,False,False,False,False,False
dense_0_far_02_v1.0_h0.3,1.0,0.3,False,,53.36547699999983,55.19561499999881,0.0,0.0,0.12856109199999863,False,False,False,False,False
dense_0_far_02_v1.0_h0.4,1.0,0.4,False,,53.36547699999983,54.53645200000068,0.0,0.0,0.1279019290000005,False,False,False,False,False
dense_0_far_03_v0.0_h0.2,0.0,0.2,True,3e54d4d1dfc039bb2dbf922d8138ca4616034befe43489e792485b908154d9e9,56.279058999997744,38.87242600000107,2.654496999994649,0.026511000001505636,0.11783249299999497,False,False,False,False,False
dense_0_far_03_v0.0_h0.3,0.0,0.3,False,,56.279058999997744,117.98926999999892,0.0,0.0,0.19426832899999666,False,False,False,False,False
dense_0_far_03_v0.0_h0.4,0.0,0.4,False,,56.279058999997744,65.44317499999863,0.0,0.0,0.14172223399999637,False,False,False,False,False
dense_0_far_03_v0.5_h0.2,0.5,0.2,True,c8ebd2e9f29da253d9a225fafa5f9c8136e8c1ac804eac677a82e8dce6d4e280,56.279058999997744,35.53225799999993,3.1204309999992574,0.0450319999885096,0.11497677999998544,False,False,False,False,False
dense_0_far_03_v0.5_h0.3,0.5,0.3,False,,56.279058999997744,50.261949999999445,0.0,0.0,0.12654100899999718,False,False,False,False,False
dense_0_far_03_v0.5_h0.4,0.5,0.4,False,,56.279058999997744,95.79360700000095,0.0,0.0,0.17207266599999868,False,False,False,False,False
dense_0_far_03_v1.0_h0.2,1.0,0.2,True,1102d709ec9c8a30482b497e44d857f106a4ac13e65733757f4cf13f7b82bf44,56.279058999997744,65.30881299999791,2.2936720000075184,0.02460700000028737,0.14390615100000345,False,False,False,False,False
dense_0_far_03_v1.0_h0.3,1.0,0.3,False,,56.279058999997744,71.3354190000004,0.0,0.0,0.14761447799999813,False,False,False,False,False
dense_0_far_03_v1.0_h0.4,1.0,0.4,False,,56.279058999997744,117.95457099999851,0.0,0.0,0.19423362999999624,False,False,False,False,False
dense_0_far_04_v0.0_h0.2,0.0,0.2,True,59aec52fbd4646b6bf79c2dc07a98ecb20e56d8cc5e721f9fbbab0d07e08b812,73.62567999999925,52.686105999999455,2.3946719999941024,0.026300999991235585,0.14873275899998403,False,False,False,False,False
dense_0_far_04_v0.0_h0.3,0.0,0.3,False,,73.62567999999925,71.47413000000213,0.0,0.0,0.16509981000000137,False,False,False,False,False
dense_0_far_04_v0.0_h0.4,0.0,0.4,False,,73.62567999999925,52.096244000001235,0.0,0.0,0.14572192400000047,False,False,False,False,False
dense_0_far_04_v0.5_h0.2,0.5,0.2,True,97fd934fa265ceb82d8d369d7b4f27c0a01279e348f1ff9cb324dd545ed09a2e,73.62567999999925,36.58167700000092,2.269628999997053,0.02578800000208048,0.1325027739999993,False,False,False,False,False
dense_0_far_04_v0.5_h0.3,0.5,0.3,False,,73.62567999999925,83.64263400000027,0.0,0.0,0.1772683139999995,False,False,False,False,False
dense_0_far_04_v0.5_h0.4,0.5,0.4,False,,73.62567999999925,118.62453799999884,0.0,0.0,0.21225021799999808,False,False,False,False,False
dense_0_far_04_v1.0_h0.2,1.0,0.2,True,a547194f7d0cc618be6b0a073cf518f28813e01f7a295592636053e52fa35c23,73.62567999999925,44.354718999997544,2.1454559999938283,0.024689999989391254,0.14015054499998,False,False,False,False,False
dense_0_far_04_v1.0_h0.3,1.0,0.3,False,,73.62567999999925,52.18391200000028,0.0,0.0,0.14580959199999952,False,False,False,False,False
dense_0_far_04_v1.0_h0.4,1.0,0.4,False,,73.62567999999925,80.34605900000003,0.0,0.0,0.17397173899999926,False,False,False,False,False
dense_0_far_05_v0.0_h0.2,0.0,0.2,True,890101b608f2982874111184e169e727713b24d0e404ed0322d34b97df7c1fb1,44.11757599999788,35.484355999997774,2.7644580000014685,0.034090999989189186,0.10240048099998632,False,False,False,False,False
dense_0_far_05_v0.0_h0.3,0.0,0.3,False,,44.11757599999788,63.814777999997574,0.0,0.0,0.12793235399999545,False,False,False,False,False
dense_0_far_05_v0.0_h0.4,0.0,0.4,False,,44.11757599999788,98.22965300000064,0.0,0.0,0.1623472289999985,False,False,False,False,False
dense_0_far_05_v0.5_h0.2,0.5,0.2,True,f089419af536d6aea53d38e0646e51a14865eeee4256434ab5fa7195e6329f04,44.11757599999788,35.38116300000027,2.8835479999997915,0.034705999993889236,0.10241699299999184,False,False,False,False,False
dense_0_far_05_v0.5_h0.3,0.5,0.3,False,,44.11757599999788,59.521365000001936,0.0,0.0,0.12363894099999982,False,False,False,False,False
dense_0_far_05_v0.5_h0.4,0.5,0.4,False,,44.11757599999788,67.78735700000027,0.0,0.0,0.13190493299999814,False,False,False,False,False
dense_0_far_05_v1.0_h0.2,1.0,0.2,True,0f3be03f5f157fbec93795e179fe21dcf6683fd931c646704f477aa7a828935b,44.11757599999788,37.70080199999981,2.7263080000068385,0.03897999999935564,0.10458366600000389,False,False,False,False,False
dense_0_far_05_v1.0_h0.3,1.0,0.3,False,,44.11757599999788,62.99496500000146,0.0,0.0,0.12711254099999933,False,False,False,False,False
dense_0_far_05_v1.0_h0.4,1.0,0.4,False,,44.11757599999788,84.64218800000012,0.0,0.0,0.148759763999998,False,False,False,False,False
dense_0_far_06_v0.0_h0.2,0.0,0.2,False,,53.592442000002904,38.89517100000006,0.0,0.0,0.11248761300000297,False,False,False,False,False
dense_0_far_06_v0.0_h0.3,0.0,0.3,False,,53.592442000002904,105.17438300000137,0.0,0.0,0.17876682500000426,False,False,False,False,False
dense_0_far_06_v0.0_h0.4,0.0,0.4,False,,53.592442000002904,77.01579100000089,0.0,0.0,0.15060823300000378,False,False,False,False,False
dense_0_far_06_v0.5_h0.2,0.5,0.2,False,,53.592442000002904,41.5920029999981,0.0,0.0,0.11518444500000101,False,False,False,False,False
dense_0_far_06_v0.5_h0.3,0.5,0.3,False,,53.592442000002904,54.14822000000186,0.0,0.0,0.12774066200000475,False,False,False,False,False
dense_0_far_06_v0.5_h0.4,0.5,0.4,False,,53.592442000002904,69.80532700000097,0.0,0.0,0.14339776900000387,False,False,False,False,False
dense_0_far_06_v1.0_h0.2,1.0,0.2,False,,53.592442000002904,30.88743599999688,0.0,0.0,0.10447987799999979,False,False,False,False,False
dense_0_far_06_v1.0_h0.3,1.0,0.3,False,,53.592442000002904,45.2578389999978,0.0,0.0,0.11885028100000071,False,False,False,False,False
dense_0_far_06_v1.0_h0.4,1.0,0.4,False,,53.592442000002904,51.05178800000232,0.0,0.0,0.12464423000000523,False,False,False,False,False
dense_0_far_07_v0.0_h0.2,0.0,0.2,True,5065a99f3e47ac6eac940559b44149329665ce7105da8f72767f1652ca306c13,44.530240000000276,48.5283790000004,2.3134599999963257,0.024932999991733595,0.11539701199998874,False,False,False,False,False
dense_0_far_07_v0.0_h0.3,0.0,0.3,False,,44.530240000000276,112.8723849999993,0.0,0.0,0.17740262499999956,False,False,False,False,False
dense_0_far_07_v0.0_h0.4,0.0,0.4,False,,44.530240000000276,87.94025099999914,0.0,0.0,0.1524704909999994,False,False,False,False,False
dense_0_far_07_v0.5_h0.2,0.5,0.2,True,96a70ec676c88a2ca74af0edb493c2e580a6a5375722594903f95bd0d5648ae4,44.530240000000276,57.30290500000024,3.2425729999943087,0.04599100000746148,0.1251217090000023,False,False,False,False,False
dense_0_far_07_v0.5_h0.3,0.5,0.3,False,,44.530240000000276,91.98403599999949,0.0,0.0,0.15651427599999976,False,False,False,False,False
dense_0_far_07_v0.5_h0.4,0.5,0.4,False,,44.530240000000276,118.46576100000306,0.0,0.0,0.18299600100000332,False,False,False,False,False
dense_0_far_07_v1.0_h0.2,1.0,0.2,True,5f1c94b4f587d9f019340872d5cc749f751b0ca39ae1b506274de611f87db3ec,44.530240000000276,40.782096999997464,2.3674380000073825,0.02696900000387359,0.107706744000009,False,False,False,False,False
dense_0_far_07_v1.0_h0.3,1.0,0.3,False,,44.530240000000276,77.82823599999844,0.0,0.0,0.1423584759999987,False,False,False,False,False
dense_0_far_07_v1.0_h0.4,1.0,0.4,False,,44.530240000000276,90.36798700000048,0.0,0.0,0.15489822700000075,False,False,False,False,False
dense_0_far_08_v0.0_h0.2,0.0,0.2,True,8dbd75137e38130e16c7e976692d500faf200bd839bec13813cdae7e75d0116e,48.899433999999076,65.32787400000117,3.8980230000049687,0.0366099999951075,0.13816194100000032,False,False,False,False,False
dense_0_far_08_v0.0_h0.3,0.0,0.3,False,,48.899433999999076,107.84774200000058,0.0,0.0,0.17674717599999965,False,False,False,False,False
dense_0_far_08_v0.0_h0.4,0.0,0.4,False,,48.899433999999076,110.28883699999881,0.0,0.0,0.17918827099999787,False,False,False,False,False
dense_0_far_08_v0.5_h0.2,0.5,0.2,True,0b748df7a90f00fc345b6ca1d1019ea36e8b5d34a680a0841df7b199e2a1c32c,48.899433999999076,42.39754200000334,2.8032230000007985,0.028814000003762885,0.11412901300000698,False,False,False,False,False
dense_0_far_08_v0.5_h0.3,0.5,0.3,False,,48.899433999999076,76.27417100000145,0.0,0.0,0.1451736050000005,False,False,False,False,False
dense_0_far_08_v0.5_h0.4,0.5,0.4,False,,48.899433999999076,78.3087950000052,0.0,0.0,0.14720822900000427,False,False,False,False,False
dense_0_far_08_v1.0_h0.2,1.0,0.2,True,c5669e156ac7e9211a8c9af9975f4d7f080279c2fa6dbf5d9c7b36936b467a2c,48.899433999999076,52.222612999997864,2.7231100000051356,0.02599900000177513,0.12387115600000385,False,False,False,False,False
dense_0_far_08_v1.0_h0.3,1.0,0.3,False,,48.899433999999076,94.18458900000104,0.0,0.0,0.1630840230000001,False,False,False,False,False
dense_0_far_08_v1.0_h0.4,1.0,0.4,False,,48.899433999999076,70.45414400000283,0.0,0.0,0.1393535780000019,False,False,False,False,False
dense_0_far_09_v0.0_h0.2,0.0,0.2,True,42853733349a098ee20159853bb793787f68d8f12b71980303bbbcf785e74831,57.61450700000381,39.81629599999792,2.375890999999797,0.03747300000611631,0.11984416700000765,False,False,False,False,False
dense_0_far_09_v0.0_h0.3,0.0,0.3,False,,57.61450700000381,62.464314999999715,0.0,0.0,0.14007882200000352,False,False,False,False,False
dense_0_far_09_v0.0_h0.4,0.0,0.4,False,,57.61450700000381,134.73638800000032,0.0,0.0,0.21235089500000412,False,False,False,False,False
dense_0_far_09_v0.5_h0.2,0.5,0.2,True,037ddd192d473f246822257c071be93ef4afe8ec8528c48cd4a514f5b3a3ca44,57.61450700000381,66.59564099999926,3.9583809999896857,0.048743000007789306,0.14821727200000054,False,False,False,False,False
dense_0_far_09_v0.5_h0.3,0.5,0.3,False,,57.61450700000381,64.37358400000193,0.0,0.0,0.14198809100000573,False,False,False,False,False
dense_0_far_09_v0.5_h0.4,0.5,0.4,False,,57.61450700000381,66.09063700000206,0.0,0.0,0.14370514400000586,False,False,False,False,False
dense_0_far_09_v1.0_h0.2,1.0,0.2,True,5c104baa4c1671bd732111783d13378fe75b74ebe81c2148861823c4e6b49adf,57.61450700000381,58.71744299999904,2.6633439999983466,0.03440200001136873,0.13902969600001255,False,False,False,False,False
dense_0_far_09_v1.0_h0.3,1.0,0.3,False,,57.61450700000381,107.95411900000573,0.0,0.0,0.18556862600000953,False,False,False,False,False
dense_0_far_09_v1.0_h0.4,1.0,0.4,False,,57.61450700000381,101.97686300000441,0.0,0.0,0.17959137000000822,False,False,False,False,False
dense_0_free_01_v0.0_h0.2,0.0,0.2,False,,56.30076599999967,44.53289499999613,0.0,0.0,0.1208336609999958,False,False,False,False,False
dense_0_free_01_v0.0_h0.3,0.0,0.3,False,,56.30076599999967,51.311550999997735,0.0,0.0,0.1276123169999974,False,False,False,False,False
dense_0_free_01_v0.0_h0.4,0.0,0.4,False,,56.30076599999967,64.65639999999695,0.0,0.0,0.1409571659999966,False,False,False,False,False
dense_0_free_01_v0.5_h0.2,0.5,0.2,False,,56.30076599999967,48.22277299999911,0.0,0.0,0.12452353899999878,False,False,False,False,False
dense_0_free_01_v0.5_h0.3,0.5,0.3,False,,56.30076599999967,52.52627099999785,0.0,0.0,0.1288270369999975,False,False,False,False,False
dense_0_free_01_v0.5_h0.4,0.5,0.4,False,,56.30076599999967,109.301710000004,0.0,0.0,0.18560247600000365,False,False,False,False,False
dense_0_free_01_v1.0_h0.2,1.0,0.2,False,,56.30076599999967,38.89924699999625,0.0,0.0,0.11520001299999592,False,False,False,False,False
dense_0_free_01_v1.0_h0.3,1.0,0.3,False,,56.30076599999967,66.5524929999961,0.0,0.0,0.14285325899999576,False,False,False,False,False
dense_0_free_01_v1.0_h0.4,1.0,0.4,False,,56.30076599999967,95.12023999999997,0.0,0.0,0.17142100599999963,False,False,False,False,False
dense_0_free_02_v0.0_h0.2,0.0,0.2,True,03346d9c0a3d8b69a0942b39149c9301cf3b1f305781f38345e782ccb72cdd8b,54.92483400000481,48.43408199999999,10.891876999991723,0.029120999997189756,0.13427991399999373,False,False,False,False,False
dense_0_free_02_v0.0_h0.3,0.0,0.3,True,de3e870a4ec235d93efbeba39c729599838185cefd034fd45c6d56719372a390,54.92483400000481,49.8311249999972,35.49001400000407,0.11190400000771206,0.1603578770000138,False,True,False,True,False
dense_0_free_02_v0.0_h0.4,0.0,0.4,True,54d18b03e01c1acec1b540cbad09fd52b8ea6907af89e8b817b4910ec977b025,54.92483400000481,84.02057100000349,37.16442399999664,0.11607300000093801,0.19622590200000586,False,True,False,True,False
dense_0_free_02_v0.5_h0.2,0.5,0.2,True,502e59b76d7d314ea0f93611b57f9eda17888d2ddf41aa34620a9259dcba429f,54.92483400000481,57.807052999997666,13.364311000003681,0.030512999998677515,0.14612671100000482,False,False,False,False,False
dense_0_free_02_v0.5_h0.3,0.5,0.3,True,bcc43f450f353b98a6c325b543f41d70d832ff649edbb149dde14c823183d945,54.92483400000481,73.48963100000105,36.359079000007455,0.054352999995899154,0.1848278970000092,False,False,False,False,False
dense_0_free_02_v0.5_h0.4,0.5,0.4,True,59355592a87b8272bf2833ec261a1a49549e57744ff6df87bf4b31a390a71ed8,54.92483400000481,45.58018599999514,45.38385899999753,0.043039000004796435,0.1659319180000023,False,False,False,False,False
dense_0_free_02_v1.0_h0.2,1.0,0.2,True,056c06b391d16fab929b6ad8363027b582b8b9de4b11d072f64f58421d3d5a92,54.92483400000481,53.92658800000305,14.526248999999325,0.05238800000029187,0.14343005900000746,False,False,False,False,False
dense_0_free_02_v1.0_h0.3,1.0,0.3,True,690e8388e31aec931da6bdcd93a2df7bd600bf38d5fd19a341f1861a585ebca7,54.92483400000481,51.924206999999,35.80304999999839,0.04716299999074636,0.16269925399999294,False,False,False,False,False
dense_0_free_02_v1.0_h0.4,1.0,0.4,True,de4d847d7591c0797467cd998e571423aac7556d7decf7f326e44773bd97fe26,54.92483400000481,58.242660000004776,39.129044000006274,0.05070400000306563,0.1723472420000189,False,False,False,False,False
dense_0_free_03_v0.0_h0.2,0.0,0.2,True,ebc8ef55baa92819726318070372b6340d555a81ab2a039442ce6cd6f7dae406,43.389707999999416,36.60160199999751,2.7960609999979624,0.024717000002283385,0.10281208799999718,False,False,False,False,False
dense_0_free_03_v0.0_h0.3,0.0,0.3,True,542131866378ef7d2a1f96922d0c91ac12b0f2424b46dae173dc7c174dece678,43.389707999999416,53.84157399999623,3.2490530000046647,0.10132500000281652,0.12058166000000313,False,True,False,True,False
dense_0_free_03_v0.0_h0.4,0.0,0.4,True,077ed6791a02dd66723231f83962925eb3955e2512f5496fb927cc819bef037a,43.389707999999416,45.74496099999692,3.2233780000012757,0.06313900000520789,0.11242118600000282,True,True,True,True,False
dense_0_free_03_v0.5_h0.2,0.5,0.2,True,203fed9a4085e16a0da7d1c272d9cc3e3d56caefd9e4d450f7142c52d725593c,43.389707999999416,49.88845799999808,2.1480260000004137,0.02348400001039863,0.11544967600000831,False,False,False,False,False
dense_0_free_03_v0.5_h0.3,0.5,0.3,True,c2f179f9e26fcf334ba4869930bd5b517af0d6cceba26a9dc1e443c35213f141,43.389707999999416,72.7797670000001,3.3952140000081954,0.02772999999933745,0.13959241900000705,False,False,False,False,False
dense_0_free_03_v0.5_h0.4,0.5,0.4,True,a8e106ffe4fd8bc76c94985ba652fa2af1eb4d896c5040f5d3ef96a56543baa2,43.389707999999416,68.38804699999912,4.274447000000237,0.09400999999797932,0.13614621199999674,False,True,False,True,False
dense_0_free_03_v1.0_h0.2,1.0,0.2,True,8923ddf2f6785c6c5276145d82732f381643daf5890c6eb76a827547e1bb0a6d,43.389707999999416,50.11496400000226,4.143435000003137,0.04691800000955482,0.11769502500001437,False,False,False,False,False
dense_0_free_03_v1.0_h0.3,1.0,0.3,True,891e2479864f033374da3377c36f63dc4c6f66947bf32a0b3b13d99701973ead,43.389707999999416,49.09353899999758,2.67092199999297,0.025289999996402912,0.11517945899998637,False,False,False,False,False
dense_0_free_03_v1.0_h0.4,1.0,0.4,True,ccb95867eb2a76491954073764d6a8376ed3f1c38d7c0730197b6f3d11078534,43.389707999999416,44.769306999995706,4.0656449999971755,0.026542000000517874,0.11225120199999282,False,False,False,False,False
dense_0_free_04_v0.0_h0.2,0.0,0.2,True,d7564e47c2f9e0c4070a60ba138058a5bd4cd6585f37311d2f9df06fb2153189,70.38995700000328,35.69786100000272,2.4873849999949016,0.02482099999667753,0.12860002399999756,False,False,False,False,False
dense_0_free_04_v0.0_h0.3,0.0,0.3,True,5be70271e04e3f592d4570fdd2ee1a5a96b1e6a0ddc5c8fc19bb96b18b864a2d,70.38995700000328,42.79778699999781,2.8738230000016074,0.06908100000657669,0.13613064800000926,False,True,False,True,False
dense_0_free_04_v0.0_h0.4,0.0,0.4,True,76b19108348f9ba3e2dbd5a98dcfcd26763a2fa798305848b6177f6c15443c33,70.38995700000328,73.85017699999707,5.124442999999701,0.1807029999980614,0.1695452799999981,False,True,False,True,False
dense_0_free_04_v0.5_h0.2,0.5,0.2,True,48c307b20a120d4e6a60e1c18499ba94133730769e6fb765b8f35976a29727f1,70.38995700000328,41.92339000000089,2.414156000000389,0.03736400000775575,0.1347648670000123,False,False,False,False,False
dense_0_free_04_v0.5_h0.3,0.5,0.3,True,590dfaa324a02f38e3644ccf2d64b72160fc6ebd74a4aa2dd553adb9ae6e86d9,70.38995700000328,53.686855000002254,3.8122899999990523,0.031743999997502215,0.14792084600000208,False,False,False,False,False
dense_0_free_04_v0.5_h0.4,0.5,0.4,True,da6e1376a8c7e237a8d5068b3119c4d0d1bc440a9e479dc650f135520c2211cc,70.38995700000328,65.1461960000006,3.644660999995608,0.04701599999634709,0.15922782999999582,False,False,False,False,False
dense_0_free_04_v1.0_h0.2,1.0,0.2,True,991fe878073ea815c77709e2b4d910a11bb4bec607e9492952b0740ecbf89ef7,70.38995700000328,61.655293000001166,2.917267000000834,0.030223999999634543,0.1549927410000049,False,False,False,False,False
dense_0_free_04_v1.0_h0.3,1.0,0.3,True,734cd8ca0db658ffd8c5149f1ca7ef8d2a8967d3c9472c7b72191c5430484478,70.38995700000328,60.374711999998,3.5972740000005388,0.03257299999859242,0.1543945160000004,False,False,False,False,False
dense_0_free_04_v1.0_h0.4,1.0,0.4,True,6ad22d0f5e67c16ac4c320da796c96038156cf841282e2390ee51640a7a42455,70.38995700000328,69.00362699999363,3.572966999996652,0.02584099999580758,0.16299239199998936,False,False,False,False,False
dense_0_free_05_v0.0_h0.2,0.0,0.2,True,51a57951aab633f5922d083cded03f4c808294005ed043207c793e6387c7db13,61.5428179999995,44.80879400000504,2.674489000000335,0.03250500000717693,0.12905860600001204,False,False,False,False,False
dense_0_free_05_v0.0_h0.3,0.0,0.3,True,70990cd3d56a5c0466819368bc5ce82ec9ed8eac4e7c73cb0d8897d4bf17e68b,61.5428179999995,71.8057410000057,3.0269039999950564,0.07378599998730806,0.15644924899998755,False,True,False,True,False
dense_0_free_05_v0.0_h0.4,0.0,0.4,True,4621547b455a9e5967f82e1f164fddf9329df93820746f35f64df854aa55e1ae,61.5428179999995,102.32040900000072,4.156489999999735,0.08912799999905019,0.188108844999999,False,True,False,True,False
dense_0_free_05_v0.5_h0.2,0.5,0.2,True,4326b4aa510547414fd187d3d6637faa980f004cedff1d5ffb88af7cb71687a6,61.5428179999995,52.52028700000011,2.7660929999910877,0.03864700001088295,0.13686784500000157,False,False,False,False,False
dense_0_free_05_v0.5_h0.3,0.5,0.3,True,be4ab486dbab3352b212fc8b3574ff7b407caa99220e37c11ee72d501ca358eb,61.5428179999995,46.07147600000161,3.553018999994606,0.03583100000525974,0.13120314400000097,False,False,False,False,False
dense_0_free_05_v0.5_h0.4,0.5,0.4,True,cb2c6ce2fb6e08fcd06dfade47a5575f5d8303b7093a2ad06cb84ba3ce2062d5,61.5428179999995,47.00570300000351,4.561610000010319,0.08888499999670785,0.13319901600001002,False,True,False,True,False
dense_0_free_05_v1.0_h0.2,1.0,0.2,True,536fec49e6f07e6bddcbf7518ca9518b7482e5cdafebab6b3bc82e4be561d83a,61.5428179999995,66.41587499999702,2.191147999994314,0.025487000002044624,0.15017532799999286,False,False,False,False,False
dense_0_free_05_v1.0_h0.3,1.0,0.3,True,209cfa84377825c832599b57358054c4a8d80e3bf267da2ec10800a572078d6f,61.5428179999995,37.26461500000511,3.837798000006387,0.0381579999952919,0.12268338900000629,False,False,False,False,False
dense_0_free_05_v1.0_h0.4,1.0,0.4,True,5cd5da744f502867208276249dce9a9e959137ade504707bbe41302210fe9897,61.5428179999995,89.42614000000049,3.3236359999904153,0.025990000011688608,0.17431858400000208,False,False,False,False,False
dense_0_free_06_v0.0_h0.2,0.0,0.2,False,,50.829843000002484,39.255351000001326,0.0,0.0,0.11008519400000381,False,False,False,False,False
dense_0_free_06_v0.0_h0.3,0.0,0.3,False,,50.829843000002484,42.97332699999856,0.0,0.0,0.11380317000000105,False,False,False,False,False
dense_0_free_06_v0.0_h0.4,0.0,0.4,False,,50.829843000002484,94.39936100000068,0.0,0.0,0.16522920400000315,False,False,False,False,False
dense_0_free_06_v0.5_h0.2,0.5,0.2,False,,50.829843000002484,40.21727899999661,0.0,0.0,0.1110471219999991,False,False,False,False,False
dense_0_free_06_v0.5_h0.3,0.5,0.3,False,,50.829843000002484,75.41850600000544,0.0,0.0,0.1462483490000079,False,False,False,False,False
dense_0_free_06_v0.5_h0.4,0.5,0.4,False,,50.829843000002484,114.59135500000173,0.0,0.0,0.1854211980000042,False,False,False,False,False
dense_0_free_06_v1.0_h0.2,1.0,0.2,False,,50.829843000002484,66.85612399999741,0.0,0.0,0.13768596699999988,False,False,False,False,False
dense_0_free_06_v1.0_h0.3,1.0,0.3,False,,50.829843000002484,99.38318399999702,0.0,0.0,0.1702130269999995,False,False,False,False,False
dense_0_free_06_v1.0_h0.4,1.0,0.4,False,,50.829843000002484,100.65488499999731,0.0,0.0,0.17148472799999978,False,False,False,False,False
dense_0_free_07_v0.0_h0.2,0.0,0.2,True,b67b83b12e3120fd9c7b680a3794fcb806c6611d50d5875c022d61069d0e0594,66.15014399999808,37.97353200000231,2.0873579999971525,0.026714000000538363,0.1262377479999981,False,False,False,False,False
dense_0_free_07_v0.0_h0.3,0.0,0.3,True,3b65b3968285933b300ed759914e9317109a44779526b43f5ac5e1e1b7a77a22,66.15014399999808,41.6498169999997,3.3806400000031545,0.06965400000069621,0.13125025500000162,False,True,False,True,False
dense_0_free_07_v0.0_h0.4,0.0,0.4,True,ae7bf3a5c52807aed1637c8bd352eeaf3ac463aafc581f37edb65dcc85df5050,66.15014399999808,55.55899000000153,3.160027999996373,0.06426400000236754,0.14493342599999834,False,True,False,True,False
dense_0_free_07_v0.5_h0.2,0.5,0.2,True,bccd142bcc102c43c392c347c45d00a1207d31ee59d785daae964f898e6e10c8,66.15014399999808,50.072158000006084,3.0539600000025757,0.039122999993423946,0.13931538500000015,False,False,False,False,False
dense_0_free_07_v0.5_h0.3,0.5,0.3,True,06a4238282e90e0d0b744a32f860018f57ef8c0b56a472bf3e3b15ad03d994de,66.15014399999808,39.128492000003234,3.4869740000118554,0.035066999998889514,0.12880067700001205,False,False,False,False,False
dense_0_free_07_v0.5_h0.4,0.5,0.4,True,5ccebde60183016b62753f980c1636e880dd5dab036d28ad10bc91952785e1c5,66.15014399999808,51.58133399999798,4.7306179999964115,0.09699900000725847,0.14255909499999972,False,True,False,True,False
dense_0_free_07_v1.0_h0.2,1.0,0.2,True,5306eac0cf27cb4c203b791ec7c41833a8cd5025da85a67dca89b6d5bd670306,66.15014399999808,59.606026999993844,4.233775000002993,0.048659000000839114,0.15003860499999574,False,False,False,False,False
dense_0_free_07_v1.0_h0.3,1.0,0.3,True,8f78fcc069d7894c232ee49c5e438725b1769846c0696130c2ddbab419e175b9,66.15014399999808,55.8125850000053,3.262625999994384,0.02703699999528908,0.14525239199999304,False,False,False,False,False
dense_0_free_07_v1.0_h0.4,1.0,0.4,True,5b8a6bce4e46befe6695c62d4f99f3f7e01000d297de4bc26dcd52757c6be3ec,66.15014399999808,63.80434200000451,3.5692250000067816,0.02782199999273871,0.1535515330000021,False,False,False,False,False
dense_0_free_08_v0.0_h0.2,0.0,0.2,True,02efbf1e3a7300bbc90e07f07934a7e79044c34e1b8fbedac0c76a42438959b5,45.1322879999978,33.74721199999442,2.32252600000038,0.025913999991189485,0.1012279399999838,False,False,False,False,False
dense_0_free_08_v0.0_h0.3,0.0,0.3,True,753b10b05b39cd5bf1cac3ab024cc580fa3c23d93c7d623304e0e1339b831340,45.1322879999978,68.4326920000018,2.883664999998814,0.09385600000655359,0.13654250100000495,False,True,False,True,False
dense_0_free_08_v0.0_h0.4,0.0,0.4,True,60ee4e08398f8ca37ee59fcee323429e58c640df2f385ae904878556c47af395,45.1322879999978,132.46211999999957,3.8249830000012253,0.09981800000957719,0.20151920900000816,False,True,False,True,False
dense_0_free_08_v0.5_h0.2,0.5,0.2,True,a15a3f3a3c3b997781004d6e032bb80661e43c1a9c16f638ee22849154d731fc,45.1322879999978,60.97061800000603,2.2346020000014732,0.024788999994029837,0.12836229699999932,False,False,False,False,False
dense_0_free_08_v0.5_h0.3,0.5,0.3,True,3b4d73ef31a2cf9512eb4a02c5c4b531afae8dfc4fec4c8b5083e511f61caa54,45.1322879999978,41.1151500000031,2.8391009999921835,0.024855999996020728,0.1091113949999891,False,False,False,False,False
dense_0_free_08_v0.5_h0.4,0.5,0.4,True,580d33355d3a623995b8d5e2d3ce15afcc71bec7cbcc7059cd739359f60a2f27,45.1322879999978,74.09894499999581,3.3047940000017206,0.08465900000942383,0.14262068600000474,False,True,False,True,False
dense_0_free_08_v1.0_h0.2,1.0,0.2,True,7654eeb63376868d0d03dfe84d1db86335895effc566ca31533d6df1d29aebf3,45.1322879999978,52.82260199999911,2.305571999997369,0.026398999992238714,0.12028686099998652,False,False,False,False,False
dense_0_free_08_v1.0_h0.3,1.0,0.3,True,e48de066dc8cdbe4c796f4ffa1b5de001de7aed6b48ce871766aeaf8107e362e,45.1322879999978,40.45194799999763,2.712709999997287,0.024832000008245814,0.10832177800000097,False,False,False,False,False
dense_0_free_08_v1.0_h0.4,1.0,0.4,True,36944f6688a529278cf84221ce4284a80687cd9106630c707834ab93230f15a0,45.1322879999978,49.288623999999004,3.197166000006746,0.025730000004386966,0.11764380800000794,False,False,False,False,False
dense_0_free_09_v0.0_h0.2,0.0,0.2,True,28ab5772f26a7da12f89bbb0966c8d9420a19d8b63e0f2ac8803e36b218fd3f0,48.537170000003016,45.287180000002536,2.1557580000006737,0.026496000003817244,0.11600660400001005,False,False,False,False,False
dense_0_free_09_v0.0_h0.3,0.0,0.3,True,d8ee6b567f8a8e09a0d6096a80cb5643bd7142233d97c13f2615d6e9b4ed3bd6,48.537170000003016,41.032464000004154,2.7277290000000676,0.06676099999936014,0.1123641240000066,True,True,True,True,False
dense_0_free_09_v0.0_h0.4,0.0,0.4,True,eac4ed8ae97b18f0ab25abf4a0c7dc9d6bfd6c757c4543314d36829da78ac34e,48.537170000003016,90.57554699999315,3.282802000001084,0.05983100000150898,0.16245534999999875,False,True,False,True,False
dense_0_free_09_v0.5_h0.2,0.5,0.2,True,1e062c32f099b75a16dd3b446cdcea458ce2dbf2ab9b2a4216422be6d9c41523,48.537170000003016,35.882459999996286,2.184022999998092,0.02462600001251758,0.10662827900000992,False,False,False,False,False
dense_0_free_09_v0.5_h0.3,0.5,0.3,True,101419d4a0fcc19972edf5e368f53b2434a3399f01d616d33a42c5ffc895385d,48.537170000003016,36.80314699999343,2.835039000004258,0.02471199999831697,0.10820006799999903,False,False,False,False,False
dense_0_free_09_v0.5_h0.4,0.5,0.4,True,9014d7a5d709055d78f6e1abcc5a4aa3726c087c764a2145ca075dab5a9a9dc4,48.537170000003016,66.9724159999987,3.159945999996694,0.06110799999703431,0.13873063999999544,False,True,False,True,False
dense_0_free_09_v1.0_h0.2,1.0,0.2,True,5e3552a1c8948d6175c7fde8fada12e7f82e65fe9273468addc1e943c5aa0f67,48.537170000003016,32.69490800000341,2.2339799999997467,0.025038999993398647,0.10349109699999957,False,False,False,False,False
dense_0_free_09_v1.0_h0.3,1.0,0.3,True,b555ca1e7546efc691e7fcabff56724ffebcb95e5fec59b94bc5ba2034094990,48.537170000003016,44.614373000001706,3.8539180000043416,0.036234999996054285,0.11704169600000512,False,False,False,False,False
dense_0_free_09_v1.0_h0.4,1.0,0.4,True,723435c0c23481d8c1ac25940d1534670a006a269b78aee7dd2131deabce4898,48.537170000003016,57.195245999999145,3.522567999993953,0.02786299999968378,0.1292828469999958,False,False,False,False,False
dense_0_near_00_v0.0_h0.2,0.0,0.2,False,,48.91894599999347,66.66904600000123,0.0,0.0,0.1355879919999947,False,False,False,False,False
dense_0_near_00_v0.0_h0.3,0.0,0.3,False,,48.91894599999347,64.50286799999816,0.0,0.0,0.13342181399999162,False,False,False,False,False
dense_0_near_00_v0.0_h0.4,0.0,0.4,False,,48.91894599999347,89.14533200000108,0.0,0.0,0.15806427799999453,False,False,False,False,False
dense_0_near_00_v0.5_h0.2,0.5,0.2,False,,48.91894599999347,57.38527700000162,0.0,0.0,0.12630422299999508,False,False,False,False,False
dense_0_near_00_v0.5_h0.3,0.5,0.3,False,,48.91894599999347,69.73249400000014,0.0,0.0,0.1386514399999936,False,False,False,False,False
dense_0_near_00_v0.5_h0.4,0.5,0.4,False,,48.91894599999347,105.47242100000176,0.0,0.0,0.17439136699999522,False,False,False,False,False
dense_0_near_00_v1.0_h0.2,1.0,0.2,False,,48.91894599999347,90.13629199999684,0.0,0.0,0.1590552379999903,False,False,False,False,False
dense_0_near_00_v1.0_h0.3,1.0,0.3,False,,48.91894599999347,93.10821100000055,0.0,0.0,0.162027156999994,False,False,False,False,False
dense_0_near_00_v1.0_h0.4,1.0,0.4,False,,48.91894599999347,92.29205799999818,0.0,0.0,0.16121100399999164,False,False,False,False,False
dense_0_near_01_v0.0_h0.2,0.0,0.2,False,,59.57702500000295,113.87838800000338,0.0,0.0,0.19345541300000632,False,False,False,False,False
dense_0_near_01_v0.0_h0.3,0.0,0.3,False,,59.57702500000295,84.08116000001087,0.0,0.0,0.1636581850000138,False,False,False,False,False
dense_0_near_01_v0.0_h0.4,0.0,0.4,False,,59.57702500000295,85.46798500000818,0.0,0.0,0.16504501000001112,False,False,False,False,False
dense_0_near_01_v0.5_h0.2,0.5,0.2,False,,59.57702500000295,68.69957199999988,0.0,0.0,0.1482765970000028,False,False,False,False,False
dense_0_near_01_v0.5_h0.3,0.5,0.3,False,,59.57702500000295,88.94176500000128,0.0,0.0,0.16851879000000422,False,False,False,False,False
dense_0_near_01_v0.5_h0.4,0.5,0.4,False,,59.57702500000295,103.03543599999898,0.0,0.0,0.18261246100000192,False,False,False,False,False
dense_0_near_01_v1.0_h0.2,1.0,0.2,False,,59.57702500000295,106.50998500000242,0.0,0.0,0.18608701000000535,False,False,False,False,False
dense_0_near_01_v1.0_h0.3,1.0,0.3,False,,59.57702500000295,95.48216000000309,0.0,0.0,0.17505918500000603,False,False,False,False,False
dense_0_near_01_v1.0_h0.4,1.0,0.4,False,,59.57702500000295,81.3562619999999,0.0,0.0,0.16093328700000284,False,False,False,False,False
dense_0_near_02_v0.0_h0.2,0.0,0.2,False,,48.42182099999803,75.89833699999815,0.0,0.0,0.14432015799999617,False,False,False,False,False
dense_0_near_02_v0.0_h0.3,0.0,0.3,False,,48.42182099999803,81.1588640000025,0.0,0.0,0.14958068500000052,False,False,False,False,False
dense_0_near_02_v0.0_h0.4,0.0,0.4,False,,48.42182099999803,126.10467400000402,0.0,0.0,0.19452649500000205,False,False,False,False,False
dense_0_near_02_v0.5_h0.2,0.5,0.2,False,,48.42182099999803,78.1819479999939,0.0,0.0,0.14660376899999192,False,False,False,False,False
dense_0_near_02_v0.5_h0.3,0.5,0.3,False,,48.42182099999803,105.30556800000568,0.0,0.0,0.1737273890000037,False,False,False,False,False
dense_0_near_02_v0.5_h0.4,0.5,0.4,False,,48.42182099999803,101.23745699999631,0.0,0.0,0.16965927799999433,False,False,False,False,False
dense_0_near_02_v1.0_h0.2,1.0,0.2,False,,48.42182099999803,96.63708799999426,0.0,0.0,0.1650589089999923,False,False,False,False,False
dense_0_near_02_v1.0_h0.3,1.0,0.3,False,,48.42182099999803,119.21074300001067,0.0,0.0,0.1876325640000087,False,False,False,False,False
dense_0_near_02_v1.0_h0.4,1.0,0.4,False,,48.42182099999803,120.20489500000053,0.0,0.0,0.18862671599999856,False,False,False,False,False
dense_0_near_03_v0.0_h0.2,0.0,0.2,False,,58.389854999994384,103.690524000001,0.0,0.0,0.18208037899999538,False,False,False,False,False
dense_0_near_03_v0.0_h0.3,0.0,0.3,False,,58.389854999994384,100.53478900000812,0.0,0.0,0.1789246440000025,False,False,False,False,False
dense_0_near_03_v0.0_h0.4,0.0,0.4,False,,58.389854999994384,83.18250100001023,0.0,0.0,0.1615723560000046,False,False,False,False,False
dense_0_near_03_v0.5_h0.2,0.5,0.2,False,,58.389854999994384,81.51672300000712,0.0,0.0,0.1599065780000015,False,False,False,False,False
dense_0_near_03_v0.5_h0.3,0.5,0.3,False,,58.389854999994384,60.71868699999072,0.0,0.0,0.1391085419999851,False,False,False,False,False
dense_0_near_03_v0.5_h0.4,0.5,0.4,False,,58.389854999994384,92.66873999999348,0.0,0.0,0.17105859499998785,False,False,False,False,False
dense_0_near_03_v1.0_h0.2,1.0,0.2,False,,58.389854999994384,90.12811700000611,0.0,0.0,0.1685179720000005,False,False,False,False,False
dense_0_near_03_v1.0_h0.3,1.0,0.3,False,,58.389854999994384,91.32006899999112,0.0,0.0,0.1697099239999855,False,False,False,False,False
dense_0_near_03_v1.0_h0.4,1.0,0.4,False,,58.389854999994384,82.93944500000805,0.0,0.0,0.16132930000000242,False,False,False,False,False
dense_0_near_04_v0.0_h0.2,0.0,0.2,False,,54.97058499999952,94.38724899999329,0.0,0.0,0.1693578339999928,False,False,False,False,False
dense_0_near_04_v0.0_h0.3,0.0,0.3,False,,54.97058499999952,123.08546200000592,0.0,0.0,0.19805604700000543,False,False,False,False,False
dense_0_near_04_v0.0_h0.4,0.0,0.4,False,,54.97058499999952,75.74783200000468,0.0,0.0,0.15071841700000418,False,False,False,False,False
dense_0_near_04_v0.5_h0.2,0.5,0.2,False,,54.97058499999952,95.16734299999996,0.0,0.0,0.17013792799999947,False,False,False,False,False
dense_0_near_04_v0.5_h0.3,0.5,0.3,False,,54.97058499999952,68.76470599999607,0.0,0.0,0.14373529099999557,False,False,False,False,False
dense_0_near_04_v0.5_h0.4,0.5,0.4,False,,54.97058499999952,116.32335599999521,0.0,0.0,0.19129394099999472,False,False,False,False,False
dense_0_near_04_v1.0_h0.2,1.0,0.2,False,,54.97058499999952,58.80656899999792,0.0,0.0,0.13377715399999743,False,False,False,False,False
dense_0_near_04_v1.0_h0.3,1.0,0.3,False,,54.97058499999952,63.683862000004865,0.0,0.0,0.13865444700000437,False,False,False,False,False
dense_0_near_04_v1.0_h0.4,1.0,0.4,False,,54.97058499999952,111.63082800000268,0.0,0.0,0.1866014130000022,False,False,False,False,False
dense_0_near_05_v0.0_h0.2,0.0,0.2,False,,66.97659499999986,86.675213999996,0.0,0.0,0.17365180899999585,False,False,False,False,False
dense_0_near_05_v0.0_h0.3,0.0,0.3,False,,66.97659499999986,77.3271799999975,0.0,0.0,0.16430377499999735,False,False,False,False,False
dense_0_near_05_v0.0_h0.4,0.0,0.4,False,,66.97659499999986,77.1544170000027,0.0,0.0,0.16413101200000255,False,False,False,False,False
dense_0_near_05_v0.5_h0.2,0.5,0.2,False,,66.97659499999986,93.00366800000859,0.0,0.0,0.17998026300000844,False,False,False,False,False
dense_0_near_05_v0.5_h0.3,0.5,0.3,False,,66.97659499999986,84.29331400000706,0.0,0.0,0.1712699090000069,False,False,False,False,False
dense_0_near_05_v0.5_h0.4,0.5,0.4,False,,66.97659499999986,55.3757419999954,0.0,0.0,0.14235233699999525,False,False,False,False,False
dense_0_near_05_v1.0_h0.2,1.0,0.2,False,,66.97659499999986,106.0299060000034,0.0,0.0,0.19300650100000324,False,False,False,False,False
dense_0_near_05_v1.0_h0.3,1.0,0.3,False,,66.97659499999986,106.25725500000271,0.0,0.0,0.19323385000000257,False,False,False,False,False
dense_0_near_05_v1.0_h0.4,1.0,0.4,False,,66.97659499999986,94.00600799999381,0.0,0.0,0.18098260299999366,False,False,False,False,False
dense_0_near_06_v0.0_h0.2,0.0,0.2,False,,55.74866200000628,88.21368600000312,0.0,0.0,0.1639623480000094,False,False,False,False,False
dense_0_near_06_v0.0_h0.3,0.0,0.3,False,,55.74866200000628,60.39484499999048,0.0,0.0,0.13614350699999675,False,False,False,False,False
dense_0_near_06_v0.0_h0.4,0.0,0.4,False,,55.74866200000628,112.36813000000723,0.0,0.0,0.1881167920000135,False,False,False,False,False
dense_0_near_06_v0.5_h0.2,0.5,0.2,False,,55.74866200000628,99.7357720000025,0.0,0.0,0.17548443400000877,False,False,False,False,False
dense_0_near_06_v0.5_h0.3,0.5,0.3,False,,55.74866200000628,105.53556200000003,0.0,0.0,0.1812842240000063,False,False,False,False,False
dense_0_near_06_v0.5_h0.4,0.5,0.4,False,,55.74866200000628,114.63232399999868,0.0,0.0,0.19038098600000494,False,False,False,False,False
dense_0_near_06_v1.0_h0.2,1.0,0.2,False,,55.74866200000628,65.56009899999538,0.0,0.0,0.14130876100000164,False,False,False,False,False
dense_0_near_06_v1.0_h0.3,1.0,0.3,False,,55.74866200000628,110.06626900000072,0.0,0.0,0.18581493100000698,False,False,False,False,False
dense_0_near_06_v1.0_h0.4,1.0,0.4,False,,55.74866200000628,105.73669299999722,0.0,0.0,0.18148535500000348,False,False,False,False,False
dense_0_near_07_v0.0_h0.2,0.0,0.2,False,,63.2936489999949,85.91479700000093,0.0,0.0,0.16920844599999582,False,False,False,False,False
dense_0_near_07_v0.0_h0.3,0.0,0.3,False,,63.2936489999949,105.32225400000073,0.0,0.0,0.18861590299999562,False,False,False,False,False
dense_0_near_07_v0.0_h0.4,0.0,0.4,False,,63.2936489999949,82.90352500000608,0.0,0.0,0.16619717400000097,False,False,False,False,False
dense_0_near_07_v0.5_h0.2,0.5,0.2,False,,63.2936489999949,59.032505000004676,0.0,0.0,0.14232615399999957,False,False,False,False,False
dense_0_near_07_v0.5_h0.3,0.5,0.3,False,,63.2936489999949,56.144824000000426,0.0,0.0,0.13943847299999532,False,False,False,False,False
dense_0_near_07_v0.5_h0.4,0.5,0.4,False,,63.2936489999949,90.34601599999803,0.0,0.0,0.17363966499999292,False,False,False,False,False
dense_0_near_07_v1.0_h0.2,1.0,0.2,False,,63.2936489999949,99.06447199999491,0.0,0.0,0.1823581209999898,False,False,False,False,False
dense_0_near_07_v1.0_h0.3,1.0,0.3,False,,63.2936489999949,73.22973300000513,0.0,0.0,0.15652338200000002,False,False,False,False,False
dense_0_near_07_v1.0_h0.4,1.0,0.4,False,,63.2936489999949,100.73008800000594,0.0,0.0,0.18402373700000083,False,False,False,False,False
dense_0_near_08_v0.0_h0.2,0.0,0.2,False,,57.007671000000926,122.8681750000078,0.0,0.0,0.1998758460000087,False,False,False,False,False
dense_0_near_08_v0.0_h0.3,0.0,0.3,False,,57.007671000000926,106.69856100000175,0.0,0.0,0.18370623200000266,False,False,False,False,False
dense_0_near_08_v0.0_h0.4,0.0,0.4,False,,57.007671000000926,110.92776700000684,0.0,0.0,0.18793543800000775,False,False,False,False,False
dense_0_near_08_v0.5_h0.2,0.5,0.2,False,,57.007671000000926,57.34624500000507,0.0,0.0,0.13435391600000599,False,False,False,False,False
dense_0_near_08_v0.5_h0.3,0.5,0.3,False,,57.007671000000926,115.93716700001266,0.0,0.0,0.19294483800001358,False,False,False,False,False
dense_0_near_08_v0.5_h0.4,0.5,0.4,False,,57.007671000000926,104.51336200000583,0.0,0.0,0.18152103300000674,False,False,False,False,False
dense_0_near_08_v1.0_h0.2,1.0,0.2,False,,57.007671000000926,114.936876999991,0.0,0.0,0.19194454799999192,False,False,False,False,False
dense_0_near_08_v1.0_h0.3,1.0,0.3,False,,57.007671000000926,95.64615900001172,0.0,0.0,0.17265383000001264,False,False,False,False,False
dense_0_near_08_v1.0_h0.4,1.0,0.4,False,,57.007671000000926,64.37270099999637,0.0,0.0,0.14138037199999728,False,False,False,False,False
dense_0_near_09_v0.0_h0.2,0.0,0.2,False,,62.70385699999537,109.67948100000058,0.0,0.0,0.19238333799999593,False,False,False,False,False
dense_0_near_09_v0.0_h0.3,0.0,0.3,False,,62.70385699999537,81.16451600000119,0.0,0.0,0.16386837299999654,False,False,False,False,False
dense_0_near_09_v0.0_h0.4,0.0,0.4,False,,62.70385699999537,81.04782299999158,0.0,0.0,0.16375167999998694,False,False,False,False,False
dense_0_near_09_v0.5_h0.2,0.5,0.2,False,,62.70385699999537,123.69069999999738,0.0,0.0,0.20639455699999273,False,False,False,False,False
dense_0_near_09_v0.5_h0.3,0.5,0.3,False,,62.70385699999537,107.02665200000183,0.0,0.0,0.1897305089999972,False,False,False,False,False
dense_0_near_09_v0.5_h0.4,0.5,0.4,False,,62.70385699999537,114.83621400000743,0.0,0.0,0.1975400710000028,False,False,False,False,False
dense_0_near_09_v1.0_h0.2,1.0,0.2,False,,62.70385699999537,77.05909799999233,0.0,0.0,0.1597629549999877,False,False,False,False,False
dense_0_near_09_v1.0_h0.3,1.0,0.3,False,,62.70385699999537,113.31704100000195,0.0,0.0,0.1960208979999973,False,False,False,False,False
dense_0_near_09_v1.0_h0.4,1.0,0.4,False,,62.70385699999537,80.2663449999983,0.0,0.0,0.16297020199999365,False,False,False,False,False
dense_1_far_00_v0.0_h0.2,0.0,0.2,False,,51.67781999999477,0.00011000000199601345,0.0,0.0,0.07167792999999677,False,False,False,False,False
dense_1_far_00_v0.0_h0.3,0.0,0.3,False,,51.67781999999477,0.00039700000797893154,0.0,0.0,0.07167821700000275,False,False,False,False,False
dense_1_far_00_v0.0_h0.4,0.0,0.4,False,,51.67781999999477,0.00018999999440438842,0.0,0.0,0.07167800999998918,False,False,False,False,False
dense_1_far_00_v0.5_h0.2,0.5,0.2,False,,51.67781999999477,9.899999042772833e-05,0.0,0.0,0.0716779189999852,False,False,False,False,False
dense_1_far_00_v0.5_h0.3,0.5,0.3,False,,51.67781999999477,9.999999406318238e-05,0.0,0.0,0.07167791999998883,False,False,False,False,False
dense_1_far_00_v0.5_h0.4,0.5,0.4,False,,51.67781999999477,0.0001479999980347202,0.0,0.0,0.0716779679999928,False,False,False,False,False
dense_1_far_00_v1.0_h0.2,1.0,0.2,False,,51.67781999999477,9.59999937322209e-05,0.0,0.0,0.0716779159999885,False,False,False,False,False
dense_1_far_00_v1.0_h0.3,1.0,0.3,False,,51.67781999999477,0.00011000000199601345,0.0,0.0,0.07167792999999677,False,False,False,False,False
dense_1_far_00_v1.0_h0.4,1.0,0.4,False,,51.67781999999477,0.00013100000728627492,0.0,0.0,0.07167795100000206,False,False,False,False,False
dense_1_far_01_v0.0_h0.2,0.0,0.2,False,,47.293979999992075,0.00011599999538702832,0.0,0.0,0.06729409599998747,False,False,False,False,False
dense_1_far_01_v0.0_h0.3,0.0,0.3,False,,47.293979999992075,0.00012699999274445872,0.0,0.0,0.06729410699998482,False,False,False,False,False
dense_1_far_01_v0.0_h0.4,0.0,0.4,False,,47.293979999992075,0.00019200000167529652,0.0,0.0,0.06729417199999375,False,False,False,False,False
dense_1_far_01_v0.5_h0.2,0.5,0.2,False,,47.293979999992075,9.199999340125942e-05,0.0,0.0,0.06729407199998548,False,False,False,False,False
dense_1_far_01_v0.5_h0.3,0.5,0.3,False,,47.293979999992075,0.00010600000166505197,0.0,0.0,0.06729408599999374,False,False,False,False,False
dense_1_far_01_v0.5_h0.4,0.5,0.4,False,,47.293979999992075,0.0001570000023320972,0.0,0.0,0.06729413699999441,False,False,False,False,False
dense_1_far_01_v1.0_h0.2,1.0,0.2,False,,47.293979999992075,0.0001000000082740371,0.0,0.0,0.06729408000000035,False,False,False,False,False
dense_1_far_01_v1.0_h0.3,1.0,0.3,False,,47.293979999992075,0.00010399999439414387,0.0,0.0,0.06729408399998647,False,False,False,False,False
dense_1_far_01_v1.0_h0.4,1.0,0.4,False,,47.293979999992075,0.00015399999142573506,0.0,0.0,0.0672941339999835,False,False,False,False,False
dense_1_far_02_v0.0_h0.2,0.0,0.2,False,,70.03422200000387,9.499999009676685e-05,0.0,0.0,0.09003431699999397,False,False,False,False,False
dense_1_far_02_v0.0_h0.3,0.0,0.3,False,,70.03422200000387,0.0001069999910896513,0.0,0.0,0.09003432899999496,False,False,False,False,False
dense_1_far_02_v0.0_h0.4,0.0,0.4,False,,70.03422200000387,0.00016399999935856613,0.0,0.0,0.09003438600000323,False,False,False,False,False
dense_1_far_02_v0.5_h0.2,0.5,0.2,False,,70.03422200000387,7.699999571286753e-05,0.0,0.0,0.09003429899999958,False,False,False,False,False
dense_1_far_02_v0.5_h0.3,0.5,0.3,False,,70.03422200000387,9.59999937322209e-05,0.0,0.0,0.0900343179999976,False,False,False,False,False
dense_1_far_02_v0.5_h0.4,0.5,0.4,False,,70.03422200000387,0.0001829999973779195,0.0,0.0,0.09003440500000125,False,False,False,False,False
dense_1_far_02_v1.0_h0.2,1.0,0.2,False,,70.03422200000387,9.8000001003129e-05,0.0,0.0,0.09003432000000487,False,False,False,False,False
dense_1_far_02_v1.0_h0.3,1.0,0.3,False,,70.03422200000387,9.500000430762157e-05,0.0,0.0,0.09003431700000818,False,False,False,False,False
dense_1_far_02_v1.0_h0.4,1.0,0.4,False,,70.03422200000387,0.00012499999968440534,0.0,0.0,0.09003434700000355,False,False,False,False,False
dense_1_far_03_v0.0_h0.2,0.0,0.2,False,,50.694569999990335,9.299999703671347e-05,0.0,0.0,0.07069466299998738,False,False,False,False,False
dense_1_far_03_v0.0_h0.3,0.0,0.3,False,,50.694569999990335,0.00012099999935344385,0.0,0.0,0.07069469099998969,False,False,False,False,False
dense_1_far_03_v0.0_h0.4,0.0,0.4,False,,50.694569999990335,0.00028499999871201,0.0,0.0,0.07069485499998905,False,False,False,False,False
dense_1_far_03_v0.5_h0.2,0.5,0.2,False,,50.694569999990335,9.600000794307562e-05,0.0,0.0,0.07069466599999828,False,False,False,False,False
dense_1_far_03_v0.5_h0.3,0.5,0.3,False,,50.694569999990335,0.00010099999769863643,0.0,0.0,0.07069467099998804,False,False,False,False,False
dense_1_far_03_v0.5_h0.4,0.5,0.4,False,,50.694569999990335,0.00014300000827915937,0.0,0.0,0.07069471299999862,False,False,False,False,False
dense_1_far_03_v1.0_h0.2,1.0,0.2,False,,50.694569999990335,0.00013400000398178236,0.0,0.0,0.07069470399999432,False,False,False,False,False
dense_1_far_03_v1.0_h0.3,1.0,0.3,False,,50.694569999990335,9.299999703671347e-05,0.0,0.0,0.07069466299998738,False,False,False,False,False
dense_1_far_03_v1.0_h0.4,1.0,0.4,False,,50.694569999990335,0.00015799999175669655,0.0,0.0,0.0706947279999821,False,False,False,False,False
dense_1_far_04_v0.0_h0.2,0.0,0.2,False,,48.632939000000874,7.900000298377563e-05,0.0,0.0,0.06863301800000386,False,False,False,False,False
dense_1_far_04_v0.0_h0.3,0.0,0.3,False,,48.632939000000874,8.800000728115265e-05,0.0,0.0,0.06863302700000816,False,False,False,False,False
dense_1_far_04_v0.0_h0.4,0.0,0.4,False,,48.632939000000874,0.00011299999869152089,0.0,0.0,0.06863305199999957,False,False,False,False,False
dense_1_far_04_v0.5_h0.2,0.5,0.2,False,,48.632939000000874,9.099998976580537e-05,0.0,0.0,0.06863302999999064,False,False,False,False,False
dense_1_far_04_v0.5_h0.3,0.5,0.3,False,,48.632939000000874,8.899999670575198e-05,0.0,0.0,0.06863302799999758,False,False,False,False,False
dense_1_far_04_v0.5_h0.4,0.5,0.4,False,,48.632939000000874,8.999998613035132e-05,0.0,0.0,0.06863302899998701,False,False,False,False,False
dense_1_far_04_v1.0_h0.2,1.0,0.2,False,,48.632939000000874,9.000000034120603e-05,0.0,0.0,0.06863302900000122,False,False,False,False,False
dense_1_far_04_v1.0_h0.3,1.0,0.3,False,,48.632939000000874,8.70000036456986e-05,0.0,0.0,0.06863302600000452,False,False,False,False,False
dense_1_far_04_v1.0_h0.4,1.0,0.4,False,,48.632939000000874,8.800000728115265e-05,0.0,0.0,0.06863302700000816,False,False,False,False,False
dense_1_far_05_v0.0_h0.2,0.0,0.2,False,,46.66340600000751,8.300000331473711e-05,0.0,0.0,0.06666348900001083,False,False,False,False,False
dense_1_far_05_v0.0_h0.3,0.0,0.3,False,,46.66340600000751,5.9999990753567545e-05,0.0,0.0,0.06666346599999827,False,False,False,False,False
dense_1_far_05_v0.0_h0.4,0.0,0.4,False,,46.66340600000751,8.000000661922968e-05,0.0,0.0,0.06666348600001414,False,False,False,False,False
dense_1_far_05_v0.5_h0.2,0.5,0.2,False,,46.66340600000751,6.600001256629184e-05,0.0,0.0,0.06666347200002008,False,False,False,False,False
dense_1_far_05_v0.5_h0.3,0.5,0.3,False,,46.66340600000751,5.6000004633460776e-05,0.0,0.0,0.06666346200001215,False,False,False,False,False
dense_1_far_05_v0.5_h0.4,0.5,0.4,False,,46.66340600000751,8.300000331473711e-05,0.0,0.0,0.06666348900001083,False,False,False,False,False
dense_1_far_05_v1.0_h0.2,1.0,0.2,False,,46.66340600000751,5.3999997362552676e-05,0.0,0.0,0.06666346000000488,False,False,False,False,False
dense_1_far_05_v1.0_h0.3,1.0,0.3,False,,46.66340600000751,5.3999997362552676e-05,0.0,0.0,0.06666346000000488,False,False,False,False,False
dense_1_far_05_v1.0_h0.4,1.0,0.4,False,,46.66340600000751,8.099999604382901e-05,0.0,0.0,0.06666348700000356,False,False,False,False,False
dense_1_far_06_v0.0_h0.2,0.0,0.2,False,,42.657482999999274,6.799999141549051e-05,0.0,0.0,0.0626575509999907,False,False,False,False,False
dense_1_far_06_v0.0_h0.3,0.0,0.3,False,,42.657482999999274,5.5000000998006726e-05,0.0,0.0,0.06265753800000028,False,False,False,False,False
dense_1_far_06_v0.0_h0.4,0.0,0.4,False,,42.657482999999274,9.600000794307562e-05,0.0,0.0,0.06265757900000722,False,False,False,False,False
dense_1_far_06_v0.5_h0.2,0.5,0.2,False,,42.657482999999274,5.200000430249929e-05,0.0,0.0,0.06265753500000358,False,False,False,False,False
dense_1_far_06_v0.5_h0.3,0.5,0.3,False,,42.657482999999274,5.699999405806011e-05,0.0,0.0,0.06265753999999334,False,False,False,False,False
dense_1_far_06_v0.5_h0.4,0.5,0.4,False,,42.657482999999274,0.00014299999406830466,0.0,0.0,0.06265762599999335,False,False,False,False,False
dense_1_far_06_v1.0_h0.2,1.0,0.2,False,,42.657482999999274,5.2999993727098627e-05,0.0,0.0,0.062657535999993,False,False,False,False,False
dense_1_far_06_v1.0_h0.3,1.0,0.3,False,,42.657482999999274,5.300000793795334e-05,0.0,0.0,0.06265753600000722,False,False,False,False,False
dense_1_far_06_v1.0_h0.4,1.0,0.4,False,,42.657482999999274,0.00010799999472510535,0.0,0.0,0.062657590999994,False,False,False,False,False
dense_1_far_07_v0.0_h0.2,0.0,0.2,False,,44.06379399999594,5.6000004633460776e-05,0.0,0.0,0.06406385000000057,False,False,False,False,False
dense_1_far_07_v0.0_h0.3,0.0,0.3,False,,44.06379399999594,6.599999835543713e-05,0.0,0.0,0.0640638599999943,False,False,False,False,False
dense_1_far_07_v0.0_h0.4,0.0,0.4,False,,44.06379399999594,0.00014699999439926614,0.0,0.0,0.06406394099999034,False,False,False,False,False
dense_1_far_07_v0.5_h0.2,0.5,0.2,False,,44.06379399999594,8.199999967928306e-05,0.0,0.0,0.06406387599999562,False,False,False,False,False
dense_1_far_07_v0.5_h0.3,0.5,0.3,False,,44.06379399999594,5.300000793795334e-05,0.0,0.0,0.06406384700000388,False,False,False,False,False
dense_1_far_07_v0.5_h0.4,0.5,0.4,False,,44.06379399999594,9.100000397666008e-05,0.0,0.0,0.06406388499999992,False,False,False,False,False
dense_1_far_07_v1.0_h0.2,1.0,0.2,False,,44.06379399999594,5.2999993727098627e-05,0.0,0.0,0.06406384699998967,False,False,False,False,False
dense_1_far_07_v1.0_h0.3,1.0,0.3,False,,44.06379399999594,6.199999802447564e-05,0.0,0.0,0.06406385599999397,False,False,False,False,False
dense_1_far_07_v1.0_h0.4,1.0,0.4,False,,44.06379399999594,0.00010100001190949115,0.0,0.0,0.06406389500000785,False,False,False,False,False
dense_1_far_08_v0.0_h0.2,0.0,0.2,False,,63.67235999999821,5.699999405806011e-05,0.0,0.0,0.08367241699999227,False,False,False,False,False
dense_1_far_08_v0.0_h0.3,0.0,0.3,False,,63.67235999999821,5.2999993727098627e-05,0.0,0.0,0.08367241299999194,False,False,False,False,False
dense_1_far_08_v0.0_h0.4,0.0,0.4,False,,63.67235999999821,0.00011600000959788304,0.0,0.0,0.08367247600000781,False,False,False,False,False
dense_1_far_08_v0.5_h0.2,0.5,0.2,False,,63.67235999999821,5.100000066704524e-05,0.0,0.0,0.08367241099999888,False,False,False,False,False
dense_1_far_08_v0.5_h0.3,0.5,0.3,False,,63.67235999999821,5.699999405806011e-05,0.0,0.0,0.08367241699999227,False,False,False,False,False
dense_1_far_08_v0.5_h0.4,0.5,0.4,False,,63.67235999999821,8.399999273933645e-05,0.0,0.0,0.08367244399999095,False,False,False,False,False
dense_1_far_08_v1.0_h0.2,1.0,0.2,False,,63.67235999999821,5.199999009164458e-05,0.0,0.0,0.0836724119999883,False,False,False,False,False
dense_1_far_08_v1.0_h0.3,1.0,0.3,False,,63.67235999999821,4.999999703159119e-05,0.0,0.0,0.08367240999999524,False,False,False,False,False
dense_1_far_08_v1.0_h0.4,1.0,0.4,False,,63.67235999999821,7.300000959276076e-05,0.0,0.0,0.0836724330000078,False,False,False,False,False
dense_1_far_09_v0.0_h0.2,0.0,0.2,False,,58.326203000007126,6.0999994389021595e-05,0.0,0.0,0.07832626400000152,False,False,False,False,False
dense_1_far_09_v0.0_h0.3,0.0,0.3,False,,58.326203000007126,5.100000066704524e-05,0.0,0.0,0.0783262540000078,False,False,False,False,False
dense_1_far_09_v0.0_h0.4,0.0,0.4,False,,58.326203000007126,0.00012299999241349724,0.0,0.0,0.07832632599999954,False,False,False,False,False
dense_1_far_09_v0.5_h0.2,0.5,0.2,False,,58.326203000007126,4.999999703159119e-05,0.0,0.0,0.07832625300000416,False,False,False,False,False
dense_1_far_09_v0.5_h0.3,0.5,0.3,False,,58.326203000007126,5.699999405806011e-05,0.0,0.0,0.07832626000000119,False,False,False,False,False
dense_1_far_09_v0.5_h0.4,0.5,0.4,False,,58.326203000007126,9.199999340125942e-05,0.0,0.0,0.07832629500000053,False,False,False,False,False
dense_1_far_09_v1.0_h0.2,1.0,0.2,False,,58.326203000007126,5.3999997362552676e-05,0.0,0.0,0.07832625700000449,False,False,False,False,False
dense_1_far_09_v1.0_h0.3,1.0,0.3,False,,58.326203000007126,5.8999987118113495e-05,0.0,0.0,0.07832626199999425,False,False,False,False,False
dense_1_far_09_v1.0_h0.4,1.0,0.4,False,,58.326203000007126,9.900000463858305e-05,0.0,0.0,0.07832630200001177,False,False,False,False,False
dense_1_free_01_v0.0_h0.2,0.0,0.2,False,,48.07130399999693,7.100000232185266e-05,0.0,0.0,0.06807137499999925,False,False,False,False,False
dense_1_free_01_v0.0_h0.3,0.0,0.3,False,,48.07130399999693,5.6000004633460776e-05,0.0,0.0,0.06807136000000157,False,False,False,False,False
dense_1_free_01_v0.0_h0.4,0.0,0.4,False,,48.07130399999693,0.00011299999869152089,0.0,0.0,0.06807141699999562,False,False,False,False,False
dense_1_free_01_v0.5_h0.2,0.5,0.2,False,,48.07130399999693,5.6000004633460776e-05,0.0,0.0,0.06807136000000157,False,False,False,False,False
dense_1_free_01_v0.5_h0.3,0.5,0.3,False,,48.07130399999693,5.7000008268914826e-05,0.0,0.0,0.0680713610000052,False,False,False,False,False
dense_1_free_01_v0.5_h0.4,0.5,0.4,False,,48.07130399999693,9.900000463858305e-05,0.0,0.0,0.06807140300000157,False,False,False,False,False
dense_1_free_01_v1.0_h0.2,1.0,0.2,False,,48.07130399999693,5.300000793795334e-05,0.0,0.0,0.06807135700000487,False,False,False,False,False
dense_1_free_01_v1.0_h0.3,1.0,0.3,False,,48.07130399999693,5.6000004633460776e-05,0.0,0.0,0.06807136000000157,False,False,False,False,False
dense_1_free_01_v1.0_h0.4,1.0,0.4,False,,48.07130399999693,9.700001157852967e-05,0.0,0.0,0.06807140100000851,False,False,False,False,False
dense_1_free_02_v0.0_h0.2,0.0,0.2,False,,63.022291999999425,9.000000034120603e-05,0.0,0.0,0.08302238199999977,False,False,False,False,False
dense_1_free_02_v0.0_h0.3,0.0,0.3,False,,63.022291999999425,5.5000000998006726e-05,0.0,0.0,0.08302234700000043,False,False,False,False,False
dense_1_free_02_v0.0_h0.4,0.0,0.4,False,,63.022291999999425,0.0001679999996895276,0.0,0.0,0.08302245999999912,False,False,False,False,False
dense_1_free_02_v0.5_h0.2,0.5,0.2,False,,63.022291999999425,5.2999993727098627e-05,0.0,0.0,0.08302234499999316,False,False,False,False,False
dense_1_free_02_v0.5_h0.3,0.5,0.3,False,,63.022291999999425,5.400001157340739e-05,0.0,0.0,0.083022346000011,False,False,False,False,False
dense_1_free_02_v0.5_h0.4,0.5,0.4,False,,63.022291999999425,0.00010799999472510535,0.0,0.0,0.08302239999999415,False,False,False,False,False
dense_1_free_02_v1.0_h0.2,1.0,0.2,False,,63.022291999999425,5.3999997362552676e-05,0.0,0.0,0.08302234599999679,False,False,False,False,False
dense_1_free_02_v1.0_h0.3,1.0,0.3,False,,63.022291999999425,5.699999405806011e-05,0.0,0.0,0.08302234899999349,False,False,False,False,False
dense_1_free_02_v1.0_h0.4,1.0,0.4,False,,63.022291999999425,0.00011600000959788304,0.0,0.0,0.08302240800000903,False,False,False,False,False
dense_1_free_03_v0.0_h0.2,0.0,0.2,False,,50.73404699999884,5.2999993727098627e-05,0.0,0.0,0.07073409999999257,False,False,False,False,False
dense_1_free_03_v0.0_h0.3,0.0,0.3,False,,50.73404699999884,5.7000008268914826e-05,0.0,0.0,0.07073410400000711,False,False,False,False,False
dense_1_free_03_v0.0_h0.4,0.0,0.4,False,,50.73404699999884,7.300000959276076e-05,0.0,0.0,0.07073412000000844,False,False,False,False,False
dense_1_free_03_v0.5_h0.2,0.5,0.2,False,,50.73404699999884,5.400001157340739e-05,0.0,0.0,0.07073410100001042,False,False,False,False,False
dense_1_free_03_v0.5_h0.3,0.5,0.3,False,,50.73404699999884,5.3999997362552676e-05,0.0,0.0,0.0707341009999962,False,False,False,False,False
dense_1_free_03_v0.5_h0.4,0.5,0.4,False,,50.73404699999884,7.900000298377563e-05,0.0,0.0,0.07073412600000183,False,False,False,False,False
dense_1_free_03_v1.0_h0.2,1.0,0.2,False,,50.73404699999884,5.499998678715201e-05,0.0,0.0,0.07073410199998563,False,False,False,False,False
dense_1_free_03_v1.0_h0.3,1.0,0.3,False,,50.73404699999884,5.9999990753567545e-05,0.0,0.0,0.0707341069999896,False,False,False,False,False
dense_1_free_03_v1.0_h0.4,1.0,0.4,False,,50.73404699999884,0.00010099999769863643,0.0,0.0,0.07073414799999654,False,False,False,False,False
dense_1_free_04_v0.0_h0.2,0.0,0.2,False,,53.305349999995144,7.999999240837496e-05,0.0,0.0,0.07330542999998756,False,False,False,False,False
dense_1_free_04_v0.0_h0.3,0.0,0.3,False,,53.305349999995144,6.30000016599297e-05,0.0,0.0,0.07330541299999681,False,False,False,False,False
dense_1_free_04_v0.0_h0.4,0.0,0.4,False,,53.305349999995144,9.600000794307562e-05,0.0,0.0,0.07330544600000309,False,False,False,False,False
dense_1_free_04_v0.5_h0.2,0.5,0.2,False,,53.305349999995144,5.3999997362552676e-05,0.0,0.0,0.07330540399999251,False,False,False,False,False
dense_1_free_04_v0.5_h0.3,0.5,0.3,False,,53.305349999995144,5.5000000998006726e-05,0.0,0.0,0.07330540499999615,False,False,False,False,False
dense_1_free_04_v0.5_h0.4,0.5,0.4,False,,53.305349999995144,7.799999934832158e-05,0.0,0.0,0.0733054279999945,False,False,False,False,False
dense_1_free_04_v1.0_h0.2,1.0,0.2,False,,53.305349999995144,5.3999997362552676e-05,0.0,0.0,0.07330540399999251,False,False,False,False,False
dense_1_free_04_v1.0_h0.3,1.0,0.3,False,,53.305349999995144,5.3999997362552676e-05,0.0,0.0,0.07330540399999251,False,False,False,False,False
dense_1_free_04_v1.0_h0.4,1.0,0.4,False,,53.305349999995144,8.600000001024455e-05,0.0,0.0,0.07330543599999516,False,False,False,False,False
dense_1_free_05_v0.0_h0.2,0.0,0.2,False,,73.45538299999532,7.100000232185266e-05,0.0,0.0,0.09345545399999765,False,False,False,False,False
dense_1_free_05_v0.0_h0.3,0.0,0.3,False,,73.45538299999532,6.400000529538374e-05,0.0,0.0,0.09345544700000062,False,False,False,False,False
dense_1_free_05_v0.0_h0.4,0.0,0.4,False,,73.45538299999532,0.00010099999769863643,0.0,0.0,0.09345548399999302,False,False,False,False,False
dense_1_free_05_v0.5_h0.2,0.5,0.2,False,,73.45538299999532,6.30000016599297e-05,0.0,0.0,0.09345544599999699,False,False,False,False,False
dense_1_free_05_v0.5_h0.3,0.5,0.3,False,,73.45538299999532,5.799999769351416e-05,0.0,0.0,0.09345544099999302,False,False,False,False,False
dense_1_free_05_v0.5_h0.4,0.5,0.4,False,,73.45538299999532,0.00013999999737279722,0.0,0.0,0.0934555229999927,False,False,False,False,False
dense_1_free_05_v1.0_h0.2,1.0,0.2,False,,73.45538299999532,6.000000496442226e-05,0.0,0.0,0.09345544300000029,False,False,False,False,False
dense_1_free_05_v1.0_h0.3,1.0,0.3,False,,73.45538299999532,5.100000066704524e-05,0.0,0.0,0.093455433999996,False,False,False,False,False
dense_1_free_05_v1.0_h0.4,1.0,0.4,False,,73.45538299999532,9.500000430762157e-05,0.0,0.0,0.09345547799999963,False,False,False,False,False
dense_1_free_06_v0.0_h0.2,0.0,0.2,False,,49.695388000003504,7.200000595730671e-05,0.0,0.0,0.06969546000000947,False,False,False,False,False
dense_1_free_06_v0.0_h0.3,0.0,0.3,False,,49.695388000003504,5.900000132896821e-05,0.0,0.0,0.06969544700000484,False,False,False,False,False
dense_1_free_06_v0.0_h0.4,0.0,0.4,False,,49.695388000003504,9.8000001003129e-05,0.0,0.0,0.06969548600000451,False,False,False,False,False
dense_1_free_06_v0.5_h0.2,0.5,0.2,False,,49.695388000003504,5.5000000998006726e-05,0.0,0.0,0.0696954430000045,False,False,False,False,False
dense_1_free_06_v0.5_h0.3,0.5,0.3,False,,49.695388000003504,5.5000000998006726e-05,0.0,0.0,0.0696954430000045,False,False,False,False,False
dense_1_free_06_v0.5_h0.4,0.5,0.4,False,,49.695388000003504,5.7000008268914826e-05,0.0,0.0,0.06969544500001178,False,False,False,False,False
dense_1_free_06_v1.0_h0.2,1.0,0.2,False,,49.695388000003504,5.5000000998006726e-05,0.0,0.0,0.0696954430000045,False,False,False,False,False
dense_1_free_06_v1.0_h0.3,1.0,0.3,False,,49.695388000003504,5.100000066704524e-05,0.0,0.0,0.06969543900000418,False,False,False,False,False
dense_1_free_06_v1.0_h0.4,1.0,0.4,False,,49.695388000003504,0.00026000000730164174,0.0,0.0,0.06969564800001081,False,False,False,False,False
dense_1_free_07_v0.0_h0.2,0.0,0.2,False,,45.67144500000353,0.0001089999983605594,0.0,0.0,0.0656715540000019,False,False,False,False,False
dense_1_free_07_v0.0_h0.3,0.0,0.3,False,,45.67144500000353,5.200000430249929e-05,0.0,0.0,0.06567149700000784,False,False,False,False,False
dense_1_free_07_v0.0_h0.4,0.0,0.4,False,,45.67144500000353,0.00015300000200113573,0.0,0.0,0.06567159800000553,False,False,False,False,False
dense_1_free_07_v0.5_h0.2,0.5,0.2,False,,45.67144500000353,5.5000000998006726e-05,0.0,0.0,0.06567150000000453,False,False,False,False,False
dense_1_free_07_v0.5_h0.3,0.5,0.3,False,,45.67144500000353,5.6000004633460776e-05,0.0,0.0,0.06567150100000817,False,False,False,False,False
dense_1_free_07_v0.5_h0.4,0.5,0.4,False,,45.67144500000353,0.00010499999802959792,0.0,0.0,0.06567155000000156,False,False,False,False,False
dense_1_free_07_v1.0_h0.2,1.0,0.2,False,,45.67144500000353,5.3999997362552676e-05,0.0,0.0,0.0656714990000009,False,False,False,False,False
dense_1_free_07_v1.0_h0.3,1.0,0.3,False,,45.67144500000353,5.2999993727098627e-05,0.0,0.0,0.06567149799999726,False,False,False,False,False
dense_1_free_07_v1.0_h0.4,1.0,0.4,False,,45.67144500000353,9.699999736767495e-05,0.0,0.0,0.0656715420000009,False,False,False,False,False
dense_1_free_08_v0.0_h0.2,0.0,0.2,False,,54.78008199999351,7.100000232185266e-05,0.0,0.0,0.07478015299999584,False,False,False,False,False
dense_1_free_08_v0.0_h0.3,0.0,0.3,False,,54.78008199999351,5.900000132896821e-05,0.0,0.0,0.07478014099999485,False,False,False,False,False
dense_1_free_08_v0.0_h0.4,0.0,0.4,False,,54.78008199999351,0.00011199999505606684,0.0,0.0,0.07478019399998857,False,False,False,False,False
dense_1_free_08_v0.5_h0.2,0.5,0.2,False,,54.78008199999351,5.9999990753567545e-05,0.0,0.0,0.07478014199998427,False,False,False,False,False
dense_1_free_08_v0.5_h0.3,0.5,0.3,False,,54.78008199999351,6.000000496442226e-05,0.0,0.0,0.07478014199999848,False,False,False,False,False
dense_1_free_08_v0.5_h0.4,0.5,0.4,False,,54.78008199999351,8.49999963747905e-05,0.0,0.0,0.07478016699998989,False,False,False,False,False
dense_1_free_08_v1.0_h0.2,1.0,0.2,False,,54.78008199999351,6.100000859987631e-05,0.0,0.0,0.07478014300000212,False,False,False,False,False
dense_1_free_08_v1.0_h0.3,1.0,0.3,False,,54.78008199999351,0.00010100001190949115,0.0,0.0,0.07478018300000543,False,False,False,False,False
dense_1_free_08_v1.0_h0.4,1.0,0.4,False,,54.78008199999351,9.000000034120603e-05,0.0,0.0,0.07478017199999386,False,False,False,False,False
dense_1_free_09_v0.0_h0.2,0.0,0.2,False,,48.72237400000046,6.799999141549051e-05,0.0,0.0,0.06872244199999188,False,False,False,False,False
dense_1_free_09_v0.0_h0.3,0.0,0.3,False,,48.72237400000046,7.200000595730671e-05,0.0,0.0,0.06872244600000642,False,False,False,False,False
dense_1_free_09_v0.0_h0.4,0.0,0.4,False,,48.72237400000046,8.899999670575198e-05,0.0,0.0,0.06872246299999717,False,False,False,False,False
dense_1_free_09_v0.5_h0.2,0.5,0.2,False,,48.72237400000046,5.200000430249929e-05,0.0,0.0,0.06872242600000476,False,False,False,False,False
dense_1_free_09_v0.5_h0.3,0.5,0.3,False,,48.72237400000046,5.5000000998006726e-05,0.0,0.0,0.06872242900000146,False,False,False,False,False
dense_1_free_09_v0.5_h0.4,0.5,0.4,False,,48.72237400000046,8.600000001024455e-05,0.0,0.0,0.06872246000000047,False,False,False,False,False
dense_1_free_09_v1.0_h0.2,1.0,0.2,False,,48.72237400000046,5.3999997362552676e-05,0.0,0.0,0.06872242799999782,False,False,False,False,False
dense_1_free_09_v1.0_h0.3,1.0,0.3,False,,48.72237400000046,5.3999997362552676e-05,0.0,0.0,0.06872242799999782,False,False,False,False,False
dense_1_free_09_v1.0_h0.4,1.0,0.4,False,,48.72237400000046,0.00010099999769863643,0.0,0.0,0.06872247499999816,False,False,False,False,False
dense_1_near_00_v0.0_h0.2,0.0,0.2,False,,73.73541000000472,5.799999769351416e-05,0.0,0.0,0.09373546800000242,False,False,False,False,False
dense_1_near_00_v0.0_h0.3,0.0,0.3,False,,73.73541000000472,7.100000232185266e-05,0.0,0.0,0.09373548100000705,False,False,False,False,False
dense_1_near_00_v0.0_h0.4,0.0,0.4,False,,73.73541000000472,0.00011500000596242899,0.0,0.0,0.09373552500001069,False,False,False,False,False
dense_1_near_00_v0.5_h0.2,0.5,0.2,False,,73.73541000000472,6.299998744907498e-05,0.0,0.0,0.09373547299999217,False,False,False,False,False
dense_1_near_00_v0.5_h0.3,0.5,0.3,False,,73.73541000000472,6.399999108452903e-05,0.0,0.0,0.09373547399999581,False,False,False,False,False
dense_1_near_00_v0.5_h0.4,0.5,0.4,False,,73.73541000000472,0.00011299999869152089,0.0,0.0,0.09373552300000342,False,False,False,False,False
dense_1_near_00_v1.0_h0.2,1.0,0.2,False,,73.73541000000472,6.399999108452903e-05,0.0,0.0,0.09373547399999581,False,False,False,False,False
dense_1_near_00_v1.0_h0.3,1.0,0.3,False,,73.73541000000472,5.3999997362552676e-05,0.0,0.0,0.09373546400000209,False,False,False,False,False
dense_1_near_00_v1.0_h0.4,1.0,0.4,False,,73.73541000000472,8.799999307029793e-05,0.0,0.0,0.0937354979999978,False,False,False,False,False
dense_1_near_01_v0.0_h0.2,0.0,0.2,False,,64.60211999999643,6.700000199089118e-05,0.0,0.0,0.08460218699999843,False,False,False,False,False
dense_1_near_01_v0.0_h0.3,0.0,0.3,False,,64.60211999999643,5.100000066704524e-05,0.0,0.0,0.0846021709999971,False,False,False,False,False
dense_1_near_01_v0.0_h0.4,0.0,0.4,False,,64.60211999999643,9.900000463858305e-05,0.0,0.0,0.08460221900000107,False,False,False,False,False
dense_1_near_01_v0.5_h0.2,0.5,0.2,False,,64.60211999999643,4.999999703159119e-05,0.0,0.0,0.08460216999999347,False,False,False,False,False
dense_1_near_01_v0.5_h0.3,0.5,0.3,False,,64.60211999999643,8.300000331473711e-05,0.0,0.0,0.08460220299999975,False,False,False,False,False
dense_1_near_01_v0.5_h0.4,0.5,0.4,False,,64.60211999999643,9.900000463858305e-05,0.0,0.0,0.08460221900000107,False,False,False,False,False
dense_1_near_01_v1.0_h0.2,1.0,0.2,False,,64.60211999999643,5.200000430249929e-05,0.0,0.0,0.08460217200000074,False,False,False,False,False
dense_1_near_01_v1.0_h0.3,1.0,0.3,False,,64.60211999999643,5.799999769351416e-05,0.0,0.0,0.08460217799999413,False,False,False,False,False
dense_1_near_01_v1.0_h0.4,1.0,0.4,False,,64.60211999999643,9.400000067216752e-05,0.0,0.0,0.08460221399999711,False,False,False,False,False
dense_1_near_02_v0.0_h0.2,0.0,0.2,False,,57.75668799999778,8.399999273933645e-05,0.0,0.0,0.07775677199999052,False,False,False,False,False
dense_1_near_02_v0.0_h0.3,0.0,0.3,False,,57.75668799999778,5.599999042260606e-05,0.0,0.0,0.0777567439999882,False,False,False,False,False
dense_1_near_02_v0.0_h0.4,0.0,0.4,False,,57.75668799999778,0.00011400000232697494,0.0,0.0,0.07775680200000011,False,False,False,False,False
dense_1_near_02_v0.5_h0.2,0.5,0.2,False,,57.75668799999778,5.6000004633460776e-05,0.0,0.0,0.07775674400000242,False,False,False,False,False
dense_1_near_02_v0.5_h0.3,0.5,0.3,False,,57.75668799999778,5.2999993727098627e-05,0.0,0.0,0.07775674099999151,False,False,False,False,False
dense_1_near_02_v0.5_h0.4,0.5,0.4,False,,57.75668799999778,9.299999703671347e-05,0.0,0.0,0.07775678099999482,False,False,False,False,False
dense_1_near_02_v1.0_h0.2,1.0,0.2,False,,57.75668799999778,0.00013400000398178236,0.0,0.0,0.07775682200000177,False,False,False,False,False
dense_1_near_02_v1.0_h0.3,1.0,0.3,False,,57.75668799999778,7.100000232185266e-05,0.0,0.0,0.0777567590000001,False,False,False,False,False
dense_1_near_02_v1.0_h0.4,1.0,0.4,False,,57.75668799999778,0.00011599999538702832,0.0,0.0,0.07775680399999317,False,False,False,False,False
dense_1_near_03_v0.0_h0.2,0.0,0.2,False,,51.488871000003655,6.499999471998308e-05,0.0,0.0,0.07148893599999838,False,False,False,False,False
dense_1_near_03_v0.0_h0.3,0.0,0.3,False,,51.488871000003655,6.899999505094456e-05,0.0,0.0,0.07148893999999871,False,False,False,False,False
dense_1_near_03_v0.0_h0.4,0.0,0.4,False,,51.488871000003655,0.00010799999472510535,0.0,0.0,0.07148897899999838,False,False,False,False,False
dense_1_near_03_v0.5_h0.2,0.5,0.2,False,,51.488871000003655,5.199999009164458e-05,0.0,0.0,0.07148892299999375,False,False,False,False,False
dense_1_near_03_v0.5_h0.3,0.5,0.3,False,,51.488871000003655,5.300000793795334e-05,0.0,0.0,0.0714889240000116,False,False,False,False,False
dense_1_near_03_v0.5_h0.4,0.5,0.4,False,,51.488871000003655,6.799999141549051e-05,0.0,0.0,0.07148893899999507,False,False,False,False,False
dense_1_near_03_v1.0_h0.2,1.0,0.2,False,,51.488871000003655,5.5000000998006726e-05,0.0,0.0,0.07148892600000466,False,False,False,False,False
dense_1_near_03_v1.0_h0.3,1.0,0.3,False,,51.488871000003655,5.199999009164458e-05,0.0,0.0,0.07148892299999375,False,False,False,False,False
dense_1_near_03_v1.0_h0.4,1.0,0.4,False,,51.488871000003655,8.199999967928306e-05,0.0,0.0,0.07148895300000334,False,False,False,False,False
dense_1_near_04_v0.0_h0.2,0.0,0.2,False,,62.54730700000266,5.300000793795334e-05,0.0,0.0,0.0825473600000106,False,False,False,False,False
dense_1_near_04_v0.0_h0.3,0.0,0.3,False,,62.54730700000266,5.3999997362552676e-05,0.0,0.0,0.08254736100000003,False,False,False,False,False
dense_1_near_04_v0.0_h0.4,0.0,0.4,False,,62.54730700000266,0.00014500000133921276,0.0,0.0,0.082547452000004,False,False,False,False,False
dense_1_near_04_v0.5_h0.2,0.5,0.2,False,,62.54730700000266,5.3999997362552676e-05,0.0,0.0,0.08254736100000003,False,False,False,False,False
dense_1_near_04_v0.5_h0.3,0.5,0.3,False,,62.54730700000266,5.6000004633460776e-05,0.0,0.0,0.0825473630000073,False,False,False,False,False
dense_1_near_04_v0.5_h0.4,0.5,0.4,False,,62.54730700000266,6.000000496442226e-05,0.0,0.0,0.08254736700000763,False,False,False,False,False
dense_1_near_04_v1.0_h0.2,1.0,0.2,False,,62.54730700000266,5.400001157340739e-05,0.0,0.0,0.08254736100001424,False,False,False,False,False
dense_1_near_04_v1.0_h0.3,1.0,0.3,False,,62.54730700000266,5.7000008268914826e-05,0.0,0.0,0.08254736400001093,False,False,False,False,False
dense_1_near_04_v1.0_h0.4,1.0,0.4,False,,62.54730700000266,8.100001025468373e-05,0.0,0.0,0.08254738800001292,False,False,False,False,False
dense_1_near_05_v0.0_h0.2,0.0,0.2,False,,59.670968999995466,6.599999835543713e-05,0.0,0.0,0.07967103499999383,False,False,False,False,False
dense_1_near_05_v0.0_h0.3,0.0,0.3,False,,59.670968999995466,5.5000000998006726e-05,0.0,0.0,0.07967102399999647,False,False,False,False,False
dense_1_near_05_v0.0_h0.4,0.0,0.4,False,,59.670968999995466,7.60000062882682e-05,0.0,0.0,0.07967104500000176,False,False,False,False,False
dense_1_near_05_v0.5_h0.2,0.5,0.2,False,,59.670968999995466,5.200000430249929e-05,0.0,0.0,0.07967102099999977,False,False,False,False,False
dense_1_near_05_v0.5_h0.3,0.5,0.3,False,,59.670968999995466,5.5000000998006726e-05,0.0,0.0,0.07967102399999647,False,False,False,False,False
dense_1_near_05_v0.5_h0.4,0.5,0.4,False,,59.670968999995466,9.500000430762157e-05,0.0,0.0,0.07967106399999978,False,False,False,False,False
dense_1_near_05_v1.0_h0.2,1.0,0.2,False,,59.670968999995466,5.5000000998006726e-05,0.0,0.0,0.07967102399999647,False,False,False,False,False
dense_1_near_05_v1.0_h0.3,1.0,0.3,False,,59.670968999995466,5.7000008268914826e-05,0.0,0.0,0.07967102600000374,False,False,False,False,False
dense_1_near_05_v1.0_h0.4,1.0,0.4,False,,59.670968999995466,8.49999963747905e-05,0.0,0.0,0.07967105399999184,False,False,False,False,False
dense_1_near_06_v0.0_h0.2,0.0,0.2,False,,44.827802999989785,6.499999471998308e-05,0.0,0.0,0.06482786799998451,False,False,False,False,False
dense_1_near_06_v0.0_h0.3,0.0,0.3,False,,44.827802999989785,5.6000004633460776e-05,0.0,0.0,0.06482785899999442,False,False,False,False,False
dense_1_near_06_v0.0_h0.4,0.0,0.4,False,,44.827802999989785,0.00010299999075868982,0.0,0.0,0.06482790599998055,False,False,False,False,False
dense_1_near_06_v0.5_h0.2,0.5,0.2,False,,44.827802999989785,5.2999993727098627e-05,0.0,0.0,0.06482785599998352,False,False,False,False,False
dense_1_near_06_v0.5_h0.3,0.5,0.3,False,,44.827802999989785,6.400000529538374e-05,0.0,0.0,0.06482786699999508,False,False,False,False,False
dense_1_near_06_v0.5_h0.4,0.5,0.4,False,,44.827802999989785,7.299999538190605e-05,0.0,0.0,0.06482787599998517,False,False,False,False,False
dense_1_near_06_v1.0_h0.2,1.0,0.2,False,,44.827802999989785,5.3999997362552676e-05,0.0,0.0,0.06482785699998715,False,False,False,False,False
dense_1_near_06_v1.0_h0.3,1.0,0.3,False,,44.827802999989785,5.599999042260606e-05,0.0,0.0,0.06482785899998021,False,False,False,False,False
dense_1_near_06_v1.0_h0.4,1.0,0.4,False,,44.827802999989785,9.500000430762157e-05,0.0,0.0,0.0648278979999941,False,False,False,False,False
dense_1_near_07_v0.0_h0.2,0.0,0.2,False,,60.46323799999698,8.000000661922968e-05,0.0,0.0,0.0804633180000036,False,False,False,False,False
dense_1_near_07_v0.0_h0.3,0.0,0.3,False,,60.46323799999698,5.799999769351416e-05,0.0,0.0,0.08046329599999467,False,False,False,False,False
dense_1_near_07_v0.0_h0.4,0.0,0.4,False,,60.46323799999698,0.00011599999538702832,0.0,0.0,0.08046335399999237,False,False,False,False,False
dense_1_near_07_v0.5_h0.2,0.5,0.2,False,,60.46323799999698,5.3999997362552676e-05,0.0,0.0,0.08046329199999434,False,False,False,False,False
dense_1_near_07_v0.5_h0.3,0.5,0.3,False,,60.46323799999698,5.900000132896821e-05,0.0,0.0,0.08046329699999831,False,False,False,False,False
dense_1_near_07_v0.5_h0.4,0.5,0.4,False,,60.46323799999698,9.8000001003129e-05,0.0,0.0,0.08046333599999798,False,False,False,False,False
dense_1_near_07_v1.0_h0.2,1.0,0.2,False,,60.46323799999698,5.300000793795334e-05,0.0,0.0,0.08046329100000492,False,False,False,False,False
dense_1_near_07_v1.0_h0.3,1.0,0.3,False,,60.46323799999698,5.3999997362552676e-05,0.0,0.0,0.08046329199999434,False,False,False,False,False
dense_1_near_07_v1.0_h0.4,1.0,0.4,False,,60.46323799999698,8.300000331473711e-05,0.0,0.0,0.0804633210000003,False,False,False,False,False
dense_1_near_08_v0.0_h0.2,0.0,0.2,False,,68.33924900000454,5.799999769351416e-05,0.0,0.0,0.08833930700000224,False,False,False,False,False
dense_1_near_08_v0.0_h0.3,0.0,0.3,False,,68.33924900000454,4.999999703159119e-05,0.0,0.0,0.08833929900000158,False,False,False,False,False
dense_1_near_08_v0.0_h0.4,0.0,0.4,False,,68.33924900000454,8.199999967928306e-05,0.0,0.0,0.08833933100000423,False,False,False,False,False
dense_1_near_08_v0.5_h0.2,0.5,0.2,False,,68.33924900000454,5.100000066704524e-05,0.0,0.0,0.08833930000000521,False,False,False,False,False
dense_1_near_08_v0.5_h0.3,0.5,0.3,False,,68.33924900000454,5.7000008268914826e-05,0.0,0.0,0.08833930600001282,False,False,False,False,False
dense_1_near_08_v0.5_h0.4,0.5,0.4,False,,68.33924900000454,8.099999604382901e-05,0.0,0.0,0.08833933000000059,False,False,False,False,False
dense_1_near_08_v1.0_h0.2,1.0,0.2,False,,68.33924900000454,5.100000066704524e-05,0.0,0.0,0.08833930000000521,False,False,False,False,False
dense_1_near_08_v1.0_h0.3,1.0,0.3,False,,68.33924900000454,5.2999993727098627e-05,0.0,0.0,0.08833930199999827,False,False,False,False,False
dense_1_near_08_v1.0_h0.4,1.0,0.4,False,,68.33924900000454,0.00011000000199601345,0.0,0.0,0.08833935900000654,False,False,False,False,False
dense_1_near_09_v0.0_h0.2,0.0,0.2,False,,38.83432199999959,5.300000793795334e-05,0.0,0.0,0.05883437500000753,False,False,False,False,False
dense_1_near_09_v0.0_h0.3,0.0,0.3,False,,38.83432199999959,5.7000008268914826e-05,0.0,0.0,0.05883437900000786,False,False,False,False,False
dense_1_near_09_v0.0_h0.4,0.0,0.4,False,,38.83432199999959,0.0003069999934268708,0.0,0.0,0.05883462899999302,False,False,False,False,False
dense_1_near_09_v0.5_h0.2,0.5,0.2,False,,38.83432199999959,5.100000066704524e-05,0.0,0.0,0.05883437300000026,False,False,False,False,False
dense_1_near_09_v0.5_h0.3,0.5,0.3,False,,38.83432199999959,5.200000430249929e-05,0.0,0.0,0.058834374000003895,False,False,False,False,False
dense_1_near_09_v0.5_h0.4,0.5,0.4,False,,38.83432199999959,9.600000794307562e-05,0.0,0.0,0.058834418000007535,False,False,False,False,False
dense_1_near_09_v1.0_h0.2,1.0,0.2,False,,38.83432199999959,5.200000430249929e-05,0.0,0.0,0.058834374000003895,False,False,False,False,False
dense_1_near_09_v1.0_h0.3,1.0,0.3,False,,38.83432199999959,5.599999042260606e-05,0.0,0.0,0.058834377999990015,False,False,False,False,False
dense_1_near_09_v1.0_h0.4,1.0,0.4,False,,38.83432199999959,0.00012499999968440534,0.0,0.0,0.058834446999999276,False,False,False,False,False
