id,role,location,target,prefix_ticks,reference_speed,rows,collisions,sha256
train_0000,train,1,0.8725782638051751,29,0.7086568113589164,90,0,3662874e2da0762146ee568738006baf0d7a88c946bd0f19a2073d9833d6676c
train_0001,train,1,0.6442346005525945,138,0.5436007163152309,199,0,5f037936ca69dfccc063add20035d7c7371f775c6ce7465c74c2db68a6d583aa
train_0002,train,2,1.0183253105188281,131,0.9434727042837747,192,0,4fe06e629600a6aae180a63714ca6d57bf95d261bcf200e7f0bf0b82e821e37a
train_0003,train,2,1.1464765713235272,23,0.18014814913433153,84,0,48761408785d1f26465db7c140498b263007c0f48c6a5ef75c0fc72b923ee833
train_0004,train,0,0.7576635664746407,32,0.5014982163852099,93,0,a9c80c601d95e9e9b8682c2db66affb28ef8ecf9fbf55b9cfe1df0f73e1833d5
train_0005,train,0,0.38475908390155034,149,0.49258329446844634,210,0,f7424e431900acc2cdd41da779e7346c34ff2209042a695e19371f3b960ba379
train_0006,train,2,1.0301783138428178,143,0.5934890595534846,204,0,8ffda24c10c8bc584f8230fea84430b4ccd4401f67d7110589060a61016efe85
train_0007,train,2,0.3155084351508529,73,0.3828592984999355,134,0,16d4abb614401be837a64d6fb03c4870fd76cbe5acd4901f0476c724e1bce65c
train_0008,train,0,0.8453191493335961,142,0.640972342835687,203,0,26d9ff673553d7ce46cd2ce49dfa887834438fc84c2efc02e8611a73cd93e1c9
train_0009,train,2,0.4897062008840699,106,0.1280795144578028,167,0,78ad39f5ea59acfaddf8af061fef5bac4ba014343b0cf1d1af7a4b44537eec53
train_0010,train,2,0.5652906663657409,155,0.6362712505569947,216,0,059ad629881a73d2720ff6d084c5d8db96b0910b41813c4dcb1483db47df3a0e
train_0011,train,1,0.6766324313652927,113,0.6958346030220078,174,0,d4e76fbb301d873e342666e025dba06250e1491716473b4f991fdff99c26dec4
train_0012,train,0,0.9151420476547623,25,1.1379239274523896,86,0,7541c7b28def8d22ee7a83b1bf0855f11dd56d73bcd806a6253286280ef1e3fd
train_0013,train,0,1.146430950594261,127,0.9448801101903916,188,0,c3cc8aab8e2123f4f3e606840c4b5cb029731b329a8776375f90471191284b9f
train_0014,train,2,0.4014306628865342,64,0.0952920604749363,125,0,7939d4e70c9f7ad3e97d4be9f4a5c06c6eb87f03c0d63a02b5fa0f608b7d4ab3
train_0015,train,1,0.5619552846422614,62,0.6462773064760702,123,0,6cd12f36a09b42137b155b93e5b37ec10a56a8d6040bbe4918f132a7f452b14f
train_0016,train,1,0.44094298303846946,64,0.4323267461990569,125,0,2c0a5e308d29699f678496804ef8569d5633e0c12bad2a59c816fe1e6469e503
train_0017,train,2,0.449560822857899,71,0.1333189596264618,132,0,dcb909dbef71fa79503483c9323e4a2eefafb8c5f0ac4b80e716dd119189c1b6
train_0018,train,2,0.9116526585911233,79,0.6915981414219271,140,0,5eff0a0725b67eb2d2c139c7ab11d64fe829833e9a5c5f72db9f70c17f251a05
train_0019,train,0,0.7471393899108008,109,0.5169329310247093,170,0,3a8a16e87b97a85abcdd93edfc2a911f6040330c6d380abf1df044821b9af73e
train_0020,train,1,1.1436825426432498,39,0.7725937089915645,100,0,0e1b55a9bedae01746015eeb3a7c55045c266e6e5927344f5dff19bf4daa9bdb
train_0021,train,2,1.133597027584331,22,1.5361517929696508e-08,83,0,8110adaaa080b32de3ee75857b764955aa290f7312e49e76fc829c9d413265c4
train_0022,train,1,0.588940079057874,136,0.8315438502179646,197,0,0086c11f4ebc68b3385426cc3444cd7761e26149f1c8a567ee7f4bacf07e6890
train_0023,train,2,1.1000692675171233,135,1.0506995624748012,196,0,7fa9cb702fd206e65d935189f4ab6c4e9a84330194938141bf20ccb3d566c8d2
train_0024,train,0,0.550186758413614,44,0.49257806521081726,105,0,ccc3892cfe9bac2c23273b5ae52f536f37319e6eb0a4008d6ce93b9ebcbe0558
train_0025,train,2,1.1603720081406275,27,1.1594539583676096,88,0,84763b41b1b6030593ca21a95671973730e1bf6565f010fbe01223f9202d68fa
train_0026,train,2,0.5920449289263408,59,0.49419778170258577,120,0,3b42d4b5b9478249c73987f98cf648aa6c7ff45356bce8992d4ab7a0bc96f20d
train_0027,train,0,0.9228323183666252,129,0.5514693165183154,190,0,7486bec9fbcc4e02dbd223d32e8a6caca3e21d4ce7535c8535371aaeae5bad87
train_0028,train,0,0.48176969070380216,114,0.7026356734190614,175,0,90c37426c7a0c1fe0a10b936a655f5ba1dd7ccf584546c5682753de9d641735f
train_0029,train,0,0.854086405124302,22,5.074855053499994e-08,83,0,1225498527949f530329bbddedec54659a00d8638307cbf1546e198c380ee1b2
train_0030,train,0,1.1440556507957382,34,0.9611032346958346,95,0,0b79ca7050d5ea2305fecf378725e82b24b4be615b9aadcc96b870bf30c782ff
train_0031,train,0,0.6052395509530387,20,1.4859528698348714e-07,81,0,5892e76b93c588fbbca0c1e888e435d97beefed955d33d250f03698427d61bd2
train_0032,train,1,0.9776986882152778,72,0.3711884924187526,133,0,bf755d3d3a137386c34216898ab0bc6150cf58f4b1efcefc12a4001ef9ed0fcd
train_0033,train,2,0.595050817448662,94,0.6330914891088264,155,0,14c7ab73114deb3dec60a51ddf4c70455e542ad1c0592963fcd42d749ab84408
train_0034,train,0,0.8547904531337589,77,0.6713851403440073,138,0,9b217471712af5fd970ef77e93b627f5cae89881ea4f8e45383c50532def9c53
train_0035,train,0,0.7867758333178305,102,0.8499462581589234,163,0,9b145b75fe22edad5800db2151f1e02b74d26d491c7a14cf158ae29f23494d9f
train_0036,train,2,1.1464451919404057,66,0.7625084884444211,127,0,b18efe5ebc45d208e0f4b5cbd1ff68761594e129f35f2fd0bb3730caf2eec699
train_0037,train,0,0.5497053782530836,97,0.07396111411621918,158,0,d0c6dc3925d8cb6198378e4b74c0232cbfbaa94a654bb5da1668e421f5e9011b
train_0038,train,2,0.9260713508834939,57,0.5640507389756176,118,0,ada19ae4802198b3eaa32a9347342e3ae18a6d206d162083b58e72deff51ac8a
train_0039,train,2,0.9582966086881068,149,0.9997194270938613,210,0,5bfa79ae3fa1279447f41667c64f41fcc85f41bf97a4fb28c6f277718a0141c9
train_0040,train,0,1.1476301244915035,124,0.7621609686785014,185,0,b87817c156c757ad2cf1afc0fb68fe81bbfd56d82bdeb9c82da80a38d1aa48e3
train_0041,train,2,0.649264939774663,24,0.8172192597626567,85,0,1741decf54c191c911c10c861186f00522d869512913e34a2980326f3e146303
train_0042,train,1,1.1481137013795906,89,0.8770159980654079,150,0,7f1f8fccd4216f0caa1566bbde530a409dea675c23522e39265d18c7ac663fc1
train_0043,train,0,1.1151472542527456,109,1.2863693605837097,170,0,d05c00c6d6c47a70776a31dcf1570c8cdb9c042271f7dbc502dedbc34e2fdf0b
train_0044,train,2,0.762010618270763,79,0.6342169497931808,140,0,fc315eefa51bf7e31a8b9726e2ab5d4a427cc75680187935ff9d2f64f9c9ef1e
train_0045,train,0,1.1848754949072329,126,0.7902740601089607,187,0,b1cf95395d1699a03b4e2e8946808fd2dd82da35d30012cc95d89fe24c3e7da2
train_0046,train,0,0.39751376957387274,74,0.22566859067623435,135,0,654f46ff9345ce0876e2fb69ca3c71dcc58d8a2e3fb73229e7b6139fc056d4c4
train_0047,train,1,1.0673940858748352,158,0.8626308463575804,219,0,40a116116b7ba0c5ec4cb56ac54418143cfcd0c4cd2e99cf8c19deb347d7082c
train_0048,train,2,0.795909387791824,24,0.8172192597626567,85,0,ce76d13767d91eee75bb2360c914920fb9ca12dafc67282fdb79b1abeedb5b55
train_0049,train,2,0.9350843349898197,75,0.9670175290186968,136,0,02d85edf3c59033355e5746bcb51dc8b9e186cf3b04f416ba5fc2a34688ee87d
train_0050,train,1,0.37630758125531905,25,1.0847930489776647,86,0,4bc644c8ce2adc587c5ffcb3faf4eb96bbbc513f8b139a7555c25ed813f0b6d5
train_0051,train,2,0.4179241434926616,70,0.42835024947571093,131,0,9974fabfcf3ef919caad58bbca1051a5910f4fc0fc74e0405fda8813b995dedd
train_0052,train,2,0.6867055059429223,21,1.2113975282019798e-07,82,0,c666a88f67387845d5783e54feed682ae51ba00af77bf75c411e63504ceae42e
train_0053,train,1,0.8148606765227278,112,0.7588410108966588,173,0,25138aa4917f00e804fee441edf4dc08d025637ff42a778af4e400084c970e48
train_0054,train,0,0.4155629516629005,148,0.011338562533496525,209,0,47ccd53183eea52fb7fe96d0f8987be99340a232247e8bca4fb6afc36ce36439
train_0055,train,1,1.063726825249025,32,0.7681435038327449,93,0,a2960ab5a731732c88e0e445719f82673e9f43572e536b5122f2e09cb5a9da68
train_0056,train,0,0.8398145254384122,90,0.7065551115247439,151,0,6f8a88959f94786b9191d2d507b300218cbeb2292e9870de49fe0ef7f16d0311
train_0057,train,2,0.6142502775388328,29,0.5719769265599923,90,0,82d3221477b6cd0ec602b6c40483620379fb9f014921ad9186fea5723a2c0257
train_0058,train,2,0.44569039610178196,67,0.6859407759396392,128,0,54acac695831ed1fb3581934b0e752515daf10c810ea7fc3ac2f7e86d69bcb20
train_0059,train,1,0.36718159441476356,22,1.5361517929696508e-08,83,0,7f79ee84f639764139dcd19936cc9226a6e614cbd0818743a755940cd620bbe9
train_0060,train,2,0.5932075807385562,35,0.5868957608518659,96,0,b607be8d1b17e19b453f9529e3fee1a1507dffd1a3f8880b16e9c747953dbd45
train_0061,train,2,1.1161822623503639,130,0.9168599245473158,191,0,95f42304a9657f42d7b592a21941b6af8299e497b0fbdd17e1429e38d1d59f31
train_0062,train,0,0.9683560096749066,121,1.163104673301786,182,0,19dbf521cd729f026cf5b493935a60966b6ded1fe966621671baa935a1eaf3ea
train_0063,train,0,1.1927645235219182,156,1.0084604445561467,217,0,8c10bb0ce1bb8a40f717ea001af154a0cebc6681f24630c7eeae25227c748596
train_0064,train,2,1.1198836514134058,136,1.2886213001476983,197,0,5eecfafc0fbb6355f3a2f29bd581644e986223dcb3b932c40d0822d9c2a00a94
train_0065,train,0,0.39642821205973156,154,0.18456208206104105,215,0,4e88934ea53a380ecd69aa97b0295c695624b710e204ec590813cb98a736c519
train_0066,train,1,0.8542177862830567,30,0.6529072934861262,91,0,5d39227c2871cbba8253911ea4b529280f1904f9ead252ec97c890b5e376fb01
train_0067,train,2,0.7983604156106079,22,1.5361517929696508e-08,83,0,369ec9353692fc61b094106f21cf26feaf5aa18433978a02756ffb398d4b4e75
train_0068,train,2,0.3564764366860503,156,0.22213494695572883,217,0,9795f67f6e8086ec4b62e8b84ad750b0391b86e96bee95ecc677960d552338d0
train_0069,train,2,0.6662866921149921,45,0.41382403435259335,106,0,0972dfef0a6e0c946369303edd926fdd915987abd31c831947c116d8e7919ff5
train_0070,train,1,1.0509697761876722,149,1.2263651878477535,210,0,70a38e367d554e91251e1bf252ae147b828098ff3759213a3e45493a660cdc5c
train_0071,train,2,0.7723819761295905,58,0.5652266658527442,119,0,6aae01f36bde276fbcff2a7653a227192f961246904610114c74b401ba1893e1
train_0072,train,2,0.6303064582882576,156,0.7213505686314995,217,0,3e80308aeb50edd598ef362062b5690e6882405de272c017f94694c4cac19619
train_0073,train,2,0.755533874598803,144,0.8311449557916264,205,0,8f8780ffd9e0c81685354335e905b47e9ebbeb15ac1309d2b5b7684699a505a8
train_0074,train,0,0.3420680192218509,50,0.3312171953271363,111,0,72619bd8b8d1c95537b549f63eb3f48b9ceeb5b2f6bec03435e1cbe93739e8f4
train_0075,train,0,0.5946762864190189,36,0.3126198133121246,97,0,9382f6ebb745e4ffede3250cb89a46d040c8c531661a58059f33bdeb9053d3bb
train_0076,train,1,0.9900354521744645,46,1.1822141775539616,107,0,c1a0b12fbcc18da9978fcac7ca67bcdd5cb46cc3bbc5648200534a325eca3722
train_0077,train,1,0.8997407526040324,24,0.8172192597626567,85,0,2b77c030f6386379ca881d67a8f5ebd73790b644612e28e401cc5abab7d213e9
train_0078,train,1,0.7003338048733321,66,0.6231169531734283,127,0,4b8d00f820b59be4f2ae049df4993d717944389202fccfbab728119fa629dead
train_0079,train,2,0.7546918868628303,79,0.6346526197399035,140,0,c0e6b061c179e90fe5df6c2496b72b9c9e04eb9c075d98e27a4d4fa16e0f0527
train_0080,train,2,0.487795333514573,38,0.42273046398406444,99,0,a2c98b6ea1362984491bdac1130269a949f29e3cf3d1ba40fd5d30ffd5b04e9b
train_0081,train,2,0.4587432223453455,119,0.6973183142541562,180,0,68d647b03c8b93a9153b9a0e2c31f7faba37085679c4954144b8714d6461ad9c
train_0082,train,2,0.7342054148594418,84,0.700315192053092,145,0,14cb9d65541f151b2e6c7cfd8526736738594efe49deb095819e50b0eb83d613
train_0083,train,0,0.5369809070764121,107,0.7735305989399549,168,0,54c09a1a520c2a73eeaeb5b1d555fdb228f45e0aebb006879f3924d4d96061c0
train_0084,train,2,0.8747381384504125,41,0.8927012848535099,102,0,10123746501dda45b59d0acdb7280fe6aca95a9eee8bf9c47fd700fee76e0c51
train_0085,train,0,0.9832123840405722,103,0.6310665946101834,164,0,d2a35391789c8447209f01d856dd1add40553409aeb3d322c8c6e33c7d590f1c
train_0086,train,1,1.1831294222010262,139,1.1942862653293187,200,0,8aab6633cbf36922eec1f189cfc0ac392b28cc553e6d13edb5668a76d6e56925
train_0087,train,0,0.3856364084198569,78,0.13836067660022014,139,0,936aa8dfbce967880fbe7706dab87507aaddca72ed8eee73760237ba4943bf93
train_0088,train,0,0.6737599433335986,28,0.5713180913811591,89,0,2e0be6b41e3e47ad7405a86b1368a4f2b0a3d4f35665cd7bb3df918f976b8f0e
train_0089,train,0,0.9181167155656005,69,0.7086275127612351,130,0,da4811c979a50ed0570d09f565806c2e23f95d1e6c3cea05cf19895b1956486b
train_0090,train,2,0.9269426275360331,99,0.9598518962428861,160,0,4fba63c9b4ba998bcb5ebe70e22558daa60a9be0722cb56e737f1b99b26e3790
train_0091,train,0,0.5127026773045671,46,0.020908401255275974,107,0,92fed454e175d5d53039f6da67498129117343df3c032b95058253211082dfc7
train_0092,train,2,0.9816985152503801,33,0.6778496992533922,94,0,9fa6c14c00ae7a8d47e2b4ed1cd78b272a607d920d68fcf1beb98760feca4763
train_0093,train,0,0.7605121932483522,108,0.5316032524586364,169,0,2d80335ca63c5df3e98524f6bdb91096950b98bf5071a44082950a127a887322
train_0094,train,2,0.5086111583739966,91,0.1566358594135635,152,0,fb51c25c544a3e0fdde350b24e2d62afd59ed3eae25f3c248b6bdb97692fe36e
train_0095,train,1,0.6332466330120052,129,0.21309243316450002,190,0,ee0ff13beb680af7c8e0e5c1eb04cbb8b13e1908db24a6d018665deab4ebafb7
train_0096,train,0,0.9310331591584404,64,0.6659151643561203,125,0,cb919583995db421ca87006ca08a50d0d0a572d9e93f918a98f3c198778ae287
train_0097,train,1,1.1494956348993903,120,0.7554176609555568,181,0,c634d3da8a22a4a1df61e19ccfe3f584eb557076640b265b4b5de192ea9f05c5
train_0098,train,0,0.47639199734012255,116,0.12871741303580606,177,0,4ab99ee42c05fc1b2bf644365d07b73b7e29518de9269269e905fcbaf380eee2
train_0099,train,1,1.1692576029877713,52,1.0370292519067084,113,0,4907abd9dfb522952f0d06886b57b4affc94dcd4f98d9219f19e33a71407122b
calibration_0000,calibration,2,0.4036014786303046,154,0.11114923409215074,215,0,4ee74a81b3d701963115156b79e2f317b38db2c33f37ab50439175da5cd372f4
calibration_0001,calibration,0,0.8141448489172973,87,0.6871628314109527,148,0,f651accadddc7bcd8ac1c1607dac2dcdedf088ff22082eb2944f52e687ac8415
calibration_0002,calibration,2,0.909953381359385,154,0.7612079480590336,215,0,882bef610bd94e21f8a69809ff03f939eb42b87ad71986cb7803f48475625b2d
calibration_0003,calibration,1,1.0120991710750833,73,0.6501709742942532,134,0,808b8e1a463fecca412fd7b674e0dfe9ab83c0e11fb97aac950b11f5cb04e433
calibration_0004,calibration,1,1.1687939765234048,40,0.7703610882041139,101,0,055d68b63297f9d1cf5750d8d7377c55f8b99973ba9debf2cba88cb4a82c8519
calibration_0005,calibration,2,0.8249480129914035,52,0.7322772310546463,113,0,31ddda318916695978abe929b52b5e655454aa1d525bbbf78d93e7a84b8be6ba
calibration_0006,calibration,1,0.9863352115115573,70,0.5766795318037365,131,0,24bb031c1be50efea22e2cc7ca24120f0a6db90adf32540b921687eebaf8f2b5
calibration_0007,calibration,1,0.7659573188883886,154,0.6163475517631205,215,0,a2d07bae60d65614d36243f587d1a78d3e61bb905fb62bb7fa3afd73455ad16e
calibration_0008,calibration,0,0.7258100090386155,20,1.4859528698348714e-07,81,0,634fa9f12a147bd9139c9a85823a952c538399e716ae4d0540318eae45d4dea0
calibration_0009,calibration,0,0.9861260244482302,130,1.0003613842160974,191,0,2658ede31a3512f68ddd7be7b594fb117fc37d82a1f6007be711a851c8c75459
calibration_0010,calibration,2,0.9818222166808197,24,0.8172192597626567,85,0,e17929a1db5c34ff094a6432bf2c3897e727f53f7ea1f86d90e61fd6c975de34
calibration_0011,calibration,2,1.1485394482604525,135,1.2909984384942566,196,0,ce12417ae8f754d54c95cc7fb42280fdbaf21801b00096ba0713353b573aef4c
calibration_0012,calibration,2,0.36401385299930816,134,0.14142851469400794,195,0,758530470f2ccf072b22120b097d8e11931e35ca0663679dba081b62e1c7d08e
calibration_0013,calibration,1,0.71273303734722,136,0.45712088405852813,197,0,a228cc3577ff96bfc7d5cc0dac4a3a65f2f87b0cef2f09261a7548b0d2aac49b
calibration_0014,calibration,1,0.7227615879504254,88,0.5170267907956415,149,0,c997fc408a748b7a0f4d3bb8db7377d2ac425e20095c2ed2e0f49f8140c107d2
calibration_0015,calibration,1,0.7068250806191188,33,0.5338036214483202,94,0,60dd06962a97e838530443906bc1a497174742efa21da878cc307fe66490c13c
calibration_0016,calibration,2,0.6177219212886145,132,0.49852595704085,193,0,0a29daea597fcba0ed4274cf09a9db05f59e7118e494f90e5f8055052870f083
calibration_0017,calibration,1,0.7979562638314741,35,0.687669839246063,96,0,ddf6187e248941cd10cfee947fe2100397b7cc4cf4bb3cfb017ef18597d3d002
calibration_0018,calibration,2,1.17614927324698,154,0.9715005549295495,215,0,e5e40932a8ef0ce3823cff08d752e445ddea8979b981ff4e657b61e900de1915
calibration_0019,calibration,1,0.6349757173286439,27,0.21295088882486654,88,0,4e22cf8e14ec4177586e0ad461485dc97b4520e1116df6905530136af85b2a21
calibration_0020,calibration,0,0.4275510359589574,103,0.6215572016009738,164,0,c05fa591c79c669569e663232aa591874ec950d86efa33c69370deed502045cb
calibration_0021,calibration,1,1.1778163592584598,120,0.7929043039669823,181,0,2f12b5c88bccbaf757dba574f102c3cd41f3b633067b96407a8b45d7f199864b
calibration_0022,calibration,2,0.695169346021103,136,0.46166850895817807,197,0,613e6f68758c1f1fecd69498385eafe04c3eb77087671084c59d0e3da15b934b
calibration_0023,calibration,0,1.079024864556361,104,0.941227484774736,165,0,7a16ec22653842318676e9c6a15ee7daff9e16b06e7237799c08cf94e7c4231e
calibration_0024,calibration,0,0.6424593257929561,24,0.8172175810684957,85,0,9c36020ef42290364a9d86b9ba7463108638c34b48198a1c60969f89cbb2ad4c
calibration_0025,calibration,1,0.6055970461864912,118,0.49641999963304584,179,0,b41f202be9c65ef0d35d7a16bfa342bad0284ef6a0e1a68e3c1e1dfd3d345c05
calibration_0026,calibration,0,0.7838168714861709,65,0.5725601850510984,126,0,caff9526b406b12ede967d137f1eac1b774690ce981988cc2f39f919d89f2c8b
calibration_0027,calibration,2,0.8327139268469861,70,0.8380529550514666,131,0,6840f64815b05cd3c47b044d7050ffa7c263080701cd9a03c4694bfff56fc294
calibration_0028,calibration,0,0.5915051151746133,65,0.28698613916186655,126,0,1069d3c324bbb7019bbf1f38945a5d75e99038819931aedfb103e22494c21514
calibration_0029,calibration,1,0.705734673635501,158,0.7024905244113743,219,0,56966db59f18ce86869e9b29e233b69e2c440a7d55f69ba0c71c0563a37fcebf
calibration_0030,calibration,1,0.9597113043308525,73,0.9667746402321019,134,0,8c5f246fb6fbc68eaa17e51a899e04c5ae0dd1b9b43e7557d6ed87e89992b2b5
calibration_0031,calibration,0,0.9052608901923846,70,0.6518391814041009,131,0,c55f0051c8362cafe1622eb6f797a48d0c4fc64303db8887ae349eec94ba7d9c
calibration_0032,calibration,1,1.1300531636514604,159,1.1486252591245991,220,0,7fb268a04e09fbd36f89ee9aba1c1df617da9ccf1d0c221f23e89d3698c432a8
calibration_0033,calibration,2,1.178188051889398,105,1.2029717573585774,166,0,6b8c0c1b4abbb45c58fd472ae38d9c0c0cfb39817cef2a47b4bdaad62d042daf
calibration_0034,calibration,0,1.0878161195967209,50,1.120471540738287,111,0,37d907c83dffa3319f9df27b23cb9dd723920c7443e385c820b28f22fff02d81
calibration_0035,calibration,0,1.0497895077147819,70,1.226023825149579,131,0,7359a7cde7688b3dddf97a4eb3dfcc70991608d195ae9c6017cd08451d705cc4
calibration_0036,calibration,2,1.1514430385593382,55,1.1979128073319796,116,0,0b4258ec2e27f1ba38676e18253f3b3b8679eb3fd5e02d4d32a6e57755ca6f8b
calibration_0037,calibration,2,0.3208795876315932,106,0.12281998338958627,167,0,d5b9278288d5954281463ffa9d7ff630e6109a8580d0f9d3994175a31634484e
calibration_0038,calibration,2,0.5360853382992163,85,0.17885450912825754,146,0,f824564e4fd2a382405615067256233760673a895b90cde3a2bb23cd89bc9d14
calibration_0039,calibration,2,0.4294674047875966,138,0.010550911664787154,199,0,33a023879548dd2f3b7f61998dd1e461371f8ee9d87a1e306badd0f8e2dc5080
calibration_0040,calibration,2,0.8841932841588978,106,0.9602039240158243,167,0,ce76ce41a5f5f2ca7f1487e7778a7d5c8ca1c92dc10089b4a2f02c8cb3e788e5
calibration_0041,calibration,0,0.684639142386684,144,0.40216306306745664,205,0,1bfc49be5f8bc12a60776a9322f139c9f472ea9cd9c8fe9af6251203f0da7ef3
calibration_0042,calibration,2,0.9287609958855385,76,0.9651147076339818,137,0,03d0f46fb1e7e321bf153c7b73d4a00050ba737a5afd65a9624a14047f4a39d9
calibration_0043,calibration,1,0.9857221495809387,122,0.7571128698441935,183,0,b83f8b641b45d042a9c8c110cf60eb0ce74c4656dcf0c1137c691515042fd699
calibration_0044,calibration,1,0.9117949418887068,37,0.7438852558848983,98,0,5242229e963d0a9035bae8eea6586f08188300a332b0400a9f6675e8c60f7b85
calibration_0045,calibration,0,0.8749150910135135,106,0.9597673321127818,167,0,aac4822c0890aec5dc1463a9e7e32096fa80defcc9ec5865ccc7716ab047f2e4
calibration_0046,calibration,0,0.46979142047128875,108,0.4279093773909604,169,0,3febee40714c180162efcbdcb3a392bcab990c0a4c22fd9d0eec31e9b4602434
calibration_0047,calibration,1,0.44112320332905164,67,0.6853099367720052,128,0,5f1ddcc21ad8c9956db96d2ef40c0ada96c4b985e6504bba74a2507fcbb171c1
calibration_0048,calibration,1,0.9522484684018868,126,1.1298333445063458,187,0,e347c408acbb96f8309997f29b2a13666d189f2c86257f23d5a0c00d772d0bb8
calibration_0049,calibration,2,0.5662764832051769,49,0.7913954424606637,110,0,8898b08f2d76519f30de0dba8215316c4f04a03dc09bc0ca7e9d4699299e2050
calibration_0050,calibration,1,0.9106072234212046,131,0.9959827032861714,192,0,b924bec071fcf8f1c0c1962204a30095ece877f9725710b589db1f47b6e4ce94
calibration_0051,calibration,2,0.6432962830963009,45,0.5024366782680074,106,0,0702b69e87272fef22ded8da1536dd3bc1ccd1cecaa6d302baa550ec8ab50cf4
calibration_0052,calibration,0,0.8674243227102878,143,0.6593156601379339,204,0,8ee149fd28aee345598d28bbc3c34681a85acc4d66aeff994520fcc77061b34e
calibration_0053,calibration,0,0.4392988033388242,136,0.152396443986319,197,0,98f0ad7b6800e4593b8de30e66f03f5d61b74a4bb3461b23b1f1c6b6864109fe
calibration_0054,calibration,1,0.7912121051765071,65,0.6816003165309674,126,0,cfd0f4f7c640d62d0c74ad6f60128f67a23648ab05d28571954c070cb21e9454
calibration_0055,calibration,2,0.6586859040084412,145,0.22320476070812342,206,0,530d48384ce6567f324fe24d0c7601a88f0b35aec2610b5f5ffa1a88bd64617f
calibration_0056,calibration,0,1.0967599514192288,77,1.051207762958018,138,0,07a12dc87d2b415cb4078f41892cf00ee6c252601a4d92ecd97b3ff844cbdf67
calibration_0057,calibration,2,0.6871334416548398,44,0.39430161662181024,105,0,5cb3257c202ef9a25ee83c5f3344ce0519d68030dd2f9e80f34a2f80723af110
calibration_0058,calibration,0,1.1225029903877306,105,1.0778380672344963,166,0,37dd9b83639fb798550cf2d5a2d007fe275f5c8173700674360d66856f06b544
calibration_0059,calibration,0,0.8820161603978429,73,0.8973316637053381,134,0,bc02e685b66f9588c2fe7456df0b7d59a6c26bdff4846b9d600577f271a1475c
calibration_0060,calibration,0,0.9905954271011155,51,0.5675658969195818,112,0,cd287b91acc693022a9c82ec6560de7f2ca1b98a321857c14f9926943c183156
calibration_0061,calibration,0,0.42733541951314497,97,0.0901616148144457,158,0,2fa440e6743effa926bef5fd837560ceceea11fe3b23bfc44d1e4f4f3a67d8ee
calibration_0062,calibration,1,0.73357199695983,44,0.558017857915571,105,0,e06711e34a278e936a9b191ff0d63803d038e14cf8e3b46eb80f37b30f0e7705
calibration_0063,calibration,2,0.6378245233640556,141,0.634306582407771,202,0,1bf9d84f9dc6e940935fb9deb27837634336f05820c77f3055563cb2b561a510
calibration_0064,calibration,1,0.6062138222577169,152,0.6173784671575837,213,0,e4ef79b1bed83aac7e7468e2e467ca4501a9a826feb5c7bd4221be72c857ffb5
calibration_0065,calibration,2,0.8650523768463736,37,0.7425869243506535,98,0,370e0fbf01c586ed065dce4575af62607cfd0ecbbd699beb44f938835464d65b
calibration_0066,calibration,1,0.3893376963248216,156,0.36671792633895717,217,0,d0c311ddd814a15e7c754687f9fcdea7b63dd09f1d50f1b4f8cdbb357ee17bf1
calibration_0067,calibration,0,0.5593244777747826,148,0.31125297232935456,209,0,327a27de7680f90660ad04f0c08c4b35881fa7eb5fc056151cfd98b2a7ec736d
calibration_0068,calibration,1,0.6889305160686585,137,0.5041952440131429,198,0,edaafecd0521e86c14a3865e57c9dbb26f7c463764ab42b5dae6b6371d86b140
calibration_0069,calibration,2,0.8544248243893875,57,0.8933693794647019,118,0,204cdb0ca4de6be4000f50949e1f4a788483a12f701991bf8e2b03ab7a9ca42e
calibration_0070,calibration,2,0.38117327343849944,35,0.4988037703921998,96,0,90568efb7f30f608e6fe81e8fce484948b1c4ef0e873cef1eae97e9f3064e2a2
calibration_0071,calibration,2,0.720649253343855,83,0.7020281064458428,144,0,cf867f616741ce1dee5aa2cf4def933058f1d1a111394ad746d98c7c77394cda
calibration_0072,calibration,2,0.5870974152171144,72,0.4596239162423062,133,0,bf6d3a18e0acb9d06b1f276a66122493b9a3b009cf0c83d3a3fbb290eb8329ee
calibration_0073,calibration,0,0.634281306332734,49,0.7249102722370749,110,0,932b20392eb898c8f1d59d5dc4946e1ad7466d5f0e4c7627052d981dbfcb6549
calibration_0074,calibration,0,1.0697426394980636,97,0.7565921121169871,158,0,8db3a77a03c81444ecd7e1cac80769029acc5d61eb782babc4a04109143debbe
calibration_0075,calibration,1,0.7623277887058812,27,0.5215016022688574,88,0,7235bce6b2aa8bab19361b4af0fb10dc68249318179e83fa33ce8209dac3a15f
calibration_0076,calibration,0,0.7241672516356672,86,0.9378539459443211,147,0,b19b17d6ba98c422ebbbd9a6077f3f3c59e64a60755facbb9ca242200ff73dcc
calibration_0077,calibration,1,0.30494952664299785,117,0.4365004781934146,178,0,1114ea5418f2ad97f29d813c7eabfd3f02ebf51cecb4caeca6ff40b0ebd4942a
calibration_0078,calibration,1,0.7551691229644379,86,0.5246334766277815,147,0,41d990314e893b98e9695686d4d8f1677ae7664254579c97763555b2ae2062b8
calibration_0079,calibration,2,0.8563253796121886,100,0.7434954982472913,161,0,831b96143e031366ec66a1e3494bb89aeab2e33812f25b35129cc596121d836b
calibration_0080,calibration,1,0.9093586894361632,101,0.9860550721515867,162,0,34020832097b6125ab571752230960856305203e33a019b03394b7188339f9e3
calibration_0081,calibration,0,0.8548798822030008,113,0.6706752027792711,174,0,484059b2e9e7337a51291a4fe0fac642c55dd92080daa7da3c4fa9902d74db10
calibration_0082,calibration,2,0.9747918064136067,56,0.6535820596468892,117,0,af92d545069f52b5abb38d213ff99f9e3a9422a129599d81405abe82fea7a0c4
calibration_0083,calibration,2,1.1093123227352468,128,0.9675980972141311,189,0,b9651e70ad8c1dca09ca890b94805cf937386333f94ae87600e0d3e0777e0b9a
calibration_0084,calibration,1,1.1439005169136995,69,0.8117498913245257,130,0,f244e06b0f5b82639f6146d3d5130f5e59efa60be6856b6ae266daf5d272d24a
calibration_0085,calibration,2,0.8812733892969171,157,0.7324764316978162,218,0,23c2255a016f6083d5cf7e2403b050ca92877ae83e36bf848c276cb98692b91b
calibration_0086,calibration,2,0.6603579334425729,95,0.596765954429049,156,0,6772b306930b29fad1cba06548e1b9809457342809baf14ba5c1295d896550c3
calibration_0087,calibration,2,0.3254744625280381,34,0.09207843499936043,95,0,eaea38d8cd3a58cd058cfb7306d9a2e5e6e3b39e434f21bc68b6baa230121c1a
calibration_0088,calibration,0,0.660622530890693,129,0.30900046940023157,190,0,35c4af80d10c8f11d2f64a3fb9e840836c428607aa3021274cf0d766e65d2137
calibration_0089,calibration,1,0.5738207582650191,145,0.1847852857430044,206,0,69ee6c5e4d1dabc4fb15e7fd366d812024a702ffbf9b71fa70cd582da99b1c28
calibration_0090,calibration,1,0.5358391737670216,152,0.5968601276005325,213,0,2ae98bf704f4c1c822e6128018e9fd4a980921002540de0a794452f51e8ff4ac
calibration_0091,calibration,1,0.6862149077607245,34,0.5595125474350909,95,0,fc9ba42ceedca59b21cdc401defdc5932ecfbdf0c29595dceafd5989f6bea496
calibration_0092,calibration,0,0.5571888565514694,60,0.6234873114361246,121,0,6c3c19af4abf77d30ca231ea336c8ef189586128a484a2be1831e2d87dbd010f
calibration_0093,calibration,2,0.8439750798614312,41,0.9095689850633328,102,0,a5a02e60d9cb129b50a1353d2eeb3bdf26cbbe361c4e322014ad28a85077a0e0
calibration_0094,calibration,2,0.4850678481462666,97,0.4628339096989791,158,0,dd08b1335c5325984dfaf508bbe390df399b7c905dfd75169c844204941419b8
calibration_0095,calibration,1,0.6335224808474821,90,0.5023071753861301,151,0,d0eccac84fbfc00d29a0567757fac6dca96fd27ac37c815cf6180786fc5cd84c
calibration_0096,calibration,1,0.4112139837888076,99,0.11600528148252885,160,0,ef9255314901ea03c371a814177ebafe876a4a0f63537006da7ba91927f53c38
calibration_0097,calibration,1,0.8091936231218166,147,0.6867787551342591,208,0,42a1a69e841f714935025d83bdd7ec294c1f6a312e5d346153f2688e4d10ef49
calibration_0098,calibration,2,0.374593878522613,137,0.46146504282472306,198,0,93ffc3a46f9e967bf6657f65e0cb73a194aae0334716a91a2d7906eb1985eb96
calibration_0099,calibration,2,0.8455189767112146,139,0.6376954647198717,200,0,cf1c297204ca1eca34404b2ff33e306c1695050bf9446642fefbfc5c0fdd6139
calibration_0100,calibration,1,0.7327130570872478,72,0.9475576664833593,133,0,d3c9eda31069e518a7440e5f5a9e8d6d0e9b7e83601722309e54d05c1ce2fae0
calibration_0101,calibration,1,0.9263905831106514,117,0.6614886525925608,178,0,3ab73f636dc7eae4014c03b52d113e75a2f3e7df5198899b1f083f067a59a4aa
calibration_0102,calibration,1,0.8545462836578175,127,0.6302392700014947,188,0,7ab3f7d28766811bad221ed195f5d8e5e665a511264bea11a08acdbae0074477
calibration_0103,calibration,1,0.6028166147490437,30,0.44182487708587953,91,0,d571bd6f570b8a50ebe6d0013a9ba6981ca9b69352d589536864d77877318f93
calibration_0104,calibration,0,0.41537492321087055,109,0.3929493939862149,170,0,7f83355258d89090498cd8b94b3f93a9783bc18227acaed68dab3a63dafcf671
calibration_0105,calibration,2,0.3782423773438829,134,0.1705359469618425,195,0,b72ac1c0f573962208dd6e57604eba1f3c8352ca927a3a60a48d0abdb2d79c64
calibration_0106,calibration,2,0.550112422646064,52,0.1566384459155937,113,0,c8329b563e65aacb9a79ab1d5498ab3f9a1003a379d5ca100ed2b5e676fae3ab
calibration_0107,calibration,1,0.5668406049886191,80,0.23797501557338743,141,0,b6221b2aa2a80c3adb2414b478dfdc3427019a5ef992bb5be8b60851b22eaada
calibration_0108,calibration,2,0.6647579699169157,85,0.22416774429703767,146,0,dc57bcf30a8696679ff148b6a556c42c945edeb393967a9ca16f3d2dc1c7c67c
calibration_0109,calibration,2,0.44668119497327163,65,0.4762632086497543,126,0,a0aa275ab66651d4c2bf6b8e1e2dda3331d3d223ce283857fc0933e24c204965
calibration_0110,calibration,1,0.6295491510683997,48,0.5410874771560629,109,0,02b045bd9b9ea93e17cdbda7b0361b5d875479c6ce51375f0e87612fa9d69c33
calibration_0111,calibration,2,0.6055829213887751,112,0.1890184076140416,173,0,461e6e5d762c78158f37f95846b993a5c94215c6d2f6a50b912c49d79c69ad80
calibration_0112,calibration,1,0.5967028655102288,69,0.4009134280437931,130,0,3373c486d7b8747e8bcb1918c0b830ec7334f672f6da0c34e3f437ff258f1412
calibration_0113,calibration,0,0.7272249322136788,91,0.47452503604271423,152,0,7ce91d3381e00b75e443dee92a8020cee7abb9e4dfc3bb150b2b000a536acb5e
calibration_0114,calibration,2,0.3212751431001221,26,0.3258857081725356,87,0,cb3617b025028f08286d1fc6a400ac00472f76149eccd84a6f7d0a30a74ba705
calibration_0115,calibration,0,1.1224207874864283,28,1.2108804465990428,89,0,faf3783e1c55208999c44deef7ceab6de7cdf95be064d07e228c8471b1aebb51
calibration_0116,calibration,1,0.7621885373970037,59,0.5428579021629016,120,0,0e9f70bf693d2311add61ee8827f2a14650778b429af1e0dedf172caefc7ddc2
calibration_0117,calibration,0,0.9887069641061874,35,0.6747711121930666,96,0,f1b6db128ddfea6c3faf1a809833d2a0c320abbd2eb2b3bb6b1dab7e3d34c784
calibration_0118,calibration,2,0.826113401592482,24,0.8172192597626567,85,0,3e8091b4026b88c37db635ad76c7cb68cfa164403fb8a5e704b754bc6d7da10b
calibration_0119,calibration,2,0.949780035822128,133,0.8477273214597353,194,0,98d5b9b35bfa8ac0b1fb3a1d837fbe25636e0ea93e73d5ac4ae7d313d1dba982
calibration_0120,calibration,0,0.7492664720296414,38,0.6965824944588707,99,0,f97c669d6056209555fab765817d3a9992728e78943399fe7c8916a5d5e26546
calibration_0121,calibration,2,1.1959905603857344,31,1.2418781739942806,92,0,9fcc882f082388594368453820ec1d407df450e0601d3041a60f4da2c21f2ae2
calibration_0122,calibration,0,0.528579385430448,92,0.7579811675430389,153,0,e1467af00573230e1a2be93bce7efd9da70714c55d793ca6d752bf1e1287586c
calibration_0123,calibration,0,1.1732584982009029,23,0.1801441945700977,84,0,835fcbe0c7a5aba9775c859ccef83846ea1320ce40d80ac1f5fc63da7bb67ce5
calibration_0124,calibration,2,0.46043565186347657,61,0.361116263858061,122,0,14a7bc56b7735ab0c0fac35a771d75ddf3e7adb7359763068faf13b57e27d76a
calibration_0125,calibration,2,0.8990376664140525,29,0.7084171727104894,90,0,173dfb1ca69c77a0eecd35629f239b356770100a62fceb82b57dd148b0154d65
calibration_0126,calibration,0,0.6410232525833309,144,0.30798246428486836,205,0,b8a420e622f3e75d5d15211eb5359a94a19801a1ec8389ee62488d75cab28918
calibration_0127,calibration,2,1.1170829900813197,127,0.9030998864828758,188,0,2d0b6ff6d47b263e219b4861c0ce5a5c6169f5e2084c7cd8c1533ba3d82961ec
calibration_0128,calibration,1,0.40588497284588354,90,0.11489477620374716,151,0,14f3fb5a9b9e15d6dceeffba80b2f88377104add0bfcbdcd10228b4d0f2fe7f9
calibration_0129,calibration,0,0.6834830498434388,85,0.3903911562837673,146,0,1d8491146c7b5918a0bcffe3bcc6c40523fdeb040d7dca825b7b886d3ea6aaad
calibration_0130,calibration,2,0.7435216544032016,93,0.5759611077308333,154,0,ef765aafa009747da91b2a67ef7a7aab918b2baf1c4c4c5ab731757a87e94f4f
calibration_0131,calibration,1,1.0426598622898526,33,0.6446298601897391,94,0,c5758ccf84b7a30809711f79a3c8b417ea19b67d3a1a7549461789a568d7c0ef
calibration_0132,calibration,0,0.8379337288950792,47,0.625364799409328,108,0,131b5b1562bcce36ceaee27ae8765c414541d47784030a9e5c0110fce964729f
calibration_0133,calibration,1,0.9235582611286539,58,0.5715708965736611,119,0,8c8703660d80495c390998b879e616abd161850d42838a907923f5e2951e23a7
calibration_0134,calibration,1,0.3402353271057884,120,0.13941866194248032,181,0,0a99ccc91851bdbade877fc02c2d534ae6936e63d9f6b3c6cab1a38996d79712
calibration_0135,calibration,2,0.7185129523098843,50,0.5918453753742864,111,0,14ee23abe662669320a33a39885e56423d03d0a627000d31910229601c8bf40b
calibration_0136,calibration,2,0.3890392497863833,100,0.4651270305613566,161,0,c2e5405813ad42b6cb0076af3be6ef36c882811a11efc529f6d22d0d40b01f05
calibration_0137,calibration,2,0.7340244245325749,142,0.6340887120445808,203,0,1df5db55bf227da74e5b4cc70cb49123239ac96510e58c4b29f6bb873fb58ff8
calibration_0138,calibration,0,0.7540632941392826,35,0.5882368901409154,96,0,80976ee3903e248e717b9f44b8743d893c311b6c07191ff188b3abbcd4995219
calibration_0139,calibration,1,0.4112963168650743,113,0.128592301776282,174,0,731321d9581e6e379010266fba7528e46c4d077db04a169ffbecf9e63cb07842
calibration_0140,calibration,1,1.008114371760146,34,0.6293303953487006,95,0,797b4179c96fa9b85b7bf348a339c8af034465eb0fae8aafe4cc79dcb8fe97e6
calibration_0141,calibration,2,0.7295686707254456,23,0.18014814913433153,84,0,78ed419d28c0d737ccbf1ffffc4b2004a2898787987cc1bf0370601854e6e593
calibration_0142,calibration,1,0.5682266135042598,103,0.18271799690816803,164,0,6dbe34d7bb513cbe9ff09c1cef2430f189a8d2064a654027ca541bc2679a68c2
calibration_0143,calibration,0,1.158088916158244,148,0.7940097724863098,209,0,ea0ecc2236edd5afcd4bf613cffeaa942eb3dc676328deddb842d570925dd89c
calibration_0144,calibration,2,1.1336224360763438,92,0.7531124381902349,153,0,46f67e279f36f71975431113b02ac1d9f887003573ab9c5854db9401ee2b4d1f
calibration_0145,calibration,1,1.1507691210675821,117,0.8224352943287293,178,0,72aaa89f3f98674683e0d0331cf21a3345996ffdfcc36d724b5488c862fcf4c6
calibration_0146,calibration,2,0.8618960727153155,116,0.7160145832574695,177,0,0be11e210d1b63a84447359b777e57d696f5fb2f0dca7e98d6552626bcecaad1
calibration_0147,calibration,2,0.7748558557899162,111,0.6853872661530922,172,0,cb7648cfbb79977eb5f54fd240d6aed88565ddb340ec7bc30361582a1e31185d
calibration_0148,calibration,1,0.3392996619287939,106,0.11575959173073987,167,0,aadd884e40e6758f4e4408aadae279a16f09cb3050a21862bb87d24966c3de97
calibration_0149,calibration,1,0.7268490261938436,51,0.6322316318664593,112,0,3f182522d0762538d1633091818ca4cb3acaba7619e6e18ab571546ca9de0a8e
calibration_0150,calibration,0,0.7913662122016611,28,0.42884170148043893,89,0,f4d4f3e9036595a94c0eadc66bbd4e0fabcc06a6bcc3c5f09f09088d737ecc4a
calibration_0151,calibration,0,0.3622971223042222,105,0.34942744943533754,166,0,a315b957eba50686f7b315c45a4c8a77f0682486bddf494baa77aaa3d747465c
calibration_0152,calibration,0,0.46668291468585976,20,1.4859528698348714e-07,81,0,d7025aa865c5ffba2ccc785fc2964e36c994e944987d8ee211ba41fda61e44d3
calibration_0153,calibration,1,0.5434514766076,153,0.5649215661489259,214,0,2b41d8c569d9664291098ab38e67662b12193156695b26e280421c191b41d194
calibration_0154,calibration,0,0.5580039003527567,153,0.5458492387303497,214,0,5650febeadad04f2ebd4f17c9c0f492bd6ef4b43c91bf059c350967ceda91099
calibration_0155,calibration,0,0.7121765847180501,80,0.7384274533129332,141,0,26223b809c78b9bf14a56d14b1eb7eb8fbb9fb94ec8ac55723c43e3decce054e
calibration_0156,calibration,0,1.0223945004884933,112,1.0179423361776325,173,0,3389445835234447f2636419cbd20120cce4ed2ff45d2a28240f1e6e56fb42c9
calibration_0157,calibration,2,1.1976781599207953,30,1.203455379956445,91,0,9035935427fb5dd61e0487cbb72648ad271b8241e27707d28ef15fdd491dcc67
calibration_0158,calibration,0,0.6769644874032881,46,0.5889984577234568,107,0,b32c9f100a0779107f31e3bf70244dc2a33054aa219533866f07bac2ff1d01fb
calibration_0159,calibration,0,0.34827500359206764,133,0.4685976956781993,194,0,d4ec3aba01cd80964990176e823bbe77a47467c7c171c5c9bbb9a3a74d2348bb
calibration_0160,calibration,1,0.5407863059409012,85,0.1501658032800093,146,0,b33305a93a12d296cedfab1eb546a29cfbab2bcf6cd3ac1ac49436829d387fee
calibration_0161,calibration,0,0.4367149296672429,158,0.14134347449127585,219,0,8e2568bd0b632c6bdc90ac12656c464be0d567855960863c4aff4d20dabab216
calibration_0162,calibration,1,0.7081432717656921,96,0.6334585674130266,157,0,35ca9b8af7dbcdc5dceb94916ae2b176a536307265518e2ab338e0a5047645ae
calibration_0163,calibration,2,0.8534681553468006,81,0.6507289987126289,142,0,18538cd9124a01567cacd8cb80c78a791b986db2b61128bf2aabedc29732d590
calibration_0164,calibration,1,0.5218225494372509,149,0.7561223239944842,210,0,35bdaf4bff74483a8892231aac1d0896cdd141f5d29322e1536709d8d9bd0482
calibration_0165,calibration,1,0.7408035331432559,22,1.5361517929696508e-08,83,0,7adb2f7a88b09444847300e31d5a868dbe28a762f33a0a5c389cb51a1b4572d5
calibration_0166,calibration,2,1.196076866535474,65,0.798540155024675,126,0,2dadec00f9ba695fec4438f0f4133dc1773ac55047ec8eefa568f6f4d63f3b71
calibration_0167,calibration,0,0.45887432873908895,83,0.41736199583268213,144,0,6c7b0571de60d7a61e1df7dbcae7c550df09f38fbe00611d83196c89dce4b164
calibration_0168,calibration,2,0.7639682746675336,79,0.6342382510161749,140,0,53b4b85da7b28ca54318a854bb3369ea4bd852bb65a9177dd75f0e6e6443cf7a
calibration_0169,calibration,2,1.0913356918670947,90,0.8080620957188392,151,0,a67daf338762a0ef4a8ee9a2f98201782a1d15e331b1f6693848fc2f46a0ca03
calibration_0170,calibration,1,1.1674614038208042,58,1.0548964081085532,119,0,bad3f5bae756c2dd8942db7050bf20893558c2fc3c2339fe8faf580cbbc52122
calibration_0171,calibration,0,0.4456249413958961,60,0.011232506539404729,121,0,be918889c32fdeb58ca6f77ca5a98783fdf6cab8e237beac5c5a959c31039e29
calibration_0172,calibration,2,0.4283742618186378,68,0.1325193586370351,129,0,079963a654dec85078e64978507bba95b7e60539c87070e6705d5873e4b61dde
calibration_0173,calibration,1,0.8937794310211329,26,1.1344100803946813,87,0,14d80a8554d8200c8da200c4ca7e7022db31b78b815c3b5b7073f6411cb46f38
calibration_0174,calibration,0,0.47642417477379423,61,0.11510031850278608,122,0,28514c0b5454b3f5abc6f06fa5fac8433db0d4728634c9d54dbdc6293099bcec
calibration_0175,calibration,2,1.147176257744985,22,1.5361517929696508e-08,83,0,9d9873c1c03f7d947b3feaac0287ec6e147dae2bc825f6df4d5084510b71e5b9
calibration_0176,calibration,0,0.902623178784107,84,0.8735530180101344,145,0,d3e6a2c8f0f8bc036652ff7cdad84d7303a88fc68880f705a0eee1eab3f01f9d
calibration_0177,calibration,1,0.34292720153745404,125,0.13083947987155234,186,0,847664b85d8be7a092859b53e1c768d44acfac260eb0f9fae29f65e3652543a4
calibration_0178,calibration,1,0.9248009040969134,59,0.5876286513940648,120,0,1a387d23c78cc4900effb7c14b24027d926fd059e05eb2c0a1ec385f943eb0c1
calibration_0179,calibration,2,0.6550350805241338,157,0.6697780220786845,218,0,20ab057b326726f0ddd7305483db723aff841e60559cd609b0075914c8c34a1f
calibration_0180,calibration,1,1.0125644569895127,79,0.6431981619383973,140,0,75e272c993f13d4ffc9e46f9d41fe4f15fb77eb8e6bbb07caaad25eb30f788f3
calibration_0181,calibration,2,1.1238020441932275,123,0.7780718822959174,184,0,b604b6a6c74fd4a4de0aa69073c96ed7603ef9e500ec207f3122d074d9a60ab3
calibration_0182,calibration,1,0.83883659416034,127,0.6716182071469864,188,0,3f13eb678d09936e8466675942cc4101b19ed653a59fe379e1d587f0f1ad0d0d
calibration_0183,calibration,1,0.6260552295844508,79,0.5883707789433359,140,0,d44bee4acf7b41e20c2252b485ce5bea59a162026cfc296f51491bb7f3ce7891
calibration_0184,calibration,1,1.067996573321801,56,0.764921664357757,117,0,0083979e79faac2fbf089787d31bc54cdaac581d824ae498f1fe40b1bfbc3855
calibration_0185,calibration,1,1.1674755510830621,69,0.8861000652906404,130,0,26e94851646184dcb05ddd08bc4f139746f078f6c4a32c09a68161b44f7540e1
calibration_0186,calibration,2,0.9777700715125288,38,0.7815579040876298,99,0,e4fdada3d9bd291e03ff038e3a605929738340361b9c18ae5acb16c000b8f477
calibration_0187,calibration,2,0.614692256322828,38,0.2760859626917847,99,0,11e73b074bcddf9a32e3a3f0b4fe0a782a890a2b4a5247ff9f650ae3d998680c
calibration_0188,calibration,1,1.1246379588565134,142,1.0411116490567105,203,0,8dc0588b8fc8aed361152e1b29d45a8af695669dba95fd2b74aef73835f07201
calibration_0189,calibration,1,1.0176911194680978,75,0.5893503592919871,136,0,969b0d1653822d0624d2fd35f5507e5e3ff48f2e0a0d8a3021a67e400e773ae0
calibration_0190,calibration,2,1.1664053058762658,122,0.8157209674736482,183,0,370a71261df42ea7631560fd9fe77307ed815c099218c11fd1275486c6469478
calibration_0191,calibration,0,0.6285921864913626,71,0.4982233227312042,132,0,216da5c8dc301f240938e15b832821d5c800470bfb19378d50f80cf2b25b5b86
calibration_0192,calibration,0,0.4751405639582109,89,0.11507635298137273,150,0,cb36fd35a969eded608350a6836014858d42f26b06d591934d8741a49d0c1fa8
calibration_0193,calibration,2,0.33338301412670895,128,0.2570597836531742,189,0,d8321a11108dce2db42a912272c2564c8c6b53e9a3da84ab0fad661decdb12bd
calibration_0194,calibration,2,0.44174622167178446,92,0.011313427244282626,153,0,96a3188797d29886831f89141b037cc290702fb227d869f6d75e0d45a09d71c1
calibration_0195,calibration,2,0.4105584622723243,36,0.3929539489962938,97,0,461e340940b8aa56671a5454dcfba088e0d4ae09276bf98aa65faa6b84aa86ee
calibration_0196,calibration,2,0.577132698525584,120,0.09139317791586014,181,0,bb958d43cab1d4ea69e6167018921d8a5cf1288c8fbedcecf0f6b1273e983541
calibration_0197,calibration,2,1.079486357289231,112,1.2540049393884187,173,0,77d5cde7eac998c1e8419064705c7d23d43ca28ad296e7796c0ebd5d79cb20bc
calibration_0198,calibration,2,0.7730201119514982,156,0.6719987670191778,217,0,89cf8821cc2e4344872ca8dfa15162815c138366e0aa5e00b20086147cff4e4d
calibration_0199,calibration,2,0.5186329910727829,137,0.18213301587002678,198,0,8f77d8e47ca49e937d28ddbe7b5fcbe057fdec93987cf02f2d39069ced0d9567
calibration_0200,calibration,0,0.33382373600868864,150,0.10412640720431848,211,0,33c904fbf2ef892655f7a1c8a48362649af7ea3da1df71bd85d0b986df11b1c1
calibration_0201,calibration,2,0.6931703890051021,30,0.46326918866897343,91,0,bf249523d1dee739b36a428e353a46acd7422002c31ad692571ae3518cd38649
calibration_0202,calibration,0,0.5064469143324087,33,0.11224911776691032,94,0,507ec8a8cf4d3d4d86b993dbeb0fb3934820a3f392bccb74854c6b9d46fbf7e3
calibration_0203,calibration,0,0.4034340789825971,57,0.1814077207493128,118,0,30a2ef8a1f8922dbc3e530ab7dad19fb696a403c8c06f01d03d9cd4f93e70d2b
calibration_0204,calibration,2,0.4634559482388414,47,0.31361904571144994,108,0,bcaa06fe1d712977ce9df11cab25bdcfa12e9ed57db4d315593671a3587e7a3e
calibration_0205,calibration,0,1.129292312455256,80,1.2891957992166954,141,0,a6bcebd650fb18c2df248d78c2f86143f92b2e1b7a5090ee7d72f5d4bf876352
calibration_0206,calibration,1,0.3588800791602369,101,0.45805560110997406,162,0,d2cd016752dc4df38a5eb10522a15cfacaf7e2ed29867f13240aa9c1efb2b584
calibration_0207,calibration,1,1.154240703188213,32,1.0527213956460837,93,0,f397ec514ba206d75c2be202fe549920d92d75b914d769453fcddf3e756214d6
calibration_0208,calibration,0,0.3417084213653476,107,0.18505981964933907,168,0,39d131e4e22023e67fe5523abd8d04a46073441ce56cfef54d13b921842d29f2
calibration_0209,calibration,1,1.0775473590609,108,1.0779934606190111,169,0,37eaf77a7fa7a8c39fc6909d9d47f263af7a8f9bac375381bb4a26229ec67122
calibration_0210,calibration,1,0.44360977418399744,33,0.12428983516494643,94,0,33202f15e600b9f7bcf64b319cc0fb292ead5e128175b3e973783e75b6828b4e
calibration_0211,calibration,1,0.838900235683,125,0.6317785965175906,186,0,92b4e407704f13e924ee608aff0bc314c2ca5daff1893cd64993ac39ecc66ec1
calibration_0212,calibration,0,0.9801021624192869,137,0.9955423516089482,198,0,bc62a6e2ec7d70f116b9411fd63e52f757600630f954ce8c6a6af091cfa21d18
calibration_0213,calibration,2,0.7938057085165653,148,0.573086775573973,209,0,17bcd4555b8f526117c335b020b3e068ae9b94f7c521bf5ace62370d0667f172
calibration_0214,calibration,1,0.8529946995482447,36,0.7055036549106286,97,0,8e1b320dbb7d2a70ea7b749b988954511b68b4c3f5b2993a6f3e9d45fb02fad4
calibration_0215,calibration,1,0.9420200123219085,100,0.963588955809167,161,0,029c7bb51f3723763749c833449582020f5da997bb94750e7f143adc816aa87a
calibration_0216,calibration,2,0.6437017232525477,44,0.38142269402437,105,0,0b654f4c05b09e115d1e5ffcde7f3ad0f0da5adcd7f01b5e8b65f3489d3f1ffa
calibration_0217,calibration,0,0.576466730947107,99,0.5788425010126794,160,0,ec6b4f7e3df8e16280f2aa01e8d66df8e1ce35323d7910b4504def4ed76e41f3
calibration_0218,calibration,0,0.43017060327589945,158,0.10815472344709468,219,0,48e034c5916e4c3390fb61d390e5a8223470c8b1c3de0550d721eb188b17346e
calibration_0219,calibration,1,0.8617670207603985,85,0.7491974302493091,146,0,a98aa4fab0494e6d451ae7675198f468d433b11bc791f799b67cf82b3e847ceb
calibration_0220,calibration,0,0.5614829110809357,154,0.5242014696106397,215,0,cdc2fb812264984c84c93f454375724f78237d17ff2d8ca41194958ed9d2b55e
calibration_0221,calibration,1,0.7600714493102012,155,0.6416135937332816,216,0,2ae2a63bf2a0d0f3f775c19855b52d42251fd65e9eeedac361d92fa47db1f830
calibration_0222,calibration,1,0.6398437830138592,90,0.5023944033785278,151,0,2930f2e605875c645808c75e55d3c245b9e7e83888ba915c2bdd27c4ecd1d4db
calibration_0223,calibration,0,0.8815121663571104,144,0.647215152821877,205,0,8253792bdb8c6da122da77b6193bf4042b2b0c9e1fe4948864d488081bf67d85
calibration_0224,calibration,2,0.6358166224057749,61,0.5064258277742283,122,0,977a41f4daff0c08f40dcb55ad42eee5d5371db34c22838de9bdb991ad8304fc
calibration_0225,calibration,2,0.8790523085655666,129,0.6457415419564239,190,0,0bfa992285190c42905cf55f191a671b96573d4dd873fd7d154e42d5d5291d49
calibration_0226,calibration,0,0.8006410374200126,26,1.1236984854071081,87,0,d994d2f31e774cb9fefe25b9f66349213b84d5770580cb324aaea9bdc0d77fd7
calibration_0227,calibration,0,1.0656926097197512,123,0.9241133689123587,184,0,474af285e2d864c5eba9bf185055c228ccb6dbd9b3b8df955c44f49ed07fd1ed
calibration_0228,calibration,0,1.0171882744088958,29,0.7253361616318216,90,0,018f7ae3bee7341b07a67a7fd135b38f8a67938090a12db598357809a2a7f2fc
calibration_0229,calibration,2,1.0711542082907128,59,0.835846427448858,120,0,c84c90cd821e63668353fae4356a5824421052c904118506cfc6dd08fc346291
calibration_0230,calibration,0,0.30571600336374977,58,0.17421198507256433,119,0,961f30766ef22d7d7a679b56e256578b14bc4c734ba01416bbb2ef34ea4d1084
calibration_0231,calibration,0,0.8425704504444116,128,0.6988462198383026,189,0,095acca794fcfe5760be6e1975c04807cbfe6e109a8a90e4c6c3783a0185cb8a
calibration_0232,calibration,2,1.1154752772692076,85,1.181941502493569,146,0,6ba0c2d080ddb843e54c89c0874dd21e30acab4d194a56ccc2a2d7b6f5473679
calibration_0233,calibration,1,0.4496840628822557,148,0.11658094773897068,209,0,3dae19e1d87fe61fc49b8a0f25e99025eaae75eb92ee72a744b03b6a7d96069c
calibration_0234,calibration,0,0.9079757677542608,40,0.8511046065927719,101,0,1fd80e596e526eae8d452504cea584a1edcf1fec22299b63b4ac7860ac62351c
calibration_0235,calibration,0,0.6166678261793253,87,0.531084898313429,148,0,e7c53fac51559c42d3f504053b0ec7f8ef62d78590aef1d558ad2f7522028acb
calibration_0236,calibration,2,0.43043453821447764,57,0.09825712444288665,118,0,063bf055ba0ebe773d4c15b7ea7e9ab050d2e45f736b79a5834749953f299e63
calibration_0237,calibration,2,0.33039321167528823,44,0.47614729367063147,105,0,766ef8ff96c5e1f4723dbdfae20cae87a87886b493081dcfb369916eda0f6ab2
calibration_0238,calibration,0,0.6659185437965972,100,0.38995909949419116,161,0,fac79b6abfed40b917b9a1fdbf5453da17a0b4605542b5cf4336cc07fb256cf6
calibration_0239,calibration,2,0.7257697903032249,99,0.7369852836058896,160,0,53bcb25af56f8e48d42da5bb97e726b5d1e6fd98fdc2c0b27c66378a75c9533c
calibration_0240,calibration,2,0.7503414801446313,31,0.5838424585138362,92,0,40bedf68919617b834d7512d8a5e9c134b50a65257c09e95fd0ae65a1a1f2ea6
calibration_0241,calibration,0,0.9361681600112701,47,1.0055199313879215,108,0,4ccf2071129ea8eba988f67f7652bb7697b0a85ae41e321855798242cec1df74
calibration_0242,calibration,1,1.0902395624366994,141,1.146910313097006,202,0,1472c7803d533447d85d89c7cf224ea1a8d8353b5eac6233de9991346ac72f13
calibration_0243,calibration,1,1.1088631376482967,75,1.0704833744732782,136,0,6fc4bbeaa3da04764a17f6d5587660460104b3632deff2bc46add1cbcb0fd231
calibration_0244,calibration,2,0.7398196259086339,131,0.9690519315067676,192,0,d5c3358f2872743d4ecac979c926fd5f685014d753ee1530971877ae0838e438
calibration_0245,calibration,2,0.839291508567179,130,0.7736576929385538,191,0,a501a1471a452d53bfd4688074cc13504a59967f692f8d832a9a05693491f2f9
calibration_0246,calibration,1,0.49866815525103836,22,1.5361517929696508e-08,83,0,645641ec83925036af0b19fbfc68c19ec8c86363988832634312d21b58f11feb
calibration_0247,calibration,2,1.1762832852859213,120,0.7928230199582766,181,0,313119ebf8b7a75b03a70441b2967c8c68ed95147a26f2d98643ee794951fe68
calibration_0248,calibration,2,0.6416256906464133,106,0.5070667352222559,167,0,e80e0840bd7cab1252aba538168601933b78829cee10726f89062ba442333045
calibration_0249,calibration,1,0.3080683947981387,55,0.4570740114361678,116,0,ae94fcad2f468863b22aad6f28d4cb4ee864cdea06d7ebb34efed0fb55d626f9
calibration_0250,calibration,1,0.4822195845049395,61,0.1165060444948377,122,0,3d6bb67b9442a07ee7fa458f47eda9b4fe47edfd487b70709e997ee81ce98ab2
calibration_0251,calibration,2,1.0395650701896364,42,0.8771205959484546,103,0,2f110f8c866b79396a12f7f50a92aa4eb03a8d4fa79075d5469d05156fd25917
calibration_0252,calibration,2,0.33299286385447663,68,0.49598815670618707,129,0,b63a9be5b02f49a052e1f14356583a13c80489063fbc5d090127f7e417f12a80
calibration_0253,calibration,1,0.9669946386875927,29,0.6816397850127479,90,0,3b051cf4686129f974236bede4a699140629d90f1fbdd92375e78610aa59febc
calibration_0254,calibration,0,0.8040449899362645,25,1.104220966740621,86,0,1b0141206a7c0ae3ef1898ca681563fe0e8838613bb048d513363a9802aa11c4
calibration_0255,calibration,0,0.6546841660383815,44,0.5415887226051795,105,0,47a62a69c8c0e3c8e1fe6e6af67c553677371fe776a92a02c02cd499929ae6ca
calibration_0256,calibration,2,0.6022371561168627,141,0.28871259055415194,202,0,cfcba7052723de6a2c0bb177f9890b522fcbb3c49704057abca8600b4334f472
calibration_0257,calibration,1,1.1437080848533856,57,1.1974314533670345,118,0,e3477e135ec1bdd2bd630e578143517e2f40e127211f8bb702da3f975f506f3f
calibration_0258,calibration,1,1.0980356051597424,98,0.758876888564102,159,0,e823b9d1ad2f7f679d47511daedd9125d80a98ba2feaf73648ae103550edb422
calibration_0259,calibration,1,0.6312165488045276,56,0.33285761971522726,117,0,1e4a3dff8f3d509f2910233f954d976f51bc26c725827bae4ce7a823f85463f1
calibration_0260,calibration,0,1.0932215968629848,81,1.2659021241511297,142,0,e8475f917df1baef83502f2ca505b561e5f5199b816894237b98e86158f92db4
calibration_0261,calibration,0,0.6589218154835278,103,0.5215334629371974,164,0,038d50d34027ab0d92f185d23236667567f34373c05a8d1cc9bd5d6f95347514
calibration_0262,calibration,2,0.31188338770241475,71,0.13119247978577242,132,0,75a5929b50460e272da16edf44bc0b5d01aa3342db9068b839c36d1db2314c70
calibration_0263,calibration,2,0.5270415063125932,37,0.20842762488568706,98,0,aac0fb40398d488f39297b190ee1b226ee2b6689ac8c742e08b66960bee0f585
calibration_0264,calibration,2,0.46775947950778035,131,0.23921277567869145,192,0,537fabaa7bed1e42e6d87c18e65a2b4ba373c5cc5143bfa14d26ed06c86a90aa
calibration_0265,calibration,0,0.6135498250437048,34,0.8295250436546624,95,0,ab8c401bbf95e02df69d2b4f72810db47a6711b86abf53860373fa946aa1ee81
calibration_0266,calibration,1,0.9876888519369593,72,0.5526313084452105,133,0,31d4b18a17aca614657a0aa2689ccf67a7a1fff89c70442a11bb31d63062e1ae
calibration_0267,calibration,1,0.6219650016693783,62,0.5309968707630554,123,0,4cd6ffbe1fdedfad10521e81d7ba4b913ce4ff6b9b9ef4a612c5d741d16b76ef
calibration_0268,calibration,2,0.6302853386215377,71,0.2676646144129144,132,0,9a59a4760da57194a299ca9d1db43cbac72bd22aead8ce838935fc9d19934660
calibration_0269,calibration,1,0.5252776669496834,123,0.021027271530768568,184,0,1ef541182879977b43d1da75eb6a39c2cc632ce0b221dc18735b3eaad8a8f582
calibration_0270,calibration,1,0.8535924953509955,25,1.1394011114536287,86,0,36e3fb96b2ed618508464158e97b2f0ff7b8134f38918a7844dfc36688446066
calibration_0271,calibration,0,0.6340467408403044,135,0.5706598737088819,196,0,6e3fcd64f471be09ce90ed3d1dc4d2831244a7118145dd680de0acb6267a3906
calibration_0272,calibration,1,1.0273855888049939,95,0.5933591061397887,156,0,7940126546f0d9bc73f302b6725445f5ad6f61247941d25579c897a6fea4338f
calibration_0273,calibration,0,0.6805165209649955,91,0.5882239944126255,152,0,f76988ca1f73d28d402a58eacf4e75b6c624caa84f9ebcbd4ba76f49752926b1
calibration_0274,calibration,2,0.8800736561946483,79,0.657500771348324,140,0,00112a66c5ff47d80608a0ac8fbc2c56e92139c8e554131c580fd248dc16af0e
calibration_0275,calibration,2,0.7024557207463291,59,0.49176571964868626,120,0,f6cf19e9106e09dd549df02993bb4b09d9261901ff3c5d1323701418de21163c
calibration_0276,calibration,2,0.8579049668583085,123,0.7245057587673881,184,0,f46e6dddb170ca08ff9d63d622ff4e7c20af8414b5dea49d1534781111932cf5
calibration_0277,calibration,0,1.0865743241101176,52,1.2370625135850457,113,0,a05f3d5b4aaf933ef2fe3d72c8d62a3ed1ae292494e32700a16d41cc96feb03a
calibration_0278,calibration,0,1.0680634509514997,117,0.7803182584787203,178,0,0e781f4108b39acd39219783605dfcb7847dd22b4d0894b7369e3290f3a022fe
calibration_0279,calibration,2,0.8368149541926702,154,0.6301173652823576,215,0,33a58d889e7739dc4ffedc911ed1848236e59c2e8f596f8f25903b9c6581ae1f
calibration_0280,calibration,2,0.7606420747881077,97,0.7373795021286228,158,0,82376d303910fa55b645bec2669e93a8ca3ec59e87b51a2f59dedebe4d716bca
calibration_0281,calibration,0,0.5858102202310946,46,0.5686473230280236,107,0,061a11b2eb576702035f52a1609fa06b5919fd57dfef03f98918b231dc020e17
calibration_0282,calibration,0,0.7311052590491535,159,0.7374861762605243,220,0,073919b551cb91b846a31b96ed17847229c5fede358cc317428cf337588707e2
calibration_0283,calibration,0,1.1539237755240317,114,0.8853217718538956,175,0,0ad04cf2411cf6090648967bc3297b94c02e32357acce9dd636a536c65ca5af0
calibration_0284,calibration,1,1.178299022770702,113,1.067089846184726,174,0,92cd54f8524898e3de2945fae74285d31f1bfbcbc84b7b4f9f1bd455bb7db7d9
calibration_0285,calibration,1,1.046178438248952,137,0.5996941609012906,198,0,7fd1b0133ac847fac42de625b9954554594c4bc2ade19fd265e52ede4dc489c8
calibration_0286,calibration,1,0.4115634641059652,76,0.1721760740853252,137,0,893486960cba9948a2a53ada8bb88b30dd90e21c27d8b5cbea9bf4dd8534fbfa
calibration_0287,calibration,0,0.6025432147462326,119,0.6332312433352367,180,0,06192b4827681ebd8f74140b77d6e52760165d8bd85eacd4b4cc05da07c5d45d
calibration_0288,calibration,2,1.063432152490683,42,0.9339505037845145,103,0,a88a3e92126c4afeebf864bb1f56d2eac7c00f23dafa40564796a13046fe787c
calibration_0289,calibration,0,0.5599706128430202,118,0.31692543761419095,179,0,376351965647328c5ec6a1c9d4476bed234c508f0cf2970b7d8629d6b2b27b6d
calibration_0290,calibration,0,0.4704337977286175,137,0.4574445980544078,198,0,0345139e1bbb32b05b33de529a4b60f36d1cc62eed2193905e4c3ec9d7ad89bf
calibration_0291,calibration,2,0.9539801767479739,108,0.7084980649848934,169,0,e4914b0fcfd04bf03a13705b71c2e2ba47560feb0c12c5c8432c6f4ac0f1ff02
calibration_0292,calibration,2,1.0097175355389598,88,0.9744703970377043,149,0,c4467bc297eb380304336106e02146c13b2c485b8b6d9429eebb63926b26519a
calibration_0293,calibration,0,0.8180854377984519,63,0.6117840048284379,124,0,e9628b8bbbd25020b357aeb44d516ae7fcfc8820b2d07888049d1593e130a37d
calibration_0294,calibration,2,0.5344698166854822,52,0.2217316134173031,113,0,b5638fadbc1df5d34915b6b28f08bf801de9a7f3f8ebf8d67fedf111b420cf56
calibration_0295,calibration,1,1.0897949360177204,131,0.9047463150728314,192,0,d1dbab76f75314055e69fa75c26da5ca7f508980457ab0bddf1c09445ade82a5
calibration_0296,calibration,2,0.367465425680603,131,0.4679448032521826,192,0,c70d65e809b69396056d6312acdbbc4ddcac61be0ba38394ae9cd5b27d78e306
calibration_0297,calibration,2,0.9672017957388392,40,0.8545306389873862,101,0,687af34b6b99ceb4240c3611c3d11f6973e1fe22b9cdf84a2781fbc34934f65e
calibration_0298,calibration,2,0.4237062205625511,110,0.17472934644740298,171,0,9a679db0473f8e237e1810a3a8b90957200041b30ffb5e1927f3a9d1c97e4a42
test_0000,test,0,1.1762517404653157,49,1.1954652317242418,110,0,1599e3492d0b3ccfa8b6cc8db8c1220ffabf1763559dd44518151c26745e8870
test_0001,test,1,0.48758528693434033,72,0.7024791344020224,133,0,5983b97ceb3373b093b323931b09869f16da3e67f8aab273813e5b0d41939432
test_0002,test,2,0.5603568294903807,146,0.19331152171122512,207,0,8d9de06662947c7199c65d031e4f0d78af52e5c22ca26c30b0c8d4ad6ac01f67
test_0003,test,1,0.6858361827392183,52,0.6644523694608544,113,0,6fb6616dafc1e13217427d0d0a61294d6f2223654bc57359f4243b733b119156
test_0004,test,0,1.012518378251148,110,0.9779890811139548,171,0,ed62df40a3ba993af3cbcd68fe5426768a9230e2e808d26b2004c9f9ed6cd51b
test_0005,test,2,1.0606547186976738,52,0.8300102187312394,113,0,0bc6d7002ef745b206e54cd24b28758451a09b100a689796597384d00ca3edb1
test_0006,test,1,0.6311849494160154,116,0.2928532285937647,177,0,79e2f2ca33de8a1530a3d87cb39b43c25b3f79404cc1d7cffebb3aa96bd4eeef
test_0007,test,1,0.8195938265233587,107,0.6143507824104515,168,0,9e417d71a441249a7f41ede7b5a9f178cdb4013153bfb87f57883df94bf18e45
test_0008,test,0,0.3093399460486987,22,5.074855053499994e-08,83,0,b8cdf6e14c94f3d21824465944050f771155ae07218d2b9a36bf990a23646ff7
test_0009,test,2,0.4993554150873633,50,0.1294362228689132,111,0,3d6c63578634c28d3e2aaf5165135f8538806f61cb5986c3acef7cece8243f47
test_0010,test,1,0.70048045980566,138,0.5270740931822248,199,0,8bd883f2cfe88e0c403c601b081f77fcc721cf374f1ec435beeda6888c850278
test_0011,test,0,0.5849314392713246,58,0.5137759556278548,119,0,68c351b65d62827d338d2aafc8e686f8b5153d401caa624b905cd6899bcf5dcd
test_0012,test,1,0.3292201443261843,96,0.21092748143653509,157,0,ec260e65c170bbe810ac2318f5c14c5d1c2d32cdbecfd02f577ea538446107c8
test_0013,test,2,1.0496735371103605,151,0.8849575165646347,212,0,610c189119c3488c81fadacb8ce5a866654d671a0804c801208a25cad618313a
test_0014,test,2,0.7687988536643235,60,0.5396435829286915,121,0,9300ba7d6d54ebcbe31b3792caf40f824ccee6cfcf46b0d3e99723720355c0b9
test_0015,test,2,0.7092141165907841,155,0.5932958259683064,216,0,902161e07088cbd3db34f4673693c5fc86afdc37edb8ec8911d782c362aa6863
test_0016,test,2,0.7144629030453202,150,0.4401349390531908,211,0,6640ccac24c8b42634c3dbb0e8bce1a7f0d9daa1b997fb279051e16bd4e7f3d7
test_0017,test,1,0.7236732856808337,88,0.5169150016119622,149,0,c8383093e02b723ce7d166d7841ead3d9080bd05ee851847b4e3932e65dd83a9
test_0018,test,1,0.3251268636042956,72,0.43443467641901456,133,0,1b9a38ec4533a2887d3652c8d7abb522609da772b1260057a64ff13603944880
test_0019,test,1,0.5928191590945502,140,0.29082081651587516,201,0,8de735421e13669fecec332be4d3b8b2ee4614c7d5ee02807f416612bb9fcb2a
test_0020,test,1,0.5449717291388776,72,0.44062817762131834,133,0,41d7218ec9a9fd17b4963a99457433d6e560877cb7aaece4cdee01d910f6b41e
test_0021,test,2,0.6853256859076657,150,0.41106916146907063,211,0,605e0fa3ae3118068768c7d917a620b40008b3be4758590ab192717d1fce1a35
test_0022,test,2,0.822355407863806,131,0.893042778389414,192,0,a9605f51153cf51465382c676753c365703163cab20f0f47f61840f64799c42e
test_0023,test,0,0.35651075845155544,129,0.1948442463066259,190,0,190829d6e8157ca2c58478e592d03e2c52fe55bcbe6dbb762bbb01dd3a7e2de8
test_0024,test,1,0.3194874461757893,79,0.16628843565779217,140,0,94978e4bb98489ff64eb1751d41300708cbb3aac6c2724c8057a1cad0e223e14
test_0025,test,1,0.5656752855564217,149,0.5087935616785497,210,0,d1250c2d19b22558840858931531ec2827dbe0f44b6357b2bf1900979066066d
test_0026,test,2,0.5451675163621299,133,0.5447656932417524,194,0,edfd908def5598e000c186d58510e3d29cb2b37e4c36c9753a5d34a65cad6d5c
test_0027,test,1,0.6656982667484733,151,0.5071711683220153,212,0,e322e8d5b3fd8a52c0136a5ffcec7fb82aaec50ce42a7eb91f3f83d544734637
test_0028,test,0,1.1050433815826453,26,1.1647479818083528,87,0,23d521b87e03f4b67fa4aef11c8dd3ea796fdeac27ac1a904d764c38bc1e995b
test_0029,test,1,0.3256366485830554,62,0.24274144354290725,123,0,6edcb20ff8a469269f7e918a93ee0c1a3ca756f67cb1e0ff76b80973febcd236
test_0030,test,1,0.8187086374598844,121,0.6245413840662726,182,0,e013b08f01d6ca45fa590620085bb9e7400b8be5e4c21892675426293bed6c2d
test_0031,test,1,0.6387030672653631,156,0.6343048686872936,217,0,5c1d8959cff54674c9d40ebbbb894a70685fb9ce7c13fd2b771ec73543d75067
test_0032,test,0,0.7597502101311713,96,0.5960970149062537,157,0,04296f064c38790201637d143f51994b1581f8ebc943a6545b99275fd64b3cca
test_0033,test,1,0.5605070621312372,31,0.45926600417929697,92,0,b1e18ec212d34bb521a20e021468d49f381b2c60c0a78d227f279121005ee551
test_0034,test,1,0.3325322778292369,64,0.2052220882608957,125,0,67c5c93e4d5d71a5c3c7c8a22241c2f7491d1d6e6f2be84191e30d1ea651bf23
test_0035,test,2,0.9714818757849402,41,0.8938325964761487,102,0,765eb3f7e12d779f51556783b3b933baf0b2574f45711427d34e34cacc8101b0
test_0036,test,1,0.6019868281137802,129,0.3304753128620308,190,0,b7868443f6cd7b525b65cfaae9d808ea7a23b2d65dd2d8310963d49e2375e33b
test_0037,test,0,0.9483380723912902,28,0.5148895603413479,89,0,a0a94f607bbba39bac575177f2f0f8b106de3967e0156b440a6cc8f4027a5f04
test_0038,test,0,0.8419006990775417,122,0.6640499051422244,183,0,6965306eed45a6b7d1d9ab7bbfc53b2b38e54bbeb48135365d3b669d9a4ed359
test_0039,test,0,0.7444729915980453,61,0.4919096980998519,122,0,a7888e508bd556ed88ef90ca3b883d1d1c7b7185092920eea95842d7426c5b8c
test_0040,test,2,0.3147603633294337,36,0.3233220828923807,97,0,8a098f963eff99ff82064e879d736ce748ca51191c8138578f39525e2a0cd2ee
test_0041,test,0,1.1165997304615864,42,0.7382926971545783,103,0,fc6346c46b4ba3090b04f45bf9bc5b927ac06a37c65c2d7e813b91a85dcfe51a
test_0042,test,2,0.5722259095717508,76,0.8006259349605962,137,0,da11fe309ac737c2e9c0e7311e5e1d067d7499452c47eb9377d3691e08711c87
test_0043,test,0,0.34622162536658413,144,0.13378903264147976,205,0,ea27492febbe2263bc1d944d3838e41ea5b396b8c395ca40ccf39c18c37a22a2
test_0044,test,1,1.1445420413229452,89,0.8853787248225877,150,0,75d1b0b6bc3fb2e732bbcdf6a999754c29a183fecad1f74d068ce3a0e8d5400b
test_0045,test,1,0.44032478008169496,20,7.835718452354611e-08,81,0,80a500adc1a43b6a85e9d5d86ff0b30038e61647962ed697c0983084add6ae01
test_0046,test,0,0.5781600122938338,30,0.5313964255172936,91,0,516109e19af7ece7d71d371993a789307033f9665d0f64148d224fcfc725cd30
test_0047,test,1,0.5949963947343955,76,0.5363487170777923,137,0,ec39968a9c4ec1c464e81ebc97ee9c8d46e0b45caac655fbc53ad813dc92a48b
test_0048,test,1,0.5465996600038918,56,0.42065038537313126,117,0,4a74e4ee38d4ccb0e13107307dd9f81abae1d834d5df7842f33e6b576fe1d350
test_0049,test,0,0.9381491901955306,111,0.5805319326084479,172,0,bd794dea2e623bc53ea9424c664c555edc77a6ec08d9ba457bcc936bdded13a5
test_0050,test,2,1.0974789650459231,128,0.7934605194482782,189,0,916972610e2df4d18b7040366a81128abc8d3f1dac6b0182b8686113283284fe
test_0051,test,1,0.9698448231721108,141,0.9220590583140852,202,0,d1586e3831fa2feb5f1806b46117439492100c94aebb1240d1ba441825062423
test_0052,test,2,0.965613725359701,61,0.6325113725526414,122,0,23122c92780bdd46dec1f002da3bb75d36ede357e137b3803c0ba013649fe860
test_0053,test,0,0.49537931142236535,129,0.7115019960102487,190,0,1d7ea30d99fe5eab3cc389603ef51e739c6a797156cbb50d70eedcb862e6b869
test_0054,test,1,0.9938732544682363,85,0.9822586779068452,146,0,586e14d50e82a74dc76d4f26bc6cd810c233b303620a16b0094024d8417251f4
test_0055,test,1,0.37340547953828185,27,0.5038759729431245,88,0,581ad795f2497bc5357d2cd530d64c93b66f2812763d059497ee8e1509d72521
test_0056,test,2,0.8987773325518633,148,0.7856089451858727,209,0,8d62eb75a354a93c6dcee0c7229c0cab5cc1492e92e7f1ad046240609ea27c33
test_0057,test,1,0.31933909368474406,60,0.11699772290948486,121,0,0183e69082079e9b1dcbdb47e17004f6ac63b5378af5feb71a58abf93f132da8
test_0058,test,1,0.3218623295588274,107,0.22481793821945295,168,0,b6a784b28d275d55ef5aaddc978c9120805b51d6afe2f0198f4987bce63e7270
test_0059,test,0,0.5778703262683524,71,0.5363693378671145,132,0,55aad219eb6e3044b567124fe30498f7de8da6d880949d479d7eef9e9f6ff601
test_0060,test,1,0.3924736485668037,88,0.1819791602186749,149,0,79af54988b37514d2b17370156ce7362bf4f2891d4d222e79a0e09b5ee43f000
test_0061,test,1,0.6712678418331781,87,0.4380520194615393,148,0,406f6394235ecb827e91032392d01d809d5c2a057f1f7ff31afaf9b4d3959b56
test_0062,test,0,1.117205776315369,65,0.7715621803480017,126,0,213b4ad19f2e7f31e5731214e0865cdceceb148ca8faa6f8896d5a343c79762d
test_0063,test,2,0.9796164591108127,152,0.632404288008472,213,0,424061142b527f620840414835b8bd986ea2429711c23cd78718b2a24e345504
test_0064,test,1,0.9873286114400366,50,0.5735648752400919,111,0,8318fd1efa781b197d67b6b8485ed7a12e57551443c3ba9376a4be302bc1ad39
test_0065,test,1,0.9044546712941746,62,1.0004690703954018,123,0,7bf792f51be31fca4ad185c6afbe9011fb3d50462efdba03408a57b3cb861d37
test_0066,test,2,1.1136869467480421,39,0.6885209262609014,100,0,24dc4635a689263fc1c9fbec6c72c7f24fa3f573c648b9fd6d083bc4c8dd8566
test_0067,test,1,1.024357531325267,24,0.8172192597626567,85,0,02f866d25ba88c6a1812bd2547a851ccdc9dbacb0ac91a8d789d23f161110fff
test_0068,test,1,0.980622856664189,159,1.1626002885455646,220,0,68f544767966ae702933ca94952e87c35878af4c64ef332557589d40f6c5aba5
test_0069,test,2,0.714645448023353,123,0.5326909343270045,184,0,67474c857bbd09381a51595b20957041f29d4d4a33722bc4f3b61d6a7c456092
test_0070,test,0,0.7841647159992928,56,0.789064004370388,117,0,adda4735f4592de66891519c7e0aafb213761667c85a625b03627f05a56c1420
test_0071,test,0,0.6818331633610342,139,0.6957645106575029,200,0,871c50e78de287ac1158d20633a7f94477cb56ee880c4b4b9ebfe338c1b98f75
test_0072,test,1,1.049536325165444,81,0.8659668513973352,142,0,8b108b4c1adea639c957146961b56f4f9c82ed74797b10f1aecf0f35d231f32a
test_0073,test,0,0.7796899490828209,127,0.605357131415812,188,0,474016007cb2a88f7aa92bf50c283ae03f171902de9329435ae6130e1ee9f1d4
test_0074,test,2,0.3689418616892659,114,0.23911295527074142,175,0,9a136a51506d2797d5f653502ead5879b61fee8fe6fd239ae8fe2c6ab6258bde
test_0075,test,1,0.35581077574342457,114,0.14522396997231818,175,0,ddd7aaf147022f117c93de9e7303e5909562f8e1d661b6ce4520241cee6c125f
test_0076,test,1,0.8411447267673084,110,0.6355006965282243,171,0,ccbefc97518f93ddf7a27da2869d88bb3420e2bd5845099692e029ecd33e6f37
test_0077,test,1,1.038747710015426,59,0.6879426100304258,120,0,2fc66f1a7cc4d44707a256423a25d5e9c4a8a2f1fb51e3faf8bb4eaa94cf9669
test_0078,test,2,0.5989817841614591,68,0.18308218367787982,129,0,586da050616e03e3c9a370c490b7507db55938048467818d652b46ad4005998c
test_0079,test,0,0.32922992384585575,66,0.2293542226091791,127,0,1536e5ad295e7a8c4f34755023d403621b8ff5b11fa1e1cd0153e753eeb5287e
test_0080,test,2,1.1969066212358657,142,0.8592117087078838,203,0,ec33aed543e6827aa0fb22754a8728a5863ade8fd187fd3bd9510389b8b3bd0c
test_0081,test,1,1.1792295257793006,60,0.8433169502853186,121,0,7df540646fcea81dc3dcfcf3b1d840781a31e82991d3470229c5bb003bbe7faa
test_0082,test,1,0.8996218961317,71,0.8587846660266384,132,0,8519d740c3b1baa35172d662fd52c4e0619db05f3b778479e9c884d953b2c676
test_0083,test,2,0.5895769180530874,73,0.4905714456051285,134,0,6621b5dbae520bd995f101add7065f7e974199f6d450bcd72030dde4a755ea16
test_0084,test,0,0.5985226638181969,153,0.3584570755285506,214,0,7cec667d3e323401917f23ba2a11a6e81d2a3370e88a1826f3a17c0aa9a52799
test_0085,test,0,0.7143228276660059,156,0.7964166904722098,217,0,5f03cfdd354bc83f5e2a536a868a4d6e4df2e76aa2fb4c49618f80f96916848c
test_0086,test,1,0.49067289919839335,81,0.4555134946672358,142,0,e7f5272c9fa8deb62388a4a505313916a880ce0cbabb2ceca449a53ce89385cb
test_0087,test,2,1.1040831065578793,100,0.9278283794099935,161,0,a9bd3adc31b47548b1534926f59bbb203d400bbb8e91be9100a2e47676c4a534
test_0088,test,2,1.0141760047918627,71,1.1991203952249645,132,0,875c0c5832e91aa5d9cc42bd6f869d24d032aa9d41085ea035048f935476a858
test_0089,test,2,0.4913573700653643,46,0.1301967554426138,107,0,0026d58f7f0c33f58a1a5b14d231667d58201f482a328bf976a9d7d124531ec8
test_0090,test,0,0.619494563271499,69,0.46480612136017857,130,0,f5d40e6cb1fd2e6f378f3806dcd5a6d8dc18c6927322d35daa97dc702cd657d4
test_0091,test,2,0.9445723056879665,64,0.7344965228661395,125,0,92d92eb0a50fd90f48e62fd996c1aacb9ec508aba34469c301c8611731b4c993
test_0092,test,0,0.5415074969449534,113,0.3656203957578223,174,0,2d4b8b8cb4e9c0a2b9b81dd69b0154909fea18bcb8d5f51da64a531c8821c93e
test_0093,test,1,0.850219227050929,144,0.6751348287428103,205,0,0949c058c347bb82acd9b7f557530934b333b62f7658f4d9a8f91dfd4c4f43cd
test_0094,test,2,0.49291170120712086,159,0.11668052160600155,220,0,9115e7b48a0265237f29274ba85265482d8a204434e2a04d8f3f72772d1bb8b3
test_0095,test,1,1.0710093384502513,51,0.8875334414323864,112,0,49103fb85ab7d749288f5d906fcc93ec56f0d6dfda6a30bdc2fdaa45fa2c99b3
test_0096,test,2,0.8518233190282505,120,0.9474714114750301,181,0,b279bc13b17b8bcfe0ee83cb32f03d8e9e0b6f875784849820ee87e18465e72e
test_0097,test,1,1.191750339791896,143,1.326685924950731,204,0,c22e4bcaed9e2bca31d56e0c3659e0398eba7326e846c6083115c60ae0313de1
test_0098,test,1,0.5093623105249773,84,0.4756766643140795,145,0,8c57b0c63a2cd18b85f5dc965f7c1cdbe89a589456714cec62e2b37c75a27384
test_0099,test,0,0.3827883569458822,22,5.074855053499994e-08,83,0,8c599b59c5ae5ab3024fbd5467b42c32b0ced9cdf09c01aefb89dbe1eeb0fe41
test_0100,test,1,0.3223670017820989,22,1.5361517929696508e-08,83,0,b3e95d0c753a4df234c7e3343aab8fb917ae02012ceabebc1e7db96664dacfd4
test_0101,test,0,0.7554378198354432,51,0.6143577983546201,112,0,a97480e2444a0e740a4eb5872180a7bf5c45cac2bc062950b8f524f677e4eefd
test_0102,test,1,0.8228178933933556,132,1.0245183633645953,193,0,1163e654894e1a7cf9a476a7e96091615468c4345d694d764274be32fc552a6b
test_0103,test,1,0.8251250445523393,61,0.6308474466796776,122,0,9c7948a85f22135d9aee70cf64696ab6b84ff16d83970b86c2a35ddfd4fc25bc
test_0104,test,2,0.6214088395054692,86,0.2751785950824545,147,0,c6864a82a297beae47bac8e853259c20aa3201231ec5421cce974ffd81378e2e
test_0105,test,1,0.30063577758347726,88,0.09625016583295405,149,0,77b92dd2e92fbd57a8bdabe1b1a67e55e881ac398e9e6c31dd362e8286163c1d
test_0106,test,0,1.0114234454098485,124,0.7025882792112251,185,0,ff9edfd066fc1b13f5307c7060dabfe8ef9b62c8873650ba1aa004cb4658a343
test_0107,test,2,0.36964984492697983,122,0.17229358623245117,183,0,9a78ca0c9e7a08abf1a0a21631bff4a22e55cf4baa0391f62f4e3d2345722058
test_0108,test,1,0.4277778763510345,57,0.13177677875478458,118,0,85df5472d81307b0ba99b3d6859200cdadeb39b7f54c991fa18185298def85b4
test_0109,test,2,1.0777919308652755,51,1.2390223535876472,112,0,f4a3c6f67c4acd68e70712826f9ebd2ea680ca4d13c8faffd231430b5c7c1f21
test_0110,test,1,0.7523857882803409,52,0.7505350018502802,113,0,114e67f7dd65b017e8584b7c86aee33c019a05845b629ed90a547690313008d7
test_0111,test,0,0.95650520605632,87,0.5982551291553996,148,0,3997a6ff8511c6bcea020d33622de3fb4215b1eba3e14e207ed4f901a4559f4c
test_0112,test,1,0.5420623527437184,101,0.1906454617904821,162,0,4771ab32dc3942b14a0a47c381f1fbbee525d7aa0bc613736abf880021bbc50a
test_0113,test,1,0.6781137913313003,132,0.4377320042992174,193,0,a9e879e29b61b7b12ea521d5c381cf5eb28937072ac177e28ee3253340f3e17c
test_0114,test,1,0.3312343328006678,132,0.17750636043263412,193,0,ede779a7b95e8f951c41bad0ef230a5b6707e504054427eeb225becf52c951bd
test_0115,test,2,0.5150464286687338,47,0.7490464992182669,108,0,59b373cf1c2ea6e7ef058b5123a34e54668e6986edaf7d9523a78ee28b0d6f3a
test_0116,test,1,0.5369922273114515,39,0.07002114086400467,100,0,8fa981f7de12c16457ad065e1873c6bfc6077277de62d73bff3fecbb6520d2b8
test_0117,test,2,0.572135847822542,114,0.5795120679809469,175,0,0aa3cf2959adab06fc8edea46e3841dd55dc348cb504caca1e0697a712cad909
test_0118,test,0,0.4594561611278116,47,0.4664323066908214,108,0,83063cbd1eb66576e2eeadd6b5afdefc32b29d45ec95b4c2282f829b86801f36
test_0119,test,1,0.5800535184333846,127,0.5432814631469982,188,0,2b9c94142bdd0e7d158ebd7f517ac7cfc196e5a4a38ca0c816794ae7c9b59de6
test_0120,test,2,0.6183781450392635,84,0.31396574456501103,145,0,a8ea5476bada1c8faa044af4a6acd8fc4d104ba124b1173d2b746a041a3aa154
test_0121,test,1,1.148602774314947,144,0.8213506316461943,205,0,90353cc028f916a3c74ede7bf1eb1d17dbe1b3672d9adec00be6e93818447809
test_0122,test,2,0.5666287181415965,123,0.4775068432555469,184,0,404258bfe08276ed4fa0e1097a40a33ad19888beaeee8aec0c0b2a54496c3863
test_0123,test,2,0.5227225940644438,58,0.45450455312699795,119,0,63ee15d016ff7b36c222f16b7c80c5252f2ca618fc9f155c2fc19aa166b5f7fc
test_0124,test,2,0.9363628475424144,78,1.002640925638377,139,0,31d5bb8e919c7e8c91ab73484590261cd408257d8f987b21017d448b4a2a6cf9
test_0125,test,2,0.5644210511646408,39,0.4933774960054767,100,0,6e825ad5bc5ac0d4aad5f3b32ea7797030efa96ae6dbdd195dc0ca5bb037bf01
test_0126,test,0,0.9618536172336531,82,0.5386575561108121,143,0,d0aad500753311586c92163e7ed9b1050743fe06634b5094d9a7d9ea47d2bdf0
test_0127,test,2,1.0869335360990002,58,0.7869064612646129,119,0,27bd2842199c743304397e499c58608f25e3afa2972715e14ef712d33206e437
test_0128,test,0,0.5727821390595544,142,0.29619515702718335,203,0,c595a86ebf17aad7f0e71ef2d9a1a7d3c312507201d0e8faa1d4c739846ca91c
test_0129,test,0,1.1466877975760843,39,0.7723905152542394,100,0,55193e982fca71617687b76d44df6906f8c0c76a65c3fa766d932397d06c9675
test_0130,test,0,0.6794623476777166,87,0.4612618239521166,148,0,0c85323fa29957e238af1cc99f2773f3cc6ca6b884d8377f07f0cc8bc4b9ea83
test_0131,test,2,0.5718547051141147,130,0.4454949144019361,191,0,d40afee9df4ea3ab99e24019692d6507aed10ede7e3c462b7ad9188093b796f2
test_0132,test,1,0.6050161630982939,101,0.3161831201521313,162,0,401c5ac669db0eece70c3ad723db143c92241a958b7844c76c2ad47d62bc8312
test_0133,test,0,0.8063384673583098,146,1.0233557311158457,207,0,11f1ece404fc964ec0b67e2f8222cf6fdea38d566c46aba3059b1f4b8c08bd72
test_0134,test,2,0.7962650079079792,117,0.686120810707495,178,0,aeca2fd5a40ffaa0930efbdd2d7ff21f15132aafee1cc8aadfa99e4de897b808
test_0135,test,1,0.43041533068260296,108,0.4224765666530311,169,0,c607ad07fa171f2ccd51c2baec25b8dcdf89a105c7f0c7bc7f4571ca3d16d6ff
test_0136,test,1,0.926518814457141,144,0.591881992002045,205,0,531c083244ee13475cba3262fa0416d8a3d50c72ec6aec228873740beff9c9af
test_0137,test,0,0.44051772690316593,157,0.2136837814023636,218,0,c42dc0d728daf3330db48c77336764392e739d8292cf8ea09a088a9622c2ae36
test_0138,test,1,0.9636219040875404,87,0.7012703801283078,148,0,64e3b4d6c44f44f00bedda48fea7bfbcb895cc36730f565cdce39825bceca68e
test_0139,test,0,0.783194529426683,130,0.7436925499079133,191,0,0c5fcef3bdafc870e02f1bce72aa1a837c23e241236c0c328c072e8b74ea15fa
test_0140,test,2,1.0220593044688753,50,1.2129850745670565,111,0,f910c6791b03884db7fe5f1a77b453dbaa242802b3599c371eced77b4dbfccaa
test_0141,test,1,0.9255426012055536,132,1.013453972882951,193,0,c86408c11a56f010aacc8bc3124a9474869baa38bdf96c078288a66e9e4ad08c
test_0142,test,2,0.681569430341294,138,0.534406442840301,199,0,b90c27e8065016ac11728f81db954c85f90680a0fa4dbf6fc52ff92e403c84bf
test_0143,test,0,1.1743250485080488,101,1.0721784473698701,162,0,346ac62f440b5c3cc7ed099e54bf178ad5f3b5ce95da172cd840fcc2797ca0ec
test_0144,test,2,0.3025320642980312,66,0.17262893522689718,127,0,8ae7c2b7d79c96975d259a4277488beca0944b35cfef4fefe3814bc6dd85a878
test_0145,test,1,0.8510185398519787,46,0.6786565719842427,107,0,1e023d65924fedd4fa4b5da4945791f1acde22bad57266547bd37b715c90da41
test_0146,test,0,0.3504636008091392,139,0.12185022271447732,200,0,2351b841cf6640325fcd383d2db29cbd210a77570fff973ada68d94b58d1dc25
test_0147,test,2,0.7054491353599304,109,0.5569710130311321,170,0,8109dc486909ebf47a737491194faed8d5d6408dbc5c611ce31076c689f55656
test_0148,test,2,0.6420344724930609,87,0.29968196613739767,148,0,82704bee74161abf61b9aeaf8e56314325ae1819b3ade541e70bf3eaab478752
test_0149,test,0,0.31675333015441465,112,0.11375388087437646,173,0,fcd0051d5230b03621689e7bd67ec2aa00feca72bf1139bceab7332359d7580e
test_0150,test,2,0.8211287925407313,37,0.7373248546142601,98,0,447de4e24a0689640db43c243f11385a5325d5073d5a7ba62d341ee5a48be9fb
test_0151,test,1,0.8787282034145114,104,0.8593076316087492,165,0,3c5c0128a3d2b674d8d197e94db408f271c40a61de08c685c053133d62f7ad42
test_0152,test,0,0.3621414669216688,123,0.13649581239024983,184,0,051470224011e0a155cd51ec379b12fb8c902d8aa4889494bcdd5b2d4c11fdaf
test_0153,test,1,1.1411146105508054,87,1.1600721650511077,148,0,9f19ab33999eb151b908e9c988b7192c15f5c3e9b2080dc8b7be9781d42a5730
test_0154,test,2,0.6666200266083113,154,0.5594113204340684,215,0,e1410097aa5f6b25efb9bbb1ef73ad2f0b3d387b050265b02110c4d1cd3c2adb
test_0155,test,1,0.7041047289004454,152,0.49936974032512416,213,0,26c63b492aee197c4e02672476ef76b851fa292349f5c8942123218299ceca84
test_0156,test,2,0.4509046546902661,90,0.6510464681149467,151,0,81e17ff9806a6430b051f53b3e6baf15cd513d9f5a94c2f3b8bfe9c6ea4789d7
test_0157,test,2,0.6933097230654159,120,0.41142192830273916,181,0,8b0ca4e91afa054f278b34d476aa1687ab927f48d7d9d9e17059321613c83cf1
test_0158,test,0,0.9247221293863017,37,0.7423174466102418,98,0,e69a2650a5e58654592a5822b00dd4b6337bd713b8362c93ad510a5255fe8b72
test_0159,test,1,0.5459531450208341,53,0.14119032194646577,114,0,9f3a8cde6c54d00416fcdb450e27f1d165b8250e6a11dd2515328ed6bfd973ad
test_0160,test,0,0.9379454944545438,132,0.9302034293394325,193,0,b538657a84700d474566ad80312b2de709b6a86a4379ab66ef7fdc5243e2a229
test_0161,test,0,0.7019499940060454,103,0.4919729997875234,164,0,df3085741486f03a4b200a5ff8949e2011b6bfc8506615db4231848c79f1be05
test_0162,test,1,0.45629668781619115,151,0.17031384152016904,212,0,eef7a32d21b83ba90555d0942b5fab2f38ed84ffce6be582614cee2fa9f8cd3d
test_0163,test,0,0.5256921663761949,27,0.5192103568193603,88,0,d818d712b761503e4a720248b1c2607e637ecd13e757e95733b141ce7b6d4ee2
test_0164,test,2,0.3502865572736276,114,0.2160756255210364,175,0,081ee4c187f28eeaa90980aed2dabe73d5e794f2d3c26137c4b61adac4e5792a
test_0165,test,0,0.3732428111044143,70,0.12581195072836507,131,0,506104f425349ecb7339b6f69179f8283f56030a4adaac6182f95f85ad832826
test_0166,test,1,0.5634702081922547,111,0.5098726006267968,172,0,6a68325e690e4783544e5ef2289d07b1abef85ba98bbb29c7ae134aafc126a5b
test_0167,test,2,0.43108573584201465,73,0.44137565675039736,134,0,296e13f6c1d74a2cc23086daed19237681aec3e54ced87f28b21da7247793b6b
test_0168,test,0,0.6697424193189383,35,0.7565223144391495,96,0,d9492cdc92bf18cc7af6b97b66044383aa328486584c1d67fc3994bd17c478c3
test_0169,test,2,0.7038182150496799,58,0.5340140821547079,119,0,f42b29927a90af3ee3825b85833599a2f70ed174c64a06f6da68d7aabb0e5b6d
test_0170,test,1,0.7073793088605,128,0.6985160048248837,189,0,12656d0dd8b1246cee0a81a1a26612463b11cccf211647fa3a5c9e236bd90ff9
test_0171,test,2,0.5344560781542769,153,0.6112347097691798,214,0,c31405de9bff6165096e7cf8a71e1024a9f11268f9d863e8947d96c79162cc55
test_0172,test,2,1.1510142086451,65,0.7700234138846253,126,0,194210204100af6277cbff7a4127c04a14761b2e261975576ab0730bdd3a69fb
test_0173,test,0,1.0934434167273996,61,0.8022961257631425,122,0,1cd599e6e1dfd4d6546860845e999ecd66a5ea32aaca8120d5171c1ed79fecca
test_0174,test,0,0.6220284879238022,87,0.518416843481295,148,0,3ce6d440dca7bfef7e756f26dc7d90c416e361eea3a8b1f12ede0a2fda40b3ca
test_0175,test,1,1.1532832244416882,124,0.8891314097050499,185,0,698a0201bc5ee1f101bfe4b01f4baa9895b3a28c52db5debf5708755b5ca1e3a
test_0176,test,1,0.9273842898811098,53,0.7087042896990964,114,0,1a0a7396037980752c73c004cf1edd3f9ff01dc01515457bdc57feae05a3d9ed
test_0177,test,2,0.9490516860466569,90,0.6965653539840293,151,0,acdefb8e43920dadf733c9155155b873f08a42096d01dc0f274ad12bda5ee3ad
test_0178,test,1,0.5119332170926765,104,0.6001878729212006,165,0,8d5b0309503eda74c161e4961929b2457512ad0fe131b793e7e3df1a066622d7
test_0179,test,0,1.1641494667710919,57,1.1341723894738456,118,0,1f6eb52ef5247a9ce20b15f86c6bbc9d3d6b35f7f0a20c5ad229e8faffe5174f
test_0180,test,1,0.6996955715479143,97,0.6659683808426652,158,0,eb97875b29b69ad03ab8a03da3b899544bb2380c3f357127678900effbcb37d0
test_0181,test,2,0.5278323840152686,24,0.8172192597626567,85,0,b94736260ce7295cfb22b95a7f4a71c87cef08e73eecf4c87a30436b12ee86cc
test_0182,test,0,1.186249146865785,151,0.8467272107712639,212,0,7c0cc5e371e27b3226f70e293fcf231c568d206ff84394ed4386ba7e849d0d82
test_0183,test,1,0.6564651423845246,143,0.7290257070152133,204,0,562357beca7fbcc9a670b357d99890106eb6d2a19baa15d1a91dc0c60ae44e99
test_0184,test,1,0.9621230970904788,152,0.4728100367372241,213,0,54b122dbc94e0e526bfd8e07b3c03968558d25d6b675c11595295fa317979268
test_0185,test,0,0.6447295645491422,150,0.5661694767121939,211,0,885bac390c22434f4ec50e5cf5b6d1f94c3e209e00fe6c1f94721f4824d949ba
test_0186,test,0,0.6302315591082202,29,0.567410648863039,90,0,b6b6bbac011dc13bfce0c065ad9038b4f62e7b15ba7c8201dd4735b6defd1556
test_0187,test,1,0.6928269117491586,38,0.7010656710244684,99,0,2781d3e25eccab73683ce7675165d8cf59e56b8efa04b0d2adb547af577e16f2
test_0188,test,0,0.339118649063122,82,0.386983456497714,143,0,8487e25216e824b7ce4881c45b8c72e2698549df0e60581a49b81e688fed8acc
test_0189,test,0,0.5246745446967362,142,0.4551831509004845,203,0,ad8e2dc3377edace5b127465a582ad4a372a7a5455ab1351a54faa0850a7e97a
test_0190,test,2,0.564148038323396,34,0.5567289419883542,95,0,bacff878af00bc7a8538a7d4da8e5805b0243f94989b68ad5de8b01a3763ae47
test_0191,test,2,0.32662350641170573,128,0.3256652615748252,189,0,60b23d768ba85ad9f7ec529aa1b603791f06a70ce84bb2d26f435c9efde31da6
test_0192,test,0,0.979599371046455,105,0.6995352806153212,166,0,a56e28a62a2c1371875be0e5882c7e2104cee2311dac3cadd3c0893c5442bb4e
test_0193,test,2,0.6580663355011631,127,0.6698545791594384,188,0,bf01ae491a1998153bf40a2bd79f54a3adf7d92a195aa555ea61eec75eebd0c0
test_0194,test,1,0.7166408881350539,90,0.46319570483083794,151,0,7d4c03c23ae8937c9130dc1d3349c26af1a1a6f3e9bb3eef31795619eddc896d
test_0195,test,1,0.5500513762172172,50,0.14190388395732031,111,0,7545ce2ec3ee449598a40e7ae8597c377da4f166f625542b56caeee0a536655c
test_0196,test,2,0.6252691386087426,58,0.375528873160513,119,0,2f2209b6417f9422ab83886842dac87fa9e58dbc966bd5e6808845a71aed36f5
test_0197,test,2,0.6944393117841089,24,0.8172192597626567,85,0,eccf0ae8116ed802fc1eec9263b024af56ee4214e89b3eff0b2ac6ea0626bf32
test_0198,test,1,0.4934031451838613,124,0.44842137631960655,185,0,251679079c432d8ee3ac04c8583d132796ebc718cd2548b5eafcdec132b2c258
test_0199,test,1,1.1323184211645874,100,0.9798246841151782,161,0,f93d3978105d0f683e0d1cdb6dbb6d9ccb8d622eca34e64069b75f0ad7b908ec
test_0200,test,1,0.8684672359193115,22,1.5361517929696508e-08,83,0,7f74e57c7bd50ebc2bde2ba458ac06c2111161fcaa9c9e64cc7a00bcc4c762f8
test_0201,test,2,0.559782475301626,145,0.7836514355762494,206,0,446ff8e0c6b26b38fb099da4295ddc6015acbf1eb9e9e6b65ffce01bbf3df8d8
test_0202,test,2,0.9042197760092283,29,0.7025819717753475,90,0,626e5af7514ba760e220598fad0119651a419f1f2866689aeac8adc5760ee41b
test_0203,test,0,0.3417670431500898,109,0.2778622807628388,170,0,5b571744a9bde7f8a8f34dd04cd8b4b98049cb2ee4cb053b9fe66d58343f03dc
test_0204,test,0,0.5973260335099708,32,0.6236113531653239,93,0,16197d62d7cde4f04f847b9752723dc091667e10e046846c99c25813fc22e434
test_0205,test,2,0.33017516032742505,21,1.2113975282019798e-07,82,0,da04a47a58c5071c9da5150d81fd7d57c56619e31d3905b0aee9c33112e8fb3b
test_0206,test,1,0.7078608247604774,74,0.47809119889248197,135,0,374c77f89b312f9cf7c6afe2b963f46e70fea552b34f0b11c34180f670e085cf
test_0207,test,1,0.30963451444322515,91,0.2727142488617916,152,0,62b6fc227a9f29ba692463bbcc629416a883f6b5b046f95503d2e7ecab424372
test_0208,test,0,0.7738985658141209,54,0.7172062329376585,115,0,32017a39587ae56454f165e23125b200a6f8be789437f110f0cc148b48fb1d0f
test_0209,test,0,0.6302625486852503,70,0.5013634632190727,131,0,ecfe0d0bf80c742857ec43c6c8d34bb71ce0f82e35b666327b4e42e964ee97a9
test_0210,test,1,0.39032340129533066,110,0.13277129216853426,171,0,9c9591bfed84ae890226cac3ecad0dce392bad75828d9e15fbd754abae44e042
test_0211,test,0,0.5058796745996892,92,0.17548369762742153,153,0,5da933a3484d5f1376152dc7e2a401bfa95ecd8019ba675fe97a60b00f03b10e
test_0212,test,1,1.0785078031697894,150,1.2458445872440302,211,0,2379f64cf139ed54bcd56884955e7c047696c83d324cee675c41d10cfdba9305
test_0213,test,1,0.8868659860545018,145,0.6462110334298077,206,0,7ff8933afbf92a5915d5b688cd18df345bc96c0e310e98766d41be75acbac43a
test_0214,test,1,0.8004256637458458,138,0.6278258972844513,199,0,32f4367dd3478771293a97542b3cfaf70f7718105769be0f150932beb11181e6
test_0215,test,0,0.7201817357363463,117,0.4155251660615586,178,0,de9c807f8e998cd5e29f80521f8e79bf248bdb4801a4fb932d3e5c7ebd66079e
test_0216,test,1,0.7130250526813118,84,0.7336976956535582,145,0,eb29cbc4779eae005682f2ea1f94091b009e141c6bccb0584556605f2f3edbcf
test_0217,test,0,0.3042906614750051,23,0.1801441945700977,84,0,d458f908447c0f429ddb5dd4257fc5cda9c6743039bd86263136667df8b2d9fb
test_0218,test,0,0.5878083368941238,64,0.2446130955145821,125,0,d2f7c47f70408117033daa7b609e6ad36ac533187852fca251ae3872b70b95c4
test_0219,test,0,0.5660331937607661,32,0.5796750552705779,93,0,7d75b2442a89348205086c59a4774a6a44575ac72fcecc75b423a5a49c11a51f
test_0220,test,0,0.4121084858325465,85,0.08786151336956335,146,0,aff82984316174444fcc332e99fff44ebe11337586f43ef92fb3f54a05d8f215
test_0221,test,2,0.3086645859280994,40,0.1029980454046236,101,0,a63299442d1d30ba1f472b5e9405c31f6bdc1ddb8b86f75c6a423e51a47ff02f
test_0222,test,2,1.1931223102176987,67,0.8501032538975074,128,0,883c2dedfa9b43b92f911dfad4fb84cace227ed767ad9d346783e04f440aa561
test_0223,test,0,1.0502808664459724,85,1.0114221813442235,146,0,715b70871d40df0aacd3a292a7fd0ed2e811d8e9f7abd1e365f38ea4dbd805d1
test_0224,test,0,0.36553302189629394,113,0.3211258491298017,174,0,cfa5bd208d1aedb4b089f78defc8ace140dfa1d6be29cca05a405c93180fc343
test_0225,test,0,1.0130479100329972,64,0.8900645402056665,125,0,79f654cdb3a1800f72b9d8b4e26fa639a2fdace2ad135da4e9bce4f4b220a10e
test_0226,test,0,0.7607610231649493,105,0.5962479778108382,166,0,d7f6f8031eab9441b0a0b841dd2a8c821c7eb27ad8e1c76308f355b46621cd42
test_0227,test,0,0.6524598026550674,145,0.38568422830347804,206,0,25ffb0da824660a08cd6c02cbd1c2eb483f9152126434365a9f30f956cde61ea
test_0228,test,0,0.32428975231658225,121,0.15143305116088718,182,0,6f9a509989e5a50ac107058b99777586485afce399790b141cc920d08773e461
test_0229,test,0,0.36988525906920316,94,0.23455777109566966,155,0,12de3402c5ee23d5ebc717a7e7d0033e7f6b3e191790c869c972a0d21f270650
test_0230,test,1,0.8444358761558546,65,0.648689248355757,126,0,0f11daee89ca95c52d94454a87f9cdf389555bd144c851b45f9739c41f5c0151
test_0231,test,0,0.9509957803882243,128,0.9983009198224003,189,0,384cecd0faacac9fb7f0ad020f05e5cd7136a24287ff25488b6ba8b048faad65
test_0232,test,2,0.92190179010184,129,1.129737305202144,190,0,6c482706bed5307f61646999456c503334b841693ac8641e79e1ef97d4b1a9ea
test_0233,test,2,0.8560507797777557,93,0.6785763088922088,154,0,598a0484719bed65829e00dd09f45ecaf36e818dc42ff4cf9c11039eeb2266ea
test_0234,test,0,0.7426344494443606,50,0.5928005922042495,111,0,1a4cad8fa06ea07a5d89b8d719a82b573ee78599bed807124019a178ca008c3e
test_0235,test,1,1.0060465894951687,86,0.8985983580220337,147,0,6d2e6c987aea4518f1dca59f3adf7bf7ea3d80a4a1907e3c95fd27d451775453
test_0236,test,0,1.169727097160554,47,0.9322864889768058,108,0,3318445ecae6c164515a52f9ef0e87823800fedbdc829c5a4b24cc56b934f722
test_0237,test,1,0.7407019450549426,103,0.5124672732936834,164,0,1b3eb1e86f9e327147bbeb4797f5b64f481d2af697c4c6134c8fa4019ef1cb00
test_0238,test,0,0.9299169323765908,103,0.9670570221167868,164,0,f68686dacf21152ff5d560cfcf93835f900ac966befb0137aca71872b1298f6f
test_0239,test,0,0.8992827027627757,26,1.1269376741514874,87,0,e3483647a3bb601fde9dd9bca725919ee0bb444cf250ecf40a38bccd99bbe337
test_0240,test,0,0.8037000089678967,133,0.6931793619355475,194,0,6848f2dfa385a961f5758903c48fc5500a41edaa5861a00508afbc6d23e9067b
test_0241,test,1,0.4636256331442248,104,0.38000421228023945,165,0,9e66987e15e164da7238b0c819eed3f3357da31f7b82158716fb0d1889b89871
test_0242,test,0,1.121498343388867,80,1.1400719376392097,141,0,1dde1f5e9d129c652e25510998f1cd8aa6ca86dd9be6792818d41f090523fbb0
test_0243,test,2,0.5506668860140733,101,0.4429081957423531,162,0,16e3b92934ac6a739d829c8d26cd783abf256a4950b08c15827797a93b949236
test_0244,test,1,0.982061329488567,42,0.9806463718932347,103,0,6fcb3c58a2e48d33fca8bca38b45f5b4927398f4cba5814e30b97b7d76ad2f9e
test_0245,test,1,0.5429571193144087,47,0.5104736606266985,108,0,6113eca8f6ba1d0c9ef07aa070074ca17835b9186d9f43aded527c5405c9b0a4
test_0246,test,2,0.5591555248065463,126,0.5049111531183013,187,0,53d1111bc3384b8a109ce66df6fa2a16f23f00899fbfcff8a750b4c7d439ec85
test_0247,test,2,0.3507036748027644,25,1.084069093180874,86,0,41d0025c4803ad66fe39a89c38cfb7775010a23c72ee00d46a3deb286e27f4d5
test_0248,test,0,1.1589676723054978,73,1.0265966590735018,134,0,87aa0d49438c02420e7fdb71939cda3f4fdff37b54848cec6147668dfdf65211
test_0249,test,2,0.8950628926725064,57,0.9609084874797199,118,0,78392bd73118aa44770042d2fa5bd067578e8751ccff829f975cc5862e7a0650
test_0250,test,0,0.4038062557094208,59,0.13857433093030183,120,0,803e8b904580940c1aa40efbf79148e8c724a371e34704e14250aa2f4ad6843c
test_0251,test,1,0.5263777605938569,58,0.45445934981659974,119,0,24cbc20c00a30263aa92e5e3309ede6c59499f143a8d99f81d75c9a6b9725a91
test_0252,test,1,1.0866270437040868,131,1.2603900630618468,192,0,66734c997ee095fe530af7b55fac36c3efe831b676b283a8694dffb472690a56
test_0253,test,1,0.846766792993034,51,0.6991653676105509,112,0,797f6726678e30bdb228cb1d18e388935824557fe58438bf3add0067636671b9
test_0254,test,0,0.9654370098428717,62,0.6650590175569773,123,0,7bc958e844f69c1e182f2f2a194bad89e091fd6a55edb9b8999cba9da01040a2
test_0255,test,0,0.7401056810404898,73,0.46029135102214774,134,0,b7c1b29143eafa47d5aeb286372297609b1fc440e4065e3ac86709bb5fc1245e
test_0256,test,1,0.9292156563442566,140,0.5533936395240726,201,0,2862b98599ff0baa6eb221f6be152daab9c57cf367ca452fe62ffacead66e607
test_0257,test,0,1.1810190207278313,123,0.848400306860996,184,0,4c5cb422d89f6ab25195ac13b79c07e58e0d936af10ca3818ef7ea414a4eb254
test_0258,test,0,0.6060098476976746,143,0.4971296071988203,204,0,f9fb9e6ec4b1649989b5be7c2c809c5dbd263d538a54095ff0d2c49b25086220
test_0259,test,2,0.7351985768756433,21,1.2113975282019798e-07,82,0,336db3d61107e1ad78e9e170bb605080cd3bd062ab7e95bba54fc9143292103a
test_0260,test,2,0.6994381373918077,118,0.5209581937711601,179,0,5b5ac2c799e6d6803f5748aead36e6771a23a86a3d24e5f8c7b0f0078885bef2
test_0261,test,1,1.199836809671628,67,0.9456539327776238,128,0,1e50d254383d22406b6de83a43899e5b0e6aa7450f8f3ffb58f304326fe3c7d8
test_0262,test,1,0.8175232209240106,137,0.6133904180855452,198,0,255af7af4a8bdb0973880c7a19828f7909e44ffb42742c0849013f922a567a77
test_0263,test,0,1.1093458350195364,29,0.5465677984353616,90,0,7b512461798fb33eee55b29f383e4e4aa40e80df8af82b4c5b8af88781941588
test_0264,test,2,0.912626345644378,94,0.7309950351129468,155,0,e872172cd78904b3d4be06dccad3f04d1f1afdf9ddc9f04559d1f8794c32965c
test_0265,test,0,0.8489618903988712,115,0.7699452570900599,176,0,55b19c7f8c28483ca9253a5733c629907f4cd23666e964d6a268f34db4a4cfa7
test_0266,test,1,0.7364542321561207,88,0.9685224819753128,149,0,d05a5dc5ef207c07a6a7124f1d56ea07e670268de48fd528e254a04da53d8ab9
test_0267,test,0,0.8815369423107704,82,0.6591837729722745,143,0,d9b82604a3c3d360b83e4ea86ea26416b8edeb6bbce652dac3c13ab8a3f41809
test_0268,test,2,0.44086345912225167,90,0.17112639055748988,151,0,ba096eecd1f3e6a47ed354af50543c98311419674c45d933e80ef996363d7ee2
test_0269,test,1,0.33444638436753105,150,0.2837703988381152,211,0,7ca52e32e0c63a5129f4ae0b29cd10beb66df333353c3f02a1abf17da473836e
test_0270,test,0,0.46066782464139444,119,0.15203172808905438,180,0,3a183ddaf32f7e9934b748df272944d05425096642757fbb6308d9032ac1bbfc
test_0271,test,2,0.5109414633596959,37,0.09966633650077576,98,0,5d1d617cfa288b201ade4b9ece8bd50330dadb4d21a4bf008c3a7c19eef7830d
test_0272,test,2,0.8333366488384459,138,0.6287705548715061,199,0,10da6ac1e110e941ec2ac529ff9ab63c8ad826088dd017612f2e7e8be509e1a8
test_0273,test,2,0.7699320872108699,98,0.7733801861811349,159,0,3fee89ca87b06105b41b3706ff38c4ab0b455f0943c360060de67470013c8198
test_0274,test,0,0.9527406447060203,70,0.9599645192448334,131,0,04be05d9461255d3165aa4cd52dda860a77978bc49781660e6e676d4ad59a9e6
test_0275,test,2,0.49601100068141074,104,0.11288205312137874,165,0,c9b40152e48d865fb626a514c6d8f4446c110470e179b3ba34b9a0740836d1e6
test_0276,test,1,0.4720974358752925,61,0.11581374240366221,122,0,11d61f1a2cef169f250890cca692ab6ce79304c83d03abed3198606cdb08c1c1
test_0277,test,0,0.41252506183590265,107,0.11478084915439062,168,0,9e281c004c84bf11c7bc1a4687e6dd1867ba6981e3d5078bf97ed84d40026c7f
test_0278,test,1,1.1159314449908257,34,0.8929555419276344,95,0,96c7e18e8b71e69fd3d6098b4ce505eee92b8c753497474ff322a2589c8f7888
test_0279,test,2,0.8279467794449042,71,0.8979748200766764,132,0,d9afd4b6f31e3f3365d6a4b62a8ea87298373d27a3cd1a350a4a766616bf95b5
test_0280,test,0,0.5068041528022781,84,0.4772552174686655,145,0,5aee63ed49fdc6adffe863a9a377cbd7f4b2b989fb94cc180e9c532c8a64c5bd
test_0281,test,2,0.6686804824916543,92,0.5041839462947533,153,0,a7e8c3a8ef5d35bcbb27ca633e77ec2584f5fba3969aa6d7ec518dc40b043581
test_0282,test,0,0.561666047043392,63,0.07398643646723929,124,0,9360c6bd6261000cb22e3e3befe7214f574d714bc16a6e0b51a058f5ddb505dd
test_0283,test,1,0.6230309685299584,99,0.2940978676033654,160,0,dbd26e6e0273b6dfbf353eb53af01bc9d3019796f71c1be132b28ad3312cd5df
test_0284,test,2,0.5935677953371284,94,0.6669485745059731,155,0,af94ce79c93aae1692aa0d2697021d2797f7e3281ff2e9cc9a46d356580d1cfb
test_0285,test,1,0.6904866226971,114,0.7557176404628799,175,0,22295d7a0840abb559d330a6b0aa3eff4197f9ae6ab5a562753d2fc793cb09d1
test_0286,test,1,0.436392211592957,61,0.45489337305001737,122,0,f0ce25b815df6d017e57a68e330f7ffa9066203549e6a46bb32c9d07c07e0644
test_0287,test,1,0.629955102469185,35,0.5905725806603881,96,0,df1f5f3852970eb7c85e9714d3e153fb4f6f377c857ca27d6c614ca4a11295a5
test_0288,test,0,0.8472066696430955,60,0.719557089485548,121,0,82510e65cd27f2e4ebb4203f33e729ca02172ec502c86f2801c6e6094619432e
test_0289,test,0,0.7169229753644162,26,0.3424008018276749,87,0,931b5e98486ee26694bb7b202a3662efbcb27fd2fd2ac51fdaeab64f9d16c74d
test_0290,test,0,0.8439448912134906,51,0.6994014425852024,112,0,858eb68284119317cb7f55fac399f99c2d178f685f2abe20c7ddd8b4807642b4
test_0291,test,0,1.0993563717077752,112,1.1478324232407526,173,0,ca0acfbbccd8078f5df57a30125958c9ef53b98b69f0b94cf5b63a9a90c7cba8
test_0292,test,0,0.6278802284837082,26,0.33583257724459886,87,0,9bad59564259c551cc78645d101c43771e5a755bcb0483ae639507052e1c9d50
test_0293,test,1,0.7520835709636235,67,0.743496912878186,128,0,ee0e08eb088fcc6ad7688d4d0af14c7e4384cf6e4b0c0f01e6b5cf9f4d67d426
test_0294,test,2,0.7399274156141555,52,0.7501996689958822,113,0,3cc0bbefbfc5a8e086a9758179ab76da09a74d2740f738761686f974475732c1
test_0295,test,2,0.9385073469915057,42,0.9319729709882115,103,0,69cf9350b0d5a32386ba4d62d85f4467d94a774451a13b83c99e865f78ce7ad5
test_0296,test,1,1.091414875418511,154,0.7014508320693631,215,0,e2c17475cbc94f205e20d7c0244ada8039ffa0a82d23d9171352be1551aa2a12
test_0297,test,1,1.019886383135538,124,0.6835659989459969,185,0,d30d00efe127d5d7fcb08bcd7d54adaa47e460154f6f3fbf53acda5e7d4ff680
test_0298,test,0,0.7046455568421283,51,0.7958981391869712,112,0,ca8ba240cf611ba3e21fb2a2785b31456931ab902e4ea46898a507ae155061db
test_0299,test,0,1.0979924882224537,86,1.1027757305841301,147,0,fcc8f5b7f688dcf9b9d48f160852c31a9cd87f383a0e7eb3542e3c2ba07d0b35
test_0300,test,0,0.6971182870593249,158,0.4387362174548274,219,0,155067ef7ec64062da5e95c55a3038b558acd9f8dc662ac646fb936ab6e5ad9f
test_0301,test,0,1.1982114279613547,77,1.1768443809861002,138,0,dd5205bbaafae1cfacaf436ba967a92c126a88ef1b8599f85c538741d7580ddf
test_0302,test,0,0.4087022400925439,30,0.26228644770437265,91,0,12e1fe91d91af247d459879ade2262d46ea09666908c5fdedc36d6edd595325f
test_0303,test,1,0.46054466195532195,141,0.10644709786268998,202,0,c83d5f49baa123141501420f00ea7717207fb07cb5ccc053cc7c50b91fa4846a
test_0304,test,1,0.6588062988738332,58,0.3066346533148148,119,0,ecca3ab2ced35a1f2af06dfa9a89830c9d36d3ce7bc56cc78f99d786f16c8f3f
test_0305,test,0,0.7751357717615426,36,0.627397072670723,97,0,5352a838bf584aded486a0156a3e0dcff55d8b13e19fa8de0945277d020566e8
test_0306,test,1,0.94904219889086,114,0.6003144119978838,175,0,772e85a8f94d066cf9a94f6027b913d62a1e9fdf09a1d95dbb9b5762fc789778
test_0307,test,2,1.0142200779368968,81,0.7135927938425577,142,0,f7e2786dbc27b34111e3e14f1c05e0e63e543e641128940acb144917a2aa120c
test_0308,test,2,0.7314187656219764,69,0.7132294980488696,130,0,c841711366f3116114c45f37592623911a16408fdfe304875717af46d7c69f5d
test_0309,test,0,0.8567044158512136,85,0.7968158487451635,146,0,6b254b0432a3af9535bcb38cd96bbe899cb9ab35c775238fc5f20f8b21ad285b
test_0310,test,1,0.3908178973651311,31,0.17395644324582976,92,0,ec883a7d15b58dce786ebaed6a5e51b20a9bb8396b1dc05495046633e5a4818e
test_0311,test,1,0.42212015543172043,81,0.09420236501228926,142,0,b76bf7dd50c1b393f8035650e56a43f158c1e20eaa397d97c5a4e8b031c74aaf
test_0312,test,0,0.9032654066001264,34,0.6446967625501394,95,0,4605bd4a273d66c281402a12887477d38426af30c2a9ed35253b5f3da27b1702
test_0313,test,2,0.7574457986879577,69,0.8402553474399433,130,0,ff8cfdefb83545a1b43e207feb8125f82e192e44681f975f2ef5599c3471d629
test_0314,test,0,1.0323951745902877,159,0.6204179970837463,220,0,35bfdcddb0095098ae4321ea372c26255b6c1d69702c46d3aa3594d9137b07a7
test_0315,test,2,0.4987690907476344,141,0.5035965604512452,202,0,29abfad8434514dc8799fdb59a29a77a849d4bb12316e886777ff5cd8aab6b97
test_0316,test,1,0.4710249310232308,154,0.7024251464325184,215,0,f7d44c52aeea3b3493b777e46ef990cbde6a65c717761818310264afb2bb4f9c
test_0317,test,1,0.9250811558409882,89,0.6254010733362806,150,0,f126cb99a7b49bd6f0f83031464639a8f5c6eefb68b333bb03f5af1270c28f91
test_0318,test,0,0.8205099213390865,157,0.6883316436861802,218,0,0132465abf1200271fddb44b0ce7f1fa1ddca9f2ec4f0ac6d78fe66ee75fa213
test_0319,test,2,1.0916503342018173,125,0.7005899723200337,186,0,b3040c7c7a9f4ddcfa841f4bbe6b3661a6a5255e1e961db7b65ba98f8a68d4a9
test_0320,test,0,0.860055143169651,56,0.8549721639432054,117,0,a63c649a3299d497d9429c6c98a22739e8991704533bbbe0f5fb8bac74710002
test_0321,test,1,0.5913813357312432,152,0.8028957555941839,213,0,1b23b109a97a322f4ba5d70811711eaf8fe2bc0b8383a5cf67c3af9be2232924
test_0322,test,1,0.4697135866587436,140,0.018969155242373605,201,0,113bee42d55b3d0ab4daffaa83357c337d1143075b33989fa33540611cb7bbe4
test_0323,test,1,0.5520294512166,65,0.6238905157781597,126,0,fd1953c8c59cbe11440b216a3f091a735050ed53a83d486eb73066b79230e25e
test_0324,test,1,0.7434891400341996,56,0.5001577522294325,117,0,d314464c074c16a50ef252e660f2c3f8ea71e71c2f466cef07305ba4e036452f
test_0325,test,0,1.103650094242667,71,0.8302673856997413,132,0,21f5c4ec031883d204d2bf2b9ae213f37808ba3e1eec2c6cbdb7fa3492d24e15
test_0326,test,0,0.9165272252783219,48,0.7781720474734035,109,0,8bcfa4d8e6956021535083dc599803f153c0d5e194fe4ded70169f070690736a
test_0327,test,2,1.1002217136951553,151,0.6891529679736089,212,0,9ecb0dfa1c528539aee2a39f59f3561a1d9f850439f5e5121f264c90b5887223
test_0328,test,1,1.1456722916699644,84,1.193261260054404,145,0,4e514dfe1a3d8dece484b7506729ad8247a154d5c29f2e5e4379f8dcb9850cc2
test_0329,test,0,0.47318872911813625,141,0.5568873138041777,202,0,9170a1c084a43f7afcd231a4cec88e1852263757391ff0a74737416657bb5c07
test_0330,test,2,1.1467829710653028,65,0.7663607134353122,126,0,62b1bb349282247c51026d200cd2daf7e861ce498a8971b1d93721dbc08c6a93
test_0331,test,2,0.34482041445053385,23,0.18014814913433153,84,0,0ca64efa091ee1d5b41ebd267850d30b6761178015ba373703538d5d957e65e3
test_0332,test,1,1.0325254400013368,62,0.7952295434798462,123,0,ac380e32e2b25b4ee3ee2676c6998204dc1f4027f7e2eeefea30d37f131c5cfb
test_0333,test,1,1.0128456521961695,147,0.7477536028881608,208,0,fd1cef9175b5074254c0181b19bb2326dc651cafaff4565372f53e0c9dd660ca
test_0334,test,0,1.0937131422657453,144,1.1025284793644714,205,0,f2b722990ecd558df0753a6b8098784fda50f8451e6a2db424a483e852950a49
test_0335,test,2,0.6315255151985313,83,0.8465300803464659,144,0,a7dc30f314d1ad060ce4eff5d6b72e37abaf7e3a31f6fd04fbef584877a4ab96
test_0336,test,0,0.6644090706385883,62,0.6267279675030826,123,0,ee01e92e1b60f4b620664ea8d397bfbb7e1c3d62b4bc5b02618804532a27c30e
test_0337,test,1,0.3668452363380227,148,0.41792172438614883,209,0,f795f2cfa2d29e68911c2e86e1b59e301c6e6293f04cb1401ea23d72a6426c16
test_0338,test,2,1.01714532125133,50,0.5712984369829037,111,0,d6a59b7ea16633e5a54b474b887de0eeeb93d9de289b39dd49c33e2a3896afcb
test_0339,test,2,0.5487007668033312,85,0.4199035021348541,146,0,f7235ebe600bfc40a2bb21bfd2fbe96ee6b688cb314abe2f1f6a8818c02f53b4
test_0340,test,2,0.32730681648459015,142,0.3595802376520567,203,0,eb19a0fe7eea27a68faa4ec56a59ca506257c54e480b14f313b66f7f6c8353af
test_0341,test,1,0.39261031458995843,123,0.010670400075090711,184,0,e6530b54ada023514ea13fb0119a38393ffbe933670cfb13d9002ce6fc720e7e
test_0342,test,0,0.3565165203010697,100,0.28152602559336004,161,0,11fa7c61c8fae797e400135f3333e822788e537c8854743393ca7b4fade7aa4d
test_0343,test,2,0.8091978673935158,133,0.6935735171257399,194,0,b5aca61447f1def23ec6dda74714e884a53277f0fff806660e7d7008ccf07429
test_0344,test,1,0.6880848554861756,149,0.3899756454060404,210,0,22325f53ff1e9d88d2fa0797b76ca55802ddd6338e8f52dabdaeced9efabbb79
test_0345,test,1,0.6678048056859449,48,0.5359434274524617,109,0,0c1a0bf8d5603dcf82df026decce1d2e957c7faf604837c2af2c84a07e7d161b
test_0346,test,1,1.1587541142318563,121,0.8948016371082749,182,0,f2928667251689bcf3f39108a4d14fa7c00d208d453542fd48f3e2e9ed6a853c
test_0347,test,0,0.8396871159535337,61,0.6319588455591103,122,0,16f261fdadeeebcaebe946565ba0f3811d7c2a4d4491303e13006f20c2c9cc26
test_0348,test,0,0.6802612727390167,73,0.5043822208873059,134,0,5b04c345223e3c41aac728a987ba27d48bf46df586f817dcc5e145b884d8b5c0
test_0349,test,2,0.8224841755766241,87,1.0267127836653278,148,0,7246b7b11cf087982a9a421517a32d82355dc948064c8eaa62399c6a2e2bc8ab
test_0350,test,1,0.5485597320318851,123,0.19250120462484768,184,0,ec7d26c30f4dfdff6b7ff1595ec5832e37b94e4d58529f1ce9833a81f8ed820d
test_0351,test,2,0.32213555183429765,128,0.3237510974856067,189,0,57f3d7829a42fb9cc1000703050ba8cdc44108b45c3df2008a46deb5e279f93e
test_0352,test,0,0.3213526439489299,100,0.14257945355617477,161,0,2d4038964befad6e25317924e44a6a09b4e5f90d52dd503ec910ff208b408b3e
test_0353,test,0,0.9261522140877991,113,0.9539537385838381,174,0,d05adda9135b36985bdf36da83f7f55b032d020e448e8d91264a72d1c3565083
test_0354,test,1,1.042906195713175,104,0.9028183842229571,165,0,2d67371929808e92f21d5e7caad5431b44a4cdef0751beb4bd34c77d7ff39dab
test_0355,test,0,0.46851990369676866,22,5.074855053499994e-08,83,0,87b7c8344e7b091b4d87ed6e28d4c4ada039bf458f6e9b1f73531829ef664f47
test_0356,test,1,1.186184720860585,110,1.1421647032816558,171,0,b3160494c67bf45b944b665020724c470ef3b8120078dcda39c816d5440f4d0a
test_0357,test,1,0.5640915213102634,148,0.5055354394285781,209,0,92466058cfb198c38a8b915be9db9ea2819917688468e1c1986135c97b18ca06
test_0358,test,0,0.7990023275174623,151,0.6119467197990747,212,0,5c4ec77f2806e08e7610cace9338098abf08daadbc9e321f920d3fb071a358a2
test_0359,test,2,0.8078456471394146,100,0.8919265025257593,161,0,4fc8c91b400c39bf66b858aa61a5c9a19da514c924ba14af13f6c4bf16a71591
test_0360,test,2,1.042004088018964,150,0.982086277251311,211,0,888ae181a74e62bd00a1aaef1dab95542ef535c36a710570331d54215fb4041e
test_0361,test,0,0.4601000457754897,106,0.1161162606779822,167,0,a768b8a788e103ec0d71a216d508b3e9e69c5768adb4cd6843779316c54ada64
test_0362,test,1,0.8482067412168728,95,0.6345824256458995,156,0,86d0d4b97ba132c247771da8eee0fecb3854051a30737c9ad645e828fe7ec33c
test_0363,test,0,0.8496363078447904,52,0.7344937516219662,113,0,6fecb0db84256a6c5d52a38fda338fe8a16827d8c22889adb6e4248679fcd3a9
test_0364,test,1,0.6969127443722178,139,0.5602127279390038,200,0,adeb2919bd046e41b6af0df46803ff8a4779df7e10080c217e51faf142e2dc5e
test_0365,test,0,0.4871069339967451,98,0.49493549238617984,159,0,95842949cc8e45f6866d011acb982266dea465399ba23ecab1aaaf6465c4046e
test_0366,test,0,0.6820506767406083,42,0.4626098142730699,103,0,c499e0bd7ce3de53840b62828dcd6d88a625d7ae9430e8d189fe2277dbe4da3f
test_0367,test,0,0.7113718879274414,93,0.6649564071696126,154,0,49838b3b1b5e23544a717722b66411e4f1eded8fd7e3ae1280a76a18d6ef4797
test_0368,test,2,1.0732582872375134,116,0.7895887719365674,177,0,a966fe9155c682b4edd8aa7d44d907c91312727d016709eb2c3b4f13ff7e6da2
test_0369,test,1,1.021231819857773,147,0.7197804660207855,208,0,6dee701fb16654d1ec2d972f5fdecb93c3d60be1bc44c7bdde115f7d5c969123
test_0370,test,1,0.4223763334230678,55,0.11248019841953676,116,0,3402e0e4ddd5ae66607faf57b5cf2a1ff44e1ab766c2fc7d6e58b8ec87e2186b
test_0371,test,0,0.5807356709336393,30,0.5312911060227256,91,0,115641632575a49bf2abc0a726337d979ad2fd31ecaea5471b5bc818108cf4b2
test_0372,test,1,0.975610556091894,137,0.9953972215717203,198,0,37013920a087be7d78118d9a2a913e737fa0b7fa84e1df016e74bcc812322de3
test_0373,test,2,0.6316247911512409,140,0.6325113495382951,201,0,07c4d08d096813cd723be42ca8c592229dbb33d66276217707124aaf59aba321
test_0374,test,0,0.7458409877468508,154,0.49629649590870667,215,0,cf496205777017258e50774ede16e7a490c5182efcb86046f73431ac53805b64
test_0375,test,0,0.49505949033108476,126,0.46594544709761054,187,0,f9c195cbaf088acffa167bfc35d0e97459677820f5d2cfc70be1e57daab2c5e4
test_0376,test,2,0.6908129468747949,97,0.6623005232632587,158,0,1645f7132a9e7012793ad40fe8a353318fc4f72bad90e9a735ce1566ee3982ad
test_0377,test,0,0.5119582047806851,30,0.014951600914902777,91,0,98f2922c37ddbe0ed4ab2bb9df57660bf8d96d37ee974dc68c5b49e50a364ba2
test_0378,test,2,0.33427213624710467,91,0.14459912627185825,152,0,239db237cbdb2c67f8de4569244c86f53f0dda5744a0c7e6650234564fceb656
test_0379,test,1,0.5596945152698739,88,0.5644504831255683,149,0,156557fb15466a1030194142ae17d883e137316409f75898c76607382ac824f6
test_0380,test,0,1.026410138387593,25,1.1379239274523896,86,0,8a5255908a1d6a71236ef5a119b1c9ab8ea30358ea13348e1f095e8003ea493d
test_0381,test,2,0.8046263554162918,50,0.6884025782724735,111,0,d4dd1f80b970e2bd278b0452a91a7586b82b0456a073b0201bcab8e49384112b
test_0382,test,1,0.8840423948245184,67,0.6841563925728181,128,0,570a09288bd5f53fc903acfe1c12bb3a90562cdee2588346c06687323dd3e173
test_0383,test,2,1.1345141469963613,80,1.2887090715026468,141,0,36d866a3b15054bca65579e46096955f6f48ce9f1cdad6f28735a892e9076a10
test_0384,test,0,0.9470950049580469,22,5.074855053499994e-08,83,0,e5af31f158619cbdc15d4521454844a017ff596fcbd0161172bff3ba0380f59d
test_0385,test,1,1.1914366870843112,97,0.793432819264112,158,0,69519a7d76167cd6d9293814a16aac0c90ec5688a21ad2799fa52aa04a6ccf25
test_0386,test,0,0.47751294668434885,56,0.4951335916552141,117,0,36834704dac994182f09cefced7edced73f56c88db94f83a6ee79b60a966cb1a
test_0387,test,2,0.8604468381677413,54,0.7813544825572761,115,0,2578614ee2f170179b396b9b8da23fc039a865f2021961b8ff5e97d717bd4050
test_0388,test,1,1.1286661247380845,158,1.1161983437054581,219,0,687184a1bcdbbdb8bd583f6083bc34e9e753861e91b41103ce2822458c759856
test_0389,test,2,0.3896916464470179,98,0.41947077633394236,159,0,172a6c895397dcb053cae01efb82f991bec3b8e8e94516ed046b77a9bc492651
test_0390,test,1,0.5073519590167379,54,0.45980864231845386,115,0,a424840c8d9ab96f42b41e7121ac5d4f53805d4d21d6cda43ccc9ad8ab9af607
test_0391,test,0,1.1957679620473989,86,1.0727936322730762,147,0,54a26c6ae8602b930babf2124150b2bf76837cf1a567197fa823cd7c2e4f71d5
test_0392,test,2,0.8421291997223999,82,0.7039367205489808,143,0,b4c2a6f1a51619793b5f0ca42cf04d75ca8cd6b78eacdb215cfc81e24e3d6545
test_0393,test,0,0.8598178713060634,48,0.642022137822581,109,0,c3f922b46b1832e8c0502ec58e8d54b855984eb26dca2f2dfbadf2df0ff83d36
test_0394,test,2,0.753070584500233,86,0.524522403222428,147,0,e3c682d1dc1cb1af4ba998aaef479588fc8909272d6b490f258cff55379572b1
test_0395,test,0,0.4095504517726273,112,0.4618669633258197,173,0,cdacd73b0b385d13b1986e0cd0f7b67a1049bfcb1f57608cd85d1070c1b006f0
test_0396,test,1,0.781048507305165,156,0.6671728408788091,217,0,d1ee0838596a62a441a675e933010032e643d42166eea8fc430091a131caf298
test_0397,test,1,0.3488790098167813,41,0.12676005540493543,102,0,eca3b8d6b4e4cecf05865697cebebce6c7e43f1d3067f4df06964de5d55a86b8
test_0398,test,2,0.9703484699649161,21,1.2113975282019798e-07,82,0,b43e1d7d90a3a9f4e4abf654473a80d4968bbcffe43e39859e3a6c56c3744f19
test_0399,test,1,1.165838187452171,68,0.8502987409489248,129,0,d18c87fc066866070045b92e2edbf22fe34b61901e98deeafd7aede6d488f23a
