{"id": "vehicle_audi_a2_calibration_00_v0", "points": 21612, "actor_returns": 123, "frame": 2089}
{"id": "vehicle_audi_a2_calibration_00_v1", "points": 22532, "actor_returns": 79, "frame": 2094}
{"id": "vehicle_audi_a2_calibration_01_v0", "points": 21612, "actor_returns": 117, "frame": 2130}
{"id": "vehicle_audi_a2_calibration_01_v1", "points": 22532, "actor_returns": 57, "frame": 2135}
{"id": "vehicle_audi_a2_calibration_02_v0", "points": 21612, "actor_returns": 119, "frame": 2171}
{"id": "vehicle_audi_a2_calibration_02_v1", "points": 22532, "actor_returns": 53, "frame": 2176}
{"id": "vehicle_audi_a2_calibration_03_v0", "points": 21612, "actor_returns": 457, "frame": 2212}
{"id": "vehicle_audi_a2_calibration_03_v1", "points": 22532, "actor_returns": 198, "frame": 2217}
{"id": "vehicle_audi_a2_calibration_04_v0", "points": 21612, "actor_returns": 1943, "frame": 2253}
{"id": "vehicle_audi_a2_calibration_04_v1", "points": 22532, "actor_returns": 395, "frame": 2258}
{"id": "vehicle_audi_a2_calibration_05_v0", "points": 21612, "actor_returns": 364, "frame": 2294}
{"id": "vehicle_audi_a2_calibration_05_v1", "points": 22532, "actor_returns": 195, "frame": 2299}
{"id": "vehicle_audi_a2_calibration_06_v0", "points": 21612, "actor_returns": 262, "frame": 2335}
{"id": "vehicle_audi_a2_calibration_06_v1", "points": 22532, "actor_returns": 179, "frame": 2340}
{"id": "vehicle_audi_a2_calibration_07_v0", "points": 21612, "actor_returns": 122, "frame": 2376}
{"id": "vehicle_audi_a2_calibration_07_v1", "points": 22532, "actor_returns": 69, "frame": 2381}
{"id": "vehicle_audi_a2_calibration_08_v0", "points": 21612, "actor_returns": 216, "frame": 2417}
{"id": "vehicle_audi_a2_calibration_08_v1", "points": 22532, "actor_returns": 90, "frame": 2422}
{"id": "vehicle_audi_a2_calibration_09_v0", "points": 21612, "actor_returns": 102, "frame": 2458}
{"id": "vehicle_audi_a2_calibration_09_v1", "points": 22532, "actor_returns": 62, "frame": 2463}
{"id": "vehicle_audi_a2_calibration_10_v0", "points": 21612, "actor_returns": 76, "frame": 2499}
{"id": "vehicle_audi_a2_calibration_10_v1", "points": 22532, "actor_returns": 48, "frame": 2504}
{"id": "vehicle_audi_a2_calibration_11_v0", "points": 21612, "actor_returns": 162, "frame": 2540}
{"id": "vehicle_audi_a2_calibration_11_v1", "points": 22532, "actor_returns": 82, "frame": 2545}
{"id": "vehicle_audi_a2_calibration_12_v0", "points": 21612, "actor_returns": 318, "frame": 2581}
{"id": "vehicle_audi_a2_calibration_12_v1", "points": 22532, "actor_returns": 163, "frame": 2586}
{"id": "vehicle_audi_a2_calibration_13_v0", "points": 21612, "actor_returns": 105, "frame": 2622}
{"id": "vehicle_audi_a2_calibration_13_v1", "points": 22532, "actor_returns": 61, "frame": 2627}
{"id": "vehicle_audi_a2_calibration_14_v0", "points": 21612, "actor_returns": 395, "frame": 2663}
{"id": "vehicle_audi_a2_calibration_14_v1", "points": 22532, "actor_returns": 207, "frame": 2668}
{"id": "vehicle_audi_a2_calibration_15_v0", "points": 21612, "actor_returns": 316, "frame": 2704}
{"id": "vehicle_audi_a2_calibration_15_v1", "points": 22532, "actor_returns": 139, "frame": 2709}
{"id": "vehicle_audi_a2_calibration_16_v0", "points": 21612, "actor_returns": 258, "frame": 2745}
{"id": "vehicle_audi_a2_calibration_16_v1", "points": 22532, "actor_returns": 173, "frame": 2750}
{"id": "vehicle_audi_a2_calibration_17_v0", "points": 21612, "actor_returns": 159, "frame": 2786}
{"id": "vehicle_audi_a2_calibration_17_v1", "points": 22532, "actor_returns": 94, "frame": 2791}
{"id": "vehicle_audi_a2_calibration_18_v0", "points": 21612, "actor_returns": 80, "frame": 2827}
{"id": "vehicle_audi_a2_calibration_18_v1", "points": 22532, "actor_returns": 42, "frame": 2832}
{"id": "vehicle_audi_a2_calibration_19_v0", "points": 21612, "actor_returns": 211, "frame": 2868}
{"id": "vehicle_audi_a2_calibration_19_v1", "points": 22532, "actor_returns": 97, "frame": 2873}
{"id": "vehicle_audi_a2_calibration_20_v0", "points": 21612, "actor_returns": 155, "frame": 2909}
{"id": "vehicle_audi_a2_calibration_20_v1", "points": 22532, "actor_returns": 86, "frame": 2914}
{"id": "vehicle_audi_a2_calibration_21_v0", "points": 21612, "actor_returns": 207, "frame": 2950}
{"id": "vehicle_audi_a2_calibration_21_v1", "points": 22532, "actor_returns": 134, "frame": 2955}
{"id": "vehicle_audi_a2_calibration_22_v0", "points": 21612, "actor_returns": 171, "frame": 2991}
{"id": "vehicle_audi_a2_calibration_22_v1", "points": 22532, "actor_returns": 87, "frame": 2996}
{"id": "vehicle_audi_a2_calibration_23_v0", "points": 21612, "actor_returns": 150, "frame": 3032}
{"id": "vehicle_audi_a2_calibration_23_v1", "points": 22532, "actor_returns": 81, "frame": 3037}
{"id": "vehicle_audi_a2_calibration_24_v0", "points": 21612, "actor_returns": 335, "frame": 3073}
{"id": "vehicle_audi_a2_calibration_24_v1", "points": 22532, "actor_returns": 137, "frame": 3078}
{"id": "vehicle_audi_a2_calibration_25_v0", "points": 21612, "actor_returns": 1454, "frame": 3114}
{"id": "vehicle_audi_a2_calibration_25_v1", "points": 22532, "actor_returns": 323, "frame": 3119}
{"id": "vehicle_audi_a2_calibration_26_v0", "points": 21612, "actor_returns": 188, "frame": 3155}
{"id": "vehicle_audi_a2_calibration_26_v1", "points": 22532, "actor_returns": 119, "frame": 3160}
{"id": "vehicle_audi_a2_calibration_27_v0", "points": 21612, "actor_returns": 203, "frame": 3196}
{"id": "vehicle_audi_a2_calibration_27_v1", "points": 22532, "actor_returns": 120, "frame": 3201}
{"id": "vehicle_audi_a2_calibration_28_v0", "points": 21612, "actor_returns": 149, "frame": 3237}
{"id": "vehicle_audi_a2_calibration_28_v1", "points": 22532, "actor_returns": 75, "frame": 3242}
{"id": "vehicle_audi_a2_calibration_29_v0", "points": 21612, "actor_returns": 157, "frame": 3278}
{"id": "vehicle_audi_a2_calibration_29_v1", "points": 22532, "actor_returns": 80, "frame": 3283}
{"id": "vehicle_audi_a2_calibration_30_v0", "points": 21612, "actor_returns": 244, "frame": 3319}
{"id": "vehicle_audi_a2_calibration_30_v1", "points": 22532, "actor_returns": 113, "frame": 3324}
{"id": "vehicle_audi_a2_calibration_31_v0", "points": 21612, "actor_returns": 223, "frame": 3360}
{"id": "vehicle_audi_a2_calibration_31_v1", "points": 22532, "actor_returns": 139, "frame": 3365}
{"id": "vehicle_audi_a2_calibration_32_v0", "points": 21612, "actor_returns": 948, "frame": 3401}
{"id": "vehicle_audi_a2_calibration_32_v1", "points": 22532, "actor_returns": 326, "frame": 3406}
{"id": "vehicle_audi_a2_calibration_33_v0", "points": 21612, "actor_returns": 997, "frame": 3442}
{"id": "vehicle_audi_a2_calibration_33_v1", "points": 22532, "actor_returns": 376, "frame": 3447}
{"id": "vehicle_audi_a2_calibration_34_v0", "points": 21612, "actor_returns": 636, "frame": 3483}
{"id": "vehicle_audi_a2_calibration_34_v1", "points": 22532, "actor_returns": 245, "frame": 3488}
{"id": "vehicle_audi_a2_calibration_35_v0", "points": 21612, "actor_returns": 788, "frame": 3524}
{"id": "vehicle_audi_a2_calibration_35_v1", "points": 22532, "actor_returns": 279, "frame": 3529}
{"id": "vehicle_audi_a2_calibration_36_v0", "points": 21612, "actor_returns": 188, "frame": 3565}
{"id": "vehicle_audi_a2_calibration_36_v1", "points": 22532, "actor_returns": 88, "frame": 3570}
{"id": "vehicle_audi_a2_calibration_37_v0", "points": 21612, "actor_returns": 241, "frame": 3606}
{"id": "vehicle_audi_a2_calibration_37_v1", "points": 22532, "actor_returns": 130, "frame": 3611}
{"id": "vehicle_audi_a2_calibration_38_v0", "points": 21612, "actor_returns": 170, "frame": 3647}
{"id": "vehicle_audi_a2_calibration_38_v1", "points": 22532, "actor_returns": 112, "frame": 3652}
{"id": "vehicle_audi_a2_test_00_v0", "points": 21612, "actor_returns": 318, "frame": 3688}
{"id": "vehicle_audi_a2_test_00_v1", "points": 22532, "actor_returns": 159, "frame": 3693}
{"id": "vehicle_audi_a2_test_01_v0", "points": 21612, "actor_returns": 234, "frame": 3729}
{"id": "vehicle_audi_a2_test_01_v1", "points": 22532, "actor_returns": 111, "frame": 3734}
{"id": "vehicle_audi_a2_test_02_v0", "points": 21612, "actor_returns": 700, "frame": 3770}
{"id": "vehicle_audi_a2_test_02_v1", "points": 22532, "actor_returns": 265, "frame": 3775}
{"id": "vehicle_audi_a2_test_03_v0", "points": 21612, "actor_returns": 288, "frame": 3811}
{"id": "vehicle_audi_a2_test_03_v1", "points": 22532, "actor_returns": 142, "frame": 3816}
{"id": "vehicle_audi_a2_test_04_v0", "points": 21612, "actor_returns": 110, "frame": 3852}
{"id": "vehicle_audi_a2_test_04_v1", "points": 22532, "actor_returns": 57, "frame": 3857}
{"id": "vehicle_audi_a2_test_05_v0", "points": 21612, "actor_returns": 192, "frame": 3893}
{"id": "vehicle_audi_a2_test_05_v1", "points": 22532, "actor_returns": 122, "frame": 3898}
{"id": "vehicle_audi_a2_test_06_v0", "points": 21612, "actor_returns": 149, "frame": 3934}
{"id": "vehicle_audi_a2_test_06_v1", "points": 22532, "actor_returns": 71, "frame": 3939}
{"id": "vehicle_audi_a2_test_07_v0", "points": 21612, "actor_returns": 432, "frame": 3975}
{"id": "vehicle_audi_a2_test_07_v1", "points": 22532, "actor_returns": 175, "frame": 3980}
{"id": "vehicle_audi_a2_test_09_v0", "points": 21612, "actor_returns": 871, "frame": 4016}
{"id": "vehicle_audi_a2_test_09_v1", "points": 22532, "actor_returns": 281, "frame": 4021}
{"id": "vehicle_audi_a2_test_10_v0", "points": 21612, "actor_returns": 820, "frame": 4057}
{"id": "vehicle_audi_a2_test_10_v1", "points": 22532, "actor_returns": 286, "frame": 4062}
{"id": "vehicle_audi_a2_test_11_v0", "points": 21612, "actor_returns": 213, "frame": 4098}
{"id": "vehicle_audi_a2_test_11_v1", "points": 22532, "actor_returns": 112, "frame": 4103}
{"id": "vehicle_audi_a2_test_12_v0", "points": 21612, "actor_returns": 163, "frame": 4139}
{"id": "vehicle_audi_a2_test_12_v1", "points": 22532, "actor_returns": 83, "frame": 4144}
{"id": "vehicle_audi_a2_test_13_v0", "points": 21612, "actor_returns": 373, "frame": 4180}
{"id": "vehicle_audi_a2_test_13_v1", "points": 22532, "actor_returns": 168, "frame": 4185}
{"id": "vehicle_audi_a2_test_14_v0", "points": 21612, "actor_returns": 667, "frame": 4221}
{"id": "vehicle_audi_a2_test_14_v1", "points": 22532, "actor_returns": 259, "frame": 4226}
{"id": "vehicle_audi_a2_test_15_v0", "points": 21612, "actor_returns": 225, "frame": 4262}
{"id": "vehicle_audi_a2_test_15_v1", "points": 22532, "actor_returns": 92, "frame": 4267}
{"id": "vehicle_audi_a2_test_16_v0", "points": 21612, "actor_returns": 317, "frame": 4303}
{"id": "vehicle_audi_a2_test_16_v1", "points": 22532, "actor_returns": 195, "frame": 4308}
{"id": "vehicle_audi_a2_test_17_v0", "points": 21612, "actor_returns": 2029, "frame": 4344}
{"id": "vehicle_audi_a2_test_17_v1", "points": 22532, "actor_returns": 478, "frame": 4349}
{"id": "vehicle_audi_a2_test_18_v0", "points": 21612, "actor_returns": 195, "frame": 4385}
{"id": "vehicle_audi_a2_test_18_v1", "points": 22532, "actor_returns": 105, "frame": 4390}
{"id": "vehicle_audi_a2_test_19_v0", "points": 21612, "actor_returns": 179, "frame": 4426}
{"id": "vehicle_audi_a2_test_19_v1", "points": 22532, "actor_returns": 128, "frame": 4431}
{"id": "vehicle_audi_a2_test_20_v0", "points": 21612, "actor_returns": 211, "frame": 4467}
{"id": "vehicle_audi_a2_test_20_v1", "points": 22532, "actor_returns": 89, "frame": 4472}
{"id": "vehicle_audi_a2_test_21_v0", "points": 21612, "actor_returns": 268, "frame": 4508}
{"id": "vehicle_audi_a2_test_21_v1", "points": 22532, "actor_returns": 101, "frame": 4513}
{"id": "vehicle_audi_a2_test_22_v0", "points": 21612, "actor_returns": 164, "frame": 4549}
{"id": "vehicle_audi_a2_test_22_v1", "points": 22532, "actor_returns": 72, "frame": 4554}
{"id": "vehicle_audi_a2_test_23_v0", "points": 21612, "actor_returns": 359, "frame": 4590}
{"id": "vehicle_audi_a2_test_23_v1", "points": 22532, "actor_returns": 149, "frame": 4595}
{"id": "vehicle_audi_a2_test_24_v0", "points": 21612, "actor_returns": 159, "frame": 4631}
{"id": "vehicle_audi_a2_test_24_v1", "points": 22532, "actor_returns": 80, "frame": 4636}
{"id": "vehicle_audi_a2_test_25_v0", "points": 21612, "actor_returns": 738, "frame": 4672}
{"id": "vehicle_audi_a2_test_25_v1", "points": 22532, "actor_returns": 235, "frame": 4677}
{"id": "vehicle_audi_a2_test_26_v0", "points": 21612, "actor_returns": 397, "frame": 4713}
{"id": "vehicle_audi_a2_test_26_v1", "points": 22532, "actor_returns": 273, "frame": 4718}
{"id": "vehicle_audi_a2_test_27_v0", "points": 21612, "actor_returns": 326, "frame": 4754}
{"id": "vehicle_audi_a2_test_27_v1", "points": 22532, "actor_returns": 172, "frame": 4759}
{"id": "vehicle_audi_a2_test_28_v0", "points": 21612, "actor_returns": 165, "frame": 4795}
{"id": "vehicle_audi_a2_test_28_v1", "points": 22532, "actor_returns": 77, "frame": 4800}
{"id": "vehicle_audi_a2_test_29_v0", "points": 21612, "actor_returns": 332, "frame": 4836}
{"id": "vehicle_audi_a2_test_29_v1", "points": 22532, "actor_returns": 157, "frame": 4841}
{"id": "vehicle_audi_a2_test_31_v0", "points": 21612, "actor_returns": 259, "frame": 4877}
{"id": "vehicle_audi_a2_test_31_v1", "points": 22532, "actor_returns": 185, "frame": 4882}
{"id": "vehicle_audi_a2_test_32_v0", "points": 21612, "actor_returns": 214, "frame": 4918}
{"id": "vehicle_audi_a2_test_32_v1", "points": 22532, "actor_returns": 114, "frame": 4923}
{"id": "vehicle_audi_a2_test_33_v0", "points": 21612, "actor_returns": 171, "frame": 4959}
{"id": "vehicle_audi_a2_test_33_v1", "points": 22532, "actor_returns": 133, "frame": 4964}
{"id": "vehicle_audi_a2_test_34_v0", "points": 21612, "actor_returns": 443, "frame": 5000}
{"id": "vehicle_audi_a2_test_34_v1", "points": 22532, "actor_returns": 265, "frame": 5005}
{"id": "vehicle_audi_a2_test_35_v0", "points": 21612, "actor_returns": 277, "frame": 5041}
{"id": "vehicle_audi_a2_test_35_v1", "points": 22532, "actor_returns": 125, "frame": 5046}
{"id": "vehicle_audi_a2_test_36_v0", "points": 21612, "actor_returns": 138, "frame": 5082}
{"id": "vehicle_audi_a2_test_36_v1", "points": 22532, "actor_returns": 65, "frame": 5087}
{"id": "vehicle_audi_a2_test_37_v0", "points": 21612, "actor_returns": 290, "frame": 5123}
{"id": "vehicle_audi_a2_test_37_v1", "points": 22532, "actor_returns": 204, "frame": 5128}
{"id": "vehicle_audi_a2_test_38_v0", "points": 21612, "actor_returns": 95, "frame": 5164}
{"id": "vehicle_audi_a2_test_38_v1", "points": 22532, "actor_returns": 57, "frame": 5169}
{"id": "vehicle_audi_a2_test_39_v0", "points": 21612, "actor_returns": 194, "frame": 5205}
{"id": "vehicle_audi_a2_test_39_v1", "points": 22532, "actor_returns": 98, "frame": 5210}
{"id": "vehicle_audi_a2_test_40_v0", "points": 21612, "actor_returns": 129, "frame": 5246}
{"id": "vehicle_audi_a2_test_40_v1", "points": 22532, "actor_returns": 72, "frame": 5251}
{"id": "vehicle_audi_a2_test_41_v0", "points": 21612, "actor_returns": 161, "frame": 5287}
{"id": "vehicle_audi_a2_test_41_v1", "points": 22532, "actor_returns": 90, "frame": 5292}
{"id": "vehicle_audi_a2_test_42_v0", "points": 21612, "actor_returns": 131, "frame": 5328}
{"id": "vehicle_audi_a2_test_42_v1", "points": 22532, "actor_returns": 73, "frame": 5333}
{"id": "vehicle_audi_a2_test_43_v0", "points": 21612, "actor_returns": 137, "frame": 5369}
{"id": "vehicle_audi_a2_test_43_v1", "points": 22532, "actor_returns": 73, "frame": 5374}
{"id": "vehicle_audi_a2_test_44_v0", "points": 21612, "actor_returns": 231, "frame": 5410}
{"id": "vehicle_audi_a2_test_44_v1", "points": 22532, "actor_returns": 128, "frame": 5415}
{"id": "vehicle_audi_a2_test_45_v0", "points": 21612, "actor_returns": 147, "frame": 5451}
{"id": "vehicle_audi_a2_test_45_v1", "points": 22532, "actor_returns": 72, "frame": 5456}
{"id": "vehicle_audi_a2_test_46_v0", "points": 21612, "actor_returns": 211, "frame": 5492}
{"id": "vehicle_audi_a2_test_46_v1", "points": 22532, "actor_returns": 128, "frame": 5497}
{"id": "vehicle_audi_a2_test_47_v0", "points": 21612, "actor_returns": 99, "frame": 5533}
{"id": "vehicle_audi_a2_test_47_v1", "points": 22532, "actor_returns": 53, "frame": 5538}
{"id": "vehicle_audi_a2_test_48_v0", "points": 21612, "actor_returns": 239, "frame": 5574}
{"id": "vehicle_audi_a2_test_48_v1", "points": 22532, "actor_returns": 111, "frame": 5579}
{"id": "vehicle_audi_a2_test_49_v0", "points": 21612, "actor_returns": 343, "frame": 5615}
{"id": "vehicle_audi_a2_test_49_v1", "points": 22532, "actor_returns": 126, "frame": 5620}
{"id": "vehicle_audi_a2_test_50_v0", "points": 21612, "actor_returns": 494, "frame": 5656}
{"id": "vehicle_audi_a2_test_50_v1", "points": 22532, "actor_returns": 219, "frame": 5661}
{"id": "vehicle_audi_a2_test_51_v0", "points": 21612, "actor_returns": 277, "frame": 5697}
{"id": "vehicle_audi_a2_test_51_v1", "points": 22532, "actor_returns": 123, "frame": 5702}
{"id": "vehicle_audi_a2_test_52_v0", "points": 21612, "actor_returns": 238, "frame": 5738}
{"id": "vehicle_audi_a2_test_52_v1", "points": 22532, "actor_returns": 134, "frame": 5743}
{"id": "vehicle_audi_a2_test_54_v0", "points": 21612, "actor_returns": 234, "frame": 5779}
{"id": "vehicle_audi_a2_test_54_v1", "points": 22532, "actor_returns": 146, "frame": 5784}
{"id": "vehicle_audi_a2_test_55_v0", "points": 21612, "actor_returns": 441, "frame": 5820}
{"id": "vehicle_audi_a2_test_55_v1", "points": 22532, "actor_returns": 213, "frame": 5825}
{"id": "vehicle_audi_a2_test_56_v0", "points": 21612, "actor_returns": 272, "frame": 5861}
{"id": "vehicle_audi_a2_test_56_v1", "points": 22532, "actor_returns": 139, "frame": 5866}
{"id": "vehicle_audi_a2_test_57_v0", "points": 21612, "actor_returns": 127, "frame": 5902}
{"id": "vehicle_audi_a2_test_57_v1", "points": 22532, "actor_returns": 71, "frame": 5907}
{"id": "vehicle_audi_a2_test_58_v0", "points": 21612, "actor_returns": 138, "frame": 5943}
{"id": "vehicle_audi_a2_test_58_v1", "points": 22532, "actor_returns": 76, "frame": 5948}
{"id": "vehicle_audi_a2_test_59_v0", "points": 21612, "actor_returns": 302, "frame": 5984}
{"id": "vehicle_audi_a2_test_59_v1", "points": 22532, "actor_returns": 125, "frame": 5989}
{"id": "vehicle_tesla_model3_calibration_00_v0", "points": 21612, "actor_returns": 959, "frame": 6025}
{"id": "vehicle_tesla_model3_calibration_00_v1", "points": 22532, "actor_returns": 251, "frame": 6030}
{"id": "vehicle_tesla_model3_calibration_01_v0", "points": 21612, "actor_returns": 417, "frame": 6066}
{"id": "vehicle_tesla_model3_calibration_01_v1", "points": 22532, "actor_returns": 146, "frame": 6071}
{"id": "vehicle_tesla_model3_calibration_02_v0", "points": 21612, "actor_returns": 1990, "frame": 6107}
{"id": "vehicle_tesla_model3_calibration_02_v1", "points": 22532, "actor_returns": 382, "frame": 6112}
{"id": "vehicle_tesla_model3_calibration_03_v0", "points": 21612, "actor_returns": 190, "frame": 6148}
{"id": "vehicle_tesla_model3_calibration_03_v1", "points": 22532, "actor_returns": 118, "frame": 6153}
{"id": "vehicle_tesla_model3_calibration_04_v0", "points": 21612, "actor_returns": 265, "frame": 6189}
{"id": "vehicle_tesla_model3_calibration_04_v1", "points": 22532, "actor_returns": 163, "frame": 6194}
{"id": "vehicle_tesla_model3_calibration_05_v0", "points": 21612, "actor_returns": 300, "frame": 6230}
{"id": "vehicle_tesla_model3_calibration_05_v1", "points": 22532, "actor_returns": 131, "frame": 6235}
{"id": "vehicle_tesla_model3_calibration_06_v0", "points": 21612, "actor_returns": 1479, "frame": 6271}
{"id": "vehicle_tesla_model3_calibration_06_v1", "points": 22532, "actor_returns": 407, "frame": 6276}
{"id": "vehicle_tesla_model3_calibration_07_v0", "points": 21612, "actor_returns": 215, "frame": 6312}
{"id": "vehicle_tesla_model3_calibration_07_v1", "points": 22532, "actor_returns": 130, "frame": 6317}
{"id": "vehicle_tesla_model3_calibration_08_v0", "points": 21612, "actor_returns": 897, "frame": 6353}
{"id": "vehicle_tesla_model3_calibration_08_v1", "points": 22532, "actor_returns": 346, "frame": 6358}
{"id": "vehicle_tesla_model3_calibration_09_v0", "points": 21612, "actor_returns": 407, "frame": 6394}
{"id": "vehicle_tesla_model3_calibration_09_v1", "points": 22532, "actor_returns": 192, "frame": 6399}
{"id": "vehicle_tesla_model3_calibration_10_v0", "points": 21612, "actor_returns": 717, "frame": 6435}
{"id": "vehicle_tesla_model3_calibration_10_v1", "points": 22532, "actor_returns": 220, "frame": 6440}
{"id": "vehicle_tesla_model3_calibration_11_v0", "points": 21612, "actor_returns": 346, "frame": 6476}
{"id": "vehicle_tesla_model3_calibration_11_v1", "points": 22532, "actor_returns": 156, "frame": 6481}
{"id": "vehicle_tesla_model3_calibration_12_v0", "points": 21612, "actor_returns": 665, "frame": 6517}
{"id": "vehicle_tesla_model3_calibration_12_v1", "points": 22532, "actor_returns": 275, "frame": 6522}
{"id": "vehicle_tesla_model3_calibration_13_v0", "points": 21612, "actor_returns": 172, "frame": 6558}
{"id": "vehicle_tesla_model3_calibration_13_v1", "points": 22532, "actor_returns": 92, "frame": 6563}
{"id": "vehicle_tesla_model3_calibration_14_v0", "points": 21612, "actor_returns": 707, "frame": 6599}
{"id": "vehicle_tesla_model3_calibration_14_v1", "points": 22532, "actor_returns": 215, "frame": 6604}
{"id": "vehicle_tesla_model3_calibration_15_v0", "points": 21612, "actor_returns": 287, "frame": 6640}
{"id": "vehicle_tesla_model3_calibration_15_v1", "points": 22532, "actor_returns": 117, "frame": 6645}
{"id": "vehicle_tesla_model3_calibration_16_v0", "points": 21612, "actor_returns": 216, "frame": 6681}
{"id": "vehicle_tesla_model3_calibration_16_v1", "points": 22532, "actor_returns": 122, "frame": 6686}
{"id": "vehicle_tesla_model3_calibration_17_v0", "points": 21612, "actor_returns": 1149, "frame": 6722}
{"id": "vehicle_tesla_model3_calibration_17_v1", "points": 22532, "actor_returns": 425, "frame": 6727}
{"id": "vehicle_tesla_model3_calibration_18_v0", "points": 21612, "actor_returns": 266, "frame": 6763}
{"id": "vehicle_tesla_model3_calibration_18_v1", "points": 22532, "actor_returns": 171, "frame": 6768}
{"id": "vehicle_tesla_model3_calibration_19_v0", "points": 21612, "actor_returns": 618, "frame": 6804}
{"id": "vehicle_tesla_model3_calibration_19_v1", "points": 22532, "actor_returns": 288, "frame": 6809}
{"id": "vehicle_tesla_model3_calibration_20_v0", "points": 21612, "actor_returns": 406, "frame": 6845}
{"id": "vehicle_tesla_model3_calibration_20_v1", "points": 22532, "actor_returns": 160, "frame": 6850}
{"id": "vehicle_tesla_model3_calibration_21_v0", "points": 21612, "actor_returns": 299, "frame": 6886}
{"id": "vehicle_tesla_model3_calibration_21_v1", "points": 22532, "actor_returns": 148, "frame": 6891}
{"id": "vehicle_tesla_model3_calibration_22_v0", "points": 21612, "actor_returns": 152, "frame": 6927}
{"id": "vehicle_tesla_model3_calibration_22_v1", "points": 22532, "actor_returns": 98, "frame": 6932}
{"id": "vehicle_tesla_model3_calibration_23_v0", "points": 21612, "actor_returns": 498, "frame": 6968}
{"id": "vehicle_tesla_model3_calibration_23_v1", "points": 22532, "actor_returns": 215, "frame": 6973}
{"id": "vehicle_tesla_model3_calibration_24_v0", "points": 21612, "actor_returns": 219, "frame": 7009}
{"id": "vehicle_tesla_model3_calibration_24_v1", "points": 22532, "actor_returns": 119, "frame": 7014}
{"id": "vehicle_tesla_model3_calibration_25_v0", "points": 21612, "actor_returns": 172, "frame": 7050}
{"id": "vehicle_tesla_model3_calibration_25_v1", "points": 22532, "actor_returns": 95, "frame": 7055}
{"id": "vehicle_tesla_model3_calibration_26_v0", "points": 21612, "actor_returns": 290, "frame": 7091}
{"id": "vehicle_tesla_model3_calibration_26_v1", "points": 22532, "actor_returns": 133, "frame": 7096}
{"id": "vehicle_tesla_model3_calibration_27_v0", "points": 21612, "actor_returns": 379, "frame": 7132}
{"id": "vehicle_tesla_model3_calibration_27_v1", "points": 22532, "actor_returns": 171, "frame": 7137}
{"id": "vehicle_tesla_model3_calibration_28_v0", "points": 21612, "actor_returns": 252, "frame": 7173}
{"id": "vehicle_tesla_model3_calibration_28_v1", "points": 22532, "actor_returns": 122, "frame": 7178}
{"id": "vehicle_tesla_model3_calibration_29_v0", "points": 21612, "actor_returns": 560, "frame": 7214}
{"id": "vehicle_tesla_model3_calibration_29_v1", "points": 22532, "actor_returns": 227, "frame": 7219}
{"id": "vehicle_tesla_model3_calibration_30_v0", "points": 21612, "actor_returns": 406, "frame": 7255}
{"id": "vehicle_tesla_model3_calibration_30_v1", "points": 22532, "actor_returns": 214, "frame": 7260}
{"id": "vehicle_tesla_model3_calibration_31_v0", "points": 21612, "actor_returns": 139, "frame": 7296}
{"id": "vehicle_tesla_model3_calibration_31_v1", "points": 22532, "actor_returns": 78, "frame": 7301}
{"id": "vehicle_tesla_model3_calibration_32_v0", "points": 21612, "actor_returns": 192, "frame": 7337}
{"id": "vehicle_tesla_model3_calibration_32_v1", "points": 22532, "actor_returns": 95, "frame": 7342}
{"id": "vehicle_tesla_model3_calibration_33_v0", "points": 21612, "actor_returns": 165, "frame": 7378}
{"id": "vehicle_tesla_model3_calibration_33_v1", "points": 22532, "actor_returns": 73, "frame": 7383}
{"id": "vehicle_tesla_model3_calibration_34_v0", "points": 21612, "actor_returns": 226, "frame": 7419}
{"id": "vehicle_tesla_model3_calibration_34_v1", "points": 22532, "actor_returns": 105, "frame": 7424}
{"id": "vehicle_tesla_model3_calibration_35_v0", "points": 21612, "actor_returns": 686, "frame": 7460}
{"id": "vehicle_tesla_model3_calibration_35_v1", "points": 22532, "actor_returns": 274, "frame": 7465}
{"id": "vehicle_tesla_model3_calibration_36_v0", "points": 21612, "actor_returns": 239, "frame": 7501}
{"id": "vehicle_tesla_model3_calibration_36_v1", "points": 22532, "actor_returns": 138, "frame": 7506}
{"id": "vehicle_tesla_model3_calibration_37_v0", "points": 21612, "actor_returns": 351, "frame": 7542}
{"id": "vehicle_tesla_model3_calibration_37_v1", "points": 22532, "actor_returns": 182, "frame": 7547}
{"id": "vehicle_tesla_model3_calibration_38_v0", "points": 21612, "actor_returns": 557, "frame": 7583}
{"id": "vehicle_tesla_model3_calibration_38_v1", "points": 22532, "actor_returns": 166, "frame": 7588}
{"id": "vehicle_tesla_model3_test_00_v0", "points": 21612, "actor_returns": 266, "frame": 7624}
{"id": "vehicle_tesla_model3_test_00_v1", "points": 22532, "actor_returns": 134, "frame": 7629}
{"id": "vehicle_tesla_model3_test_01_v0", "points": 21612, "actor_returns": 2232, "frame": 7665}
{"id": "vehicle_tesla_model3_test_01_v1", "points": 22532, "actor_returns": 322, "frame": 7670}
{"id": "vehicle_tesla_model3_test_02_v0", "points": 21612, "actor_returns": 862, "frame": 7706}
{"id": "vehicle_tesla_model3_test_02_v1", "points": 22532, "actor_returns": 492, "frame": 7711}
{"id": "vehicle_tesla_model3_test_03_v0", "points": 21612, "actor_returns": 176, "frame": 7747}
{"id": "vehicle_tesla_model3_test_03_v1", "points": 22532, "actor_returns": 99, "frame": 7752}
{"id": "vehicle_tesla_model3_test_04_v0", "points": 21612, "actor_returns": 2704, "frame": 7788}
{"id": "vehicle_tesla_model3_test_04_v1", "points": 22532, "actor_returns": 565, "frame": 7793}
{"id": "vehicle_tesla_model3_test_05_v0", "points": 21612, "actor_returns": 276, "frame": 7829}
{"id": "vehicle_tesla_model3_test_05_v1", "points": 22532, "actor_returns": 186, "frame": 7834}
{"id": "vehicle_tesla_model3_test_06_v0", "points": 21612, "actor_returns": 156, "frame": 7870}
{"id": "vehicle_tesla_model3_test_06_v1", "points": 22532, "actor_returns": 88, "frame": 7875}
{"id": "vehicle_tesla_model3_test_07_v0", "points": 21612, "actor_returns": 157, "frame": 7911}
{"id": "vehicle_tesla_model3_test_07_v1", "points": 22532, "actor_returns": 88, "frame": 7916}
{"id": "vehicle_tesla_model3_test_08_v0", "points": 21612, "actor_returns": 124, "frame": 7952}
{"id": "vehicle_tesla_model3_test_08_v1", "points": 22532, "actor_returns": 74, "frame": 7957}
{"id": "vehicle_tesla_model3_test_09_v0", "points": 21612, "actor_returns": 415, "frame": 7993}
{"id": "vehicle_tesla_model3_test_09_v1", "points": 22532, "actor_returns": 254, "frame": 7998}
{"id": "vehicle_tesla_model3_test_10_v0", "points": 21612, "actor_returns": 567, "frame": 8034}
{"id": "vehicle_tesla_model3_test_10_v1", "points": 22532, "actor_returns": 283, "frame": 8039}
{"id": "vehicle_tesla_model3_test_11_v0", "points": 21612, "actor_returns": 292, "frame": 8075}
{"id": "vehicle_tesla_model3_test_11_v1", "points": 22532, "actor_returns": 139, "frame": 8080}
{"id": "vehicle_tesla_model3_test_12_v0", "points": 21612, "actor_returns": 391, "frame": 8116}
{"id": "vehicle_tesla_model3_test_12_v1", "points": 22532, "actor_returns": 204, "frame": 8121}
{"id": "vehicle_tesla_model3_test_13_v0", "points": 21612, "actor_returns": 209, "frame": 8157}
{"id": "vehicle_tesla_model3_test_13_v1", "points": 22532, "actor_returns": 137, "frame": 8162}
{"id": "vehicle_tesla_model3_test_14_v0", "points": 21612, "actor_returns": 151, "frame": 8198}
{"id": "vehicle_tesla_model3_test_14_v1", "points": 22532, "actor_returns": 86, "frame": 8203}
{"id": "vehicle_tesla_model3_test_15_v0", "points": 21612, "actor_returns": 260, "frame": 8239}
{"id": "vehicle_tesla_model3_test_15_v1", "points": 22532, "actor_returns": 132, "frame": 8244}
{"id": "vehicle_tesla_model3_test_16_v0", "points": 21612, "actor_returns": 175, "frame": 8280}
{"id": "vehicle_tesla_model3_test_16_v1", "points": 22532, "actor_returns": 95, "frame": 8285}
{"id": "vehicle_tesla_model3_test_17_v0", "points": 21612, "actor_returns": 2868, "frame": 8321}
{"id": "vehicle_tesla_model3_test_17_v1", "points": 22532, "actor_returns": 555, "frame": 8326}
{"id": "vehicle_tesla_model3_test_18_v0", "points": 21612, "actor_returns": 218, "frame": 8362}
{"id": "vehicle_tesla_model3_test_18_v1", "points": 22532, "actor_returns": 104, "frame": 8367}
{"id": "vehicle_tesla_model3_test_19_v0", "points": 21612, "actor_returns": 162, "frame": 8403}
{"id": "vehicle_tesla_model3_test_19_v1", "points": 22532, "actor_returns": 111, "frame": 8408}
{"id": "vehicle_tesla_model3_test_20_v0", "points": 21612, "actor_returns": 291, "frame": 8444}
{"id": "vehicle_tesla_model3_test_20_v1", "points": 22532, "actor_returns": 112, "frame": 8449}
{"id": "vehicle_tesla_model3_test_21_v0", "points": 21612, "actor_returns": 404, "frame": 8485}
{"id": "vehicle_tesla_model3_test_21_v1", "points": 22532, "actor_returns": 217, "frame": 8490}
{"id": "vehicle_tesla_model3_test_22_v0", "points": 21612, "actor_returns": 784, "frame": 8526}
{"id": "vehicle_tesla_model3_test_22_v1", "points": 22532, "actor_returns": 293, "frame": 8531}
{"id": "vehicle_tesla_model3_test_23_v0", "points": 21612, "actor_returns": 217, "frame": 8567}
{"id": "vehicle_tesla_model3_test_23_v1", "points": 22532, "actor_returns": 130, "frame": 8572}
{"id": "vehicle_tesla_model3_test_24_v0", "points": 21612, "actor_returns": 715, "frame": 8608}
{"id": "vehicle_tesla_model3_test_24_v1", "points": 22532, "actor_returns": 286, "frame": 8613}
{"id": "vehicle_tesla_model3_test_25_v0", "points": 21612, "actor_returns": 229, "frame": 8649}
{"id": "vehicle_tesla_model3_test_25_v1", "points": 22532, "actor_returns": 127, "frame": 8654}
{"id": "vehicle_tesla_model3_test_26_v0", "points": 21612, "actor_returns": 217, "frame": 8690}
{"id": "vehicle_tesla_model3_test_26_v1", "points": 22532, "actor_returns": 81, "frame": 8695}
{"id": "vehicle_tesla_model3_test_27_v0", "points": 21612, "actor_returns": 230, "frame": 8731}
{"id": "vehicle_tesla_model3_test_27_v1", "points": 22532, "actor_returns": 89, "frame": 8736}
{"id": "vehicle_tesla_model3_test_28_v0", "points": 21612, "actor_returns": 280, "frame": 8772}
{"id": "vehicle_tesla_model3_test_28_v1", "points": 22532, "actor_returns": 170, "frame": 8777}
{"id": "vehicle_tesla_model3_test_29_v0", "points": 21612, "actor_returns": 921, "frame": 8813}
{"id": "vehicle_tesla_model3_test_29_v1", "points": 22532, "actor_returns": 344, "frame": 8818}
{"id": "vehicle_tesla_model3_test_30_v0", "points": 21612, "actor_returns": 218, "frame": 8854}
{"id": "vehicle_tesla_model3_test_30_v1", "points": 22532, "actor_returns": 94, "frame": 8859}
{"id": "vehicle_tesla_model3_test_31_v0", "points": 21612, "actor_returns": 1432, "frame": 8895}
{"id": "vehicle_tesla_model3_test_31_v1", "points": 22532, "actor_returns": 350, "frame": 8900}
{"id": "vehicle_tesla_model3_test_32_v0", "points": 21612, "actor_returns": 235, "frame": 8936}
{"id": "vehicle_tesla_model3_test_32_v1", "points": 22532, "actor_returns": 117, "frame": 8941}
{"id": "vehicle_tesla_model3_test_33_v0", "points": 21612, "actor_returns": 248, "frame": 8977}
{"id": "vehicle_tesla_model3_test_33_v1", "points": 22532, "actor_returns": 114, "frame": 8982}
{"id": "vehicle_tesla_model3_test_36_v0", "points": 21612, "actor_returns": 273, "frame": 9018}
{"id": "vehicle_tesla_model3_test_36_v1", "points": 22532, "actor_returns": 143, "frame": 9023}
{"id": "vehicle_tesla_model3_test_37_v0", "points": 21612, "actor_returns": 1015, "frame": 9059}
{"id": "vehicle_tesla_model3_test_37_v1", "points": 22532, "actor_returns": 358, "frame": 9064}
{"id": "vehicle_tesla_model3_test_39_v0", "points": 21612, "actor_returns": 985, "frame": 9100}
{"id": "vehicle_tesla_model3_test_39_v1", "points": 22532, "actor_returns": 382, "frame": 9105}
{"id": "vehicle_tesla_model3_test_40_v0", "points": 21612, "actor_returns": 250, "frame": 9141}
{"id": "vehicle_tesla_model3_test_40_v1", "points": 22532, "actor_returns": 148, "frame": 9146}
{"id": "vehicle_tesla_model3_test_41_v0", "points": 21612, "actor_returns": 175, "frame": 9182}
{"id": "vehicle_tesla_model3_test_41_v1", "points": 22532, "actor_returns": 121, "frame": 9187}
{"id": "vehicle_tesla_model3_test_42_v0", "points": 21612, "actor_returns": 387, "frame": 9223}
{"id": "vehicle_tesla_model3_test_42_v1", "points": 22532, "actor_returns": 167, "frame": 9228}
{"id": "vehicle_tesla_model3_test_43_v0", "points": 21612, "actor_returns": 262, "frame": 9264}
{"id": "vehicle_tesla_model3_test_43_v1", "points": 22532, "actor_returns": 118, "frame": 9269}
{"id": "vehicle_tesla_model3_test_44_v0", "points": 21612, "actor_returns": 2521, "frame": 9305}
{"id": "vehicle_tesla_model3_test_44_v1", "points": 22532, "actor_returns": 432, "frame": 9310}
{"id": "vehicle_tesla_model3_test_45_v0", "points": 21612, "actor_returns": 3021, "frame": 9346}
{"id": "vehicle_tesla_model3_test_45_v1", "points": 22532, "actor_returns": 638, "frame": 9351}
{"id": "vehicle_tesla_model3_test_46_v0", "points": 21612, "actor_returns": 291, "frame": 9387}
{"id": "vehicle_tesla_model3_test_46_v1", "points": 22532, "actor_returns": 153, "frame": 9392}
{"id": "vehicle_tesla_model3_test_47_v0", "points": 21612, "actor_returns": 293, "frame": 9428}
{"id": "vehicle_tesla_model3_test_47_v1", "points": 22532, "actor_returns": 140, "frame": 9433}
{"id": "vehicle_tesla_model3_test_48_v0", "points": 21612, "actor_returns": 157, "frame": 9469}
{"id": "vehicle_tesla_model3_test_48_v1", "points": 22532, "actor_returns": 90, "frame": 9474}
{"id": "vehicle_tesla_model3_test_49_v0", "points": 21612, "actor_returns": 375, "frame": 9510}
{"id": "vehicle_tesla_model3_test_49_v1", "points": 22532, "actor_returns": 211, "frame": 9515}
{"id": "vehicle_tesla_model3_test_50_v0", "points": 21612, "actor_returns": 453, "frame": 9551}
{"id": "vehicle_tesla_model3_test_50_v1", "points": 22532, "actor_returns": 187, "frame": 9556}
{"id": "vehicle_tesla_model3_test_51_v0", "points": 21612, "actor_returns": 626, "frame": 9592}
{"id": "vehicle_tesla_model3_test_51_v1", "points": 22532, "actor_returns": 323, "frame": 9597}
{"id": "vehicle_tesla_model3_test_52_v0", "points": 21612, "actor_returns": 371, "frame": 9633}
{"id": "vehicle_tesla_model3_test_52_v1", "points": 22532, "actor_returns": 223, "frame": 9638}
{"id": "vehicle_tesla_model3_test_53_v0", "points": 21612, "actor_returns": 1278, "frame": 9674}
{"id": "vehicle_tesla_model3_test_53_v1", "points": 22532, "actor_returns": 380, "frame": 9679}
{"id": "vehicle_tesla_model3_test_54_v0", "points": 21612, "actor_returns": 181, "frame": 9715}
{"id": "vehicle_tesla_model3_test_54_v1", "points": 22532, "actor_returns": 113, "frame": 9720}
{"id": "vehicle_tesla_model3_test_55_v0", "points": 21612, "actor_returns": 652, "frame": 9756}
{"id": "vehicle_tesla_model3_test_55_v1", "points": 22532, "actor_returns": 301, "frame": 9761}
{"id": "vehicle_tesla_model3_test_56_v0", "points": 21612, "actor_returns": 243, "frame": 9797}
{"id": "vehicle_tesla_model3_test_56_v1", "points": 22532, "actor_returns": 116, "frame": 9802}
{"id": "vehicle_tesla_model3_test_57_v0", "points": 21612, "actor_returns": 1361, "frame": 9838}
{"id": "vehicle_tesla_model3_test_57_v1", "points": 22532, "actor_returns": 387, "frame": 9843}
{"id": "vehicle_tesla_model3_test_58_v0", "points": 21612, "actor_returns": 174, "frame": 9879}
{"id": "vehicle_tesla_model3_test_58_v1", "points": 22532, "actor_returns": 74, "frame": 9884}
{"id": "vehicle_tesla_model3_test_59_v0", "points": 21612, "actor_returns": 347, "frame": 9920}
{"id": "vehicle_tesla_model3_test_59_v1", "points": 22532, "actor_returns": 153, "frame": 9925}
{"id": "vehicle_mercedes_sprinter_calibration_00_v0", "points": 21612, "actor_returns": 616, "frame": 9961}
{"id": "vehicle_mercedes_sprinter_calibration_00_v1", "points": 22532, "actor_returns": 314, "frame": 9966}
{"id": "vehicle_mercedes_sprinter_calibration_01_v0", "points": 21612, "actor_returns": 299, "frame": 10002}
{"id": "vehicle_mercedes_sprinter_calibration_01_v1", "points": 22532, "actor_returns": 181, "frame": 10007}
{"id": "vehicle_mercedes_sprinter_calibration_03_v0", "points": 21612, "actor_returns": 484, "frame": 10043}
{"id": "vehicle_mercedes_sprinter_calibration_03_v1", "points": 22532, "actor_returns": 244, "frame": 10048}
{"id": "vehicle_mercedes_sprinter_calibration_04_v0", "points": 21612, "actor_returns": 497, "frame": 10084}
{"id": "vehicle_mercedes_sprinter_calibration_04_v1", "points": 22532, "actor_returns": 243, "frame": 10089}
{"id": "vehicle_mercedes_sprinter_calibration_05_v0", "points": 21612, "actor_returns": 1286, "frame": 10125}
{"id": "vehicle_mercedes_sprinter_calibration_05_v1", "points": 22532, "actor_returns": 587, "frame": 10130}
{"id": "vehicle_mercedes_sprinter_calibration_06_v0", "points": 21612, "actor_returns": 224, "frame": 10166}
{"id": "vehicle_mercedes_sprinter_calibration_06_v1", "points": 22532, "actor_returns": 145, "frame": 10171}
{"id": "vehicle_mercedes_sprinter_calibration_07_v0", "points": 21612, "actor_returns": 416, "frame": 10207}
{"id": "vehicle_mercedes_sprinter_calibration_07_v1", "points": 22532, "actor_returns": 253, "frame": 10212}
{"id": "vehicle_mercedes_sprinter_calibration_08_v0", "points": 21612, "actor_returns": 343, "frame": 10248}
{"id": "vehicle_mercedes_sprinter_calibration_08_v1", "points": 22532, "actor_returns": 204, "frame": 10253}
{"id": "vehicle_mercedes_sprinter_calibration_09_v0", "points": 21612, "actor_returns": 419, "frame": 10289}
{"id": "vehicle_mercedes_sprinter_calibration_09_v1", "points": 22532, "actor_returns": 364, "frame": 10294}
{"id": "vehicle_mercedes_sprinter_calibration_10_v0", "points": 21612, "actor_returns": 883, "frame": 10330}
{"id": "vehicle_mercedes_sprinter_calibration_10_v1", "points": 22532, "actor_returns": 295, "frame": 10335}
{"id": "vehicle_mercedes_sprinter_calibration_11_v0", "points": 21612, "actor_returns": 377, "frame": 10371}
{"id": "vehicle_mercedes_sprinter_calibration_11_v1", "points": 22532, "actor_returns": 183, "frame": 10376}
{"id": "vehicle_mercedes_sprinter_calibration_12_v0", "points": 21612, "actor_returns": 351, "frame": 10412}
{"id": "vehicle_mercedes_sprinter_calibration_12_v1", "points": 22532, "actor_returns": 208, "frame": 10417}
{"id": "vehicle_mercedes_sprinter_calibration_13_v0", "points": 21612, "actor_returns": 1499, "frame": 10453}
{"id": "vehicle_mercedes_sprinter_calibration_13_v1", "points": 22532, "actor_returns": 658, "frame": 10458}
{"id": "vehicle_mercedes_sprinter_calibration_14_v0", "points": 21612, "actor_returns": 282, "frame": 10494}
{"id": "vehicle_mercedes_sprinter_calibration_14_v1", "points": 22532, "actor_returns": 216, "frame": 10499}
{"id": "vehicle_mercedes_sprinter_calibration_16_v0", "points": 21612, "actor_returns": 393, "frame": 10535}
{"id": "vehicle_mercedes_sprinter_calibration_16_v1", "points": 22532, "actor_returns": 197, "frame": 10540}
{"id": "vehicle_mercedes_sprinter_calibration_19_v0", "points": 21612, "actor_returns": 379, "frame": 10576}
{"id": "vehicle_mercedes_sprinter_calibration_19_v1", "points": 22532, "actor_returns": 166, "frame": 10581}
{"id": "vehicle_mercedes_sprinter_calibration_20_v0", "points": 21612, "actor_returns": 1394, "frame": 10617}
{"id": "vehicle_mercedes_sprinter_calibration_20_v1", "points": 22532, "actor_returns": 615, "frame": 10622}
{"id": "vehicle_mercedes_sprinter_calibration_21_v0", "points": 21612, "actor_returns": 429, "frame": 10658}
{"id": "vehicle_mercedes_sprinter_calibration_21_v1", "points": 22532, "actor_returns": 211, "frame": 10663}
{"id": "vehicle_mercedes_sprinter_calibration_22_v0", "points": 21612, "actor_returns": 214, "frame": 10699}
{"id": "vehicle_mercedes_sprinter_calibration_22_v1", "points": 22532, "actor_returns": 104, "frame": 10704}
{"id": "vehicle_mercedes_sprinter_calibration_23_v0", "points": 21612, "actor_returns": 557, "frame": 10740}
{"id": "vehicle_mercedes_sprinter_calibration_23_v1", "points": 22532, "actor_returns": 381, "frame": 10745}
{"id": "vehicle_mercedes_sprinter_calibration_24_v0", "points": 21612, "actor_returns": 563, "frame": 10781}
{"id": "vehicle_mercedes_sprinter_calibration_24_v1", "points": 22532, "actor_returns": 323, "frame": 10786}
{"id": "vehicle_mercedes_sprinter_calibration_25_v0", "points": 21612, "actor_returns": 312, "frame": 10822}
{"id": "vehicle_mercedes_sprinter_calibration_25_v1", "points": 22532, "actor_returns": 185, "frame": 10827}
{"id": "vehicle_mercedes_sprinter_calibration_26_v0", "points": 21612, "actor_returns": 282, "frame": 10863}
{"id": "vehicle_mercedes_sprinter_calibration_26_v1", "points": 22532, "actor_returns": 269, "frame": 10868}
{"id": "vehicle_mercedes_sprinter_calibration_27_v0", "points": 21612, "actor_returns": 620, "frame": 10904}
{"id": "vehicle_mercedes_sprinter_calibration_27_v1", "points": 22532, "actor_returns": 354, "frame": 10909}
{"id": "vehicle_mercedes_sprinter_calibration_28_v0", "points": 21612, "actor_returns": 285, "frame": 10945}
{"id": "vehicle_mercedes_sprinter_calibration_28_v1", "points": 22532, "actor_returns": 161, "frame": 10950}
{"id": "vehicle_mercedes_sprinter_calibration_29_v0", "points": 21612, "actor_returns": 395, "frame": 10986}
{"id": "vehicle_mercedes_sprinter_calibration_29_v1", "points": 22532, "actor_returns": 205, "frame": 10991}
{"id": "vehicle_mercedes_sprinter_calibration_30_v0", "points": 21612, "actor_returns": 459, "frame": 11027}
{"id": "vehicle_mercedes_sprinter_calibration_30_v1", "points": 22532, "actor_returns": 286, "frame": 11032}
{"id": "vehicle_mercedes_sprinter_calibration_31_v0", "points": 21612, "actor_returns": 501, "frame": 11068}
{"id": "vehicle_mercedes_sprinter_calibration_31_v1", "points": 22532, "actor_returns": 418, "frame": 11073}
{"id": "vehicle_mercedes_sprinter_calibration_32_v0", "points": 21612, "actor_returns": 540, "frame": 11109}
{"id": "vehicle_mercedes_sprinter_calibration_32_v1", "points": 22532, "actor_returns": 275, "frame": 11114}
{"id": "vehicle_mercedes_sprinter_calibration_33_v0", "points": 21612, "actor_returns": 1521, "frame": 11150}
{"id": "vehicle_mercedes_sprinter_calibration_33_v1", "points": 22532, "actor_returns": 728, "frame": 11155}
{"id": "vehicle_mercedes_sprinter_calibration_34_v0", "points": 21612, "actor_returns": 353, "frame": 11191}
{"id": "vehicle_mercedes_sprinter_calibration_34_v1", "points": 22532, "actor_returns": 241, "frame": 11196}
{"id": "vehicle_mercedes_sprinter_calibration_35_v0", "points": 21612, "actor_returns": 300, "frame": 11232}
{"id": "vehicle_mercedes_sprinter_calibration_35_v1", "points": 22532, "actor_returns": 143, "frame": 11237}
{"id": "vehicle_mercedes_sprinter_calibration_36_v0", "points": 21612, "actor_returns": 245, "frame": 11273}
{"id": "vehicle_mercedes_sprinter_calibration_36_v1", "points": 22532, "actor_returns": 170, "frame": 11278}
{"id": "vehicle_mercedes_sprinter_calibration_37_v0", "points": 21612, "actor_returns": 759, "frame": 11314}
{"id": "vehicle_mercedes_sprinter_calibration_37_v1", "points": 22532, "actor_returns": 359, "frame": 11319}
{"id": "vehicle_mercedes_sprinter_calibration_38_v0", "points": 21612, "actor_returns": 441, "frame": 11355}
{"id": "vehicle_mercedes_sprinter_calibration_38_v1", "points": 22532, "actor_returns": 220, "frame": 11360}
{"id": "vehicle_mercedes_sprinter_test_00_v0", "points": 21612, "actor_returns": 498, "frame": 11396}
{"id": "vehicle_mercedes_sprinter_test_00_v1", "points": 22532, "actor_returns": 230, "frame": 11401}
{"id": "vehicle_mercedes_sprinter_test_01_v0", "points": 21612, "actor_returns": 313, "frame": 11437}
{"id": "vehicle_mercedes_sprinter_test_01_v1", "points": 22532, "actor_returns": 144, "frame": 11442}
{"id": "vehicle_mercedes_sprinter_test_02_v0", "points": 21612, "actor_returns": 436, "frame": 11478}
{"id": "vehicle_mercedes_sprinter_test_02_v1", "points": 22532, "actor_returns": 266, "frame": 11483}
{"id": "vehicle_mercedes_sprinter_test_03_v0", "points": 21612, "actor_returns": 536, "frame": 11519}
{"id": "vehicle_mercedes_sprinter_test_03_v1", "points": 22532, "actor_returns": 420, "frame": 11524}
{"id": "vehicle_mercedes_sprinter_test_04_v0", "points": 21612, "actor_returns": 326, "frame": 11560}
{"id": "vehicle_mercedes_sprinter_test_04_v1", "points": 22532, "actor_returns": 182, "frame": 11565}
{"id": "vehicle_mercedes_sprinter_test_05_v0", "points": 21612, "actor_returns": 894, "frame": 11601}
{"id": "vehicle_mercedes_sprinter_test_05_v1", "points": 22532, "actor_returns": 509, "frame": 11606}
{"id": "vehicle_mercedes_sprinter_test_06_v0", "points": 21612, "actor_returns": 1250, "frame": 11642}
{"id": "vehicle_mercedes_sprinter_test_06_v1", "points": 22532, "actor_returns": 780, "frame": 11647}
{"id": "vehicle_mercedes_sprinter_test_07_v0", "points": 21612, "actor_returns": 372, "frame": 11683}
{"id": "vehicle_mercedes_sprinter_test_07_v1", "points": 22532, "actor_returns": 228, "frame": 11688}
{"id": "vehicle_mercedes_sprinter_test_08_v0", "points": 21612, "actor_returns": 457, "frame": 11724}
{"id": "vehicle_mercedes_sprinter_test_08_v1", "points": 22532, "actor_returns": 310, "frame": 11729}
{"id": "vehicle_mercedes_sprinter_test_09_v0", "points": 21612, "actor_returns": 986, "frame": 11765}
{"id": "vehicle_mercedes_sprinter_test_09_v1", "points": 22532, "actor_returns": 468, "frame": 11770}
{"id": "vehicle_mercedes_sprinter_test_10_v0", "points": 21612, "actor_returns": 692, "frame": 11806}
{"id": "vehicle_mercedes_sprinter_test_10_v1", "points": 22532, "actor_returns": 349, "frame": 11811}
{"id": "vehicle_mercedes_sprinter_test_11_v0", "points": 21612, "actor_returns": 572, "frame": 11847}
{"id": "vehicle_mercedes_sprinter_test_11_v1", "points": 22532, "actor_returns": 294, "frame": 11852}
{"id": "vehicle_mercedes_sprinter_test_12_v0", "points": 21612, "actor_returns": 684, "frame": 11888}
{"id": "vehicle_mercedes_sprinter_test_12_v1", "points": 22532, "actor_returns": 260, "frame": 11893}
{"id": "vehicle_mercedes_sprinter_test_13_v0", "points": 21612, "actor_returns": 342, "frame": 11929}
{"id": "vehicle_mercedes_sprinter_test_13_v1", "points": 22532, "actor_returns": 164, "frame": 11934}
{"id": "vehicle_mercedes_sprinter_test_14_v0", "points": 21612, "actor_returns": 339, "frame": 11970}
{"id": "vehicle_mercedes_sprinter_test_14_v1", "points": 22532, "actor_returns": 191, "frame": 11975}
{"id": "vehicle_mercedes_sprinter_test_15_v0", "points": 21612, "actor_returns": 3325, "frame": 12011}
{"id": "vehicle_mercedes_sprinter_test_15_v1", "points": 22532, "actor_returns": 1065, "frame": 12016}
{"id": "vehicle_mercedes_sprinter_test_16_v0", "points": 21612, "actor_returns": 799, "frame": 12052}
{"id": "vehicle_mercedes_sprinter_test_16_v1", "points": 22532, "actor_returns": 474, "frame": 12057}
{"id": "vehicle_mercedes_sprinter_test_17_v0", "points": 21612, "actor_returns": 2526, "frame": 12093}
{"id": "vehicle_mercedes_sprinter_test_17_v1", "points": 22532, "actor_returns": 916, "frame": 12098}
{"id": "vehicle_mercedes_sprinter_test_18_v0", "points": 21612, "actor_returns": 500, "frame": 12134}
{"id": "vehicle_mercedes_sprinter_test_18_v1", "points": 22532, "actor_returns": 342, "frame": 12139}
{"id": "vehicle_mercedes_sprinter_test_19_v0", "points": 21612, "actor_returns": 295, "frame": 12175}
{"id": "vehicle_mercedes_sprinter_test_19_v1", "points": 22532, "actor_returns": 207, "frame": 12180}
{"id": "vehicle_mercedes_sprinter_test_20_v0", "points": 21612, "actor_returns": 3090, "frame": 12216}
{"id": "vehicle_mercedes_sprinter_test_20_v1", "points": 22532, "actor_returns": 967, "frame": 12221}
{"id": "vehicle_mercedes_sprinter_test_21_v0", "points": 21612, "actor_returns": 1901, "frame": 12257}
{"id": "vehicle_mercedes_sprinter_test_21_v1", "points": 22532, "actor_returns": 396, "frame": 12262}
{"id": "vehicle_mercedes_sprinter_test_22_v0", "points": 21612, "actor_returns": 3485, "frame": 12298}
{"id": "vehicle_mercedes_sprinter_test_22_v1", "points": 22532, "actor_returns": 823, "frame": 12303}
{"id": "vehicle_mercedes_sprinter_test_23_v0", "points": 21612, "actor_returns": 3241, "frame": 12339}
{"id": "vehicle_mercedes_sprinter_test_23_v1", "points": 22532, "actor_returns": 1122, "frame": 12344}
{"id": "vehicle_mercedes_sprinter_test_24_v0", "points": 21612, "actor_returns": 741, "frame": 12380}
{"id": "vehicle_mercedes_sprinter_test_24_v1", "points": 22532, "actor_returns": 387, "frame": 12385}
{"id": "vehicle_mercedes_sprinter_test_25_v0", "points": 21612, "actor_returns": 852, "frame": 12421}
{"id": "vehicle_mercedes_sprinter_test_25_v1", "points": 22532, "actor_returns": 476, "frame": 12426}
{"id": "vehicle_mercedes_sprinter_test_26_v0", "points": 21612, "actor_returns": 356, "frame": 12462}
{"id": "vehicle_mercedes_sprinter_test_26_v1", "points": 22532, "actor_returns": 173, "frame": 12467}
{"id": "vehicle_mercedes_sprinter_test_27_v0", "points": 21612, "actor_returns": 430, "frame": 12503}
{"id": "vehicle_mercedes_sprinter_test_27_v1", "points": 22532, "actor_returns": 315, "frame": 12508}
{"id": "vehicle_mercedes_sprinter_test_28_v0", "points": 21612, "actor_returns": 721, "frame": 12544}
{"id": "vehicle_mercedes_sprinter_test_28_v1", "points": 22532, "actor_returns": 269, "frame": 12549}
{"id": "vehicle_mercedes_sprinter_test_29_v0", "points": 21612, "actor_returns": 321, "frame": 12585}
{"id": "vehicle_mercedes_sprinter_test_29_v1", "points": 22532, "actor_returns": 168, "frame": 12590}
{"id": "vehicle_mercedes_sprinter_test_30_v0", "points": 21612, "actor_returns": 735, "frame": 12626}
{"id": "vehicle_mercedes_sprinter_test_30_v1", "points": 22532, "actor_returns": 454, "frame": 12631}
{"id": "vehicle_mercedes_sprinter_test_31_v0", "points": 21612, "actor_returns": 1184, "frame": 12667}
{"id": "vehicle_mercedes_sprinter_test_31_v1", "points": 22532, "actor_returns": 656, "frame": 12672}
{"id": "vehicle_mercedes_sprinter_test_32_v0", "points": 21612, "actor_returns": 376, "frame": 12708}
{"id": "vehicle_mercedes_sprinter_test_32_v1", "points": 22532, "actor_returns": 197, "frame": 12713}
{"id": "vehicle_mercedes_sprinter_test_33_v0", "points": 21612, "actor_returns": 680, "frame": 12749}
{"id": "vehicle_mercedes_sprinter_test_33_v1", "points": 22532, "actor_returns": 456, "frame": 12754}
{"id": "vehicle_mercedes_sprinter_test_34_v0", "points": 21612, "actor_returns": 327, "frame": 12790}
{"id": "vehicle_mercedes_sprinter_test_34_v1", "points": 22532, "actor_returns": 221, "frame": 12795}
{"id": "vehicle_mercedes_sprinter_test_35_v0", "points": 21612, "actor_returns": 266, "frame": 12831}
{"id": "vehicle_mercedes_sprinter_test_35_v1", "points": 22532, "actor_returns": 173, "frame": 12836}
{"id": "vehicle_mercedes_sprinter_test_36_v0", "points": 21612, "actor_returns": 480, "frame": 12872}
{"id": "vehicle_mercedes_sprinter_test_36_v1", "points": 22532, "actor_returns": 224, "frame": 12877}
{"id": "vehicle_mercedes_sprinter_test_37_v0", "points": 21612, "actor_returns": 948, "frame": 12913}
{"id": "vehicle_mercedes_sprinter_test_37_v1", "points": 22532, "actor_returns": 451, "frame": 12918}
{"id": "vehicle_mercedes_sprinter_test_38_v0", "points": 21612, "actor_returns": 711, "frame": 12954}
{"id": "vehicle_mercedes_sprinter_test_38_v1", "points": 22532, "actor_returns": 322, "frame": 12959}
{"id": "vehicle_mercedes_sprinter_test_39_v0", "points": 21612, "actor_returns": 439, "frame": 12995}
{"id": "vehicle_mercedes_sprinter_test_39_v1", "points": 22532, "actor_returns": 323, "frame": 13000}
{"id": "vehicle_mercedes_sprinter_test_40_v0", "points": 21612, "actor_returns": 327, "frame": 13036}
{"id": "vehicle_mercedes_sprinter_test_40_v1", "points": 22532, "actor_returns": 245, "frame": 13041}
{"id": "vehicle_mercedes_sprinter_test_41_v0", "points": 21612, "actor_returns": 309, "frame": 13077}
{"id": "vehicle_mercedes_sprinter_test_41_v1", "points": 22532, "actor_returns": 237, "frame": 13082}
{"id": "vehicle_mercedes_sprinter_test_42_v0", "points": 21612, "actor_returns": 513, "frame": 13118}
{"id": "vehicle_mercedes_sprinter_test_42_v1", "points": 22532, "actor_returns": 199, "frame": 13123}
{"id": "vehicle_mercedes_sprinter_test_43_v0", "points": 21612, "actor_returns": 543, "frame": 13159}
{"id": "vehicle_mercedes_sprinter_test_43_v1", "points": 22532, "actor_returns": 210, "frame": 13164}
{"id": "vehicle_mercedes_sprinter_test_44_v0", "points": 21612, "actor_returns": 998, "frame": 13200}
{"id": "vehicle_mercedes_sprinter_test_44_v1", "points": 22532, "actor_returns": 421, "frame": 13205}
{"id": "vehicle_mercedes_sprinter_test_45_v0", "points": 21612, "actor_returns": 462, "frame": 13241}
{"id": "vehicle_mercedes_sprinter_test_45_v1", "points": 22532, "actor_returns": 201, "frame": 13246}
{"id": "vehicle_mercedes_sprinter_test_46_v0", "points": 21612, "actor_returns": 635, "frame": 13282}
{"id": "vehicle_mercedes_sprinter_test_46_v1", "points": 22532, "actor_returns": 313, "frame": 13287}
{"id": "vehicle_mercedes_sprinter_test_47_v0", "points": 21612, "actor_returns": 213, "frame": 13323}
{"id": "vehicle_mercedes_sprinter_test_47_v1", "points": 22532, "actor_returns": 140, "frame": 13328}
{"id": "vehicle_mercedes_sprinter_test_48_v0", "points": 21612, "actor_returns": 364, "frame": 13364}
{"id": "vehicle_mercedes_sprinter_test_48_v1", "points": 22532, "actor_returns": 210, "frame": 13369}
{"id": "vehicle_mercedes_sprinter_test_49_v0", "points": 21612, "actor_returns": 1723, "frame": 13405}
{"id": "vehicle_mercedes_sprinter_test_49_v1", "points": 22532, "actor_returns": 443, "frame": 13410}
{"id": "vehicle_mercedes_sprinter_test_50_v0", "points": 21612, "actor_returns": 371, "frame": 13446}
{"id": "vehicle_mercedes_sprinter_test_50_v1", "points": 22532, "actor_returns": 227, "frame": 13451}
{"id": "vehicle_mercedes_sprinter_test_51_v0", "points": 21612, "actor_returns": 259, "frame": 13487}
{"id": "vehicle_mercedes_sprinter_test_51_v1", "points": 22532, "actor_returns": 127, "frame": 13492}
{"id": "vehicle_mercedes_sprinter_test_52_v0", "points": 21612, "actor_returns": 1842, "frame": 13528}
{"id": "vehicle_mercedes_sprinter_test_52_v1", "points": 22532, "actor_returns": 737, "frame": 13533}
{"id": "vehicle_mercedes_sprinter_test_53_v0", "points": 21612, "actor_returns": 367, "frame": 13569}
{"id": "vehicle_mercedes_sprinter_test_53_v1", "points": 22532, "actor_returns": 273, "frame": 13574}
{"id": "vehicle_mercedes_sprinter_test_54_v0", "points": 21612, "actor_returns": 507, "frame": 13610}
{"id": "vehicle_mercedes_sprinter_test_54_v1", "points": 22532, "actor_returns": 293, "frame": 13615}
{"id": "vehicle_mercedes_sprinter_test_55_v0", "points": 21612, "actor_returns": 349, "frame": 13651}
{"id": "vehicle_mercedes_sprinter_test_55_v1", "points": 22532, "actor_returns": 208, "frame": 13656}
{"id": "vehicle_mercedes_sprinter_test_56_v0", "points": 21612, "actor_returns": 773, "frame": 13692}
{"id": "vehicle_mercedes_sprinter_test_56_v1", "points": 22532, "actor_returns": 563, "frame": 13697}
{"id": "vehicle_mercedes_sprinter_test_57_v0", "points": 21612, "actor_returns": 432, "frame": 13733}
{"id": "vehicle_mercedes_sprinter_test_57_v1", "points": 22532, "actor_returns": 212, "frame": 13738}
{"id": "vehicle_mercedes_sprinter_test_58_v0", "points": 21612, "actor_returns": 386, "frame": 13774}
{"id": "vehicle_mercedes_sprinter_test_58_v1", "points": 22532, "actor_returns": 200, "frame": 13779}
{"id": "vehicle_mercedes_sprinter_test_59_v0", "points": 21612, "actor_returns": 198, "frame": 13815}
{"id": "vehicle_mercedes_sprinter_test_59_v1", "points": 22532, "actor_returns": 135, "frame": 13820}
{"id": "vehicle_diamondback_century_calibration_00_v0", "points": 21612, "actor_returns": 48, "frame": 13856}
{"id": "vehicle_diamondback_century_calibration_00_v1", "points": 22532, "actor_returns": 23, "frame": 13861}
{"id": "vehicle_diamondback_century_calibration_01_v0", "points": 21612, "actor_returns": 23, "frame": 13897}
{"id": "vehicle_diamondback_century_calibration_01_v1", "points": 22532, "actor_returns": 22, "frame": 13902}
{"id": "vehicle_diamondback_century_calibration_02_v0", "points": 21612, "actor_returns": 13, "frame": 13938}
{"id": "vehicle_diamondback_century_calibration_02_v1", "points": 22532, "actor_returns": 9, "frame": 13943}
{"id": "vehicle_diamondback_century_calibration_03_v0", "points": 21612, "actor_returns": 12, "frame": 13979}
{"id": "vehicle_diamondback_century_calibration_03_v1", "points": 22532, "actor_returns": 12, "frame": 13984}
{"id": "vehicle_diamondback_century_calibration_04_v0", "points": 21612, "actor_returns": 22, "frame": 14020}
{"id": "vehicle_diamondback_century_calibration_04_v1", "points": 22532, "actor_returns": 20, "frame": 14025}
{"id": "vehicle_diamondback_century_calibration_05_v0", "points": 21612, "actor_returns": 26, "frame": 14061}
{"id": "vehicle_diamondback_century_calibration_05_v1", "points": 22532, "actor_returns": 13, "frame": 14066}
{"id": "vehicle_diamondback_century_calibration_06_v0", "points": 21612, "actor_returns": 23, "frame": 14102}
{"id": "vehicle_diamondback_century_calibration_06_v1", "points": 22532, "actor_returns": 14, "frame": 14107}
{"id": "vehicle_diamondback_century_calibration_07_v0", "points": 21612, "actor_returns": 65, "frame": 14143}
{"id": "vehicle_diamondback_century_calibration_07_v1", "points": 22532, "actor_returns": 31, "frame": 14148}
{"id": "vehicle_diamondback_century_calibration_08_v0", "points": 21612, "actor_returns": 32, "frame": 14184}
{"id": "vehicle_diamondback_century_calibration_08_v1", "points": 22532, "actor_returns": 13, "frame": 14189}
{"id": "vehicle_diamondback_century_calibration_09_v0", "points": 21612, "actor_returns": 31, "frame": 14225}
{"id": "vehicle_diamondback_century_calibration_09_v1", "points": 22532, "actor_returns": 16, "frame": 14230}
{"id": "vehicle_diamondback_century_calibration_10_v0", "points": 21612, "actor_returns": 13, "frame": 14266}
{"id": "vehicle_diamondback_century_calibration_10_v1", "points": 22532, "actor_returns": 12, "frame": 14271}
{"id": "vehicle_diamondback_century_calibration_11_v0", "points": 21612, "actor_returns": 34, "frame": 14307}
{"id": "vehicle_diamondback_century_calibration_11_v1", "points": 22532, "actor_returns": 20, "frame": 14312}
{"id": "vehicle_diamondback_century_calibration_12_v0", "points": 21612, "actor_returns": 13, "frame": 14348}
{"id": "vehicle_diamondback_century_calibration_12_v1", "points": 22532, "actor_returns": 10, "frame": 14353}
{"id": "vehicle_diamondback_century_calibration_13_v0", "points": 21612, "actor_returns": 64, "frame": 14389}
{"id": "vehicle_diamondback_century_calibration_13_v1", "points": 22532, "actor_returns": 25, "frame": 14394}
{"id": "vehicle_diamondback_century_calibration_14_v0", "points": 21612, "actor_returns": 76, "frame": 14430}
{"id": "vehicle_diamondback_century_calibration_14_v1", "points": 22532, "actor_returns": 32, "frame": 14435}
{"id": "vehicle_diamondback_century_calibration_15_v0", "points": 21612, "actor_returns": 24, "frame": 14471}
{"id": "vehicle_diamondback_century_calibration_15_v1", "points": 22532, "actor_returns": 11, "frame": 14476}
{"id": "vehicle_diamondback_century_calibration_16_v0", "points": 21612, "actor_returns": 21, "frame": 14512}
{"id": "vehicle_diamondback_century_calibration_16_v1", "points": 22532, "actor_returns": 17, "frame": 14517}
{"id": "vehicle_diamondback_century_calibration_17_v0", "points": 21612, "actor_returns": 20, "frame": 14553}
{"id": "vehicle_diamondback_century_calibration_17_v1", "points": 22532, "actor_returns": 19, "frame": 14558}
{"id": "vehicle_diamondback_century_calibration_18_v0", "points": 21612, "actor_returns": 32, "frame": 14594}
{"id": "vehicle_diamondback_century_calibration_18_v1", "points": 22532, "actor_returns": 30, "frame": 14599}
{"id": "vehicle_diamondback_century_calibration_19_v0", "points": 21612, "actor_returns": 295, "frame": 14635}
{"id": "vehicle_diamondback_century_calibration_19_v1", "points": 22532, "actor_returns": 34, "frame": 14640}
{"id": "vehicle_diamondback_century_calibration_20_v0", "points": 21612, "actor_returns": 26, "frame": 14676}
{"id": "vehicle_diamondback_century_calibration_20_v1", "points": 22532, "actor_returns": 20, "frame": 14681}
{"id": "vehicle_diamondback_century_calibration_21_v0", "points": 21612, "actor_returns": 21, "frame": 14717}
{"id": "vehicle_diamondback_century_calibration_21_v1", "points": 22532, "actor_returns": 12, "frame": 14722}
{"id": "vehicle_diamondback_century_calibration_22_v0", "points": 21612, "actor_returns": 23, "frame": 14758}
{"id": "vehicle_diamondback_century_calibration_22_v1", "points": 22532, "actor_returns": 10, "frame": 14763}
{"id": "vehicle_diamondback_century_calibration_23_v0", "points": 21612, "actor_returns": 16, "frame": 14799}
{"id": "vehicle_diamondback_century_calibration_23_v1", "points": 22532, "actor_returns": 10, "frame": 14804}
{"id": "vehicle_diamondback_century_calibration_24_v0", "points": 21612, "actor_returns": 33, "frame": 14840}
{"id": "vehicle_diamondback_century_calibration_24_v1", "points": 22532, "actor_returns": 27, "frame": 14845}
{"id": "vehicle_diamondback_century_calibration_25_v0", "points": 21612, "actor_returns": 22, "frame": 14881}
{"id": "vehicle_diamondback_century_calibration_25_v1", "points": 22532, "actor_returns": 12, "frame": 14886}
{"id": "vehicle_diamondback_century_calibration_26_v0", "points": 21612, "actor_returns": 31, "frame": 14922}
{"id": "vehicle_diamondback_century_calibration_26_v1", "points": 22532, "actor_returns": 17, "frame": 14927}
{"id": "vehicle_diamondback_century_calibration_27_v0", "points": 21612, "actor_returns": 25, "frame": 14963}
{"id": "vehicle_diamondback_century_calibration_27_v1", "points": 22532, "actor_returns": 21, "frame": 14968}
{"id": "vehicle_diamondback_century_calibration_28_v0", "points": 21612, "actor_returns": 41, "frame": 15004}
{"id": "vehicle_diamondback_century_calibration_28_v1", "points": 22532, "actor_returns": 28, "frame": 15009}
{"id": "vehicle_diamondback_century_calibration_29_v0", "points": 21612, "actor_returns": 30, "frame": 15045}
{"id": "vehicle_diamondback_century_calibration_29_v1", "points": 22532, "actor_returns": 25, "frame": 15050}
{"id": "vehicle_diamondback_century_calibration_30_v0", "points": 21612, "actor_returns": 30, "frame": 15086}
{"id": "vehicle_diamondback_century_calibration_30_v1", "points": 22532, "actor_returns": 20, "frame": 15091}
{"id": "vehicle_diamondback_century_calibration_31_v0", "points": 21612, "actor_returns": 17, "frame": 15127}
{"id": "vehicle_diamondback_century_calibration_31_v1", "points": 22532, "actor_returns": 11, "frame": 15132}
{"id": "vehicle_diamondback_century_calibration_32_v0", "points": 21612, "actor_returns": 29, "frame": 15168}
{"id": "vehicle_diamondback_century_calibration_32_v1", "points": 22532, "actor_returns": 22, "frame": 15173}
{"id": "vehicle_diamondback_century_calibration_33_v0", "points": 21612, "actor_returns": 37, "frame": 15209}
{"id": "vehicle_diamondback_century_calibration_33_v1", "points": 22532, "actor_returns": 24, "frame": 15214}
{"id": "vehicle_diamondback_century_calibration_34_v0", "points": 21612, "actor_returns": 17, "frame": 15250}
{"id": "vehicle_diamondback_century_calibration_34_v1", "points": 22532, "actor_returns": 9, "frame": 15255}
{"id": "vehicle_diamondback_century_calibration_35_v0", "points": 21612, "actor_returns": 93, "frame": 15291}
{"id": "vehicle_diamondback_century_calibration_35_v1", "points": 22532, "actor_returns": 54, "frame": 15296}
{"id": "vehicle_diamondback_century_calibration_36_v0", "points": 21612, "actor_returns": 25, "frame": 15332}
{"id": "vehicle_diamondback_century_calibration_36_v1", "points": 22532, "actor_returns": 17, "frame": 15337}
{"id": "vehicle_diamondback_century_calibration_37_v0", "points": 21612, "actor_returns": 27, "frame": 15373}
{"id": "vehicle_diamondback_century_calibration_37_v1", "points": 22532, "actor_returns": 13, "frame": 15378}
{"id": "vehicle_diamondback_century_calibration_38_v0", "points": 21612, "actor_returns": 29, "frame": 15414}
{"id": "vehicle_diamondback_century_calibration_38_v1", "points": 22532, "actor_returns": 17, "frame": 15419}
{"id": "vehicle_diamondback_century_test_00_v0", "points": 21612, "actor_returns": 32, "frame": 15455}
{"id": "vehicle_diamondback_century_test_00_v1", "points": 22532, "actor_returns": 18, "frame": 15460}
{"id": "vehicle_diamondback_century_test_01_v0", "points": 21612, "actor_returns": 21, "frame": 15496}
{"id": "vehicle_diamondback_century_test_01_v1", "points": 22532, "actor_returns": 15, "frame": 15501}
{"id": "vehicle_diamondback_century_test_02_v0", "points": 21612, "actor_returns": 18, "frame": 15537}
{"id": "vehicle_diamondback_century_test_02_v1", "points": 22532, "actor_returns": 12, "frame": 15542}
{"id": "vehicle_diamondback_century_test_03_v0", "points": 21612, "actor_returns": 31, "frame": 15578}
{"id": "vehicle_diamondback_century_test_03_v1", "points": 22532, "actor_returns": 25, "frame": 15583}
{"id": "vehicle_diamondback_century_test_04_v0", "points": 21612, "actor_returns": 24, "frame": 15619}
{"id": "vehicle_diamondback_century_test_04_v1", "points": 22532, "actor_returns": 21, "frame": 15624}
{"id": "vehicle_diamondback_century_test_05_v0", "points": 21612, "actor_returns": 15, "frame": 15660}
{"id": "vehicle_diamondback_century_test_05_v1", "points": 22532, "actor_returns": 15, "frame": 15665}
{"id": "vehicle_diamondback_century_test_06_v0", "points": 21612, "actor_returns": 46, "frame": 15701}
{"id": "vehicle_diamondback_century_test_06_v1", "points": 22532, "actor_returns": 28, "frame": 15706}
{"id": "vehicle_diamondback_century_test_07_v0", "points": 21612, "actor_returns": 31, "frame": 15742}
{"id": "vehicle_diamondback_century_test_07_v1", "points": 22532, "actor_returns": 20, "frame": 15747}
{"id": "vehicle_diamondback_century_test_08_v0", "points": 21612, "actor_returns": 23, "frame": 15783}
{"id": "vehicle_diamondback_century_test_08_v1", "points": 22532, "actor_returns": 17, "frame": 15788}
{"id": "vehicle_diamondback_century_test_09_v0", "points": 21612, "actor_returns": 34, "frame": 15824}
{"id": "vehicle_diamondback_century_test_09_v1", "points": 22532, "actor_returns": 23, "frame": 15829}
{"id": "vehicle_diamondback_century_test_10_v0", "points": 21612, "actor_returns": 58, "frame": 15865}
{"id": "vehicle_diamondback_century_test_10_v1", "points": 22532, "actor_returns": 31, "frame": 15870}
{"id": "vehicle_diamondback_century_test_11_v0", "points": 21612, "actor_returns": 11, "frame": 15906}
{"id": "vehicle_diamondback_century_test_11_v1", "points": 22532, "actor_returns": 9, "frame": 15911}
{"id": "vehicle_diamondback_century_test_12_v0", "points": 21612, "actor_returns": 17, "frame": 15947}
{"id": "vehicle_diamondback_century_test_12_v1", "points": 22532, "actor_returns": 10, "frame": 15952}
{"id": "vehicle_diamondback_century_test_13_v0", "points": 21612, "actor_returns": 22, "frame": 15988}
{"id": "vehicle_diamondback_century_test_13_v1", "points": 22532, "actor_returns": 13, "frame": 15993}
{"id": "vehicle_diamondback_century_test_14_v0", "points": 21612, "actor_returns": 40, "frame": 16029}
{"id": "vehicle_diamondback_century_test_14_v1", "points": 22532, "actor_returns": 18, "frame": 16034}
{"id": "vehicle_diamondback_century_test_15_v0", "points": 21612, "actor_returns": 22, "frame": 16070}
{"id": "vehicle_diamondback_century_test_15_v1", "points": 22532, "actor_returns": 17, "frame": 16075}
{"id": "vehicle_diamondback_century_test_16_v0", "points": 21612, "actor_returns": 57, "frame": 16111}
{"id": "vehicle_diamondback_century_test_16_v1", "points": 22532, "actor_returns": 35, "frame": 16116}
{"id": "vehicle_diamondback_century_test_17_v0", "points": 21612, "actor_returns": 10, "frame": 16152}
{"id": "vehicle_diamondback_century_test_17_v1", "points": 22532, "actor_returns": 9, "frame": 16157}
{"id": "vehicle_diamondback_century_test_18_v0", "points": 21612, "actor_returns": 16, "frame": 16193}
{"id": "vehicle_diamondback_century_test_18_v1", "points": 22532, "actor_returns": 11, "frame": 16198}
{"id": "vehicle_diamondback_century_test_19_v0", "points": 21612, "actor_returns": 18, "frame": 16234}
{"id": "vehicle_diamondback_century_test_19_v1", "points": 22532, "actor_returns": 10, "frame": 16239}
{"id": "vehicle_diamondback_century_test_20_v0", "points": 21612, "actor_returns": 24, "frame": 16275}
{"id": "vehicle_diamondback_century_test_20_v1", "points": 22532, "actor_returns": 16, "frame": 16280}
{"id": "vehicle_diamondback_century_test_21_v0", "points": 21612, "actor_returns": 20, "frame": 16316}
{"id": "vehicle_diamondback_century_test_21_v1", "points": 22532, "actor_returns": 11, "frame": 16321}
{"id": "vehicle_diamondback_century_test_22_v0", "points": 21612, "actor_returns": 155, "frame": 16357}
{"id": "vehicle_diamondback_century_test_22_v1", "points": 22532, "actor_returns": 50, "frame": 16362}
{"id": "vehicle_diamondback_century_test_23_v0", "points": 21612, "actor_returns": 11, "frame": 16398}
{"id": "vehicle_diamondback_century_test_23_v1", "points": 22532, "actor_returns": 9, "frame": 16403}
{"id": "vehicle_diamondback_century_test_24_v0", "points": 21612, "actor_returns": 15, "frame": 16439}
{"id": "vehicle_diamondback_century_test_24_v1", "points": 22532, "actor_returns": 9, "frame": 16444}
{"id": "vehicle_diamondback_century_test_25_v0", "points": 21612, "actor_returns": 11, "frame": 16480}
{"id": "vehicle_diamondback_century_test_25_v1", "points": 22532, "actor_returns": 11, "frame": 16485}
{"id": "vehicle_diamondback_century_test_26_v0", "points": 21612, "actor_returns": 14, "frame": 16521}
{"id": "vehicle_diamondback_century_test_26_v1", "points": 22532, "actor_returns": 12, "frame": 16526}
{"id": "vehicle_diamondback_century_test_27_v0", "points": 21612, "actor_returns": 35, "frame": 16562}
{"id": "vehicle_diamondback_century_test_27_v1", "points": 22532, "actor_returns": 17, "frame": 16567}
{"id": "vehicle_diamondback_century_test_28_v0", "points": 21612, "actor_returns": 28, "frame": 16603}
{"id": "vehicle_diamondback_century_test_28_v1", "points": 22532, "actor_returns": 16, "frame": 16608}
{"id": "vehicle_diamondback_century_test_29_v0", "points": 21612, "actor_returns": 82, "frame": 16644}
{"id": "vehicle_diamondback_century_test_29_v1", "points": 22532, "actor_returns": 31, "frame": 16649}
{"id": "vehicle_diamondback_century_test_30_v0", "points": 21612, "actor_returns": 17, "frame": 16685}
{"id": "vehicle_diamondback_century_test_30_v1", "points": 22532, "actor_returns": 11, "frame": 16690}
{"id": "vehicle_diamondback_century_test_31_v0", "points": 21612, "actor_returns": 58, "frame": 16726}
{"id": "vehicle_diamondback_century_test_31_v1", "points": 22532, "actor_returns": 30, "frame": 16731}
{"id": "vehicle_diamondback_century_test_32_v0", "points": 21612, "actor_returns": 50, "frame": 16767}
{"id": "vehicle_diamondback_century_test_32_v1", "points": 22532, "actor_returns": 31, "frame": 16772}
{"id": "vehicle_diamondback_century_test_33_v0", "points": 21612, "actor_returns": 22, "frame": 16808}
{"id": "vehicle_diamondback_century_test_33_v1", "points": 22532, "actor_returns": 20, "frame": 16813}
{"id": "vehicle_diamondback_century_test_34_v0", "points": 21612, "actor_returns": 50, "frame": 16849}
{"id": "vehicle_diamondback_century_test_34_v1", "points": 22532, "actor_returns": 42, "frame": 16854}
{"id": "vehicle_diamondback_century_test_35_v0", "points": 21612, "actor_returns": 15, "frame": 16890}
{"id": "vehicle_diamondback_century_test_35_v1", "points": 22532, "actor_returns": 6, "frame": 16895}
{"id": "vehicle_diamondback_century_test_36_v0", "points": 21612, "actor_returns": 28, "frame": 16931}
{"id": "vehicle_diamondback_century_test_36_v1", "points": 22532, "actor_returns": 18, "frame": 16936}
{"id": "vehicle_diamondback_century_test_37_v0", "points": 21612, "actor_returns": 149, "frame": 16972}
{"id": "vehicle_diamondback_century_test_37_v1", "points": 22532, "actor_returns": 32, "frame": 16977}
{"id": "vehicle_diamondback_century_test_38_v0", "points": 21612, "actor_returns": 11, "frame": 17013}
{"id": "vehicle_diamondback_century_test_38_v1", "points": 22532, "actor_returns": 12, "frame": 17018}
{"id": "vehicle_diamondback_century_test_39_v0", "points": 21612, "actor_returns": 20, "frame": 17054}
{"id": "vehicle_diamondback_century_test_39_v1", "points": 22532, "actor_returns": 15, "frame": 17059}
{"id": "vehicle_diamondback_century_test_40_v0", "points": 21612, "actor_returns": 20, "frame": 17095}
{"id": "vehicle_diamondback_century_test_40_v1", "points": 22532, "actor_returns": 13, "frame": 17100}
{"id": "vehicle_diamondback_century_test_41_v0", "points": 21612, "actor_returns": 45, "frame": 17136}
{"id": "vehicle_diamondback_century_test_41_v1", "points": 22532, "actor_returns": 23, "frame": 17141}
{"id": "vehicle_diamondback_century_test_42_v0", "points": 21612, "actor_returns": 20, "frame": 17177}
{"id": "vehicle_diamondback_century_test_42_v1", "points": 22532, "actor_returns": 14, "frame": 17182}
{"id": "vehicle_diamondback_century_test_43_v0", "points": 21612, "actor_returns": 39, "frame": 17218}
{"id": "vehicle_diamondback_century_test_43_v1", "points": 22532, "actor_returns": 22, "frame": 17223}
{"id": "vehicle_diamondback_century_test_44_v0", "points": 21612, "actor_returns": 24, "frame": 17259}
{"id": "vehicle_diamondback_century_test_44_v1", "points": 22532, "actor_returns": 18, "frame": 17264}
{"id": "vehicle_diamondback_century_test_45_v0", "points": 21612, "actor_returns": 14, "frame": 17300}
{"id": "vehicle_diamondback_century_test_45_v1", "points": 22532, "actor_returns": 11, "frame": 17305}
{"id": "vehicle_diamondback_century_test_46_v0", "points": 21612, "actor_returns": 22, "frame": 17341}
{"id": "vehicle_diamondback_century_test_46_v1", "points": 22532, "actor_returns": 11, "frame": 17346}
{"id": "vehicle_diamondback_century_test_47_v0", "points": 21612, "actor_returns": 22, "frame": 17382}
{"id": "vehicle_diamondback_century_test_47_v1", "points": 22532, "actor_returns": 21, "frame": 17387}
{"id": "vehicle_diamondback_century_test_48_v0", "points": 21612, "actor_returns": 28, "frame": 17423}
{"id": "vehicle_diamondback_century_test_48_v1", "points": 22532, "actor_returns": 32, "frame": 17428}
{"id": "vehicle_diamondback_century_test_49_v0", "points": 21612, "actor_returns": 22, "frame": 17464}
{"id": "vehicle_diamondback_century_test_49_v1", "points": 22532, "actor_returns": 13, "frame": 17469}
{"id": "vehicle_diamondback_century_test_50_v0", "points": 21612, "actor_returns": 16, "frame": 17505}
{"id": "vehicle_diamondback_century_test_50_v1", "points": 22532, "actor_returns": 9, "frame": 17510}
{"id": "vehicle_diamondback_century_test_51_v0", "points": 21612, "actor_returns": 17, "frame": 17546}
{"id": "vehicle_diamondback_century_test_51_v1", "points": 22532, "actor_returns": 12, "frame": 17551}
{"id": "vehicle_diamondback_century_test_52_v0", "points": 21612, "actor_returns": 20, "frame": 17587}
{"id": "vehicle_diamondback_century_test_52_v1", "points": 22532, "actor_returns": 15, "frame": 17592}
{"id": "vehicle_diamondback_century_test_53_v0", "points": 21612, "actor_returns": 14, "frame": 17628}
{"id": "vehicle_diamondback_century_test_53_v1", "points": 22532, "actor_returns": 9, "frame": 17633}
{"id": "vehicle_diamondback_century_test_54_v0", "points": 21612, "actor_returns": 18, "frame": 17669}
{"id": "vehicle_diamondback_century_test_54_v1", "points": 22532, "actor_returns": 22, "frame": 17674}
{"id": "vehicle_diamondback_century_test_55_v0", "points": 21612, "actor_returns": 13, "frame": 17710}
{"id": "vehicle_diamondback_century_test_55_v1", "points": 22532, "actor_returns": 12, "frame": 17715}
{"id": "vehicle_diamondback_century_test_56_v0", "points": 21612, "actor_returns": 29, "frame": 17751}
{"id": "vehicle_diamondback_century_test_56_v1", "points": 22532, "actor_returns": 17, "frame": 17756}
{"id": "vehicle_diamondback_century_test_57_v0", "points": 21612, "actor_returns": 21, "frame": 17792}
{"id": "vehicle_diamondback_century_test_57_v1", "points": 22532, "actor_returns": 17, "frame": 17797}
{"id": "vehicle_diamondback_century_test_58_v0", "points": 21612, "actor_returns": 21, "frame": 17833}
{"id": "vehicle_diamondback_century_test_58_v1", "points": 22532, "actor_returns": 14, "frame": 17838}
{"id": "vehicle_diamondback_century_test_59_v0", "points": 21612, "actor_returns": 18, "frame": 17874}
{"id": "vehicle_diamondback_century_test_59_v1", "points": 22532, "actor_returns": 11, "frame": 17879}
{"id": "vehicle_kawasaki_ninja_calibration_00_v0", "points": 21612, "actor_returns": 71, "frame": 17915}
{"id": "vehicle_kawasaki_ninja_calibration_00_v1", "points": 22532, "actor_returns": 40, "frame": 17920}
{"id": "vehicle_kawasaki_ninja_calibration_01_v0", "points": 21612, "actor_returns": 40, "frame": 17956}
{"id": "vehicle_kawasaki_ninja_calibration_01_v1", "points": 22532, "actor_returns": 23, "frame": 17961}
{"id": "vehicle_kawasaki_ninja_calibration_02_v0", "points": 21612, "actor_returns": 120, "frame": 17997}
{"id": "vehicle_kawasaki_ninja_calibration_02_v1", "points": 22532, "actor_returns": 54, "frame": 18002}
{"id": "vehicle_kawasaki_ninja_calibration_03_v0", "points": 21612, "actor_returns": 58, "frame": 18038}
{"id": "vehicle_kawasaki_ninja_calibration_03_v1", "points": 22532, "actor_returns": 31, "frame": 18043}
{"id": "vehicle_kawasaki_ninja_calibration_04_v0", "points": 21612, "actor_returns": 66, "frame": 18079}
{"id": "vehicle_kawasaki_ninja_calibration_04_v1", "points": 22532, "actor_returns": 45, "frame": 18084}
{"id": "vehicle_kawasaki_ninja_calibration_05_v0", "points": 21612, "actor_returns": 28, "frame": 18120}
{"id": "vehicle_kawasaki_ninja_calibration_05_v1", "points": 22532, "actor_returns": 31, "frame": 18125}
{"id": "vehicle_kawasaki_ninja_calibration_06_v0", "points": 21612, "actor_returns": 36, "frame": 18161}
{"id": "vehicle_kawasaki_ninja_calibration_06_v1", "points": 22532, "actor_returns": 22, "frame": 18166}
{"id": "vehicle_kawasaki_ninja_calibration_07_v0", "points": 21612, "actor_returns": 15, "frame": 18202}
{"id": "vehicle_kawasaki_ninja_calibration_07_v1", "points": 22532, "actor_returns": 11, "frame": 18207}
{"id": "vehicle_kawasaki_ninja_calibration_08_v0", "points": 21612, "actor_returns": 45, "frame": 18243}
{"id": "vehicle_kawasaki_ninja_calibration_08_v1", "points": 22532, "actor_returns": 22, "frame": 18248}
{"id": "vehicle_kawasaki_ninja_calibration_09_v0", "points": 21612, "actor_returns": 86, "frame": 18284}
{"id": "vehicle_kawasaki_ninja_calibration_09_v1", "points": 22532, "actor_returns": 28, "frame": 18289}
{"id": "vehicle_kawasaki_ninja_calibration_10_v0", "points": 21612, "actor_returns": 77, "frame": 18325}
{"id": "vehicle_kawasaki_ninja_calibration_10_v1", "points": 22532, "actor_returns": 47, "frame": 18330}
{"id": "vehicle_kawasaki_ninja_calibration_11_v0", "points": 21612, "actor_returns": 17, "frame": 18366}
{"id": "vehicle_kawasaki_ninja_calibration_11_v1", "points": 22532, "actor_returns": 13, "frame": 18371}
{"id": "vehicle_kawasaki_ninja_calibration_12_v0", "points": 21612, "actor_returns": 55, "frame": 18407}
{"id": "vehicle_kawasaki_ninja_calibration_12_v1", "points": 22532, "actor_returns": 38, "frame": 18412}
{"id": "vehicle_kawasaki_ninja_calibration_13_v0", "points": 21612, "actor_returns": 19, "frame": 18448}
{"id": "vehicle_kawasaki_ninja_calibration_13_v1", "points": 22532, "actor_returns": 14, "frame": 18453}
{"id": "vehicle_kawasaki_ninja_calibration_14_v0", "points": 21612, "actor_returns": 31, "frame": 18489}
{"id": "vehicle_kawasaki_ninja_calibration_14_v1", "points": 22532, "actor_returns": 27, "frame": 18494}
{"id": "vehicle_kawasaki_ninja_calibration_15_v0", "points": 21612, "actor_returns": 28, "frame": 18530}
{"id": "vehicle_kawasaki_ninja_calibration_15_v1", "points": 22532, "actor_returns": 24, "frame": 18535}
{"id": "vehicle_kawasaki_ninja_calibration_16_v0", "points": 21612, "actor_returns": 66, "frame": 18571}
{"id": "vehicle_kawasaki_ninja_calibration_16_v1", "points": 22532, "actor_returns": 42, "frame": 18576}
{"id": "vehicle_kawasaki_ninja_calibration_17_v0", "points": 21612, "actor_returns": 61, "frame": 18612}
{"id": "vehicle_kawasaki_ninja_calibration_17_v1", "points": 22532, "actor_returns": 35, "frame": 18617}
{"id": "vehicle_kawasaki_ninja_calibration_18_v0", "points": 21612, "actor_returns": 36, "frame": 18653}
{"id": "vehicle_kawasaki_ninja_calibration_18_v1", "points": 22532, "actor_returns": 22, "frame": 18658}
{"id": "vehicle_kawasaki_ninja_calibration_19_v0", "points": 21612, "actor_returns": 38, "frame": 18694}
{"id": "vehicle_kawasaki_ninja_calibration_19_v1", "points": 22532, "actor_returns": 21, "frame": 18699}
{"id": "vehicle_kawasaki_ninja_calibration_20_v0", "points": 21612, "actor_returns": 186, "frame": 18735}
{"id": "vehicle_kawasaki_ninja_calibration_20_v1", "points": 22532, "actor_returns": 85, "frame": 18740}
{"id": "vehicle_kawasaki_ninja_calibration_21_v0", "points": 21612, "actor_returns": 100, "frame": 18776}
{"id": "vehicle_kawasaki_ninja_calibration_21_v1", "points": 22532, "actor_returns": 85, "frame": 18781}
{"id": "vehicle_kawasaki_ninja_calibration_22_v0", "points": 21612, "actor_returns": 33, "frame": 18817}
{"id": "vehicle_kawasaki_ninja_calibration_22_v1", "points": 22532, "actor_returns": 36, "frame": 18822}
{"id": "vehicle_kawasaki_ninja_calibration_23_v0", "points": 21612, "actor_returns": 46, "frame": 18858}
{"id": "vehicle_kawasaki_ninja_calibration_23_v1", "points": 22532, "actor_returns": 41, "frame": 18863}
{"id": "vehicle_kawasaki_ninja_calibration_24_v0", "points": 21612, "actor_returns": 32, "frame": 18899}
{"id": "vehicle_kawasaki_ninja_calibration_24_v1", "points": 22532, "actor_returns": 22, "frame": 18904}
{"id": "vehicle_kawasaki_ninja_calibration_25_v0", "points": 21612, "actor_returns": 48, "frame": 18940}
{"id": "vehicle_kawasaki_ninja_calibration_25_v1", "points": 22532, "actor_returns": 36, "frame": 18945}
{"id": "vehicle_kawasaki_ninja_calibration_26_v0", "points": 21612, "actor_returns": 31, "frame": 18981}
{"id": "vehicle_kawasaki_ninja_calibration_26_v1", "points": 22532, "actor_returns": 22, "frame": 18986}
{"id": "vehicle_kawasaki_ninja_calibration_27_v0", "points": 21612, "actor_returns": 16, "frame": 19022}
{"id": "vehicle_kawasaki_ninja_calibration_27_v1", "points": 22532, "actor_returns": 10, "frame": 19027}
{"id": "vehicle_kawasaki_ninja_calibration_28_v0", "points": 21612, "actor_returns": 40, "frame": 19063}
{"id": "vehicle_kawasaki_ninja_calibration_28_v1", "points": 22532, "actor_returns": 21, "frame": 19068}
{"id": "vehicle_kawasaki_ninja_calibration_29_v0", "points": 21612, "actor_returns": 37, "frame": 19104}
{"id": "vehicle_kawasaki_ninja_calibration_29_v1", "points": 22532, "actor_returns": 23, "frame": 19109}
{"id": "vehicle_kawasaki_ninja_calibration_30_v0", "points": 21612, "actor_returns": 36, "frame": 19145}
{"id": "vehicle_kawasaki_ninja_calibration_30_v1", "points": 22532, "actor_returns": 19, "frame": 19150}
{"id": "vehicle_kawasaki_ninja_calibration_31_v0", "points": 21612, "actor_returns": 153, "frame": 19186}
{"id": "vehicle_kawasaki_ninja_calibration_31_v1", "points": 22532, "actor_returns": 90, "frame": 19191}
{"id": "vehicle_kawasaki_ninja_calibration_32_v0", "points": 21612, "actor_returns": 31, "frame": 19227}
{"id": "vehicle_kawasaki_ninja_calibration_32_v1", "points": 22532, "actor_returns": 22, "frame": 19232}
{"id": "vehicle_kawasaki_ninja_calibration_33_v0", "points": 21612, "actor_returns": 34, "frame": 19268}
{"id": "vehicle_kawasaki_ninja_calibration_33_v1", "points": 22532, "actor_returns": 28, "frame": 19273}
{"id": "vehicle_kawasaki_ninja_calibration_34_v0", "points": 21612, "actor_returns": 54, "frame": 19309}
{"id": "vehicle_kawasaki_ninja_calibration_34_v1", "points": 22532, "actor_returns": 40, "frame": 19314}
{"id": "vehicle_kawasaki_ninja_calibration_35_v0", "points": 21612, "actor_returns": 336, "frame": 19350}
{"id": "vehicle_kawasaki_ninja_calibration_35_v1", "points": 22532, "actor_returns": 65, "frame": 19355}
{"id": "vehicle_kawasaki_ninja_calibration_36_v0", "points": 21612, "actor_returns": 26, "frame": 19391}
{"id": "vehicle_kawasaki_ninja_calibration_36_v1", "points": 22532, "actor_returns": 14, "frame": 19396}
{"id": "vehicle_kawasaki_ninja_calibration_37_v0", "points": 21612, "actor_returns": 38, "frame": 19432}
{"id": "vehicle_kawasaki_ninja_calibration_37_v1", "points": 22532, "actor_returns": 29, "frame": 19437}
{"id": "vehicle_kawasaki_ninja_calibration_38_v0", "points": 21612, "actor_returns": 26, "frame": 19473}
{"id": "vehicle_kawasaki_ninja_calibration_38_v1", "points": 22532, "actor_returns": 11, "frame": 19478}
{"id": "vehicle_kawasaki_ninja_test_00_v0", "points": 21612, "actor_returns": 42, "frame": 19514}
{"id": "vehicle_kawasaki_ninja_test_00_v1", "points": 22532, "actor_returns": 29, "frame": 19519}
{"id": "vehicle_kawasaki_ninja_test_01_v0", "points": 21612, "actor_returns": 27, "frame": 19555}
{"id": "vehicle_kawasaki_ninja_test_01_v1", "points": 22532, "actor_returns": 14, "frame": 19560}
{"id": "vehicle_kawasaki_ninja_test_02_v0", "points": 21612, "actor_returns": 84, "frame": 19596}
{"id": "vehicle_kawasaki_ninja_test_02_v1", "points": 22532, "actor_returns": 63, "frame": 19601}
{"id": "vehicle_kawasaki_ninja_test_03_v0", "points": 21612, "actor_returns": 86, "frame": 19637}
{"id": "vehicle_kawasaki_ninja_test_03_v1", "points": 22532, "actor_returns": 61, "frame": 19642}
{"id": "vehicle_kawasaki_ninja_test_04_v0", "points": 21612, "actor_returns": 18, "frame": 19678}
{"id": "vehicle_kawasaki_ninja_test_04_v1", "points": 22532, "actor_returns": 11, "frame": 19683}
{"id": "vehicle_kawasaki_ninja_test_05_v0", "points": 21612, "actor_returns": 38, "frame": 19719}
{"id": "vehicle_kawasaki_ninja_test_05_v1", "points": 22532, "actor_returns": 31, "frame": 19724}
{"id": "vehicle_kawasaki_ninja_test_06_v0", "points": 21612, "actor_returns": 16, "frame": 19760}
{"id": "vehicle_kawasaki_ninja_test_06_v1", "points": 22532, "actor_returns": 11, "frame": 19765}
{"id": "vehicle_kawasaki_ninja_test_07_v0", "points": 21612, "actor_returns": 42, "frame": 19801}
{"id": "vehicle_kawasaki_ninja_test_07_v1", "points": 22532, "actor_returns": 29, "frame": 19806}
{"id": "vehicle_kawasaki_ninja_test_08_v0", "points": 21612, "actor_returns": 27, "frame": 19842}
{"id": "vehicle_kawasaki_ninja_test_08_v1", "points": 22532, "actor_returns": 20, "frame": 19847}
{"id": "vehicle_kawasaki_ninja_test_09_v0", "points": 21612, "actor_returns": 38, "frame": 19883}
{"id": "vehicle_kawasaki_ninja_test_09_v1", "points": 22532, "actor_returns": 25, "frame": 19888}
{"id": "vehicle_kawasaki_ninja_test_10_v0", "points": 21612, "actor_returns": 37, "frame": 19924}
{"id": "vehicle_kawasaki_ninja_test_10_v1", "points": 22532, "actor_returns": 23, "frame": 19929}
{"id": "vehicle_kawasaki_ninja_test_11_v0", "points": 21612, "actor_returns": 62, "frame": 19965}
{"id": "vehicle_kawasaki_ninja_test_11_v1", "points": 22532, "actor_returns": 49, "frame": 19970}
{"id": "vehicle_kawasaki_ninja_test_12_v0", "points": 21612, "actor_returns": 31, "frame": 20006}
{"id": "vehicle_kawasaki_ninja_test_12_v1", "points": 22532, "actor_returns": 24, "frame": 20011}
{"id": "vehicle_kawasaki_ninja_test_13_v0", "points": 21612, "actor_returns": 30, "frame": 20047}
{"id": "vehicle_kawasaki_ninja_test_13_v1", "points": 22532, "actor_returns": 20, "frame": 20052}
{"id": "vehicle_kawasaki_ninja_test_14_v0", "points": 21612, "actor_returns": 35, "frame": 20088}
{"id": "vehicle_kawasaki_ninja_test_14_v1", "points": 22532, "actor_returns": 22, "frame": 20093}
{"id": "vehicle_kawasaki_ninja_test_15_v0", "points": 21612, "actor_returns": 57, "frame": 20129}
{"id": "vehicle_kawasaki_ninja_test_15_v1", "points": 22532, "actor_returns": 30, "frame": 20134}
{"id": "vehicle_kawasaki_ninja_test_16_v0", "points": 21612, "actor_returns": 41, "frame": 20170}
{"id": "vehicle_kawasaki_ninja_test_16_v1", "points": 22532, "actor_returns": 35, "frame": 20175}
{"id": "vehicle_kawasaki_ninja_test_17_v0", "points": 21612, "actor_returns": 29, "frame": 20211}
{"id": "vehicle_kawasaki_ninja_test_17_v1", "points": 22532, "actor_returns": 15, "frame": 20216}
{"id": "vehicle_kawasaki_ninja_test_18_v0", "points": 21612, "actor_returns": 104, "frame": 20252}
{"id": "vehicle_kawasaki_ninja_test_18_v1", "points": 22532, "actor_returns": 48, "frame": 20257}
{"id": "vehicle_kawasaki_ninja_test_19_v0", "points": 21612, "actor_returns": 74, "frame": 20293}
{"id": "vehicle_kawasaki_ninja_test_19_v1", "points": 22532, "actor_returns": 42, "frame": 20298}
{"id": "vehicle_kawasaki_ninja_test_20_v0", "points": 21612, "actor_returns": 65, "frame": 20334}
{"id": "vehicle_kawasaki_ninja_test_20_v1", "points": 22532, "actor_returns": 24, "frame": 20339}
{"id": "vehicle_kawasaki_ninja_test_21_v0", "points": 21612, "actor_returns": 104, "frame": 20375}
{"id": "vehicle_kawasaki_ninja_test_21_v1", "points": 22532, "actor_returns": 48, "frame": 20380}
{"id": "vehicle_kawasaki_ninja_test_22_v0", "points": 21612, "actor_returns": 49, "frame": 20416}
{"id": "vehicle_kawasaki_ninja_test_22_v1", "points": 22532, "actor_returns": 26, "frame": 20421}
{"id": "vehicle_kawasaki_ninja_test_23_v0", "points": 21612, "actor_returns": 33, "frame": 20457}
{"id": "vehicle_kawasaki_ninja_test_23_v1", "points": 22532, "actor_returns": 20, "frame": 20462}
{"id": "vehicle_kawasaki_ninja_test_24_v0", "points": 21612, "actor_returns": 26, "frame": 20498}
{"id": "vehicle_kawasaki_ninja_test_24_v1", "points": 22532, "actor_returns": 19, "frame": 20503}
{"id": "vehicle_kawasaki_ninja_test_25_v0", "points": 21612, "actor_returns": 37, "frame": 20539}
{"id": "vehicle_kawasaki_ninja_test_25_v1", "points": 22532, "actor_returns": 20, "frame": 20544}
{"id": "vehicle_kawasaki_ninja_test_26_v0", "points": 21612, "actor_returns": 77, "frame": 20580}
{"id": "vehicle_kawasaki_ninja_test_26_v1", "points": 22532, "actor_returns": 32, "frame": 20585}
{"id": "vehicle_kawasaki_ninja_test_27_v0", "points": 21612, "actor_returns": 35, "frame": 20621}
{"id": "vehicle_kawasaki_ninja_test_27_v1", "points": 22532, "actor_returns": 27, "frame": 20626}
{"id": "vehicle_kawasaki_ninja_test_28_v0", "points": 21612, "actor_returns": 51, "frame": 20662}
{"id": "vehicle_kawasaki_ninja_test_28_v1", "points": 22532, "actor_returns": 36, "frame": 20667}
{"id": "vehicle_kawasaki_ninja_test_29_v0", "points": 21612, "actor_returns": 61, "frame": 20703}
{"id": "vehicle_kawasaki_ninja_test_29_v1", "points": 22532, "actor_returns": 31, "frame": 20708}
{"id": "vehicle_kawasaki_ninja_test_30_v0", "points": 21612, "actor_returns": 50, "frame": 20744}
{"id": "vehicle_kawasaki_ninja_test_30_v1", "points": 22532, "actor_returns": 24, "frame": 20749}
{"id": "vehicle_kawasaki_ninja_test_31_v0", "points": 21612, "actor_returns": 68, "frame": 20785}
{"id": "vehicle_kawasaki_ninja_test_31_v1", "points": 22532, "actor_returns": 42, "frame": 20790}
{"id": "vehicle_kawasaki_ninja_test_32_v0", "points": 21612, "actor_returns": 19, "frame": 20826}
{"id": "vehicle_kawasaki_ninja_test_32_v1", "points": 22532, "actor_returns": 10, "frame": 20831}
{"id": "vehicle_kawasaki_ninja_test_33_v0", "points": 21612, "actor_returns": 80, "frame": 20867}
{"id": "vehicle_kawasaki_ninja_test_33_v1", "points": 22532, "actor_returns": 58, "frame": 20872}
{"id": "vehicle_kawasaki_ninja_test_34_v0", "points": 21612, "actor_returns": 88, "frame": 20908}
{"id": "vehicle_kawasaki_ninja_test_34_v1", "points": 22532, "actor_returns": 48, "frame": 20913}
{"id": "vehicle_kawasaki_ninja_test_35_v0", "points": 21612, "actor_returns": 60, "frame": 20949}
{"id": "vehicle_kawasaki_ninja_test_35_v1", "points": 22532, "actor_returns": 37, "frame": 20954}
{"id": "vehicle_kawasaki_ninja_test_36_v0", "points": 21612, "actor_returns": 30, "frame": 20990}
{"id": "vehicle_kawasaki_ninja_test_36_v1", "points": 22532, "actor_returns": 28, "frame": 20995}
{"id": "vehicle_kawasaki_ninja_test_37_v0", "points": 21612, "actor_returns": 190, "frame": 21031}
{"id": "vehicle_kawasaki_ninja_test_37_v1", "points": 22532, "actor_returns": 102, "frame": 21036}
{"id": "vehicle_kawasaki_ninja_test_38_v0", "points": 21612, "actor_returns": 79, "frame": 21072}
{"id": "vehicle_kawasaki_ninja_test_38_v1", "points": 22532, "actor_returns": 33, "frame": 21077}
{"id": "vehicle_kawasaki_ninja_test_39_v0", "points": 21612, "actor_returns": 92, "frame": 21113}
{"id": "vehicle_kawasaki_ninja_test_39_v1", "points": 22532, "actor_returns": 61, "frame": 21118}
{"id": "vehicle_kawasaki_ninja_test_40_v0", "points": 21612, "actor_returns": 82, "frame": 21154}
{"id": "vehicle_kawasaki_ninja_test_40_v1", "points": 22532, "actor_returns": 50, "frame": 21159}
{"id": "vehicle_kawasaki_ninja_test_41_v0", "points": 21612, "actor_returns": 72, "frame": 21195}
{"id": "vehicle_kawasaki_ninja_test_41_v1", "points": 22532, "actor_returns": 42, "frame": 21200}
{"id": "vehicle_kawasaki_ninja_test_42_v0", "points": 21612, "actor_returns": 37, "frame": 21236}
{"id": "vehicle_kawasaki_ninja_test_42_v1", "points": 22532, "actor_returns": 28, "frame": 21241}
{"id": "vehicle_kawasaki_ninja_test_43_v0", "points": 21612, "actor_returns": 85, "frame": 21277}
{"id": "vehicle_kawasaki_ninja_test_43_v1", "points": 22532, "actor_returns": 48, "frame": 21282}
{"id": "vehicle_kawasaki_ninja_test_44_v0", "points": 21612, "actor_returns": 134, "frame": 21318}
{"id": "vehicle_kawasaki_ninja_test_44_v1", "points": 22532, "actor_returns": 52, "frame": 21323}
{"id": "vehicle_kawasaki_ninja_test_45_v0", "points": 21612, "actor_returns": 34, "frame": 21359}
{"id": "vehicle_kawasaki_ninja_test_45_v1", "points": 22532, "actor_returns": 18, "frame": 21364}
{"id": "vehicle_kawasaki_ninja_test_46_v0", "points": 21612, "actor_returns": 56, "frame": 21400}
{"id": "vehicle_kawasaki_ninja_test_46_v1", "points": 22532, "actor_returns": 25, "frame": 21405}
{"id": "vehicle_kawasaki_ninja_test_47_v0", "points": 21612, "actor_returns": 12, "frame": 21441}
{"id": "vehicle_kawasaki_ninja_test_47_v1", "points": 22532, "actor_returns": 13, "frame": 21446}
{"id": "vehicle_kawasaki_ninja_test_48_v0", "points": 21612, "actor_returns": 18, "frame": 21482}
{"id": "vehicle_kawasaki_ninja_test_48_v1", "points": 22532, "actor_returns": 17, "frame": 21487}
{"id": "vehicle_kawasaki_ninja_test_49_v0", "points": 21612, "actor_returns": 42, "frame": 21523}
{"id": "vehicle_kawasaki_ninja_test_49_v1", "points": 22532, "actor_returns": 25, "frame": 21528}
{"id": "vehicle_kawasaki_ninja_test_50_v0", "points": 21612, "actor_returns": 49, "frame": 21564}
{"id": "vehicle_kawasaki_ninja_test_50_v1", "points": 22532, "actor_returns": 61, "frame": 21569}
{"id": "vehicle_kawasaki_ninja_test_51_v0", "points": 21612, "actor_returns": 88, "frame": 21605}
{"id": "vehicle_kawasaki_ninja_test_51_v1", "points": 22532, "actor_returns": 50, "frame": 21610}
{"id": "vehicle_kawasaki_ninja_test_52_v0", "points": 21612, "actor_returns": 40, "frame": 21646}
{"id": "vehicle_kawasaki_ninja_test_52_v1", "points": 22532, "actor_returns": 22, "frame": 21651}
{"id": "vehicle_kawasaki_ninja_test_53_v0", "points": 21612, "actor_returns": 63, "frame": 21687}
{"id": "vehicle_kawasaki_ninja_test_53_v1", "points": 22532, "actor_returns": 40, "frame": 21692}
{"id": "vehicle_kawasaki_ninja_test_54_v0", "points": 21612, "actor_returns": 47, "frame": 21728}
{"id": "vehicle_kawasaki_ninja_test_54_v1", "points": 22532, "actor_returns": 38, "frame": 21733}
{"id": "vehicle_kawasaki_ninja_test_55_v0", "points": 21612, "actor_returns": 41, "frame": 21769}
{"id": "vehicle_kawasaki_ninja_test_55_v1", "points": 22532, "actor_returns": 29, "frame": 21774}
{"id": "vehicle_kawasaki_ninja_test_56_v0", "points": 21612, "actor_returns": 24, "frame": 21810}
{"id": "vehicle_kawasaki_ninja_test_56_v1", "points": 22532, "actor_returns": 21, "frame": 21815}
{"id": "vehicle_kawasaki_ninja_test_57_v0", "points": 21612, "actor_returns": 99, "frame": 21851}
{"id": "vehicle_kawasaki_ninja_test_57_v1", "points": 22532, "actor_returns": 43, "frame": 21856}
{"id": "vehicle_kawasaki_ninja_test_58_v0", "points": 21612, "actor_returns": 31, "frame": 21892}
{"id": "vehicle_kawasaki_ninja_test_58_v1", "points": 22532, "actor_returns": 20, "frame": 21897}
{"id": "vehicle_kawasaki_ninja_test_59_v0", "points": 21612, "actor_returns": 33, "frame": 21933}
{"id": "vehicle_kawasaki_ninja_test_59_v1", "points": 22532, "actor_returns": 29, "frame": 21938}
{"id": "walker_pedestrian_0001_calibration_01_v0", "points": 21612, "actor_returns": 6, "frame": 21974}
{"id": "walker_pedestrian_0001_calibration_01_v1", "points": 22532, "actor_returns": 5, "frame": 21979}
{"id": "walker_pedestrian_0001_calibration_02_v0", "points": 21612, "actor_returns": 15, "frame": 22015}
{"id": "walker_pedestrian_0001_calibration_02_v1", "points": 22532, "actor_returns": 10, "frame": 22020}
{"id": "walker_pedestrian_0001_calibration_04_v0", "points": 21612, "actor_returns": 11, "frame": 22056}
{"id": "walker_pedestrian_0001_calibration_04_v1", "points": 22532, "actor_returns": 11, "frame": 22061}
{"id": "walker_pedestrian_0001_calibration_06_v0", "points": 21612, "actor_returns": 21, "frame": 22097}
{"id": "walker_pedestrian_0001_calibration_06_v1", "points": 22532, "actor_returns": 16, "frame": 22102}
{"id": "walker_pedestrian_0001_calibration_07_v0", "points": 21612, "actor_returns": 12, "frame": 22138}
{"id": "walker_pedestrian_0001_calibration_07_v1", "points": 22532, "actor_returns": 7, "frame": 22143}
{"id": "walker_pedestrian_0001_calibration_09_v0", "points": 21612, "actor_returns": 15, "frame": 22179}
{"id": "walker_pedestrian_0001_calibration_09_v1", "points": 22532, "actor_returns": 9, "frame": 22184}
{"id": "walker_pedestrian_0001_calibration_10_v0", "points": 21612, "actor_returns": 21, "frame": 22220}
{"id": "walker_pedestrian_0001_calibration_10_v1", "points": 22532, "actor_returns": 15, "frame": 22225}
{"id": "walker_pedestrian_0001_calibration_12_v0", "points": 21612, "actor_returns": 10, "frame": 22261}
{"id": "walker_pedestrian_0001_calibration_12_v1", "points": 22532, "actor_returns": 7, "frame": 22266}
{"id": "walker_pedestrian_0001_calibration_16_v0", "points": 21612, "actor_returns": 10, "frame": 22302}
{"id": "walker_pedestrian_0001_calibration_16_v1", "points": 22532, "actor_returns": 8, "frame": 22307}
{"id": "walker_pedestrian_0001_calibration_17_v0", "points": 21612, "actor_returns": 17, "frame": 22343}
{"id": "walker_pedestrian_0001_calibration_17_v1", "points": 22532, "actor_returns": 12, "frame": 22348}
{"id": "walker_pedestrian_0001_calibration_18_v0", "points": 21612, "actor_returns": 15, "frame": 22384}
{"id": "walker_pedestrian_0001_calibration_18_v1", "points": 22532, "actor_returns": 15, "frame": 22389}
{"id": "walker_pedestrian_0001_calibration_19_v0", "points": 21612, "actor_returns": 17, "frame": 22425}
{"id": "walker_pedestrian_0001_calibration_19_v1", "points": 22532, "actor_returns": 12, "frame": 22430}
{"id": "walker_pedestrian_0001_calibration_21_v0", "points": 21612, "actor_returns": 10, "frame": 22466}
{"id": "walker_pedestrian_0001_calibration_21_v1", "points": 22532, "actor_returns": 8, "frame": 22471}
{"id": "walker_pedestrian_0001_calibration_22_v0", "points": 21612, "actor_returns": 17, "frame": 22507}
{"id": "walker_pedestrian_0001_calibration_22_v1", "points": 22532, "actor_returns": 12, "frame": 22512}
{"id": "walker_pedestrian_0001_calibration_24_v0", "points": 21612, "actor_returns": 29, "frame": 22548}
{"id": "walker_pedestrian_0001_calibration_24_v1", "points": 22532, "actor_returns": 20, "frame": 22553}
{"id": "walker_pedestrian_0001_calibration_25_v0", "points": 21612, "actor_returns": 10, "frame": 22589}
{"id": "walker_pedestrian_0001_calibration_25_v1", "points": 22532, "actor_returns": 9, "frame": 22594}
{"id": "walker_pedestrian_0001_calibration_26_v0", "points": 21612, "actor_returns": 15, "frame": 22630}
{"id": "walker_pedestrian_0001_calibration_26_v1", "points": 22532, "actor_returns": 11, "frame": 22635}
{"id": "walker_pedestrian_0001_calibration_27_v0", "points": 21612, "actor_returns": 17, "frame": 22671}
{"id": "walker_pedestrian_0001_calibration_27_v1", "points": 22532, "actor_returns": 10, "frame": 22676}
{"id": "walker_pedestrian_0001_calibration_28_v0", "points": 21612, "actor_returns": 30, "frame": 22712}
{"id": "walker_pedestrian_0001_calibration_28_v1", "points": 22532, "actor_returns": 17, "frame": 22717}
{"id": "walker_pedestrian_0001_calibration_29_v0", "points": 21612, "actor_returns": 9, "frame": 22753}
{"id": "walker_pedestrian_0001_calibration_29_v1", "points": 22532, "actor_returns": 10, "frame": 22758}
{"id": "walker_pedestrian_0001_calibration_30_v0", "points": 21612, "actor_returns": 11, "frame": 22794}
{"id": "walker_pedestrian_0001_calibration_30_v1", "points": 22532, "actor_returns": 5, "frame": 22799}
{"id": "walker_pedestrian_0001_calibration_31_v0", "points": 21612, "actor_returns": 7, "frame": 22835}
{"id": "walker_pedestrian_0001_calibration_31_v1", "points": 22532, "actor_returns": 7, "frame": 22840}
{"id": "walker_pedestrian_0001_calibration_32_v0", "points": 21612, "actor_returns": 10, "frame": 22876}
{"id": "walker_pedestrian_0001_calibration_32_v1", "points": 22532, "actor_returns": 8, "frame": 22881}
{"id": "walker_pedestrian_0001_calibration_33_v0", "points": 21612, "actor_returns": 9, "frame": 22917}
{"id": "walker_pedestrian_0001_calibration_33_v1", "points": 22532, "actor_returns": 9, "frame": 22922}
{"id": "walker_pedestrian_0001_calibration_36_v0", "points": 21612, "actor_returns": 10, "frame": 22958}
{"id": "walker_pedestrian_0001_calibration_36_v1", "points": 22532, "actor_returns": 5, "frame": 22963}
{"id": "walker_pedestrian_0001_calibration_37_v0", "points": 21612, "actor_returns": 24, "frame": 22999}
{"id": "walker_pedestrian_0001_calibration_37_v1", "points": 22532, "actor_returns": 15, "frame": 23004}
{"id": "walker_pedestrian_0001_test_00_v0", "points": 21612, "actor_returns": 7, "frame": 23040}
{"id": "walker_pedestrian_0001_test_00_v1", "points": 22532, "actor_returns": 4, "frame": 23045}
{"id": "walker_pedestrian_0001_test_01_v0", "points": 21612, "actor_returns": 19, "frame": 23081}
{"id": "walker_pedestrian_0001_test_01_v1", "points": 22532, "actor_returns": 11, "frame": 23086}
{"id": "walker_pedestrian_0001_test_02_v0", "points": 21612, "actor_returns": 29, "frame": 23122}
{"id": "walker_pedestrian_0001_test_02_v1", "points": 22532, "actor_returns": 17, "frame": 23127}
{"id": "walker_pedestrian_0001_test_03_v0", "points": 21612, "actor_returns": 11, "frame": 23163}
{"id": "walker_pedestrian_0001_test_03_v1", "points": 22532, "actor_returns": 6, "frame": 23168}
{"id": "walker_pedestrian_0001_test_07_v0", "points": 21612, "actor_returns": 25, "frame": 23204}
{"id": "walker_pedestrian_0001_test_07_v1", "points": 22532, "actor_returns": 15, "frame": 23209}
{"id": "walker_pedestrian_0001_test_09_v0", "points": 21612, "actor_returns": 15, "frame": 23245}
{"id": "walker_pedestrian_0001_test_09_v1", "points": 22532, "actor_returns": 10, "frame": 23250}
{"id": "walker_pedestrian_0001_test_11_v0", "points": 21612, "actor_returns": 16, "frame": 23286}
{"id": "walker_pedestrian_0001_test_11_v1", "points": 22532, "actor_returns": 10, "frame": 23291}
{"id": "walker_pedestrian_0001_test_13_v0", "points": 21612, "actor_returns": 13, "frame": 23327}
{"id": "walker_pedestrian_0001_test_13_v1", "points": 22532, "actor_returns": 8, "frame": 23332}
{"id": "walker_pedestrian_0001_test_15_v0", "points": 21612, "actor_returns": 10, "frame": 23368}
{"id": "walker_pedestrian_0001_test_15_v1", "points": 22532, "actor_returns": 7, "frame": 23373}
{"id": "walker_pedestrian_0001_test_17_v0", "points": 21612, "actor_returns": 13, "frame": 23409}
{"id": "walker_pedestrian_0001_test_17_v1", "points": 22532, "actor_returns": 8, "frame": 23414}
{"id": "walker_pedestrian_0001_test_19_v0", "points": 21612, "actor_returns": 17, "frame": 23450}
{"id": "walker_pedestrian_0001_test_19_v1", "points": 22532, "actor_returns": 10, "frame": 23455}
{"id": "walker_pedestrian_0001_test_20_v0", "points": 21612, "actor_returns": 17, "frame": 23491}
{"id": "walker_pedestrian_0001_test_20_v1", "points": 22532, "actor_returns": 13, "frame": 23496}
{"id": "walker_pedestrian_0001_test_22_v0", "points": 21612, "actor_returns": 10, "frame": 23532}
{"id": "walker_pedestrian_0001_test_22_v1", "points": 22532, "actor_returns": 9, "frame": 23537}
{"id": "walker_pedestrian_0001_test_23_v0", "points": 21612, "actor_returns": 9, "frame": 23573}
{"id": "walker_pedestrian_0001_test_23_v1", "points": 22532, "actor_returns": 7, "frame": 23578}
{"id": "walker_pedestrian_0001_test_24_v0", "points": 21612, "actor_returns": 10, "frame": 23614}
{"id": "walker_pedestrian_0001_test_24_v1", "points": 22532, "actor_returns": 10, "frame": 23619}
{"id": "walker_pedestrian_0001_test_25_v0", "points": 21612, "actor_returns": 11, "frame": 23655}
{"id": "walker_pedestrian_0001_test_25_v1", "points": 22532, "actor_returns": 6, "frame": 23660}
{"id": "walker_pedestrian_0001_test_26_v0", "points": 21612, "actor_returns": 8, "frame": 23696}
{"id": "walker_pedestrian_0001_test_26_v1", "points": 22532, "actor_returns": 7, "frame": 23701}
{"id": "walker_pedestrian_0001_test_27_v0", "points": 21612, "actor_returns": 13, "frame": 23737}
{"id": "walker_pedestrian_0001_test_27_v1", "points": 22532, "actor_returns": 8, "frame": 23742}
{"id": "walker_pedestrian_0001_test_28_v0", "points": 21612, "actor_returns": 21, "frame": 23778}
{"id": "walker_pedestrian_0001_test_28_v1", "points": 22532, "actor_returns": 12, "frame": 23783}
{"id": "walker_pedestrian_0001_test_29_v0", "points": 21612, "actor_returns": 10, "frame": 23819}
{"id": "walker_pedestrian_0001_test_29_v1", "points": 22532, "actor_returns": 9, "frame": 23824}
{"id": "walker_pedestrian_0001_test_34_v0", "points": 21612, "actor_returns": 7, "frame": 23860}
{"id": "walker_pedestrian_0001_test_34_v1", "points": 22532, "actor_returns": 5, "frame": 23865}
{"id": "walker_pedestrian_0001_test_35_v0", "points": 21612, "actor_returns": 10, "frame": 23901}
{"id": "walker_pedestrian_0001_test_35_v1", "points": 22532, "actor_returns": 8, "frame": 23906}
{"id": "walker_pedestrian_0001_test_36_v0", "points": 21612, "actor_returns": 11, "frame": 23942}
{"id": "walker_pedestrian_0001_test_36_v1", "points": 22532, "actor_returns": 7, "frame": 23947}
{"id": "walker_pedestrian_0001_test_37_v0", "points": 21612, "actor_returns": 8, "frame": 23983}
{"id": "walker_pedestrian_0001_test_37_v1", "points": 22532, "actor_returns": 8, "frame": 23988}
{"id": "walker_pedestrian_0001_test_38_v0", "points": 21612, "actor_returns": 16, "frame": 24024}
{"id": "walker_pedestrian_0001_test_38_v1", "points": 22532, "actor_returns": 13, "frame": 24029}
{"id": "walker_pedestrian_0001_test_39_v0", "points": 21612, "actor_returns": 17, "frame": 24065}
{"id": "walker_pedestrian_0001_test_39_v1", "points": 22532, "actor_returns": 11, "frame": 24070}
{"id": "walker_pedestrian_0001_test_41_v0", "points": 21612, "actor_returns": 26, "frame": 24106}
{"id": "walker_pedestrian_0001_test_41_v1", "points": 22532, "actor_returns": 17, "frame": 24111}
{"id": "walker_pedestrian_0001_test_42_v0", "points": 21612, "actor_returns": 24, "frame": 24147}
{"id": "walker_pedestrian_0001_test_42_v1", "points": 22532, "actor_returns": 15, "frame": 24152}
{"id": "walker_pedestrian_0001_test_43_v0", "points": 21612, "actor_returns": 6, "frame": 24188}
{"id": "walker_pedestrian_0001_test_43_v1", "points": 22532, "actor_returns": 4, "frame": 24193}
{"id": "walker_pedestrian_0001_test_44_v0", "points": 21612, "actor_returns": 13, "frame": 24229}
{"id": "walker_pedestrian_0001_test_44_v1", "points": 22532, "actor_returns": 8, "frame": 24234}
{"id": "walker_pedestrian_0001_test_45_v0", "points": 21612, "actor_returns": 15, "frame": 24270}
{"id": "walker_pedestrian_0001_test_45_v1", "points": 22532, "actor_returns": 10, "frame": 24275}
{"id": "walker_pedestrian_0001_test_46_v0", "points": 21612, "actor_returns": 7, "frame": 24311}
{"id": "walker_pedestrian_0001_test_46_v1", "points": 22532, "actor_returns": 4, "frame": 24316}
{"id": "walker_pedestrian_0001_test_47_v0", "points": 21612, "actor_returns": 13, "frame": 24352}
{"id": "walker_pedestrian_0001_test_47_v1", "points": 22532, "actor_returns": 8, "frame": 24357}
{"id": "walker_pedestrian_0001_test_48_v0", "points": 21612, "actor_returns": 21, "frame": 24393}
{"id": "walker_pedestrian_0001_test_48_v1", "points": 22532, "actor_returns": 13, "frame": 24398}
{"id": "walker_pedestrian_0001_test_50_v0", "points": 21612, "actor_returns": 31, "frame": 24434}
{"id": "walker_pedestrian_0001_test_50_v1", "points": 22532, "actor_returns": 23, "frame": 24439}
{"id": "walker_pedestrian_0001_test_51_v0", "points": 21612, "actor_returns": 9, "frame": 24475}
{"id": "walker_pedestrian_0001_test_51_v1", "points": 22532, "actor_returns": 8, "frame": 24480}
{"id": "walker_pedestrian_0001_test_52_v0", "points": 21612, "actor_returns": 13, "frame": 24516}
{"id": "walker_pedestrian_0001_test_52_v1", "points": 22532, "actor_returns": 9, "frame": 24521}
{"id": "walker_pedestrian_0001_test_53_v0", "points": 21612, "actor_returns": 19, "frame": 24557}
{"id": "walker_pedestrian_0001_test_53_v1", "points": 22532, "actor_returns": 14, "frame": 24562}
{"id": "walker_pedestrian_0001_test_55_v0", "points": 21612, "actor_returns": 11, "frame": 24598}
{"id": "walker_pedestrian_0001_test_55_v1", "points": 22532, "actor_returns": 10, "frame": 24603}
{"id": "walker_pedestrian_0001_test_58_v0", "points": 21612, "actor_returns": 9, "frame": 24639}
{"id": "walker_pedestrian_0001_test_58_v1", "points": 22532, "actor_returns": 7, "frame": 24644}
{"id": "walker_pedestrian_0001_test_59_v0", "points": 21612, "actor_returns": 47, "frame": 24680}
{"id": "walker_pedestrian_0001_test_59_v1", "points": 22532, "actor_returns": 22, "frame": 24685}
