frame vehicle_audi_a2_calibration_00_v0 available True radius 977868 covered True remaining [0, 0]
frame vehicle_audi_a2_calibration_00_v1 available True radius 977868 covered True remaining [203156, 0]
frame vehicle_audi_a2_calibration_01_v0 available True radius 977868 covered True remaining [0, 0]
frame vehicle_audi_a2_calibration_01_v1 available True radius 977868 covered False remaining [222155, 0]
frame vehicle_audi_a2_calibration_02_v0 available True radius 977868 covered True remaining [0, 0]
frame vehicle_audi_a2_calibration_02_v1 available True radius 977868 covered True remaining [214261, 0]
frame vehicle_audi_a2_calibration_03_v0 available True radius 977868 covered True remaining [0, 214226]
frame vehicle_audi_a2_calibration_03_v1 available True radius 977868 covered True remaining [0, 215369]
frame vehicle_audi_a2_calibration_04_v0 available True radius 977868 covered True remaining [0, 215893]
frame vehicle_audi_a2_calibration_04_v1 available True radius 977868 covered True remaining [59297, 213464]
frame vehicle_audi_a2_calibration_05_v0 available True radius 977868 covered True remaining [0, 0]
frame vehicle_audi_a2_calibration_05_v1 available True radius 977868 covered True remaining [214408, 0]
frame vehicle_audi_a2_calibration_06_v0 available True radius 977868 covered True remaining [0, 0]
frame vehicle_audi_a2_calibration_06_v1 available True radius 977868 covered True remaining [207859, 0]
frame vehicle_audi_a2_calibration_07_v0 available True radius 977868 covered True remaining [0, 0]
frame vehicle_audi_a2_calibration_07_v1 available True radius 977868 covered True remaining [210239, 0]
frame vehicle_audi_a2_calibration_08_v0 available True radius 977868 covered True remaining [0, 220393]
frame vehicle_audi_a2_calibration_08_v1 available True radius 977868 covered True remaining [0, 214891]
frame vehicle_audi_a2_calibration_09_v0 available True radius 977868 covered True remaining [0, 221035]
frame vehicle_audi_a2_calibration_09_v1 available True radius 977868 covered True remaining [0, 215894]
frame vehicle_audi_a2_calibration_10_v0 available True radius 977868 covered True remaining [0, 216526]
frame vehicle_audi_a2_calibration_10_v1 available True radius 977868 covered True remaining [0, 207897]
frame vehicle_audi_a2_calibration_11_v0 available True radius 977868 covered True remaining [0, 0]
frame vehicle_audi_a2_calibration_11_v1 available True radius 977868 covered True remaining [211900, 0]
frame vehicle_audi_a2_calibration_12_v0 available True radius 977868 covered True remaining [0, 215359]
frame vehicle_audi_a2_calibration_12_v1 available True radius 977868 covered True remaining [0, 214504]
frame vehicle_audi_a2_calibration_13_v0 available True radius 977868 covered True remaining [0, 217443]
frame vehicle_audi_a2_calibration_13_v1 available True radius 977868 covered True remaining [0, 211116]
frame vehicle_audi_a2_calibration_14_v0 available True radius 977868 covered True remaining [0, 215268]
frame vehicle_audi_a2_calibration_14_v1 available True radius 977868 covered True remaining [0, 220655]
frame vehicle_audi_a2_calibration_15_v0 available True radius 977868 covered True remaining [0, 198135]
frame vehicle_audi_a2_calibration_15_v1 available True radius 977868 covered True remaining [0, 208406]
frame vehicle_audi_a2_calibration_16_v0 available True radius 977868 covered True remaining [0, 0]
frame vehicle_audi_a2_calibration_16_v1 available True radius 977868 covered True remaining [215032, 0]
frame vehicle_audi_a2_calibration_17_v0 available True radius 977868 covered True remaining [0, 222575]
frame vehicle_audi_a2_calibration_17_v1 available True radius 977868 covered True remaining [0, 210586]
frame vehicle_audi_a2_calibration_18_v0 available True radius 977868 covered True remaining [0, 205808]
frame vehicle_audi_a2_calibration_18_v1 available True radius 977868 covered True remaining [0, 213035]
frame vehicle_audi_a2_calibration_19_v0 available True radius 977868 covered True remaining [0, 8932]
frame vehicle_audi_a2_calibration_19_v1 available True radius 977868 covered True remaining [200969, 0]
frame vehicle_audi_a2_calibration_20_v0 available True radius 977868 covered True remaining [0, 213350]
frame vehicle_audi_a2_calibration_20_v1 available True radius 977868 covered True remaining [0, 216950]
frame vehicle_audi_a2_calibration_21_v0 available True radius 977868 covered True remaining [0, 0]
frame vehicle_audi_a2_calibration_21_v1 available True radius 977868 covered True remaining [212031, 0]
frame vehicle_audi_a2_calibration_22_v0 available True radius 977868 covered True remaining [0, 136160]
frame vehicle_audi_a2_calibration_22_v1 available True radius 977868 covered True remaining [221589, 221589]
frame vehicle_audi_a2_calibration_23_v0 available True radius 977868 covered True remaining [0, 0]
frame vehicle_audi_a2_calibration_23_v1 available True radius 977868 covered True remaining [217492, 0]
frame vehicle_audi_a2_calibration_24_v0 available True radius 977868 covered True remaining [0, 215630]
frame vehicle_audi_a2_calibration_24_v1 available True radius 977868 covered True remaining [0, 215709]
frame vehicle_audi_a2_calibration_25_v0 available True radius 977868 covered True remaining [0, 210578]
frame vehicle_audi_a2_calibration_25_v1 available True radius 977868 covered True remaining [91229, 204092]
frame vehicle_audi_a2_calibration_26_v0 available True radius 977868 covered True remaining [0, 216694]
frame vehicle_audi_a2_calibration_26_v1 available True radius 977868 covered True remaining [0, 216003]
frame vehicle_audi_a2_calibration_27_v0 available True radius 977868 covered True remaining [0, 0]
frame vehicle_audi_a2_calibration_27_v1 available True radius 977868 covered True remaining [221909, 0]
frame vehicle_audi_a2_calibration_28_v0 available True radius 977868 covered True remaining [0, 0]
frame vehicle_audi_a2_calibration_28_v1 available True radius 977868 covered True remaining [211552, 0]
frame vehicle_audi_a2_calibration_29_v0 available True radius 977868 covered True remaining [0, 218036]
frame vehicle_audi_a2_calibration_29_v1 available True radius 977868 covered True remaining [0, 214134]
frame vehicle_audi_a2_calibration_30_v0 available True radius 977868 covered True remaining [0, 220475]
frame vehicle_audi_a2_calibration_30_v1 available True radius 977868 covered True remaining [0, 213081]
frame vehicle_audi_a2_calibration_31_v0 available True radius 977868 covered True remaining [0, 0]
frame vehicle_audi_a2_calibration_31_v1 available True radius 977868 covered True remaining [221385, 0]
frame vehicle_audi_a2_calibration_32_v0 available True radius 977868 covered True remaining [0, 216481]
frame vehicle_audi_a2_calibration_32_v1 available True radius 977868 covered True remaining [55391, 221105]
frame vehicle_audi_a2_calibration_33_v0 available True radius 977868 covered True remaining [0, 215746]
frame vehicle_audi_a2_calibration_33_v1 available True radius 977868 covered True remaining [0, 209129]
frame vehicle_audi_a2_calibration_34_v0 available True radius 977868 covered True remaining [0, 216761]
frame vehicle_audi_a2_calibration_34_v1 available True radius 977868 covered True remaining [12065, 211834]
frame vehicle_audi_a2_calibration_35_v0 available True radius 977868 covered True remaining [0, 0]
frame vehicle_audi_a2_calibration_35_v1 available True radius 977868 covered True remaining [215191, 0]
frame vehicle_audi_a2_calibration_36_v0 available True radius 977868 covered True remaining [0, 0]
frame vehicle_audi_a2_calibration_36_v1 available True radius 977868 covered True remaining [209194, 0]
frame vehicle_audi_a2_calibration_37_v0 available True radius 977868 covered True remaining [0, 214520]
frame vehicle_audi_a2_calibration_37_v1 available True radius 977868 covered True remaining [0, 214135]
frame vehicle_audi_a2_calibration_38_v0 available True radius 977868 covered True remaining [0, 0]
frame vehicle_audi_a2_calibration_38_v1 available True radius 977868 covered True remaining [213302, 0]
frame vehicle_audi_a2_test_00_v0 available True radius 977868 covered True remaining [0, 0]
frame vehicle_audi_a2_test_00_v1 available True radius 977868 covered True remaining [208490, 0]
frame vehicle_audi_a2_test_01_v0 available True radius 977868 covered True remaining [0, 0]
frame vehicle_audi_a2_test_01_v1 available True radius 977868 covered True remaining [211789, 0]
frame vehicle_audi_a2_test_02_v0 available True radius 977868 covered True remaining [0, 0]
frame vehicle_audi_a2_test_02_v1 available True radius 977868 covered True remaining [204551, 0]
frame vehicle_audi_a2_test_03_v0 available True radius 977868 covered True remaining [0, 0]
frame vehicle_audi_a2_test_03_v1 available True radius 977868 covered True remaining [213556, 0]
frame vehicle_audi_a2_test_04_v0 available True radius 977868 covered True remaining [0, 217376]
frame vehicle_audi_a2_test_04_v1 available True radius 977868 covered True remaining [0, 213844]
frame vehicle_audi_a2_test_05_v0 available True radius 977868 covered True remaining [0, 217269]
frame vehicle_audi_a2_test_05_v1 available True radius 977868 covered True remaining [0, 210714]
frame vehicle_audi_a2_test_06_v0 available True radius 977868 covered True remaining [0, 220971]
frame vehicle_audi_a2_test_06_v1 available True radius 977868 covered True remaining [0, 213913]
frame vehicle_audi_a2_test_07_v0 available True radius 977868 covered True remaining [0, 215487]
frame vehicle_audi_a2_test_07_v1 available True radius 977868 covered True remaining [0, 216027]
frame vehicle_audi_a2_test_09_v0 available True radius 977868 covered True remaining [0, 197400]
frame vehicle_audi_a2_test_09_v1 available True radius 977868 covered True remaining [107704, 199470]
frame vehicle_audi_a2_test_10_v0 available True radius 977868 covered True remaining [0, 0]
frame vehicle_audi_a2_test_10_v1 available True radius 977868 covered True remaining [202655, 0]
frame vehicle_audi_a2_test_11_v0 available True radius 977868 covered True remaining [0, 210119]
frame vehicle_audi_a2_test_11_v1 available True radius 977868 covered True remaining [0, 210831]
frame vehicle_audi_a2_test_12_v0 available True radius 977868 covered True remaining [0, 67596]
frame vehicle_audi_a2_test_12_v1 available True radius 977868 covered True remaining [213869, 0]
frame vehicle_audi_a2_test_13_v0 available True radius 977868 covered True remaining [0, 213590]
frame vehicle_audi_a2_test_13_v1 available True radius 977868 covered True remaining [0, 222443]
frame vehicle_audi_a2_test_14_v0 available True radius 977868 covered True remaining [0, 133319]
frame vehicle_audi_a2_test_14_v1 available True radius 977868 covered True remaining [128472, 131557]
frame vehicle_audi_a2_test_15_v0 available True radius 977868 covered True remaining [0, 0]
frame vehicle_audi_a2_test_15_v1 available True radius 977868 covered True remaining [215502, 0]
frame vehicle_audi_a2_test_16_v0 available True radius 977868 covered True remaining [0, 0]
frame vehicle_audi_a2_test_16_v1 available True radius 977868 covered True remaining [210799, 0]
frame vehicle_audi_a2_test_17_v0 available False radius 977868 covered True remaining [0, 0]
frame vehicle_audi_a2_test_17_v1 available False radius 977868 covered True remaining [0, 0]
frame vehicle_audi_a2_test_18_v0 available True radius 977868 covered True remaining [0, 216523]
frame vehicle_audi_a2_test_18_v1 available True radius 977868 covered True remaining [0, 217825]
frame vehicle_audi_a2_test_19_v0 available True radius 977868 covered True remaining [0, 0]
frame vehicle_audi_a2_test_19_v1 available True radius 977868 covered True remaining [212541, 0]
frame vehicle_audi_a2_test_20_v0 available True radius 977868 covered True remaining [0, 0]
frame vehicle_audi_a2_test_20_v1 available True radius 977868 covered True remaining [218726, 0]
frame vehicle_audi_a2_test_21_v0 available True radius 977868 covered True remaining [0, 221249]
frame vehicle_audi_a2_test_21_v1 available True radius 977868 covered True remaining [0, 222084]
frame vehicle_audi_a2_test_22_v0 available True radius 977868 covered True remaining [0, 0]
frame vehicle_audi_a2_test_22_v1 available True radius 977868 covered True remaining [216822, 0]
frame vehicle_audi_a2_test_23_v0 available True radius 977868 covered True remaining [0, 215140]
frame vehicle_audi_a2_test_23_v1 available True radius 977868 covered True remaining [0, 210670]
frame vehicle_audi_a2_test_24_v0 available True radius 977868 covered True remaining [0, 215018]
frame vehicle_audi_a2_test_24_v1 available True radius 977868 covered True remaining [213584, 213584]
frame vehicle_audi_a2_test_25_v0 available True radius 977868 covered True remaining [0, 132000]
frame vehicle_audi_a2_test_25_v1 available True radius 977868 covered True remaining [3412, 128880]
frame vehicle_audi_a2_test_26_v0 available True radius 977868 covered True remaining [0, 0]
frame vehicle_audi_a2_test_26_v1 available True radius 977868 covered True remaining [220078, 0]
frame vehicle_audi_a2_test_27_v0 available True radius 977868 covered True remaining [0, 0]
frame vehicle_audi_a2_test_27_v1 available True radius 977868 covered True remaining [213882, 0]
frame vehicle_audi_a2_test_28_v0 available True radius 977868 covered True remaining [0, 0]
frame vehicle_audi_a2_test_28_v1 available True radius 977868 covered True remaining [217206, 0]
frame vehicle_audi_a2_test_29_v0 available True radius 977868 covered True remaining [0, 218989]
frame vehicle_audi_a2_test_29_v1 available True radius 977868 covered True remaining [0, 221873]
frame vehicle_audi_a2_test_31_v0 available True radius 977868 covered True remaining [0, 216743]
frame vehicle_audi_a2_test_31_v1 available True radius 977868 covered True remaining [0, 212641]
frame vehicle_audi_a2_test_32_v0 available True radius 977868 covered True remaining [0, 217163]
frame vehicle_audi_a2_test_32_v1 available True radius 977868 covered True remaining [0, 221125]
frame vehicle_audi_a2_test_33_v0 available True radius 977868 covered True remaining [0, 0]
frame vehicle_audi_a2_test_33_v1 available True radius 977868 covered True remaining [216313, 0]
frame vehicle_audi_a2_test_34_v0 available True radius 977868 covered True remaining [0, 0]
frame vehicle_audi_a2_test_34_v1 available True radius 977868 covered True remaining [217319, 0]
frame vehicle_audi_a2_test_35_v0 available True radius 977868 covered True remaining [0, 33070]
frame vehicle_audi_a2_test_35_v1 available True radius 977868 covered True remaining [172680, 42037]
frame vehicle_audi_a2_test_36_v0 available True radius 977868 covered True remaining [0, 0]
frame vehicle_audi_a2_test_36_v1 available True radius 977868 covered False remaining [220582, 0]
frame vehicle_audi_a2_test_37_v0 available True radius 977868 covered True remaining [0, 0]
frame vehicle_audi_a2_test_37_v1 available True radius 977868 covered True remaining [221266, 0]
frame vehicle_audi_a2_test_38_v0 available True radius 977868 covered True remaining [0, 0]
frame vehicle_audi_a2_test_38_v1 available True radius 977868 covered False remaining [211068, 0]
frame vehicle_audi_a2_test_39_v0 available True radius 977868 covered True remaining [0, 0]
frame vehicle_audi_a2_test_39_v1 available True radius 977868 covered True remaining [204210, 0]
frame vehicle_audi_a2_test_40_v0 available True radius 977868 covered True remaining [0, 221348]
frame vehicle_audi_a2_test_40_v1 available True radius 977868 covered True remaining [0, 213799]
frame vehicle_audi_a2_test_41_v0 available True radius 977868 covered True remaining [0, 217951]
frame vehicle_audi_a2_test_41_v1 available True radius 977868 covered True remaining [0, 206639]
frame vehicle_audi_a2_test_42_v0 available True radius 977868 covered True remaining [0, 214101]
frame vehicle_audi_a2_test_42_v1 available True radius 977868 covered True remaining [0, 218894]
frame vehicle_audi_a2_test_43_v0 available True radius 977868 covered True remaining [0, 213411]
frame vehicle_audi_a2_test_43_v1 available True radius 977868 covered True remaining [0, 209109]
frame vehicle_audi_a2_test_44_v0 available True radius 977868 covered True remaining [0, 218240]
frame vehicle_audi_a2_test_44_v1 available True radius 977868 covered True remaining [0, 206208]
frame vehicle_audi_a2_test_45_v0 available True radius 977868 covered True remaining [0, 20488]
frame vehicle_audi_a2_test_45_v1 available True radius 977868 covered True remaining [207448, 0]
frame vehicle_audi_a2_test_46_v0 available True radius 977868 covered True remaining [0, 0]
frame vehicle_audi_a2_test_46_v1 available True radius 977868 covered True remaining [215293, 0]
frame vehicle_audi_a2_test_47_v0 available True radius 977868 covered True remaining [0, 214271]
frame vehicle_audi_a2_test_47_v1 available True radius 977868 covered True remaining [0, 208240]
frame vehicle_audi_a2_test_48_v0 available True radius 977868 covered True remaining [0, 218723]
frame vehicle_audi_a2_test_48_v1 available True radius 977868 covered True remaining [0, 209483]
frame vehicle_audi_a2_test_49_v0 available True radius 977868 covered True remaining [0, 0]
frame vehicle_audi_a2_test_49_v1 available True radius 977868 covered True remaining [212740, 0]
frame vehicle_audi_a2_test_50_v0 available True radius 977868 covered True remaining [0, 0]
frame vehicle_audi_a2_test_50_v1 available True radius 977868 covered True remaining [220959, 0]
frame vehicle_audi_a2_test_51_v0 available True radius 977868 covered True remaining [0, 125433]
frame vehicle_audi_a2_test_51_v1 available True radius 977868 covered True remaining [76070, 108186]
frame vehicle_audi_a2_test_52_v0 available True radius 977868 covered True remaining [0, 0]
frame vehicle_audi_a2_test_52_v1 available True radius 977868 covered True remaining [213790, 0]
frame vehicle_audi_a2_test_54_v0 available True radius 977868 covered True remaining [0, 0]
frame vehicle_audi_a2_test_54_v1 available True radius 977868 covered True remaining [212611, 0]
frame vehicle_audi_a2_test_55_v0 available True radius 977868 covered True remaining [0, 0]
frame vehicle_audi_a2_test_55_v1 available True radius 977868 covered True remaining [210151, 0]
frame vehicle_audi_a2_test_56_v0 available True radius 977868 covered True remaining [0, 0]
frame vehicle_audi_a2_test_56_v1 available True radius 977868 covered True remaining [202944, 0]
frame vehicle_audi_a2_test_57_v0 available True radius 977868 covered True remaining [0, 210920]
frame vehicle_audi_a2_test_57_v1 available True radius 977868 covered True remaining [0, 217189]
frame vehicle_audi_a2_test_58_v0 available True radius 977868 covered True remaining [0, 0]
frame vehicle_audi_a2_test_58_v1 available True radius 977868 covered True remaining [218452, 0]
frame vehicle_audi_a2_test_59_v0 available True radius 977868 covered True remaining [0, 0]
frame vehicle_audi_a2_test_59_v1 available True radius 977868 covered True remaining [204244, 0]
frame vehicle_tesla_model3_calibration_00_v0 available True radius 1012639 covered True remaining [0, 0]
frame vehicle_tesla_model3_calibration_00_v1 available True radius 1012639 covered True remaining [0, 7599]
frame vehicle_tesla_model3_calibration_01_v0 available True radius 1012639 covered True remaining [0, 220334]
frame vehicle_tesla_model3_calibration_01_v1 available True radius 1012639 covered True remaining [0, 210028]
frame vehicle_tesla_model3_calibration_02_v0 available True radius 1012639 covered True remaining [0, 209316]
frame vehicle_tesla_model3_calibration_02_v1 available True radius 1012639 covered True remaining [0, 204733]
frame vehicle_tesla_model3_calibration_03_v0 available True radius 1012639 covered True remaining [0, 0]
frame vehicle_tesla_model3_calibration_03_v1 available True radius 1012639 covered True remaining [220932, 0]
frame vehicle_tesla_model3_calibration_04_v0 available True radius 1012639 covered True remaining [0, 202417]
frame vehicle_tesla_model3_calibration_04_v1 available True radius 1012639 covered True remaining [0, 212412]
frame vehicle_tesla_model3_calibration_05_v0 available True radius 1012639 covered True remaining [0, 26729]
frame vehicle_tesla_model3_calibration_05_v1 available True radius 1012639 covered True remaining [72720, 8474]
frame vehicle_tesla_model3_calibration_06_v0 available True radius 1012639 covered True remaining [0, 61409]
frame vehicle_tesla_model3_calibration_06_v1 available True radius 1012639 covered True remaining [74492, 0]
frame vehicle_tesla_model3_calibration_07_v0 available True radius 1012639 covered True remaining [0, 0]
frame vehicle_tesla_model3_calibration_07_v1 available True radius 1012639 covered True remaining [216906, 0]
frame vehicle_tesla_model3_calibration_08_v0 available True radius 1012639 covered True remaining [0, 215461]
frame vehicle_tesla_model3_calibration_08_v1 available True radius 1012639 covered True remaining [0, 213147]
frame vehicle_tesla_model3_calibration_09_v0 available True radius 1012639 covered True remaining [0, 209654]
frame vehicle_tesla_model3_calibration_09_v1 available True radius 1012639 covered True remaining [0, 216021]
frame vehicle_tesla_model3_calibration_10_v0 available True radius 1012639 covered True remaining [0, 0]
frame vehicle_tesla_model3_calibration_10_v1 available True radius 1012639 covered True remaining [86850, 0]
frame vehicle_tesla_model3_calibration_11_v0 available True radius 1012639 covered True remaining [0, 0]
frame vehicle_tesla_model3_calibration_11_v1 available True radius 1012639 covered True remaining [90814, 0]
frame vehicle_tesla_model3_calibration_12_v0 available True radius 1012639 covered True remaining [0, 215436]
frame vehicle_tesla_model3_calibration_12_v1 available True radius 1012639 covered True remaining [0, 216552]
frame vehicle_tesla_model3_calibration_13_v0 available True radius 1012639 covered True remaining [0, 212661]
frame vehicle_tesla_model3_calibration_13_v1 available True radius 1012639 covered True remaining [0, 214249]
frame vehicle_tesla_model3_calibration_14_v0 available True radius 1012639 covered True remaining [0, 0]
frame vehicle_tesla_model3_calibration_14_v1 available True radius 1012639 covered True remaining [149665, 0]
frame vehicle_tesla_model3_calibration_15_v0 available True radius 1012639 covered True remaining [0, 219172]
frame vehicle_tesla_model3_calibration_15_v1 available True radius 1012639 covered True remaining [0, 211113]
frame vehicle_tesla_model3_calibration_16_v0 available True radius 1012639 covered True remaining [0, 0]
frame vehicle_tesla_model3_calibration_16_v1 available True radius 1012639 covered False remaining [215695, 0]
frame vehicle_tesla_model3_calibration_17_v0 available True radius 1012639 covered True remaining [0, 0]
frame vehicle_tesla_model3_calibration_17_v1 available True radius 1012639 covered True remaining [211579, 0]
frame vehicle_tesla_model3_calibration_18_v0 available True radius 1012639 covered True remaining [0, 0]
frame vehicle_tesla_model3_calibration_18_v1 available True radius 1012639 covered True remaining [214279, 0]
frame vehicle_tesla_model3_calibration_19_v0 available True radius 1012639 covered True remaining [0, 0]
frame vehicle_tesla_model3_calibration_19_v1 available True radius 1012639 covered True remaining [208929, 0]
frame vehicle_tesla_model3_calibration_20_v0 available True radius 1012639 covered True remaining [0, 211933]
frame vehicle_tesla_model3_calibration_20_v1 available True radius 1012639 covered True remaining [0, 211679]
frame vehicle_tesla_model3_calibration_21_v0 available True radius 1012639 covered True remaining [0, 0]
frame vehicle_tesla_model3_calibration_21_v1 available True radius 1012639 covered True remaining [216006, 0]
frame vehicle_tesla_model3_calibration_22_v0 available True radius 1012639 covered True remaining [0, 206007]
frame vehicle_tesla_model3_calibration_22_v1 available True radius 1012639 covered True remaining [0, 215447]
frame vehicle_tesla_model3_calibration_23_v0 available True radius 1012639 covered True remaining [0, 208677]
frame vehicle_tesla_model3_calibration_23_v1 available True radius 1012639 covered True remaining [0, 205030]
frame vehicle_tesla_model3_calibration_24_v0 available True radius 1012639 covered True remaining [0, 0]
frame vehicle_tesla_model3_calibration_24_v1 available True radius 1012639 covered True remaining [215671, 0]
frame vehicle_tesla_model3_calibration_25_v0 available True radius 1012639 covered True remaining [0, 0]
frame vehicle_tesla_model3_calibration_25_v1 available True radius 1012639 covered True remaining [218205, 0]
frame vehicle_tesla_model3_calibration_26_v0 available True radius 1012639 covered True remaining [0, 0]
frame vehicle_tesla_model3_calibration_26_v1 available True radius 1012639 covered True remaining [213245, 0]
frame vehicle_tesla_model3_calibration_27_v0 available True radius 1012639 covered True remaining [0, 0]
frame vehicle_tesla_model3_calibration_27_v1 available True radius 1012639 covered True remaining [216643, 0]
frame vehicle_tesla_model3_calibration_28_v0 available True radius 1012639 covered True remaining [0, 0]
frame vehicle_tesla_model3_calibration_28_v1 available True radius 1012639 covered True remaining [211932, 0]
frame vehicle_tesla_model3_calibration_29_v0 available True radius 1012639 covered True remaining [0, 14834]
frame vehicle_tesla_model3_calibration_29_v1 available True radius 1012639 covered True remaining [0, 7811]
frame vehicle_tesla_model3_calibration_30_v0 available True radius 1012639 covered True remaining [0, 212286]
frame vehicle_tesla_model3_calibration_30_v1 available True radius 1012639 covered True remaining [0, 215916]
frame vehicle_tesla_model3_calibration_31_v0 available True radius 1012639 covered True remaining [0, 213856]
frame vehicle_tesla_model3_calibration_31_v1 available True radius 1012639 covered True remaining [0, 220548]
frame vehicle_tesla_model3_calibration_32_v0 available True radius 1012639 covered True remaining [0, 0]
frame vehicle_tesla_model3_calibration_32_v1 available True radius 1012639 covered True remaining [213557, 0]
frame vehicle_tesla_model3_calibration_33_v0 available True radius 1012639 covered True remaining [0, 0]
frame vehicle_tesla_model3_calibration_33_v1 available True radius 1012639 covered True remaining [216316, 0]
frame vehicle_tesla_model3_calibration_34_v0 available True radius 1012639 covered True remaining [0, 212183]
frame vehicle_tesla_model3_calibration_34_v1 available True radius 1012639 covered True remaining [0, 205759]
frame vehicle_tesla_model3_calibration_35_v0 available True radius 1012639 covered True remaining [0, 213751]
frame vehicle_tesla_model3_calibration_35_v1 available True radius 1012639 covered True remaining [0, 212701]
frame vehicle_tesla_model3_calibration_36_v0 available True radius 1012639 covered True remaining [0, 0]
frame vehicle_tesla_model3_calibration_36_v1 available True radius 1012639 covered True remaining [219340, 0]
frame vehicle_tesla_model3_calibration_37_v0 available True radius 1012639 covered True remaining [0, 0]
frame vehicle_tesla_model3_calibration_37_v1 available True radius 1012639 covered True remaining [210151, 0]
frame vehicle_tesla_model3_calibration_38_v0 available True radius 1012639 covered True remaining [0, 0]
frame vehicle_tesla_model3_calibration_38_v1 available True radius 1012639 covered True remaining [74251, 0]
frame vehicle_tesla_model3_test_00_v0 available True radius 1012639 covered True remaining [0, 220695]
frame vehicle_tesla_model3_test_00_v1 available True radius 1012639 covered True remaining [0, 209522]
frame vehicle_tesla_model3_test_01_v0 available True radius 1012639 covered True remaining [0, 0]
frame vehicle_tesla_model3_test_01_v1 available True radius 1012639 covered True remaining [9494, 0]
frame vehicle_tesla_model3_test_02_v0 available True radius 1012639 covered True remaining [0, 0]
frame vehicle_tesla_model3_test_02_v1 available True radius 1012639 covered True remaining [218029, 0]
frame vehicle_tesla_model3_test_03_v0 available True radius 1012639 covered True remaining [0, 0]
frame vehicle_tesla_model3_test_03_v1 available True radius 1012639 covered True remaining [217028, 0]
frame vehicle_tesla_model3_test_04_v0 available True radius 1012639 covered True remaining [0, 186039]
frame vehicle_tesla_model3_test_04_v1 available True radius 1012639 covered True remaining [86866, 200351]
frame vehicle_tesla_model3_test_05_v0 available True radius 1012639 covered True remaining [0, 215255]
frame vehicle_tesla_model3_test_05_v1 available True radius 1012639 covered True remaining [0, 215580]
frame vehicle_tesla_model3_test_06_v0 available True radius 1012639 covered True remaining [0, 0]
frame vehicle_tesla_model3_test_06_v1 available True radius 1012639 covered True remaining [221065, 0]
frame vehicle_tesla_model3_test_07_v0 available True radius 1012639 covered True remaining [0, 215848]
frame vehicle_tesla_model3_test_07_v1 available True radius 1012639 covered True remaining [0, 219331]
frame vehicle_tesla_model3_test_08_v0 available True radius 1012639 covered True remaining [0, 0]
frame vehicle_tesla_model3_test_08_v1 available True radius 1012639 covered False remaining [215861, 0]
frame vehicle_tesla_model3_test_09_v0 available True radius 1012639 covered True remaining [0, 213293]
frame vehicle_tesla_model3_test_09_v1 available True radius 1012639 covered True remaining [0, 207262]
frame vehicle_tesla_model3_test_10_v0 available True radius 1012639 covered True remaining [0, 0]
frame vehicle_tesla_model3_test_10_v1 available True radius 1012639 covered True remaining [201641, 0]
frame vehicle_tesla_model3_test_11_v0 available True radius 1012639 covered True remaining [0, 0]
frame vehicle_tesla_model3_test_11_v1 available True radius 1012639 covered True remaining [210800, 0]
frame vehicle_tesla_model3_test_12_v0 available True radius 1012639 covered True remaining [0, 0]
frame vehicle_tesla_model3_test_12_v1 available True radius 1012639 covered True remaining [207815, 0]
frame vehicle_tesla_model3_test_13_v0 available True radius 1012639 covered True remaining [0, 216380]
frame vehicle_tesla_model3_test_13_v1 available True radius 1012639 covered True remaining [0, 206073]
frame vehicle_tesla_model3_test_14_v0 available True radius 1012639 covered True remaining [0, 214123]
frame vehicle_tesla_model3_test_14_v1 available True radius 1012639 covered True remaining [0, 206625]
frame vehicle_tesla_model3_test_15_v0 available True radius 1012639 covered True remaining [0, 0]
frame vehicle_tesla_model3_test_15_v1 available True radius 1012639 covered True remaining [214142, 0]
frame vehicle_tesla_model3_test_16_v0 available True radius 1012639 covered True remaining [0, 0]
frame vehicle_tesla_model3_test_16_v1 available True radius 1012639 covered True remaining [211512, 0]
frame vehicle_tesla_model3_test_17_v0 available True radius 1012639 covered True remaining [0, 215056]
frame vehicle_tesla_model3_test_17_v1 available True radius 1012639 covered True remaining [37956, 201754]
frame vehicle_tesla_model3_test_18_v0 available True radius 1012639 covered True remaining [0, 210761]
frame vehicle_tesla_model3_test_18_v1 available True radius 1012639 covered True remaining [0, 220904]
frame vehicle_tesla_model3_test_19_v0 available True radius 1012639 covered True remaining [0, 0]
frame vehicle_tesla_model3_test_19_v1 available True radius 1012639 covered True remaining [212666, 0]
frame vehicle_tesla_model3_test_20_v0 available True radius 1012639 covered True remaining [0, 0]
frame vehicle_tesla_model3_test_20_v1 available True radius 1012639 covered True remaining [207648, 0]
frame vehicle_tesla_model3_test_21_v0 available True radius 1012639 covered True remaining [0, 216860]
frame vehicle_tesla_model3_test_21_v1 available True radius 1012639 covered True remaining [0, 218457]
frame vehicle_tesla_model3_test_22_v0 available True radius 1012639 covered True remaining [0, 175116]
frame vehicle_tesla_model3_test_22_v1 available True radius 1012639 covered True remaining [0, 0]
frame vehicle_tesla_model3_test_23_v0 available True radius 1012639 covered True remaining [0, 219823]
frame vehicle_tesla_model3_test_23_v1 available True radius 1012639 covered True remaining [0, 217940]
frame vehicle_tesla_model3_test_24_v0 available True radius 1012639 covered True remaining [0, 0]
frame vehicle_tesla_model3_test_24_v1 available True radius 1012639 covered True remaining [215145, 0]
frame vehicle_tesla_model3_test_25_v0 available True radius 1012639 covered True remaining [0, 0]
frame vehicle_tesla_model3_test_25_v1 available True radius 1012639 covered True remaining [214129, 0]
frame vehicle_tesla_model3_test_26_v0 available True radius 1012639 covered True remaining [0, 219813]
frame vehicle_tesla_model3_test_26_v1 available True radius 1012639 covered True remaining [0, 211424]
frame vehicle_tesla_model3_test_27_v0 available True radius 1012639 covered True remaining [0, 0]
frame vehicle_tesla_model3_test_27_v1 available True radius 1012639 covered True remaining [148230, 0]
frame vehicle_tesla_model3_test_28_v0 available True radius 1012639 covered True remaining [0, 0]
frame vehicle_tesla_model3_test_28_v1 available True radius 1012639 covered True remaining [215895, 0]
frame vehicle_tesla_model3_test_29_v0 available True radius 1012639 covered True remaining [0, 0]
frame vehicle_tesla_model3_test_29_v1 available True radius 1012639 covered True remaining [197430, 0]
frame vehicle_tesla_model3_test_30_v0 available True radius 1012639 covered True remaining [0, 216680]
frame vehicle_tesla_model3_test_30_v1 available True radius 1012639 covered True remaining [0, 214232]
frame vehicle_tesla_model3_test_31_v0 available True radius 1012639 covered True remaining [0, 0]
frame vehicle_tesla_model3_test_31_v1 available True radius 1012639 covered True remaining [101797, 10338]
frame vehicle_tesla_model3_test_32_v0 available True radius 1012639 covered True remaining [0, 0]
frame vehicle_tesla_model3_test_32_v1 available True radius 1012639 covered True remaining [213701, 0]
frame vehicle_tesla_model3_test_33_v0 available True radius 1012639 covered True remaining [0, 222646]
frame vehicle_tesla_model3_test_33_v1 available True radius 1012639 covered True remaining [0, 215128]
frame vehicle_tesla_model3_test_36_v0 available True radius 1012639 covered True remaining [0, 0]
frame vehicle_tesla_model3_test_36_v1 available True radius 1012639 covered True remaining [214561, 0]
frame vehicle_tesla_model3_test_37_v0 available True radius 1012639 covered True remaining [0, 221679]
frame vehicle_tesla_model3_test_37_v1 available True radius 1012639 covered True remaining [0, 204869]
frame vehicle_tesla_model3_test_39_v0 available False radius 1012639 covered True remaining [0, 0]
frame vehicle_tesla_model3_test_39_v1 available False radius 1012639 covered True remaining [0, 0]
frame vehicle_tesla_model3_test_40_v0 available True radius 1012639 covered True remaining [0, 0]
frame vehicle_tesla_model3_test_40_v1 available True radius 1012639 covered True remaining [223081, 0]
frame vehicle_tesla_model3_test_41_v0 available True radius 1012639 covered True remaining [0, 0]
frame vehicle_tesla_model3_test_41_v1 available True radius 1012639 covered True remaining [217605, 0]
frame vehicle_tesla_model3_test_42_v0 available True radius 1012639 covered True remaining [0, 0]
frame vehicle_tesla_model3_test_42_v1 available True radius 1012639 covered True remaining [214800, 0]
frame vehicle_tesla_model3_test_43_v0 available True radius 1012639 covered True remaining [0, 217189]
frame vehicle_tesla_model3_test_43_v1 available True radius 1012639 covered True remaining [0, 204763]
frame vehicle_tesla_model3_test_44_v0 available True radius 1012639 covered True remaining [0, 165059]
frame vehicle_tesla_model3_test_44_v1 available True radius 1012639 covered True remaining [0, 177215]
frame vehicle_tesla_model3_test_45_v0 available False radius 1012639 covered True remaining [0, 0]
frame vehicle_tesla_model3_test_45_v1 available False radius 1012639 covered True remaining [0, 0]
frame vehicle_tesla_model3_test_46_v0 available True radius 1012639 covered True remaining [0, 211498]
frame vehicle_tesla_model3_test_46_v1 available True radius 1012639 covered True remaining [0, 215296]
frame vehicle_tesla_model3_test_47_v0 available True radius 1012639 covered True remaining [0, 211659]
frame vehicle_tesla_model3_test_47_v1 available True radius 1012639 covered True remaining [0, 216321]
frame vehicle_tesla_model3_test_48_v0 available True radius 1012639 covered True remaining [0, 217758]
frame vehicle_tesla_model3_test_48_v1 available True radius 1012639 covered True remaining [0, 213033]
frame vehicle_tesla_model3_test_49_v0 available True radius 1012639 covered True remaining [0, 218578]
frame vehicle_tesla_model3_test_49_v1 available True radius 1012639 covered True remaining [0, 210948]
frame vehicle_tesla_model3_test_50_v0 available True radius 1012639 covered True remaining [0, 0]
frame vehicle_tesla_model3_test_50_v1 available True radius 1012639 covered True remaining [125261, 0]
frame vehicle_tesla_model3_test_51_v0 available True radius 1012639 covered True remaining [0, 0]
frame vehicle_tesla_model3_test_51_v1 available True radius 1012639 covered True remaining [209811, 0]
frame vehicle_tesla_model3_test_52_v0 available True radius 1012639 covered True remaining [0, 0]
frame vehicle_tesla_model3_test_52_v1 available True radius 1012639 covered True remaining [213105, 0]
frame vehicle_tesla_model3_test_53_v0 available True radius 1012639 covered True remaining [0, 0]
frame vehicle_tesla_model3_test_53_v1 available True radius 1012639 covered True remaining [123206, 0]
frame vehicle_tesla_model3_test_54_v0 available True radius 1012639 covered True remaining [0, 210874]
frame vehicle_tesla_model3_test_54_v1 available True radius 1012639 covered True remaining [0, 218534]
frame vehicle_tesla_model3_test_55_v0 available True radius 1012639 covered True remaining [0, 216526]
frame vehicle_tesla_model3_test_55_v1 available True radius 1012639 covered True remaining [0, 210108]
frame vehicle_tesla_model3_test_56_v0 available True radius 1012639 covered True remaining [0, 222266]
frame vehicle_tesla_model3_test_56_v1 available True radius 1012639 covered True remaining [0, 200575]
frame vehicle_tesla_model3_test_57_v0 available True radius 1012639 covered True remaining [0, 0]
frame vehicle_tesla_model3_test_57_v1 available True radius 1012639 covered True remaining [167839, 0]
frame vehicle_tesla_model3_test_58_v0 available True radius 1012639 covered True remaining [0, 0]
frame vehicle_tesla_model3_test_58_v1 available True radius 1012639 covered False remaining [218172, 0]
frame vehicle_tesla_model3_test_59_v0 available True radius 1012639 covered True remaining [0, 0]
frame vehicle_tesla_model3_test_59_v1 available True radius 1012639 covered True remaining [200209, 0]
frame vehicle_mercedes_sprinter_calibration_00_v0 available True radius 1306667 covered True remaining [0, 217243]
frame vehicle_mercedes_sprinter_calibration_00_v1 available True radius 1306667 covered True remaining [0, 210766]
frame vehicle_mercedes_sprinter_calibration_01_v0 available True radius 1306667 covered True remaining [0, 213265]
frame vehicle_mercedes_sprinter_calibration_01_v1 available True radius 1306667 covered True remaining [0, 217122]
frame vehicle_mercedes_sprinter_calibration_03_v0 available True radius 1306667 covered True remaining [0, 0]
frame vehicle_mercedes_sprinter_calibration_03_v1 available True radius 1306667 covered True remaining [75879, 0]
frame vehicle_mercedes_sprinter_calibration_04_v0 available True radius 1306667 covered True remaining [0, 215276]
frame vehicle_mercedes_sprinter_calibration_04_v1 available True radius 1306667 covered True remaining [0, 220946]
frame vehicle_mercedes_sprinter_calibration_05_v0 available True radius 1306667 covered True remaining [0, 0]
frame vehicle_mercedes_sprinter_calibration_05_v1 available True radius 1306667 covered True remaining [79822, 0]
frame vehicle_mercedes_sprinter_calibration_06_v0 available True radius 1306667 covered True remaining [0, 216668]
frame vehicle_mercedes_sprinter_calibration_06_v1 available True radius 1306667 covered True remaining [0, 216864]
frame vehicle_mercedes_sprinter_calibration_07_v0 available True radius 1306667 covered True remaining [0, 211609]
frame vehicle_mercedes_sprinter_calibration_07_v1 available True radius 1306667 covered True remaining [0, 215078]
frame vehicle_mercedes_sprinter_calibration_08_v0 available True radius 1306667 covered True remaining [0, 0]
frame vehicle_mercedes_sprinter_calibration_08_v1 available True radius 1306667 covered True remaining [77082, 0]
frame vehicle_mercedes_sprinter_calibration_09_v0 available True radius 1306667 covered True remaining [0, 0]
frame vehicle_mercedes_sprinter_calibration_09_v1 available True radius 1306667 covered True remaining [70798, 0]
frame vehicle_mercedes_sprinter_calibration_10_v0 available True radius 1306667 covered True remaining [0, 176435]
frame vehicle_mercedes_sprinter_calibration_10_v1 available True radius 1306667 covered True remaining [0, 161633]
frame vehicle_mercedes_sprinter_calibration_11_v0 available True radius 1306667 covered True remaining [0, 0]
frame vehicle_mercedes_sprinter_calibration_11_v1 available True radius 1306667 covered True remaining [78143, 0]
frame vehicle_mercedes_sprinter_calibration_12_v0 available True radius 1306667 covered True remaining [0, 0]
frame vehicle_mercedes_sprinter_calibration_12_v1 available True radius 1306667 covered True remaining [84305, 0]
frame vehicle_mercedes_sprinter_calibration_13_v0 available True radius 1306667 covered True remaining [0, 0]
frame vehicle_mercedes_sprinter_calibration_13_v1 available True radius 1306667 covered True remaining [78982, 0]
frame vehicle_mercedes_sprinter_calibration_14_v0 available True radius 1306667 covered True remaining [0, 211038]
frame vehicle_mercedes_sprinter_calibration_14_v1 available True radius 1306667 covered True remaining [0, 208857]
frame vehicle_mercedes_sprinter_calibration_16_v0 available True radius 1306667 covered True remaining [0, 8395]
frame vehicle_mercedes_sprinter_calibration_16_v1 available True radius 1306667 covered True remaining [0, 0]
frame vehicle_mercedes_sprinter_calibration_19_v0 available True radius 1306667 covered True remaining [0, 0]
frame vehicle_mercedes_sprinter_calibration_19_v1 available True radius 1306667 covered True remaining [77934, 0]
frame vehicle_mercedes_sprinter_calibration_20_v0 available True radius 1306667 covered True remaining [0, 116]
frame vehicle_mercedes_sprinter_calibration_20_v1 available True radius 1306667 covered True remaining [0, 2923]
frame vehicle_mercedes_sprinter_calibration_21_v0 available True radius 1306667 covered True remaining [0, 0]
frame vehicle_mercedes_sprinter_calibration_21_v1 available True radius 1306667 covered True remaining [78474, 0]
frame vehicle_mercedes_sprinter_calibration_22_v0 available True radius 1306667 covered True remaining [0, 0]
frame vehicle_mercedes_sprinter_calibration_22_v1 available True radius 1306667 covered False remaining [67339, 0]
frame vehicle_mercedes_sprinter_calibration_23_v0 available True radius 1306667 covered True remaining [0, 215971]
frame vehicle_mercedes_sprinter_calibration_23_v1 available True radius 1306667 covered True remaining [0, 198842]
frame vehicle_mercedes_sprinter_calibration_24_v0 available True radius 1306667 covered True remaining [0, 0]
frame vehicle_mercedes_sprinter_calibration_24_v1 available True radius 1306667 covered True remaining [86892, 0]
frame vehicle_mercedes_sprinter_calibration_25_v0 available True radius 1306667 covered True remaining [0, 0]
frame vehicle_mercedes_sprinter_calibration_25_v1 available True radius 1306667 covered True remaining [80379, 0]
frame vehicle_mercedes_sprinter_calibration_26_v0 available True radius 1306667 covered True remaining [0, 0]
frame vehicle_mercedes_sprinter_calibration_26_v1 available True radius 1306667 covered True remaining [83449, 0]
frame vehicle_mercedes_sprinter_calibration_27_v0 available True radius 1306667 covered True remaining [0, 209921]
frame vehicle_mercedes_sprinter_calibration_27_v1 available True radius 1306667 covered True remaining [0, 214947]
frame vehicle_mercedes_sprinter_calibration_28_v0 available True radius 1306667 covered True remaining [0, 0]
frame vehicle_mercedes_sprinter_calibration_28_v1 available True radius 1306667 covered True remaining [84088, 0]
frame vehicle_mercedes_sprinter_calibration_29_v0 available True radius 1306667 covered True remaining [0, 0]
frame vehicle_mercedes_sprinter_calibration_29_v1 available True radius 1306667 covered True remaining [80795, 0]
frame vehicle_mercedes_sprinter_calibration_30_v0 available True radius 1306667 covered True remaining [0, 0]
frame vehicle_mercedes_sprinter_calibration_30_v1 available True radius 1306667 covered True remaining [81304, 0]
frame vehicle_mercedes_sprinter_calibration_31_v0 available True radius 1306667 covered True remaining [0, 0]
frame vehicle_mercedes_sprinter_calibration_31_v1 available True radius 1306667 covered True remaining [81535, 0]
frame vehicle_mercedes_sprinter_calibration_32_v0 available True radius 1306667 covered True remaining [0, 0]
frame vehicle_mercedes_sprinter_calibration_32_v1 available True radius 1306667 covered True remaining [45646, 0]
frame vehicle_mercedes_sprinter_calibration_33_v0 available True radius 1306667 covered True remaining [0, 212021]
frame vehicle_mercedes_sprinter_calibration_33_v1 available True radius 1306667 covered True remaining [0, 219676]
frame vehicle_mercedes_sprinter_calibration_34_v0 available True radius 1306667 covered True remaining [0, 0]
frame vehicle_mercedes_sprinter_calibration_34_v1 available True radius 1306667 covered True remaining [81654, 0]
frame vehicle_mercedes_sprinter_calibration_35_v0 available True radius 1306667 covered True remaining [0, 216626]
frame vehicle_mercedes_sprinter_calibration_35_v1 available True radius 1306667 covered True remaining [0, 213796]
frame vehicle_mercedes_sprinter_calibration_36_v0 available True radius 1306667 covered True remaining [0, 223599]
frame vehicle_mercedes_sprinter_calibration_36_v1 available True radius 1306667 covered True remaining [0, 205349]
frame vehicle_mercedes_sprinter_calibration_37_v0 available True radius 1306667 covered True remaining [0, 0]
frame vehicle_mercedes_sprinter_calibration_37_v1 available True radius 1306667 covered True remaining [0, 0]
frame vehicle_mercedes_sprinter_calibration_38_v0 available True radius 1306667 covered True remaining [0, 91130]
frame vehicle_mercedes_sprinter_calibration_38_v1 available True radius 1306667 covered True remaining [0, 64605]
frame vehicle_mercedes_sprinter_test_00_v0 available True radius 1306667 covered True remaining [0, 213805]
frame vehicle_mercedes_sprinter_test_00_v1 available True radius 1306667 covered True remaining [0, 217696]
frame vehicle_mercedes_sprinter_test_01_v0 available True radius 1306667 covered True remaining [0, 216669]
frame vehicle_mercedes_sprinter_test_01_v1 available True radius 1306667 covered True remaining [0, 214850]
frame vehicle_mercedes_sprinter_test_02_v0 available True radius 1306667 covered True remaining [0, 0]
frame vehicle_mercedes_sprinter_test_02_v1 available True radius 1306667 covered True remaining [67332, 0]
frame vehicle_mercedes_sprinter_test_03_v0 available True radius 1306667 covered True remaining [0, 0]
frame vehicle_mercedes_sprinter_test_03_v1 available True radius 1306667 covered True remaining [70989, 0]
frame vehicle_mercedes_sprinter_test_04_v0 available True radius 1306667 covered True remaining [0, 213688]
frame vehicle_mercedes_sprinter_test_04_v1 available True radius 1306667 covered True remaining [0, 209591]
frame vehicle_mercedes_sprinter_test_05_v0 available True radius 1306667 covered True remaining [0, 208286]
frame vehicle_mercedes_sprinter_test_05_v1 available True radius 1306667 covered True remaining [0, 213083]
frame vehicle_mercedes_sprinter_test_06_v0 available True radius 1306667 covered True remaining [0, 0]
frame vehicle_mercedes_sprinter_test_06_v1 available True radius 1306667 covered True remaining [71403, 0]
frame vehicle_mercedes_sprinter_test_07_v0 available True radius 1306667 covered True remaining [0, 211294]
frame vehicle_mercedes_sprinter_test_07_v1 available True radius 1306667 covered True remaining [0, 219395]
frame vehicle_mercedes_sprinter_test_08_v0 available True radius 1306667 covered True remaining [0, 0]
frame vehicle_mercedes_sprinter_test_08_v1 available True radius 1306667 covered True remaining [82611, 0]
frame vehicle_mercedes_sprinter_test_09_v0 available True radius 1306667 covered True remaining [0, 71530]
frame vehicle_mercedes_sprinter_test_09_v1 available True radius 1306667 covered True remaining [0, 0]
frame vehicle_mercedes_sprinter_test_10_v0 available True radius 1306667 covered True remaining [0, 0]
frame vehicle_mercedes_sprinter_test_10_v1 available True radius 1306667 covered True remaining [77024, 0]
frame vehicle_mercedes_sprinter_test_11_v0 available True radius 1306667 covered True remaining [0, 0]
frame vehicle_mercedes_sprinter_test_11_v1 available True radius 1306667 covered True remaining [79082, 0]
frame vehicle_mercedes_sprinter_test_12_v0 available True radius 1306667 covered True remaining [0, 0]
frame vehicle_mercedes_sprinter_test_12_v1 available True radius 1306667 covered True remaining [82327, 0]
frame vehicle_mercedes_sprinter_test_13_v0 available True radius 1306667 covered True remaining [0, 0]
frame vehicle_mercedes_sprinter_test_13_v1 available True radius 1306667 covered True remaining [82432, 0]
frame vehicle_mercedes_sprinter_test_14_v0 available True radius 1306667 covered True remaining [0, 220538]
frame vehicle_mercedes_sprinter_test_14_v1 available True radius 1306667 covered True remaining [0, 208973]
frame vehicle_mercedes_sprinter_test_15_v0 available True radius 1306667 covered True remaining [0, 144691]
frame vehicle_mercedes_sprinter_test_15_v1 available True radius 1306667 covered False remaining [9847, 204806]
frame vehicle_mercedes_sprinter_test_16_v0 available True radius 1306667 covered True remaining [0, 206510]
frame vehicle_mercedes_sprinter_test_16_v1 available True radius 1306667 covered True remaining [0, 212783]
frame vehicle_mercedes_sprinter_test_17_v0 available True radius 1306667 covered False remaining [0, 216002]
frame vehicle_mercedes_sprinter_test_17_v1 available True radius 1306667 covered True remaining [0, 0]
frame vehicle_mercedes_sprinter_test_18_v0 available True radius 1306667 covered True remaining [0, 0]
frame vehicle_mercedes_sprinter_test_18_v1 available True radius 1306667 covered True remaining [78636, 0]
frame vehicle_mercedes_sprinter_test_19_v0 available True radius 1306667 covered True remaining [0, 220585]
frame vehicle_mercedes_sprinter_test_19_v1 available True radius 1306667 covered True remaining [0, 223111]
frame vehicle_mercedes_sprinter_test_20_v0 available True radius 1306667 covered True remaining [0, 0]
frame vehicle_mercedes_sprinter_test_20_v1 available True radius 1306667 covered True remaining [57911, 0]
frame vehicle_mercedes_sprinter_test_21_v0 available True radius 1306667 covered True remaining [0, 0]
frame vehicle_mercedes_sprinter_test_21_v1 available True radius 1306667 covered True remaining [0, 0]
frame vehicle_mercedes_sprinter_test_22_v0 available False radius 1306667 covered True remaining [0, 0]
frame vehicle_mercedes_sprinter_test_22_v1 available False radius 1306667 covered True remaining [0, 0]
frame vehicle_mercedes_sprinter_test_23_v0 available True radius 1306667 covered True remaining [0, 0]
frame vehicle_mercedes_sprinter_test_23_v1 available True radius 1306667 covered True remaining [77671, 0]
frame vehicle_mercedes_sprinter_test_24_v0 available True radius 1306667 covered True remaining [0, 0]
frame vehicle_mercedes_sprinter_test_24_v1 available True radius 1306667 covered True remaining [85085, 0]
frame vehicle_mercedes_sprinter_test_25_v0 available True radius 1306667 covered True remaining [0, 0]
frame vehicle_mercedes_sprinter_test_25_v1 available True radius 1306667 covered True remaining [78449, 0]
frame vehicle_mercedes_sprinter_test_26_v0 available True radius 1306667 covered True remaining [0, 0]
frame vehicle_mercedes_sprinter_test_26_v1 available True radius 1306667 covered True remaining [83589, 0]
frame vehicle_mercedes_sprinter_test_27_v0 available True radius 1306667 covered True remaining [0, 0]
frame vehicle_mercedes_sprinter_test_27_v1 available True radius 1306667 covered True remaining [69728, 0]
frame vehicle_mercedes_sprinter_test_28_v0 available True radius 1306667 covered True remaining [0, 0]
frame vehicle_mercedes_sprinter_test_28_v1 available True radius 1306667 covered True remaining [0, 0]
frame vehicle_mercedes_sprinter_test_29_v0 available True radius 1306667 covered True remaining [0, 0]
frame vehicle_mercedes_sprinter_test_29_v1 available True radius 1306667 covered True remaining [75888, 0]
frame vehicle_mercedes_sprinter_test_30_v0 available True radius 1306667 covered True remaining [0, 0]
frame vehicle_mercedes_sprinter_test_30_v1 available True radius 1306667 covered True remaining [72620, 0]
frame vehicle_mercedes_sprinter_test_31_v0 available True radius 1306667 covered True remaining [0, 0]
frame vehicle_mercedes_sprinter_test_31_v1 available True radius 1306667 covered True remaining [80797, 0]
frame vehicle_mercedes_sprinter_test_32_v0 available True radius 1306667 covered True remaining [0, 57980]
frame vehicle_mercedes_sprinter_test_32_v1 available True radius 1306667 covered True remaining [0, 0]
frame vehicle_mercedes_sprinter_test_33_v0 available True radius 1306667 covered True remaining [0, 212743]
frame vehicle_mercedes_sprinter_test_33_v1 available True radius 1306667 covered True remaining [0, 214502]
frame vehicle_mercedes_sprinter_test_34_v0 available True radius 1306667 covered True remaining [0, 216936]
frame vehicle_mercedes_sprinter_test_34_v1 available True radius 1306667 covered True remaining [0, 216861]
frame vehicle_mercedes_sprinter_test_35_v0 available True radius 1306667 covered True remaining [0, 0]
frame vehicle_mercedes_sprinter_test_35_v1 available True radius 1306667 covered True remaining [81425, 0]
frame vehicle_mercedes_sprinter_test_36_v0 available True radius 1306667 covered True remaining [0, 212724]
frame vehicle_mercedes_sprinter_test_36_v1 available True radius 1306667 covered True remaining [0, 219377]
frame vehicle_mercedes_sprinter_test_37_v0 available True radius 1306667 covered True remaining [0, 204744]
frame vehicle_mercedes_sprinter_test_37_v1 available True radius 1306667 covered True remaining [0, 214962]
frame vehicle_mercedes_sprinter_test_38_v0 available True radius 1306667 covered True remaining [0, 0]
frame vehicle_mercedes_sprinter_test_38_v1 available True radius 1306667 covered True remaining [83060, 0]
frame vehicle_mercedes_sprinter_test_39_v0 available True radius 1306667 covered True remaining [0, 0]
frame vehicle_mercedes_sprinter_test_39_v1 available True radius 1306667 covered True remaining [75417, 0]
frame vehicle_mercedes_sprinter_test_40_v0 available True radius 1306667 covered True remaining [0, 209046]
frame vehicle_mercedes_sprinter_test_40_v1 available True radius 1306667 covered True remaining [0, 212833]
frame vehicle_mercedes_sprinter_test_41_v0 available True radius 1306667 covered True remaining [0, 217481]
frame vehicle_mercedes_sprinter_test_41_v1 available True radius 1306667 covered True remaining [0, 212246]
frame vehicle_mercedes_sprinter_test_42_v0 available True radius 1306667 covered True remaining [0, 53326]
frame vehicle_mercedes_sprinter_test_42_v1 available True radius 1306667 covered True remaining [0, 16847]
frame vehicle_mercedes_sprinter_test_43_v0 available True radius 1306667 covered True remaining [0, 0]
frame vehicle_mercedes_sprinter_test_43_v1 available True radius 1306667 covered True remaining [74498, 0]
frame vehicle_mercedes_sprinter_test_44_v0 available True radius 1306667 covered True remaining [0, 0]
frame vehicle_mercedes_sprinter_test_44_v1 available True radius 1306667 covered True remaining [0, 0]
frame vehicle_mercedes_sprinter_test_45_v0 available True radius 1306667 covered True remaining [0, 0]
frame vehicle_mercedes_sprinter_test_45_v1 available True radius 1306667 covered True remaining [77496, 0]
frame vehicle_mercedes_sprinter_test_46_v0 available True radius 1306667 covered True remaining [0, 0]
frame vehicle_mercedes_sprinter_test_46_v1 available True radius 1306667 covered True remaining [50491, 0]
frame vehicle_mercedes_sprinter_test_47_v0 available True radius 1306667 covered True remaining [0, 0]
frame vehicle_mercedes_sprinter_test_47_v1 available True radius 1306667 covered True remaining [70525, 0]
frame vehicle_mercedes_sprinter_test_48_v0 available True radius 1306667 covered True remaining [0, 0]
frame vehicle_mercedes_sprinter_test_48_v1 available True radius 1306667 covered True remaining [69617, 0]
frame vehicle_mercedes_sprinter_test_49_v0 available True radius 1306667 covered True remaining [0, 0]
frame vehicle_mercedes_sprinter_test_49_v1 available True radius 1306667 covered True remaining [0, 0]
frame vehicle_mercedes_sprinter_test_50_v0 available True radius 1306667 covered True remaining [0, 216327]
frame vehicle_mercedes_sprinter_test_50_v1 available True radius 1306667 covered True remaining [0, 207951]
frame vehicle_mercedes_sprinter_test_51_v0 available True radius 1306667 covered True remaining [0, 211263]
frame vehicle_mercedes_sprinter_test_51_v1 available True radius 1306667 covered True remaining [0, 173504]
frame vehicle_mercedes_sprinter_test_52_v0 available True radius 1306667 covered True remaining [0, 0]
frame vehicle_mercedes_sprinter_test_52_v1 available True radius 1306667 covered True remaining [0, 0]
frame vehicle_mercedes_sprinter_test_53_v0 available True radius 1306667 covered True remaining [0, 0]
frame vehicle_mercedes_sprinter_test_53_v1 available True radius 1306667 covered True remaining [89315, 0]
frame vehicle_mercedes_sprinter_test_54_v0 available True radius 1306667 covered True remaining [0, 217200]
frame vehicle_mercedes_sprinter_test_54_v1 available True radius 1306667 covered True remaining [0, 214510]
frame vehicle_mercedes_sprinter_test_55_v0 available True radius 1306667 covered True remaining [0, 209276]
frame vehicle_mercedes_sprinter_test_55_v1 available True radius 1306667 covered True remaining [0, 203075]
frame vehicle_mercedes_sprinter_test_56_v0 available True radius 1306667 covered True remaining [0, 0]
frame vehicle_mercedes_sprinter_test_56_v1 available True radius 1306667 covered True remaining [69782, 0]
frame vehicle_mercedes_sprinter_test_57_v0 available True radius 1306667 covered True remaining [0, 183059]
frame vehicle_mercedes_sprinter_test_57_v1 available True radius 1306667 covered True remaining [0, 180483]
frame vehicle_mercedes_sprinter_test_58_v0 available True radius 1306667 covered True remaining [0, 101047]
frame vehicle_mercedes_sprinter_test_58_v1 available True radius 1306667 covered True remaining [0, 45469]
frame vehicle_mercedes_sprinter_test_59_v0 available True radius 1306667 covered True remaining [0, 0]
frame vehicle_mercedes_sprinter_test_59_v1 available True radius 1306667 covered True remaining [77488, 0]
frame vehicle_diamondback_century_calibration_00_v0 available True radius 313678 covered True remaining [115775, 210656]
frame vehicle_diamondback_century_calibration_00_v1 available True radius 313678 covered True remaining [139042, 220259]
frame vehicle_diamondback_century_calibration_01_v0 available True radius 313678 covered True remaining [202714, 0]
frame vehicle_diamondback_century_calibration_01_v1 available True radius 313678 covered True remaining [210248, 0]
frame vehicle_diamondback_century_calibration_02_v0 available True radius 313678 covered True remaining [0, 214595]
frame vehicle_diamondback_century_calibration_02_v1 available True radius 313678 covered True remaining [0, 213501]
frame vehicle_diamondback_century_calibration_03_v0 available True radius 313678 covered True remaining [215407, 12678]
frame vehicle_diamondback_century_calibration_03_v1 available True radius 313678 covered True remaining [221682, 33672]
frame vehicle_diamondback_century_calibration_04_v0 available True radius 313678 covered True remaining [213613, 0]
frame vehicle_diamondback_century_calibration_04_v1 available True radius 313678 covered True remaining [211518, 0]
frame vehicle_diamondback_century_calibration_05_v0 available True radius 313678 covered True remaining [0, 216477]
frame vehicle_diamondback_century_calibration_05_v1 available True radius 313678 covered True remaining [0, 209813]
frame vehicle_diamondback_century_calibration_06_v0 available True radius 313678 covered True remaining [0, 214342]
frame vehicle_diamondback_century_calibration_06_v1 available True radius 313678 covered True remaining [0, 221468]
frame vehicle_diamondback_century_calibration_07_v0 available True radius 313678 covered True remaining [207749, 175567]
frame vehicle_diamondback_century_calibration_07_v1 available True radius 313678 covered True remaining [217462, 192701]
frame vehicle_diamondback_century_calibration_08_v0 available True radius 313678 covered True remaining [203640, 203640]
frame vehicle_diamondback_century_calibration_08_v1 available True radius 313678 covered True remaining [213749, 213749]
frame vehicle_diamondback_century_calibration_09_v0 available True radius 313678 covered True remaining [48426, 216100]
frame vehicle_diamondback_century_calibration_09_v1 available True radius 313678 covered True remaining [55916, 218509]
frame vehicle_diamondback_century_calibration_10_v0 available True radius 313678 covered True remaining [0, 218419]
frame vehicle_diamondback_century_calibration_10_v1 available True radius 313678 covered True remaining [0, 215485]
frame vehicle_diamondback_century_calibration_11_v0 available True radius 313678 covered True remaining [214930, 0]
frame vehicle_diamondback_century_calibration_11_v1 available True radius 313678 covered True remaining [205464, 0]
frame vehicle_diamondback_century_calibration_12_v0 available True radius 313678 covered True remaining [0, 217528]
frame vehicle_diamondback_century_calibration_12_v1 available True radius 313678 covered True remaining [0, 219714]
frame vehicle_diamondback_century_calibration_13_v0 available True radius 313678 covered True remaining [205977, 205977]
frame vehicle_diamondback_century_calibration_13_v1 available True radius 313678 covered True remaining [215201, 215201]
frame vehicle_diamondback_century_calibration_14_v0 available True radius 313678 covered True remaining [217564, 217564]
frame vehicle_diamondback_century_calibration_14_v1 available True radius 313678 covered True remaining [216423, 216423]
frame vehicle_diamondback_century_calibration_15_v0 available True radius 313678 covered True remaining [209520, 209520]
frame vehicle_diamondback_century_calibration_15_v1 available True radius 313678 covered True remaining [222309, 222309]
frame vehicle_diamondback_century_calibration_16_v0 available True radius 313678 covered True remaining [0, 224927]
frame vehicle_diamondback_century_calibration_16_v1 available True radius 313678 covered True remaining [0, 222575]
frame vehicle_diamondback_century_calibration_17_v0 available True radius 313678 covered True remaining [207682, 0]
frame vehicle_diamondback_century_calibration_17_v1 available True radius 313678 covered True remaining [215972, 0]
frame vehicle_diamondback_century_calibration_18_v0 available True radius 313678 covered True remaining [222732, 56918]
frame vehicle_diamondback_century_calibration_18_v1 available True radius 313678 covered True remaining [216322, 12647]
frame vehicle_diamondback_century_calibration_19_v0 available True radius 313678 covered True remaining [224043, 224043]
frame vehicle_diamondback_century_calibration_19_v1 available True radius 313678 covered True remaining [223281, 223281]
frame vehicle_diamondback_century_calibration_20_v0 available True radius 313678 covered True remaining [0, 217399]
frame vehicle_diamondback_century_calibration_20_v1 available True radius 313678 covered True remaining [0, 205180]
frame vehicle_diamondback_century_calibration_21_v0 available True radius 313678 covered False remaining [218102, 218102]
frame vehicle_diamondback_century_calibration_21_v1 available True radius 313678 covered True remaining [211628, 211628]
frame vehicle_diamondback_century_calibration_22_v0 available True radius 313678 covered True remaining [211556, 0]
frame vehicle_diamondback_century_calibration_22_v1 available True radius 313678 covered True remaining [213274, 0]
frame vehicle_diamondback_century_calibration_23_v0 available True radius 313678 covered True remaining [119175, 217369]
frame vehicle_diamondback_century_calibration_23_v1 available True radius 313678 covered True remaining [102820, 210418]
frame vehicle_diamondback_century_calibration_24_v0 available True radius 313678 covered True remaining [0, 223232]
frame vehicle_diamondback_century_calibration_24_v1 available True radius 313678 covered True remaining [0, 211561]
frame vehicle_diamondback_century_calibration_25_v0 available True radius 313678 covered True remaining [220601, 220601]
frame vehicle_diamondback_century_calibration_25_v1 available True radius 313678 covered True remaining [221998, 221343]
frame vehicle_diamondback_century_calibration_26_v0 available True radius 313678 covered True remaining [216161, 216161]
frame vehicle_diamondback_century_calibration_26_v1 available True radius 313678 covered True remaining [208606, 208606]
frame vehicle_diamondback_century_calibration_27_v0 available True radius 313678 covered True remaining [0, 219104]
frame vehicle_diamondback_century_calibration_27_v1 available True radius 313678 covered True remaining [0, 212539]
frame vehicle_diamondback_century_calibration_28_v0 available True radius 313678 covered True remaining [0, 223052]
frame vehicle_diamondback_century_calibration_28_v1 available True radius 313678 covered True remaining [0, 216436]
frame vehicle_diamondback_century_calibration_29_v0 available True radius 313678 covered True remaining [0, 217208]
frame vehicle_diamondback_century_calibration_29_v1 available True radius 313678 covered True remaining [0, 219059]
frame vehicle_diamondback_century_calibration_30_v0 available True radius 313678 covered True remaining [211688, 0]
frame vehicle_diamondback_century_calibration_30_v1 available True radius 313678 covered True remaining [218756, 0]
frame vehicle_diamondback_century_calibration_31_v0 available True radius 313678 covered True remaining [216048, 12041]
frame vehicle_diamondback_century_calibration_31_v1 available True radius 313678 covered True remaining [209274, 0]
frame vehicle_diamondback_century_calibration_32_v0 available True radius 313678 covered True remaining [0, 217830]
frame vehicle_diamondback_century_calibration_32_v1 available True radius 313678 covered True remaining [0, 207580]
frame vehicle_diamondback_century_calibration_33_v0 available True radius 313678 covered True remaining [219035, 219035]
frame vehicle_diamondback_century_calibration_33_v1 available True radius 313678 covered True remaining [215678, 215678]
frame vehicle_diamondback_century_calibration_34_v0 available True radius 313678 covered True remaining [220373, 0]
frame vehicle_diamondback_century_calibration_34_v1 available True radius 313678 covered True remaining [213122, 0]
frame vehicle_diamondback_century_calibration_35_v0 available True radius 313678 covered True remaining [211219, 211219]
frame vehicle_diamondback_century_calibration_35_v1 available True radius 313678 covered True remaining [201267, 201267]
frame vehicle_diamondback_century_calibration_36_v0 available True radius 313678 covered True remaining [210068, 0]
frame vehicle_diamondback_century_calibration_36_v1 available True radius 313678 covered True remaining [220968, 0]
frame vehicle_diamondback_century_calibration_37_v0 available True radius 313678 covered True remaining [214856, 214856]
frame vehicle_diamondback_century_calibration_37_v1 available True radius 313678 covered True remaining [217427, 217427]
frame vehicle_diamondback_century_calibration_38_v0 available True radius 313678 covered True remaining [210903, 0]
frame vehicle_diamondback_century_calibration_38_v1 available True radius 313678 covered True remaining [216003, 0]
frame vehicle_diamondback_century_test_00_v0 available True radius 313678 covered True remaining [0, 211581]
frame vehicle_diamondback_century_test_00_v1 available True radius 313678 covered True remaining [0, 215050]
frame vehicle_diamondback_century_test_01_v0 available True radius 313678 covered True remaining [0, 214871]
frame vehicle_diamondback_century_test_01_v1 available True radius 313678 covered True remaining [0, 206797]
frame vehicle_diamondback_century_test_02_v0 available True radius 313678 covered True remaining [0, 208968]
frame vehicle_diamondback_century_test_02_v1 available True radius 313678 covered True remaining [0, 220525]
frame vehicle_diamondback_century_test_03_v0 available True radius 313678 covered True remaining [205113, 0]
frame vehicle_diamondback_century_test_03_v1 available True radius 313678 covered True remaining [217326, 0]
frame vehicle_diamondback_century_test_04_v0 available True radius 313678 covered True remaining [217244, 0]
frame vehicle_diamondback_century_test_04_v1 available True radius 313678 covered True remaining [209013, 0]
frame vehicle_diamondback_century_test_05_v0 available True radius 313678 covered True remaining [211303, 0]
frame vehicle_diamondback_century_test_05_v1 available True radius 313678 covered True remaining [212997, 0]
frame vehicle_diamondback_century_test_06_v0 available True radius 313678 covered True remaining [205969, 198075]
frame vehicle_diamondback_century_test_06_v1 available True radius 313678 covered True remaining [214258, 209652]
frame vehicle_diamondback_century_test_07_v0 available True radius 313678 covered True remaining [212758, 0]
frame vehicle_diamondback_century_test_07_v1 available True radius 313678 covered True remaining [215227, 0]
frame vehicle_diamondback_century_test_08_v0 available True radius 313678 covered True remaining [0, 221899]
frame vehicle_diamondback_century_test_08_v1 available True radius 313678 covered True remaining [0, 215602]
frame vehicle_diamondback_century_test_09_v0 available True radius 313678 covered True remaining [0, 215149]
frame vehicle_diamondback_century_test_09_v1 available True radius 313678 covered True remaining [0, 208719]
frame vehicle_diamondback_century_test_10_v0 available True radius 313678 covered True remaining [221322, 207580]
frame vehicle_diamondback_century_test_10_v1 available True radius 313678 covered True remaining [210956, 204839]
frame vehicle_diamondback_century_test_11_v0 available True radius 313678 covered True remaining [0, 215183]
frame vehicle_diamondback_century_test_11_v1 available True radius 313678 covered True remaining [0, 217103]
frame vehicle_diamondback_century_test_12_v0 available True radius 313678 covered True remaining [0, 218738]
frame vehicle_diamondback_century_test_12_v1 available True radius 313678 covered True remaining [0, 214384]
frame vehicle_diamondback_century_test_13_v0 available True radius 313678 covered True remaining [216702, 0]
frame vehicle_diamondback_century_test_13_v1 available True radius 313678 covered True remaining [214357, 0]
frame vehicle_diamondback_century_test_14_v0 available True radius 313678 covered True remaining [216121, 216121]
frame vehicle_diamondback_century_test_14_v1 available True radius 313678 covered True remaining [209543, 209543]
frame vehicle_diamondback_century_test_15_v0 available True radius 313678 covered True remaining [212742, 0]
frame vehicle_diamondback_century_test_15_v1 available True radius 313678 covered True remaining [215620, 0]
frame vehicle_diamondback_century_test_16_v0 available True radius 313678 covered True remaining [216257, 216257]
frame vehicle_diamondback_century_test_16_v1 available True radius 313678 covered True remaining [218880, 218880]
frame vehicle_diamondback_century_test_17_v0 available True radius 313678 covered True remaining [210929, 180026]
frame vehicle_diamondback_century_test_17_v1 available True radius 313678 covered True remaining [211172, 201038]
frame vehicle_diamondback_century_test_18_v0 available True radius 313678 covered False remaining [213454, 0]
frame vehicle_diamondback_century_test_18_v1 available True radius 313678 covered True remaining [215403, 0]
frame vehicle_diamondback_century_test_19_v0 available True radius 313678 covered True remaining [204743, 188579]
frame vehicle_diamondback_century_test_19_v1 available True radius 313678 covered False remaining [206405, 168365]
frame vehicle_diamondback_century_test_20_v0 available True radius 313678 covered True remaining [0, 209914]
frame vehicle_diamondback_century_test_20_v1 available True radius 313678 covered True remaining [0, 216157]
frame vehicle_diamondback_century_test_21_v0 available True radius 313678 covered True remaining [203133, 203133]
frame vehicle_diamondback_century_test_21_v1 available True radius 313678 covered True remaining [211013, 211013]
frame vehicle_diamondback_century_test_22_v0 available True radius 313678 covered True remaining [212449, 212449]
frame vehicle_diamondback_century_test_22_v1 available True radius 313678 covered True remaining [217928, 217928]
frame vehicle_diamondback_century_test_23_v0 available True radius 313678 covered True remaining [219017, 0]
frame vehicle_diamondback_century_test_23_v1 available True radius 313678 covered True remaining [215663, 0]
frame vehicle_diamondback_century_test_24_v0 available True radius 313678 covered True remaining [215167, 0]
frame vehicle_diamondback_century_test_24_v1 available True radius 313678 covered True remaining [212982, 0]
frame vehicle_diamondback_century_test_25_v0 available True radius 313678 covered True remaining [0, 206433]
frame vehicle_diamondback_century_test_25_v1 available True radius 313678 covered True remaining [0, 217073]
frame vehicle_diamondback_century_test_26_v0 available True radius 313678 covered True remaining [211502, 0]
frame vehicle_diamondback_century_test_26_v1 available True radius 313678 covered True remaining [205903, 0]
frame vehicle_diamondback_century_test_27_v0 available True radius 313678 covered True remaining [210839, 0]
frame vehicle_diamondback_century_test_27_v1 available True radius 313678 covered True remaining [209830, 0]
frame vehicle_diamondback_century_test_28_v0 available True radius 313678 covered True remaining [220463, 220463]
frame vehicle_diamondback_century_test_28_v1 available True radius 313678 covered True remaining [215128, 215128]
frame vehicle_diamondback_century_test_29_v0 available True radius 313678 covered True remaining [215494, 215494]
frame vehicle_diamondback_century_test_29_v1 available True radius 313678 covered True remaining [204977, 204977]
frame vehicle_diamondback_century_test_30_v0 available True radius 313678 covered True remaining [221689, 0]
frame vehicle_diamondback_century_test_30_v1 available True radius 313678 covered True remaining [208555, 0]
frame vehicle_diamondback_century_test_31_v0 available True radius 313678 covered True remaining [201189, 201189]
frame vehicle_diamondback_century_test_31_v1 available True radius 313678 covered True remaining [204768, 204768]
frame vehicle_diamondback_century_test_32_v0 available True radius 313678 covered True remaining [210010, 167247]
frame vehicle_diamondback_century_test_32_v1 available True radius 313678 covered True remaining [204914, 174477]
frame vehicle_diamondback_century_test_33_v0 available True radius 313678 covered True remaining [0, 208819]
frame vehicle_diamondback_century_test_33_v1 available True radius 313678 covered True remaining [0, 221684]
frame vehicle_diamondback_century_test_34_v0 available True radius 313678 covered True remaining [210771, 150277]
frame vehicle_diamondback_century_test_34_v1 available True radius 313678 covered True remaining [224371, 154905]
frame vehicle_diamondback_century_test_35_v0 available True radius 313678 covered True remaining [0, 216586]
frame vehicle_diamondback_century_test_35_v1 available True radius 313678 covered True remaining [0, 215329]
frame vehicle_diamondback_century_test_36_v0 available True radius 313678 covered True remaining [156303, 203999]
frame vehicle_diamondback_century_test_36_v1 available True radius 313678 covered True remaining [190812, 215991]
frame vehicle_diamondback_century_test_37_v0 available True radius 313678 covered True remaining [213757, 213757]
frame vehicle_diamondback_century_test_37_v1 available True radius 313678 covered True remaining [209189, 209189]
frame vehicle_diamondback_century_test_38_v0 available True radius 313678 covered True remaining [0, 212406]
frame vehicle_diamondback_century_test_38_v1 available True radius 313678 covered True remaining [0, 202319]
frame vehicle_diamondback_century_test_39_v0 available True radius 313678 covered True remaining [0, 206846]
frame vehicle_diamondback_century_test_39_v1 available True radius 313678 covered True remaining [0, 204195]
frame vehicle_diamondback_century_test_40_v0 available True radius 313678 covered True remaining [0, 217273]
frame vehicle_diamondback_century_test_40_v1 available True radius 313678 covered True remaining [0, 211998]
frame vehicle_diamondback_century_test_41_v0 available True radius 313678 covered True remaining [149026, 214303]
frame vehicle_diamondback_century_test_41_v1 available True radius 313678 covered True remaining [157425, 206609]
frame vehicle_diamondback_century_test_42_v0 available True radius 313678 covered True remaining [209541, 0]
frame vehicle_diamondback_century_test_42_v1 available True radius 313678 covered True remaining [214294, 0]
frame vehicle_diamondback_century_test_43_v0 available True radius 313678 covered True remaining [0, 211196]
frame vehicle_diamondback_century_test_43_v1 available True radius 313678 covered True remaining [0, 212159]
frame vehicle_diamondback_century_test_44_v0 available True radius 313678 covered True remaining [216535, 0]
frame vehicle_diamondback_century_test_44_v1 available True radius 313678 covered True remaining [200797, 0]
frame vehicle_diamondback_century_test_45_v0 available True radius 313678 covered True remaining [212679, 0]
frame vehicle_diamondback_century_test_45_v1 available True radius 313678 covered True remaining [210483, 0]
frame vehicle_diamondback_century_test_46_v0 available True radius 313678 covered True remaining [13049, 209963]
frame vehicle_diamondback_century_test_46_v1 available True radius 313678 covered True remaining [13463, 216759]
frame vehicle_diamondback_century_test_47_v0 available True radius 313678 covered True remaining [209997, 0]
frame vehicle_diamondback_century_test_47_v1 available True radius 313678 covered True remaining [212192, 0]
frame vehicle_diamondback_century_test_48_v0 available True radius 313678 covered True remaining [20642, 210321]
frame vehicle_diamondback_century_test_48_v1 available True radius 313678 covered True remaining [2350, 209096]
frame vehicle_diamondback_century_test_49_v0 available True radius 313678 covered True remaining [218509, 218509]
frame vehicle_diamondback_century_test_49_v1 available True radius 313678 covered True remaining [208367, 208367]
frame vehicle_diamondback_century_test_50_v0 available True radius 313678 covered True remaining [216824, 216824]
frame vehicle_diamondback_century_test_50_v1 available True radius 313678 covered True remaining [213893, 213893]
frame vehicle_diamondback_century_test_51_v0 available True radius 313678 covered True remaining [212839, 0]
frame vehicle_diamondback_century_test_51_v1 available True radius 313678 covered True remaining [219482, 0]
frame vehicle_diamondback_century_test_52_v0 available True radius 313678 covered True remaining [216913, 79144]
frame vehicle_diamondback_century_test_52_v1 available True radius 313678 covered True remaining [217791, 65510]
frame vehicle_diamondback_century_test_53_v0 available True radius 313678 covered True remaining [201647, 208384]
frame vehicle_diamondback_century_test_53_v1 available True radius 313678 covered True remaining [212394, 212394]
frame vehicle_diamondback_century_test_54_v0 available True radius 313678 covered True remaining [223115, 0]
frame vehicle_diamondback_century_test_54_v1 available True radius 313678 covered True remaining [208699, 0]
frame vehicle_diamondback_century_test_55_v0 available True radius 313678 covered True remaining [212715, 0]
frame vehicle_diamondback_century_test_55_v1 available True radius 313678 covered True remaining [217185, 0]
frame vehicle_diamondback_century_test_56_v0 available True radius 313678 covered True remaining [212870, 212870]
frame vehicle_diamondback_century_test_56_v1 available True radius 313678 covered True remaining [203654, 203654]
frame vehicle_diamondback_century_test_57_v0 available True radius 313678 covered True remaining [216136, 0]
frame vehicle_diamondback_century_test_57_v1 available True radius 313678 covered True remaining [222985, 0]
frame vehicle_diamondback_century_test_58_v0 available True radius 313678 covered True remaining [0, 209217]
frame vehicle_diamondback_century_test_58_v1 available True radius 313678 covered True remaining [0, 217155]
frame vehicle_diamondback_century_test_59_v0 available True radius 313678 covered True remaining [0, 222346]
frame vehicle_diamondback_century_test_59_v1 available True radius 313678 covered True remaining [0, 210551]
frame vehicle_kawasaki_ninja_calibration_00_v0 available True radius 467815 covered True remaining [163220, 88907]
frame vehicle_kawasaki_ninja_calibration_00_v1 available True radius 467815 covered True remaining [213004, 95448]
frame vehicle_kawasaki_ninja_calibration_01_v0 available True radius 467815 covered True remaining [170228, 0]
frame vehicle_kawasaki_ninja_calibration_01_v1 available True radius 467815 covered True remaining [222338, 0]
frame vehicle_kawasaki_ninja_calibration_02_v0 available True radius 467815 covered True remaining [171577, 214412]
frame vehicle_kawasaki_ninja_calibration_02_v1 available True radius 467815 covered True remaining [214500, 214500]
frame vehicle_kawasaki_ninja_calibration_03_v0 available True radius 467815 covered True remaining [175250, 42087]
frame vehicle_kawasaki_ninja_calibration_03_v1 available True radius 467815 covered True remaining [217114, 31119]
frame vehicle_kawasaki_ninja_calibration_04_v0 available True radius 467815 covered True remaining [165043, 0]
frame vehicle_kawasaki_ninja_calibration_04_v1 available True radius 467815 covered True remaining [209742, 0]
frame vehicle_kawasaki_ninja_calibration_05_v0 available True radius 467815 covered True remaining [0, 221603]
frame vehicle_kawasaki_ninja_calibration_05_v1 available True radius 467815 covered True remaining [0, 211128]
frame vehicle_kawasaki_ninja_calibration_06_v0 available True radius 467815 covered True remaining [170621, 0]
frame vehicle_kawasaki_ninja_calibration_06_v1 available True radius 467815 covered True remaining [207551, 0]
frame vehicle_kawasaki_ninja_calibration_07_v0 available True radius 467815 covered True remaining [0, 223501]
frame vehicle_kawasaki_ninja_calibration_07_v1 available True radius 467815 covered True remaining [0, 213471]
frame vehicle_kawasaki_ninja_calibration_08_v0 available True radius 467815 covered True remaining [0, 220678]
frame vehicle_kawasaki_ninja_calibration_08_v1 available True radius 467815 covered True remaining [0, 212670]
frame vehicle_kawasaki_ninja_calibration_09_v0 available True radius 467815 covered True remaining [170493, 213328]
frame vehicle_kawasaki_ninja_calibration_09_v1 available True radius 467815 covered True remaining [214253, 214253]
frame vehicle_kawasaki_ninja_calibration_10_v0 available True radius 467815 covered True remaining [175690, 7374]
frame vehicle_kawasaki_ninja_calibration_10_v1 available True radius 467815 covered True remaining [214625, 2524]
frame vehicle_kawasaki_ninja_calibration_11_v0 available True radius 467815 covered True remaining [0, 217878]
frame vehicle_kawasaki_ninja_calibration_11_v1 available True radius 467815 covered True remaining [0, 216430]
frame vehicle_kawasaki_ninja_calibration_12_v0 available True radius 467815 covered True remaining [0, 219804]
frame vehicle_kawasaki_ninja_calibration_12_v1 available True radius 467815 covered True remaining [0, 221498]
frame vehicle_kawasaki_ninja_calibration_13_v0 available True radius 467815 covered True remaining [173459, 216294]
frame vehicle_kawasaki_ninja_calibration_13_v1 available True radius 467815 covered True remaining [212884, 212884]
frame vehicle_kawasaki_ninja_calibration_14_v0 available True radius 467815 covered True remaining [164890, 0]
frame vehicle_kawasaki_ninja_calibration_14_v1 available True radius 467815 covered True remaining [221747, 0]
frame vehicle_kawasaki_ninja_calibration_15_v0 available True radius 467815 covered True remaining [0, 215439]
frame vehicle_kawasaki_ninja_calibration_15_v1 available True radius 467815 covered True remaining [0, 216117]
frame vehicle_kawasaki_ninja_calibration_16_v0 available True radius 467815 covered True remaining [169646, 0]
frame vehicle_kawasaki_ninja_calibration_16_v1 available True radius 467815 covered True remaining [204203, 0]
frame vehicle_kawasaki_ninja_calibration_17_v0 available True radius 467815 covered True remaining [0, 216297]
frame vehicle_kawasaki_ninja_calibration_17_v1 available True radius 467815 covered True remaining [0, 205514]
frame vehicle_kawasaki_ninja_calibration_18_v0 available True radius 467815 covered True remaining [171874, 0]
frame vehicle_kawasaki_ninja_calibration_18_v1 available True radius 467815 covered True remaining [214757, 0]
frame vehicle_kawasaki_ninja_calibration_19_v0 available True radius 467815 covered True remaining [171918, 0]
frame vehicle_kawasaki_ninja_calibration_19_v1 available True radius 467815 covered True remaining [217800, 0]
frame vehicle_kawasaki_ninja_calibration_20_v0 available True radius 467815 covered True remaining [170239, 213074]
frame vehicle_kawasaki_ninja_calibration_20_v1 available True radius 467815 covered True remaining [218486, 218486]
frame vehicle_kawasaki_ninja_calibration_21_v0 available True radius 467815 covered True remaining [149125, 218364]
frame vehicle_kawasaki_ninja_calibration_21_v1 available True radius 467815 covered True remaining [134433, 204497]
frame vehicle_kawasaki_ninja_calibration_22_v0 available True radius 467815 covered True remaining [0, 223478]
frame vehicle_kawasaki_ninja_calibration_22_v1 available True radius 467815 covered True remaining [0, 216947]
frame vehicle_kawasaki_ninja_calibration_23_v0 available True radius 467815 covered True remaining [168113, 0]
frame vehicle_kawasaki_ninja_calibration_23_v1 available True radius 467815 covered True remaining [212226, 0]
frame vehicle_kawasaki_ninja_calibration_24_v0 available True radius 467815 covered True remaining [0, 216040]
frame vehicle_kawasaki_ninja_calibration_24_v1 available True radius 467815 covered True remaining [0, 218237]
frame vehicle_kawasaki_ninja_calibration_25_v0 available True radius 467815 covered True remaining [0, 213459]
frame vehicle_kawasaki_ninja_calibration_25_v1 available True radius 467815 covered True remaining [0, 207539]
frame vehicle_kawasaki_ninja_calibration_26_v0 available True radius 467815 covered True remaining [161191, 204026]
frame vehicle_kawasaki_ninja_calibration_26_v1 available True radius 467815 covered True remaining [215332, 215332]
frame vehicle_kawasaki_ninja_calibration_27_v0 available True radius 467815 covered True remaining [0, 209517]
frame vehicle_kawasaki_ninja_calibration_27_v1 available True radius 467815 covered False remaining [0, 213028]
frame vehicle_kawasaki_ninja_calibration_28_v0 available True radius 467815 covered True remaining [0, 212555]
frame vehicle_kawasaki_ninja_calibration_28_v1 available True radius 467815 covered True remaining [0, 206161]
frame vehicle_kawasaki_ninja_calibration_29_v0 available True radius 467815 covered True remaining [181242, 224077]
frame vehicle_kawasaki_ninja_calibration_29_v1 available True radius 467815 covered True remaining [211558, 211558]
frame vehicle_kawasaki_ninja_calibration_30_v0 available True radius 467815 covered True remaining [170351, 0]
frame vehicle_kawasaki_ninja_calibration_30_v1 available True radius 467815 covered True remaining [218792, 0]
frame vehicle_kawasaki_ninja_calibration_31_v0 available True radius 467815 covered True remaining [175457, 211519]
frame vehicle_kawasaki_ninja_calibration_31_v1 available True radius 467815 covered True remaining [213953, 200668]
frame vehicle_kawasaki_ninja_calibration_32_v0 available True radius 467815 covered True remaining [0, 219185]
frame vehicle_kawasaki_ninja_calibration_32_v1 available True radius 467815 covered True remaining [0, 221033]
frame vehicle_kawasaki_ninja_calibration_33_v0 available True radius 467815 covered True remaining [0, 213513]
frame vehicle_kawasaki_ninja_calibration_33_v1 available True radius 467815 covered True remaining [0, 220581]
frame vehicle_kawasaki_ninja_calibration_34_v0 available True radius 467815 covered True remaining [0, 217543]
frame vehicle_kawasaki_ninja_calibration_34_v1 available True radius 467815 covered True remaining [0, 220097]
frame vehicle_kawasaki_ninja_calibration_35_v0 available True radius 467815 covered True remaining [180050, 222885]
frame vehicle_kawasaki_ninja_calibration_35_v1 available True radius 467815 covered True remaining [213857, 213857]
frame vehicle_kawasaki_ninja_calibration_36_v0 available True radius 467815 covered True remaining [175856, 0]
frame vehicle_kawasaki_ninja_calibration_36_v1 available True radius 467815 covered True remaining [206309, 0]
frame vehicle_kawasaki_ninja_calibration_37_v0 available True radius 467815 covered True remaining [0, 203011]
frame vehicle_kawasaki_ninja_calibration_37_v1 available True radius 467815 covered True remaining [0, 213271]
frame vehicle_kawasaki_ninja_calibration_38_v0 available True radius 467815 covered True remaining [0, 218541]
frame vehicle_kawasaki_ninja_calibration_38_v1 available True radius 467815 covered True remaining [0, 211155]
frame vehicle_kawasaki_ninja_test_00_v0 available True radius 467815 covered True remaining [167959, 0]
frame vehicle_kawasaki_ninja_test_00_v1 available True radius 467815 covered True remaining [220611, 0]
frame vehicle_kawasaki_ninja_test_01_v0 available True radius 467815 covered True remaining [0, 213527]
frame vehicle_kawasaki_ninja_test_01_v1 available True radius 467815 covered True remaining [0, 211745]
frame vehicle_kawasaki_ninja_test_02_v0 available True radius 467815 covered True remaining [0, 212831]
frame vehicle_kawasaki_ninja_test_02_v1 available True radius 467815 covered True remaining [0, 212152]
frame vehicle_kawasaki_ninja_test_03_v0 available True radius 467815 covered True remaining [0, 213634]
frame vehicle_kawasaki_ninja_test_03_v1 available True radius 467815 covered True remaining [0, 221977]
frame vehicle_kawasaki_ninja_test_04_v0 available True radius 467815 covered True remaining [161777, 0]
frame vehicle_kawasaki_ninja_test_04_v1 available True radius 467815 covered False remaining [208716, 0]
frame vehicle_kawasaki_ninja_test_05_v0 available True radius 467815 covered True remaining [172603, 0]
frame vehicle_kawasaki_ninja_test_05_v1 available True radius 467815 covered True remaining [204005, 0]
frame vehicle_kawasaki_ninja_test_06_v0 available True radius 467815 covered True remaining [0, 216655]
frame vehicle_kawasaki_ninja_test_06_v1 available True radius 467815 covered False remaining [0, 217967]
frame vehicle_kawasaki_ninja_test_07_v0 available True radius 467815 covered True remaining [0, 212301]
frame vehicle_kawasaki_ninja_test_07_v1 available True radius 467815 covered True remaining [0, 212303]
frame vehicle_kawasaki_ninja_test_08_v0 available True radius 467815 covered True remaining [18598, 215594]
frame vehicle_kawasaki_ninja_test_08_v1 available True radius 467815 covered True remaining [0, 206638]
frame vehicle_kawasaki_ninja_test_09_v0 available True radius 467815 covered True remaining [0, 214788]
frame vehicle_kawasaki_ninja_test_09_v1 available True radius 467815 covered True remaining [0, 221024]
frame vehicle_kawasaki_ninja_test_10_v0 available True radius 467815 covered True remaining [173353, 216188]
frame vehicle_kawasaki_ninja_test_10_v1 available True radius 467815 covered True remaining [213178, 213178]
frame vehicle_kawasaki_ninja_test_11_v0 available True radius 467815 covered True remaining [0, 215729]
frame vehicle_kawasaki_ninja_test_11_v1 available True radius 467815 covered True remaining [0, 216504]
frame vehicle_kawasaki_ninja_test_12_v0 available True radius 467815 covered True remaining [0, 218378]
frame vehicle_kawasaki_ninja_test_12_v1 available True radius 467815 covered True remaining [0, 220373]
frame vehicle_kawasaki_ninja_test_13_v0 available True radius 467815 covered True remaining [174538, 0]
frame vehicle_kawasaki_ninja_test_13_v1 available True radius 467815 covered True remaining [212159, 0]
frame vehicle_kawasaki_ninja_test_14_v0 available True radius 467815 covered True remaining [0, 211493]
frame vehicle_kawasaki_ninja_test_14_v1 available True radius 467815 covered True remaining [1945, 215492]
frame vehicle_kawasaki_ninja_test_15_v0 available True radius 467815 covered True remaining [169803, 196714]
frame vehicle_kawasaki_ninja_test_15_v1 available True radius 467815 covered True remaining [211119, 198163]
frame vehicle_kawasaki_ninja_test_16_v0 available True radius 467815 covered True remaining [170595, 0]
frame vehicle_kawasaki_ninja_test_16_v1 available True radius 467815 covered True remaining [209682, 0]
frame vehicle_kawasaki_ninja_test_17_v0 available True radius 467815 covered True remaining [167221, 210056]
frame vehicle_kawasaki_ninja_test_17_v1 available True radius 467815 covered True remaining [217363, 217363]
frame vehicle_kawasaki_ninja_test_18_v0 available True radius 467815 covered True remaining [167464, 92993]
frame vehicle_kawasaki_ninja_test_18_v1 available True radius 467815 covered True remaining [219526, 111737]
frame vehicle_kawasaki_ninja_test_19_v0 available True radius 467815 covered True remaining [0, 212124]
frame vehicle_kawasaki_ninja_test_19_v1 available True radius 467815 covered True remaining [0, 208685]
frame vehicle_kawasaki_ninja_test_20_v0 available True radius 467815 covered True remaining [97918, 222914]
frame vehicle_kawasaki_ninja_test_20_v1 available True radius 467815 covered True remaining [99507, 210079]
frame vehicle_kawasaki_ninja_test_21_v0 available True radius 467815 covered True remaining [59228, 213356]
frame vehicle_kawasaki_ninja_test_21_v1 available True radius 467815 covered True remaining [71576, 218587]
frame vehicle_kawasaki_ninja_test_22_v0 available True radius 467815 covered True remaining [0, 207371]
frame vehicle_kawasaki_ninja_test_22_v1 available True radius 467815 covered True remaining [0, 215014]
frame vehicle_kawasaki_ninja_test_23_v0 available True radius 467815 covered True remaining [176392, 219227]
frame vehicle_kawasaki_ninja_test_23_v1 available True radius 467815 covered True remaining [211983, 211983]
frame vehicle_kawasaki_ninja_test_24_v0 available True radius 467815 covered True remaining [169717, 0]
frame vehicle_kawasaki_ninja_test_24_v1 available True radius 467815 covered True remaining [205297, 0]
frame vehicle_kawasaki_ninja_test_25_v0 available True radius 467815 covered True remaining [57189, 207516]
frame vehicle_kawasaki_ninja_test_25_v1 available True radius 467815 covered True remaining [29783, 221472]
frame vehicle_kawasaki_ninja_test_26_v0 available True radius 467815 covered True remaining [164195, 20793]
frame vehicle_kawasaki_ninja_test_26_v1 available True radius 467815 covered True remaining [203938, 35814]
frame vehicle_kawasaki_ninja_test_27_v0 available True radius 467815 covered True remaining [0, 219757]
frame vehicle_kawasaki_ninja_test_27_v1 available True radius 467815 covered True remaining [0, 214156]
frame vehicle_kawasaki_ninja_test_28_v0 available True radius 467815 covered True remaining [178464, 0]
frame vehicle_kawasaki_ninja_test_28_v1 available True radius 467815 covered True remaining [219483, 0]
frame vehicle_kawasaki_ninja_test_29_v0 available True radius 467815 covered True remaining [0, 201550]
frame vehicle_kawasaki_ninja_test_29_v1 available True radius 467815 covered True remaining [0, 207545]
frame vehicle_kawasaki_ninja_test_30_v0 available True radius 467815 covered True remaining [0, 216306]
frame vehicle_kawasaki_ninja_test_30_v1 available True radius 467815 covered True remaining [0, 214056]
frame vehicle_kawasaki_ninja_test_31_v0 available True radius 467815 covered True remaining [168810, 108066]
frame vehicle_kawasaki_ninja_test_31_v1 available True radius 467815 covered True remaining [211143, 109275]
frame vehicle_kawasaki_ninja_test_32_v0 available True radius 467815 covered True remaining [0, 216817]
frame vehicle_kawasaki_ninja_test_32_v1 available True radius 467815 covered False remaining [0, 211708]
frame vehicle_kawasaki_ninja_test_33_v0 available True radius 467815 covered True remaining [0, 208568]
frame vehicle_kawasaki_ninja_test_33_v1 available True radius 467815 covered True remaining [0, 221885]
frame vehicle_kawasaki_ninja_test_34_v0 available True radius 467815 covered True remaining [37066, 214423]
frame vehicle_kawasaki_ninja_test_34_v1 available True radius 467815 covered True remaining [42835, 216861]
frame vehicle_kawasaki_ninja_test_35_v0 available True radius 467815 covered True remaining [0, 211797]
frame vehicle_kawasaki_ninja_test_35_v1 available True radius 467815 covered True remaining [0, 218165]
frame vehicle_kawasaki_ninja_test_36_v0 available True radius 467815 covered True remaining [174881, 0]
frame vehicle_kawasaki_ninja_test_36_v1 available True radius 467815 covered True remaining [214863, 0]
frame vehicle_kawasaki_ninja_test_37_v0 available True radius 467815 covered True remaining [176624, 219459]
frame vehicle_kawasaki_ninja_test_37_v1 available True radius 467815 covered True remaining [211982, 211982]
frame vehicle_kawasaki_ninja_test_38_v0 available True radius 467815 covered True remaining [172783, 215618]
frame vehicle_kawasaki_ninja_test_38_v1 available True radius 467815 covered True remaining [217370, 217370]
frame vehicle_kawasaki_ninja_test_39_v0 available True radius 467815 covered True remaining [0, 219791]
frame vehicle_kawasaki_ninja_test_39_v1 available True radius 467815 covered True remaining [0, 208415]
frame vehicle_kawasaki_ninja_test_40_v0 available True radius 467815 covered True remaining [175572, 0]
frame vehicle_kawasaki_ninja_test_40_v1 available True radius 467815 covered True remaining [209006, 0]
frame vehicle_kawasaki_ninja_test_41_v0 available True radius 467815 covered True remaining [0, 214761]
frame vehicle_kawasaki_ninja_test_41_v1 available True radius 467815 covered True remaining [0, 210385]
frame vehicle_kawasaki_ninja_test_42_v0 available True radius 467815 covered True remaining [172845, 0]
frame vehicle_kawasaki_ninja_test_42_v1 available True radius 467815 covered True remaining [218246, 0]
frame vehicle_kawasaki_ninja_test_43_v0 available True radius 467815 covered True remaining [171969, 214804]
frame vehicle_kawasaki_ninja_test_43_v1 available True radius 467815 covered True remaining [173242, 209319]
frame vehicle_kawasaki_ninja_test_44_v0 available True radius 467815 covered True remaining [172762, 219130]
frame vehicle_kawasaki_ninja_test_44_v1 available True radius 467815 covered True remaining [137094, 205255]
frame vehicle_kawasaki_ninja_test_45_v0 available True radius 467815 covered True remaining [164449, 0]
frame vehicle_kawasaki_ninja_test_45_v1 available True radius 467815 covered True remaining [211961, 0]
frame vehicle_kawasaki_ninja_test_46_v0 available True radius 467815 covered True remaining [7851, 213139]
frame vehicle_kawasaki_ninja_test_46_v1 available True radius 467815 covered True remaining [27081, 219496]
frame vehicle_kawasaki_ninja_test_47_v0 available True radius 467815 covered True remaining [173313, 0]
frame vehicle_kawasaki_ninja_test_47_v1 available True radius 467815 covered False remaining [207254, 0]
frame vehicle_kawasaki_ninja_test_48_v0 available True radius 467815 covered True remaining [0, 221479]
frame vehicle_kawasaki_ninja_test_48_v1 available True radius 467815 covered True remaining [0, 204339]
frame vehicle_kawasaki_ninja_test_49_v0 available True radius 467815 covered True remaining [176743, 219578]
frame vehicle_kawasaki_ninja_test_49_v1 available True radius 467815 covered True remaining [213671, 213671]
frame vehicle_kawasaki_ninja_test_50_v0 available True radius 467815 covered True remaining [0, 216403]
frame vehicle_kawasaki_ninja_test_50_v1 available True radius 467815 covered True remaining [0, 214847]
frame vehicle_kawasaki_ninja_test_51_v0 available True radius 467815 covered True remaining [173965, 216800]
frame vehicle_kawasaki_ninja_test_51_v1 available True radius 467815 covered True remaining [213276, 213276]
frame vehicle_kawasaki_ninja_test_52_v0 available True radius 467815 covered True remaining [114307, 209876]
frame vehicle_kawasaki_ninja_test_52_v1 available True radius 467815 covered True remaining [109459, 215357]
frame vehicle_kawasaki_ninja_test_53_v0 available True radius 467815 covered True remaining [165119, 0]
frame vehicle_kawasaki_ninja_test_53_v1 available True radius 467815 covered True remaining [215813, 0]
frame vehicle_kawasaki_ninja_test_54_v0 available True radius 467815 covered True remaining [0, 215723]
frame vehicle_kawasaki_ninja_test_54_v1 available True radius 467815 covered True remaining [0, 211038]
frame vehicle_kawasaki_ninja_test_55_v0 available True radius 467815 covered True remaining [0, 221943]
frame vehicle_kawasaki_ninja_test_55_v1 available True radius 467815 covered True remaining [0, 216797]
frame vehicle_kawasaki_ninja_test_56_v0 available True radius 467815 covered True remaining [0, 224020]
frame vehicle_kawasaki_ninja_test_56_v1 available True radius 467815 covered True remaining [0, 215784]
frame vehicle_kawasaki_ninja_test_57_v0 available True radius 467815 covered True remaining [44001, 220024]
frame vehicle_kawasaki_ninja_test_57_v1 available True radius 467815 covered True remaining [44926, 216669]
frame vehicle_kawasaki_ninja_test_58_v0 available True radius 467815 covered True remaining [169310, 0]
frame vehicle_kawasaki_ninja_test_58_v1 available True radius 467815 covered True remaining [206269, 0]
frame vehicle_kawasaki_ninja_test_59_v0 available True radius 467815 covered True remaining [165568, 0]
frame vehicle_kawasaki_ninja_test_59_v1 available True radius 467815 covered True remaining [208314, 0]
frame walker_pedestrian_0001_calibration_01_v0 available True radius 155307 covered True remaining [0, 220781]
frame walker_pedestrian_0001_calibration_01_v1 available True radius 155307 covered True remaining [0, 214948]
frame walker_pedestrian_0001_calibration_02_v0 available True radius 155307 covered True remaining [206502, 0]
frame walker_pedestrian_0001_calibration_02_v1 available True radius 155307 covered True remaining [213928, 0]
frame walker_pedestrian_0001_calibration_04_v0 available True radius 155307 covered True remaining [208829, 0]
frame walker_pedestrian_0001_calibration_04_v1 available True radius 155307 covered True remaining [209267, 0]
frame walker_pedestrian_0001_calibration_06_v0 available True radius 155307 covered True remaining [216137, 0]
frame walker_pedestrian_0001_calibration_06_v1 available True radius 155307 covered True remaining [214102, 0]
frame walker_pedestrian_0001_calibration_07_v0 available True radius 155307 covered True remaining [222736, 0]
frame walker_pedestrian_0001_calibration_07_v1 available True radius 155307 covered True remaining [224920, 0]
frame walker_pedestrian_0001_calibration_09_v0 available True radius 155307 covered True remaining [213408, 213408]
frame walker_pedestrian_0001_calibration_09_v1 available True radius 155307 covered True remaining [213977, 213977]
frame walker_pedestrian_0001_calibration_10_v0 available True radius 155307 covered True remaining [0, 209843]
frame walker_pedestrian_0001_calibration_10_v1 available True radius 155307 covered True remaining [0, 212172]
frame walker_pedestrian_0001_calibration_12_v0 available True radius 155307 covered True remaining [89824, 220405]
frame walker_pedestrian_0001_calibration_12_v1 available True radius 155307 covered True remaining [82232, 210024]
frame walker_pedestrian_0001_calibration_16_v0 available True radius 155307 covered False remaining [212950, 0]
frame walker_pedestrian_0001_calibration_16_v1 available True radius 155307 covered False remaining [209684, 0]
frame walker_pedestrian_0001_calibration_17_v0 available True radius 155307 covered True remaining [0, 210119]
frame walker_pedestrian_0001_calibration_17_v1 available True radius 155307 covered True remaining [0, 215565]
frame walker_pedestrian_0001_calibration_18_v0 available True radius 155307 covered True remaining [214174, 169160]
frame walker_pedestrian_0001_calibration_18_v1 available True radius 155307 covered True remaining [220889, 173607]
frame walker_pedestrian_0001_calibration_19_v0 available True radius 155307 covered True remaining [207906, 207906]
frame walker_pedestrian_0001_calibration_19_v1 available True radius 155307 covered True remaining [211152, 211152]
frame walker_pedestrian_0001_calibration_21_v0 available True radius 155307 covered True remaining [0, 223335]
frame walker_pedestrian_0001_calibration_21_v1 available True radius 155307 covered True remaining [0, 221772]
frame walker_pedestrian_0001_calibration_22_v0 available True radius 155307 covered True remaining [217886, 0]
frame walker_pedestrian_0001_calibration_22_v1 available True radius 155307 covered True remaining [217281, 0]
frame walker_pedestrian_0001_calibration_24_v0 available True radius 155307 covered True remaining [221375, 221375]
frame walker_pedestrian_0001_calibration_24_v1 available True radius 155307 covered True remaining [208278, 208278]
frame walker_pedestrian_0001_calibration_25_v0 available True radius 155307 covered True remaining [0, 212393]
frame walker_pedestrian_0001_calibration_25_v1 available True radius 155307 covered True remaining [0, 204508]
frame walker_pedestrian_0001_calibration_26_v0 available True radius 155307 covered True remaining [213026, 213026]
frame walker_pedestrian_0001_calibration_26_v1 available True radius 155307 covered True remaining [214099, 214099]
frame walker_pedestrian_0001_calibration_27_v0 available True radius 155307 covered True remaining [216125, 39268]
frame walker_pedestrian_0001_calibration_27_v1 available True radius 155307 covered True remaining [212031, 34426]
frame walker_pedestrian_0001_calibration_28_v0 available True radius 155307 covered True remaining [216424, 216424]
frame walker_pedestrian_0001_calibration_28_v1 available True radius 155307 covered True remaining [204870, 204870]
frame walker_pedestrian_0001_calibration_29_v0 available True radius 155307 covered True remaining [0, 214165]
frame walker_pedestrian_0001_calibration_29_v1 available True radius 155307 covered True remaining [0, 217979]
frame walker_pedestrian_0001_calibration_30_v0 available True radius 155307 covered True remaining [216601, 216601]
frame walker_pedestrian_0001_calibration_30_v1 available True radius 155307 covered True remaining [214541, 214541]
frame walker_pedestrian_0001_calibration_31_v0 available True radius 155307 covered True remaining [0, 221657]
frame walker_pedestrian_0001_calibration_31_v1 available True radius 155307 covered True remaining [0, 208814]
frame walker_pedestrian_0001_calibration_32_v0 available True radius 155307 covered True remaining [130634, 211996]
frame walker_pedestrian_0001_calibration_32_v1 available True radius 155307 covered True remaining [133816, 220840]
frame walker_pedestrian_0001_calibration_33_v0 available True radius 155307 covered True remaining [0, 214468]
frame walker_pedestrian_0001_calibration_33_v1 available True radius 155307 covered True remaining [0, 215944]
frame walker_pedestrian_0001_calibration_36_v0 available True radius 155307 covered True remaining [0, 217776]
frame walker_pedestrian_0001_calibration_36_v1 available True radius 155307 covered True remaining [0, 203849]
frame walker_pedestrian_0001_calibration_37_v0 available True radius 155307 covered True remaining [0, 222347]
frame walker_pedestrian_0001_calibration_37_v1 available True radius 155307 covered True remaining [0, 207440]
frame walker_pedestrian_0001_test_00_v0 available True radius 155307 covered True remaining [225244, 23356]
frame walker_pedestrian_0001_test_00_v1 available True radius 155307 covered False remaining [215683, 99]
frame walker_pedestrian_0001_test_01_v0 available True radius 155307 covered True remaining [210652, 154946]
frame walker_pedestrian_0001_test_01_v1 available True radius 155307 covered True remaining [216578, 156389]
frame walker_pedestrian_0001_test_02_v0 available True radius 155307 covered True remaining [214786, 214786]
frame walker_pedestrian_0001_test_02_v1 available True radius 155307 covered True remaining [213330, 213330]
frame walker_pedestrian_0001_test_03_v0 available True radius 155307 covered True remaining [0, 215058]
frame walker_pedestrian_0001_test_03_v1 available True radius 155307 covered True remaining [0, 217339]
frame walker_pedestrian_0001_test_07_v0 available True radius 155307 covered True remaining [209699, 209699]
frame walker_pedestrian_0001_test_07_v1 available True radius 155307 covered True remaining [215373, 215373]
frame walker_pedestrian_0001_test_09_v0 available True radius 155307 covered True remaining [0, 209412]
frame walker_pedestrian_0001_test_09_v1 available True radius 155307 covered True remaining [0, 214863]
frame walker_pedestrian_0001_test_11_v0 available True radius 155307 covered True remaining [0, 219278]
frame walker_pedestrian_0001_test_11_v1 available True radius 155307 covered True remaining [0, 214587]
frame walker_pedestrian_0001_test_13_v0 available True radius 155307 covered True remaining [211952, 0]
frame walker_pedestrian_0001_test_13_v1 available True radius 155307 covered False remaining [210733, 0]
frame walker_pedestrian_0001_test_15_v0 available True radius 155307 covered True remaining [212413, 37109]
frame walker_pedestrian_0001_test_15_v1 available True radius 155307 covered True remaining [216608, 30666]
frame walker_pedestrian_0001_test_17_v0 available True radius 155307 covered True remaining [213656, 213656]
frame walker_pedestrian_0001_test_17_v1 available True radius 155307 covered True remaining [206221, 206221]
frame walker_pedestrian_0001_test_19_v0 available True radius 155307 covered True remaining [210729, 210729]
frame walker_pedestrian_0001_test_19_v1 available True radius 155307 covered True remaining [219433, 219433]
frame walker_pedestrian_0001_test_20_v0 available True radius 155307 covered True remaining [218295, 0]
frame walker_pedestrian_0001_test_20_v1 available True radius 155307 covered True remaining [212473, 0]
frame walker_pedestrian_0001_test_22_v0 available True radius 155307 covered True remaining [0, 216525]
frame walker_pedestrian_0001_test_22_v1 available True radius 155307 covered True remaining [0, 202440]
frame walker_pedestrian_0001_test_23_v0 available True radius 155307 covered True remaining [215332, 93990]
frame walker_pedestrian_0001_test_23_v1 available True radius 155307 covered True remaining [218481, 89294]
frame walker_pedestrian_0001_test_24_v0 available True radius 155307 covered True remaining [205012, 0]
frame walker_pedestrian_0001_test_24_v1 available True radius 155307 covered True remaining [215147, 0]
frame walker_pedestrian_0001_test_25_v0 available True radius 155307 covered True remaining [0, 223202]
frame walker_pedestrian_0001_test_25_v1 available True radius 155307 covered True remaining [0, 216752]
frame walker_pedestrian_0001_test_26_v0 available True radius 155307 covered False remaining [220226, 220226]
frame walker_pedestrian_0001_test_26_v1 available True radius 155307 covered False remaining [222006, 222006]
frame walker_pedestrian_0001_test_27_v0 available True radius 155307 covered True remaining [221784, 221784]
frame walker_pedestrian_0001_test_27_v1 available True radius 155307 covered True remaining [210048, 210048]
frame walker_pedestrian_0001_test_28_v0 available True radius 155307 covered True remaining [215706, 215706]
frame walker_pedestrian_0001_test_28_v1 available True radius 155307 covered True remaining [215901, 215901]
frame walker_pedestrian_0001_test_29_v0 available True radius 155307 covered True remaining [212126, 0]
frame walker_pedestrian_0001_test_29_v1 available True radius 155307 covered True remaining [209241, 0]
frame walker_pedestrian_0001_test_34_v0 available True radius 155307 covered True remaining [210542, 15125]
frame walker_pedestrian_0001_test_34_v1 available True radius 155307 covered True remaining [209246, 24378]
frame walker_pedestrian_0001_test_35_v0 available True radius 155307 covered True remaining [219273, 0]
frame walker_pedestrian_0001_test_35_v1 available True radius 155307 covered True remaining [219267, 0]
frame walker_pedestrian_0001_test_36_v0 available True radius 155307 covered False remaining [223703, 223703]
frame walker_pedestrian_0001_test_36_v1 available True radius 155307 covered False remaining [206743, 206743]
frame walker_pedestrian_0001_test_37_v0 available True radius 155307 covered True remaining [0, 210217]
frame walker_pedestrian_0001_test_37_v1 available True radius 155307 covered True remaining [0, 212076]
frame walker_pedestrian_0001_test_38_v0 available True radius 155307 covered True remaining [209017, 0]
frame walker_pedestrian_0001_test_38_v1 available True radius 155307 covered True remaining [215867, 0]
frame walker_pedestrian_0001_test_39_v0 available True radius 155307 covered True remaining [212250, 212250]
frame walker_pedestrian_0001_test_39_v1 available True radius 155307 covered True remaining [218798, 218798]
frame walker_pedestrian_0001_test_41_v0 available True radius 155307 covered True remaining [220850, 193677]
frame walker_pedestrian_0001_test_41_v1 available True radius 155307 covered True remaining [212398, 180446]
frame walker_pedestrian_0001_test_42_v0 available True radius 155307 covered True remaining [220473, 220473]
frame walker_pedestrian_0001_test_42_v1 available True radius 155307 covered True remaining [213819, 213819]
frame walker_pedestrian_0001_test_43_v0 available True radius 155307 covered True remaining [0, 219809]
frame walker_pedestrian_0001_test_43_v1 available True radius 155307 covered True remaining [0, 211090]
frame walker_pedestrian_0001_test_44_v0 available True radius 155307 covered True remaining [226235, 226235]
frame walker_pedestrian_0001_test_44_v1 available True radius 155307 covered True remaining [214031, 214031]
frame walker_pedestrian_0001_test_45_v0 available True radius 155307 covered True remaining [217471, 184101]
frame walker_pedestrian_0001_test_45_v1 available True radius 155307 covered True remaining [212968, 171330]
frame walker_pedestrian_0001_test_46_v0 available True radius 155307 covered True remaining [218332, 123760]
frame walker_pedestrian_0001_test_46_v1 available True radius 155307 covered True remaining [221995, 115996]
frame walker_pedestrian_0001_test_47_v0 available True radius 155307 covered True remaining [210373, 0]
frame walker_pedestrian_0001_test_47_v1 available True radius 155307 covered True remaining [215486, 0]
frame walker_pedestrian_0001_test_48_v0 available True radius 155307 covered True remaining [217477, 147077]
frame walker_pedestrian_0001_test_48_v1 available True radius 155307 covered False remaining [212137, 149047]
frame walker_pedestrian_0001_test_50_v0 available True radius 155307 covered True remaining [221966, 221966]
frame walker_pedestrian_0001_test_50_v1 available True radius 155307 covered True remaining [201493, 201493]
frame walker_pedestrian_0001_test_51_v0 available True radius 155307 covered True remaining [224155, 0]
frame walker_pedestrian_0001_test_51_v1 available True radius 155307 covered True remaining [215951, 0]
frame walker_pedestrian_0001_test_52_v0 available True radius 155307 covered True remaining [208264, 0]
frame walker_pedestrian_0001_test_52_v1 available True radius 155307 covered True remaining [219625, 0]
frame walker_pedestrian_0001_test_53_v0 available True radius 155307 covered True remaining [221017, 0]
frame walker_pedestrian_0001_test_53_v1 available True radius 155307 covered True remaining [207567, 0]
frame walker_pedestrian_0001_test_55_v0 available True radius 155307 covered True remaining [0, 208602]
frame walker_pedestrian_0001_test_55_v1 available True radius 155307 covered True remaining [0, 211081]
frame walker_pedestrian_0001_test_58_v0 available True radius 155307 covered True remaining [21955, 219732]
frame walker_pedestrian_0001_test_58_v1 available True radius 155307 covered True remaining [14073, 219901]
frame walker_pedestrian_0001_test_59_v0 available True radius 155307 covered True remaining [210614, 210614]
frame walker_pedestrian_0001_test_59_v1 available True radius 155307 covered True remaining [218300, 218300]
