{"maintenance": {"run": "c0_view0_reference_fixed", "id": "drive_020", "repeat": 0, "ref_us": 158763944, "arrival_us": 158817519, "start_us": 158817519, "finish_us": 158914735, "generation_ms": 97.21514900000727, "queue_wait_us": 0, "geometry": true}}
{"maintenance": {"run": "c0_view0_reference_fixed", "id": "drive_021", "repeat": 0, "ref_us": 158963944, "arrival_us": 159018234, "start_us": 159018234, "finish_us": 159092154, "generation_ms": 73.91970899999478, "queue_wait_us": 0, "geometry": true}}
{"maintenance": {"run": "c0_view0_reference_fixed", "id": "drive_022", "repeat": 0, "ref_us": 159163944, "arrival_us": 159214750, "start_us": 159214750, "finish_us": 159285364, "generation_ms": 70.61388500000021, "queue_wait_us": 0, "geometry": true}}
{"maintenance": {"run": "c0_view0_reference_fixed", "id": "drive_023", "repeat": 0, "ref_us": 159663944, "arrival_us": 159710511, "start_us": 159710511, "finish_us": 159781293, "generation_ms": 70.78197500000272, "queue_wait_us": 0, "geometry": true}}
{"maintenance": {"run": "c0_view0_reference_fixed", "id": "drive_024", "repeat": 0, "ref_us": 160113944, "arrival_us": 160167534, "start_us": 160167534, "finish_us": 160238651, "generation_ms": 71.1167709999927, "queue_wait_us": 0, "geometry": true}}
{"maintenance": {"run": "c0_view0_reference_fixed", "id": "drive_025", "repeat": 0, "ref_us": 160613944, "arrival_us": 160661829, "start_us": 160661829, "finish_us": 160731874, "generation_ms": 70.0447689999919, "queue_wait_us": 0, "geometry": true}}
{"target": {"run": "c0_view0_reference_fixed", "id": "drive_025", "repeat": 0, "method": "stream_fixed", "geometry": false, "bytes": 0, "raw_bytes": 0, "planned_ids": ["drive_025"], "steps": 0, "ready_us": 160731874, "acquisition_ms": 47.88456500000393, "current_generation_ms": null, "assembly_ms": 0.0002609999967262411, "verification_ms": 0.0, "wire_ms": 20, "total_ms": 137.93026099999673, "age_us": 150000, "cached_work_ms": 0.0, "action_slack_us": null, "hypothetical_action_pass": false}}
{"target": {"run": "c0_view0_reference_fixed", "id": "drive_025", "repeat": 0, "method": "cold_native", "geometry": false, "bytes": 0, "raw_bytes": 0, "planned_ids": ["drive_025"], "steps": 0, "ready_us": 160709050, "acquisition_ms": 47.88456500000393, "current_generation_ms": 47.22070200000417, "assembly_ms": 0.00016600000662947423, "verification_ms": 0.0, "wire_ms": 20, "total_ms": 115.10616600000662, "age_us": 150000, "cached_work_ms": 0.0, "action_slack_us": null, "hypothetical_action_pass": false}}
{"maintenance": {"run": "c0_view0_reference_fixed", "id": "drive_026", "repeat": 0, "ref_us": 161063944, "arrival_us": 161109665, "start_us": 161109665, "finish_us": 161179514, "generation_ms": 69.8485919999996, "queue_wait_us": 0, "geometry": true}}
{"maintenance": {"run": "c0_view0_reference_fixed", "id": "drive_027", "repeat": 0, "ref_us": 161563944, "arrival_us": 161601797, "start_us": 161601797, "finish_us": 161671176, "generation_ms": 69.37876300000312, "queue_wait_us": 0, "geometry": true}}
{"maintenance": {"run": "c0_view0_reference_fixed", "id": "drive_028", "repeat": 0, "ref_us": 162013944, "arrival_us": 162056514, "start_us": 162056514, "finish_us": 162127204, "generation_ms": 70.68965599999899, "queue_wait_us": 0, "geometry": true}}
{"maintenance": {"run": "c0_view0_reference_fixed", "id": "drive_029", "repeat": 0, "ref_us": 162463944, "arrival_us": 162514837, "start_us": 162514837, "finish_us": 162585680, "generation_ms": 70.84238400000231, "queue_wait_us": 0, "geometry": true}}
{"maintenance": {"run": "c0_view0_reference_fixed", "id": "drive_030", "repeat": 0, "ref_us": 162963944, "arrival_us": 163001352, "start_us": 163001352, "finish_us": 163070480, "generation_ms": 69.12714599999958, "queue_wait_us": 0, "geometry": true}}
{"maintenance": {"run": "c0_view0_reference_fixed", "id": "drive_031", "repeat": 0, "ref_us": 163463944, "arrival_us": 163509287, "start_us": 163509287, "finish_us": 163580513, "generation_ms": 71.22508900000923, "queue_wait_us": 0, "geometry": true}}
{"maintenance": {"run": "c0_view0_reference_fixed", "id": "drive_032", "repeat": 0, "ref_us": 163963944, "arrival_us": 164014437, "start_us": 164014437, "finish_us": 164083368, "generation_ms": 68.9304830000026, "queue_wait_us": 0, "geometry": true}}
{"maintenance": {"run": "c0_view0_reference_fixed", "id": "drive_033", "repeat": 0, "ref_us": 164463944, "arrival_us": 164513200, "start_us": 164513200, "finish_us": 164586894, "generation_ms": 73.69364800000255, "queue_wait_us": 0, "geometry": true}}
{"maintenance": {"run": "c0_view0_reference_fixed", "id": "drive_034", "repeat": 0, "ref_us": 164963944, "arrival_us": 165009080, "start_us": 165009080, "finish_us": 165078622, "generation_ms": 69.54181399999015, "queue_wait_us": 0, "geometry": true}}
{"maintenance": {"run": "c0_view0_reference_fixed", "id": "drive_035", "repeat": 0, "ref_us": 165413944, "arrival_us": 165454133, "start_us": 165454133, "finish_us": 165522611, "generation_ms": 68.47708300000477, "queue_wait_us": 0, "geometry": true}}
{"maintenance": {"run": "c0_view0_reference_fixed", "id": "drive_036", "repeat": 0, "ref_us": 165863944, "arrival_us": 165907392, "start_us": 165907392, "finish_us": 165975296, "generation_ms": 67.90340700000286, "queue_wait_us": 0, "geometry": true}}
{"maintenance": {"run": "c0_view0_reference_fixed", "id": "drive_037", "repeat": 0, "ref_us": 166313944, "arrival_us": 166357160, "start_us": 166357160, "finish_us": 166434471, "generation_ms": 77.31006299999876, "queue_wait_us": 0, "geometry": true}}
{"maintenance": {"run": "c0_view0_reference_fixed", "id": "drive_038", "repeat": 0, "ref_us": 166763944, "arrival_us": 166806083, "start_us": 166806083, "finish_us": 166875242, "generation_ms": 69.1588199999984, "queue_wait_us": 0, "geometry": true}}
{"maintenance": {"run": "c0_view0_reference_fixed", "id": "drive_039", "repeat": 0, "ref_us": 167213944, "arrival_us": 167251953, "start_us": 167251953, "finish_us": 167319805, "generation_ms": 67.85180799998614, "queue_wait_us": 0, "geometry": true}}
{"target": {"run": "c0_view0_reference_fixed", "id": "drive_039", "repeat": 0, "method": "stream_fixed", "geometry": false, "bytes": 0, "raw_bytes": 0, "planned_ids": ["drive_039"], "steps": 0, "ready_us": 167319805, "acquisition_ms": 38.00886099998024, "current_generation_ms": null, "assembly_ms": 0.00023699999474047218, "verification_ms": 0.0, "wire_ms": 20, "total_ms": 125.86123699999474, "age_us": 150000, "cached_work_ms": 0.0, "action_slack_us": null, "hypothetical_action_pass": false}}
{"target": {"run": "c0_view0_reference_fixed", "id": "drive_039", "repeat": 0, "method": "cold_native", "geometry": false, "bytes": 0, "raw_bytes": 0, "planned_ids": ["drive_039"], "steps": 0, "ready_us": 167300754, "acquisition_ms": 38.00886099998024, "current_generation_ms": 48.8002490000099, "assembly_ms": 0.00018800000134433503, "verification_ms": 0.0, "wire_ms": 20, "total_ms": 106.81018800000135, "age_us": 150000, "cached_work_ms": 0.0, "action_slack_us": null, "hypothetical_action_pass": false}}
{"maintenance": {"run": "c0_view0_reference_fixed", "id": "drive_020", "repeat": 1, "ref_us": 158763944, "arrival_us": 158817519, "start_us": 158817519, "finish_us": 158887221, "generation_ms": 69.7013910000095, "queue_wait_us": 0, "geometry": true}}
{"maintenance": {"run": "c0_view0_reference_fixed", "id": "drive_021", "repeat": 1, "ref_us": 158963944, "arrival_us": 159018234, "start_us": 159018234, "finish_us": 159085727, "generation_ms": 67.4920630000031, "queue_wait_us": 0, "geometry": true}}
{"maintenance": {"run": "c0_view0_reference_fixed", "id": "drive_022", "repeat": 1, "ref_us": 159163944, "arrival_us": 159214750, "start_us": 159214750, "finish_us": 159282089, "generation_ms": 67.33869599999309, "queue_wait_us": 0, "geometry": true}}
{"maintenance": {"run": "c0_view0_reference_fixed", "id": "drive_023", "repeat": 1, "ref_us": 159663944, "arrival_us": 159710511, "start_us": 159710511, "finish_us": 159780693, "generation_ms": 70.18189000000064, "queue_wait_us": 0, "geometry": true}}
{"maintenance": {"run": "c0_view0_reference_fixed", "id": "drive_024", "repeat": 1, "ref_us": 160113944, "arrival_us": 160167534, "start_us": 160167534, "finish_us": 160237573, "generation_ms": 70.0380209999878, "queue_wait_us": 0, "geometry": true}}
{"maintenance": {"run": "c0_view0_reference_fixed", "id": "drive_025", "repeat": 1, "ref_us": 160613944, "arrival_us": 160661829, "start_us": 160661829, "finish_us": 160732101, "generation_ms": 70.27177099999449, "queue_wait_us": 0, "geometry": true}}
{"target": {"run": "c0_view0_reference_fixed", "id": "drive_025", "repeat": 1, "method": "stream_fixed", "geometry": false, "bytes": 0, "raw_bytes": 0, "planned_ids": ["drive_025"], "steps": 0, "ready_us": 160732101, "acquisition_ms": 47.88456500000393, "current_generation_ms": null, "assembly_ms": 0.00016299999572311208, "verification_ms": 0.0, "wire_ms": 20, "total_ms": 138.1571629999957, "age_us": 150000, "cached_work_ms": 0.0, "action_slack_us": null, "hypothetical_action_pass": false}}
{"target": {"run": "c0_view0_reference_fixed", "id": "drive_025", "repeat": 1, "method": "cold_native", "geometry": false, "bytes": 0, "raw_bytes": 0, "planned_ids": ["drive_025"], "steps": 0, "ready_us": 160709515, "acquisition_ms": 47.88456500000393, "current_generation_ms": 47.68537100000003, "assembly_ms": 0.00023799999837592622, "verification_ms": 0.0, "wire_ms": 20, "total_ms": 115.57123799999837, "age_us": 150000, "cached_work_ms": 0.0, "action_slack_us": null, "hypothetical_action_pass": false}}
{"maintenance": {"run": "c0_view0_reference_fixed", "id": "drive_026", "repeat": 1, "ref_us": 161063944, "arrival_us": 161109665, "start_us": 161109665, "finish_us": 161177979, "generation_ms": 68.31392200000153, "queue_wait_us": 0, "geometry": true}}
{"maintenance": {"run": "c0_view0_reference_fixed", "id": "drive_027", "repeat": 1, "ref_us": 161563944, "arrival_us": 161601797, "start_us": 161601797, "finish_us": 161673907, "generation_ms": 72.10979100000259, "queue_wait_us": 0, "geometry": true}}
{"maintenance": {"run": "c0_view0_reference_fixed", "id": "drive_028", "repeat": 1, "ref_us": 162013944, "arrival_us": 162056514, "start_us": 162056514, "finish_us": 162127999, "generation_ms": 71.48413600000936, "queue_wait_us": 0, "geometry": true}}
{"maintenance": {"run": "c0_view0_reference_fixed", "id": "drive_029", "repeat": 1, "ref_us": 162463944, "arrival_us": 162514837, "start_us": 162514837, "finish_us": 162584200, "generation_ms": 69.36209100000212, "queue_wait_us": 0, "geometry": true}}
{"maintenance": {"run": "c0_view0_reference_fixed", "id": "drive_030", "repeat": 1, "ref_us": 162963944, "arrival_us": 163001352, "start_us": 163001352, "finish_us": 163069565, "generation_ms": 68.21220799999139, "queue_wait_us": 0, "geometry": true}}
{"maintenance": {"run": "c0_view0_reference_fixed", "id": "drive_031", "repeat": 1, "ref_us": 163463944, "arrival_us": 163509287, "start_us": 163509287, "finish_us": 163578767, "generation_ms": 69.47936299999924, "queue_wait_us": 0, "geometry": true}}
{"maintenance": {"run": "c0_view0_reference_fixed", "id": "drive_032", "repeat": 1, "ref_us": 163963944, "arrival_us": 164014437, "start_us": 164014437, "finish_us": 164085603, "generation_ms": 71.1652450000031, "queue_wait_us": 0, "geometry": true}}
{"maintenance": {"run": "c0_view0_reference_fixed", "id": "drive_033", "repeat": 1, "ref_us": 164463944, "arrival_us": 164513200, "start_us": 164513200, "finish_us": 164582043, "generation_ms": 68.84230600000762, "queue_wait_us": 0, "geometry": true}}
{"maintenance": {"run": "c0_view0_reference_fixed", "id": "drive_034", "repeat": 1, "ref_us": 164963944, "arrival_us": 165009080, "start_us": 165009080, "finish_us": 165078844, "generation_ms": 69.76362700000038, "queue_wait_us": 0, "geometry": true}}
{"maintenance": {"run": "c0_view0_reference_fixed", "id": "drive_035", "repeat": 1, "ref_us": 165413944, "arrival_us": 165454133, "start_us": 165454133, "finish_us": 165525795, "generation_ms": 71.66112899999177, "queue_wait_us": 0, "geometry": true}}
{"maintenance": {"run": "c0_view0_reference_fixed", "id": "drive_036", "repeat": 1, "ref_us": 165863944, "arrival_us": 165907392, "start_us": 165907392, "finish_us": 165975357, "generation_ms": 67.96438100001012, "queue_wait_us": 0, "geometry": true}}
{"maintenance": {"run": "c0_view0_reference_fixed", "id": "drive_037", "repeat": 1, "ref_us": 166313944, "arrival_us": 166357160, "start_us": 166357160, "finish_us": 166427115, "generation_ms": 69.95416200000193, "queue_wait_us": 0, "geometry": true}}
{"maintenance": {"run": "c0_view0_reference_fixed", "id": "drive_038", "repeat": 1, "ref_us": 166763944, "arrival_us": 166806083, "start_us": 166806083, "finish_us": 166874274, "generation_ms": 68.19048600000599, "queue_wait_us": 0, "geometry": true}}
{"maintenance": {"run": "c0_view0_reference_fixed", "id": "drive_039", "repeat": 1, "ref_us": 167213944, "arrival_us": 167251953, "start_us": 167251953, "finish_us": 167324818, "generation_ms": 72.86480800000561, "queue_wait_us": 0, "geometry": true}}
{"target": {"run": "c0_view0_reference_fixed", "id": "drive_039", "repeat": 1, "method": "stream_fixed", "geometry": false, "bytes": 0, "raw_bytes": 0, "planned_ids": ["drive_039"], "steps": 0, "ready_us": 167324818, "acquisition_ms": 38.00886099998024, "current_generation_ms": null, "assembly_ms": 0.0001549999950611891, "verification_ms": 0.0, "wire_ms": 20, "total_ms": 130.87415499999506, "age_us": 150000, "cached_work_ms": 0.0, "action_slack_us": null, "hypothetical_action_pass": false}}
{"target": {"run": "c0_view0_reference_fixed", "id": "drive_039", "repeat": 1, "method": "cold_native", "geometry": false, "bytes": 0, "raw_bytes": 0, "planned_ids": ["drive_039"], "steps": 0, "ready_us": 167299046, "acquisition_ms": 38.00886099998024, "current_generation_ms": 47.09287100000381, "assembly_ms": 0.00026700000432811066, "verification_ms": 0.0, "wire_ms": 20, "total_ms": 105.10226700000433, "age_us": 150000, "cached_work_ms": 0.0, "action_slack_us": null, "hypothetical_action_pass": false}}
{"maintenance": {"run": "c0_view0_reference_fixed", "id": "drive_020", "repeat": 2, "ref_us": 158763944, "arrival_us": 158817519, "start_us": 158817519, "finish_us": 158887052, "generation_ms": 69.53254000001152, "queue_wait_us": 0, "geometry": true}}
{"maintenance": {"run": "c0_view0_reference_fixed", "id": "drive_021", "repeat": 2, "ref_us": 158963944, "arrival_us": 159018234, "start_us": 159018234, "finish_us": 159087390, "generation_ms": 69.1555119999947, "queue_wait_us": 0, "geometry": true}}
{"maintenance": {"run": "c0_view0_reference_fixed", "id": "drive_022", "repeat": 2, "ref_us": 159163944, "arrival_us": 159214750, "start_us": 159214750, "finish_us": 159284658, "generation_ms": 69.90737199998875, "queue_wait_us": 0, "geometry": true}}
{"maintenance": {"run": "c0_view0_reference_fixed", "id": "drive_023", "repeat": 2, "ref_us": 159663944, "arrival_us": 159710511, "start_us": 159710511, "finish_us": 159779157, "generation_ms": 68.64591500000472, "queue_wait_us": 0, "geometry": true}}
{"maintenance": {"run": "c0_view0_reference_fixed", "id": "drive_024", "repeat": 2, "ref_us": 160113944, "arrival_us": 160167534, "start_us": 160167534, "finish_us": 160235276, "generation_ms": 67.74102400000004, "queue_wait_us": 0, "geometry": true}}
{"maintenance": {"run": "c0_view0_reference_fixed", "id": "drive_025", "repeat": 2, "ref_us": 160613944, "arrival_us": 160661829, "start_us": 160661829, "finish_us": 160731850, "generation_ms": 70.02043399999991, "queue_wait_us": 0, "geometry": true}}
{"target": {"run": "c0_view0_reference_fixed", "id": "drive_025", "repeat": 2, "method": "stream_fixed", "geometry": false, "bytes": 0, "raw_bytes": 0, "planned_ids": ["drive_025"], "steps": 0, "ready_us": 160731850, "acquisition_ms": 47.88456500000393, "current_generation_ms": null, "assembly_ms": 0.00014200000464370532, "verification_ms": 0.0, "wire_ms": 20, "total_ms": 137.90614200000465, "age_us": 150000, "cached_work_ms": 0.0, "action_slack_us": null, "hypothetical_action_pass": false}}
{"target": {"run": "c0_view0_reference_fixed", "id": "drive_025", "repeat": 2, "method": "cold_native", "geometry": false, "bytes": 0, "raw_bytes": 0, "planned_ids": ["drive_025"], "steps": 0, "ready_us": 160708733, "acquisition_ms": 47.88456500000393, "current_generation_ms": 46.90353700000571, "assembly_ms": 0.00015799999175669655, "verification_ms": 0.0, "wire_ms": 20, "total_ms": 114.78915799999176, "age_us": 150000, "cached_work_ms": 0.0, "action_slack_us": null, "hypothetical_action_pass": false}}
{"maintenance": {"run": "c0_view0_reference_fixed", "id": "drive_026", "repeat": 2, "ref_us": 161063944, "arrival_us": 161109665, "start_us": 161109665, "finish_us": 161177253, "generation_ms": 67.58791699999733, "queue_wait_us": 0, "geometry": true}}
{"maintenance": {"run": "c0_view0_reference_fixed", "id": "drive_027", "repeat": 2, "ref_us": 161563944, "arrival_us": 161601797, "start_us": 161601797, "finish_us": 161673429, "generation_ms": 71.63146999999981, "queue_wait_us": 0, "geometry": true}}
{"maintenance": {"run": "c0_view0_reference_fixed", "id": "drive_028", "repeat": 2, "ref_us": 162013944, "arrival_us": 162056514, "start_us": 162056514, "finish_us": 162127104, "generation_ms": 70.5899720000076, "queue_wait_us": 0, "geometry": true}}
{"maintenance": {"run": "c0_view0_reference_fixed", "id": "drive_029", "repeat": 2, "ref_us": 162463944, "arrival_us": 162514837, "start_us": 162514837, "finish_us": 162583749, "generation_ms": 68.91109999999401, "queue_wait_us": 0, "geometry": true}}
{"maintenance": {"run": "c0_view0_reference_fixed", "id": "drive_030", "repeat": 2, "ref_us": 162963944, "arrival_us": 163001352, "start_us": 163001352, "finish_us": 163075532, "generation_ms": 74.17961100000525, "queue_wait_us": 0, "geometry": true}}
{"maintenance": {"run": "c0_view0_reference_fixed", "id": "drive_031", "repeat": 2, "ref_us": 163463944, "arrival_us": 163509287, "start_us": 163509287, "finish_us": 163578310, "generation_ms": 69.0220609999983, "queue_wait_us": 0, "geometry": true}}
{"maintenance": {"run": "c0_view0_reference_fixed", "id": "drive_032", "repeat": 2, "ref_us": 163963944, "arrival_us": 164014437, "start_us": 164014437, "finish_us": 164082287, "generation_ms": 67.84987999999714, "queue_wait_us": 0, "geometry": true}}
{"maintenance": {"run": "c0_view0_reference_fixed", "id": "drive_033", "repeat": 2, "ref_us": 164463944, "arrival_us": 164513200, "start_us": 164513200, "finish_us": 164580042, "generation_ms": 66.84106000000156, "queue_wait_us": 0, "geometry": true}}
{"maintenance": {"run": "c0_view0_reference_fixed", "id": "drive_034", "repeat": 2, "ref_us": 164963944, "arrival_us": 165009080, "start_us": 165009080, "finish_us": 165077569, "generation_ms": 68.48897999999792, "queue_wait_us": 0, "geometry": true}}
{"maintenance": {"run": "c0_view0_reference_fixed", "id": "drive_035", "repeat": 2, "ref_us": 165413944, "arrival_us": 165454133, "start_us": 165454133, "finish_us": 165523854, "generation_ms": 69.72056899999757, "queue_wait_us": 0, "geometry": true}}
{"maintenance": {"run": "c0_view0_reference_fixed", "id": "drive_036", "repeat": 2, "ref_us": 165863944, "arrival_us": 165907392, "start_us": 165907392, "finish_us": 165977475, "generation_ms": 70.08256000000301, "queue_wait_us": 0, "geometry": true}}
{"maintenance": {"run": "c0_view0_reference_fixed", "id": "drive_037", "repeat": 2, "ref_us": 166313944, "arrival_us": 166357160, "start_us": 166357160, "finish_us": 166426679, "generation_ms": 69.51830399999892, "queue_wait_us": 0, "geometry": true}}
{"maintenance": {"run": "c0_view0_reference_fixed", "id": "drive_038", "repeat": 2, "ref_us": 166763944, "arrival_us": 166806083, "start_us": 166806083, "finish_us": 166875528, "generation_ms": 69.44420799999307, "queue_wait_us": 0, "geometry": true}}
{"maintenance": {"run": "c0_view0_reference_fixed", "id": "drive_039", "repeat": 2, "ref_us": 167213944, "arrival_us": 167251953, "start_us": 167251953, "finish_us": 167321847, "generation_ms": 69.89302300000588, "queue_wait_us": 0, "geometry": true}}
{"target": {"run": "c0_view0_reference_fixed", "id": "drive_039", "repeat": 2, "method": "stream_fixed", "geometry": false, "bytes": 0, "raw_bytes": 0, "planned_ids": ["drive_039"], "steps": 0, "ready_us": 167321847, "acquisition_ms": 38.00886099998024, "current_generation_ms": null, "assembly_ms": 0.00013000000365082087, "verification_ms": 0.0, "wire_ms": 20, "total_ms": 127.90313000000366, "age_us": 150000, "cached_work_ms": 0.0, "action_slack_us": null, "hypothetical_action_pass": false}}
{"target": {"run": "c0_view0_reference_fixed", "id": "drive_039", "repeat": 2, "method": "cold_native", "geometry": false, "bytes": 0, "raw_bytes": 0, "planned_ids": ["drive_039"], "steps": 0, "ready_us": 167298640, "acquisition_ms": 38.00886099998024, "current_generation_ms": 46.686969000006684, "assembly_ms": 0.00045800000236795313, "verification_ms": 0.0, "wire_ms": 20, "total_ms": 104.69645800000237, "age_us": 150000, "cached_work_ms": 0.0, "action_slack_us": null, "hypothetical_action_pass": false}}
{"maintenance": {"run": "c0_view0_reference_rate20", "id": "drive_020", "repeat": 0, "ref_us": 61213942, "arrival_us": 61263734, "start_us": 61263734, "finish_us": 61333873, "generation_ms": 70.13852000000043, "queue_wait_us": 0, "geometry": true}}
{"maintenance": {"run": "c0_view0_reference_rate20", "id": "drive_021", "repeat": 0, "ref_us": 61463942, "arrival_us": 61510285, "start_us": 61510285, "finish_us": 61580676, "generation_ms": 70.39025699999968, "queue_wait_us": 0, "geometry": true}}
{"maintenance": {"run": "c0_view0_reference_rate20", "id": "drive_022", "repeat": 0, "ref_us": 62013942, "arrival_us": 62059512, "start_us": 62059512, "finish_us": 62129436, "generation_ms": 69.92356599999994, "queue_wait_us": 0, "geometry": true}}
{"maintenance": {"run": "c0_view0_reference_rate20", "id": "drive_023", "repeat": 0, "ref_us": 62463942, "arrival_us": 62507328, "start_us": 62507328, "finish_us": 62581673, "generation_ms": 74.34413000000006, "queue_wait_us": 0, "geometry": true}}
{"maintenance": {"run": "c0_view0_reference_rate20", "id": "drive_024", "repeat": 0, "ref_us": 62913942, "arrival_us": 62964187, "start_us": 62964187, "finish_us": 63033833, "generation_ms": 69.64598099999364, "queue_wait_us": 0, "geometry": true}}
{"maintenance": {"run": "c0_view0_reference_rate20", "id": "drive_025", "repeat": 0, "ref_us": 63363942, "arrival_us": 63407368, "start_us": 63407368, "finish_us": 63480424, "generation_ms": 73.05587599999797, "queue_wait_us": 0, "geometry": true}}
{"target": {"run": "c0_view0_reference_rate20", "id": "drive_025", "repeat": 0, "method": "stream_fixed", "geometry": false, "bytes": 0, "raw_bytes": 0, "planned_ids": ["drive_025"], "steps": 0, "ready_us": 63480424, "acquisition_ms": 43.42582099999959, "current_generation_ms": null, "assembly_ms": 0.00022300000068753434, "verification_ms": 0.0, "wire_ms": 20, "total_ms": 136.4822230000007, "age_us": 150000, "cached_work_ms": 0.0, "action_slack_us": null, "hypothetical_action_pass": false}}
{"target": {"run": "c0_view0_reference_rate20", "id": "drive_025", "repeat": 0, "method": "cold_native", "geometry": false, "bytes": 0, "raw_bytes": 0, "planned_ids": ["drive_025"], "steps": 0, "ready_us": 63455644, "acquisition_ms": 43.42582099999959, "current_generation_ms": 48.27570099999434, "assembly_ms": 0.000169999992749581, "verification_ms": 0.0, "wire_ms": 20, "total_ms": 111.70216999999275, "age_us": 150000, "cached_work_ms": 0.0, "action_slack_us": null, "hypothetical_action_pass": false}}
{"maintenance": {"run": "c0_view0_reference_rate20", "id": "drive_026", "repeat": 0, "ref_us": 63813942, "arrival_us": 63864482, "start_us": 63864482, "finish_us": 63933311, "generation_ms": 68.82899600000769, "queue_wait_us": 0, "geometry": true}}
{"maintenance": {"run": "c0_view0_reference_rate20", "id": "drive_027", "repeat": 0, "ref_us": 64313942, "arrival_us": 64363967, "start_us": 64363967, "finish_us": 64434170, "generation_ms": 70.20263200000443, "queue_wait_us": 0, "geometry": true}}
{"maintenance": {"run": "c0_view0_reference_rate20", "id": "drive_028", "repeat": 0, "ref_us": 64813942, "arrival_us": 64863441, "start_us": 64863441, "finish_us": 64932883, "generation_ms": 69.4418709999951, "queue_wait_us": 0, "geometry": true}}
{"maintenance": {"run": "c0_view0_reference_rate20", "id": "drive_029", "repeat": 0, "ref_us": 65313942, "arrival_us": 65366388, "start_us": 65366388, "finish_us": 65436332, "generation_ms": 69.9438879999974, "queue_wait_us": 0, "geometry": true}}
{"maintenance": {"run": "c0_view0_reference_rate20", "id": "drive_030", "repeat": 0, "ref_us": 65813942, "arrival_us": 65854673, "start_us": 65854673, "finish_us": 65925496, "generation_ms": 70.82230499999298, "queue_wait_us": 0, "geometry": true}}
{"maintenance": {"run": "c0_view0_reference_rate20", "id": "drive_031", "repeat": 0, "ref_us": 66263942, "arrival_us": 66317772, "start_us": 66317772, "finish_us": 66387027, "generation_ms": 69.25456600001212, "queue_wait_us": 0, "geometry": true}}
{"maintenance": {"run": "c0_view0_reference_rate20", "id": "drive_032", "repeat": 0, "ref_us": 66763942, "arrival_us": 66808492, "start_us": 66808492, "finish_us": 66878977, "generation_ms": 70.48478699999805, "queue_wait_us": 0, "geometry": true}}
{"maintenance": {"run": "c0_view0_reference_rate20", "id": "drive_033", "repeat": 0, "ref_us": 67213942, "arrival_us": 67256424, "start_us": 67256424, "finish_us": 67324294, "generation_ms": 67.86992099999622, "queue_wait_us": 0, "geometry": true}}
{"maintenance": {"run": "c0_view0_reference_rate20", "id": "drive_034", "repeat": 0, "ref_us": 67663942, "arrival_us": 67700884, "start_us": 67700884, "finish_us": 67769529, "generation_ms": 68.6441550000012, "queue_wait_us": 0, "geometry": true}}
{"maintenance": {"run": "c0_view0_reference_rate20", "id": "drive_035", "repeat": 0, "ref_us": 68113942, "arrival_us": 68162002, "start_us": 68162002, "finish_us": 68230373, "generation_ms": 68.37037500000065, "queue_wait_us": 0, "geometry": true}}
{"maintenance": {"run": "c0_view0_reference_rate20", "id": "drive_036", "repeat": 0, "ref_us": 68563942, "arrival_us": 68615844, "start_us": 68615844, "finish_us": 68688695, "generation_ms": 72.85024500001214, "queue_wait_us": 0, "geometry": true}}
{"maintenance": {"run": "c0_view0_reference_rate20", "id": "drive_037", "repeat": 0, "ref_us": 69013942, "arrival_us": 69059325, "start_us": 69059325, "finish_us": 69137023, "generation_ms": 77.69713800000488, "queue_wait_us": 0, "geometry": true}}
{"maintenance": {"run": "c0_view0_reference_rate20", "id": "drive_038", "repeat": 0, "ref_us": 69463942, "arrival_us": 69506201, "start_us": 69506201, "finish_us": 69577545, "generation_ms": 71.34338699999887, "queue_wait_us": 0, "geometry": true}}
{"maintenance": {"run": "c0_view0_reference_rate20", "id": "drive_039", "repeat": 0, "ref_us": 69913942, "arrival_us": 69969103, "start_us": 69969103, "finish_us": 70052611, "generation_ms": 83.50759200000368, "queue_wait_us": 0, "geometry": true}}
{"target": {"run": "c0_view0_reference_rate20", "id": "drive_039", "repeat": 0, "method": "stream_fixed", "geometry": false, "bytes": 0, "raw_bytes": 0, "planned_ids": ["drive_039"], "steps": 0, "ready_us": 70052611, "acquisition_ms": 55.16052200000132, "current_generation_ms": null, "assembly_ms": 0.00026200000036169513, "verification_ms": 0.0, "wire_ms": 20, "total_ms": 158.66926200000037, "age_us": 200000, "cached_work_ms": 0.0, "action_slack_us": null, "hypothetical_action_pass": false}}
{"target": {"run": "c0_view0_reference_rate20", "id": "drive_039", "repeat": 0, "method": "cold_native", "geometry": false, "bytes": 0, "raw_bytes": 0, "planned_ids": ["drive_039"], "steps": 0, "ready_us": 70015947, "acquisition_ms": 55.16052200000132, "current_generation_ms": 46.84372500000222, "assembly_ms": 0.0002789999911101404, "verification_ms": 0.0, "wire_ms": 20, "total_ms": 122.0052789999911, "age_us": 150000, "cached_work_ms": 0.0, "action_slack_us": null, "hypothetical_action_pass": false}}
{"maintenance": {"run": "c0_view0_reference_rate20", "id": "drive_020", "repeat": 1, "ref_us": 61213942, "arrival_us": 61263734, "start_us": 61263734, "finish_us": 61332452, "generation_ms": 68.71755500000631, "queue_wait_us": 0, "geometry": true}}
{"maintenance": {"run": "c0_view0_reference_rate20", "id": "drive_021", "repeat": 1, "ref_us": 61463942, "arrival_us": 61510285, "start_us": 61510285, "finish_us": 61582197, "generation_ms": 71.9115549999998, "queue_wait_us": 0, "geometry": true}}
{"maintenance": {"run": "c0_view0_reference_rate20", "id": "drive_022", "repeat": 1, "ref_us": 62013942, "arrival_us": 62059512, "start_us": 62059512, "finish_us": 62129887, "generation_ms": 70.37405399999841, "queue_wait_us": 0, "geometry": true}}
{"maintenance": {"run": "c0_view0_reference_rate20", "id": "drive_023", "repeat": 1, "ref_us": 62463942, "arrival_us": 62507328, "start_us": 62507328, "finish_us": 62576706, "generation_ms": 69.37775999999474, "queue_wait_us": 0, "geometry": true}}
{"maintenance": {"run": "c0_view0_reference_rate20", "id": "drive_024", "repeat": 1, "ref_us": 62913942, "arrival_us": 62964187, "start_us": 62964187, "finish_us": 63033421, "generation_ms": 69.23383999999544, "queue_wait_us": 0, "geometry": true}}
{"maintenance": {"run": "c0_view0_reference_rate20", "id": "drive_025", "repeat": 1, "ref_us": 63363942, "arrival_us": 63407368, "start_us": 63407368, "finish_us": 63477267, "generation_ms": 69.89846300000124, "queue_wait_us": 0, "geometry": true}}
{"target": {"run": "c0_view0_reference_rate20", "id": "drive_025", "repeat": 1, "method": "stream_fixed", "geometry": false, "bytes": 0, "raw_bytes": 0, "planned_ids": ["drive_025"], "steps": 0, "ready_us": 63477267, "acquisition_ms": 43.42582099999959, "current_generation_ms": null, "assembly_ms": 0.00013599999704183574, "verification_ms": 0.0, "wire_ms": 20, "total_ms": 133.32513599999703, "age_us": 150000, "cached_work_ms": 0.0, "action_slack_us": null, "hypothetical_action_pass": false}}
{"target": {"run": "c0_view0_reference_rate20", "id": "drive_025", "repeat": 1, "method": "cold_native", "geometry": false, "bytes": 0, "raw_bytes": 0, "planned_ids": ["drive_025"], "steps": 0, "ready_us": 63453747, "acquisition_ms": 43.42582099999959, "current_generation_ms": 46.37874899999872, "assembly_ms": 0.0002680000079635647, "verification_ms": 0.0, "wire_ms": 20, "total_ms": 109.80526800000797, "age_us": 150000, "cached_work_ms": 0.0, "action_slack_us": null, "hypothetical_action_pass": false}}
{"maintenance": {"run": "c0_view0_reference_rate20", "id": "drive_026", "repeat": 1, "ref_us": 63813942, "arrival_us": 63864482, "start_us": 63864482, "finish_us": 63934206, "generation_ms": 69.72389999999962, "queue_wait_us": 0, "geometry": true}}
{"maintenance": {"run": "c0_view0_reference_rate20", "id": "drive_027", "repeat": 1, "ref_us": 64313942, "arrival_us": 64363967, "start_us": 64363967, "finish_us": 64437781, "generation_ms": 73.81311799998969, "queue_wait_us": 0, "geometry": true}}
{"maintenance": {"run": "c0_view0_reference_rate20", "id": "drive_028", "repeat": 1, "ref_us": 64813942, "arrival_us": 64863441, "start_us": 64863441, "finish_us": 64932982, "generation_ms": 69.5409339999884, "queue_wait_us": 0, "geometry": true}}
{"maintenance": {"run": "c0_view0_reference_rate20", "id": "drive_029", "repeat": 1, "ref_us": 65313942, "arrival_us": 65366388, "start_us": 65366388, "finish_us": 65434311, "generation_ms": 67.92228699998759, "queue_wait_us": 0, "geometry": true}}
{"maintenance": {"run": "c0_view0_reference_rate20", "id": "drive_030", "repeat": 1, "ref_us": 65813942, "arrival_us": 65854673, "start_us": 65854673, "finish_us": 65923549, "generation_ms": 68.8756770000083, "queue_wait_us": 0, "geometry": true}}
{"maintenance": {"run": "c0_view0_reference_rate20", "id": "drive_031", "repeat": 1, "ref_us": 66263942, "arrival_us": 66317772, "start_us": 66317772, "finish_us": 66386245, "generation_ms": 68.47220400000253, "queue_wait_us": 0, "geometry": true}}
{"maintenance": {"run": "c0_view0_reference_rate20", "id": "drive_032", "repeat": 1, "ref_us": 66763942, "arrival_us": 66808492, "start_us": 66808492, "finish_us": 66876584, "generation_ms": 68.09119499999383, "queue_wait_us": 0, "geometry": true}}
{"maintenance": {"run": "c0_view0_reference_rate20", "id": "drive_033", "repeat": 1, "ref_us": 67213942, "arrival_us": 67256424, "start_us": 67256424, "finish_us": 67326318, "generation_ms": 69.89310800000226, "queue_wait_us": 0, "geometry": true}}
{"maintenance": {"run": "c0_view0_reference_rate20", "id": "drive_034", "repeat": 1, "ref_us": 67663942, "arrival_us": 67700884, "start_us": 67700884, "finish_us": 67771177, "generation_ms": 70.29230599999892, "queue_wait_us": 0, "geometry": true}}
{"maintenance": {"run": "c0_view0_reference_rate20", "id": "drive_035", "repeat": 1, "ref_us": 68113942, "arrival_us": 68162002, "start_us": 68162002, "finish_us": 68229317, "generation_ms": 67.31489700000282, "queue_wait_us": 0, "geometry": true}}
{"maintenance": {"run": "c0_view0_reference_rate20", "id": "drive_036", "repeat": 1, "ref_us": 68563942, "arrival_us": 68615844, "start_us": 68615844, "finish_us": 68694268, "generation_ms": 78.42324099999587, "queue_wait_us": 0, "geometry": true}}
{"maintenance": {"run": "c0_view0_reference_rate20", "id": "drive_037", "repeat": 1, "ref_us": 69013942, "arrival_us": 69059325, "start_us": 69059325, "finish_us": 69128196, "generation_ms": 68.87089900000376, "queue_wait_us": 0, "geometry": true}}
{"maintenance": {"run": "c0_view0_reference_rate20", "id": "drive_038", "repeat": 1, "ref_us": 69463942, "arrival_us": 69506201, "start_us": 69506201, "finish_us": 69577170, "generation_ms": 70.96840100000179, "queue_wait_us": 0, "geometry": true}}
{"maintenance": {"run": "c0_view0_reference_rate20", "id": "drive_039", "repeat": 1, "ref_us": 69913942, "arrival_us": 69969103, "start_us": 69969103, "finish_us": 70039355, "generation_ms": 70.25127100000361, "queue_wait_us": 0, "geometry": true}}
{"target": {"run": "c0_view0_reference_rate20", "id": "drive_039", "repeat": 1, "method": "stream_fixed", "geometry": false, "bytes": 0, "raw_bytes": 0, "planned_ids": ["drive_039"], "steps": 0, "ready_us": 70039355, "acquisition_ms": 55.16052200000132, "current_generation_ms": null, "assembly_ms": 0.00016199999208765803, "verification_ms": 0.0, "wire_ms": 20, "total_ms": 145.4131619999921, "age_us": 150000, "cached_work_ms": 0.0, "action_slack_us": null, "hypothetical_action_pass": false}}
{"target": {"run": "c0_view0_reference_rate20", "id": "drive_039", "repeat": 1, "method": "cold_native", "geometry": false, "bytes": 0, "raw_bytes": 0, "planned_ids": ["drive_039"], "steps": 0, "ready_us": 70016167, "acquisition_ms": 55.16052200000132, "current_generation_ms": 47.063805999997044, "assembly_ms": 0.000311000007968687, "verification_ms": 0.0, "wire_ms": 20, "total_ms": 122.22531100000796, "age_us": 150000, "cached_work_ms": 0.0, "action_slack_us": null, "hypothetical_action_pass": false}}
{"maintenance": {"run": "c0_view0_reference_rate20", "id": "drive_020", "repeat": 2, "ref_us": 61213942, "arrival_us": 61263734, "start_us": 61263734, "finish_us": 61333516, "generation_ms": 69.78199600000323, "queue_wait_us": 0, "geometry": true}}
{"maintenance": {"run": "c0_view0_reference_rate20", "id": "drive_021", "repeat": 2, "ref_us": 61463942, "arrival_us": 61510285, "start_us": 61510285, "finish_us": 61579879, "generation_ms": 69.5931719999976, "queue_wait_us": 0, "geometry": true}}
{"maintenance": {"run": "c0_view0_reference_rate20", "id": "drive_022", "repeat": 2, "ref_us": 62013942, "arrival_us": 62059512, "start_us": 62059512, "finish_us": 62127468, "generation_ms": 67.95552999999188, "queue_wait_us": 0, "geometry": true}}
{"maintenance": {"run": "c0_view0_reference_rate20", "id": "drive_023", "repeat": 2, "ref_us": 62463942, "arrival_us": 62507328, "start_us": 62507328, "finish_us": 62576169, "generation_ms": 68.84013700000935, "queue_wait_us": 0, "geometry": true}}
{"maintenance": {"run": "c0_view0_reference_rate20", "id": "drive_024", "repeat": 2, "ref_us": 62913942, "arrival_us": 62964187, "start_us": 62964187, "finish_us": 63033785, "generation_ms": 69.59756899999547, "queue_wait_us": 0, "geometry": true}}
{"maintenance": {"run": "c0_view0_reference_rate20", "id": "drive_025", "repeat": 2, "ref_us": 63363942, "arrival_us": 63407368, "start_us": 63407368, "finish_us": 63475512, "generation_ms": 68.14305800000398, "queue_wait_us": 0, "geometry": true}}
{"target": {"run": "c0_view0_reference_rate20", "id": "drive_025", "repeat": 2, "method": "stream_fixed", "geometry": false, "bytes": 0, "raw_bytes": 0, "planned_ids": ["drive_025"], "steps": 0, "ready_us": 63475512, "acquisition_ms": 43.42582099999959, "current_generation_ms": null, "assembly_ms": 0.00014999999109477358, "verification_ms": 0.0, "wire_ms": 20, "total_ms": 131.5701499999911, "age_us": 150000, "cached_work_ms": 0.0, "action_slack_us": null, "hypothetical_action_pass": false}}
{"target": {"run": "c0_view0_reference_rate20", "id": "drive_025", "repeat": 2, "method": "cold_native", "geometry": false, "bytes": 0, "raw_bytes": 0, "planned_ids": ["drive_025"], "steps": 0, "ready_us": 63453171, "acquisition_ms": 43.42582099999959, "current_generation_ms": 45.80270200000314, "assembly_ms": 0.0002749999907791789, "verification_ms": 0.0, "wire_ms": 20, "total_ms": 109.22927499999078, "age_us": 150000, "cached_work_ms": 0.0, "action_slack_us": null, "hypothetical_action_pass": false}}
{"maintenance": {"run": "c0_view0_reference_rate20", "id": "drive_026", "repeat": 2, "ref_us": 63813942, "arrival_us": 63864482, "start_us": 63864482, "finish_us": 63931190, "generation_ms": 66.70767500000352, "queue_wait_us": 0, "geometry": true}}
{"maintenance": {"run": "c0_view0_reference_rate20", "id": "drive_027", "repeat": 2, "ref_us": 64313942, "arrival_us": 64363967, "start_us": 64363967, "finish_us": 64432000, "generation_ms": 68.03251799999543, "queue_wait_us": 0, "geometry": true}}
{"maintenance": {"run": "c0_view0_reference_rate20", "id": "drive_028", "repeat": 2, "ref_us": 64813942, "arrival_us": 64863441, "start_us": 64863441, "finish_us": 64933996, "generation_ms": 70.55459699999744, "queue_wait_us": 0, "geometry": true}}
{"maintenance": {"run": "c0_view0_reference_rate20", "id": "drive_029", "repeat": 2, "ref_us": 65313942, "arrival_us": 65366388, "start_us": 65366388, "finish_us": 65434746, "generation_ms": 68.35755199999483, "queue_wait_us": 0, "geometry": true}}
{"maintenance": {"run": "c0_view0_reference_rate20", "id": "drive_030", "repeat": 2, "ref_us": 65813942, "arrival_us": 65854673, "start_us": 65854673, "finish_us": 65922440, "generation_ms": 67.76635300001033, "queue_wait_us": 0, "geometry": true}}
{"maintenance": {"run": "c0_view0_reference_rate20", "id": "drive_031", "repeat": 2, "ref_us": 66263942, "arrival_us": 66317772, "start_us": 66317772, "finish_us": 66386883, "generation_ms": 69.1101500000002, "queue_wait_us": 0, "geometry": true}}
{"maintenance": {"run": "c0_view0_reference_rate20", "id": "drive_032", "repeat": 2, "ref_us": 66763942, "arrival_us": 66808492, "start_us": 66808492, "finish_us": 66879261, "generation_ms": 70.7687879999952, "queue_wait_us": 0, "geometry": true}}
{"maintenance": {"run": "c0_view0_reference_rate20", "id": "drive_033", "repeat": 2, "ref_us": 67213942, "arrival_us": 67256424, "start_us": 67256424, "finish_us": 67332779, "generation_ms": 76.35458799998673, "queue_wait_us": 0, "geometry": true}}
{"maintenance": {"run": "c0_view0_reference_rate20", "id": "drive_034", "repeat": 2, "ref_us": 67663942, "arrival_us": 67700884, "start_us": 67700884, "finish_us": 67769428, "generation_ms": 68.54365499999915, "queue_wait_us": 0, "geometry": true}}
{"maintenance": {"run": "c0_view0_reference_rate20", "id": "drive_035", "repeat": 2, "ref_us": 68113942, "arrival_us": 68162002, "start_us": 68162002, "finish_us": 68230728, "generation_ms": 68.72565000000463, "queue_wait_us": 0, "geometry": true}}
{"maintenance": {"run": "c0_view0_reference_rate20", "id": "drive_036", "repeat": 2, "ref_us": 68563942, "arrival_us": 68615844, "start_us": 68615844, "finish_us": 68685856, "generation_ms": 70.01116000000707, "queue_wait_us": 0, "geometry": true}}
{"maintenance": {"run": "c0_view0_reference_rate20", "id": "drive_037", "repeat": 2, "ref_us": 69013942, "arrival_us": 69059325, "start_us": 69059325, "finish_us": 69127868, "generation_ms": 68.54290500000104, "queue_wait_us": 0, "geometry": true}}
{"maintenance": {"run": "c0_view0_reference_rate20", "id": "drive_038", "repeat": 2, "ref_us": 69463942, "arrival_us": 69506201, "start_us": 69506201, "finish_us": 69575352, "generation_ms": 69.15059899999676, "queue_wait_us": 0, "geometry": true}}
{"maintenance": {"run": "c0_view0_reference_rate20", "id": "drive_039", "repeat": 2, "ref_us": 69913942, "arrival_us": 69969103, "start_us": 69969103, "finish_us": 70040281, "generation_ms": 71.17724500000122, "queue_wait_us": 0, "geometry": true}}
{"target": {"run": "c0_view0_reference_rate20", "id": "drive_039", "repeat": 2, "method": "stream_fixed", "geometry": false, "bytes": 0, "raw_bytes": 0, "planned_ids": ["drive_039"], "steps": 0, "ready_us": 70040281, "acquisition_ms": 55.16052200000132, "current_generation_ms": null, "assembly_ms": 0.0001570000023320972, "verification_ms": 0.0, "wire_ms": 20, "total_ms": 146.33915700000233, "age_us": 150000, "cached_work_ms": 0.0, "action_slack_us": null, "hypothetical_action_pass": false}}
{"target": {"run": "c0_view0_reference_rate20", "id": "drive_039", "repeat": 2, "method": "cold_native", "geometry": false, "bytes": 0, "raw_bytes": 0, "planned_ids": ["drive_039"], "steps": 0, "ready_us": 70015929, "acquisition_ms": 55.16052200000132, "current_generation_ms": 46.8254150000007, "assembly_ms": 0.00017499999671599653, "verification_ms": 0.0, "wire_ms": 20, "total_ms": 121.98717499999671, "age_us": 150000, "cached_work_ms": 0.0, "action_slack_us": null, "hypothetical_action_pass": false}}
{"maintenance": {"run": "c0_view0_reuse_fixed", "id": "drive_020", "repeat": 0, "ref_us": 181413944, "arrival_us": 181457946, "start_us": 181457946, "finish_us": 181525538, "generation_ms": 67.59138200001757, "queue_wait_us": 0, "geometry": true}}
{"maintenance": {"run": "c0_view0_reuse_fixed", "id": "drive_021", "repeat": 0, "ref_us": 181613944, "arrival_us": 181657011, "start_us": 181657011, "finish_us": 181729362, "generation_ms": 72.35098800001083, "queue_wait_us": 0, "geometry": true}}
{"maintenance": {"run": "c0_view0_reuse_fixed", "id": "drive_022", "repeat": 0, "ref_us": 181813944, "arrival_us": 181856143, "start_us": 181856143, "finish_us": 181926886, "generation_ms": 70.74283599999376, "queue_wait_us": 0, "geometry": true}}
{"maintenance": {"run": "c0_view0_reuse_fixed", "id": "drive_023", "repeat": 0, "ref_us": 182213944, "arrival_us": 182261606, "start_us": 182261606, "finish_us": 182330674, "generation_ms": 69.06784699998525, "queue_wait_us": 0, "geometry": true}}
{"maintenance": {"run": "c0_view0_reuse_fixed", "id": "drive_024", "repeat": 0, "ref_us": 182613944, "arrival_us": 182651683, "start_us": 182651683, "finish_us": 182723489, "generation_ms": 71.80509500000198, "queue_wait_us": 0, "geometry": true}}
{"maintenance": {"run": "c0_view0_reuse_fixed", "id": "drive_025", "repeat": 0, "ref_us": 183013944, "arrival_us": 183057505, "start_us": 183057505, "finish_us": 183126790, "generation_ms": 69.2842439999879, "queue_wait_us": 0, "geometry": true}}
{"target": {"run": "c0_view0_reuse_fixed", "id": "drive_025", "repeat": 0, "method": "stream_fixed", "geometry": true, "bytes": 107470, "raw_bytes": 406975, "planned_ids": ["drive_021", "drive_022", "drive_023", "drive_024", "drive_025"], "steps": 5, "ready_us": 183126790, "acquisition_ms": 43.56060000000639, "current_generation_ms": null, "assembly_ms": 6.216319000003523, "verification_ms": 56.31511400000022, "wire_ms": 62.988, "total_ms": 238.36543300000375, "age_us": 250000, "cached_work_ms": 353.2510099999797, "action_slack_us": 25000, "hypothetical_action_pass": true}}
{"target": {"run": "c0_view0_reuse_fixed", "id": "drive_025", "repeat": 0, "method": "cold_native", "geometry": false, "bytes": 0, "raw_bytes": 0, "planned_ids": ["drive_025"], "steps": 0, "ready_us": 183107525, "acquisition_ms": 43.56060000000639, "current_generation_ms": 50.019598999995196, "assembly_ms": 0.0002670000185389654, "verification_ms": 0.0, "wire_ms": 20, "total_ms": 113.58126700001854, "age_us": 150000, "cached_work_ms": 0.0, "action_slack_us": null, "hypothetical_action_pass": false}}
{"maintenance": {"run": "c0_view0_reuse_fixed", "id": "drive_026", "repeat": 0, "ref_us": 183413944, "arrival_us": 183458584, "start_us": 183458584, "finish_us": 183531596, "generation_ms": 73.01137600001084, "queue_wait_us": 0, "geometry": true}}
{"maintenance": {"run": "c0_view0_reuse_fixed", "id": "drive_027", "repeat": 0, "ref_us": 183813944, "arrival_us": 183864364, "start_us": 183864364, "finish_us": 183934682, "generation_ms": 70.31757500001845, "queue_wait_us": 0, "geometry": true}}
{"maintenance": {"run": "c0_view0_reuse_fixed", "id": "drive_028", "repeat": 0, "ref_us": 184213944, "arrival_us": 184263046, "start_us": 184263046, "finish_us": 184334568, "generation_ms": 71.52170300000193, "queue_wait_us": 0, "geometry": true}}
{"maintenance": {"run": "c0_view0_reuse_fixed", "id": "drive_029", "repeat": 0, "ref_us": 184613944, "arrival_us": 184661978, "start_us": 184661978, "finish_us": 184732063, "generation_ms": 70.08408199999394, "queue_wait_us": 0, "geometry": true}}
{"maintenance": {"run": "c0_view0_reuse_fixed", "id": "drive_030", "repeat": 0, "ref_us": 185013944, "arrival_us": 185070501, "start_us": 185070501, "finish_us": 185140668, "generation_ms": 70.16677699999718, "queue_wait_us": 0, "geometry": true}}
{"maintenance": {"run": "c0_view0_reuse_fixed", "id": "drive_031", "repeat": 0, "ref_us": 185413944, "arrival_us": 185462917, "start_us": 185462917, "finish_us": 185533003, "generation_ms": 70.08530299998483, "queue_wait_us": 0, "geometry": true}}
{"maintenance": {"run": "c0_view0_reuse_fixed", "id": "drive_032", "repeat": 0, "ref_us": 185863944, "arrival_us": 185911947, "start_us": 185911947, "finish_us": 185980581, "generation_ms": 68.6335389999897, "queue_wait_us": 0, "geometry": true}}
{"maintenance": {"run": "c0_view0_reuse_fixed", "id": "drive_033", "repeat": 0, "ref_us": 186263944, "arrival_us": 186303863, "start_us": 186303863, "finish_us": 186381853, "generation_ms": 77.98910300002149, "queue_wait_us": 0, "geometry": true}}
{"maintenance": {"run": "c0_view0_reuse_fixed", "id": "drive_034", "repeat": 0, "ref_us": 186663944, "arrival_us": 186704834, "start_us": 186704834, "finish_us": 186774079, "generation_ms": 69.24428199999966, "queue_wait_us": 0, "geometry": true}}
{"maintenance": {"run": "c0_view0_reuse_fixed", "id": "drive_035", "repeat": 0, "ref_us": 187063944, "arrival_us": 187105725, "start_us": 187105725, "finish_us": 187175606, "generation_ms": 69.88098200000081, "queue_wait_us": 0, "geometry": true}}
{"maintenance": {"run": "c0_view0_reuse_fixed", "id": "drive_036", "repeat": 0, "ref_us": 187463944, "arrival_us": 187501960, "start_us": 187501960, "finish_us": 187571069, "generation_ms": 69.10873100000003, "queue_wait_us": 0, "geometry": true}}
{"maintenance": {"run": "c0_view0_reuse_fixed", "id": "drive_037", "repeat": 0, "ref_us": 187863944, "arrival_us": 187900672, "start_us": 187900672, "finish_us": 187969926, "generation_ms": 69.25318400001856, "queue_wait_us": 0, "geometry": true}}
{"maintenance": {"run": "c0_view0_reuse_fixed", "id": "drive_038", "repeat": 0, "ref_us": 188263944, "arrival_us": 188314115, "start_us": 188314115, "finish_us": 188382569, "generation_ms": 68.45394600000532, "queue_wait_us": 0, "geometry": true}}
{"maintenance": {"run": "c0_view0_reuse_fixed", "id": "drive_039", "repeat": 0, "ref_us": 188663944, "arrival_us": 188708201, "start_us": 188708201, "finish_us": 188779826, "generation_ms": 71.62476900001025, "queue_wait_us": 0, "geometry": true}}
{"target": {"run": "c0_view0_reuse_fixed", "id": "drive_039", "repeat": 0, "method": "stream_fixed", "geometry": true, "bytes": 408340, "raw_bytes": 1546071, "planned_ids": ["drive_021", "drive_022", "drive_023", "drive_024", "drive_025", "drive_026", "drive_027", "drive_028", "drive_029", "drive_030", "drive_031", "drive_032", "drive_033", "drive_034", "drive_035", "drive_036", "drive_037", "drive_038", "drive_039"], "steps": 19, "ready_us": 188779826, "acquisition_ms": 44.25674600000207, "current_generation_ms": null, "assembly_ms": 23.75896799998145, "verification_ms": 209.43380599999273, "wire_ms": 183.336, "total_ms": 532.4107739999743, "age_us": 550000, "cached_work_ms": 1342.6263620000327, "action_slack_us": -275000, "hypothetical_action_pass": false}}
{"target": {"run": "c0_view0_reuse_fixed", "id": "drive_039", "repeat": 0, "method": "cold_native", "geometry": false, "bytes": 0, "raw_bytes": 0, "planned_ids": ["drive_039"], "steps": 0, "ready_us": 188757101, "acquisition_ms": 44.25674600000207, "current_generation_ms": 48.89958800001182, "assembly_ms": 0.0005310000119607139, "verification_ms": 0.0, "wire_ms": 20, "total_ms": 113.15753100001196, "age_us": 150000, "cached_work_ms": 0.0, "action_slack_us": null, "hypothetical_action_pass": false}}
{"maintenance": {"run": "c0_view0_reuse_fixed", "id": "drive_020", "repeat": 1, "ref_us": 181413944, "arrival_us": 181457946, "start_us": 181457946, "finish_us": 181527839, "generation_ms": 69.89206399998693, "queue_wait_us": 0, "geometry": true}}
{"maintenance": {"run": "c0_view0_reuse_fixed", "id": "drive_021", "repeat": 1, "ref_us": 181613944, "arrival_us": 181657011, "start_us": 181657011, "finish_us": 181727030, "generation_ms": 70.01838299999008, "queue_wait_us": 0, "geometry": true}}
{"maintenance": {"run": "c0_view0_reuse_fixed", "id": "drive_022", "repeat": 1, "ref_us": 181813944, "arrival_us": 181856143, "start_us": 181856143, "finish_us": 181925509, "generation_ms": 69.36598599997978, "queue_wait_us": 0, "geometry": true}}
{"maintenance": {"run": "c0_view0_reuse_fixed", "id": "drive_023", "repeat": 1, "ref_us": 182213944, "arrival_us": 182261606, "start_us": 182261606, "finish_us": 182337058, "generation_ms": 75.45139100000142, "queue_wait_us": 0, "geometry": true}}
{"maintenance": {"run": "c0_view0_reuse_fixed", "id": "drive_024", "repeat": 1, "ref_us": 182613944, "arrival_us": 182651683, "start_us": 182651683, "finish_us": 182722910, "generation_ms": 71.22698400002037, "queue_wait_us": 0, "geometry": true}}
{"maintenance": {"run": "c0_view0_reuse_fixed", "id": "drive_025", "repeat": 1, "ref_us": 183013944, "arrival_us": 183057505, "start_us": 183057505, "finish_us": 183128444, "generation_ms": 70.9380989999886, "queue_wait_us": 0, "geometry": true}}
{"target": {"run": "c0_view0_reuse_fixed", "id": "drive_025", "repeat": 1, "method": "stream_fixed", "geometry": true, "bytes": 107470, "raw_bytes": 406975, "planned_ids": ["drive_021", "drive_022", "drive_023", "drive_024", "drive_025"], "steps": 5, "ready_us": 183128444, "acquisition_ms": 43.56060000000639, "current_generation_ms": null, "assembly_ms": 6.093622000008736, "verification_ms": 67.59347499999535, "wire_ms": 62.988, "total_ms": 251.1750970000041, "age_us": 300000, "cached_work_ms": 357.00084299998025, "action_slack_us": -25000, "hypothetical_action_pass": false}}
{"target": {"run": "c0_view0_reuse_fixed", "id": "drive_025", "repeat": 1, "method": "cold_native", "geometry": false, "bytes": 0, "raw_bytes": 0, "planned_ids": ["drive_025"], "steps": 0, "ready_us": 183103744, "acquisition_ms": 43.56060000000639, "current_generation_ms": 46.2380509999889, "assembly_ms": 0.00016399999935856613, "verification_ms": 0.0, "wire_ms": 20, "total_ms": 109.80016399999936, "age_us": 150000, "cached_work_ms": 0.0, "action_slack_us": null, "hypothetical_action_pass": false}}
{"maintenance": {"run": "c0_view0_reuse_fixed", "id": "drive_026", "repeat": 1, "ref_us": 183413944, "arrival_us": 183458584, "start_us": 183458584, "finish_us": 183532571, "generation_ms": 73.98683400001005, "queue_wait_us": 0, "geometry": true}}
{"maintenance": {"run": "c0_view0_reuse_fixed", "id": "drive_027", "repeat": 1, "ref_us": 183813944, "arrival_us": 183864364, "start_us": 183864364, "finish_us": 183932651, "generation_ms": 68.28653599998802, "queue_wait_us": 0, "geometry": true}}
{"maintenance": {"run": "c0_view0_reuse_fixed", "id": "drive_028", "repeat": 1, "ref_us": 184213944, "arrival_us": 184263046, "start_us": 184263046, "finish_us": 184333833, "generation_ms": 70.78634100000158, "queue_wait_us": 0, "geometry": true}}
{"maintenance": {"run": "c0_view0_reuse_fixed", "id": "drive_029", "repeat": 1, "ref_us": 184613944, "arrival_us": 184661978, "start_us": 184661978, "finish_us": 184735273, "generation_ms": 73.294116999989, "queue_wait_us": 0, "geometry": true}}
{"maintenance": {"run": "c0_view0_reuse_fixed", "id": "drive_030", "repeat": 1, "ref_us": 185013944, "arrival_us": 185070501, "start_us": 185070501, "finish_us": 185141429, "generation_ms": 70.92774500000587, "queue_wait_us": 0, "geometry": true}}
{"maintenance": {"run": "c0_view0_reuse_fixed", "id": "drive_031", "repeat": 1, "ref_us": 185413944, "arrival_us": 185462917, "start_us": 185462917, "finish_us": 185533658, "generation_ms": 70.74040000000537, "queue_wait_us": 0, "geometry": true}}
{"maintenance": {"run": "c0_view0_reuse_fixed", "id": "drive_032", "repeat": 1, "ref_us": 185863944, "arrival_us": 185911947, "start_us": 185911947, "finish_us": 185980669, "generation_ms": 68.72161100000085, "queue_wait_us": 0, "geometry": true}}
{"maintenance": {"run": "c0_view0_reuse_fixed", "id": "drive_033", "repeat": 1, "ref_us": 186263944, "arrival_us": 186303863, "start_us": 186303863, "finish_us": 186372029, "generation_ms": 68.16574699999478, "queue_wait_us": 0, "geometry": true}}
{"maintenance": {"run": "c0_view0_reuse_fixed", "id": "drive_034", "repeat": 1, "ref_us": 186663944, "arrival_us": 186704834, "start_us": 186704834, "finish_us": 186776696, "generation_ms": 71.86143999999217, "queue_wait_us": 0, "geometry": true}}
{"maintenance": {"run": "c0_view0_reuse_fixed", "id": "drive_035", "repeat": 1, "ref_us": 187063944, "arrival_us": 187105725, "start_us": 187105725, "finish_us": 187176094, "generation_ms": 70.3689890000021, "queue_wait_us": 0, "geometry": true}}
{"maintenance": {"run": "c0_view0_reuse_fixed", "id": "drive_036", "repeat": 1, "ref_us": 187463944, "arrival_us": 187501960, "start_us": 187501960, "finish_us": 187579607, "generation_ms": 77.64604500002292, "queue_wait_us": 0, "geometry": true}}
{"maintenance": {"run": "c0_view0_reuse_fixed", "id": "drive_037", "repeat": 1, "ref_us": 187863944, "arrival_us": 187900672, "start_us": 187900672, "finish_us": 187968432, "generation_ms": 67.7596539999854, "queue_wait_us": 0, "geometry": true}}
{"maintenance": {"run": "c0_view0_reuse_fixed", "id": "drive_038", "repeat": 1, "ref_us": 188263944, "arrival_us": 188314115, "start_us": 188314115, "finish_us": 188382420, "generation_ms": 68.30458600001066, "queue_wait_us": 0, "geometry": true}}
{"maintenance": {"run": "c0_view0_reuse_fixed", "id": "drive_039", "repeat": 1, "ref_us": 188663944, "arrival_us": 188708201, "start_us": 188708201, "finish_us": 188777002, "generation_ms": 68.80087000001822, "queue_wait_us": 0, "geometry": true}}
{"target": {"run": "c0_view0_reuse_fixed", "id": "drive_039", "repeat": 1, "method": "stream_fixed", "geometry": true, "bytes": 408340, "raw_bytes": 1546071, "planned_ids": ["drive_021", "drive_022", "drive_023", "drive_024", "drive_025", "drive_026", "drive_027", "drive_028", "drive_029", "drive_030", "drive_031", "drive_032", "drive_033", "drive_034", "drive_035", "drive_036", "drive_037", "drive_038", "drive_039"], "steps": 19, "ready_us": 188777002, "acquisition_ms": 44.25674600000207, "current_generation_ms": null, "assembly_ms": 23.68173200000001, "verification_ms": 219.07847900001798, "wire_ms": 183.336, "total_ms": 539.154211000018, "age_us": 550000, "cached_work_ms": 1346.6517580000072, "action_slack_us": -275000, "hypothetical_action_pass": false}}
{"target": {"run": "c0_view0_reuse_fixed", "id": "drive_039", "repeat": 1, "method": "cold_native", "geometry": false, "bytes": 0, "raw_bytes": 0, "planned_ids": ["drive_039"], "steps": 0, "ready_us": 188755768, "acquisition_ms": 44.25674600000207, "current_generation_ms": 47.5663329999918, "assembly_ms": 0.0002790000053209951, "verification_ms": 0.0, "wire_ms": 20, "total_ms": 111.82427900000532, "age_us": 150000, "cached_work_ms": 0.0, "action_slack_us": null, "hypothetical_action_pass": false}}
{"maintenance": {"run": "c0_view0_reuse_fixed", "id": "drive_020", "repeat": 2, "ref_us": 181413944, "arrival_us": 181457946, "start_us": 181457946, "finish_us": 181528924, "generation_ms": 70.9778300000039, "queue_wait_us": 0, "geometry": true}}
{"maintenance": {"run": "c0_view0_reuse_fixed", "id": "drive_021", "repeat": 2, "ref_us": 181613944, "arrival_us": 181657011, "start_us": 181657011, "finish_us": 181730882, "generation_ms": 73.87054800000215, "queue_wait_us": 0, "geometry": true}}
{"maintenance": {"run": "c0_view0_reuse_fixed", "id": "drive_022", "repeat": 2, "ref_us": 181813944, "arrival_us": 181856143, "start_us": 181856143, "finish_us": 181923077, "generation_ms": 66.93337900000529, "queue_wait_us": 0, "geometry": true}}
{"maintenance": {"run": "c0_view0_reuse_fixed", "id": "drive_023", "repeat": 2, "ref_us": 182213944, "arrival_us": 182261606, "start_us": 182261606, "finish_us": 182329982, "generation_ms": 68.37535599999, "queue_wait_us": 0, "geometry": true}}
{"maintenance": {"run": "c0_view0_reuse_fixed", "id": "drive_024", "repeat": 2, "ref_us": 182613944, "arrival_us": 182651683, "start_us": 182651683, "finish_us": 182720492, "generation_ms": 68.80815299999199, "queue_wait_us": 0, "geometry": true}}
{"maintenance": {"run": "c0_view0_reuse_fixed", "id": "drive_025", "repeat": 2, "ref_us": 183013944, "arrival_us": 183057505, "start_us": 183057505, "finish_us": 183124964, "generation_ms": 67.45814599997857, "queue_wait_us": 0, "geometry": true}}
{"target": {"run": "c0_view0_reuse_fixed", "id": "drive_025", "repeat": 2, "method": "stream_fixed", "geometry": true, "bytes": 107470, "raw_bytes": 406975, "planned_ids": ["drive_021", "drive_022", "drive_023", "drive_024", "drive_025"], "steps": 5, "ready_us": 183124964, "acquisition_ms": 43.56060000000639, "current_generation_ms": null, "assembly_ms": 6.076675999992176, "verification_ms": 48.44938500002627, "wire_ms": 62.988, "total_ms": 228.53406100001843, "age_us": 250000, "cached_work_ms": 345.445581999968, "action_slack_us": 25000, "hypothetical_action_pass": true}}
{"target": {"run": "c0_view0_reuse_fixed", "id": "drive_025", "repeat": 2, "method": "cold_native", "geometry": false, "bytes": 0, "raw_bytes": 0, "planned_ids": ["drive_025"], "steps": 0, "ready_us": 183105193, "acquisition_ms": 43.56060000000639, "current_generation_ms": 47.68701300000089, "assembly_ms": 0.00017799999341150397, "verification_ms": 0.0, "wire_ms": 20, "total_ms": 111.2491779999934, "age_us": 150000, "cached_work_ms": 0.0, "action_slack_us": null, "hypothetical_action_pass": false}}
{"maintenance": {"run": "c0_view0_reuse_fixed", "id": "drive_026", "repeat": 2, "ref_us": 183413944, "arrival_us": 183458584, "start_us": 183458584, "finish_us": 183528985, "generation_ms": 70.40047399999594, "queue_wait_us": 0, "geometry": true}}
{"maintenance": {"run": "c0_view0_reuse_fixed", "id": "drive_027", "repeat": 2, "ref_us": 183813944, "arrival_us": 183864364, "start_us": 183864364, "finish_us": 183932094, "generation_ms": 67.72978300000432, "queue_wait_us": 0, "geometry": true}}
{"maintenance": {"run": "c0_view0_reuse_fixed", "id": "drive_028", "repeat": 2, "ref_us": 184213944, "arrival_us": 184263046, "start_us": 184263046, "finish_us": 184333537, "generation_ms": 70.49032099999408, "queue_wait_us": 0, "geometry": true}}
{"maintenance": {"run": "c0_view0_reuse_fixed", "id": "drive_029", "repeat": 2, "ref_us": 184613944, "arrival_us": 184661978, "start_us": 184661978, "finish_us": 184733349, "generation_ms": 71.37005399999907, "queue_wait_us": 0, "geometry": true}}
{"maintenance": {"run": "c0_view0_reuse_fixed", "id": "drive_030", "repeat": 2, "ref_us": 185013944, "arrival_us": 185070501, "start_us": 185070501, "finish_us": 185137939, "generation_ms": 67.43709100001638, "queue_wait_us": 0, "geometry": true}}
{"maintenance": {"run": "c0_view0_reuse_fixed", "id": "drive_031", "repeat": 2, "ref_us": 185413944, "arrival_us": 185462917, "start_us": 185462917, "finish_us": 185532134, "generation_ms": 69.21663599999306, "queue_wait_us": 0, "geometry": true}}
{"maintenance": {"run": "c0_view0_reuse_fixed", "id": "drive_032", "repeat": 2, "ref_us": 185863944, "arrival_us": 185911947, "start_us": 185911947, "finish_us": 185980661, "generation_ms": 68.7136589999966, "queue_wait_us": 0, "geometry": true}}
{"maintenance": {"run": "c0_view0_reuse_fixed", "id": "drive_033", "repeat": 2, "ref_us": 186263944, "arrival_us": 186303863, "start_us": 186303863, "finish_us": 186372897, "generation_ms": 69.03304599998705, "queue_wait_us": 0, "geometry": true}}
{"maintenance": {"run": "c0_view0_reuse_fixed", "id": "drive_034", "repeat": 2, "ref_us": 186663944, "arrival_us": 186704834, "start_us": 186704834, "finish_us": 186773669, "generation_ms": 68.83453499997927, "queue_wait_us": 0, "geometry": true}}
{"maintenance": {"run": "c0_view0_reuse_fixed", "id": "drive_035", "repeat": 2, "ref_us": 187063944, "arrival_us": 187105725, "start_us": 187105725, "finish_us": 187175012, "generation_ms": 69.28612999999473, "queue_wait_us": 0, "geometry": true}}
{"maintenance": {"run": "c0_view0_reuse_fixed", "id": "drive_036", "repeat": 2, "ref_us": 187463944, "arrival_us": 187501960, "start_us": 187501960, "finish_us": 187571704, "generation_ms": 69.74368599998115, "queue_wait_us": 0, "geometry": true}}
{"maintenance": {"run": "c0_view0_reuse_fixed", "id": "drive_037", "repeat": 2, "ref_us": 187863944, "arrival_us": 187900672, "start_us": 187900672, "finish_us": 187969862, "generation_ms": 69.18912300000102, "queue_wait_us": 0, "geometry": true}}
{"maintenance": {"run": "c0_view0_reuse_fixed", "id": "drive_038", "repeat": 2, "ref_us": 188263944, "arrival_us": 188314115, "start_us": 188314115, "finish_us": 188384703, "generation_ms": 70.5871719999891, "queue_wait_us": 0, "geometry": true}}
{"maintenance": {"run": "c0_view0_reuse_fixed", "id": "drive_039", "repeat": 2, "ref_us": 188663944, "arrival_us": 188708201, "start_us": 188708201, "finish_us": 188786752, "generation_ms": 78.55038600001762, "queue_wait_us": 0, "geometry": true}}
{"target": {"run": "c0_view0_reuse_fixed", "id": "drive_039", "repeat": 2, "method": "stream_fixed", "geometry": true, "bytes": 408340, "raw_bytes": 1546071, "planned_ids": ["drive_021", "drive_022", "drive_023", "drive_024", "drive_025", "drive_026", "drive_027", "drive_028", "drive_029", "drive_030", "drive_031", "drive_032", "drive_033", "drive_034", "drive_035", "drive_036", "drive_037", "drive_038", "drive_039"], "steps": 19, "ready_us": 188786752, "acquisition_ms": 44.25674600000207, "current_generation_ms": null, "assembly_ms": 22.985515999977224, "verification_ms": 210.61475299998733, "wire_ms": 183.336, "total_ms": 539.7442689999646, "age_us": 550000, "cached_work_ms": 1326.0276779999174, "action_slack_us": -275000, "hypothetical_action_pass": false}}
{"target": {"run": "c0_view0_reuse_fixed", "id": "drive_039", "repeat": 2, "method": "cold_native", "geometry": false, "bytes": 0, "raw_bytes": 0, "planned_ids": ["drive_039"], "steps": 0, "ready_us": 188755588, "acquisition_ms": 44.25674600000207, "current_generation_ms": 47.386692999992874, "assembly_ms": 0.00033400002052985656, "verification_ms": 0.0, "wire_ms": 20, "total_ms": 111.64433400002054, "age_us": 150000, "cached_work_ms": 0.0, "action_slack_us": null, "hypothetical_action_pass": false}}
{"maintenance": {"run": "c0_view0_reuse_rate20", "id": "drive_020", "repeat": 0, "ref_us": 86063942, "arrival_us": 86118107, "start_us": 86118107, "finish_us": 86187498, "generation_ms": 69.39028600001507, "queue_wait_us": 0, "geometry": true}}
{"maintenance": {"run": "c0_view0_reuse_rate20", "id": "drive_021", "repeat": 0, "ref_us": 86313943, "arrival_us": 86356177, "start_us": 86356177, "finish_us": 86426775, "generation_ms": 70.59780699998441, "queue_wait_us": 0, "geometry": true}}
{"maintenance": {"run": "c0_view0_reuse_rate20", "id": "drive_022", "repeat": 0, "ref_us": 86713943, "arrival_us": 86762102, "start_us": 86762102, "finish_us": 86831397, "generation_ms": 69.29435899999703, "queue_wait_us": 0, "geometry": true}}
{"maintenance": {"run": "c0_view0_reuse_rate20", "id": "drive_023", "repeat": 0, "ref_us": 87113943, "arrival_us": 87153868, "start_us": 87153868, "finish_us": 87224602, "generation_ms": 70.73398899999006, "queue_wait_us": 0, "geometry": true}}
{"maintenance": {"run": "c0_view0_reuse_rate20", "id": "drive_024", "repeat": 0, "ref_us": 87513943, "arrival_us": 87559484, "start_us": 87559484, "finish_us": 87627649, "generation_ms": 68.16473200001383, "queue_wait_us": 0, "geometry": true}}
{"maintenance": {"run": "c0_view0_reuse_rate20", "id": "drive_025", "repeat": 0, "ref_us": 87913943, "arrival_us": 87963949, "start_us": 87963949, "finish_us": 88032668, "generation_ms": 68.71849399999519, "queue_wait_us": 0, "geometry": true}}
{"target": {"run": "c0_view0_reuse_rate20", "id": "drive_025", "repeat": 0, "method": "stream_fixed", "geometry": true, "bytes": 128069, "raw_bytes": 471323, "planned_ids": ["drive_020", "drive_021", "drive_022", "drive_023", "drive_024", "drive_025"], "steps": 6, "ready_us": 88032668, "acquisition_ms": 50.00527800000043, "current_generation_ms": null, "assembly_ms": 7.040021000022989, "verification_ms": 67.52723599998944, "wire_ms": 71.2276, "total_ms": 264.5198570000124, "age_us": 300000, "cached_work_ms": 416.8996669999956, "action_slack_us": -25000, "hypothetical_action_pass": false}}
{"target": {"run": "c0_view0_reuse_rate20", "id": "drive_025", "repeat": 0, "method": "cold_native", "geometry": false, "bytes": 0, "raw_bytes": 0, "planned_ids": ["drive_025"], "steps": 0, "ready_us": 88011682, "acquisition_ms": 50.00527800000043, "current_generation_ms": 47.732923000012306, "assembly_ms": 0.00024300001655319647, "verification_ms": 0.0, "wire_ms": 20, "total_ms": 117.73924300001656, "age_us": 150000, "cached_work_ms": 0.0, "action_slack_us": null, "hypothetical_action_pass": false}}
{"maintenance": {"run": "c0_view0_reuse_rate20", "id": "drive_026", "repeat": 0, "ref_us": 88313943, "arrival_us": 88365663, "start_us": 88365663, "finish_us": 88437249, "generation_ms": 71.5850889999956, "queue_wait_us": 0, "geometry": true}}
{"maintenance": {"run": "c0_view0_reuse_rate20", "id": "drive_027", "repeat": 0, "ref_us": 88713943, "arrival_us": 88763516, "start_us": 88763516, "finish_us": 88833146, "generation_ms": 69.62952599999994, "queue_wait_us": 0, "geometry": true}}
{"maintenance": {"run": "c0_view0_reuse_rate20", "id": "drive_028", "repeat": 0, "ref_us": 89113943, "arrival_us": 89164819, "start_us": 89164819, "finish_us": 89236258, "generation_ms": 71.43864799999733, "queue_wait_us": 0, "geometry": true}}
{"maintenance": {"run": "c0_view0_reuse_rate20", "id": "drive_029", "repeat": 0, "ref_us": 89513943, "arrival_us": 89565397, "start_us": 89565397, "finish_us": 89635617, "generation_ms": 70.21998499999427, "queue_wait_us": 0, "geometry": true}}
{"maintenance": {"run": "c0_view0_reuse_rate20", "id": "drive_030", "repeat": 0, "ref_us": 89913943, "arrival_us": 89960088, "start_us": 89960088, "finish_us": 90027797, "generation_ms": 67.7088840000124, "queue_wait_us": 0, "geometry": true}}
{"maintenance": {"run": "c0_view0_reuse_rate20", "id": "drive_031", "repeat": 0, "ref_us": 90313943, "arrival_us": 90371903, "start_us": 90371903, "finish_us": 90442650, "generation_ms": 70.7467759999929, "queue_wait_us": 0, "geometry": true}}
{"maintenance": {"run": "c0_view0_reuse_rate20", "id": "drive_032", "repeat": 0, "ref_us": 90713943, "arrival_us": 90766346, "start_us": 90766346, "finish_us": 90835500, "generation_ms": 69.15325599999278, "queue_wait_us": 0, "geometry": true}}
{"maintenance": {"run": "c0_view0_reuse_rate20", "id": "drive_033", "repeat": 0, "ref_us": 91113943, "arrival_us": 91165108, "start_us": 91165108, "finish_us": 91237121, "generation_ms": 72.0128060000036, "queue_wait_us": 0, "geometry": true}}
{"maintenance": {"run": "c0_view0_reuse_rate20", "id": "drive_034", "repeat": 0, "ref_us": 91513943, "arrival_us": 91560448, "start_us": 91560448, "finish_us": 91630190, "generation_ms": 69.74167600000669, "queue_wait_us": 0, "geometry": true}}
{"maintenance": {"run": "c0_view0_reuse_rate20", "id": "drive_035", "repeat": 0, "ref_us": 91913943, "arrival_us": 91959358, "start_us": 91959358, "finish_us": 92029631, "generation_ms": 70.27231800000777, "queue_wait_us": 0, "geometry": true}}
{"maintenance": {"run": "c0_view0_reuse_rate20", "id": "drive_036", "repeat": 0, "ref_us": 92313943, "arrival_us": 92365694, "start_us": 92365694, "finish_us": 92445784, "generation_ms": 80.08984200000668, "queue_wait_us": 0, "geometry": true}}
{"maintenance": {"run": "c0_view0_reuse_rate20", "id": "drive_037", "repeat": 0, "ref_us": 92713943, "arrival_us": 92763700, "start_us": 92763700, "finish_us": 92832149, "generation_ms": 68.44812299999603, "queue_wait_us": 0, "geometry": true}}
{"maintenance": {"run": "c0_view0_reuse_rate20", "id": "drive_038", "repeat": 0, "ref_us": 93113943, "arrival_us": 93161448, "start_us": 93161448, "finish_us": 93228876, "generation_ms": 67.42730600001323, "queue_wait_us": 0, "geometry": true}}
{"maintenance": {"run": "c0_view0_reuse_rate20", "id": "drive_039", "repeat": 0, "ref_us": 93513943, "arrival_us": 93556954, "start_us": 93556954, "finish_us": 93626418, "generation_ms": 69.46384199997624, "queue_wait_us": 0, "geometry": true}}
{"target": {"run": "c0_view0_reuse_rate20", "id": "drive_039", "repeat": 0, "method": "stream_fixed", "geometry": true, "bytes": 426515, "raw_bytes": 1570715, "planned_ids": ["drive_020", "drive_021", "drive_022", "drive_023", "drive_024", "drive_025", "drive_026", "drive_027", "drive_028", "drive_029", "drive_030", "drive_031", "drive_032", "drive_033", "drive_034", "drive_035", "drive_036", "drive_037", "drive_038", "drive_039"], "steps": 20, "ready_us": 93626418, "acquisition_ms": 43.01064500000962, "current_generation_ms": null, "assembly_ms": 22.996693999999707, "verification_ms": 228.99848699998415, "wire_ms": 190.606, "total_ms": 555.0761809999839, "age_us": 600000, "cached_work_ms": 1404.837743999991, "action_slack_us": -325000, "hypothetical_action_pass": false}}
{"target": {"run": "c0_view0_reuse_rate20", "id": "drive_039", "repeat": 0, "method": "cold_native", "geometry": false, "bytes": 0, "raw_bytes": 0, "planned_ids": ["drive_039"], "steps": 0, "ready_us": 93604634, "acquisition_ms": 43.01064500000962, "current_generation_ms": 47.67972599998416, "assembly_ms": 0.0002650000112680573, "verification_ms": 0.0, "wire_ms": 20, "total_ms": 110.69126500001127, "age_us": 150000, "cached_work_ms": 0.0, "action_slack_us": null, "hypothetical_action_pass": false}}
{"maintenance": {"run": "c0_view0_reuse_rate20", "id": "drive_020", "repeat": 1, "ref_us": 86063942, "arrival_us": 86118107, "start_us": 86118107, "finish_us": 86187138, "generation_ms": 69.03051599999799, "queue_wait_us": 0, "geometry": true}}
{"maintenance": {"run": "c0_view0_reuse_rate20", "id": "drive_021", "repeat": 1, "ref_us": 86313943, "arrival_us": 86356177, "start_us": 86356177, "finish_us": 86426915, "generation_ms": 70.73777700000505, "queue_wait_us": 0, "geometry": true}}
{"maintenance": {"run": "c0_view0_reuse_rate20", "id": "drive_022", "repeat": 1, "ref_us": 86713943, "arrival_us": 86762102, "start_us": 86762102, "finish_us": 86834058, "generation_ms": 71.95518599999673, "queue_wait_us": 0, "geometry": true}}
{"maintenance": {"run": "c0_view0_reuse_rate20", "id": "drive_023", "repeat": 1, "ref_us": 87113943, "arrival_us": 87153868, "start_us": 87153868, "finish_us": 87223875, "generation_ms": 70.00673299998539, "queue_wait_us": 0, "geometry": true}}
{"maintenance": {"run": "c0_view0_reuse_rate20", "id": "drive_024", "repeat": 1, "ref_us": 87513943, "arrival_us": 87559484, "start_us": 87559484, "finish_us": 87630690, "generation_ms": 71.20514499999331, "queue_wait_us": 0, "geometry": true}}
{"maintenance": {"run": "c0_view0_reuse_rate20", "id": "drive_025", "repeat": 1, "ref_us": 87913943, "arrival_us": 87963949, "start_us": 87963949, "finish_us": 88034107, "generation_ms": 70.15701400001717, "queue_wait_us": 0, "geometry": true}}
{"target": {"run": "c0_view0_reuse_rate20", "id": "drive_025", "repeat": 1, "method": "stream_fixed", "geometry": true, "bytes": 128069, "raw_bytes": 471323, "planned_ids": ["drive_020", "drive_021", "drive_022", "drive_023", "drive_024", "drive_025"], "steps": 6, "ready_us": 88034107, "acquisition_ms": 50.00527800000043, "current_generation_ms": null, "assembly_ms": 7.577456000007032, "verification_ms": 67.29399100001388, "wire_ms": 71.2276, "total_ms": 266.2630470000209, "age_us": 300000, "cached_work_ms": 423.09237099999564, "action_slack_us": -25000, "hypothetical_action_pass": false}}
{"target": {"run": "c0_view0_reuse_rate20", "id": "drive_025", "repeat": 1, "method": "cold_native", "geometry": false, "bytes": 0, "raw_bytes": 0, "planned_ids": ["drive_025"], "steps": 0, "ready_us": 88011652, "acquisition_ms": 50.00527800000043, "current_generation_ms": 47.70208399997955, "assembly_ms": 0.0001549999808503344, "verification_ms": 0.0, "wire_ms": 20, "total_ms": 117.70915499998085, "age_us": 150000, "cached_work_ms": 0.0, "action_slack_us": null, "hypothetical_action_pass": false}}
{"maintenance": {"run": "c0_view0_reuse_rate20", "id": "drive_026", "repeat": 1, "ref_us": 88313943, "arrival_us": 88365663, "start_us": 88365663, "finish_us": 88435574, "generation_ms": 69.91072200000303, "queue_wait_us": 0, "geometry": true}}
{"maintenance": {"run": "c0_view0_reuse_rate20", "id": "drive_027", "repeat": 1, "ref_us": 88713943, "arrival_us": 88763516, "start_us": 88763516, "finish_us": 88833062, "generation_ms": 69.54592299999263, "queue_wait_us": 0, "geometry": true}}
{"maintenance": {"run": "c0_view0_reuse_rate20", "id": "drive_028", "repeat": 1, "ref_us": 89113943, "arrival_us": 89164819, "start_us": 89164819, "finish_us": 89233493, "generation_ms": 68.6733649999951, "queue_wait_us": 0, "geometry": true}}
{"maintenance": {"run": "c0_view0_reuse_rate20", "id": "drive_029", "repeat": 1, "ref_us": 89513943, "arrival_us": 89565397, "start_us": 89565397, "finish_us": 89634859, "generation_ms": 69.46186899997997, "queue_wait_us": 0, "geometry": true}}
{"maintenance": {"run": "c0_view0_reuse_rate20", "id": "drive_030", "repeat": 1, "ref_us": 89913943, "arrival_us": 89960088, "start_us": 89960088, "finish_us": 90029448, "generation_ms": 69.35997799999427, "queue_wait_us": 0, "geometry": true}}
{"maintenance": {"run": "c0_view0_reuse_rate20", "id": "drive_031", "repeat": 1, "ref_us": 90313943, "arrival_us": 90371903, "start_us": 90371903, "finish_us": 90440755, "generation_ms": 68.8512380000077, "queue_wait_us": 0, "geometry": true}}
{"maintenance": {"run": "c0_view0_reuse_rate20", "id": "drive_032", "repeat": 1, "ref_us": 90713943, "arrival_us": 90766346, "start_us": 90766346, "finish_us": 90836046, "generation_ms": 69.69958400000564, "queue_wait_us": 0, "geometry": true}}
{"maintenance": {"run": "c0_view0_reuse_rate20", "id": "drive_033", "repeat": 1, "ref_us": 91113943, "arrival_us": 91165108, "start_us": 91165108, "finish_us": 91235561, "generation_ms": 70.45256799997901, "queue_wait_us": 0, "geometry": true}}
{"maintenance": {"run": "c0_view0_reuse_rate20", "id": "drive_034", "repeat": 1, "ref_us": 91513943, "arrival_us": 91560448, "start_us": 91560448, "finish_us": 91630881, "generation_ms": 70.432186000005, "queue_wait_us": 0, "geometry": true}}
{"maintenance": {"run": "c0_view0_reuse_rate20", "id": "drive_035", "repeat": 1, "ref_us": 91913943, "arrival_us": 91959358, "start_us": 91959358, "finish_us": 92036723, "generation_ms": 77.36407400000189, "queue_wait_us": 0, "geometry": true}}
{"maintenance": {"run": "c0_view0_reuse_rate20", "id": "drive_036", "repeat": 1, "ref_us": 92313943, "arrival_us": 92365694, "start_us": 92365694, "finish_us": 92434566, "generation_ms": 68.87171999997577, "queue_wait_us": 0, "geometry": true}}
{"maintenance": {"run": "c0_view0_reuse_rate20", "id": "drive_037", "repeat": 1, "ref_us": 92713943, "arrival_us": 92763700, "start_us": 92763700, "finish_us": 92834189, "generation_ms": 70.48836199999187, "queue_wait_us": 0, "geometry": true}}
{"maintenance": {"run": "c0_view0_reuse_rate20", "id": "drive_038", "repeat": 1, "ref_us": 93113943, "arrival_us": 93161448, "start_us": 93161448, "finish_us": 93232388, "generation_ms": 70.93939399999272, "queue_wait_us": 0, "geometry": true}}
{"maintenance": {"run": "c0_view0_reuse_rate20", "id": "drive_039", "repeat": 1, "ref_us": 93513943, "arrival_us": 93556954, "start_us": 93556954, "finish_us": 93628823, "generation_ms": 71.86883399998578, "queue_wait_us": 0, "geometry": true}}
{"target": {"run": "c0_view0_reuse_rate20", "id": "drive_039", "repeat": 1, "method": "stream_fixed", "geometry": true, "bytes": 426515, "raw_bytes": 1570715, "planned_ids": ["drive_020", "drive_021", "drive_022", "drive_023", "drive_024", "drive_025", "drive_026", "drive_027", "drive_028", "drive_029", "drive_030", "drive_031", "drive_032", "drive_033", "drive_034", "drive_035", "drive_036", "drive_037", "drive_038", "drive_039"], "steps": 20, "ready_us": 93628823, "acquisition_ms": 43.01064500000962, "current_generation_ms": null, "assembly_ms": 23.798653999989483, "verification_ms": 228.90785100000244, "wire_ms": 190.606, "total_ms": 558.1925049999919, "age_us": 600000, "cached_work_ms": 1409.012187999906, "action_slack_us": -325000, "hypothetical_action_pass": false}}
{"target": {"run": "c0_view0_reuse_rate20", "id": "drive_039", "repeat": 1, "method": "cold_native", "geometry": false, "bytes": 0, "raw_bytes": 0, "planned_ids": ["drive_039"], "steps": 0, "ready_us": 93604045, "acquisition_ms": 43.01064500000962, "current_generation_ms": 47.09006900000645, "assembly_ms": 0.00027100000465907215, "verification_ms": 0.0, "wire_ms": 20, "total_ms": 110.10227100000466, "age_us": 150000, "cached_work_ms": 0.0, "action_slack_us": null, "hypothetical_action_pass": false}}
{"maintenance": {"run": "c0_view0_reuse_rate20", "id": "drive_020", "repeat": 2, "ref_us": 86063942, "arrival_us": 86118107, "start_us": 86118107, "finish_us": 86187775, "generation_ms": 69.66791600001443, "queue_wait_us": 0, "geometry": true}}
{"maintenance": {"run": "c0_view0_reuse_rate20", "id": "drive_021", "repeat": 2, "ref_us": 86313943, "arrival_us": 86356177, "start_us": 86356177, "finish_us": 86426390, "generation_ms": 70.21204200000852, "queue_wait_us": 0, "geometry": true}}
{"maintenance": {"run": "c0_view0_reuse_rate20", "id": "drive_022", "repeat": 2, "ref_us": 86713943, "arrival_us": 86762102, "start_us": 86762102, "finish_us": 86832812, "generation_ms": 70.7091650000109, "queue_wait_us": 0, "geometry": true}}
{"maintenance": {"run": "c0_view0_reuse_rate20", "id": "drive_023", "repeat": 2, "ref_us": 87113943, "arrival_us": 87153868, "start_us": 87153868, "finish_us": 87224002, "generation_ms": 70.13392199999657, "queue_wait_us": 0, "geometry": true}}
{"maintenance": {"run": "c0_view0_reuse_rate20", "id": "drive_024", "repeat": 2, "ref_us": 87513943, "arrival_us": 87559484, "start_us": 87559484, "finish_us": 87625945, "generation_ms": 66.46030199999586, "queue_wait_us": 0, "geometry": true}}
{"maintenance": {"run": "c0_view0_reuse_rate20", "id": "drive_025", "repeat": 2, "ref_us": 87913943, "arrival_us": 87963949, "start_us": 87963949, "finish_us": 88031528, "generation_ms": 67.57891600000221, "queue_wait_us": 0, "geometry": true}}
{"target": {"run": "c0_view0_reuse_rate20", "id": "drive_025", "repeat": 2, "method": "stream_fixed", "geometry": true, "bytes": 128069, "raw_bytes": 471323, "planned_ids": ["drive_020", "drive_021", "drive_022", "drive_023", "drive_024", "drive_025"], "steps": 6, "ready_us": 88031528, "acquisition_ms": 50.00527800000043, "current_generation_ms": null, "assembly_ms": 7.049032999987048, "verification_ms": 68.0501500000048, "wire_ms": 71.2276, "total_ms": 263.91178299999183, "age_us": 300000, "cached_work_ms": 414.7622630000285, "action_slack_us": -25000, "hypothetical_action_pass": false}}
{"target": {"run": "c0_view0_reuse_rate20", "id": "drive_025", "repeat": 2, "method": "cold_native", "geometry": false, "bytes": 0, "raw_bytes": 0, "planned_ids": ["drive_025"], "steps": 0, "ready_us": 88011955, "acquisition_ms": 50.00527800000043, "current_generation_ms": 48.00513399999318, "assembly_ms": 0.0003590000119402248, "verification_ms": 0.0, "wire_ms": 20, "total_ms": 118.01235900001194, "age_us": 150000, "cached_work_ms": 0.0, "action_slack_us": null, "hypothetical_action_pass": false}}
{"maintenance": {"run": "c0_view0_reuse_rate20", "id": "drive_026", "repeat": 2, "ref_us": 88313943, "arrival_us": 88365663, "start_us": 88365663, "finish_us": 88434618, "generation_ms": 68.95448000000215, "queue_wait_us": 0, "geometry": true}}
{"maintenance": {"run": "c0_view0_reuse_rate20", "id": "drive_027", "repeat": 2, "ref_us": 88713943, "arrival_us": 88763516, "start_us": 88763516, "finish_us": 88832366, "generation_ms": 68.84947800000418, "queue_wait_us": 0, "geometry": true}}
{"maintenance": {"run": "c0_view0_reuse_rate20", "id": "drive_028", "repeat": 2, "ref_us": 89113943, "arrival_us": 89164819, "start_us": 89164819, "finish_us": 89234754, "generation_ms": 69.93414999999459, "queue_wait_us": 0, "geometry": true}}
{"maintenance": {"run": "c0_view0_reuse_rate20", "id": "drive_029", "repeat": 2, "ref_us": 89513943, "arrival_us": 89565397, "start_us": 89565397, "finish_us": 89634264, "generation_ms": 68.86676400000624, "queue_wait_us": 0, "geometry": true}}
{"maintenance": {"run": "c0_view0_reuse_rate20", "id": "drive_030", "repeat": 2, "ref_us": 89913943, "arrival_us": 89960088, "start_us": 89960088, "finish_us": 90032767, "generation_ms": 72.67860799998971, "queue_wait_us": 0, "geometry": true}}
{"maintenance": {"run": "c0_view0_reuse_rate20", "id": "drive_031", "repeat": 2, "ref_us": 90313943, "arrival_us": 90371903, "start_us": 90371903, "finish_us": 90440099, "generation_ms": 68.19549200000097, "queue_wait_us": 0, "geometry": true}}
{"maintenance": {"run": "c0_view0_reuse_rate20", "id": "drive_032", "repeat": 2, "ref_us": 90713943, "arrival_us": 90766346, "start_us": 90766346, "finish_us": 90835281, "generation_ms": 68.9344769999991, "queue_wait_us": 0, "geometry": true}}
{"maintenance": {"run": "c0_view0_reuse_rate20", "id": "drive_033", "repeat": 2, "ref_us": 91113943, "arrival_us": 91165108, "start_us": 91165108, "finish_us": 91236452, "generation_ms": 71.3436999999999, "queue_wait_us": 0, "geometry": true}}
{"maintenance": {"run": "c0_view0_reuse_rate20", "id": "drive_034", "repeat": 2, "ref_us": 91513943, "arrival_us": 91560448, "start_us": 91560448, "finish_us": 91630157, "generation_ms": 69.70897899998363, "queue_wait_us": 0, "geometry": true}}
{"maintenance": {"run": "c0_view0_reuse_rate20", "id": "drive_035", "repeat": 2, "ref_us": 91913943, "arrival_us": 91959358, "start_us": 91959358, "finish_us": 92026693, "generation_ms": 67.33494600001677, "queue_wait_us": 0, "geometry": true}}
{"maintenance": {"run": "c0_view0_reuse_rate20", "id": "drive_036", "repeat": 2, "ref_us": 92313943, "arrival_us": 92365694, "start_us": 92365694, "finish_us": 92436091, "generation_ms": 70.39659800000209, "queue_wait_us": 0, "geometry": true}}
{"maintenance": {"run": "c0_view0_reuse_rate20", "id": "drive_037", "repeat": 2, "ref_us": 92713943, "arrival_us": 92763700, "start_us": 92763700, "finish_us": 92834474, "generation_ms": 70.77346599999146, "queue_wait_us": 0, "geometry": true}}
{"maintenance": {"run": "c0_view0_reuse_rate20", "id": "drive_038", "repeat": 2, "ref_us": 93113943, "arrival_us": 93161448, "start_us": 93161448, "finish_us": 93232444, "generation_ms": 70.99532600000202, "queue_wait_us": 0, "geometry": true}}
{"maintenance": {"run": "c0_view0_reuse_rate20", "id": "drive_039", "repeat": 2, "ref_us": 93513943, "arrival_us": 93556954, "start_us": 93556954, "finish_us": 93625195, "generation_ms": 68.24015800000893, "queue_wait_us": 0, "geometry": true}}
{"target": {"run": "c0_view0_reuse_rate20", "id": "drive_039", "repeat": 2, "method": "stream_fixed", "geometry": true, "bytes": 426515, "raw_bytes": 1570715, "planned_ids": ["drive_020", "drive_021", "drive_022", "drive_023", "drive_024", "drive_025", "drive_026", "drive_027", "drive_028", "drive_029", "drive_030", "drive_031", "drive_032", "drive_033", "drive_034", "drive_035", "drive_036", "drive_037", "drive_038", "drive_039"], "steps": 20, "ready_us": 93625195, "acquisition_ms": 43.01064500000962, "current_generation_ms": null, "assembly_ms": 23.912219999999706, "verification_ms": 220.2727789999983, "wire_ms": 190.606, "total_ms": 546.042998999998, "age_us": 550000, "cached_work_ms": 1389.9688850000302, "action_slack_us": -275000, "hypothetical_action_pass": false}}
{"target": {"run": "c0_view0_reuse_rate20", "id": "drive_039", "repeat": 2, "method": "cold_native", "geometry": false, "bytes": 0, "raw_bytes": 0, "planned_ids": ["drive_039"], "steps": 0, "ready_us": 93605587, "acquisition_ms": 43.01064500000962, "current_generation_ms": 48.632007000009025, "assembly_ms": 0.00033499998153274646, "verification_ms": 0.0, "wire_ms": 20, "total_ms": 111.64433499998154, "age_us": 150000, "cached_work_ms": 0.0, "action_slack_us": null, "hypothetical_action_pass": false}}
{"maintenance": {"run": "c2_view0_reference_rate20", "id": "drive_020", "repeat": 0, "ref_us": 111863943, "arrival_us": 111913459, "start_us": 111913459, "finish_us": 111989342, "generation_ms": 75.88268599999992, "queue_wait_us": 0, "geometry": true}}
{"maintenance": {"run": "c2_view0_reference_rate20", "id": "drive_021", "repeat": 0, "ref_us": 112113943, "arrival_us": 112152844, "start_us": 112152844, "finish_us": 112224044, "generation_ms": 71.19998100000657, "queue_wait_us": 0, "geometry": true}}
{"maintenance": {"run": "c2_view0_reference_rate20", "id": "drive_022", "repeat": 0, "ref_us": 112613943, "arrival_us": 112666905, "start_us": 112666905, "finish_us": 112738326, "generation_ms": 71.42052100002161, "queue_wait_us": 0, "geometry": true}}
{"maintenance": {"run": "c2_view0_reference_rate20", "id": "drive_023", "repeat": 0, "ref_us": 113113943, "arrival_us": 113163652, "start_us": 113163652, "finish_us": 113233409, "generation_ms": 69.75615999999718, "queue_wait_us": 0, "geometry": true}}
{"maintenance": {"run": "c2_view0_reference_rate20", "id": "drive_024", "repeat": 0, "ref_us": 113613943, "arrival_us": 113654916, "start_us": 113654916, "finish_us": 113731164, "generation_ms": 76.2472399999865, "queue_wait_us": 0, "geometry": true}}
{"maintenance": {"run": "c2_view0_reference_rate20", "id": "drive_025", "repeat": 0, "ref_us": 114063943, "arrival_us": 114110732, "start_us": 114110732, "finish_us": 114185921, "generation_ms": 75.18866399999524, "queue_wait_us": 0, "geometry": true}}
{"target": {"run": "c2_view0_reference_rate20", "id": "drive_025", "repeat": 0, "method": "stream_fixed", "geometry": false, "bytes": 0, "raw_bytes": 0, "planned_ids": ["drive_025"], "steps": 0, "ready_us": 114185921, "acquisition_ms": 46.78817600000684, "current_generation_ms": null, "assembly_ms": 0.00046099998485260585, "verification_ms": 0.0, "wire_ms": 20, "total_ms": 141.97846099998486, "age_us": 150000, "cached_work_ms": 0.0, "action_slack_us": null, "hypothetical_action_pass": false}}
{"target": {"run": "c2_view0_reference_rate20", "id": "drive_025", "repeat": 0, "method": "cold_native", "geometry": false, "bytes": 0, "raw_bytes": 0, "planned_ids": ["drive_025"], "steps": 0, "ready_us": 114159500, "acquisition_ms": 46.78817600000684, "current_generation_ms": 48.76708599999802, "assembly_ms": 0.00039100001458791667, "verification_ms": 0.0, "wire_ms": 20, "total_ms": 115.55739100001459, "age_us": 150000, "cached_work_ms": 0.0, "action_slack_us": null, "hypothetical_action_pass": false}}
{"maintenance": {"run": "c2_view0_reference_rate20", "id": "drive_026", "repeat": 0, "ref_us": 114513943, "arrival_us": 114556132, "start_us": 114556132, "finish_us": 114630433, "generation_ms": 74.30026000000112, "queue_wait_us": 0, "geometry": true}}
{"maintenance": {"run": "c2_view0_reference_rate20", "id": "drive_027", "repeat": 0, "ref_us": 114963943, "arrival_us": 115012010, "start_us": 115012010, "finish_us": 115082512, "generation_ms": 70.50185200000669, "queue_wait_us": 0, "geometry": true}}
{"maintenance": {"run": "c2_view0_reference_rate20", "id": "drive_028", "repeat": 0, "ref_us": 115463943, "arrival_us": 115515487, "start_us": 115515487, "finish_us": 115587993, "generation_ms": 72.50510500000473, "queue_wait_us": 0, "geometry": true}}
{"maintenance": {"run": "c2_view0_reference_rate20", "id": "drive_029", "repeat": 0, "ref_us": 115963943, "arrival_us": 116011230, "start_us": 116011230, "finish_us": 116083496, "generation_ms": 72.26520300000061, "queue_wait_us": 0, "geometry": true}}
{"maintenance": {"run": "c2_view0_reference_rate20", "id": "drive_030", "repeat": 0, "ref_us": 116463943, "arrival_us": 116511743, "start_us": 116511743, "finish_us": 116584736, "generation_ms": 72.99213199999599, "queue_wait_us": 0, "geometry": true}}
{"maintenance": {"run": "c2_view0_reference_rate20", "id": "drive_031", "repeat": 0, "ref_us": 116963943, "arrival_us": 117011570, "start_us": 117011570, "finish_us": 117089670, "generation_ms": 78.09959899998375, "queue_wait_us": 0, "geometry": true}}
{"maintenance": {"run": "c2_view0_reference_rate20", "id": "drive_032", "repeat": 0, "ref_us": 117463943, "arrival_us": 117517111, "start_us": 117517111, "finish_us": 117588221, "generation_ms": 71.10923700000171, "queue_wait_us": 0, "geometry": true}}
{"maintenance": {"run": "c2_view0_reference_rate20", "id": "drive_033", "repeat": 0, "ref_us": 117963943, "arrival_us": 118009459, "start_us": 118009459, "finish_us": 118080235, "generation_ms": 70.77579099998843, "queue_wait_us": 0, "geometry": true}}
{"maintenance": {"run": "c2_view0_reference_rate20", "id": "drive_034", "repeat": 0, "ref_us": 118463943, "arrival_us": 118508647, "start_us": 118508647, "finish_us": 118582007, "generation_ms": 73.35904799998616, "queue_wait_us": 0, "geometry": true}}
{"maintenance": {"run": "c2_view0_reference_rate20", "id": "drive_035", "repeat": 0, "ref_us": 118963943, "arrival_us": 119005409, "start_us": 119005409, "finish_us": 119077033, "generation_ms": 71.62388299997247, "queue_wait_us": 0, "geometry": true}}
{"maintenance": {"run": "c2_view0_reference_rate20", "id": "drive_036", "repeat": 0, "ref_us": 119413943, "arrival_us": 119457838, "start_us": 119457838, "finish_us": 119528933, "generation_ms": 71.0941499999933, "queue_wait_us": 0, "geometry": true}}
{"maintenance": {"run": "c2_view0_reference_rate20", "id": "drive_037", "repeat": 0, "ref_us": 119913943, "arrival_us": 119960428, "start_us": 119960428, "finish_us": 120030370, "generation_ms": 69.94161299999746, "queue_wait_us": 0, "geometry": true}}
{"maintenance": {"run": "c2_view0_reference_rate20", "id": "drive_038", "repeat": 0, "ref_us": 120363943, "arrival_us": 120409057, "start_us": 120409057, "finish_us": 120478801, "generation_ms": 69.74301400001082, "queue_wait_us": 0, "geometry": true}}
{"maintenance": {"run": "c2_view0_reference_rate20", "id": "drive_039", "repeat": 0, "ref_us": 120863943, "arrival_us": 120900244, "start_us": 120900244, "finish_us": 120968904, "generation_ms": 68.6594740000146, "queue_wait_us": 0, "geometry": true}}
{"target": {"run": "c2_view0_reference_rate20", "id": "drive_039", "repeat": 0, "method": "stream_fixed", "geometry": false, "bytes": 0, "raw_bytes": 0, "planned_ids": ["drive_039"], "steps": 0, "ready_us": 120968904, "acquisition_ms": 36.300514000004114, "current_generation_ms": null, "assembly_ms": 0.00028499999871201, "verification_ms": 0.0, "wire_ms": 20, "total_ms": 124.96128499999871, "age_us": 150000, "cached_work_ms": 0.0, "action_slack_us": null, "hypothetical_action_pass": false}}
{"target": {"run": "c2_view0_reference_rate20", "id": "drive_039", "repeat": 0, "method": "cold_native", "geometry": false, "bytes": 0, "raw_bytes": 0, "planned_ids": ["drive_039"], "steps": 0, "ready_us": 120947866, "acquisition_ms": 36.300514000004114, "current_generation_ms": 47.621726000016906, "assembly_ms": 0.0002609999967262411, "verification_ms": 0.0, "wire_ms": 20, "total_ms": 103.92326099999673, "age_us": 150000, "cached_work_ms": 0.0, "action_slack_us": null, "hypothetical_action_pass": false}}
{"maintenance": {"run": "c2_view0_reference_rate20", "id": "drive_020", "repeat": 1, "ref_us": 111863943, "arrival_us": 111913459, "start_us": 111913459, "finish_us": 111984426, "generation_ms": 70.96697000000063, "queue_wait_us": 0, "geometry": true}}
{"maintenance": {"run": "c2_view0_reference_rate20", "id": "drive_021", "repeat": 1, "ref_us": 112113943, "arrival_us": 112152844, "start_us": 112152844, "finish_us": 112228082, "generation_ms": 75.23773199997663, "queue_wait_us": 0, "geometry": true}}
{"maintenance": {"run": "c2_view0_reference_rate20", "id": "drive_022", "repeat": 1, "ref_us": 112613943, "arrival_us": 112666905, "start_us": 112666905, "finish_us": 112736981, "generation_ms": 70.07558199998698, "queue_wait_us": 0, "geometry": true}}
{"maintenance": {"run": "c2_view0_reference_rate20", "id": "drive_023", "repeat": 1, "ref_us": 113113943, "arrival_us": 113163652, "start_us": 113163652, "finish_us": 113234669, "generation_ms": 71.01662799999531, "queue_wait_us": 0, "geometry": true}}
{"maintenance": {"run": "c2_view0_reference_rate20", "id": "drive_024", "repeat": 1, "ref_us": 113613943, "arrival_us": 113654916, "start_us": 113654916, "finish_us": 113725543, "generation_ms": 70.62615899999969, "queue_wait_us": 0, "geometry": true}}
{"maintenance": {"run": "c2_view0_reference_rate20", "id": "drive_025", "repeat": 1, "ref_us": 114063943, "arrival_us": 114110732, "start_us": 114110732, "finish_us": 114182991, "generation_ms": 72.25828400001433, "queue_wait_us": 0, "geometry": true}}
{"target": {"run": "c2_view0_reference_rate20", "id": "drive_025", "repeat": 1, "method": "stream_fixed", "geometry": false, "bytes": 0, "raw_bytes": 0, "planned_ids": ["drive_025"], "steps": 0, "ready_us": 114182991, "acquisition_ms": 46.78817600000684, "current_generation_ms": null, "assembly_ms": 0.00013999999737279722, "verification_ms": 0.0, "wire_ms": 20, "total_ms": 139.04813999999737, "age_us": 150000, "cached_work_ms": 0.0, "action_slack_us": null, "hypothetical_action_pass": false}}
{"target": {"run": "c2_view0_reference_rate20", "id": "drive_025", "repeat": 1, "method": "cold_native", "geometry": false, "bytes": 0, "raw_bytes": 0, "planned_ids": ["drive_025"], "steps": 0, "ready_us": 114159468, "acquisition_ms": 46.78817600000684, "current_generation_ms": 48.73550499999624, "assembly_ms": 0.0002570000106061343, "verification_ms": 0.0, "wire_ms": 20, "total_ms": 115.52525700001061, "age_us": 150000, "cached_work_ms": 0.0, "action_slack_us": null, "hypothetical_action_pass": false}}
{"maintenance": {"run": "c2_view0_reference_rate20", "id": "drive_026", "repeat": 1, "ref_us": 114513943, "arrival_us": 114556132, "start_us": 114556132, "finish_us": 114630766, "generation_ms": 74.6337829999959, "queue_wait_us": 0, "geometry": true}}
{"maintenance": {"run": "c2_view0_reference_rate20", "id": "drive_027", "repeat": 1, "ref_us": 114963943, "arrival_us": 115012010, "start_us": 115012010, "finish_us": 115085408, "generation_ms": 73.39714700000854, "queue_wait_us": 0, "geometry": true}}
{"maintenance": {"run": "c2_view0_reference_rate20", "id": "drive_028", "repeat": 1, "ref_us": 115463943, "arrival_us": 115515487, "start_us": 115515487, "finish_us": 115585771, "generation_ms": 70.28357100000449, "queue_wait_us": 0, "geometry": true}}
{"maintenance": {"run": "c2_view0_reference_rate20", "id": "drive_029", "repeat": 1, "ref_us": 115963943, "arrival_us": 116011230, "start_us": 116011230, "finish_us": 116083401, "generation_ms": 72.17084500001647, "queue_wait_us": 0, "geometry": true}}
{"maintenance": {"run": "c2_view0_reference_rate20", "id": "drive_030", "repeat": 1, "ref_us": 116463943, "arrival_us": 116511743, "start_us": 116511743, "finish_us": 116581026, "generation_ms": 69.28250100000355, "queue_wait_us": 0, "geometry": true}}
{"maintenance": {"run": "c2_view0_reference_rate20", "id": "drive_031", "repeat": 1, "ref_us": 116963943, "arrival_us": 117011570, "start_us": 117011570, "finish_us": 117082576, "generation_ms": 71.00535500001115, "queue_wait_us": 0, "geometry": true}}
{"maintenance": {"run": "c2_view0_reference_rate20", "id": "drive_032", "repeat": 1, "ref_us": 117463943, "arrival_us": 117517111, "start_us": 117517111, "finish_us": 117586865, "generation_ms": 69.7534550000114, "queue_wait_us": 0, "geometry": true}}
{"maintenance": {"run": "c2_view0_reference_rate20", "id": "drive_033", "repeat": 1, "ref_us": 117963943, "arrival_us": 118009459, "start_us": 118009459, "finish_us": 118079941, "generation_ms": 70.48140200001285, "queue_wait_us": 0, "geometry": true}}
{"maintenance": {"run": "c2_view0_reference_rate20", "id": "drive_034", "repeat": 1, "ref_us": 118463943, "arrival_us": 118508647, "start_us": 118508647, "finish_us": 118579899, "generation_ms": 71.25119099998756, "queue_wait_us": 0, "geometry": true}}
{"maintenance": {"run": "c2_view0_reference_rate20", "id": "drive_035", "repeat": 1, "ref_us": 118963943, "arrival_us": 119005409, "start_us": 119005409, "finish_us": 119079078, "generation_ms": 73.66898300000457, "queue_wait_us": 0, "geometry": true}}
{"maintenance": {"run": "c2_view0_reference_rate20", "id": "drive_036", "repeat": 1, "ref_us": 119413943, "arrival_us": 119457838, "start_us": 119457838, "finish_us": 119531737, "generation_ms": 73.89842099999555, "queue_wait_us": 0, "geometry": true}}
{"maintenance": {"run": "c2_view0_reference_rate20", "id": "drive_037", "repeat": 1, "ref_us": 119913943, "arrival_us": 119960428, "start_us": 119960428, "finish_us": 120033707, "generation_ms": 73.27825400000165, "queue_wait_us": 0, "geometry": true}}
{"maintenance": {"run": "c2_view0_reference_rate20", "id": "drive_038", "repeat": 1, "ref_us": 120363943, "arrival_us": 120409057, "start_us": 120409057, "finish_us": 120488949, "generation_ms": 79.89100700001472, "queue_wait_us": 0, "geometry": true}}
{"maintenance": {"run": "c2_view0_reference_rate20", "id": "drive_039", "repeat": 1, "ref_us": 120863943, "arrival_us": 120900244, "start_us": 120900244, "finish_us": 120973093, "generation_ms": 72.8488390000166, "queue_wait_us": 0, "geometry": true}}
{"target": {"run": "c2_view0_reference_rate20", "id": "drive_039", "repeat": 1, "method": "stream_fixed", "geometry": false, "bytes": 0, "raw_bytes": 0, "planned_ids": ["drive_039"], "steps": 0, "ready_us": 120973093, "acquisition_ms": 36.300514000004114, "current_generation_ms": null, "assembly_ms": 0.00016899997490327223, "verification_ms": 0.0, "wire_ms": 20, "total_ms": 129.1501689999749, "age_us": 150000, "cached_work_ms": 0.0, "action_slack_us": null, "hypothetical_action_pass": false}}
{"target": {"run": "c2_view0_reference_rate20", "id": "drive_039", "repeat": 1, "method": "cold_native", "geometry": false, "bytes": 0, "raw_bytes": 0, "planned_ids": ["drive_039"], "steps": 0, "ready_us": 120946970, "acquisition_ms": 36.300514000004114, "current_generation_ms": 46.725100000003295, "assembly_ms": 0.00023600000531587284, "verification_ms": 0.0, "wire_ms": 20, "total_ms": 103.02723600000532, "age_us": 150000, "cached_work_ms": 0.0, "action_slack_us": null, "hypothetical_action_pass": false}}
{"maintenance": {"run": "c2_view0_reference_rate20", "id": "drive_020", "repeat": 2, "ref_us": 111863943, "arrival_us": 111913459, "start_us": 111913459, "finish_us": 111988457, "generation_ms": 74.99732100001211, "queue_wait_us": 0, "geometry": true}}
{"maintenance": {"run": "c2_view0_reference_rate20", "id": "drive_021", "repeat": 2, "ref_us": 112113943, "arrival_us": 112152844, "start_us": 112152844, "finish_us": 112227658, "generation_ms": 74.81388200000083, "queue_wait_us": 0, "geometry": true}}
{"maintenance": {"run": "c2_view0_reference_rate20", "id": "drive_022", "repeat": 2, "ref_us": 112613943, "arrival_us": 112666905, "start_us": 112666905, "finish_us": 112737178, "generation_ms": 70.2720529999965, "queue_wait_us": 0, "geometry": true}}
{"maintenance": {"run": "c2_view0_reference_rate20", "id": "drive_023", "repeat": 2, "ref_us": 113113943, "arrival_us": 113163652, "start_us": 113163652, "finish_us": 113232608, "generation_ms": 68.9559599999825, "queue_wait_us": 0, "geometry": true}}
{"maintenance": {"run": "c2_view0_reference_rate20", "id": "drive_024", "repeat": 2, "ref_us": 113613943, "arrival_us": 113654916, "start_us": 113654916, "finish_us": 113725191, "generation_ms": 70.27424100002122, "queue_wait_us": 0, "geometry": true}}
{"maintenance": {"run": "c2_view0_reference_rate20", "id": "drive_025", "repeat": 2, "ref_us": 114063943, "arrival_us": 114110732, "start_us": 114110732, "finish_us": 114181094, "generation_ms": 70.36140499999988, "queue_wait_us": 0, "geometry": true}}
{"target": {"run": "c2_view0_reference_rate20", "id": "drive_025", "repeat": 2, "method": "stream_fixed", "geometry": false, "bytes": 0, "raw_bytes": 0, "planned_ids": ["drive_025"], "steps": 0, "ready_us": 114181094, "acquisition_ms": 46.78817600000684, "current_generation_ms": null, "assembly_ms": 0.00017700000398690463, "verification_ms": 0.0, "wire_ms": 20, "total_ms": 137.151177000004, "age_us": 150000, "cached_work_ms": 0.0, "action_slack_us": null, "hypothetical_action_pass": false}}
{"target": {"run": "c2_view0_reference_rate20", "id": "drive_025", "repeat": 2, "method": "cold_native", "geometry": false, "bytes": 0, "raw_bytes": 0, "planned_ids": ["drive_025"], "steps": 0, "ready_us": 114156961, "acquisition_ms": 46.78817600000684, "current_generation_ms": 46.228831999997055, "assembly_ms": 0.0002550000033352262, "verification_ms": 0.0, "wire_ms": 20, "total_ms": 113.01825500000334, "age_us": 150000, "cached_work_ms": 0.0, "action_slack_us": null, "hypothetical_action_pass": false}}
{"maintenance": {"run": "c2_view0_reference_rate20", "id": "drive_026", "repeat": 2, "ref_us": 114513943, "arrival_us": 114556132, "start_us": 114556132, "finish_us": 114631281, "generation_ms": 75.14808499999504, "queue_wait_us": 0, "geometry": true}}
{"maintenance": {"run": "c2_view0_reference_rate20", "id": "drive_027", "repeat": 2, "ref_us": 114963943, "arrival_us": 115012010, "start_us": 115012010, "finish_us": 115085082, "generation_ms": 73.0718119999949, "queue_wait_us": 0, "geometry": true}}
{"maintenance": {"run": "c2_view0_reference_rate20", "id": "drive_028", "repeat": 2, "ref_us": 115463943, "arrival_us": 115515487, "start_us": 115515487, "finish_us": 115587829, "generation_ms": 72.34155000000442, "queue_wait_us": 0, "geometry": true}}
{"maintenance": {"run": "c2_view0_reference_rate20", "id": "drive_029", "repeat": 2, "ref_us": 115963943, "arrival_us": 116011230, "start_us": 116011230, "finish_us": 116084196, "generation_ms": 72.96576599998161, "queue_wait_us": 0, "geometry": true}}
{"maintenance": {"run": "c2_view0_reference_rate20", "id": "drive_030", "repeat": 2, "ref_us": 116463943, "arrival_us": 116511743, "start_us": 116511743, "finish_us": 116584425, "generation_ms": 72.68170099999338, "queue_wait_us": 0, "geometry": true}}
{"maintenance": {"run": "c2_view0_reference_rate20", "id": "drive_031", "repeat": 2, "ref_us": 116963943, "arrival_us": 117011570, "start_us": 117011570, "finish_us": 117083023, "generation_ms": 71.45262800000296, "queue_wait_us": 0, "geometry": true}}
{"maintenance": {"run": "c2_view0_reference_rate20", "id": "drive_032", "repeat": 2, "ref_us": 117463943, "arrival_us": 117517111, "start_us": 117517111, "finish_us": 117587114, "generation_ms": 70.00209899999277, "queue_wait_us": 0, "geometry": true}}
{"maintenance": {"run": "c2_view0_reference_rate20", "id": "drive_033", "repeat": 2, "ref_us": 117963943, "arrival_us": 118009459, "start_us": 118009459, "finish_us": 118080097, "generation_ms": 70.63757299999907, "queue_wait_us": 0, "geometry": true}}
{"maintenance": {"run": "c2_view0_reference_rate20", "id": "drive_034", "repeat": 2, "ref_us": 118463943, "arrival_us": 118508647, "start_us": 118508647, "finish_us": 118579699, "generation_ms": 71.05125999999018, "queue_wait_us": 0, "geometry": true}}
{"maintenance": {"run": "c2_view0_reference_rate20", "id": "drive_035", "repeat": 2, "ref_us": 118963943, "arrival_us": 119005409, "start_us": 119005409, "finish_us": 119084491, "generation_ms": 79.08162900000093, "queue_wait_us": 0, "geometry": true}}
{"maintenance": {"run": "c2_view0_reference_rate20", "id": "drive_036", "repeat": 2, "ref_us": 119413943, "arrival_us": 119457838, "start_us": 119457838, "finish_us": 119530219, "generation_ms": 72.38006500000438, "queue_wait_us": 0, "geometry": true}}
{"maintenance": {"run": "c2_view0_reference_rate20", "id": "drive_037", "repeat": 2, "ref_us": 119913943, "arrival_us": 119960428, "start_us": 119960428, "finish_us": 120033277, "generation_ms": 72.84856299997955, "queue_wait_us": 0, "geometry": true}}
{"maintenance": {"run": "c2_view0_reference_rate20", "id": "drive_038", "repeat": 2, "ref_us": 120363943, "arrival_us": 120409057, "start_us": 120409057, "finish_us": 120479775, "generation_ms": 70.71760400000926, "queue_wait_us": 0, "geometry": true}}
{"maintenance": {"run": "c2_view0_reference_rate20", "id": "drive_039", "repeat": 2, "ref_us": 120863943, "arrival_us": 120900244, "start_us": 120900244, "finish_us": 120970752, "generation_ms": 70.50703299998418, "queue_wait_us": 0, "geometry": true}}
{"target": {"run": "c2_view0_reference_rate20", "id": "drive_039", "repeat": 2, "method": "stream_fixed", "geometry": false, "bytes": 0, "raw_bytes": 0, "planned_ids": ["drive_039"], "steps": 0, "ready_us": 120970752, "acquisition_ms": 36.300514000004114, "current_generation_ms": null, "assembly_ms": 0.00014600001918552152, "verification_ms": 0.0, "wire_ms": 20, "total_ms": 126.80914600001918, "age_us": 150000, "cached_work_ms": 0.0, "action_slack_us": null, "hypothetical_action_pass": false}}
{"target": {"run": "c2_view0_reference_rate20", "id": "drive_039", "repeat": 2, "method": "cold_native", "geometry": false, "bytes": 0, "raw_bytes": 0, "planned_ids": ["drive_039"], "steps": 0, "ready_us": 120950124, "acquisition_ms": 36.300514000004114, "current_generation_ms": 49.87949000002345, "assembly_ms": 0.00013600001125269046, "verification_ms": 0.0, "wire_ms": 20, "total_ms": 106.18113600001125, "age_us": 150000, "cached_work_ms": 0.0, "action_slack_us": null, "hypothetical_action_pass": false}}
{"maintenance": {"run": "c2_view0_reuse_rate20", "id": "drive_020", "repeat": 0, "ref_us": 136963943, "arrival_us": 137004979, "start_us": 137004979, "finish_us": 137078313, "generation_ms": 73.33324100000027, "queue_wait_us": 0, "geometry": true}}
{"maintenance": {"run": "c2_view0_reuse_rate20", "id": "drive_021", "repeat": 0, "ref_us": 137213943, "arrival_us": 137252988, "start_us": 137252988, "finish_us": 137324471, "generation_ms": 71.48267400000918, "queue_wait_us": 0, "geometry": true}}
{"maintenance": {"run": "c2_view0_reuse_rate20", "id": "drive_022", "repeat": 0, "ref_us": 137613943, "arrival_us": 137655581, "start_us": 137655581, "finish_us": 137725855, "generation_ms": 70.27391599999078, "queue_wait_us": 0, "geometry": true}}
{"maintenance": {"run": "c2_view0_reuse_rate20", "id": "drive_023", "repeat": 0, "ref_us": 138013943, "arrival_us": 138065772, "start_us": 138065772, "finish_us": 138136087, "generation_ms": 70.31445300000883, "queue_wait_us": 0, "geometry": true}}
{"maintenance": {"run": "c2_view0_reuse_rate20", "id": "drive_024", "repeat": 0, "ref_us": 138413943, "arrival_us": 138452521, "start_us": 138452521, "finish_us": 138523881, "generation_ms": 71.35975500000313, "queue_wait_us": 0, "geometry": true}}
{"maintenance": {"run": "c2_view0_reuse_rate20", "id": "drive_025", "repeat": 0, "ref_us": 138813943, "arrival_us": 138858104, "start_us": 138858104, "finish_us": 138928405, "generation_ms": 70.3009320000092, "queue_wait_us": 0, "geometry": true}}
{"target": {"run": "c2_view0_reuse_rate20", "id": "drive_025", "repeat": 0, "method": "stream_fixed", "geometry": true, "bytes": 129220, "raw_bytes": 496139, "planned_ids": ["drive_020", "drive_021", "drive_022", "drive_023", "drive_024", "drive_025"], "steps": 6, "ready_us": 138928405, "acquisition_ms": 44.16007399998989, "current_generation_ms": null, "assembly_ms": 7.341220000000703, "verification_ms": 67.34153499999707, "wire_ms": 71.688, "total_ms": 260.83275499999775, "age_us": 300000, "cached_work_ms": 427.0649710000214, "action_slack_us": -25000, "hypothetical_action_pass": false}}
{"target": {"run": "c2_view0_reuse_rate20", "id": "drive_025", "repeat": 0, "method": "cold_native", "geometry": false, "bytes": 0, "raw_bytes": 0, "planned_ids": ["drive_025"], "steps": 0, "ready_us": 138905779, "acquisition_ms": 44.16007399998989, "current_generation_ms": 47.67418299999804, "assembly_ms": 0.0002459999848269945, "verification_ms": 0.0, "wire_ms": 20, "total_ms": 111.83624599998483, "age_us": 150000, "cached_work_ms": 0.0, "action_slack_us": null, "hypothetical_action_pass": false}}
{"maintenance": {"run": "c2_view0_reuse_rate20", "id": "drive_026", "repeat": 0, "ref_us": 139213943, "arrival_us": 139255009, "start_us": 139255009, "finish_us": 139328252, "generation_ms": 73.24235000001522, "queue_wait_us": 0, "geometry": true}}
{"maintenance": {"run": "c2_view0_reuse_rate20", "id": "drive_027", "repeat": 0, "ref_us": 139613943, "arrival_us": 139651842, "start_us": 139651842, "finish_us": 139721028, "generation_ms": 69.18580100000327, "queue_wait_us": 0, "geometry": true}}
{"maintenance": {"run": "c2_view0_reuse_rate20", "id": "drive_028", "repeat": 0, "ref_us": 140013943, "arrival_us": 140064101, "start_us": 140064101, "finish_us": 140133266, "generation_ms": 69.16472699998621, "queue_wait_us": 0, "geometry": true}}
{"maintenance": {"run": "c2_view0_reuse_rate20", "id": "drive_029", "repeat": 0, "ref_us": 140413943, "arrival_us": 140459763, "start_us": 140459763, "finish_us": 140530424, "generation_ms": 70.6602260000011, "queue_wait_us": 0, "geometry": true}}
{"maintenance": {"run": "c2_view0_reuse_rate20", "id": "drive_030", "repeat": 0, "ref_us": 140813943, "arrival_us": 140863067, "start_us": 140863067, "finish_us": 140933184, "generation_ms": 70.11682799998198, "queue_wait_us": 0, "geometry": true}}
{"maintenance": {"run": "c2_view0_reuse_rate20", "id": "drive_031", "repeat": 0, "ref_us": 141263943, "arrival_us": 141323058, "start_us": 141323058, "finish_us": 141393040, "generation_ms": 69.98101199999951, "queue_wait_us": 0, "geometry": true}}
{"maintenance": {"run": "c2_view0_reuse_rate20", "id": "drive_032", "repeat": 0, "ref_us": 141713943, "arrival_us": 141755052, "start_us": 141755052, "finish_us": 141825423, "generation_ms": 70.37039900001218, "queue_wait_us": 0, "geometry": true}}
{"maintenance": {"run": "c2_view0_reuse_rate20", "id": "drive_033", "repeat": 0, "ref_us": 142113943, "arrival_us": 142153476, "start_us": 142153476, "finish_us": 142232125, "generation_ms": 78.64858799999297, "queue_wait_us": 0, "geometry": true}}
{"maintenance": {"run": "c2_view0_reuse_rate20", "id": "drive_034", "repeat": 0, "ref_us": 142513943, "arrival_us": 142558172, "start_us": 142558172, "finish_us": 142627906, "generation_ms": 69.73383199999716, "queue_wait_us": 0, "geometry": true}}
{"maintenance": {"run": "c2_view0_reuse_rate20", "id": "drive_035", "repeat": 0, "ref_us": 142913943, "arrival_us": 142955108, "start_us": 142955108, "finish_us": 143025374, "generation_ms": 70.2654979999977, "queue_wait_us": 0, "geometry": true}}
{"maintenance": {"run": "c2_view0_reuse_rate20", "id": "drive_036", "repeat": 0, "ref_us": 143313943, "arrival_us": 143355017, "start_us": 143355017, "finish_us": 143426942, "generation_ms": 71.92442199999505, "queue_wait_us": 0, "geometry": true}}
{"maintenance": {"run": "c2_view0_reuse_rate20", "id": "drive_037", "repeat": 0, "ref_us": 143713943, "arrival_us": 143760810, "start_us": 143760810, "finish_us": 143830817, "generation_ms": 70.006396000025, "queue_wait_us": 0, "geometry": true}}
{"maintenance": {"run": "c2_view0_reuse_rate20", "id": "drive_038", "repeat": 0, "ref_us": 144113943, "arrival_us": 144160901, "start_us": 144160901, "finish_us": 144231991, "generation_ms": 71.08993800000007, "queue_wait_us": 0, "geometry": true}}
{"maintenance": {"run": "c2_view0_reuse_rate20", "id": "drive_039", "repeat": 0, "ref_us": 144513943, "arrival_us": 144557553, "start_us": 144557553, "finish_us": 144629693, "generation_ms": 72.13983299999427, "queue_wait_us": 0, "geometry": true}}
{"target": {"run": "c2_view0_reuse_rate20", "id": "drive_039", "repeat": 0, "method": "stream_fixed", "geometry": true, "bytes": 430803, "raw_bytes": 1653435, "planned_ids": ["drive_020", "drive_021", "drive_022", "drive_023", "drive_024", "drive_025", "drive_026", "drive_027", "drive_028", "drive_029", "drive_030", "drive_031", "drive_032", "drive_033", "drive_034", "drive_035", "drive_036", "drive_037", "drive_038", "drive_039"], "steps": 20, "ready_us": 144629693, "acquisition_ms": 43.60921600002143, "current_generation_ms": null, "assembly_ms": 25.150522000018327, "verification_ms": 215.31242699998643, "wire_ms": 192.3212, "total_ms": 548.5341490000047, "age_us": 550000, "cached_work_ms": 1423.594821000023, "action_slack_us": -275000, "hypothetical_action_pass": false}}
{"target": {"run": "c2_view0_reuse_rate20", "id": "drive_039", "repeat": 0, "method": "cold_native", "geometry": false, "bytes": 0, "raw_bytes": 0, "planned_ids": ["drive_039"], "steps": 0, "ready_us": 144604912, "acquisition_ms": 43.60921600002143, "current_generation_ms": 47.35876299997699, "assembly_ms": 0.00016900000332498166, "verification_ms": 0.0, "wire_ms": 20, "total_ms": 110.96916900000332, "age_us": 150000, "cached_work_ms": 0.0, "action_slack_us": null, "hypothetical_action_pass": false}}
{"maintenance": {"run": "c2_view0_reuse_rate20", "id": "drive_020", "repeat": 1, "ref_us": 136963943, "arrival_us": 137004979, "start_us": 137004979, "finish_us": 137076170, "generation_ms": 71.19080300000746, "queue_wait_us": 0, "geometry": true}}
{"maintenance": {"run": "c2_view0_reuse_rate20", "id": "drive_021", "repeat": 1, "ref_us": 137213943, "arrival_us": 137252988, "start_us": 137252988, "finish_us": 137321140, "generation_ms": 68.15171200000236, "queue_wait_us": 0, "geometry": true}}
{"maintenance": {"run": "c2_view0_reuse_rate20", "id": "drive_022", "repeat": 1, "ref_us": 137613943, "arrival_us": 137655581, "start_us": 137655581, "finish_us": 137725026, "generation_ms": 69.44486800000504, "queue_wait_us": 0, "geometry": true}}
{"maintenance": {"run": "c2_view0_reuse_rate20", "id": "drive_023", "repeat": 1, "ref_us": 138013943, "arrival_us": 138065772, "start_us": 138065772, "finish_us": 138138217, "generation_ms": 72.44475699999953, "queue_wait_us": 0, "geometry": true}}
{"maintenance": {"run": "c2_view0_reuse_rate20", "id": "drive_024", "repeat": 1, "ref_us": 138413943, "arrival_us": 138452521, "start_us": 138452521, "finish_us": 138521949, "generation_ms": 69.42742500001486, "queue_wait_us": 0, "geometry": true}}
{"maintenance": {"run": "c2_view0_reuse_rate20", "id": "drive_025", "repeat": 1, "ref_us": 138813943, "arrival_us": 138858104, "start_us": 138858104, "finish_us": 138931631, "generation_ms": 73.52685999998698, "queue_wait_us": 0, "geometry": true}}
{"target": {"run": "c2_view0_reuse_rate20", "id": "drive_025", "repeat": 1, "method": "stream_fixed", "geometry": true, "bytes": 129220, "raw_bytes": 496139, "planned_ids": ["drive_020", "drive_021", "drive_022", "drive_023", "drive_024", "drive_025"], "steps": 6, "ready_us": 138931631, "acquisition_ms": 44.16007399998989, "current_generation_ms": null, "assembly_ms": 7.334612999983392, "verification_ms": 65.84798200000819, "wire_ms": 71.688, "total_ms": 262.55859499999156, "age_us": 300000, "cached_work_ms": 424.18642500001624, "action_slack_us": -25000, "hypothetical_action_pass": false}}
{"target": {"run": "c2_view0_reuse_rate20", "id": "drive_025", "repeat": 1, "method": "cold_native", "geometry": false, "bytes": 0, "raw_bytes": 0, "planned_ids": ["drive_025"], "steps": 0, "ready_us": 138903201, "acquisition_ms": 44.16007399998989, "current_generation_ms": 45.09625000000028, "assembly_ms": 0.0002450000238241046, "verification_ms": 0.0, "wire_ms": 20, "total_ms": 109.25824500002382, "age_us": 150000, "cached_work_ms": 0.0, "action_slack_us": null, "hypothetical_action_pass": false}}
{"maintenance": {"run": "c2_view0_reuse_rate20", "id": "drive_026", "repeat": 1, "ref_us": 139213943, "arrival_us": 139255009, "start_us": 139255009, "finish_us": 139326470, "generation_ms": 71.46097699998677, "queue_wait_us": 0, "geometry": true}}
{"maintenance": {"run": "c2_view0_reuse_rate20", "id": "drive_027", "repeat": 1, "ref_us": 139613943, "arrival_us": 139651842, "start_us": 139651842, "finish_us": 139720995, "generation_ms": 69.15209299998537, "queue_wait_us": 0, "geometry": true}}
{"maintenance": {"run": "c2_view0_reuse_rate20", "id": "drive_028", "repeat": 1, "ref_us": 140013943, "arrival_us": 140064101, "start_us": 140064101, "finish_us": 140134544, "generation_ms": 70.44221300000686, "queue_wait_us": 0, "geometry": true}}
{"maintenance": {"run": "c2_view0_reuse_rate20", "id": "drive_029", "repeat": 1, "ref_us": 140413943, "arrival_us": 140459763, "start_us": 140459763, "finish_us": 140529350, "generation_ms": 69.58656300000143, "queue_wait_us": 0, "geometry": true}}
{"maintenance": {"run": "c2_view0_reuse_rate20", "id": "drive_030", "repeat": 1, "ref_us": 140813943, "arrival_us": 140863067, "start_us": 140863067, "finish_us": 140933128, "generation_ms": 70.06079499998918, "queue_wait_us": 0, "geometry": true}}
{"maintenance": {"run": "c2_view0_reuse_rate20", "id": "drive_031", "repeat": 1, "ref_us": 141263943, "arrival_us": 141323058, "start_us": 141323058, "finish_us": 141392094, "generation_ms": 69.03556200001049, "queue_wait_us": 0, "geometry": true}}
{"maintenance": {"run": "c2_view0_reuse_rate20", "id": "drive_032", "repeat": 1, "ref_us": 141713943, "arrival_us": 141755052, "start_us": 141755052, "finish_us": 141834607, "generation_ms": 79.55464299999448, "queue_wait_us": 0, "geometry": true}}
{"maintenance": {"run": "c2_view0_reuse_rate20", "id": "drive_033", "repeat": 1, "ref_us": 142113943, "arrival_us": 142153476, "start_us": 142153476, "finish_us": 142223671, "generation_ms": 70.19490899998004, "queue_wait_us": 0, "geometry": true}}
{"maintenance": {"run": "c2_view0_reuse_rate20", "id": "drive_034", "repeat": 1, "ref_us": 142513943, "arrival_us": 142558172, "start_us": 142558172, "finish_us": 142630793, "generation_ms": 72.62056199999734, "queue_wait_us": 0, "geometry": true}}
{"maintenance": {"run": "c2_view0_reuse_rate20", "id": "drive_035", "repeat": 1, "ref_us": 142913943, "arrival_us": 142955108, "start_us": 142955108, "finish_us": 143025227, "generation_ms": 70.11800300000459, "queue_wait_us": 0, "geometry": true}}
{"maintenance": {"run": "c2_view0_reuse_rate20", "id": "drive_036", "repeat": 1, "ref_us": 143313943, "arrival_us": 143355017, "start_us": 143355017, "finish_us": 143425845, "generation_ms": 70.82718099999852, "queue_wait_us": 0, "geometry": true}}
{"maintenance": {"run": "c2_view0_reuse_rate20", "id": "drive_037", "repeat": 1, "ref_us": 143713943, "arrival_us": 143760810, "start_us": 143760810, "finish_us": 143831246, "generation_ms": 70.4354510000087, "queue_wait_us": 0, "geometry": true}}
{"maintenance": {"run": "c2_view0_reuse_rate20", "id": "drive_038", "repeat": 1, "ref_us": 144113943, "arrival_us": 144160901, "start_us": 144160901, "finish_us": 144231156, "generation_ms": 70.25442900001622, "queue_wait_us": 0, "geometry": true}}
{"maintenance": {"run": "c2_view0_reuse_rate20", "id": "drive_039", "repeat": 1, "ref_us": 144513943, "arrival_us": 144557553, "start_us": 144557553, "finish_us": 144627366, "generation_ms": 69.81263699998408, "queue_wait_us": 0, "geometry": true}}
{"target": {"run": "c2_view0_reuse_rate20", "id": "drive_039", "repeat": 1, "method": "stream_fixed", "geometry": true, "bytes": 430803, "raw_bytes": 1653435, "planned_ids": ["drive_020", "drive_021", "drive_022", "drive_023", "drive_024", "drive_025", "drive_026", "drive_027", "drive_028", "drive_029", "drive_030", "drive_031", "drive_032", "drive_033", "drive_034", "drive_035", "drive_036", "drive_037", "drive_038", "drive_039"], "steps": 20, "ready_us": 144627366, "acquisition_ms": 43.60921600002143, "current_generation_ms": null, "assembly_ms": 24.568112999986624, "verification_ms": 213.51320200000146, "wire_ms": 192.3212, "total_ms": 543.8255149999881, "age_us": 550000, "cached_work_ms": 1417.7424429999803, "action_slack_us": -275000, "hypothetical_action_pass": false}}
{"target": {"run": "c2_view0_reuse_rate20", "id": "drive_039", "repeat": 1, "method": "cold_native", "geometry": false, "bytes": 0, "raw_bytes": 0, "planned_ids": ["drive_039"], "steps": 0, "ready_us": 144606721, "acquisition_ms": 43.60921600002143, "current_generation_ms": 49.1672089999895, "assembly_ms": 0.0002980000033403485, "verification_ms": 0.0, "wire_ms": 20, "total_ms": 112.77829800000335, "age_us": 150000, "cached_work_ms": 0.0, "action_slack_us": null, "hypothetical_action_pass": false}}
{"maintenance": {"run": "c2_view0_reuse_rate20", "id": "drive_020", "repeat": 2, "ref_us": 136963943, "arrival_us": 137004979, "start_us": 137004979, "finish_us": 137077509, "generation_ms": 72.52934000001687, "queue_wait_us": 0, "geometry": true}}
{"maintenance": {"run": "c2_view0_reuse_rate20", "id": "drive_021", "repeat": 2, "ref_us": 137213943, "arrival_us": 137252988, "start_us": 137252988, "finish_us": 137326429, "generation_ms": 73.44046499997603, "queue_wait_us": 0, "geometry": true}}
{"maintenance": {"run": "c2_view0_reuse_rate20", "id": "drive_022", "repeat": 2, "ref_us": 137613943, "arrival_us": 137655581, "start_us": 137655581, "finish_us": 137727196, "generation_ms": 71.6149719999919, "queue_wait_us": 0, "geometry": true}}
{"maintenance": {"run": "c2_view0_reuse_rate20", "id": "drive_023", "repeat": 2, "ref_us": 138013943, "arrival_us": 138065772, "start_us": 138065772, "finish_us": 138136076, "generation_ms": 70.30356199999233, "queue_wait_us": 0, "geometry": true}}
{"maintenance": {"run": "c2_view0_reuse_rate20", "id": "drive_024", "repeat": 2, "ref_us": 138413943, "arrival_us": 138452521, "start_us": 138452521, "finish_us": 138524944, "generation_ms": 72.422572999983, "queue_wait_us": 0, "geometry": true}}
{"maintenance": {"run": "c2_view0_reuse_rate20", "id": "drive_025", "repeat": 2, "ref_us": 138813943, "arrival_us": 138858104, "start_us": 138858104, "finish_us": 138932244, "generation_ms": 74.13998999999194, "queue_wait_us": 0, "geometry": true}}
{"target": {"run": "c2_view0_reuse_rate20", "id": "drive_025", "repeat": 2, "method": "stream_fixed", "geometry": true, "bytes": 129220, "raw_bytes": 496139, "planned_ids": ["drive_020", "drive_021", "drive_022", "drive_023", "drive_024", "drive_025"], "steps": 6, "ready_us": 138932244, "acquisition_ms": 44.16007399998989, "current_generation_ms": null, "assembly_ms": 7.10763800000791, "verification_ms": 68.16343399998459, "wire_ms": 71.688, "total_ms": 265.2600719999925, "age_us": 300000, "cached_work_ms": 434.45090199995207, "action_slack_us": -25000, "hypothetical_action_pass": false}}
{"target": {"run": "c2_view0_reuse_rate20", "id": "drive_025", "repeat": 2, "method": "cold_native", "geometry": false, "bytes": 0, "raw_bytes": 0, "planned_ids": ["drive_025"], "steps": 0, "ready_us": 138907313, "acquisition_ms": 44.16007399998989, "current_generation_ms": 49.20868800002154, "assembly_ms": 0.00026699999011725595, "verification_ms": 0.0, "wire_ms": 20, "total_ms": 113.37026699999012, "age_us": 150000, "cached_work_ms": 0.0, "action_slack_us": null, "hypothetical_action_pass": false}}
{"maintenance": {"run": "c2_view0_reuse_rate20", "id": "drive_026", "repeat": 2, "ref_us": 139213943, "arrival_us": 139255009, "start_us": 139255009, "finish_us": 139327142, "generation_ms": 72.1323029999894, "queue_wait_us": 0, "geometry": true}}
{"maintenance": {"run": "c2_view0_reuse_rate20", "id": "drive_027", "repeat": 2, "ref_us": 139613943, "arrival_us": 139651842, "start_us": 139651842, "finish_us": 139722015, "generation_ms": 70.1721510000084, "queue_wait_us": 0, "geometry": true}}
{"maintenance": {"run": "c2_view0_reuse_rate20", "id": "drive_028", "repeat": 2, "ref_us": 140013943, "arrival_us": 140064101, "start_us": 140064101, "finish_us": 140134998, "generation_ms": 70.89612300001136, "queue_wait_us": 0, "geometry": true}}
{"maintenance": {"run": "c2_view0_reuse_rate20", "id": "drive_029", "repeat": 2, "ref_us": 140413943, "arrival_us": 140459763, "start_us": 140459763, "finish_us": 140529983, "generation_ms": 70.2195149999909, "queue_wait_us": 0, "geometry": true}}
{"maintenance": {"run": "c2_view0_reuse_rate20", "id": "drive_030", "repeat": 2, "ref_us": 140813943, "arrival_us": 140863067, "start_us": 140863067, "finish_us": 140933525, "generation_ms": 70.45743099999413, "queue_wait_us": 0, "geometry": true}}
{"maintenance": {"run": "c2_view0_reuse_rate20", "id": "drive_031", "repeat": 2, "ref_us": 141263943, "arrival_us": 141323058, "start_us": 141323058, "finish_us": 141394865, "generation_ms": 71.80614300000343, "queue_wait_us": 0, "geometry": true}}
{"maintenance": {"run": "c2_view0_reuse_rate20", "id": "drive_032", "repeat": 2, "ref_us": 141713943, "arrival_us": 141755052, "start_us": 141755052, "finish_us": 141832812, "generation_ms": 77.75930900001526, "queue_wait_us": 0, "geometry": true}}
{"maintenance": {"run": "c2_view0_reuse_rate20", "id": "drive_033", "repeat": 2, "ref_us": 142113943, "arrival_us": 142153476, "start_us": 142153476, "finish_us": 142223718, "generation_ms": 70.24110999998356, "queue_wait_us": 0, "geometry": true}}
{"maintenance": {"run": "c2_view0_reuse_rate20", "id": "drive_034", "repeat": 2, "ref_us": 142513943, "arrival_us": 142558172, "start_us": 142558172, "finish_us": 142630135, "generation_ms": 71.9629279999765, "queue_wait_us": 0, "geometry": true}}
{"maintenance": {"run": "c2_view0_reuse_rate20", "id": "drive_035", "repeat": 2, "ref_us": 142913943, "arrival_us": 142955108, "start_us": 142955108, "finish_us": 143029015, "generation_ms": 73.90605800000571, "queue_wait_us": 0, "geometry": true}}
{"maintenance": {"run": "c2_view0_reuse_rate20", "id": "drive_036", "repeat": 2, "ref_us": 143313943, "arrival_us": 143355017, "start_us": 143355017, "finish_us": 143427167, "generation_ms": 72.14908000000264, "queue_wait_us": 0, "geometry": true}}
{"maintenance": {"run": "c2_view0_reuse_rate20", "id": "drive_037", "repeat": 2, "ref_us": 143713943, "arrival_us": 143760810, "start_us": 143760810, "finish_us": 143831805, "generation_ms": 70.99435000000653, "queue_wait_us": 0, "geometry": true}}
{"maintenance": {"run": "c2_view0_reuse_rate20", "id": "drive_038", "repeat": 2, "ref_us": 144113943, "arrival_us": 144160901, "start_us": 144160901, "finish_us": 144237731, "generation_ms": 76.82904200001417, "queue_wait_us": 0, "geometry": true}}
{"maintenance": {"run": "c2_view0_reuse_rate20", "id": "drive_039", "repeat": 2, "ref_us": 144513943, "arrival_us": 144557553, "start_us": 144557553, "finish_us": 144628642, "generation_ms": 71.08882200000721, "queue_wait_us": 0, "geometry": true}}
{"target": {"run": "c2_view0_reuse_rate20", "id": "drive_039", "repeat": 2, "method": "stream_fixed", "geometry": true, "bytes": 430803, "raw_bytes": 1653435, "planned_ids": ["drive_020", "drive_021", "drive_022", "drive_023", "drive_024", "drive_025", "drive_026", "drive_027", "drive_028", "drive_029", "drive_030", "drive_031", "drive_032", "drive_033", "drive_034", "drive_035", "drive_036", "drive_037", "drive_038", "drive_039"], "steps": 20, "ready_us": 144628642, "acquisition_ms": 43.60921600002143, "current_generation_ms": null, "assembly_ms": 25.556131999991294, "verification_ms": 220.49397999998632, "wire_ms": 192.3212, "total_ms": 553.0703119999777, "age_us": 600000, "cached_work_ms": 1445.0652669999613, "action_slack_us": -325000, "hypothetical_action_pass": false}}
{"target": {"run": "c2_view0_reuse_rate20", "id": "drive_039", "repeat": 2, "method": "cold_native", "geometry": false, "bytes": 0, "raw_bytes": 0, "planned_ids": ["drive_039"], "steps": 0, "ready_us": 144604636, "acquisition_ms": 43.60921600002143, "current_generation_ms": 47.08201400001144, "assembly_ms": 0.00033000000598804036, "verification_ms": 0.0, "wire_ms": 20, "total_ms": 110.69333000000599, "age_us": 150000, "cached_work_ms": 0.0, "action_slack_us": null, "hypothetical_action_pass": false}}
