step,frame,sim_seconds,sensor_frame,control_input_frame,control_input_age_ms_before_tick,loop_ms,control_ms,tick_ms,sensor_wait_ms,speed_mps,range_m,hazard,throttle,brake,steer,x,y,distance_m,obstacle_present
0,51090,0.0,51089,,,10.49072202295065,0.22616598289459944,2.0516470540314913,8.212908986024559,0.022295426578803054,50.0,0,0.65,0.0,0.0211004864331003,-24.33677864074707,-57.78562545776367,0.0,0
1,51091,0.05,51090,51089,50,2.773385029286146,0.2454359782859683,2.411716035567224,0.11623301543295383,0.015275544486945878,50.0,0,0.65,0.0,0.0211004864331003,-24.33677864074707,-57.78562545776367,0.0008941650157794356,0
2,51092,0.1,51091,51090,50,2.6188408955931664,0.2395609626546502,2.283090027049184,0.0961899058893323,0.010386132635257521,50.0,0,0.65,0.0,0.0211004864331003,-24.33677864074707,-57.78562545776367,0.0015040969592519104,0
3,51093,0.15000000000000002,51092,51091,50,2.581523032858968,0.2717170864343643,2.2211739560589194,0.08863199036568403,0.007016248548061505,50.0,0,0.65,0.0,0.0211004864331003,-24.33677864074707,-57.78562545776367,0.00191719044232741,0
4,51094,0.2,51093,51092,50,2.3800040362402797,0.2483240095898509,2.040883991867304,0.09079603478312492,0.004713268021949094,50.0,0,0.65,0.0,0.0211004864331003,-24.33677864074707,-57.78562545776367,0.0021953582181595266,0
5,51095,0.25,51094,51093,50,2.593480981886387,0.284395064227283,2.196116023696959,0.11296989396214485,0.0031506537994038433,50.0,0,0.65,0.0,0.0211004864331003,-24.33677864074707,-57.78562545776367,0.002381668018642813,0
6,51096,0.30000000000000004,51095,51094,50,2.6448970893397927,0.255653983913362,2.2980670910328627,0.09117601439356804,0.0005034446466933796,50.0,0,0.65,0.0,0.0211004864331003,-24.33677864074707,-57.78562545776367,0.0024672316503711045,0
7,51097,0.35000000000000003,51096,51095,50,2.366045955568552,0.23089302703738213,2.0384190138429403,0.09673391468822956,0.0009387397442437579,50.0,0,0.65,0.0,0.0211004864331003,-24.33677864074707,-57.78562545776367,0.0025077437167055905,0
8,51098,0.4,51097,51096,50,3.3706569811329246,0.25204301346093416,2.972401911392808,0.14621205627918243,0.0009806442545603567,50.0,0,0.65,0.0,0.0211004864331003,-24.33677864074707,-57.78562545776367,0.0025569534045644104,0
9,51099,0.45,51098,51097,50,2.734225941821933,0.25213498156517744,2.3921410320326686,0.08994992822408676,0.0008597755225113233,50.0,0,0.65,0.0,0.0211004864331003,-24.33677864074707,-57.78562545776367,0.0026027297717519104,0
10,51100,0.5,51099,51098,50,3.350734943524003,0.23986201267689466,3.009708016179502,0.10116491466760635,0.0006945991190605437,50.0,0,0.65,0.0,0.0211004864331003,-24.33677864074707,-57.78562545776367,0.002640838560182601,0
11,51101,0.55,51100,51099,50,2.33270600438118,0.232266029343009,2.0104709547013044,0.08996902033686638,0.000532417268270524,50.0,0,0.65,0.0,0.0211004864331003,-24.33677864074707,-57.78562545776367,0.0026706313365139067,0
12,51102,0.6000000000000001,51101,51100,50,2.363526960834861,0.2853819169104099,1.9854960264638066,0.09264901746064425,0.2682563620218314,50.0,0,0.65,0.0,0.02102863760679421,-24.33403968811035,-57.78556442260742,0.005410263838712126,0
13,51103,0.65,51102,51101,50,2.2835138952359557,0.40213693864643574,1.7994040390476584,0.08197291754186153,1.0600119424530483,50.0,0,0.65,0.0,0.020081928708105455,-24.297021865844727,-57.7847785949707,0.04243679955834523,0
14,51104,0.7000000000000001,51103,51102,50,3.228640998713672,0.2836140338331461,2.8384759789332747,0.10655098594725132,1.5865996237296298,50.0,0,0.65,0.0,0.01842725513577652,-24.22785758972168,-57.78327941894531,0.11161749676102772,0
15,51105,0.75,51104,51103,50,2.5397370336577296,0.2802640665322542,2.163855009712279,0.09561795741319656,1.9958450406158936,50.0,0,0.65,0.0,0.016304579224310528,-24.13524627685547,-57.78131866455078,0.20424960419768468,0
16,51106,0.8,51105,51104,50,2.658618032000959,0.2835959894582629,2.2835120325908065,0.09151000995188951,2.318802717875275,50.0,0,0.65,0.0,0.014229906612369322,-24.02532386779785,-57.778953552246094,0.31419745698804036,0
17,51107,0.8500000000000001,51106,51105,50,2.5658999802544713,0.2932839561253786,2.1790519822388887,0.09356404189020395,2.5730656078281546,50.0,0,0.5707737568687382,0.0,0.011928320937876762,-23.901716232299805,-57.77640151977539,0.43783143773907796,0
18,51108,0.9,51107,51106,50,2.5829049991443753,0.2824480179697275,2.1828310564160347,0.11762592475861311,2.8112797864232366,50.0,0,0.47548808543070537,0.0,0.009671563243112332,-23.765827178955078,-57.77364730834961,0.5737484009587206,0
19,51109,0.9500000000000001,51108,51107,50,2.457162947393954,0.28317305259406567,2.081313985399902,0.09267590939998627,2.9862003848513767,50.0,0,0.40551984605944935,0.0,0.007479584891916715,-23.61956787109375,-57.770423889160156,0.7200530679547228,0
20,51110,1.0,51109,51108,50,3.239475074224174,0.2728230319917202,2.8467359952628613,0.11991604696959257,3.161305490694387,50.0,0,0.3354778037222452,0.0,0.005799258780289612,-23.464916229248047,-57.76849365234375,0.8747174651944079,0
21,51111,1.05,51110,51109,50,2.577088074758649,0.28169702272862196,2.20239395275712,0.09299709927290678,3.278370972194575,50.0,0,0.2886516111221701,0.0,0.0039642766845952165,-23.30378532409668,-57.76552200317383,1.035880661162082,0
22,51112,1.1,51111,51110,50,2.6075521018356085,0.2792190061882138,2.2386159980669618,0.08971709758043289,3.3742841610397374,50.0,0,0.25028633558410507,0.0,0.0023351231861553343,-23.13711929321289,-57.76207733154297,1.2025834532105364,0
23,51113,1.1500000000000001,51112,51111,50,2.4300359655171633,0.28700300026685,2.0519159734249115,0.09111699182540178,3.4360214029244305,50.0,0,0.2255914388302278,0.0,0.0011118383779481157,-22.966581344604492,-57.758880615234375,1.37315154686803,0
24,51114,1.2000000000000002,51113,51112,50,2.685418934561312,0.3070839447900653,2.2903180215507746,0.08801696822047234,3.4853524145956944,50.0,0,0.20585903416172224,0.0,0.0001810116872771172,-22.79330062866211,-57.75583267211914,1.5464590849005617,0
25,51115,1.25,51114,51113,50,2.491788938641548,0.2927479799836874,2.111252979375422,0.08778797928243876,3.5112407274081177,50.0,0,0.19550370903675296,0.0,-0.0005296110688737727,-22.618263244628906,-57.75288772583008,1.7215212495648302,0
26,51116,1.3,51115,51114,50,2.4556810967624187,0.2711080014705658,2.094519091770053,0.09005400352180004,3.5326225301202916,50.0,0,0.18695098795188336,0.0,-0.0010782390554296085,-22.442068099975586,-57.75000762939453,1.897739952953998,0
27,51117,1.35,51116,51115,50,3.2406189711764455,0.2776109613478184,2.858703024685383,0.10430498514324427,3.5382529687378956,50.0,0,0.18469881250484177,0.0,-0.0015008812954354631,-22.265287399291992,-57.7471809387207,2.074543273600284,0
28,51118,1.4000000000000001,51117,51116,50,2.4331749882549047,0.2772420411929488,2.060889033600688,0.09504391346126795,3.5452301698780904,50.0,0,0.18190793204876388,0.0,-0.0018190757996091463,-22.08818817138672,-57.744407653808594,2.251664227398578,0
29,51119,1.4500000000000002,51118,51117,50,2.48873105738312,0.2761260839179158,2.121747937053442,0.09085703641176224,3.5412502447747323,50.0,0,0.1834999020901071,0.0,-0.0020581163254283566,-21.911073684692383,-57.74168395996094,2.4287996651255526,0
30,51120,1.5,51119,51118,50,2.6958939852193,0.27883704751729965,2.292308025062084,0.12474891263991594,3.5421786786845515,50.0,0,0.18312852852617942,0.0,-0.0022276350356852555,-21.73401641845703,-57.73900604248047,2.6058771969401278,0
31,51121,1.55,51120,51119,50,2.675937954336405,0.2895980142056942,2.2971020080149174,0.08923793211579323,3.534750531758308,50.0,0,0.18609978729667687,0.0,-0.0023451496487763767,-21.557157516479492,-57.73637390136719,2.7827556939446367,0
32,51122,1.6,51121,51120,50,2.3751809494569898,0.2813829341903329,2.002004999667406,0.0917930155992508,3.5340950683224532,50.0,0,0.18636197267101873,0.0,-0.002417621585415453,-21.380468368530273,-57.733787536621094,2.9594637663685717,0
33,51123,1.6500000000000001,51122,51121,50,2.390973037108779,0.28407794889062643,2.0101669942960143,0.09672809392213821,3.5262778118708518,50.0,0,0.1894888752516593,0.0,-0.0024586152433968772,-21.20402717590332,-57.73123550415039,3.135923421534244,0
34,51124,1.7000000000000002,51123,51122,50,2.457388094626367,0.28665608260780573,2.0611799554899335,0.10955205652862787,3.5260343477512155,50.0,0,0.1895862608995138,0.0,-0.002473766358716486,-21.027746200561523,-57.72871780395508,3.3122223676764406,0
35,51125,1.75,51124,51123,50,2.8104649391025305,0.27433503419160843,2.4429989280179143,0.09313097689300776,3.519035301811146,50.0,0,0.19238587927554163,0.0,-0.0024671668223882996,-20.851675033569336,-57.726234436035156,3.488311043533031,0
36,51126,1.8,51125,51124,50,2.474887063726783,0.27945300098508596,2.091301023028791,0.10413303971290588,3.511993282152521,50.0,0,0.1952026871389917,0.0,-0.0029916716470054245,-20.676456451416016,-57.72333526611328,3.6635589958750643,0
37,51127,1.85,51126,51125,50,2.531099016778171,0.28920802287757397,2.1308399736881256,0.11105102021247149,3.493439741017252,50.0,0,0.20262410359309924,0.0,-0.0032028109991691406,-20.50189208984375,-57.72134780883789,3.8381438465439714,0
38,51128,1.9000000000000001,51127,51126,50,2.383083919994533,0.27433200739324093,2.018113969825208,0.09063794277608395,3.494310547329481,50.0,0,0.20227578106820765,0.0,-0.0029065665488468566,-20.326549530029297,-57.719764709472656,4.013504049333278,0
39,51129,1.9500000000000002,51128,51127,50,3.1924209324643016,0.30034896917641163,2.7862749993801117,0.10579696390777826,3.491106225639928,50.0,0,0.20355750974402886,0.0,-0.0029429345420278596,-20.15175437927246,-57.71715545654297,4.18832061305875,0
40,51130,2.0,51129,51128,50,3.192357951775193,0.2724369987845421,2.7957690181210637,0.12415193486958742,3.496232356032785,50.0,0,0.201507057586886,0.0,-0.00287844156078509,-19.977006912231445,-57.71467590332031,4.363086050900165,0
41,51131,2.0500000000000003,51130,51129,50,2.4848859757184982,0.29125495348125696,2.082756021991372,0.11087500024586916,3.4948681887307247,50.0,0,0.20205272450771014,0.0,-0.0027545951663802194,-19.802236557006836,-57.71230697631836,4.537872529181186,0
42,51132,2.1,51131,51130,50,2.4867430329322815,0.27189101092517376,2.1002570865675807,0.11459493543952703,3.500953619385546,50.0,0,0.19961855224578162,0.0,-0.0026055872546409207,-19.627328872680664,-57.71000289916992,4.7127953977906145,0
43,51133,2.15,51132,51131,50,2.4465370224788785,0.28081098571419716,2.0745759829878807,0.09115005377680063,3.499604200218199,50.0,0,0.20015831991272037,0.0,-0.00246501029538264,-19.452341079711914,-57.70772171020508,4.887798062118236,0
44,51134,2.2,51133,51132,50,2.6104539865627885,0.4299849970266223,2.076306031085551,0.1041629584506154,3.505336568114159,50.0,0,0.19786537275433638,0.0,-0.002331671461468925,-19.27720832824707,-57.70546340942383,5.062945372017566,0
45,51135,2.25,51134,51133,50,3.417070023715496,0.30055001843720675,3.008636995218694,0.10788301005959511,3.5034308999019665,50.0,0,0.1986276400392134,0.0,-0.0022107587796716096,-19.102014541625977,-57.70322036743164,5.2381535084568895,0
46,51136,2.3000000000000003,51135,51134,50,2.66930996440351,0.28522603679448366,2.2736319806426764,0.11045194696635008,3.508526013888099,50.0,0,0.19658959444476043,0.0,-0.0020948309016631797,-18.926708221435547,-57.70099639892578,5.413473925145809,0
47,51137,2.35,51136,51135,50,2.6979169342666864,0.3444680478423834,2.2350569488480687,0.11839193757623434,3.506005621712094,50.0,0,0.19759775131516247,0.0,-0.001995071800484284,-18.751371383666992,-57.69877624511719,5.588824814709369,0
48,51138,2.4000000000000004,51137,51136,50,2.747002989053726,0.2750930143520236,2.3792770225554705,0.09263295214623213,3.5105281259034453,50.0,0,0.1957887496386219,0.0,-0.0018932140739738896,-18.575952529907227,-57.69658660888672,5.7642573328339495,0
49,51139,2.45,51138,51137,50,2.5512520223855972,0.2872770419344306,2.177464892156422,0.08651008829474449,3.5075194861708647,50.0,0,0.1969922055316541,0.0,-0.0018072226626842853,-18.400529861450195,-57.69439697265625,5.9396936656557955,0
50,51140,2.5,51139,51138,50,2.1658060140907764,0.2654390409588814,1.8095029518008232,0.09086402133107185,3.511628484956366,50.0,0,0.19534860601745355,0.0,-0.001719247848492685,-18.22504425048828,-57.69223403930664,6.115192613156978,0
51,51141,2.5500000000000003,51140,51139,50,2.434923895634711,0.2738219918683171,2.025133930146694,0.13596797361969948,3.508291108788047,50.0,0,0.19668355648478128,0.0,-0.0016450252299956606,-18.049577713012695,-57.69007110595703,6.2906724871718325,0
52,51142,2.6,51141,51140,50,2.8126260731369257,0.2780189970508218,2.439705072902143,0.09490200318396091,3.512142064787542,50.0,0,0.19514317408498327,0.0,-0.0015670516402572566,-17.874061584472656,-57.68793487548828,6.466201609524433,0
53,51143,2.6500000000000004,51142,51141,50,2.462979988195002,0.2870350144803524,2.07750394474715,0.09844102896749973,3.508612387105271,50.0,0,0.19655504515789168,0.0,-0.0015012026785550727,-17.69857406616211,-57.68579864501953,6.6417021216475405,0
54,51144,2.7,51143,51142,50,2.5446779327467084,0.29907701537013054,2.131126937456429,0.11447397992014885,3.5123219340448824,50.0,0,0.19507122638204707,0.0,-0.0014324397513193806,-17.52304458618164,-57.683685302734375,6.817244327219669,0
55,51145,2.75,51144,51143,50,2.4122989270836115,0.30358496587723494,2.017693012021482,0.09102094918489456,3.508693666625023,50.0,0,0.1965225333499909,0.0,-0.0013701692425016159,-17.347551345825195,-57.681575775146484,6.99275024846429,0
56,51146,2.8000000000000003,51145,51144,50,2.390587003901601,0.2730810083448887,2.025012974627316,0.09249302092939615,3.512337216939705,50.0,0,0.19506511322411804,0.0,-0.0013127249160979056,-17.172021865844727,-57.67947769165039,7.168292260321323,0
57,51147,2.85,51146,51145,50,2.646339009515941,0.3252769820392132,2.2275580558925867,0.09350397158414125,3.5086682473816744,50.0,0,0.19653270104733025,0.0,-0.0012561385583697285,-16.99652671813965,-57.67739486694336,7.343799761089031,0
58,51148,2.9000000000000004,51147,51146,50,2.482898999005556,0.26507501024752855,2.1238899789750576,0.09393400978296995,3.512288145009043,50.0,0,0.19508474199638287,0.0,-0.0012054558195913135,-16.82099723815918,-57.675315856933594,7.5193415494286455,0
59,51149,2.95,51148,51147,50,2.5908179813995957,0.2859099768102169,2.214308944530785,0.09059906005859375,3.5086085601766044,50.0,0,0.19655657592935827,0.0,-0.0011525003036139618,-16.6455020904541,-57.673255920410156,7.694848781975452,0
60,51150,3.0,51149,51148,50,2.3277250584214926,0.2774610184133053,1.9383380422368646,0.11192599777132273,3.512227489593383,50.0,0,0.19510900416264684,0.0,-0.001102643024814432,-16.46997833251953,-57.671199798583984,7.870384580048267,0
61,51151,3.0500000000000003,51150,51149,50,2.821733010932803,0.2791129518300295,2.4210669798776507,0.12155307922512293,3.5085512335456217,50.0,0,0.19657950658175133,0.0,-0.0010608291759400654,-16.294490814208984,-57.66914749145508,8.045884093793575,0
62,51152,3.1,51151,51150,50,2.4569209199398756,0.27171289548277855,2.0886220736429095,0.09658595081418753,3.512175716502769,50.0,0,0.19512971339889235,0.0,-0.0010146251057755423,-16.11896514892578,-57.6671142578125,8.221421530994121,0
63,51153,3.1500000000000004,51152,51151,50,2.508293022401631,0.2727370010688901,2.100178971886635,0.13537704944610596,3.50850863568937,50.0,0,0.196596545724252,0.0,-0.0009734191779380027,-15.943477630615234,-57.66508483886719,8.396920776518527,0
64,51154,3.2,51153,51152,50,2.7018419932574034,0.27241697534918785,2.343030064366758,0.08639495354145765,3.5120116011621847,50.0,0,0.19519535953512612,0.0,-0.0009278550010897409,-15.767958641052246,-57.66306686401367,8.572451359184925,0
65,51155,3.25,51154,51153,50,2.559866989031434,0.27359696105122566,2.1950280060991645,0.09124202188104391,3.5081633840233084,50.0,0,0.19673464639067664,0.0,-0.0008870878770978833,-15.592485427856445,-57.66105270385742,8.747936135681812,0
66,51156,3.3000000000000003,51155,51154,50,2.4013150250539184,0.4033209988847375,1.9071910064667463,0.09080301970243454,3.5117138343103402,50.0,0,0.1953144662758639,0.0,-0.0008454142741143414,-15.416983604431152,-57.6590576171875,8.923449298890773,0
67,51157,3.35,51156,51155,50,2.3325280053541064,0.28821302112191916,1.9543410744518042,0.08997390978038311,3.508032336395921,50.0,0,0.19678706544163163,0.0,-0.0008126244637829263,-15.2415189743042,-57.65705871582031,9.098925313504878,0
68,51158,3.4000000000000004,51157,51156,50,2.6309279492124915,0.3024679608643055,2.2295169765129685,0.09894301183521748,3.511694085159254,50.0,0,0.19532236593629834,0.0,-0.0007827698186086868,-15.066019058227539,-57.65506362915039,9.274436569365207,0
69,51159,3.45,51158,51157,50,3.3381370594725013,0.2814880572259426,2.9554719803854823,0.10117702186107635,3.508082335711078,50.0,0,0.19676706571556882,0.0,-0.000757901189729888,-14.890556335449219,-57.65306854248047,9.449910631927196,0
70,51160,3.5,51159,51158,50,2.8741370188072324,0.3462310414761305,2.4119060253724456,0.11599995195865631,3.511781482659785,50.0,0,0.19528740693608598,0.0,-0.0007197342010745615,-14.71505355834961,-57.65110397338867,9.625424406083766,0
71,51161,3.5500000000000003,51160,51159,50,2.4924329482018948,0.2717679599300027,2.1031020442023873,0.11756294406950474,3.508185969329755,50.0,0,0.1967256122680981,0.0,-0.0006889809676557157,-14.539583206176758,-57.64913558959961,9.800905800017063,0
72,51162,3.6,51161,51160,50,2.5180319789797068,0.2800660440698266,2.1233289735391736,0.11463696137070656,3.5118883028894223,50.0,0,0.19524467884423108,0.0,-0.0006628481382775086,-14.36407470703125,-57.64716339111328,9.976425385626499,0
73,51163,3.6500000000000004,51162,51161,50,2.3662139428779483,0.27928396593779325,1.9942380022257566,0.09269197471439838,3.508287260292799,50.0,0,0.1966850958828804,0.0,-0.0006411756607574797,-14.1885986328125,-57.64519500732422,10.151912501605693,0
74,51164,3.7,51163,51162,50,2.435314003378153,0.29464997351169586,2.029538038186729,0.11112599167972803,3.511977851531425,50.0,0,0.19520885938743007,0.0,-0.0006142347901959904,-14.01308536529541,-57.64324188232422,10.327436632069293,0
75,51165,3.75,51164,51163,50,2.6339059695601463,0.28905796352773905,2.246889052912593,0.0979589531198144,3.5083647380970704,50.0,0,0.19665410476117184,0.0,-0.0005870783748158674,-13.837603569030762,-57.64129638671875,10.502929216774646,0
76,51166,3.8000000000000003,51165,51164,50,2.6239199796691537,0.39204396307468414,2.1474240347743034,0.08445198182016611,3.5120419836292824,50.0,0,0.19518320654828702,0.0,-0.0005594280353062426,-13.662084579467773,-57.63935852050781,10.678458905371372,0
77,51167,3.85,51166,51165,50,2.5326029863208532,0.27776393108069897,2.164399018511176,0.09044003672897816,3.5084142556230247,50.0,0,0.19663429775079014,0.0,-0.0005381935821351991,-13.486603736877441,-57.63741683959961,10.853950491698924,0
78,51168,3.9000000000000004,51167,51166,50,2.5522919604554772,0.27743401005864143,2.178521011956036,0.09633693844079971,3.5120791487337994,50.0,0,0.19516834050648024,0.0,-0.0005202684885947843,-13.311084747314453,-57.63547134399414,11.029480269702617,0
79,51169,3.95,51168,51167,50,3.1270739855244756,0.27704297099262476,2.735706977546215,0.11432403698563576,3.5084425015700855,50.0,0,0.1966229993719658,0.0,-0.0005033256073724091,-13.135600090026855,-57.6335334777832,11.204975626023952,0
80,51170,4.0,51169,51168,50,2.3904339177533984,0.2711749402806163,2.027916954830289,0.09134202264249325,3.512099748249855,50.0,0,0.195160100700058,0.0,-0.0004781481963474259,-12.960081100463867,-57.631614685058594,11.38050510600442,0
81,51171,4.05,51170,51169,50,2.5190769229084253,0.2644369378685951,2.1402679849416018,0.11437200009822845,3.5084556744553166,50.0,0,0.19661773021787338,0.0,-0.0004564876744434162,-12.78459358215332,-57.629695892333984,11.556003114732448,0
82,51172,4.1000000000000005,51171,51170,50,2.428523963317275,0.2733499277383089,2.063976018689573,0.09119801688939333,3.5121079116937475,50.0,0,0.19515683532250103,0.0,-0.0004358585316757095,-12.609073638916016,-57.62778091430664,11.73153350368375,0
83,51173,4.15,51172,51171,50,2.625923021696508,0.33786508720368147,2.1749009611085057,0.11315697338432074,3.5084598288203126,50.0,0,0.19661606847187496,0.0,-0.00041646558838572337,-12.433585166931152,-57.62586975097656,11.907032376679126,0
84,51174,4.2,51173,51172,50,2.5068579707294703,0.27000298723578453,2.1185160148888826,0.11833896860480309,3.512108791155751,50.0,0,0.19515648353769954,0.0,-0.00039984488145814763,-12.258063316345215,-57.62395477294922,12.08256467297906,0
85,51175,4.25,51174,51173,50,2.2617470240220428,0.28450903482735157,1.8833919893950224,0.09384599979966879,3.5084595222284114,50.0,0,0.19661619110863546,0.0,-0.00038815823192347234,-12.082576751708984,-57.622039794921875,12.258061683329288,0
86,51176,4.3,51175,51174,50,2.475977991707623,0.27955800760537386,2.0982000278308988,0.09821995627135038,3.5121086543982867,50.0,0,0.19515653824068535,0.0,-0.0003740943886567051,-11.90705394744873,-57.62013244628906,12.433594843896572,0
87,51177,4.3500000000000005,51176,51175,50,2.506701974198222,0.30053104273974895,2.1166529040783644,0.08951802738010883,3.5084588946530104,50.0,0,0.19661644213879584,0.0,-0.00036430214120085634,-11.7315673828125,-57.618221282958984,12.609091824444477,0
88,51178,4.4,51177,51176,50,2.507357974536717,0.279376981779933,2.1348269656300545,0.09315402712672949,3.512106612818979,50.0,0,0.19515735487240848,0.0,-0.0003475359095538524,-11.556045532226562,-57.61632537841797,12.784623912128154,0
89,51179,4.45,51178,51177,50,3.2727388897910714,0.2963949227705598,2.8616529889404774,0.11469097808003426,3.5084569480285555,50.0,0,0.19661722078857782,0.0,-0.00032669213885554117,-11.380558013916016,-57.614437103271484,12.960121593030635,0
90,51180,4.5,51179,51178,50,2.8257070807740092,0.4035760648548603,2.3360439809039235,0.08608703501522541,3.512105203340318,50.0,0,0.19515791866387283,0.0,-0.0003085658743661148,-11.205036163330078,-57.612552642822266,13.135653561505023,0
91,51181,4.55,51180,51179,50,2.4331770837306976,0.2709000837057829,2.05067393835634,0.11160306166857481,3.5084559366707553,50.0,0,0.1966176253316979,0.0,-0.0002955036577804184,-11.029547691345215,-57.61066436767578,13.31115219608182,0
92,51182,4.6000000000000005,51181,51180,50,2.4960649898275733,0.26380596682429314,2.1414270158857107,0.09083200711756945,3.5121036864211423,50.0,0,0.19515852543154308,0.0,-0.00028243521799447614,-10.854026794433594,-57.60877990722656,13.486683210881893,0
93,51183,4.65,51182,51181,50,2.5742279831320047,0.2773120068013668,2.206499921157956,0.09041605517268181,3.508455083913121,50.0,0,0.1966179664347516,0.0,-0.0002735757119541452,-10.67853832244873,-57.60689163208008,13.66218184545869,0
94,51184,4.7,51183,51182,50,2.907749032601714,0.4088419955223799,2.41613807156682,0.08276896551251411,3.5121035120640403,50.0,0,0.19515859517438391,0.0,-0.00026404627272078117,-10.50301742553711,-57.605003356933594,13.837712890061084,0
95,51185,4.75,51184,51183,50,2.6579569093883038,0.2791389124467969,2.285180031321943,0.09363796561956406,3.5084541571585874,50.0,0,0.19661833713656504,0.0,-0.0002560197468231491,-10.327531814575195,-57.603118896484375,14.013208618911449,0
96,51186,4.800000000000001,51185,51184,50,2.5254369247704744,0.2819750225171447,2.1452379878610373,0.0982239143922925,3.5121030784215113,50.0,0,0.1951587686313955,0.0,-0.00024919030702612744,-10.152009963989258,-57.601234436035156,14.188740587385837,0
97,51187,4.8500000000000005,51186,51185,50,2.5950190611183643,0.2884670393541455,2.1976300049573183,0.1089220168069005,3.5084551348631705,50.0,0,0.19661794605473182,0.0,-0.00024353195615386855,-9.976523399353027,-57.59934997558594,14.364237269910518,0
98,51188,4.9,51187,51186,50,2.3635670077055693,0.27952902019023895,1.992809004150331,0.0912289833649993,3.5121033251551377,50.0,0,0.19515866993794495,0.0,-0.0002365895268227301,-9.80100154876709,-57.597469329833984,14.539769193681423,0
99,51189,4.95,51188,51187,50,2.623580046929419,0.27019402477890253,2.264288952574134,0.08909706957638264,3.5084546892925945,50.0,0,0.19661812428296221,0.0,-0.00022218936121427255,-9.625515937805176,-57.595603942871094,14.71526471391553,0
100,51190,5.0,51189,51188,50,2.6102541014552116,0.4065081011503935,2.1229609847068787,0.08078501559793949,3.5121035583193785,50.0,0,0.19515857667224862,0.0,-0.0002052141519217029,-9.449994087219238,-57.59374237060547,14.890796429070178,0
101,51191,5.050000000000001,51190,51189,50,2.474346081726253,0.2856890205293894,2.1011109929531813,0.08754606824368238,3.5084544786225464,50.0,0,0.19661820855098144,0.0,-0.00019025689822973544,-9.274507522583008,-57.59188461303711,15.066292828472797,0
102,51192,5.1000000000000005,51191,51190,50,2.360880025662482,0.29288302175700665,1.9794219406321645,0.08857506327331066,3.5121044421819434,50.0,0,0.19515822312722264,0.0,-0.00018006069746478906,-9.09898567199707,-57.590023040771484,15.241824543627445,0
103,51193,5.15,51192,51191,50,2.339194994419813,0.27407705783843994,1.9759549759328365,0.08916296064853668,3.5084560334048844,50.0,0,0.19661758663804624,0.0,-0.0001716949446249539,-8.92349910736084,-57.58816146850586,15.417320987733547,0
104,51194,5.2,51193,51192,50,2.6387310354039073,0.2856099745258689,2.164862002246082,0.18825905863195658,3.512105201499683,50.0,0,0.19515791940012672,0.0,-0.00016254395580661988,-8.747977256774902,-57.5863037109375,15.592852673085872,0
105,51195,5.25,51194,51193,50,2.3683920735493302,0.2733620349317789,2.008829964324832,0.08620007429271936,3.50845583232999,50.0,0,0.19661766706800404,0.0,-0.00015477487481841142,-8.572490692138672,-57.584442138671875,15.768349117191974,0
106,51196,5.300000000000001,51195,51194,50,2.308698953129351,0.27158402372151613,1.9254399230703712,0.11167500633746386,3.5121033547748306,50.0,0,0.19515865809006777,0.0,-0.00014607045879457323,-8.396968841552734,-57.58258819580078,15.943880757840816,0
107,51197,5.3500000000000005,51196,51195,50,2.531434060074389,0.28644304256886244,2.153628971427679,0.09136204607784748,3.508454488067763,50.0,0,0.1966182047728948,0.0,-0.000132491191052762,-8.221482276916504,-57.580726623535156,16.119377201946918,0
108,51198,5.4,51197,51196,50,2.479646005667746,0.31651696190238,2.0719680469483137,0.09116099681705236,3.5121031193064725,50.0,0,0.19515875227741103,0.0,-9.461401035194173e-05,-8.045960426330566,-57.57886505126953,16.294908917101566,0
109,51199,5.45,51198,51197,50,2.2052989806979895,0.278969993814826,1.8377730157226324,0.08855597116053104,3.508454402411817,50.0,0,0.19661823903527315,0.0,-2.2731964546600685e-05,-7.870473861694336,-57.57701110839844,16.4704052718007,0
110,51200,5.5,51199,51198,50,2.2443750640377402,0.28696598019450903,1.8664189847186208,0.09099009912461042,3.5121039476730833,50.0,0,0.19515842093076669,0.0,6.815704417876127e-05,-7.694952011108398,-57.57514953613281,16.64593698695535,0
111,51201,5.550000000000001,51200,51199,50,2.5726211024448276,0.2941760467365384,2.1883680019527674,0.09007705375552177,3.5084555500784678,50.0,0,0.1966177799686129,0.0,0.00017672768468687111,-7.519465923309326,-57.57327651977539,16.82143307343358,0
112,51202,5.6000000000000005,51201,51200,50,2.546707051806152,0.2920880215242505,2.1590619580820203,0.09555707219988108,3.51210463062861,50.0,0,0.19515814774855597,0.0,0.0002979207203048125,-7.343944072723389,-57.57139587402344,16.996964997204486,0
113,51203,5.65,51202,51201,50,2.561500994488597,0.40500995237380266,2.069158013910055,0.0873330282047391,3.5084560713199724,50.0,0,0.19661757147201106,0.0,0.0004448303714665922,-7.168457984924316,-57.56949996948242,17.1724613221013,0
114,51204,5.7,51203,51202,50,2.5261370465159416,0.28756505344063044,2.125446917489171,0.11312507558614016,3.5121039198873403,50.0,0,0.1951584320450639,0.0,0.00057975954494741,-6.992936134338379,-57.56759262084961,17.347993528994266,0
115,51205,5.75,51204,51203,50,2.410497982054949,0.27007691096514463,2.0503950072452426,0.09002606384456158,3.508455787142351,50.0,0,0.19661768514305963,0.0,0.0007181017678761851,-6.817451000213623,-57.5656623840332,17.523489272745792,0
116,51206,5.800000000000001,51205,51204,50,2.4116109125316143,0.2803179668262601,2.0155919482931495,0.11570099741220474,3.512104945591703,50.0,0,0.19515802176331878,0.0,0.0008635724720711956,-6.641929626464844,-57.563720703125,17.699021390231792,0
117,51207,5.8500000000000005,51206,51205,50,2.4376469664275646,0.31807099003344774,2.029336988925934,0.09023898746818304,3.5084558598724493,50.0,0,0.19661765605102027,0.0,0.001009725785552303,-6.466444492340088,-57.56175994873047,17.874517476710025,0
118,51208,5.9,51207,51206,50,2.4634349392727017,0.2906479639932513,2.078652032651007,0.09413494262844324,3.511975320341206,50.0,0,0.19520987186351757,0.0,0.0011887539555210705,-6.290928363800049,-57.55978012084961,18.0500447662198,0
119,51209,5.95,51208,51207,50,2.847308060154319,0.3996450686827302,2.352772979065776,0.09489001240581274,3.508140119333396,50.0,0,0.19674395226664157,0.0,0.0013340940726084462,-6.115456581115723,-57.55776596069336,18.22552811220521,0
120,51210,6.0,51209,51208,50,2.6420520152896643,0.40857400745153427,2.145797945559025,0.08768006227910519,3.5117004058984884,50.0,0,0.19531983764060465,0.0,0.001469391379178536,-5.93995475769043,-57.55572509765625,18.401041796954814,0
121,51211,6.050000000000001,51210,51209,50,2.637453028000891,0.28971105348318815,2.237602020613849,0.1101399539038539,3.5080247529398236,50.0,0,0.19679009882407056,0.0,0.0016053325501843422,-5.764492034912109,-57.55366516113281,18.576516604574863,0
122,51212,6.1000000000000005,51211,51210,50,2.4483678862452507,0.28202496469020844,2.0738199818879366,0.09252293966710567,3.5116902808689354,50.0,0,0.19532388765242584,0.0,0.0017525893128258608,-5.588994026184082,-57.551570892333984,18.752027115377132,0
123,51213,6.15,51212,51211,50,2.77083704713732,0.2860729582607746,2.366792061366141,0.11797202751040459,3.508081667506842,50.0,0,0.1967673329972632,0.0,0.0018680524007904935,-5.413530349731445,-57.549442291259766,18.927503711136524,0
124,51214,6.2,51213,51212,50,2.339281956665218,0.2851960016414523,1.9660069374367595,0.08807901758700609,3.5117824984553816,50.0,0,0.19528700061784737,0.0,0.001954546394919105,-5.238028526306152,-57.547279357910156,19.103018871101085,0
125,51215,6.25,51214,51213,50,2.8032540576532483,0.28699799440801144,2.4001869605854154,0.11606910265982151,3.5081881412555993,50.0,0,0.19672474349776028,0.0,0.002011991441671715,-5.062560558319092,-57.54508972167969,19.27850050345296,0
126,51216,6.300000000000001,51215,51214,50,2.389842993579805,0.27869304176419973,2.0230580121278763,0.08809193968772888,3.511890172225331,50.0,0,0.1952439311098676,0.0,0.0020432870185336004,-4.887054443359375,-57.54287338256836,19.454020610603038,0
127,51217,6.3500000000000005,51216,51215,50,2.455955953337252,0.3129210090264678,2.0344789372757077,0.10855600703507662,3.508288577649139,50.0,0,0.1966845689403444,0.0,0.0020583852632490036,-4.711581707000732,-57.54063034057617,19.62950768187875,0
128,51218,6.4,51217,51216,50,2.4845909792929888,0.2783889649435878,2.1159059833735228,0.09029603097587824,3.511978807076875,50.0,0,0.19520847716924994,0.0,0.0020457679438417946,-4.53607177734375,-57.538352966308594,19.805032393487636,0
129,51219,6.45,51218,51217,50,2.4081780575215816,0.2735280431807041,2.0134859951213,0.12116401921957731,3.508363985450476,50.0,0,0.1966544058198096,0.0,0.002021371277039309,-4.360596179962158,-57.53605270385742,19.980523070844356,0
130,51220,6.5,51219,51218,50,2.723954967223108,0.2703550271689892,2.2310989443212748,0.22250099573284388,3.512040502413048,50.0,0,0.19518379903478086,0.0,0.0019925235481668187,-4.185083866119385,-57.53373336791992,20.156050703080837,0
131,51221,6.550000000000001,51220,51219,50,2.5388789363205433,0.26835594326257706,2.177627058699727,0.09289593435823917,3.5084128590406816,50.0,0,0.19663485638372738,0.0,0.0019512781331190027,-4.009605884552002,-57.53139114379883,20.331544315966312,0
132,51222,6.6000000000000005,51221,51220,50,2.498319954611361,0.26141200214624405,2.13713594712317,0.09977200534194708,3.5120777813501154,50.0,0,0.19516888745995387,0.0,0.0019018395107600827,-3.8340914249420166,-57.52902603149414,20.507074704917613,0
133,51223,6.65,51222,51221,50,2.2675730288028717,0.2764869714155793,1.8774430500343442,0.11364300735294819,3.50844126790807,50.0,0,0.19662349283677205,0.0,0.0018557026069066754,-3.6586122512817383,-57.52664566040039,20.682570016535465,0
134,51224,6.7,51223,51222,50,2.366264001466334,0.27236295863986015,2.002336084842682,0.09156495798379183,3.512098080143615,50.0,0,0.1951607679425541,0.0,0.0017986599439405641,-3.483097553253174,-57.52424240112305,20.858101165445987,0
135,51225,6.75,51224,51223,50,2.4944450706243515,0.27458707336336374,2.1300489315763116,0.08980906568467617,3.5084539344321355,50.0,0,0.19661842622714581,0.0,0.0017416980895131637,-3.3076181411743164,-57.52182388305664,21.03359723702306,0
136,51226,6.800000000000001,51225,51224,50,2.7675050077959895,0.2790270373225212,2.369074965827167,0.11940300464630127,3.5121065493951233,50.0,0,0.19515738024195067,0.0,0.0016903293942976232,-3.1321029663085938,-57.51939392089844,21.20912923529977,0
137,51227,6.8500000000000005,51226,51225,50,2.488152007572353,0.26966200675815344,2.1261280635371804,0.09236193727701902,3.5084600342063563,50.0,0,0.19661598631745747,0.0,0.0016304317859961233,-2.9566237926483154,-57.51694107055664,21.38462554529542,0
138,51228,6.9,51227,51226,50,2.3745500948280096,0.35200302954763174,1.9275379600003362,0.0950091052800417,3.512109150648698,50.0,0,0.19515633974052077,0.0,0.0015741058165239558,-2.781108856201172,-57.51448059082031,21.560157722386066,0
139,51229,6.95,51228,51227,50,2.42451298981905,0.25837391149252653,2.0477999933063984,0.11833908502012491,3.5084614749461016,50.0,0,0.19661541002155936,0.0,0.0015205050458706783,-2.6056301593780518,-57.512001037597656,21.73565394297475,0
140,51230,7.0,51229,51228,50,2.72322294767946,0.3922659670934081,2.2453180281445384,0.08563895244151354,3.5121096374341505,50.0,0,0.19515614502633982,0.0,0.0014637442478174709,-2.4301156997680664,-57.5095100402832,21.91118607536191,0
141,51231,7.050000000000001,51230,51229,50,2.68814607989043,0.2818830544129014,2.313292003236711,0.09297102224081755,3.508461658000632,50.0,0,0.1966153367997473,0.0,0.0014072811653007562,-2.2546370029449463,-57.50700378417969,22.086682668479625,0
142,51232,7.1000000000000005,51231,51230,50,2.597023034468293,0.25897996965795755,2.244582981802523,0.0934600830078125,3.512110573112859,50.0,0,0.1951557707548565,0.0,0.0013629936522331458,-2.079123020172119,-57.50449752807617,22.262214547547046,0
143,51233,7.15,51232,51231,50,2.29432201012969,0.2629210939630866,1.9446900114417076,0.08671090472489595,3.5084609101867072,50.0,0,0.1966156359253171,0.0,0.0013050371217276648,-1.9036449193954468,-57.50196075439453,22.437710991653148,0
144,51234,7.2,51233,51232,50,2.535562962293625,0.26093691121786833,2.1653330186381936,0.10929303243756294,3.512109501849992,50.0,0,0.19515619926000324,0.0,0.001258867112643453,-1.7281310558319092,-57.49942398071289,22.613243183644954,0
145,51235,7.25,51234,51233,50,2.576524973846972,0.2722080098465085,2.2102680522948503,0.09404891170561314,3.508459253326323,50.0,0,0.1966162986694709,0.0,0.0012056028171188434,-1.5526533126831055,-57.49686813354492,22.78873953834409,0
146,51236,7.300000000000001,51235,51234,50,2.2352529922500253,0.2960639540106058,1.8409760668873787,0.09821297135204077,3.5121080774705042,50.0,0,0.19515676901179832,0.0,0.0011423482029394993,-1.3771400451660156,-57.49430847167969,22.964271477016155,0
147,51237,7.3500000000000005,51236,51235,50,2.697184099815786,0.40606700349599123,2.2035500733181834,0.08756702300161123,3.508459478234784,50.0,0,0.19661620870608643,0.0,0.001037181744169768,-1.201662540435791,-57.49174118041992,23.139767772110645,0
148,51238,7.4,51237,51236,50,2.7839599642902613,0.42729603592306376,2.270638942718506,0.08602498564869165,3.5121075776728867,50.0,0,0.19515696893084533,0.0,0.0008679005917267198,-1.0261496305465698,-57.48916244506836,23.315299621375743,0
149,51239,7.45,51238,51237,50,2.595747006125748,0.2833310281857848,2.2172359749674797,0.09518000297248363,3.508458908445252,50.0,0,0.1966164366218992,0.0,0.0006734579485822563,-0.8506723046302795,-57.486595153808594,23.490795722755138,0
150,51240,7.5,51239,51238,50,2.6629630010575056,0.3119399771094322,2.2384050535038114,0.11261797044426203,3.5121074606393377,50.0,0,0.19515701574426494,0.0,0.0004548101781196809,-0.6751591563224792,-57.48402786254883,23.666327646526042,0
151,51241,7.550000000000001,51240,51239,50,2.616508980281651,0.2737899776548147,2.251063007861376,0.09165599476546049,3.5084586281355006,50.0,0,0.19661654874579979,0.0,0.0002013737001836016,-0.49968138337135315,-57.48146438598633,23.841824135335628,0
152,51242,7.6000000000000005,51241,51240,50,2.5088590336963534,0.2915899967774749,2.122056088410318,0.09521294850856066,3.512107492088442,50.0,0,0.19515700316462326,0.0,-5.866073282212548e-05,-0.324167937040329,-57.478919982910156,24.01735602930421,0
153,51243,7.65,51242,51241,50,2.2623760160058737,0.2687330124899745,1.907199970446527,0.08644303306937218,3.5084582271282385,50.0,0,0.1966167091487046,0.0,-0.000339985940915985,-0.14868983626365662,-57.47639465332031,24.19285230949754,0
154,51244,7.7,51243,51242,50,2.45765398722142,0.2673219423741102,2.091643982566893,0.09868806228041649,3.5121066850543157,50.0,0,0.19515732597827373,0.0,-0.0006160424944298913,0.026824302971363068,-57.47389602661133,24.368384218367282,0
155,51245,7.75,51244,51243,50,2.483217976987362,0.27181999757885933,2.115178038366139,0.09621994104236364,3.50845587324247,50.0,0,0.19661765070301201,0.0,-0.0008866582871611553,0.20230308175086975,-57.4714241027832,24.543880424054805,0
156,51246,7.800000000000001,51245,51244,50,2.411446999758482,0.270158052444458,2.05202994402498,0.0892590032890439,3.5121036858799894,50.0,0,0.19515852564800423,0.0,-0.0011679662271405714,0.37781786918640137,-57.4689826965332,24.719412183912937,0
157,51247,7.8500000000000005,51246,51245,50,2.423803089186549,0.303566106595099,2.027248963713646,0.09298801887780428,3.5084543708012297,50.0,0,0.19661825167950814,0.0,-0.0014392457574460052,0.5532972812652588,-57.466575622558594,24.894908106478397,0
158,51248,7.9,51247,51246,50,2.9028590070083737,0.4065600223839283,2.414843998849392,0.0814549857750535,3.5121032245434325,50.0,0,0.195158710182627,0.0,-0.0017187419188842996,0.7288131713867188,-57.464202880859375,25.0704400302493,0
159,51249,7.95,51248,51247,50,2.4213730357587337,0.2814249601215124,2.0462190732359886,0.09372900240123272,3.508453812325013,50.0,0,0.19661847506999486,0.0,-0.001986303206942958,0.9042934775352478,-57.46187210083008,25.24593581870431,0
160,51250,8.0,51249,51248,50,2.9146960005164146,0.3063030308112502,2.5105589302256703,0.0978340394794941,3.5121026181059936,50.0,0,0.1951589527576026,0.0,-0.0022367604071147364,1.079810619354248,-57.4595832824707,25.421467891486827,0
161,51251,8.05,51250,51249,50,2.303390996530652,0.27758104261010885,1.936530927196145,0.08927902672439814,3.508452514745413,50.0,0,0.19661899410183478,0.0,-0.0024931401347592515,1.2552921772003174,-57.45734405517578,25.59696373954648,0
162,51252,8.1,51251,51250,50,2.623411943204701,0.28119003400206566,2.2511729039251804,0.09104900527745485,3.512101400138238,50.0,0,0.1951594399447048,0.0,-0.0027366746300691333,1.4308102130889893,-57.45514678955078,25.772495529206935,0
163,51253,8.15,51252,51251,50,2.575119026005268,0.28212997131049633,2.2064850199967623,0.08650403469800949,3.5084525679835,50.0,0,0.19661897280660004,0.0,-0.002981216809307125,1.606292963027954,-57.4530029296875,25.94799137726659,0
164,51254,8.200000000000001,51253,51252,50,2.5030249962583184,0.39050402119755745,2.005907939746976,0.10661303531378508,3.5121009917488557,50.0,0,0.19515960330045773,0.0,-0.0032099572477319103,1.7818119525909424,-57.45091247558594,26.123522809299175,0
165,51255,8.25,51254,51253,50,2.5111569557338953,0.4442799836397171,1.9803399918600917,0.08653698023408651,3.5084523549018694,50.0,0,0.19661905803925228,0.0,-0.0034417785811348897,1.9572961330413818,-57.448875427246094,26.29901880637044,0
166,51256,8.3,51255,51254,50,2.3250470403581858,0.26165798772126436,1.9705280428752303,0.0928610097616911,3.5121008769604063,50.0,0,0.1951596492158375,0.0,-0.0036532620611982795,2.1328163146972656,-57.446903228759766,26.474550074490253,0
167,51257,8.35,51256,51255,50,2.538225962780416,0.27664098888635635,2.1659049671143293,0.09568000677973032,3.5084531841071693,50.0,0,0.1966187263571323,0.0,-0.0038535000214466697,2.3083019256591797,-57.444984436035156,26.650046175869647,0
168,51258,8.4,51257,51256,50,2.6804159861057997,0.2739679766818881,2.294300007633865,0.11214800179004669,3.5121012384427015,50.0,0,0.19515950462291942,0.0,-0.004055873559587302,2.483823537826538,-57.44312286376953,26.825577667506877,0
169,51259,8.450000000000001,51258,51257,50,2.4424620205536485,0.2761960495263338,2.0601999713107944,0.10606599971652031,3.508452254490289,50.0,0,0.19661909820388443,0.0,-0.00424532261533794,2.6593103408813477,-57.44132995605469,27.00107363477582,0
170,51260,8.5,51259,51258,50,2.6825510431081057,0.39859802927821875,2.196375047788024,0.08757796604186296,3.5120999285256933,50.0,0,0.1951600285897227,0.0,-0.0044175192660656365,2.8348333835601807,-57.439598083496094,27.176605215820018,0
171,51261,8.55,51260,51259,50,3.4936429001390934,0.3077719593420625,3.045532968826592,0.14033797197043896,3.508451288288367,50.0,0,0.19661948468465323,0.0,-0.004594899410955467,3.0103209018707275,-57.43793487548828,27.352100616844837,0
172,51262,8.6,51261,51260,50,2.41256901063025,0.27353502810001373,2.0475629717111588,0.09147101081907749,3.5120996159387077,50.0,0,0.19516015362451694,0.0,-0.004776083325361149,3.1858456134796143,-57.436336517333984,27.527632600220386,0
173,51263,8.65,51262,51261,50,2.5949759874492884,0.2949590561911464,2.18312197830528,0.11689495295286179,3.5084511491437786,50.0,0,0.19661954034248855,0.0,-0.0049343917506494755,3.3613345623016357,-57.4348030090332,27.703128254564945,0
174,51264,8.700000000000001,51263,51262,50,2.356323995627463,0.27144106570631266,1.9771149381995201,0.1077679917216301,3.512100052875428,50.0,0,0.19515997884982889,0.0,-0.005045474449334179,3.5368592739105225,-57.433349609375,27.878658986242954,0
175,51265,8.75,51264,51263,50,2.2255289368331432,0.2761170035228133,1.8587439553812146,0.0906679779291153,3.5084515436339925,50.0,0,0.19661938254640302,0.0,-0.005106608608303887,3.7123496532440186,-57.43195724487305,28.054154893907253,0
176,51266,8.8,51265,51264,50,2.5993980234488845,0.3926000790670514,2.0985619630664587,0.10823598131537437,3.512100508929821,50.0,0,0.19515979642807155,0.0,-0.005110335826193922,3.887876272201538,-57.43064498901367,28.229686415346805,0
177,51267,8.85,51266,51265,50,2.589787938632071,0.2687749220058322,2.2367540514096618,0.08425896521657705,3.508452647442155,50.0,0,0.19661894102313796,0.0,-0.005083212725359757,4.0633673667907715,-57.42938232421875,28.405182054790203,0
178,51268,8.9,51267,51266,50,2.3082660045474768,0.28627703431993723,1.9319349667057395,0.09005400352180004,3.5121014400251553,50.0,0,0.19515942398993788,0.0,-0.005018772542078003,4.238894939422607,-57.428192138671875,28.580713665636722,0
179,51269,8.950000000000001,51268,51267,50,2.7685320237651467,0.41805801447480917,2.2629789309576154,0.08749507833272219,3.5084543791777465,50.0,0,0.1966182483289014,0.0,-0.004938712578801991,4.414386749267578,-57.42704772949219,28.75620920077199,0
180,51270,9.0,51269,51268,50,2.584576024673879,0.2841490786522627,2.1902319276705384,0.11019501835107803,3.5121038474362662,50.0,0,0.1951584610254935,0.0,-0.004838409331782865,4.5899152755737305,-57.42595672607422,28.931741109641735,0
181,51271,9.05,51270,51269,50,2.684402046725154,0.2792240120470524,2.289497060701251,0.11568097397685051,3.5084568012226867,50.0,0,0.19661727951092534,0.0,-0.004726606542383439,4.765408039093018,-57.4249153137207,29.10723695770139,0
182,51272,9.1,51271,51270,50,2.6413450250402093,0.401386059820652,2.155679976567626,0.08427898865193129,3.512105815535623,50.0,0,0.19515767378575077,0.0,-0.004599647211203123,4.940937519073486,-57.42392349243164,29.282769239100162,0
183,51273,9.15,51272,51271,50,2.4046740727499127,0.2824050607159734,2.028284943662584,0.09398406837135553,3.508458052277247,50.0,0,0.1966167790891012,0.0,-0.0044694528754302895,5.116430759429932,-57.422977447509766,29.45826502755517,0
184,51274,9.200000000000001,51273,51272,50,2.346278983168304,0.2718570176512003,1.9783739699050784,0.09604799561202526,3.5121070703061275,50.0,0,0.19515717187754902,0.0,-0.004333606215191998,5.291959762573242,-57.42207336425781,29.633796355279628,0
185,51275,9.25,51274,51273,50,2.401087898761034,0.28014800045639277,2.029862953349948,0.09107694495469332,3.508458318837953,50.0,0,0.19661667246481881,0.0,-0.004196258287409634,5.467453479766846,-57.42121124267578,29.80929218843812,0
186,51276,9.3,51275,51274,50,2.8466680087149143,0.40567200630903244,2.3452399764209986,0.09575602598488331,3.51210663704061,50.0,0,0.19515734518375594,0.0,-0.004056657334654472,5.642983913421631,-57.42038345336914,29.984824574145023,0
187,51277,9.35,51276,51275,50,2.4468100164085627,0.26209105271846056,2.0892099710181355,0.09550899267196655,3.508587153620963,50.0,0,0.19656513855161484,0.0,-0.0038989173765058382,5.818480491638184,-57.41960906982422,30.160322865995113,0
188,51278,9.4,51277,51276,50,2.547124051488936,0.26662403251975775,2.1582460030913353,0.1222540158778429,3.512421397282141,50.0,0,0.19503144108714354,0.0,-0.003754303336152621,5.99402379989624,-57.418861389160156,30.335867768677417,0
189,51279,9.450000000000001,51278,51277,50,2.3441669763997197,0.28236093930900097,1.9541119690984488,0.10769406799226999,3.5088634588481042,50.0,0,0.19645461646075832,0.0,-0.003621702724277024,6.16953706741333,-57.41814422607422,30.511382496508304,0
190,51280,9.5,51279,51278,50,2.8299849946051836,0.27809105813503265,2.4605889338999987,0.09130500257015228,3.5125355241028626,50.0,0,0.19498579035885497,0.0,-0.0034941240765030347,6.345089435577393,-57.41745376586914,30.686936220678035,0
191,51281,9.55,51280,51279,50,2.797662978991866,0.27947593480348587,2.421274082735181,0.09691296145319939,3.5088708817693304,50.0,0,0.19645164729226786,0.0,-0.0033643263434226635,6.52060604095459,-57.41680145263672,30.86245403304929,0
192,51282,9.600000000000001,51281,51280,50,2.520492998883128,0.28677505906671286,2.1418719552457333,0.09184598457068205,3.512478438434742,50.0,0,0.1950086246261032,0.0,-0.003239843268776608,6.696156024932861,-57.416175842285156,31.03800513461465,0
193,51283,9.65,51282,51281,50,2.5450020330026746,0.2906209556385875,2.1189310355111957,0.13545004185289145,3.5087778329629344,50.0,0,0.19648886681482625,0.0,-0.0031227419669892886,6.871667861938477,-57.41557312011719,31.213517999800388,0
194,51284,9.700000000000001,51283,51282,50,2.5224259588867426,0.2802549861371517,2.125801984220743,0.1163689885288477,3.512370174640137,50.0,0,0.19505193014394528,0.0,-0.003001377264846698,7.047213077545166,-57.415008544921875,31.38906412437791,0
195,51285,9.75,51284,51283,50,2.5933539727702737,0.26920391246676445,2.2134700557217,0.11068000458180904,3.5086698013599458,50.0,0,0.1965320794560217,0.0,-0.00288848819243109,7.222720146179199,-57.41446304321289,31.56457204237813,0
196,51286,9.8,51285,51284,50,2.8490059776231647,0.7697319379076362,1.9952229922637343,0.08405104745179415,3.512270288857955,50.0,0,0.19509188445681805,0.0,-0.002724438016335778,7.398260116577148,-57.413944244384766,31.740112787636463,0
197,51287,9.850000000000001,51286,51285,50,2.5984050007537007,0.2734600566327572,2.232135972008109,0.09280897211283445,3.50858080927254,50.0,0,0.19656767629098404,0.0,-0.002609268606439943,7.5737624168396,-57.41344451904297,31.91561580315465,0
198,51288,9.9,51287,51286,50,2.734293113462627,0.2928870962932706,2.349490998312831,0.09191501885652542,3.5121947252611636,50.0,0,0.19512210989553458,0.0,-0.0025165569423902085,7.7492995262146,-57.41297149658203,32.09115355327958,0
199,51289,9.950000000000001,51288,51287,50,2.5120419450104237,0.2720749471336603,2.12369195651263,0.11627504136413336,3.5085196983180285,50.0,0,0.19659212067278864,0.0,-0.0024294842072400485,7.924798488616943,-57.41251754760742,32.266653111728374,0
200,51290,10.0,51289,51288,50,2.3820189526304603,0.27119892183691263,2.0194579847157,0.09136204607784748,3.512147248165545,50.0,0,0.19514110073378196,0.0,-0.0023400508007102977,8.100332260131836,-57.41209030151367,32.44218740478391,0
201,51291,10.05,51290,51289,50,2.5789570063352585,0.2622239990159869,2.20668304245919,0.11004996486008167,3.5084825814727396,50.0,0,0.19660696741090417,0.0,-0.002254171367611771,8.275829315185547,-57.411678314208984,32.61768493667478,0
202,51292,10.100000000000001,51291,51290,50,2.4983020266517997,0.25923794601112604,2.1294630132615566,0.10960106737911701,3.5121191175103053,50.0,0,0.1951523529958779,0.0,-0.0021740083710893145,8.451360702514648,-57.41128158569336,32.793216771038715,0
203,51293,10.15,51292,51291,50,2.68148398026824,0.2775629982352257,2.3085400462150574,0.09538093581795692,3.508461702577375,50.0,0,0.19661531896905002,0.0,-0.002092068634136136,8.62685775756836,-57.410911560058594,32.96871421352262,0
204,51294,10.200000000000001,51293,51292,50,2.4728550342842937,0.40356197860091925,1.9889000104740262,0.0803930452093482,3.5121055237788243,50.0,0,0.19515779048847026,0.0,-0.0020129645975651036,8.802389144897461,-57.41055679321289,33.14424595847959,0
205,51295,10.25,51294,51293,50,3.035080968402326,0.4217890091240406,2.527617965824902,0.08567399345338345,3.508453221754935,50.0,0,0.19661871129802597,0.0,-0.0019380688756354262,8.977884292602539,-57.41021728515625,33.31974143401021,0
206,51296,10.3,51295,51294,50,2.615349949337542,0.2892919583246112,2.2367959609255195,0.0892620300874114,3.51210025093534,50.0,0,0.19515989962586408,0.0,-0.0018589330228037946,9.15341567993164,-57.4099006652832,33.495273104461376,0
207,51297,10.350000000000001,51296,51295,50,2.787654986605048,0.40499097667634487,2.2746649337932467,0.10799907613545656,3.5084506622549054,50.0,0,0.19661973509803785,0.0,-0.001789998234512709,9.328910827636719,-57.40959167480469,33.670768520387355,0
208,51298,10.4,51297,51296,50,2.362909959629178,0.2843759721145034,1.9926709355786443,0.08586305193603039,3.512099216239979,50.0,0,0.19516031350400845,0.0,-0.0017162543692807362,9.50444221496582,-57.40930938720703,33.846300131233875,0
209,51299,10.450000000000001,51298,51297,50,2.5048810057342052,0.28359994757920504,2.111101057380438,0.11018000077456236,3.5084504060791026,50.0,0,0.19661983756835896,0.0,-0.0016476067047206235,9.679937362670898,-57.40903854370117,34.02179548755521,0
210,51300,10.5,51299,51298,50,2.466834965161979,0.2813260070979595,2.095825970172882,0.0896829878911376,3.512099524996974,50.0,0,0.19516019000121043,0.0,-0.0015824137788172411,9.85546875,-57.40877914428711,34.19732706859941,0
211,51301,10.55,51300,51299,50,2.4418759858235717,0.2967430045828223,2.0351640414446592,0.10996893979609013,3.5084514774009055,50.0,0,0.19661940903963782,0.0,-0.0015213870877447786,10.030963897705078,-57.40852737426758,34.37282239511842,0
212,51302,10.600000000000001,51301,51300,50,3.3543709432706237,0.30041299760341644,2.9222279554232955,0.13172999024391174,3.512100653240362,50.0,0,0.1951597387038552,0.0,-0.0014584783082842317,10.20649528503418,-57.40829849243164,34.54835393145913,0
213,51303,10.65,51302,51301,50,2.3774090223014355,0.27622608467936516,2.0149119663983583,0.08627097122371197,3.5084524144725893,50.0,0,0.1966190342109643,0.0,-0.00140332290578516,10.381989479064941,-57.40807342529297,34.723848274501506,0
214,51304,10.700000000000001,51303,51302,50,2.5424929335713387,0.2880929969251156,2.164353965781629,0.09004597086459398,3.512101880942305,50.0,0,0.1951592476230781,0.0,-0.0013413545572294894,10.557520866394043,-57.407875061035156,34.8993797810399,0
215,51305,10.75,51304,51303,50,2.4839089019224048,0.29233889654278755,2.096712007187307,0.09485799819231033,3.508453684091087,50.0,0,0.19661852636356514,0.0,-0.0012909664608893175,10.733014106750488,-57.40767288208008,35.07487314060563,0
216,51306,10.8,51305,51304,50,2.6707780780270696,0.296988058835268,2.279562992043793,0.09422702714800835,3.5121031959588342,50.0,0,0.1951587216164663,0.0,-0.001237524508697841,10.90854549407959,-57.40748596191406,35.25040463224286,0
217,51307,10.850000000000001,51306,51305,50,2.5992299197241664,0.32528990413993597,2.167613012716174,0.1063270028680563,3.5084550226355207,50.0,0,0.19661799094579174,0.0,-0.0011860655816694219,11.084040641784668,-57.40731430053711,35.42589986935491,0
218,51308,10.9,51307,51306,50,2.5962740182876587,0.40195893961936235,2.090105088427663,0.10420999024063349,3.5121045777936586,50.0,0,0.19515816888253656,0.0,-0.0011419136161940602,11.259571075439453,-57.407142639160156,35.60143039241666,0
219,51309,10.950000000000001,51308,51307,50,2.505364012904465,0.3014890244230628,2.112251939252019,0.09162304922938347,3.5084559469484637,50.0,0,0.19661762122061452,0.0,-0.0010902976077436534,11.435064315795898,-57.40699768066406,35.77692369237775,0
220,51310,11.0,51309,51308,50,2.3265189956873655,0.2901440020650625,1.9488839898258448,0.08749100379645824,3.5121052973896894,50.0,0,0.19515788104412427,0.0,-0.0010477400439490843,11.610596656799316,-57.4068489074707,35.95245609298581,0
221,51311,11.05,51310,51309,50,2.7460550190880895,0.2879409585148096,2.369084977544844,0.08902908302843571,3.508456691138705,50.0,0,0.19661732354451794,0.0,-0.0010081116245737808,11.786089897155762,-57.40670394897461,36.1279493929469,0
222,51312,11.100000000000001,51311,51310,50,2.592719974927604,0.3023180179297924,2.1973319817334414,0.09306997526437044,3.5121053427416835,50.0,0,0.1951578629033266,0.0,-0.0009635746411656157,11.96162223815918,-57.40658187866211,36.303481778653804,0
223,51313,11.15,51312,51311,50,2.602208056487143,0.2807909622788429,2.225956995971501,0.09546009823679924,3.508455088602477,50.0,0,0.1966179645590092,0.0,-0.0009258246045180209,12.137115478515625,-57.40645980834961,36.47897506371373,0
224,51314,11.200000000000001,51313,51312,50,2.213918953202665,0.28207292780280113,1.846226048655808,0.08561997674405575,3.512103048403939,50.0,0,0.19515878063842448,0.0,-0.0008915461739163738,12.31264591217041,-57.406341552734375,36.654505542072,0
225,51315,11.25,51314,51313,50,2.473469008691609,0.2896719379350543,2.097495016641915,0.08630205411463976,3.5084542330495627,50.0,0,0.19661830678017492,0.0,-0.0008544433228051514,12.488141059875488,-57.40623474121094,36.8300007195794,0
226,51316,11.3,51315,51314,50,2.4534749099984765,0.27910794597119093,2.0598929841071367,0.11447397992014885,3.5121029262381818,50.0,0,0.1951588295047273,0.0,-0.000816045016320433,12.663671493530273,-57.40614318847656,37.00553118303651,0
227,51317,11.350000000000001,51316,51315,50,2.448630053550005,0.29500608798116446,2.06230697222054,0.09131699334830046,3.50845412838395,50.0,0,0.19661834864641997,0.0,-0.0007857256183746932,12.839165687561035,-57.40604782104492,37.181025406869594,0
228,51318,11.4,51317,51316,50,2.302336972206831,0.30001194681972265,1.9134109606966376,0.0889140646904707,3.512103311194285,50.0,0,0.19515867552228594,0.0,-0.0007579149359696504,13.014697074890137,-57.40595626831055,37.35655682400102,0
229,51319,11.450000000000001,51318,51317,50,2.4651549756526947,0.30490499921143055,2.072840929031372,0.08740904740989208,3.5084547559076262,50.0,0,0.1966180976369495,0.0,-0.0007283604211216108,13.190191268920898,-57.40587615966797,37.53205103293294,0
230,51320,11.5,51319,51318,50,2.719426993280649,0.29165600426495075,2.3069550516083837,0.12081593740731478,3.5121039506705105,50.0,0,0.19515841973179582,0.0,-0.0006943499728377451,13.36572265625,-57.40580749511719,37.707582435163204,0
231,51321,11.55,51320,51319,50,2.3080420214682817,0.3013130044564605,1.918151043355465,0.08857797365635633,3.50845469292662,50.0,0,0.19661812282935198,0.0,-0.0006633100677338693,13.541216850280762,-57.40574645996094,37.88307664409513,0
232,51322,11.600000000000001,51321,51320,50,2.5854529812932014,0.2825598930940032,2.214014995843172,0.08887809235602617,3.5121039002301946,50.0,0,0.19515843990792217,0.0,-0.000638892867319703,13.716747283935547,-57.40568161010742,38.05860709265107,0
233,51323,11.65,51322,51321,50,2.848628908395767,0.4038669867441058,2.3431589361280203,0.10160298552364111,3.508455123000392,50.0,0,0.19661795079984312,0.0,-0.0006166091916211396,13.892242431640625,-57.40562057495117,38.23410225525731,0
234,51324,11.700000000000001,51323,51322,50,2.6569109177216887,0.2868400188162923,2.259613946080208,0.11045695282518864,3.512104096650831,50.0,0,0.19515836133966769,0.0,-0.0005911869236609028,14.06777286529541,-57.40557098388672,38.4096326889121,0
235,51325,11.75,51324,51323,50,2.5094780139625072,0.2814109902828932,2.139840042218566,0.08822698146104813,3.50845508700796,50.0,0,0.19661796519681599,0.0,-0.0005611317910937325,14.243267059326172,-57.40553283691406,38.58512688294286,0
236,51326,11.8,51325,51324,50,2.5122970109805465,0.31578296329826117,2.0972470520064235,0.09926699567586184,3.512103593323609,50.0,0,0.19515856267055637,0.0,-0.0005350801805670298,14.418798446655273,-57.40549850463867,38.76065828517312,0
237,51327,11.850000000000001,51326,51325,50,2.24969198461622,0.2934649819508195,1.8650850979611278,0.09114190470427275,3.5084545889807988,50.0,0,0.1966181644076805,0.0,-0.0005175527554135583,14.594292640686035,-57.40545654296875,38.936152479203884,0
238,51328,11.9,51327,51326,50,2.582258894108236,0.2940359991043806,2.19523289706558,0.09298999793827534,3.5121030980427896,50.0,0,0.19515876078288416,0.0,-0.0004986544889215811,14.769824028015137,-57.40542221069336,39.111683881434146,0
239,51329,11.950000000000001,51328,51327,50,2.4871639907360077,0.27863599825650454,2.1142789628356695,0.09424902964383364,3.508455049355497,50.0,0,0.19661798025780117,0.0,-0.00048489296114305144,14.945318222045898,-57.4053840637207,39.28717807546491,0
240,51330,12.0,51329,51328,50,2.7243979275226593,0.3048689104616642,2.3280130699276924,0.09151594713330269,3.5121038009926266,50.0,0,0.19515847960294935,0.0,-0.0004605014184441729,15.120849609375,-57.405364990234375,39.46270946279401,0
241,51331,12.05,51330,51329,50,2.435712027363479,0.2912339987233281,2.05549702513963,0.08898100350052118,3.508455040661979,50.0,0,0.19661798373520833,0.0,-0.0004372744737512397,15.296343803405762,-57.40535354614258,39.63820365682477,0
242,51332,12.100000000000001,51331,51330,50,2.697239047847688,0.291121075861156,2.289124997332692,0.11699297465384007,3.5121047503641676,50.0,0,0.19515809985433297,0.0,-0.0004152058818122705,15.471874237060547,-57.40534591674805,39.81373409047956,0
243,51333,12.15,51332,51331,50,2.5514590088278055,0.2742509823292494,2.1841039415448904,0.09310408495366573,3.508455991845895,50.0,0,0.19661760326164207,0.0,-0.0003987783407730212,15.647369384765625,-57.40533447265625,39.989229238184635,0
244,51334,12.200000000000001,51333,51332,50,2.724630059674382,0.3991570556536317,2.2212869953364134,0.10418600868433714,3.512104749906922,50.0,0,0.1951581000372313,0.0,-0.00038282483715720774,15.82289981842041,-57.40532684326172,40.16475967183942,0
245,51335,12.25,51334,51333,50,2.5750980712473392,0.29206706676632166,2.1903360029682517,0.09269500151276588,3.5084550391626594,50.0,0,0.19661798433493624,0.0,-0.00036947170446305187,15.998394012451172,-57.40531539916992,40.34025386587018,0
246,51336,12.3,51335,51334,50,2.273723017424345,0.27894601225852966,1.9042260246351361,0.09055098053067923,3.512103084141156,50.0,0,0.1951587663435376,0.0,-0.00035598482287378837,16.173925399780273,-57.405311584472656,40.51578525319928,0
247,51337,12.350000000000001,51336,51335,50,2.2818780271336436,0.29685499612241983,1.8969819648191333,0.08804106619209051,3.508454567052832,50.0,0,0.19661817317886712,0.0,-0.0003489192578466968,16.34942054748535,-57.40530014038086,40.69128040090436,0
248,51338,12.4,51337,51336,50,2.4765708949416876,0.2854609629139304,2.0819499623030424,0.10915996972471476,3.51210356832679,50.0,0,0.19515857266928407,0.0,-0.00033247042995904387,16.52495002746582,-57.40530776977539,40.86680988088483,0
249,51339,12.450000000000001,51338,51337,50,2.2214280907064676,0.282112043350935,1.84789695776999,0.09141908958554268,3.5084557674561476,50.0,0,0.19661769301754095,0.0,-0.0003117754120996501,16.7004451751709,-57.40532684326172,41.04230502858991,0
250,51340,12.5,51339,51338,50,2.4381609400734305,0.2731899730861187,2.0644490141421556,0.10052195284515619,3.5121045292963036,50.0,0,0.19515818828147857,0.0,-0.0002937594130022788,16.8759765625,-57.40534210205078,41.21783641591901,0
251,51341,12.55,51340,51339,50,2.556511084549129,0.38922205567359924,2.0775400334969163,0.08974899537861347,3.508455773958528,50.0,0,0.1966176904165888,0.0,-0.00027865101588993177,17.051469802856445,-57.40536117553711,41.393329656275455,0
252,51342,12.600000000000001,51341,51340,50,2.580674015916884,0.29115902725607157,2.155576949007809,0.13393803965300322,3.5121052516892095,50.0,0,0.1951578993243162,0.0,-0.00026585260031032566,17.227001190185547,-57.40538024902344,41.56886104360456,0
253,51343,12.65,51342,51341,50,2.671333961188793,0.3185869427397847,2.2569260327145457,0.09582098573446274,3.5084560204751667,50.0,0,0.19661759180993332,0.0,-0.00025733799078406455,17.402496337890625,-57.4053955078125,41.744356191309635,0
254,51344,12.700000000000001,51343,51342,50,2.401795005425811,0.2812320599332452,2.033025026321411,0.0875379191711545,3.512104784710767,50.0,0,0.19515808611569324,0.0,-0.0002481135015898482,17.578027725219727,-57.40541458129883,41.919887578638736,0
255,51345,12.75,51344,51343,50,2.694598981179297,0.3192400326952338,2.273452002555132,0.10190694592893124,3.5084548395566513,50.0,0,0.1966180641773395,0.0,-0.0002382321937293706,17.753520965576172,-57.405433654785156,42.09538081899518,0
256,51346,12.8,51345,51344,50,2.411774010397494,0.2892090706154704,2.0368139958009124,0.08575094398111105,3.5121036040425206,50.0,0,0.19515855838299176,0.0,-0.0002314714602709613,17.929052352905273,-57.405452728271484,42.27091220632428,0
257,51347,12.850000000000001,51346,51345,50,2.477235975675285,0.2902209525927901,2.0763910142704844,0.11062400881201029,3.508453898062419,50.0,0,0.19661844077503243,0.0,-0.0002267982657596458,18.10454750061035,-57.40547180175781,42.44640735402936,0
258,51348,12.9,51347,51346,50,2.6534240460023284,0.2987700281664729,2.2405730560421944,0.11408096179366112,3.5121031414465365,50.0,0,0.19515874342138542,0.0,-0.00022212507340399398,18.28007698059082,-57.40549087524414,42.62193683400983,0
259,51349,12.950000000000001,51348,51347,50,2.610438968986273,0.2926080487668514,2.224916941486299,0.09291397873312235,3.508453675306836,50.0,0,0.19661852987726558,0.0,-0.0002186400468633085,18.4555721282959,-57.40550994873047,42.79743198171491,0
260,51350,13.0,51349,51348,50,2.8482089983299375,0.44356903526932,2.3028700379654765,0.10176992509514093,3.5121031584621805,50.0,0,0.19515873661512784,0.0,-0.0002087725791052631,18.631103515625,-57.40553665161133,42.97296336904401,0
261,51351,13.05,51350,51349,50,2.4536990094929934,0.28236303478479385,2.077520010061562,0.09381596464663744,3.5084544062025698,50.0,0,0.19661823751897212,0.0,-0.00019489952561385255,18.806596755981445,-57.40557861328125,43.148456624301616,0
262,51352,13.100000000000001,51351,51350,50,2.52939504571259,0.2918320242315531,2.1484909811988473,0.08907204028218985,3.5121036465055395,50.0,0,0.1951585413977842,0.0,-0.00018008684598235582,18.982128143310547,-57.40562438964844,43.32398802653188,0
263,51353,13.15,51352,51351,50,2.5477479211986065,0.3180059138685465,2.1418090909719467,0.08793291635811329,3.508455605743961,50.0,0,0.19661775770241566,0.0,-0.00016858996273117703,19.157623291015625,-57.40566635131836,43.49948317423696,0
264,51354,13.200000000000001,51353,51352,50,2.586732036434114,0.29037008062005043,2.1862639114260674,0.1100980443879962,3.5121041296555546,50.0,0,0.19515834813777816,0.0,-0.00015734220315156768,19.333154678344727,-57.40571212768555,43.67501457646722,0
265,51355,13.25,51354,51353,50,2.31314601842314,0.2729259431362152,1.9540080102160573,0.08621206507086754,3.508455612387831,50.0,0,0.19661775504486753,0.0,-0.00014847039873532757,19.508647918701172,-57.40575408935547,43.850507831724826,0
266,51356,13.3,51355,51354,50,2.506869030185044,0.3400510177016258,2.0600110292434692,0.10680698323994875,3.5121046133378453,50.0,0,0.1951581546648619,0.0,-0.00013865978079196482,19.684179306030273,-57.40580368041992,44.02603923395509,0
267,51357,13.350000000000001,51356,51355,50,2.5306500028818846,0.2849189331755042,2.151631051674485,0.09410001803189516,3.508455857593474,50.0,0,0.19661765696261035,0.0,-0.00013216458974376813,19.85967445373535,-57.40584945678711,44.20153438166017,0
268,51358,13.4,51357,51356,50,2.3456710623577237,0.2910090843215585,1.9697679672390223,0.08489401079714298,3.5121039050838583,50.0,0,0.1951584379664567,0.0,-0.00012898497116407585,20.03520393371582,-57.40589141845703,44.377063861640636,0
269,51359,13.450000000000001,51358,51357,50,2.465075929649174,0.29759493190795183,2.082001999951899,0.08547899778932333,3.5084546749809866,50.0,0,0.19661813000760536,0.0,-0.0001227384281469921,20.21070098876953,-57.405941009521484,44.55256091669435,0
270,51360,13.5,51359,51358,50,2.144675934687257,0.2839999506250024,1.7710900865495205,0.08958589751273394,3.51210296128209,50.0,0,0.19515881548716402,0.0,-0.00011649208823814195,20.386234283447266,-57.40598678588867,44.72809421137208,0
271,51361,13.55,51360,51359,50,2.555923070758581,0.3037180285900831,2.1292780293151736,0.12292701285332441,3.5084539680120224,50.0,0,0.19661841279519107,0.0,-0.00011356168724422628,20.561735153198242,-57.40603256225586,44.90359508112306,0
272,51362,13.600000000000001,51361,51360,50,2.6411189464852214,0.3942860057577491,2.1590569522231817,0.08777598850429058,3.5121029703270685,50.0,0,0.1951588118691726,0.0,-0.00011181887587252268,20.73727035522461,-57.40607833862305,45.079130298050586,0
273,51363,13.65,51362,51361,50,2.433556946925819,0.2831619931384921,2.0640279399231076,0.08636701386421919,3.5084539791121068,50.0,0,0.19661840835515731,0.0,-0.0001067610597834247,20.912771224975586,-57.4061279296875,45.25463116780156,0
274,51364,13.700000000000001,51363,51362,50,2.5634911144152284,0.31663605477660894,2.1628140239045024,0.08404103573411703,3.5121029807483484,50.0,0,0.19515880770066066,0.0,-0.00010833415910686936,21.08830451965332,-57.40616989135742,45.4301644624793,0
275,51365,13.75,51364,51363,50,2.6092269690707326,0.28909090906381607,2.2247800370678306,0.09535602293908596,3.5084539909439805,50.0,0,0.19661840362240782,0.0,-0.00010233650619899174,21.263805389404297,-57.406219482421875,45.605665332230274,0
276,51366,13.8,51365,51364,50,2.668605069629848,0.2949959598481655,2.2687551099807024,0.10485399980098009,3.5121029923210636,50.0,0,0.19515880307157457,0.0,-0.00010178246129085788,21.439340591430664,-57.40626525878906,45.7812005491578,0
277,51367,13.850000000000001,51366,51365,50,3.2255450496450067,0.2869099844247103,2.84278707113117,0.09584799408912659,3.508454478182169,50.0,0,0.19661820872713243,0.0,-0.00010122843053049315,21.61484146118164,-57.40631103515625,45.95670141890878,0
278,51368,13.9,51367,51366,50,2.554382081143558,0.2827760763466358,2.1797779481858015,0.0918280566111207,3.5121039589535377,50.0,0,0.19515841641858495,0.0,-0.00010067349483510337,21.790374755859375,-57.40635681152344,46.13223471358651,0
279,51369,13.950000000000001,51368,51367,50,2.409219043329358,0.35384204238653183,1.9692479399964213,0.08612906094640493,3.5084556838534176,50.0,0,0.19661772645863299,0.0,-9.91801852040895e-05,21.96587562561035,-57.40640640258789,46.30773558333749,0
280,51370,14.0,51369,51368,50,2.9803900979459286,0.40260807145386934,2.490242011845112,0.08754001464694738,3.5121046875797264,50.0,0,0.19515812496810947,0.0,-9.862613830863888e-05,22.14141082763672,-57.40644836425781,46.48327080026502,0
281,51371,14.05,51370,51369,50,2.7285380056127906,0.30539906583726406,2.330486895516515,0.09265204425901175,3.5084559356927527,50.0,0,0.19661762572289893,0.0,-9.713223893524658e-05,22.316911697387695,-57.406497955322266,46.658771670015994,0
282,51372,14.100000000000001,51371,51370,50,2.448461949825287,0.28545199893414974,2.0795080345124006,0.0835019163787365,3.512104701086762,50.0,0,0.19515811956529527,0.0,-9.989355358804562e-05,22.49244499206543,-57.40653991699219,46.83430496469373,0
283,51373,14.15,51372,51371,50,2.602568012662232,0.2900289837270975,2.1963559556752443,0.11618307325989008,3.508455236027188,50.0,0,0.19661790558912476,0.0,-9.721206141632102e-05,22.667945861816406,-57.40658950805664,47.009805834444705,0
284,51374,14.200000000000001,51373,51372,50,2.855845959857106,0.3983440110459924,2.35251197591424,0.10498997289687395,3.5121040015281704,50.0,0,0.19515839938873186,0.0,-9.784564323636983e-05,22.843481063842773,-57.40663528442383,47.185341051372234,0
285,51375,14.25,51374,51373,50,2.8591740410774946,0.2927640452980995,2.4760320084169507,0.0903779873624444,3.5084547738503544,50.0,0,0.19661809045985823,0.0,-9.209755598456718e-05,23.01898193359375,-57.40668869018555,47.36084193602437,0
286,51376,14.3,51375,51374,50,2.4728639982640743,0.28754398226737976,2.0981059642508626,0.08721405174583197,3.5121032987120477,50.0,0,0.19515868051518093,0.0,-7.783940127933444e-05,23.194515228271484,-57.406761169433594,47.53637524560327,0
287,51377,14.350000000000001,51376,51375,50,2.535804989747703,0.28983596712350845,2.1567849908024073,0.08918403182178736,3.508454060792,50.0,0,0.19661837568320006,0.0,-6.689657675614964e-05,23.37001609802246,-57.406829833984375,47.711876130255405,0
288,51378,14.4,51377,51376,50,2.396455965936184,0.2986839972436428,2.012604963965714,0.08516700472682714,3.5121037707964624,50.0,0,0.19515849168141505,0.0,-5.833074284545252e-05,23.545551300048828,-57.406898498535156,47.88741134718293,0
289,51379,14.450000000000001,51378,51377,50,2.6275579584762454,0.29407592955976725,2.24395003169775,0.08953199721872807,3.5084557256710958,50.0,0,0.1966177097315617,0.0,-6.277842576254554e-05,23.721052169799805,-57.40694808959961,48.06291221693391,0
290,51380,14.5,51379,51378,50,2.740295953117311,0.2892540069296956,2.3568710312247276,0.09417091496288776,3.512104728809887,50.0,0,0.1951581084760452,0.0,-5.327298927319176e-05,23.89658546447754,-57.40701675415039,48.238445526512805,0
291,51381,14.55,51380,51379,50,2.4964020121842623,0.27165806386619806,2.1342019317671657,0.09054201655089855,3.5084559694181823,50.0,0,0.1966176122327271,0.0,-4.495530070847902e-05,24.072086334228516,-57.40708923339844,48.41394641116494,0
292,51382,14.600000000000001,51381,51380,50,2.367219072766602,0.2870700554922223,1.9929360132664442,0.08721300400793552,3.5121047258951803,50.0,0,0.1951581096419279,0.0,-3.782665496765302e-05,24.247621536254883,-57.407161712646484,48.58948162809247,0
293,51383,14.65,51382,51381,50,2.4769690353423357,0.3076090943068266,2.0827269181609154,0.08663302287459373,3.5084552500947463,50.0,0,0.19661789996210147,0.0,-3.613946348151586e-05,24.42312240600586,-57.4072265625,48.76498251274461,0
294,51384,14.700000000000001,51383,51382,50,3.1213079346343875,0.28641801327466965,2.7345690177753568,0.10032090358436108,3.512104009456246,50.0,0,0.19515839621750164,0.0,-3.6581286633826714e-05,24.598657608032227,-57.40728759765625,48.94051772967214,0
295,51385,14.75,51384,51383,50,2.621556050144136,0.27956103440374136,2.246737014502287,0.09525800123810768,3.508455015378434,50.0,0,0.19661799384862633,0.0,-2.6385530618617654e-05,24.77415657043457,-57.40736389160156,49.11601670697564,0
296,51386,14.8,51385,51384,50,2.6071779429912567,0.27848302852362394,2.243082970380783,0.08561194408684969,3.5121037702441793,50.0,0,0.19515849190232828,0.0,-2.5887306386795774e-05,24.949691772460938,-57.40742874145508,49.29155192390317,0
297,51387,14.850000000000001,51386,51385,50,2.441763994283974,0.2948170294985175,2.060853992588818,0.08609297219663858,3.5084552509465645,50.0,0,0.19661789962137421,0.0,-2.8015099669155228e-05,25.125192642211914,-57.40749740600586,49.46705280855531,0
298,51388,14.9,51387,51386,50,2.8187530115246773,0.4122530808672309,2.3020009975880384,0.10449893306940794,3.5121037740479086,50.0,0,0.19515849038083655,0.0,-1.8758957375710246e-05,25.30072784423828,-57.40757369995117,49.64258802548284,0
299,51389,14.950000000000001,51388,51387,50,2.495627966709435,0.2954989904537797,2.1177930757403374,0.08233590051531792,3.5084545354241663,50.0,0,0.1966181858303335,0.0,-1.6631527260208385e-05,25.476226806640625,-57.40764617919922,49.81808700278634,0
300,51390,15.0,51389,51388,50,2.947594039142132,0.3988490207120776,2.4529489455744624,0.09579607285559177,3.512104008120746,50.0,0,0.19515839675170155,0.0,-2.1328148249908067e-05,25.651762008666992,-57.40769958496094,49.99362221971387,0
301,51391,15.05,51390,51389,50,2.404404920525849,0.2860568929463625,2.0348550751805305,0.08349295239895582,3.50845501522335,50.0,0,0.1966179939106601,0.0,-2.1327780008310638e-05,25.82726287841797,-57.407772064208984,50.16912310436601,0
302,51392,15.100000000000001,51391,51390,50,2.624579006806016,0.31060806941241026,2.2245090221986175,0.08946191519498825,3.5121037757533715,50.0,0,0.1951584896986514,0.0,-1.5387250434633663e-05,26.002798080444336,-57.40784454345703,50.34465832129354,0
303,51393,15.15,51392,51391,50,2.4903840385377407,0.2728990511968732,2.1336210193112493,0.08386396802961826,3.508454777092796,50.0,0,0.19661808916288168,0.0,-1.7514681557637156e-05,26.17829704284668,-57.40791320800781,50.52015729859704,0
304,51394,15.200000000000001,51393,51392,50,2.3368310648947954,0.2722770441323519,1.9525919342413545,0.11196208652108908,3.512103775745948,50.0,0,0.19515848970162075,0.0,-9.445984377193716e-06,26.353832244873047,-57.40798568725586,50.69569251552457,0
305,51395,15.25,51394,51393,50,2.7440920239314437,0.39890699554234743,2.2454370046034455,0.09974802378565073,3.5084550138737365,50.0,0,0.19661799445050543,0.0,-7.318921494159949e-06,26.529333114624023,-57.40806198120117,50.87119340017671,0
306,51396,15.3,51395,51394,50,2.620337065309286,0.2875800710171461,2.2455259459093213,0.0872310483828187,3.51210377061843,50.0,0,0.19515849175262795,0.0,-7.3185542670018625e-06,26.70486831665039,-57.40813446044922,51.046728617104236,0
307,51397,15.350000000000001,51396,51395,50,2.455448964610696,0.29659795109182596,2.058102050796151,0.10074896272271872,3.5084545356200207,50.0,0,0.19661818575199172,0.0,-3.753943056537371e-06,26.880367279052734,-57.408206939697266,51.22222759440774,0
308,51398,15.4,51397,51396,50,2.398486016318202,0.2940420527011156,2.016753889620304,0.0876900739967823,3.5121032920319455,50.0,0,0.19515868318722182,0.0,-1.4391465892648343e-05,27.0559024810791,-57.408260345458984,51.39776281133527,0
309,51399,15.450000000000001,51398,51397,50,2.7385969879105687,0.404485035687685,2.2516900207847357,0.08242193143814802,3.5084550172495983,50.0,0,0.1966179931001607,0.0,-1.2263663488862897e-05,27.231403350830078,-57.40833282470703,51.57326369598741,0
310,51400,15.5,51399,51398,50,2.4256270844489336,0.28082903008908033,2.027531969361007,0.11726608499884605,3.51210401494692,50.0,0,0.195158394021232,0.0,-7.511389041687112e-06,27.406938552856445,-57.40840530395508,51.748798912914935,0
311,51401,15.55,51400,51399,50,2.4520730366930366,0.4126930143684149,1.956376014277339,0.0830040080472827,3.508455254689538,50.0,0,0.19661789812418481,0.0,-5.383957921249705e-06,27.58243751525879,-57.40848159790039,51.92429789021844,0
312,51402,15.600000000000001,51401,51400,50,2.3413669550791383,0.3263190155848861,1.927381963469088,0.08766597602516413,3.5121042499631456,50.0,0,0.19515830001474177,0.0,-5.383587650773351e-06,27.757972717285156,-57.40855407714844,52.09983310714597,0
313,51403,15.65,51402,51401,50,3.13846196513623,0.27623993810266256,2.7457160176709294,0.116506009362638,3.508455253342155,50.0,0,0.19661789866313806,0.0,-5.383957921249705e-06,27.933473587036133,-57.408626556396484,52.27533399179811,0
314,51404,15.700000000000001,51403,51402,50,2.641842933371663,0.28458202723413706,2.274770988151431,0.08248991798609495,3.5121032965817474,50.0,0,0.19515868136730108,0.0,-3.2565267993743437e-06,28.1090087890625,-57.40869903564453,52.450869208725635,0
315,51405,15.75,51404,51403,50,2.5125519605353475,0.2804449759423733,2.1184809738770127,0.11362601071596146,3.5084540606367467,50.0,0,0.19661837574530133,0.0,1.496263974408824e-06,28.284507751464844,-57.40877151489258,52.62636818602914,0
316,51406,15.8,51405,51404,50,2.5240409886464477,0.2938229590654373,2.139254007488489,0.09096402209252119,3.5121025773608143,50.0,0,0.1951589690556743,0.0,-2.7589695532374235e-06,28.46004295349121,-57.408836364746094,52.80190340295667,0
317,51407,15.850000000000001,51406,51405,50,2.696273964829743,0.2937390236184001,2.3092549527063966,0.09327998850494623,3.5084540595568288,50.0,0,0.19661837617726852,0.0,-4.886029387018632e-06,28.635543823242188,-57.408905029296875,52.977404287608806,0
318,51408,15.9,51407,51406,50,2.521769027225673,0.27891399804502726,2.1452020155265927,0.09765301365405321,3.512103773339697,50.0,0,0.19515849066412125,0.0,-4.886401686728761e-06,28.811079025268555,-57.40897750854492,53.152939504536334,0
319,51409,15.950000000000001,51408,51407,50,3.281833021901548,0.29079196974635124,2.896798076108098,0.09424297604709864,3.508455731171033,50.0,0,0.19661770753158675,0.0,-2.7585982679675606e-06,28.98657989501953,-57.40904998779297,53.32844038918847,0
320,51410,16.0,51409,51408,50,2.3363110376521945,0.27553096879273653,1.971143065020442,0.08963700383901596,3.512105442206512,50.0,0,0.19515782311739527,0.0,-6.31537418316571e-07,29.1621150970459,-57.40912628173828,53.503975606116,0
321,51411,16.05,51410,51409,50,2.492142957635224,0.3008040366694331,2.101912978105247,0.08942594286054373,3.508456444267471,50.0,0,0.1966174222930116,0.0,-6.311671474870949e-07,29.337615966796875,-57.40919876098633,53.67947649076814,0
322,51412,16.1,51411,51410,50,2.188961021602154,0.2676519798114896,1.8299729563295841,0.09133608546108007,3.512105202118307,50.0,0,0.19515791915267722,0.0,-6.311671474870949e-07,29.513153076171875,-57.409271240234375,53.8550136150443,0
323,51413,16.150000000000002,51412,51411,50,2.4589080130681396,0.2902069827541709,2.073787967674434,0.09491306263953447,3.5084559670875435,50.0,0,0.1966176131649826,0.0,-6.31537418316571e-07,29.68865394592285,-57.40934371948242,54.03051449969644,0
324,51414,16.2,51413,51412,50,2.505431999452412,0.4004070069640875,2.0008489955216646,0.10417599696666002,3.5121042484533986,50.0,0,0.19515830061864056,0.0,1.496263974408824e-06,29.86418914794922,-57.40941619873047,54.206049716623966,0
325,51415,16.25,51414,51413,50,2.547725918702781,0.27929397765547037,2.147266990505159,0.12116495054215193,3.508455250584508,50.0,0,0.19661789976619684,0.0,3.623326855757437e-06,30.039690017700195,-57.40949249267578,54.3815506012761,0
326,51416,16.3,51415,51414,50,2.5119369383901358,0.30119100119918585,2.0925869466736913,0.11815899051725864,3.512103053307032,50.0,0,0.19515877867718726,0.0,-7.01383381877688e-06,30.21522331237793,-57.4095458984375,54.557083910855,0
327,51417,16.35,51416,51415,50,2.5053019635379314,0.2850750461220741,2.128117950633168,0.0921089667826891,3.508453824487612,50.0,0,0.1966184702049553,0.0,-7.013460504626248e-06,30.390724182128906,-57.40961837768555,54.73258479550714,0
328,51418,16.400000000000002,51417,51416,50,2.5791439693421125,0.2862919354811311,2.1820899564772844,0.11076207738369703,3.512103776588822,50.0,0,0.19515848936447125,0.0,-7.01383381877688e-06,30.566259384155273,-57.409690856933594,54.908120012434665,0
329,51419,16.45,51418,51417,50,2.6235909899696708,0.32949692104011774,2.197735011577606,0.09635905735194683,3.508455019351548,50.0,0,0.1966179922593808,0.0,-1.333836546997523e-07,30.74176025390625,-57.40976333618164,55.0836208970868,0
330,51420,16.5,51419,51418,50,2.8470399556681514,0.39071193896234035,2.371103037148714,0.08522497955709696,3.5121040122347233,50.0,0,0.19515839510611066,0.0,-1.333836546997523e-07,30.917293548583984,-57.40983581542969,55.2591542066657,0
331,51421,16.55,51420,51419,50,2.487550023943186,0.4362500039860606,1.965140923857689,0.08615909609943628,3.5084550148226414,50.0,0,0.19661799407094344,0.0,1.993676179096747e-06,31.09279441833496,-57.409912109375,55.434655091317836,0
332,51422,16.6,51421,51420,50,2.354883006773889,0.2795939799398184,1.9843479385599494,0.09094108827412128,3.51210281766542,50.0,0,0.19515887293383205,0.0,1.9940474643666112e-06,31.268329620361328,-57.40998458862305,55.610190308245365,0
333,51423,16.650000000000002,51422,51421,50,2.5926079833880067,0.2846820279955864,2.2179930238053203,0.08993293158710003,3.5084540590280016,50.0,0,0.1966183763887994,0.0,1.9929336074947672e-06,31.443830490112305,-57.410057067871094,55.7856911928975,0
334,51424,16.7,51423,51422,50,2.516221022233367,0.29572704806923866,2.1293209865689278,0.09117298759520054,3.5121030553407686,50.0,0,0.19515877786369257,0.0,4.121108314010398e-06,31.61936378479004,-57.41012954711914,55.9612245024764,0
335,51425,16.75,51424,51423,50,2.4535940028727055,0.28965098317712545,2.0748389651998878,0.08910405449569225,3.5084547725243684,50.0,0,0.19661809099025263,0.0,-6.515677003317821e-06,31.794864654541016,-57.41018295288086,56.136725387128536,0
336,51426,16.8,51425,51424,50,2.863500965759158,0.2997959963977337,2.452629036270082,0.11107593309134245,3.51210401368131,50.0,0,0.19515839452747594,0.0,-4.388620217146817e-06,31.970399856567383,-57.41025924682617,56.312260604056064,0
337,51427,16.85,51426,51425,50,2.537800930440426,0.2790458966046572,2.1720960503444076,0.08665898349136114,3.508455255892819,50.0,0,0.1966178976428724,0.0,-4.38899454609483e-06,32.14590072631836,-57.41033172607422,56.4877614887082,0
338,51428,16.900000000000002,51427,51426,50,2.2531679132953286,0.28151797596365213,1.8793829949572682,0.09226694237440825,3.5121042529713544,50.0,0,0.19515829881145824,0.0,-4.388245888555908e-06,32.321434020996094,-57.410404205322266,56.6632947982871,0
339,51429,16.95,51428,51427,50,2.5765899335965514,0.29147102031856775,2.1724019898101687,0.11271692346781492,3.5084557336212865,50.0,0,0.19661770655148542,0.0,-2.261561401002461e-06,32.4969367980957,-57.41047668457031,56.83879759028787,0
340,51430,17.0,51429,51428,50,2.633669995702803,0.28801197186112404,2.2278290707618,0.11782895307987928,3.512104967618019,50.0,0,0.19515801295279245,0.0,-2.2608147723451594e-06,32.67247009277344,-57.41054916381836,57.01433089986676,0
341,51431,17.05,51430,51429,50,2.729058964177966,0.39462000131607056,2.244804985821247,0.08963397704064846,3.5084559709076197,50.0,0,0.19661761163695213,0.0,-1.333836546997523e-07,32.84796905517578,-57.41062545776367,57.18982987717027,0
342,51432,17.1,51431,51430,50,2.4548169458284974,0.2911980263888836,2.0202869782224298,0.14333194121718407,3.512104727798739,50.0,0,0.19515810888050444,0.0,-1.333836546997523e-07,33.02350616455078,-57.41069793701172,57.36536700144643,0
343,51433,17.150000000000002,51432,51431,50,2.4778880178928375,0.287781935185194,2.094735042192042,0.09537104051560163,3.508455969416832,50.0,0,0.1966176122332673,0.0,-1.333836546997523e-07,33.199005126953125,-57.410770416259766,57.540865978749935,0
344,51434,17.2,51433,51432,50,2.604951965622604,0.29202993027865887,2.1999140735715628,0.11300796177238226,3.5121040122137264,50.0,0,0.19515839511450947,0.0,1.9940474643666112e-06,33.37453842163086,-57.41084289550781,57.71639928832883,0
345,51435,17.25,51434,51433,50,2.7656940510496497,0.39705808740109205,2.2816299460828304,0.08700601756572723,3.508455014297708,50.0,0,0.1966179942809168,0.0,1.9940474643666112e-06,33.55004119873047,-57.41091537475586,57.8919020803296,0
346,51436,17.3,51435,51434,50,2.5121390353888273,0.28042204212397337,2.142256940715015,0.08946005254983902,3.5121028183295033,50.0,0,0.19515887266819867,0.0,4.12147858483987e-06,33.7255744934082,-57.41099166870117,58.067435389908496,0
347,51437,17.35,51436,51435,50,2.537974971346557,0.2770989667624235,2.147722989320755,0.11315301526337862,3.5084538202213427,50.0,0,0.19661847191146295,0.0,4.12147858483987e-06,33.90107727050781,-57.41106414794922,58.24293818190927,0
348,51438,17.400000000000002,51437,51436,50,2.3662479361519217,0.30498800333589315,1.9482929492369294,0.11296698357909918,3.5121030545745535,50.0,0,0.1951587781701786,0.0,1.9940474643666112e-06,34.07661056518555,-57.4111328125,58.41847149148816,0
349,51439,17.45,51438,51437,50,2.4680319475010037,0.28076895978301764,2.0753720309585333,0.11189095675945282,3.5084547742191248,50.0,0,0.1966180903123501,0.0,4.120738042827809e-06,34.25210952758789,-57.41120529174805,58.59397046879167,0
350,51440,17.5,51439,51438,50,2.5232710177078843,0.2816090127453208,2.146607032045722,0.09505497291684151,3.512104007888975,50.0,0,0.19515839684440994,0.0,-4.388245888555908e-06,34.42764663696289,-57.41126251220703,58.76950759306783,0
351,51441,17.55,51440,51439,50,2.398292999714613,0.28697005473077297,1.9985189428552985,0.11280400212854147,3.508455016212031,50.0,0,0.19661799351518763,0.0,-4.38899454609483e-06,34.603145599365234,-57.41133499145508,58.94500657037133,0
352,51442,17.6,51441,51440,50,2.5392010575160384,0.27931109070777893,2.1651280112564564,0.09476195555180311,3.5121042526204245,50.0,0,0.19515829895183023,0.0,-2.261561401002461e-06,34.778682708740234,-57.41141128540039,59.120543694647495,0
353,51443,17.650000000000002,51442,51441,50,2.7956770500168204,0.2920940751209855,2.3684760089963675,0.13510696589946747,3.5084552553089585,50.0,0,0.1966178978764166,0.0,-2.261561401002461e-06,34.95418167114258,-57.41148376464844,59.296042671951,0
354,51444,17.7,51443,51442,50,2.7506379410624504,0.28429797384887934,2.352879964746535,0.11346000246703625,3.512104251851063,50.0,0,0.1951582992595748,0.0,-1.333836546997523e-07,35.12971496582031,-57.411556243896484,59.471575981529895,0
355,51445,17.75,51444,51443,50,2.4662920041009784,0.28944702353328466,2.060728962533176,0.11611601803451777,3.508455254015488,50.0,0,0.19661789839380486,0.0,-1.3412825447519026e-07,35.30521774291992,-57.41162872314453,59.647078773530666,0
356,51446,17.8,51445,51444,50,3.2456639455631375,0.29047601856291294,2.855011960491538,0.10017596650868654,3.5121042503234214,50.0,0,0.19515829987063144,0.0,-1.333836546997523e-07,35.480751037597656,-57.41170120239258,59.82261208310956,0
357,51447,17.85,51446,51445,50,2.6266929926350713,0.2817149506881833,2.2555910982191563,0.0893869437277317,3.5084552536952365,50.0,0,0.19661789852190542,0.0,1.9940474643666112e-06,35.65625,-57.41177749633789,59.998111060413066,0
358,51448,17.900000000000002,51447,51446,50,2.8548920527100563,0.4053099546581507,2.3337480379268527,0.11583406012505293,3.5121040104562575,50.0,0,0.195158395817497,0.0,1.9940474643666112e-06,35.831787109375,-57.41184997558594,60.17364818468923,0
359,51449,17.95,51448,51447,50,2.5193130131810904,0.2840150846168399,2.12392199318856,0.11137593537569046,3.5084547750647395,50.0,0,0.19661808997410424,0.0,4.12147858483987e-06,36.007286071777344,-57.411922454833984,60.34914716199273,0
360,51450,18.0,51449,51448,50,2.2367339115589857,0.29216997791081667,1.8491470254957676,0.09541690815240145,3.5121032931866285,50.0,0,0.19515868272534861,0.0,4.12147858483987e-06,36.182823181152344,-57.41199493408203,60.524684286268894,0
361,51451,18.05,51450,51449,50,2.5636210339143872,0.28600101359188557,2.1781160030514,0.09950401727110147,3.5084547728814455,50.0,0,0.19661809084742182,0.0,-6.515677003317821e-06,36.35832214355469,-57.41204833984375,60.7001832635724,0
362,51452,18.1,51451,51450,50,2.625921042636037,0.2928080502897501,2.21926998347044,0.11384300887584686,3.5121032990052727,50.0,0,0.19515868039789092,0.0,-4.38899454609483e-06,36.53385543823242,-57.41212463378906,60.875716573151294,0
363,51453,18.150000000000002,51452,51451,50,2.491785096935928,0.28690602630376816,2.1142290206626058,0.09065004996955395,3.5084547796941363,50.0,0,0.1966180881223455,0.0,-4.388245888555908e-06,36.70935821533203,-57.41219711303711,61.051219365152065,0
364,51454,18.2,51453,51452,50,2.589460927993059,0.27684797532856464,2.1975859999656677,0.11502695269882679,3.512104015205271,50.0,0,0.19515839391789155,0.0,-2.261561401002461e-06,36.884891510009766,-57.412269592285156,61.22675267473096,0
365,51455,18.25,51454,51453,50,2.5674389908090234,0.29538501985371113,2.179451985284686,0.09260198567062616,3.5084547792713567,50.0,0,0.19661808829145733,0.0,-2.2608147723451594e-06,37.06039047241211,-57.4123420715332,61.402251652034465,0
366,51456,18.3,51455,51454,50,2.6810968993231654,0.2762959338724613,2.2882079938426614,0.11659297160804272,3.512103298902627,50.0,0,0.19515868043894927,0.0,-2.2608147723451594e-06,37.23592758178711,-57.41241455078125,61.577788776310626,0
367,51457,18.35,51456,51455,50,2.507466939277947,0.2949220361188054,2.1050579380244017,0.10748696513473988,3.508454779219881,50.0,0,0.1966180883120476,0.0,-1.333836546997523e-07,37.41142654418945,-57.41249084472656,61.75328775361413,0
368,51458,18.400000000000002,51457,51456,50,2.3907129652798176,0.2835829509422183,2.0181110594421625,0.08901895489543676,3.51210401297833,50.0,0,0.19515839480866806,0.0,-1.3412825447519026e-07,37.58696365356445,-57.41256332397461,61.92882487789029,0
369,51459,18.45,51458,51457,50,2.51828006003052,0.29014702886343,2.13202100712806,0.09611202403903008,3.508455016165033,50.0,0,0.19661799353398682,0.0,1.9933048934727993e-06,37.7624626159668,-57.412635803222656,62.1043238551938,0
370,51460,18.5,51459,51458,50,2.40756303537637,0.28265302535146475,2.0344629883766174,0.09044702164828777,3.5121030576116024,50.0,0,0.19515877695535908,0.0,1.9933048934727993e-06,37.93799591064453,-57.4127082824707,62.27985716477269,0
371,51461,18.55,51460,51459,50,2.458050032146275,0.29777700547128916,2.048448077403009,0.11182494927197695,3.5084538222055146,50.0,0,0.19661847111779418,0.0,1.9933048934727993e-06,38.11349868774414,-57.41278076171875,62.455359956773464,0
372,51462,18.6,51461,51460,50,2.525396994315088,0.2883649431169033,2.1279139909893274,0.10911806020885706,3.512102580107294,50.0,0,0.19515896795708249,0.0,4.120738042827809e-06,38.289031982421875,-57.41285705566406,62.63089326635236,0
373,51463,18.650000000000002,51462,51461,50,2.315505058504641,0.29246602207422256,1.8965729977935553,0.12646603863686323,3.508454058886934,50.0,0,0.19661837644522642,0.0,4.120738042827809e-06,38.46453094482422,-57.41292953491211,62.806392243655864,0
374,51464,18.7,51463,51462,50,3.3036309760063887,0.28651405591517687,2.8891259571537375,0.12799096293747425,3.512103293256474,50.0,0,0.19515868269741043,0.0,6.248171193575654e-06,38.64006805419922,-57.413002014160156,62.981929367932025,0
375,51465,18.75,51464,51463,50,2.2507819812744856,0.2638070145621896,1.8725909758359194,0.11438399087637663,3.5084547718209578,50.0,0,0.1966180912716169,0.0,-6.516427689738478e-06,38.81556701660156,-57.41305160522461,63.15742833033437,0
376,51466,18.8,51465,51464,50,2.300519961863756,0.27589790988713503,1.9339650170877576,0.09065703488886356,3.5121047294082994,50.0,0,0.19515810823668023,0.0,-6.516427689738478e-06,38.99110412597656,-57.413124084472656,63.33296545461053,0
377,51467,18.85,51466,51465,50,2.439107047393918,0.3689160803332925,1.9708939362317324,0.09929703082889318,3.508456450082867,50.0,0,0.1966174199668531,0.0,-6.516427689738478e-06,39.166603088378906,-57.4131965637207,63.508464431914035,0
378,51468,18.900000000000002,51467,51466,50,2.381779020652175,0.40494499262422323,1.886403071694076,0.09043095633387566,3.5121059245791186,50.0,0,0.19515763016835255,0.0,-6.516427689738478e-06,39.342140197753906,-57.41326904296875,63.684001556190196,0
379,51469,18.95,51468,51467,50,2.3376309545710683,0.2709110267460346,1.9725739257410169,0.0941460020840168,3.508456451787267,50.0,0,0.19661741928509324,0.0,-2.2623080310838376e-06,39.51763916015625,-57.41334533691406,63.8595005334937,0
380,51470,19.0,51469,51468,50,2.4159729946404696,0.2907681046053767,2.030413947068155,0.09479094296693802,3.512104969376433,50.0,0,0.1951580122494269,0.0,1.302230658712144e-06,39.69317626953125,-57.41341781616211,64.03503765776986,0
381,51471,19.05,51470,51469,50,2.3402509978041053,0.2830569865182042,1.9548280397430062,0.10236597154289484,3.5084557317167486,50.0,0,0.19661770731330055,0.0,1.302230658712144e-06,39.868675231933594,-57.413490295410156,64.21053663507337,0
382,51472,19.1,51471,51470,50,2.6882640086114407,0.4066759720444679,2.1910209907218814,0.09056704584509134,3.512103297034362,50.0,0,0.19515868118625512,0.0,1.302230658712144e-06,40.044212341308594,-57.4135627746582,64.38607375934953,0
383,51473,19.150000000000002,51472,51471,50,2.674989984370768,0.2874020719900727,2.2895369911566377,0.09805092122405767,3.508454538594062,50.0,0,0.19661818456237512,0.0,3.429665834120398e-06,40.21971130371094,-57.41363525390625,64.56157273665303,0
384,51474,19.200000000000003,51473,51472,50,2.423045923933387,0.2754699671640992,2.051300019957125,0.0962759368121624,3.512104010491012,50.0,0,0.19515839580359523,0.0,5.557843583242637e-06,40.39524459838867,-57.41371154785156,64.73710604623193,0
385,51475,19.25,51474,51473,50,2.8221580432727933,0.281544984318316,2.418189076706767,0.12242398224771023,3.5084557273256816,50.0,0,0.1966177090697274,0.0,5.557101010932499e-06,40.57074737548828,-57.41378402709961,64.9126088382327,0
386,51476,19.3,51475,51474,50,2.441758057102561,0.32724603079259396,2.0221159793436527,0.09239604696631432,3.5121040078331163,50.0,0,0.19515839686675351,0.0,-5.078569426908412e-06,40.74627685546875,-57.41383743286133,65.08813833311433,0
387,51477,19.35,51476,51475,50,2.5302499998360872,0.2975139068439603,2.119099022820592,0.11363707017153502,3.5084557327224246,50.0,0,0.19661770691103017,0.0,-5.0793221422108204e-06,40.92177200317383,-57.413909912109375,65.26363349572057,0
388,51478,19.400000000000002,51477,51476,50,2.4697129847481847,0.27589104138314724,2.079936908558011,0.11388503480702639,3.5121049694731794,50.0,0,0.19515801221072826,0.0,-2.951138313563177e-06,41.09730529785156,-57.41398239135742,65.43916680529946,0
389,51479,19.450000000000003,51478,51477,50,2.4805549765005708,0.30159298330545425,2.0825209794566035,0.09644101373851299,3.50845597228517,50.0,0,0.1966176110859321,0.0,-2.951138313563177e-06,41.272796630859375,-57.41405487060547,65.61465815320844,0
390,51480,19.5,51479,51478,50,2.4491799995303154,0.28393708635121584,2.048794995062053,0.11644791811704636,3.512105445781361,50.0,0,0.19515782168745555,0.0,-8.244558563110859e-07,41.44832992553711,-57.41413116455078,65.79019146278733,0
391,51481,19.55,51480,51479,50,2.392363967373967,0.2930629998445511,2.0059809321537614,0.0933200353756547,3.5084562095806913,50.0,0,0.1966175161677235,0.0,-8.244558563110859e-07,41.62382125854492,-57.41420364379883,65.96568281069631,0
392,51482,19.6,51481,51480,50,2.5604339316487312,0.27871993370354176,2.1707810228690505,0.11093297507613897,3.512104967500526,50.0,0,0.1951580129997897,0.0,-8.23707198772158e-07,41.799354553222656,-57.414276123046875,66.1412161202752,0
393,51483,19.650000000000002,51482,51481,50,2.48644407838583,0.29222306329756975,2.0815039752051234,0.11271703988313675,3.508455970936296,50.0,0,0.19661761162548164,0.0,1.3037239174508252e-06,41.97484588623047,-57.41434860229492,66.31670746818418,0
394,51484,19.700000000000003,51483,51482,50,2.2095729364082217,0.29183400329202414,1.8164869397878647,0.1012519933283329,3.5121037740730436,50.0,0,0.19515849037078256,0.0,1.3029772887935215e-06,42.1503791809082,-57.41442108154297,66.49224077776307,0
395,51485,19.75,51484,51483,50,2.5835289852693677,0.2768270205706358,2.2096929606050253,0.09700900409370661,3.508454777167302,50.0,0,0.1966180891330792,0.0,3.429665834120398e-06,42.32587432861328,-57.41449737548828,66.66773594036931,0
396,51486,19.8,51485,51484,50,2.42055207490921,0.2815420739352703,2.02607992105186,0.11293007992208004,3.5121028184997147,50.0,0,0.1951588726001141,0.0,3.4311550350915904e-06,42.50140380859375,-57.41456985473633,66.84326543525094,0
397,51487,19.85,51486,51485,50,2.696988987736404,0.4079729551449418,2.1876590326428413,0.1013569999486208,3.508454059844753,50.0,0,0.19661837606209875,0.0,3.430410435316157e-06,42.67689895629883,-57.414642333984375,67.01876059785718,0
398,51488,19.900000000000002,51487,51486,50,2.4188420502468944,0.289177056401968,2.0294099813327193,0.10025501251220703,3.5121032944367534,50.0,0,0.19515868222529864,0.0,5.558586154136439e-06,42.85243225097656,-57.41471481323242,67.19429390743608,0
399,51489,19.950000000000003,51488,51487,50,2.6994120562449098,0.30195002909749746,2.2982159862294793,0.09924604091793299,3.5084547731181406,50.0,0,0.19661809075274378,0.0,1.3037239174508252e-06,43.027923583984375,-57.41477966308594,67.36978525534505,0
400,51490,20.0,51489,51488,50,2.450944040901959,0.2700310433283448,2.063293009996414,0.11761998757719994,3.5121040100574814,50.0,0,0.19515839597700746,0.0,1.3029772887935215e-06,43.20345687866211,-57.414852142333984,67.54531856492395,0
401,51491,20.05,51490,51489,50,2.259106026031077,0.28623698744922876,1.8700551008805633,0.10281393770128489,3.5084552522695134,50.0,0,0.19661789909219465,0.0,1.3029772887935215e-06,43.37894821166992,-57.41492462158203,67.72080991283292,0
402,51492,20.1,51491,51490,50,2.56612291559577,0.28160796500742435,2.173125045374036,0.11138990521430969,3.512104248807918,50.0,0,0.19515830047683275,0.0,1.3037239174508252e-06,43.554481506347656,-57.41499710083008,67.89634322241182,0
403,51493,20.150000000000002,51492,51491,50,2.439489006064832,0.2813440514728427,2.0629549399018288,0.09519001469016075,3.508455729022644,50.0,0,0.19661770839094236,0.0,5.557101010932499e-06,43.72997283935547,-57.41507339477539,68.07183457032079,0
404,51494,20.200000000000003,51493,51492,50,2.5806929916143417,0.2843509428203106,2.2037000162526965,0.09264203254133463,3.512104245902181,50.0,0,0.19515830163912753,0.0,-8.259531756728956e-07,43.9055061340332,-57.41513442993164,68.24736787989968,0
405,51495,20.25,51494,51493,50,2.521862043067813,0.3087009536102414,2.1222400246188045,0.09092106483876705,3.5084557292770726,50.0,0,0.19661770828917097,0.0,-6.517178377591069e-06,44.08100128173828,-57.41520309448242,68.42286304250592,0
406,51496,20.3,51495,51494,50,2.6960839750245214,0.2930259797722101,2.286965027451515,0.11609296780079603,3.512105207076081,50.0,0,0.19515791716956754,0.0,-6.515677003317821e-06,44.25653076171875,-57.41527557373047,68.59839253738755,0
407,51497,20.35,51496,51495,50,2.4384959833696485,0.2913710195571184,2.0576149690896273,0.08950999472290277,3.508456450352855,50.0,0,0.19661741985885808,0.0,-4.38899454609483e-06,44.43202590942383,-57.41535186767578,68.7738876999938,0
408,51498,20.400000000000002,51497,51496,50,2.591778989881277,0.27298100758343935,2.2242009872570634,0.09459699504077435,3.512105208095925,50.0,0,0.19515791676163002,0.0,-2.2623080310838376e-06,44.60755920410156,-57.41542434692383,68.94942100957269,0
409,51499,20.450000000000003,51498,51497,50,2.501258044503629,0.27906696777790785,2.109364024363458,0.1128270523622632,3.5084557333777613,50.0,0,0.1966177066488955,0.0,-2.2608147723451594e-06,44.783050537109375,-57.415496826171875,69.12491235748166,0
410,51500,20.5,51499,51498,50,2.471125917509198,0.28843898326158524,2.0866079721599817,0.09607896208763123,3.5121032992590426,50.0,0,0.19515868029638295,0.0,-2.261561401002461e-06,44.95858383178711,-57.41556930541992,69.30044566706056,0
411,51501,20.55,51500,51499,50,2.684932085685432,0.27754902839660645,2.294676029123366,0.11270702816545963,3.508454541142675,50.0,0,0.19661818354292998,0.0,-2.261561401002461e-06,45.13407516479492,-57.41564178466797,69.47593701496953,0
412,51502,20.6,51501,51500,50,2.6423720410093665,0.3829540219157934,2.1511679515242577,0.10825006756931543,3.512103299448377,50.0,0,0.19515868022064922,0.0,-1.3487285567095393e-07,45.309608459472656,-57.41571807861328,69.65147032454843,0
413,51503,20.650000000000002,51502,51501,50,2.6100920513272285,0.29188196640461683,2.226310083642602,0.09190000128000975,3.508454540079617,50.0,0,0.19661818396815323,0.0,1.9925623211626517e-06,45.48509979248047,-57.41579055786133,69.8269616724574,0
414,51504,20.700000000000003,51503,51502,50,2.6210839860141277,0.28126908000558615,2.214051899500191,0.12576300650835037,3.5121025813554536,50.0,0,0.19515896745781858,0.0,1.9918197474361693e-06,45.6606330871582,-57.415863037109375,70.0024949820363,0
415,51505,20.75,51504,51503,50,2.630825969390571,0.30674797017127275,2.228969009593129,0.0951089896261692,3.5084538227616453,50.0,0,0.1966184708953419,0.0,1.9925623211626517e-06,45.83612823486328,-57.41593551635742,70.17799014464254,0
416,51506,20.8,51505,51504,50,2.802268951199949,0.28758891858160496,2.419790020212531,0.09489001240581274,3.5121030574768253,50.0,0,0.1951587770092699,0.0,1.9925623211626517e-06,46.01165771484375,-57.41600799560547,70.35351963952417,0
417,51507,20.85,51506,51505,50,2.515532076358795,0.2872670302167535,2.1320569794625044,0.0962080666795373,3.508454537584122,50.0,0,0.1966181849663512,0.0,4.11999749940316e-06,46.18715286254883,-57.41608428955078,70.5290148021304,0
418,51508,20.900000000000002,51507,51506,50,2.468549064360559,0.26707700453698635,2.084626001305878,0.11684605851769447,3.512103771020276,50.0,0,0.1951584915918897,0.0,6.2474326790367495e-06,46.36268615722656,-57.41615676879883,70.7045481117093,0
419,51509,20.950000000000003,51508,51507,50,2.540876972489059,0.332443043589592,2.11087497882545,0.09755895007401705,3.508455010985506,50.0,0,0.19661799560579762,0.0,-2.2623080310838376e-06,46.538177490234375,-57.41621398925781,70.88003945961827,0
420,51510,21.0,51509,51508,50,2.4019499542191625,0.28351391665637493,2.0306879887357354,0.08774804882705212,3.512104250608732,50.0,0,0.19515829975650725,0.0,-2.2623080310838376e-06,46.71371078491211,-57.41628646850586,71.05557276919717,0
421,51511,21.05,51510,51509,50,2.4967329809442163,0.28734200168401003,2.116666059009731,0.0927249202504754,3.5084559703956306,50.0,0,0.19661761184174775,0.0,-1.356174582869224e-07,46.88920211791992,-57.41636276245117,71.23106411710614,0
422,51512,21.1,51511,51510,50,2.5396239943802357,0.4460149211809039,1.9930819980800152,0.10052707511931658,3.512104727674143,50.0,0,0.1951581089303428,0.0,-1.356174582869224e-07,47.064735412597656,-57.41643524169922,71.40659742668504,0
423,51513,21.150000000000002,51512,51511,50,2.4333520559594035,0.2927570603787899,2.0490098977461457,0.09158509783446789,3.508456207756002,50.0,0,0.1966175168975992,0.0,1.9925623211626517e-06,47.24022674560547,-57.416507720947266,71.58208877459401,0
424,51514,21.200000000000003,51513,51512,50,2.5730289053171873,0.28819788713008165,2.1880260901525617,0.09680492803454399,3.512104726117372,50.0,0,0.19515810955305124,0.0,1.9925623211626517e-06,47.4157600402832,-57.41658020019531,71.75762208417291,0
425,51515,21.25,51514,51513,50,3.443118999712169,0.2913679927587509,3.0235120793804526,0.12823892757296562,3.5084559675106153,50.0,0,0.1966176129957539,0.0,1.9918197474361693e-06,47.59125518798828,-57.41665267944336,71.93311724677915,0
426,51516,21.3,51515,51514,50,2.7090520597994328,0.2889250172302127,2.3252320243045688,0.0948950182646513,3.5121047254290323,50.0,0,0.1951581098283871,0.0,4.11999749940316e-06,47.76678466796875,-57.41672897338867,72.10864674166078,0
427,51517,21.35,51516,51515,50,2.5681479601189494,0.29788294341415167,2.1588460076600313,0.11141900904476643,3.5085849515279253,50.0,0,0.1965660193888299,0.0,4.11999749940316e-06,47.942283630371094,-57.41680145263672,72.28414571896428,0
428,51518,21.400000000000002,51517,51516,50,2.3668259382247925,0.284230918623507,1.968075055629015,0.11451996397227049,3.5124191977913513,50.0,0,0.1950323208834595,0.0,6.2474326790367495e-06,48.11782455444336,-57.416873931884766,72.45968665793771,0
429,51519,21.450000000000003,51518,51517,50,2.523869974538684,0.29559992253780365,2.1065230248495936,0.1217470271512866,3.508861275256082,50.0,0,0.19645548989756723,0.0,-6.517178377591069e-06,48.29334259033203,-57.41692352294922,72.63520469382638,0
430,51520,21.5,51519,51518,50,2.3501130053773522,0.2925629960373044,1.9386280328035355,0.11892197653651237,3.512534120958391,50.0,0,0.19498635161664366,0.0,-6.517178377591069e-06,48.46889877319336,-57.416996002197266,72.81076089158887,0
431,51521,21.55,51520,51519,50,2.660974976606667,0.2759579801931977,2.2683340357616544,0.11668296065181494,3.508869390668976,50.0,0,0.19645224373240958,0.0,-6.5179290668753536e-06,48.64441680908203,-57.41706848144531,72.9862789423787,0
432,51522,21.6,51521,51520,50,2.4829739704728127,0.28360600117594004,2.086921944282949,0.11244602501392365,3.5124769033946084,50.0,0,0.19500923864215666,0.0,-6.517178377591069e-06,48.81997299194336,-57.41714096069336,73.16183514014119,0
433,51523,21.650000000000002,51522,51521,50,2.385654952377081,0.28483697678893805,2.0004570251330733,0.10036095045506954,3.508777362706315,50.0,0,0.196489054917474,0.0,-2.2623080310838376e-06,48.995487213134766,-57.41721725463867,73.33734937623376,0
434,51524,21.700000000000003,51523,51522,50,2.6492750039324164,0.2829640870913863,2.2716859821230173,0.09462493471801281,3.512369851939094,50.0,0,0.19505205922436242,0.0,-2.2623080310838376e-06,49.17102813720703,-57.41728973388672,73.51289031520719,0
435,51525,21.75,51524,51523,50,2.6091079926118255,0.28180796653032303,2.2109750425443053,0.11632498353719711,3.508668164487237,50.0,0,0.19653273420510528,0.0,-2.2623080310838376e-06,49.34653854370117,-57.417362213134766,73.68840073660249,0
436,51526,21.8,51525,51524,50,2.4392621126025915,0.2790270373225212,2.0584010053426027,0.10183406993746758,3.5122682853887417,50.0,0,0.19509268584450334,0.0,-2.2623080310838376e-06,49.52207946777344,-57.41743469238281,73.86394167557592,0
437,51527,21.85,51526,51525,50,2.352735958993435,0.2829899312928319,1.970835030078888,0.09891099762171507,3.5085785193916097,50.0,0,0.19656859224335613,0.0,2.490410221975884e-06,49.69758605957031,-57.41750717163086,74.03944828227395,0
438,51528,21.900000000000002,51527,51526,50,2.71368189714849,0.2943419385701418,2.307287068106234,0.11205289047211409,3.5121929423936114,50.0,0,0.19512282304255546,0.0,6.745280574174962e-06,49.87312316894531,-57.41758346557617,74.21498540655011,0
439,51529,21.950000000000003,51528,51527,50,2.7086890768259764,0.2795150503516197,2.3366670357063413,0.09250699076801538,3.508516762634411,50.0,0,0.19659329494623565,0.0,6.744538000448497e-06,50.04862594604492,-57.41765594482422,74.39048819855088,0
440,51530,22.0,51529,51528,50,2.509868936613202,0.27293991297483444,2.126137027516961,0.11079199612140656,3.5121440618362754,50.0,0,0.19514237526548986,0.0,-3.892648013869342e-06,50.224159240722656,-57.41770935058594,74.56602150812978,0
441,51531,22.05,51530,51529,50,2.641423954628408,0.3045649500563741,2.2427280200645328,0.09413098450750113,3.508478620412729,50.0,0,0.19660855183490844,0.0,-3.8918952956954415e-06,50.39965057373047,-57.417781829833984,74.74151285603875,0
442,51532,22.1,51531,51530,50,2.3995699593797326,0.2854689955711365,2.0216769771650434,0.09242398664355278,3.5121149823778715,50.0,0,0.19515400704885144,0.0,-3.8918952956954415e-06,50.5751838684082,-57.41785430908203,74.91704616561765,0
443,51533,22.150000000000002,51532,51531,50,2.7359320083633065,0.28367305640131235,2.334145945496857,0.118113006465137,3.50845788015482,50.0,0,0.196616847938072,0.0,-1.7652108138582335e-06,50.75067901611328,-57.41792678833008,75.09254132822389,0
444,51534,22.200000000000003,51533,51532,50,2.5618489598855376,0.2829569857567549,2.1528410725295544,0.12605090159922838,3.512101630607485,50.0,0,0.19515934775700608,0.0,3.6297504798786225e-07,50.92620849609375,-57.41800308227539,75.26807082310552,0
445,51535,22.25,51534,51533,50,2.4698060005903244,0.30379602685570717,2.0702859619632363,0.0957240117713809,3.508450248437296,50.0,0,0.19661990062508164,0.0,3.6297504798786225e-07,51.10170364379883,-57.41807556152344,75.44356598571176,0
446,51536,22.3,51535,51534,50,2.545850002206862,0.29582600109279156,2.15436692815274,0.09565707296133041,3.5120975758180295,50.0,0,0.1951609696727882,0.0,3.6297504798786225e-07,51.27723693847656,-57.418148040771484,75.61909929529065,0
447,51537,22.35,51536,51535,50,2.4400550173595548,0.28001004830002785,2.0447539864107966,0.11529098264873028,3.508447625427112,50.0,0,0.19662094982915512,0.0,3.6297504798786225e-07,51.452728271484375,-57.41822052001953,75.79459064319963,0
448,51538,22.400000000000002,51537,51536,50,2.3988429456949234,0.2771910512819886,2.0255459239706397,0.09610597044229507,3.512097098740215,50.0,0,0.19516116050391405,0.0,2.490410221975884e-06,51.62826156616211,-57.41829299926758,75.97012395277852,0
449,51539,22.450000000000003,51538,51537,50,2.566311974078417,0.2945939777418971,2.1754771005362272,0.09624089580029249,3.5085780401953213,50.0,0,0.1965687839218715,0.0,4.617845397376312e-06,51.80375671386719,-57.41836929321289,76.14561911538476,0
450,51540,22.5,51539,51538,50,2.6002359809353948,0.2910969778895378,2.1997810108587146,0.10935799218714237,3.51241347737848,50.0,0,0.19503460904860806,0.0,4.617845397376312e-06,51.97930145263672,-57.41844177246094,76.32116386905545,0
451,51541,22.55,51540,51539,50,2.9281240422278643,0.42086001485586166,2.4063329910859466,0.10093103628605604,3.5088560326856304,50.0,0,0.19645758692574786,0.0,4.617100794760352e-06,52.15481948852539,-57.418514251708984,76.49668191984529,0
452,51542,22.6,51541,51540,50,2.834906103089452,0.38568710442632437,2.3541649570688605,0.09505404159426689,3.5125293474334227,50.0,0,0.19498826102663092,0.0,4.617845397376312e-06,52.33037567138672,-57.41858673095703,76.67223811760778,0
453,51543,22.650000000000002,51542,51541,50,2.5701270205900073,0.2716849558055401,2.1848250180482864,0.11361704673618078,3.508864853298123,50.0,0,0.1964540586807509,0.0,2.490410221975884e-06,52.50589370727539,-57.41865158081055,76.84775616839761,0
454,51544,22.700000000000003,51543,51542,50,2.508122008293867,0.2934749936684966,2.116838004440069,0.0978090101853013,3.5124726043925674,50.0,0,0.19501095824297307,0.0,2.490410221975884e-06,52.68144989013672,-57.418724060058594,77.0233123661601,0
455,51545,22.75,51544,51543,50,2.452134038321674,0.26995502412319183,2.0622360752895474,0.1199429389089346,3.5087733015501312,50.0,0,0.19649067937994752,0.0,2.490410221975884e-06,52.85696029663086,-57.41879653930664,77.1988227875554,0
456,51546,22.8,51545,51544,50,2.569326083175838,0.2992550143972039,2.1711119916290045,0.09895907714962959,3.5123677000892473,50.0,0,0.1950529199643011,0.0,-2.2630546625891674e-06,53.03250503540039,-57.41886901855469,77.37436754122609,0
457,51547,22.85,51546,51545,50,2.546529984101653,0.2782619558274746,2.1083250176161528,0.15994301065802574,3.5086667310719855,50.0,0,0.19653330757120582,0.0,-1.3487285567095393e-07,53.208011627197266,-57.4189453125,77.54987414792413,0
458,51548,22.900000000000002,51547,51546,50,2.3682089522480965,0.27138995938003063,2.0021180389449,0.0947009539231658,3.512267804903267,50.0,0,0.19509287803869313,0.0,1.9925623211626517e-06,53.38355255126953,-57.41901779174805,77.72541508689756,0
459,51549,22.950000000000003,51548,51547,50,2.4898310657590628,0.2795200562104583,2.109781955368817,0.10052905417978764,3.5085789909788963,50.0,0,0.19656840360844152,0.0,1.9918197474361693e-06,53.55906295776367,-57.419090270996094,77.90092550829286,0
460,51550,23.0,51549,51548,50,3.1320470152422786,0.3267759457230568,2.6929910527542233,0.11228001676499844,3.512063478290324,50.0,0,0.19517460868387035,0.0,1.9925623211626517e-06,53.73459243774414,-57.41916275024414,78.07645500317449,0
461,51551,23.05,51550,51549,50,2.5886240182444453,0.2910679904744029,2.182535012252629,0.11502101551741362,3.50819918946996,50.0,0,0.19672032421201602,0.0,1.9918197474361693e-06,53.91007995605469,-57.41923522949219,78.2519425363862,0
462,51552,23.1,51551,51550,50,2.369942027144134,0.28486899100244045,1.9935860764235258,0.09148695971816778,3.511737798069153,50.0,0,0.19530488077233876,0.0,4.11999749940316e-06,54.08559799194336,-57.4193115234375,78.42746058717603,0
463,51553,23.150000000000002,51552,51551,50,2.728666993789375,0.2867109142243862,2.3284750059247017,0.11348107364028692,3.508047553605087,50.0,0,0.1967809785579652,0.0,-4.389743205061815e-06,54.261077880859375,-57.41936492919922,78.6029404909932,0
464,51554,23.200000000000003,51553,51552,50,2.8476620791479945,0.3950489917770028,2.3564950097352266,0.09611807763576508,3.5117025154558683,50.0,0,0.1953189938176527,0.0,-4.389743205061815e-06,54.43658447265625,-57.419437408447266,78.77844709769124,0
465,51555,23.25,51554,51553,50,2.5774399982765317,0.29281899333000183,2.1903919987380505,0.0942290062084794,3.508085229831058,50.0,0,0.19676590806757677,0.0,-4.389743205061815e-06,54.61206817626953,-57.41950988769531,78.95393081620568,0
466,51556,23.3,51555,51554,50,2.6312890695407987,0.2695040311664343,2.248103963211179,0.1136810751631856,3.5117811955135676,50.0,0,0.19528752179457298,0.0,-4.389743205061815e-06,54.7875862121582,-57.41958236694336,79.12944886699552,0
467,51557,23.35,51556,51555,50,2.2806799970567226,0.31000503804534674,1.8751389579847455,0.0955360010266304,3.508183459309162,50.0,0,0.19672661627633517,0.0,-1.356174582869224e-07,54.963069915771484,-57.41965866088867,79.30493258550996,0
468,51558,23.400000000000002,51557,51556,50,2.599208033643663,0.2802870003506541,2.207576995715499,0.11134403757750988,3.51188514408287,50.0,0,0.195245942366852,0.0,-1.3487285567095393e-07,55.138587951660156,-57.41973114013672,79.48045063629979,0
469,51559,23.450000000000003,51558,51557,50,2.5066270027309656,0.2771849976852536,2.133089932613075,0.09635207243263721,3.5082840691817934,50.0,0,0.19668637232728267,0.0,-1.3487285567095393e-07,55.31407165527344,-57.419803619384766,79.65593435481424,0
470,51560,23.5,51559,51558,50,2.4910380598157644,0.2843389520421624,2.113877097144723,0.09282201062887907,3.51197502727256,50.0,0,0.1952099890909761,0.0,-1.356174582869224e-07,55.489593505859375,-57.41987609863281,79.83145622030133,0
471,51561,23.55,51560,51559,50,2.664098981767893,0.27052301447838545,2.2963769733905792,0.09719899389892817,3.50836012449651,50.0,0,0.19665595020139595,0.0,-1.3487285567095393e-07,55.66508483886719,-57.41994857788086,80.00694756821031,0
472,51562,23.6,51561,51560,50,2.425400074571371,0.2961100544780493,2.017403021454811,0.1118869986385107,3.512037492910785,50.0,0,0.19518500283568604,0.0,4.11999749940316e-06,55.84061813354492,-57.42002487182617,80.1824808777892,0
473,51563,23.650000000000002,51562,51561,50,2.4089880753308535,0.28775003738701344,2.0280160242691636,0.09322201367467642,3.5084104282110813,50.0,0,0.1966358287155675,0.0,4.119256954566166e-06,56.01611328125,-57.42009735107422,80.35797604039544,0
474,51564,23.700000000000003,51563,51562,50,2.5698529789224267,0.2927419263869524,2.1801290567964315,0.09698199573904276,3.512076351666341,50.0,0,0.19516945933346364,0.0,1.9918197474361693e-06,56.19164276123047,-57.420166015625,80.53350553527707,0
475,51565,23.75,51564,51563,50,2.540730987675488,0.2882810076698661,2.1634780569002032,0.08897192310541868,3.5084399921655343,50.0,0,0.1966240031337863,0.0,-1.356174582869224e-07,56.36713790893555,-57.42023468017578,80.70900069788331,0
476,51566,23.8,51565,51564,50,2.536599989980459,0.2923969877883792,2.093826071359217,0.15037693083286285,3.512097573141627,50.0,0,0.19516097074334926,0.0,-1.3487285567095393e-07,56.54267120361328,-57.42030715942383,80.88453400746221,0
477,51567,23.85,51566,51565,50,2.5488530518487096,0.31828705687075853,2.136404043994844,0.09416195098310709,3.5084545372790834,50.0,0,0.19661818508836665,0.0,1.9925623211626517e-06,56.718162536621094,-57.420379638671875,81.06002535537118,0
478,51568,23.900000000000002,51567,51566,50,2.58903403300792,0.30197808519005775,2.1914319368079305,0.09562401100993156,3.5121063936463637,50.0,0,0.19515744254145453,0.0,1.9918197474361693e-06,56.89369583129883,-57.42045211791992,81.23555866495008,0
479,51569,23.950000000000003,51568,51567,50,2.686086925677955,0.3011029912158847,2.292259014211595,0.0927249202504754,3.5084590657325063,50.0,0,0.19661637370699747,0.0,1.9925623211626517e-06,57.06918716430664,-57.42052459716797,81.41105001285905,0
480,51570,24.0,51569,51568,50,2.262506983242929,0.28526794631034136,1.8847730243578553,0.0924660125747323,3.512108062168191,50.0,0,0.1951567751327236,0.0,4.11999749940316e-06,57.244720458984375,-57.42060089111328,81.58658332243795,0
481,51571,24.05,51570,51569,50,2.3440519580617547,0.294246943667531,1.947861979715526,0.10194303467869759,3.508460017734315,50.0,0,0.19661599290627407,0.0,-6.5179290668753536e-06,57.42021179199219,-57.420654296875,81.76207467034692,0
482,51572,24.1,51571,51570,50,2.7852560160681605,0.2877420047298074,2.373213996179402,0.12430001515895128,3.5121085436190738,50.0,0,0.1951565825523705,0.0,-4.3904918654566255e-06,57.59574508666992,-57.42072677612305,81.93760797992582,0
483,51573,24.150000000000002,51572,51571,50,2.4424350121989846,0.3000579308718443,2.044369000941515,0.09800808038562536,3.508458593657962,50.0,0,0.19661656253681523,0.0,-4.389743205061815e-06,57.771240234375,-57.420799255371094,82.11310314253205,0
484,51574,24.200000000000003,51573,51572,50,2.886338043026626,0.4077530466020107,2.39162496291101,0.0869600335136056,3.512107352264453,50.0,0,0.1951570590942188,0.0,-4.3904918654566255e-06,57.94676971435547,-57.42087173461914,82.28863263741368,0
485,51575,24.25,51574,51573,50,2.491027000360191,0.28423801995813847,2.0871979650110006,0.11959101539105177,3.5084571639155144,50.0,0,0.19661713443379425,0.0,-4.3904918654566255e-06,58.12226486206055,-57.42094421386719,82.46412780001992,0
486,51576,24.3,51575,51574,50,2.442555967718363,0.2842079848051071,2.0578759722411633,0.10047201067209244,3.51210592242721,50.0,0,0.19515763102911593,0.0,-2.2623080310838376e-06,58.29779815673828,-57.4210205078125,82.63966110959882,0
487,51577,24.35,51576,51575,50,2.285498077981174,0.28067908715456724,1.9059579353779554,0.09886105544865131,3.5084562095234855,50.0,0,0.19661751619060583,0.0,-1.3487285567095393e-07,58.473289489746094,-57.42109298706055,82.81515245750779,0
488,51578,24.400000000000002,51577,51576,50,2.501841983757913,0.2863240661099553,2.128268009983003,0.08724990766495466,3.5121040125387433,50.0,0,0.19515839498450271,0.0,-1.3487285567095393e-07,58.64882278442383,-57.421165466308594,82.99068576708669,0
489,51579,24.450000000000003,51578,51577,50,3.336415975354612,0.3206549445167184,2.8862239560112357,0.12953707482665777,3.508455254126856,49.96698760986328,0,0.19661789834925758,0.0,-1.356174582869224e-07,58.82431411743164,-57.42123794555664,83.16617711499566,0
490,51580,24.5,51579,51578,50,2.800825983285904,0.28407492209225893,2.3991779889911413,0.11757307220250368,3.512103296934818,49.7861213684082,0,0.19515868122607288,0.0,-1.356174582869224e-07,58.999847412109375,-57.42131042480469,83.34171042457456,0
491,51581,24.55,51580,51579,50,2.4495390243828297,0.28798694256693125,2.0636339904740453,0.09791809134185314,3.5084550156350036,49.605228424072266,0,0.19661799374599856,0.0,1.9925623211626517e-06,59.17533874511719,-57.42138671875,83.51720177248353,0
492,51582,24.6,51581,51580,50,2.636713092215359,0.29565603472292423,2.248722012154758,0.092335045337677,3.5121030571531175,49.424354553222656,0,0.195158777138753,0.0,4.11999749940316e-06,59.35087203979492,-57.42145919799805,83.69273508206243,0
493,51583,24.650000000000002,51582,51581,50,2.4757239734753966,0.29754394199699163,2.0910740131512284,0.08710601832717657,3.5084540588564646,49.24346160888672,0,0.1966183764574142,0.0,4.119256954566166e-06,59.5263671875,-57.421531677246094,83.86823024466867,0
494,51584,24.700000000000003,51583,51582,50,2.4745090631768107,0.3134340513497591,2.066597924567759,0.0944770872592926,3.5121028163270247,49.06258773803711,0,0.19515887346919014,0.0,1.9918197474361693e-06,59.70189666748047,-57.421600341796875,84.0437597395503,0
495,51585,24.75,51584,51583,50,2.942397026345134,0.37860695738345385,2.4544420884922147,0.10934798046946526,3.5084545359616963,48.88016891479492,0,0.1966181856153215,0.0,1.9925623211626517e-06,59.87739181518555,-57.42167282104492,84.21925490215654,0
496,51586,24.8,51585,51584,50,2.4941820884123445,0.35143306013196707,2.05339293461293,0.08935609366744757,3.512103294144676,48.67774200439453,0,0.19515868234212963,0.0,1.9925623211626517e-06,60.05292510986328,-57.42174530029297,84.39478821173543,0
497,51587,24.85,51586,51585,50,2.657688921317458,0.3100140020251274,2.2549499990418553,0.0927249202504754,3.5084552511606657,48.47531509399414,0,0.19661789953573372,0.0,6.2474326790367495e-06,60.228416442871094,-57.42182159423828,84.5702795596444,0
498,51588,24.900000000000002,51587,51586,50,2.2964240051805973,0.3035200061276555,1.9007929367944598,0.09211106225848198,3.5121047216804864,48.272918701171875,0,0.19515811132780547,0.0,-4.38899454609483e-06,60.40394973754883,-57.421875,84.7458128692233,0
499,51589,24.950000000000003,51588,51587,50,3.3889879705384374,0.43502997141331434,2.860513050109148,0.093444949015975,3.5084557308524693,48.07924270629883,0,0.1966177076590123,0.0,-6.516427689738478e-06,60.57944107055664,-57.42194366455078,84.92130421713227,0
500,51590,25.0,51589,51588,50,2.5231579784303904,0.3015049733221531,2.1347959991544485,0.08685700595378876,3.5121052072501695,47.89216613769531,0,0.19515791709993222,0.0,-6.518679757591574e-06,60.754974365234375,-57.42201614379883,85.09683752671117,0
501,51591,25.05,51590,51589,50,2.421199926175177,0.30836998485028744,2.009026939049363,0.10380300227552652,3.508456211784957,47.70507049560547,0,0.19661751528601723,0.0,-6.518679757591574e-06,60.93046569824219,-57.422088623046875,85.27232887462014,0
502,51592,25.1,51591,51590,50,2.3123970022425056,0.29885699041187763,1.9257920794188976,0.08774793241173029,3.512104970815706,47.51800537109375,0,0.19515801167371763,0.0,-4.3904918654566255e-06,61.10599899291992,-57.42216110229492,85.44786218419904,0
503,51593,25.150000000000002,51592,51591,50,2.4645529920235276,0.29135902877897024,2.080790000036359,0.09240396320819855,3.508455734940736,47.33226776123047,0,0.19661770602370565,0.0,-4.389743205061815e-06,61.281494140625,-57.42223358154297,85.62335734680528,0
504,51594,25.200000000000003,51593,51592,50,2.8392589883878827,0.40976901073008776,2.324771019630134,0.10471895802766085,3.5121042547125363,47.15678787231445,0,0.1951582981149855,0.0,0.00013494018223346107,61.45702362060547,-57.42230987548828,85.79888684168691,0
505,51595,25.25,51594,51593,50,2.4322549579665065,0.31718495301902294,2.016850048676133,0.09821995627135038,3.508454939866217,46.98127365112305,0,0.19661802405351328,0.0,0.000629182716006676,61.63251876831055,-57.42235565185547,85.97438198939199,0
506,51596,25.3,51595,51594,50,2.4242789950221777,0.31252007465809584,2.0161819411441684,0.09557697921991348,3.5121026039135215,46.805599212646484,0,0.1951589584345914,0.0,0.0014445002400895514,61.80805206298828,-57.42238235473633,86.14991528406972,0
507,51597,25.35,51596,51595,50,3.2728600781410933,0.33349799923598766,2.824522089213133,0.11483998969197273,3.5084526297555167,46.62893295288086,0,0.19661894809779332,0.0,0.0025164114206293257,61.983543395996094,-57.42234420776367,86.32540661707753,0
508,51598,25.400000000000002,51597,51596,50,2.5795119581744075,0.28915097936987877,2.199584967456758,0.09077601134777069,3.5120977908726854,46.57484817504883,0,0.19516088365092588,0.0,0.003794494697962702,62.15907669067383,-57.42220687866211,86.50093997135991,0
509,51599,25.450000000000003,51598,51597,50,2.651409013196826,0.3002830781042576,2.253986895084381,0.0971390400081873,3.5084435191965957,46.95696258544922,0,0.19662259232136173,0.0,0.005228723750607996,62.33456802368164,-57.42193603515625,86.67643151298398,0
510,51600,25.5,51599,51598,50,2.4628719547763467,0.30582305043935776,2.064466942101717,0.09258196223527193,3.5120836226622023,46.79595184326172,0,0.1951665509351191,0.0,0.006784091194033893,62.510101318359375,-57.421512603759766,86.8519653143012,0
511,51601,25.55,51600,51599,50,2.502577961422503,0.3084799973294139,2.074885996989906,0.11921196710318327,3.508424499715045,46.64033126831055,0,0.19663020011398197,0.0,0.008432377076744782,62.68559265136719,-57.4208984375,87.02745772019261,0
512,51602,25.6,51601,51600,50,2.657744917087257,0.3803899744525552,2.17874301597476,0.09861192665994167,3.512058159991705,46.61505126953125,0,0.19517673600331806,0.0,0.010136379371871479,62.86112594604492,-57.42006301879883,87.20299301162595,0
513,51603,25.650000000000002,51602,51601,50,2.4972829269245267,0.2788479905575514,2.1244860254228115,0.0939489109441638,3.5083962682088843,50.0,0,0.1966414927164463,0.0,0.011889074272784421,63.03661346435547,-57.418983459472656,87.37848385289544,0
514,51604,25.700000000000003,51603,51602,50,2.344612032175064,0.27691805735230446,1.9747760379686952,0.09291793685406446,3.5120250747518296,50.0,0,0.1951899700992682,0.0,0.013664467199325556,63.21213150024414,-57.417640686035156,87.55400702968473,0
515,51605,25.75,51604,51603,50,2.6200140127912164,0.3661690279841423,2.162237069569528,0.09160791523754597,3.5083609454314812,50.0,0,0.1966556218274075,0.0,0.015459223274266777,63.38761520385742,-57.4160041809082,87.72949836269254,0
516,51606,25.8,51605,51604,50,2.567877061665058,0.28292404022067785,2.16761592309922,0.11733709834516048,3.5119856821555446,50.0,0,0.19520572713778217,0.0,0.017251067294951385,63.56312942504883,-57.4140625,87.90502332762117,0
517,51607,25.85,51606,51605,50,3.371650935150683,0.2876289654523134,2.9772940324619412,0.10672793723642826,3.5083211159394874,50.0,0,0.19667155362420508,0.0,0.019042991212469138,63.73859786987305,-57.411781311035156,88.08050659910077,0
518,51608,25.900000000000002,51607,51606,50,2.487154910340905,0.28468400705605745,2.111678011715412,0.0907928915694356,3.5119415468648816,50.0,0,0.19522338125404737,0.0,0.020815311506311513,63.91409683227539,-57.409149169921875,88.2560253055417,0
519,51609,25.950000000000003,51608,51607,50,2.2936529712751508,0.29247591737657785,1.909045036882162,0.09213201701641083,3.5082784996314547,50.0,0,0.19668860014741815,0.0,0.022580676866934147,64.08954620361328,-57.40614700317383,88.43150036648149,0
520,51610,26.0,51609,51608,50,2.4867639876902103,0.28051401022821665,2.1205369848757982,0.08571299258619547,3.5118975481151002,50.0,0,0.1952409807539599,0.0,0.024310681486668442,64.26502990722656,-57.402748107910156,88.60701698675985,0
521,51611,26.05,51610,51609,50,2.5706409942358732,0.27725903782993555,2.1982279140502214,0.09515404235571623,3.508237246038321,50.0,0,0.19670510158467158,0.0,0.02602005938008972,64.44047546386719,-57.39893341064453,88.78250399843091,0
522,51612,26.1,51611,51610,50,2.4396199733018875,0.3021899610757828,2.0505529828369617,0.08687702938914299,3.511853634555395,50.0,0,0.1952585461778421,0.0,0.027693508289975383,64.61593627929688,-57.39468765258789,88.95801617816323,0
523,51613,26.150000000000002,51612,51611,50,2.31938308570534,0.28024998027831316,1.9455740693956614,0.0935590360313654,3.5081969299571685,50.0,0,0.19672122801713263,0.0,0.029346555495430665,64.79134368896484,-57.3900032043457,89.13348612800473,0
524,51614,26.200000000000003,51613,51612,50,3.265833016484976,0.28824410401284695,2.8467109659686685,0.1308779465034604,3.511810375298451,50.0,0,0.19527584988061958,0.0,0.030951417968237943,64.9667739868164,-57.38484573364258,89.30899221316213,0
525,51615,26.25,51614,51613,50,3.2685049809515476,0.27012801729142666,2.897341037169099,0.10103592649102211,3.5081596388083494,50.0,0,0.19673614447666027,0.0,0.032544018211033934,65.14215087890625,-57.37922286987305,89.48445922747487,0
526,51616,26.3,51615,51614,50,2.5789811043068767,0.3327870508655906,2.1536319982260466,0.09256205521523952,3.5117719062809565,50.0,0,0.19529123748761743,0.0,0.034078991362082395,65.31755065917969,-57.37309265136719,89.65996610239381,0
527,51617,26.35,51616,51615,50,2.3800809867680073,0.2909059403464198,1.9926449749618769,0.0965300714597106,3.508127783292211,50.0,0,0.19674888668311558,0.0,0.03559519374556287,65.4928970336914,-57.366455078125,89.83543806389207,0
528,51618,26.400000000000002,51617,51616,50,2.6460039662197232,0.27903192676603794,2.254714025184512,0.11225801426917315,3.5117387055253917,50.0,0,0.19530451778984334,0.0,0.037052400717986614,65.66824340820312,-57.35927963256836,90.01093119994039,0
529,51619,26.450000000000003,51618,51617,50,2.713126945309341,0.29357196763157845,2.240351983346045,0.1792029943317175,3.5080990983474987,50.0,0,0.19676036066100056,0.0,0.03849934954469,65.84353637695312,-57.351585388183594,90.18639295414323,0
530,51620,26.5,51619,51618,50,2.539066947065294,0.27341791428625584,2.0719770109280944,0.19367202185094357,3.5117073730699278,50.0,0,0.1953170507720289,0.0,0.03989085174712424,66.01884460449219,-57.34332275390625,90.36189579084748,0
531,51621,26.55,51620,51619,50,2.553753089159727,0.29234110843390226,2.1659759804606438,0.09543600026518106,3.5080731766167794,50.0,0,0.19677072935328824,0.0,0.04126650817321792,66.19407653808594,-57.334510803222656,90.53734914079541,0
532,51622,26.6,51621,51620,50,2.685065963305533,0.326265930198133,2.265869057737291,0.09293097537010908,3.511679485930559,50.0,0,0.19532820562777645,0.0,0.04257837436422871,66.36930847167969,-57.32509994506836,90.71283360436792,0
533,51623,26.650000000000002,51622,51621,50,2.467676065862179,0.28996309265494347,2.0790050039067864,0.0987079693004489,3.508051700811022,50.0,0,0.19677931967559115,0.0,0.04388729806854108,66.54447937011719,-57.31511688232422,90.88828874245519,0
534,51624,26.700000000000003,51623,51622,50,2.7360969688743353,0.30052498914301395,2.34051700681448,0.09505497291684151,3.5116549003489084,50.0,0,0.19533803986043666,0.0,0.04513483706042745,66.71965026855469,-57.30451583862305,91.06378013506765,0
535,51625,26.75,51624,51623,50,2.610002993606031,0.2786569530144334,2.2357749985530972,0.09557104203850031,3.5080333496323894,50.0,0,0.19678666014704424,0.0,0.046375114368941366,66.89473724365234,-57.29331588745117,91.23922496155137,0
536,51626,26.8,51625,51624,50,2.517899964004755,0.29910297598689795,2.1259370259940624,0.09285996202379465,3.511633549284385,50.0,0,0.19534658028624607,0.0,0.047552365291995975,67.06982421875,-57.28147506713867,91.41471186891431,0
537,51627,26.85,51626,51625,50,2.6747429510578513,0.321592902764678,2.259330009110272,0.09382003918290138,3.508016439848894,50.0,0,0.1967934240604423,0.0,0.06196331817445395,67.24482727050781,-57.269012451171875,91.59015811100835,0
538,51628,26.900000000000002,51627,51626,50,2.407439984381199,0.40981394704431295,1.9127330742776394,0.08489296305924654,3.510814108928444,50.0,0,0.19567435642862244,0.0,0.06164587934454743,67.41972351074219,-57.25523376464844,91.76559626177186,0
539,51629,26.950000000000003,51628,51627,50,2.5434320559725165,0.27242698706686497,2.1804380230605602,0.09056704584509134,3.5072159959583145,50.0,0,0.19711360161667424,0.0,0.06059353383382561,67.594482421875,-57.240394592285156,91.9409840615117,0
540,51630,27.0,51629,51628,50,2.3931439500302076,0.28910895343869925,2.0098009845241904,0.09423401206731796,3.510957276539329,50.0,0,0.19561708938426836,0.0,0.05960322970824199,67.76922607421875,-57.22480392456055,92.11642183974618,0
541,51631,27.05,51630,51629,50,2.4016250390559435,0.2885049907490611,2.0176400430500507,0.09548000525683165,3.5075636494721154,50.0,0,0.19697454021115385,0.0,0.058902426734945695,67.94387817382812,-57.20858383178711,92.29182550922269,0
542,51632,27.1,51631,51630,50,3.4586190013214946,0.2870160387828946,3.042398951947689,0.1292040105909109,3.5113247339175957,50.0,0,0.19547010643296173,0.0,0.058432815141718344,68.11851501464844,-57.19172286987305,92.46727441862458,0
543,51633,27.150000000000002,51632,51631,50,2.5074389996007085,0.26950298342853785,2.145756036043167,0.09217998012900352,3.507885445472387,50.0,0,0.19684582181104526,0.0,0.05822231675056764,68.2930679321289,-57.174251556396484,92.64269953087205,0
544,51634,27.200000000000003,51633,51632,50,2.563931979238987,0.29262504540383816,2.178130904212594,0.09317602962255478,3.5115849313294336,50.0,0,0.19536602746822657,0.0,0.05816483385602582,68.46758270263672,-57.15612030029297,92.8181536407792,0
545,51635,27.25,51634,51633,50,2.6468270225450397,0.30938698910176754,2.2378580179065466,0.09958201553672552,3.508079185824394,50.0,0,0.19676832567024238,0.0,0.05829313614967207,68.64201354980469,-57.13734817504883,92.99359170213575,0
546,51636,27.3,51635,51634,50,2.6147669414058328,0.29718095902353525,2.223080024123192,0.09450595825910568,3.5117187795793177,50.0,0,0.19531248816827296,0.0,0.05850930766258643,68.81639862060547,-57.117889404296875,93.16905907407636,0
547,51637,27.35,51636,51635,50,2.4093269603326917,0.28204801492393017,2.0218469435349107,0.10543200187385082,3.5081642384360623,50.0,0,0.1967343046255751,0.0,0.07263669154771125,68.99068450927734,-57.09777069091797,93.344502321037,0
548,51638,27.400000000000002,51637,51636,50,2.441563061438501,0.2710541011765599,2.076194970868528,0.09431398939341307,3.5108314072185975,50.0,0,0.195667437112561,0.0,0.07146623351383845,69.16478729248047,-57.07626724243164,93.51992801442975,0
549,51639,27.450000000000003,51638,51637,50,2.7121000457555056,0.2936760429292917,2.308088936842978,0.11033506598323584,3.507275478787565,50.0,0,0.19708980848497398,0.0,0.06964209379513431,69.33870697021484,-57.05365753173828,93.69531117990846,0
550,51640,27.5,51639,51638,50,2.3612019140273333,0.2745439996942878,1.9659899407997727,0.12066797353327274,3.511028644969228,50.0,0,0.19558854201230888,0.0,0.06796501898822103,69.5125503540039,-57.03024673461914,93.87072380498284,0
551,51641,27.55,51640,51639,50,2.3207159247249365,0.32510492019355297,1.9057790050283074,0.08983199950307608,3.5076828361196317,50.0,0,0.19692686555214733,0.0,0.06666190657052572,69.68629455566406,-57.00617218017578,94.046127996,0
552,51642,27.6,51641,51640,50,2.255551051348448,0.2816449850797653,1.878199982456863,0.09570608381181955,3.5114417849634254,50.0,0,0.19542328601462985,0.0,0.06565943606525636,69.85997772216797,-56.981414794921875,94.22156678751344,0
553,51643,27.650000000000002,51642,51641,50,2.6546280132606626,0.4111449234187603,2.1562770707532763,0.08720601908862591,3.5080275317031715,50.0,0,0.1967889873187314,0.0,0.06498108613421108,70.0335464477539,-56.95600891113281,94.3969850303256,0
554,51644,27.700000000000003,51643,51642,50,3.0577409779652953,0.2947049215435982,2.6660230942070484,0.09701296221464872,3.511711620223216,50.0,0,0.19531535191071364,0.0,0.06451083537681672,70.20704650878906,-56.92991256713867,94.57243671134347,0
555,51645,27.75,51644,51643,50,2.760821022093296,0.42019400279968977,2.2480220068246126,0.09260501246899366,3.5082157327148424,50.0,0,0.19671370691406304,0.0,0.06426631865671607,70.38042449951172,-56.90313720703125,94.7478700192296,0
556,51646,27.8,51645,51644,50,2.49345600605011,0.29011594597250223,2.10629403591156,0.09704602416604757,3.5118322475454726,50.0,0,0.19526710098181096,0.0,0.06415539231427947,70.55372619628906,-56.87564468383789,94.92333886638517,0
557,51647,27.85,51646,51645,50,2.4836830561980605,0.29184401500970125,2.0746910013258457,0.11714803986251354,3.5082776024637248,50.0,0,0.1966889590145101,0.0,0.07881392119606093,70.72688293457031,-56.847450256347656,95.0987759740674,0
558,51648,27.900000000000002,51647,51646,50,2.6897809002548456,0.4140719538554549,2.1609290270134807,0.11477991938591003,3.5107974489646376,50.0,0,0.19568102041414495,0.0,0.07724098370520749,70.8997802734375,-56.817806243896484,95.27419619873399,0
559,51649,27.950000000000003,51648,51647,50,2.70707905292511,0.2883230336010456,2.304553985595703,0.11420203372836113,3.5072505766244255,50.0,0,0.1970997693502298,0.0,0.07499669425470458,71.07241821289062,-56.787010192871094,95.44955941155786,0
560,51650,28.0,51649,51648,50,2.5069379480555654,0.2964439336210489,2.0979910623282194,0.11250295210629702,3.511007982197951,50.0,0,0.19559680712081953,0.0,0.07293506156581668,71.24494171142578,-56.75538635253906,95.62495731428498,0
561,51651,28.05,51650,51649,50,2.507116994820535,0.29801903292536736,2.1082040620967746,0.10089389979839325,3.507696665959356,50.0,0,0.1969213336162577,0.0,0.07129049144212037,71.41732788085938,-56.72306823730469,95.80034673825139,0
562,51652,28.1,51651,51650,50,2.3161270655691624,0.2835789928212762,1.9370149821043015,0.09553309064358473,3.5114623893619954,50.0,0,0.19541504425520184,0.0,0.069993250001031,71.58963012695312,-56.69005584716797,95.97578299656743,0
563,51653,28.150000000000002,51652,51651,50,2.591010998003185,0.40396000258624554,2.0754270954057574,0.11162390001118183,3.50807220768728,50.0,0,0.19677111692508797,0.0,0.06904511517852988,71.76177215576172,-56.6563720703125,96.15118958667153,0
564,51654,28.200000000000003,51653,51652,50,2.605949994176626,0.28923992067575455,2.2096530301496387,0.107057043351233,3.5117532060538617,50.0,0,0.19529871757845535,0.0,0.06832974394591278,71.93383026123047,-56.62196350097656,96.32665451482171,0
565,51655,28.25,51654,51653,50,2.7365839341655374,0.2857729559764266,2.3293900303542614,0.12142094783484936,3.508271196708107,50.0,0,0.19669152131675727,0.0,0.06787179217777556,72.105712890625,-56.58686828613281,96.5020834566676,0
566,51656,28.3,51655,51654,50,2.4361349642276764,0.27520395815372467,2.071238006465137,0.08969299960881472,3.5118785588102908,50.0,0,0.1952485764758837,0.0,0.08257373929764214,72.27748107910156,-56.55103302001953,96.67754991963739,0
567,51657,28.35,51656,51655,50,2.6994229992851615,0.28209295123815536,2.3260890739038587,0.09124097414314747,3.507260659015601,50.0,0,0.19709573639375969,0.0,0.08071672785824903,72.4488525390625,-56.5137825012207,96.8529231758439,0
568,51658,28.400000000000002,51657,51656,50,2.536982065066695,0.31586200930178165,2.1318710641935468,0.08924899157136679,3.5107890855111306,50.0,0,0.1956843657955478,0.0,0.07812086883177224,72.61996459960938,-56.47531509399414,97.02830583468312,0
569,51659,28.450000000000003,51658,51657,50,2.573805977590382,0.29372191056609154,2.1869150223210454,0.09316904470324516,3.5074837415309736,50.0,0,0.19700650338761055,0.0,0.07581431972530155,72.79088592529297,-56.43605041503906,97.20367919519776,0
570,51660,28.5,51659,51658,50,2.3707359796389937,0.30128099024295807,1.9738869741559029,0.09556801524013281,3.5112809173799198,50.0,0,0.1954876330480321,0.0,0.07388625498176134,72.96167755126953,-56.39604949951172,97.37909256533021,0
571,51661,28.55,51660,51659,50,2.596770995296538,0.2898650709539652,2.2152309538796544,0.09167497046291828,3.5079562699614533,50.0,0,0.1968174920154187,0.0,0.07240298772740648,73.13229370117188,-56.355384826660156,97.55448780074948,0
572,51662,28.6,51661,51660,50,2.51083099283278,0.27781305834650993,2.141140983439982,0.09187695104628801,3.5116812218465916,50.0,0,0.19532751126136338,0.0,0.07122938483374944,73.30278778076172,-56.314002990722656,97.72993206098909,0
573,51663,28.650000000000002,51662,51661,50,2.4496610276401043,0.29063201509416103,2.062157029286027,0.0968719832599163,3.5082529777574987,50.0,0,0.19669880889700053,0.0,0.07039546126757762,73.47310638427734,-56.271942138671875,97.90536735072965,0
574,51664,28.700000000000003,51663,51662,50,2.766868914477527,0.309936935082078,2.3635700345039368,0.0933619448915124,3.5118901707007852,34.6909065246582,0,0.1952439317196859,0.0,0.0697599939312864,73.64326477050781,-56.22915267944336,98.08082336798543,0
575,51665,28.75,51664,51663,50,2.2694189101457596,0.31323195435106754,1.8655130406841636,0.09067391511052847,3.5083747994442382,47.55977249145508,0,0.1966500802223047,0.0,0.06935833607521333,73.81321716308594,-56.1856575012207,98.25625326350564,0
576,51666,28.8,51665,51664,50,2.8736910317093134,0.46840100549161434,2.30436900164932,0.10092102456837893,3.5119482261386468,49.49126052856445,0,0.1952207095445413,0.0,0.08444901225592517,73.98301696777344,-56.14140319824219,98.43172523990506,0
577,51667,28.85,51666,51665,50,2.377117983996868,0.2979029668495059,1.9644710700958967,0.11474394705146551,3.507259170545468,50.0,0,0.19709633178181285,0.0,0.08255536420247721,74.15233612060547,-56.095726013183594,98.60709736362332,0
578,51668,28.900000000000002,51667,51666,50,2.207782003097236,0.29527407605201006,1.8000879790633917,0.11241994798183441,3.5107629840442804,49.19218063354492,0,0.19569480638228784,0.0,0.07988708489423949,74.32132720947266,-56.04881286621094,98.78247932210797,0
579,51669,28.950000000000003,51668,51667,50,2.4650919949635863,0.3023840254172683,2.048803959041834,0.11390401050448418,3.50746011915259,46.68130874633789,0,0.197015952338964,0.0,0.07750657130347326,74.49007415771484,-56.0010986328125,98.95784231141442,0
580,51670,29.0,51669,51668,50,2.4771559983491898,0.312556978315115,2.068500965833664,0.09609805420041084,3.5112558342353637,46.12187957763672,0,0.19549766630585452,0.0,0.07550977504918004,74.65866088867188,-55.952640533447266,99.13325517490739,0
581,51671,29.05,51670,51669,50,2.4245999520644546,0.2922229468822479,2.0374610321596265,0.09491597302258015,3.5079415691511873,46.00736618041992,0,0.1968233723395251,0.0,0.07395507179251926,74.8270263671875,-55.90351104736328,99.30864228919381,0
582,51672,29.1,51671,51670,50,2.473203931003809,0.31846598722040653,2.041077008470893,0.11366093531250954,3.5116683535711712,45.98011016845703,0,0.1953326585715315,0.0,0.07272122604309554,74.9952392578125,-55.85366439819336,99.48408534243936,0
583,51673,29.150000000000002,51672,51671,50,2.807046053931117,0.4424330545589328,2.258125925436616,0.10648707393556833,3.5082474088290643,45.86349105834961,0,0.1967010364683743,0.0,0.07182463092168215,75.1632308959961,-55.80314254760742,99.65950953081483,0
584,51674,29.200000000000003,51673,51672,50,2.216097083874047,0.30273699667304754,1.8180840415880084,0.09527604561299086,3.5118842935110135,46.04423904418945,0,0.19524628259559462,0.0,0.07113020761704733,75.3310317993164,-55.75187683105469,99.83496697858209,0
585,51675,29.25,51674,51673,50,2.8755159582942724,0.33415097277611494,2.4488760391250253,0.09248894639313221,3.5083750946753516,45.90415573120117,0,0.19664996212985938,0.0,0.07067173297030824,75.49858856201172,-55.69990921020508,100.0103976042592,0
586,51676,29.3,51675,51674,50,2.5721279671415687,0.2994040260091424,2.1570789394900203,0.11564500164240599,3.511946829793985,45.785892486572266,0,0.19522126808240597,0.0,0.08593736713799374,75.66594696044922,-55.64719772338867,100.18586080387468,0
587,51677,29.35,51676,51675,50,2.8868599329143763,0.44098193757236004,2.3496460635215044,0.09623193182051182,3.507228937022151,45.739315032958984,0,0.1971084251911396,0.0,0.08395568414715267,75.83274841308594,-55.59304428100586,100.361232748779,0
588,51678,29.400000000000002,51677,51676,50,3.3092480152845383,0.316568068228662,2.893119934014976,0.09956001304090023,3.5107306079815905,45.74127960205078,0,0.1957077568073638,0.0,0.08119419508667557,75.99916076660156,-55.53766632080078,100.53661743417615,0
589,51679,29.450000000000003,51678,51677,50,2.6736530708149076,0.3403590526431799,2.2352959495037794,0.09799806866794825,3.507442081324768,42.58890151977539,0,0.19702316747009282,0.0,0.07872923740264887,76.165283203125,-55.48149108886719,100.71198082581395,0
590,51680,29.5,51679,51678,50,2.730502048507333,0.29995397198945284,2.334243035875261,0.09630504064261913,3.5112446521934273,42.191287994384766,0,0.1955021391226291,0.0,0.07666120785790378,76.33120727539062,-55.42457962036133,100.88739379361505,0
591,51681,29.55,51680,51679,50,2.4790639290586114,0.32353599090129137,2.0442699315026402,0.11125800665467978,3.50794218344343,41.78832244873047,0,0.19682312662262796,0.0,0.0750310534684086,76.49687194824219,-55.36698913574219,101.0627832026803,0
592,51682,29.6,51681,51680,50,2.7055589016526937,0.3276969073340297,2.258653985336423,0.11920800898224115,3.5116735857308083,41.41093063354492,0,0.19533056570767668,0.0,0.07373883731199458,76.66234588623047,-55.30869674682617,101.23822443798417,0
593,51683,29.650000000000002,51682,51681,50,2.68725398927927,0.3101739566773176,2.274664002470672,0.10241603013128042,3.508260465910918,41.37763595581055,0,0.1966958136356329,0.0,0.07277939680280646,76.82754516601562,-55.249725341796875,101.41363375500077,0
594,51684,29.700000000000003,51683,51682,50,2.6189209893345833,0.3187590045854449,2.206205972470343,0.09395601227879524,3.5118988062229772,41.429359436035156,0,0.1952404775108091,0.0,0.07203406948920678,76.99253845214844,-55.19001770019531,101.58909823611612,0
595,51685,29.75,51684,51683,50,3.5402600187808275,0.32849202398210764,3.0975269619375467,0.11424103286117315,3.5083930853838234,41.48075485229492,0,0.19664276584647064,0.0,0.07153104637534674,77.15724182128906,-55.12961959838867,101.76452665642137,0
596,51686,29.8,51685,51684,50,3.3956270199269056,0.325832050293684,2.9622259316965938,0.10756903793662786,3.51196229507355,41.531463623046875,0,0.19521508197058,0.0,0.08687766231357157,77.32170104980469,-55.06846618652344,101.93998769536847,0
597,51687,29.85,51686,51685,50,3.7089260295033455,0.3142249770462513,3.2852860167622566,0.10941503569483757,3.5072262422073375,41.583309173583984,0,0.19710950311706502,0.0,0.08484440389390938,77.48553466796875,-55.00591278076172,102.11535697296495,0
598,51688,29.900000000000002,51687,51686,50,2.4611110566183925,0.29787200037389994,2.07380298525095,0.08943607099354267,3.5107245880522453,41.672157287597656,0,0.1957101647791019,0.0,0.0820276734007809,77.64891052246094,-54.942142486572266,102.2907374711358,0
599,51689,29.950000000000003,51688,51687,50,2.7770440792664886,0.40243298280984163,2.289279014803469,0.08533208165317774,3.5074404757218547,41.76600646972656,0,0.19702380971125813,0.0,0.07950094437404585,77.81194305419922,-54.877586364746094,102.46608597651357,0
600,51690,30.0,51689,51688,50,2.7097680140286684,0.42648601811379194,2.17709899879992,0.10618299711495638,3.511243615728241,41.84676742553711,0,0.19550255370870354,0.0,0.07737636585250546,77.97474670410156,-54.81229019165039,102.64149582997197,0
601,51691,30.05,51690,51689,50,2.5329210329800844,0.31659798696637154,2.101002959534526,0.11532008647918701,3.5079465243265138,41.95164489746094,0,0.1968213902693945,0.0,0.07570844562005642,78.13726806640625,-54.74633026123047,102.81689225748414,0
602,51692,30.1,51691,51690,50,2.691028988920152,0.29014202300459146,2.29047704488039,0.11040992103517056,3.5116778812641716,44.24437713623047,0,0.19532884749433138,0.0,0.07436885183139634,78.29954528808594,-54.67967224121094,102.9923265488469,0
603,51693,30.150000000000002,51692,51691,50,2.578933024778962,0.30245305970311165,2.18049599789083,0.09598396718502045,3.5082692184605686,44.21105194091797,0,0.19669231261577258,0.0,0.07337075023173659,78.46153259277344,-54.612342834472656,103.16774929180974,0
604,51694,30.200000000000003,51693,51692,50,2.3389479611068964,0.3090089885517955,1.9395459676161408,0.09039300493896008,3.511906339421726,44.08079147338867,0,0.1952374642313096,0.0,0.07259317546783103,78.62325286865234,-54.54429244995117,103.34320384875173,0
605,51695,30.25,51694,51693,50,2.7148559456691146,0.29345997609198093,2.3090819595381618,0.1123140100389719,3.5084032491470327,43.708763122558594,0,0.1966387003411869,0.0,0.07206001462853014,78.78465270996094,-54.47555923461914,103.51862951234216,0
606,51696,30.3,51695,51694,50,3.199701081030071,0.47920900397002697,2.5806790217757225,0.1398130552843213,3.5119709878871257,43.96040344238281,0,0.19521160484514974,0.0,0.08745740961667955,78.94577026367188,-54.40607833862305,103.69409022346372,0
607,51697,30.35,51696,51695,50,2.3609549971297383,0.2903729910030961,1.9587540300562978,0.11182797607034445,3.507224835356079,43.515785217285156,0,0.19711006585756846,0.0,0.08538479331301849,79.10618591308594,-54.335227966308594,103.86945543304319,0
608,51698,30.400000000000002,51697,51696,50,2.5376329431310296,0.31553092412650585,2.109703025780618,0.11239899322390556,3.5107214800217332,43.79418182373047,0,0.1957114079913067,0.0,0.08253169346154347,79.2660903930664,-54.263187408447266,104.04483868792886,0
609,51699,30.450000000000003,51698,51697,50,2.7315299957990646,0.31415699049830437,2.321115927770734,0.09625707753002644,3.507441116123309,43.853328704833984,0,0.19702355355067633,0.0,0.07996882991665953,79.42560577392578,-54.19036865234375,104.22018898144597,0
610,51700,30.5,51699,51698,50,2.67163198441267,0.2968349726870656,2.2858009906485677,0.08899602107703686,3.511246226341703,43.19862747192383,0,0.1955015094633188,0.0,0.07781850915391608,79.58485412597656,-54.11682891845703,104.39559744909639,0
611,51701,30.55,51700,51699,50,2.3626909824088216,0.3029200015589595,1.9710890483111143,0.08868193253874779,3.5079509838044256,43.120330810546875,0,0.19681960647822977,0.0,0.07612651030159591,79.74378967285156,-54.04264450073242,104.57099368289346,0
612,51702,30.6,51701,51700,50,2.642909996211529,0.3156339516863227,2.23385205026716,0.09342399425804615,3.511681788317149,43.04033660888672,0,0.19532728467314034,0.0,0.07476361816091294,79.9024429321289,-53.96775817871094,104.74643260851735,0
613,51703,30.650000000000002,51702,51701,50,2.583079971373081,0.3052189713343978,2.162780030630529,0.11508096940815449,3.5082754789175894,42.77116775512695,0,0.19668980843296424,0.0,0.07374741810610116,80.06075286865234,-53.89222717285156,104.92183776810998,0
614,51704,30.700000000000003,51703,51702,50,3.692226018756628,0.4655979573726654,3.094020066782832,0.13260799460113049,3.511911390332906,42.68899154663086,0,0.1952354438668376,0.0,0.07295073593653005,80.21878051757812,-53.81597900390625,105.09729865804547,0
615,51705,30.75,51704,51703,50,2.482978976331651,0.29189104679971933,2.102929982356727,0.08815794717520475,3.508409061047734,42.6066780090332,0,0.19663637558090646,0.0,0.0723972595522363,80.3764419555664,-53.73906707763672,105.2727197916829,0
616,51706,30.8,51705,51704,50,2.4550410453230143,0.3061470342800021,2.051693038083613,0.09720097295939922,3.511975398515606,42.716148376464844,0,0.19520984059375765,0.0,0.08782976117101225,80.5337905883789,-53.66141891479492,105.4481844069087,0
617,51707,30.85,51706,51705,50,2.5807979982346296,0.30262500513345003,2.168457955121994,0.10971503797918558,3.5072210724447386,42.63436508178711,0,0.19711157102210458,0.0,0.08573527892379072,80.69036102294922,-53.58243179321289,105.62355049565667,0
618,51708,30.900000000000002,51707,51706,50,2.6629389030858874,0.32088998705148697,2.234090934507549,0.10795798152685165,3.5107171864851314,42.95082092285156,0,0.19571312540594743,0.0,0.08284762277417831,80.84635162353516,-53.50227355957031,105.79893126204843,0
619,51709,30.950000000000003,51708,51707,50,2.3964300053194165,0.3166989190503955,1.979161985218525,0.1005691010504961,3.5074408547670637,43.032596588134766,0,0.19702365809317454,0.0,0.08026484337057975,81.00192260742188,-53.42136001586914,105.97428614512319,0
620,51710,31.0,51709,51708,50,2.680548932403326,0.3272899193689227,2.2173260804265738,0.13593293260782957,3.511246534641793,42.52470779418945,0,0.19550138614328283,0.0,0.0780896923789094,81.15718078613281,-53.33974075317383,106.14969084277982,0
621,51711,31.05,51710,51709,50,2.7262980584055185,0.3317580558359623,2.2817779099568725,0.11276209261268377,3.5079551451476165,42.88436508178711,0,0.1968179419409534,0.0,0.07637590568085312,81.31208038330078,-53.25748825073242,106.32507430628175,0
622,51712,31.1,51711,51710,50,2.5942620122805238,0.3220770740881562,2.1811999613419175,0.09098497685045004,3.511687052839523,42.79707336425781,0,0.19532517886419073,0.0,0.07499820033065606,81.46668243408203,-53.17455291748047,106.50051679328317,0
623,51713,31.150000000000002,51712,51711,50,3.4507670206949115,0.5141750443726778,2.8202320681884885,0.1163599081337452,3.5082805935495043,42.79591369628906,0,0.1966877625801983,0.0,0.07397181050200387,81.62091827392578,-53.09098815917969,106.67593561724061,0
624,51714,31.200000000000003,51713,51712,50,2.601715037599206,0.30738208442926407,2.180555951781571,0.11377700138837099,3.511915641075248,42.63346481323242,0,0.19523374356990075,0.0,0.07316103599374589,81.77482604980469,-53.00672149658203,106.85140206530923,0
625,51715,31.25,51714,51713,50,2.229069941677153,0.3477230202406645,1.7837450141087174,0.09760190732777119,3.508413344369008,42.483314514160156,0,0.1966346622523968,0.0,0.08838723708279479,81.92833709716797,-52.92179870605469,107.02683731034631,0
626,51716,31.3,51715,51714,50,2.53160297870636,0.3246689448133111,2.113600028678775,0.09333400521427393,3.510736420483212,42.496639251708984,0,0.19570543180671526,0.0,0.08609401764331598,82.08103942871094,-52.83552169799805,107.2022275091731,0
627,51717,31.35,51716,51715,50,2.7747059939429164,0.4491889849305153,2.2364939795807004,0.0890230294317007,3.507232646542993,41.97309494018555,0,0.1971069413828028,0.0,0.08314710655580695,82.23308563232422,-52.74817657470703,107.37757635727758,0
628,51718,31.400000000000002,51717,51716,50,2.5128830457106233,0.3096529981121421,2.0741100888699293,0.12911995872855186,3.511011122234523,41.92340087890625,0,0.19559555110619087,0.0,0.08044892161125959,82.38472747802734,-52.66004943847656,107.55296631768579,0
629,51719,31.450000000000003,51718,51717,50,2.592031960375607,0.319737009704113,2.163787023164332,0.1085079275071621,3.5077651801974685,41.74269485473633,0,0.1968939279210126,0.0,0.07823396957171334,82.53596496582031,-52.5712776184082,107.72833225742215,0
630,51720,31.5,51719,51718,50,3.408823045901954,0.3198479535058141,2.9883619863539934,0.10061310604214668,3.511544754606799,41.62306594848633,0,0.1953820981572804,0.0,0.07643361149046332,82.6868896484375,-52.481849670410156,107.9037620635354,0
631,51721,31.55,51720,51719,50,2.5612820172682405,0.3021459560841322,2.1646330133080482,0.09450304787606001,3.5081956718793665,41.56732177734375,0,0.1967217312482534,0.0,0.07503881335936771,82.83740997314453,-52.39180374145508,108.07916057721013,0
632,51722,31.6,51721,51720,50,2.451980020850897,0.3036850830540061,2.03267193865031,0.1156229991465807,3.5118728177064837,41.50968551635742,0,0.1952508729174065,0.0,0.07393800060698538,82.98758697509766,-52.30109405517578,108.25460680440301,0
633,51723,31.650000000000002,51722,51721,50,2.4307880084961653,0.3086590440943837,2.033188007771969,0.08894095662981272,3.5084096186803184,41.65190505981445,0,0.19663615252787264,0.0,0.07313252241086036,83.13735961914062,-52.209754943847656,108.4300339432084,0
634,51724,31.700000000000003,51723,51722,50,2.725829021073878,0.3004089230671525,2.3266630014404655,0.09875709656625986,3.5120006339745697,41.59297180175781,0,0.19519974641017213,0.0,0.07250897342692104,83.28675842285156,-52.11773681640625,108.60549715772504,0
635,51725,31.75,51724,51723,50,2.8166339034214616,0.3144259098917246,2.417223993688822,0.0849839998409152,3.5084596930822185,41.60887145996094,0,0.1966161227671126,0.0,0.0879542430258139,83.43572998046875,-52.02509307861328,108.78092630818719,0
636,51726,31.8,51725,51724,50,2.691844943910837,0.38093701004981995,2.2189540322870016,0.09195390157401562,3.5107487256366032,42.00379180908203,0,0.19570050974535871,0.0,0.08578095510945755,83.5838394165039,-51.93111038208008,108.9563376964652,0
637,51727,31.85,51726,51725,50,2.942390041425824,0.4304090980440378,2.3612919030711055,0.15068904031068087,3.507145802855318,41.9278564453125,0,0.19714167885787273,0.0,0.08265120953422082,83.73113250732422,-51.83600997924805,109.1316640736186,0
638,51728,31.900000000000002,51727,51726,50,2.505085081793368,0.3211019793525338,2.0724760834127665,0.11150701902806759,3.511169215560048,41.473594665527344,0,0.1955323137759809,0.0,0.079894200644184,83.87800598144531,-51.74015808105469,109.30704765632981,0
639,51729,31.950000000000003,51728,51727,50,2.4833119241520762,0.31616794876754284,2.0766870584338903,0.09045691695064306,3.5080055227160845,41.648616790771484,0,0.19679779091356622,0.0,0.077775653288815,84.02452087402344,-51.64373779296875,109.48244287684793,0
640,51730,32.0,51729,51728,50,2.6563359424471855,0.44606300070881844,2.1037569968029857,0.10651594493538141,3.511803079893588,41.395530700683594,0,0.19527876804256472,0.0,0.07607455226181613,84.17066955566406,-51.54667663574219,109.65788604930276,0
641,51731,32.050000000000004,51730,51729,50,2.6205729227513075,0.32875698525458574,2.1950119407847524,0.09680399671196938,3.508439876125266,41.90678787231445,0,0.19662404954989354,0.0,0.07478617413049898,84.31640625,-51.44904327392578,109.8333039940917,0
642,51732,32.1,51731,51730,50,3.7218719953671098,0.3497999859973788,3.2516110222786665,0.12046098709106445,3.512087742825911,41.571693420410156,0,0.19516490286963553,0.0,0.07375678595028311,84.46175384521484,-51.350746154785156,110.00876978650922,0
643,51733,32.15,51732,51731,50,2.9188540065661073,0.4484431119635701,2.3658949648961425,0.10451592970639467,3.508589068724586,41.1912727355957,0,0.19656437251016554,0.0,0.07301483189864653,84.60665130615234,-51.25184631347656,110.18420197680825,0
644,51734,32.2,51733,51732,50,2.519882982596755,0.33689592964947224,2.0668080542236567,0.11617899872362614,3.512144597701791,41.14510726928711,0,0.19514216091928366,0.0,0.07243845053954358,84.75112915039062,-51.15227508544922,110.35966785863275,0
645,51735,32.25,51734,51733,50,2.557919011451304,0.3034520195797086,2.162502962164581,0.09196402970701456,3.5085713531997547,41.09898376464844,0,0.19657145872009815,0.0,0.08796067704302797,84.89515686035156,-51.05209732055664,110.53510891512269,0
646,51736,32.300000000000004,51735,51734,50,2.470807987265289,0.2999819116666913,2.084086067043245,0.08674000855535269,3.5108269824105967,40.84662628173828,0,0.19566920703576135,0.0,0.08580895678702827,85.03823852539062,-50.95063781738281,110.71051243558759,0
647,51737,32.35,51736,51735,50,2.4181120097637177,0.32059196382761,2.000585081987083,0.09693496394902468,3.507275191186204,40.818382263183594,0,0.19708992352551835,0.0,0.08297659811528449,85.18053436279297,-50.84817886352539,110.88585764780873,0
648,51738,32.4,51737,51736,50,2.626036060974002,0.31835504341870546,2.213427913375199,0.09425310418009758,3.511021125952668,40.797367095947266,0,0.19559154961893288,0.0,0.08035528775109047,85.32234191894531,-50.744964599609375,111.06125026062364,0
649,51739,32.45,51738,51737,50,2.680631005205214,0.31401298474520445,2.2725180024281144,0.09410001803189516,3.507753819178601,40.98634719848633,0,0.1968984723285596,0.0,0.07822004203404077,85.46369934082031,-50.64116287231445,111.23662619903916,0
650,51740,32.5,51739,51738,50,2.6452229358255863,0.296051031909883,2.235072897747159,0.11409900616854429,3.511517796849967,40.96178436279297,0,0.19539288126001325,0.0,0.07647213204372076,85.60466003417969,-50.53671646118164,111.41206555679673,0
651,51741,32.550000000000004,51740,51739,50,2.7280290378257632,0.31260307878255844,2.2938919719308615,0.12153398711234331,3.5081595833434545,41.473480224609375,0,0.19673616666261823,0.0,0.07513100301367846,85.74515533447266,-50.43171691894531,111.58746177569265,0
652,51742,32.6,51741,51740,50,2.30499601457268,0.2978710690513253,1.9212989136576653,0.08582603186368942,3.511833932601067,41.03578186035156,0,0.1952664269595733,0.0,0.07405884856679094,85.8852310180664,-50.326072692871094,111.76290947810048,0
653,51743,32.65,51742,51741,50,2.3864120012149215,0.31021004542708397,1.9869839306920767,0.08921802509576082,3.5083721037530564,41.43507385253906,0,0.19665115849877746,0.0,0.07327759881569847,86.02483367919922,-50.2198486328125,111.9383302690112,0
654,51744,32.7,51743,51742,50,2.551455982029438,0.43967796955257654,2.027688082307577,0.08408993016928434,3.511965847304906,40.91140365600586,0,0.1952136610780377,0.0,0.07268703946465033,86.16400909423828,-50.11298751831055,112.11379847541684,0
655,51745,32.75,51744,51743,50,2.8324039885774255,0.4379609599709511,2.2967440309002995,0.09769899770617485,3.5084276185792653,41.47407150268555,0,0.19662895256829388,0.0,0.08819736597615516,86.30268096923828,-50.00552749633789,112.28923378005857,0
656,51746,32.800000000000004,51745,51744,50,2.527027972973883,0.31951500568538904,2.1172959823161364,0.09021698497235775,3.5107126932074495,40.847591400146484,0,0.1957149227170202,0.0,0.08601730227866085,86.44033813476562,-49.89683532714844,112.46462900057668,0
657,51747,32.85,51746,51745,50,2.438753959722817,0.30956603586673737,2.035020967014134,0.09416695684194565,3.5071903526903307,41.1431884765625,0,0.19712385892386772,0.0,0.08315354426888544,86.57715606689453,-49.78718566894531,112.63996352866525,0
658,51748,32.9,51747,51746,50,2.6229090290144086,0.33153698313981295,2.191498060710728,0.09987398516386747,3.5109618319684586,34.71705627441406,0,0.19561526721261657,0.0,0.08051961750613884,86.71346282958984,-49.67681121826172,112.81535468116635,0
659,51749,32.95,51748,51747,50,2.6384959928691387,0.32417906913906336,2.21632095053792,0.09799597319215536,3.507713949598405,40.76335525512695,0,0.19691442016063798,0.0,0.07835917807007774,86.84927368164062,-49.56586456298828,112.99072214082116,0
660,51750,33.0,51749,51748,50,2.5749250780791044,0.4465840756893158,2.0205399487167597,0.10780105367302895,3.511494931038641,40.755653381347656,0,0.19540202758454353,0.0,0.07659899622441893,86.98466491699219,-49.45429992675781,113.16615717724198,0
661,51751,33.050000000000004,51750,51749,50,2.454129047691822,0.3415030660107732,2.0261689787730575,0.08645700290799141,3.5081489256455964,40.55453109741211,0,0.19674042974176142,0.0,0.07524713884117706,87.11957550048828,-49.34219741821289,113.34156481042737,0
662,51752,33.1,51751,51750,50,2.5350359501317143,0.3120090113952756,2.1082559833303094,0.11477095540612936,3.511829598406117,40.51401901245117,0,0.19526816063755315,0.0,0.07416459649614854,87.2540283203125,-49.22947692871094,113.51701699808473,0
663,51753,33.15,51752,51751,50,2.408765023574233,0.29820797499269247,2.0035450579598546,0.10701199062168598,3.5083725826102348,40.49915313720703,0,0.19665096695590611,0.0,0.07338982661072391,87.38799285888672,-49.1162109375,113.69244699791307,0
664,51754,33.2,51753,51752,50,2.597179962322116,0.31733792275190353,2.184142009355128,0.09570003021508455,3.511968105267509,40.706077575683594,0,0.19521275789299644,0.0,0.07278241537216794,87.52146911621094,-49.0023078918457,113.86791726067895,0
665,51755,33.25,51754,51753,50,2.560442080721259,0.3207430709153414,2.116731950081885,0.12296705972403288,3.5084330131171244,40.69072723388672,0,0.19662679475315026,0.0,0.08828586855053402,87.65441131591797,-48.88785171508789,114.04334201529855,0
666,51756,33.300000000000004,51755,51754,50,2.6257920544594526,0.30902400612831116,2.219342044554651,0.09742600377649069,3.510717984186365,40.7422981262207,0,0.19571280632545404,0.0,0.08609855526889454,87.78628540039062,-48.7722053527832,114.2187411399209,0
667,51757,33.35,51756,51755,50,3.436130005866289,0.4379559541121125,2.8843830805271864,0.11379097122699022,3.5071963278002154,41.30785369873047,0,0.19712146887991386,0.0,0.08322859313052962,87.91728210449219,-48.655643463134766,114.3940888257348,0
668,51758,33.4,51757,51756,50,2.4655869929119945,0.3198579652234912,2.0500330720096827,0.09569595567882061,3.510967581221338,41.28019332885742,0,0.19561296751146476,0.0,0.08058137003489833,88.04771423339844,-48.538387298583984,114.56947853282327,0
669,51759,33.45,51758,51757,50,2.5688480818644166,0.30731805600225925,2.161932992748916,0.0995970331132412,3.5077198615292513,40.78293228149414,0,0.19691205538829948,0.0,0.07842305223475995,88.17762756347656,-48.42059326171875,114.74484360829229,0
670,51760,33.5,51759,51758,50,2.5401440216228366,0.3052980173379183,2.1398949902504683,0.09495101403445005,3.511499864608158,41.11430740356445,0,0.19540005415673678,0.0,0.07664377798402858,88.30706787109375,-48.30220031738281,114.92026219383115,0
671,51761,33.550000000000004,51760,51759,50,3.040664945729077,0.3171579446643591,2.6275450363755226,0.09596196468919516,3.5081541638597153,40.80318069458008,0,0.19673833445611388,0.0,0.07528027121221419,88.43600463867188,-48.18330001831055,115.09565310791368,0
672,51762,33.6,51761,51760,50,2.5795340770855546,0.3080840688198805,2.182098920457065,0.08935108780860901,3.51183574235719,40.83815002441406,0,0.195265703057124,0.0,0.07419890367554834,88.56446838378906,-48.06380081176758,115.27110393956536,0
673,51763,33.65,51762,51761,50,2.5549569400027394,0.3098900197073817,2.155063906684518,0.09000301361083984,3.508377660446618,40.869651794433594,0,0.19664893582135276,0.0,0.07341753237141273,88.69241333007812,-47.94377899169922,115.4465324045741,0
674,51764,33.7,51763,51762,50,3.006796003319323,0.3195239696651697,2.590295043773949,0.0969769898802042,3.5119727517400094,40.74528121948242,0,0.19521089930399624,0.0,0.07280552413925183,88.81983947753906,-47.823143005371094,115.62200451508397,0
675,51765,33.75,51764,51763,50,2.481468953192234,0.31160004436969757,2.0780639024451375,0.09180500637739897,3.508436918356804,40.74791717529297,0,0.19662523265727838,0.0,0.08832132221735735,88.94670867919922,-47.70198059082031,115.79743576660985,0
676,51766,33.800000000000004,51765,51764,50,12.728760950267315,0.30804495327174664,12.312291073612869,0.10842492338269949,3.510720204142759,40.55972671508789,0,0.19571191834289633,0.0,0.08612979864088996,89.07244873046875,-47.57969665527344,115.9728322388255,0
677,51767,33.85,51766,51765,50,2.414144924841821,0.30159694142639637,2.01184896286577,0.10069902054965496,3.5071984494038375,40.54549789428711,0,0.197120620238465,0.0,0.08326387858823939,89.197265625,-47.456546783447266,116.14817518607015,0
678,51768,33.9,51767,51766,50,2.598786959424615,0.35378593020141125,2.1523491013795137,0.09265192784368992,3.510969179071895,40.5823860168457,0,0.19561232837124207,0.0,0.08061911952223824,89.32147979736328,-47.33272933959961,116.32356024399633,0
679,51769,33.95,51768,51767,50,2.6004939572885633,0.3101920010522008,2.1813350031152368,0.1089669531211257,3.507720687012853,40.85624313354492,0,0.1969117251948589,0.0,0.07844917497058644,89.44514465332031,-47.208377838134766,116.49893496051664,0
680,51770,34.0,51769,51768,50,2.512137987650931,0.34991896245628595,2.0717750303447247,0.09044399484992027,3.5115014625465624,41.01920700073242,0,0.19539941498137506,0.0,0.07668606414862053,89.56832885742188,-47.08348083496094,116.67435904458398,0
681,51771,34.050000000000004,51770,51769,50,2.593090059235692,0.31262508127838373,2.1867488976567984,0.09371608030050993,3.5081550102410395,38.57672882080078,0,0.1967379959035842,0.0,0.07531865464527385,89.69096374511719,-46.95808029174805,116.84975748375291,0
682,51772,34.1,51771,51770,50,2.4875629460439086,0.32171898055821657,2.0470990566536784,0.11874490883201361,3.5118359163904542,38.80049133300781,0,0.1952656334438183,0.0,0.07423974240433803,89.81310272216797,-46.83211898803711,117.02521168306703,0
683,51773,34.15,51772,51771,50,2.4967381032183766,0.3009120700880885,2.1026659524068236,0.09316008072346449,3.508377872427543,41.10930633544922,0,0.19664885102898283,0.0,0.07344933915314751,89.93467712402344,-46.705657958984375,117.20063324883813,0
684,51774,34.2,51773,51772,50,2.4243929656222463,0.3098569577559829,2.0059640519320965,0.10857195593416691,3.511973221829468,41.6729621887207,0,0.19521071126821285,0.0,0.08866304158804356,90.05570220947266,-46.57862091064453,117.37609117344255,0
685,51775,34.25,51774,51773,50,2.7145170606672764,0.2948601031675935,2.3036079946905375,0.11604896280914545,3.5072426300326964,41.09559631347656,0,0.19710294798692143,0.0,0.08640213552217253,90.17554473876953,-46.45058822631836,117.55146106198663,0
686,51776,34.300000000000004,51775,51774,50,2.6601710123941302,0.31301099807024,2.230543061159551,0.11661695316433907,3.510753791129291,41.2018928527832,0,0.19569848354828354,0.0,0.08339135330057089,90.29444885253906,-46.32167434692383,117.72683773055905,0
687,51777,34.35,51776,51775,50,2.7097190031781793,0.3223189851269126,2.2885820362716913,0.09881798177957535,3.5074889177734594,41.191375732421875,0,0.19700443289061625,0.0,0.08071095373089021,90.41271209716797,-46.19219207763672,117.90219979599351,0
688,51778,34.4,51777,51776,50,2.702870056964457,0.3088361117988825,2.298668958246708,0.09536498691886663,3.5112976373359626,41.186580657958984,0,0.19548094506561497,0.0,0.0784494696249182,90.53042602539062,-46.062156677246094,118.07760154322023,0
689,51779,34.45,51778,51777,50,2.590266987681389,0.31174998730421066,2.1875000093132257,0.09101699106395245,3.5080073708891897,41.22873306274414,0,0.19679705164432415,0.0,0.07666822529656016,90.6476058959961,-45.93164825439453,118.25299701705808,0
690,51780,34.5,51779,51778,50,2.827285905368626,0.324245891533792,2.3883500834926963,0.11468993034213781,3.511734760126231,41.044036865234375,0,0.19530609594950762,0.0,0.07523692645519667,90.76426696777344,-45.80061340332031,118.42843914643163,0
691,51781,34.550000000000004,51780,51779,50,3.086067968979478,0.3317990340292454,2.64678499661386,0.10748393833637238,3.5083261232769987,41.09108352661133,0,0.19666955068920056,0.0,0.07415056232203127,90.8803482055664,-45.669105529785156,118.60385059431428,0
692,51782,34.6,51781,51780,50,2.550745033659041,0.2999909920617938,2.138192066922784,0.11256197467446327,3.5119562100507693,41.39033126831055,0,0.19521751597969228,0.0,0.07330627921788012,90.99588775634766,-45.53705978393555,118.77930847421521,0
693,51783,34.65,51782,51781,50,2.4939720751717687,0.31862105242908,2.0794860320165753,0.09586499072611332,3.5084495794181616,41.43557357788086,0,0.19662016823273537,0.0,0.07271184269554556,91.11083984375,-45.404541015625,118.95473710313672,0
694,51784,34.7,51783,51782,50,2.241769921965897,0.30343292746692896,1.8345459830015898,0.10379101149737835,3.51200928012581,41.8879280090332,0,0.195196287949676,0.0,0.08813342171349482,91.22521209716797,-45.2714729309082,119.1302025677287,0
695,51785,34.75,51784,51783,50,2.444569021463394,0.3339300164952874,2.016110927797854,0.0945280771702528,3.5072458398447863,41.62118148803711,0,0.19710166406208549,0.0,0.08600102352934948,91.33834838867188,-45.137474060058594,119.30557507887715,0
696,51786,34.800000000000004,51785,51784,50,3.2743430929258466,0.3184510860592127,2.8525679372251034,0.10332406964153051,3.5107372611474417,42.431602478027344,0,0.19570509554102333,0.0,0.08308356837674769,91.45048522949219,-45.00262451171875,119.48095772281522,0
697,51787,34.85,51786,51785,50,2.7617939049378037,0.49984699580818415,2.17321899253875,0.08872791659086943,3.5074587215724002,42.170166015625,0,0.19701651137103993,0.0,0.08048059425254823,91.56194305419922,-44.86724853515625,119.65631308272714,0
698,51788,34.9,51787,51786,50,2.4424040457233787,0.31889602541923523,2.0314109278842807,0.09209709241986275,3.511260224414553,42.42108154296875,0,0.19549591023417873,0.0,0.07828381106086914,91.6728286743164,-44.73133850097656,119.83171877876157,0
699,51789,34.95,51788,51787,50,2.631347975693643,0.34940801560878754,2.1901869913563132,0.09175296872854233,3.507966993746036,41.96743392944336,0,0.19681320250158568,0.0,0.0765402409329653,91.78314208984375,-44.59497833251953,120.0071130307042,0
700,51790,35.0,51789,51788,50,2.5949199916794896,0.3116810694336891,2.171420957893133,0.11181796435266733,3.5116960427319484,41.9398193359375,0,0.19532158290722068,0.0,0.07514720947534208,91.89289855957031,-44.4581298828125,120.182538172754,0
701,51791,35.050000000000004,51790,51789,50,3.73534404207021,0.4384149797260761,3.1635500490665436,0.13337901327759027,3.5082897401041557,42.01603317260742,0,0.1966841039583377,0.0,0.07409111278745828,92.00206756591797,-44.320823669433594,120.35795444861287,0
702,51792,35.1,51791,51790,50,2.4513149401172996,0.3145619994029403,2.0493760239332914,0.08737691678106785,3.511925283321869,41.93495178222656,0,0.1952298866712525,0.0,0.07327296623268596,92.11067199707031,-44.18301773071289,120.53341213479871,0
703,51793,35.15,51792,51791,50,2.471650019288063,0.31481904443353415,2.065820968709886,0.09101000614464283,3.5084230955951834,41.89515686035156,0,0.19663076176192665,0.0,0.07270394366639664,92.2186508178711,-44.04476547241211,120.70883480325574,0
704,51794,35.2,51793,51792,50,2.5746969040483236,0.305537017993629,2.1552639082074165,0.11389597784727812,3.5119868325278008,41.96603775024414,0,0.19520526698887972,0.0,0.08816416433078712,92.32603454589844,-43.90599060058594,120.88430482760305,0
705,51795,35.25,51794,51793,50,2.4580350145697594,0.3070799866691232,2.0616539986804128,0.08930102922022343,3.5072243068127156,42.31246566772461,0,0.1971102772749138,0.0,0.08604175779950414,92.43211364746094,-43.76634979248047,121.05966824904317,0
706,51796,35.300000000000004,51795,51794,50,2.633805968798697,0.3074608976021409,2.237162087112665,0.08918298408389091,3.510717684704775,42.54217529296875,0,0.19571292611808994,0.0,0.08314390268668348,92.53717803955078,-43.62591552734375,121.23505442455644,0
707,51797,35.35,51796,51795,50,2.6166019961237907,0.31382101587951183,2.215182059444487,0.08759892079979181,3.5074421683990242,42.667930603027344,0,0.1970231326403903,0.0,0.08053557213577843,92.64151763916016,-43.48497772216797,121.41041182592744,0
708,51798,35.4,51797,51796,50,2.463159034959972,0.3105329815298319,2.0615949761122465,0.0910310773178935,3.511249284474444,42.85345458984375,0,0.19550028621022247,0.0,0.07834396957271841,92.7452621459961,-43.343544006347656,121.58581540599698,0
709,51799,35.45,51798,51797,50,2.4623210774734616,0.3013680689036846,2.0691859535872936,0.09176705498248339,3.5079587653752493,43.38557434082031,0,0.1968164938499003,0.0,0.07660616505974717,92.84840393066406,-43.201698303222656,121.76119621709222,0
710,51800,35.5,51799,51798,50,3.835891024209559,0.3213400486856699,3.417573985643685,0.0969769898802042,3.5116907630382252,43.46568298339844,0,0.1953236947847099,0.0,0.07520997957664458,92.95097351074219,-43.05937576293945,121.93662775174016,0
711,51801,35.550000000000004,51800,51799,50,2.3604260059073567,0.31292298808693886,1.9513750448822975,0.09612797293812037,3.508285893563747,43.24911880493164,0,0.19668564257450127,0.0,0.07417237995190804,93.05294036865234,-42.91664505004883,122.11203954234952,0
712,51802,35.6,51801,51800,50,2.763967029750347,0.310581992380321,2.3583039874210954,0.09508104994893074,3.511920028944203,43.117332458496094,0,0.19523198842231881,0.0,0.07333554144763861,93.15428161621094,-42.77342224121094,122.28748988226289,0
713,51803,35.65,51802,51801,50,2.32290499843657,0.30936102848500013,1.9239590037614107,0.08958496619015932,3.5084194671808393,43.22504806518555,0,0.1966322131276643,0.0,0.07277080660219352,93.2550048828125,-42.62979507446289,122.46291490510339,0
714,51804,35.7,51803,51802,50,2.364136977121234,0.30902400612831116,1.9644970307126641,0.09061594028025866,3.511984622352457,43.04494857788086,0,0.19520615105901717,0.0,0.08824428214185848,93.35509490966797,-42.48568344116211,122.63837481156224,0
715,51805,35.75,51804,51803,50,2.563673071563244,0.3120830515399575,2.164089004509151,0.08750101551413536,3.5072210873856027,43.15184783935547,0,0.19711156504575894,0.0,0.08611760888908136,93.45384216308594,-42.34076690673828,122.81373678758973,0
716,51806,35.800000000000004,51805,51804,50,2.5987140834331512,0.3418890992179513,2.1625019144266844,0.09432306978851557,3.5107158931663442,43.593563079833984,0,0.1957136427334623,0.0,0.0832057251400097,93.551513671875,-42.195106506347656,122.98911259189481,0
717,51807,35.85,51806,51805,50,2.4799740640446544,0.3014859976246953,2.0706430077552795,0.10784505866467953,3.50744133493721,43.89202117919922,0,0.197023466025116,0.0,0.08060246078986497,93.64845275878906,-42.04898452758789,123.16446599975461,0
718,51808,35.9,51807,51806,50,2.3804190568625927,0.3016010159626603,1.9880470354110003,0.09077100548893213,3.511247422437143,44.05818176269531,0,0.1955010310251428,0.0,0.07840816638473992,93.74478149414062,-41.90239715576172,123.33987148717279,0
719,51809,35.95,51808,51807,50,2.364944899454713,0.31206896528601646,1.9647720037028193,0.08810393046587706,3.5079584554637426,44.22004318237305,0,0.19681661781450296,0.0,0.07668104211203595,93.84050750732422,-41.75542068481445,123.51527260855073,0
720,51810,36.0,51809,51808,50,2.6290209498256445,0.31951896380633116,2.214001026004553,0.0955009600147605,3.5116904827239477,44.38195037841797,0,0.19532380691042095,0.0,0.07527560501436831,93.93559265136719,-41.608001708984375,123.69069649890298,0
721,51811,36.050000000000004,51810,51809,50,2.9494570335373282,0.44016505125910044,2.389010973274708,0.12028100900352001,3.5082868262664744,44.58738327026367,0,0.19668526949341025,0.0,0.07422456201981714,94.03005981445312,-41.46019744873047,123.86611070350045,0
722,51812,36.1,51811,51810,50,2.682894002646208,0.3134029684588313,2.275367034599185,0.09412399958819151,3.5119217017766657,44.57220458984375,0,0.1952313192893337,0.0,0.07339473283998321,94.12389373779297,-41.31195068359375,124.04155845061177,0
723,51813,36.15,51812,51811,50,3.376693930476904,0.29738899320364,2.9803409706801176,0.09896396659314632,3.508420432998158,44.69728469848633,0,0.19663182680073688,0.0,0.07281839711883203,94.21707916259766,-41.1633186340332,124.21698652819032,0
724,51814,36.2,51813,51812,50,2.8424490010365844,0.4338209982961416,2.327630063518882,0.08099793922156096,3.5119844976012797,44.64357376098633,0,0.19520620095948812,0.0,0.08829529050852443,94.30960845947266,-41.01423263549805,124.39245249942178,0
725,51815,36.25,51814,51813,50,2.912787953391671,0.4412289708852768,2.3844409734010696,0.08711800910532475,3.5072200341176623,44.68940353393555,0,0.19711198635293511,0.0,0.08615876708793188,94.4007568359375,-40.86441421508789,124.56781949714059,0
726,51816,36.300000000000004,51815,51814,50,2.582767978310585,0.31176803167909384,2.179643022827804,0.0913569238036871,3.510714832860986,45.203758239746094,0,0.19571406685560558,0.0,0.0832530648401179,94.49079132080078,-40.71391677856445,124.7431924851262,0
727,51817,36.35,51816,51815,50,2.596481004729867,0.3603450022637844,2.14803300332278,0.08810299914330244,3.5074419028693593,46.08308029174805,0,0.19702323885225628,0.0,0.08064516493502145,94.580078125,-40.56299591064453,124.91854709998006,0
728,51818,36.4,51817,51816,50,2.696333918720484,0.31118898186832666,2.287396928295493,0.09774800855666399,3.511248071172325,46.29852294921875,0,0.19550077153106998,0.0,0.07844290023127903,94.66871643066406,-40.4116325378418,125.09395410731668,0
729,51819,36.45,51818,51817,50,2.5488509563729167,0.3229789435863495,2.133928006514907,0.09194400627166033,3.507959633876171,46.4571533203125,0,0.19681614644953155,0.0,0.07671258980516914,94.75672912597656,-40.25992202758789,125.26934598997468,0
730,51820,36.5,51819,51818,50,2.5704270228743553,0.4093119641765952,2.0700240274891257,0.09109103120863438,3.511690066972314,46.80240249633789,0,0.19532397321107436,0.0,0.07531389904663013,94.84410858154297,-40.107791900634766,125.44478470698232,0
731,51821,36.550000000000004,51820,51819,50,3.1955739250406623,0.3090009558945894,2.7780249947682023,0.10854797437787056,3.508285506548536,46.50432205200195,0,0.19668579738058567,0.0,0.0742638779362657,94.93083953857422,-39.95531463623047,125.62020299449796,0
732,51822,36.6,51821,51820,50,2.5463131023570895,0.3092220285907388,2.1473390515893698,0.08975202217698097,3.5119206823935274,46.481014251708984,0,0.19523172704258906,0.0,0.07343495914839271,95.01691436767578,-39.80242156982422,125.79566001013154,0
733,51823,36.65,51822,51821,50,2.7859959518536925,0.3473899560049176,2.33969499822706,0.09891099762171507,3.508419660965511,44.02969741821289,0,0.19663213561379556,0.0,0.07285722468251071,95.10231018066406,-39.64918518066406,125.97108474984998,0
734,51824,36.7,51823,51822,50,3.356202971190214,0.3120090113952756,2.9369889525696635,0.10720500722527504,3.5119845608149043,44.03949737548828,0,0.1952061756740383,0.0,0.08833155048803014,95.18702697753906,-39.49552917480469,126.14654729381436,0
735,51825,36.75,51824,51823,50,2.6612820802256465,0.34139398485422134,2.2055490408092737,0.11433905456215143,3.5072203015111807,46.76362991333008,0,0.19711187939552774,0.0,0.08620081961327382,95.27033233642578,-39.34121322631836,126.32191318884725,0
736,51826,36.800000000000004,51825,51824,50,2.4865089217200875,0.2962379949167371,2.096452983096242,0.0938179437071085,3.510715312852783,50.0,0,0.1957138748588868,0.0,0.08328566257556863,95.35248565673828,-39.18627166748047,126.4972872348153,0
737,51827,36.85,51826,51825,50,2.4132280377671123,0.2820930676534772,2.0417709602043033,0.0893640099093318,3.5074408355171385,50.0,0,0.19702366579314462,0.0,0.08067039750245746,95.43386840820312,-39.03094482421875,126.67264281824464,0
738,51828,36.9,51827,51826,50,2.463533077389002,0.2981260186061263,2.0737519953399897,0.09165506344288588,3.5112470013295054,50.0,0,0.19550119946819786,0.0,0.07845615081020385,95.51456451416016,-38.875213623046875,126.8480397076928,0
739,51829,36.95,51828,51827,50,2.68106407020241,0.3598820185288787,2.222339971922338,0.09884207975119352,3.507958586865223,50.0,0,0.1968165652539108,0.0,0.07672499051269058,95.59464263916016,-38.71916580200195,127.0234347791993,0
740,51830,37.0,51829,51828,50,2.3503589909523726,0.29571005143225193,1.9608699949458241,0.09377894457429647,3.5116915443856,50.0,0,0.19532338224575999,0.0,0.07532242255467252,95.67405700683594,-38.56272888183594,127.19887465849752,0
741,51831,37.050000000000004,51830,51829,50,2.3820389760658145,0.294744037091732,1.9986219704151154,0.08867296855896711,3.508286400393212,50.0,0,0.19668543984271525,0.0,0.0742677842427066,95.75279998779297,-38.40598678588867,127.37428430333966,0
742,51832,37.1,51831,51830,50,3.251195070333779,0.2985370811074972,2.8382570017129183,0.11440098751336336,3.5119215814414138,50.0,0,0.1952313674234345,0.0,0.07345316994807122,95.83089447021484,-38.248863220214844,127.54974529758329,0
743,51833,37.15,51832,51831,50,2.4288659915328026,0.2947429893538356,2.0427911076694727,0.0913318945094943,3.508420445718379,50.0,0,0.19663182171264834,0.0,0.08870676367725984,95.90827941894531,-38.09142303466797,127.72517574444646,0
744,51834,37.2,51833,51832,50,2.542808069847524,0.28322706930339336,2.1464970195665956,0.11308398097753525,3.510734244350313,50.0,0,0.19570630225987476,0.0,0.0863986596381503,95.98423767089844,-37.93332290649414,127.90057616546983,0
745,51835,37.25,51834,51833,50,2.4412170751020312,0.29038998764008284,2.06217507366091,0.08865201380103827,3.507230329626003,50.0,0,0.1971078681495989,0.0,0.08341753673233263,96.05901336669922,-37.77472686767578,128.0759161473834,0
746,51836,37.300000000000004,51835,51834,50,2.4288229178637266,0.2979859709739685,2.016835962422192,0.11400098446756601,3.511010907166224,50.0,0,0.19559563713351036,0.0,0.08070133804934604,96.13302612304688,-37.61571502685547,128.25130899861688,0
747,51837,37.35,51836,51835,50,2.6182240108028054,0.2914019860327244,2.2314729867503047,0.09534903801977634,3.5077678298147603,50.0,0,0.1968928680740959,0.0,0.0784731603440012,96.20634460449219,-37.45640182495117,128.42668373003835,0
748,51838,37.4,51837,51836,50,2.3479460505768657,0.29684603214263916,1.9595189951360226,0.09158102329820395,3.5115476795404454,50.0,0,0.19538092818382183,0.0,0.07665576824667433,96.27901458740234,-37.29673385620117,128.60211116686696,0
749,51839,37.45,51838,51837,50,3.3745960099622607,0.2826220588758588,2.9899479122832417,0.10202603880316019,3.5081995855836063,50.0,0,0.1967201657665575,0.0,0.07526396342813474,96.35103607177734,-37.13678741455078,128.7775248499238,0
750,51840,37.5,51839,51838,50,2.5310779456049204,0.2945489250123501,2.138882060535252,0.09764696005731821,3.5118756961983038,50.0,0,0.19524972152067852,0.0,0.07413746692010287,96.42234802246094,-36.97649002075195,128.9529689909541,0
751,51841,37.550000000000004,51840,51839,50,2.6757990708574653,0.2979410346597433,2.2755590034648776,0.10229903273284435,3.508414592386943,50.0,0,0.19663416304522274,0.0,0.0733254095885432,96.49299621582031,-36.81591796875,129.12839575723046,0
752,51842,37.6,51841,51840,50,2.447074046358466,0.3118050517514348,2.043140004388988,0.09212899021804333,3.512005274897546,50.0,0,0.19519789004098165,0.0,0.07268757301197795,96.56292724609375,-36.65500259399414,129.3038497628295,0
753,51843,37.65,51842,51841,50,2.586921094916761,0.2850510645657778,2.2058930480852723,0.09597698226571083,3.5084640799144067,50.0,0,0.19661436803423735,0.0,0.08815059978453574,96.63215637207031,-36.49380111694336,129.4792880328023,0
754,51844,37.7,51843,51842,50,2.923465915955603,0.42798195499926805,2.4043889716267586,0.09109498932957649,3.51074817358594,50.0,0,0.1957007305656241,0.0,0.0859530726685373,96.69989776611328,-36.33201217651367,129.65468630805844,0
755,51845,37.75,51844,51843,50,2.5917579187080264,0.29717700090259314,2.2042630007490516,0.0903179170563817,3.507220429211594,50.0,0,0.1971118283153624,0.0,0.0830815562079441,96.76644134521484,-36.169795989990234,129.83002067223424,0
756,51846,37.800000000000004,51845,51844,50,3.357557929120958,0.3892569802701473,2.8647059807553887,0.10359496809542179,3.510986164567885,50.0,0,0.19560553417284599,0.0,0.08043941159795517,96.83219146728516,-36.0071907043457,130.0054161013686,0
757,51847,37.85,51846,51845,50,2.597054000943899,0.2842250978574157,2.220151014626026,0.09267788846045732,3.5077332269607497,50.0,0,0.1969067092157001,0.0,0.07829041457964483,96.89724731445312,-35.84432601928711,130.180793321284,0
758,51848,37.9,51847,51846,50,2.4602010380476713,0.33247005194425583,2.037352998740971,0.0903779873624444,3.5115092417659683,50.0,0,0.19539630329361268,0.0,0.0765189611288989,96.96161651611328,-35.68113708496094,130.35621858254308,0
759,51849,37.95,51848,51847,50,2.6097020599991083,0.3116769948974252,2.1964600309729576,0.10156503412872553,3.508159610616271,50.0,0,0.19673615575349165,0.0,0.07516269696570166,97.02530670166016,-35.517704010009766,130.53162329510087,0
760,51850,38.0,51849,51848,50,2.655287040397525,0.2889480674639344,2.264132956042886,0.10220601689070463,3.5118387117698413,50.0,0,0.19526451529206348,0.0,0.07409198432415295,97.08831787109375,-35.35395812988281,130.70707448438043,0
761,51851,38.050000000000004,51850,51849,50,2.5071980198845267,0.2785719698294997,2.119812066666782,0.1088139833882451,3.508378259668206,50.0,0,0.1966486961327176,0.0,0.0733099878055086,97.1506118774414,-35.18996810913086,130.8824975998723,0
762,51852,38.1,51851,51850,50,2.851826953701675,0.29337394516915083,2.4383760755881667,0.1200769329443574,3.511971353343888,50.0,0,0.19521145866244485,0.0,0.0726935889509232,97.21217346191406,-35.02566146850586,131.05795843020314,0
763,51853,38.15,51852,51851,50,2.3455629125237465,0.2874659840017557,1.9558119820430875,0.1022849464789033,3.5084339489403558,50.0,0,0.1966264204238577,0.0,0.08819212124935251,97.27301788330078,-34.86111831665039,131.23339073971147,0
764,51854,38.2,51853,51852,50,2.7158879674971104,0.2914830110967159,2.333251992240548,0.0911529641598463,3.5107200142318775,50.0,0,0.195711994307249,0.0,0.08601153398868862,97.33235168457031,-34.69606399536133,131.40878581121797,0
765,51855,38.25,51854,51853,50,2.425458049401641,0.2855421043932438,2.024157904088497,0.11575804091989994,3.5071976773894895,50.0,0,0.1971209290442042,0.0,0.0831379252671962,97.39046478271484,-34.53063201904297,131.58412796870107,0
766,51856,38.300000000000004,51855,51854,50,2.338751102797687,0.2902070991694927,1.9554148893803358,0.09312911424785852,3.510969363255699,50.0,0,0.19561225469772037,0.0,0.08050679622236888,97.44776153564453,-34.364864349365234,131.7595184953534,0
767,51857,38.35,51856,51855,50,2.7359829982742667,0.39349403232336044,2.2617109352722764,0.08077803067862988,3.5077209792724857,50.0,0,0.19691160829100574,0.0,0.07834513763142749,97.50433349609375,-34.19886779785156,131.9348902167403,0
768,51858,38.400000000000006,51857,51856,50,2.8371840016916394,0.43590005952864885,2.310990006662905,0.09029393550008535,3.5115006742357697,48.31189727783203,0,0.19539973030569213,0.0,0.07658013691548365,97.56021881103516,-34.0325813293457,132.1103164316737,0
769,51859,38.45,51858,51857,50,2.4843969149515033,0.4796090070158243,1.9278319086879492,0.07695599924772978,3.5081540054569165,50.0,0,0.19673839781723343,0.0,0.07522277991866316,97.61540985107422,-33.8660888671875,132.2857182236039,0
770,51860,38.5,51859,51858,50,2.3578390246257186,0.27027109172195196,1.994300982914865,0.09326694998890162,3.5118357975058894,50.0,0,0.19526568099764427,0.0,0.07415248095893817,97.6698989868164,-33.699310302734375,132.46117236331338,0
771,51861,38.550000000000004,51860,51859,50,2.575797960162163,0.32406498212367296,2.1630359115079045,0.08869706653058529,3.5083778884860357,50.0,0,0.19664884460558574,0.0,0.07336539752908873,97.72366333007812,-33.53233337402344,132.63659157470101,0
772,51862,38.6,51861,51860,50,2.3268230725079775,0.28051703702658415,1.9564309623092413,0.08987507317215204,3.511973098098566,50.0,0,0.19521076076057364,0.0,0.07274908617759664,97.77667999267578,-33.365074157714844,132.81205215171212,0
773,51863,38.650000000000006,51862,51861,50,2.498880960047245,0.2854160265997052,2.1039099665358663,0.10955496691167355,3.508436696301639,50.0,0,0.19662532147934436,0.0,0.08826033331813894,97.82897186279297,-33.1976203918457,132.98748078063363,0
774,51864,38.7,51863,51862,50,2.5762879522517323,0.4366450011730194,2.018120023421943,0.12152292765676975,3.5107215724103544,50.0,0,0.19571137103585823,0.0,0.08607490383960364,97.87971496582031,-33.029720306396484,133.16288118675584,0
775,51865,38.75,51864,51863,50,2.5530150160193443,0.40602905210107565,2.053603995591402,0.09338196832686663,3.5071991013238586,50.0,0,0.19712035947045659,0.0,0.0832047618919563,97.92923736572266,-32.861515045166016,133.33822507277364,0
776,51866,38.800000000000004,51865,51864,50,2.5661730905994773,0.29807700775563717,2.176579087972641,0.09151699487119913,3.5109699081633727,50.0,0,0.1956120367346509,0.0,0.08057128482531646,97.97792053222656,-32.69301223754883,133.5136196227395,0
777,51867,38.85,51866,51865,50,2.5315129896625876,0.2922859275713563,2.1215210435912013,0.11770601850003004,3.5077213076084552,50.0,0,0.19691147695661793,0.0,0.07841977910769654,98.02587890625,-32.52432632446289,133.68899049476022,0
778,51868,38.900000000000006,51867,51866,50,2.4793469347059727,0.2916989615187049,2.0965479779988527,0.09109999518841505,3.511500696741044,50.0,0,0.1953997213035825,0.0,0.07664681746327416,98.0731201171875,-32.35538101196289,133.8644164116704,0
779,51869,38.95,51868,51867,50,2.624177956022322,0.3079470479860902,2.2262209095060825,0.09000999853014946,3.5081548333947814,50.0,0,0.19673806664208746,0.0,0.0752846912800571,98.11965942382812,-32.18626022338867,134.03982379153604,0
780,51870,39.0,51869,51868,50,2.6751470286399126,0.41288300417363644,2.16539204120636,0.0968719832599163,3.511834963010327,50.0,0,0.19526601479586925,0.0,0.07419862550868439,98.16546630859375,-32.016902923583984,134.21526656165952,0
781,51871,39.050000000000004,51870,51869,50,2.4442289723083377,0.29313890263438225,2.0601260475814342,0.09096402209252119,3.5083784425990108,50.0,0,0.1966486229603957,0.0,0.07340998836329826,98.21055603027344,-31.84737205505371,134.39069118216867,0
782,51872,39.1,51871,51870,50,2.486956072971225,0.28491299599409103,2.0900750532746315,0.11196802370250225,3.5119746262231817,50.0,0,0.19521014951072735,0.0,0.07279884472990604,98.25489807128906,-31.67760467529297,134.56615394965047,0
783,51873,39.150000000000006,51872,51871,50,2.7112290263175964,0.2939560217782855,2.310740062966943,0.10653294157236814,3.508437590284061,50.0,0,0.19662496388637563,0.0,0.08831402893282436,98.2984848022461,-31.50767707824707,134.74158254876966,0
784,51874,39.2,51873,51872,50,2.6036780327558517,0.3998270258307457,2.1026890026405454,0.10116200428456068,3.510721968417592,50.0,0,0.19571121263296318,0.0,0.08612637671720945,98.34051513671875,-31.33738899230957,134.91698089853162,0
785,51875,39.25,51874,51873,50,2.268554992042482,0.28218200895935297,1.898525981232524,0.08784700185060501,3.5071990238936777,50.0,0,0.19712039044252894,0.0,0.08325162016556818,98.38129425048828,-31.16685676574707,135.09232107416028,0
786,51876,39.300000000000004,51875,51874,50,2.5470070540905,0.45530498027801514,2.007301081903279,0.08440099190920591,3.5109694222241403,50.0,0,0.19561223111034387,0.0,0.08061351183012823,98.42122650146484,-30.996068954467773,135.26771508768434,0
787,51877,39.35,51876,51875,50,2.51275603659451,0.41511200834065676,1.9971689907833934,0.10047503747045994,3.5077204709990504,50.0,0,0.19691181160037985,0.0,0.07845152009558572,98.4604263305664,-30.82513427734375,135.44308695808286,0
788,51878,39.400000000000006,51877,51876,50,2.513104001991451,0.3269580192863941,2.09508603438735,0.09105994831770658,3.5114993456775276,50.0,0,0.19540026172898894,0.0,0.07668141010501625,98.49889373779297,-30.65397834777832,135.6185124279582,0
789,51879,39.45,51878,51877,50,2.2118830820545554,0.2818350913003087,1.80912297219038,0.12092501856386662,3.508153120377717,50.0,0,0.19673875184891312,0.0,0.07532144816117266,98.53665161132812,-30.482688903808594,135.79391405597562,0
790,51880,39.5,51879,51878,50,3.2467650016769767,0.2771619474515319,2.8437140863388777,0.12588896788656712,3.51183513120833,50.0,0,0.195265947516668,0.0,0.07423049429384655,98.57367706298828,-30.311193466186523,135.9693608196103,0
791,51881,39.550000000000004,51880,51879,50,2.6845100801438093,0.2852780744433403,2.304640947841108,0.09459105785936117,3.5083780734451118,50.0,0,0.1966487706219553,0.0,0.07345058202164173,98.60997772216797,-30.13956642150879,136.14478481427068,0
792,51882,39.6,51881,51880,50,2.622255007736385,0.3109259996563196,2.214531064964831,0.09679794311523438,3.511973096124385,50.0,0,0.19521076155024597,0.0,0.07284036133218776,98.6455078125,-29.96773910522461,136.32024710491532,0
793,51883,39.650000000000006,51882,51881,50,2.444700920023024,0.29458990320563316,2.0583930891007185,0.09171792771667242,3.508437981763447,50.0,0,0.19662480729462128,0.0,0.0883530591790296,98.6802749633789,-29.795787811279297,136.4956780137145,0
794,51884,39.7,51883,51882,50,2.5154929608106613,0.29157905373722315,2.1299979416653514,0.09391596540808678,3.5107207525688495,50.0,0,0.1957116989724602,0.0,0.0861723612323936,98.7134780883789,-29.623558044433594,136.67107910529012,0
795,51885,39.75,51884,51883,50,2.484031021595001,0.2845730632543564,2.1075819386169314,0.0918760197237134,3.5071993437665405,50.0,0,0.1971202624933838,0.0,0.08329114116525793,98.74541473388672,-29.45115089416504,136.84641926601762,0
796,51886,39.800000000000004,51885,51884,50,2.3522389819845557,0.2904029097408056,1.9700940465554595,0.0917420256882906,3.510970137447468,50.0,0,0.1956119450210128,0.0,0.08064473470258511,98.77648162841797,-29.278532028198242,137.0218114616,0
797,51887,39.85,51886,51885,50,2.4421049747616053,0.2840569941326976,2.0041059469804168,0.1539420336484909,3.5077238491716622,50.0,0,0.1969104603313351,0.0,0.07846825328411579,98.80679321289062,-29.10580062866211,137.19718228891725,0
798,51888,39.900000000000006,51887,51886,50,2.37320305313915,0.2907640300691128,1.9935739692300558,0.08886505383998156,3.5115044117280214,50.0,0,0.19539823530879144,0.0,0.0766984609024494,98.83639526367188,-28.932889938354492,137.3726085932576,0
799,51889,39.95,51888,51887,50,2.7901920257136226,0.3706510178744793,2.327798050828278,0.09174295701086521,3.508157227554689,50.0,0,0.19673710897812438,0.0,0.07534746791910521,98.86528015136719,-28.7598819732666,137.54801124945516,0
800,51890,40.0,51889,51888,50,3.0855570221319795,0.27601607143878937,2.7014659717679024,0.10807497892528772,3.511836324242115,50.0,0,0.19526547030315397,0.0,0.07425141135462525,98.8934097290039,-28.58670425415039,137.72345866874093,0
801,51891,40.050000000000004,51890,51889,50,2.6460899971425533,0.295597012154758,2.256353967823088,0.09413901716470718,3.5083792446196918,50.0,0,0.1966483021521233,0.0,0.07344451763488004,98.9207763671875,-28.413434982299805,137.89887580886716,0
802,51892,40.1,51891,51890,50,2.460499992594123,0.2819880610331893,2.086978987790644,0.09153294377028942,3.511974544035087,50.0,0,0.19521018238596516,0.0,0.08866889709423556,98.94740295410156,-28.24000358581543,138.07433926180238,0
803,51893,40.150000000000006,51892,51891,50,2.5158219505101442,0.2850990276783705,2.1388919558376074,0.09183096699416637,3.5072419405029778,50.0,0,0.1971032237988089,0.0,0.08641263832315954,98.97248077392578,-28.06644058227539,138.24970463529462,0
804,51894,40.2,51893,51892,50,2.7908930787816644,0.2840349916368723,2.4164890637621284,0.09036902338266373,3.510752112117886,50.0,0,0.19569915515284553,0.0,0.08340213515733078,98.99626922607422,-27.892683029174805,138.42508301750058,0
805,51895,40.25,51894,51893,50,2.4351610336452723,0.2957950346171856,2.0490719471126795,0.09029405191540718,3.507487500458857,50.0,0,0.19700499981645728,0.0,0.08070812526620211,99.01919555664062,-27.71883201599121,138.60043919697637,0
806,51896,40.300000000000004,51895,51894,50,3.148374962620437,0.29574299696832895,2.750624902546406,0.1020070631057024,3.511296910450968,50.0,0,0.19548123581961274,0.0,0.07846469546268346,99.04139709472656,-27.544830322265625,138.77585155382985,0
807,51897,40.35,51896,51895,50,2.408127998933196,0.30526495538651943,1.9901860505342484,0.11267699301242828,3.508006361919414,50.0,0,0.19679745523223444,0.0,0.07667772019587345,99.06285858154297,-27.370756149291992,138.95124371960992,0
808,51898,40.400000000000006,51897,51896,50,2.3421699879691005,0.28860406018793583,1.963356975466013,0.09020895231515169,3.5117341005303446,50.0,0,0.19530635978786215,0.0,0.07523551611784214,99.0835952758789,-27.196544647216797,139.12668504432077,0
809,51899,40.45,51898,51897,50,2.5960669154301286,0.29586092568933964,2.2081900388002396,0.09201595094054937,3.5083254306846063,50.0,0,0.1966698277261575,0.0,0.07415126032588622,99.10359191894531,-27.02227210998535,139.3021010668599,0
810,51900,40.5,51899,51898,50,2.2814349504187703,0.29500399250537157,1.8929749494418502,0.09345600847154856,3.511955696227809,50.0,0,0.19521772150887637,0.0,0.0733021988263319,99.12284088134766,-26.84787368774414,139.47755855933065,0
811,51901,40.550000000000004,51900,51899,50,2.3544749710708857,0.28680788818746805,1.9702990539371967,0.09736802894622087,3.5084506187701514,50.0,0,0.19661975249193944,0.0,0.0727023114640986,99.14131927490234,-26.67342185974121,139.65298629418248,0
812,51902,40.6,51901,51900,50,2.6137949898838997,0.2844239352270961,2.23201303742826,0.09735801722854376,3.5120106226989076,50.0,0,0.19519575092043695,0.0,0.08813072317098374,99.1590347290039,-26.498851776123047,139.82845296576852,0
813,51903,40.650000000000006,51902,51901,50,2.536101033911109,0.2883540000766516,2.1525740157812834,0.09517301805317402,3.5072481005173755,50.0,0,0.19710075979304983,0.0,0.08600079258147811,99.17518615722656,-26.32422637939453,140.0038237036788,0
814,51904,40.7,51903,51902,50,2.7119379956275225,0.29283098410815,2.3228080244734883,0.09629898704588413,3.510738832617562,50.0,0,0.19570446695297525,0.0,0.08313170783016686,99.19002532958984,-26.149478912353516,140.17920010403031,0
815,51905,40.75,51904,51903,50,2.458013012073934,0.29048603028059006,2.077030949294567,0.09049603249877691,3.5074573160724496,50.0,0,0.19701707357102016,0.0,0.08179379542631404,99.20401763916016,-25.974681854248047,140.35455629840726,0
816,51906,40.800000000000004,51905,51904,50,2.6802519569173455,0.40829693898558617,2.1714960457757115,0.10045897215604782,3.511178130344792,50.0,0,0.1955287478620832,0.0,0.08017297634469905,99.21717834472656,-25.799766540527344,140.5299660177552,0
817,51907,40.85,51906,51905,50,2.399610006250441,0.28896902222186327,2.0141140557825565,0.09652692824602127,3.507845825943246,50.0,0,0.19686166962270166,0.0,0.07823856073493501,99.22953796386719,-25.624820709228516,140.70534790173406,0
818,51908,40.900000000000006,51907,51906,50,2.6419200003147125,0.27518405113369226,2.2588869323953986,0.10784901678562164,3.511586503584276,50.0,0,0.19536539856628965,0.0,0.07595187492071735,99.24111938476562,-25.449771881103516,140.880779436382,0
819,51909,40.95,51908,51907,50,2.5878760498017073,0.2908329479396343,2.1839430555701256,0.11310004629194736,3.508250123202546,50.0,0,0.1966999507189817,0.0,0.07345952061741602,99.25199127197266,-25.274702072143555,141.0561864884221,0
820,51910,41.0,51909,51908,50,2.4611299159005284,0.27238100301474333,2.0767298992723227,0.11201901361346245,3.5119867600809305,50.0,0,0.1952052959676278,0.0,0.0707637489804513,99.26217651367188,-25.099538803100586,141.23164563492173,0
821,51911,41.050000000000004,51910,51909,50,2.484777010977268,0.2887790324166417,2.1028959890827537,0.09310198947787285,3.508603835452279,50.0,0,0.19655846581908848,0.0,0.06800853961637097,99.27173614501953,-24.92436408996582,141.4070809991681,0
822,51912,41.1,51911,51910,50,2.5567800039425492,0.29126694425940514,2.1743240067735314,0.09118905290961266,3.512306819574369,50.0,0,0.19507727217025242,0.0,0.0758204075223987,99.28070068359375,-24.749113082885742,141.58256114140386,0
823,51913,41.150000000000006,51912,51911,50,2.722056000493467,0.2867380389943719,2.331490977667272,0.10382698383182287,3.5082195486740333,50.0,0,0.1967121805303867,0.0,0.07109360944792958,99.28860473632812,-24.57386589050293,141.7579864920699,0
824,51914,41.2,51913,51912,50,2.5768750347197056,0.3062800969928503,2.1734239999204874,0.09717093780636787,3.5119200397603167,50.0,0,0.1952319840958733,0.0,0.06588209968079228,99.29569244384766,-24.398550033569336,141.93344556406373,0
825,51915,41.25,51914,51913,50,2.45983200147748,0.29021594673395157,2.0807540277019143,0.08886202704161406,3.50861038633011,50.0,0,0.19655584546795596,0.0,0.06100678258301518,99.30231475830078,-24.223230361938477,142.108890256437,0
826,51916,41.300000000000004,51915,51914,50,2.540295012295246,0.3205239772796631,2.1194820292294025,0.1002890057861805,3.512409524951015,50.0,0,0.19503619001959402,0.0,0.05652410459270864,99.30856323242188,-24.047842025756836,142.28438985958928,0
827,51917,41.35,51916,51915,50,2.621671068482101,0.2951379865407944,2.184152021072805,0.14238106086850166,3.5089959632472323,50.0,0,0.1964016147011071,0.0,0.05247326962955274,99.31449890136719,-23.872465133666992,142.4598671706044,0
828,51918,41.400000000000006,51917,51916,50,2.508712001144886,0.2806049305945635,2.1384060382843018,0.08970103226602077,3.512700151784249,50.0,0,0.19491993928630047,0.0,0.04877544108762604,99.32013702392578,-23.697031021118164,142.63539185241098,0
829,51919,41.45,51918,51917,50,2.555503975600004,0.29654905665665865,2.166449907235801,0.09250501170754433,3.509162930962458,50.0,0,0.19633482761501675,0.0,0.04541770258123769,99.32549285888672,-23.52161407470703,142.81089054659242,0
830,51920,41.5,51919,51918,50,2.4998809676617384,0.2899999963119626,2.112034009769559,0.09784696158021688,3.512789139242474,50.0,0,0.19488434430301035,0.0,0.04234615711588821,99.33057403564453,-23.34614372253418,142.98643445089692,0
831,51921,41.550000000000004,51920,51919,50,2.4825308937579393,0.29443996027112007,2.0929649472236633,0.09512598626315594,3.509167934602621,50.0,0,0.19633282615895153,0.0,0.039547591047518864,99.33541870117188,-23.170705795288086,143.16193925455445,0
832,51922,41.6,51921,51920,50,2.487000892870128,0.2868738956749439,2.1113890688866377,0.08873792830854654,3.5127510933871897,50.0,0,0.19489956264512412,0.0,0.04200245404434087,99.34000396728516,-22.995222091674805,143.33748286083573,0
833,51923,41.650000000000006,51922,51921,50,2.4319899966940284,0.2943900180980563,2.022620989009738,0.11497898958623409,3.5089257400537828,50.0,0,0.1964297039784869,0.0,0.038684402270554696,99.3441162109375,-22.81977081298828,143.51298232987756,0
834,51924,41.7,51923,51922,50,2.5969280395656824,0.29926304705441,2.2071889834478498,0.09047600906342268,3.5125105667362515,50.0,0,0.19499577330549941,0.0,0.03563193046028778,99.34786224365234,-22.644277572631836,143.6885155500495,0
835,51925,41.75,51924,51923,50,2.5663990527391434,0.2860210370272398,2.189430990256369,0.09094702545553446,3.5088740032685095,50.0,0,0.1964503986925962,0.0,0.03251754099939684,99.35138702392578,-22.468807220458984,143.86402130738134,0
836,51926,41.800000000000004,51925,51924,50,3.5153550561517477,0.2889389870688319,3.1025680946186185,0.1238479744642973,3.512491578746876,50.0,0,0.1950033685012496,0.0,0.029710376380694615,99.35477447509766,-22.293298721313477,144.03956248477334,0
837,51927,41.85,51926,51925,50,2.664475003257394,0.4267330514267087,2.153289970010519,0.08445198182016611,3.508846708844426,50.0,0,0.19646131646222964,0.0,0.027222227139529983,99.35802459716797,-22.117822647094727,144.2150686593377,0
838,51928,41.900000000000006,51927,51926,50,2.451449050568044,0.28221902903169394,2.078174031339586,0.09105599019676447,3.512455551195502,50.0,0,0.1950177795217993,0.0,0.024989803942077556,99.36115264892578,-21.942304611206055,144.3906145603978,0
839,51929,41.95,51928,51927,50,2.575034974142909,0.2921060658991337,2.168237930163741,0.11469097808003426,3.508792051548161,50.0,0,0.19648317938073562,0.0,0.022968453173881517,99.36415100097656,-21.766820907592773,144.56612387910718,0
840,51930,42.0,51929,51928,50,2.5690060574561357,0.28639601077884436,2.1549969678744674,0.12761307880282402,3.5123979433551002,50.0,0,0.1950408226579599,0.0,0.02114864362525214,99.3670425415039,-21.59130096435547,144.74166763440007,0
841,51931,42.050000000000004,51930,51929,50,2.5886029470711946,0.2767699770629406,2.222968963906169,0.08886400610208511,3.5087270449147616,50.0,0,0.19650918203409537,0.0,0.019526151241691072,99.36983489990234,-21.415815353393555,144.91717546299333,0
842,51932,42.1,51931,51930,50,2.5115639436990023,0.2978239208459854,2.124547027051449,0.08919299580156803,3.5123350753127642,50.0,0,0.19506596987489433,0.0,0.01802471315125092,99.37252807617188,-21.240299224853516,145.09271225944394,0
843,51933,42.150000000000006,51932,51931,50,2.5090520502999425,0.30846905428916216,2.104690996930003,0.09589199908077717,3.5086627038680143,50.0,0,0.1965349184527943,0.0,0.016668012820015152,99.3751220703125,-21.0648193359375,145.26821132615441,0
844,51934,42.2,51933,51932,50,2.331683994270861,0.2826800337061286,1.9566250266507268,0.09237893391400576,3.5122763246386777,50.0,0,0.19508947014452893,0.0,0.015403249508557175,99.37764739990234,-20.889301300048828,145.44374752655858,0
845,51935,42.25,51934,51933,50,2.586978953331709,0.28227001894265413,2.202737028710544,0.10197190567851067,3.5086074310765345,50.0,0,0.1965570275693862,0.0,0.014251733794718939,99.38007354736328,-20.713817596435547,145.61924800887937,0
846,51936,42.300000000000004,51935,51934,50,2.3432410089299083,0.2899160608649254,1.9596120109781623,0.0937129370868206,3.5122290038515156,50.0,0,0.19510839845939376,0.0,0.013177975814343126,99.38243103027344,-20.538299560546875,145.79478186980123,0
847,51937,42.35,51936,51935,50,2.440439071506262,0.29128906317055225,2.061065984889865,0.08808402344584465,3.508564161709596,50.0,0,0.19657433531616153,0.0,0.012197084171225293,99.38471221923828,-20.362815856933594,145.9702804000699,0
848,51938,42.400000000000006,51937,51936,50,2.705381950363517,0.2918679965659976,2.3047130089253187,0.10880094487220049,3.512192520887628,50.0,0,0.19512299164494884,0.0,0.011264945607754484,99.3869400024414,-20.18729591369629,146.14581448450917,0
849,51939,42.45,51938,51937,50,2.6265050983056426,0.28834003023803234,2.240050002001226,0.09811506606638432,3.5085312137299605,50.0,0,0.19658751450801581,0.0,0.01040538603684862,99.38909912109375,-20.011812210083008,146.32131147995824,0
850,51940,42.5,51939,51938,50,2.5847320212051272,0.31136604957282543,2.1806879667565227,0.09267800487577915,3.512165004708586,50.0,0,0.19513399811656562,0.0,0.009631049432118373,99.3912124633789,-19.83629035949707,146.49684605613584,0
851,51941,42.550000000000004,51940,51939,50,2.426238963380456,0.2766100224107504,2.058443962596357,0.09118497837334871,3.508507870655448,50.0,0,0.19659685173782082,0.0,0.008953888613539712,99.39327239990234,-19.66080665588379,146.67234184459085,0
852,51942,42.6,51941,51940,50,2.5528620462864637,0.2946150489151478,2.166114980354905,0.09213201701641083,3.5121464673531695,50.0,0,0.19514141305873223,0.0,0.008340282412078215,99.39527130126953,-19.48528480529785,146.84787507966394,0
853,51943,42.650000000000006,51942,51941,50,2.426758990623057,0.29157998505979776,2.039617975242436,0.09556103032082319,3.508492254224099,50.0,0,0.19660309831036038,0.0,0.007804452355726696,99.39722442626953,-19.30980110168457,147.0233696611249,0
854,51944,42.7,51943,51942,50,2.65402696095407,0.2778259804472327,2.2643579868599772,0.11184299364686012,3.512133552284261,50.0,0,0.19514657908629562,0.0,0.0073555735943593645,99.39913177490234,-19.13427734375,147.19890379026765,0
855,51945,42.75,51944,51943,50,2.564585069194436,0.2873570192605257,2.189797000028193,0.08743104990571737,3.5084803192599296,50.0,0,0.19660787229602816,0.0,0.006983026257361429,99.40098571777344,-18.958791732788086,147.37439919129247,0
856,51946,42.800000000000004,51945,51944,50,2.4083040188997984,0.2903189742937684,2.0097839878872037,0.1082010567188263,3.512124213229124,50.0,0,0.19515031470835034,0.0,0.00667558246577544,99.40280151367188,-18.783267974853516,147.5499323369586,0
857,51947,42.85,51946,51945,50,2.563690999522805,0.2895430661737919,2.181942923925817,0.09220500942319632,3.5084725000639616,50.0,0,0.19661099997441536,0.0,0.006423184850836289,99.40455627441406,-18.6077823638916,147.72542672470445,0
858,51948,42.900000000000006,51947,51946,50,2.4386229924857616,0.2855949569493532,2.0402870140969753,0.1127410214394331,3.5121170769904895,50.0,0,0.1951531692038042,0.0,0.006208445675938533,99.40625762939453,-18.432260513305664,147.90095681563253,0
859,51949,42.95,51948,51947,50,2.708807005546987,0.3623659722507,2.2556959884241223,0.09074504487216473,3.5084660797280662,50.0,0,0.1966135681087735,0.0,0.006035218820797736,99.40789794921875,-18.256772994995117,148.0764520080411,0
860,51950,43.0,51949,51948,50,2.536567044444382,0.2969240304082632,2.1442649886012077,0.09537802543491125,3.5121111669717884,50.0,0,0.19515553321128465,0.0,0.005892784279307153,99.40949249267578,-18.08125114440918,148.25198110059137,0
861,51951,43.050000000000004,51950,51949,50,2.5069130351766944,0.279798055998981,2.1217759931460023,0.1053389860317111,3.508461196492647,50.0,0,0.19661552140294117,0.0,0.005774494400312457,99.41102600097656,-17.90576171875,148.42747723177308,0
862,51952,43.1,51951,51950,50,3.640491049736738,0.34827401395887136,3.145214985124767,0.1470020506531,3.512108956013695,50.0,0,0.19515641759452207,0.0,0.005673089922169762,99.4124984741211,-17.73023796081543,148.60300717368955,0
863,51953,43.150000000000006,51952,51951,50,2.5310679338872433,0.31358294654637575,2.12522700894624,0.09225797839462757,3.508459254547157,50.0,0,0.19661629818113724,0.0,0.005599420044876585,99.41392517089844,-17.554746627807617,148.77850430324906,0
864,51954,43.2,51953,51952,50,2.8063300997018814,0.4366480279713869,2.281144028529525,0.0885380432009697,3.512106263822947,50.0,0,0.19515749447082112,0.0,0.005535699869026442,99.41529083251953,-17.379220962524414,148.95403527334565,0
865,51955,43.25,51954,51953,50,2.492253901436925,0.32832997385412455,2.0553870126605034,0.108536914922297,3.5084566452042325,50.0,0,0.19661734191830701,0.0,0.0055062650090790255,99.4166030883789,-17.2037296295166,149.1295315088355,0
866,51956,43.300000000000004,51955,51954,50,2.65978102106601,0.2821480156853795,2.2859249729663134,0.09170803241431713,3.512104799583916,50.0,0,0.19515808016643366,0.0,0.005447864105346794,99.41783142089844,-17.028200149536133,149.3050652803504,0
867,51957,43.35,51956,51955,50,2.5384320179000497,0.4007479874417186,2.049383008852601,0.08830102160573006,3.5084563197890772,50.0,0,0.1966174720843691,0.0,0.005412942114980098,99.41901397705078,-16.85270881652832,149.48056059196824,0
868,51958,43.400000000000006,51957,51956,50,2.664417028427124,0.2947240136563778,2.2775899851694703,0.09210302960127592,3.5121043168751758,50.0,0,0.1951582732499297,0.0,0.0053771976870180035,99.42012786865234,-16.67717742919922,149.65609551087255,0
869,51959,43.45,51958,51957,50,2.620082930661738,0.29702100437134504,2.2292599314823747,0.09380199480801821,3.5084554935808026,50.0,0,0.196617802567679,0.0,0.00535058918370701,99.42118835449219,-16.501684188842773,149.83159195497865,0
870,51960,43.5,51959,51958,50,2.5512189604341984,0.2772379666566849,2.1638909820467234,0.11009001173079014,3.5121038702253546,50.0,0,0.19515845190985814,0.0,0.0053396470943052705,99.42217254638672,-16.326154708862305,150.00712419167394,0
871,51961,43.550000000000004,51960,51959,50,2.517907996661961,0.28494896832853556,2.139884978532791,0.09307404980063438,3.5084558569514717,50.0,0,0.19661765721941135,0.0,0.005315825514800833,99.42310333251953,-16.15066146850586,150.18261990562314,0
872,51962,43.6,51961,51960,50,2.4083490716293454,0.27213606517761946,2.0273809786885977,0.10883202776312828,3.5121039135413303,50.0,0,0.19515843458346788,0.0,0.005299437252943939,99.42398071289062,-15.975131034851074,150.35815252974862,0
873,51963,43.650000000000006,51962,51961,50,2.76378495618701,0.2817249624058604,2.363450010307133,0.11860998347401619,3.5084560095905855,50.0,0,0.19661759616376584,0.0,0.0052984773382998155,99.42478942871094,-15.799638748168945,150.5336466790759,0
874,51964,43.7,51963,51962,50,2.5853869738057256,0.2736389869824052,2.221441944129765,0.09030604269355536,3.5121041423345987,50.0,0,0.19515834306616053,0.0,0.005282843874553921,99.425537109375,-15.624107360839844,150.70917966082925,0
875,51965,43.75,51964,51963,50,2.6190580101683736,0.296745914965868,2.2118519991636276,0.11046009603887796,3.50845579726183,50.0,0,0.196617681095268,0.0,0.005266389607127053,99.42621612548828,-15.448614120483398,150.88467421248788,0
876,51966,43.800000000000004,51965,51964,50,2.5069249095395207,0.27938990388065577,2.1399890538305044,0.08754595182836056,3.5121039930010003,50.0,0,0.1951584027995999,0.0,0.0052719257083245815,99.42684173583984,-15.273082733154297,151.06020671740407,0
877,51967,43.85,51966,51965,50,2.4687080876901746,0.2788790734484792,2.0777889294549823,0.11204008478671312,3.508455865501351,50.0,0,0.19661765379945956,0.0,0.00526393009243415,99.42740631103516,-15.097590446472168,151.23569991305703,0
878,51968,43.900000000000006,51967,51966,50,2.5094960583373904,0.2727280370891094,2.107964945025742,0.12880307622253895,3.5121039805235874,50.0,0,0.19515840779056504,0.0,0.005259898826451207,99.42791748046875,-14.922059059143066,151.4112320454442,0
879,51969,43.95,51968,51967,50,2.4905529571697116,0.3375540254637599,2.0640050061047077,0.08899392560124397,3.5084557141078436,50.0,0,0.19661771435686257,0.0,0.0052660560013240215,99.42835998535156,-14.746565818786621,151.58672585204476,0
880,51970,44.0,51969,51968,50,2.2820690646767616,0.2892670454457402,1.8953389953821898,0.09746302384883165,3.5121037747962784,50.0,0,0.19515849008148864,0.0,0.0052595680383642675,99.42874145507812,-14.57103443145752,151.76225765660638,0
881,51971,44.050000000000004,51970,51969,50,2.5559389032423496,0.2968069165945053,2.171833999454975,0.08729798719286919,3.5084558131510386,50.0,0,0.19661767473958458,0.0,0.00526773976285976,99.42906188964844,-14.39554214477539,151.93775024131173,0
882,51972,44.1,51971,51970,50,2.2384891053661704,0.2863010158762336,1.8615450244396925,0.09064306505024433,3.5121036316668324,50.0,0,0.19515854733326707,0.0,0.005258081015858379,99.42931365966797,-14.220010757446289,152.11328180745477,0
883,51973,44.150000000000006,51972,51971,50,2.557030995376408,0.2881539985537529,2.1788309095427394,0.09004608727991581,3.508454545645713,50.0,0,0.1966181817417148,0.0,0.005246728545689803,99.42951202392578,-14.044517517089844,152.2887751670205,0
884,51974,44.2,51973,51972,50,2.724783029407263,0.33408100716769695,2.279784996062517,0.11091702617704868,3.5121023662980257,50.0,0,0.1951590534807897,0.0,0.005200859018402818,99.42964935302734,-13.868986129760742,152.46430661395425,0
885,51975,44.25,51974,51973,50,2.6100650429725647,0.2970290370285511,2.21372302621603,0.09931297972798347,3.508454733700814,50.0,0,0.19661810651967448,0.0,0.0051287046793629274,99.42972564697266,-13.693492889404297,152.63979986921186,0
886,51976,44.300000000000004,51975,51974,50,2.5194509653374553,0.27964089531451464,2.1466939942911267,0.09311607573181391,3.5121026340417556,50.0,0,0.19515894638329778,0.0,0.005038892158357378,99.42975616455078,-13.517962455749512,152.81533030286664,0
887,51977,44.35,51976,51975,50,2.4475730024278164,0.2727159298956394,2.0831270376220345,0.09173003491014242,3.5084548119672325,50.0,0,0.196618075213107,0.0,0.004933785872986067,99.42973327636719,-13.34246826171875,152.9908244968974,0
888,51978,44.400000000000006,51977,51976,50,2.5661110412329435,0.4010640550404787,2.030548988841474,0.13449799735099077,3.5121049356898464,50.0,0,0.19515802572406146,0.0,0.004806985287248889,99.42964935302734,-13.166936874389648,153.16635591402883,0
889,51979,44.45,51978,51977,50,2.532054902985692,0.3081359900534153,2.0993599900975823,0.12455892283469439,3.508456956166005,50.0,0,0.19661721753359807,0.0,0.00467517106484401,99.42951965332031,-12.991442680358887,153.34185015276307,0
890,51980,44.5,51979,51978,50,3.310319036245346,0.2883890410885215,2.899551996961236,0.12237799819558859,3.512106469756748,50.0,0,0.19515741209730086,0.0,0.004540161222886023,99.42935180664062,-12.815911293029785,153.51738162949914,0
891,51981,44.550000000000004,51980,51979,50,2.5700139813125134,0.2856419887393713,2.164978999644518,0.11939299292862415,3.5084575142401353,50.0,0,0.19661699430394589,0.0,0.004404301197403517,99.42914581298828,-12.64041805267334,153.69287498906488,0
892,51982,44.6,51981,51980,50,2.3590940982103348,0.28627202846109867,1.982260961085558,0.09056110866367817,3.5121056212660573,50.0,0,0.1951577514935771,0.0,0.0042628419059501385,99.42889404296875,-12.464887619018555,153.8684056015336,0
893,51983,44.650000000000006,51982,51981,50,3.377613960765302,0.29440002981573343,2.976306015625596,0.1069079153239727,3.5084577530621255,50.0,0,0.19661689877514982,0.0,0.004119017187869282,99.42860412597656,-12.289393424987793,154.04390003398294,0
894,51984,44.7,51983,51982,50,2.5033269776031375,0.2957580145448446,2.110385918058455,0.09718304499983788,3.512106712068117,50.0,0,0.19515731517275317,0.0,0.0039681200404029175,99.42826080322266,-12.113862037658691,154.21943176403875,0
895,51985,44.75,51984,51983,50,2.5181110249832273,0.3988869721069932,2.0168540067970753,0.10237004607915878,3.508457436226556,50.0,0,0.19661702550937754,0.0,0.0038246597019878153,99.42788696289062,-11.93836784362793,154.39492636040086,0
896,51986,44.800000000000004,51985,51984,50,2.4038030533120036,0.32414100132882595,1.9854010315611959,0.09426102042198181,3.512105501854147,50.0,0,0.19515779925834115,0.0,0.003689276726416032,99.427490234375,-11.762836456298828,154.5704581947648,0
897,51987,44.85,51986,51985,50,2.3533670464530587,0.30178704764693975,1.9617249490693212,0.08985504973679781,3.5084570178601666,50.0,0,0.19661719285593338,0.0,0.003549468758980035,99.42704772949219,-11.587342262268066,154.74595294013852,0
898,51988,44.900000000000006,51987,51986,50,2.4223829386755824,0.30893494840711355,2.021437045186758,0.09201094508171082,3.5121053672462814,50.0,0,0.19515785310148745,0.0,0.0034171482121844662,99.42658233642578,-11.411810874938965,154.92148493841523,0
899,51989,44.95,51988,51987,50,2.7221449417993426,0.28499600011855364,2.3453489411622286,0.09180000051856041,3.5084568735274875,50.0,0,0.19661725058900503,0.0,0.003285155476835642,99.42607879638672,-11.236316680908203,155.09697984770173,0
900,51990,45.0,51989,51988,50,2.602200023829937,0.29278500005602837,2.1976520074531436,0.11176301632076502,3.5121052319619963,50.0,0,0.1951579072152015,0.0,0.003166634759240216,99.42556762695312,-11.060784339904785,155.2725129337632,0
901,51991,45.050000000000004,51990,51989,50,2.3869998985901475,0.289349933154881,2.0037359790876508,0.09391398634761572,3.5084560515892993,50.0,0,0.1966175793642803,0.0,0.003034178743121864,99.42499542236328,-10.885290145874023,155.44800806656713,0
902,51992,45.1,51991,51990,50,2.5507629616186023,0.29584101866930723,2.162200049497187,0.0927218934521079,3.512104590708894,50.0,0,0.19515816371644235,0.0,0.0029160720623648082,99.42442321777344,-10.709759712219238,155.62353943899507,0
903,51993,45.150000000000006,51992,51991,50,2.6852110167965293,0.3064119955524802,2.278940984979272,0.09985803626477718,3.508455559625378,50.0,0,0.19661777614984877,0.0,0.0027953591482372166,99.4238052368164,-10.53426456451416,155.7990356744849,0
904,51994,45.2,51993,51992,50,2.6469180593267083,0.28604106046259403,2.2639529779553413,0.09692402090877295,3.51210358611257,50.0,0,0.1951585655549721,0.0,0.002688409977105909,99.42317962646484,-10.358734130859375,155.9745672257268,0
905,51995,45.25,51994,51993,50,3.215808072127402,0.2870600437745452,2.826269017532468,0.1024790108203888,3.5084550094281166,50.0,0,0.19661799622875337,0.0,0.0025812556786769733,99.42252349853516,-10.183239936828613,156.15006264165277,0
906,51996,45.300000000000004,51995,51994,50,3.4355371026322246,0.2783410018309951,3.052361076697707,0.1048350241035223,3.512103503390082,50.0,0,0.19515859864396728,0.0,0.002480464289959567,99.4218521118164,-10.007709503173828,156.32559435680741,0
907,51997,45.35,51996,51995,50,2.5742079596966505,0.3187579568475485,2.1636130986735225,0.09183690417557955,3.5084551153684935,50.0,0,0.1966179538526026,0.0,0.0023922632904363377,99.42117309570312,-9.83221435546875,156.50109081581468,0
908,51998,45.400000000000006,51997,51996,50,3.096936037763953,0.2802870003506541,2.673960058018565,0.1426889793947339,3.5121038798407502,50.0,0,0.19515844806369992,0.0,0.002287824235326432,99.42044067382812,-9.656683921813965,156.67662278428907,0
909,51999,45.45,51998,51997,50,2.4827809538692236,0.28635794296860695,2.105055027641356,0.09136798325926065,3.5084553779451797,50.0,0,0.19661784882192812,0.0,0.002203134038185099,99.41971588134766,-9.481189727783203,156.85211846843595,0
910,52000,45.5,51999,51998,50,2.3558499524369836,0.28731394559144974,1.9673809874802828,0.10115501936525106,3.5121042751625935,50.0,0,0.19515828993496262,0.0,0.002072862723902846,99.41896057128906,-9.305660247802734,157.02764957264299,0
911,52001,45.550000000000004,52000,51999,50,2.6582200080156326,0.4147110739722848,2.1491480292752385,0.09436090476810932,3.508455898768957,50.0,0,0.19661764049241715,0.0,0.0019911258972745874,99.41818237304688,-9.130166053771973,157.20314549520845,0
912,52002,45.6,52001,52000,50,2.4540789891034365,0.2796200569719076,2.078728983178735,0.09572994895279408,3.51210434561443,50.0,0,0.19515826175422807,0.0,0.0019130569685734417,99.41738891601562,-8.954635620117188,157.37867771700257,0
913,52003,45.650000000000006,52002,52001,50,2.437724033370614,0.29500399250537157,2.0444010151550174,0.0983190257102251,3.508455274610285,50.0,0,0.19661789015588607,0.0,0.0018574600447206766,99.41661071777344,-8.779141426086426,157.55417363956803,0
914,52004,45.7,52003,52002,50,2.4700999492779374,0.2938349498435855,2.0521340193226933,0.12413098011165857,3.5121041352135465,50.0,0,0.19515834591458142,0.0,0.0017764378894284283,99.415771484375,-8.60361099243164,157.72970608487958,0
915,52005,45.75,52004,52003,50,2.8163130627945065,0.4635850200429559,2.2756049875169992,0.07712305523455143,3.508455475540747,50.0,0,0.19661780978370125,0.0,0.0017070062594794634,99.41493225097656,-8.428116798400879,157.9052022905671,0
916,52006,45.800000000000004,52005,52004,50,2.501373994164169,0.29266392812132835,2.1178959868848324,0.0908140791580081,3.5121043386706,50.0,0,0.19515826453176005,0.0,0.001647664004092903,99.41409301757812,-8.252586364746094,158.08073473587865,0
917,52007,45.85,52006,52005,50,2.5007299846038222,0.2994840033352375,2.113624010235071,0.08762197103351355,3.508456440568168,50.0,0,0.19661742377273284,0.0,0.0015859598463606945,99.4132308959961,-8.077092170715332,158.2562310458743,0
918,52008,45.900000000000006,52007,52006,50,2.2643679985776544,0.29725709464401007,1.8583659548312426,0.10874494910240173,3.5121050447915536,50.0,0,0.19515798208337856,0.0,0.001515246396502718,99.41233825683594,-7.9015631675720215,158.4317623139941,0
919,52009,45.95,52008,52007,50,2.423199010081589,0.28528599068522453,2.0453910110518336,0.09252200834453106,3.508456237305332,50.0,0,0.19661750507786718,0.0,0.0014533361245047702,99.41144561767578,-7.726068496704102,158.60725924983853,0
920,52010,46.0,52009,52008,50,2.556673949584365,0.2881069667637348,2.174937049858272,0.093629932962358,3.5121049217784637,50.0,0,0.19515803128861453,0.0,0.0013971074808514332,99.41055297851562,-7.550538539886475,158.78279147163266,0
921,52011,46.050000000000004,52010,52009,50,2.6673850370571017,0.29538897797465324,2.27562605869025,0.09637000039219856,3.5084561198384656,50.0,0,0.19661755206461376,0.0,0.0013515711373799258,99.40965270996094,-7.375044345855713,158.9582879753434,0
922,52012,46.1,52011,52010,50,2.4589410750195384,0.2923780120909214,2.0745410583913326,0.09202200453728437,3.512105097868381,50.0,0,0.1951579608526476,0.0,0.001288225916191039,99.40870666503906,-7.1995158195495605,159.13381904974813,0
923,52013,46.150000000000006,52012,52011,50,2.805597032420337,0.4000819753855467,2.296574995853007,0.10894006118178368,3.508456161741773,50.0,0,0.19661753530329076,0.0,0.0012326045788465501,99.40776062011719,-7.024021625518799,159.30931579187745,0
924,52014,46.2,52013,52012,50,2.96367600094527,0.42726309038698673,2.4044009624049067,0.13201194815337658,3.512104906747823,50.0,0,0.19515803730087083,0.0,0.0011852991052594768,99.40681457519531,-6.84849214553833,159.48484781995649,0
925,52015,46.25,52014,52013,50,2.5488509563729167,0.29929191805422306,2.157267997972667,0.09229104034602642,3.5084559834049402,50.0,0,0.1966176066380239,0.0,0.0011466093709597196,99.40586853027344,-6.672997951507568,159.6603445620858,0
926,52016,46.300000000000004,52015,52014,50,2.548830001614988,0.30438206158578396,2.153583918698132,0.09086402133107185,3.512104802698012,50.0,0,0.19515807892079523,0.0,0.0011138598385223855,99.40492248535156,-6.497469902038574,159.83587515965337,0
927,52017,46.35,52016,52015,50,3.0753599712625146,0.2916679950430989,2.6854739990085363,0.09821797721087933,3.5084559767410157,50.0,0,0.19661760930359373,0.0,0.0010548875536240921,99.40392303466797,-6.3219757080078125,160.01137219980592,0
928,52018,46.400000000000006,52017,52016,50,2.5934369768947363,0.2827869029715657,2.222381066530943,0.08826900739222765,3.5121042981202306,50.0,0,0.19515828075190778,0.0,0.001009378894345908,99.4029312133789,-6.146447658538818,160.18690305069322,0
929,52019,46.45,52018,52017,50,2.4607519153505564,0.2793779131025076,2.0874940091744065,0.09387999307364225,3.5084559250359804,50.0,0,0.19661762998560786,0.0,0.0009591240385240774,99.40192413330078,-5.970953941345215,160.3623996587121,0
930,52020,46.5,52019,52018,50,2.512636943720281,0.293952994979918,2.1258919732645154,0.09279197547584772,3.512105356322235,50.0,0,0.19515785747110606,0.0,0.0009190645519255052,99.40091705322266,-5.7954254150390625,160.53793107584352,0
931,52021,46.550000000000004,52020,52019,50,2.1817110246047378,0.28753303922712803,1.80142093449831,0.09275705087929964,3.508456697272789,50.0,0,0.19661732109088437,0.0,0.0008900953517052173,99.39991760253906,-5.619931697845459,160.7134276391589,0
932,52022,46.6,52021,52020,50,2.492788014933467,0.2956000389531255,2.0989279728382826,0.09826000314205885,3.512105296447074,50.0,0,0.1951578814211704,0.0,0.0008613243412496167,99.39891052246094,-5.444403171539307,160.88895905629033,0
933,52023,46.650000000000006,52022,52021,50,2.460952033288777,0.27985800988972187,2.0673450781032443,0.1137489452958107,3.5084560122501722,50.0,0,0.19661759509993113,0.0,0.0008427494506263362,99.39791107177734,-5.268909931182861,161.06445514276857,0
934,52024,46.7,52023,52022,50,2.592780045233667,0.3413730300962925,2.1452929358929396,0.10611407924443483,3.512104446439682,50.0,0,0.1951582214241272,0.0,0.0008007217810529438,99.39686584472656,-5.093380928039551,161.23998726025457,0
935,52025,46.75,52024,52023,50,2.5099720805883408,0.2856740029528737,2.1260430803522468,0.09825499728322029,3.5084552327856837,50.0,0,0.19661790688572653,0.0,0.0007512776128328995,99.39579772949219,-4.9178876876831055,161.41548374906415,0
936,52026,46.800000000000004,52025,52024,50,2.481822040863335,0.29213097877800465,2.0979420514777303,0.09174901060760021,3.5121041759960834,50.0,0,0.19515832960156665,0.0,0.0007165775213852761,99.39474487304688,-4.742358684539795,161.59101591125363,0
937,52027,46.85,52026,52025,50,2.7764890110120177,0.32880506478250027,2.3342599160969257,0.11342403013259172,3.5084553366503655,50.0,0,0.19661786533985381,0.0,0.0006875240356115196,99.39369201660156,-4.566865921020508,161.7665118338191,0
938,52028,46.900000000000006,52027,52026,50,2.571093966253102,0.2751309657469392,2.2038320312276483,0.09213096927851439,3.5121034307424703,50.0,0,0.19515862770301187,0.0,0.0006558710273489397,99.39263153076172,-4.3913373947143555,161.9420435638749,0
939,52029,46.95,52028,52027,50,2.413645968772471,0.27752399910241365,2.0194139797240496,0.11670798994600773,3.508454349502968,50.0,0,0.19661826019881287,0.0,0.0006329616044521877,99.39157104492188,-4.21584415435791,162.117540007981,0
940,52030,47.0,52029,52028,50,2.289858995936811,0.2858400112017989,1.8940579611808062,0.1099610235542059,3.5121041062433074,50.0,0,0.19515835750267707,0.0,0.0006172780235127013,99.39051818847656,-4.040315628051758,162.29307169333333,0
941,52031,47.050000000000004,52030,52029,50,2.466488047502935,0.3012210363522172,2.0741960033774376,0.09107100777328014,3.5084558658497045,50.0,0,0.1966176536601182,0.0,0.0005963511854376954,99.38945007324219,-3.8648226261138916,162.46856794372434,0
942,52032,47.1,52031,52030,50,2.2832329850643873,0.2750380663201213,1.915561966598034,0.09263295214623213,3.5121046776618874,50.0,0,0.19515812893524506,0.0,0.0005838379596403218,99.38838958740234,-3.689293622970581,162.6441001506173,0
943,52033,47.150000000000006,52032,52031,50,2.5971930008381605,0.2859920496121049,2.1984949707984924,0.11270598042756319,3.508456205930493,50.0,0,0.19661751762780286,0.0,0.0005634085974468243,99.38731384277344,-3.513800859451294,162.81959620729322,0
944,52034,47.2,52033,52032,50,2.6693909894675016,0.2861639950424433,2.2684059804305434,0.11482101399451494,3.5121049856856943,50.0,0,0.19515800572572228,0.0,0.0005249697891095226,99.38619995117188,-3.3382723331451416,162.99512826517457,0
945,52035,47.25,52034,52033,50,2.615386969409883,0.2897740341722965,2.233790000900626,0.09182293433696032,3.5084566566359885,50.0,0,0.1966173373456046,0.0,0.0005408160646976222,99.38508605957031,-3.1627798080444336,163.17062432185048,0
946,52036,47.300000000000004,52035,52034,50,2.4412659695371985,0.2885489957407117,2.039061044342816,0.11365592945367098,3.512104997158312,50.0,0,0.19515800113667528,0.0,0.001397763573736623,99.38397979736328,-2.9872515201568604,163.34615609660977,0
947,52037,47.35,52036,52035,50,2.672372036613524,0.2860690001398325,2.274697064422071,0.11160597205162048,3.5084547224710856,50.0,0,0.1966181110115658,0.0,0.0003231573848012689,99.38282775878906,-2.8117589950561523,163.52165240660543,0
948,52038,47.400000000000006,52037,52036,50,2.5587499840185046,0.2945519518107176,2.1678920602425933,0.09630597196519375,3.512103411781539,50.0,0,0.19515863528738447,0.0,0.00026737897529134115,99.38170623779297,-2.636230707168579,163.6971842707717,0
949,52039,47.45,52038,52037,50,2.7756429044529796,0.3091049147769809,2.3705409839749336,0.09599700570106506,3.5084546434575103,50.0,0,0.19661814261699587,0.0,0.00026062057140768596,99.38058471679688,-2.46073842048645,163.8726801337325,0
950,52040,47.5,52039,52038,50,2.5910910917446017,0.2804381074383855,2.1988749504089355,0.11177803389728069,3.5121037332955765,50.0,0,0.19515850668176943,0.0,0.00026703425211797746,99.37947082519531,-2.285210132598877,164.04821195319528,0
951,52041,47.550000000000004,52040,52039,50,2.6993859792128205,0.44051394797861576,2.1547420183196664,0.10413001291453838,3.508455635908685,50.0,0,0.19661774563652604,0.0,0.00027344369715118623,99.37835693359375,-2.10971736907959,164.22370824828977,0
952,52042,47.6,52041,52040,50,2.4041769793257117,0.2977909753099084,1.998080057092011,0.10830594692379236,3.512104233968794,50.0,0,0.1951583064124824,0.0,0.00027558939435982466,99.37723541259766,-1.9341890811920166,164.39924011245603,0
953,52043,47.650000000000006,52042,52041,50,2.5900559267029166,0.32795697916299105,2.170204999856651,0.09189394768327475,3.508456045502198,50.0,0,0.1966175817991209,0.0,0.00028170224749733425,99.3761215209961,-1.75869619846344,164.5747365267598,0
954,52044,47.7,52043,52042,50,2.6614440139383078,0.4121009260416031,2.1551050012931228,0.0942380866035819,3.5121049353878644,50.0,0,0.19515802584485425,0.0,0.00028661656282590443,99.37500762939453,-1.5831680297851562,164.7502682270133,0
955,52045,47.75,52044,52043,50,2.4649020051583648,0.29662298038601875,2.0744489738717675,0.0938300509005785,3.5084558449240486,50.0,0,0.19661766203038056,0.0,0.0002827338172782025,99.37388610839844,-1.4076753854751587,164.92576444760198,0
956,52046,47.800000000000004,52045,52044,50,3.4640480298548937,0.30965800397098064,3.050372004508972,0.10401802137494087,3.512105124862751,50.0,0,0.19515795005489966,0.0,0.0002864737872891794,99.37277221679688,-1.232147216796875,165.10129614785546,0
957,52047,47.85,52046,52045,50,2.662274055182934,0.2908100141212344,2.2762820590287447,0.09518198203295469,3.50845624452822,50.0,0,0.19661750218871196,0.0,0.00029138328901417423,99.37165832519531,-1.056654691696167,165.27679220453138,0
958,52048,47.900000000000006,52047,52046,50,2.41970201022923,0.30075700487941504,2.0266229985281825,0.09232200682163239,3.512104670707995,50.0,0,0.19515813171680207,0.0,0.00029057174882218253,99.37053680419922,-0.8811264634132385,165.452324009093,0
959,52049,47.95,52048,52047,50,2.5531569262966514,0.28740300331264734,2.153717912733555,0.11203601025044918,3.50845552664217,50.0,0,0.196617789343132,0.0,0.00029430678135337765,99.36942291259766,-0.7056339979171753,165.62782000616426,0
960,52050,48.0,52049,52048,50,2.8872669208794832,0.43576094321906567,2.3562050191685557,0.09530095849186182,3.5121034660644668,50.0,0,0.1951586135742133,0.0,0.0002855653516418931,99.3682861328125,-0.5301058888435364,165.8033517958247,0
961,52051,48.050000000000004,52050,52049,50,2.474369015544653,0.36220101173967123,2.0202770829200745,0.09189092088490725,3.508454707537767,50.0,0,0.1966181169848932,0.0,0.0002589226536767279,99.36711883544922,-0.3546135127544403,165.97884806111688,0
962,52052,48.1,52051,52050,50,2.533413004130125,0.293283024802804,2.1302549866959453,0.10987499263137579,3.5121032069689777,50.0,0,0.19515871721240893,0.0,0.00023524127453620404,99.36595153808594,-0.17908546328544617,166.15437998488778,0
963,52053,48.150000000000006,52052,52051,50,2.57374404463917,0.300787971355021,2.161204000003636,0.11175207328051329,3.50845486172881,50.0,0,0.19661805530847598,0.0,0.00021572745571951462,99.36478424072266,-0.0035931395832449198,166.3298761905753,0
964,52054,48.2,52053,52052,50,2.556832041591406,0.29218196868896484,2.1741680102422833,0.09048206266015768,3.5121035519541284,50.0,0,0.19515857921834867,0.0,0.00019978364214725432,99.3636245727539,0.17193500697612762,166.50540817395085,0
965,52055,48.25,52054,52053,50,2.5530949933454394,0.3031599335372448,2.139077987521887,0.11085707228630781,3.5084550061729147,50.0,0,0.19661799753083412,0.0,0.00018194183753486552,99.3624496459961,0.3474273085594177,166.6809044094407,0
966,52056,48.300000000000004,52055,52054,50,2.4495500838384032,0.2836970379576087,2.069649985060096,0.09620306082069874,3.5121036762866806,50.0,0,0.19515852948532775,0.0,0.000174708127431032,99.36128997802734,0.5229553580284119,166.85643628850812,0
967,52057,48.35,52056,52055,50,2.6886960258707404,0.28481800109148026,2.250832971185446,0.15304505359381437,3.5084547170568294,50.0,0,0.19661811317726824,0.0,0.000161039132365591,99.36011505126953,0.6984477043151855,167.03193256870145,0
968,52058,48.400000000000006,52057,52056,50,2.429810003377497,0.316631980240345,2.0201109582558274,0.09306706488132477,3.5121029408368596,50.0,0,0.19515882366525616,0.0,0.00015794955776378888,99.35895538330078,0.8739756345748901,167.20746432855958,0
969,52059,48.45,52058,52057,50,2.4628971004858613,0.28937007300555706,2.036986988969147,0.13654003851115704,3.5084542549801094,50.0,0,0.19661829800795624,0.0,0.00014576559501598718,99.35778045654297,1.049467921257019,167.38296054914827,0
970,52060,48.5,52059,52058,50,2.4303760146722198,0.31617109198123217,2.02527001965791,0.08893490303307772,3.512102960585128,50.0,0,0.19515881576594885,0.0,0.0001362457831291271,99.35660552978516,1.2249958515167236,167.55849241331453,0
971,52061,48.550000000000004,52060,52059,50,3.4027419751510024,0.30261895153671503,2.997598028741777,0.10252499487251043,3.508454659117225,50.0,0,0.19661813635310993,0.0,0.00013643203698300991,99.3554458618164,1.4004878997802734,167.7339882911765,0
972,52062,48.6,52061,52060,50,3.3031359780579805,0.3123149508610368,2.882407046854496,0.10841398034244776,3.512103463947912,50.0,0,0.19515861442083526,0.0,0.000133558319827299,99.35427856445312,1.5760160684585571,167.90952034905786,0
973,52063,48.650000000000006,52062,52061,50,2.3791230050846934,0.2964589511975646,1.974065089598298,0.10859896428883076,3.5084559733634824,50.0,0,0.19661761065460706,0.0,0.00012126368119169621,99.35310363769531,1.7515082359313965,168.08501645043725,0
974,52064,48.7,52063,52062,50,2.578968065790832,0.4176120273768902,2.070977003313601,0.09037903510034084,3.512105596585128,50.0,0,0.1951577613659488,0.0,0.0001229417949550642,99.35194396972656,1.9270364046096802,168.26054844871396,0
975,52065,48.75,52064,52063,50,2.700657001696527,0.29395101591944695,2.311855903826654,0.0948500819504261,3.5084569221449877,50.0,0,0.1966172311420049,0.0,0.00011788646434935717,99.35076904296875,2.1025285720825195,168.43604455009336,0
976,52066,48.800000000000004,52065,52064,50,2.416356932371855,0.33167703077197075,1.9905139924958348,0.0941659091040492,3.5121044790519185,50.0,0,0.19515820837923262,0.0,0.0001125257108228459,99.34959411621094,2.2780566215515137,168.6115765334689,0
977,52067,48.85,52066,52065,50,2.3261390160769224,0.2973480150103569,1.936163054779172,0.09262794628739357,3.5084547744037575,50.0,0,0.196618090238497,0.0,0.00011202264408354655,99.34842681884766,2.4535489082336426,168.7870727093541,0
978,52068,48.900000000000006,52067,52066,50,2.365709049627185,0.3442990127950907,1.9095210591331124,0.11188897769898176,3.512103068527983,50.0,0,0.1951587725888068,0.0,0.00011695275583577029,99.3472671508789,2.6290767192840576,168.96260435000295,0
979,52069,48.95,52068,52067,50,2.6874470058828592,0.27609500102698803,2.3207729682326317,0.09057903662323952,3.5084542055698527,50.0,0,0.19661831777205896,0.0,0.00011308607012522427,99.3460922241211,2.8045690059661865,169.13810057059163,0
980,52070,49.0,52069,52068,50,2.3679559817537665,0.2974430099129677,1.9746689358726144,0.09584403596818447,3.512103205188895,50.0,0,0.19515871792444203,0.0,0.00010803652060288244,99.34491729736328,2.9800970554351807,169.31363255396718,0
981,52071,49.050000000000004,52070,52069,50,2.5659819366410375,0.296982005238533,2.1586649818345904,0.11033494956791401,3.5084544605461736,50.0,0,0.19661821578153058,0.0,0.00010870832389587323,99.34375,3.1555895805358887,169.48912896827096,0
982,52072,49.1,52071,52070,50,2.608029986731708,0.2916509984061122,2.209675032645464,0.10670395568013191,3.5121034858215587,50.0,0,0.19515860567137652,0.0,0.00010850587663900509,99.34258270263672,3.3311171531677246,169.66466043010587,0
983,52073,49.150000000000006,52072,52071,50,3.4113419242203236,0.29790494590997696,2.9182969592511654,0.1951400190591812,3.508454803146372,50.0,0,0.1966180787414512,0.0,0.00010404510268769709,99.34141540527344,3.5066094398498535,169.84015660599107,0
984,52074,49.2,52073,52072,50,2.3912560427561402,0.2903570421040058,2.0097759552299976,0.09112304542213678,3.5121044928286542,50.0,0,0.19515820286853833,0.0,0.00010165385883833066,99.34024047851562,3.6821372509002686,170.01568835094804,0
985,52075,49.25,52074,52073,50,2.4762878892943263,0.2843859838321805,2.101370017044246,0.09053188841789961,3.5084564745960582,50.0,0,0.19661741016157672,0.0,0.00010382600227700507,99.33907318115234,3.8576300144195557,170.1911850036704,0
986,52076,49.300000000000004,52075,52074,50,2.784856013022363,0.30067109037190676,2.39360798150301,0.09057694114744663,3.5121043145486404,50.0,0,0.19515827418054388,0.0,0.0001053924400689882,99.33790588378906,4.033157825469971,170.36671668902272,0
987,52077,49.35,52076,52075,50,2.5436170399188995,0.47370605170726776,1.9834430422633886,0.08646794594824314,3.5084551638649373,50.0,0,0.1966179344540251,0.0,0.00010726396496212197,99.33673858642578,4.208649635314941,170.54221238807077,0
988,52078,49.400000000000006,52077,52076,50,2.4311660090461373,0.30098401475697756,2.0362669602036476,0.09391503408551216,3.5121039669830054,50.0,0,0.19515841320679783,0.0,0.00010429202325398067,99.33556365966797,4.384177207946777,170.71774389460916,0
989,52079,49.45,52078,52077,50,2.6341050397604704,0.31556503381580114,2.2066979436203837,0.11184206232428551,3.508454290103236,50.0,0,0.1966182839587056,0.0,0.00010219329274423669,99.33438873291016,4.559669494628906,170.89324011519784,0
990,52080,49.5,52079,52078,50,2.4584500351920724,0.2962700091302395,2.0703960908576846,0.09178393520414829,3.51210279998719,50.0,0,0.19515888000512405,0.0,0.00010832495781169644,99.3332290649414,4.735197067260742,171.0687715174281,0
991,52081,49.550000000000004,52080,52079,50,2.4897089460864663,0.29659189749509096,2.1039160201326013,0.08920102845877409,3.508454646381643,50.0,0,0.19661814144734288,0.0,0.00010564469038941702,99.33206176757812,4.910688877105713,171.24426721647615,0
992,52082,49.6,52081,52080,50,2.538544940762222,0.2953849034383893,2.1282020024955273,0.11495803482830524,3.5121041285317447,50.0,0,0.19515834858730213,0.0,0.00010325607172092284,99.33088684082031,5.086217403411865,171.41979967668885,0
993,52083,49.650000000000006,52082,52081,50,2.3517790250480175,0.294959987513721,1.9678380340337753,0.08898100350052118,3.508455164236454,50.0,0,0.19661793430541846,0.0,0.00010057400352642128,99.3297119140625,5.261708736419678,171.59529494360322,0
994,52084,49.7,52083,52082,50,2.711639041081071,0.2951549831777811,2.326534013263881,0.08995004463940859,3.5121041406206728,50.0,0,0.1951583437517309,0.0,0.00010670750108335023,99.32855224609375,5.437236785888672,171.77082682267064,0
995,52085,49.75,52084,52083,50,2.3690779926255345,0.30796497594565153,1.9702221034094691,0.09089091327041388,3.508455269015314,50.0,0,0.19661789239387437,0.0,0.00010462132578607784,99.32737731933594,5.612728595733643,171.94632256642217,0
996,52086,49.800000000000004,52085,52084,50,2.6003599632531404,0.28680404648184776,2.2162379464134574,0.09731797035783529,3.5121042746154654,50.0,0,0.19515829015381386,0.0,0.00010618860174488039,99.32621002197266,5.788256645202637,172.12185449019307,0
997,52087,49.85,52086,52085,50,2.4320019874721766,0.3025210462510586,2.0157259423285723,0.1137549988925457,3.508455358348914,50.0,0,0.19661785666043433,0.0,0.00010499356505318813,99.32503509521484,5.963748455047607,172.2973502339446,0
998,52088,49.900000000000006,52087,52086,50,2.392259892076254,0.29647594783455133,2.003503032028675,0.09228091221302748,3.5121034130934214,50.0,0,0.19515863476263143,0.0,0.00010685967272517583,99.32386779785156,6.13927698135376,172.47288264945382,0
999,52089,49.95,52088,52087,50,3.219743026420474,0.2867510775104165,2.831257996149361,0.10173395276069641,3.5084537821768764,50.0,0,0.19661848712924945,0.0,0.0001075412167682566,99.32270050048828,6.314768314361572,172.6483778716647,0
1000,52090,50.0,52089,52088,50,2.572786994278431,0.29705697670578957,2.1616650046780705,0.11406501289457083,3.512103055772354,50.0,0,0.19515877769105838,0.0,0.00010912658124397553,99.321533203125,6.490297317504883,172.8239107640111,0
1001,52091,50.050000000000004,52090,52089,50,2.396330935880542,0.29686593916267157,2.002811059355736,0.09665393736213446,3.508454869860723,50.0,0,0.1966180520557108,0.0,0.00010129138037420142,99.32035827636719,6.665788650512695,172.99940603092546,0
1002,52092,50.1,52091,52090,50,2.528587938286364,0.2924699801951647,2.123832004144788,0.11228595394641161,3.5121042907600932,50.0,0,0.19515828369596272,0.0,0.00010227360606548136,99.3191909790039,6.841317176818848,173.17493844643468,0
1003,52093,50.150000000000006,52092,52091,50,3.3078650012612343,0.2990029752254486,2.9026000993326306,0.10626192670315504,3.508455349497835,50.0,0,0.1966178602008659,0.0,0.00010413605538224505,99.31802368164062,7.01680850982666,173.35043366864556,0
1004,52094,50.2,52093,52092,50,2.6435720501467586,0.2930599730461836,2.261138055473566,0.08937402162700891,3.5121046277102184,50.0,0,0.19515814891591265,0.0,8.988154626134208e-05,99.31682586669922,7.1923370361328125,173.52596627786988,0
1005,52095,50.25,52094,52093,50,2.630300004966557,0.27202803175896406,2.2693240316584706,0.08894794154912233,3.5084545681500936,50.0,0,0.19661817273996257,0.0,7.958110462667448e-05,99.31563568115234,7.367828369140625,173.70146164909238,0
1006,52096,50.300000000000004,52095,52094,50,2.480093971826136,0.30868896283209324,2.075403928756714,0.096001080237329,3.51210388116527,50.0,0,0.19515844753389208,0.0,6.255705783087605e-05,99.3144302368164,7.543356895446777,173.87699431792134,0
1007,52097,50.35,52096,52095,50,2.4872609646990895,0.30310801230371,2.0796440076082945,0.10450894478708506,3.5084546741868046,50.0,0,0.1966181303252782,0.0,5.670502954299378e-05,99.31324005126953,7.71884822845459,174.05248968914384,0
1008,52098,50.400000000000006,52097,52096,50,2.51471099909395,0.3846400650218129,2.0395299652591348,0.09054096881300211,3.512103744137252,50.0,0,0.1951585023450992,0.0,6.937539109629965e-05,99.31208038330078,7.894376754760742,174.22802204504842,0
1009,52099,50.45,52098,52097,50,2.5390340015292168,0.3048880025744438,2.1385030122473836,0.09564298670738935,3.508454877543321,50.0,0,0.19661804898267157,0.0,5.165748966316988e-05,99.31087493896484,8.069868087768555,174.40351752057904,0
1010,52100,50.5,52099,52098,50,2.5822740281000733,0.30701595824211836,2.181260962970555,0.09399710688740015,3.5121038809238843,50.0,0,0.19515844763044632,0.0,4.3039559235952156e-05,99.30967712402344,8.245396614074707,174.57905012980336,0
1011,52101,50.550000000000004,52100,52099,50,2.6812879368662834,0.29290595557540655,2.2711720084771514,0.11720997281372547,3.5084552102185316,50.0,0,0.19661791591258737,0.0,3.9868192285892936e-05,99.30848693847656,8.42088794708252,174.75454550102586,0
1012,52102,50.6,52101,52100,50,2.5545640382915735,0.3042470198124647,2.156789996661246,0.09352702181786299,3.5121038214146854,50.0,0,0.19515847143412587,0.0,2.908207837723648e-05,99.30728149414062,8.596416473388672,174.93007816985482,0
1013,52103,50.650000000000006,52102,52101,50,2.508701989427209,0.2955560339614749,2.1020109998062253,0.1111349556595087,3.5084553661936524,50.0,0,0.19661785352253905,0.0,3.22375249983432e-05,99.30609893798828,8.771907806396484,175.10557348147267,0
1014,52104,50.7,52103,52102,50,2.504965988919139,0.30577497091144323,2.1082700695842505,0.09092094842344522,3.5121037886544144,50.0,0,0.19515848453823426,0.0,3.2337279087379196e-05,99.3049087524414,8.947436332702637,175.2811060459935,0
1015,52105,50.75,52104,52103,50,2.9219280695542693,0.4670730559155345,2.362150000408292,0.092705013230443,3.508454522044984,50.0,0,0.19661819118200638,0.0,3.0948180862105914e-05,99.30371856689453,9.12292766571045,175.456601417216,0
1016,52106,50.800000000000004,52105,52104,50,2.5803609751164913,0.2864609705284238,2.1820070687681437,0.11189293581992388,3.5121036508796966,50.0,0,0.19515853964812138,0.0,2.648888000997137e-05,99.30252075195312,9.298456192016602,175.63213402644033,0
1017,52107,50.85,52106,52105,50,2.5281020207330585,0.31663605477660894,2.1171970292925835,0.09426893666386604,3.5084552689890356,50.0,0,0.19661789240438576,0.0,2.6492508873553077e-05,99.30132293701172,9.47394847869873,175.80763039604062,0
1018,52108,50.900000000000006,52107,52106,50,2.401462057605386,0.3032339736819267,2.008656971156597,0.08957111276686192,3.5121036691428174,50.0,0,0.19515853234287306,0.0,2.361818665454705e-05,99.30013275146484,9.649476051330566,175.98316200688714,0
1019,52109,50.95,52108,52107,50,2.5252130581066012,0.2979590790346265,2.1152449771761894,0.11200900189578533,3.5084548252452223,50.0,0,0.19661806990191108,0.0,1.916614285665265e-05,99.29894256591797,9.824968338012695,176.15865833178395,0
1020,52110,51.0,52109,52108,50,2.2789889480918646,0.2984699094668031,1.8874480156227946,0.09307102300226688,3.512103649673346,50.0,0,0.1951585401306616,0.0,1.916614285665265e-05,99.29774475097656,10.000495910644531,176.33418998733396,0
1021,52111,51.050000000000004,52110,52109,50,2.463175100274384,0.2986420877277851,2.048610942438245,0.11592207010835409,3.5084545915825758,50.0,0,0.1966181633669697,0.0,1.2330484427463914e-05,99.29654693603516,10.175990104675293,176.5096882642829,0
1022,52112,51.1,52111,52110,50,2.668917062692344,0.28859905432909727,2.264144946821034,0.11617306154221296,3.5121029036026292,50.0,0,0.19515883855894833,0.0,1.2330484427463914e-05,99.29534912109375,10.351515769958496,176.68521801248426,0
1023,52113,51.150000000000006,52112,52111,50,2.462417003698647,0.3169919364154339,2.0299330353736877,0.1154920319095254,3.5084545373695635,50.0,0,0.19661818505217463,0.0,1.65888658499528e-05,99.29415893554688,10.527009963989258,176.8607162447297,0
1024,52114,51.2,52113,52112,50,2.385459956713021,0.3006189363077283,1.9683160353451967,0.11652498506009579,3.512103687763649,50.0,0,0.19515852489454044,0.0,6.693882591334361e-06,99.29295349121094,10.702536582946777,177.03624700621003,0
1025,52115,51.25,52114,52113,50,2.8958020266145468,0.49042399041354656,2.3175120586529374,0.0878659775480628,3.5084552319519404,50.0,0,0.19661790721922384,0.0,1.093775909176144e-05,99.29176330566406,10.878030776977539,177.21174523845548,0
1026,52116,51.300000000000004,52115,52114,50,2.5718030519783497,0.3046740312129259,2.1761999232694507,0.09092909749597311,3.5121038845433925,50.0,0,0.195158446182643,0.0,6.192295665110437e-06,99.29056549072266,11.053556442260742,177.38727498665685,0
1027,52117,51.35,52116,52115,50,2.770747058093548,0.484967022202909,2.171349013224244,0.11443102266639471,3.508455248291674,50.0,0,0.1966179006833304,0.0,6.192295665110437e-06,99.28937530517578,11.22905158996582,177.5627741725766,0
1028,52118,51.400000000000006,52117,52116,50,2.338757971301675,0.29355601873248816,1.93787703756243,0.10732491500675678,3.512103861876709,50.0,0,0.19515845524931646,0.0,1.9375406118491625e-06,99.28816986083984,11.404577255249023,177.73830398038263,0
1029,52119,51.45,52118,52117,50,2.4054470704868436,0.3230069996789098,1.9701580749824643,0.1122819958254695,3.5084552115259466,50.0,0,0.19661791538962137,0.0,6.181417511112693e-06,99.28697967529297,11.580071449279785,177.91380221262807,0
1030,52120,51.5,52119,52118,50,2.4427660973742604,0.3613720182329416,1.9896540325134993,0.09174004662781954,3.5121043339030464,50.0,0,0.19515826643878142,0.0,6.192295665110437e-06,99.28578186035156,11.755598068237305,178.08933291450376,0
1031,52121,51.550000000000004,52120,52119,50,2.686280058696866,0.30296004842966795,2.28742603212595,0.09589397814124823,3.508455260900007,50.0,0,0.1966178956399972,0.0,6.18866961023265e-06,99.28458404541016,11.931092262268066,178.26483119145269,0
1032,52122,51.6,52121,52120,50,2.446261001750827,0.2949699992313981,2.0639459835365415,0.08734501898288727,3.512103868390536,50.0,0,0.19515845264378556,0.0,6.185043559065179e-06,99.28338623046875,12.10661792755127,178.44036093965406,0
1033,52123,51.650000000000006,52122,52121,50,2.494532032869756,0.2953460207208991,2.1085639018565416,0.09062211029231548,3.508455264176168,50.0,0,0.19661789432953275,0.0,1.043979433356331e-05,99.28219604492188,12.282113075256348,178.61586012557382,0
1034,52124,51.7,52123,52122,50,2.5752721121534705,0.3081010654568672,2.1486709592863917,0.11850008741021156,3.5121036901262945,50.0,0,0.1951585239494822,0.0,1.4323280257274566e-06,99.28099060058594,12.45763874053955,178.79138993337983,0
1035,52125,51.75,52124,52123,50,2.342541003599763,0.2906449371948838,1.959695015102625,0.0922010513022542,3.5084545245966914,50.0,0,0.19661819016132345,0.0,5.6834519185181565e-06,99.27980041503906,12.633132934570312,178.96688816562528,0
1036,52126,51.800000000000004,52125,52124,50,2.677608048543334,0.32284099142998457,2.250933088362217,0.10383396875113249,3.5121036381170954,50.0,0,0.19515854475316186,0.0,5.687078862137876e-06,99.27860260009766,12.808659553527832,179.14241886750096,0
1037,52127,51.85,52126,52125,50,2.5200690142810345,0.30708208214491606,2.1226590033620596,0.09032792877405882,3.5084548006960903,50.0,0,0.1966180797215639,0.0,5.69070580897301e-06,99.27741241455078,12.984153747558594,179.3179170997464,0
1038,52128,51.900000000000006,52127,52126,50,2.675135969184339,0.4218870308250189,2.166291931644082,0.0869570067152381,3.512103407678976,50.0,0,0.19515863692840957,0.0,1.4359529437860031e-06,99.27620697021484,13.159679412841797,179.49344690755242,0
1039,52129,51.95,52128,52127,50,2.53913807682693,0.2903280546888709,2.1534570259973407,0.09535299614071846,3.508454751913711,50.0,0,0.19661809923451568,0.0,5.6834519185181565e-06,99.27501678466797,13.335174560546875,179.6689460934722,0
1040,52130,52.0,52129,52128,50,2.4473279481753707,0.3018559655174613,2.053680014796555,0.09179196786135435,3.5121038730507346,50.0,0,0.19515845077970617,0.0,5.6834519185181565e-06,99.27381896972656,13.510700225830078,179.84447584167356,0
1041,52131,52.050000000000004,52130,52129,50,2.4365459103137255,0.3099848981946707,2.03279301058501,0.09376800153404474,3.5084552767602064,50.0,0,0.19661788929591745,0.0,5.687078862137876e-06,99.27262115478516,13.68619441986084,180.01997411862249,0
1042,52132,52.1,52131,52130,50,2.6990820188075304,0.2914760261774063,2.3133920039981604,0.09421398863196373,3.5121038849495703,50.0,0,0.1951584460201719,0.0,5.676198041915596e-06,99.27142333984375,13.86172103881836,180.19550482049817,0
1043,52133,52.150000000000006,52132,52131,50,2.7197360759600997,0.4701110301539302,2.162065007723868,0.08756003808230162,3.5084552801889592,50.0,0,0.1966178879244163,0.0,9.941829477319776e-06,99.27023315429688,14.037215232849121,180.37100305274362,0
1044,52134,52.2,52133,52132,50,2.462078002281487,0.35257195122539997,2.016021986491978,0.09348406456410885,3.512103945244129,50.0,0,0.19515842190234844,0.0,1.4359529437860031e-06,99.2690200805664,14.21274185180664,180.54653385892743,0
1045,52135,52.25,52134,52133,50,2.4395351065322757,0.31448109075427055,2.0307640079408884,0.09429000783711672,3.5084552609761,50.0,0,0.19661789560956003,0.0,5.694332759518885e-06,99.26782989501953,14.388236045837402,180.72203209117288,0
1046,52136,52.300000000000004,52135,52134,50,2.422914025373757,0.3150530392304063,2.0138139370828867,0.0940470490604639,3.512103660264951,50.0,0,0.19515853589401966,0.0,1.4323280257274566e-06,99.26663208007812,14.563761711120605,180.89756183937425,0
1047,52137,52.35,52136,52135,50,2.5160060031339526,0.29878399800509214,2.118512988090515,0.09870901703834534,3.5084552499294777,50.0,0,0.19661790002820895,0.0,1.4359529437860031e-06,99.26543426513672,14.739255905151367,181.07306011632318,0
1048,52138,52.400000000000006,52137,52136,50,2.2693630307912827,0.28406293131411076,1.873703091405332,0.11159700807183981,3.5121036061577677,50.0,0,0.19515855753689293,0.0,1.4323280257274566e-06,99.26423645019531,14.914782524108887,181.24859081819886,0
1049,52139,52.45,52138,52137,50,2.4874709779396653,0.2941190032288432,2.108486951328814,0.08486502338200808,3.508454760508758,50.0,0,0.19661809579649675,0.0,5.69070580897301e-06,99.26304626464844,15.090276718139648,181.4240890504443,0
1050,52140,52.5,52139,52138,50,2.340984996408224,0.3076069988310337,1.937942928634584,0.09543506894260645,3.5121036541308537,50.0,0,0.19515853834765853,0.0,1.4250781992536933e-06,99.2618408203125,15.265803337097168,181.59961981192464,0
1051,52141,52.550000000000004,52140,52139,50,2.54293205216527,0.42580009903758764,2.002332010306418,0.11479994282126427,3.5084552475681847,50.0,0,0.19661790097272613,0.0,5.697958972942518e-06,99.26065063476562,15.44129753112793,181.77511804417009,0
1052,52142,52.6,52141,52140,50,2.622855012305081,0.4257429391145706,2.0982880378142,0.09882403537631035,3.5121036567977924,50.0,0,0.19515853728088306,0.0,5.697958972942518e-06,99.25945281982422,15.616823196411133,181.95064779237146,0
1053,52143,52.650000000000006,52142,52141,50,2.290845033712685,0.29977899976074696,1.899458933621645,0.09160710033029318,3.508454822895465,50.0,0,0.19661807084181399,0.0,9.941829477319776e-06,99.25826263427734,15.792317390441895,182.1261460246169,0
1054,52144,52.7,52143,52142,50,2.535369014367461,0.3120560431852937,2.113117021508515,0.11019594967365265,3.512103729115348,50.0,0,0.19515850835386087,0.0,-8.16560646101973e-06,99.25704193115234,15.967844009399414,182.30167689040536,0
1055,52145,52.75,52144,52143,50,2.5514160515740514,0.2874659840017557,2.151576103642583,0.11237396392971277,3.5084546915719153,50.0,0,0.1966181233712339,0.0,-1.2427599006865576e-05,99.25584411621094,16.143339157104492,182.4771761210286,0
1056,52146,52.800000000000004,52145,52144,50,2.7773069450631738,0.421693897806108,2.2625260753557086,0.09308697190135717,3.512103189550425,50.0,0,0.19515872417983005,0.0,4.591396944991049e-06,99.25467681884766,16.318864822387695,182.65270567551488,0
1057,52147,52.85,52146,52145,50,2.411652007140219,0.30727603007107973,2.01320496853441,0.09117100853472948,3.508454278528009,50.0,0,0.19661828858879637,0.0,8.84614537931932e-06,99.25348663330078,16.49435806274414,182.828202954086,0
1058,52148,52.900000000000006,52147,52146,50,2.455148031003773,0.32884604297578335,2.0356379682198167,0.09066401980817318,3.5121029743029935,50.0,0,0.19515881027880264,0.0,4.598652343008219e-06,99.25228118896484,16.669885635375977,183.00373466924066,0
1059,52149,52.95,52148,52147,50,2.7966259513050318,0.4475959576666355,2.2583460668101907,0.09068392682820559,3.508454349790839,50.0,0,0.19661826008366445,0.0,8.853404834888114e-06,99.25109100341797,16.845378875732422,183.1792319478118,0
1060,52150,53.0,52149,52148,50,2.669246052391827,0.29205402825027704,2.236371045000851,0.1408209791406989,3.5121037265233386,50.0,0,0.1951585093906646,0.0,-3.910853305320354e-06,99.24987030029297,17.020904541015625,183.35476185992593,0
1061,52151,53.050000000000004,52150,52149,50,2.452713088132441,0.3002149751409888,2.041685045696795,0.11081306729465723,3.508455705121531,50.0,0,0.1966177179513876,0.0,3.3664828843750593e-07,99.2486801147461,17.196399688720703,183.5302610458457,0
1062,52152,53.1,52151,52150,50,2.5051500415429473,0.30519196297973394,2.055182005278766,0.1447760732844472,3.5121045692180033,50.0,0,0.1951581723127987,0.0,-3.910853305320354e-06,99.24747467041016,17.371925354003906,183.7057908536517,0
1063,52153,53.150000000000006,52152,52151,50,2.463551005348563,0.341102946549654,2.0288150990381837,0.0936329597607255,3.508455918006485,50.0,0,0.19661763279740596,0.0,3.3664828843750593e-07,99.24628448486328,17.547420501708984,183.88129003957147,0
1064,52154,53.2,52153,52152,50,2.744787954725325,0.3111159894615412,2.324345987290144,0.10932597797363997,3.512104801155802,50.0,0,0.1951580795376792,0.0,-3.918100588728329e-06,99.24508666992188,17.722946166992188,184.05681978777284,0
1065,52155,53.25,52154,52153,50,2.727770945057273,0.32802694477140903,2.308619092218578,0.09112490806728601,3.5084556781971954,50.0,0,0.19661772872112185,0.0,3.3664828843750593e-07,99.243896484375,17.898441314697266,184.2323189736926,0
1066,52156,53.300000000000004,52155,52154,50,2.6117039378732443,0.2920710248872638,2.224972005933523,0.09466090705245733,3.512104562806216,50.0,0,0.19515817487751352,0.0,-3.903605450121514e-06,99.24269104003906,18.07396697998047,184.40784878149861,0
1067,52157,53.35,52156,52155,50,2.9555129585787654,0.44932402670383453,2.417268930003047,0.08892000187188387,3.5084556784637506,50.0,0,0.19661772861449978,0.0,3.4389962939795755e-07,99.24150085449219,18.249462127685547,184.58334796741838,0
1068,52158,53.400000000000006,52157,52156,50,2.67049390822649,0.3073359839618206,2.247784985229373,0.11537293903529644,3.5121045629585734,50.0,0,0.19515817481657063,0.0,3.3664828843750593e-07,99.24030303955078,18.42498779296875,184.75887771561975,0
1069,52159,53.45,52158,52157,50,2.4920159485191107,0.307022943161428,2.0951450569555163,0.08984794840216637,3.5084557290028817,50.0,0,0.19661770839884732,0.0,4.598652343008219e-06,99.2391128540039,18.600481033325195,184.93437499419088,0
1070,52160,53.5,52159,52158,50,2.695910050533712,0.3132940037176013,2.2781890584155917,0.1044269884005189,3.5121046257034116,50.0,0,0.19515814971863535,0.0,3.2939696132691714e-07,99.23790740966797,18.77600860595703,185.10990670934552,0
1071,52161,53.550000000000004,52160,52159,50,2.506699995137751,0.3068470396101475,2.1055019460618496,0.09435100946575403,3.508455743668677,50.0,0,0.19661770253252922,0.0,4.598652343008219e-06,99.2367172241211,18.951501846313477,185.28540398791665,0
1072,52162,53.6,52161,52160,50,2.3844270035624504,0.3084879135712981,1.9843070767819881,0.09163201320916414,3.5121048679014613,50.0,0,0.1951580528394155,0.0,3.4389962939795755e-07,99.23551177978516,19.12702751159668,185.46093379572267,0
1073,52163,53.650000000000006,52162,52161,50,2.697154995985329,0.4183589480817318,2.172849024645984,0.10594702325761318,3.508455982627742,50.0,0,0.19661760694890323,0.0,3.511509385831361e-07,99.23432159423828,19.302522659301758,185.63643298164243,0
1074,52164,53.7,52163,52162,50,2.7007099706679583,0.30525901820510626,2.281786990351975,0.11366396211087704,3.512105054690878,50.0,0,0.19515797812364877,0.0,3.3664828843750593e-07,99.23312377929688,19.478050231933594,185.81196463719243,0
1075,52165,53.75,52164,52163,50,2.4314889451488853,0.3090489190071821,2.027450012974441,0.09499001316726208,3.508456447441693,50.0,0,0.19661742102332289,0.0,4.591396944991049e-06,99.23193359375,19.653545379638672,185.9874638231122,0
1076,52166,53.800000000000004,52165,52164,50,2.543461974710226,0.2923819702118635,2.13787704706192,0.11320295743644238,3.512105103685302,50.0,0,0.19515795852587914,0.0,3.4389962939795755e-07,99.23072814941406,19.829071044921875,186.1629936309182,0
1077,52167,53.85,52166,52165,50,2.7078649727627635,0.30388496816158295,2.3107760353013873,0.09320396929979324,3.508455505814325,50.0,0,0.19661779767426993,0.0,4.591396944991049e-06,99.22953796386719,20.004566192626953,186.33849281683797,0
1078,52168,53.900000000000006,52167,52166,50,2.763389959000051,0.42834493797272444,2.1991711109876633,0.13587391003966331,3.5121043912659196,50.0,0,0.1951582434936322,0.0,4.591396944991049e-06,99.22834014892578,20.180091857910156,186.51402256503934,0
1079,52169,53.95,52168,52167,50,2.4170790566131473,0.2937969984486699,2.011951059103012,0.11133099906146526,3.508454841426958,50.0,0,0.19661806342921687,0.0,8.84614537931932e-06,99.2271499633789,20.355581283569336,186.6895160289132,0
1080,52170,54.0,52169,52168,50,2.634298987686634,0.30864099971950054,2.2342019947245717,0.09145599324256182,3.512103505428805,50.0,0,0.1951585978284781,0.0,-3.910853305320354e-06,99.2259292602539,20.531105041503906,186.8650440336787,0
1081,52171,54.050000000000004,52170,52169,50,2.437512041069567,0.3108710516244173,1.9959049532189965,0.13073603622615337,3.5084545281897013,50.0,0,0.1966181887241195,0.0,-8.16560646101973e-06,99.22472381591797,20.706594467163086,187.0405376018607,0
1082,52172,54.1,52171,52170,50,2.450985019095242,0.3391390200704336,2.0189769566059113,0.09286904241889715,3.5121035234253584,50.0,0,0.19515859062985666,0.0,-1.2427599006865576e-05,99.22352600097656,20.882118225097656,187.21606544271344,0
1083,52173,54.150000000000006,52172,52171,50,2.476187073625624,0.300124054774642,2.087531960569322,0.08853105828166008,3.508454359199694,50.0,0,0.19661825632012242,0.0,3.511509385831361e-07,99.22235107421875,21.057607650756836,187.39155880227918,0
1084,52174,54.2,52173,52172,50,2.7423889841884375,0.48240902833640575,2.1585950162261724,0.10138493962585926,3.512103325167459,50.0,0,0.19515866993301645,0.0,4.591396944991049e-06,99.22116088867188,21.233131408691406,187.56708659842843,0
1085,52175,54.25,52174,52173,50,2.3589340271428227,0.2979530254378915,1.975403050892055,0.08557795081287622,3.508454321495246,50.0,0,0.19661827140190163,0.0,8.84614537931932e-06,99.219970703125,21.408620834350586,187.7425800623023,0
1086,52176,54.300000000000004,52175,52174,50,3.649823018349707,0.45395095366984606,3.082375042140484,0.11349702253937721,3.5121030019079846,50.0,0,0.19515879923680615,0.0,3.2939696132691714e-07,99.21875762939453,21.584144592285156,187.91810800746316,0
1087,52177,54.35,52176,52175,50,2.643384039402008,0.295668956823647,2.2538379998877645,0.09387708269059658,3.508454795883187,50.0,0,0.19661808164672526,0.0,3.3664828843750593e-07,99.21755981445312,21.759634017944336,188.0936015160405,0
1088,52178,54.400000000000006,52177,52176,50,2.4910559877753258,0.30187296215444803,2.099117962643504,0.0900650629773736,3.512103859413336,50.0,0,0.19515845623466568,0.0,-3.910853305320354e-06,99.21635437011719,21.935157775878906,188.2691294164979,0
1089,52179,54.45,52178,52177,50,2.5082059437409043,0.31102995853871107,2.0999800181016326,0.09719596710056067,3.508454722831534,50.0,0,0.19661811086738634,0.0,3.4389962939795755e-07,99.21516418457031,22.110647201538086,188.44462288037175,0
1090,52180,54.5,52179,52178,50,2.4835349759086967,0.29719993472099304,2.094515017233789,0.09182002395391464,3.512103603402869,50.0,0,0.19515855863885234,0.0,3.4389962939795755e-07,99.2139663696289,22.286170959472656,188.6201507212245,0
1091,52181,54.550000000000004,52180,52179,50,2.738376031629741,0.3042949829250574,2.325905952602625,0.10817509610205889,3.5084547691546812,50.0,0,0.19661809233812752,0.0,-3.910853305320354e-06,99.2127685546875,22.461660385131836,188.79564422980184,0
1092,52182,54.6,52181,52180,50,2.380706020630896,0.3127849195152521,1.975847058929503,0.09207404218614101,3.5121035627681434,50.0,0,0.19515857489274266,0.0,-3.918100588728329e-06,99.2115707397461,22.637184143066406,188.97117207065457,0
1093,52183,54.650000000000006,52182,52181,50,2.537268912419677,0.31156500335782766,2.1338548976927996,0.09184901136904955,3.5084547089841838,50.0,0,0.1966181164063265,0.0,3.5840213540561157e-07,99.21038055419922,22.812673568725586,189.14666553452844,0
1094,52184,54.7,52183,52182,50,2.6281879981979728,0.31122996006160975,2.225975040346384,0.09098299778997898,3.51210383869259,50.0,0,0.1951584645229641,0.0,-3.918100588728329e-06,99.20917510986328,22.988197326660156,189.32219343498582,0
1095,52185,54.75,52184,52183,50,2.59754597209394,0.30909094493836164,2.1934210089966655,0.09503401815891266,3.5084554321814414,50.0,0,0.19661782712742346,0.0,3.2939696132691714e-07,99.2079849243164,23.163686752319336,189.49768689885968,0
1096,52186,54.800000000000004,52185,52184,50,2.6073349872604012,0.3061019815504551,2.1885710302740335,0.11266197543591261,3.512104316585114,50.0,0,0.1951582733659544,0.0,3.3664828843750593e-07,99.206787109375,23.339210510253906,189.67321473971242,0
1097,52187,54.85,52186,52185,50,2.7045340975746512,0.31186104752123356,2.252644975669682,0.14002807438373566,3.508584470609855,50.0,0,0.196566211756058,0.0,4.584141560332279e-06,99.20559692382812,23.514705657958984,189.84871392563218,0
1098,52188,54.900000000000006,52187,52186,50,2.58497497998178,0.31289004255086184,2.1484800381585956,0.12360489927232265,3.512418624067876,50.0,0,0.19503255037284967,0.0,3.3664828843750593e-07,99.20439147949219,23.69024658203125,190.02425899222726,0
1099,52189,54.95,52188,52187,50,2.5966520188376307,0.3070429665967822,2.171865082345903,0.11774396989494562,3.5088608197770257,50.0,0,0.19645567208918974,0.0,4.598652343008219e-06,99.20320129394531,23.865758895874023,190.19977534428472,0
1100,52190,55.0,52189,52188,50,2.4572350084781647,0.3576880553737283,1.9847849616780877,0.11476199142634869,3.5125337870139868,50.0,0,0.1949864851944053,0.0,3.4389962939795755e-07,99.2020034790039,24.04130744934082,190.37532798066968,0
1101,52191,55.050000000000004,52190,52189,50,2.6257779682055116,0.34497096203267574,2.181907999329269,0.0988990068435669,3.508869643446895,50.0,0,0.19645214262124197,0.0,3.4389962939795755e-07,99.2008056640625,24.216821670532227,190.55084628477925,0
1102,52192,55.1,52191,52190,50,2.507057972252369,0.30794693157076836,2.1096999989822507,0.08941104169934988,3.5124765136213023,50.0,0,0.1950093945514791,0.0,3.4389962939795755e-07,99.1996078491211,24.392370223999023,190.72639892116422,0
1103,52193,55.150000000000006,52192,52191,50,2.893415978178382,0.3145689843222499,2.44497403036803,0.13387296348810196,3.508776408216046,50.0,0,0.19648943671358163,0.0,4.584141560332279e-06,99.19841766357422,24.567882537841797,190.90191527322168,0
1104,52194,55.2,52193,52192,50,2.7340450324118137,0.43225998524576426,2.2152040619403124,0.0865809852257371,3.512369272251512,50.0,0,0.19505229109939518,0.0,3.2939696132691714e-07,99.19721221923828,24.743419647216797,191.0774565251195,0
1105,52195,55.25,52194,52193,50,2.4766490096226335,0.30944403260946274,2.076250035315752,0.09095494169741869,3.5086674580662844,50.0,0,0.19653301677348622,0.0,4.598652343008219e-06,99.1960220336914,24.918920516967773,191.25296143308515,0
1106,52196,55.300000000000004,52195,52194,50,2.8865840286016464,0.4343329928815365,2.363177016377449,0.0890740193426609,3.5122681826347226,50.0,0,0.19509272694611096,0.0,4.598652343008219e-06,99.19482421875,25.094457626342773,191.42850262537831,0
1107,52197,55.35,52196,52195,50,2.620739978738129,0.4104659892618656,2.113186987116933,0.09708700235933065,3.508578100991622,50.0,0,0.19656875960335116,0.0,8.84614537931932e-06,99.19363403320312,25.26995849609375,191.60400753334397,0
1108,52198,55.400000000000006,52197,52196,50,2.5892480043694377,0.3006509505212307,2.195859095081687,0.09273795876652002,3.5121919551132827,50.0,0,0.1951232179546869,0.0,-3.918100588728329e-06,99.19241333007812,25.44549560546875,191.77954888954991,0
1109,52199,55.45,52198,52197,50,2.482597017660737,0.2970449859276414,2.076097996905446,0.1094540348276496,3.5085157987667235,50.0,0,0.1965936804933106,0.0,-8.172849687370128e-06,99.19120788574219,25.620994567871094,191.95505199447507,0
1110,52200,55.5,52199,52198,50,2.5260739494115114,0.2929359907284379,2.1215559681877494,0.11158199049532413,3.5121435751802794,50.0,0,0.19514256992788825,0.0,-1.2420359838068506e-05,99.19001007080078,25.796520233154297,192.13058174267644,0
1111,52201,55.550000000000004,52200,52199,50,2.4070829385891557,0.3076869761571288,1.9972269656136632,0.10216899681836367,3.5084793901223668,50.0,0,0.1966082439510533,0.0,3.511509385831361e-07,99.18883514404297,25.972013473510742,192.30607891693944,0
1112,52202,55.6,52201,52200,50,2.6378839975222945,0.3117120359092951,2.209426020272076,0.11674594134092331,3.5121159556136727,50.0,0,0.1951536177545309,0.0,4.591396944991049e-06,99.1876449584961,26.147539138793945,192.48160862043733,0
1113,52203,55.650000000000006,52202,52201,50,2.690640976652503,0.44684403110295534,2.140522003173828,0.10327494237571955,3.5084590850324124,50.0,0,0.19661636598703502,0.0,8.853404834888114e-06,99.18645477294922,26.323026657104492,192.65710017696256,0
1114,52204,55.7,52203,52202,50,2.652812981978059,0.29438792262226343,2.2658450761809945,0.09257998317480087,3.512102520952966,50.0,0,0.19515899161881356,0.0,3.4389962939795755e-07,99.18524169921875,26.498552322387695,192.83263002947206,0
1115,52205,55.75,52204,52203,50,2.487033954821527,0.30814693309366703,2.0882830722257495,0.09060394950211048,3.5084502611211152,50.0,0,0.1966198955515539,0.0,3.4389962939795755e-07,99.18404388427734,26.674039840698242,193.00812163070077,0
1116,52206,55.800000000000004,52205,52204,50,2.550631994381547,0.32841390930116177,2.1110509987920523,0.11116708628833294,3.512097415620626,50.0,0,0.19516103375174954,0.0,-3.910853305320354e-06,99.1828384399414,26.849565505981445,193.18365143850679,0
1117,52207,55.85,52206,52205,50,2.5298140244558454,0.29871403239667416,2.0739800529554486,0.15711993910372257,3.508448041072191,50.0,0,0.19662078357112361,0.0,3.511509385831361e-07,99.18164825439453,27.025053024291992,193.35914299503202,0
1118,52208,55.900000000000006,52207,52206,50,2.4450219934806228,0.30630105175077915,2.0320250187069178,0.10669592302292585,3.51209716131198,50.0,0,0.195161135475208,0.0,3.4389962939795755e-07,99.18045043945312,27.200578689575195,193.5346727432334,0
1119,52209,55.95,52208,52207,50,2.360651968047023,0.3102080663666129,1.9088319968432188,0.1416119048371911,3.5084488051086966,50.0,0,0.19662047795652138,0.0,-3.910853305320354e-06,99.17925262451172,27.376066207885742,193.7101643444621,0
1120,52210,56.0,52209,52208,50,2.3398679913952947,0.3192019648849964,1.9316520774737,0.0890139490365982,3.512097837453468,50.0,0,0.19516086501861274,0.0,-3.918100588728329e-06,99.17805480957031,27.551591873168945,193.88569409266347,0
1121,52211,56.050000000000004,52210,52209,50,2.6212410302832723,0.3194781020283699,2.2140699438750744,0.08769298437982798,3.5084497001778927,50.0,0,0.19662011992884293,0.0,3.4389962939795755e-07,99.17686462402344,27.727079391479492,194.0611856491887,0
1122,52212,56.1,52211,52210,50,2.6244480395689607,0.29557303059846163,2.238509012386203,0.09036599658429623,3.512099068159399,50.0,0,0.19516037273624037,0.0,-3.910853305320354e-06,99.1756591796875,27.902605056762695,194.23671545699472,0
1123,52213,56.150000000000006,52212,52211,50,2.6151550700888038,0.3103060880675912,2.2039299365133047,0.10091904550790787,3.508450901241797,50.0,0,0.1966196395032812,0.0,3.511509385831361e-07,99.17446899414062,28.078092575073242,194.41220701351995,0
1124,52214,56.2,52213,52212,50,2.499643014743924,0.31983794178813696,2.0679380977526307,0.11186697520315647,3.5121005011639244,50.0,0,0.19515979953443027,0.0,3.511509385831361e-07,99.17327117919922,28.253618240356445,194.58773676172132,0
1125,52215,56.25,52214,52213,50,2.666432992555201,0.3252930473536253,2.240189933218062,0.10095001198351383,3.5084523831071026,50.0,0,0.19661904675715897,0.0,4.620413674156832e-06,99.17208099365234,28.429105758666992,194.76322831824655,0
1126,52216,56.300000000000004,52215,52214,50,2.517788903787732,0.30606298241764307,2.0996020175516605,0.11212390381842852,3.5121017561232852,50.0,0,0.19515929755068592,0.0,3.511509385831361e-07,99.1708755493164,28.604631423950195,194.93875812605256,0
1127,52217,56.35,52216,52215,50,2.4427699390798807,0.29877794440835714,2.050959039479494,0.09303295519202948,3.5084543048352037,50.0,0,0.19661827806591853,0.0,3.656533391627107e-07,99.16968536376953,28.780118942260742,195.1142496825778,0
1128,52218,56.400000000000006,52217,52216,50,2.186186029575765,0.2969140186905861,1.7771610291674733,0.11211098171770573,3.512103854436015,50.0,0,0.195158458225594,0.0,3.3664828843750593e-07,99.16848754882812,28.955644607543945,195.28977943077916,0
1129,52219,56.45,52218,52217,50,2.454634988680482,0.31377002596855164,2.0400340436026454,0.10083091910928488,3.508455963086287,50.0,0,0.19661761476548528,0.0,3.3664828843750593e-07,99.16728973388672,29.131132125854492,195.46527103200788,0
1130,52220,56.5,52219,52218,50,2.782425028271973,0.43496303260326385,2.254561986774206,0.09290000889450312,3.5121050431365295,50.0,0,0.1951579827453882,0.0,3.3664828843750593e-07,99.16609191894531,29.306657791137695,195.64080078020925,0
1131,52221,56.550000000000004,52220,52219,50,2.5664890417829156,0.30345492996275425,2.1527920616790652,0.11024205014109612,3.508455961334266,50.0,0,0.19661761546629358,0.0,4.605907216327156e-06,99.16490173339844,29.482145309448242,195.81629233673448,0
1132,52222,56.6,52221,52220,50,2.8118849731981754,0.3084170166403055,2.4089949438348413,0.09447301272302866,3.5121043790982873,50.0,0,0.19515824836068507,0.0,3.511509385831361e-07,99.1636962890625,29.657670974731445,195.9918221445405,0
1133,52223,56.650000000000006,52222,52221,50,2.5318519910797477,0.3005040343850851,2.1262679947540164,0.10507996194064617,3.5084557348690355,50.0,0,0.19661770605238582,0.0,4.620413674156832e-06,99.16250610351562,29.833158493041992,196.16731370106572,0
1134,52224,56.7,52223,52222,50,2.568906988017261,0.30483200680464506,2.1732309833168983,0.09084399789571762,3.512104620711903,50.0,0,0.19515815171523876,0.0,4.605907216327156e-06,99.16130828857422,30.008684158325195,196.3428434492671,0
1135,52225,56.75,52224,52223,50,2.4321109522134066,0.30979595612734556,2.0301881013438106,0.09212689474225044,3.5084565017443943,50.0,0,0.1966173993022423,0.0,8.875173899100146e-06,99.16011810302734,30.184171676635742,196.51833500579232,0
1136,52226,56.800000000000004,52225,52224,50,2.24007701035589,0.3051899839192629,1.8446630565449595,0.09022396989166737,3.5121049277239846,50.0,0,0.19515802891040615,0.0,-8.158361949210899e-06,99.15889739990234,30.359697341918945,196.69386491790647,0
1137,52227,56.85,52226,52225,50,2.5954319862648845,0.30508090276271105,2.1812060149386525,0.10914506856352091,3.508455900770065,50.0,0,0.19661763969197407,0.0,-8.143867663627681e-06,99.15769958496094,30.535184860229492,196.86935651913518,0
1138,52228,56.900000000000006,52227,52226,50,2.650321926921606,0.30110194347798824,2.261728048324585,0.08749193511903286,3.5121046916484038,50.0,0,0.1951581233406385,0.0,4.605907216327156e-06,99.15652465820312,30.710710525512695,197.04488611832494,0
1139,52229,56.95,52228,52227,50,2.403473947197199,0.3265589475631714,1.9900330808013678,0.08688191883265972,3.5084552672997598,50.0,0,0.1966178930800961,0.0,4.605907216327156e-06,99.15532684326172,30.886198043823242,197.22037771955365,0
1140,52230,57.0,52229,52228,50,2.4391369661316276,0.2988280029967427,2.044475986622274,0.09583297651261091,3.51210390402494,50.0,0,0.195158438390024,0.0,4.605907216327156e-06,99.15412902832031,31.061723709106445,197.39590746775502,0
1141,52231,57.050000000000004,52230,52229,50,2.4920529685914516,0.3021199954673648,2.101779915392399,0.08815305773168802,3.5084548293984623,50.0,0,0.1966180682406151,0.0,8.84614537931932e-06,99.15293884277344,31.237211227416992,197.57139902428025,0
1142,52232,57.1,52231,52230,50,2.2853570990264416,0.2788359997794032,1.9178850343450904,0.08863606490194798,3.512103015197895,50.0,0,0.19515879392084196,0.0,-3.903605450121514e-06,99.15171813964844,31.412736892700195,197.7469289363944,0
1143,52233,57.150000000000006,52232,52231,50,2.6429740246385336,0.29982009436935186,2.2360869916155934,0.1070669386535883,3.5084542780201886,50.0,0,0.19661828879192456,0.0,-8.158361949210899e-06,99.1505126953125,31.588224411010742,197.92242059722776,0
1144,52234,57.2,52233,52232,50,2.6377009926363826,0.3000260330736637,2.222534967586398,0.11513999197632074,3.5121032731100192,50.0,0,0.19515869075599232,0.0,-3.903605450121514e-06,99.14932250976562,31.763750076293945,198.09795030072564,0
1145,52235,57.25,52234,52233,50,2.440802054479718,0.3057710127905011,2.0436709746718407,0.09136006701737642,3.50845469304407,50.0,0,0.19661812278237198,0.0,-3.918100588728329e-06,99.14813232421875,31.939237594604492,198.27344185725087,0
1146,52236,57.300000000000004,52235,52234,50,2.397437929175794,0.3000509459525347,1.9983879756182432,0.09899900760501623,3.512103540760422,50.0,0,0.19515858369583122,0.0,-3.9253478582903105e-06,99.14693450927734,32.11476135253906,198.4489696981036,0
1147,52237,57.35,52236,52235,50,2.533663995563984,0.30559999868273735,2.1195400040596724,0.10852399282157421,3.508454462791047,50.0,0,0.1966182148835813,0.0,-3.9253478582903105e-06,99.14573669433594,32.29024887084961,198.62446129933232,0
1148,52238,57.400000000000006,52237,52236,50,2.4369279853999615,0.28974993620067835,2.053098054602742,0.09407999459654093,3.5121035438443666,50.0,0,0.19515858246225337,0.0,-3.910853305320354e-06,99.14453887939453,32.46577453613281,198.7999910475337,0
1149,52239,57.45,52238,52237,50,2.53887299913913,0.3129090182483196,2.1274059545248747,0.0985580263659358,3.5084551794769894,50.0,0,0.19661792820920426,0.0,3.4389962939795755e-07,99.14334869384766,32.64126205444336,198.97548260405893,0
1150,52240,57.5,52239,52238,50,2.496018074452877,0.32153900247067213,2.0624890457838774,0.11199002619832754,3.512104311799026,50.0,0,0.1951582752803896,0.0,-3.910853305320354e-06,99.14214324951172,32.81678771972656,199.15101241186494,0
1151,52241,57.550000000000004,52240,52239,50,2.7293689781799912,0.44947105925530195,2.179862931370735,0.10003498755395412,3.508455430708858,50.0,0,0.1966178277164568,0.0,3.4389962939795755e-07,99.14095306396484,32.99227523803711,199.32650396839017,0
1152,52242,57.6,52241,52240,50,2.526908996514976,0.2956610405817628,2.118239994160831,0.11300796177238226,3.5121043154934073,50.0,0,0.1951582738026371,0.0,3.5840213540561157e-07,99.13975524902344,33.16780090332031,199.50203371659154,0
1153,52243,57.650000000000006,52242,52241,50,2.4903989396989346,0.2963509177789092,2.1046200999990106,0.08942792192101479,3.508455959099564,50.0,0,0.19661761636017447,0.0,4.598652343008219e-06,99.13856506347656,33.34328842163086,199.67752527311677,0
1154,52244,57.7,52243,52242,50,3.0293610179796815,0.2942369319498539,2.621716004796326,0.11340808123350143,3.5121046168892307,50.0,0,0.19515815324430774,0.0,-3.910853305320354e-06,99.13735961914062,33.51881408691406,199.8530550809228,0
1155,52245,57.75,52244,52243,50,2.715829061344266,0.4267770564183593,2.1886209724470973,0.10043103247880936,3.5084563995545115,50.0,0,0.1966174401781954,0.0,3.4389962939795755e-07,99.13616943359375,33.69430160522461,200.02854663744802,0
1156,52246,57.800000000000004,52245,52244,50,2.4914880050346255,0.28831500094383955,2.091163070872426,0.11200993321835995,3.512105034465004,50.0,0,0.19515798621399832,0.0,3.4389962939795755e-07,99.13497161865234,33.86982727050781,200.2040763856494,0
1157,52247,57.85,52246,52245,50,2.294115023687482,0.3072170075029135,1.8790330504998565,0.10786496568471193,3.5084559600137113,50.0,0,0.1966176159945155,0.0,3.4389962939795755e-07,99.13377380371094,34.04531478881836,200.3795679868781,0
1158,52248,57.900000000000006,52247,52246,50,2.5072989519685507,0.33105898182839155,2.057952922768891,0.11828704737126827,3.5121050422858895,50.0,0,0.19515798308564422,0.0,3.4389962939795755e-07,99.13257598876953,34.22084045410156,200.55509773507947,0
1159,52249,57.95,52248,52247,50,2.61268496979028,0.2913490170612931,2.211499959230423,0.10983599349856377,3.5084557234924616,50.0,0,0.19661771060301536,0.0,4.584141560332279e-06,99.13138580322266,34.39632797241211,200.7305892916047,0
1160,52250,58.0,52249,52248,50,2.5539210764691234,0.29042805545032024,2.1691969595849514,0.09429606143385172,3.512104617117603,50.0,0,0.19515815315295876,0.0,3.4389962939795755e-07,99.13018035888672,34.57185363769531,200.90611909941072,0
1161,52251,58.050000000000004,52250,52249,50,2.5656039360910654,0.2988409250974655,2.1485419711098075,0.1182210398837924,3.50845573531345,50.0,0,0.1966177058746201,0.0,4.584141560332279e-06,99.12899017333984,34.74734115600586,201.08161065593595,0
1162,52252,58.1,52251,52250,50,2.469783998094499,0.29379501938819885,2.088619046844542,0.08736993186175823,3.512104620508691,50.0,0,0.19515815179652363,0.0,4.598652343008219e-06,99.12779235839844,34.92286682128906,201.25714040413732,0
1163,52253,58.150000000000006,52252,52251,50,2.5159961078315973,0.2983240410685539,2.1267610136419535,0.09091105312108994,3.508455786632302,50.0,0,0.19661768534707919,0.0,4.598652343008219e-06,99.12660217285156,35.09835433959961,201.43263196066255,0
1164,52254,58.2,52253,52252,50,2.580579021014273,0.4111180314794183,2.077998942695558,0.09146204683929682,3.5121043940984364,50.0,0,0.19515824236062543,0.0,3.5840213540561157e-07,99.12539672851562,35.27388000488281,201.60816176846856,0
1165,52255,58.25,52254,52253,50,3.5377329913899302,0.29698002617806196,3.1314159277826548,0.10933703742921352,3.508455262525248,50.0,0,0.19661789498990087,0.0,4.598652343008219e-06,99.12420654296875,35.44936752319336,201.7836533249938,0
1166,52256,58.300000000000004,52255,52254,50,2.49890994746238,0.307731912471354,2.0974810468032956,0.09369698818773031,3.5121043834038392,50.0,0,0.19515824663846432,0.0,4.598652343008219e-06,99.12300872802734,35.62489318847656,201.95918307319516,0
1167,52257,58.35,52256,52255,50,2.611615927889943,0.29893696773797274,2.2202859399840236,0.09239302016794682,3.5084548328277267,50.0,0,0.1966180668689093,0.0,4.598652343008219e-06,99.12181091308594,35.80038070678711,202.13467467442388,0
1168,52258,58.400000000000006,52257,52256,50,3.3821259858086705,0.31674199271947145,2.9660379514098167,0.09934604167938232,3.5121039177168782,50.0,0,0.19515843291324872,0.0,4.598652343008219e-06,99.12061309814453,35.97590637207031,202.31020442262525,0
1169,52259,58.45,52258,52257,50,2.6465950068086386,0.31708902679383755,2.2353259846568108,0.09417999535799026,3.5084555510644337,50.0,0,0.19661777957422652,0.0,8.853404834888114e-06,99.11942291259766,36.15139389038086,202.48569597915048,0
1170,52260,58.5,52259,52258,50,3.16630897577852,0.2994840033352375,2.746485988609493,0.12033898383378983,3.5121044519906692,50.0,0,0.19515821920373233,0.0,-3.910853305320354e-06,99.11820220947266,36.32691955566406,202.66122589126462,0
1171,52261,58.550000000000004,52260,52259,50,2.2869169479236007,0.29023492243140936,1.8826400628313422,0.1140419626608491,3.5084554746558516,50.0,0,0.19661781013765936,0.0,-1.2434838161824386e-05,99.11699676513672,36.50240707397461,202.83671755209798,0
1172,52262,58.6,52261,52260,50,2.6150400517508388,0.33160008024424314,2.1660670172423124,0.11737295426428318,3.512104177258056,50.0,0,0.19515832909677755,0.0,3.4389962939795755e-07,99.1158218383789,36.67793273925781,203.01224715128774,0
1173,52263,58.650000000000006,52262,52261,50,2.350101014599204,0.276917009614408,1.9644320709630847,0.10875193402171135,3.5084552084920975,50.0,0,0.19661791660316102,0.0,3.2939696132691714e-07,99.1146240234375,36.85342025756836,203.18773875251645,0
1174,52264,58.7,52263,52262,50,2.491318038664758,0.3056139685213566,2.0914890337735415,0.09421503636986017,3.512103599390981,50.0,0,0.1951585602436076,0.0,3.2939696132691714e-07,99.1134262084961,37.02894592285156,203.36326850071782,0
1175,52265,58.75,52264,52263,50,2.7846419252455235,0.4481369396671653,2.2245360305532813,0.11196895502507687,3.508454524012687,50.0,0,0.19661819039492523,0.0,4.598652343008219e-06,99.11223602294922,37.20443344116211,203.53876005724305,0
1176,52266,58.800000000000004,52265,52264,50,2.594468998722732,0.29971206095069647,2.2028799867257476,0.09187695104628801,3.512103658347256,50.0,0,0.19515853666109761,0.0,3.5840213540561157e-07,99.11103057861328,37.37995910644531,203.71428986504907,0
1177,52267,58.85,52266,52265,50,2.542112022638321,0.320552964694798,2.1234459709376097,0.09811308700591326,3.5084547766331355,50.0,0,0.1966180893467458,0.0,4.613160442022347e-06,99.1098403930664,37.55544662475586,203.8897814215743,0
1178,52268,58.900000000000006,52267,52266,50,2.6250919327139854,0.30001800041645765,2.2068748949095607,0.11819903738796711,3.51210366271619,50.0,0,0.19515853491352397,0.0,4.598652343008219e-06,99.108642578125,37.73097229003906,204.06531116977567,0
1179,52269,58.95,52268,52267,50,3.215695032849908,0.2938630059361458,2.8160869842395186,0.10574504267424345,3.5084553052213,50.0,0,0.19661787791148005,0.0,8.853404834888114e-06,99.10745239257812,37.90645980834961,204.2408027263009,0
1180,52270,59.0,52269,52268,50,2.828237018547952,0.2901999978348613,2.4236110039055347,0.11442601680755615,3.5121030150959305,50.0,0,0.19515879396162783,0.0,-8.16560646101973e-06,99.10623168945312,38.08198547363281,204.41633263841504,0
1181,52271,59.050000000000004,52270,52269,50,2.3781770141795278,0.3019779687747359,1.9639009842649102,0.11229806113988161,3.5084537500395325,50.0,0,0.196618499984187,0.0,-8.16560646101973e-06,99.10503387451172,38.25747299194336,204.59182423964376,0
1182,52272,59.1,52271,52270,50,2.612357959151268,0.29911298770457506,2.2211229661479592,0.09212200529873371,3.5121023024685996,50.0,0,0.1951590790125602,0.0,4.598652343008219e-06,99.1038589477539,38.43299865722656,204.76735383883351,0
1183,52273,59.150000000000006,52272,52271,50,2.310269046574831,0.27394702192395926,1.929925987496972,0.10639603715389967,3.5084531174427833,50.0,0,0.19661875302288667,0.0,4.598652343008219e-06,99.1026611328125,38.60848617553711,204.94284544006223,0
1184,52274,59.2,52273,52272,50,2.428564941510558,0.2964779268950224,2.0416449988260865,0.09044201578944921,3.512102706473108,50.0,0,0.19515891741075678,0.0,4.598652343008219e-06,99.1014633178711,38.78401184082031,205.1183751882636,0
1185,52275,59.25,52274,52273,50,2.5217230431735516,0.4108420107513666,2.014690078794956,0.09619095362722874,3.508454347415783,50.0,0,0.19661826103368674,0.0,8.853404834888114e-06,99.10027313232422,38.95949935913086,205.29386674478883,0
1186,52276,59.300000000000004,52275,52274,50,2.4931459920480847,0.281277927570045,2.1211610874161124,0.09070697706192732,3.512104441533761,50.0,0,0.1951582233864956,0.0,-3.9253478582903105e-06,99.09905242919922,39.13502502441406,205.46939665690297,0
1187,52277,59.35,52276,52275,50,2.483774092979729,0.2919980324804783,2.079635043628514,0.11214101687073708,3.50845570460098,50.0,0,0.19661771815960805,0.0,-3.910853305320354e-06,99.09786224365234,39.31051254272461,205.6448882134282,0
1188,52278,59.400000000000006,52277,52276,50,2.5994080351665616,0.3174450248479843,2.1811630576848984,0.10079995263367891,3.512104756534221,50.0,0,0.19515809738631162,0.0,-8.180092899878404e-06,99.0966567993164,39.48603820800781,205.82041802123422,0
1189,52279,59.45,52278,52277,50,2.625980065204203,0.2996530383825302,2.215471933595836,0.11085509322583675,3.5084563298819713,50.0,0,0.19661746804721147,0.0,3.5840213540561157e-07,99.09547424316406,39.66152572631836,205.9959095181548,0
1190,52280,59.5,52279,52278,50,2.4711890146136284,0.31242193654179573,2.0421859808266163,0.11658109724521637,3.5121047768059923,50.0,0,0.1951580892776031,0.0,3.4389962939795755e-07,99.09427642822266,39.83705139160156,206.17143926635617,0
1191,52281,59.550000000000004,52280,52279,50,2.5837839348241687,0.29629096388816833,2.170359017327428,0.11713395360857248,3.508456428181038,50.0,0,0.1966174287275848,0.0,4.613160442022347e-06,99.09308624267578,40.01253890991211,206.3469308228814,0
1192,52282,59.6,52281,52280,50,2.405142062343657,0.3017630660906434,1.985262962989509,0.1181160332635045,3.512104850831715,50.0,0,0.19515805966731392,0.0,3.4389962939795755e-07,99.09188079833984,40.18806457519531,206.52246063068742,0
1193,52283,59.650000000000006,52282,52281,50,2.5199410738423467,0.30153803527355194,2.1040079882368445,0.11439505033195019,3.5084564461212535,50.0,0,0.1966174215514986,0.0,4.598652343008219e-06,99.09069061279297,40.36355209350586,206.69795218721265,0
1194,52284,59.7,52283,52282,50,2.561126952059567,0.3004849422723055,2.166736056096852,0.09390595369040966,3.5121048539557616,50.0,0,0.1951580584176954,0.0,4.613160442022347e-06,99.08949279785156,40.53907775878906,206.87348193541402,0
1195,52285,59.75,52284,52283,50,2.6048989966511726,0.2986770123243332,2.193988999351859,0.11223298497498035,3.5084564964479408,50.0,0,0.1966174014208237,0.0,4.584141560332279e-06,99.08829498291016,40.71457290649414,207.04898116603727,0
1196,52286,59.800000000000004,52285,52284,50,2.7085590409114957,0.32674800604581833,2.276240033097565,0.10557100176811218,3.512105103012162,50.0,0,0.19515795879513523,0.0,3.4389962939795755e-07,99.08709716796875,40.89010238647461,207.2245147289359,0
1197,52287,59.85,52286,52285,50,2.524486044421792,0.3047339851036668,2.1213459549471736,0.09840610437095165,3.5084557337262625,50.0,0,0.196617706509495,0.0,4.584141560332279e-06,99.08590698242188,41.06560134887695,207.40001772955293,0
1198,52288,59.900000000000006,52287,52286,50,2.636761055327952,0.3174340818077326,2.224021009169519,0.09530596435070038,3.512104615923769,50.0,0,0.19515815363049233,0.0,3.4389962939795755e-07,99.08470153808594,41.24113082885742,207.5755513520562,0
1199,52289,59.95,52288,52287,50,2.5983790401369333,0.30491803772747517,2.201644005253911,0.09181699715554714,3.5084559690538577,50.0,0,0.19661761237845693,0.0,4.598652343008219e-06,99.08351135253906,41.4166259765625,207.75105053797597,0
