id,cloud,reference,speed,horizon,mode,order,template_available,geometry,semantic_equal,packet_bytes,packet_sha256,generation_ms,verification_ms,bookkeeping_ms,acquisition_ms,age_s,conditional_stop,plus_1ms_conditional_stop,physical_movement_authorized
base_0_far_00_v0.0_h0.2,base_0_far_00,2.0,0.0,0.2,json_combined,0,False,False,True,0,,0.0005510000011810234,0.0019540000000262125,0.0002559999998652529,22.415094000002966,0.04241785500000404,False,False,False
base_0_far_00_v0.0_h0.2,base_0_far_00,2.0,0.0,0.2,binary_full,1,False,False,True,0,,0.0001809999989887956,0.0010000000010279564,0.0001619999991930854,22.415094000002966,0.04241643700000218,False,False,False
base_0_far_00_v0.0_h0.2,base_0_far_00,2.0,0.0,0.2,binary_combined,2,False,False,True,0,,0.0001069999999714355,0.00048399999919013226,0.00015100000005929815,22.415094000002966,0.04241583600000219,False,False,False
base_0_far_00_v0.0_h0.3,base_0_far_00,2.0,0.0,0.3,binary_full,0,False,False,True,0,,0.00019899999870176543,0.0004800000006355276,0.00019299999998168005,22.415094000002966,0.04241596600000229,False,False,False
base_0_far_00_v0.0_h0.3,base_0_far_00,2.0,0.0,0.3,binary_combined,1,False,False,True,0,,0.00010900000013691624,0.0003639999999194288,0.00016999999985500835,22.415094000002966,0.04241573700000288,False,False,False
base_0_far_00_v0.0_h0.3,base_0_far_00,2.0,0.0,0.3,json_combined,2,False,False,True,0,,0.00011200000038513735,0.00036500000000216914,0.00016699999960678724,22.415094000002966,0.042415738000002964,False,False,False
base_0_far_00_v0.0_h0.4,base_0_far_00,2.0,0.0,0.4,binary_combined,0,False,False,True,0,,0.00019600000022990116,0.00039699999909714734,0.0005249999990297738,22.415094000002966,0.04241621200000133,False,False,False
base_0_far_00_v0.0_h0.4,base_0_far_00,2.0,0.0,0.4,json_combined,1,False,False,True,0,,0.00012399999960166497,0.0008480000008859179,0.00012699999984988608,22.415094000002966,0.04241619300000331,False,False,False
base_0_far_00_v0.0_h0.4,base_0_far_00,2.0,0.0,0.4,binary_full,2,False,False,True,0,,8.299999976202344e-05,0.00028700000065384756,8.600000001024455e-05,22.415094000002966,0.042415550000003396,False,False,False
base_0_far_00_v0.5_h0.2,base_0_far_00,2.0,0.5,0.2,json_combined,0,False,False,True,0,,0.00012099999935344385,0.0002600000001962144,8.700000009298492e-05,22.415094000002966,0.04241556200000261,False,False,False
base_0_far_00_v0.5_h0.2,base_0_far_00,2.0,0.5,0.2,binary_full,1,False,False,True,0,,6.399999996631323e-05,0.00015400000030751926,8.700000009298492e-05,22.415094000002966,0.04241539900000334,False,False,False
base_0_far_00_v0.5_h0.2,base_0_far_00,2.0,0.5,0.2,binary_combined,2,False,False,True,0,,5.09999988906884e-05,0.00012799999993262645,8.000000129015916e-05,22.415094000002966,0.042415353000003084,False,False,False
base_0_far_00_v0.5_h0.3,base_0_far_00,2.0,0.5,0.3,binary_full,0,False,False,True,0,,0.00016000000080396148,0.00017300000010322947,7.900000120741879e-05,22.415094000002966,0.042415506000005085,False,False,False
base_0_far_00_v0.5_h0.3,base_0_far_00,2.0,0.5,0.3,binary_combined,1,False,False,True,0,,7.100000054549582e-05,0.00014500000133921276,8.09999995965427e-05,22.415094000002966,0.04241539100000445,False,False,False
base_0_far_00_v0.5_h0.3,base_0_far_00,2.0,0.5,0.3,json_combined,2,False,False,True,0,,5.1999998973428774e-05,0.00018000000068241206,9.699999914403179e-05,22.415094000002966,0.04241542300000177,False,False,False
base_0_far_00_v0.5_h0.4,base_0_far_00,2.0,0.5,0.4,binary_combined,0,False,False,True,0,,8.800000017572529e-05,0.00015700000055574037,9.600000083764826e-05,22.415094000002966,0.04241543500000454,False,False,False
base_0_far_00_v0.5_h0.4,base_0_far_00,2.0,0.5,0.4,json_combined,1,False,False,True,0,,5.7999999469871e-05,0.00013699999890093295,7.799999934832158e-05,22.415094000002966,0.04241536700000069,False,False,False
base_0_far_00_v0.5_h0.4,base_0_far_00,2.0,0.5,0.4,binary_full,2,False,False,True,0,,5.4000000915266355e-05,0.0001140000005506181,7.699999926558121e-05,22.415094000002966,0.0424153390000037,False,False,False
base_0_far_00_v1.0_h0.2,base_0_far_00,2.0,1.0,0.2,json_combined,0,False,False,True,0,,0.00010399999972321439,0.0001750000002687102,7.899999943106195e-05,22.415094000002966,0.04241545200000239,False,False,False
base_0_far_00_v1.0_h0.2,base_0_far_00,2.0,1.0,0.2,binary_full,1,False,False,True,0,,5.5000000998006726e-05,0.00012799999993262645,7.599999918284084e-05,22.415094000002966,0.042415353000003084,False,False,False
base_0_far_00_v1.0_h0.2,base_0_far_00,2.0,1.0,0.2,binary_combined,2,False,False,True,0,,5.09999988906884e-05,0.00013400000042906868,7.300000071097656e-05,22.415094000002966,0.042415352000003,False,False,False
base_0_far_00_v1.0_h0.3,base_0_far_00,2.0,1.0,0.3,binary_full,0,False,False,True,0,,9.399999889581068e-05,0.0001590000007212211,8.800000017572529e-05,22.415094000002966,0.04241543500000276,False,False,False
base_0_far_00_v1.0_h0.3,base_0_far_00,2.0,1.0,0.3,binary_combined,1,False,False,True,0,,5.599999930439026e-05,0.00015400000030751926,7.799999934832158e-05,22.415094000002966,0.04241538200000193,False,False,False
base_0_far_00_v1.0_h0.3,base_0_far_00,2.0,1.0,0.3,json_combined,2,False,False,True,0,,5.3999999138909516e-05,0.00015700000055574037,7.799999934832158e-05,22.415094000002966,0.04241538300000201,False,False,False
base_0_far_00_v1.0_h0.4,base_0_far_00,2.0,1.0,0.4,binary_combined,0,False,False,True,0,,0.00010800000005417587,0.0001300000000981072,0.00010499999980595476,22.415094000002966,0.04241543700000293,False,False,False
base_0_far_00_v1.0_h0.4,base_0_far_00,2.0,1.0,0.4,json_combined,1,False,False,True,0,,5.2999999056169145e-05,0.00013500000051180905,8.09999995965427e-05,22.415094000002966,0.042415363000002135,False,False,False
base_0_far_00_v1.0_h0.4,base_0_far_00,2.0,1.0,0.4,binary_full,2,False,False,True,0,,5.4000000915266355e-05,0.0001400000009255109,7.499999910010047e-05,22.415094000002966,0.04241536300000391,False,False,False
base_0_far_01_v0.0_h0.2,base_0_far_01,2.05,0.0,0.2,json_combined,0,False,False,True,0,,0.0001999999987845058,0.0008799999999808961,0.00016699999960678724,11.491152000001392,0.03149239899999977,False,False,False
base_0_far_01_v0.0_h0.2,base_0_far_01,2.05,0.0,0.2,binary_full,1,False,False,True,0,,9.10000004239464e-05,0.00028000000007466497,0.00011300000046787773,11.491152000001392,0.03149163600000236,False,False,False
base_0_far_01_v0.0_h0.2,base_0_far_01,2.05,0.0,0.2,binary_combined,2,False,False,True,0,,7.900000120741879e-05,0.00019199999989893968,8.39999998447638e-05,11.491152000001392,0.03149150700000235,False,False,False
base_0_far_01_v0.0_h0.3,base_0_far_01,2.05,0.0,0.3,binary_full,0,False,False,True,0,,9.400000067216752e-05,0.0001809999989887956,0.00010900000013691624,11.491152000001392,0.031491536000001194,False,False,False
base_0_far_01_v0.0_h0.3,base_0_far_01,2.05,0.0,0.3,binary_combined,1,False,False,True,0,,8.299999976202344e-05,0.00013299999856997147,7.800000112467842e-05,11.491152000001392,0.03149144600000085,False,False,False
base_0_far_01_v0.0_h0.3,base_0_far_01,2.05,0.0,0.3,json_combined,2,False,False,True,0,,5.5000000998006726e-05,0.00017300000010322947,7.899999943106195e-05,11.491152000001392,0.03149145900000193,False,False,False
base_0_far_01_v0.0_h0.4,base_0_far_01,2.05,0.0,0.4,binary_combined,0,False,False,True,0,,0.00012499999968440534,0.0001400000009255109,9.399999889581068e-05,11.491152000001392,0.0314915110000009,False,False,False
base_0_far_01_v0.0_h0.4,base_0_far_01,2.05,0.0,0.4,json_combined,1,False,False,True,0,,5.2999999056169145e-05,0.00016899999977226798,9.200000050668677e-05,11.491152000001392,0.03149146600000073,False,False,False
base_0_far_01_v0.0_h0.4,base_0_far_01,2.05,0.0,0.4,binary_full,2,False,False,True,0,,7.800000112467842e-05,0.0001489999998938174,9.10000004239464e-05,11.491152000001392,0.03149147000000284,False,False,False
base_0_far_01_v0.5_h0.2,base_0_far_01,2.05,0.5,0.2,json_combined,0,False,False,True,0,,0.00010200000133409048,0.00014799999981107703,9.499999897855105e-05,11.491152000001392,0.03149149700000152,False,False,False
base_0_far_01_v0.5_h0.2,base_0_far_01,2.05,0.5,0.2,binary_full,1,False,False,True,0,,7.599999918284084e-05,0.00015500000039025963,8.999999856484919e-05,11.491152000001392,0.031491472999999534,False,False,False
base_0_far_01_v0.5_h0.2,base_0_far_01,2.05,0.5,0.2,binary_combined,2,False,False,True,0,,5.3000000832525984e-05,0.0001419999993146348,7.999999951380232e-05,11.491152000001392,0.03149142700000106,False,False,False
base_0_far_01_v0.5_h0.3,base_0_far_01,2.05,0.5,0.3,binary_full,0,False,False,True,0,,7.799999934832158e-05,0.0001649999994413065,7.999999951380232e-05,11.491152000001392,0.0314914749999997,False,False,False
base_0_far_01_v0.5_h0.3,base_0_far_01,2.05,0.5,0.3,binary_combined,1,False,False,True,0,,6.399999996631323e-05,0.0001440000012564724,7.999999951380232e-05,11.491152000001392,0.03149144000000213,False,False,False
base_0_far_01_v0.5_h0.3,base_0_far_01,2.05,0.5,0.3,json_combined,2,False,False,True,0,,5.3999999138909516e-05,0.00014299999939737518,7.800000112467842e-05,11.491152000001392,0.03149142700000106,False,False,False
base_0_far_01_v0.5_h0.4,base_0_far_01,2.05,0.5,0.4,binary_combined,0,False,False,True,0,,9.899999930951253e-05,0.0001229999995189246,8.000000129015916e-05,11.491152000001392,0.031491454000001515,False,False,False
base_0_far_01_v0.5_h0.4,base_0_far_01,2.05,0.5,0.4,json_combined,1,False,False,True,0,,5.09999988906884e-05,0.00013500000051180905,8.600000001024455e-05,11.491152000001392,0.03149142400000081,False,False,False
base_0_far_01_v0.5_h0.4,base_0_far_01,2.05,0.5,0.4,binary_full,2,False,False,True,0,,5.2999999056169145e-05,0.00012799999993262645,7.899999943106195e-05,11.491152000001392,0.031491411999999816,False,False,False
base_0_far_01_v1.0_h0.2,base_0_far_01,2.05,1.0,0.2,json_combined,0,False,False,True,0,,8.800000017572529e-05,0.00014300000117373202,8.800000017572529e-05,11.491152000001392,0.03149147100000292,False,False,False
base_0_far_01_v1.0_h0.2,base_0_far_01,2.05,1.0,0.2,binary_full,1,False,False,True,0,,5.200000074978561e-05,0.00012200000121254106,7.699999926558121e-05,11.491152000001392,0.031491403000002624,False,False,False
base_0_far_01_v1.0_h0.2,base_0_far_01,2.05,1.0,0.2,binary_combined,2,False,False,True,0,,5.999999963535174e-05,0.00010900000013691624,7.499999910010047e-05,11.491152000001392,0.03149139600000027,False,False,False
base_0_far_01_v1.0_h0.3,base_0_far_01,2.05,1.0,0.3,binary_full,0,False,False,True,0,,8.499999992750418e-05,0.00015700000055574037,9.99999993922529e-05,11.491152000001392,0.03149149400000127,False,False,False
base_0_far_01_v1.0_h0.3,base_0_far_01,2.05,1.0,0.3,binary_combined,1,False,False,True,0,,5.200000074978561e-05,0.00014800000158743387,7.900000120741879e-05,11.491152000001392,0.03149143100000494,False,False,False
base_0_far_01_v1.0_h0.3,base_0_far_01,2.05,1.0,0.3,json_combined,2,False,False,True,0,,4.999999880794803e-05,0.0001489999998938174,9.499999897855105e-05,11.491152000001392,0.031491445999999076,False,False,False
base_0_far_01_v1.0_h0.4,base_0_far_01,2.05,1.0,0.4,binary_combined,0,False,False,True,0,,8.900000025846566e-05,0.00012200000121254106,0.00010400000149957123,11.491152000001392,0.03149146700000437,False,False,False
base_0_far_01_v1.0_h0.4,base_0_far_01,2.05,1.0,0.4,json_combined,1,False,False,True,0,,5.2999999056169145e-05,0.00014799999981107703,8.800000017572529e-05,11.491152000001392,0.03149144100000044,False,False,False
base_0_far_01_v1.0_h0.4,base_0_far_01,2.05,1.0,0.4,binary_full,2,False,False,True,0,,5.599999930439026e-05,0.0001229999995189246,7.800000112467842e-05,11.491152000001392,0.031491409000001344,False,False,False
base_0_far_02_v0.0_h0.2,base_0_far_02,2.1,0.0,0.2,json_combined,0,False,False,True,0,,0.00015200000014203852,0.0006040000002371926,0.00014699999972833666,24.81636899999984,0.04481727199999995,False,False,False
base_0_far_02_v0.0_h0.2,base_0_far_02,2.1,0.0,0.2,binary_full,1,False,False,True,0,,9.700000092038863e-05,0.00025499999978251253,8.700000009298492e-05,24.81636899999984,0.04481680800000064,False,False,False
base_0_far_02_v0.0_h0.2,base_0_far_02,2.1,0.0,0.2,binary_combined,2,False,False,True,0,,6.299999988357285e-05,0.00015699999877938353,8.499999992750418e-05,24.81636899999984,0.04481667399999843,False,False,False
base_0_far_02_v0.0_h0.3,base_0_far_02,2.1,0.0,0.3,binary_full,0,False,False,True,0,,8.900000025846566e-05,0.00018700000126159466,0.0001069999999714355,24.81636899999984,0.044816752000001334,False,False,False
base_0_far_02_v0.0_h0.3,base_0_far_02,2.1,0.0,0.3,binary_combined,1,False,False,True,0,,5.599999930439026e-05,0.00011000000021965661,7.699999926558121e-05,24.81636899999984,0.04481661199999863,False,False,False
base_0_far_02_v0.0_h0.3,base_0_far_02,2.1,0.0,0.3,json_combined,2,False,False,True,0,,6.399999996631323e-05,0.0001489999998938174,7.999999951380232e-05,24.81636899999984,0.044816661999999216,False,False,False
base_0_far_02_v0.0_h0.4,base_0_far_02,2.1,0.0,0.4,binary_combined,0,False,False,True,0,,8.100000137289953e-05,0.0001389999990664137,7.39999990173601e-05,24.81636899999984,0.0448166629999993,False,False,False
base_0_far_02_v0.0_h0.4,base_0_far_02,2.1,0.0,0.4,json_combined,1,False,False,True,0,,5.4000000915266355e-05,0.0001419999993146348,9.199999873032993e-05,24.81636899999984,0.0448166569999988,False,False,False
base_0_far_02_v0.0_h0.4,base_0_far_02,2.1,0.0,0.4,binary_full,2,False,False,True,0,,5.100000066704524e-05,0.00014600000142195313,9.900000108586937e-05,24.81636899999984,0.04481666500000302,False,False,False
base_0_far_02_v0.5_h0.2,base_0_far_02,2.1,0.5,0.2,json_combined,0,False,False,True,0,,0.00012200000121254106,0.00016400000113492297,9.399999889581068e-05,24.81636899999984,0.044816749000001085,False,False,False
base_0_far_02_v0.5_h0.2,base_0_far_02,2.1,0.5,0.2,binary_full,1,False,False,True,0,,9.200000050668677e-05,0.00013999999914915406,8.000000129015916e-05,24.81636899999984,0.04481668100000079,False,False,False
base_0_far_02_v0.5_h0.2,base_0_far_02,2.1,0.5,0.2,binary_combined,2,False,False,True,0,,5.200000074978561e-05,0.00010599999988869513,7.39999990173601e-05,24.81636899999984,0.0448166009999995,False,False,False
base_0_far_02_v0.5_h0.3,base_0_far_02,2.1,0.5,0.3,binary_full,0,False,False,True,0,,7.899999943106195e-05,0.0001619999991930854,8.700000009298492e-05,24.81636899999984,0.04481669699999856,False,False,False
base_0_far_02_v0.5_h0.3,base_0_far_02,2.1,0.5,0.3,binary_combined,1,False,False,True,0,,5.1999998973428774e-05,0.00013200000026358794,7.499999910010047e-05,24.81636899999984,0.04481662799999818,False,False,False
base_0_far_02_v0.5_h0.3,base_0_far_02,2.1,0.5,0.3,json_combined,2,False,False,True,0,,5.499999922164989e-05,0.00012900000001536682,7.100000054549582e-05,24.81636899999984,0.044816623999999625,False,False,False
base_0_far_02_v0.5_h0.4,base_0_far_02,2.1,0.5,0.4,binary_combined,0,False,False,True,0,,9.10000004239464e-05,0.00016099999911034502,9.699999914403179e-05,24.81636899999984,0.04481671799999852,False,False,False
base_0_far_02_v0.5_h0.4,base_0_far_02,2.1,0.5,0.4,json_combined,1,False,False,True,0,,6.100000149444895e-05,0.00014100000100825127,9.000000034120603e-05,24.81636899999984,0.044816661000002686,False,False,False
base_0_far_02_v0.5_h0.4,base_0_far_02,2.1,0.5,0.4,binary_full,2,False,False,True,0,,7.299999893461973e-05,0.00010399999972321439,8.800000017572529e-05,24.81636899999984,0.044816633999998676,False,False,False
base_0_far_02_v1.0_h0.2,base_0_far_02,2.1,1.0,0.2,json_combined,0,False,False,True,0,,9.399999889581068e-05,0.00014499999956285592,7.900000120741879e-05,24.81636899999984,0.04481668699999951,False,False,False
base_0_far_02_v1.0_h0.2,base_0_far_02,2.1,1.0,0.2,binary_full,1,False,False,True,0,,8.499999992750418e-05,0.00013800000076003016,8.09999995965427e-05,24.81636899999984,0.044816673000000126,False,False,False
base_0_far_02_v1.0_h0.2,base_0_far_02,2.1,1.0,0.2,binary_combined,2,False,False,True,0,,5.200000074978561e-05,0.00014099999923189444,7.699999926558121e-05,24.81636899999984,0.04481663899999909,False,False,False
base_0_far_02_v1.0_h0.3,base_0_far_02,2.1,1.0,0.3,binary_full,0,False,False,True,0,,0.00010999999844329977,0.00018699999948523782,7.600000095919768e-05,24.81636899999984,0.04481674199999873,False,False,False
base_0_far_02_v1.0_h0.3,base_0_far_02,2.1,1.0,0.3,binary_combined,1,False,False,True,0,,5.3000000832525984e-05,0.00014500000133921276,7.300000071097656e-05,24.81636899999984,0.044816640000002725,False,False,False
base_0_far_02_v1.0_h0.3,base_0_far_02,2.1,1.0,0.3,json_combined,2,False,False,True,0,,5.899999955261137e-05,0.00016099999911034502,7.50000008764573e-05,24.81636899999984,0.04481666399999938,False,False,False
base_0_far_02_v1.0_h0.4,base_0_far_02,2.1,1.0,0.4,binary_combined,0,False,False,True,0,,5.599999930439026e-05,0.00016299999927582576,9.599999906129142e-05,24.81636899999984,0.044816683999997484,False,False,False
base_0_far_02_v1.0_h0.4,base_0_far_02,2.1,1.0,0.4,json_combined,1,False,False,True,0,,5.3000000832525984e-05,0.00015699999877938353,7.600000095919768e-05,24.81636899999984,0.04481665500000041,False,False,False
base_0_far_02_v1.0_h0.4,base_0_far_02,2.1,1.0,0.4,binary_full,2,False,False,True,0,,5.3999999138909516e-05,0.00014099999923189444,8.39999998447638e-05,24.81636899999984,0.04481664799999806,False,False,False
base_0_far_03_v0.0_h0.2,base_0_far_03,2.15,0.0,0.2,json_combined,0,False,False,True,0,,0.00020000000056086265,0.0005820000001932613,0.0002050000009745645,20.066582999998417,0.04006757000000015,False,False,False
base_0_far_03_v0.0_h0.2,base_0_far_03,2.15,0.0,0.2,binary_full,1,False,False,True,0,,8.299999976202344e-05,0.00027200000118909884,0.00010099999947499327,20.066582999998417,0.04006703899999885,False,False,False
base_0_far_03_v0.0_h0.2,base_0_far_03,2.15,0.0,0.2,binary_combined,2,False,False,True,0,,6.900000038001508e-05,0.00017099999993774873,9.10000004239464e-05,20.066582999998417,0.04006691399999916,False,False,False
base_0_far_03_v0.0_h0.3,base_0_far_03,2.15,0.0,0.3,binary_full,0,False,False,True,0,,0.0001069999999714355,0.00018000000068241206,0.00010499999980595476,20.066582999998417,0.04006697499999888,False,False,False
base_0_far_03_v0.0_h0.3,base_0_far_03,2.15,0.0,0.3,binary_combined,1,False,False,True,0,,6.700000021453434e-05,0.0001089999983605594,8.600000001024455e-05,20.066582999998417,0.040066844999997006,False,False,False
base_0_far_03_v0.0_h0.3,base_0_far_03,2.15,0.0,0.3,json_combined,2,False,False,True,0,,5.100000066704524e-05,0.00016000000080396148,8.299999976202344e-05,20.066582999998417,0.040066876999999654,False,False,False
base_0_far_03_v0.0_h0.4,base_0_far_03,2.15,0.0,0.4,binary_combined,0,False,False,True,0,,0.00018999999973345894,0.0006119999991227587,0.00020600000105730487,20.066582999998417,0.040067590999998334,False,False,False
base_0_far_03_v0.0_h0.4,base_0_far_03,2.15,0.0,0.4,json_combined,1,False,False,True,0,,0.00010499999980595476,0.0002979999997876348,0.0001419999993146348,20.066582999998417,0.04006712799999733,False,False,False
base_0_far_03_v0.0_h0.4,base_0_far_03,2.15,0.0,0.4,binary_full,2,False,False,True,0,,0.00012499999968440534,0.00022900000118397656,0.00013500000051180905,20.066582999998417,0.0400670719999998,False,False,False
base_0_far_03_v0.5_h0.2,base_0_far_03,2.15,0.5,0.2,json_combined,0,False,False,True,0,,0.00012200000121254106,0.00023099999957310047,0.0001590000007212211,20.066582999998417,0.04006709499999993,False,False,False
base_0_far_03_v0.5_h0.2,base_0_far_03,2.15,0.5,0.2,binary_full,1,False,False,True,0,,0.0001140000005506181,0.0002350000016804188,0.0001470000015046935,20.066582999998417,0.040067079000002156,False,False,False
base_0_far_03_v0.5_h0.2,base_0_far_03,2.15,0.5,0.2,binary_combined,2,False,False,True,0,,7.799999934832158e-05,0.00022200000060479397,0.0001389999990664137,20.066582999998417,0.04006702199999744,False,False,False
base_0_far_03_v0.5_h0.3,base_0_far_03,2.15,0.5,0.3,binary_full,0,False,False,True,0,,8.900000025846566e-05,0.0002499999993688107,0.0001660000013004037,20.066582999998417,0.04006708799999935,False,False,False
base_0_far_03_v0.5_h0.3,base_0_far_03,2.15,0.5,0.3,binary_combined,1,False,False,True,0,,9.000000034120603e-05,0.00019700000031264153,0.0001619999991930854,20.066582999998417,0.04006703199999827,False,False,False
base_0_far_03_v0.5_h0.3,base_0_far_03,2.15,0.5,0.3,json_combined,2,False,False,True,0,,0.00010199999955773364,0.00025399999969977216,0.00014799999981107703,20.066582999998417,0.04006708699999749,False,False,False
base_0_far_03_v0.5_h0.4,base_0_far_03,2.15,0.5,0.4,binary_combined,0,False,False,True,0,,0.00014099999923189444,0.00018000000068241206,0.0001530000002247789,20.066582999998417,0.04006705699999856,False,False,False
base_0_far_03_v0.5_h0.4,base_0_far_03,2.15,0.5,0.4,json_combined,1,False,False,True,0,,7.599999918284084e-05,0.0002229999989111775,0.00013400000042906868,20.066582999998417,0.040067015999996944,False,False,False
base_0_far_03_v0.5_h0.4,base_0_far_03,2.15,0.5,0.4,binary_full,2,False,False,True,0,,0.00011600000071609884,0.00021299999986013063,0.0001330000003463283,20.066582999998417,0.04006704499999934,False,False,False
base_0_far_03_v1.0_h0.2,base_0_far_03,2.15,1.0,0.2,json_combined,0,False,False,True,0,,0.00010199999955773364,0.00026500000060991624,0.00013699999890093295,20.066582999998417,0.04006708699999749,False,False,False
base_0_far_03_v1.0_h0.2,base_0_far_03,2.15,1.0,0.2,binary_full,1,False,False,True,0,,9.99999993922529e-05,0.00022399999899391787,0.00015200000014203852,20.066582999998417,0.04006705899999695,False,False,False
base_0_far_03_v1.0_h0.2,base_0_far_03,2.15,1.0,0.2,binary_combined,2,False,False,True,0,,8.499999992750418e-05,0.00019900000047812227,0.00012699999984988608,20.066582999998417,0.040066993999998676,False,False,False
base_0_far_03_v1.0_h0.3,base_0_far_03,2.15,1.0,0.3,binary_full,0,False,False,True,0,,0.00011900000096431995,0.0002830000003228861,0.00014699999972833666,20.066582999998417,0.040067131999999436,False,False,False
base_0_far_03_v1.0_h0.3,base_0_far_03,2.15,1.0,0.3,binary_combined,1,False,False,True,0,,8.299999976202344e-05,0.00018199999907153597,0.0001389999990664137,20.066582999998417,0.04006698699999632,False,False,False
base_0_far_03_v1.0_h0.3,base_0_far_03,2.15,1.0,0.3,json_combined,2,False,False,True,0,,8.900000025846566e-05,0.00021400000171922784,0.0001530000002247789,20.066582999998417,0.04006703900000062,False,False,False
base_0_far_03_v1.0_h0.4,base_0_far_03,2.15,1.0,0.4,binary_combined,0,False,False,True,0,,8.700000009298492e-05,0.00018500000109611392,0.00015200000014203852,20.066582999998417,0.04006700699999975,False,False,False
base_0_far_03_v1.0_h0.4,base_0_far_03,2.15,1.0,0.4,json_combined,1,False,False,True,0,,8.499999992750418e-05,0.0002559999998652529,0.00016100000088670186,20.066582999998417,0.0400670849999991,False,False,False
base_0_far_03_v1.0_h0.4,base_0_far_03,2.15,1.0,0.4,binary_full,2,False,False,True,0,,9.000000034120603e-05,0.000259000000113474,0.00011299999869152089,20.066582999998417,0.04006704499999757,False,False,False
base_0_far_04_v0.0_h0.2,base_0_far_04,2.2,0.0,0.2,json_combined,0,False,False,True,0,,0.0003730000006640921,0.000830000001172948,0.0002020000007263434,15.8336900000009,0.03583509500000347,False,False,False
base_0_far_04_v0.0_h0.2,base_0_far_04,2.2,0.0,0.2,binary_full,1,False,False,True,0,,0.00014799999981107703,0.0005190000003096884,0.00020999999961190952,15.8336900000009,0.035834567000000636,False,False,False
base_0_far_04_v0.0_h0.2,base_0_far_04,2.2,0.0,0.2,binary_combined,2,False,False,True,0,,0.0001259999997671457,0.0003890000002115812,0.00017600000035145058,15.8336900000009,0.035834381000001234,False,False,False
base_0_far_04_v0.0_h0.3,base_0_far_04,2.2,0.0,0.3,binary_full,0,False,False,True,0,,0.0002240000007702747,0.00044700000145780905,0.00017999999890605523,15.8336900000009,0.03583454100000204,False,False,False
base_0_far_04_v0.0_h0.3,base_0_far_04,2.2,0.0,0.3,binary_combined,1,False,False,True,0,,0.00010499999980595476,0.0003519999989265443,0.00015100000005929815,15.8336900000009,0.035834297999999695,False,False,False
base_0_far_04_v0.0_h0.3,base_0_far_04,2.2,0.0,0.3,json_combined,2,False,False,True,0,,7.699999926558121e-05,0.0003550000009511223,0.00012000000104706032,15.8336900000009,0.03583424200000217,False,False,False
base_0_far_04_v0.0_h0.4,base_0_far_04,2.2,0.0,0.4,binary_combined,0,False,False,True,0,,0.00014799999981107703,0.0003679999984740334,0.00016099999911034502,15.8336900000009,0.0358343669999983,False,False,False
base_0_far_04_v0.0_h0.4,base_0_far_04,2.2,0.0,0.4,json_combined,1,False,False,True,0,,0.00011699999902248237,0.0003510000006201608,0.00012399999960166497,15.8336900000009,0.03583428200000015,False,False,False
base_0_far_04_v0.0_h0.4,base_0_far_04,2.2,0.0,0.4,binary_full,2,False,False,True,0,,9.300000058942715e-05,0.0003569999993402462,0.00012900000001536682,15.8336900000009,0.03583426900000085,False,False,False
base_0_far_04_v0.5_h0.2,base_0_far_04,2.2,0.5,0.2,json_combined,0,False,False,True,0,,0.0001579999988621239,0.0004049999997590703,0.0001909999998161993,15.8336900000009,0.03583444399999934,False,False,False
base_0_far_04_v0.5_h0.2,base_0_far_04,2.2,0.5,0.2,binary_full,1,False,False,True,0,,0.00010099999947499327,0.0003559999992575058,0.00016900000154862482,15.8336900000009,0.035834316000001185,False,False,False
base_0_far_04_v0.5_h0.2,base_0_far_04,2.2,0.5,0.2,binary_combined,2,False,False,True,0,,9.099999864758956e-05,0.0003859999999633601,0.0001300000000981072,15.8336900000009,0.03583429699999961,False,False,False
base_0_far_04_v0.5_h0.3,base_0_far_04,2.2,0.5,0.3,binary_full,0,False,False,True,0,,0.00015400000030751926,0.00031899999974882576,0.0001660000013004037,15.8336900000009,0.03583432900000226,False,False,False
base_0_far_04_v0.5_h0.3,base_0_far_04,2.2,0.5,0.3,binary_combined,1,False,False,True,0,,9.599999906129142e-05,0.00030700000053229815,0.00017099999993774873,15.8336900000009,0.035834264000000435,False,False,False
base_0_far_04_v0.5_h0.3,base_0_far_04,2.2,0.5,0.3,json_combined,2,False,False,True,0,,9.200000050668677e-05,0.0003160000012769615,0.00012699999984988608,15.8336900000009,0.03583422500000254,False,False,False
base_0_far_04_v0.5_h0.4,base_0_far_04,2.2,0.5,0.4,binary_combined,0,False,False,True,0,,0.00020999999961190952,0.00035399999909202506,0.00018499999931975708,15.8336900000009,0.03583443899999893,False,False,False
base_0_far_04_v0.5_h0.4,base_0_far_04,2.2,0.5,0.4,json_combined,1,False,False,True,0,,9.899999930951253e-05,0.0003270000004107487,0.0001330000003463283,15.8336900000009,0.03583424900000097,False,False,False
base_0_far_04_v0.5_h0.4,base_0_far_04,2.2,0.5,0.4,binary_full,2,False,False,True,0,,7.800000112467842e-05,0.0003090000006977789,0.0001370000006772898,15.8336900000009,0.0358342140000034,False,False,False
base_0_far_04_v1.0_h0.2,base_0_far_04,2.2,1.0,0.2,json_combined,0,False,False,True,0,,0.00015199999836568168,0.00034500000012371856,0.00013900000084277053,15.8336900000009,0.035834326000000236,False,False,False
base_0_far_04_v1.0_h0.2,base_0_far_04,2.2,1.0,0.2,binary_full,1,False,False,True,0,,0.00010099999947499327,0.0003429999999582378,0.00016700000138314408,15.8336900000009,0.03583430100000172,False,False,False
base_0_far_04_v1.0_h0.2,base_0_far_04,2.2,1.0,0.2,binary_combined,2,False,False,True,0,,9.000000034120603e-05,0.0003240000001625276,0.00016000000080396148,15.8336900000009,0.03583426400000221,False,False,False
base_0_far_04_v1.0_h0.3,base_0_far_04,2.2,1.0,0.3,binary_full,0,False,False,True,0,,0.0001489999998938174,0.0003209999999143065,0.00016099999911034502,15.8336900000009,0.03583432099999982,False,False,False
base_0_far_04_v1.0_h0.3,base_0_far_04,2.2,1.0,0.3,binary_combined,1,False,False,True,0,,0.00011100000030239698,0.00030300000020133666,0.00014799999981107703,15.8336900000009,0.03583425200000122,False,False,False
base_0_far_04_v1.0_h0.3,base_0_far_04,2.2,1.0,0.3,json_combined,2,False,False,True,0,,9.600000083764826e-05,0.00028000000007466497,0.00013799999898367332,15.8336900000009,0.0358342040000008,False,False,False
base_0_far_04_v1.0_h0.4,base_0_far_04,2.2,1.0,0.4,binary_combined,0,False,False,True,0,,0.00016299999927582576,0.00034900000045468005,0.00015700000055574037,15.8336900000009,0.03583435900000119,False,False,False
base_0_far_04_v1.0_h0.4,base_0_far_04,2.2,1.0,0.4,json_combined,1,False,False,True,0,,9.500000075490789e-05,0.0003329999991308341,0.0001370000006772898,15.8336900000009,0.035834255000001466,False,False,False
base_0_far_04_v1.0_h0.4,base_0_far_04,2.2,1.0,0.4,binary_full,2,False,False,True,0,,8.39999998447638e-05,0.0003080000006150385,0.0001400000009255109,15.8336900000009,0.03583422200000229,False,False,False
base_0_far_05_v0.0_h0.2,base_0_far_05,2.25,0.0,0.2,json_combined,0,False,False,True,0,,0.00027399999957822274,0.0009920000003660334,0.0002499999993688107,18.159221000001224,0.03816073700000054,False,False,False
base_0_far_05_v0.0_h0.2,base_0_far_05,2.25,0.0,0.2,binary_full,1,False,False,True,0,,0.00013599999881819258,0.0004139999987273768,0.00015800000063848074,18.159221000001224,0.03815992899999941,False,False,False
base_0_far_05_v0.0_h0.2,base_0_far_05,2.25,0.0,0.2,binary_combined,2,False,False,True,0,,0.00011100000030239698,0.00020700000114004524,0.00012199999943618423,18.159221000001224,0.03815966100000211,False,False,False
base_0_far_05_v0.0_h0.3,base_0_far_05,2.25,0.0,0.3,binary_full,0,False,False,True,0,,0.00010900000013691624,0.0001839999992370167,0.00016000000080396148,18.159221000001224,0.038159674000001406,False,False,False
base_0_far_05_v0.0_h0.3,base_0_far_05,2.25,0.0,0.3,binary_combined,1,False,False,True,0,,8.199999967928306e-05,0.0001879999995679782,0.0001210000011298007,18.159221000001224,0.038159612000001605,False,False,False
base_0_far_05_v0.0_h0.3,base_0_far_05,2.25,0.0,0.3,json_combined,2,False,False,True,0,,8.800000017572529e-05,0.0002419999987068877,0.00013100000018084756,18.159221000001224,0.03815968200000029,False,False,False
base_0_far_05_v0.0_h0.4,base_0_far_05,2.25,0.0,0.4,binary_combined,0,False,False,True,0,,8.800000017572529e-05,0.00020600000105730487,0.00010399999972321439,18.159221000001224,0.038159619000002185,False,False,False
base_0_far_05_v0.0_h0.4,base_0_far_05,2.25,0.0,0.4,json_combined,1,False,False,True,0,,7.100000054549582e-05,0.0002170000001910921,0.00011200000038513735,18.159221000001224,0.03815962100000235,False,False,False
base_0_far_05_v0.0_h0.4,base_0_far_05,2.25,0.0,0.4,binary_full,2,False,False,True,0,,6.800000029727471e-05,0.00018500000109611392,0.00010999999844329977,18.159221000001224,0.038159584000001065,False,False,False
base_0_far_05_v0.5_h0.2,base_0_far_05,2.25,0.5,0.2,json_combined,0,False,False,True,0,,7.499999910010047e-05,0.00017400000018596984,0.00011199999860878052,18.159221000001224,0.03815958199999912,False,False,False
base_0_far_05_v0.5_h0.2,base_0_far_05,2.25,0.5,0.2,binary_full,1,False,False,True,0,,8.700000009298492e-05,0.0002400000003177638,0.00010800000005417587,18.159221000001224,0.03815965600000169,False,False,False
base_0_far_05_v0.5_h0.2,base_0_far_05,2.25,0.5,0.2,binary_combined,2,False,False,True,0,,7.299999893461973e-05,0.0001720000000204891,0.00011600000071609884,18.159221000001224,0.0381595820000009,False,False,False
base_0_far_05_v0.5_h0.3,base_0_far_05,2.25,0.5,0.3,binary_full,0,False,False,True,0,,8.900000025846566e-05,0.00019799999861902506,0.00013699999890093295,18.159221000001224,0.03815964499999901,False,False,False
base_0_far_05_v0.5_h0.3,base_0_far_05,2.25,0.5,0.3,binary_combined,1,False,False,True,0,,9.799999922677216e-05,0.00017400000018596984,0.00012900000001536682,18.159221000001224,0.038159622000000656,False,False,False
base_0_far_05_v0.5_h0.3,base_0_far_05,2.25,0.5,0.3,json_combined,2,False,False,True,0,,9.400000067216752e-05,0.00019299999998168005,0.00015800000063848074,18.159221000001224,0.03815966600000252,False,False,False
base_0_far_05_v0.5_h0.4,base_0_far_05,2.25,0.5,0.4,binary_combined,0,False,False,True,0,,9.300000058942715e-05,0.00028999999912571184,0.00013500000051180905,18.159221000001224,0.038159739000001455,False,False,False
base_0_far_05_v0.5_h0.4,base_0_far_05,2.25,0.5,0.4,json_combined,1,False,False,True,0,,0.00010200000133409048,0.00021600000010835174,0.00013400000042906868,18.159221000001224,0.0381596730000031,False,False,False
base_0_far_05_v0.5_h0.4,base_0_far_05,2.25,0.5,0.4,binary_full,2,False,False,True,0,,0.00011200000038513735,0.00020300000080908376,0.00012999999832175035,18.159221000001224,0.038159666000000744,False,False,False
base_0_far_05_v1.0_h0.2,base_0_far_05,2.25,1.0,0.2,json_combined,0,False,False,True,0,,0.00010800000005417587,0.00022799999932487935,0.00012499999968440534,18.159221000001224,0.03815968200000029,False,False,False
base_0_far_05_v1.0_h0.2,base_0_far_05,2.25,1.0,0.2,binary_full,1,False,False,True,0,,7.799999934832158e-05,0.00023200000143219768,9.000000034120603e-05,18.159221000001224,0.03815962100000235,False,False,False
base_0_far_05_v1.0_h0.2,base_0_far_05,2.25,1.0,0.2,binary_combined,2,False,False,True,0,,0.00010199999955773364,0.0001649999994413065,8.000000129015916e-05,18.159221000001224,0.03815956800000152,False,False,False
base_0_far_05_v1.0_h0.3,base_0_far_05,2.25,1.0,0.3,binary_full,0,False,False,True,0,,7.499999910010047e-05,0.00012199999943618423,0.0002400000003177638,18.159221000001224,0.03815965800000008,False,False,False
base_0_far_05_v1.0_h0.3,base_0_far_05,2.25,1.0,0.3,binary_combined,1,False,False,True,0,,0.00011799999910522274,0.0003429999999582378,0.0001229999995189246,18.159221000001224,0.03815980499999981,False,False,False
base_0_far_05_v1.0_h0.3,base_0_far_05,2.25,1.0,0.3,json_combined,2,False,False,True,0,,7.300000071097656e-05,0.0001950000001471608,9.699999914403179e-05,18.159221000001224,0.03815958600000123,False,False,False
base_0_far_05_v1.0_h0.4,base_0_far_05,2.25,1.0,0.4,binary_combined,0,False,False,True,0,,0.00012799999993262645,0.0001809999989887956,9.29999988130703e-05,18.159221000001224,0.03815962299999896,False,False,False
base_0_far_05_v1.0_h0.4,base_0_far_05,2.25,1.0,0.4,json_combined,1,False,False,True,0,,8.299999976202344e-05,0.00015500000039025963,8.799999839936845e-05,18.159221000001224,0.03815954699999978,False,False,False
base_0_far_05_v1.0_h0.4,base_0_far_05,2.25,1.0,0.4,binary_full,2,False,False,True,0,,6.099999971809211e-05,0.00011000000021965661,8.000000129015916e-05,18.159221000001224,0.038159472000002456,False,False,False
base_0_far_06_v0.0_h0.2,base_0_far_06,2.3,0.0,0.2,json_combined,0,False,False,True,0,,0.000357000001116603,0.0009599999994946984,0.0002529999996170318,17.08157899999918,0.03708314899999941,False,False,False
base_0_far_06_v0.0_h0.2,base_0_far_06,2.3,0.0,0.2,binary_full,1,False,False,True,0,,0.0001489999998938174,0.00045900000067433666,0.0001909999998161993,17.08157899999918,0.03708237799999957,False,False,False
base_0_far_06_v0.0_h0.2,base_0_far_06,2.3,0.0,0.2,binary_combined,2,False,False,True,0,,0.0001229999995189246,0.0002939999994566733,0.0001370000006772898,17.08157899999918,0.03708213299999884,False,False,False
base_0_far_06_v0.0_h0.3,base_0_far_06,2.3,0.0,0.3,binary_full,0,False,False,True,0,,0.00022199999882843713,0.0004120000003382529,0.0001790000005996717,17.08157899999918,0.03708239199999895,False,False,False
base_0_far_06_v0.0_h0.3,base_0_far_06,2.3,0.0,0.3,binary_combined,1,False,False,True,0,,0.00010800000005417587,0.00037399999897047564,0.0001470000015046935,17.08157899999918,0.037082207999999714,False,False,False
base_0_far_06_v0.0_h0.3,base_0_far_06,2.3,0.0,0.3,json_combined,2,False,False,True,0,,0.00012799999993262645,0.0004149999988101172,0.00015500000039025963,17.08157899999918,0.03708227699999832,False,False,False
base_0_far_06_v0.0_h0.4,base_0_far_06,2.3,0.0,0.4,binary_combined,0,False,False,True,0,,0.00018700000126159466,0.0003449999983473617,0.00018499999931975708,17.08157899999918,0.03708229599999811,False,False,False
base_0_far_06_v0.0_h0.4,base_0_far_06,2.3,0.0,0.4,json_combined,1,False,False,True,0,,0.00012500000146076218,0.0003970000008735042,0.00017299999832687263,17.08157899999918,0.037082273999999846,False,False,False
base_0_far_06_v0.0_h0.4,base_0_far_06,2.3,0.0,0.4,binary_full,2,False,False,True,0,,0.00010299999964047402,0.00044199999926775035,0.00015100000005929815,17.08157899999918,0.03708227499999815,False,False,False
base_0_far_06_v0.5_h0.2,base_0_far_06,2.3,0.5,0.2,json_combined,0,False,False,True,0,,0.00017099999993774873,0.0003890000002115812,0.00015800000063848074,17.08157899999918,0.03708229699999997,False,False,False
base_0_far_06_v0.5_h0.2,base_0_far_06,2.3,0.5,0.2,binary_full,1,False,False,True,0,,0.00010099999947499327,0.0003639999999194288,0.00013100000018084756,17.08157899999918,0.03708217499999876,False,False,False
base_0_far_06_v0.5_h0.2,base_0_far_06,2.3,0.5,0.2,binary_combined,2,False,False,True,0,,0.00010000000116860974,0.00033899999962727634,0.00013400000042906868,17.08157899999918,0.03708215200000041,False,False,False
base_0_far_06_v0.5_h0.3,base_0_far_06,2.3,0.5,0.3,binary_full,0,False,False,True,0,,0.00016200000096944223,0.0003529999990092847,0.00016599999952404687,17.08157899999918,0.03708225999999869,False,False,False
base_0_far_06_v0.5_h0.3,base_0_far_06,2.3,0.5,0.3,binary_combined,1,False,False,True,0,,0.00010599999988869513,0.0003109999990869028,0.00012799999993262645,17.08157899999918,0.03708212399999809,False,False,False
base_0_far_06_v0.5_h0.3,base_0_far_06,2.3,0.5,0.3,json_combined,2,False,False,True,0,,9.400000067216752e-05,0.00033799999954453597,0.00013699999890093295,17.08157899999918,0.0370821479999983,False,False,False
base_0_far_06_v0.5_h0.4,base_0_far_06,2.3,0.5,0.4,binary_combined,0,False,False,True,0,,0.00015700000055574037,0.00032600000032800835,0.0001679999996895276,17.08157899999918,0.03708222999999976,False,False,False
base_0_far_06_v0.5_h0.4,base_0_far_06,2.3,0.5,0.4,json_combined,1,False,False,True,0,,0.00010100000125135011,0.0003470000002891993,0.0001210000011298007,17.08157899999918,0.037082148000001855,False,False,False
base_0_far_06_v0.5_h0.4,base_0_far_06,2.3,0.5,0.4,binary_full,2,False,False,True,0,,9.499999897855105e-05,0.0003339999992135745,0.00013200000026358794,17.08157899999918,0.03708213999999764,False,False,False
base_0_far_06_v1.0_h0.2,base_0_far_06,2.3,1.0,0.2,json_combined,0,False,False,True,0,,0.00013399999865271184,0.0003599999995884673,0.00016400000113492297,17.08157899999918,0.03708223699999856,False,False,False
base_0_far_06_v1.0_h0.2,base_0_far_06,2.3,1.0,0.2,binary_full,1,False,False,True,0,,0.00010099999947499327,0.00033300000090719095,0.0001489999998938174,17.08157899999918,0.03708216199999946,False,False,False
base_0_far_06_v1.0_h0.2,base_0_far_06,2.3,1.0,0.2,binary_combined,2,False,False,True,0,,9.599999906129142e-05,0.00029999999995311555,0.00012699999984988608,17.08157899999918,0.03708210199999805,False,False,False
base_0_far_06_v1.0_h0.3,base_0_far_06,2.3,1.0,0.3,binary_full,0,False,False,True,0,,0.0001300000000981072,0.00034199999987549745,0.00012699999984988608,17.08157899999918,0.03708217799999901,False,False,False
base_0_far_06_v1.0_h0.3,base_0_far_06,2.3,1.0,0.3,binary_combined,1,False,False,True,0,,0.00010100000125135011,0.0003540000008683819,0.0001240000013780218,17.08157899999918,0.03708215800000268,False,False,False
base_0_far_06_v1.0_h0.3,base_0_far_06,2.3,1.0,0.3,json_combined,2,False,False,True,0,,9.899999930951253e-05,0.0003050000003668174,0.00012499999968440534,17.08157899999918,0.037082107999998545,False,False,False
base_0_far_06_v1.0_h0.4,base_0_far_06,2.3,1.0,0.4,binary_combined,0,False,False,True,0,,0.0001259999997671457,0.00036999999863951416,0.00013100000018084756,17.08157899999918,0.03708220599999777,False,False,False
base_0_far_06_v1.0_h0.4,base_0_far_06,2.3,1.0,0.4,json_combined,1,False,False,True,0,,9.29999988130703e-05,0.00028800000073658794,0.00013800000076003016,17.08157899999918,0.037082097999999494,False,False,False
base_0_far_06_v1.0_h0.4,base_0_far_06,2.3,1.0,0.4,binary_full,2,False,False,True,0,,8.999999856484919e-05,0.00030700000053229815,0.00013900000084277053,17.08157899999918,0.037082114999999125,False,False,False
base_0_far_07_v0.0_h0.2,base_0_far_07,2.35,0.0,0.2,json_combined,0,False,False,True,0,,0.000213999999942871,0.0007180000007878107,0.00017499999849235337,21.829748000001814,0.04183085500000104,False,False,False
base_0_far_07_v0.0_h0.2,base_0_far_07,2.35,0.0,0.2,binary_full,1,False,False,True,0,,9.699999914403179e-05,0.0002329999997385812,0.00014100000100825127,21.829748000001814,0.04183021900000171,False,False,False
base_0_far_07_v0.0_h0.2,base_0_far_07,2.35,0.0,0.2,binary_combined,2,False,False,True,0,,7.499999910010047e-05,0.00017999999890605523,8.699999831662808e-05,21.829748000001814,0.04183008999999814,False,False,False
base_0_far_07_v0.0_h0.3,base_0_far_07,2.35,0.0,0.3,binary_full,0,False,False,True,0,,0.0001630000010521826,0.00017300000010322947,0.00011000000021965661,21.829748000001814,0.04183019400000319,False,False,False
base_0_far_07_v0.0_h0.3,base_0_far_07,2.35,0.0,0.3,binary_combined,1,False,False,True,0,,8.600000001024455e-05,0.00013600000059454942,8.800000017572529e-05,21.829748000001814,0.0418300580000026,False,False,False
base_0_far_07_v0.0_h0.3,base_0_far_07,2.35,0.0,0.3,json_combined,2,False,False,True,0,,4.999999880794803e-05,0.00016899999977226798,9.600000083764826e-05,21.829748000001814,0.041830063000001236,False,False,False
base_0_far_07_v0.0_h0.4,base_0_far_07,2.35,0.0,0.4,binary_combined,0,False,False,True,0,,0.00011999999927070348,0.0001619999991930854,9.700000092038863e-05,21.829748000001814,0.0418301270000012,False,False,False
base_0_far_07_v0.0_h0.4,base_0_far_07,2.35,0.0,0.4,json_combined,1,False,False,True,0,,5.1999998973428774e-05,0.0001489999998938174,9.10000004239464e-05,21.829748000001814,0.04183004000000111,False,False,False
base_0_far_07_v0.0_h0.4,base_0_far_07,2.35,0.0,0.4,binary_full,2,False,False,True,0,,5.2999999056169145e-05,0.00012900000001536682,7.20000006282362e-05,21.829748000001814,0.04183000200000152,False,False,False
base_0_far_07_v0.5_h0.2,base_0_far_07,2.35,0.5,0.2,json_combined,0,False,False,True,0,,0.00010800000005417587,0.00016699999960678724,9.599999906129142e-05,21.829748000001814,0.04183011900000054,False,False,False
base_0_far_07_v0.5_h0.2,base_0_far_07,2.35,0.5,0.2,binary_full,1,False,False,True,0,,5.100000066704524e-05,0.00013600000059454942,7.600000095919768e-05,21.829748000001814,0.04183001100000404,False,False,False
base_0_far_07_v0.5_h0.2,base_0_far_07,2.35,0.5,0.2,binary_combined,2,False,False,True,0,,5.200000074978561e-05,0.00010200000133409048,7.299999893461973e-05,21.829748000001814,0.041829975000002836,False,False,False
base_0_far_07_v0.5_h0.3,base_0_far_07,2.35,0.5,0.3,binary_full,0,False,False,True,0,,8.800000017572529e-05,0.00016399999935856613,0.00010499999980595476,21.829748000001814,0.04183010500000116,False,False,False
base_0_far_07_v0.5_h0.3,base_0_far_07,2.35,0.5,0.3,binary_combined,1,False,False,True,0,,5.7999999469871e-05,0.00013900000084277053,7.400000079371694e-05,21.829748000001814,0.041830019000002924,False,False,False
base_0_far_07_v0.5_h0.3,base_0_far_07,2.35,0.5,0.3,json_combined,2,False,False,True,0,,5.2999999056169145e-05,0.00017300000010322947,7.900000120741879e-05,21.829748000001814,0.041830053000002185,False,False,False
base_0_far_07_v0.5_h0.4,base_0_far_07,2.35,0.5,0.4,binary_combined,0,False,False,True,0,,0.00010199999955773364,0.0001259999997671457,0.00010000000116860974,21.829748000001814,0.04183007600000231,False,False,False
base_0_far_07_v0.5_h0.4,base_0_far_07,2.35,0.5,0.4,json_combined,1,False,False,True,0,,6.099999971809211e-05,0.00013800000076003016,7.699999926558121e-05,21.829748000001814,0.04183002400000156,False,False,False
base_0_far_07_v0.5_h0.4,base_0_far_07,2.35,0.5,0.4,binary_full,2,False,False,True,0,,8.100000137289953e-05,0.00010300000141683086,7.799999934832158e-05,21.829748000001814,0.041830010000003956,False,False,False
base_0_far_07_v1.0_h0.2,base_0_far_07,2.35,1.0,0.2,json_combined,0,False,False,True,0,,9.200000050668677e-05,0.00014699999972833666,7.799999934832158e-05,21.829748000001814,0.0418300650000014,False,False,False
base_0_far_07_v1.0_h0.2,base_0_far_07,2.35,1.0,0.2,binary_full,1,False,False,True,0,,5.7999999469871e-05,0.00010800000005417587,8.499999992750418e-05,21.829748000001814,0.04182999900000127,False,False,False
base_0_far_07_v1.0_h0.2,base_0_far_07,2.35,1.0,0.2,binary_combined,2,False,False,True,0,,5.200000074978561e-05,0.00014099999923189444,7.499999910010047e-05,21.829748000001814,0.0418300160000009,False,False,False
base_0_far_07_v1.0_h0.3,base_0_far_07,2.35,1.0,0.3,binary_full,0,False,False,True,0,,8.199999967928306e-05,0.0001649999994413065,7.699999926558121e-05,21.829748000001814,0.041830072000000204,False,False,False
base_0_far_07_v1.0_h0.3,base_0_far_07,2.35,1.0,0.3,binary_combined,1,False,False,True,0,,5.100000066704524e-05,0.00012399999960166497,7.800000112467842e-05,21.829748000001814,0.04183000100000321,False,False,False
base_0_far_07_v1.0_h0.3,base_0_far_07,2.35,1.0,0.3,json_combined,2,False,False,True,0,,4.999999880794803e-05,0.00013100000018084756,7.50000008764573e-05,21.829748000001814,0.04183000400000168,False,False,False
base_0_far_07_v1.0_h0.4,base_0_far_07,2.35,1.0,0.4,binary_combined,0,False,False,True,0,,5.7999999469871e-05,0.00020000000056086265,7.700000104193805e-05,21.829748000001814,0.04183008300000289,False,False,False
base_0_far_07_v1.0_h0.4,base_0_far_07,2.35,1.0,0.4,json_combined,1,False,False,True,0,,5.200000074978561e-05,0.00012799999993262645,7.600000095919768e-05,21.829748000001814,0.04183000400000346,False,False,False
base_0_far_07_v1.0_h0.4,base_0_far_07,2.35,1.0,0.4,binary_full,2,False,False,True,0,,6.199999980083248e-05,0.00010399999972321439,7.099999876913898e-05,21.829748000001814,0.04182998500000011,False,False,False
base_0_far_08_v0.0_h0.2,base_0_far_08,2.4,0.0,0.2,json_combined,0,False,False,True,0,,0.00018699999948523782,0.0005949999994925292,0.00017099999993774873,17.539029000001705,0.037539982000000624,False,False,False
base_0_far_08_v0.0_h0.2,base_0_far_08,2.4,0.0,0.2,binary_full,1,False,False,True,0,,8.499999992750418e-05,0.0002920000010675494,0.00011500000063335847,17.539029000001705,0.03753952100000334,False,False,False
base_0_far_08_v0.0_h0.2,base_0_far_08,2.4,0.0,0.2,binary_combined,2,False,False,True,0,,8.600000001024455e-05,0.0001259999997671457,8.699999831662808e-05,17.539029000001705,0.0375393279999998,False,False,False
base_0_far_08_v0.0_h0.3,base_0_far_08,2.4,0.0,0.3,binary_full,0,False,False,True,0,,0.00011800000088157958,0.00017300000010322947,0.00012699999984988608,17.539029000001705,0.03753944700000254,False,False,False
base_0_far_08_v0.0_h0.3,base_0_far_08,2.4,0.0,0.3,binary_combined,1,False,False,True,0,,7.499999910010047e-05,0.00013100000018084756,0.00010300000141683086,17.539029000001705,0.037539338000002406,False,False,False
base_0_far_08_v0.0_h0.3,base_0_far_08,2.4,0.0,0.3,json_combined,2,False,False,True,0,,5.4000000915266355e-05,0.00019199999989893968,7.799999934832158e-05,17.539029000001705,0.03753935300000187,False,False,False
base_0_far_08_v0.0_h0.4,base_0_far_08,2.4,0.0,0.4,binary_combined,0,False,False,True,0,,0.00011500000063335847,0.00016400000113492297,0.00010499999980595476,17.539029000001705,0.03753941300000328,False,False,False
base_0_far_08_v0.0_h0.4,base_0_far_08,2.4,0.0,0.4,json_combined,1,False,False,True,0,,5.1999998973428774e-05,0.00014100000100825127,7.499999910010047e-05,17.539029000001705,0.03753929700000079,False,False,False
base_0_far_08_v0.0_h0.4,base_0_far_08,2.4,0.0,0.4,binary_full,2,False,False,True,0,,5.000000058430487e-05,0.0001259999997671457,7.400000079371694e-05,17.539029000001705,0.037539279000002854,False,False,False
base_0_far_08_v0.5_h0.2,base_0_far_08,2.4,0.5,0.2,json_combined,0,False,False,True,0,,7.599999918284084e-05,0.00017899999882331485,0.00010000000116860974,17.539029000001705,0.03753938400000088,False,False,False
base_0_far_08_v0.5_h0.2,base_0_far_08,2.4,0.5,0.2,binary_full,1,False,False,True,0,,5.599999930439026e-05,0.00011900000096431995,7.400000079371694e-05,17.539029000001705,0.03753927800000277,False,False,False
base_0_far_08_v0.5_h0.2,base_0_far_08,2.4,0.5,0.2,binary_combined,2,False,False,True,0,,5.3000000832525984e-05,0.0001069999999714355,7.699999926558121e-05,17.539029000001705,0.03753926600000178,False,False,False
base_0_far_08_v0.5_h0.3,base_0_far_08,2.4,0.5,0.3,binary_full,0,False,False,True,0,,0.00010399999972321439,0.00011699999902248237,7.899999943106195e-05,17.539029000001705,0.037539328999999885,False,False,False
base_0_far_08_v0.5_h0.3,base_0_far_08,2.4,0.5,0.3,binary_combined,1,False,False,True,0,,5.3999999138909516e-05,0.00011500000063335847,7.499999910010047e-05,17.539029000001705,0.03753927300000058,False,False,False
base_0_far_08_v0.5_h0.3,base_0_far_08,2.4,0.5,0.3,json_combined,2,False,False,True,0,,5.200000074978561e-05,0.00012799999993262645,7.400000079371694e-05,17.539029000001705,0.037539283000003185,False,False,False
base_0_far_08_v0.5_h0.4,base_0_far_08,2.4,0.5,0.4,binary_combined,0,False,False,True,0,,0.00016599999952404687,0.0001459999996455963,9.900000108586937e-05,17.539029000001705,0.037539440000001964,False,False,False
base_0_far_08_v0.5_h0.4,base_0_far_08,2.4,0.5,0.4,json_combined,1,False,False,True,0,,6.700000021453434e-05,0.000156000000473,7.700000104193805e-05,17.539029000001705,0.03753932900000344,False,False,False
base_0_far_08_v0.5_h0.4,base_0_far_08,2.4,0.5,0.4,binary_full,2,False,False,True,0,,5.200000074978561e-05,0.00013500000051180905,7.600000095919768e-05,17.539029000001705,0.03753929200000393,False,False,False
base_0_far_08_v1.0_h0.2,base_0_far_08,2.4,1.0,0.2,json_combined,0,False,False,True,0,,7.899999943106195e-05,0.00016299999927582576,8.700000009298492e-05,17.539029000001705,0.03753935800000051,False,False,False
base_0_far_08_v1.0_h0.2,base_0_far_08,2.4,1.0,0.2,binary_full,1,False,False,True,0,,5.599999930439026e-05,0.00011399999877426126,8.600000001024455e-05,17.539029000001705,0.0375392849999998,False,False,False
base_0_far_08_v1.0_h0.2,base_0_far_08,2.4,1.0,0.2,binary_combined,2,False,False,True,0,,5.2999999056169145e-05,0.00010499999980595476,7.799999934832158e-05,17.539029000001705,0.03753926499999992,False,False,False
base_0_far_08_v1.0_h0.3,base_0_far_08,2.4,1.0,0.3,binary_full,0,False,False,True,0,,0.00011799999910522274,0.00015400000030751926,7.700000104193805e-05,17.539029000001705,0.03753937800000216,False,False,False
base_0_far_08_v1.0_h0.3,base_0_far_08,2.4,1.0,0.3,binary_combined,1,False,False,True,0,,5.499999922164989e-05,0.0001300000000981072,7.199999885187935e-05,17.539029000001705,0.03753928599999988,False,False,False
base_0_far_08_v1.0_h0.3,base_0_far_08,2.4,1.0,0.3,json_combined,2,False,False,True,0,,5.699999938713063e-05,0.00014499999956285592,7.799999934832158e-05,17.539029000001705,0.03753930900000001,False,False,False
base_0_far_08_v1.0_h0.4,base_0_far_08,2.4,1.0,0.4,binary_combined,0,False,False,True,0,,8.499999992750418e-05,0.00013100000018084756,8.900000025846566e-05,17.539029000001705,0.037539334000002075,False,False,False
base_0_far_08_v1.0_h0.4,base_0_far_08,2.4,1.0,0.4,json_combined,1,False,False,True,0,,5.2999999056169145e-05,0.0001330000003463283,7.799999934832158e-05,17.539029000001705,0.03753929300000046,False,False,False
base_0_far_08_v1.0_h0.4,base_0_far_08,2.4,1.0,0.4,binary_full,2,False,False,True,0,,5.09999988906884e-05,0.00010599999988869513,7.299999893461973e-05,17.539029000001705,0.03753925899999942,False,False,False
base_0_far_09_v0.0_h0.2,base_0_far_09,2.45,0.0,0.2,json_combined,0,False,False,True,0,,0.000213999999942871,0.0006270000003638643,0.00015400000030751926,21.357682000001432,0.04135867700000205,False,False,False
base_0_far_09_v0.0_h0.2,base_0_far_09,2.45,0.0,0.2,binary_full,1,False,False,True,0,,8.299999976202344e-05,0.00026999999924726126,0.00012300000129528144,21.357682000001432,0.04135815800000174,False,False,False
base_0_far_09_v0.0_h0.2,base_0_far_09,2.45,0.0,0.2,binary_combined,2,False,False,True,0,,8.299999976202344e-05,0.00015700000055574037,8.39999998447638e-05,21.357682000001432,0.0413580060000016,False,False,False
base_0_far_09_v0.0_h0.3,base_0_far_09,2.45,0.0,0.3,binary_full,0,False,False,True,0,,0.00010199999955773364,0.00018199999907153597,0.00010199999955773364,21.357682000001432,0.04135806799999962,False,False,False
base_0_far_09_v0.0_h0.3,base_0_far_09,2.45,0.0,0.3,binary_combined,1,False,False,True,0,,5.700000116348747e-05,0.00014300000117373202,7.499999910010047e-05,21.357682000001432,0.04135795700000287,False,False,False
base_0_far_09_v0.0_h0.3,base_0_far_09,2.45,0.0,0.3,json_combined,2,False,False,True,0,,5.200000074978561e-05,0.00018699999948523782,9.700000092038863e-05,21.357682000001432,0.04135801800000259,False,False,False
base_0_far_09_v0.0_h0.4,base_0_far_09,2.45,0.0,0.4,binary_combined,0,False,False,True,0,,0.00010199999955773364,0.00014299999939737518,8.700000009298492e-05,21.357682000001432,0.041358014000000484,False,False,False
base_0_far_09_v0.0_h0.4,base_0_far_09,2.45,0.0,0.4,json_combined,1,False,False,True,0,,5.2999999056169145e-05,0.00017800000051693132,7.599999918284084e-05,21.357682000001432,0.04135798900000019,False,False,False
base_0_far_09_v0.0_h0.4,base_0_far_09,2.45,0.0,0.4,binary_full,2,False,False,True,0,,5.100000066704524e-05,0.00010800000005417587,7.300000071097656e-05,21.357682000001432,0.04135791400000287,False,False,False
base_0_far_09_v0.5_h0.2,base_0_far_09,2.45,0.5,0.2,json_combined,0,False,False,True,0,,8.600000001024455e-05,0.00022699999924213898,7.699999926558121e-05,21.357682000001432,0.041358071999999954,False,False,False
base_0_far_09_v0.5_h0.2,base_0_far_09,2.45,0.5,0.2,binary_full,1,False,False,True,0,,5.1999998973428774e-05,0.0001370000006772898,7.300000071097656e-05,21.357682000001432,0.0413579440000018,False,False,False
base_0_far_09_v0.5_h0.2,base_0_far_09,2.45,0.5,0.2,binary_combined,2,False,False,True,0,,5.1999998973428774e-05,0.00011399999877426126,7.499999910010047e-05,21.357682000001432,0.041357922999998284,False,False,False
base_0_far_09_v0.5_h0.3,base_0_far_09,2.45,0.5,0.3,binary_full,0,False,False,True,0,,8.39999998447638e-05,0.0001860000011788543,0.00012399999960166497,21.357682000001432,0.04135807600000206,False,False,False
base_0_far_09_v0.5_h0.3,base_0_far_09,2.45,0.5,0.3,binary_combined,1,False,False,True,0,,4.899999872520766e-05,0.0001300000000981072,7.20000006282362e-05,21.357682000001432,0.04135793300000089,False,False,False
base_0_far_09_v0.5_h0.3,base_0_far_09,2.45,0.5,0.3,json_combined,2,False,False,True,0,,5.100000066704524e-05,0.00013600000059454942,7.300000071097656e-05,21.357682000001432,0.04135794200000341,False,False,False
base_0_far_09_v0.5_h0.4,base_0_far_09,2.45,0.5,0.4,binary_combined,0,False,False,True,0,,5.699999938713063e-05,0.00016699999960678724,0.0001069999999714355,21.357682000001432,0.0413580130000004,False,False,False
base_0_far_09_v0.5_h0.4,base_0_far_09,2.45,0.5,0.4,json_combined,1,False,False,True,0,,5.5000000998006726e-05,0.00014800000158743387,7.50000008764573e-05,21.357682000001432,0.0413579600000049,False,False,False
base_0_far_09_v0.5_h0.4,base_0_far_09,2.45,0.5,0.4,binary_full,2,False,False,True,0,,5.000000058430487e-05,0.00013100000018084756,7.39999990173601e-05,21.357682000001432,0.04135793700000122,False,False,False
base_0_far_09_v1.0_h0.2,base_0_far_09,2.45,1.0,0.2,json_combined,0,False,False,True,0,,0.00012699999984988608,0.00013999999914915406,9.900000108586937e-05,21.357682000001432,0.04135804800000152,False,False,False
base_0_far_09_v1.0_h0.2,base_0_far_09,2.45,1.0,0.2,binary_full,1,False,False,True,0,,5.599999930439026e-05,0.00011899999918796311,7.400000079371694e-05,21.357682000001432,0.04135793100000072,False,False,False
base_0_far_09_v1.0_h0.2,base_0_far_09,2.45,1.0,0.2,binary_combined,2,False,False,True,0,,5.5000000998006726e-05,0.00012099999935344385,7.599999918284084e-05,21.357682000001432,0.04135793400000097,False,False,False
base_0_far_09_v1.0_h0.3,base_0_far_09,2.45,1.0,0.3,binary_full,0,False,False,True,0,,7.700000104193805e-05,0.00013500000051180905,7.799999934832158e-05,21.357682000001432,0.04135797200000234,False,False,False
base_0_far_09_v1.0_h0.3,base_0_far_09,2.45,1.0,0.3,binary_combined,1,False,False,True,0,,5.4000000915266355e-05,0.00014499999956285592,8.09999995965427e-05,21.357682000001432,0.04135796200000151,False,False,False
base_0_far_09_v1.0_h0.3,base_0_far_09,2.45,1.0,0.3,json_combined,2,False,False,True,0,,5.499999922164989e-05,0.00016999999985500835,7.900000120741879e-05,21.357682000001432,0.04135798600000172,False,False,False
base_0_far_09_v1.0_h0.4,base_0_far_09,2.45,1.0,0.4,binary_combined,0,False,False,True,0,,8.600000001024455e-05,0.00012499999968440534,0.00010599999988869513,21.357682000001432,0.04135799900000102,False,False,False
base_0_far_09_v1.0_h0.4,base_0_far_09,2.45,1.0,0.4,json_combined,1,False,False,True,0,,5.899999955261137e-05,0.00013699999890093295,8.199999967928306e-05,21.357682000001432,0.04135795999999957,False,False,False
base_0_far_09_v1.0_h0.4,base_0_far_09,2.45,1.0,0.4,binary_full,2,False,False,True,0,,5.200000074978561e-05,0.00010399999972321439,8.000000129015916e-05,21.357682000001432,0.0413579180000032,False,False,False
base_0_free_01_v0.0_h0.2,base_0_free_01,2.55,0.0,0.2,json_combined,0,False,False,True,0,,0.0001950000001471608,0.0006480000003250552,0.0001790000005996717,11.47978899999913,0.031480811000000206,False,False,False
base_0_free_01_v0.0_h0.2,base_0_free_01,2.55,0.0,0.2,binary_full,1,False,False,True,0,,8.400000162112065e-05,0.0002700000010236181,9.29999988130703e-05,11.47978899999913,0.03148023600000059,False,False,False
base_0_free_01_v0.0_h0.2,base_0_free_01,2.55,0.0,0.2,binary_combined,2,False,False,True,0,,5.700000116348747e-05,0.00014299999939737518,8.600000001024455e-05,11.47978899999913,0.031480074999999705,False,False,False
base_0_free_01_v0.0_h0.3,base_0_free_01,2.55,0.0,0.3,binary_full,0,False,False,True,0,,6.600000013179397e-05,0.00018499999931975708,0.00011200000038513735,11.47978899999913,0.03148015199999897,False,False,False
base_0_free_01_v0.0_h0.3,base_0_free_01,2.55,0.0,0.3,binary_combined,1,False,False,True,0,,6.800000029727471e-05,0.00014499999956285592,7.899999943106195e-05,11.47978899999913,0.031480080999998425,False,False,False
base_0_free_01_v0.0_h0.3,base_0_free_01,2.55,0.0,0.3,json_combined,2,False,False,True,0,,7.700000104193805e-05,0.00020000000056086265,7.899999943106195e-05,11.47978899999913,0.03148014500000017,False,False,False
base_0_free_01_v0.0_h0.4,base_0_free_01,2.55,0.0,0.4,binary_combined,0,False,False,True,0,,9.8000001003129e-05,0.00015599999869664316,7.50000008764573e-05,11.47978899999913,0.03148011799999971,False,False,False
base_0_free_01_v0.0_h0.4,base_0_free_01,2.55,0.0,0.4,json_combined,1,False,False,True,0,,6.50000000490536e-05,0.0001530000002247789,7.999999951380232e-05,11.47978899999913,0.03148008699999892,False,False,False
base_0_free_01_v0.0_h0.4,base_0_free_01,2.55,0.0,0.4,binary_full,2,False,False,True,0,,5.000000058430487e-05,0.00013699999890093295,7.599999918284084e-05,11.47978899999913,0.0314800519999978,False,False,False
base_0_free_01_v0.5_h0.2,base_0_free_01,2.55,0.5,0.2,json_combined,0,False,False,True,0,,0.00014999999997655777,0.00015700000055574037,7.599999918284084e-05,11.47978899999913,0.03148017199999885,False,False,False
base_0_free_01_v0.5_h0.2,base_0_free_01,2.55,0.5,0.2,binary_full,1,False,False,True,0,,5.599999930439026e-05,0.00014999999997655777,7.39999990173601e-05,11.47978899999913,0.03148006899999743,False,False,False
base_0_free_01_v0.5_h0.2,base_0_free_01,2.55,0.5,0.2,binary_combined,2,False,False,True,0,,5.09999988906884e-05,0.00011500000063335847,7.300000071097656e-05,11.47978899999913,0.03148002799999937,False,False,False
base_0_free_01_v0.5_h0.3,base_0_free_01,2.55,0.5,0.3,binary_full,0,False,False,True,0,,0.00010000000116860974,0.00014499999956285592,7.600000095919768e-05,11.47978899999913,0.031480110000000824,False,False,False
base_0_free_01_v0.5_h0.3,base_0_free_01,2.55,0.5,0.3,binary_combined,1,False,False,True,0,,5.100000066704524e-05,0.00012499999968440534,7.300000071097656e-05,11.47978899999913,0.031480038000000196,False,False,False
base_0_free_01_v0.5_h0.3,base_0_free_01,2.55,0.5,0.3,json_combined,2,False,False,True,0,,5.200000074978561e-05,0.00015699999877938353,7.599999918284084e-05,11.47978899999913,0.031480073999997846,False,False,False
base_0_free_01_v0.5_h0.4,base_0_free_01,2.55,0.5,0.4,binary_combined,0,False,False,True,0,,8.800000017572529e-05,0.0001579999988621239,9.099999864758956e-05,11.47978899999913,0.03148012599999682,False,False,False
base_0_free_01_v0.5_h0.4,base_0_free_01,2.55,0.5,0.4,json_combined,1,False,False,True,0,,4.899999872520766e-05,0.0001530000002247789,7.299999893461973e-05,11.47978899999913,0.03148006399999702,False,False,False
base_0_free_01_v0.5_h0.4,base_0_free_01,2.55,0.5,0.4,binary_full,2,False,False,True,0,,5.09999988906884e-05,0.00014699999972833666,7.100000054549582e-05,11.47978899999913,0.0314800579999983,False,False,False
base_0_free_01_v1.0_h0.2,base_0_free_01,2.55,1.0,0.2,json_combined,0,False,False,True,0,,0.00010099999947499327,0.0001879999995679782,9.899999930951253e-05,11.47978899999913,0.031480176999997486,False,False,False
base_0_free_01_v1.0_h0.2,base_0_free_01,2.55,1.0,0.2,binary_full,1,False,False,True,0,,5.3000000832525984e-05,0.00010499999980595476,7.899999943106195e-05,11.47978899999913,0.0314800259999992,False,False,False
base_0_free_01_v1.0_h0.2,base_0_free_01,2.55,1.0,0.2,binary_combined,2,False,False,True,0,,5.3999999138909516e-05,0.00010599999988869513,7.700000104193805e-05,11.47978899999913,0.0314800259999992,False,False,False
base_0_free_01_v1.0_h0.3,base_0_free_01,2.55,1.0,0.3,binary_full,0,False,False,True,0,,8.39999998447638e-05,0.00013799999898367332,7.800000112467842e-05,11.47978899999913,0.03148008899999909,False,False,False
base_0_free_01_v1.0_h0.3,base_0_free_01,2.55,1.0,0.3,binary_combined,1,False,False,True,0,,5.200000074978561e-05,0.00012399999960166497,7.20000006282362e-05,11.47978899999913,0.03148003700000011,False,False,False
base_0_free_01_v1.0_h0.3,base_0_free_01,2.55,1.0,0.3,json_combined,2,False,False,True,0,,5.09999988906884e-05,0.00013900000084277053,8.09999995965427e-05,11.47978899999913,0.031480059999998464,False,False,False
base_0_free_01_v1.0_h0.4,base_0_free_01,2.55,1.0,0.4,binary_combined,0,False,False,True,0,,7.899999943106195e-05,0.0002020000007263434,0.00010200000133409048,11.47978899999913,0.031480172000000625,False,False,False
base_0_free_01_v1.0_h0.4,base_0_free_01,2.55,1.0,0.4,json_combined,1,False,False,True,0,,5.2999999056169145e-05,0.00016000000080396148,7.599999918284084e-05,11.47978899999913,0.03148007799999818,False,False,False
base_0_free_01_v1.0_h0.4,base_0_free_01,2.55,1.0,0.4,binary_full,2,False,False,True,0,,7.899999943106195e-05,0.00012600000154350255,7.599999918284084e-05,11.47978899999913,0.03148006999999929,False,False,False
base_0_free_02_v0.0_h0.2,base_0_free_02,2.6,0.0,0.2,json_combined,0,False,False,True,0,,0.00023999999854140697,0.0005480000009328023,0.00017600000035145058,13.143762000000336,0.033144726000000166,False,False,False
base_0_free_02_v0.0_h0.2,base_0_free_02,2.6,0.0,0.2,binary_full,1,False,False,True,0,,8.800000017572529e-05,0.0002890000008193283,8.20000014556399e-05,13.143762000000336,0.03314422100000279,False,False,False
base_0_free_02_v0.0_h0.2,base_0_free_02,2.6,0.0,0.2,binary_combined,2,False,False,True,0,,6.299999988357285e-05,0.00012399999960166497,7.799999934832158e-05,13.143762000000336,0.033144026999999174,False,False,False
base_0_free_02_v0.0_h0.3,base_0_free_02,2.6,0.0,0.3,binary_full,0,False,False,True,0,,9.000000034120603e-05,0.00014999999997655777,9.000000034120603e-05,13.143762000000336,0.033144092000001,False,False,False
base_0_free_02_v0.0_h0.3,base_0_free_02,2.6,0.0,0.3,binary_combined,1,False,False,True,0,,5.200000074978561e-05,0.00013799999898367332,0.00010599999988869513,13.143762000000336,0.03314405799999996,False,False,False
base_0_free_02_v0.0_h0.3,base_0_free_02,2.6,0.0,0.3,json_combined,2,False,False,True,0,,6.800000029727471e-05,0.00016899999977226798,7.999999951380232e-05,13.143762000000336,0.033144078999999924,False,False,False
base_0_free_02_v0.0_h0.4,base_0_free_02,2.6,0.0,0.4,binary_combined,0,False,False,True,0,,0.0001069999999714355,0.00014799999981107703,9.799999922677216e-05,13.143762000000336,0.03314411499999935,False,False,False
base_0_free_02_v0.0_h0.4,base_0_free_02,2.6,0.0,0.4,json_combined,1,False,False,True,0,,5.4000000915266355e-05,0.0001579999988621239,7.900000120741879e-05,13.143762000000336,0.033144053000001325,False,False,False
base_0_free_02_v0.0_h0.4,base_0_free_02,2.6,0.0,0.4,binary_full,2,False,False,True,0,,5.499999922164989e-05,0.00016399999935856613,7.499999910010047e-05,13.143762000000336,0.03314405599999802,False,False,False
base_0_free_02_v0.5_h0.2,base_0_free_02,2.6,0.5,0.2,json_combined,0,False,False,True,0,,0.00010900000013691624,0.0001549999986139028,7.799999934832158e-05,13.143762000000336,0.03314410399999844,False,False,False
base_0_free_02_v0.5_h0.2,base_0_free_02,2.6,0.5,0.2,binary_full,1,False,False,True,0,,5.3999999138909516e-05,0.00014499999956285592,7.799999934832158e-05,13.143762000000336,0.03314403899999839,False,False,False
base_0_free_02_v0.5_h0.2,base_0_free_02,2.6,0.5,0.2,binary_combined,2,False,False,True,0,,5.2999999056169145e-05,0.00012099999935344385,7.900000120741879e-05,13.143762000000336,0.03314401499999996,False,False,False
base_0_free_02_v0.5_h0.3,base_0_free_02,2.6,0.5,0.3,binary_full,0,False,False,True,0,,9.099999864758956e-05,0.00011899999918796311,9.400000067216752e-05,13.143762000000336,0.03314406599999885,False,False,False
base_0_free_02_v0.5_h0.3,base_0_free_02,2.6,0.5,0.3,binary_combined,1,False,False,True,0,,5.3000000832525984e-05,0.00014300000117373202,7.899999943106195e-05,13.143762000000336,0.03314403700000178,False,False,False
base_0_free_02_v0.5_h0.3,base_0_free_02,2.6,0.5,0.3,json_combined,2,False,False,True,0,,5.4000000915266355e-05,0.00013299999856997147,7.299999893461973e-05,13.143762000000336,0.03314402199999876,False,False,False
base_0_free_02_v0.5_h0.4,base_0_free_02,2.6,0.5,0.4,binary_combined,0,False,False,True,0,,9.200000050668677e-05,0.00013200000026358794,0.00010299999964047402,13.143762000000336,0.03314408900000075,False,False,False
base_0_free_02_v0.5_h0.4,base_0_free_02,2.6,0.5,0.4,json_combined,1,False,False,True,0,,5.000000058430487e-05,0.00013200000026358794,7.300000071097656e-05,13.143762000000336,0.0331440170000019,False,False,False
base_0_free_02_v0.5_h0.4,base_0_free_02,2.6,0.5,0.4,binary_full,2,False,False,True,0,,5.3000000832525984e-05,0.00010900000013691624,7.499999910010047e-05,13.143762000000336,0.03314399900000041,False,False,False
base_0_free_02_v1.0_h0.2,base_0_free_02,2.6,1.0,0.2,json_combined,0,False,False,True,0,,8.20000014556399e-05,0.00016000000080396148,7.799999934832158e-05,13.143762000000336,0.03314408200000195,False,False,False
base_0_free_02_v1.0_h0.2,base_0_free_02,2.6,1.0,0.2,binary_full,1,False,False,True,0,,5.100000066704524e-05,0.00010499999980595476,7.799999934832158e-05,13.143762000000336,0.03314399600000016,False,False,False
base_0_free_02_v1.0_h0.2,base_0_free_02,2.6,1.0,0.2,binary_combined,2,False,False,True,0,,5.1999998973428774e-05,0.00012699999984988608,7.599999918284084e-05,13.143762000000336,0.033144016999998346,False,False,False
base_0_free_02_v1.0_h0.3,base_0_free_02,2.6,1.0,0.3,binary_full,0,False,False,True,0,,9.500000075490789e-05,0.00015399999853116242,8.800000017572529e-05,13.143762000000336,0.0331440989999998,False,False,False
base_0_free_02_v1.0_h0.3,base_0_free_02,2.6,1.0,0.3,binary_combined,1,False,False,True,0,,5.000000058430487e-05,0.00014499999956285592,7.499999910010047e-05,13.143762000000336,0.03314403199999959,False,False,False
base_0_free_02_v1.0_h0.3,base_0_free_02,2.6,1.0,0.3,json_combined,2,False,False,True,0,,7.099999876913898e-05,0.0001489999998938174,8.900000025846566e-05,13.143762000000336,0.03314407099999926,False,False,False
base_0_free_02_v1.0_h0.4,base_0_free_02,2.6,1.0,0.4,binary_combined,0,False,False,True,0,,8.39999998447638e-05,0.00012199999943618423,7.699999926558121e-05,13.143762000000336,0.03314404499999889,False,False,False
base_0_free_02_v1.0_h0.4,base_0_free_02,2.6,1.0,0.4,json_combined,1,False,False,True,0,,6.30000016599297e-05,0.0001400000009255109,8.39999998447638e-05,13.143762000000336,0.03314404900000277,False,False,False
base_0_free_02_v1.0_h0.4,base_0_free_02,2.6,1.0,0.4,binary_full,2,False,False,True,0,,8.800000017572529e-05,0.00012499999968440534,7.100000054549582e-05,13.143762000000336,0.033144046000000746,False,False,False
base_0_free_03_v0.0_h0.2,base_0_free_03,2.65,0.0,0.2,json_combined,0,False,False,True,0,,0.0003179999996660854,0.0008979999996938659,0.0002440000006487253,22.320635000001587,0.0423220950000016,False,False,False
base_0_free_03_v0.0_h0.2,base_0_free_03,2.65,0.0,0.2,binary_full,1,False,False,True,0,,0.00011699999902248237,0.000518000000226948,0.0001820000008478928,22.320635000001587,0.04232145200000169,False,False,False
base_0_free_03_v0.0_h0.2,base_0_free_03,2.65,0.0,0.2,binary_combined,2,False,False,True,0,,9.000000034120603e-05,0.00034500000012371856,0.00017300000010322947,22.320635000001587,0.04232124300000216,False,False,False
base_0_free_03_v0.0_h0.3,base_0_free_03,2.65,0.0,0.3,binary_full,0,False,False,True,0,,0.00023199999965584084,0.00038399999979787935,0.00019299999998168005,22.320635000001587,0.04232144400000103,False,False,False
base_0_free_03_v0.0_h0.3,base_0_free_03,2.65,0.0,0.3,binary_combined,1,False,False,True,0,,0.0001140000005506181,0.0003209999999143065,0.00013999999914915406,22.320635000001587,0.042321210000001205,False,False,False
base_0_free_03_v0.0_h0.3,base_0_free_03,2.65,0.0,0.3,json_combined,2,False,False,True,0,,0.0001069999999714355,0.0003209999999143065,0.00014500000133921276,22.320635000001587,0.042321208000002816,False,False,False
base_0_free_03_v0.0_h0.4,base_0_free_03,2.65,0.0,0.4,binary_combined,0,False,False,True,0,,0.0003580000011993434,0.000654999999127881,0.0005820000001932613,22.320635000001587,0.04232223000000211,False,False,False
base_0_free_03_v0.0_h0.4,base_0_free_03,2.65,0.0,0.4,json_combined,1,False,False,True,0,,0.00016899999977226798,0.0005749999996140787,0.00016599999952404687,22.320635000001587,0.0423215450000005,False,False,False
base_0_free_03_v0.0_h0.4,base_0_free_03,2.65,0.0,0.4,binary_full,2,False,False,True,0,,0.0001140000005506181,0.00039400000062528306,0.00012699999984988608,22.320635000001587,0.04232127000000262,False,False,False
base_0_free_03_v0.5_h0.2,base_0_free_03,2.65,0.5,0.2,json_combined,0,False,False,True,0,,0.0002020000007263434,0.00045499999856701834,0.0001839999992370167,22.320635000001587,0.04232147600000012,False,False,False
base_0_free_03_v0.5_h0.2,base_0_free_03,2.65,0.5,0.2,binary_full,1,False,False,True,0,,9.400000067216752e-05,0.00035300000078564153,0.0001389999990664137,22.320635000001587,0.042321221000002116,False,False,False
base_0_free_03_v0.5_h0.2,base_0_free_03,2.65,0.5,0.2,binary_combined,2,False,False,True,0,,9.700000092038863e-05,0.00033700000123815244,0.0001349999987354522,22.320635000001587,0.042321204000002485,False,False,False
base_0_free_03_v0.5_h0.3,base_0_free_03,2.65,0.5,0.3,binary_full,0,False,False,True,0,,0.00016100000088670186,0.00036500000000216914,0.00016699999960678724,22.320635000001587,0.04232132800000209,False,False,False
base_0_free_03_v0.5_h0.3,base_0_free_03,2.65,0.5,0.3,binary_combined,1,False,False,True,0,,9.000000034120603e-05,0.0003470000002891993,0.0001349999987354522,22.320635000001587,0.04232120700000096,False,False,False
base_0_free_03_v0.5_h0.3,base_0_free_03,2.65,0.5,0.3,json_combined,2,False,False,True,0,,7.900000120741879e-05,0.0003060000004495578,0.00011900000096431995,22.320635000001587,0.04232113900000421,False,False,False
base_0_free_03_v0.5_h0.4,base_0_free_03,2.65,0.5,0.4,binary_combined,0,False,False,True,0,,0.00012799999993262645,0.0003629999998366884,0.0001630000010521826,22.320635000001587,0.04232128900000241,False,False,False
base_0_free_03_v0.5_h0.4,base_0_free_03,2.65,0.5,0.4,json_combined,1,False,False,True,0,,7.900000120741879e-05,0.0003399999997100167,0.00014499999956285592,22.320635000001587,0.04232119900000207,False,False,False
base_0_free_03_v0.5_h0.4,base_0_free_03,2.65,0.5,0.4,binary_full,2,False,False,True,0,,8.299999976202344e-05,0.00030700000053229815,0.00011799999910522274,22.320635000001587,0.04232114300000099,False,False,False
base_0_free_03_v1.0_h0.2,base_0_free_03,2.65,1.0,0.2,json_combined,0,False,False,True,0,,0.0001140000005506181,0.0002759999997437035,0.00016100000088670186,22.320635000001587,0.04232118600000277,False,False,False
base_0_free_03_v1.0_h0.2,base_0_free_03,2.65,1.0,0.2,binary_full,1,False,False,True,0,,9.799999922677216e-05,0.00030400000028407703,0.00016000000080396148,22.320635000001587,0.042321197000001906,False,False,False
base_0_free_03_v1.0_h0.2,base_0_free_03,2.65,1.0,0.2,binary_combined,2,False,False,True,0,,7.700000104193805e-05,0.00031100000086325963,0.00012099999935344385,22.320635000001587,0.04232114400000285,False,False,False
base_0_free_03_v1.0_h0.3,base_0_free_03,2.65,1.0,0.3,binary_full,0,False,False,True,0,,0.00016599999952404687,0.0003569999993402462,0.0001590000007212211,22.320635000001587,0.04232131700000118,False,False,False
base_0_free_03_v1.0_h0.3,base_0_free_03,2.65,1.0,0.3,binary_combined,1,False,False,True,0,,7.999999951380232e-05,0.0003160000012769615,0.00014999999997655777,22.320635000001587,0.04232118100000236,False,False,False
base_0_free_03_v1.0_h0.3,base_0_free_03,2.65,1.0,0.3,json_combined,2,False,False,True,0,,7.800000112467842e-05,0.0003179999996660854,0.00013100000018084756,22.320635000001587,0.04232116200000256,False,False,False
base_0_free_03_v1.0_h0.4,base_0_free_03,2.65,1.0,0.4,binary_combined,0,False,False,True,0,,0.00015100000005929815,0.0003800000012432747,0.00016899999977226798,22.320635000001587,0.042321335000002666,False,False,False
base_0_free_03_v1.0_h0.4,base_0_free_03,2.65,1.0,0.4,json_combined,1,False,False,True,0,,8.09999995965427e-05,0.0003099999990041624,0.00012799999993262645,22.320635000001587,0.042321154000000125,False,False,False
base_0_free_03_v1.0_h0.4,base_0_free_03,2.65,1.0,0.4,binary_full,2,False,False,True,0,,8.199999967928306e-05,0.00033000000065896984,0.00014299999939737518,22.320635000001587,0.04232119000000133,False,False,False
base_0_free_04_v0.0_h0.2,base_0_free_04,2.7,0.0,0.2,json_combined,0,False,False,True,0,,0.00027699999982644385,0.0009849999997868508,0.0002529999996170318,39.29433599999932,0.05929585099999855,False,False,False
base_0_free_04_v0.0_h0.2,base_0_free_04,2.7,0.0,0.2,binary_full,1,False,False,True,0,,0.00014299999939737518,0.0004709999998908643,0.00016899999977226798,39.29433599999932,0.059295118999998384,False,False,False
base_0_free_04_v0.0_h0.2,base_0_free_04,2.7,0.0,0.2,binary_combined,2,False,False,True,0,,9.29999988130703e-05,0.00025499999978251253,0.00013900000084277053,39.29433599999932,0.05929482299999876,False,False,False
base_0_free_04_v0.0_h0.3,base_0_free_04,2.7,0.0,0.3,binary_full,0,False,False,True,0,,0.00010700000174779234,0.0002069999993636884,0.0001590000007212211,39.29433599999932,0.059294809000001156,False,False,False
base_0_free_04_v0.0_h0.3,base_0_free_04,2.7,0.0,0.3,binary_combined,1,False,False,True,0,,8.600000001024455e-05,0.00019299999998168005,0.00016400000113492297,39.29433599999932,0.05929477900000045,False,False,False
base_0_free_04_v0.0_h0.3,base_0_free_04,2.7,0.0,0.3,json_combined,2,False,False,True,0,,8.999999856484919e-05,0.00023099999957310047,0.00012199999943618423,39.29433599999932,0.0592947789999969,False,False,False
base_0_free_04_v0.0_h0.4,base_0_free_04,2.7,0.0,0.4,binary_combined,0,False,False,True,0,,8.700000009298492e-05,0.00020000000056086265,0.00013600000059454942,39.29433599999932,0.05929475900000057,False,False,False
base_0_free_04_v0.0_h0.4,base_0_free_04,2.7,0.0,0.4,json_combined,1,False,False,True,0,,8.700000009298492e-05,0.00021500000002561137,0.00012699999984988608,39.29433599999932,0.05929476499999929,False,False,False
base_0_free_04_v0.0_h0.4,base_0_free_04,2.7,0.0,0.4,binary_full,2,False,False,True,0,,8.600000001024455e-05,0.00020300000080908376,0.00011500000063335847,39.29433599999932,0.059294740000000776,False,False,False
base_0_free_04_v0.5_h0.2,base_0_free_04,2.7,0.5,0.2,json_combined,0,False,False,True,0,,7.800000112467842e-05,0.00019299999998168005,0.00011999999927070348,39.29433599999932,0.0592947269999997,False,False,False
base_0_free_04_v0.5_h0.2,base_0_free_04,2.7,0.5,0.2,binary_full,1,False,False,True,0,,7.799999934832158e-05,0.00023200000143219768,0.00013100000018084756,39.29433599999932,0.059294777000000284,False,False,False
base_0_free_04_v0.5_h0.2,base_0_free_04,2.7,0.5,0.2,binary_combined,2,False,False,True,0,,8.900000025846566e-05,0.0002600000001962144,0.00011700000079883921,39.29433599999932,0.05929480200000058,False,False,False
base_0_free_04_v0.5_h0.3,base_0_free_04,2.7,0.5,0.3,binary_full,0,False,False,True,0,,6.800000029727471e-05,0.00018999999973345894,0.0001069999999714355,39.29433599999932,0.059294700999999325,False,False,False
base_0_free_04_v0.5_h0.3,base_0_free_04,2.7,0.5,0.3,binary_combined,1,False,False,True,0,,8.199999967928306e-05,0.00018100000076515244,0.00013100000018084756,39.29433599999932,0.05929472999999995,False,False,False
base_0_free_04_v0.5_h0.3,base_0_free_04,2.7,0.5,0.3,json_combined,2,False,False,True,0,,8.199999967928306e-05,0.00023300000151493805,0.00011500000063335847,39.29433599999932,0.05929476600000115,False,False,False
base_0_free_04_v0.5_h0.4,base_0_free_04,2.7,0.5,0.4,binary_combined,0,False,False,True,0,,6.900000038001508e-05,0.0001649999994413065,0.0001089999983605594,39.29433599999932,0.059294678999997505,False,False,False
base_0_free_04_v0.5_h0.4,base_0_free_04,2.7,0.5,0.4,json_combined,1,False,False,True,0,,7.699999926558121e-05,0.0001720000000204891,0.0001349999987354522,39.29433599999932,0.059294719999997345,False,False,False
base_0_free_04_v0.5_h0.4,base_0_free_04,2.7,0.5,0.4,binary_full,2,False,False,True,0,,9.799999922677216e-05,0.00016000000080396148,0.00010599999988869513,39.29433599999932,0.05929469999999924,False,False,False
base_0_free_04_v1.0_h0.2,base_0_free_04,2.7,1.0,0.2,json_combined,0,False,False,True,0,,0.00019900000047812227,0.00042699999980300163,0.00020999999961190952,39.29433599999932,0.059295171999999216,False,False,False
base_0_free_04_v1.0_h0.2,base_0_free_04,2.7,1.0,0.2,binary_full,1,False,False,True,0,,0.00010800000005417587,0.00028199999846378887,0.00013799999898367332,39.29433599999932,0.059294863999996825,False,False,False
base_0_free_04_v1.0_h0.2,base_0_free_04,2.7,1.0,0.2,binary_combined,2,False,False,True,0,,9.29999988130703e-05,0.00020100000064360302,0.00012900000001536682,39.29433599999932,0.059294758999998795,False,False,False
base_0_free_04_v1.0_h0.3,base_0_free_04,2.7,1.0,0.3,binary_full,0,False,False,True,0,,0.00010900000013691624,0.00024200000048324455,0.00017099999993774873,39.29433599999932,0.05929485799999988,False,False,False
base_0_free_04_v1.0_h0.3,base_0_free_04,2.7,1.0,0.3,binary_combined,1,False,False,True,0,,7.299999893461973e-05,0.00017600000035145058,0.0001370000006772898,39.29433599999932,0.059294721999999286,False,False,False
base_0_free_04_v1.0_h0.3,base_0_free_04,2.7,1.0,0.3,json_combined,2,False,False,True,0,,9.200000050668677e-05,0.0002039999991154673,0.00013100000018084756,39.29433599999932,0.059294762999999126,False,False,False
base_0_free_04_v1.0_h0.4,base_0_free_04,2.7,1.0,0.4,binary_combined,0,False,False,True,0,,9.499999897855105e-05,0.00021999999866295639,0.00016699999960678724,39.29433599999932,0.05929481799999657,False,False,False
base_0_free_04_v1.0_h0.4,base_0_free_04,2.7,1.0,0.4,json_combined,1,False,False,True,0,,7.50000008764573e-05,0.00023900000023502344,0.00011600000071609884,39.29433599999932,0.05929476600000115,False,False,False
base_0_free_04_v1.0_h0.4,base_0_free_04,2.7,1.0,0.4,binary_full,2,False,False,True,0,,8.600000001024455e-05,0.00022799999932487935,0.00012900000001536682,39.29433599999932,0.059294778999998674,False,False,False
base_0_free_05_v0.0_h0.2,base_0_free_05,2.75,0.0,0.2,json_combined,0,False,False,True,0,,0.00028000000007466497,0.0009950000006142545,0.00022899999940761973,39.52243000000166,0.05952393400000176,False,False,False
base_0_free_05_v0.0_h0.2,base_0_free_05,2.75,0.0,0.2,binary_full,1,False,False,True,0,,0.00020600000105730487,0.00033499999929631485,0.00013200000026358794,39.52243000000166,0.059523103000002284,False,False,False
base_0_free_05_v0.0_h0.2,base_0_free_05,2.75,0.0,0.2,binary_combined,2,False,False,True,0,,6.900000038001508e-05,0.00037100000049861137,0.00013699999890093295,39.52243000000166,0.059523007000001446,False,False,False
base_0_free_05_v0.0_h0.3,base_0_free_05,2.75,0.0,0.3,binary_full,0,False,False,True,0,,9.300000058942715e-05,0.00021500000002561137,0.00014999999997655777,39.52243000000166,0.05952288800000226,False,False,False
base_0_free_05_v0.0_h0.3,base_0_free_05,2.75,0.0,0.3,binary_combined,1,False,False,True,0,,9.499999897855105e-05,0.00020999999961190952,0.0001240000013780218,39.52243000000166,0.059522859000001635,False,False,False
base_0_free_05_v0.0_h0.3,base_0_free_05,2.75,0.0,0.3,json_combined,2,False,False,True,0,,9.10000004239464e-05,0.00021299999986013063,0.00012000000104706032,39.52243000000166,0.059522854000003,False,False,False
base_0_free_05_v0.0_h0.4,base_0_free_05,2.75,0.0,0.4,binary_combined,0,False,False,True,0,,0.00012600000154350255,0.00020799999944642877,0.0001330000003463283,39.52243000000166,0.059522897000003,False,False,False
base_0_free_05_v0.0_h0.4,base_0_free_05,2.75,0.0,0.4,json_combined,1,False,False,True,0,,8.09999995965427e-05,0.00018300000093063318,0.00011499999885700163,39.52243000000166,0.05952280900000105,False,False,False
base_0_free_05_v0.0_h0.4,base_0_free_05,2.75,0.0,0.4,binary_full,2,False,False,True,0,,8.299999976202344e-05,0.0001790000005996717,0.00011899999918796311,39.52243000000166,0.059522811000001216,False,False,False
base_0_free_05_v0.5_h0.2,base_0_free_05,2.75,0.5,0.2,json_combined,0,False,False,True,0,,9.10000004239464e-05,0.0002210000005220536,0.00012099999935344385,39.52243000000166,0.059522863000001966,False,False,False
base_0_free_05_v0.5_h0.2,base_0_free_05,2.75,0.5,0.2,binary_full,1,False,False,True,0,,8.900000025846566e-05,0.00022200000060479397,0.0002569999999479933,39.52243000000166,0.05952299800000248,False,False,False
base_0_free_05_v0.5_h0.2,base_0_free_05,2.75,0.5,0.2,binary_combined,2,False,False,True,0,,0.00012499999968440534,0.0003760000009123132,0.0001300000000981072,39.52243000000166,0.05952306100000236,False,False,False
base_0_free_05_v0.5_h0.3,base_0_free_05,2.75,0.5,0.3,binary_full,0,False,False,True,0,,8.800000017572529e-05,0.0002850000004883668,0.00015500000039025963,39.52243000000166,0.05952295800000272,False,False,False
base_0_free_05_v0.5_h0.3,base_0_free_05,2.75,0.5,0.3,binary_combined,1,False,False,True,0,,0.00012799999993262645,0.00021900000035657285,0.00011300000046787773,39.52243000000166,0.059522890000002424,False,False,False
base_0_free_05_v0.5_h0.3,base_0_free_05,2.75,0.5,0.3,json_combined,2,False,False,True,0,,7.199999885187935e-05,0.00028100000015740534,0.0001069999999714355,39.52243000000166,0.05952289000000065,False,False,False
base_0_free_05_v0.5_h0.4,base_0_free_05,2.75,0.5,0.4,binary_combined,0,False,False,True,0,,0.0001069999999714355,0.00020700000114004524,0.00010900000013691624,39.52243000000166,0.059522853000002915,False,False,False
base_0_free_05_v0.5_h0.4,base_0_free_05,2.75,0.5,0.4,json_combined,1,False,False,True,0,,8.499999992750418e-05,0.00017300000010322947,0.00012900000001536682,39.52243000000166,0.05952281700000171,False,False,False
base_0_free_05_v0.5_h0.4,base_0_free_05,2.75,0.5,0.4,binary_full,2,False,False,True,0,,8.999999856484919e-05,0.00023199999965584084,0.00013200000026358794,39.52243000000166,0.05952288400000015,False,False,False
base_0_free_05_v1.0_h0.2,base_0_free_05,2.75,1.0,0.2,json_combined,0,False,False,True,0,,0.0001069999999714355,0.00026200000036169513,0.0001050000015823116,39.52243000000166,0.05952290400000358,False,False,False
base_0_free_05_v1.0_h0.2,base_0_free_05,2.75,1.0,0.2,binary_full,1,False,False,True,0,,9.900000108586937e-05,0.00022899999940761973,0.0001389999990664137,39.52243000000166,0.059522897000001226,False,False,False
base_0_free_05_v1.0_h0.2,base_0_free_05,2.75,1.0,0.2,binary_combined,2,False,False,True,0,,8.800000017572529e-05,0.0002299999994903601,0.0001349999987354522,39.52243000000166,0.05952288300000007,False,False,False
base_0_free_05_v1.0_h0.3,base_0_free_05,2.75,1.0,0.3,binary_full,0,False,False,True,0,,8.300000153838027e-05,0.0002449999989551088,0.00012799999993262645,39.52243000000166,0.05952288600000209,False,False,False
base_0_free_05_v1.0_h0.3,base_0_free_05,2.75,1.0,0.3,binary_combined,1,False,False,True,0,,8.800000017572529e-05,0.0002210000005220536,0.00012399999960166497,39.52243000000166,0.059522863000001966,False,False,False
base_0_free_05_v1.0_h0.3,base_0_free_05,2.75,1.0,0.3,json_combined,2,False,False,True,0,,7.599999918284084e-05,0.00022700000101849582,0.0001459999996455963,39.52243000000166,0.05952287900000151,False,False,False
base_0_free_05_v1.0_h0.4,base_0_free_05,2.75,1.0,0.4,binary_combined,0,False,False,True,0,,0.00012699999984988608,0.00021600000010835174,0.0001419999993146348,39.52243000000166,0.05952291500000094,False,False,False
base_0_free_05_v1.0_h0.4,base_0_free_05,2.75,1.0,0.4,json_combined,1,False,False,True,0,,9.8000001003129e-05,0.00020499999919820766,0.0001459999996455963,39.52243000000166,0.05952287900000151,False,False,False
base_0_free_05_v1.0_h0.4,base_0_free_05,2.75,1.0,0.4,binary_full,2,False,False,True,0,,7.599999918284084e-05,0.0001790000005996717,0.00012799999993262645,39.52243000000166,0.05952281300000138,False,False,False
base_0_free_06_v0.0_h0.2,base_0_free_06,2.8,0.0,0.2,json_combined,0,False,False,True,0,,0.00025800000003073364,0.0009480000002781708,0.00024099999862414734,48.75951500000042,0.06876096199999936,False,False,False
base_0_free_06_v0.0_h0.2,base_0_free_06,2.8,0.0,0.2,binary_full,1,False,False,True,0,,0.0001259999997671457,0.00042299999947204014,0.00013900000084277053,48.75951500000042,0.0687602030000005,False,False,False
base_0_free_06_v0.0_h0.2,base_0_free_06,2.8,0.0,0.2,binary_combined,2,False,False,True,0,,0.0001069999999714355,0.0002310000013494573,0.00012399999960166497,48.75951500000042,0.06875997700000135,False,False,False
base_0_free_06_v0.0_h0.3,base_0_free_06,2.8,0.0,0.3,binary_full,0,False,False,True,0,,0.00011800000088157958,0.0002350000016804188,0.00016000000080396148,48.75951500000042,0.06876002800000379,False,False,False
base_0_free_06_v0.0_h0.3,base_0_free_06,2.8,0.0,0.3,binary_combined,1,False,False,True,0,,9.700000092038863e-05,0.00018199999907153597,0.0001459999996455963,48.75951500000042,0.06875994000000006,False,False,False
base_0_free_06_v0.0_h0.3,base_0_free_06,2.8,0.0,0.3,json_combined,2,False,False,True,0,,9.000000034120603e-05,0.0002830000003228861,0.00013799999898367332,48.75951500000042,0.06876002600000007,False,False,False
base_0_free_06_v0.0_h0.4,base_0_free_06,2.8,0.0,0.4,binary_combined,0,False,False,True,0,,0.00010499999980595476,0.0002329999997385812,0.0001459999996455963,48.75951500000042,0.06875999899999961,False,False,False
base_0_free_06_v0.0_h0.4,base_0_free_06,2.8,0.0,0.4,json_combined,1,False,False,True,0,,8.800000017572529e-05,0.00017700000043419095,0.0001229999995189246,48.75951500000042,0.06875990300000055,False,False,False
base_0_free_06_v0.0_h0.4,base_0_free_06,2.8,0.0,0.4,binary_full,2,False,False,True,0,,7.800000112467842e-05,0.0002109999996946499,0.0001229999995189246,48.75951500000042,0.06875992700000076,False,False,False
base_0_free_06_v0.5_h0.2,base_0_free_06,2.8,0.5,0.2,json_combined,0,False,False,True,0,,0.00012700000162624292,0.00022699999924213898,0.00011799999910522274,48.75951500000042,0.0687599870000004,False,False,False
base_0_free_06_v0.5_h0.2,base_0_free_06,2.8,0.5,0.2,binary_full,1,False,False,True,0,,7.800000112467842e-05,0.00026699999899904014,0.00014699999972833666,48.75951500000042,0.06876000700000028,False,False,False
base_0_free_06_v0.5_h0.2,base_0_free_06,2.8,0.5,0.2,binary_combined,2,False,False,True,0,,9.799999922677216e-05,0.0002020000007263434,0.00014900000167017424,48.75951500000042,0.06875996400000205,False,False,False
base_0_free_06_v0.5_h0.3,base_0_free_06,2.8,0.5,0.3,binary_full,0,False,False,True,0,,9.99999993922529e-05,0.00016200000096944223,0.0001330000003463283,48.75951500000042,0.06875991000000113,False,False,False
base_0_free_06_v0.5_h0.3,base_0_free_06,2.8,0.5,0.3,binary_combined,1,False,False,True,0,,8.600000001024455e-05,0.00019199999989893968,0.00013699999890093295,48.75951500000042,0.06875992999999923,False,False,False
base_0_free_06_v0.5_h0.3,base_0_free_06,2.8,0.5,0.3,json_combined,2,False,False,True,0,,9.900000108586937e-05,0.00022000000043931323,0.00014399999948011555,48.75951500000042,0.06875997800000143,False,False,False
base_0_free_06_v0.5_h0.4,base_0_free_06,2.8,0.5,0.4,binary_combined,0,False,False,True,0,,9.599999906129142e-05,0.00023099999957310047,0.00014300000117373202,48.75951500000042,0.06875998500000023,False,False,False
base_0_free_06_v0.5_h0.4,base_0_free_06,2.8,0.5,0.4,json_combined,1,False,False,True,0,,9.29999988130703e-05,0.00019900000047812227,0.00013099999840449073,48.75951500000042,0.06875993799999812,False,False,False
base_0_free_06_v0.5_h0.4,base_0_free_06,2.8,0.5,0.4,binary_full,2,False,False,True,0,,8.600000001024455e-05,0.00018599999940249745,0.00015800000063848074,48.75951500000042,0.06875994500000047,False,False,False
base_0_free_06_v1.0_h0.2,base_0_free_06,2.8,1.0,0.2,json_combined,0,False,False,True,0,,0.00010800000005417587,0.00024100000040050418,0.00011300000046787773,48.75951500000042,0.06875997700000135,False,False,False
base_0_free_06_v1.0_h0.2,base_0_free_06,2.8,1.0,0.2,binary_full,1,False,False,True,0,,9.29999988130703e-05,0.0002400000003177638,0.0001370000006772898,48.75951500000042,0.06875998500000023,False,False,False
base_0_free_06_v1.0_h0.2,base_0_free_06,2.8,1.0,0.2,binary_combined,2,False,False,True,0,,0.00011499999885700163,0.0002440000006487253,0.00011799999910522274,48.75951500000042,0.06875999199999903,False,False,False
base_0_free_06_v1.0_h0.3,base_0_free_06,2.8,1.0,0.3,binary_full,0,False,False,True,0,,8.39999998447638e-05,0.00022200000060479397,0.0001530000002247789,48.75951500000042,0.0687599740000011,False,False,False
base_0_free_06_v1.0_h0.3,base_0_free_06,2.8,1.0,0.3,binary_combined,1,False,False,True,0,,8.600000001024455e-05,0.00018400000101337355,0.00010299999964047402,48.75951500000042,0.06875988800000109,False,False,False
base_0_free_06_v1.0_h0.3,base_0_free_06,2.8,1.0,0.3,json_combined,2,False,False,True,0,,6.600000013179397e-05,0.00022499999907665824,9.899999930951253e-05,48.75951500000042,0.06875990499999894,False,False,False
base_0_free_06_v1.0_h0.4,base_0_free_06,2.8,1.0,0.4,binary_combined,0,False,False,True,0,,8.09999995965427e-05,0.00014399999948011555,0.00014399999948011555,48.75951500000042,0.06875988399999898,False,False,False
base_0_free_06_v1.0_h0.4,base_0_free_06,2.8,1.0,0.4,json_combined,1,False,False,True,0,,7.39999990173601e-05,0.00020799999944642877,0.00013900000084277053,48.75951500000042,0.06875993599999973,False,False,False
base_0_free_06_v1.0_h0.4,base_0_free_06,2.8,1.0,0.4,binary_full,2,False,False,True,0,,5.4000000915266355e-05,0.00017800000051693132,0.00012699999984988608,48.75951500000042,0.0687598740000017,False,False,False
base_0_free_07_v0.0_h0.2,base_0_free_07,2.85,0.0,0.2,json_combined,0,False,False,True,0,,0.0002519999995342914,0.0008230000005937654,0.00021299999986013063,37.15566900000056,0.05715695700000055,False,False,False
base_0_free_07_v0.0_h0.2,base_0_free_07,2.85,0.0,0.2,binary_full,1,False,False,True,0,,0.00014299999939737518,0.0003429999999582378,0.00017300000010322947,37.15566900000056,0.05715632800000002,False,False,False
base_0_free_07_v0.0_h0.2,base_0_free_07,2.85,0.0,0.2,binary_combined,2,False,False,True,0,,9.600000083764826e-05,0.00020400000089182413,0.00011500000063335847,37.15566900000056,0.057156084000002924,False,False,False
base_0_free_07_v0.0_h0.3,base_0_free_07,2.85,0.0,0.3,binary_full,0,False,False,True,0,,9.29999988130703e-05,0.00026800000085813735,0.00012900000001536682,37.15566900000056,0.05715615900000025,False,False,False
base_0_free_07_v0.0_h0.3,base_0_free_07,2.85,0.0,0.3,binary_combined,1,False,False,True,0,,7.800000112467842e-05,0.00022699999924213898,8.900000025846566e-05,37.15566900000056,0.05715606300000119,False,False,False
base_0_free_07_v0.0_h0.3,base_0_free_07,2.85,0.0,0.3,json_combined,2,False,False,True,0,,5.200000074978561e-05,0.00017899999882331485,9.10000004239464e-05,37.15566900000056,0.05715599100000056,False,False,False
base_0_free_07_v0.0_h0.4,base_0_free_07,2.85,0.0,0.4,binary_combined,0,False,False,True,0,,0.00011200000038513735,0.00027299999949548237,0.00014099999923189444,37.15566900000056,0.057156194999999674,False,False,False
base_0_free_07_v0.0_h0.4,base_0_free_07,2.85,0.0,0.4,json_combined,1,False,False,True,0,,9.10000004239464e-05,0.0002900000009020687,9.300000058942715e-05,37.15566900000056,0.05715614300000248,False,False,False
base_0_free_07_v0.0_h0.4,base_0_free_07,2.85,0.0,0.4,binary_full,2,False,False,True,0,,8.700000009298492e-05,0.00019899999870176543,9.200000050668677e-05,37.15566900000056,0.05715604699999986,False,False,False
base_0_free_07_v0.5_h0.2,base_0_free_07,2.85,0.5,0.2,json_combined,0,False,False,True,0,,0.00010499999980595476,0.0001820000008478928,0.00013600000059454942,37.15566900000056,0.05715609200000181,False,False,False
base_0_free_07_v0.5_h0.2,base_0_free_07,2.85,0.5,0.2,binary_full,1,False,False,True,0,,6.900000038001508e-05,0.00019400000006442042,0.00013400000042906868,37.15566900000056,0.057156066000001435,False,False,False
base_0_free_07_v0.5_h0.2,base_0_free_07,2.85,0.5,0.2,binary_combined,2,False,False,True,0,,0.00013200000026358794,0.00020499999919820766,0.0001459999996455963,37.15566900000056,0.05715615199999967,False,False,False
base_0_free_07_v0.5_h0.3,base_0_free_07,2.85,0.5,0.3,binary_full,0,False,False,True,0,,7.600000095919768e-05,0.00013900000084277053,8.299999976202344e-05,37.15566900000056,0.057155967000002125,False,False,False
base_0_free_07_v0.5_h0.3,base_0_free_07,2.85,0.5,0.3,binary_combined,1,False,False,True,0,,7.300000071097656e-05,0.00011399999877426126,7.799999934832158e-05,37.15566900000056,0.057155933999999395,False,False,False
base_0_free_07_v0.5_h0.3,base_0_free_07,2.85,0.5,0.3,json_combined,2,False,False,True,0,,5.200000074978561e-05,0.00013200000026358794,7.499999910010047e-05,37.15566900000056,0.057155928000000675,False,False,False
base_0_free_07_v0.5_h0.4,base_0_free_07,2.85,0.5,0.4,binary_combined,0,False,False,True,0,,0.00011800000088157958,0.00014499999956285592,7.599999918284084e-05,37.15566900000056,0.05715600800000019,False,False,False
base_0_free_07_v0.5_h0.4,base_0_free_07,2.85,0.5,0.4,json_combined,1,False,False,True,0,,5.4000000915266355e-05,0.00014399999948011555,7.50000008764573e-05,37.15566900000056,0.05715594200000183,False,False,False
base_0_free_07_v0.5_h0.4,base_0_free_07,2.85,0.5,0.4,binary_full,2,False,False,True,0,,5.100000066704524e-05,0.00011699999902248237,7.39999990173601e-05,37.15566900000056,0.05715591099999927,False,False,False
base_0_free_07_v1.0_h0.2,base_0_free_07,2.85,1.0,0.2,json_combined,0,False,False,True,0,,0.00011500000063335847,0.00013699999890093295,9.600000083764826e-05,37.15566900000056,0.05715601700000093,False,False,False
base_0_free_07_v1.0_h0.2,base_0_free_07,2.85,1.0,0.2,binary_full,1,False,False,True,0,,5.4000000915266355e-05,0.00010800000005417587,7.000000046275545e-05,37.15566900000056,0.057155901000001993,False,False,False
base_0_free_07_v1.0_h0.2,base_0_free_07,2.85,1.0,0.2,binary_combined,2,False,False,True,0,,5.3000000832525984e-05,9.99999993922529e-05,7.20000006282362e-05,37.15566900000056,0.057155894000001414,False,False,False
base_0_free_07_v1.0_h0.3,base_0_free_07,2.85,1.0,0.3,binary_full,0,False,False,True,0,,6.900000038001508e-05,0.00011300000046787773,0.00010299999964047402,37.15566900000056,0.05715595400000105,False,False,False
base_0_free_07_v1.0_h0.3,base_0_free_07,2.85,1.0,0.3,binary_combined,1,False,False,True,0,,5.2999999056169145e-05,0.00011699999902248237,9.300000058942715e-05,37.15566900000056,0.05715593199999923,False,False,False
base_0_free_07_v1.0_h0.3,base_0_free_07,2.85,1.0,0.3,json_combined,2,False,False,True,0,,5.1999998973428774e-05,0.00012799999993262645,6.900000038001508e-05,37.15566900000056,0.05715591799999985,False,False,False
base_0_free_07_v1.0_h0.4,base_0_free_07,2.85,1.0,0.4,binary_combined,0,False,False,True,0,,9.200000050668677e-05,0.00016599999952404687,7.599999918284084e-05,37.15566900000056,0.057156002999999775,False,False,False
base_0_free_07_v1.0_h0.4,base_0_free_07,2.85,1.0,0.4,json_combined,1,False,False,True,0,,4.999999880794803e-05,0.00013200000026358794,7.300000071097656e-05,37.15566900000056,0.057155924000000344,False,False,False
base_0_free_07_v1.0_h0.4,base_0_free_07,2.85,1.0,0.4,binary_full,2,False,False,True,0,,6.999999868639861e-05,0.00011300000046787773,7.39999990173601e-05,37.15566900000056,0.05715592599999873,False,False,False
base_0_free_08_v0.0_h0.2,base_0_free_08,2.9,0.0,0.2,json_combined,0,False,False,True,0,,0.0003569999993402462,0.0012749999989125627,0.00029599999962215406,23.366901999999357,0.043368829999997235,False,False,False
base_0_free_08_v0.0_h0.2,base_0_free_08,2.9,0.0,0.2,binary_full,1,False,False,True,0,,0.00012200000121254106,0.0005850000004414824,0.0002020000007263434,23.366901999999357,0.04336781100000174,False,False,False
base_0_free_08_v0.0_h0.2,base_0_free_08,2.9,0.0,0.2,binary_combined,2,False,False,True,0,,0.00010599999988869513,0.00045600000042611555,0.00014799999981107703,23.366901999999357,0.043367611999999486,False,False,False
base_0_free_08_v0.0_h0.3,base_0_free_08,2.9,0.0,0.3,binary_full,0,False,False,True,0,,0.0001820000008478928,0.0005000000005139782,0.00020400000089182413,23.366901999999357,0.043367788000001614,False,False,False
base_0_free_08_v0.0_h0.3,base_0_free_08,2.9,0.0,0.3,binary_combined,1,False,False,True,0,,0.00010900000013691624,0.00043300000029944385,0.0001820000008478928,23.366901999999357,0.043367626000000645,False,False,False
base_0_free_08_v0.0_h0.3,base_0_free_08,2.9,0.0,0.3,json_combined,2,False,False,True,0,,9.500000075490789e-05,0.00041700000075195476,0.0001720000000204891,23.366901999999357,0.04336758600000089,False,False,False
base_0_free_08_v0.0_h0.4,base_0_free_08,2.9,0.0,0.4,binary_combined,0,False,False,True,0,,0.00016999999985500835,0.000498999998654881,0.0001950000001471608,23.366901999999357,0.04336776599999802,False,False,False
base_0_free_08_v0.0_h0.4,base_0_free_08,2.9,0.0,0.4,json_combined,1,False,False,True,0,,9.200000050668677e-05,0.00038399999979787935,0.00014100000100825127,23.366901999999357,0.04336751900000067,False,False,False
base_0_free_08_v0.0_h0.4,base_0_free_08,2.9,0.0,0.4,binary_full,2,False,False,True,0,,8.799999839936845e-05,0.0003660000000849095,0.0001489999998938174,23.366901999999357,0.04336750499999774,False,False,False
base_0_free_08_v0.5_h0.2,base_0_free_08,2.9,0.5,0.2,json_combined,0,False,False,True,0,,0.0001319999984872311,0.0003859999999633601,0.00020099999886724618,23.366901999999357,0.04336762099999668,False,False,False
base_0_free_08_v0.5_h0.2,base_0_free_08,2.9,0.5,0.2,binary_full,1,False,False,True,0,,8.299999976202344e-05,0.000370000000415871,0.00015700000055574037,23.366901999999357,0.043367512000000094,False,False,False
base_0_free_08_v0.5_h0.2,base_0_free_08,2.9,0.5,0.2,binary_combined,2,False,False,True,0,,7.999999951380232e-05,0.0003060000004495578,0.00016000000080396148,23.366901999999357,0.04336744800000013,False,False,False
base_0_free_08_v0.5_h0.3,base_0_free_08,2.9,0.5,0.3,binary_full,0,False,False,True,0,,0.00012499999968440534,0.00043499999868856776,0.00017600000035145058,23.366901999999357,0.043367637999998085,False,False,False
base_0_free_08_v0.5_h0.3,base_0_free_08,2.9,0.5,0.3,binary_combined,1,False,False,True,0,,8.999999856484919e-05,0.0003529999990092847,0.00013900000084277053,23.366901999999357,0.04336748399999778,False,False,False
base_0_free_08_v0.5_h0.3,base_0_free_08,2.9,0.5,0.3,json_combined,2,False,False,True,0,,7.899999943106195e-05,0.00037699999921869676,0.0001530000002247789,23.366901999999357,0.043367510999998235,False,False,False
base_0_free_08_v0.5_h0.4,base_0_free_08,2.9,0.5,0.4,binary_combined,0,False,False,True,0,,0.00012300000129528144,0.0004640000010880385,0.00015100000005929815,23.366901999999357,0.0433676400000018,False,False,False
base_0_free_08_v0.5_h0.4,base_0_free_08,2.9,0.5,0.4,json_combined,1,False,False,True,0,,9.10000004239464e-05,0.0003440000000409782,0.00017899999882331485,23.366901999999357,0.04336751599999865,False,False,False
base_0_free_08_v0.5_h0.4,base_0_free_08,2.9,0.5,0.4,binary_full,2,False,False,True,0,,7.999999951380232e-05,0.0003320000008244506,0.0001579999988621239,23.366901999999357,0.04336747199999856,False,False,False
base_0_free_08_v1.0_h0.2,base_0_free_08,2.9,1.0,0.2,json_combined,0,False,False,True,0,,0.0003480000003719397,0.0007509999999655292,0.0002050000009745645,23.366901999999357,0.04336820600000067,False,False,False
base_0_free_08_v1.0_h0.2,base_0_free_08,2.9,1.0,0.2,binary_full,1,False,False,True,0,,0.00012099999935344385,0.0003920000004598023,0.0001679999996895276,23.366901999999357,0.04336758299999886,False,False,False
base_0_free_08_v1.0_h0.2,base_0_free_08,2.9,1.0,0.2,binary_combined,2,False,False,True,0,,0.0001069999999714355,0.00033199999904809374,0.00013200000026358794,23.366901999999357,0.043367472999998644,False,False,False
base_0_free_08_v1.0_h0.3,base_0_free_08,2.9,1.0,0.3,binary_full,0,False,False,True,0,,0.00015200000014203852,0.0003900000002943216,0.00015100000005929815,23.366901999999357,0.043367594999999856,False,False,False
base_0_free_08_v1.0_h0.3,base_0_free_08,2.9,1.0,0.3,binary_combined,1,False,False,True,0,,9.899999930951253e-05,0.0003409999997927571,0.00016900000154862482,23.366901999999357,0.04336751100000001,False,False,False
base_0_free_08_v1.0_h0.3,base_0_free_08,2.9,1.0,0.3,json_combined,2,False,False,True,0,,9.700000092038863e-05,0.00036099999967120766,0.0001630000010521826,23.366901999999357,0.043367523000001004,False,False,False
base_0_free_08_v1.0_h0.4,base_0_free_08,2.9,1.0,0.4,binary_combined,0,False,False,True,0,,0.00012699999984988608,0.0003989999992626281,0.0001489999998938174,23.366901999999357,0.04336757699999837,False,False,False
base_0_free_08_v1.0_h0.4,base_0_free_08,2.9,1.0,0.4,json_combined,1,False,False,True,0,,9.599999906129142e-05,0.0003979999991798877,0.00014500000133921276,23.366901999999357,0.04336754099999894,False,False,False
base_0_free_08_v1.0_h0.4,base_0_free_08,2.9,1.0,0.4,binary_full,2,False,False,True,0,,9.899999930951253e-05,0.00034600000020645894,0.00013900000084277053,23.366901999999357,0.04336748599999972,False,False,False
base_0_free_09_v0.0_h0.2,base_0_free_09,2.95,0.0,0.2,json_combined,0,False,False,True,0,,0.00019199999989893968,0.0006600000013179397,0.00018699999948523782,18.116319000000658,0.038117358000001364,False,False,False
base_0_free_09_v0.0_h0.2,base_0_free_09,2.95,0.0,0.2,binary_full,1,False,False,True,0,,0.00010800000005417587,0.0003139999993351239,0.00010900000013691624,18.116319000000658,0.03811685000000019,False,False,False
base_0_free_09_v0.0_h0.2,base_0_free_09,2.95,0.0,0.2,binary_combined,2,False,False,True,0,,9.000000034120603e-05,0.00014799999981107703,8.900000025846566e-05,18.116319000000658,0.03811664600000107,False,False,False
base_0_free_09_v0.0_h0.3,base_0_free_09,2.95,0.0,0.3,binary_full,0,False,False,True,0,,0.00016000000080396148,0.00018599999940249745,0.00010399999972321439,18.116319000000658,0.03811676900000059,False,False,False
base_0_free_09_v0.0_h0.3,base_0_free_09,2.95,0.0,0.3,binary_combined,1,False,False,True,0,,5.999999963535174e-05,0.00015299999844842205,8.09999995965427e-05,18.116319000000658,0.03811661299999834,False,False,False
base_0_free_09_v0.0_h0.3,base_0_free_09,2.95,0.0,0.3,json_combined,2,False,False,True,0,,7.100000054549582e-05,0.00015700000055574037,8.09999995965427e-05,18.116319000000658,0.03811662800000136,False,False,False
base_0_free_09_v0.0_h0.4,base_0_free_09,2.95,0.0,0.4,binary_combined,0,False,False,True,0,,7.799999934832158e-05,0.00015100000005929815,0.00010900000013691624,18.116319000000658,0.038116657000000206,False,False,False
base_0_free_09_v0.0_h0.4,base_0_free_09,2.95,0.0,0.4,json_combined,1,False,False,True,0,,6.700000021453434e-05,0.0001530000002247789,7.600000095919768e-05,18.116319000000658,0.03811661500000206,False,False,False
base_0_free_09_v0.0_h0.4,base_0_free_09,2.95,0.0,0.4,binary_full,2,False,False,True,0,,5.5000000998006726e-05,0.00014200000109099165,8.299999976202344e-05,18.116319000000658,0.03811659900000251,False,False,False
base_0_free_09_v0.5_h0.2,base_0_free_09,2.95,0.5,0.2,json_combined,0,False,False,True,0,,9.29999988130703e-05,0.0001440000012564724,8.39999998447638e-05,18.116319000000658,0.038116640000000576,False,False,False
base_0_free_09_v0.5_h0.2,base_0_free_09,2.95,0.5,0.2,binary_full,1,False,False,True,0,,5.499999922164989e-05,0.0001370000006772898,8.09999995965427e-05,18.116319000000658,0.03811659200000016,False,False,False
base_0_free_09_v0.5_h0.2,base_0_free_09,2.95,0.5,0.2,binary_combined,2,False,False,True,0,,5.3999999138909516e-05,0.00011899999918796311,8.199999967928306e-05,18.116319000000658,0.03811657399999867,False,False,False
base_0_free_09_v0.5_h0.3,base_0_free_09,2.95,0.5,0.3,binary_full,0,False,False,True,0,,6.800000029727471e-05,0.0001909999998161993,8.299999976202344e-05,18.116319000000658,0.03811666100000054,False,False,False
base_0_free_09_v0.5_h0.3,base_0_free_09,2.95,0.5,0.3,binary_combined,1,False,False,True,0,,6.50000000490536e-05,0.00013900000084277053,7.900000120741879e-05,18.116319000000658,0.03811660200000276,False,False,False
base_0_free_09_v0.5_h0.3,base_0_free_09,2.95,0.5,0.3,json_combined,2,False,False,True,0,,5.4000000915266355e-05,0.00016899999977226798,7.799999934832158e-05,18.116319000000658,0.0381166200000007,False,False,False
base_0_free_09_v0.5_h0.4,base_0_free_09,2.95,0.5,0.4,binary_combined,0,False,False,True,0,,0.00010599999988869513,0.00014999999997655777,0.00011299999869152089,18.116319000000658,0.03811668799999922,False,False,False
base_0_free_09_v0.5_h0.4,base_0_free_09,2.95,0.5,0.4,json_combined,1,False,False,True,0,,5.700000116348747e-05,0.00014300000117373202,8.100000137289953e-05,18.116319000000658,0.03811660000000437,False,False,False
base_0_free_09_v0.5_h0.4,base_0_free_09,2.95,0.5,0.4,binary_full,2,False,False,True,0,,6.199999980083248e-05,0.00013600000059454942,7.799999934832158e-05,18.116319000000658,0.038116595000000406,False,False,False
base_0_free_09_v1.0_h0.2,base_0_free_09,2.95,1.0,0.2,json_combined,0,False,False,True,0,,8.39999998447638e-05,0.00014799999981107703,8.100000137289953e-05,18.116319000000658,0.03811663200000169,False,False,False
base_0_free_09_v1.0_h0.2,base_0_free_09,2.95,1.0,0.2,binary_full,1,False,False,True,0,,5.499999922164989e-05,0.00016000000080396148,9.10000004239464e-05,18.116319000000658,0.03811662500000111,False,False,False
base_0_free_09_v1.0_h0.2,base_0_free_09,2.95,1.0,0.2,binary_combined,2,False,False,True,0,,5.5000000998006726e-05,0.00011299999869152089,8.000000129015916e-05,18.116319000000658,0.03811656700000164,False,False,False
base_0_free_09_v1.0_h0.3,base_0_free_09,2.95,1.0,0.3,binary_full,0,False,False,True,0,,8.900000025846566e-05,0.0001229999995189246,0.00010599999988869513,18.116319000000658,0.03811663700000033,False,False,False
base_0_free_09_v1.0_h0.3,base_0_free_09,2.95,1.0,0.3,binary_combined,1,False,False,True,0,,5.60000010807471e-05,0.00013999999914915406,9.600000083764826e-05,18.116319000000658,0.03811661100000173,False,False,False
base_0_free_09_v1.0_h0.3,base_0_free_09,2.95,1.0,0.3,json_combined,2,False,False,True,0,,5.2999999056169145e-05,0.00014099999923189444,7.800000112467842e-05,18.116319000000658,0.038116591000000075,False,False,False
base_0_free_09_v1.0_h0.4,base_0_free_09,2.95,1.0,0.4,binary_combined,0,False,False,True,0,,8.199999967928306e-05,0.00016299999927582576,0.00010299999964047402,18.116319000000658,0.03811666699999926,False,False,False
base_0_free_09_v1.0_h0.4,base_0_free_09,2.95,1.0,0.4,json_combined,1,False,False,True,0,,6.400000174267007e-05,0.00014799999981107703,8.000000129015916e-05,18.116319000000658,0.038116611000003506,False,False,False
base_0_free_09_v1.0_h0.4,base_0_free_09,2.95,1.0,0.4,binary_full,2,False,False,True,0,,5.699999938713063e-05,0.0001400000009255109,7.899999943106195e-05,18.116319000000658,0.038116595000000406,False,False,False
base_0_near_00_v0.0_h0.2,base_0_near_00,3.0,0.0,0.2,json_combined,0,False,False,True,0,,0.0003359999993790552,0.000860999998408829,0.0002860000005711072,31.93558999999979,0.051937072999998155,False,False,False
base_0_near_00_v0.0_h0.2,base_0_near_00,3.0,0.0,0.2,binary_full,1,False,False,True,0,,0.000115999998939742,0.0004469999996814522,0.00020900000130552598,31.93558999999979,0.05193636199999972,False,False,False
base_0_near_00_v0.0_h0.2,base_0_near_00,3.0,0.0,0.2,binary_combined,2,False,False,True,0,,0.00012799999993262645,0.00024200000048324455,0.0001489999998938174,31.93558999999979,0.051936109000000105,False,False,False
base_0_near_00_v0.0_h0.3,base_0_near_00,3.0,0.0,0.3,binary_full,0,False,False,True,0,,0.00014999999997655777,0.0002779999999091842,0.0001969999985362847,31.93558999999979,0.05193621499999822,False,False,False
base_0_near_00_v0.0_h0.3,base_0_near_00,3.0,0.0,0.3,binary_combined,1,False,False,True,0,,0.00010099999947499327,0.00022399999899391787,0.0001579999988621239,31.93558999999979,0.05193607299999713,False,False,False
base_0_near_00_v0.0_h0.3,base_0_near_00,3.0,0.0,0.3,json_combined,2,False,False,True,0,,0.0001140000005506181,0.00026400000052717587,0.00016999999985500835,31.93558999999979,0.05193613800000073,False,False,False
base_0_near_00_v0.0_h0.4,base_0_near_00,3.0,0.0,0.4,binary_combined,0,False,False,True,0,,9.900000108586937e-05,0.0002949999995394137,0.00014500000133921276,31.93558999999979,0.05193612900000176,False,False,False
base_0_near_00_v0.0_h0.4,base_0_near_00,3.0,0.0,0.4,json_combined,1,False,False,True,0,,9.799999922677216e-05,0.00024100000040050418,0.00014399999948011555,31.93558999999979,0.0519360729999989,False,False,False
base_0_near_00_v0.0_h0.4,base_0_near_00,3.0,0.0,0.4,binary_full,2,False,False,True,0,,9.600000083764826e-05,0.0001909999998161993,0.00013100000018084756,31.93558999999979,0.05193600800000063,False,False,False
base_0_near_00_v0.5_h0.2,base_0_near_00,3.0,0.5,0.2,json_combined,0,False,False,True,0,,0.0001069999999714355,0.00028700000065384756,0.00014099999923189444,31.93558999999979,0.05193612499999965,False,False,False
base_0_near_00_v0.5_h0.2,base_0_near_00,3.0,0.5,0.2,binary_full,1,False,False,True,0,,9.000000034120603e-05,0.00022700000101849582,0.00012199999943618423,31.93558999999979,0.05193602900000059,False,False,False
base_0_near_00_v0.5_h0.2,base_0_near_00,3.0,0.5,0.2,binary_combined,2,False,False,True,0,,9.900000108586937e-05,0.0002470000008969464,0.00011500000063335847,31.93558999999979,0.05193605100000241,False,False,False
base_0_near_00_v0.5_h0.3,base_0_near_00,3.0,0.5,0.3,binary_full,0,False,False,True,0,,0.0001300000000981072,0.00020100000064360302,0.00012799999993262645,31.93558999999979,0.05193604900000047,False,False,False
base_0_near_00_v0.5_h0.3,base_0_near_00,3.0,0.5,0.3,binary_combined,1,False,False,True,0,,6.800000029727471e-05,0.00020599999928094803,0.0001229999995189246,31.93558999999979,0.05193598699999889,False,False,False
base_0_near_00_v0.5_h0.3,base_0_near_00,3.0,0.5,0.3,json_combined,2,False,False,True,0,,9.699999914403179e-05,0.0002569999999479933,0.0001140000005506181,31.93558999999979,0.05193605799999944,False,False,False
base_0_near_00_v0.5_h0.4,base_0_near_00,3.0,0.5,0.4,binary_combined,0,False,False,True,0,,0.0001980000003953819,0.0004640000010880385,0.00021800000027383248,31.93558999999979,0.05193647000000155,False,False,False
base_0_near_00_v0.5_h0.4,base_0_near_00,3.0,0.5,0.4,json_combined,1,False,False,True,0,,0.00010199999955773364,0.0002759999997437035,0.00013800000076003016,31.93558999999979,0.05193610599999986,False,False,False
base_0_near_00_v0.5_h0.4,base_0_near_00,3.0,0.5,0.4,binary_full,2,False,False,True,0,,9.300000058942715e-05,0.00021800000027383248,0.00014100000100825127,31.93558999999979,0.05193604200000167,False,False,False
base_0_near_00_v1.0_h0.2,base_0_near_00,3.0,1.0,0.2,json_combined,0,False,False,True,0,,9.000000034120603e-05,0.00027100000110635847,0.00015899999894486427,31.93558999999979,0.05193611000000019,False,False,False
base_0_near_00_v1.0_h0.2,base_0_near_00,3.0,1.0,0.2,binary_full,1,False,False,True,0,,9.400000067216752e-05,0.00019799999861902506,0.00017400000018596984,31.93558999999979,0.05193605599999927,False,False,False
base_0_near_00_v1.0_h0.2,base_0_near_00,3.0,1.0,0.2,binary_combined,2,False,False,True,0,,9.500000075490789e-05,0.0002470000008969464,0.00012799999993262645,31.93558999999979,0.05193606000000138,False,False,False
base_0_near_00_v1.0_h0.3,base_0_near_00,3.0,1.0,0.3,binary_full,0,False,False,True,0,,9.600000083764826e-05,0.00026400000052717587,0.000156000000473,31.93558999999979,0.05193610600000163,False,False,False
base_0_near_00_v1.0_h0.3,base_0_near_00,3.0,1.0,0.3,binary_combined,1,False,False,True,0,,0.0001720000000204891,0.0003149999994178643,0.00015200000014203852,31.93558999999979,0.051936228999999376,False,False,False
base_0_near_00_v1.0_h0.3,base_0_near_00,3.0,1.0,0.3,json_combined,2,False,False,True,0,,8.199999967928306e-05,0.0002480000009796868,0.0001530000002247789,31.93558999999979,0.05193607300000068,False,False,False
base_0_near_00_v1.0_h0.4,base_0_near_00,3.0,1.0,0.4,binary_combined,0,False,False,True,0,,0.0001069999999714355,0.00020599999928094803,0.0001530000002247789,31.93558999999979,0.05193605599999927,False,False,False
base_0_near_00_v1.0_h0.4,base_0_near_00,3.0,1.0,0.4,json_combined,1,False,False,True,0,,9.499999897855105e-05,0.00021299999986013063,0.00014300000117373202,31.93558999999979,0.05193604099999981,False,False,False
base_0_near_00_v1.0_h0.4,base_0_near_00,3.0,1.0,0.4,binary_full,2,False,False,True,0,,9.200000050668677e-05,0.00018300000093063318,0.0001619999991930854,31.93558999999979,0.051936027000000426,False,False,False
base_0_near_01_v0.0_h0.2,base_0_near_01,3.05,0.0,0.2,json_combined,0,False,False,True,0,,0.0002979999997876348,0.0009030000001075678,0.0001679999996895276,19.43136799999934,0.03943273699999893,False,False,False
base_0_near_01_v0.0_h0.2,base_0_near_01,3.05,0.0,0.2,binary_full,1,False,False,True,0,,0.00011000000021965661,0.0006239999983392863,0.0001489999998938174,19.43136799999934,0.039432250999997795,False,False,False
base_0_near_01_v0.0_h0.2,base_0_near_01,3.05,0.0,0.2,binary_combined,2,False,False,True,0,,0.0001069999999714355,0.00037799999930143713,0.00015500000039025963,19.43136799999934,0.039432007999999005,False,False,False
base_0_near_01_v0.0_h0.3,base_0_near_01,3.05,0.0,0.3,binary_full,0,False,False,True,0,,0.0001999999987845058,0.0004639999993116817,0.0001790000005996717,19.43136799999934,0.03943221099999804,False,False,False
base_0_near_01_v0.0_h0.3,base_0_near_01,3.05,0.0,0.3,binary_combined,1,False,False,True,0,,8.39999998447638e-05,0.00033600000115541206,0.00016400000113492297,19.43136799999934,0.03943195200000148,False,False,False
base_0_near_01_v0.0_h0.3,base_0_near_01,3.05,0.0,0.3,json_combined,2,False,False,True,0,,8.20000014556399e-05,0.00038800000012884084,0.0001330000003463283,19.43136799999934,0.03943197100000127,False,False,False
base_0_near_01_v0.0_h0.4,base_0_near_01,3.05,0.0,0.4,binary_combined,0,False,False,True,0,,0.00018100000076515244,0.00036800000025039026,0.0001720000000204891,19.43136799999934,0.03943208900000038,False,False,False
base_0_near_01_v0.0_h0.4,base_0_near_01,3.05,0.0,0.4,json_combined,1,False,False,True,0,,0.00010099999947499327,0.0003629999998366884,0.00015400000030751926,19.43136799999934,0.03943198599999896,False,False,False
base_0_near_01_v0.0_h0.4,base_0_near_01,3.05,0.0,0.4,binary_full,2,False,False,True,0,,9.300000058942715e-05,0.0003320000008244506,0.00014799999981107703,19.43136799999934,0.03943194100000057,False,False,False
base_0_near_01_v0.5_h0.2,base_0_near_01,3.05,0.5,0.2,json_combined,0,False,False,True,0,,0.00014699999972833666,0.00041800000083469513,0.0001489999998938174,19.43136799999934,0.0394320819999998,False,False,False
base_0_near_01_v0.5_h0.2,base_0_near_01,3.05,0.5,0.2,binary_full,1,False,False,True,0,,0.00012200000121254106,0.00037200000058135174,0.0001300000000981072,19.43136799999934,0.039431992000001234,False,False,False
base_0_near_01_v0.5_h0.2,base_0_near_01,3.05,0.5,0.2,binary_combined,2,False,False,True,0,,9.000000034120603e-05,0.00034199999987549745,0.00013200000026358794,19.43136799999934,0.03943193199999982,False,False,False
base_0_near_01_v0.5_h0.3,base_0_near_01,3.05,0.5,0.3,binary_full,0,False,False,True,0,,0.0001470000015046935,0.0003979999991798877,0.00015700000055574037,19.43136799999934,0.03943207000000058,False,False,False
base_0_near_01_v0.5_h0.3,base_0_near_01,3.05,0.5,0.3,binary_combined,1,False,False,True,0,,0.00011600000071609884,0.0003660000000849095,0.0001389999990664137,19.43136799999934,0.03943198899999921,False,False,False
base_0_near_01_v0.5_h0.3,base_0_near_01,3.05,0.5,0.3,json_combined,2,False,False,True,0,,9.699999914403179e-05,0.00039699999909714734,0.0001590000007212211,19.43136799999934,0.039432020999998305,False,False,False
base_0_near_01_v0.5_h0.4,base_0_near_01,3.05,0.5,0.4,binary_combined,0,False,False,True,0,,0.00015599999869664316,0.0003970000008735042,0.00016500000121766334,19.43136799999934,0.03943208600000013,False,False,False
base_0_near_01_v0.5_h0.4,base_0_near_01,3.05,0.5,0.4,json_combined,1,False,False,True,0,,0.00011499999885700163,0.00033499999929631485,0.00013600000059454942,19.43136799999934,0.03943195399999809,False,False,False
base_0_near_01_v0.5_h0.4,base_0_near_01,3.05,0.5,0.4,binary_full,2,False,False,True,0,,0.00013100000018084756,0.0005890000007724439,0.00013200000026358794,19.43136799999934,0.03943222000000056,False,False,False
base_0_near_01_v1.0_h0.2,base_0_near_01,3.05,1.0,0.2,json_combined,0,False,False,True,0,,0.00015800000063848074,0.0004640000010880385,0.0001839999992370167,19.43136799999934,0.039432174000000306,False,False,False
base_0_near_01_v1.0_h0.2,base_0_near_01,3.05,1.0,0.2,binary_full,1,False,False,True,0,,9.899999930951253e-05,0.0003559999992575058,0.00014499999956285592,19.43136799999934,0.03943196799999747,False,False,False
base_0_near_01_v1.0_h0.2,base_0_near_01,3.05,1.0,0.2,binary_combined,2,False,False,True,0,,7.799999934832158e-05,0.0003610000014475645,0.00014399999948011555,19.43136799999934,0.03943195099999962,False,False,False
base_0_near_01_v1.0_h0.3,base_0_near_01,3.05,1.0,0.3,binary_full,0,False,False,True,0,,0.00010499999980595476,0.0003740000007468325,0.00018899999965071856,19.43136799999934,0.039432035999999546,False,False,False
base_0_near_01_v1.0_h0.3,base_0_near_01,3.05,1.0,0.3,binary_combined,1,False,False,True,0,,9.10000004239464e-05,0.0003569999993402462,0.00013999999914915406,19.43136799999934,0.039431955999998256,False,False,False
base_0_near_01_v1.0_h0.3,base_0_near_01,3.05,1.0,0.3,json_combined,2,False,False,True,0,,7.899999943106195e-05,0.0003399999997100167,0.0001259999997671457,19.43136799999934,0.03943191299999825,False,False,False
base_0_near_01_v1.0_h0.4,base_0_near_01,3.05,1.0,0.4,binary_combined,0,False,False,True,0,,0.00014999999997655777,0.0003339999992135745,0.00014500000133921276,19.43136799999934,0.03943199699999987,False,False,False
base_0_near_01_v1.0_h0.4,base_0_near_01,3.05,1.0,0.4,json_combined,1,False,False,True,0,,9.799999922677216e-05,0.00037500000082957285,0.00013999999914915406,19.43136799999934,0.03943198099999855,False,False,False
base_0_near_01_v1.0_h0.4,base_0_near_01,3.05,1.0,0.4,binary_full,2,False,False,True,0,,8.09999995965427e-05,0.00031299999925238353,0.00012699999984988608,19.43136799999934,0.03943188899999804,False,False,False
base_0_near_02_v0.0_h0.2,base_0_near_02,3.1,0.0,0.2,json_combined,0,False,False,True,0,,0.0002930000011502898,0.000933000000813422,0.00020599999928094803,16.439633999997483,0.03644106599999873,False,False,False
base_0_near_02_v0.0_h0.2,base_0_near_02,3.1,0.0,0.2,binary_full,1,False,False,True,0,,0.00011500000063335847,0.00043600000054766497,0.00018100000076515244,16.439633999997483,0.03644036599999943,False,False,False
base_0_near_02_v0.0_h0.2,base_0_near_02,3.1,0.0,0.2,binary_combined,2,False,False,True,0,,0.00011300000046787773,0.0004589999988979798,0.00011899999918796311,16.439633999997483,0.03644032499999604,False,False,False
base_0_near_02_v0.0_h0.3,base_0_near_02,3.1,0.0,0.3,binary_full,0,False,False,True,0,,0.0003329999991308341,0.0008770000015090318,0.0002689999991645209,16.439633999997483,0.03644111299999729,False,False,False
base_0_near_02_v0.0_h0.3,base_0_near_02,3.1,0.0,0.3,binary_combined,1,False,False,True,0,,0.00012099999935344385,0.000271999999412742,0.00015100000005929815,16.439633999997483,0.03644017799999631,False,False,False
base_0_near_02_v0.0_h0.3,base_0_near_02,3.1,0.0,0.3,json_combined,2,False,False,True,0,,0.00012699999984988608,0.00046199999914620093,0.00016099999911034502,16.439633999997483,0.03644038399999559,False,False,False
base_0_near_02_v0.0_h0.4,base_0_near_02,3.1,0.0,0.4,binary_combined,0,False,False,True,0,,0.00011000000021965661,0.0001679999996895276,7.800000112467842e-05,16.439633999997483,0.03643998999999852,False,False,False
base_0_near_02_v0.0_h0.4,base_0_near_02,3.1,0.0,0.4,json_combined,1,False,False,True,0,,6.199999980083248e-05,0.00014999999997655777,7.599999918284084e-05,16.439633999997483,0.03643992199999645,False,False,False
base_0_near_02_v0.0_h0.4,base_0_near_02,3.1,0.0,0.4,binary_full,2,False,False,True,0,,5.599999930439026e-05,0.00014499999956285592,7.599999918284084e-05,16.439633999997483,0.03643991099999554,False,False,False
base_0_near_02_v0.5_h0.2,base_0_near_02,3.1,0.5,0.2,json_combined,0,False,False,True,0,,0.00011600000071609884,0.00015999999902760464,7.799999934832158e-05,16.439633999997483,0.03643998799999658,False,False,False
base_0_near_02_v0.5_h0.2,base_0_near_02,3.1,0.5,0.2,binary_full,1,False,False,True,0,,5.2999999056169145e-05,0.00014799999981107703,8.300000153838027e-05,16.439633999997483,0.03643991799999789,False,False,False
base_0_near_02_v0.5_h0.2,base_0_near_02,3.1,0.5,0.2,binary_combined,2,False,False,True,0,,5.200000074978561e-05,0.00010499999980595476,7.199999885187935e-05,16.439633999997483,0.036439862999996894,False,False,False
base_0_near_02_v0.5_h0.3,base_0_near_02,3.1,0.5,0.3,binary_full,0,False,False,True,0,,8.300000153838027e-05,0.00013400000042906868,8.39999998447638e-05,16.439633999997483,0.0364399349999993,False,False,False
base_0_near_02_v0.5_h0.3,base_0_near_02,3.1,0.5,0.3,binary_combined,1,False,False,True,0,,5.999999963535174e-05,0.00013500000051180905,7.599999918284084e-05,16.439633999997483,0.03643990499999682,False,False,False
base_0_near_02_v0.5_h0.3,base_0_near_02,3.1,0.5,0.3,json_combined,2,False,False,True,0,,5.200000074978561e-05,0.00014099999923189444,7.39999990173601e-05,16.439633999997483,0.036439900999996486,False,False,False
base_0_near_02_v0.5_h0.4,base_0_near_02,3.1,0.5,0.4,binary_combined,0,False,False,True,0,,9.600000083764826e-05,0.00014399999948011555,0.00010099999947499327,16.439633999997483,0.03643997499999728,False,False,False
base_0_near_02_v0.5_h0.4,base_0_near_02,3.1,0.5,0.4,json_combined,1,False,False,True,0,,5.200000074978561e-05,0.00012900000001536682,7.400000079371694e-05,16.439633999997483,0.036439888999999046,False,False,False
base_0_near_02_v0.5_h0.4,base_0_near_02,3.1,0.5,0.4,binary_full,2,False,False,True,0,,8.39999998447638e-05,0.00013599999881819258,7.600000095919768e-05,16.439633999997483,0.03643992999999711,False,False,False
base_0_near_02_v1.0_h0.2,base_0_near_02,3.1,1.0,0.2,json_combined,0,False,False,True,0,,9.10000004239464e-05,0.0001750000002687102,0.0001229999995189246,16.439633999997483,0.0364400229999977,False,False,False
base_0_near_02_v1.0_h0.2,base_0_near_02,3.1,1.0,0.2,binary_full,1,False,False,True,0,,5.3000000832525984e-05,0.0001489999998938174,7.599999918284084e-05,16.439633999997483,0.036439911999997396,False,False,False
base_0_near_02_v1.0_h0.2,base_0_near_02,3.1,1.0,0.2,binary_combined,2,False,False,True,0,,5.1999998973428774e-05,0.00013600000059454942,7.20000006282362e-05,16.439633999997483,0.03643989399999768,False,False,False
base_0_near_02_v1.0_h0.3,base_0_near_02,3.1,1.0,0.3,binary_full,0,False,False,True,0,,8.199999967928306e-05,0.0001489999998938174,8.499999992750418e-05,16.439633999997483,0.03643994999999699,False,False,False
base_0_near_02_v1.0_h0.3,base_0_near_02,3.1,1.0,0.3,binary_combined,1,False,False,True,0,,5.200000074978561e-05,0.00011399999877426126,7.39999990173601e-05,16.439633999997483,0.03643987399999603,False,False,False
base_0_near_02_v1.0_h0.3,base_0_near_02,3.1,1.0,0.3,json_combined,2,False,False,True,0,,7.400000079371694e-05,0.00012799999993262645,7.499999910010047e-05,16.439633999997483,0.03643991099999731,False,False,False
base_0_near_02_v1.0_h0.4,base_0_near_02,3.1,1.0,0.4,binary_combined,0,False,False,True,0,,0.0001259999997671457,0.00013400000042906868,8.600000001024455e-05,16.439633999997483,0.03643997999999769,False,False,False
base_0_near_02_v1.0_h0.4,base_0_near_02,3.1,1.0,0.4,json_combined,1,False,False,True,0,,5.599999930439026e-05,0.00013799999898367332,7.20000006282362e-05,16.439633999997483,0.0364398999999964,False,False,False
base_0_near_02_v1.0_h0.4,base_0_near_02,3.1,1.0,0.4,binary_full,2,False,False,True,0,,5.4000000915266355e-05,0.0001370000006772898,7.900000120741879e-05,16.439633999997483,0.03643990400000029,False,False,False
base_0_near_03_v0.0_h0.2,base_0_near_03,3.1500000000000004,0.0,0.2,json_combined,0,False,False,True,0,,0.0003399999997100167,0.0009629999997429195,0.0002660000006926566,18.44768400000163,0.03844925300000178,False,False,False
base_0_near_03_v0.0_h0.2,base_0_near_03,3.1500000000000004,0.0,0.2,binary_full,1,False,False,True,0,,0.00015500000039025963,0.0005299999994434756,0.00015100000005929815,18.44768400000163,0.038448520000001526,False,False,False
base_0_near_03_v0.0_h0.2,base_0_near_03,3.1500000000000004,0.0,0.2,binary_combined,2,False,False,True,0,,0.00011100000030239698,0.0004550000003433752,0.0001679999996895276,18.44768400000163,0.03844841800000197,False,False,False
base_0_near_03_v0.0_h0.3,base_0_near_03,3.1500000000000004,0.0,0.3,binary_full,0,False,False,True,0,,0.0002109999996946499,0.0004479999997641926,0.00017600000035145058,18.44768400000163,0.038448519000001444,False,False,False
base_0_near_03_v0.0_h0.3,base_0_near_03,3.1500000000000004,0.0,0.3,binary_combined,1,False,False,True,0,,0.00010800000005417587,0.00038399999979787935,0.00015399999853116242,18.44768400000163,0.03844833000000002,False,False,False
base_0_near_03_v0.0_h0.3,base_0_near_03,3.1500000000000004,0.0,0.3,json_combined,2,False,False,True,0,,0.0001229999995189246,0.00038800000012884084,0.00014499999956285592,18.44768400000163,0.038448340000000844,False,False,False
base_0_near_03_v0.0_h0.4,base_0_near_03,3.1500000000000004,0.0,0.4,binary_combined,0,False,False,True,0,,0.00018199999907153597,0.00037500000082957285,0.00014299999939737518,18.44768400000163,0.03844838400000093,False,False,False
base_0_near_03_v0.0_h0.4,base_0_near_03,3.1500000000000004,0.0,0.4,json_combined,1,False,False,True,0,,0.0001240000013780218,0.0003909999986007051,0.00015200000014203852,18.44768400000163,0.038448351000001754,False,False,False
base_0_near_03_v0.0_h0.4,base_0_near_03,3.1500000000000004,0.0,0.4,binary_full,2,False,False,True,0,,9.799999922677216e-05,0.00031899999974882576,0.0001459999996455963,18.44768400000163,0.038448247000000255,False,False,False
base_0_near_03_v0.5_h0.2,base_0_near_03,3.1500000000000004,0.5,0.2,json_combined,0,False,False,True,0,,0.0001630000010521826,0.00045300000017789444,0.00015500000039025963,18.44768400000163,0.038448455000003254,False,False,False
base_0_near_03_v0.5_h0.2,base_0_near_03,3.1500000000000004,0.5,0.2,binary_full,1,False,False,True,0,,9.700000092038863e-05,0.0003510000006201608,0.00018599999940249745,18.44768400000163,0.038448318000002576,False,False,False
base_0_near_03_v0.5_h0.2,base_0_near_03,3.1500000000000004,0.5,0.2,binary_combined,2,False,False,True,0,,0.00010900000013691624,0.0003150000011942211,0.0001489999998938174,18.44768400000163,0.03844825700000286,False,False,False
base_0_near_03_v0.5_h0.3,base_0_near_03,3.1500000000000004,0.5,0.3,binary_full,0,False,False,True,0,,0.00016899999977226798,0.00039699999909714734,0.00015299999844842205,18.44768400000163,0.03844840299999895,False,False,False
base_0_near_03_v0.5_h0.3,base_0_near_03,3.1500000000000004,0.5,0.3,binary_combined,1,False,False,True,0,,0.00011799999910522274,0.00029100000098480905,0.00012699999984988608,18.44768400000163,0.03844822000000157,False,False,False
base_0_near_03_v0.5_h0.3,base_0_near_03,3.1500000000000004,0.5,0.3,json_combined,2,False,False,True,0,,9.799999922677216e-05,0.0003440000000409782,0.0001530000002247789,18.44768400000163,0.038448279000001126,False,False,False
base_0_near_03_v0.5_h0.4,base_0_near_03,3.1500000000000004,0.5,0.4,binary_combined,0,False,False,True,0,,0.0001579999988621239,0.00037999999946691787,0.00014999999997655777,18.44768400000163,0.03844837199999994,False,False,False
base_0_near_03_v0.5_h0.4,base_0_near_03,3.1500000000000004,0.5,0.4,json_combined,1,False,False,True,0,,0.00025499999978251253,0.0009110000007694907,0.0002039999991154673,18.44768400000163,0.0384490540000013,False,False,False
base_0_near_03_v0.5_h0.4,base_0_near_03,3.1500000000000004,0.5,0.4,binary_full,2,False,False,True,0,,9.400000067216752e-05,0.00022000000043931323,8.899999848210882e-05,18.44768400000163,0.03844808700000123,False,False,False
base_0_near_03_v1.0_h0.2,base_0_near_03,3.1500000000000004,1.0,0.2,json_combined,0,False,False,True,0,,0.00010000000116860974,0.0002690000009408777,0.00012799999993262645,18.44768400000163,0.038448181000003676,False,False,False
base_0_near_03_v1.0_h0.2,base_0_near_03,3.1500000000000004,1.0,0.2,binary_full,1,False,False,True,0,,5.599999930439026e-05,0.00016399999935856613,9.10000004239464e-05,18.44768400000163,0.03844799500000072,False,False,False
base_0_near_03_v1.0_h0.2,base_0_near_03,3.1500000000000004,1.0,0.2,binary_combined,2,False,False,True,0,,5.1999998973428774e-05,0.00012699999984988608,8.899999848210882e-05,18.44768400000163,0.03844795199999894,False,False,False
base_0_near_03_v1.0_h0.3,base_0_near_03,3.1500000000000004,1.0,0.3,binary_full,0,False,False,True,0,,9.8000001003129e-05,0.0001259999997671457,9.8000001003129e-05,18.44768400000163,0.03844800600000341,False,False,False
base_0_near_03_v1.0_h0.3,base_0_near_03,3.1500000000000004,1.0,0.3,binary_combined,1,False,False,True,0,,4.999999880794803e-05,0.0001300000000981072,9.300000058942715e-05,18.44768400000163,0.03844795700000113,False,False,False
base_0_near_03_v1.0_h0.3,base_0_near_03,3.1500000000000004,1.0,0.3,json_combined,2,False,False,True,0,,5.1999998973428774e-05,0.00015700000055574037,7.299999893461973e-05,18.44768400000163,0.0384479660000001,False,False,False
base_0_near_03_v1.0_h0.4,base_0_near_03,3.1500000000000004,1.0,0.4,binary_combined,0,False,False,True,0,,0.00012199999943618423,0.000156000000473,0.00010099999947499327,18.44768400000163,0.03844806300000102,False,False,False
base_0_near_03_v1.0_h0.4,base_0_near_03,3.1500000000000004,1.0,0.4,json_combined,1,False,False,True,0,,5.700000116348747e-05,0.00014300000117373202,7.600000095919768e-05,18.44768400000163,0.03844796000000493,False,False,False
base_0_near_03_v1.0_h0.4,base_0_near_03,3.1500000000000004,1.0,0.4,binary_full,2,False,False,True,0,,5.899999955261137e-05,0.00014900000167017424,7.900000120741879e-05,18.44768400000163,0.038447971000004064,False,False,False
base_0_near_04_v0.0_h0.2,base_0_near_04,3.2,0.0,0.2,json_combined,0,False,False,True,0,,0.00026999999924726126,0.0007180000007878107,0.00020799999944642877,32.59744100000006,0.052598636999999546,False,False,False
base_0_near_04_v0.0_h0.2,base_0_near_04,3.2,0.0,0.2,binary_full,1,False,False,True,0,,0.00010900000013691624,0.0003629999998366884,0.0001660000013004037,32.59744100000006,0.05259807900000134,False,False,False
base_0_near_04_v0.0_h0.2,base_0_near_04,3.2,0.0,0.2,binary_combined,2,False,False,True,0,,8.09999995965427e-05,0.0002370000000695427,0.00011799999910522274,32.59744100000006,0.052597876999998835,False,False,False
base_0_near_04_v0.0_h0.3,base_0_near_04,3.2,0.0,0.3,binary_full,0,False,False,True,0,,0.00011100000030239698,0.00026400000052717587,0.00018599999940249745,32.59744100000006,0.052598002000000296,False,False,False
base_0_near_04_v0.0_h0.3,base_0_near_04,3.2,0.0,0.3,binary_combined,1,False,False,True,0,,8.800000017572529e-05,0.00017599999857509374,0.00010299999964047402,32.59744100000006,0.052597807999998455,False,False,False
base_0_near_04_v0.0_h0.3,base_0_near_04,3.2,0.0,0.3,json_combined,2,False,False,True,0,,7.50000008764573e-05,0.00021500000002561137,0.0001489999998938174,32.59744100000006,0.05259788000000086,False,False,False
base_0_near_04_v0.0_h0.4,base_0_near_04,3.2,0.0,0.4,binary_combined,0,False,False,True,0,,9.900000108586937e-05,0.0002080000012227856,0.0001489999998938174,32.59744100000006,0.05259789700000227,False,False,False
base_0_near_04_v0.0_h0.4,base_0_near_04,3.2,0.0,0.4,json_combined,1,False,False,True,0,,5.3999999138909516e-05,0.00014499999956285592,7.499999910010047e-05,32.59744100000006,0.052597714999997866,False,False,False
base_0_near_04_v0.0_h0.4,base_0_near_04,3.2,0.0,0.4,binary_full,2,False,False,True,0,,5.999999963535174e-05,0.0001349999987354522,7.599999918284084e-05,32.59744100000006,0.05259771199999762,False,False,False
base_0_near_04_v0.5_h0.2,base_0_near_04,3.2,0.5,0.2,json_combined,0,False,False,True,0,,7.899999943106195e-05,0.00018100000076515244,0.0001459999996455963,32.59744100000006,0.052597846999999906,False,False,False
base_0_near_04_v0.5_h0.2,base_0_near_04,3.2,0.5,0.2,binary_full,1,False,False,True,0,,9.200000050668677e-05,0.00021299999986013063,0.00011499999885700163,32.59744100000006,0.05259786099999929,False,False,False
base_0_near_04_v0.5_h0.2,base_0_near_04,3.2,0.5,0.2,binary_combined,2,False,False,True,0,,7.999999951380232e-05,0.00021500000002561137,0.00011300000046787773,32.59744100000006,0.05259784900000007,False,False,False
base_0_near_04_v0.5_h0.3,base_0_near_04,3.2,0.5,0.3,binary_full,0,False,False,True,0,,7.699999926558121e-05,0.0002210000005220536,0.00013100000018084756,32.59744100000006,0.05259787000000003,False,False,False
base_0_near_04_v0.5_h0.3,base_0_near_04,3.2,0.5,0.3,binary_combined,1,False,False,True,0,,8.39999998447638e-05,0.0002400000003177638,0.00013900000084277053,32.59744100000006,0.05259790400000107,False,False,False
base_0_near_04_v0.5_h0.3,base_0_near_04,3.2,0.5,0.3,json_combined,2,False,False,True,0,,8.499999992750418e-05,0.0002470000008969464,9.799999922677216e-05,32.59744100000006,0.052597871000000115,False,False,False
base_0_near_04_v0.5_h0.4,base_0_near_04,3.2,0.5,0.4,binary_combined,0,False,False,True,0,,7.20000006282362e-05,0.00015500000039025963,7.699999926558121e-05,32.59744100000006,0.05259774500000035,False,False,False
base_0_near_04_v0.5_h0.4,base_0_near_04,3.2,0.5,0.4,json_combined,1,False,False,True,0,,5.2999999056169145e-05,0.00013799999898367332,7.899999943106195e-05,32.59744100000006,0.052597710999997535,False,False,False
base_0_near_04_v0.5_h0.4,base_0_near_04,3.2,0.5,0.4,binary_full,2,False,False,True,0,,5.2999999056169145e-05,0.0001259999997671457,8.20000014556399e-05,32.59744100000006,0.05259770200000034,False,False,False
base_0_near_04_v1.0_h0.2,base_0_near_04,3.2,1.0,0.2,json_combined,0,False,False,True,0,,9.10000004239464e-05,0.00015400000030751926,9.8000001003129e-05,32.59744100000006,0.0525977840000018,False,False,False
base_0_near_04_v1.0_h0.2,base_0_near_04,3.2,1.0,0.2,binary_full,1,False,False,True,0,,5.800000124622784e-05,0.00012300000129528144,7.499999910010047e-05,32.59744100000006,0.052597697000001706,False,False,False
base_0_near_04_v1.0_h0.2,base_0_near_04,3.2,1.0,0.2,binary_combined,2,False,False,True,0,,5.699999938713063e-05,0.00012199999943618423,7.700000104193805e-05,32.59744100000006,0.05259769699999993,False,False,False
base_0_near_04_v1.0_h0.3,base_0_near_04,3.2,1.0,0.3,binary_full,0,False,False,True,0,,9.400000067216752e-05,0.0002050000009745645,0.00014999999997655777,32.59744100000006,0.05259789000000169,False,False,False
base_0_near_04_v1.0_h0.3,base_0_near_04,3.2,1.0,0.3,binary_combined,1,False,False,True,0,,8.600000001024455e-05,0.00017600000035145058,0.0001300000000981072,32.59744100000006,0.052597833000000524,False,False,False
base_0_near_04_v1.0_h0.3,base_0_near_04,3.2,1.0,0.3,json_combined,2,False,False,True,0,,0.00010199999955773364,0.00022300000068753434,0.00010099999947499327,32.59744100000006,0.052597866999999784,False,False,False
base_0_near_04_v1.0_h0.4,base_0_near_04,3.2,1.0,0.4,binary_combined,0,False,False,True,0,,8.09999995965427e-05,0.0002850000004883668,0.0001319999984872311,32.59744100000006,0.052597938999998636,False,False,False
base_0_near_04_v1.0_h0.4,base_0_near_04,3.2,1.0,0.4,json_combined,1,False,False,True,0,,8.39999998447638e-05,0.0002890000008193283,0.00011900000096431995,32.59744100000006,0.05259793300000169,False,False,False
base_0_near_04_v1.0_h0.4,base_0_near_04,3.2,1.0,0.4,binary_full,2,False,False,True,0,,7.20000006282362e-05,0.0001909999998161993,0.00012399999960166497,32.59744100000006,0.05259782800000011,False,False,False
base_0_near_05_v0.0_h0.2,base_0_near_05,3.25,0.0,0.2,json_combined,0,False,False,True,0,,0.0002529999996170318,0.0005259999991125142,0.00016899999977226798,31.425654999999608,0.051426602999998114,False,False,False
base_0_near_05_v0.0_h0.2,base_0_near_05,3.25,0.0,0.2,binary_full,1,False,False,True,0,,9.400000067216752e-05,0.0002689999991645209,0.0001330000003463283,31.425654999999608,0.051426150999999795,False,False,False
base_0_near_05_v0.0_h0.2,base_0_near_05,3.25,0.0,0.2,binary_combined,2,False,False,True,0,,8.299999976202344e-05,0.0001649999994413065,7.50000008764573e-05,31.425654999999608,0.05142597799999969,False,False,False
base_0_near_05_v0.0_h0.3,base_0_near_05,3.25,0.0,0.3,binary_full,0,False,False,True,0,,0.00010099999947499327,0.00016699999960678724,0.00013200000026358794,31.425654999999608,0.05142605499999896,False,False,False
base_0_near_05_v0.0_h0.3,base_0_near_05,3.25,0.0,0.3,binary_combined,1,False,False,True,0,,6.200000157718932e-05,0.00012799999993262645,9.599999906129142e-05,31.425654999999608,0.05142594100000018,False,False,False
base_0_near_05_v0.0_h0.3,base_0_near_05,3.25,0.0,0.3,json_combined,2,False,False,True,0,,6.299999988357285e-05,0.00018199999907153597,8.700000009298492e-05,31.425654999999608,0.05142598699999866,False,False,False
base_0_near_05_v0.0_h0.4,base_0_near_05,3.25,0.0,0.4,binary_combined,0,False,False,True,0,,8.600000001024455e-05,0.00016399999935856613,9.000000034120603e-05,31.425654999999608,0.05142599499999932,False,False,False
base_0_near_05_v0.0_h0.4,base_0_near_05,3.25,0.0,0.4,json_combined,1,False,False,True,0,,5.5000000998006726e-05,0.00014500000133921276,9.000000034120603e-05,31.425654999999608,0.05142594500000229,False,False,False
base_0_near_05_v0.0_h0.4,base_0_near_05,3.25,0.0,0.4,binary_full,2,False,False,True,0,,5.200000074978561e-05,0.00014099999923189444,7.700000104193805e-05,31.425654999999608,0.051425925000000636,False,False,False
base_0_near_05_v0.5_h0.2,base_0_near_05,3.25,0.5,0.2,json_combined,0,False,False,True,0,,0.00011899999918796311,0.00026100000027895476,0.0001579999988621239,31.425654999999608,0.05142619299999794,False,False,False
base_0_near_05_v0.5_h0.2,base_0_near_05,3.25,0.5,0.2,binary_full,1,False,False,True,0,,8.600000001024455e-05,0.00020000000056086265,0.00014999999997655777,31.425654999999608,0.05142609100000016,False,False,False
base_0_near_05_v0.5_h0.2,base_0_near_05,3.25,0.5,0.2,binary_combined,2,False,False,True,0,,7.699999926558121e-05,0.0001999999987845058,8.899999848210882e-05,31.425654999999608,0.051426020999996144,False,False,False
base_0_near_05_v0.5_h0.3,base_0_near_05,3.25,0.5,0.3,binary_full,0,False,False,True,0,,8.499999992750418e-05,0.0001679999996895276,7.699999926558121e-05,31.425654999999608,0.051425984999998495,False,False,False
base_0_near_05_v0.5_h0.3,base_0_near_05,3.25,0.5,0.3,binary_combined,1,False,False,True,0,,5.699999938713063e-05,0.00013799999898367332,0.0001069999999714355,31.425654999999608,0.051425956999997954,False,False,False
base_0_near_05_v0.5_h0.3,base_0_near_05,3.25,0.5,0.3,json_combined,2,False,False,True,0,,5.1999998973428774e-05,0.00016099999911034502,7.100000054549582e-05,31.425654999999608,0.05142593899999824,False,False,False
base_0_near_05_v0.5_h0.4,base_0_near_05,3.25,0.5,0.4,binary_combined,0,False,False,True,0,,0.00012199999943618423,0.0001530000002247789,8.09999995965427e-05,31.425654999999608,0.05142601099999887,False,False,False
base_0_near_05_v0.5_h0.4,base_0_near_05,3.25,0.5,0.4,json_combined,1,False,False,True,0,,5.899999955261137e-05,0.00014100000100825127,7.199999885187935e-05,31.425654999999608,0.051425926999999025,False,False,False
base_0_near_05_v0.5_h0.4,base_0_near_05,3.25,0.5,0.4,binary_full,2,False,False,True,0,,5.100000066704524e-05,0.00014299999939737518,7.599999918284084e-05,31.425654999999608,0.05142592499999886,False,False,False
base_0_near_05_v1.0_h0.2,base_0_near_05,3.25,1.0,0.2,json_combined,0,False,False,True,0,,8.900000025846566e-05,0.0001440000012564724,9.10000004239464e-05,31.425654999999608,0.05142597900000155,False,False,False
base_0_near_05_v1.0_h0.2,base_0_near_05,3.25,1.0,0.2,binary_full,1,False,False,True,0,,5.2999999056169145e-05,0.0001229999995189246,7.700000104193805e-05,31.425654999999608,0.05142590799999923,False,False,False
base_0_near_05_v1.0_h0.2,base_0_near_05,3.25,1.0,0.2,binary_combined,2,False,False,True,0,,5.1999998973428774e-05,0.00010599999988869513,7.600000095919768e-05,31.425654999999608,0.05142588899999943,False,False,False
base_0_near_05_v1.0_h0.3,base_0_near_05,3.25,1.0,0.3,binary_full,0,False,False,True,0,,6.900000038001508e-05,0.00017099999993774873,9.900000108586937e-05,31.425654999999608,0.051425994000001016,False,False,False
base_0_near_05_v1.0_h0.3,base_0_near_05,3.25,1.0,0.3,binary_combined,1,False,False,True,0,,5.60000010807471e-05,0.00011900000096431995,8.09999995965427e-05,31.425654999999608,0.051425911000001254,False,False,False
base_0_near_05_v1.0_h0.3,base_0_near_05,3.25,1.0,0.3,json_combined,2,False,False,True,0,,5.100000066704524e-05,0.0001300000000981072,7.699999926558121e-05,31.425654999999608,0.05142591299999964,False,False,False
base_0_near_05_v1.0_h0.4,base_0_near_05,3.25,1.0,0.4,binary_combined,0,False,False,True,0,,9.600000083764826e-05,0.00016000000080396148,8.39999998447638e-05,31.425654999999608,0.0514259950000011,False,False,False
base_0_near_05_v1.0_h0.4,base_0_near_05,3.25,1.0,0.4,json_combined,1,False,False,True,0,,5.7999999469871e-05,0.00017400000018596984,8.299999976202344e-05,31.425654999999608,0.05142596999999903,False,False,False
base_0_near_05_v1.0_h0.4,base_0_near_05,3.25,1.0,0.4,binary_full,2,False,False,True,0,,5.4000000915266355e-05,0.00012799999993262645,9.8000001003129e-05,31.425654999999608,0.05142593500000146,False,False,False
base_0_near_06_v0.0_h0.2,base_0_near_06,3.3,0.0,0.2,json_combined,0,False,False,True,0,,0.000213999999942871,0.0006200000015610385,0.0001649999994413065,17.496551000000693,0.03749755000000164,False,False,False
base_0_near_06_v0.0_h0.2,base_0_near_06,3.3,0.0,0.2,binary_full,1,False,False,True,0,,9.200000050668677e-05,0.00027299999949548237,0.00012900000001536682,17.496551000000693,0.037497045000000714,False,False,False
base_0_near_06_v0.0_h0.2,base_0_near_06,3.3,0.0,0.2,binary_combined,2,False,False,True,0,,6.099999971809211e-05,0.0001330000003463283,7.199999885187935e-05,17.496551000000693,0.03749681699999961,False,False,False
base_0_near_06_v0.0_h0.3,base_0_near_06,3.3,0.0,0.3,binary_full,0,False,False,True,0,,9.000000034120603e-05,0.0001590000007212211,0.00011499999885700163,17.496551000000693,0.037496915000000616,False,False,False
base_0_near_06_v0.0_h0.3,base_0_near_06,3.3,0.0,0.3,binary_combined,1,False,False,True,0,,5.60000010807471e-05,0.00014299999939737518,9.500000075490789e-05,17.496551000000693,0.03749684500000193,False,False,False
base_0_near_06_v0.0_h0.3,base_0_near_06,3.3,0.0,0.3,json_combined,2,False,False,True,0,,6.399999996631323e-05,0.00020100000064360302,9.10000004239464e-05,17.496551000000693,0.03749690700000173,False,False,False
base_0_near_06_v0.0_h0.4,base_0_near_06,3.3,0.0,0.4,binary_combined,0,False,False,True,0,,7.999999951380232e-05,0.00014099999923189444,0.0001069999999714355,17.496551000000693,0.037496878999999414,False,False,False
base_0_near_06_v0.0_h0.4,base_0_near_06,3.3,0.0,0.4,json_combined,1,False,False,True,0,,5.599999930439026e-05,0.00015999999902760464,8.299999976202344e-05,17.496551000000693,0.03749684999999879,False,False,False
base_0_near_06_v0.0_h0.4,base_0_near_06,3.3,0.0,0.4,binary_full,2,False,False,True,0,,6.199999980083248e-05,0.00016299999927582576,7.599999918284084e-05,17.496551000000693,0.037496851999998956,False,False,False
base_0_near_06_v0.5_h0.2,base_0_near_06,3.3,0.5,0.2,json_combined,0,False,False,True,0,,9.200000050668677e-05,0.00014699999972833666,9.200000050668677e-05,17.496551000000693,0.03749688200000144,False,False,False
base_0_near_06_v0.5_h0.2,base_0_near_06,3.3,0.5,0.2,binary_full,1,False,False,True,0,,5.2999999056169145e-05,0.00017099999993774873,7.20000006282362e-05,17.496551000000693,0.03749684700000032,False,False,False
base_0_near_06_v0.5_h0.2,base_0_near_06,3.3,0.5,0.2,binary_combined,2,False,False,True,0,,5.200000074978561e-05,0.00014299999939737518,8.39999998447638e-05,17.496551000000693,0.03749683000000069,False,False,False
base_0_near_06_v0.5_h0.3,base_0_near_06,3.3,0.5,0.3,binary_full,0,False,False,True,0,,8.09999995965427e-05,0.00013599999881819258,7.50000008764573e-05,17.496551000000693,0.03749684299999999,False,False,False
base_0_near_06_v0.5_h0.3,base_0_near_06,3.3,0.5,0.3,binary_combined,1,False,False,True,0,,7.000000046275545e-05,0.00012199999943618423,0.00011499999885700163,17.496551000000693,0.03749685799999945,False,False,False
base_0_near_06_v0.5_h0.3,base_0_near_06,3.3,0.5,0.3,json_combined,2,False,False,True,0,,5.2999999056169145e-05,0.00014499999956285592,7.300000071097656e-05,17.496551000000693,0.03749682200000003,False,False,False
base_0_near_06_v0.5_h0.4,base_0_near_06,3.3,0.5,0.4,binary_combined,0,False,False,True,0,,7.600000095919768e-05,0.0001489999998938174,0.00010299999964047402,17.496551000000693,0.03749687900000119,False,False,False
base_0_near_06_v0.5_h0.4,base_0_near_06,3.3,0.5,0.4,json_combined,1,False,False,True,0,,5.3000000832525984e-05,0.00013999999914915406,9.000000034120603e-05,17.496551000000693,0.03749683400000102,False,False,False
base_0_near_06_v0.5_h0.4,base_0_near_06,3.3,0.5,0.4,binary_full,2,False,False,True,0,,5.200000074978561e-05,0.0001300000000981072,0.00010599999988869513,17.496551000000693,0.03749683900000143,False,False,False
base_0_near_06_v1.0_h0.2,base_0_near_06,3.3,1.0,0.2,json_combined,0,False,False,True,0,,9.700000092038863e-05,0.00014099999923189444,0.0001069999999714355,17.496551000000693,0.03749689600000082,False,False,False
base_0_near_06_v1.0_h0.2,base_0_near_06,3.3,1.0,0.2,binary_full,1,False,False,True,0,,5.4000000915266355e-05,0.00013200000026358794,7.599999918284084e-05,17.496551000000693,0.03749681300000106,False,False,False
base_0_near_06_v1.0_h0.2,base_0_near_06,3.3,1.0,0.2,binary_combined,2,False,False,True,0,,5.3999999138909516e-05,0.0001140000005506181,7.499999910010047e-05,17.496551000000693,0.037496793999999486,False,False,False
base_0_near_06_v1.0_h0.3,base_0_near_06,3.3,1.0,0.3,binary_full,0,False,False,True,0,,7.899999943106195e-05,0.00018599999940249745,8.199999967928306e-05,17.496551000000693,0.03749689799999921,False,False,False
base_0_near_06_v1.0_h0.3,base_0_near_06,3.3,1.0,0.3,binary_combined,1,False,False,True,0,,5.2999999056169145e-05,0.0001400000009255109,7.50000008764573e-05,17.496551000000693,0.037496819000001555,False,False,False
base_0_near_06_v1.0_h0.3,base_0_near_06,3.3,1.0,0.3,json_combined,2,False,False,True,0,,5.3000000832525984e-05,0.00014800000158743387,7.799999934832158e-05,17.496551000000693,0.037496830000002465,False,False,False
base_0_near_06_v1.0_h0.4,base_0_near_06,3.3,1.0,0.4,binary_combined,0,False,False,True,0,,5.60000010807471e-05,0.00017400000018596984,9.899999930951253e-05,17.496551000000693,0.03749688000000127,False,False,False
base_0_near_06_v1.0_h0.4,base_0_near_06,3.3,1.0,0.4,json_combined,1,False,False,True,0,,5.2999999056169145e-05,0.00013900000084277053,9.300000058942715e-05,17.496551000000693,0.037496836000001185,False,False,False
base_0_near_06_v1.0_h0.4,base_0_near_06,3.3,1.0,0.4,binary_full,2,False,False,True,0,,5.3999999138909516e-05,0.00010299999964047402,7.600000095919768e-05,17.496551000000693,0.037496784000000435,False,False,False
base_0_near_07_v0.0_h0.2,base_0_near_07,3.35,0.0,0.2,json_combined,0,False,False,True,0,,0.00019700000031264153,0.0005579999999838492,0.00023800000015228306,18.67422600000168,0.038675219000002134,False,False,False
base_0_near_07_v0.0_h0.2,base_0_near_07,3.35,0.0,0.2,binary_full,1,False,False,True,0,,0.00012200000121254106,0.00034500000012371856,0.0001549999986139028,18.67422600000168,0.038674848000001635,False,False,False
base_0_near_07_v0.0_h0.2,base_0_near_07,3.35,0.0,0.2,binary_combined,2,False,False,True,0,,9.10000004239464e-05,0.00025200000131064826,0.00014299999939737518,18.67422600000168,0.03867471200000282,False,False,False
base_0_near_07_v0.0_h0.3,base_0_near_07,3.35,0.0,0.3,binary_full,0,False,False,True,0,,0.00011100000030239698,0.00017400000018596984,0.00011200000038513735,18.67422600000168,0.03867462300000256,False,False,False
base_0_near_07_v0.0_h0.3,base_0_near_07,3.35,0.0,0.3,binary_combined,1,False,False,True,0,,5.5000000998006726e-05,0.00011800000088157958,8.800000017572529e-05,18.67422600000168,0.03867448700000374,False,False,False
base_0_near_07_v0.0_h0.3,base_0_near_07,3.35,0.0,0.3,json_combined,2,False,False,True,0,,5.1999998973428774e-05,0.0002080000012227856,7.999999951380232e-05,18.67422600000168,0.038674566000001395,False,False,False
base_0_near_07_v0.0_h0.4,base_0_near_07,3.35,0.0,0.4,binary_combined,0,False,False,True,0,,7.099999876913898e-05,0.0001259999997671457,9.000000034120603e-05,18.67422600000168,0.03867451300000056,False,False,False
base_0_near_07_v0.0_h0.4,base_0_near_07,3.35,0.0,0.4,json_combined,1,False,False,True,0,,5.3999999138909516e-05,0.00014200000109099165,0.00011600000071609884,18.67422600000168,0.03867453800000263,False,False,False
base_0_near_07_v0.0_h0.4,base_0_near_07,3.35,0.0,0.4,binary_full,2,False,False,True,0,,5.2999999056169145e-05,0.00010800000005417587,7.39999990173601e-05,18.67422600000168,0.03867446099999981,False,False,False
base_0_near_07_v0.5_h0.2,base_0_near_07,3.35,0.5,0.2,json_combined,0,False,False,True,0,,0.00013600000059454942,0.00019100000159255615,8.600000001024455e-05,18.67422600000168,0.03867463900000388,False,False,False
base_0_near_07_v0.5_h0.2,base_0_near_07,3.35,0.5,0.2,binary_full,1,False,False,True,0,,6.200000157718932e-05,0.00014500000133921276,7.799999934832158e-05,18.67422600000168,0.03867451100000395,False,False,False
base_0_near_07_v0.5_h0.2,base_0_near_07,3.35,0.5,0.2,binary_combined,2,False,False,True,0,,6.399999996631323e-05,0.0001229999995189246,9.000000034120603e-05,18.67422600000168,0.03867450300000151,False,False,False
base_0_near_07_v0.5_h0.3,base_0_near_07,3.35,0.5,0.3,binary_full,0,False,False,True,0,,0.00011100000030239698,0.00017799999874057448,7.799999934832158e-05,18.67422600000168,0.038674593000000076,False,False,False
base_0_near_07_v0.5_h0.3,base_0_near_07,3.35,0.5,0.3,binary_combined,1,False,False,True,0,,5.1999998973428774e-05,0.00012200000121254106,8.899999848210882e-05,18.67422600000168,0.03867448900000035,False,False,False
base_0_near_07_v0.5_h0.3,base_0_near_07,3.35,0.5,0.3,json_combined,2,False,False,True,0,,5.999999963535174e-05,0.00016999999985500835,8.199999967928306e-05,18.67422600000168,0.038674538000000855,False,False,False
base_0_near_07_v0.5_h0.4,base_0_near_07,3.35,0.5,0.4,binary_combined,0,False,False,True,0,,9.500000075490789e-05,0.00016899999977226798,0.0001720000000204891,18.67422600000168,0.03867466200000223,False,False,False
base_0_near_07_v0.5_h0.4,base_0_near_07,3.35,0.5,0.4,json_combined,1,False,False,True,0,,7.39999990173601e-05,0.00020899999952916914,0.00012900000001536682,18.67422600000168,0.03867463800000025,False,False,False
base_0_near_07_v0.5_h0.4,base_0_near_07,3.35,0.5,0.4,binary_full,2,False,False,True,0,,8.600000001024455e-05,0.00016900000154862482,0.0001069999999714355,18.67422600000168,0.038674588000003216,False,False,False
base_0_near_07_v1.0_h0.2,base_0_near_07,3.35,1.0,0.2,json_combined,0,False,False,True,0,,7.699999926558121e-05,0.00016699999960678724,7.599999918284084e-05,18.67422600000168,0.03867454599999974,False,False,False
base_0_near_07_v1.0_h0.2,base_0_near_07,3.35,1.0,0.2,binary_full,1,False,False,True,0,,5.100000066704524e-05,0.0001459999996455963,7.39999990173601e-05,18.67422600000168,0.038674497000001015,False,False,False
base_0_near_07_v1.0_h0.2,base_0_near_07,3.35,1.0,0.2,binary_combined,2,False,False,True,0,,5.000000058430487e-05,0.00012199999943618423,7.300000071097656e-05,18.67422600000168,0.03867447100000242,False,False,False
base_0_near_07_v1.0_h0.3,base_0_near_07,3.35,1.0,0.3,binary_full,0,False,False,True,0,,9.10000004239464e-05,0.000156000000473,7.700000104193805e-05,18.67422600000168,0.038674550000003624,False,False,False
base_0_near_07_v1.0_h0.3,base_0_near_07,3.35,1.0,0.3,binary_combined,1,False,False,True,0,,5.100000066704524e-05,0.00011300000046787773,7.499999910010047e-05,18.67422600000168,0.03867446500000192,False,False,False
base_0_near_07_v1.0_h0.3,base_0_near_07,3.35,1.0,0.3,json_combined,2,False,False,True,0,,4.999999880794803e-05,0.0001590000007212211,7.299999893461973e-05,18.67422600000168,0.03867450800000015,False,False,False
base_0_near_07_v1.0_h0.4,base_0_near_07,3.35,1.0,0.4,binary_combined,0,False,False,True,0,,8.900000025846566e-05,0.00018100000076515244,0.0001210000011298007,18.67422600000168,0.03867461700000384,False,False,False
base_0_near_07_v1.0_h0.4,base_0_near_07,3.35,1.0,0.4,json_combined,1,False,False,True,0,,7.099999876913898e-05,0.0002510000012279079,9.799999922677216e-05,18.67422600000168,0.03867464600000091,False,False,False
base_0_near_07_v1.0_h0.4,base_0_near_07,3.35,1.0,0.4,binary_full,2,False,False,True,0,,6.800000029727471e-05,0.000156000000473,0.00011199999860878052,18.67422600000168,0.038674562000001064,False,False,False
base_0_near_08_v0.0_h0.2,base_0_near_08,3.4000000000000004,0.0,0.2,json_combined,0,False,False,True,0,,0.00021199999977739026,0.0005590000000665896,0.0001590000007212211,16.76561400000054,0.03676654400000111,False,False,False
base_0_near_08_v0.0_h0.2,base_0_near_08,3.4000000000000004,0.0,0.2,binary_full,1,False,False,True,0,,7.800000112467842e-05,0.00026800000085813735,0.00012200000121254106,16.76561400000054,0.03676608200000374,False,False,False
base_0_near_08_v0.0_h0.2,base_0_near_08,3.4000000000000004,0.0,0.2,binary_combined,2,False,False,True,0,,4.90000005015645e-05,0.00015100000005929815,7.899999943106195e-05,16.76561400000054,0.036765893000000535,False,False,False
base_0_near_08_v0.0_h0.3,base_0_near_08,3.4000000000000004,0.0,0.3,binary_full,0,False,False,True,0,,0.0001210000011298007,0.00015700000055574037,0.00013200000026358794,16.76561400000054,0.03676602400000249,False,False,False
base_0_near_08_v0.0_h0.3,base_0_near_08,3.4000000000000004,0.0,0.3,binary_combined,1,False,False,True,0,,6.299999988357285e-05,0.00011000000021965661,0.00010600000166505197,16.76561400000054,0.03676589300000231,False,False,False
base_0_near_08_v0.0_h0.3,base_0_near_08,3.4000000000000004,0.0,0.3,json_combined,2,False,False,True,0,,4.999999880794803e-05,0.00019400000006442042,0.00010800000005417587,16.76561400000054,0.03676596599999947,False,False,False
base_0_near_08_v0.0_h0.4,base_0_near_08,3.4000000000000004,0.0,0.4,binary_combined,0,False,False,True,0,,0.00017899999882331485,0.0001879999995679782,7.799999934832158e-05,16.76561400000054,0.03676605899999828,False,False,False
base_0_near_08_v0.0_h0.4,base_0_near_08,3.4000000000000004,0.0,0.4,json_combined,1,False,False,True,0,,4.800000041882413e-05,0.00014099999923189444,9.600000083764826e-05,16.76561400000054,0.03676589900000103,False,False,False
base_0_near_08_v0.0_h0.4,base_0_near_08,3.4000000000000004,0.0,0.4,binary_full,2,False,False,True,0,,7.999999951380232e-05,0.00012799999993262645,6.999999868639861e-05,16.76561400000054,0.036765891999998676,False,False,False
base_0_near_08_v0.5_h0.2,base_0_near_08,3.4000000000000004,0.5,0.2,json_combined,0,False,False,True,0,,0.00010100000125135011,0.00015800000063848074,9.000000034120603e-05,16.76561400000054,0.036765963000002774,False,False,False
base_0_near_08_v0.5_h0.2,base_0_near_08,3.4000000000000004,0.5,0.2,binary_full,1,False,False,True,0,,5.100000066704524e-05,0.00013100000018084756,7.899999943106195e-05,16.76561400000054,0.03676587500000082,False,False,False
base_0_near_08_v0.5_h0.2,base_0_near_08,3.4000000000000004,0.5,0.2,binary_combined,2,False,False,True,0,,5.09999988906884e-05,0.00010099999947499327,7.300000071097656e-05,16.76561400000054,0.03676583899999962,False,False,False
base_0_near_08_v0.5_h0.3,base_0_near_08,3.4000000000000004,0.5,0.3,binary_full,0,False,False,True,0,,8.09999995965427e-05,0.0001879999995679782,9.900000108586937e-05,16.76561400000054,0.036765982000000794,False,False,False
base_0_near_08_v0.5_h0.3,base_0_near_08,3.4000000000000004,0.5,0.3,binary_combined,1,False,False,True,0,,5.000000058430487e-05,0.0001459999996455963,9.29999988130703e-05,16.76561400000054,0.036765902999999586,False,False,False
base_0_near_08_v0.5_h0.3,base_0_near_08,3.4000000000000004,0.5,0.3,json_combined,2,False,False,True,0,,5.000000058430487e-05,0.00016099999911034502,7.699999926558121e-05,16.76561400000054,0.036765901999999503,False,False,False
base_0_near_08_v0.5_h0.4,base_0_near_08,3.4000000000000004,0.5,0.4,binary_combined,0,False,False,True,0,,8.900000025846566e-05,0.00012199999943618423,7.599999918284084e-05,16.76561400000054,0.03676590099999942,False,False,False
base_0_near_08_v0.5_h0.4,base_0_near_08,3.4000000000000004,0.5,0.4,json_combined,1,False,False,True,0,,5.3000000832525984e-05,0.0001419999993146348,7.899999943106195e-05,16.76561400000054,0.03676588800000012,False,False,False
base_0_near_08_v0.5_h0.4,base_0_near_08,3.4000000000000004,0.5,0.4,binary_full,2,False,False,True,0,,5.3999999138909516e-05,0.00012900000001536682,8.39999998447638e-05,16.76561400000054,0.03676588099999954,False,False,False
base_0_near_08_v1.0_h0.2,base_0_near_08,3.4000000000000004,1.0,0.2,json_combined,0,False,False,True,0,,8.199999967928306e-05,0.0001489999998938174,8.39999998447638e-05,16.76561400000054,0.03676592899999996,False,False,False
base_0_near_08_v1.0_h0.2,base_0_near_08,3.4000000000000004,1.0,0.2,binary_full,1,False,False,True,0,,4.700000033608376e-05,0.00010599999988869513,7.000000046275545e-05,16.76561400000054,0.03676583700000123,False,False,False
base_0_near_08_v1.0_h0.2,base_0_near_08,3.4000000000000004,1.0,0.2,binary_combined,2,False,False,True,0,,4.90000005015645e-05,0.0001210000011298007,7.600000095919768e-05,16.76561400000054,0.036765860000003134,False,False,False
base_0_near_08_v1.0_h0.3,base_0_near_08,3.4000000000000004,1.0,0.3,binary_full,0,False,False,True,0,,7.600000095919768e-05,0.00017800000051693132,0.00013999999914915406,16.76561400000054,0.03676600800000117,False,False,False
base_0_near_08_v1.0_h0.3,base_0_near_08,3.4000000000000004,1.0,0.3,binary_combined,1,False,False,True,0,,0.00010100000125135011,0.00021500000002561137,0.00011200000038513735,16.76561400000054,0.036766042000002205,False,False,False
base_0_near_08_v1.0_h0.3,base_0_near_08,3.4000000000000004,1.0,0.3,json_combined,2,False,False,True,0,,7.400000079371694e-05,0.0002329999997385812,0.00011600000071609884,16.76561400000054,0.03676603700000179,False,False,False
base_0_near_08_v1.0_h0.4,base_0_near_08,3.4000000000000004,1.0,0.4,binary_combined,0,False,False,True,0,,7.799999934832158e-05,0.00012799999993262645,9.500000075490789e-05,16.76561400000054,0.03676591500000058,False,False,False
base_0_near_08_v1.0_h0.4,base_0_near_08,3.4000000000000004,1.0,0.4,json_combined,1,False,False,True,0,,5.2999999056169145e-05,0.0001370000006772898,7.699999926558121e-05,16.76561400000054,0.03676588099999954,False,False,False
base_0_near_08_v1.0_h0.4,base_0_near_08,3.4000000000000004,1.0,0.4,binary_full,2,False,False,True,0,,7.000000046275545e-05,0.00012099999935344385,7.39999990173601e-05,16.76561400000054,0.03676587899999938,False,False,False
base_0_near_09_v0.0_h0.2,base_0_near_09,3.45,0.0,0.2,json_combined,0,False,False,True,0,,0.00025800000003073364,0.0006109999990400183,0.00015700000055574037,19.99581199999767,0.0399968379999973,False,False,False
base_0_near_09_v0.0_h0.2,base_0_near_09,3.45,0.0,0.2,binary_full,1,False,False,True,0,,0.00010199999955773364,0.0002749999996609631,0.00011199999860878052,19.99581199999767,0.0399963009999955,False,False,False
base_0_near_09_v0.0_h0.2,base_0_near_09,3.45,0.0,0.2,binary_combined,2,False,False,True,0,,6.199999980083248e-05,0.00013500000051180905,7.899999943106195e-05,19.99581199999767,0.03999608799999742,False,False,False
base_0_near_09_v0.0_h0.3,base_0_near_09,3.45,0.0,0.3,binary_full,0,False,False,True,0,,0.00015100000005929815,0.00021299999986013063,0.00010199999955773364,19.99581199999767,0.03999627799999715,False,False,False
base_0_near_09_v0.0_h0.3,base_0_near_09,3.45,0.0,0.3,binary_combined,1,False,False,True,0,,6.199999980083248e-05,0.0001229999995189246,8.09999995965427e-05,19.99581199999767,0.03999607799999659,False,False,False
base_0_near_09_v0.0_h0.3,base_0_near_09,3.45,0.0,0.3,json_combined,2,False,False,True,0,,5.000000058430487e-05,0.0001909999998161993,7.999999951380232e-05,19.99581199999767,0.03999613299999759,False,False,False
base_0_near_09_v0.0_h0.4,base_0_near_09,3.45,0.0,0.4,binary_combined,0,False,False,True,0,,9.499999897855105e-05,0.00014500000133921276,7.600000095919768e-05,19.99581199999767,0.03999612799999895,False,False,False
base_0_near_09_v0.0_h0.4,base_0_near_09,3.45,0.0,0.4,json_combined,1,False,False,True,0,,5.100000066704524e-05,0.00013599999881819258,7.50000008764573e-05,19.99581199999767,0.039996073999998036,False,False,False
base_0_near_09_v0.0_h0.4,base_0_near_09,3.45,0.0,0.4,binary_full,2,False,False,True,0,,5.100000066704524e-05,0.00013200000026358794,7.299999893461973e-05,19.99581199999767,0.03999606799999754,False,False,False
base_0_near_09_v0.5_h0.2,base_0_near_09,3.45,0.5,0.2,json_combined,0,False,False,True,0,,9.400000067216752e-05,0.0001679999996895276,7.400000079371694e-05,19.99581199999767,0.03999614799999883,False,False,False
base_0_near_09_v0.5_h0.2,base_0_near_09,3.45,0.5,0.2,binary_full,1,False,False,True,0,,5.1999998973428774e-05,0.00014200000109099165,7.20000006282362e-05,19.99581199999767,0.03999607799999837,False,False,False
base_0_near_09_v0.5_h0.2,base_0_near_09,3.45,0.5,0.2,binary_combined,2,False,False,True,0,,4.90000005015645e-05,0.00010299999964047402,7.599999918284084e-05,19.99581199999767,0.039996039999997,False,False,False
base_0_near_09_v0.5_h0.3,base_0_near_09,3.45,0.5,0.3,binary_full,0,False,False,True,0,,0.00016699999960678724,0.0004250000014138777,0.0002080000012227856,19.99581199999767,0.03999661199999992,False,False,False
base_0_near_09_v0.5_h0.3,base_0_near_09,3.45,0.5,0.3,binary_combined,1,False,False,True,0,,9.799999922677216e-05,0.00018699999948523782,0.00011300000046787773,19.99581199999767,0.039996209999996854,False,False,False
base_0_near_09_v0.5_h0.3,base_0_near_09,3.45,0.5,0.3,json_combined,2,False,False,True,0,,6.800000029727471e-05,0.000271999999412742,0.00010499999980595476,19.99581199999767,0.03999625699999719,False,False,False
base_0_near_09_v0.5_h0.4,base_0_near_09,3.45,0.5,0.4,binary_combined,0,False,False,True,0,,0.00010399999972321439,0.00021900000035657285,0.0001530000002247789,19.99581199999767,0.03999628799999798,False,False,False
base_0_near_09_v0.5_h0.4,base_0_near_09,3.45,0.5,0.4,json_combined,1,False,False,True,0,,9.900000108586937e-05,0.00021800000027383248,0.00013900000084277053,19.99581199999767,0.03999626799999988,False,False,False
base_0_near_09_v0.5_h0.4,base_0_near_09,3.45,0.5,0.4,binary_full,2,False,False,True,0,,0.00010499999980595476,0.0001820000008478928,0.00013900000084277053,19.99581199999767,0.03999623799999917,False,False,False
base_0_near_09_v1.0_h0.2,base_0_near_09,3.45,1.0,0.2,json_combined,0,False,False,True,0,,0.00013100000018084756,0.0003060000004495578,0.00015899999894486427,19.99581199999767,0.03999640799999725,False,False,False
base_0_near_09_v1.0_h0.2,base_0_near_09,3.45,1.0,0.2,binary_full,1,False,False,True,0,,9.10000004239464e-05,0.00027099999933000163,0.00015399999853116242,19.99581199999767,0.03999632799999596,False,False,False
base_0_near_09_v1.0_h0.2,base_0_near_09,3.45,1.0,0.2,binary_combined,2,False,False,True,0,,9.500000075490789e-05,0.00020899999952916914,0.00012900000001536682,19.99581199999767,0.039996244999997974,False,False,False
base_0_near_09_v1.0_h0.3,base_0_near_09,3.45,1.0,0.3,binary_full,0,False,False,True,0,,7.599999918284084e-05,0.000213999999942871,0.00014399999948011555,19.99581199999767,0.03999624599999628,False,False,False
base_0_near_09_v1.0_h0.3,base_0_near_09,3.45,1.0,0.3,binary_combined,1,False,False,True,0,,9.10000004239464e-05,0.00019299999998168005,0.0001319999984872311,19.99581199999767,0.03999622799999657,False,False,False
base_0_near_09_v1.0_h0.3,base_0_near_09,3.45,1.0,0.3,json_combined,2,False,False,True,0,,8.800000017572529e-05,0.00018999999973345894,0.00012099999935344385,19.99581199999767,0.03999621099999694,False,False,False
base_0_near_09_v1.0_h0.4,base_0_near_09,3.45,1.0,0.4,binary_combined,0,False,False,True,0,,9.900000108586937e-05,0.00021600000010835174,0.0001579999988621239,19.99581199999767,0.03999628499999773,False,False,False
base_0_near_09_v1.0_h0.4,base_0_near_09,3.45,1.0,0.4,json_combined,1,False,False,True,0,,8.900000025846566e-05,0.00022600000093575545,0.00010900000013691624,19.99581199999767,0.039996235999999005,False,False,False
base_0_near_09_v1.0_h0.4,base_0_near_09,3.45,1.0,0.4,binary_full,2,False,False,True,0,,9.10000004239464e-05,0.00017999999890605523,0.00014099999923189444,19.99581199999767,0.039996223999996236,False,False,False
base_1_far_00_v0.0_h0.2,base_1_far_00,3.5,0.0,0.2,json_combined,0,False,False,True,0,,0.0002170000001910921,0.0007249999995906364,0.00018300000093063318,18.255266000004156,0.03825639100000487,False,False,False
base_1_far_00_v0.0_h0.2,base_1_far_00,3.5,0.0,0.2,binary_full,1,False,False,True,0,,9.200000050668677e-05,0.0002690000009408777,9.899999930951253e-05,18.255266000004156,0.038255726000004917,False,False,False
base_1_far_00_v0.0_h0.2,base_1_far_00,3.5,0.0,0.2,binary_combined,2,False,False,True,0,,6.899999860365824e-05,0.00014999999997655777,7.899999943106195e-05,18.255266000004156,0.03825556400000217,False,False,False
base_1_far_00_v0.0_h0.3,base_1_far_00,3.5,0.0,0.3,binary_full,0,False,False,True,0,,0.00010100000125135011,0.0001630000010521826,0.00011899999918796311,18.255266000004156,0.03825564900000565,False,False,False
base_1_far_00_v0.0_h0.3,base_1_far_00,3.5,0.0,0.3,binary_combined,1,False,False,True,0,,8.499999992750418e-05,0.0001330000003463283,0.00010300000141683086,18.255266000004156,0.03825558700000585,False,False,False
base_1_far_00_v0.0_h0.3,base_1_far_00,3.5,0.0,0.3,json_combined,2,False,False,True,0,,5.699999938713063e-05,0.00017300000010322947,8.299999976202344e-05,18.255266000004156,0.03825557900000341,False,False,False
base_1_far_00_v0.0_h0.4,base_1_far_00,3.5,0.0,0.4,binary_combined,0,False,False,True,0,,0.00010299999964047402,0.00016299999927582576,9.599999906129142e-05,18.255266000004156,0.03825562800000214,False,False,False
base_1_far_00_v0.0_h0.4,base_1_far_00,3.5,0.0,0.4,json_combined,1,False,False,True,0,,6.099999971809211e-05,0.00015299999844842205,7.999999951380232e-05,18.255266000004156,0.03825556000000184,False,False,False
base_1_far_00_v0.0_h0.4,base_1_far_00,3.5,0.0,0.4,binary_full,2,False,False,True,0,,5.3999999138909516e-05,0.000156000000473,8.600000001024455e-05,18.255266000004156,0.03825556200000378,False,False,False
base_1_far_00_v0.5_h0.2,base_1_far_00,3.5,0.5,0.2,json_combined,0,False,False,True,0,,0.00014799999981107703,0.00016999999985500835,0.00010299999964047402,18.255266000004156,0.038255687000003466,False,False,False
base_1_far_00_v0.5_h0.2,base_1_far_00,3.5,0.5,0.2,binary_full,1,False,False,True,0,,5.3000000832525984e-05,0.0001720000000204891,7.899999943106195e-05,18.255266000004156,0.038255570000004444,False,False,False
base_1_far_00_v0.5_h0.2,base_1_far_00,3.5,0.5,0.2,binary_combined,2,False,False,True,0,,5.1999998973428774e-05,0.0001400000009255109,8.199999967928306e-05,18.255266000004156,0.03825554000000374,False,False,False
base_1_far_00_v0.5_h0.3,base_1_far_00,3.5,0.5,0.3,binary_full,0,False,False,True,0,,8.900000025846566e-05,0.0001440000012564724,0.00010200000133409048,18.255266000004156,0.03825560100000701,False,False,False
base_1_far_00_v0.5_h0.3,base_1_far_00,3.5,0.5,0.3,binary_combined,1,False,False,True,0,,5.5000000998006726e-05,0.00013400000042906868,8.600000001024455e-05,18.255266000004156,0.0382555410000056,False,False,False
base_1_far_00_v0.5_h0.3,base_1_far_00,3.5,0.5,0.3,json_combined,2,False,False,True,0,,5.2999999056169145e-05,0.00014099999923189444,7.400000079371694e-05,18.255266000004156,0.03825553400000324,False,False,False
base_1_far_00_v0.5_h0.4,base_1_far_00,3.5,0.5,0.4,binary_combined,0,False,False,True,0,,0.00010200000133409048,0.00013200000026358794,0.00010100000125135011,18.255266000004156,0.03825560100000701,False,False,False
base_1_far_00_v0.5_h0.4,base_1_far_00,3.5,0.5,0.4,json_combined,1,False,False,True,0,,5.3999999138909516e-05,0.0001330000003463283,8.199999967928306e-05,18.255266000004156,0.038255535000003324,False,False,False
base_1_far_00_v0.5_h0.4,base_1_far_00,3.5,0.5,0.4,binary_full,2,False,False,True,0,,5.200000074978561e-05,0.00010399999972321439,7.499999910010047e-05,18.255266000004156,0.03825549700000373,False,False,False
base_1_far_00_v1.0_h0.2,base_1_far_00,3.5,1.0,0.2,json_combined,0,False,False,True,0,,8.499999992750418e-05,0.00017600000035145058,0.00012699999984988608,18.255266000004156,0.03825565400000429,False,False,False
base_1_far_00_v1.0_h0.2,base_1_far_00,3.5,1.0,0.2,binary_full,1,False,False,True,0,,5.599999930439026e-05,0.00011100000030239698,9.099999864758956e-05,18.255266000004156,0.038255524000002414,False,False,False
base_1_far_00_v1.0_h0.2,base_1_far_00,3.5,1.0,0.2,binary_combined,2,False,False,True,0,,5.4000000915266355e-05,0.00012000000104706032,7.899999943106195e-05,18.255266000004156,0.03825551900000555,False,False,False
base_1_far_00_v1.0_h0.3,base_1_far_00,3.5,1.0,0.3,binary_full,0,False,False,True,0,,5.900000132896821e-05,0.0001980000003953819,7.799999934832158e-05,18.255266000004156,0.03825560100000523,False,False,False
base_1_far_00_v1.0_h0.3,base_1_far_00,3.5,1.0,0.3,binary_combined,1,False,False,True,0,,5.3000000832525984e-05,0.00014299999939737518,7.600000095919768e-05,18.255266000004156,0.03825553800000535,False,False,False
base_1_far_00_v1.0_h0.3,base_1_far_00,3.5,1.0,0.3,json_combined,2,False,False,True,0,,5.3000000832525984e-05,0.00013200000026358794,7.800000112467842e-05,18.255266000004156,0.03825552900000638,False,False,False
base_1_far_00_v1.0_h0.4,base_1_far_00,3.5,1.0,0.4,binary_combined,0,False,False,True,0,,0.00010900000013691624,0.00012900000001536682,9.300000058942715e-05,18.255266000004156,0.0382555970000049,False,False,False
base_1_far_00_v1.0_h0.4,base_1_far_00,3.5,1.0,0.4,json_combined,1,False,False,True,0,,5.1999998973428774e-05,0.0001419999993146348,7.700000104193805e-05,18.255266000004156,0.03825553700000349,False,False,False
base_1_far_00_v1.0_h0.4,base_1_far_00,3.5,1.0,0.4,binary_full,2,False,False,True,0,,6.50000000490536e-05,0.0001440000012564724,7.20000006282362e-05,18.255266000004156,0.03825554700000609,False,False,False
base_1_far_01_v0.0_h0.2,base_1_far_01,3.55,0.0,0.2,json_combined,0,False,False,True,0,,0.0002489999992860703,0.0007629999991820569,0.00021199999977739026,19.580382999997425,0.039581606999995675,False,False,False
base_1_far_01_v0.0_h0.2,base_1_far_01,3.55,0.0,0.2,binary_full,1,False,False,True,0,,0.00010200000133409048,0.00031999999983156613,0.00017099999993774873,19.580382999997425,0.03958097599999853,False,False,False
base_1_far_01_v0.0_h0.2,base_1_far_01,3.55,0.0,0.2,binary_combined,2,False,False,True,0,,8.299999976202344e-05,0.00018299999915427634,0.0001459999996455963,19.580382999997425,0.03958079499999599,False,False,False
base_1_far_01_v0.0_h0.3,base_1_far_01,3.55,0.0,0.3,binary_full,0,False,False,True,0,,0.0001470000015046935,0.0003020000001185963,0.0001590000007212211,19.580382999997425,0.039580990999999774,False,False,False
base_1_far_01_v0.0_h0.3,base_1_far_01,3.55,0.0,0.3,binary_combined,1,False,False,True,0,,8.199999967928306e-05,0.00023599999998680232,0.00013200000026358794,19.580382999997425,0.03958083299999736,False,False,False
base_1_far_01_v0.0_h0.3,base_1_far_01,3.55,0.0,0.3,json_combined,2,False,False,True,0,,7.799999934832158e-05,0.00021100000147100673,0.00016000000080396148,19.580382999997425,0.03958083199999905,False,False,False
base_1_far_01_v0.0_h0.4,base_1_far_01,3.55,0.0,0.4,binary_combined,0,False,False,True,0,,0.00013399999865271184,0.0002820000002401457,0.00015500000039025963,19.580382999997425,0.03958095399999671,False,False,False
base_1_far_01_v0.0_h0.4,base_1_far_01,3.55,0.0,0.4,json_combined,1,False,False,True,0,,7.199999885187935e-05,0.00022099999874569676,0.00011700000079883921,19.580382999997425,0.039580792999995826,False,False,False
base_1_far_01_v0.0_h0.4,base_1_far_01,3.55,0.0,0.4,binary_full,2,False,False,True,0,,8.600000001024455e-05,0.00019900000047812227,0.00011300000046787773,19.580382999997425,0.039580780999998386,False,False,False
base_1_far_01_v0.5_h0.2,base_1_far_01,3.55,0.5,0.2,json_combined,0,False,False,True,0,,0.0001069999999714355,0.00020199999894998655,0.00013399999865271184,19.580382999997425,0.039580825999995004,False,False,False
base_1_far_01_v0.5_h0.2,base_1_far_01,3.55,0.5,0.2,binary_full,1,False,False,True,0,,8.299999976202344e-05,0.00022500000085301508,0.00013400000042906868,19.580382999997425,0.039580824999998473,False,False,False
base_1_far_01_v0.5_h0.2,base_1_far_01,3.55,0.5,0.2,binary_combined,2,False,False,True,0,,8.700000009298492e-05,0.00022200000060479397,0.00010399999972321439,19.580382999997425,0.03958079599999785,False,False,False
base_1_far_01_v0.5_h0.3,base_1_far_01,3.55,0.5,0.3,binary_full,0,False,False,True,0,,0.00010399999972321439,0.00023900000023502344,0.00016000000080396148,19.580382999997425,0.03958088599999819,False,False,False
base_1_far_01_v0.5_h0.3,base_1_far_01,3.55,0.5,0.3,binary_combined,1,False,False,True,0,,9.99999993922529e-05,0.00023099999957310047,0.0001330000003463283,19.580382999997425,0.03958084699999674,False,False,False
base_1_far_01_v0.5_h0.3,base_1_far_01,3.55,0.5,0.3,json_combined,2,False,False,True,0,,9.500000075490789e-05,0.0002949999995394137,0.00014399999948011555,19.580382999997425,0.039580916999997204,False,False,False
base_1_far_01_v0.5_h0.4,base_1_far_01,3.55,0.5,0.4,binary_combined,0,False,False,True,0,,8.299999976202344e-05,0.0002299999994903601,0.00010399999972321439,19.580382999997425,0.039580799999996405,False,False,False
base_1_far_01_v0.5_h0.4,base_1_far_01,3.55,0.5,0.4,json_combined,1,False,False,True,0,,8.09999995965427e-05,0.00020899999952916914,0.00013699999890093295,19.580382999997425,0.039580809999995456,False,False,False
base_1_far_01_v0.5_h0.4,base_1_far_01,3.55,0.5,0.4,binary_full,2,False,False,True,0,,9.200000050668677e-05,0.0002299999994903601,0.00014999999997655777,19.580382999997425,0.0395808549999974,False,False,False
base_1_far_01_v1.0_h0.2,base_1_far_01,3.55,1.0,0.2,json_combined,0,False,False,True,0,,9.499999897855105e-05,0.0002749999996609631,0.00016100000088670186,19.580382999997425,0.039580913999996956,False,False,False
base_1_far_01_v1.0_h0.2,base_1_far_01,3.55,1.0,0.2,binary_full,1,False,False,True,0,,8.800000017572529e-05,0.00021899999858021602,0.00011200000038513735,19.580382999997425,0.03958080199999657,False,False,False
base_1_far_01_v1.0_h0.2,base_1_far_01,3.55,1.0,0.2,binary_combined,2,False,False,True,0,,0.00012699999984988608,0.0003150000011942211,0.00011699999902248237,19.580382999997425,0.039580941999997496,False,False,False
base_1_far_01_v1.0_h0.3,base_1_far_01,3.55,1.0,0.3,binary_full,0,False,False,True,0,,0.00011000000021965661,0.00020300000080908376,0.00013100000018084756,19.580382999997425,0.03958082699999864,False,False,False
base_1_far_01_v1.0_h0.3,base_1_far_01,3.55,1.0,0.3,binary_combined,1,False,False,True,0,,9.699999914403179e-05,0.0002400000003177638,0.00015700000055574037,19.580382999997425,0.03958087699999745,False,False,False
base_1_far_01_v1.0_h0.3,base_1_far_01,3.55,1.0,0.3,json_combined,2,False,False,True,0,,0.00010800000005417587,0.00025399999969977216,0.00014999999997655777,19.580382999997425,0.03958089499999716,False,False,False
base_1_far_01_v1.0_h0.4,base_1_far_01,3.55,1.0,0.4,binary_combined,0,False,False,True,0,,7.299999893461973e-05,0.00020100000064360302,0.00011200000038513735,19.580382999997425,0.03958076899999739,False,False,False
base_1_far_01_v1.0_h0.4,base_1_far_01,3.55,1.0,0.4,json_combined,1,False,False,True,0,,7.199999885187935e-05,0.000213999999942871,0.0001300000000981072,19.580382999997425,0.03958079899999632,False,False,False
base_1_far_01_v1.0_h0.4,base_1_far_01,3.55,1.0,0.4,binary_full,2,False,False,True,0,,6.900000038001508e-05,0.00015200000014203852,0.00014100000100825127,19.580382999997425,0.03958074499999896,False,False,False
base_1_far_02_v0.0_h0.2,base_1_far_02,3.6,0.0,0.2,json_combined,0,False,False,True,0,,0.00036199999975394803,0.0012449999999830652,0.0003010000000358559,32.31486500000358,0.052316773000003355,False,False,False
base_1_far_02_v0.0_h0.2,base_1_far_02,3.6,0.0,0.2,binary_full,1,False,False,True,0,,0.00014099999923189444,0.0006270000003638643,0.00018400000101337355,32.31486500000358,0.05231581700000419,False,False,False
base_1_far_02_v0.0_h0.2,base_1_far_02,3.6,0.0,0.2,binary_combined,2,False,False,True,0,,0.00010000000116860974,0.0004059999998418107,0.00014499999956285592,32.31486500000358,0.052315516000004156,False,False,False
base_1_far_02_v0.0_h0.3,base_1_far_02,3.6,0.0,0.3,binary_full,0,False,False,True,0,,0.00024200000048324455,0.00046900000150174037,0.00020899999952916914,32.31486500000358,0.0523157850000051,False,False,False
base_1_far_02_v0.0_h0.3,base_1_far_02,3.6,0.0,0.3,binary_combined,1,False,False,True,0,,9.600000083764826e-05,0.00038399999979787935,0.0001679999996895276,32.31486500000358,0.05231551300000391,False,False,False
base_1_far_02_v0.0_h0.3,base_1_far_02,3.6,0.0,0.3,json_combined,2,False,False,True,0,,9.500000075490789e-05,0.00045600000042611555,0.00016099999911034502,32.31486500000358,0.052315577000003874,False,False,False
base_1_far_02_v0.0_h0.4,base_1_far_02,3.6,0.0,0.4,binary_combined,0,False,False,True,0,,0.0001879999995679782,0.00041400000050373365,0.0001530000002247789,32.31486500000358,0.05231562000000388,False,False,False
base_1_far_02_v0.0_h0.4,base_1_far_02,3.6,0.0,0.4,json_combined,1,False,False,True,0,,0.00010599999988869513,0.00045200000009515406,0.00015999999902760464,32.31486500000358,0.052315583000002594,False,False,False
base_1_far_02_v0.0_h0.4,base_1_far_02,3.6,0.0,0.4,binary_full,2,False,False,True,0,,0.00012799999993262645,0.00032300000007978724,0.00013999999914915406,32.31486500000358,0.052315456000002744,False,False,False
base_1_far_02_v0.5_h0.2,base_1_far_02,3.6,0.5,0.2,json_combined,0,False,False,True,0,,0.00019600000022990116,0.0003970000008735042,0.00014499999956285592,32.31486500000358,0.05231560300000425,False,False,False
base_1_far_02_v0.5_h0.2,base_1_far_02,3.6,0.5,0.2,binary_full,1,False,False,True,0,,0.00011499999885700163,0.000427999999885742,0.00014300000117373202,32.31486500000358,0.0523155510000035,False,False,False
base_1_far_02_v0.5_h0.2,base_1_far_02,3.6,0.5,0.2,binary_combined,2,False,False,True,0,,9.10000004239464e-05,0.0003409999997927571,0.00013100000018084756,32.31486500000358,0.05231542800000398,False,False,False
base_1_far_02_v0.5_h0.3,base_1_far_02,3.6,0.5,0.3,binary_full,0,False,False,True,0,,0.00015999999902760464,0.0003340000009899313,0.00015200000014203852,32.31486500000358,0.05231551100000374,False,False,False
base_1_far_02_v0.5_h0.3,base_1_far_02,3.6,0.5,0.3,binary_combined,1,False,False,True,0,,9.799999922677216e-05,0.0003369999994617956,0.00014499999956285592,32.31486500000358,0.052315445000001834,False,False,False
base_1_far_02_v0.5_h0.3,base_1_far_02,3.6,0.5,0.3,json_combined,2,False,False,True,0,,8.299999976202344e-05,0.00031700000135970186,0.00016100000088670186,32.31486500000358,0.05231542600000559,False,False,False
base_1_far_02_v0.5_h0.4,base_1_far_02,3.6,0.5,0.4,binary_combined,0,False,False,True,0,,0.00018300000093063318,0.0003480000003719397,0.00018199999907153597,32.31486500000358,0.05231557800000396,False,False,False
base_1_far_02_v0.5_h0.4,base_1_far_02,3.6,0.5,0.4,json_combined,1,False,False,True,0,,0.00010199999955773364,0.00034500000012371856,0.00018499999931975708,32.31486500000358,0.052315497000002584,False,False,False
base_1_far_02_v0.5_h0.4,base_1_far_02,3.6,0.5,0.4,binary_full,2,False,False,True,0,,9.899999930951253e-05,0.00035200000070290116,0.0001649999994413065,32.31486500000358,0.052315481000003036,False,False,False
base_1_far_02_v1.0_h0.2,base_1_far_02,3.6,1.0,0.2,json_combined,0,False,False,True,0,,0.00018100000076515244,0.0003800000012432747,0.00017300000010322947,32.31486500000358,0.052315599000005694,False,False,False
base_1_far_02_v1.0_h0.2,base_1_far_02,3.6,1.0,0.2,binary_full,1,False,False,True,0,,0.00011600000071609884,0.00033199999904809374,0.00014299999939737518,32.31486500000358,0.052315456000002744,False,False,False
base_1_far_02_v1.0_h0.2,base_1_far_02,3.6,1.0,0.2,binary_combined,2,False,False,True,0,,9.600000083764826e-05,0.0003069999987559413,0.00013600000059454942,32.31486500000358,0.05231540400000377,False,False,False
base_1_far_02_v1.0_h0.3,base_1_far_02,3.6,1.0,0.3,binary_full,0,False,False,True,0,,0.00015800000063848074,0.00038700000004610047,0.00020400000089182413,32.31486500000358,0.05231561400000516,False,False,False
base_1_far_02_v1.0_h0.3,base_1_far_02,3.6,1.0,0.3,binary_combined,1,False,False,True,0,,0.00010599999988869513,0.0003099999990041624,0.0001489999998938174,32.31486500000358,0.05231543000000237,False,False,False
base_1_far_02_v1.0_h0.3,base_1_far_02,3.6,1.0,0.3,json_combined,2,False,False,True,0,,0.00010900000013691624,0.00033199999904809374,0.00014099999923189444,32.31486500000358,0.052315447000002,False,False,False
base_1_far_02_v1.0_h0.4,base_1_far_02,3.6,1.0,0.4,binary_combined,0,False,False,True,0,,0.00016099999911034502,0.00037699999921869676,0.0001720000000204891,32.31486500000358,0.05231557500000193,False,False,False
base_1_far_02_v1.0_h0.4,base_1_far_02,3.6,1.0,0.4,json_combined,1,False,False,True,0,,9.8000001003129e-05,0.0003559999992575058,0.00016700000138314408,32.31486500000358,0.052315486000005226,False,False,False
base_1_far_02_v1.0_h0.4,base_1_far_02,3.6,1.0,0.4,binary_full,2,False,False,True,0,,8.600000001024455e-05,0.0003429999999582378,0.00016000000080396148,32.31486500000358,0.052315454000004355,False,False,False
base_1_far_03_v0.0_h0.2,base_1_far_03,3.6500000000000004,0.0,0.2,json_combined,0,False,False,True,0,,0.00033000000065896984,0.0008699999991534924,0.0002679999990817805,26.605674999998996,0.046607142999997894,False,False,False
base_1_far_03_v0.0_h0.2,base_1_far_03,3.6500000000000004,0.0,0.2,binary_full,1,False,False,True,0,,0.00014399999948011555,0.0005100000013413819,0.00013800000076003016,26.605674999998996,0.04660646700000058,False,False,False
base_1_far_03_v0.0_h0.2,base_1_far_03,3.6500000000000004,0.0,0.2,binary_combined,2,False,False,True,0,,0.00010499999980595476,0.0003979999991798877,0.00017600000035145058,26.605674999998996,0.04660635399999834,False,False,False
base_1_far_03_v0.0_h0.3,base_1_far_03,3.6500000000000004,0.0,0.3,binary_full,0,False,False,True,0,,0.00019400000006442042,0.00043000000005122274,0.00018899999965071856,26.605674999998996,0.046606487999998766,False,False,False
base_1_far_03_v0.0_h0.3,base_1_far_03,3.6500000000000004,0.0,0.3,binary_combined,1,False,False,True,0,,0.0001300000000981072,0.0003670000001676499,0.0001619999991930854,26.605674999998996,0.04660633399999846,False,False,False
base_1_far_03_v0.0_h0.3,base_1_far_03,3.6500000000000004,0.0,0.3,json_combined,2,False,False,True,0,,8.199999967928306e-05,0.00036800000025039026,0.0001679999996895276,26.605674999998996,0.04660629299999862,False,False,False
base_1_far_03_v0.0_h0.4,base_1_far_03,3.6500000000000004,0.0,0.4,binary_combined,0,False,False,True,0,,0.00017300000010322947,0.00041999999922381903,0.0001820000008478928,26.605674999998996,0.046606449999999175,False,False,False
base_1_far_03_v0.0_h0.4,base_1_far_03,3.6500000000000004,0.0,0.4,json_combined,1,False,False,True,0,,0.00010499999980595476,0.0003770000009950536,0.00016000000080396148,26.605674999998996,0.046606317000000605,False,False,False
base_1_far_03_v0.0_h0.4,base_1_far_03,3.6500000000000004,0.0,0.4,binary_full,2,False,False,True,0,,8.39999998447638e-05,0.00033499999929631485,0.000156000000473,26.605674999998996,0.046606249999998614,False,False,False
base_1_far_03_v0.5_h0.2,base_1_far_03,3.6500000000000004,0.5,0.2,json_combined,0,False,False,True,0,,0.00015699999877938353,0.00039800000095624455,0.0001660000013004037,26.605674999998996,0.046606396000000036,False,False,False
base_1_far_03_v0.5_h0.2,base_1_far_03,3.6500000000000004,0.5,0.2,binary_full,1,False,False,True,0,,0.00010099999947499327,0.00033099999896535337,0.0001679999996895276,26.605674999998996,0.04660627499999713,False,False,False
base_1_far_03_v0.5_h0.2,base_1_far_03,3.6500000000000004,0.5,0.2,binary_combined,2,False,False,True,0,,0.00010199999955773364,0.00037100000049861137,0.0001530000002247789,26.605674999998996,0.04660630099999928,False,False,False
base_1_far_03_v0.5_h0.3,base_1_far_03,3.6500000000000004,0.5,0.3,binary_full,0,False,False,True,0,,0.00015800000063848074,0.0003900000002943216,0.00014799999981107703,26.605674999998996,0.046606370999999744,False,False,False
base_1_far_03_v0.5_h0.3,base_1_far_03,3.6500000000000004,0.5,0.3,binary_combined,1,False,False,True,0,,9.799999922677216e-05,0.0003499999987610636,0.00013200000026358794,26.605674999998996,0.04660625499999725,False,False,False
base_1_far_03_v0.5_h0.3,base_1_far_03,3.6500000000000004,0.5,0.3,json_combined,2,False,False,True,0,,9.599999906129142e-05,0.0003440000000409782,0.00012799999993262645,26.605674999998996,0.046606242999998035,False,False,False
base_1_far_03_v0.5_h0.4,base_1_far_03,3.6500000000000004,0.5,0.4,binary_combined,0,False,False,True,0,,0.000156000000473,0.00039100000037706195,0.00015400000030751926,26.605674999998996,0.04660637600000016,False,False,False
base_1_far_03_v0.5_h0.4,base_1_far_03,3.6500000000000004,0.5,0.4,json_combined,1,False,False,True,0,,9.900000108586937e-05,0.0003759999991359564,0.00015200000014203852,26.605674999998996,0.046606301999999364,False,False,False
base_1_far_03_v0.5_h0.4,base_1_far_03,3.6500000000000004,0.5,0.4,binary_full,2,False,False,True,0,,8.100000137289953e-05,0.00032600000032800835,0.000156000000473,26.605674999998996,0.046606238000001174,False,False,False
base_1_far_03_v1.0_h0.2,base_1_far_03,3.6500000000000004,1.0,0.2,json_combined,0,False,False,True,0,,0.0001330000003463283,0.0004249999996375209,0.0001769999986578341,26.605674999998996,0.04660640999999764,False,False,False
base_1_far_03_v1.0_h0.2,base_1_far_03,3.6500000000000004,1.0,0.2,binary_full,1,False,False,True,0,,9.499999897855105e-05,0.00036800000025039026,0.00014399999948011555,26.605674999998996,0.04660628199999771,False,False,False
base_1_far_03_v1.0_h0.2,base_1_far_03,3.6500000000000004,1.0,0.2,binary_combined,2,False,False,True,0,,0.00010599999988869513,0.0003269999986343919,0.00013400000042906868,26.605674999998996,0.04660624199999795,False,False,False
base_1_far_03_v1.0_h0.3,base_1_far_03,3.6500000000000004,1.0,0.3,binary_full,0,False,False,True,0,,0.00010600000166505197,0.0003939999988489262,0.00015400000030751926,26.605674999998996,0.04660632899999982,False,False,False
base_1_far_03_v1.0_h0.3,base_1_far_03,3.6500000000000004,1.0,0.3,binary_combined,1,False,False,True,0,,0.00010100000125135011,0.0003240000001625276,0.00014399999948011555,26.605674999998996,0.046606243999999894,False,False,False
base_1_far_03_v1.0_h0.3,base_1_far_03,3.6500000000000004,1.0,0.3,json_combined,2,False,False,True,0,,8.700000009298492e-05,0.0003310000007417102,0.0001720000000204891,26.605674999998996,0.046606264999999855,False,False,False
base_1_far_03_v1.0_h0.4,base_1_far_03,3.6500000000000004,1.0,0.4,binary_combined,0,False,False,True,0,,0.00012499999968440534,0.00037800000107779397,0.00018100000076515244,26.605674999998996,0.04660635900000053,False,False,False
base_1_far_03_v1.0_h0.4,base_1_far_03,3.6500000000000004,1.0,0.4,json_combined,1,False,False,True,0,,9.29999988130703e-05,0.00037799999930143713,0.00014399999948011555,26.605674999998996,0.046606289999996595,False,False,False
base_1_far_03_v1.0_h0.4,base_1_far_03,3.6500000000000004,1.0,0.4,binary_full,2,False,False,True,0,,9.499999897855105e-05,0.00029999999995311555,0.00012199999943618423,26.605674999998996,0.04660619199999737,False,False,False
base_1_far_04_v0.0_h0.2,base_1_far_04,3.7,0.0,0.2,json_combined,0,False,False,True,0,,0.00035499999917476543,0.0008560000015478408,0.0002820000002401457,20.85168700000395,0.040853180000004916,False,False,False
base_1_far_04_v0.0_h0.2,base_1_far_04,3.7,0.0,0.2,binary_full,1,False,False,True,0,,0.00011000000021965661,0.00046499999939442205,0.00017600000035145058,20.85168700000395,0.04085243800000392,False,False,False
base_1_far_04_v0.0_h0.2,base_1_far_04,3.7,0.0,0.2,binary_combined,2,False,False,True,0,,8.499999992750418e-05,0.00037100000049861137,0.00016099999911034502,20.85168700000395,0.04085230400000349,False,False,False
base_1_far_04_v0.0_h0.3,base_1_far_04,3.7,0.0,0.3,binary_full,0,False,False,True,0,,0.0002329999997385812,0.000485999999355613,0.00020000000056086265,20.85168700000395,0.04085260600000361,False,False,False
base_1_far_04_v0.0_h0.3,base_1_far_04,3.7,0.0,0.3,binary_combined,1,False,False,True,0,,0.0001229999995189246,0.0003730000006640921,0.00019899999870176543,20.85168700000395,0.04085238200000284,False,False,False
base_1_far_04_v0.0_h0.3,base_1_far_04,3.7,0.0,0.3,json_combined,2,False,False,True,0,,0.00010399999972321439,0.0003760000009123132,0.0001530000002247789,20.85168700000395,0.04085232000000481,False,False,False
base_1_far_04_v0.0_h0.4,base_1_far_04,3.7,0.0,0.4,binary_combined,0,False,False,True,0,,0.0001679999996895276,0.0003810000013260151,0.00016599999952404687,20.85168700000395,0.04085240200000449,False,False,False
base_1_far_04_v0.0_h0.4,base_1_far_04,3.7,0.0,0.4,json_combined,1,False,False,True,0,,9.10000004239464e-05,0.00038800000012884084,0.00018000000068241206,20.85168700000395,0.04085234600000519,False,False,False
base_1_far_04_v0.0_h0.4,base_1_far_04,3.7,0.0,0.4,binary_full,2,False,False,True,0,,8.39999998447638e-05,0.00032900000057622947,0.00018699999948523782,20.85168700000395,0.04085228700000386,False,False,False
base_1_far_04_v0.5_h0.2,base_1_far_04,3.7,0.5,0.2,json_combined,0,False,False,True,0,,0.00014399999948011555,0.0003960000007907638,0.00016000000080396148,20.85168700000395,0.04085238700000503,False,False,False
base_1_far_04_v0.5_h0.2,base_1_far_04,3.7,0.5,0.2,binary_full,1,False,False,True,0,,7.899999943106195e-05,0.0003569999993402462,0.00012199999943618423,20.85168700000395,0.04085224500000216,False,False,False
base_1_far_04_v0.5_h0.2,base_1_far_04,3.7,0.5,0.2,binary_combined,2,False,False,True,0,,8.199999967928306e-05,0.0003359999993790552,0.00015700000055574037,20.85168700000395,0.04085226200000357,False,False,False
base_1_far_04_v0.5_h0.3,base_1_far_04,3.7,0.5,0.3,binary_full,0,False,False,True,0,,0.00015800000063848074,0.0004040000014526868,0.00014099999923189444,20.85168700000395,0.040852390000005276,False,False,False
base_1_far_04_v0.5_h0.3,base_1_far_04,3.7,0.5,0.3,binary_combined,1,False,False,True,0,,0.00010299999964047402,0.00034600000020645894,0.0001459999996455963,20.85168700000395,0.040852282000003445,False,False,False
base_1_far_04_v0.5_h0.3,base_1_far_04,3.7,0.5,0.3,json_combined,2,False,False,True,0,,9.200000050668677e-05,0.0003429999999582378,0.00015200000014203852,20.85168700000395,0.04085227400000456,False,False,False
base_1_far_04_v0.5_h0.4,base_1_far_04,3.7,0.5,0.4,binary_combined,0,False,False,True,0,,0.0001470000015046935,0.0003990000010389849,0.00017300000010322947,20.85168700000395,0.0408524060000066,False,False,False
base_1_far_04_v0.5_h0.4,base_1_far_04,3.7,0.5,0.4,json_combined,1,False,False,True,0,,9.200000050668677e-05,0.00034199999987549745,0.0001530000002247789,20.85168700000395,0.04085227400000456,False,False,False
base_1_far_04_v0.5_h0.4,base_1_far_04,3.7,0.5,0.4,binary_full,2,False,False,True,0,,8.299999976202344e-05,0.0002930000011502898,0.00014099999923189444,20.85168700000395,0.0408522040000041,False,False,False
base_1_far_04_v1.0_h0.2,base_1_far_04,3.7,1.0,0.2,json_combined,0,False,False,True,0,,0.00016100000088670186,0.00036800000025039026,0.0001809999989887956,20.85168700000395,0.04085239700000408,False,False,False
base_1_far_04_v1.0_h0.2,base_1_far_04,3.7,1.0,0.2,binary_full,1,False,False,True,0,,8.499999992750418e-05,0.0003179999996660854,0.00014399999948011555,20.85168700000395,0.040852234000003027,False,False,False
base_1_far_04_v1.0_h0.2,base_1_far_04,3.7,1.0,0.2,binary_combined,2,False,False,True,0,,9.10000004239464e-05,0.00031199999916964316,0.00012799999993262645,20.85168700000395,0.04085221800000348,False,False,False
base_1_far_04_v1.0_h0.3,base_1_far_04,3.7,1.0,0.3,binary_full,0,False,False,True,0,,0.0001619999991930854,0.00034799999859558284,0.00015199999836568168,20.85168700000395,0.04085234900000011,False,False,False
base_1_far_04_v1.0_h0.3,base_1_far_04,3.7,1.0,0.3,binary_combined,1,False,False,True,0,,9.400000067216752e-05,0.0003629999998366884,0.0001300000000981072,20.85168700000395,0.04085227400000456,False,False,False
base_1_far_04_v1.0_h0.3,base_1_far_04,3.7,1.0,0.3,json_combined,2,False,False,True,0,,8.299999976202344e-05,0.0003020000001185963,0.00015100000005929815,20.85168700000395,0.04085222300000389,False,False,False
base_1_far_04_v1.0_h0.4,base_1_far_04,3.7,1.0,0.4,binary_combined,0,False,False,True,0,,0.00013399999865271184,0.0003550000009511223,0.00016999999985500835,20.85168700000395,0.04085234600000341,False,False,False
base_1_far_04_v1.0_h0.4,base_1_far_04,3.7,1.0,0.4,json_combined,1,False,False,True,0,,0.00010099999947499327,0.00034600000020645894,0.0001530000002247789,20.85168700000395,0.04085228700000386,False,False,False
base_1_far_04_v1.0_h0.4,base_1_far_04,3.7,1.0,0.4,binary_full,2,False,False,True,0,,8.499999992750418e-05,0.00035799999942298655,0.0002440000006487253,20.85168700000395,0.04085237400000395,False,False,False
base_1_far_05_v0.0_h0.2,base_1_far_05,3.75,0.0,0.2,json_combined,0,False,False,True,0,,0.00024699999912058956,0.0006559999992106214,0.00018000000068241206,36.42175299999906,0.056422835999998075,False,False,False
base_1_far_05_v0.0_h0.2,base_1_far_05,3.75,0.0,0.2,binary_full,1,False,False,True,0,,0.00011200000038513735,0.00026999999924726126,8.700000009298492e-05,36.42175299999906,0.05642222199999879,False,False,False
base_1_far_05_v0.0_h0.2,base_1_far_05,3.75,0.0,0.2,binary_combined,2,False,False,True,0,,5.899999955261137e-05,0.00013500000051180905,9.700000092038863e-05,36.42175299999906,0.056422044000000046,False,False,False
base_1_far_05_v0.0_h0.3,base_1_far_05,3.75,0.0,0.3,binary_full,0,False,False,True,0,,0.0001069999999714355,0.0001809999989887956,9.300000058942715e-05,36.42175299999906,0.05642213399999861,False,False,False
base_1_far_05_v0.0_h0.3,base_1_far_05,3.75,0.0,0.3,binary_combined,1,False,False,True,0,,6.600000013179397e-05,0.00013799999898367332,9.699999914403179e-05,36.42175299999906,0.05642205399999732,False,False,False
base_1_far_05_v0.0_h0.3,base_1_far_05,3.75,0.0,0.3,json_combined,2,False,False,True,0,,4.90000005015645e-05,0.00019900000047812227,8.299999976202344e-05,36.42175299999906,0.0564220839999998,False,False,False
base_1_far_05_v0.0_h0.4,base_1_far_05,3.75,0.0,0.4,binary_combined,0,False,False,True,0,,0.00010900000013691624,0.0001419999993146348,8.39999998447638e-05,36.42175299999906,0.05642208799999836,False,False,False
base_1_far_05_v0.0_h0.4,base_1_far_05,3.75,0.0,0.4,json_combined,1,False,False,True,0,,5.1999998973428774e-05,0.00014499999956285592,7.899999943106195e-05,36.42175299999906,0.05642202899999703,False,False,False
base_1_far_05_v0.0_h0.4,base_1_far_05,3.75,0.0,0.4,binary_full,2,False,False,True,0,,5.200000074978561e-05,0.00013799999898367332,9.699999914403179e-05,36.42175299999906,0.05642203999999794,False,False,False
base_1_far_05_v0.5_h0.2,base_1_far_05,3.75,0.5,0.2,json_combined,0,False,False,True,0,,8.39999998447638e-05,0.00015500000039025963,7.800000112467842e-05,36.42175299999906,0.05642207000000042,False,False,False
base_1_far_05_v0.5_h0.2,base_1_far_05,3.75,0.5,0.2,binary_full,1,False,False,True,0,,5.100000066704524e-05,0.00012900000001536682,7.599999918284084e-05,36.42175299999906,0.05642200899999893,False,False,False
base_1_far_05_v0.5_h0.2,base_1_far_05,3.75,0.5,0.2,binary_combined,2,False,False,True,0,,5.1999998973428774e-05,0.00010900000013691624,7.100000054549582e-05,36.42175299999906,0.05642198499999872,False,False,False
base_1_far_05_v0.5_h0.3,base_1_far_05,3.75,0.5,0.3,binary_full,0,False,False,True,0,,8.700000009298492e-05,0.00011699999902248237,0.00010399999972321439,36.42175299999906,0.0564220609999979,False,False,False
base_1_far_05_v0.5_h0.3,base_1_far_05,3.75,0.5,0.3,binary_combined,1,False,False,True,0,,5.1999998973428774e-05,0.00012799999993262645,7.50000008764573e-05,36.42175299999906,0.056422007999998844,False,False,False
base_1_far_05_v0.5_h0.3,base_1_far_05,3.75,0.5,0.3,json_combined,2,False,False,True,0,,5.100000066704524e-05,0.0001489999998938174,7.300000071097656e-05,36.42175299999906,0.05642202600000033,False,False,False
base_1_far_05_v0.5_h0.4,base_1_far_05,3.75,0.5,0.4,binary_combined,0,False,False,True,0,,7.799999934832158e-05,0.00016500000121766334,8.199999967928306e-05,36.42175299999906,0.05642207799999931,False,False,False
base_1_far_05_v0.5_h0.4,base_1_far_05,3.75,0.5,0.4,json_combined,1,False,False,True,0,,6.799999852091787e-05,0.00017600000035145058,7.999999951380232e-05,36.42175299999906,0.05642207699999745,False,False,False
base_1_far_05_v0.5_h0.4,base_1_far_05,3.75,0.5,0.4,binary_full,2,False,False,True,0,,5.200000074978561e-05,0.00014299999939737518,7.899999943106195e-05,36.42175299999906,0.05642202699999864,False,False,False
base_1_far_05_v1.0_h0.2,base_1_far_05,3.75,1.0,0.2,json_combined,0,False,False,True,0,,0.0001050000015823116,0.00015700000055574037,9.600000083764826e-05,36.42175299999906,0.05642211100000204,False,False,False
base_1_far_05_v1.0_h0.2,base_1_far_05,3.75,1.0,0.2,binary_full,1,False,False,True,0,,5.2999999056169145e-05,0.00011600000071609884,7.499999910010047e-05,36.42175299999906,0.056421996999997934,False,False,False
base_1_far_05_v1.0_h0.2,base_1_far_05,3.75,1.0,0.2,binary_combined,2,False,False,True,0,,5.3999999138909516e-05,0.00012499999968440534,7.50000008764573e-05,36.42175299999906,0.05642200699999876,False,False,False
base_1_far_05_v1.0_h0.3,base_1_far_05,3.75,1.0,0.3,binary_full,0,False,False,True,0,,9.400000067216752e-05,0.00012499999968440534,9.700000092038863e-05,36.42175299999906,0.05642206900000034,False,False,False
base_1_far_05_v1.0_h0.3,base_1_far_05,3.75,1.0,0.3,binary_combined,1,False,False,True,0,,5.3000000832525984e-05,0.00012799999993262645,7.699999926558121e-05,36.42175299999906,0.05642201099999909,False,False,False
base_1_far_05_v1.0_h0.3,base_1_far_05,3.75,1.0,0.3,json_combined,2,False,False,True,0,,5.1999998973428774e-05,0.00013400000042906868,7.600000095919768e-05,36.42175299999906,0.05642201499999942,False,False,False
base_1_far_05_v1.0_h0.4,base_1_far_05,3.75,1.0,0.4,binary_combined,0,False,False,True,0,,7.599999918284084e-05,0.00017400000018596984,8.900000025846566e-05,36.42175299999906,0.05642209199999869,False,False,False
base_1_far_05_v1.0_h0.4,base_1_far_05,3.75,1.0,0.4,json_combined,1,False,False,True,0,,5.699999938713063e-05,0.00014800000158743387,7.400000079371694e-05,36.42175299999906,0.05642203200000083,False,False,False
base_1_far_05_v1.0_h0.4,base_1_far_05,3.75,1.0,0.4,binary_full,2,False,False,True,0,,5.200000074978561e-05,0.00011300000046787773,7.39999990173601e-05,36.42175299999906,0.056421991999999296,False,False,False
base_1_far_06_v0.0_h0.2,base_1_far_06,3.8,0.0,0.2,json_combined,0,False,False,True,0,,0.00022699999924213898,0.0007330000002525594,0.00021299999986013063,18.39925600000214,0.0384004290000015,False,False,False
base_1_far_06_v0.0_h0.2,base_1_far_06,3.8,0.0,0.2,binary_full,1,False,False,True,0,,0.0001300000000981072,0.00029299999937393295,0.00010900000013691624,18.39925600000214,0.03839978800000175,False,False,False
base_1_far_06_v0.0_h0.2,base_1_far_06,3.8,0.0,0.2,binary_combined,2,False,False,True,0,,7.50000008764573e-05,0.0001879999995679782,9.199999873032993e-05,18.39925600000214,0.03839961100000132,False,False,False
base_1_far_06_v0.0_h0.3,base_1_far_06,3.8,0.0,0.3,binary_full,0,False,False,True,0,,0.00012099999935344385,0.00018500000109611392,9.700000092038863e-05,18.39925600000214,0.038399659000003514,False,False,False
base_1_far_06_v0.0_h0.3,base_1_far_06,3.8,0.0,0.3,binary_combined,1,False,False,True,0,,5.800000124622784e-05,0.00014499999956285592,9.499999897855105e-05,18.39925600000214,0.03839955400000193,False,False,False
base_1_far_06_v0.0_h0.3,base_1_far_06,3.8,0.0,0.3,json_combined,2,False,False,True,0,,5.5000000998006726e-05,0.00017600000035145058,9.000000034120603e-05,18.39925600000214,0.038399577000003834,False,False,False
base_1_far_06_v0.0_h0.4,base_1_far_06,3.8,0.0,0.4,binary_combined,0,False,False,True,0,,7.50000008764573e-05,0.00014500000133921276,0.00011000000021965661,18.39925600000214,0.03839958600000458,False,False,False
base_1_far_06_v0.0_h0.4,base_1_far_06,3.8,0.0,0.4,json_combined,1,False,False,True,0,,5.200000074978561e-05,0.00015100000005929815,9.29999988130703e-05,18.39925600000214,0.038399552000001766,False,False,False
base_1_far_06_v0.0_h0.4,base_1_far_06,3.8,0.0,0.4,binary_full,2,False,False,True,0,,5.3999999138909516e-05,0.00015899999894486427,7.100000054549582e-05,18.39925600000214,0.03839954000000077,False,False,False
base_1_far_06_v0.5_h0.2,base_1_far_06,3.8,0.5,0.2,json_combined,0,False,False,True,0,,9.99999993922529e-05,0.00014799999981107703,9.600000083764826e-05,18.39925600000214,0.038399600000002185,False,False,False
base_1_far_06_v0.5_h0.2,base_1_far_06,3.8,0.5,0.2,binary_full,1,False,False,True,0,,5.699999938713063e-05,0.00013999999914915406,7.999999951380232e-05,18.39925600000214,0.038399533000000194,False,False,False
base_1_far_06_v0.5_h0.2,base_1_far_06,3.8,0.5,0.2,binary_combined,2,False,False,True,0,,5.200000074978561e-05,0.00011699999902248237,7.300000071097656e-05,18.39925600000214,0.03839949800000263,False,False,False
base_1_far_06_v0.5_h0.3,base_1_far_06,3.8,0.5,0.3,binary_full,0,False,False,True,0,,9.399999889581068e-05,0.00014300000117373202,8.600000001024455e-05,18.39925600000214,0.038399579000002224,False,False,False
base_1_far_06_v0.5_h0.3,base_1_far_06,3.8,0.5,0.3,binary_combined,1,False,False,True,0,,6.399999996631323e-05,0.00010399999972321439,7.999999951380232e-05,18.39925600000214,0.03839950400000135,False,False,False
base_1_far_06_v0.5_h0.3,base_1_far_06,3.8,0.5,0.3,json_combined,2,False,False,True,0,,5.100000066704524e-05,0.00012499999968440534,8.199999967928306e-05,18.39925600000214,0.038399514000002175,False,False,False
base_1_far_06_v0.5_h0.4,base_1_far_06,3.8,0.5,0.4,binary_combined,0,False,False,True,0,,5.2999999056169145e-05,0.00019799999861902506,0.00013100000018084756,18.39925600000214,0.038399638,False,False,False
base_1_far_06_v0.5_h0.4,base_1_far_06,3.8,0.5,0.4,json_combined,1,False,False,True,0,,5.3000000832525984e-05,0.00011799999910522274,7.400000079371694e-05,18.39925600000214,0.038399501000002875,False,False,False
base_1_far_06_v0.5_h0.4,base_1_far_06,3.8,0.5,0.4,binary_full,2,False,False,True,0,,7.100000054549582e-05,0.00012799999993262645,7.20000006282362e-05,18.39925600000214,0.03839952700000325,False,False,False
base_1_far_06_v1.0_h0.2,base_1_far_06,3.8,1.0,0.2,json_combined,0,False,False,True,0,,9.29999988130703e-05,0.00014399999948011555,8.800000017572529e-05,18.39925600000214,0.03839958100000061,False,False,False
base_1_far_06_v1.0_h0.2,base_1_far_06,3.8,1.0,0.2,binary_full,1,False,False,True,0,,5.1999998973428774e-05,0.0001370000006772898,7.50000008764573e-05,18.39925600000214,0.03839952000000267,False,False,False
base_1_far_06_v1.0_h0.2,base_1_far_06,3.8,1.0,0.2,binary_combined,2,False,False,True,0,,5.09999988906884e-05,0.00011100000030239698,7.800000112467842e-05,18.39925600000214,0.03839949600000246,False,False,False
base_1_far_06_v1.0_h0.3,base_1_far_06,3.8,1.0,0.3,binary_full,0,False,False,True,0,,0.00013800000076003016,0.00012200000121254106,8.800000017572529e-05,18.39925600000214,0.03839960400000429,False,False,False
base_1_far_06_v1.0_h0.3,base_1_far_06,3.8,1.0,0.3,binary_combined,1,False,False,True,0,,5.3000000832525984e-05,0.00010900000013691624,7.799999934832158e-05,18.39925600000214,0.03839949600000246,False,False,False
base_1_far_06_v1.0_h0.3,base_1_far_06,3.8,1.0,0.3,json_combined,2,False,False,True,0,,5.200000074978561e-05,0.00013800000076003016,7.799999934832158e-05,18.39925600000214,0.038399524000003,False,False,False
base_1_far_06_v1.0_h0.4,base_1_far_06,3.8,1.0,0.4,binary_combined,0,False,False,True,0,,8.199999967928306e-05,0.00012699999984988608,8.600000001024455e-05,18.39925600000214,0.03839955100000168,False,False,False
base_1_far_06_v1.0_h0.4,base_1_far_06,3.8,1.0,0.4,json_combined,1,False,False,True,0,,5.699999938713063e-05,0.00014099999923189444,7.700000104193805e-05,18.39925600000214,0.038399531000001805,False,False,False
base_1_far_06_v1.0_h0.4,base_1_far_06,3.8,1.0,0.4,binary_full,2,False,False,True,0,,5.000000058430487e-05,0.00015400000030751926,8.800000017572529e-05,18.39925600000214,0.03839954800000321,False,False,False
base_1_far_07_v0.0_h0.2,base_1_far_07,3.85,0.0,0.2,json_combined,0,False,False,True,0,,0.00016400000113492297,0.0005139999998959865,0.00017400000018596984,23.891216999999187,0.04389206900000041,False,False,False
base_1_far_07_v0.0_h0.2,base_1_far_07,3.85,0.0,0.2,binary_full,1,False,False,True,0,,7.50000008764573e-05,0.00025800000003073364,9.899999930951253e-05,23.891216999999187,0.04389164899999941,False,False,False
base_1_far_07_v0.0_h0.2,base_1_far_07,3.85,0.0,0.2,binary_combined,2,False,False,True,0,,6.600000013179397e-05,0.0001679999996895276,8.39999998447638e-05,23.891216999999187,0.04389153499999886,False,False,False
base_1_far_07_v0.0_h0.3,base_1_far_07,3.85,0.0,0.3,binary_full,0,False,False,True,0,,0.00010200000133409048,0.00018899999965071856,9.900000108586937e-05,23.891216999999187,0.04389160700000126,False,False,False
base_1_far_07_v0.0_h0.3,base_1_far_07,3.85,0.0,0.3,binary_combined,1,False,False,True,0,,5.699999938713063e-05,0.00011699999902248237,8.299999976202344e-05,23.891216999999187,0.04389147399999736,False,False,False
base_1_far_07_v0.0_h0.3,base_1_far_07,3.85,0.0,0.3,json_combined,2,False,False,True,0,,5.499999922164989e-05,0.00014999999997655777,0.00010399999972321439,23.891216999999187,0.04389152599999811,False,False,False
base_1_far_07_v0.0_h0.4,base_1_far_07,3.85,0.0,0.4,binary_combined,0,False,False,True,0,,0.00014900000167017424,0.00018100000076515244,7.699999926558121e-05,23.891216999999187,0.04389162400000089,False,False,False
base_1_far_07_v0.0_h0.4,base_1_far_07,3.85,0.0,0.4,json_combined,1,False,False,True,0,,7.000000046275545e-05,0.00013800000076003016,8.09999995965427e-05,23.891216999999187,0.04389150600000001,False,False,False
base_1_far_07_v0.0_h0.4,base_1_far_07,3.85,0.0,0.4,binary_full,2,False,False,True,0,,6.000000141170858e-05,0.00012700000162624292,7.999999951380232e-05,23.891216999999187,0.04389148400000174,False,False,False
base_1_far_07_v0.5_h0.2,base_1_far_07,3.85,0.5,0.2,json_combined,0,False,False,True,0,,9.899999930951253e-05,0.00014999999997655777,8.000000129015916e-05,23.891216999999187,0.04389154599999977,False,False,False
base_1_far_07_v0.5_h0.2,base_1_far_07,3.85,0.5,0.2,binary_full,1,False,False,True,0,,5.4000000915266355e-05,0.00013900000084277053,7.300000071097656e-05,23.891216999999187,0.04389148300000166,False,False,False
base_1_far_07_v0.5_h0.2,base_1_far_07,3.85,0.5,0.2,binary_combined,2,False,False,True,0,,5.3999999138909516e-05,0.00012900000001536682,7.499999910010047e-05,23.891216999999187,0.043891474999997446,False,False,False
base_1_far_07_v0.5_h0.3,base_1_far_07,3.85,0.5,0.3,binary_full,0,False,False,True,0,,9.99999993922529e-05,0.0001259999997671457,7.900000120741879e-05,23.891216999999187,0.04389152199999956,False,False,False
base_1_far_07_v0.5_h0.3,base_1_far_07,3.85,0.5,0.3,binary_combined,1,False,False,True,0,,6.000000141170858e-05,0.000115999998939742,8.800000017572529e-05,23.891216999999187,0.04389148099999972,False,False,False
base_1_far_07_v0.5_h0.3,base_1_far_07,3.85,0.5,0.3,json_combined,2,False,False,True,0,,8.199999967928306e-05,0.00013100000018084756,7.299999893461973e-05,23.891216999999187,0.043891502999997986,False,False,False
base_1_far_07_v0.5_h0.4,base_1_far_07,3.85,0.5,0.4,binary_combined,0,False,False,True,0,,0.00010099999947499327,0.00012399999960166497,7.50000008764573e-05,23.891216999999187,0.043891516999999144,False,False,False
base_1_far_07_v0.5_h0.4,base_1_far_07,3.85,0.5,0.4,json_combined,1,False,False,True,0,,5.200000074978561e-05,0.0001389999990664137,7.599999918284084e-05,23.891216999999187,0.04389148399999819,False,False,False
base_1_far_07_v0.5_h0.4,base_1_far_07,3.85,0.5,0.4,binary_full,2,False,False,True,0,,5.100000066704524e-05,0.00010299999964047402,7.299999893461973e-05,23.891216999999187,0.043891443999998433,False,False,False
base_1_far_07_v1.0_h0.2,base_1_far_07,3.85,1.0,0.2,json_combined,0,False,False,True,0,,7.499999910010047e-05,0.0001530000002247789,7.600000095919768e-05,23.891216999999187,0.043891520999999475,False,False,False
base_1_far_07_v1.0_h0.2,base_1_far_07,3.85,1.0,0.2,binary_full,1,False,False,True,0,,8.299999976202344e-05,0.0001879999995679782,0.00011900000096431995,23.891216999999187,0.043891606999999486,False,False,False
base_1_far_07_v1.0_h0.2,base_1_far_07,3.85,1.0,0.2,binary_combined,2,False,False,True,0,,5.5000000998006726e-05,0.00012699999984988608,7.599999918284084e-05,23.891216999999187,0.04389147499999922,False,False,False
base_1_far_07_v1.0_h0.3,base_1_far_07,3.85,1.0,0.3,binary_full,0,False,False,True,0,,8.499999992750418e-05,0.0001229999995189246,7.599999918284084e-05,23.891216999999187,0.04389150099999782,False,False,False
base_1_far_07_v1.0_h0.3,base_1_far_07,3.85,1.0,0.3,binary_combined,1,False,False,True,0,,5.2999999056169145e-05,0.00012900000001536682,7.700000104193805e-05,23.891216999999187,0.043891475999999305,False,False,False
base_1_far_07_v1.0_h0.3,base_1_far_07,3.85,1.0,0.3,json_combined,2,False,False,True,0,,5.09999988906884e-05,0.00013100000018084756,7.400000079371694e-05,23.891216999999187,0.04389147299999906,False,False,False
base_1_far_07_v1.0_h0.4,base_1_far_07,3.85,1.0,0.4,binary_combined,0,False,False,True,0,,0.00010599999988869513,0.00016200000096944223,0.00010000000116860974,23.891216999999187,0.04389158500000122,False,False,False
base_1_far_07_v1.0_h0.4,base_1_far_07,3.85,1.0,0.4,json_combined,1,False,False,True,0,,5.000000058430487e-05,0.00016899999977226798,7.400000079371694e-05,23.891216999999187,0.04389151000000034,False,False,False
base_1_far_07_v1.0_h0.4,base_1_far_07,3.85,1.0,0.4,binary_full,2,False,False,True,0,,5.09999988906884e-05,0.0001330000003463283,7.599999918284084e-05,23.891216999999187,0.04389147699999761,False,False,False
base_1_far_08_v0.0_h0.2,base_1_far_08,3.9000000000000004,0.0,0.2,json_combined,0,False,False,True,0,,0.00018500000109611392,0.0005709999992831172,0.00013500000051180905,35.041448000001196,0.05504233900000209,False,False,False
base_1_far_08_v0.0_h0.2,base_1_far_08,3.9000000000000004,0.0,0.2,binary_full,1,False,False,True,0,,9.699999914403179e-05,0.0002240000007702747,9.99999993922529e-05,35.041448000001196,0.05504186900000051,False,False,False
base_1_far_08_v0.0_h0.2,base_1_far_08,3.9000000000000004,0.0,0.2,binary_combined,2,False,False,True,0,,6.600000013179397e-05,0.0001400000009255109,9.400000067216752e-05,35.041448000001196,0.05504174800000293,False,False,False
base_1_far_08_v0.0_h0.3,base_1_far_08,3.9000000000000004,0.0,0.3,binary_full,0,False,False,True,0,,5.5000000998006726e-05,0.00020299999903272692,0.00010199999955773364,35.041448000001196,0.05504180800000079,False,False,False
base_1_far_08_v0.0_h0.3,base_1_far_08,3.9000000000000004,0.0,0.3,binary_combined,1,False,False,True,0,,5.2999999056169145e-05,0.00014699999972833666,0.00010299999964047402,35.041448000001196,0.055041750999999625,False,False,False
base_1_far_08_v0.0_h0.3,base_1_far_08,3.9000000000000004,0.0,0.3,json_combined,2,False,False,True,0,,6.000000141170858e-05,0.00014699999972833666,8.900000025846566e-05,35.041448000001196,0.0550417440000026,False,False,False
base_1_far_08_v0.0_h0.4,base_1_far_08,3.9000000000000004,0.0,0.4,binary_combined,0,False,False,True,0,,9.899999930951253e-05,0.0001790000005996717,8.499999992750418e-05,35.041448000001196,0.05504181100000104,False,False,False
base_1_far_08_v0.0_h0.4,base_1_far_08,3.9000000000000004,0.0,0.4,json_combined,1,False,False,True,0,,5.699999938713063e-05,0.00014399999948011555,8.300000153838027e-05,35.041448000001196,0.055041732000001606,False,False,False
base_1_far_08_v0.0_h0.4,base_1_far_08,3.9000000000000004,0.0,0.4,binary_full,2,False,False,True,0,,5.200000074978561e-05,0.0001229999995189246,7.299999893461973e-05,35.041448000001196,0.055041696000000404,False,False,False
base_1_far_08_v0.5_h0.2,base_1_far_08,3.9000000000000004,0.5,0.2,json_combined,0,False,False,True,0,,8.299999976202344e-05,0.00014799999981107703,7.699999926558121e-05,35.041448000001196,0.05504175600000004,False,False,False
base_1_far_08_v0.5_h0.2,base_1_far_08,3.9000000000000004,0.5,0.2,binary_full,1,False,False,True,0,,5.4000000915266355e-05,0.00013399999865271184,7.50000008764573e-05,35.041448000001196,0.055041711000001645,False,False,False
base_1_far_08_v0.5_h0.2,base_1_far_08,3.9000000000000004,0.5,0.2,binary_combined,2,False,False,True,0,,5.1999998973428774e-05,0.00013600000059454942,7.700000104193805e-05,35.041448000001196,0.05504171300000181,False,False,False
base_1_far_08_v0.5_h0.3,base_1_far_08,3.9000000000000004,0.5,0.3,binary_full,0,False,False,True,0,,9.699999914403179e-05,0.00013200000026358794,9.10000004239464e-05,35.041448000001196,0.05504176800000103,False,False,False
base_1_far_08_v0.5_h0.3,base_1_far_08,3.9000000000000004,0.5,0.3,binary_combined,1,False,False,True,0,,5.899999955261137e-05,0.00011500000063335847,7.299999893461973e-05,35.041448000001196,0.05504169500000032,False,False,False
base_1_far_08_v0.5_h0.3,base_1_far_08,3.9000000000000004,0.5,0.3,json_combined,2,False,False,True,0,,5.100000066704524e-05,0.00013799999898367332,7.699999926558121e-05,35.041448000001196,0.055041714000000116,False,False,False
base_1_far_08_v0.5_h0.4,base_1_far_08,3.9000000000000004,0.5,0.4,binary_combined,0,False,False,True,0,,9.8000001003129e-05,0.00013100000018084756,0.00010800000005417587,35.041448000001196,0.05504178500000244,False,False,False
base_1_far_08_v0.5_h0.4,base_1_far_08,3.9000000000000004,0.5,0.4,json_combined,1,False,False,True,0,,5.2999999056169145e-05,0.00014100000100825127,7.50000008764573e-05,35.041448000001196,0.05504171700000214,False,False,False
base_1_far_08_v0.5_h0.4,base_1_far_08,3.9000000000000004,0.5,0.4,binary_full,2,False,False,True,0,,5.100000066704524e-05,0.00011900000096431995,7.799999934832158e-05,35.041448000001196,0.05504169600000218,False,False,False
base_1_far_08_v1.0_h0.2,base_1_far_08,3.9000000000000004,1.0,0.2,json_combined,0,False,False,True,0,,9.500000075490789e-05,0.00014799999981107703,7.699999926558121e-05,35.041448000001196,0.05504176800000103,False,False,False
base_1_far_08_v1.0_h0.2,base_1_far_08,3.9000000000000004,1.0,0.2,binary_full,1,False,False,True,0,,5.3000000832525984e-05,0.00014399999948011555,7.700000104193805e-05,35.041448000001196,0.055041722000002555,False,False,False
base_1_far_08_v1.0_h0.2,base_1_far_08,3.9000000000000004,1.0,0.2,binary_combined,2,False,False,True,0,,6.100000149444895e-05,0.00014499999956285592,7.300000071097656e-05,35.041448000001196,0.05504172700000297,False,False,False
base_1_far_08_v1.0_h0.3,base_1_far_08,3.9000000000000004,1.0,0.3,binary_full,0,False,False,True,0,,8.09999995965427e-05,0.00012200000121254106,7.800000112467842e-05,35.041448000001196,0.055041729000003134,False,False,False
base_1_far_08_v1.0_h0.3,base_1_far_08,3.9000000000000004,1.0,0.3,binary_combined,1,False,False,True,0,,5.3999999138909516e-05,0.00013799999898367332,7.600000095919768e-05,35.041448000001196,0.05504171600000028,False,False,False
base_1_far_08_v1.0_h0.3,base_1_far_08,3.9000000000000004,1.0,0.3,json_combined,2,False,False,True,0,,5.3999999138909516e-05,0.00016200000096944223,7.499999910010047e-05,35.041448000001196,0.05504173900000041,False,False,False
base_1_far_08_v1.0_h0.4,base_1_far_08,3.9000000000000004,1.0,0.4,binary_combined,0,False,False,True,0,,7.999999951380232e-05,0.00015700000055574037,7.600000095919768e-05,35.041448000001196,0.05504176100000223,False,False,False
base_1_far_08_v1.0_h0.4,base_1_far_08,3.9000000000000004,1.0,0.4,json_combined,1,False,False,True,0,,5.000000058430487e-05,0.00013500000051180905,7.799999934832158e-05,35.041448000001196,0.055041711000001645,False,False,False
base_1_far_08_v1.0_h0.4,base_1_far_08,3.9000000000000004,1.0,0.4,binary_full,2,False,False,True,0,,5.000000058430487e-05,0.00010800000005417587,7.699999926558121e-05,35.041448000001196,0.055041683000001104,False,False,False
base_1_far_09_v0.0_h0.2,base_1_far_09,3.95,0.0,0.2,json_combined,0,False,False,True,0,,0.00018999999973345894,0.0006230000000329028,0.0001879999995679782,28.279623999999615,0.04828062499999895,False,False,False
base_1_far_09_v0.0_h0.2,base_1_far_09,3.95,0.0,0.2,binary_full,1,False,False,True,0,,7.300000071097656e-05,0.00026800000085813735,0.0001069999999714355,28.279623999999615,0.04828007200000116,False,False,False
base_1_far_09_v0.0_h0.2,base_1_far_09,3.95,0.0,0.2,binary_combined,2,False,False,True,0,,7.499999910010047e-05,0.00014699999972833666,8.600000001024455e-05,28.279623999999615,0.04827993199999846,False,False,False
base_1_far_09_v0.0_h0.3,base_1_far_09,3.95,0.0,0.3,binary_full,0,False,False,True,0,,7.799999934832158e-05,0.00021899999858021602,0.00010599999988869513,28.279623999999615,0.048280026999997436,False,False,False
base_1_far_09_v0.0_h0.3,base_1_far_09,3.95,0.0,0.3,binary_combined,1,False,False,True,0,,5.999999963535174e-05,0.00013100000018084756,8.800000017572529e-05,28.279623999999615,0.04827990299999961,False,False,False
base_1_far_09_v0.0_h0.3,base_1_far_09,3.95,0.0,0.3,json_combined,2,False,False,True,0,,5.7999999469871e-05,0.00020099999886724618,9.400000067216752e-05,28.279623999999615,0.04827997699999863,False,False,False
base_1_far_09_v0.0_h0.4,base_1_far_09,3.95,0.0,0.4,binary_combined,0,False,False,True,0,,0.0001419999993146348,0.00011800000088157958,8.000000129015916e-05,28.279623999999615,0.048279964000001105,False,False,False
base_1_far_09_v0.0_h0.4,base_1_far_09,3.95,0.0,0.4,json_combined,1,False,False,True,0,,6.299999988357285e-05,0.0001300000000981072,8.300000153838027e-05,28.279623999999615,0.04827990000000114,False,False,False
base_1_far_09_v0.0_h0.4,base_1_far_09,3.95,0.0,0.4,binary_full,2,False,False,True,0,,5.1999998973428774e-05,0.00011700000079883921,7.300000071097656e-05,28.279623999999615,0.0482798660000001,False,False,False
base_1_far_09_v0.5_h0.2,base_1_far_09,3.95,0.5,0.2,json_combined,0,False,False,True,0,,9.29999988130703e-05,0.00014699999972833666,0.00010300000141683086,28.279623999999615,0.04827996699999958,False,False,False
base_1_far_09_v0.5_h0.2,base_1_far_09,3.95,0.5,0.2,binary_full,1,False,False,True,0,,5.900000132896821e-05,0.0001530000002247789,9.700000092038863e-05,28.279623999999615,0.04827993300000209,False,False,False
base_1_far_09_v0.5_h0.2,base_1_far_09,3.95,0.5,0.2,binary_combined,2,False,False,True,0,,5.1999998973428774e-05,0.00013600000059454942,7.39999990173601e-05,28.279623999999615,0.048279885999998204,False,False,False
base_1_far_09_v0.5_h0.3,base_1_far_09,3.95,0.5,0.3,binary_full,0,False,False,True,0,,7.799999934832158e-05,0.00012099999935344385,9.400000067216752e-05,28.279623999999615,0.04827991699999899,False,False,False
base_1_far_09_v0.5_h0.3,base_1_far_09,3.95,0.5,0.3,binary_combined,1,False,False,True,0,,5.100000066704524e-05,0.00012399999960166497,8.100000137289953e-05,28.279623999999615,0.04827988000000126,False,False,False
base_1_far_09_v0.5_h0.3,base_1_far_09,3.95,0.5,0.3,json_combined,2,False,False,True,0,,5.200000074978561e-05,0.00013999999914915406,7.899999943106195e-05,28.279623999999615,0.04827989499999895,False,False,False
base_1_far_09_v0.5_h0.4,base_1_far_09,3.95,0.5,0.4,binary_combined,0,False,False,True,0,,9.700000092038863e-05,0.00012799999993262645,8.300000153838027e-05,28.279623999999615,0.04827993200000201,False,False,False
base_1_far_09_v0.5_h0.4,base_1_far_09,3.95,0.5,0.4,json_combined,1,False,False,True,0,,5.999999963535174e-05,0.00014299999939737518,7.50000008764573e-05,28.279623999999615,0.04827990199999953,False,False,False
base_1_far_09_v0.5_h0.4,base_1_far_09,3.95,0.5,0.4,binary_full,2,False,False,True,0,,8.100000137289953e-05,0.00012799999993262645,7.499999910010047e-05,28.279623999999615,0.048279908000000024,False,False,False
base_1_far_09_v1.0_h0.2,base_1_far_09,3.95,1.0,0.2,json_combined,0,False,False,True,0,,0.00010499999980595476,0.00014999999997655777,8.299999976202344e-05,28.279623999999615,0.04827996199999916,False,False,False
base_1_far_09_v1.0_h0.2,base_1_far_09,3.95,1.0,0.2,binary_full,1,False,False,True,0,,5.60000010807471e-05,0.00013500000051180905,7.699999926558121e-05,28.279623999999615,0.04827989200000048,False,False,False
base_1_far_09_v1.0_h0.2,base_1_far_09,3.95,1.0,0.2,binary_combined,2,False,False,True,0,,5.09999988906884e-05,0.00014699999972833666,8.09999995965427e-05,28.279623999999615,0.048279902999997834,False,False,False
base_1_far_09_v1.0_h0.3,base_1_far_09,3.95,1.0,0.3,binary_full,0,False,False,True,0,,7.199999885187935e-05,0.00012799999993262645,7.899999943106195e-05,28.279623999999615,0.048279902999997834,False,False,False
base_1_far_09_v1.0_h0.3,base_1_far_09,3.95,1.0,0.3,binary_combined,1,False,False,True,0,,5.700000116348747e-05,0.00013400000042906868,7.39999990173601e-05,28.279623999999615,0.04827988900000023,False,False,False
base_1_far_09_v1.0_h0.3,base_1_far_09,3.95,1.0,0.3,json_combined,2,False,False,True,0,,5.599999930439026e-05,0.00015500000039025963,7.600000095919768e-05,28.279623999999615,0.04827991100000027,False,False,False
base_1_far_09_v1.0_h0.4,base_1_far_09,3.95,1.0,0.4,binary_combined,0,False,False,True,0,,5.499999922164989e-05,0.00017600000035145058,0.00010100000125135011,28.279623999999615,0.04827995600000044,False,False,False
base_1_far_09_v1.0_h0.4,base_1_far_09,3.95,1.0,0.4,json_combined,1,False,False,True,0,,5.3999999138909516e-05,0.00015500000039025963,7.39999990173601e-05,28.279623999999615,0.048279906999998165,False,False,False
base_1_far_09_v1.0_h0.4,base_1_far_09,3.95,1.0,0.4,binary_full,2,False,False,True,0,,5.700000116348747e-05,0.0001319999984872311,9.10000004239464e-05,28.279623999999615,0.04827990399999969,False,False,False
base_1_free_01_v0.0_h0.2,base_1_free_01,4.050000000000001,0.0,0.2,json_combined,0,False,False,True,0,,0.00022499999907665824,0.0006609999996243232,0.00021900000035657285,18.497583999998568,0.03849868899999763,False,False,False
base_1_free_01_v0.0_h0.2,base_1_free_01,4.050000000000001,0.0,0.2,binary_full,1,False,False,True,0,,0.00013800000076003016,0.0003550000009511223,0.00017600000035145058,18.497583999998568,0.038498253000000635,False,False,False
base_1_free_01_v0.0_h0.2,base_1_free_01,4.050000000000001,0.0,0.2,binary_combined,2,False,False,True,0,,0.0001069999999714355,0.00021600000010835174,0.00015200000014203852,18.497583999998568,0.038498058999998794,False,False,False
base_1_free_01_v0.0_h0.3,base_1_free_01,4.050000000000001,0.0,0.3,binary_full,0,False,False,True,0,,0.0001489999998938174,0.00022699999924213898,0.0001419999993146348,18.497583999998568,0.03849810199999702,False,False,False
base_1_free_01_v0.0_h0.3,base_1_free_01,4.050000000000001,0.0,0.3,binary_combined,1,False,False,True,0,,9.200000050668677e-05,0.00021500000002561137,0.00013800000076003016,18.497583999998568,0.038498028999999864,False,False,False
base_1_free_01_v0.0_h0.3,base_1_free_01,4.050000000000001,0.0,0.3,json_combined,2,False,False,True,0,,0.0001069999999714355,0.00023900000023502344,0.0001549999986139028,18.497583999998568,0.03849808499999739,False,False,False
base_1_free_01_v0.0_h0.4,base_1_free_01,4.050000000000001,0.0,0.4,binary_combined,0,False,False,True,0,,0.00012900000001536682,0.00022700000101849582,0.00015100000005929815,18.497583999998568,0.038498090999999665,False,False,False
base_1_free_01_v0.0_h0.4,base_1_free_01,4.050000000000001,0.0,0.4,json_combined,1,False,False,True,0,,9.000000034120603e-05,0.0002449999989551088,0.00015100000005929815,18.497583999998568,0.03849806999999793,False,False,False
base_1_free_01_v0.0_h0.4,base_1_free_01,4.050000000000001,0.0,0.4,binary_full,2,False,False,True,0,,8.900000025846566e-05,0.0002440000006487253,0.0001370000006772898,18.497583999998568,0.038498054000000156,False,False,False
base_1_free_01_v0.5_h0.2,base_1_free_01,4.050000000000001,0.5,0.2,json_combined,0,False,False,True,0,,9.10000004239464e-05,0.0002919999992911926,0.00013999999914915406,18.497583999998568,0.038498106999997436,False,False,False
base_1_free_01_v0.5_h0.2,base_1_free_01,4.050000000000001,0.5,0.2,binary_full,1,False,False,True,0,,8.799999839936845e-05,0.00022000000043931323,0.00013400000042906868,18.497583999998568,0.03849802599999784,False,False,False
base_1_free_01_v0.5_h0.2,base_1_free_01,4.050000000000001,0.5,0.2,binary_combined,2,False,False,True,0,,0.00010599999988869513,0.00019600000022990116,0.00016000000080396148,18.497583999998568,0.038498045999999495,False,False,False
base_1_free_01_v0.5_h0.3,base_1_free_01,4.050000000000001,0.5,0.3,binary_full,0,False,False,True,0,,8.600000001024455e-05,0.0001999999987845058,0.00013900000084277053,18.497583999998568,0.03849800899999821,False,False,False
base_1_free_01_v0.5_h0.3,base_1_free_01,4.050000000000001,0.5,0.3,binary_combined,1,False,False,True,0,,9.200000050668677e-05,0.00022300000068753434,0.00013600000059454942,18.497583999998568,0.03849803500000036,False,False,False
base_1_free_01_v0.5_h0.3,base_1_free_01,4.050000000000001,0.5,0.3,json_combined,2,False,False,True,0,,9.10000004239464e-05,0.0002400000003177638,0.00013699999890093295,18.497583999998568,0.038498051999998215,False,False,False
base_1_free_01_v0.5_h0.4,base_1_free_01,4.050000000000001,0.5,0.4,binary_combined,0,False,False,True,0,,8.100000137289953e-05,0.00022099999874569676,0.0001300000000981072,18.497583999998568,0.03849801599999879,False,False,False
base_1_free_01_v0.5_h0.4,base_1_free_01,4.050000000000001,0.5,0.4,json_combined,1,False,False,True,0,,8.700000009298492e-05,0.00019299999998168005,0.0001419999993146348,18.497583999998568,0.03849800599999796,False,False,False
base_1_free_01_v0.5_h0.4,base_1_free_01,4.050000000000001,0.5,0.4,binary_full,2,False,False,True,0,,8.299999976202344e-05,0.00018299999915427634,0.00012199999943618423,18.497583999998568,0.038497971999996924,False,False,False
base_1_free_01_v1.0_h0.2,base_1_free_01,4.050000000000001,1.0,0.2,json_combined,0,False,False,True,0,,8.09999995965427e-05,0.0001909999998161993,0.00013500000051180905,18.497583999998568,0.038497990999998496,False,False,False
base_1_free_01_v1.0_h0.2,base_1_free_01,4.050000000000001,1.0,0.2,binary_full,1,False,False,True,0,,9.8000001003129e-05,0.0002170000001910921,0.00011800000088157958,18.497583999998568,0.03849801700000065,False,False,False
base_1_free_01_v1.0_h0.2,base_1_free_01,4.050000000000001,1.0,0.2,binary_combined,2,False,False,True,0,,8.499999992750418e-05,0.00017300000010322947,0.00014300000117373202,18.497583999998568,0.038497984999999776,False,False,False
base_1_free_01_v1.0_h0.3,base_1_free_01,4.050000000000001,1.0,0.3,binary_full,0,False,False,True,0,,7.799999934832158e-05,0.00021600000010835174,0.00012199999943618423,18.497583999998568,0.038497999999997465,False,False,False
base_1_free_01_v1.0_h0.3,base_1_free_01,4.050000000000001,1.0,0.3,binary_combined,1,False,False,True,0,,7.600000095919768e-05,0.00023800000015228306,0.00012200000121254106,18.497583999998568,0.038498020000000896,False,False,False
base_1_free_01_v1.0_h0.3,base_1_free_01,4.050000000000001,1.0,0.3,json_combined,2,False,False,True,0,,9.99999993922529e-05,0.00026100000027895476,0.00011800000088157958,18.497583999998568,0.038498062999999125,False,False,False
base_1_free_01_v1.0_h0.4,base_1_free_01,4.050000000000001,1.0,0.4,binary_combined,0,False,False,True,0,,8.09999995965427e-05,0.00018300000093063318,0.00011800000088157958,18.497583999998568,0.03849796599999998,False,False,False
base_1_free_01_v1.0_h0.4,base_1_free_01,4.050000000000001,1.0,0.4,json_combined,1,False,False,True,0,,8.600000001024455e-05,0.00024099999862414734,0.00012399999960166497,18.497583999998568,0.03849803499999681,False,False,False
base_1_free_01_v1.0_h0.4,base_1_free_01,4.050000000000001,1.0,0.4,binary_full,2,False,False,True,0,,7.899999943106195e-05,0.00020700000114004524,0.0001229999995189246,18.497583999998568,0.03849799299999866,False,False,False
base_1_free_02_v0.0_h0.2,base_1_free_02,4.1,0.0,0.2,json_combined,0,False,False,True,0,,0.0002170000001910921,0.0006490000004077956,0.0001980000003953819,21.491148000002624,0.04149221200000362,False,False,False
base_1_free_02_v0.0_h0.2,base_1_free_02,4.1,0.0,0.2,binary_full,1,False,False,True,0,,0.00011300000046787773,0.0002489999992860703,0.00010100000125135011,21.491148000002624,0.041491611000003634,False,False,False
base_1_free_02_v0.0_h0.2,base_1_free_02,4.1,0.0,0.2,binary_combined,2,False,False,True,0,,5.2999999056169145e-05,0.00013299999856997147,8.700000009298492e-05,21.491148000002624,0.04149142100000035,False,False,False
base_1_free_02_v0.0_h0.3,base_1_free_02,4.1,0.0,0.3,binary_full,0,False,False,True,0,,0.0001389999990664137,0.00018299999915427634,0.00010599999988869513,21.491148000002624,0.04149157600000074,False,False,False
base_1_free_02_v0.0_h0.3,base_1_free_02,4.1,0.0,0.3,binary_combined,1,False,False,True,0,,6.199999980083248e-05,0.0001300000000981072,8.800000017572529e-05,21.491148000002624,0.0414914280000027,False,False,False
base_1_free_02_v0.0_h0.3,base_1_free_02,4.1,0.0,0.3,json_combined,2,False,False,True,0,,5.100000066704524e-05,0.000156000000473,8.09999995965427e-05,21.491148000002624,0.041491436000003365,False,False,False
base_1_free_02_v0.0_h0.4,base_1_free_02,4.1,0.0,0.4,binary_combined,0,False,False,True,0,,7.999999951380232e-05,0.00020299999903272692,8.600000001024455e-05,21.491148000002624,0.041491517000001185,False,False,False
base_1_free_02_v0.0_h0.4,base_1_free_02,4.1,0.0,0.4,json_combined,1,False,False,True,0,,5.699999938713063e-05,0.00016000000080396148,8.700000009298492e-05,21.491148000002624,0.04149145200000291,False,False,False
base_1_free_02_v0.0_h0.4,base_1_free_02,4.1,0.0,0.4,binary_full,2,False,False,True,0,,5.1999998973428774e-05,0.00012499999968440534,7.100000054549582e-05,21.491148000002624,0.04149139600000183,False,False,False
base_1_free_02_v0.5_h0.2,base_1_free_02,4.1,0.5,0.2,json_combined,0,False,False,True,0,,8.499999992750418e-05,0.00018899999965071856,8.799999839936845e-05,21.491148000002624,0.041491510000000606,False,False,False
base_1_free_02_v0.5_h0.2,base_1_free_02,4.1,0.5,0.2,binary_full,1,False,False,True,0,,5.2999999056169145e-05,0.00015700000055574037,7.50000008764573e-05,21.491148000002624,0.04149143300000312,False,False,False
base_1_free_02_v0.5_h0.2,base_1_free_02,4.1,0.5,0.2,binary_combined,2,False,False,True,0,,5.60000010807471e-05,0.0001400000009255109,7.899999943106195e-05,21.491148000002624,0.041491423000004066,False,False,False
base_1_free_02_v0.5_h0.3,base_1_free_02,4.1,0.5,0.3,binary_full,0,False,False,True,0,,8.20000014556399e-05,0.0001400000009255109,9.600000083764826e-05,21.491148000002624,0.04149146600000585,False,False,False
base_1_free_02_v0.5_h0.3,base_1_free_02,4.1,0.5,0.3,binary_combined,1,False,False,True,0,,5.2999999056169145e-05,0.00010599999988869513,7.199999885187935e-05,21.491148000002624,0.041491379000000425,False,False,False
base_1_free_02_v0.5_h0.3,base_1_free_02,4.1,0.5,0.3,json_combined,2,False,False,True,0,,8.499999992750418e-05,0.00012900000001536682,7.699999926558121e-05,21.491148000002624,0.04149143900000184,False,False,False
base_1_free_02_v0.5_h0.4,base_1_free_02,4.1,0.5,0.4,binary_combined,0,False,False,True,0,,9.899999930951253e-05,0.00016699999960678724,0.00010099999947499327,21.491148000002624,0.04149151500000102,False,False,False
base_1_free_02_v0.5_h0.4,base_1_free_02,4.1,0.5,0.4,json_combined,1,False,False,True,0,,5.4000000915266355e-05,0.0001489999998938174,7.50000008764573e-05,21.491148000002624,0.041491426000004314,False,False,False
base_1_free_02_v0.5_h0.4,base_1_free_02,4.1,0.5,0.4,binary_full,2,False,False,True,0,,5.499999922164989e-05,0.00010499999980595476,7.39999990173601e-05,21.491148000002624,0.04149138200000067,False,False,False
base_1_free_02_v1.0_h0.2,base_1_free_02,4.1,1.0,0.2,json_combined,0,False,False,True,0,,7.799999934832158e-05,0.0001470000015046935,7.900000120741879e-05,21.491148000002624,0.04149145200000469,False,False,False
base_1_free_02_v1.0_h0.2,base_1_free_02,4.1,1.0,0.2,binary_full,1,False,False,True,0,,5.1999998973428774e-05,0.00015500000039025963,7.599999918284084e-05,21.491148000002624,0.041491431000001175,False,False,False
base_1_free_02_v1.0_h0.2,base_1_free_02,4.1,1.0,0.2,binary_combined,2,False,False,True,0,,5.3999999138909516e-05,0.0001330000003463283,7.899999943106195e-05,21.491148000002624,0.041491414000001545,False,False,False
base_1_free_02_v1.0_h0.3,base_1_free_02,4.1,1.0,0.3,binary_full,0,False,False,True,0,,9.10000004239464e-05,0.0001649999994413065,7.999999951380232e-05,21.491148000002624,0.04149148400000201,False,False,False
base_1_free_02_v1.0_h0.3,base_1_free_02,4.1,1.0,0.3,binary_combined,1,False,False,True,0,,5.499999922164989e-05,0.00013900000084277053,8.09999995965427e-05,21.491148000002624,0.04149142300000229,False,False,False
base_1_free_02_v1.0_h0.3,base_1_free_02,4.1,1.0,0.3,json_combined,2,False,False,True,0,,5.3999999138909516e-05,0.00015400000030751926,9.99999993922529e-05,21.491148000002624,0.04149145600000147,False,False,False
base_1_free_02_v1.0_h0.4,base_1_free_02,4.1,1.0,0.4,binary_combined,0,False,False,True,0,,7.999999951380232e-05,0.0001419999993146348,0.00010299999964047402,21.491148000002624,0.0414914730000011,False,False,False
base_1_free_02_v1.0_h0.4,base_1_free_02,4.1,1.0,0.4,json_combined,1,False,False,True,0,,5.3999999138909516e-05,0.00014499999956285592,7.699999926558121e-05,21.491148000002624,0.041491424000000596,False,False,False
base_1_free_02_v1.0_h0.4,base_1_free_02,4.1,1.0,0.4,binary_full,2,False,False,True,0,,5.499999922164989e-05,0.00013100000018084756,7.50000008764573e-05,21.491148000002624,0.04149140900000291,False,False,False
base_1_free_03_v0.0_h0.2,base_1_free_03,4.15,0.0,0.2,json_combined,0,False,False,True,0,,0.0003259999985516515,0.0009740000006530636,0.00026699999899904014,16.359404000002797,0.036360971000001005,False,False,False
base_1_free_03_v0.0_h0.2,base_1_free_03,4.15,0.0,0.2,binary_full,1,False,False,True,0,,0.00015100000005929815,0.000485999999355613,0.00017099999993774873,16.359404000002797,0.036360212000002154,False,False,False
base_1_free_03_v0.0_h0.2,base_1_free_03,4.15,0.0,0.2,binary_combined,2,False,False,True,0,,9.399999889581068e-05,0.0003629999998366884,0.00013799999898367332,16.359404000002797,0.03635999900000052,False,False,False
base_1_free_03_v0.0_h0.3,base_1_free_03,4.15,0.0,0.3,binary_full,0,False,False,True,0,,0.0001980000003953819,0.0004009999994281088,0.00016899999977226798,16.359404000002797,0.0363601720000024,False,False,False
base_1_free_03_v0.0_h0.3,base_1_free_03,4.15,0.0,0.3,binary_combined,1,False,False,True,0,,9.699999914403179e-05,0.00032600000032800835,0.00014099999923189444,16.359404000002797,0.036359968000001505,False,False,False
base_1_free_03_v0.0_h0.3,base_1_free_03,4.15,0.0,0.3,json_combined,2,False,False,True,0,,8.09999995965427e-05,0.0003519999989265443,0.00016699999960678724,16.359404000002797,0.03636000400000093,False,False,False
base_1_free_03_v0.0_h0.4,base_1_free_03,4.15,0.0,0.4,binary_combined,0,False,False,True,0,,0.00016899999977226798,0.00040699999992455105,0.00016099999911034502,16.359404000002797,0.03636014100000161,False,False,False
base_1_free_03_v0.0_h0.4,base_1_free_03,4.15,0.0,0.4,json_combined,1,False,False,True,0,,8.09999995965427e-05,0.0003270000004107487,0.00017400000018596984,16.359404000002797,0.036359986000002995,False,False,False
base_1_free_03_v0.0_h0.4,base_1_free_03,4.15,0.0,0.4,binary_full,2,False,False,True,0,,8.000000129015916e-05,0.00032199999999704687,0.0001389999990664137,16.359404000002797,0.036359945000003155,False,False,False
base_1_free_03_v0.5_h0.2,base_1_free_03,4.15,0.5,0.2,json_combined,0,False,False,True,0,,0.0001400000009255109,0.0004130000004209933,0.00018899999965071856,16.359404000002797,0.0363601460000038,False,False,False
base_1_free_03_v0.5_h0.2,base_1_free_03,4.15,0.5,0.2,binary_full,1,False,False,True,0,,8.700000009298492e-05,0.0003660000000849095,0.00016999999985500835,16.359404000002797,0.036360027000002834,False,False,False
base_1_free_03_v0.5_h0.2,base_1_free_03,4.15,0.5,0.2,binary_combined,2,False,False,True,0,,9.500000075490789e-05,0.0004569999987324991,0.00013799999898367332,16.359404000002797,0.03636009400000127,False,False,False
base_1_free_03_v0.5_h0.3,base_1_free_03,4.15,0.5,0.3,binary_full,0,False,False,True,0,,0.00013200000026358794,0.0003729999988877353,0.00018599999940249745,16.359404000002797,0.036360095000001355,False,False,False
base_1_free_03_v0.5_h0.3,base_1_free_03,4.15,0.5,0.3,binary_combined,1,False,False,True,0,,9.000000034120603e-05,0.0003429999999582378,0.00014999999997655777,16.359404000002797,0.03635998700000308,False,False,False
base_1_free_03_v0.5_h0.3,base_1_free_03,4.15,0.5,0.3,json_combined,2,False,False,True,0,,0.00012699999984988608,0.0003920000004598023,0.00013600000059454942,16.359404000002797,0.036360059000003705,False,False,False
base_1_free_03_v0.5_h0.4,base_1_free_03,4.15,0.5,0.4,binary_combined,0,False,False,True,0,,0.00014499999956285592,0.00039999999934536845,0.00017300000010322947,16.359404000002797,0.03636012200000181,False,False,False
base_1_free_03_v0.5_h0.4,base_1_free_03,4.15,0.5,0.4,json_combined,1,False,False,True,0,,8.39999998447638e-05,0.00037200000058135174,0.00015100000005929815,16.359404000002797,0.03636001100000329,False,False,False
base_1_free_03_v0.5_h0.4,base_1_free_03,4.15,0.5,0.4,binary_full,2,False,False,True,0,,8.000000129015916e-05,0.00031199999916964316,0.00016200000096944223,16.359404000002797,0.03635995800000423,False,False,False
base_1_free_03_v1.0_h0.2,base_1_free_03,4.15,1.0,0.2,json_combined,0,False,False,True,0,,0.00011700000079883921,0.0003429999999582378,0.0001489999998938174,16.359404000002797,0.03636001300000345,False,False,False
base_1_free_03_v1.0_h0.2,base_1_free_03,4.15,1.0,0.2,binary_full,1,False,False,True,0,,7.900000120741879e-05,0.0003010000000358559,0.00015899999894486427,16.359404000002797,0.03635994300000299,False,False,False
base_1_free_03_v1.0_h0.2,base_1_free_03,4.15,1.0,0.2,binary_combined,2,False,False,True,0,,7.799999934832158e-05,0.00030599999867320093,0.00013400000042906868,16.359404000002797,0.03635992200000125,False,False,False
base_1_free_03_v1.0_h0.3,base_1_free_03,4.15,1.0,0.3,binary_full,0,False,False,True,0,,0.00012900000001536682,0.00035600000103386265,0.0001879999995679782,16.359404000002797,0.03636007700000342,False,False,False
base_1_free_03_v1.0_h0.3,base_1_free_03,4.15,1.0,0.3,binary_combined,1,False,False,True,0,,8.700000009298492e-05,0.0003340000009899313,0.000156000000473,16.359404000002797,0.03635998100000436,False,False,False
base_1_free_03_v1.0_h0.3,base_1_free_03,4.15,1.0,0.3,json_combined,2,False,False,True,0,,7.600000095919768e-05,0.00032199999999704687,0.00014100000100825127,16.359404000002797,0.036359943000004766,False,False,False
base_1_free_03_v1.0_h0.4,base_1_free_03,4.15,1.0,0.4,binary_combined,0,False,False,True,0,,0.00012899999823900998,0.0003770000009950536,0.00015999999902760464,16.359404000002797,0.03636007000000106,False,False,False
base_1_free_03_v1.0_h0.4,base_1_free_03,4.15,1.0,0.4,json_combined,1,False,False,True,0,,8.999999856484919e-05,0.0003109999990869028,0.00015700000055574037,16.359404000002797,0.03635996200000101,False,False,False
base_1_free_03_v1.0_h0.4,base_1_free_03,4.15,1.0,0.4,binary_full,2,False,False,True,0,,8.199999967928306e-05,0.00032600000032800835,0.0001389999990664137,16.359404000002797,0.036359951000001875,False,False,False
base_1_free_04_v0.0_h0.2,base_1_free_04,4.2,0.0,0.2,json_combined,0,False,False,True,0,,0.00030400000028407703,0.0008129999997663617,0.00023000000126671694,40.32551699999942,0.06032686400000074,False,False,False
base_1_free_04_v0.0_h0.2,base_1_free_04,4.2,0.0,0.2,binary_full,1,False,False,True,0,,0.00010300000141683086,0.0004120000003382529,0.00014399999948011555,40.32551699999942,0.06032617600000066,False,False,False
base_1_free_04_v0.0_h0.2,base_1_free_04,4.2,0.0,0.2,binary_combined,2,False,False,True,0,,0.00011500000063335847,0.0003409999997927571,0.0001590000007212211,40.32551699999942,0.060326132000000574,False,False,False
base_1_free_04_v0.0_h0.3,base_1_free_04,4.2,0.0,0.3,binary_full,0,False,False,True,0,,0.0001720000000204891,0.00037399999897047564,0.00018999999973345894,40.32551699999942,0.06032625299999815,False,False,False
base_1_free_04_v0.0_h0.3,base_1_free_04,4.2,0.0,0.3,binary_combined,1,False,False,True,0,,9.000000034120603e-05,0.0002979999997876348,0.00012799999993262645,40.32551699999942,0.06032603299999949,False,False,False
base_1_free_04_v0.0_h0.3,base_1_free_04,4.2,0.0,0.3,json_combined,2,False,False,True,0,,7.799999934832158e-05,0.00031000000078051926,0.0001590000007212211,40.32551699999942,0.060326064000000276,False,False,False
base_1_free_04_v0.0_h0.4,base_1_free_04,4.2,0.0,0.4,binary_combined,0,False,False,True,0,,0.00013200000026358794,0.00035200000070290116,0.00015700000055574037,40.32551699999942,0.06032615800000095,False,False,False
base_1_free_04_v0.0_h0.4,base_1_free_04,4.2,0.0,0.4,json_combined,1,False,False,True,0,,8.899999848210882e-05,0.00031199999916964316,0.00012500000146076218,40.32551699999942,0.06032604299999854,False,False,False
base_1_free_04_v0.0_h0.4,base_1_free_04,4.2,0.0,0.4,binary_full,2,False,False,True,0,,0.0001370000006772898,0.000526000000888871,0.00011499999885700163,40.32551699999942,0.06032629499999985,False,False,False
base_1_free_04_v0.5_h0.2,base_1_free_04,4.2,0.5,0.2,json_combined,0,False,False,True,0,,0.00014499999956285592,0.0003500000005374204,0.00017099999993774873,40.32551699999942,0.060326182999999464,False,False,False
base_1_free_04_v0.5_h0.2,base_1_free_04,4.2,0.5,0.2,binary_full,1,False,False,True,0,,9.899999930951253e-05,0.0002979999997876348,0.00013599999881819258,40.32551699999942,0.06032604999999734,False,False,False
base_1_free_04_v0.5_h0.2,base_1_free_04,4.2,0.5,0.2,binary_combined,2,False,False,True,0,,7.599999918284084e-05,0.0003010000000358559,0.00013600000059454942,40.32551699999942,0.06032602999999924,False,False,False
base_1_free_04_v0.5_h0.3,base_1_free_04,4.2,0.5,0.3,binary_full,0,False,False,True,0,,0.00012499999968440534,0.00030300000020133666,0.00018700000126159466,40.32551699999942,0.060326132000000574,False,False,False
base_1_free_04_v0.5_h0.3,base_1_free_04,4.2,0.5,0.3,binary_combined,1,False,False,True,0,,8.800000017572529e-05,0.00031100000086325963,0.00015200000014203852,40.32551699999942,0.06032606800000061,False,False,False
base_1_free_04_v0.5_h0.3,base_1_free_04,4.2,0.5,0.3,json_combined,2,False,False,True,0,,7.800000112467842e-05,0.00029599999962215406,0.00011500000063335847,40.32551699999942,0.060326006000000806,False,False,False
base_1_free_04_v0.5_h0.4,base_1_free_04,4.2,0.5,0.4,binary_combined,0,False,False,True,0,,0.00011699999902248237,0.0003589999995057269,0.00015500000039025963,40.32551699999942,0.060326147999998345,False,False,False
base_1_free_04_v0.5_h0.4,base_1_free_04,4.2,0.5,0.4,json_combined,1,False,False,True,0,,7.600000095919768e-05,0.0003380000013208928,0.00012099999935344385,40.32551699999942,0.06032605200000106,False,False,False
base_1_free_04_v0.5_h0.4,base_1_free_04,4.2,0.5,0.4,binary_full,2,False,False,True,0,,7.400000079371694e-05,0.00029500000131577053,0.00011999999927070348,40.32551699999942,0.060326006000000806,False,False,False
base_1_free_04_v1.0_h0.2,base_1_free_04,4.2,1.0,0.2,json_combined,0,False,False,True,0,,0.00013800000076003016,0.0003529999990092847,0.00012900000001536682,40.32551699999942,0.06032613699999921,False,False,False
base_1_free_04_v1.0_h0.2,base_1_free_04,4.2,1.0,0.2,binary_full,1,False,False,True,0,,8.900000025846566e-05,0.00028000000007466497,0.00012900000001536682,40.32551699999942,0.060326014999999775,False,False,False
base_1_free_04_v1.0_h0.2,base_1_free_04,4.2,1.0,0.2,binary_combined,2,False,False,True,0,,0.0001489999998938174,0.0006079999987917972,0.00015399999853116242,40.32551699999942,0.06032642799999664,False,False,False
base_1_free_04_v1.0_h0.3,base_1_free_04,4.2,1.0,0.3,binary_full,0,False,False,True,0,,0.0001300000000981072,0.00036099999967120766,0.00014299999939737518,40.32551699999942,0.06032615099999859,False,False,False
base_1_free_04_v1.0_h0.3,base_1_free_04,4.2,1.0,0.3,binary_combined,1,False,False,True,0,,9.400000067216752e-05,0.0003079999988386817,0.000115999998939742,40.32551699999942,0.06032603499999788,False,False,False
base_1_free_04_v1.0_h0.3,base_1_free_04,4.2,1.0,0.3,json_combined,2,False,False,True,0,,7.20000006282362e-05,0.0005610000002320703,0.00011799999910522274,40.32551699999942,0.06032626799999939,False,False,False
base_1_free_04_v1.0_h0.4,base_1_free_04,4.2,1.0,0.4,binary_combined,0,False,False,True,0,,0.00013500000051180905,0.0003519999989265443,0.0001419999993146348,40.32551699999942,0.06032614599999818,False,False,False
base_1_free_04_v1.0_h0.4,base_1_free_04,4.2,1.0,0.4,json_combined,1,False,False,True,0,,8.39999998447638e-05,0.0003180000014424422,0.00011399999877426126,40.32551699999942,0.06032603299999949,False,False,False
base_1_free_04_v1.0_h0.4,base_1_free_04,4.2,1.0,0.4,binary_full,2,False,False,True,0,,9.699999914403179e-05,0.0003429999999582378,0.00011100000030239698,40.32551699999942,0.06032606799999883,False,False,False
base_1_free_05_v0.0_h0.2,base_1_free_05,4.25,0.0,0.2,json_combined,0,False,False,True,0,,0.0002939999994566733,0.0008390000001412545,0.00019799999861902506,28.16131800000221,0.04816264900000043,False,False,False
base_1_free_05_v0.0_h0.2,base_1_free_05,4.25,0.0,0.2,binary_full,1,False,False,True,0,,0.00011300000046787773,0.0004499999999296733,0.00016599999952404687,28.16131800000221,0.04816204700000214,False,False,False
base_1_free_05_v0.0_h0.2,base_1_free_05,4.25,0.0,0.2,binary_combined,2,False,False,True,0,,9.10000004239464e-05,0.0003559999992575058,0.00012199999943618423,28.16131800000221,0.04816188700000133,False,False,False
base_1_free_05_v0.0_h0.3,base_1_free_05,4.25,0.0,0.3,binary_full,0,False,False,True,0,,0.00013900000084277053,0.0004030000013699464,0.00016800000146588445,28.16131800000221,0.048162028000005894,False,False,False
base_1_free_05_v0.0_h0.3,base_1_free_05,4.25,0.0,0.3,binary_combined,1,False,False,True,0,,8.900000025846566e-05,0.0002939999994566733,0.00014100000100825127,28.16131800000221,0.04816184200000294,False,False,False
base_1_free_05_v0.0_h0.3,base_1_free_05,4.25,0.0,0.3,json_combined,2,False,False,True,0,,8.09999995965427e-05,0.0002919999992911926,0.00013799999898367332,28.16131800000221,0.048161829000000086,False,False,False
base_1_free_05_v0.0_h0.4,base_1_free_05,4.25,0.0,0.4,binary_combined,0,False,False,True,0,,0.00014699999972833666,0.0003760000009123132,0.00014299999939737518,28.16131800000221,0.04816198400000225,False,False,False
base_1_free_05_v0.0_h0.4,base_1_free_05,4.25,0.0,0.4,json_combined,1,False,False,True,0,,9.99999993922529e-05,0.00031899999974882576,0.00012499999968440534,28.16131800000221,0.04816186200000104,False,False,False
base_1_free_05_v0.0_h0.4,base_1_free_05,4.25,0.0,0.4,binary_full,2,False,False,True,0,,9.200000050668677e-05,0.00035300000078564153,0.0001370000006772898,28.16131800000221,0.048161900000004185,False,False,False
base_1_free_05_v0.5_h0.2,base_1_free_05,4.25,0.5,0.2,json_combined,0,False,False,True,0,,0.00014299999939737518,0.00035600000103386265,0.0001820000008478928,28.16131800000221,0.048161999000003494,False,False,False
base_1_free_05_v0.5_h0.2,base_1_free_05,4.25,0.5,0.2,binary_full,1,False,False,True,0,,0.00010199999955773364,0.00032900000057622947,0.00014799999981107703,28.16131800000221,0.04816189700000216,False,False,False
base_1_free_05_v0.5_h0.2,base_1_free_05,4.25,0.5,0.2,binary_combined,2,False,False,True,0,,9.000000034120603e-05,0.00030899999892142205,0.0001489999998938174,28.16131800000221,0.04816186600000137,False,False,False
base_1_free_05_v0.5_h0.3,base_1_free_05,4.25,0.5,0.3,binary_full,0,False,False,True,0,,0.00014699999972833666,0.0003240000001625276,0.00015800000063848074,28.16131800000221,0.048161947000002744,False,False,False
base_1_free_05_v0.5_h0.3,base_1_free_05,4.25,0.5,0.3,binary_combined,1,False,False,True,0,,9.700000092038863e-05,0.0003139999993351239,0.00013999999914915406,28.16131800000221,0.04816186900000162,False,False,False
base_1_free_05_v0.5_h0.3,base_1_free_05,4.25,0.5,0.3,json_combined,2,False,False,True,0,,9.8000001003129e-05,0.00029100000098480905,0.00016100000088670186,28.16131800000221,0.04816186800000509,False,False,False
base_1_free_05_v0.5_h0.4,base_1_free_05,4.25,0.5,0.4,binary_combined,0,False,False,True,0,,0.0001300000000981072,0.00041100000025551253,0.00013299999856997147,28.16131800000221,0.04816199200000114,False,False,False
base_1_free_05_v0.5_h0.4,base_1_free_05,4.25,0.5,0.4,json_combined,1,False,False,True,0,,9.499999897855105e-05,0.00037399999897047564,0.0001489999998938174,28.16131800000221,0.04816193600000006,False,False,False
base_1_free_05_v0.5_h0.4,base_1_free_05,4.25,0.5,0.4,binary_full,2,False,False,True,0,,9.10000004239464e-05,0.00030700000053229815,0.00014699999972833666,28.16131800000221,0.0481618630000029,False,False,False
base_1_free_05_v1.0_h0.2,base_1_free_05,4.25,1.0,0.2,json_combined,0,False,False,True,0,,0.00012699999984988608,0.0003550000009511223,0.0001489999998938174,28.16131800000221,0.04816194900000291,False,False,False
base_1_free_05_v1.0_h0.2,base_1_free_05,4.25,1.0,0.2,binary_full,1,False,False,True,0,,7.600000095919768e-05,0.00032600000032800835,0.0001389999990664137,28.16131800000221,0.04816185900000257,False,False,False
base_1_free_05_v1.0_h0.2,base_1_free_05,4.25,1.0,0.2,binary_combined,2,False,False,True,0,,7.900000120741879e-05,0.00034600000020645894,0.00012799999993262645,28.16131800000221,0.04816187100000356,False,False,False
base_1_free_05_v1.0_h0.3,base_1_free_05,4.25,1.0,0.3,binary_full,0,False,False,True,0,,0.00011299999869152089,0.0003819999996323986,0.00015100000005929815,28.16131800000221,0.0481619640000006,False,False,False
base_1_free_05_v1.0_h0.3,base_1_free_05,4.25,1.0,0.3,binary_combined,1,False,False,True,0,,7.599999918284084e-05,0.0003440000000409782,0.00014799999981107703,28.16131800000221,0.04816188600000125,False,False,False
base_1_free_05_v1.0_h0.3,base_1_free_05,4.25,1.0,0.3,json_combined,2,False,False,True,0,,7.300000071097656e-05,0.00031199999916964316,0.0001400000009255109,28.16131800000221,0.04816184300000302,False,False,False
base_1_free_05_v1.0_h0.4,base_1_free_05,4.25,1.0,0.4,binary_combined,0,False,False,True,0,,0.00016299999927582576,0.0004059999998418107,0.00018400000101337355,28.16131800000221,0.048162071000002346,False,False,False
base_1_free_05_v1.0_h0.4,base_1_free_05,4.25,1.0,0.4,json_combined,1,False,False,True,0,,7.899999943106195e-05,0.0003339999992135745,0.00015500000039025963,28.16131800000221,0.04816188600000125,False,False,False
base_1_free_05_v1.0_h0.4,base_1_free_05,4.25,1.0,0.4,binary_full,2,False,False,True,0,,7.699999926558121e-05,0.0003050000003668174,0.0001630000010521826,28.16131800000221,0.0481618630000029,False,False,False
base_1_free_06_v0.0_h0.2,base_1_free_06,4.300000000000001,0.0,0.2,json_combined,0,False,False,True,0,,0.0003800000012432747,0.0009310000006479413,0.00023499999990406195,29.654392000001195,0.049655938000002994,False,False,False
base_1_free_06_v0.0_h0.2,base_1_free_06,4.300000000000001,0.0,0.2,binary_full,1,False,False,True,0,,0.00015200000014203852,0.0005629999986211942,0.00017700000043419095,29.654392000001195,0.049655284000000396,False,False,False
base_1_free_06_v0.0_h0.2,base_1_free_06,4.300000000000001,0.0,0.2,binary_combined,2,False,False,True,0,,0.00013800000076003016,0.00042299999947204014,0.0001530000002247789,29.654392000001195,0.049655106000001656,False,False,False
base_1_free_06_v0.0_h0.3,base_1_free_06,4.300000000000001,0.0,0.3,binary_full,0,False,False,True,0,,0.00020000000056086265,0.0004179999990583383,0.0002020000007263434,29.654392000001195,0.049655212000001545,False,False,False
base_1_free_06_v0.0_h0.3,base_1_free_06,4.300000000000001,0.0,0.3,binary_combined,1,False,False,True,0,,0.00011700000079883921,0.0003729999988877353,0.0001950000001471608,29.654392000001195,0.04965507700000103,False,False,False
base_1_free_06_v0.0_h0.3,base_1_free_06,4.300000000000001,0.0,0.3,json_combined,2,False,False,True,0,,8.600000001024455e-05,0.00039400000062528306,0.00015800000063848074,29.654392000001195,0.04965503000000247,False,False,False
base_1_free_06_v0.0_h0.4,base_1_free_06,4.300000000000001,0.0,0.4,binary_combined,0,False,False,True,0,,0.00018400000101337355,0.00044099999918501,0.00017300000010322947,29.654392000001195,0.0496551900000015,False,False,False
base_1_free_06_v0.0_h0.4,base_1_free_06,4.300000000000001,0.0,0.4,json_combined,1,False,False,True,0,,9.799999922677216e-05,0.00034900000045468005,0.00015699999877938353,29.654392000001195,0.04965499599999966,False,False,False
base_1_free_06_v0.0_h0.4,base_1_free_06,4.300000000000001,0.0,0.4,binary_full,2,False,False,True,0,,9.000000034120603e-05,0.00031899999974882576,0.00013100000018084756,29.654392000001195,0.04965493200000147,False,False,False
base_1_free_06_v0.5_h0.2,base_1_free_06,4.300000000000001,0.5,0.2,json_combined,0,False,False,True,0,,0.0001809999989887956,0.0004249999996375209,0.00017600000035145058,29.654392000001195,0.04965517400000018,False,False,False
base_1_free_06_v0.5_h0.2,base_1_free_06,4.300000000000001,0.5,0.2,binary_full,1,False,False,True,0,,9.600000083764826e-05,0.00032199999999704687,0.00014300000117373202,29.654392000001195,0.04965495300000321,False,False,False
base_1_free_06_v0.5_h0.2,base_1_free_06,4.300000000000001,0.5,0.2,binary_combined,2,False,False,True,0,,9.199999873032993e-05,0.00029400000123303016,0.0001509999982829413,29.654392000001195,0.049654928999999445,False,False,False
base_1_free_06_v0.5_h0.3,base_1_free_06,4.300000000000001,0.5,0.3,binary_full,0,False,False,True,0,,0.00015500000039025963,0.00035799999942298655,0.00016999999985500835,29.654392000001195,0.04965507500000087,False,False,False
base_1_free_06_v0.5_h0.3,base_1_free_06,4.300000000000001,0.5,0.3,binary_combined,1,False,False,True,0,,9.900000108586937e-05,0.0003369999994617956,0.00013800000076003016,29.654392000001195,0.04965496600000251,False,False,False
base_1_free_06_v0.5_h0.3,base_1_free_06,4.300000000000001,0.5,0.3,json_combined,2,False,False,True,0,,9.699999914403179e-05,0.00035300000078564153,0.00013100000018084756,29.654392000001195,0.04965497300000131,False,False,False
base_1_free_06_v0.5_h0.4,base_1_free_06,4.300000000000001,0.5,0.4,binary_combined,0,False,False,True,0,,0.0001619999991930854,0.0003900000002943216,0.00018999999973345894,29.654392000001195,0.04965513400000042,False,False,False
base_1_free_06_v0.5_h0.4,base_1_free_06,4.300000000000001,0.5,0.4,json_combined,1,False,False,True,0,,9.99999993922529e-05,0.00034600000020645894,0.00014299999939737518,29.654392000001195,0.049654981000000195,False,False,False
base_1_free_06_v0.5_h0.4,base_1_free_06,4.300000000000001,0.5,0.4,binary_full,2,False,False,True,0,,9.10000004239464e-05,0.0003060000004495578,0.00014999999997655777,29.654392000001195,0.04965493900000205,False,False,False
base_1_free_06_v1.0_h0.2,base_1_free_06,4.300000000000001,1.0,0.2,json_combined,0,False,False,True,0,,0.00018699999948523782,0.0003819999996323986,0.00018999999973345894,29.654392000001195,0.04965515100000005,False,False,False
base_1_free_06_v1.0_h0.2,base_1_free_06,4.300000000000001,1.0,0.2,binary_full,1,False,False,True,0,,0.00010800000005417587,0.0003359999993790552,0.00014099999923189444,29.654392000001195,0.049654976999999864,False,False,False
base_1_free_06_v1.0_h0.2,base_1_free_06,4.300000000000001,1.0,0.2,binary_combined,2,False,False,True,0,,0.0001050000015823116,0.00033600000115541206,0.0001349999987354522,29.654392000001195,0.04965496800000267,False,False,False
base_1_free_06_v1.0_h0.3,base_1_free_06,4.300000000000001,1.0,0.3,binary_full,0,False,False,True,0,,0.0001890000014270754,0.0003989999992626281,0.00018699999948523782,29.654392000001195,0.049655167000001374,False,False,False
base_1_free_06_v1.0_h0.3,base_1_free_06,4.300000000000001,1.0,0.3,binary_combined,1,False,False,True,0,,0.0001069999999714355,0.00030300000020133666,0.0001630000010521826,29.654392000001195,0.049654965000002424,False,False,False
base_1_free_06_v1.0_h0.3,base_1_free_06,4.300000000000001,1.0,0.3,json_combined,2,False,False,True,0,,0.00010499999980595476,0.0002820000002401457,0.0001459999996455963,29.654392000001195,0.04965492500000089,False,False,False
base_1_free_06_v1.0_h0.4,base_1_free_06,4.300000000000001,1.0,0.4,binary_combined,0,False,False,True,0,,0.00015800000063848074,0.0003670000001676499,0.00019600000022990116,29.654392000001195,0.049655113000002235,False,False,False
base_1_free_06_v1.0_h0.4,base_1_free_06,4.300000000000001,1.0,0.4,json_combined,1,False,False,True,0,,9.900000108586937e-05,0.0003280000004934891,0.00013500000051180905,29.654392000001195,0.04965495400000329,False,False,False
base_1_free_06_v1.0_h0.4,base_1_free_06,4.300000000000001,1.0,0.4,binary_full,2,False,False,True,0,,0.00010400000149957123,0.00031899999974882576,0.00013200000026358794,29.654392000001195,0.04965494700000271,False,False,False
base_1_free_07_v0.0_h0.2,base_1_free_07,4.35,0.0,0.2,json_combined,0,False,False,True,0,,0.0004840000009664891,0.0009110000007694907,0.0002850000004883668,27.455605000000105,0.04745728500000233,False,False,False
base_1_free_07_v0.0_h0.2,base_1_free_07,4.35,0.0,0.2,binary_full,1,False,False,True,0,,0.0001400000009255109,0.0005629999986211942,0.0001649999994413065,27.455605000000105,0.0474564729999991,False,False,False
base_1_free_07_v0.0_h0.2,base_1_free_07,4.35,0.0,0.2,binary_combined,2,False,False,True,0,,0.00012799999993262645,0.0004120000003382529,0.00015100000005929815,27.455605000000105,0.04745629600000044,False,False,False
base_1_free_07_v0.0_h0.3,base_1_free_07,4.35,0.0,0.3,binary_full,0,False,False,True,0,,0.00018500000109611392,0.0004429999993504907,0.00015700000055574037,27.455605000000105,0.04745639000000111,False,False,False
base_1_free_07_v0.0_h0.3,base_1_free_07,4.35,0.0,0.3,binary_combined,1,False,False,True,0,,0.00012200000121254106,0.00042000000100017587,0.0001489999998938174,27.455605000000105,0.047456296000002215,False,False,False
base_1_free_07_v0.0_h0.3,base_1_free_07,4.35,0.0,0.3,json_combined,2,False,False,True,0,,0.0001050000015823116,0.0003900000002943216,0.00013600000059454942,27.455605000000105,0.04745623600000258,False,False,False
base_1_free_07_v0.0_h0.4,base_1_free_07,4.35,0.0,0.4,binary_combined,0,False,False,True,0,,0.00017600000035145058,0.00043300000029944385,0.000173999998409613,27.455605000000105,0.04745638799999917,False,False,False
base_1_free_07_v0.0_h0.4,base_1_free_07,4.35,0.0,0.4,json_combined,1,False,False,True,0,,9.699999914403179e-05,0.000357000001116603,0.00012900000001536682,27.455605000000105,0.047456188000000385,False,False,False
base_1_free_07_v0.0_h0.4,base_1_free_07,4.35,0.0,0.4,binary_full,2,False,False,True,0,,8.700000009298492e-05,0.0002989999998703752,0.00015500000039025963,27.455605000000105,0.04745614600000046,False,False,False
base_1_free_07_v0.5_h0.2,base_1_free_07,4.35,0.5,0.2,json_combined,0,False,False,True,0,,0.0001750000002687102,0.00045799999881523945,0.00014600000142195313,27.455605000000105,0.047456384000000615,False,False,False
base_1_free_07_v0.5_h0.2,base_1_free_07,4.35,0.5,0.2,binary_full,1,False,False,True,0,,9.700000092038863e-05,0.00031899999974882576,0.00013400000042906868,27.455605000000105,0.04745615500000121,False,False,False
base_1_free_07_v0.5_h0.2,base_1_free_07,4.35,0.5,0.2,binary_combined,2,False,False,True,0,,8.400000162112065e-05,0.00033899999962727634,0.00013400000042906868,27.455605000000105,0.047456162000001786,False,False,False
base_1_free_07_v0.5_h0.3,base_1_free_07,4.35,0.5,0.3,binary_full,0,False,False,True,0,,0.00014699999972833666,0.0004510000000124137,0.00018300000093063318,27.455605000000105,0.04745638600000078,False,False,False
base_1_free_07_v0.5_h0.3,base_1_free_07,4.35,0.5,0.3,binary_combined,1,False,False,True,0,,0.00011000000021965661,0.0003629999998366884,0.00016299999927582576,27.455605000000105,0.04745624099999944,False,False,False
base_1_free_07_v0.5_h0.3,base_1_free_07,4.35,0.5,0.3,json_combined,2,False,False,True,0,,9.499999897855105e-05,0.0003369999994617956,0.00016399999935856613,27.455605000000105,0.04745620099999791,False,False,False
base_1_free_07_v0.5_h0.4,base_1_free_07,4.35,0.5,0.4,binary_combined,0,False,False,True,0,,0.00013200000026358794,0.0004380000007131457,0.00018599999940249745,27.455605000000105,0.04745636100000049,False,False,False
base_1_free_07_v0.5_h0.4,base_1_free_07,4.35,0.5,0.4,json_combined,1,False,False,True,0,,0.00010100000125135011,0.00037699999921869676,0.00016200000096944223,27.455605000000105,0.04745624500000155,False,False,False
base_1_free_07_v0.5_h0.4,base_1_free_07,4.35,0.5,0.4,binary_full,2,False,False,True,0,,9.10000004239464e-05,0.0003920000004598023,0.0001400000009255109,27.455605000000105,0.04745622800000192,False,False,False
base_1_free_07_v1.0_h0.2,base_1_free_07,4.35,1.0,0.2,json_combined,0,False,False,True,0,,0.0001229999995189246,0.000415000000586474,0.0001619999991930854,27.455605000000105,0.04745630499999941,False,False,False
base_1_free_07_v1.0_h0.2,base_1_free_07,4.35,1.0,0.2,binary_full,1,False,False,True,0,,0.00010199999955773364,0.0003359999993790552,0.0001280000017089833,27.455605000000105,0.047456171000000755,False,False,False
base_1_free_07_v1.0_h0.2,base_1_free_07,4.35,1.0,0.2,binary_combined,2,False,False,True,0,,9.900000108586937e-05,0.00033899999962727634,0.00015699999877938353,27.455605000000105,0.0474561999999996,False,False,False
base_1_free_07_v1.0_h0.3,base_1_free_07,4.35,1.0,0.3,binary_full,0,False,False,True,0,,0.0001330000003463283,0.0004049999997590703,0.0002039999991154673,27.455605000000105,0.04745634699999933,False,False,False
base_1_free_07_v1.0_h0.3,base_1_free_07,4.35,1.0,0.3,binary_combined,1,False,False,True,0,,9.8000001003129e-05,0.0003149999994178643,0.00017099999993774873,27.455605000000105,0.04745618900000047,False,False,False
base_1_free_07_v1.0_h0.3,base_1_free_07,4.35,1.0,0.3,json_combined,2,False,False,True,0,,9.699999914403179e-05,0.00034900000045468005,0.00017700000043419095,27.455605000000105,0.04745622800000014,False,False,False
base_1_free_07_v1.0_h0.4,base_1_free_07,4.35,1.0,0.4,binary_combined,0,False,False,True,0,,0.0001470000015046935,0.0003580000011993434,0.0001579999988621239,27.455605000000105,0.047456268000001675,False,False,False
base_1_free_07_v1.0_h0.4,base_1_free_07,4.35,1.0,0.4,json_combined,1,False,False,True,0,,0.0001069999999714355,0.0003329999991308341,0.0001530000002247789,27.455605000000105,0.047456197999999436,False,False,False
base_1_free_07_v1.0_h0.4,base_1_free_07,4.35,1.0,0.4,binary_full,2,False,False,True,0,,9.599999906129142e-05,0.00031999999983156613,0.00013100000018084756,27.455605000000105,0.04745615199999918,False,False,False
base_1_free_08_v0.0_h0.2,base_1_free_08,4.4,0.0,0.2,json_combined,0,False,False,True,0,,0.00034199999987549745,0.0007459999995518274,0.00021900000035657285,37.68776699999776,0.05768907399999755,False,False,False
base_1_free_08_v0.0_h0.2,base_1_free_08,4.4,0.0,0.2,binary_full,1,False,False,True,0,,0.00011899999918796311,0.0004990000004312378,0.00015700000055574037,37.68776699999776,0.05768854199999794,False,False,False
base_1_free_08_v0.0_h0.2,base_1_free_08,4.4,0.0,0.2,binary_combined,2,False,False,True,0,,0.0001089999983605594,0.00036800000025039026,0.0001630000010521826,37.68776699999776,0.05768840699999743,False,False,False
base_1_free_08_v0.0_h0.3,base_1_free_08,4.4,0.0,0.3,binary_full,0,False,False,True,0,,0.0001419999993146348,0.00041000000017277216,0.00018500000109611392,37.68776699999776,0.05768850399999835,False,False,False
base_1_free_08_v0.0_h0.3,base_1_free_08,4.4,0.0,0.3,binary_combined,1,False,False,True,0,,8.39999998447638e-05,0.0003240000001625276,0.00014299999939737518,37.68776699999776,0.05768831799999717,False,False,False
base_1_free_08_v0.0_h0.3,base_1_free_08,4.4,0.0,0.3,json_combined,2,False,False,True,0,,8.299999976202344e-05,0.00029699999970489444,0.00014699999972833666,37.68776699999776,0.05768829399999696,False,False,False
base_1_free_08_v0.0_h0.4,base_1_free_08,4.4,0.0,0.4,binary_combined,0,False,False,True,0,,0.00016599999952404687,0.00036200000153030487,0.0001649999994413065,37.68776699999776,0.05768845999999826,False,False,False
base_1_free_08_v0.0_h0.4,base_1_free_08,4.4,0.0,0.4,json_combined,1,False,False,True,0,,7.50000008764573e-05,0.00033600000115541206,0.00014299999939737518,37.68776699999776,0.057688320999999196,False,False,False
base_1_free_08_v0.0_h0.4,base_1_free_08,4.4,0.0,0.4,binary_full,2,False,False,True,0,,7.499999910010047e-05,0.00035399999909202506,0.00011800000088157958,37.68776699999776,0.05768831399999684,False,False,False
base_1_free_08_v0.5_h0.2,base_1_free_08,4.4,0.5,0.2,json_combined,0,False,False,True,0,,0.0001590000007212211,0.0003569999993402462,0.0001820000008478928,37.68776699999776,0.057688464999998676,False,False,False
base_1_free_08_v0.5_h0.2,base_1_free_08,4.4,0.5,0.2,binary_full,1,False,False,True,0,,8.799999839936845e-05,0.00030300000020133666,0.00014500000133921276,37.68776699999776,0.057688302999997706,False,False,False
base_1_free_08_v0.5_h0.2,base_1_free_08,4.4,0.5,0.2,binary_combined,2,False,False,True,0,,7.999999951380232e-05,0.0003139999993351239,0.00013699999890093295,37.68776699999776,0.057688297999995516,False,False,False
base_1_free_08_v0.5_h0.3,base_1_free_08,4.4,0.5,0.3,binary_full,0,False,False,True,0,,0.00016200000096944223,0.0003599999995884673,0.00014999999997655777,37.68776699999776,0.0576884389999983,False,False,False
base_1_free_08_v0.5_h0.3,base_1_free_08,4.4,0.5,0.3,binary_combined,1,False,False,True,0,,0.00010599999988869513,0.000316999999583345,0.00012799999993262645,37.68776699999776,0.05768831799999717,False,False,False
base_1_free_08_v0.5_h0.3,base_1_free_08,4.4,0.5,0.3,json_combined,2,False,False,True,0,,8.800000017572529e-05,0.00032600000032800835,0.00013600000059454942,37.68776699999776,0.057688316999998865,False,False,False
base_1_free_08_v0.5_h0.4,base_1_free_08,4.4,0.5,0.4,binary_combined,0,False,False,True,0,,0.0001590000007212211,0.0003500000005374204,0.00017099999993774873,37.68776699999776,0.05768844699999896,False,False,False
base_1_free_08_v0.5_h0.4,base_1_free_08,4.4,0.5,0.4,json_combined,1,False,False,True,0,,9.10000004239464e-05,0.0003359999993790552,0.00013799999898367332,37.68776699999776,0.05768833199999655,False,False,False
base_1_free_08_v0.5_h0.4,base_1_free_08,4.4,0.5,0.4,binary_full,2,False,False,True,0,,7.800000112467842e-05,0.000299000001646732,0.0001489999998938174,37.68776699999776,0.05768829300000043,False,False,False
base_1_free_08_v1.0_h0.2,base_1_free_08,4.4,1.0,0.2,json_combined,0,False,False,True,0,,0.00014299999939737518,0.0003599999995884673,0.00016599999952404687,37.68776699999776,0.057688435999996276,False,False,False
base_1_free_08_v1.0_h0.2,base_1_free_08,4.4,1.0,0.2,binary_full,1,False,False,True,0,,0.00011100000030239698,0.00035600000103386265,0.00015700000055574037,37.68776699999776,0.05768839099999966,False,False,False
base_1_free_08_v1.0_h0.2,base_1_free_08,4.4,1.0,0.2,binary_combined,2,False,False,True,0,,9.199999873032993e-05,0.0003409999997927571,0.00015100000005929815,37.68776699999776,0.05768835099999635,False,False,False
base_1_free_08_v1.0_h0.3,base_1_free_08,4.4,1.0,0.3,binary_full,0,False,False,True,0,,0.00010800000005417587,0.00034199999987549745,0.00017499999849235337,37.68776699999776,0.05768839199999619,False,False,False
base_1_free_08_v1.0_h0.3,base_1_free_08,4.4,1.0,0.3,binary_combined,1,False,False,True,0,,7.699999926558121e-05,0.0003149999994178643,0.00013100000018084756,37.68776699999776,0.05768828999999663,False,False,False
base_1_free_08_v1.0_h0.3,base_1_free_08,4.4,1.0,0.3,json_combined,2,False,False,True,0,,7.699999926558121e-05,0.000325000000245268,0.00014799999981107703,37.68776699999776,0.05768831699999709,False,False,False
base_1_free_08_v1.0_h0.4,base_1_free_08,4.4,1.0,0.4,binary_combined,0,False,False,True,0,,0.00012099999935344385,0.0003729999988877353,0.00015699999877938353,37.68776699999776,0.05768841799999479,False,False,False
base_1_free_08_v1.0_h0.4,base_1_free_08,4.4,1.0,0.4,json_combined,1,False,False,True,0,,0.00010999999844329977,0.00032199999999704687,0.0001660000013004037,37.68776699999776,0.05768836499999751,False,False,False
base_1_free_08_v1.0_h0.4,base_1_free_08,4.4,1.0,0.4,binary_full,2,False,False,True,0,,0.0001240000013780218,0.0005480000009328023,0.00013900000084277053,37.68776699999776,0.05768857800000092,False,False,False
base_1_free_09_v0.0_h0.2,base_1_free_09,4.45,0.0,0.2,json_combined,0,False,False,True,0,,0.00021199999977739026,0.0006260000002811239,0.00025399999969977216,20.254809000000762,0.040255901000000524,False,False,False
base_1_free_09_v0.0_h0.2,base_1_free_09,4.45,0.0,0.2,binary_full,1,False,False,True,0,,0.00015400000030751926,0.00037699999921869676,0.00015400000030751926,20.254809000000762,0.0402554940000006,False,False,False
base_1_free_09_v0.0_h0.2,base_1_free_09,4.45,0.0,0.2,binary_combined,2,False,False,True,0,,7.599999918284084e-05,0.0001839999992370167,0.00012900000001536682,20.254809000000762,0.0402551979999992,False,False,False
base_1_free_09_v0.0_h0.3,base_1_free_09,4.45,0.0,0.3,binary_full,0,False,False,True,0,,0.00011800000088157958,0.00018199999907153597,8.800000017572529e-05,20.254809000000762,0.040255197000000895,False,False,False
base_1_free_09_v0.0_h0.3,base_1_free_09,4.45,0.0,0.3,binary_combined,1,False,False,True,0,,7.999999951380232e-05,0.00013100000018084756,9.10000004239464e-05,20.254809000000762,0.040255111000000884,False,False,False
base_1_free_09_v0.0_h0.3,base_1_free_09,4.45,0.0,0.3,json_combined,2,False,False,True,0,,7.199999885187935e-05,0.00020599999928094803,8.39999998447638e-05,20.254809000000762,0.04025517099999874,False,False,False
base_1_free_09_v0.0_h0.4,base_1_free_09,4.45,0.0,0.4,binary_combined,0,False,False,True,0,,7.39999990173601e-05,0.00016899999977226798,9.200000050668677e-05,20.254809000000762,0.04025514400000006,False,False,False
base_1_free_09_v0.0_h0.4,base_1_free_09,4.45,0.0,0.4,json_combined,1,False,False,True,0,,5.999999963535174e-05,0.00016399999935856613,8.39999998447638e-05,20.254809000000762,0.040255116999999604,False,False,False
base_1_free_09_v0.0_h0.4,base_1_free_09,4.45,0.0,0.4,binary_full,2,False,False,True,0,,9.200000050668677e-05,0.00015200000014203852,8.499999992750418e-05,20.254809000000762,0.04025513800000134,False,False,False
base_1_free_09_v0.5_h0.2,base_1_free_09,4.45,0.5,0.2,json_combined,0,False,False,True,0,,0.00010199999955773364,0.0001590000007212211,8.499999992750418e-05,20.254809000000762,0.04025515500000097,False,False,False
base_1_free_09_v0.5_h0.2,base_1_free_09,4.45,0.5,0.2,binary_full,1,False,False,True,0,,5.999999963535174e-05,0.00015100000005929815,8.499999992750418e-05,20.254809000000762,0.04025510500000039,False,False,False
base_1_free_09_v0.5_h0.2,base_1_free_09,4.45,0.5,0.2,binary_combined,2,False,False,True,0,,5.60000010807471e-05,0.00012799999993262645,8.09999995965427e-05,20.254809000000762,0.040255074000001376,False,False,False
base_1_free_09_v0.5_h0.3,base_1_free_09,4.45,0.5,0.3,binary_full,0,False,False,True,0,,0.00011999999927070348,0.00012399999960166497,8.09999995965427e-05,20.254809000000762,0.040255133999999235,False,False,False
base_1_free_09_v0.5_h0.3,base_1_free_09,4.45,0.5,0.3,binary_combined,1,False,False,True,0,,5.899999955261137e-05,0.00011799999910522274,9.000000034120603e-05,20.254809000000762,0.040255075999999765,False,False,False
base_1_free_09_v0.5_h0.3,base_1_free_09,4.45,0.5,0.3,json_combined,2,False,False,True,0,,5.900000132896821e-05,0.00013800000076003016,8.199999967928306e-05,20.254809000000762,0.040255088000002534,False,False,False
base_1_free_09_v0.5_h0.4,base_1_free_09,4.45,0.5,0.4,binary_combined,0,False,False,True,0,,8.700000009298492e-05,0.0001389999990664137,0.0001069999999714355,20.254809000000762,0.0402551419999999,False,False,False
base_1_free_09_v0.5_h0.4,base_1_free_09,4.45,0.5,0.4,json_combined,1,False,False,True,0,,5.699999938713063e-05,0.00014299999939737518,8.09999995965427e-05,20.254809000000762,0.04025508999999915,False,False,False
base_1_free_09_v0.5_h0.4,base_1_free_09,4.45,0.5,0.4,binary_full,2,False,False,True,0,,5.4000000915266355e-05,0.0001069999999714355,7.800000112467842e-05,20.254809000000762,0.04025504800000278,False,False,False
base_1_free_09_v1.0_h0.2,base_1_free_09,4.45,1.0,0.2,json_combined,0,False,False,True,0,,0.00010800000005417587,0.00014200000109099165,8.39999998447638e-05,20.254809000000762,0.040255143000001756,False,False,False
base_1_free_09_v1.0_h0.2,base_1_free_09,4.45,1.0,0.2,binary_full,1,False,False,True,0,,5.999999963535174e-05,0.00011200000038513735,7.899999943106195e-05,20.254809000000762,0.04025506000000022,False,False,False
base_1_free_09_v1.0_h0.2,base_1_free_09,4.45,1.0,0.2,binary_combined,2,False,False,True,0,,5.60000010807471e-05,0.0001069999999714355,7.900000120741879e-05,20.254809000000762,0.040255051000003025,False,False,False
base_1_free_09_v1.0_h0.3,base_1_free_09,4.45,1.0,0.3,binary_full,0,False,False,True,0,,9.300000058942715e-05,0.00012300000129528144,0.00063399999916669,20.254809000000762,0.04025565900000182,False,False,False
base_1_free_09_v1.0_h0.3,base_1_free_09,4.45,1.0,0.3,binary_combined,1,False,False,True,0,,5.599999930439026e-05,0.0001330000003463283,8.199999967928306e-05,20.254809000000762,0.040255080000000096,False,False,False
base_1_free_09_v1.0_h0.3,base_1_free_09,4.45,1.0,0.3,json_combined,2,False,False,True,0,,5.7999999469871e-05,0.00013900000084277053,7.999999951380232e-05,20.254809000000762,0.04025508600000059,False,False,False
base_1_free_09_v1.0_h0.4,base_1_free_09,4.45,1.0,0.4,binary_combined,0,False,False,True,0,,8.09999995965427e-05,0.00014300000117373202,0.0001069999999714355,20.254809000000762,0.04025514000000151,False,False,False
base_1_free_09_v1.0_h0.4,base_1_free_09,4.45,1.0,0.4,json_combined,1,False,False,True,0,,5.200000074978561e-05,0.00013500000051180905,0.0001069999999714355,20.254809000000762,0.040255103000002,False,False,False
base_1_free_09_v1.0_h0.4,base_1_free_09,4.45,1.0,0.4,binary_full,2,False,False,True,0,,7.100000054549582e-05,9.799999922677216e-05,7.600000095919768e-05,20.254809000000762,0.0402550540000015,False,False,False
base_1_near_00_v0.0_h0.2,base_1_near_00,4.5,0.0,0.2,json_combined,0,False,False,True,0,,0.00022499999907665824,0.0006140000010645963,0.00018699999948523782,26.410048999998992,0.04641107499999862,False,False,False
base_1_near_00_v0.0_h0.2,base_1_near_00,4.5,0.0,0.2,binary_full,1,False,False,True,0,,8.700000009298492e-05,0.0002919999992911926,0.00010299999964047402,26.410048999998992,0.04641053099999802,False,False,False
base_1_near_00_v0.0_h0.2,base_1_near_00,4.5,0.0,0.2,binary_combined,2,False,False,True,0,,5.800000124622784e-05,0.00015100000005929815,8.700000009298492e-05,26.410048999998992,0.046410345000000394,False,False,False
base_1_near_00_v0.0_h0.3,base_1_near_00,4.5,0.0,0.3,binary_full,0,False,False,True,0,,9.799999922677216e-05,0.00022699999924213898,0.00019499999837080395,26.410048999998992,0.046410568999995835,False,False,False
base_1_near_00_v0.0_h0.3,base_1_near_00,4.5,0.0,0.3,binary_combined,1,False,False,True,0,,8.900000025846566e-05,0.00021899999858021602,0.0001229999995189246,26.410048999998992,0.04641047999999735,False,False,False
base_1_near_00_v0.0_h0.3,base_1_near_00,4.5,0.0,0.3,json_combined,2,False,False,True,0,,6.399999996631323e-05,0.00019600000022990116,7.20000006282362e-05,26.410048999998992,0.04641038099999982,False,False,False
base_1_near_00_v0.0_h0.4,base_1_near_00,4.5,0.0,0.4,binary_combined,0,False,False,True,0,,9.400000067216752e-05,0.00014699999972833666,8.09999995965427e-05,26.410048999998992,0.04641037099999899,False,False,False
base_1_near_00_v0.0_h0.4,base_1_near_00,4.5,0.0,0.4,json_combined,1,False,False,True,0,,5.200000074978561e-05,0.0001489999998938174,7.499999910010047e-05,26.410048999998992,0.04641032499999874,False,False,False
base_1_near_00_v0.0_h0.4,base_1_near_00,4.5,0.0,0.4,binary_full,2,False,False,True,0,,4.999999880794803e-05,0.00012900000001536682,7.20000006282362e-05,26.410048999998992,0.04641029999999845,False,False,False
base_1_near_00_v0.5_h0.2,base_1_near_00,4.5,0.5,0.2,json_combined,0,False,False,True,0,,0.00011000000021965661,0.00018699999948523782,7.899999943106195e-05,26.410048999998992,0.04641042499999813,False,False,False
base_1_near_00_v0.5_h0.2,base_1_near_00,4.5,0.5,0.2,binary_full,1,False,False,True,0,,5.09999988906884e-05,0.0001489999998938174,7.799999934832158e-05,26.410048999998992,0.04641032699999713,False,False,False
base_1_near_00_v0.5_h0.2,base_1_near_00,4.5,0.5,0.2,binary_combined,2,False,False,True,0,,5.000000058430487e-05,0.0001330000003463283,7.20000006282362e-05,26.410048999998992,0.046410304000000555,False,False,False
base_1_near_00_v0.5_h0.3,base_1_near_00,4.5,0.5,0.3,binary_full,0,False,False,True,0,,7.999999951380232e-05,0.00016599999952404687,7.899999943106195e-05,26.410048999998992,0.046410373999997465,False,False,False
base_1_near_00_v0.5_h0.3,base_1_near_00,4.5,0.5,0.3,binary_combined,1,False,False,True,0,,5.699999938713063e-05,0.00010800000005417587,7.999999951380232e-05,26.410048999998992,0.04641029399999795,False,False,False
base_1_near_00_v0.5_h0.3,base_1_near_00,4.5,0.5,0.3,json_combined,2,False,False,True,0,,5.3999999138909516e-05,0.00016699999960678724,7.20000006282362e-05,26.410048999998992,0.04641034199999837,False,False,False
base_1_near_00_v0.5_h0.4,base_1_near_00,4.5,0.5,0.4,binary_combined,0,False,False,True,0,,9.500000075490789e-05,0.00014499999956285592,7.999999951380232e-05,26.410048999998992,0.04641036899999883,False,False,False
base_1_near_00_v0.5_h0.4,base_1_near_00,4.5,0.5,0.4,json_combined,1,False,False,True,0,,5.5000000998006726e-05,0.00013900000084277053,7.499999910010047e-05,26.410048999998992,0.04641031799999994,False,False,False
base_1_near_00_v0.5_h0.4,base_1_near_00,4.5,0.5,0.4,binary_full,2,False,False,True,0,,5.2999999056169145e-05,0.00011700000079883921,7.199999885187935e-05,26.410048999998992,0.0464102909999977,False,False,False
base_1_near_00_v1.0_h0.2,base_1_near_00,4.5,1.0,0.2,json_combined,0,False,False,True,0,,9.200000050668677e-05,0.00014499999956285592,7.600000095919768e-05,26.410048999998992,0.046410362000000024,False,False,False
base_1_near_00_v1.0_h0.2,base_1_near_00,4.5,1.0,0.2,binary_full,1,False,False,True,0,,5.09999988906884e-05,0.0001400000009255109,7.599999918284084e-05,26.410048999998992,0.046410315999997995,False,False,False
base_1_near_00_v1.0_h0.2,base_1_near_00,4.5,1.0,0.2,binary_combined,2,False,False,True,0,,5.1999998973428774e-05,0.0001459999996455963,7.799999934832158e-05,26.410048999998992,0.04641032499999696,False,False,False
base_1_near_00_v1.0_h0.3,base_1_near_00,4.5,1.0,0.3,binary_full,0,False,False,True,0,,9.8000001003129e-05,0.00015999999902760464,7.699999926558121e-05,26.410048999998992,0.04641038399999829,False,False,False
base_1_near_00_v1.0_h0.3,base_1_near_00,4.5,1.0,0.3,binary_combined,1,False,False,True,0,,5.1999998973428774e-05,0.00012000000104706032,7.899999943106195e-05,26.410048999998992,0.04641029999999845,False,False,False
base_1_near_00_v1.0_h0.3,base_1_near_00,4.5,1.0,0.3,json_combined,2,False,False,True,0,,5.2999999056169145e-05,0.00014100000100825127,9.300000058942715e-05,26.410048999998992,0.04641033599999965,False,False,False
base_1_near_00_v1.0_h0.4,base_1_near_00,4.5,1.0,0.4,binary_combined,0,False,False,True,0,,0.00010599999988869513,0.0001300000000981072,7.599999918284084e-05,26.410048999998992,0.046410360999998165,False,False,False
base_1_near_00_v1.0_h0.4,base_1_near_00,4.5,1.0,0.4,json_combined,1,False,False,True,0,,5.60000010807471e-05,0.00014500000133921276,7.800000112467842e-05,26.410048999998992,0.04641032800000254,False,False,False
base_1_near_00_v1.0_h0.4,base_1_near_00,4.5,1.0,0.4,binary_full,2,False,False,True,0,,5.1999998973428774e-05,0.00013500000051180905,7.400000079371694e-05,26.410048999998992,0.046410309999999275,False,False,False
base_1_near_01_v0.0_h0.2,base_1_near_01,4.550000000000001,0.0,0.2,json_combined,0,False,False,True,0,,0.00024200000048324455,0.000732000000169819,0.00027099999933000163,21.751715999997145,0.04175296099999713,False,False,False
base_1_near_01_v0.0_h0.2,base_1_near_01,4.550000000000001,0.0,0.2,binary_full,1,False,False,True,0,,0.0001489999998938174,0.00038999999851796474,0.00018699999948523782,21.751715999997145,0.041752441999995046,False,False,False
base_1_near_01_v0.0_h0.2,base_1_near_01,4.550000000000001,0.0,0.2,binary_combined,2,False,False,True,0,,0.00010000000116860974,0.00020999999961190952,0.00012799999993262645,21.751715999997145,0.04175215399999786,False,False,False
base_1_near_01_v0.0_h0.3,base_1_near_01,4.550000000000001,0.0,0.3,binary_full,0,False,False,True,0,,0.00014299999939737518,0.00029500000131577053,0.00016899999977226798,21.751715999997145,0.041752322999997635,False,False,False
base_1_near_01_v0.0_h0.3,base_1_near_01,4.550000000000001,0.0,0.3,binary_combined,1,False,False,True,0,,0.00012200000121254106,0.00023099999957310047,0.00015899999894486427,21.751715999997145,0.04175222799999688,False,False,False
base_1_near_01_v0.0_h0.3,base_1_near_01,4.550000000000001,0.0,0.3,json_combined,2,False,False,True,0,,9.399999889581068e-05,0.00023499999990406195,0.000115999998939742,21.751715999997145,0.04175216099999489,False,False,False
base_1_near_01_v0.0_h0.4,base_1_near_01,4.550000000000001,0.0,0.4,binary_combined,0,False,False,True,0,,0.00010299999964047402,0.00022600000093575545,0.0001700000016313652,21.751715999997145,0.04175221499999936,False,False,False
base_1_near_01_v0.0_h0.4,base_1_near_01,4.550000000000001,0.0,0.4,json_combined,1,False,False,True,0,,9.099999864758956e-05,0.0002939999994566733,0.00013600000059454942,21.751715999997145,0.04175223699999585,False,False,False
base_1_near_01_v0.0_h0.4,base_1_near_01,4.550000000000001,0.0,0.4,binary_full,2,False,False,True,0,,8.900000025846566e-05,0.00023900000023502344,0.0001389999990664137,21.751715999997145,0.04175218299999671,False,False,False
base_1_near_01_v0.5_h0.2,base_1_near_01,4.550000000000001,0.5,0.2,json_combined,0,False,False,True,0,,9.899999930951253e-05,0.00022499999907665824,0.0001489999998938174,21.751715999997145,0.04175218899999543,False,False,False
base_1_near_01_v0.5_h0.2,base_1_near_01,4.550000000000001,0.5,0.2,binary_full,1,False,False,True,0,,9.10000004239464e-05,0.000259000000113474,0.00014200000109099165,21.751715999997145,0.04175220799999878,False,False,False
base_1_near_01_v0.5_h0.2,base_1_near_01,4.550000000000001,0.5,0.2,binary_combined,2,False,False,True,0,,9.000000034120603e-05,0.00023900000023502344,0.00015200000014203852,21.751715999997145,0.04175219699999787,False,False,False
base_1_near_01_v0.5_h0.3,base_1_near_01,4.550000000000001,0.5,0.3,binary_full,0,False,False,True,0,,0.00011399999877426126,0.00019700000031264153,0.0001259999997671457,21.751715999997145,0.041752152999996,False,False,False
base_1_near_01_v0.5_h0.3,base_1_near_01,4.550000000000001,0.5,0.3,binary_combined,1,False,False,True,0,,9.399999889581068e-05,0.00021199999977739026,0.0001400000009255109,21.751715999997145,0.04175216199999675,False,False,False
base_1_near_01_v0.5_h0.3,base_1_near_01,4.550000000000001,0.5,0.3,json_combined,2,False,False,True,0,,9.500000075490789e-05,0.0002609999985025979,0.0001389999990664137,21.751715999997145,0.04175221099999547,False,False,False
base_1_near_01_v0.5_h0.4,base_1_near_01,4.550000000000001,0.5,0.4,binary_combined,0,False,False,True,0,,9.200000050668677e-05,0.00020100000064360302,0.00013699999890093295,21.751715999997145,0.0417521459999972,False,False,False
base_1_near_01_v0.5_h0.4,base_1_near_01,4.550000000000001,0.5,0.4,json_combined,1,False,False,True,0,,9.000000034120603e-05,0.00026699999899904014,0.00012000000104706032,21.751715999997145,0.04175219299999754,False,False,False
base_1_near_01_v0.5_h0.4,base_1_near_01,4.550000000000001,0.5,0.4,binary_full,2,False,False,True,0,,0.00010000000116860974,0.00021299999986013063,0.00013699999890093295,21.751715999997145,0.04175216599999708,False,False,False
base_1_near_01_v1.0_h0.2,base_1_near_01,4.550000000000001,1.0,0.2,json_combined,0,False,False,True,0,,7.499999910010047e-05,0.0002299999994903601,0.00012699999984988608,21.751715999997145,0.04175214799999559,False,False,False
base_1_near_01_v1.0_h0.2,base_1_near_01,4.550000000000001,1.0,0.2,binary_full,1,False,False,True,0,,8.09999995965427e-05,0.00022000000043931323,0.00014399999948011555,21.751715999997145,0.041752160999996665,False,False,False
base_1_near_01_v1.0_h0.2,base_1_near_01,4.550000000000001,1.0,0.2,binary_combined,2,False,False,True,0,,9.10000004239464e-05,0.00025499999978251253,0.00012699999984988608,21.751715999997145,0.041752188999997206,False,False,False
base_1_near_01_v1.0_h0.3,base_1_near_01,4.550000000000001,1.0,0.3,binary_full,0,False,False,True,0,,0.00016599999952404687,0.00041000000017277216,0.00021000000138826636,21.751715999997145,0.041752501999998234,False,False,False
base_1_near_01_v1.0_h0.3,base_1_near_01,4.550000000000001,1.0,0.3,binary_combined,1,False,False,True,0,,0.00012799999993262645,0.00031299999925238353,0.0001590000007212211,21.751715999997145,0.041752315999997056,False,False,False
base_1_near_01_v1.0_h0.3,base_1_near_01,4.550000000000001,1.0,0.3,json_combined,2,False,False,True,0,,0.00012699999984988608,0.0002979999997876348,0.00014799999981107703,21.751715999997145,0.0417522889999966,False,False,False
base_1_near_01_v1.0_h0.4,base_1_near_01,4.550000000000001,1.0,0.4,binary_combined,0,False,False,True,0,,0.00011000000021965661,0.0003270000004107487,0.00015500000039025963,21.751715999997145,0.04175230799999817,False,False,False
base_1_near_01_v1.0_h0.4,base_1_near_01,4.550000000000001,1.0,0.4,json_combined,1,False,False,True,0,,8.299999976202344e-05,0.00024200000048324455,0.00013400000042906868,21.751715999997145,0.041752174999997824,False,False,False
base_1_near_01_v1.0_h0.4,base_1_near_01,4.550000000000001,1.0,0.4,binary_full,2,False,False,True,0,,0.0001069999999714355,0.0002299999994903601,0.00013100000018084756,21.751715999997145,0.04175218399999679,False,False,False
base_1_near_02_v0.0_h0.2,base_1_near_02,4.6,0.0,0.2,json_combined,0,False,False,True,0,,0.00020099999886724618,0.0005850000004414824,0.00017700000043419095,17.27241800000101,0.03727338100000076,False,False,False
base_1_near_02_v0.0_h0.2,base_1_near_02,4.6,0.0,0.2,binary_full,1,False,False,True,0,,8.299999976202344e-05,0.000271999999412742,0.00010199999955773364,17.27241800000101,0.03727287499999975,False,False,False
base_1_near_02_v0.0_h0.2,base_1_near_02,4.6,0.0,0.2,binary_combined,2,False,False,True,0,,9.000000034120603e-05,0.00016000000080396148,8.299999976202344e-05,17.27241800000101,0.03727275100000192,False,False,False
base_1_near_02_v0.0_h0.3,base_1_near_02,4.6,0.0,0.3,binary_full,0,False,False,True,0,,7.799999934832158e-05,0.00016299999927582576,0.00011200000038513735,17.27241800000101,0.037272771000000024,False,False,False
base_1_near_02_v0.0_h0.3,base_1_near_02,4.6,0.0,0.3,binary_combined,1,False,False,True,0,,5.700000116348747e-05,0.0001389999990664137,8.39999998447638e-05,17.27241800000101,0.03727269800000109,False,False,False
base_1_near_02_v0.0_h0.3,base_1_near_02,4.6,0.0,0.3,json_combined,2,False,False,True,0,,5.000000058430487e-05,0.00014799999981107703,7.39999990173601e-05,17.27241800000101,0.03727269000000043,False,False,False
base_1_near_02_v0.0_h0.4,base_1_near_02,4.6,0.0,0.4,binary_combined,0,False,False,True,0,,0.00013400000042906868,0.00014999999997655777,0.00010199999955773364,17.27241800000101,0.03727280400000098,False,False,False
base_1_near_02_v0.0_h0.4,base_1_near_02,4.6,0.0,0.4,json_combined,1,False,False,True,0,,5.999999963535174e-05,0.00014499999956285592,8.09999995965427e-05,17.27241800000101,0.03727270399999981,False,False,False
base_1_near_02_v0.0_h0.4,base_1_near_02,4.6,0.0,0.4,binary_full,2,False,False,True,0,,5.09999988906884e-05,0.00013400000042906868,7.900000120741879e-05,17.27241800000101,0.03727268200000154,False,False,False
base_1_near_02_v0.5_h0.2,base_1_near_02,4.6,0.5,0.2,json_combined,0,False,False,True,0,,7.300000071097656e-05,0.00017400000018596984,9.99999993922529e-05,17.27241800000101,0.037272765000001304,False,False,False
base_1_near_02_v0.5_h0.2,base_1_near_02,4.6,0.5,0.2,binary_full,1,False,False,True,0,,5.3000000832525984e-05,0.00012900000001536682,7.699999926558121e-05,17.27241800000101,0.03727267700000113,False,False,False
base_1_near_02_v0.5_h0.2,base_1_near_02,4.6,0.5,0.2,binary_combined,2,False,False,True,0,,5.000000058430487e-05,0.00011999999927070348,8.20000014556399e-05,17.27241800000101,0.037272670000002325,False,False,False
base_1_near_02_v0.5_h0.3,base_1_near_02,4.6,0.5,0.3,binary_full,0,False,False,True,0,,6.099999971809211e-05,0.00016999999985500835,7.999999951380232e-05,17.27241800000101,0.0372727290000001,False,False,False
base_1_near_02_v0.5_h0.3,base_1_near_02,4.6,0.5,0.3,binary_combined,1,False,False,True,0,,5.7999999469871e-05,0.00010800000005417587,7.599999918284084e-05,17.27241800000101,0.03727265999999972,False,False,False
base_1_near_02_v0.5_h0.3,base_1_near_02,4.6,0.5,0.3,json_combined,2,False,False,True,0,,5.3999999138909516e-05,0.00013699999890093295,7.700000104193805e-05,17.27241800000101,0.037272686000000096,False,False,False
base_1_near_02_v0.5_h0.4,base_1_near_02,4.6,0.5,0.4,binary_combined,0,False,False,True,0,,0.00010800000005417587,0.00014800000158743387,7.800000112467842e-05,17.27241800000101,0.03727275200000378,False,False,False
base_1_near_02_v0.5_h0.4,base_1_near_02,4.6,0.5,0.4,json_combined,1,False,False,True,0,,8.900000025846566e-05,0.00014300000117373202,0.00011699999902248237,17.27241800000101,0.03727276700000147,False,False,False
base_1_near_02_v0.5_h0.4,base_1_near_02,4.6,0.5,0.4,binary_full,2,False,False,True,0,,5.499999922164989e-05,0.0001330000003463283,7.699999926558121e-05,17.27241800000101,0.03727268299999985,False,False,False
base_1_near_02_v1.0_h0.2,base_1_near_02,4.6,1.0,0.2,json_combined,0,False,False,True,0,,7.799999934832158e-05,0.00019400000006442042,7.800000112467842e-05,17.27241800000101,0.03727276800000155,False,False,False
base_1_near_02_v1.0_h0.2,base_1_near_02,4.6,1.0,0.2,binary_full,1,False,False,True,0,,4.999999880794803e-05,0.00015400000030751926,7.299999893461973e-05,17.27241800000101,0.037272694999999065,False,False,False
base_1_near_02_v1.0_h0.2,base_1_near_02,4.6,1.0,0.2,binary_combined,2,False,False,True,0,,5.100000066704524e-05,0.00014399999948011555,7.699999926558121e-05,17.27241800000101,0.03727269000000043,False,False,False
base_1_near_02_v1.0_h0.3,base_1_near_02,4.6,1.0,0.3,binary_full,0,False,False,True,0,,7.900000120741879e-05,0.00013100000018084756,7.599999918284084e-05,17.27241800000101,0.037272704000001586,False,False,False
base_1_near_02_v1.0_h0.3,base_1_near_02,4.6,1.0,0.3,binary_combined,1,False,False,True,0,,5.3000000832525984e-05,0.0001330000003463283,7.100000054549582e-05,17.27241800000101,0.03727267500000274,False,False,False
base_1_near_02_v1.0_h0.3,base_1_near_02,4.6,1.0,0.3,json_combined,2,False,False,True,0,,5.200000074978561e-05,0.00016100000088670186,7.699999926558121e-05,17.27241800000101,0.03727270800000192,False,False,False
base_1_near_02_v1.0_h0.4,base_1_near_02,4.6,1.0,0.4,binary_combined,0,False,False,True,0,,7.799999934832158e-05,0.00013999999914915406,9.10000004239464e-05,17.27241800000101,0.037272726999999936,False,False,False
base_1_near_02_v1.0_h0.4,base_1_near_02,4.6,1.0,0.4,json_combined,1,False,False,True,0,,5.200000074978561e-05,0.0001389999990664137,8.20000014556399e-05,17.27241800000101,0.037272691000002287,False,False,False
base_1_near_02_v1.0_h0.4,base_1_near_02,4.6,1.0,0.4,binary_full,2,False,False,True,0,,5.1999998973428774e-05,9.99999993922529e-05,7.799999934832158e-05,17.27241800000101,0.03727264799999873,False,False,False
base_1_near_03_v0.0_h0.2,base_1_near_03,4.65,0.0,0.2,json_combined,0,False,False,True,0,,0.00020400000089182413,0.0005620000003148107,0.00021299999986013063,17.94834899999742,0.03794932799999849,False,False,False
base_1_near_03_v0.0_h0.2,base_1_near_03,4.65,0.0,0.2,binary_full,1,False,False,True,0,,9.400000067216752e-05,0.0002630000004444355,9.400000067216752e-05,17.94834899999742,0.037948799999999214,False,False,False
base_1_near_03_v0.0_h0.2,base_1_near_03,4.65,0.0,0.2,binary_combined,2,False,False,True,0,,5.60000010807471e-05,0.0001649999994413065,8.09999995965427e-05,17.94834899999742,0.037948650999997544,False,False,False
base_1_near_03_v0.0_h0.3,base_1_near_03,4.65,0.0,0.3,binary_full,0,False,False,True,0,,0.000156000000473,0.000156000000473,0.00011699999902248237,17.94834899999742,0.03794877799999739,False,False,False
base_1_near_03_v0.0_h0.3,base_1_near_03,4.65,0.0,0.3,binary_combined,1,False,False,True,0,,5.599999930439026e-05,0.0001489999998938174,9.899999930951253e-05,17.94834899999742,0.03794865299999593,False,False,False
base_1_near_03_v0.0_h0.3,base_1_near_03,4.65,0.0,0.3,json_combined,2,False,False,True,0,,5.5000000998006726e-05,0.00014100000100825127,9.899999930951253e-05,17.94834899999742,0.03794864399999874,False,False,False
base_1_near_03_v0.0_h0.4,base_1_near_03,4.65,0.0,0.4,binary_combined,0,False,False,True,0,,0.0001530000002247789,0.0003270000004107487,0.00015700000055574037,17.94834899999742,0.037948985999998616,False,False,False
base_1_near_03_v0.0_h0.4,base_1_near_03,4.65,0.0,0.4,json_combined,1,False,False,True,0,,8.800000017572529e-05,0.00024799999920332993,0.0001140000005506181,17.94834899999742,0.037948798999997355,False,False,False
base_1_near_03_v0.0_h0.4,base_1_near_03,4.65,0.0,0.4,binary_full,2,False,False,True,0,,7.199999885187935e-05,0.00015200000014203852,9.000000034120603e-05,17.94834899999742,0.03794866299999676,False,False,False
base_1_near_03_v0.5_h0.2,base_1_near_03,4.65,0.5,0.2,json_combined,0,False,False,True,0,,7.900000120741879e-05,0.00017999999890605523,0.00011999999927070348,17.94834899999742,0.03794872799999681,False,False,False
base_1_near_03_v0.5_h0.2,base_1_near_03,4.65,0.5,0.2,binary_full,1,False,False,True,0,,7.300000071097656e-05,0.00013100000018084756,9.10000004239464e-05,17.94834899999742,0.03794864399999874,False,False,False
base_1_near_03_v0.5_h0.2,base_1_near_03,4.65,0.5,0.2,binary_combined,2,False,False,True,0,,5.899999955261137e-05,0.0001330000003463283,8.000000129015916e-05,17.94834899999742,0.037948620999998614,False,False,False
base_1_near_03_v0.5_h0.3,base_1_near_03,4.65,0.5,0.3,binary_full,0,False,False,True,0,,5.7999999469871e-05,0.00015500000039025963,9.399999889581068e-05,17.94834899999742,0.03794865599999618,False,False,False
base_1_near_03_v0.5_h0.3,base_1_near_03,4.65,0.5,0.3,binary_combined,1,False,False,True,0,,5.2999999056169145e-05,0.00014100000100825127,9.99999993922529e-05,17.94834899999742,0.03794864299999688,False,False,False
base_1_near_03_v0.5_h0.3,base_1_near_03,4.65,0.5,0.3,json_combined,2,False,False,True,0,,5.2999999056169145e-05,0.00014300000117373202,7.50000008764573e-05,17.94834899999742,0.03794861999999853,False,False,False
base_1_near_03_v0.5_h0.4,base_1_near_03,4.65,0.5,0.4,binary_combined,0,False,False,True,0,,9.099999864758956e-05,0.00014200000109099165,0.00010299999964047402,17.94834899999742,0.037948684999996804,False,False,False
base_1_near_03_v0.5_h0.4,base_1_near_03,4.65,0.5,0.4,json_combined,1,False,False,True,0,,5.5000000998006726e-05,0.00016100000088670186,7.50000008764573e-05,17.94834899999742,0.037948640000000186,False,False,False
base_1_near_03_v0.5_h0.4,base_1_near_03,4.65,0.5,0.4,binary_full,2,False,False,True,0,,5.4000000915266355e-05,0.0001459999996455963,7.600000095919768e-05,17.94834899999742,0.037948624999998945,False,False,False
base_1_near_03_v1.0_h0.2,base_1_near_03,4.65,1.0,0.2,json_combined,0,False,False,True,0,,0.0001489999998938174,0.000156000000473,7.999999951380232e-05,17.94834899999742,0.037948733999997306,False,False,False
base_1_near_03_v1.0_h0.2,base_1_near_03,4.65,1.0,0.2,binary_full,1,False,False,True,0,,5.599999930439026e-05,0.0001489999998938174,7.599999918284084e-05,17.94834899999742,0.037948629999995806,False,False,False
base_1_near_03_v1.0_h0.2,base_1_near_03,4.65,1.0,0.2,binary_combined,2,False,False,True,0,,5.200000074978561e-05,0.0001370000006772898,7.599999918284084e-05,17.94834899999742,0.037948613999998035,False,False,False
base_1_near_03_v1.0_h0.3,base_1_near_03,4.65,1.0,0.3,binary_full,0,False,False,True,0,,0.00010400000149957123,0.00017600000035145058,9.700000092038863e-05,17.94834899999742,0.037948726000000196,False,False,False
base_1_near_03_v1.0_h0.3,base_1_near_03,4.65,1.0,0.3,binary_combined,1,False,False,True,0,,5.699999938713063e-05,0.00013500000051180905,7.39999990173601e-05,17.94834899999742,0.03794861499999634,False,False,False
base_1_near_03_v1.0_h0.3,base_1_near_03,4.65,1.0,0.3,json_combined,2,False,False,True,0,,5.3000000832525984e-05,0.0001489999998938174,7.799999934832158e-05,17.94834899999742,0.0379486289999975,False,False,False
base_1_near_03_v1.0_h0.4,base_1_near_03,4.65,1.0,0.4,binary_combined,0,False,False,True,0,,9.500000075490789e-05,0.00011899999918796311,8.299999976202344e-05,17.94834899999742,0.03794864599999713,False,False,False
base_1_near_03_v1.0_h0.4,base_1_near_03,4.65,1.0,0.4,json_combined,1,False,False,True,0,,5.5000000998006726e-05,0.00015400000030751926,7.599999918284084e-05,17.94834899999742,0.03794863399999791,False,False,False
base_1_near_03_v1.0_h0.4,base_1_near_03,4.65,1.0,0.4,binary_full,2,False,False,True,0,,5.1999998973428774e-05,0.00012699999984988608,7.699999926558121e-05,17.94834899999742,0.037948604999995514,False,False,False
base_1_near_04_v0.0_h0.2,base_1_near_04,4.7,0.0,0.2,json_combined,0,False,False,True,0,,0.00028700000065384756,0.0006949999988847821,0.00028100000015740534,38.663995000000284,0.058665257999999984,False,False,False
base_1_near_04_v0.0_h0.2,base_1_near_04,4.7,0.0,0.2,binary_full,1,False,False,True,0,,0.0001720000000204891,0.00038099999954965824,0.00016100000088670186,38.663995000000284,0.058664709000000745,False,False,False
base_1_near_04_v0.0_h0.2,base_1_near_04,4.7,0.0,0.2,binary_combined,2,False,False,True,0,,0.00011800000088157958,0.00020999999961190952,0.00015400000030751926,38.663995000000284,0.05866447700000109,False,False,False
base_1_near_04_v0.0_h0.3,base_1_near_04,4.7,0.0,0.3,binary_full,0,False,False,True,0,,0.00010199999955773364,0.00022399999899391787,0.0001820000008478928,38.663995000000284,0.05866450299999969,False,False,False
base_1_near_04_v0.0_h0.3,base_1_near_04,4.7,0.0,0.3,binary_combined,1,False,False,True,0,,9.199999873032993e-05,0.0002240000007702747,0.00014699999972833666,38.663995000000284,0.05866445799999952,False,False,False
base_1_near_04_v0.0_h0.3,base_1_near_04,4.7,0.0,0.3,json_combined,2,False,False,True,0,,0.00011899999918796311,0.00021999999866295639,0.0001459999996455963,38.663995000000284,0.058664479999997785,False,False,False
base_1_near_04_v0.0_h0.4,base_1_near_04,4.7,0.0,0.4,binary_combined,0,False,False,True,0,,0.00011300000046787773,0.00018500000109611392,0.0001489999998938174,38.663995000000284,0.058664442000001746,False,False,False
base_1_near_04_v0.0_h0.4,base_1_near_04,4.7,0.0,0.4,json_combined,1,False,False,True,0,,0.00010099999947499327,0.00024600000081420603,0.00011999999927070348,38.663995000000284,0.05866446199999985,False,False,False
base_1_near_04_v0.0_h0.4,base_1_near_04,4.7,0.0,0.4,binary_full,2,False,False,True,0,,9.900000108586937e-05,0.00019700000031264153,0.0001389999990664137,38.663995000000284,0.05866443000000075,False,False,False
base_1_near_04_v0.5_h0.2,base_1_near_04,4.7,0.5,0.2,json_combined,0,False,False,True,0,,9.29999988130703e-05,0.00020300000080908376,0.0001259999997671457,38.663995000000284,0.05866441699999968,False,False,False
base_1_near_04_v0.5_h0.2,base_1_near_04,4.7,0.5,0.2,binary_full,1,False,False,True,0,,0.00010299999964047402,0.00018199999907153597,0.00012499999968440534,38.663995000000284,0.058664404999998684,False,False,False
base_1_near_04_v0.5_h0.2,base_1_near_04,4.7,0.5,0.2,binary_combined,2,False,False,True,0,,8.499999992750418e-05,0.00020900000130552598,0.00012499999968440534,38.663995000000284,0.058664414000001205,False,False,False
base_1_near_04_v0.5_h0.3,base_1_near_04,4.7,0.5,0.3,binary_full,0,False,False,True,0,,8.499999992750418e-05,0.00019299999998168005,0.0001330000003463283,38.663995000000284,0.058664406000000544,False,False,False
base_1_near_04_v0.5_h0.3,base_1_near_04,4.7,0.5,0.3,binary_combined,1,False,False,True,0,,8.899999848210882e-05,0.0002299999994903601,0.00012099999935344385,38.663995000000284,0.058664434999997614,False,False,False
base_1_near_04_v0.5_h0.3,base_1_near_04,4.7,0.5,0.3,json_combined,2,False,False,True,0,,8.39999998447638e-05,0.00022799999932487935,0.0001330000003463283,38.663995000000284,0.058664439999999804,False,False,False
base_1_near_04_v0.5_h0.4,base_1_near_04,4.7,0.5,0.4,binary_combined,0,False,False,True,0,,7.799999934832158e-05,0.0001980000003953819,0.0001470000015046935,38.663995000000284,0.058664418000001536,False,False,False
base_1_near_04_v0.5_h0.4,base_1_near_04,4.7,0.5,0.4,json_combined,1,False,False,True,0,,9.700000092038863e-05,0.0001860000011788543,0.00013699999890093295,38.663995000000284,0.05866441500000129,False,False,False
base_1_near_04_v0.5_h0.4,base_1_near_04,4.7,0.5,0.4,binary_full,2,False,False,True,0,,7.499999910010047e-05,0.00018199999907153597,0.00012699999984988608,38.663995000000284,0.05866437899999831,False,False,False
base_1_near_04_v1.0_h0.2,base_1_near_04,4.7,1.0,0.2,json_combined,0,False,False,True,0,,0.00010199999955773364,0.0001950000001471608,0.00012700000162624292,38.663995000000284,0.05866441900000162,False,False,False
base_1_near_04_v1.0_h0.2,base_1_near_04,4.7,1.0,0.2,binary_full,1,False,False,True,0,,9.400000067216752e-05,0.00027699999982644385,0.0001229999995189246,38.663995000000284,0.058664489000000306,False,False,False
base_1_near_04_v1.0_h0.2,base_1_near_04,4.7,1.0,0.2,binary_combined,2,False,False,True,0,,7.400000079371694e-05,0.00020000000056086265,0.0001259999997671457,38.663995000000284,0.05866439500000141,False,False,False
base_1_near_04_v1.0_h0.3,base_1_near_04,4.7,1.0,0.3,binary_full,0,False,False,True,0,,8.600000001024455e-05,0.0001720000000204891,0.0001489999998938174,38.663995000000284,0.05866440200000021,False,False,False
base_1_near_04_v1.0_h0.3,base_1_near_04,4.7,1.0,0.3,binary_combined,1,False,False,True,0,,9.099999864758956e-05,0.00020199999894998655,0.0001470000015046935,38.663995000000284,0.05866443499999939,False,False,False
base_1_near_04_v1.0_h0.3,base_1_near_04,4.7,1.0,0.3,json_combined,2,False,False,True,0,,8.09999995965427e-05,0.0002039999991154673,0.00010900000013691624,38.663995000000284,0.05866438899999914,False,False,False
base_1_near_04_v1.0_h0.4,base_1_near_04,4.7,1.0,0.4,binary_combined,0,False,False,True,0,,9.000000034120603e-05,0.00024799999920332993,0.00013900000084277053,38.663995000000284,0.058664472000000675,False,False,False
base_1_near_04_v1.0_h0.4,base_1_near_04,4.7,1.0,0.4,json_combined,1,False,False,True,0,,8.800000017572529e-05,0.0002689999991645209,0.00014299999939737518,38.663995000000284,0.058664494999999026,False,False,False
base_1_near_04_v1.0_h0.4,base_1_near_04,4.7,1.0,0.4,binary_full,2,False,False,True,0,,0.00011700000079883921,0.00025099999945155105,0.0001419999993146348,38.663995000000284,0.05866450499999985,False,False,False
base_1_near_05_v0.0_h0.2,base_1_near_05,4.75,0.0,0.2,json_combined,0,False,False,True,0,,0.00018699999948523782,0.0008000000004670937,0.00016999999985500835,17.66344600000025,0.03766460300000006,False,False,False
base_1_near_05_v0.0_h0.2,base_1_near_05,4.75,0.0,0.2,binary_full,1,False,False,True,0,,9.000000034120603e-05,0.0002749999996609631,0.00012499999968440534,17.66344600000025,0.03766393599999994,False,False,False
base_1_near_05_v0.0_h0.2,base_1_near_05,4.75,0.0,0.2,binary_combined,2,False,False,True,0,,5.599999930439026e-05,0.0001879999995679782,9.000000034120603e-05,17.66344600000025,0.03766377999999947,False,False,False
base_1_near_05_v0.0_h0.3,base_1_near_05,4.75,0.0,0.3,binary_full,0,False,False,True,0,,0.00010299999964047402,0.00021800000027383248,0.00014399999948011555,17.66344600000025,0.03766391099999965,False,False,False
base_1_near_05_v0.0_h0.3,base_1_near_05,4.75,0.0,0.3,binary_combined,1,False,False,True,0,,5.499999922164989e-05,0.00013900000084277053,8.700000009298492e-05,17.66344600000025,0.03766372700000041,False,False,False
base_1_near_05_v0.0_h0.3,base_1_near_05,4.75,0.0,0.3,json_combined,2,False,False,True,0,,5.3999999138909516e-05,0.00016299999927582576,9.700000092038863e-05,17.66344600000025,0.03766375999999959,False,False,False
base_1_near_05_v0.0_h0.4,base_1_near_05,4.75,0.0,0.4,binary_combined,0,False,False,True,0,,0.00011199999860878052,0.00014999999997655777,9.899999930951253e-05,17.66344600000025,0.03766380699999815,False,False,False
base_1_near_05_v0.0_h0.4,base_1_near_05,4.75,0.0,0.4,json_combined,1,False,False,True,0,,8.199999967928306e-05,0.00014800000158743387,9.600000083764826e-05,17.66344600000025,0.03766377200000236,False,False,False
base_1_near_05_v0.0_h0.4,base_1_near_05,4.75,0.0,0.4,binary_full,2,False,False,True,0,,5.200000074978561e-05,0.00013200000026358794,9.10000004239464e-05,17.66344600000025,0.03766372100000169,False,False,False
base_1_near_05_v0.5_h0.2,base_1_near_05,4.75,0.5,0.2,json_combined,0,False,False,True,0,,0.0001370000006772898,0.00019199999989893968,9.000000034120603e-05,17.66344600000025,0.03766386500000117,False,False,False
base_1_near_05_v0.5_h0.2,base_1_near_05,4.75,0.5,0.2,binary_full,1,False,False,True,0,,5.3999999138909516e-05,0.00014600000142195313,7.39999990173601e-05,17.66344600000025,0.03766371999999983,False,False,False
base_1_near_05_v0.5_h0.2,base_1_near_05,4.75,0.5,0.2,binary_combined,2,False,False,True,0,,6.399999996631323e-05,0.00012500000146076218,8.09999995965427e-05,17.66344600000025,0.03766371600000128,False,False,False
base_1_near_05_v0.5_h0.3,base_1_near_05,4.75,0.5,0.3,binary_full,0,False,False,True,0,,8.20000014556399e-05,0.00017600000035145058,7.700000104193805e-05,17.66344600000025,0.0376637810000031,False,False,False
base_1_near_05_v0.5_h0.3,base_1_near_05,4.75,0.5,0.3,binary_combined,1,False,False,True,0,,5.7999999469871e-05,0.00011199999860878052,8.900000025846566e-05,17.66344600000025,0.03766370499999859,False,False,False
base_1_near_05_v0.5_h0.3,base_1_near_05,4.75,0.5,0.3,json_combined,2,False,False,True,0,,5.599999930439026e-05,0.00015100000005929815,7.800000112467842e-05,17.66344600000025,0.03766373100000074,False,False,False
base_1_near_05_v0.5_h0.4,base_1_near_05,4.75,0.5,0.4,binary_combined,0,False,False,True,0,,8.39999998447638e-05,0.00014100000100825127,7.999999951380232e-05,17.66344600000025,0.03766375100000062,False,False,False
base_1_near_05_v0.5_h0.4,base_1_near_05,4.75,0.5,0.4,json_combined,1,False,False,True,0,,5.100000066704524e-05,0.00015899999894486427,7.799999934832158e-05,17.66344600000025,0.03766373399999921,False,False,False
base_1_near_05_v0.5_h0.4,base_1_near_05,4.75,0.5,0.4,binary_full,2,False,False,True,0,,5.3000000832525984e-05,0.00011800000088157958,7.600000095919768e-05,17.66344600000025,0.037663693000002926,False,False,False
base_1_near_05_v1.0_h0.2,base_1_near_05,4.75,1.0,0.2,json_combined,0,False,False,True,0,,0.00012900000001536682,0.00015899999894486427,9.000000034120603e-05,17.66344600000025,0.037663823999999554,False,False,False
base_1_near_05_v1.0_h0.2,base_1_near_05,4.75,1.0,0.2,binary_full,1,False,False,True,0,,5.599999930439026e-05,0.000115999998939742,7.50000008764573e-05,17.66344600000025,0.037663692999999374,False,False,False
base_1_near_05_v1.0_h0.2,base_1_near_05,4.75,1.0,0.2,binary_combined,2,False,False,True,0,,5.3999999138909516e-05,0.00010499999980595476,8.799999839936845e-05,17.66344600000025,0.0376636929999976,False,False,False
base_1_near_05_v1.0_h0.3,base_1_near_05,4.75,1.0,0.3,binary_full,0,False,False,True,0,,9.300000058942715e-05,0.00016699999960678724,7.799999934832158e-05,17.66344600000025,0.0376637839999998,False,False,False
base_1_near_05_v1.0_h0.3,base_1_near_05,4.75,1.0,0.3,binary_combined,1,False,False,True,0,,5.60000010807471e-05,0.00012699999984988608,7.50000008764573e-05,17.66344600000025,0.03766370400000206,False,False,False
base_1_near_05_v1.0_h0.3,base_1_near_05,4.75,1.0,0.3,json_combined,2,False,False,True,0,,5.2999999056169145e-05,0.0001370000006772898,7.39999990173601e-05,17.66344600000025,0.037663709999999004,False,False,False
base_1_near_05_v1.0_h0.4,base_1_near_05,4.75,1.0,0.4,binary_combined,0,False,False,True,0,,8.600000001024455e-05,0.00016100000088670186,8.199999967928306e-05,17.66344600000025,0.03766377500000083,False,False,False
base_1_near_05_v1.0_h0.4,base_1_near_05,4.75,1.0,0.4,json_combined,1,False,False,True,0,,5.800000124622784e-05,0.00014699999972833666,8.09999995965427e-05,17.66344600000025,0.037663732000000824,False,False,False
base_1_near_05_v1.0_h0.4,base_1_near_05,4.75,1.0,0.4,binary_full,2,False,False,True,0,,5.4000000915266355e-05,0.00012399999960166497,7.599999918284084e-05,17.66344600000025,0.03766369999999995,False,False,False
base_1_near_06_v0.0_h0.2,base_1_near_06,4.800000000000001,0.0,0.2,json_combined,0,False,False,True,0,,0.0004090000000900318,0.0009079999987449128,0.00024500000073146566,22.84851599999982,0.04285007799999939,False,False,False
base_1_near_06_v0.0_h0.2,base_1_near_06,4.800000000000001,0.0,0.2,binary_full,1,False,False,True,0,,0.00011999999927070348,0.000575999999696819,0.0001389999990664137,22.84851599999982,0.04284935099999786,False,False,False
base_1_near_06_v0.0_h0.2,base_1_near_06,4.800000000000001,0.0,0.2,binary_combined,2,False,False,True,0,,0.00010800000005417587,0.0005289999993607353,0.00015100000005929815,22.84851599999982,0.0428493039999993,False,False,False
base_1_near_06_v0.0_h0.3,base_1_near_06,4.800000000000001,0.0,0.3,binary_full,0,False,False,True,0,,0.00015700000055574037,0.0004090000000900318,0.00017300000010322947,22.84851599999982,0.04284925500000057,False,False,False
base_1_near_06_v0.0_h0.3,base_1_near_06,4.800000000000001,0.0,0.3,binary_combined,1,False,False,True,0,,8.39999998447638e-05,0.00032199999999704687,0.00015700000055574037,22.84851599999982,0.04284907900000022,False,False,False
base_1_near_06_v0.0_h0.3,base_1_near_06,4.800000000000001,0.0,0.3,json_combined,2,False,False,True,0,,7.50000008764573e-05,0.00032300000007978724,0.00012099999935344385,22.84851599999982,0.04284903500000013,False,False,False
base_1_near_06_v0.0_h0.4,base_1_near_06,4.800000000000001,0.0,0.4,binary_combined,0,False,False,True,0,,0.0001210000011298007,0.00037399999897047564,0.0001700000016313652,22.84851599999982,0.042849181000001554,False,False,False
base_1_near_06_v0.0_h0.4,base_1_near_06,4.800000000000001,0.0,0.4,json_combined,1,False,False,True,0,,8.199999967928306e-05,0.0003369999994617956,0.00012900000001536682,22.84851599999982,0.04284906399999898,False,False,False
base_1_near_06_v0.0_h0.4,base_1_near_06,4.800000000000001,0.0,0.4,binary_full,2,False,False,True,0,,8.39999998447638e-05,0.0003660000000849095,0.000156000000473,22.84851599999982,0.042849122000000225,False,False,False
base_1_near_06_v0.5_h0.2,base_1_near_06,4.800000000000001,0.5,0.2,json_combined,0,False,False,True,0,,0.00012499999968440534,0.0004019999995108492,0.0001489999998938174,22.84851599999982,0.04284919199999891,False,False,False
base_1_near_06_v0.5_h0.2,base_1_near_06,4.800000000000001,0.5,0.2,binary_full,1,False,False,True,0,,8.09999995965427e-05,0.00031300000102874037,0.0001389999990664137,22.84851599999982,0.042849048999999514,False,False,False
base_1_near_06_v0.5_h0.2,base_1_near_06,4.800000000000001,0.5,0.2,binary_combined,2,False,False,True,0,,0.00012099999935344385,0.0005650000005630318,0.00017300000010322947,22.84851599999982,0.04284937499999984,False,False,False
base_1_near_06_v0.5_h0.3,base_1_near_06,4.800000000000001,0.5,0.3,binary_full,0,False,False,True,0,,0.00015100000005929815,0.00034500000012371856,0.00016100000088670186,22.84851599999982,0.04284917300000089,False,False,False
base_1_near_06_v0.5_h0.3,base_1_near_06,4.800000000000001,0.5,0.3,binary_combined,1,False,False,True,0,,9.700000092038863e-05,0.00034199999987549745,0.00016000000080396148,22.84851599999982,0.04284911500000142,False,False,False
base_1_near_06_v0.5_h0.3,base_1_near_06,4.800000000000001,0.5,0.3,json_combined,2,False,False,True,0,,8.800000017572529e-05,0.0003789999993841775,0.0001489999998938174,22.84851599999982,0.042849131999999276,False,False,False
base_1_near_06_v0.5_h0.4,base_1_near_06,4.800000000000001,0.5,0.4,binary_combined,0,False,False,True,0,,0.0001370000006772898,0.00032499999846891114,0.00017899999882331485,22.84851599999982,0.04284915699999779,False,False,False
base_1_near_06_v0.5_h0.4,base_1_near_06,4.800000000000001,0.5,0.4,json_combined,1,False,False,True,0,,8.700000009298492e-05,0.00030700000053229815,0.00014399999948011555,22.84851599999982,0.04284905399999993,False,False,False
base_1_near_06_v0.5_h0.4,base_1_near_06,4.800000000000001,0.5,0.4,binary_full,2,False,False,True,0,,9.300000058942715e-05,0.0003310000007417102,0.00015400000030751926,22.84851599999982,0.04284909400000146,False,False,False
base_1_near_06_v1.0_h0.2,base_1_near_06,4.800000000000001,1.0,0.2,json_combined,0,False,False,True,0,,0.0001489999998938174,0.0003569999993402462,0.0001649999994413065,22.84851599999982,0.0428491869999985,False,False,False
base_1_near_06_v1.0_h0.2,base_1_near_06,4.800000000000001,1.0,0.2,binary_full,1,False,False,True,0,,0.00011500000063335847,0.00033000000065896984,0.00014699999972833666,22.84851599999982,0.04284910800000084,False,False,False
base_1_near_06_v1.0_h0.2,base_1_near_06,4.800000000000001,1.0,0.2,binary_combined,2,False,False,True,0,,9.900000108586937e-05,0.00030899999892142205,0.00013599999881819258,22.84851599999982,0.04284905999999865,False,False,False
base_1_near_06_v1.0_h0.3,base_1_near_06,4.800000000000001,1.0,0.3,binary_full,0,False,False,True,0,,0.00031899999974882576,0.0004340000003821842,0.0002069999993636884,22.84851599999982,0.04284947599999932,False,False,False
base_1_near_06_v1.0_h0.3,base_1_near_06,4.800000000000001,1.0,0.3,binary_combined,1,False,False,True,0,,0.00011600000071609884,0.00034500000012371856,0.0001389999990664137,22.84851599999982,0.04284911599999973,False,False,False
base_1_near_06_v1.0_h0.3,base_1_near_06,4.800000000000001,1.0,0.3,json_combined,2,False,False,True,0,,0.00011399999877426126,0.0003519999989265443,0.000156000000473,22.84851599999982,0.042849137999998,False,False,False
base_1_near_06_v1.0_h0.4,base_1_near_06,4.800000000000001,1.0,0.4,binary_combined,0,False,False,True,0,,0.0001630000010521826,0.0003800000012432747,0.00014999999997655777,22.84851599999982,0.042849209000002095,False,False,False
base_1_near_06_v1.0_h0.4,base_1_near_06,4.800000000000001,1.0,0.4,json_combined,1,False,False,True,0,,8.600000001024455e-05,0.0003519999989265443,0.00014299999939737518,22.84851599999982,0.04284909699999816,False,False,False
base_1_near_06_v1.0_h0.4,base_1_near_06,4.800000000000001,1.0,0.4,binary_full,2,False,False,True,0,,9.400000067216752e-05,0.00034199999987549745,0.00012799999993262645,22.84851599999982,0.0428490800000003,False,False,False
base_1_near_07_v0.0_h0.2,base_1_near_07,4.85,0.0,0.2,json_combined,0,False,False,True,0,,0.0003740000007468325,0.001027999999791973,0.0002400000003177638,18.18310600000217,0.03818474800000303,False,False,False
base_1_near_07_v0.0_h0.2,base_1_near_07,4.85,0.0,0.2,binary_full,1,False,False,True,0,,0.00014299999939737518,0.0005240000007233903,0.0001720000000204891,18.18310600000217,0.038183945000002315,False,False,False
base_1_near_07_v0.0_h0.2,base_1_near_07,4.85,0.0,0.2,binary_combined,2,False,False,True,0,,0.00010499999980595476,0.0003589999995057269,0.00013900000084277053,18.18310600000217,0.03818370900000233,False,False,False
base_1_near_07_v0.0_h0.3,base_1_near_07,4.85,0.0,0.3,binary_full,0,False,False,True,0,,0.00016099999911034502,0.00041800000083469513,0.00018599999940249745,18.18310600000217,0.03818387100000152,False,False,False
base_1_near_07_v0.0_h0.3,base_1_near_07,4.85,0.0,0.3,binary_combined,1,False,False,True,0,,0.00011200000038513735,0.00037100000049861137,0.00013600000059454942,18.18310600000217,0.03818372500000365,False,False,False
base_1_near_07_v0.0_h0.3,base_1_near_07,4.85,0.0,0.3,json_combined,2,False,False,True,0,,7.800000112467842e-05,0.0003369999994617956,0.00013500000051180905,18.18310600000217,0.03818365600000327,False,False,False
base_1_near_07_v0.0_h0.4,base_1_near_07,4.85,0.0,0.4,binary_combined,0,False,False,True,0,,0.00013100000018084756,0.00039500000070802344,0.00017400000018596984,18.18310600000217,0.03818380600000325,False,False,False
base_1_near_07_v0.0_h0.4,base_1_near_07,4.85,0.0,0.4,json_combined,1,False,False,True,0,,0.00010100000125135011,0.0003500000005374204,0.0001999999987845058,18.18310600000217,0.038183757000002747,False,False,False
base_1_near_07_v0.0_h0.4,base_1_near_07,4.85,0.0,0.4,binary_full,2,False,False,True,0,,9.700000092038863e-05,0.0003670000001676499,0.00014799999981107703,18.18310600000217,0.03818371800000307,False,False,False
base_1_near_07_v0.5_h0.2,base_1_near_07,4.85,0.5,0.2,json_combined,0,False,False,True,0,,0.00015599999869664316,0.0003540000008683819,0.00015999999902760464,18.18310600000217,0.038183776000000766,False,False,False
base_1_near_07_v0.5_h0.2,base_1_near_07,4.85,0.5,0.2,binary_full,1,False,False,True,0,,9.10000004239464e-05,0.00035499999917476543,0.00015400000030751926,18.18310600000217,0.03818370600000208,False,False,False
base_1_near_07_v0.5_h0.2,base_1_near_07,4.85,0.5,0.2,binary_combined,2,False,False,True,0,,0.00010300000141683086,0.00031100000086325963,0.00013100000018084756,18.18310600000217,0.038183651000004634,False,False,False
base_1_near_07_v0.5_h0.3,base_1_near_07,4.85,0.5,0.3,binary_full,0,False,False,True,0,,0.00016399999935856613,0.0003629999998366884,0.00018400000101337355,18.18310600000217,0.03818381700000238,False,False,False
base_1_near_07_v0.5_h0.3,base_1_near_07,4.85,0.5,0.3,binary_combined,1,False,False,True,0,,9.900000108586937e-05,0.0003480000003719397,0.0001330000003463283,18.18310600000217,0.03818368600000398,False,False,False
base_1_near_07_v0.5_h0.3,base_1_near_07,4.85,0.5,0.3,json_combined,2,False,False,True,0,,0.00010199999955773364,0.00035099999884380395,0.0001590000007212211,18.18310600000217,0.038183718000001296,False,False,False
base_1_near_07_v0.5_h0.4,base_1_near_07,4.85,0.5,0.4,binary_combined,0,False,False,True,0,,0.0001300000000981072,0.0003760000009123132,0.000156000000473,18.18310600000217,0.03818376800000366,False,False,False
base_1_near_07_v0.5_h0.4,base_1_near_07,4.85,0.5,0.4,json_combined,1,False,False,True,0,,9.600000083764826e-05,0.0003499999987610636,0.00012099999935344385,18.18310600000217,0.038183673000001125,False,False,False
base_1_near_07_v0.5_h0.4,base_1_near_07,4.85,0.5,0.4,binary_full,2,False,False,True,0,,0.00010199999955773364,0.00035900000128208376,0.0001489999998938174,18.18310600000217,0.03818371600000291,False,False,False
base_1_near_07_v1.0_h0.2,base_1_near_07,4.85,1.0,0.2,json_combined,0,False,False,True,0,,0.000156000000473,0.00038700000004610047,0.0001370000006772898,18.18310600000217,0.03818378600000337,False,False,False
base_1_near_07_v1.0_h0.2,base_1_near_07,4.85,1.0,0.2,binary_full,1,False,False,True,0,,9.8000001003129e-05,0.0003510000006201608,0.00014399999948011555,18.18310600000217,0.03818369900000328,False,False,False
base_1_near_07_v1.0_h0.2,base_1_near_07,4.85,1.0,0.2,binary_combined,2,False,False,True,0,,8.700000009298492e-05,0.00036000000136482413,0.00013699999890093295,18.18310600000217,0.03818369000000253,False,False,False
base_1_near_07_v1.0_h0.3,base_1_near_07,4.85,1.0,0.3,binary_full,0,False,False,True,0,,0.00014999999997655777,0.0003209999999143065,0.00016699999960678724,18.18310600000217,0.03818374400000167,False,False,False
base_1_near_07_v1.0_h0.3,base_1_near_07,4.85,1.0,0.3,binary_combined,1,False,False,True,0,,0.00010099999947499327,0.00037900000116053434,0.0001530000002247789,18.18310600000217,0.038183739000003034,False,False,False
base_1_near_07_v1.0_h0.3,base_1_near_07,4.85,1.0,0.3,json_combined,2,False,False,True,0,,8.600000001024455e-05,0.00034000000148637355,0.0001370000006772898,18.18310600000217,0.03818366900000435,False,False,False
base_1_near_07_v1.0_h0.4,base_1_near_07,4.85,1.0,0.4,binary_combined,0,False,False,True,0,,0.0001259999997671457,0.0003639999999194288,0.00015200000014203852,18.18310600000217,0.038183748000002,False,False,False
base_1_near_07_v1.0_h0.4,base_1_near_07,4.85,1.0,0.4,json_combined,1,False,False,True,0,,9.000000034120603e-05,0.00033199999904809374,0.00012999999832175035,18.18310600000217,0.038183657999999884,False,False,False
base_1_near_07_v1.0_h0.4,base_1_near_07,4.85,1.0,0.4,binary_full,2,False,False,True,0,,9.799999922677216e-05,0.0003080000006150385,0.0001440000012564724,18.18310600000217,0.03818365600000327,False,False,False
base_1_near_08_v0.0_h0.2,base_1_near_08,4.9,0.0,0.2,json_combined,0,False,False,True,0,,0.0003340000009899313,0.0008810000000636364,0.00027099999933000163,19.597654000001796,0.039599140000002184,False,False,False
base_1_near_08_v0.0_h0.2,base_1_near_08,4.9,0.0,0.2,binary_full,1,False,False,True,0,,0.0001419999993146348,0.0004429999993504907,0.00018899999965071856,19.597654000001796,0.039598428000000116,False,False,False
base_1_near_08_v0.0_h0.2,base_1_near_08,4.9,0.0,0.2,binary_combined,2,False,False,True,0,,0.00011899999918796311,0.00022000000043931323,0.00011800000088157958,19.597654000001796,0.03959811100000231,False,False,False
base_1_near_08_v0.0_h0.3,base_1_near_08,4.9,0.0,0.3,binary_full,0,False,False,True,0,,0.00012099999935344385,0.0003039999985077202,0.00016599999952404687,19.597654000001796,0.039598244999999185,False,False,False
base_1_near_08_v0.0_h0.3,base_1_near_08,4.9,0.0,0.3,binary_combined,1,False,False,True,0,,0.0001069999999714355,0.00019400000006442042,0.00016099999911034502,19.597654000001796,0.039598116000000946,False,False,False
base_1_near_08_v0.0_h0.3,base_1_near_08,4.9,0.0,0.3,json_combined,2,False,False,True,0,,0.00010199999955773364,0.00029999999995311555,0.000156000000473,19.597654000001796,0.039598212000001784,False,False,False
base_1_near_08_v0.0_h0.4,base_1_near_08,4.9,0.0,0.4,binary_combined,0,False,False,True,0,,0.00022399999899391787,0.00046600000125351926,0.00023099999957310047,19.597654000001796,0.03959857500000162,False,False,False
base_1_near_08_v0.0_h0.4,base_1_near_08,4.9,0.0,0.4,json_combined,1,False,False,True,0,,0.0001259999997671457,0.00029100000098480905,0.00016400000113492297,19.597654000001796,0.03959823500000369,False,False,False
base_1_near_08_v0.0_h0.4,base_1_near_08,4.9,0.0,0.4,binary_full,2,False,False,True,0,,9.799999922677216e-05,0.00027099999933000163,0.00016599999952404687,19.597654000001796,0.03959818899999988,False,False,False
base_1_near_08_v0.5_h0.2,base_1_near_08,4.9,0.5,0.2,json_combined,0,False,False,True,0,,0.00014999999997655777,0.000316999999583345,0.00014699999972833666,19.597654000001796,0.03959826800000109,False,False,False
base_1_near_08_v0.5_h0.2,base_1_near_08,4.9,0.5,0.2,binary_full,1,False,False,True,0,,9.700000092038863e-05,0.00023499999990406195,0.00016699999960678724,19.597654000001796,0.03959815300000223,False,False,False
base_1_near_08_v0.5_h0.2,base_1_near_08,4.9,0.5,0.2,binary_combined,2,False,False,True,0,,9.399999889581068e-05,0.00021600000010835174,0.00014999999997655777,19.597654000001796,0.03959811400000078,False,False,False
base_1_near_08_v0.5_h0.3,base_1_near_08,4.9,0.5,0.3,binary_full,0,False,False,True,0,,0.00011000000021965661,0.00026200000036169513,0.00018899999965071856,19.597654000001796,0.03959821500000203,False,False,False
base_1_near_08_v0.5_h0.3,base_1_near_08,4.9,0.5,0.3,binary_combined,1,False,False,True,0,,0.0001259999997671457,0.00024300000056598492,0.00016399999935856613,19.597654000001796,0.03959818700000149,False,False,False
base_1_near_08_v0.5_h0.3,base_1_near_08,4.9,0.5,0.3,json_combined,2,False,False,True,0,,0.00010099999947499327,0.00031599999950060464,0.0001549999986139028,19.597654000001796,0.03959822599999939,False,False,False
base_1_near_08_v0.5_h0.4,base_1_near_08,4.9,0.5,0.4,binary_combined,0,False,False,True,0,,0.00010100000125135011,0.0002510000012279079,0.00018699999948523782,19.597654000001796,0.039598193000003765,False,False,False
base_1_near_08_v0.5_h0.4,base_1_near_08,4.9,0.5,0.4,json_combined,1,False,False,True,0,,9.599999906129142e-05,0.00027399999957822274,0.00018000000068241206,19.597654000001796,0.03959820400000112,False,False,False
base_1_near_08_v0.5_h0.4,base_1_near_08,4.9,0.5,0.4,binary_full,2,False,False,True,0,,0.00011199999860878052,0.0002080000012227856,9.500000075490789e-05,19.597654000001796,0.03959806900000239,False,False,False
base_1_near_08_v1.0_h0.2,base_1_near_08,4.9,1.0,0.2,json_combined,0,False,False,True,0,,0.0001069999999714355,0.00026999999924726126,0.00013100000018084756,19.597654000001796,0.0395981620000012,False,False,False
base_1_near_08_v1.0_h0.2,base_1_near_08,4.9,1.0,0.2,binary_full,1,False,False,True,0,,0.00011000000021965661,0.00023499999990406195,0.00014100000100825127,19.597654000001796,0.03959814000000293,False,False,False
base_1_near_08_v1.0_h0.2,base_1_near_08,4.9,1.0,0.2,binary_combined,2,False,False,True,0,,7.600000095919768e-05,0.00020900000130552598,0.00014499999956285592,19.597654000001796,0.03959808400000363,False,False,False
base_1_near_08_v1.0_h0.3,base_1_near_08,4.9,1.0,0.3,binary_full,0,False,False,True,0,,0.00010099999947499327,0.00022899999940761973,0.00016099999911034502,19.597654000001796,0.03959814499999979,False,False,False
base_1_near_08_v1.0_h0.3,base_1_near_08,4.9,1.0,0.3,binary_combined,1,False,False,True,0,,0.00012099999935344385,0.00019199999989893968,0.0001619999991930854,19.597654000001796,0.039598129000000246,False,False,False
base_1_near_08_v1.0_h0.3,base_1_near_08,4.9,1.0,0.3,json_combined,2,False,False,True,0,,0.00010900000013691624,0.00025399999969977216,0.00016400000113492297,19.597654000001796,0.03959818100000277,False,False,False
base_1_near_08_v1.0_h0.4,base_1_near_08,4.9,1.0,0.4,binary_combined,0,False,False,True,0,,0.00011199999860878052,0.0002210000005220536,0.00014100000100825127,19.597654000001796,0.03959812800000194,False,False,False
base_1_near_08_v1.0_h0.4,base_1_near_08,4.9,1.0,0.4,json_combined,1,False,False,True,0,,0.00010900000013691624,0.0002500000011451675,0.00011100000030239698,19.597654000001796,0.039598124000003385,False,False,False
base_1_near_08_v1.0_h0.4,base_1_near_08,4.9,1.0,0.4,binary_full,2,False,False,True,0,,7.300000071097656e-05,0.00017400000018596984,0.00011800000088157958,19.597654000001796,0.03959801900000358,False,False,False
base_1_near_09_v0.0_h0.2,base_1_near_09,4.95,0.0,0.2,json_combined,0,False,False,True,0,,0.0002949999995394137,0.0010350000003711557,0.0002370000000695427,21.096315999997728,0.04109788299999771,False,False,False
base_1_near_09_v0.0_h0.2,base_1_near_09,4.95,0.0,0.2,binary_full,1,False,False,True,0,,0.00011800000088157958,0.00047900000055278724,0.00016100000088670186,21.096315999997728,0.04109707400000005,False,False,False
base_1_near_09_v0.0_h0.2,base_1_near_09,4.95,0.0,0.2,binary_combined,2,False,False,True,0,,0.00011100000030239698,0.00036000000136482413,0.00015700000055574037,21.096315999997728,0.041096943999999955,False,False,False
base_1_near_09_v0.0_h0.3,base_1_near_09,4.95,0.0,0.3,binary_full,0,False,False,True,0,,0.00019400000006442042,0.00038800000012884084,0.00018599999940249745,21.096315999997728,0.04109708399999733,False,False,False
base_1_near_09_v0.0_h0.3,base_1_near_09,4.95,0.0,0.3,binary_combined,1,False,False,True,0,,9.600000083764826e-05,0.00033000000065896984,0.00015700000055574037,21.096315999997728,0.041096898999999784,False,False,False
base_1_near_09_v0.0_h0.3,base_1_near_09,4.95,0.0,0.3,json_combined,2,False,False,True,0,,9.000000034120603e-05,0.00032900000057622947,0.00014099999923189444,21.096315999997728,0.04109687599999788,False,False,False
base_1_near_09_v0.0_h0.4,base_1_near_09,4.95,0.0,0.4,binary_combined,0,False,False,True,0,,0.00015599999869664316,0.00038800000012884084,0.00017300000010322947,21.096315999997728,0.04109703299999666,False,False,False
base_1_near_09_v0.0_h0.4,base_1_near_09,4.95,0.0,0.4,json_combined,1,False,False,True,0,,9.400000067216752e-05,0.00035799999942298655,0.00015200000014203852,21.096315999997728,0.04109691999999797,False,False,False
base_1_near_09_v0.0_h0.4,base_1_near_09,4.95,0.0,0.4,binary_full,2,False,False,True,0,,9.599999906129142e-05,0.00035200000070290116,0.00012199999943618423,21.096315999997728,0.04109688599999693,False,False,False
base_1_near_09_v0.5_h0.2,base_1_near_09,4.95,0.5,0.2,json_combined,0,False,False,True,0,,0.00016400000113492297,0.0003849999998806197,0.00016599999952404687,21.096315999997728,0.04109703099999827,False,False,False
base_1_near_09_v0.5_h0.2,base_1_near_09,4.95,0.5,0.2,binary_full,1,False,False,True,0,,8.900000025846566e-05,0.00032799999871713226,0.00016099999911034502,21.096315999997728,0.04109689399999582,False,False,False
base_1_near_09_v0.5_h0.2,base_1_near_09,4.95,0.5,0.2,binary_combined,2,False,False,True,0,,7.899999943106195e-05,0.0003540000008683819,0.00015200000014203852,21.096315999997728,0.04109690099999817,False,False,False
base_1_near_09_v0.5_h0.3,base_1_near_09,4.95,0.5,0.3,binary_full,0,False,False,True,0,,0.0001319999984872311,0.0003569999993402462,0.00019199999989893968,21.096315999997728,0.04109699699999546,False,False,False
base_1_near_09_v0.5_h0.3,base_1_near_09,4.95,0.5,0.3,binary_combined,1,False,False,True,0,,9.000000034120603e-05,0.00036800000025039026,0.00013200000026358794,21.096315999997728,0.04109690599999859,False,False,False
base_1_near_09_v0.5_h0.3,base_1_near_09,4.95,0.5,0.3,json_combined,2,False,False,True,0,,9.10000004239464e-05,0.00033300000090719095,0.00015700000055574037,21.096315999997728,0.04109689699999962,False,False,False
base_1_near_09_v0.5_h0.4,base_1_near_09,4.95,0.5,0.4,binary_combined,0,False,False,True,0,,0.0001389999990664137,0.00039999999934536845,0.0001649999994413065,21.096315999997728,0.041097019999995585,False,False,False
base_1_near_09_v0.5_h0.4,base_1_near_09,4.95,0.5,0.4,json_combined,1,False,False,True,0,,0.00010399999972321439,0.00035099999884380395,0.0001349999987354522,21.096315999997728,0.041096905999995034,False,False,False
base_1_near_09_v0.5_h0.4,base_1_near_09,4.95,0.5,0.4,binary_full,2,False,False,True,0,,8.700000009298492e-05,0.00029999999995311555,0.0001389999990664137,21.096315999997728,0.041096841999996844,False,False,False
base_1_near_09_v1.0_h0.2,base_1_near_09,4.95,1.0,0.2,json_combined,0,False,False,True,0,,0.0003990000010389849,0.0008739999994844538,0.00020300000080908376,21.096315999997728,0.041097791999999064,False,False,False
base_1_near_09_v1.0_h0.2,base_1_near_09,4.95,1.0,0.2,binary_full,1,False,False,True,0,,0.00014099999923189444,0.000485999999355613,0.0001530000002247789,21.096315999997728,0.041097095999996544,False,False,False
base_1_near_09_v1.0_h0.2,base_1_near_09,4.95,1.0,0.2,binary_combined,2,False,False,True,0,,0.00011200000038513735,0.0004130000004209933,0.00013900000084277053,21.096315999997728,0.04109697999999938,False,False,False
base_1_near_09_v1.0_h0.3,base_1_near_09,4.95,1.0,0.3,binary_full,0,False,False,True,0,,0.0001890000014270754,0.0004090000000900318,0.0001720000000204891,21.096315999997728,0.04109708599999927,False,False,False
base_1_near_09_v1.0_h0.3,base_1_near_09,4.95,1.0,0.3,binary_combined,1,False,False,True,0,,0.00011300000046787773,0.000329999998882613,0.0001489999998938174,21.096315999997728,0.041096907999996976,False,False,False
base_1_near_09_v1.0_h0.3,base_1_near_09,4.95,1.0,0.3,json_combined,2,False,False,True,0,,9.899999930951253e-05,0.00035600000103386265,0.0001440000012564724,21.096315999997728,0.04109691499999933,False,False,False
base_1_near_09_v1.0_h0.4,base_1_near_09,4.95,1.0,0.4,binary_combined,0,False,False,True,0,,0.00016099999911034502,0.0004149999988101172,0.00016599999952404687,21.096315999997728,0.041097057999995176,False,False,False
base_1_near_09_v1.0_h0.4,base_1_near_09,4.95,1.0,0.4,json_combined,1,False,False,True,0,,0.0001229999995189246,0.00030700000053229815,0.00015700000055574037,21.096315999997728,0.04109690299999834,False,False,False
base_1_near_09_v1.0_h0.4,base_1_near_09,4.95,1.0,0.4,binary_full,2,False,False,True,0,,8.900000025846566e-05,0.00033300000090719095,0.00015200000014203852,21.096315999997728,0.04109688999999904,False,False,False
dense_0_far_00_v0.0_h0.2,dense_0_far_00,5.0,0.0,0.2,json_combined,0,True,True,True,39371,5b35cdaa5dc22af8d58cfa9e3f8dc0ae8683321c0a21c6cb4d2ceb9ce3256d61,122.9644909999994,14.7006360000006,0.42201199999958305,56.18788799999663,0.21427502699999618,False,False,False
dense_0_far_00_v0.0_h0.2,dense_0_far_00,5.0,0.0,0.2,binary_full,1,True,True,True,30244,3647c4e951ef94a91a1b29981cf6a74ebde393293f5859ad07f909701c68d43e,71.7091399999994,21.955747999999886,0.07734299999917482,56.18788799999663,0.16993011899999508,False,False,False
dense_0_far_00_v0.0_h0.2,dense_0_far_00,5.0,0.0,0.2,binary_combined,2,True,True,True,30244,3647c4e951ef94a91a1b29981cf6a74ebde393293f5859ad07f909701c68d43e,54.60925000000039,19.77754300000001,0.07453699999970809,56.18788799999663,0.15064921799999675,False,False,False
dense_0_far_00_v0.0_h0.3,dense_0_far_00,5.0,0.0,0.3,binary_full,0,True,False,True,0,,161.71043800000007,0.0025109999999273214,0.00032600000032800835,56.18788799999663,0.23790116299999692,False,False,False
dense_0_far_00_v0.0_h0.3,dense_0_far_00,5.0,0.0,0.3,binary_combined,1,True,False,True,0,,82.40847499999937,0.0021020000016136464,0.0002489999992860703,56.18788799999663,0.15859871399999692,False,False,False
dense_0_far_00_v0.0_h0.3,dense_0_far_00,5.0,0.0,0.3,json_combined,2,True,False,True,0,,97.40228999999978,0.002370000000695427,0.0007189999990941942,56.18788799999663,0.17359326699999617,False,False,False
dense_0_far_00_v0.0_h0.4,dense_0_far_00,5.0,0.0,0.4,binary_combined,0,True,False,True,0,,155.66098400000072,0.0012460000000658056,0.00020000000056086265,56.18788799999663,0.23185031799999797,False,False,False
dense_0_far_00_v0.0_h0.4,dense_0_far_00,5.0,0.0,0.4,json_combined,1,True,False,True,0,,142.02525199999982,0.002934999999482102,0.0003060000004495578,56.18788799999663,0.2182163809999964,False,False,False
dense_0_far_00_v0.0_h0.4,dense_0_far_00,5.0,0.0,0.4,binary_full,2,True,False,True,0,,96.70038700000028,0.0020589999998321673,0.00031300000102874037,56.18788799999663,0.17289064699999773,False,False,False
dense_0_far_00_v0.5_h0.2,dense_0_far_00,5.0,0.5,0.2,json_combined,0,True,True,True,40238,5b40dffbfa05ae7a5363502cc0cbbfe68d593fabe030d5d495b526e86e873905,94.23436700000032,24.30376499999909,0.6137779999999537,56.18788799999663,0.19533979799999596,False,False,False
dense_0_far_00_v0.5_h0.2,dense_0_far_00,5.0,0.5,0.2,binary_full,1,True,True,True,30904,30684fcdb312190ed75d39146a4e7c982df785c0bebff230130a6dad7f2b4aa6,77.05989399999957,30.491372000000183,0.07729800000078058,56.18788799999663,0.1838164519999972,False,False,False
dense_0_far_00_v0.5_h0.2,dense_0_far_00,5.0,0.5,0.2,binary_combined,2,True,True,True,30904,30684fcdb312190ed75d39146a4e7c982df785c0bebff230130a6dad7f2b4aa6,57.81733399999922,22.695192000000475,0.07118400000116765,56.18788799999663,0.1567715979999975,False,False,False
dense_0_far_00_v0.5_h0.3,dense_0_far_00,5.0,0.5,0.3,binary_full,0,True,False,True,0,,108.33147099999962,0.0014579999998431958,0.0002960000013985109,56.18788799999663,0.1845211129999975,False,False,False
dense_0_far_00_v0.5_h0.3,dense_0_far_00,5.0,0.5,0.3,binary_combined,1,True,False,True,0,,85.60785700000118,0.0011000000004202093,0.0003109999990869028,56.18788799999663,0.16179715599999728,False,False,False
dense_0_far_00_v0.5_h0.3,dense_0_far_00,5.0,0.5,0.3,json_combined,2,True,False,True,0,,94.15336200000013,0.0016659999992896246,0.00029599999962215406,56.18788799999663,0.17034321199999566,False,False,False
dense_0_far_00_v0.5_h0.4,dense_0_far_00,5.0,0.5,0.4,binary_combined,0,True,False,True,0,,142.61517899999987,0.0009900000002005527,0.0001820000008478928,56.18788799999663,0.21880423899999754,False,False,False
dense_0_far_00_v0.5_h0.4,dense_0_far_00,5.0,0.5,0.4,json_combined,1,True,False,True,0,,119.81111299999903,0.00194699999944703,0.000213999999942871,56.18788799999663,0.19600116199999504,False,False,False
dense_0_far_00_v0.5_h0.4,dense_0_far_00,5.0,0.5,0.4,binary_full,2,True,False,True,0,,61.33885200000044,0.0018090000004633566,0.00029100000098480905,56.18788799999663,0.13752883999999851,False,False,False
dense_0_far_00_v1.0_h0.2,dense_0_far_00,5.0,1.0,0.2,json_combined,0,True,True,True,41041,f37c473603ce5e15eea664144c8fb0a50f7e11da83de9b91ced4fc9116a00ba5,80.17005800000021,20.35978500000013,0.6096230000007807,56.18788799999663,0.17732735399999774,False,False,False
dense_0_far_00_v1.0_h0.2,dense_0_far_00,5.0,1.0,0.2,binary_full,1,True,True,True,31524,6efb04695f8c303102ccc11ef9b52a2cf36b7eaeb5d323c78ad5687b251d37a6,110.41025499999968,19.701363999999444,0.06201799999949742,56.18788799999663,0.20636152499999522,False,False,False
dense_0_far_00_v1.0_h0.2,dense_0_far_00,5.0,1.0,0.2,binary_combined,2,True,True,True,31524,6efb04695f8c303102ccc11ef9b52a2cf36b7eaeb5d323c78ad5687b251d37a6,62.73622099999976,28.282700000000105,0.07539300000125593,56.18788799999663,0.16728220199999774,False,False,False
dense_0_far_00_v1.0_h0.3,dense_0_far_00,5.0,1.0,0.3,binary_full,0,True,False,True,0,,125.86026399999994,0.0016760000001170283,0.0001950000001471608,56.18788799999663,0.20205002299999683,False,False,False
dense_0_far_00_v1.0_h0.3,dense_0_far_00,5.0,1.0,0.3,binary_combined,1,True,False,True,0,,114.30054100000042,0.0014729999993079446,0.00029999999995311555,56.18788799999663,0.19049020199999628,False,False,False
dense_0_far_00_v1.0_h0.3,dense_0_far_00,5.0,1.0,0.3,json_combined,2,True,False,True,0,,128.81377300000096,0.0013059999997011573,0.00024699999912058956,56.18788799999663,0.20500321399999638,False,False,False
dense_0_far_00_v1.0_h0.4,dense_0_far_00,5.0,1.0,0.4,binary_combined,0,True,False,True,0,,150.67021399999982,0.001415999999920814,0.00018899999965071856,56.18788799999663,0.22685970699999602,False,False,False
dense_0_far_00_v1.0_h0.4,dense_0_far_00,5.0,1.0,0.4,json_combined,1,True,False,True,0,,113.50320500000066,0.03265299999988258,0.0003409999997927571,56.18788799999663,0.18972408699999693,False,False,False
dense_0_far_00_v1.0_h0.4,dense_0_far_00,5.0,1.0,0.4,binary_full,2,True,False,True,0,,128.911789,0.002416999999255154,0.0002850000004883668,56.18788799999663,0.20510237899999634,False,False,False
dense_0_far_01_v0.0_h0.2,dense_0_far_01,5.050000000000001,0.0,0.2,json_combined,0,True,False,True,0,,57.94460700000137,0.0011570000015836968,0.0002909999992084522,60.62754199999887,0.13857359700000102,False,False,False
dense_0_far_01_v0.0_h0.2,dense_0_far_01,5.050000000000001,0.0,0.2,binary_full,1,True,False,True,0,,94.64751500000013,0.001403000000621546,0.00023999999854140697,60.62754199999887,0.17527669999999812,False,False,False
dense_0_far_01_v0.0_h0.2,dense_0_far_01,5.050000000000001,0.0,0.2,binary_combined,2,True,False,True,0,,37.076366999999166,0.0010259999996264924,0.00025499999978251253,60.62754199999887,0.11770518999999745,False,False,False
dense_0_far_01_v0.0_h0.3,dense_0_far_01,5.050000000000001,0.0,0.3,binary_full,0,True,False,True,0,,56.96325700000138,0.0014040000007042863,0.0002600000001962144,60.62754199999887,0.13759246300000114,False,False,False
dense_0_far_01_v0.0_h0.3,dense_0_far_01,5.050000000000001,0.0,0.3,binary_combined,1,True,False,True,0,,50.438411000000016,0.0011250000007123617,0.0002949999995394137,60.62754199999887,0.13106737299999913,False,False,False
dense_0_far_01_v0.0_h0.3,dense_0_far_01,5.050000000000001,0.0,0.3,json_combined,2,True,False,True,0,,64.58021300000105,0.0011850000003477135,0.0002370000000695427,60.62754199999887,0.14520917700000033,False,False,False
dense_0_far_01_v0.0_h0.4,dense_0_far_01,5.050000000000001,0.0,0.4,binary_combined,0,True,False,True,0,,95.40767900000091,0.0010529999983077687,0.00037799999930143713,60.62754199999887,0.17603665199999738,False,False,False
dense_0_far_01_v0.0_h0.4,dense_0_far_01,5.050000000000001,0.0,0.4,json_combined,1,True,False,True,0,,99.97632500000009,0.0020479999989220232,0.0002820000002401457,60.62754199999887,0.1806061969999981,False,False,False
dense_0_far_01_v0.0_h0.4,dense_0_far_01,5.050000000000001,0.0,0.4,binary_full,2,True,False,True,0,,66.83674899999836,0.0020859999985134436,0.00030400000028407703,60.62754199999887,0.14746668099999602,False,False,False
dense_0_far_01_v0.5_h0.2,dense_0_far_01,5.050000000000001,0.5,0.2,json_combined,0,True,False,True,0,,64.15941299999872,0.0010069999980544253,0.00027199999763638516,60.62754199999887,0.14478823399999327,False,False,False
dense_0_far_01_v0.5_h0.2,dense_0_far_01,5.050000000000001,0.5,0.2,binary_full,1,True,False,True,0,,61.006903999999196,0.0014279999973609847,0.0002839999986292696,60.62754199999887,0.14163615799999404,False,False,False
dense_0_far_01_v0.5_h0.2,dense_0_far_01,5.050000000000001,0.5,0.2,binary_combined,2,True,False,True,0,,37.93639600000276,0.001114999999884958,0.0002979999997876348,60.62754199999887,0.1185653510000013,False,False,False
dense_0_far_01_v0.5_h0.3,dense_0_far_01,5.050000000000001,0.5,0.3,binary_full,0,True,False,True,0,,82.77831000000191,0.0017180000000394102,0.0002880000025129448,60.62754199999887,0.16340785800000332,False,False,False
dense_0_far_01_v0.5_h0.3,dense_0_far_01,5.050000000000001,0.5,0.3,binary_combined,1,True,False,True,0,,102.0380199999984,0.0007740000000922009,0.0002979999997876348,60.62754199999887,0.18266663399999714,False,False,False
dense_0_far_01_v0.5_h0.3,dense_0_far_01,5.050000000000001,0.5,0.3,json_combined,2,True,False,True,0,,90.61483300000006,0.0012670000018033534,0.00026500000060991624,60.62754199999887,0.17124390700000133,False,False,False
dense_0_far_01_v0.5_h0.4,dense_0_far_01,5.050000000000001,0.5,0.4,binary_combined,0,True,False,True,0,,64.7884019999978,0.000991000000283293,0.0002919999992911926,60.62754199999887,0.14541722699999624,False,False,False
dense_0_far_01_v0.5_h0.4,dense_0_far_01,5.050000000000001,0.5,0.4,json_combined,1,True,False,True,0,,93.5097099999993,0.0014730000010843014,0.00029699999970489444,60.62754199999887,0.17413902199999895,False,False,False
dense_0_far_01_v0.5_h0.4,dense_0_far_01,5.050000000000001,0.5,0.4,binary_full,2,True,False,True,0,,62.070870000003,0.0019590000022162712,0.0003060000004495578,60.62754199999887,0.14270067700000452,False,False,False
dense_0_far_01_v1.0_h0.2,dense_0_far_01,5.050000000000001,1.0,0.2,json_combined,0,True,False,True,0,,45.21257300000059,0.0011449999988144555,0.0002949999995394137,60.62754199999887,0.1258415549999978,False,False,False
dense_0_far_01_v1.0_h0.2,dense_0_far_01,5.050000000000001,1.0,0.2,binary_full,1,True,False,True,0,,53.513102000000146,0.0014139999997553332,0.0003290000023525863,60.62754199999887,0.1341423870000011,False,False,False
dense_0_far_01_v1.0_h0.2,dense_0_far_01,5.050000000000001,1.0,0.2,binary_combined,2,True,False,True,0,,60.10006500000031,0.0009570000010228341,0.0003060000004495578,60.62754199999887,0.14072887000000064,False,False,False
dense_0_far_01_v1.0_h0.3,dense_0_far_01,5.050000000000001,1.0,0.3,binary_full,0,True,False,True,0,,133.31482999999977,0.0017510000027698425,0.00027299999771912553,60.62754199999887,0.21394439599999912,False,False,False
dense_0_far_01_v1.0_h0.3,dense_0_far_01,5.050000000000001,1.0,0.3,binary_combined,1,True,False,True,0,,75.46031900000116,0.0009809999994558893,0.00036200000153030487,60.62754199999887,0.156089204000001,False,False,False
dense_0_far_01_v1.0_h0.3,dense_0_far_01,5.050000000000001,1.0,0.3,json_combined,2,True,False,True,0,,83.18239399999783,0.0014670000005878592,0.0003050000003668174,60.62754199999887,0.16381170799999764,False,False,False
dense_0_far_01_v1.0_h0.4,dense_0_far_01,5.050000000000001,1.0,0.4,binary_combined,0,True,False,True,0,,66.0546009999976,0.0009749999989594471,0.00031300000102874037,60.62754199999887,0.14668343099999645,False,False,False
dense_0_far_01_v1.0_h0.4,dense_0_far_01,5.050000000000001,1.0,0.4,json_combined,1,True,False,True,0,,121.66327400000299,0.0017800000016165995,0.0002730000012718392,60.62754199999887,0.20229286900000473,False,False,False
dense_0_far_01_v1.0_h0.4,dense_0_far_01,5.050000000000001,1.0,0.4,binary_full,2,True,False,True,0,,95.7919440000019,0.0018230000016217218,0.0002910000027611659,60.62754199999887,0.17642160000000515,False,False,False
dense_0_far_02_v0.0_h0.2,dense_0_far_02,5.1,0.0,0.2,json_combined,0,True,True,True,39371,3f2351b1046f67d2bee567dd124f6b7ead3a88e5e6c8cca12cf0df9ed819cf65,52.226196000003,6.867356000000768,0.5935900000011429,53.36547699999983,0.13305261900000473,False,False,False
dense_0_far_02_v0.0_h0.2,dense_0_far_02,5.1,0.0,0.2,binary_full,1,True,True,True,30244,00adea0f8f451575e5527603179c102ebe07ba37fa28f821f9f122bd690f99f7,57.7587680000029,16.786122999999264,0.08185100000090983,53.36547699999983,0.1479922190000029,False,False,False
dense_0_far_02_v0.0_h0.2,dense_0_far_02,5.1,0.0,0.2,binary_combined,2,True,True,True,30244,00adea0f8f451575e5527603179c102ebe07ba37fa28f821f9f122bd690f99f7,38.348184999996704,2.452803000000614,0.06060699999821395,53.36547699999983,0.11422707199999536,False,False,False
dense_0_far_02_v0.0_h0.3,dense_0_far_02,5.1,0.0,0.3,binary_full,0,True,False,True,0,,65.02504999999914,0.0015869999998585627,0.00029299999937393295,53.36547699999983,0.1383924069999982,False,False,False
dense_0_far_02_v0.0_h0.3,dense_0_far_02,5.1,0.0,0.3,binary_combined,1,True,False,True,0,,51.59941100000154,0.0011509999993108977,0.0002749999978846063,53.36547699999983,0.12496631399999857,False,False,False
dense_0_far_02_v0.0_h0.3,dense_0_far_02,5.1,0.0,0.3,json_combined,2,True,False,True,0,,68.98945900000086,0.0010649999993006531,0.00028199999846378887,53.36547699999983,0.14235628299999845,False,False,False
dense_0_far_02_v0.0_h0.4,dense_0_far_02,5.1,0.0,0.4,binary_combined,0,True,False,True,0,,103.71168300000022,0.0010239999994610116,0.00029300000292664663,53.36547699999983,0.17707847700000243,False,False,False
dense_0_far_02_v0.0_h0.4,dense_0_far_02,5.1,0.0,0.4,json_combined,1,True,False,True,0,,116.86948800000252,0.002080999998099742,0.00027900000176828144,53.36547699999983,0.1902373250000022,False,False,False
dense_0_far_02_v0.0_h0.4,dense_0_far_02,5.1,0.0,0.4,binary_full,2,True,False,True,0,,100.18291599999785,0.0016309999999464253,0.0003500000005374204,53.36547699999983,0.17355037399999815,False,False,False
dense_0_far_02_v0.5_h0.2,dense_0_far_02,5.1,0.5,0.2,json_combined,0,True,True,True,40238,f917557c01ea6103307a80010b1be9f3bb6e2a992f973fcee6ff1dcd72b1eb08,43.16571199999686,13.063136999999614,0.5934029999998813,53.36547699999983,0.13018772899999617,False,False,False
dense_0_far_02_v0.5_h0.2,dense_0_far_02,5.1,0.5,0.2,binary_full,1,True,True,True,30904,fa5a43b25efda495ab4c327d3107524d558d802f7c7d7d12d319be17c7c53985,67.2991759999988,17.73179099999922,0.07506500000076244,53.36547699999983,0.1584715089999986,False,False,False
dense_0_far_02_v0.5_h0.2,dense_0_far_02,5.1,0.5,0.2,binary_combined,2,True,True,True,30904,fa5a43b25efda495ab4c327d3107524d558d802f7c7d7d12d319be17c7c53985,30.731503999998466,2.4339530000005993,0.05697799999992981,53.36547699999983,0.10658791199999883,False,False,False
dense_0_far_02_v0.5_h0.3,dense_0_far_02,5.1,0.5,0.3,binary_full,0,True,False,True,0,,66.72537700000092,0.001534999999108777,0.0003119999973932863,53.36547699999983,0.14009270099999724,False,False,False
dense_0_far_02_v0.5_h0.3,dense_0_far_02,5.1,0.5,0.3,binary_combined,1,True,False,True,0,,52.80252200000035,0.0011810000017931088,0.00029699999970489444,53.36547699999983,0.12616947700000167,False,False,False
dense_0_far_02_v0.5_h0.3,dense_0_far_02,5.1,0.5,0.3,json_combined,2,True,False,True,0,,55.43275000000136,0.0012310000023774137,0.00030700000053229815,53.36547699999983,0.1287997650000041,False,False,False
dense_0_far_02_v0.5_h0.4,dense_0_far_02,5.1,0.5,0.4,binary_combined,0,True,False,True,0,,86.06858699999975,0.0010850000009554606,0.00029600000317486774,53.36547699999983,0.1594354450000037,False,False,False
dense_0_far_02_v0.5_h0.4,dense_0_far_02,5.1,0.5,0.4,json_combined,1,True,False,True,0,,120.24862699999872,0.001353000001813598,0.00021800000027383248,53.36547699999983,0.19361567500000063,False,False,False
dense_0_far_02_v0.5_h0.4,dense_0_far_02,5.1,0.5,0.4,binary_full,2,True,False,True,0,,97.50439900000174,0.0018230000016217218,0.00031000000078051926,53.36547699999983,0.17087200900000396,False,False,False
dense_0_far_02_v1.0_h0.2,dense_0_far_02,5.1,1.0,0.2,json_combined,0,True,True,True,41041,12ab1b771dde936b340170179a3b0888c04a80bf42b49020dc7eed283aac679c,57.72751499999984,6.8700590000005946,0.5923780000003376,53.36547699999983,0.1385554290000006,False,False,False
dense_0_far_02_v1.0_h0.2,dense_0_far_02,5.1,1.0,0.2,binary_full,1,True,True,True,31524,9b65680ab2bfb3bdc219d11b4d1f3eb2bc6eff6e53bbb15c358d6c44a8874d59,99.86476400000299,26.379644000002145,0.08489300000036337,53.36547699999983,0.19969477800000532,False,False,False
dense_0_far_02_v1.0_h0.2,dense_0_far_02,5.1,1.0,0.2,binary_combined,2,True,True,True,31524,9b65680ab2bfb3bdc219d11b4d1f3eb2bc6eff6e53bbb15c358d6c44a8874d59,36.69206899999722,2.5717329999999095,0.06274700000119537,53.36547699999983,0.11269202599999815,False,False,False
dense_0_far_02_v1.0_h0.3,dense_0_far_02,5.1,1.0,0.3,binary_full,0,True,False,True,0,,83.03770399999877,0.0015449999999361808,0.0002909999992084522,53.36547699999983,0.15640501699999773,False,False,False
dense_0_far_02_v1.0_h0.3,dense_0_far_02,5.1,1.0,0.3,binary_combined,1,True,False,True,0,,55.19561499999881,0.0009839999997041105,0.0002909999992084522,53.36547699999983,0.12856236699999754,False,False,False
dense_0_far_02_v1.0_h0.3,dense_0_far_02,5.1,1.0,0.3,json_combined,2,True,False,True,0,,56.77936200000033,0.0010990000021138258,0.00033799999954453597,53.36547699999983,0.1301462760000018,False,False,False
dense_0_far_02_v1.0_h0.4,dense_0_far_02,5.1,1.0,0.4,binary_combined,0,True,False,True,0,,54.53645200000068,0.0012509999969267938,0.000276999998050087,53.36547699999983,0.12790345699999547,False,False,False
dense_0_far_02_v1.0_h0.4,dense_0_far_02,5.1,1.0,0.4,json_combined,1,True,False,True,0,,61.2512780000003,0.0012630000014723919,0.0002730000012718392,53.36547699999983,0.13461829100000286,False,False,False
dense_0_far_02_v1.0_h0.4,dense_0_far_02,5.1,1.0,0.4,binary_full,2,True,False,True,0,,90.12313099999858,0.0016179999988708005,0.0002749999978846063,53.36547699999983,0.16349050099999515,False,False,False
dense_0_far_03_v0.0_h0.2,dense_0_far_03,5.15,0.0,0.2,json_combined,0,True,True,True,39371,c9024b05d9e50a96caf031342b1a63f0f68e6fb76cc72e230a0058d4fe1b3054,61.67051899999976,17.030583000000377,0.6153990000008491,56.279058999997744,0.15559555999999872,False,False,False
dense_0_far_03_v0.0_h0.2,dense_0_far_03,5.15,0.0,0.2,binary_full,1,True,True,True,30244,3e54d4d1dfc039bb2dbf922d8138ca4616034befe43489e792485b908154d9e9,125.31672699999774,11.549533000000167,0.052691000000493204,56.279058999997744,0.21319800999999614,False,False,False
dense_0_far_03_v0.0_h0.2,dense_0_far_03,5.15,0.0,0.2,binary_combined,2,True,True,True,30244,3e54d4d1dfc039bb2dbf922d8138ca4616034befe43489e792485b908154d9e9,38.87242600000107,2.4793380000005527,0.06053000000250108,56.279058999997744,0.11769135300000187,False,False,False
dense_0_far_03_v0.0_h0.3,dense_0_far_03,5.15,0.0,0.3,binary_full,0,True,False,True,0,,120.29385700000006,0.0016189999989535409,0.00026500000060991624,56.279058999997744,0.19657479999999736,False,False,False
dense_0_far_03_v0.0_h0.3,dense_0_far_03,5.15,0.0,0.3,binary_combined,1,True,False,True,0,,117.98926999999892,0.0007560000021555879,0.0001969999985362847,56.279058999997744,0.19426928199999735,False,False,False
dense_0_far_03_v0.0_h0.3,dense_0_far_03,5.15,0.0,0.3,json_combined,2,True,False,True,0,,72.961896999999,0.0011339999979043114,0.00032199999822069003,56.279058999997744,0.14924241199999286,False,False,False
dense_0_far_03_v0.0_h0.4,dense_0_far_03,5.15,0.0,0.4,binary_combined,0,True,False,True,0,,65.44317499999863,0.0010719999998798357,0.0002749999978846063,56.279058999997744,0.14172358099999413,False,False,False
dense_0_far_03_v0.0_h0.4,dense_0_far_03,5.15,0.0,0.4,json_combined,1,True,False,True,0,,73.27407300000033,0.00144199999851935,0.00028899999904297147,56.279058999997744,0.14955486299999562,False,False,False
dense_0_far_03_v0.0_h0.4,dense_0_far_03,5.15,0.0,0.4,binary_full,2,True,False,True,0,,90.28884899999667,0.002007999999165122,0.0002909999992084522,56.279058999997744,0.16657020699999278,False,False,False
dense_0_far_03_v0.5_h0.2,dense_0_far_03,5.15,0.5,0.2,json_combined,0,True,True,True,40238,79783f637b83c14f960311d3d87fdbd170321979f3215b41456fbc4c1dab769c,49.72822600000271,7.203620000002076,0.5608839999986515,56.279058999997744,0.13377178900000117,False,False,False
dense_0_far_03_v0.5_h0.2,dense_0_far_03,5.15,0.5,0.2,binary_full,1,True,True,True,30904,c8ebd2e9f29da253d9a225fafa5f9c8136e8c1ac804eac677a82e8dce6d4e280,53.145291999999955,15.921747000000153,0.06563999999897874,56.279058999997744,0.14541173799999682,False,False,False
dense_0_far_03_v0.5_h0.2,dense_0_far_03,5.15,0.5,0.2,binary_combined,2,True,True,True,30904,c8ebd2e9f29da253d9a225fafa5f9c8136e8c1ac804eac677a82e8dce6d4e280,35.53225799999993,2.688167000002295,0.06104500000247981,56.279058999997744,0.11456052900000245,False,False,False
dense_0_far_03_v0.5_h0.3,dense_0_far_03,5.15,0.5,0.3,binary_full,0,True,False,True,0,,53.204159999999945,0.0014410000019893232,0.00033800000309724965,56.279058999997744,0.12948499800000277,False,False,False
dense_0_far_03_v0.5_h0.3,dense_0_far_03,5.15,0.5,0.3,binary_combined,1,True,False,True,0,,50.261949999999445,0.001058999998804211,0.0002760000015200603,56.279058999997744,0.1265423439999975,False,False,False
dense_0_far_03_v0.5_h0.3,dense_0_far_03,5.15,0.5,0.3,json_combined,2,True,False,True,0,,63.5200470000008,0.0011620000002210418,0.0002740000013545796,56.279058999997744,0.1398005420000001,False,False,False
dense_0_far_03_v0.5_h0.4,dense_0_far_03,5.15,0.5,0.4,binary_combined,0,True,False,True,0,,95.79360700000095,0.0011769999979094337,0.0003020000001185963,56.279058999997744,0.1720741449999967,False,False,False
dense_0_far_03_v0.5_h0.4,dense_0_far_03,5.15,0.5,0.4,json_combined,1,True,False,True,0,,101.04442799999802,0.002142999999676931,0.0003020000001185963,56.279058999997744,0.17732593199999555,False,False,False
dense_0_far_03_v0.5_h0.4,dense_0_far_03,5.15,0.5,0.4,binary_full,2,True,False,True,0,,118.87912299999925,0.001649000001435752,0.00022500000085301508,56.279058999997744,0.19516005599999928,False,False,False
dense_0_far_03_v1.0_h0.2,dense_0_far_03,5.15,1.0,0.2,json_combined,0,True,True,True,41041,b87272f29b82a9627eda75d80a1d7e5713b0865c44fe4505b5a72ee004724981,47.09489000000033,12.562387999999203,0.6038100000012037,56.279058999997744,0.13654014699999847,False,False,False
dense_0_far_03_v1.0_h0.2,dense_0_far_03,5.15,1.0,0.2,binary_full,1,True,True,True,31524,1102d709ec9c8a30482b497e44d857f106a4ac13e65733757f4cf13f7b82bf44,69.97453099999973,22.50903000000193,0.08025399999667115,56.279058999997744,0.16884287399999606,False,False,False
dense_0_far_03_v1.0_h0.2,dense_0_far_03,5.15,1.0,0.2,binary_combined,2,True,True,True,31524,1102d709ec9c8a30482b497e44d857f106a4ac13e65733757f4cf13f7b82bf44,65.30881299999791,8.699938999999546,0.06271099999821672,56.279058999997744,0.1503505219999934,False,False,False
dense_0_far_03_v1.0_h0.3,dense_0_far_03,5.15,1.0,0.3,binary_full,0,True,False,True,0,,98.7293170000001,0.001683000000696211,0.00025499999978251253,56.279058999997744,0.1750103139999983,False,False,False
dense_0_far_03_v1.0_h0.3,dense_0_far_03,5.15,1.0,0.3,binary_combined,1,True,False,True,0,,71.3354190000004,0.0009950000006142545,0.00023999999854140697,56.279058999997744,0.1476157129999973,False,False,False
dense_0_far_03_v1.0_h0.3,dense_0_far_03,5.15,1.0,0.3,json_combined,2,True,False,True,0,,105.31027100000045,0.0015839999996103415,0.0003160000012769615,56.279058999997744,0.18159122999999908,False,False,False
dense_0_far_03_v1.0_h0.4,dense_0_far_03,5.15,1.0,0.4,binary_combined,0,True,False,True,0,,117.95457099999851,0.001406000002646124,0.0002730000012718392,56.279058999997744,0.19423530900000016,False,False,False
dense_0_far_03_v1.0_h0.4,dense_0_far_03,5.15,1.0,0.4,json_combined,1,True,False,True,0,,68.62790699999977,0.001596000000603226,0.0003920000004598023,56.279058999997744,0.14490895399999856,False,False,False
dense_0_far_03_v1.0_h0.4,dense_0_far_03,5.15,1.0,0.4,binary_full,2,True,False,True,0,,71.55668200000065,0.0016279999996982042,0.00031400000111148074,56.279058999997744,0.1478376829999992,False,False,False
dense_0_far_04_v0.0_h0.2,dense_0_far_04,5.2,0.0,0.2,json_combined,0,True,True,True,39371,059632f937364167f328ec5018a9057d3af236320fd452e6cc0a7ed78440b749,42.19157400000029,6.165561999999625,0.5234559999998112,73.62567999999925,0.14250627199999896,False,False,False
dense_0_far_04_v0.0_h0.2,dense_0_far_04,5.2,0.0,0.2,binary_full,1,True,True,True,30244,59aec52fbd4646b6bf79c2dc07a98ecb20e56d8cc5e721f9fbbab0d07e08b812,89.78958300000173,25.646497000000323,0.06085000000055629,73.62567999999925,0.20912261000000185,False,False,False
dense_0_far_04_v0.0_h0.2,dense_0_far_04,5.2,0.0,0.2,binary_combined,2,True,True,True,30244,59aec52fbd4646b6bf79c2dc07a98ecb20e56d8cc5e721f9fbbab0d07e08b812,52.686105999999455,2.497755000000268,0.05753900000016188,73.62567999999925,0.14886707999999912,False,False,False
dense_0_far_04_v0.0_h0.3,dense_0_far_04,5.2,0.0,0.3,binary_full,0,True,False,True,0,,88.69396500000093,0.002352000002758814,0.00029500000309212737,73.62567999999925,0.18232229200000602,False,False,False
dense_0_far_04_v0.0_h0.3,dense_0_far_04,5.2,0.0,0.3,binary_combined,1,True,False,True,0,,71.47413000000213,0.0010939999981474102,0.00027200000118909884,73.62567999999925,0.1651011760000007,False,False,False
dense_0_far_04_v0.0_h0.3,dense_0_far_04,5.2,0.0,0.3,json_combined,2,True,False,True,0,,64.46528800000095,0.0012319999989074404,0.00037000000219222784,73.62567999999925,0.1580925700000013,False,False,False
dense_0_far_04_v0.0_h0.4,dense_0_far_04,5.2,0.0,0.4,binary_combined,0,True,False,True,0,,52.096244000001235,0.0010380000006193768,0.0002809999983810485,73.62567999999925,0.14572324299999947,False,False,False
dense_0_far_04_v0.0_h0.4,dense_0_far_04,5.2,0.0,0.4,json_combined,1,True,False,True,0,,84.18468500000031,0.0015550000007635845,0.0002700000010236181,73.62567999999925,0.17781219000000134,False,False,False
dense_0_far_04_v0.0_h0.4,dense_0_far_04,5.2,0.0,0.4,binary_full,2,True,False,True,0,,124.03348799999847,0.0015679999982864956,0.0002840000021819833,73.62567999999925,0.21766101999999818,False,False,False
dense_0_far_04_v0.5_h0.2,dense_0_far_04,5.2,0.5,0.2,json_combined,0,True,True,True,40238,fbdb70307df9a113ecd0d318391f8001f7e901092d4871ecbce22265aa181b3b,45.38762899999682,8.801963999999884,4.195513000002649,73.62567999999925,0.1520107859999986,False,False,False
dense_0_far_04_v0.5_h0.2,dense_0_far_04,5.2,0.5,0.2,binary_full,1,True,True,True,30904,97fd934fa265ceb82d8d369d7b4f27c0a01279e348f1ff9cb324dd545ed09a2e,62.402570999999796,29.19216799999802,0.07924599999853399,73.62567999999925,0.1852996649999956,False,False,False
dense_0_far_04_v0.5_h0.2,dense_0_far_04,5.2,0.5,0.2,binary_combined,2,True,True,True,30904,97fd934fa265ceb82d8d369d7b4f27c0a01279e348f1ff9cb324dd545ed09a2e,36.58167700000092,2.3908119999980215,0.05649999999945976,73.62567999999925,0.13265466899999764,False,False,False
dense_0_far_04_v0.5_h0.3,dense_0_far_04,5.2,0.5,0.3,binary_full,0,True,False,True,0,,115.7085209999984,0.0016969999983018624,0.00030700000053229815,73.62567999999925,0.20933620499999647,False,False,False
dense_0_far_04_v0.5_h0.3,dense_0_far_04,5.2,0.5,0.3,binary_combined,1,True,False,True,0,,83.64263400000027,0.0010729999999625761,0.0002900000026784255,73.62567999999925,0.17726967700000215,False,False,False
dense_0_far_04_v0.5_h0.3,dense_0_far_04,5.2,0.5,0.3,json_combined,2,True,False,True,0,,106.13489300000012,0.0012590000011414304,0.0002510000030042647,73.62567999999925,0.1997620830000035,False,False,False
dense_0_far_04_v0.5_h0.4,dense_0_far_04,5.2,0.5,0.4,binary_combined,0,True,False,True,0,,118.62453799999884,0.00088199999837002,0.00018899999787436172,73.62567999999925,0.21225128899999432,False,False,False
dense_0_far_04_v0.5_h0.4,dense_0_far_04,5.2,0.5,0.4,json_combined,1,True,False,True,0,,112.97710399999872,0.0011690000008002244,0.00019899999870176543,73.62567999999925,0.20660415199999746,False,False,False
dense_0_far_04_v0.5_h0.4,dense_0_far_04,5.2,0.5,0.4,binary_full,2,True,False,True,0,,107.22267599999924,0.0019189999989066564,0.0003090000006977789,73.62567999999925,0.20085058399999808,False,False,False
dense_0_far_04_v1.0_h0.2,dense_0_far_04,5.2,1.0,0.2,json_combined,0,True,True,True,41041,7dbb977d6d3b10ca72f5a63a404ae810316fbe0085a7397174138a7e690da07b,54.6921470000008,16.83174700000123,0.6137919999993358,73.62567999999925,0.1657633660000006,False,False,False
dense_0_far_04_v1.0_h0.2,dense_0_far_04,5.2,1.0,0.2,binary_full,1,True,True,True,31524,a547194f7d0cc618be6b0a073cf518f28813e01f7a295592636053e52fa35c23,74.80043500000022,25.315615999996766,0.07760400000123013,73.62567999999925,0.19381933499999746,False,False,False
dense_0_far_04_v1.0_h0.2,dense_0_far_04,5.2,1.0,0.2,binary_combined,2,True,True,True,31524,a547194f7d0cc618be6b0a073cf518f28813e01f7a295592636053e52fa35c23,44.354718999997544,2.626439000000147,0.059673999999176885,73.62567999999925,0.1406665119999961,False,False,False
dense_0_far_04_v1.0_h0.3,dense_0_far_04,5.2,1.0,0.3,binary_full,0,True,False,True,0,,62.218944000001386,0.001562000001342767,0.0002600000001962144,73.62567999999925,0.15584644600000216,False,False,False
dense_0_far_04_v1.0_h0.3,dense_0_far_04,5.2,1.0,0.3,binary_combined,1,True,False,True,0,,52.18391200000028,0.0010729999999625761,0.00025499999978251253,73.62567999999925,0.14581091999999926,False,False,False
dense_0_far_04_v1.0_h0.3,dense_0_far_04,5.2,1.0,0.3,json_combined,2,True,False,True,0,,101.25618100000011,0.0016450000011047905,0.0003020000001185963,73.62567999999925,0.19488380800000057,False,False,False
dense_0_far_04_v1.0_h0.4,dense_0_far_04,5.2,1.0,0.4,binary_combined,0,True,False,True,0,,80.34605900000003,0.0010229999993782712,0.0002700000010236181,73.62567999999925,0.17397303199999967,False,False,False
dense_0_far_04_v1.0_h0.4,dense_0_far_04,5.2,1.0,0.4,json_combined,1,True,False,True,0,,100.87225399999866,0.0014139999997553332,0.00029299999937393295,73.62567999999925,0.19449964099999703,False,False,False
dense_0_far_04_v1.0_h0.4,dense_0_far_04,5.2,1.0,0.4,binary_full,2,True,False,True,0,,115.58516399999874,0.0019960000017249513,0.00029599999962215406,73.62567999999925,0.20921313599999933,False,False,False
dense_0_far_05_v0.0_h0.2,dense_0_far_05,5.25,0.0,0.2,json_combined,0,True,True,True,39371,4b5b2e385475111e5d9ae4c76791cafedb8def0a21537724a58cdc9ba92f2229,56.28046800000064,14.576047000002035,0.5747229999997217,44.11757599999788,0.13554881400000027,False,False,False
dense_0_far_05_v0.0_h0.2,dense_0_far_05,5.25,0.0,0.2,binary_full,1,True,True,True,30244,890101b608f2982874111184e169e727713b24d0e404ed0322d34b97df7c1fb1,104.18794399999953,31.542672000000493,0.06332999999969502,44.11757599999788,0.1999115219999976,False,False,False
dense_0_far_05_v0.0_h0.2,dense_0_far_05,5.25,0.0,0.2,binary_combined,2,True,True,True,30244,890101b608f2982874111184e169e727713b24d0e404ed0322d34b97df7c1fb1,35.484355999997774,7.266422000000716,0.06555499999905123,44.11757599999788,0.10693390899999543,False,False,False
dense_0_far_05_v0.0_h0.3,dense_0_far_05,5.25,0.0,0.3,binary_full,0,True,False,True,0,,111.02608300000227,0.0017800000016165995,0.00028999999912571184,44.11757599999788,0.1751457290000009,False,False,False
dense_0_far_05_v0.0_h0.3,dense_0_far_05,5.25,0.0,0.3,binary_combined,1,True,False,True,0,,63.814777999997574,0.0008969999996111255,0.00027200000118909884,44.11757599999788,0.12793352299999625,False,False,False
dense_0_far_05_v0.0_h0.3,dense_0_far_05,5.25,0.0,0.3,json_combined,2,True,False,True,0,,98.43146800000113,0.0012620000013896515,0.0002630000004444355,44.11757599999788,0.16255056900000084,False,False,False
dense_0_far_05_v0.0_h0.4,dense_0_far_05,5.25,0.0,0.4,binary_combined,0,True,False,True,0,,98.22965300000064,0.0011330000013742847,0.00026100000027895476,44.11757599999788,0.16234862300000016,False,False,False
dense_0_far_05_v0.0_h0.4,dense_0_far_05,5.25,0.0,0.4,json_combined,1,True,False,True,0,,115.59591900000044,0.002537000000302214,0.0002639999969744622,44.11757599999788,0.17971629599999558,False,False,False
dense_0_far_05_v0.0_h0.4,dense_0_far_05,5.25,0.0,0.4,binary_full,2,True,False,True,0,,124.8995569999991,0.0014820000018289647,0.00023700000184589953,44.11757599999788,0.18901885200000065,False,False,False
dense_0_far_05_v0.5_h0.2,dense_0_far_05,5.25,0.5,0.2,json_combined,0,True,True,True,40238,faea0d453fe96f2eaba489c576298d8688ffc01370ae9c54c80f785111c5cf78,64.10937599999755,6.986307999998331,0.6101970000003121,44.11757599999788,0.13582345699999407,False,False,False
dense_0_far_05_v0.5_h0.2,dense_0_far_05,5.25,0.5,0.2,binary_full,1,True,True,True,30904,f089419af536d6aea53d38e0646e51a14865eeee4256434ab5fa7195e6329f04,112.12802700000069,18.74872299999808,0.06423700000013355,44.11757599999788,0.19505856299999677,False,False,False
dense_0_far_05_v0.5_h0.2,dense_0_far_05,5.25,0.5,0.2,binary_combined,2,True,True,True,30904,f089419af536d6aea53d38e0646e51a14865eeee4256434ab5fa7195e6329f04,35.38116300000027,7.788722999997333,0.06346600000028957,44.11757599999788,0.10735092799999578,False,False,False
dense_0_far_05_v0.5_h0.3,dense_0_far_05,5.25,0.5,0.3,binary_full,0,True,False,True,0,,93.05122800000021,0.0016810000005307302,0.0003060000004495578,44.11757599999788,0.15717079099999906,False,False,False
dense_0_far_05_v0.5_h0.3,dense_0_far_05,5.25,0.5,0.3,binary_combined,1,True,False,True,0,,59.521365000001936,0.0009789999992904086,0.00027899999821556776,44.11757599999788,0.12364019899999733,False,False,False
dense_0_far_05_v0.5_h0.3,dense_0_far_05,5.25,0.5,0.3,json_combined,2,True,False,True,0,,117.59203000000085,0.001345000001151675,0.00028299999854652924,44.11757599999788,0.18171123399999842,False,False,False
dense_0_far_05_v0.5_h0.4,dense_0_far_05,5.25,0.5,0.4,binary_combined,0,True,False,True,0,,67.78735700000027,0.001232000002460154,0.0002809999983810485,44.11757599999788,0.13190644599999898,False,False,False
dense_0_far_05_v0.5_h0.4,dense_0_far_05,5.25,0.5,0.4,json_combined,1,True,False,True,0,,131.86444300000133,0.001143999998731715,0.0001969999985362847,44.11757599999788,0.19598335999999647,False,False,False
dense_0_far_05_v0.5_h0.4,dense_0_far_05,5.25,0.5,0.4,binary_full,2,True,False,True,0,,111.78542400000069,0.00144199999851935,0.0002069999993636884,44.11757599999788,0.17590464899999644,False,False,False
dense_0_far_05_v1.0_h0.2,dense_0_far_05,5.25,1.0,0.2,json_combined,0,True,True,True,41041,004261c2151899e969e7a31cc610435af890c6dafd5ef9fd30e4c2fa12f5ce27,66.88251299999948,19.363824999999224,0.6212840000010544,44.11757599999788,0.15098519799999763,False,False,False
dense_0_far_05_v1.0_h0.2,dense_0_far_05,5.25,1.0,0.2,binary_full,1,True,True,True,31524,0f3be03f5f157fbec93795e179fe21dcf6683fd931c646704f477aa7a828935b,80.77415999999715,30.892598999997745,0.07755799999742408,44.11757599999788,0.1758618929999902,False,False,False
dense_0_far_05_v1.0_h0.2,dense_0_far_05,5.25,1.0,0.2,binary_combined,2,True,True,True,31524,0f3be03f5f157fbec93795e179fe21dcf6683fd931c646704f477aa7a828935b,37.70080199999981,2.6534570000009694,0.0666950000010047,44.11757599999788,0.10453852999999967,False,False,False
dense_0_far_05_v1.0_h0.3,dense_0_far_05,5.25,1.0,0.3,binary_full,0,True,False,True,0,,108.66565199999911,0.001455999999677715,0.0003300000024353267,44.11757599999788,0.1727850139999991,False,False,False
dense_0_far_05_v1.0_h0.3,dense_0_far_05,5.25,1.0,0.3,binary_combined,1,True,False,True,0,,62.99496500000146,0.0010500000016122613,0.0003189999979724689,44.11757599999788,0.12711390999999891,False,False,False
dense_0_far_05_v1.0_h0.3,dense_0_far_05,5.25,1.0,0.3,json_combined,2,True,False,True,0,,64.12113000000019,0.0015479999966316882,0.0002919999992911926,44.11757599999788,0.128240545999994,False,False,False
dense_0_far_05_v1.0_h0.4,dense_0_far_05,5.25,1.0,0.4,binary_combined,0,True,False,True,0,,84.64218800000012,0.000991000000283293,0.0002939999994566733,44.11757599999788,0.14876104899999773,False,False,False
dense_0_far_05_v1.0_h0.4,dense_0_far_05,5.25,1.0,0.4,json_combined,1,True,False,True,0,,91.25102699999843,0.0015589999975418323,0.0002839999986292696,44.11757599999788,0.15537044599999247,False,False,False
dense_0_far_05_v1.0_h0.4,dense_0_far_05,5.25,1.0,0.4,binary_full,2,True,False,True,0,,118.35169600000128,0.0017080000027647202,0.0003060000004495578,44.11757599999788,0.18247128600000237,False,False,False
dense_0_far_06_v0.0_h0.2,dense_0_far_06,5.300000000000001,0.0,0.2,json_combined,0,True,False,True,0,,55.780012999999684,0.0010870000011209413,0.0002979999997876348,53.592442000002904,0.1293738400000035,False,False,False
dense_0_far_06_v0.0_h0.2,dense_0_far_06,5.300000000000001,0.0,0.2,binary_full,1,True,False,True,0,,114.74801499999998,0.001509000000510241,0.0002569999999479933,53.592442000002904,0.18834222300000333,False,False,False
dense_0_far_06_v0.0_h0.2,dense_0_far_06,5.300000000000001,0.0,0.2,binary_combined,2,True,False,True,0,,38.89517100000006,0.0010760000002107972,0.00027900000176828144,53.592442000002904,0.11248896800000495,False,False,False
dense_0_far_06_v0.0_h0.3,dense_0_far_06,5.300000000000001,0.0,0.3,binary_full,0,True,False,True,0,,51.53804499999737,0.0011799999981576548,0.0002939999994566733,53.592442000002904,0.12513196099999788,False,False,False
dense_0_far_06_v0.0_h0.3,dense_0_far_06,5.300000000000001,0.0,0.3,binary_combined,1,True,False,True,0,,105.17438300000137,0.001123000000546881,0.000312000000946,53.592442000002904,0.17876826000000576,False,False,False
dense_0_far_06_v0.0_h0.3,dense_0_far_06,5.300000000000001,0.0,0.3,json_combined,2,True,False,True,0,,82.54261500000126,0.001602999997629695,0.0003049999968141037,53.592442000002904,0.1561369649999986,False,False,False
dense_0_far_06_v0.0_h0.4,dense_0_far_06,5.300000000000001,0.0,0.4,binary_combined,0,True,False,True,0,,77.01579100000089,0.001111999999636737,0.0002569999999479933,53.592442000002904,0.15060960200000337,False,False,False
dense_0_far_06_v0.0_h0.4,dense_0_far_06,5.300000000000001,0.0,0.4,json_combined,1,True,False,True,0,,86.7338999999987,0.0015969999971332527,0.0002949999995394137,53.592442000002904,0.16032823399999827,False,False,False
dense_0_far_06_v0.0_h0.4,dense_0_far_06,5.300000000000001,0.0,0.4,binary_full,2,True,False,True,0,,76.53266899999878,0.001567000001756469,0.00030400000028407703,53.592442000002904,0.1501269820000037,False,False,False
dense_0_far_06_v0.5_h0.2,dense_0_far_06,5.300000000000001,0.5,0.2,json_combined,0,True,False,True,0,,50.406371999997646,0.0015500000003498826,0.0002730000012718392,53.592442000002904,0.12400063700000218,False,False,False
dense_0_far_06_v0.5_h0.2,dense_0_far_06,5.300000000000001,0.5,0.2,binary_full,1,True,False,True,0,,59.58445199999929,0.0017180000000394102,0.00037300000244044895,53.592442000002904,0.13317898500000466,False,False,False
dense_0_far_06_v0.5_h0.2,dense_0_far_06,5.300000000000001,0.5,0.2,binary_combined,2,True,False,True,0,,41.5920029999981,0.001419000000169035,0.0002480000027560436,53.592442000002904,0.11518611200000393,False,False,False
dense_0_far_06_v0.5_h0.3,dense_0_far_06,5.300000000000001,0.5,0.3,binary_full,0,True,False,True,0,,68.92837100000193,0.001452999999429494,0.0002880000025129448,53.592442000002904,0.14252255400000677,False,False,False
dense_0_far_06_v0.5_h0.3,dense_0_far_06,5.300000000000001,0.5,0.3,binary_combined,1,True,False,True,0,,54.14822000000186,0.0009139999974649982,0.0002869999988774907,53.592442000002904,0.1277418630000011,False,False,False
dense_0_far_06_v0.5_h0.3,dense_0_far_06,5.300000000000001,0.5,0.3,json_combined,2,True,False,True,0,,99.26562399999739,0.0013689999995847302,0.00034200000342821113,53.592442000002904,0.1728597770000033,False,False,False
dense_0_far_06_v0.5_h0.4,dense_0_far_06,5.300000000000001,0.5,0.4,binary_combined,0,True,False,True,0,,69.80532700000097,0.001160000000055561,0.00027599999796734664,53.592442000002904,0.1433992050000019,False,False,False
dense_0_far_06_v0.5_h0.4,dense_0_far_06,5.300000000000001,0.5,0.4,json_combined,1,True,False,True,0,,84.65837500000006,0.001491000002573628,0.00027500000143731995,53.592442000002904,0.15825258300000697,False,False,False
dense_0_far_06_v0.5_h0.4,dense_0_far_06,5.300000000000001,0.5,0.4,binary_full,2,True,False,True,0,,84.95506000000219,0.001748999999051648,0.00029999999995311555,53.592442000002904,0.1585495510000041,False,False,False
dense_0_far_06_v1.0_h0.2,dense_0_far_06,5.300000000000001,1.0,0.2,json_combined,0,True,False,True,0,,89.88798400000064,0.0012060000003089044,0.00031099999731054595,53.592442000002904,0.16348194300000116,False,False,False
dense_0_far_06_v1.0_h0.2,dense_0_far_06,5.300000000000001,1.0,0.2,binary_full,1,True,False,True,0,,55.81960099999961,0.0015679999982864956,0.00031399999755876706,53.592442000002904,0.12941392499999835,False,False,False
dense_0_far_06_v1.0_h0.2,dense_0_far_06,5.300000000000001,1.0,0.2,binary_combined,2,True,False,True,0,,30.88743599999688,0.0008529999995232629,0.0002770000016028007,53.592442000002904,0.10448100800000092,False,False,False
dense_0_far_06_v1.0_h0.3,dense_0_far_06,5.300000000000001,1.0,0.3,binary_full,0,True,False,True,0,,48.1875080000016,0.001373999999998432,0.00026500000060991624,53.592442000002904,0.12178158900000512,False,False,False
dense_0_far_06_v1.0_h0.3,dense_0_far_06,5.300000000000001,1.0,0.3,binary_combined,1,True,False,True,0,,45.2578389999978,0.0012200000014672696,0.0002749999978846063,53.592442000002904,0.11885177600000006,False,False,False
dense_0_far_06_v1.0_h0.3,dense_0_far_06,5.300000000000001,1.0,0.3,json_combined,2,True,False,True,0,,56.649785000001174,0.001185999998654097,0.0002989999998703752,53.592442000002904,0.1302437120000026,False,False,False
dense_0_far_06_v1.0_h0.4,dense_0_far_06,5.300000000000001,1.0,0.4,binary_combined,0,True,False,True,0,,51.05178800000232,0.0009040000001903081,0.0003369999994617956,53.592442000002904,0.12464547100000488,False,False,False
dense_0_far_06_v1.0_h0.4,dense_0_far_06,5.300000000000001,1.0,0.4,json_combined,1,True,False,True,0,,119.62979099999771,0.0014429999986020903,0.0003399999997100167,53.592442000002904,0.19322401599999892,False,False,False
dense_0_far_06_v1.0_h0.4,dense_0_far_06,5.300000000000001,1.0,0.4,binary_full,2,True,False,True,0,,106.3069040000002,0.0017300000010322947,0.0002800000018510218,53.592442000002904,0.17990135600000598,False,False,False
dense_0_far_07_v0.0_h0.2,dense_0_far_07,5.35,0.0,0.2,json_combined,0,True,True,True,39371,f1551a9a5423a94b0991c45ce49fcd37acaf7dc1718ab1de55bdd390dfe0c3a7,82.76743400000086,15.3453720000023,0.6000660000005098,44.530240000000276,0.16324311200000394,False,False,False
dense_0_far_07_v0.0_h0.2,dense_0_far_07,5.35,0.0,0.2,binary_full,1,True,True,True,30244,5065a99f3e47ac6eac940559b44149329665ce7105da8f72767f1652ca306c13,88.17117099999905,25.248844000000048,0.06426899999922853,44.530240000000276,0.1780145239999986,False,False,False
dense_0_far_07_v0.0_h0.2,dense_0_far_07,5.35,0.0,0.2,binary_combined,2,True,True,True,30244,5065a99f3e47ac6eac940559b44149329665ce7105da8f72767f1652ca306c13,48.5283790000004,3.5275400000003287,0.06357999999906383,44.530240000000276,0.11664973900000007,False,False,False
dense_0_far_07_v0.0_h0.3,dense_0_far_07,5.35,0.0,0.3,binary_full,0,True,False,True,0,,90.41016799999824,0.0016220000027544756,0.0002909999992084522,44.530240000000276,0.15494232100000047,False,False,False
dense_0_far_07_v0.0_h0.3,dense_0_far_07,5.35,0.0,0.3,binary_combined,1,True,False,True,0,,112.8723849999993,0.0015639999979555341,0.00036900000210948747,44.530240000000276,0.17740455799999963,False,False,False
dense_0_far_07_v0.0_h0.3,dense_0_far_07,5.35,0.0,0.3,json_combined,2,True,False,True,0,,89.93319599999694,0.0014730000010843014,0.00032700000218710557,44.530240000000276,0.15446523600000048,False,False,False
dense_0_far_07_v0.0_h0.4,dense_0_far_07,5.35,0.0,0.4,binary_combined,0,True,False,True,0,,87.94025099999914,0.0010950000017828643,0.00029299999937393295,44.530240000000276,0.15247187900000056,False,False,False
dense_0_far_07_v0.0_h0.4,dense_0_far_07,5.35,0.0,0.4,json_combined,1,True,False,True,0,,126.33672300000143,0.0013390000006552327,0.0002240000007702747,44.530240000000276,0.19086852600000312,False,False,False
dense_0_far_07_v0.0_h0.4,dense_0_far_07,5.35,0.0,0.4,binary_full,2,True,False,True,0,,118.51159199999728,0.0015359999991915174,0.00023699999829318585,44.530240000000276,0.18304360499999503,False,False,False
dense_0_far_07_v0.5_h0.2,dense_0_far_07,5.35,0.5,0.2,json_combined,0,True,True,True,40238,81f7d03494d80690fcedaa2d33a5df12399db8e50b9fbf98c45a54a7a6900c16,65.28361300000185,17.452681000001746,0.5968779999996343,44.530240000000276,0.1478634120000035,False,False,False
dense_0_far_07_v0.5_h0.2,dense_0_far_07,5.35,0.5,0.2,binary_full,1,True,True,True,30904,96a70ec676c88a2ca74af0edb493c2e580a6a5375722594903f95bd0d5648ae4,119.46790800000073,12.154754000000878,0.0612470000014298,44.530240000000276,0.1962141490000033,False,False,False
dense_0_far_07_v0.5_h0.2,dense_0_far_07,5.35,0.5,0.2,binary_combined,2,True,True,True,30904,96a70ec676c88a2ca74af0edb493c2e580a6a5375722594903f95bd0d5648ae4,57.30290500000024,2.635574999999335,0.0615990000021327,44.530240000000276,0.12453031900000198,False,False,False
dense_0_far_07_v0.5_h0.3,dense_0_far_07,5.35,0.5,0.3,binary_full,0,True,False,True,0,,126.20327499999817,0.001052000001777742,0.00022700000101849582,44.530240000000276,0.19073479400000123,False,False,False
dense_0_far_07_v0.5_h0.3,dense_0_far_07,5.35,0.5,0.3,binary_combined,1,True,False,True,0,,91.98403599999949,0.0010870000011209413,0.0003050000003668174,44.530240000000276,0.15651566800000125,False,False,False
dense_0_far_07_v0.5_h0.3,dense_0_far_07,5.35,0.5,0.3,json_combined,2,True,False,True,0,,126.18178399999991,0.0014059999990934102,0.000267000000775397,44.530240000000276,0.19071369700000004,False,False,False
dense_0_far_07_v0.5_h0.4,dense_0_far_07,5.35,0.5,0.4,binary_combined,0,True,False,True,0,,118.46576100000306,0.0009309999988715845,0.00019500000192351763,44.530240000000276,0.18299712700000412,False,False,False
dense_0_far_07_v0.5_h0.4,dense_0_far_07,5.35,0.5,0.4,json_combined,1,True,False,True,0,,115.69740199999856,0.0010569999986387302,0.0002380000019286399,44.530240000000276,0.1802289369999994,False,False,False
dense_0_far_07_v0.5_h0.4,dense_0_far_07,5.35,0.5,0.4,binary_full,2,True,False,True,0,,117.72330700000211,0.0014929999991863951,0.0003050000003668174,44.530240000000276,0.18225534500000193,False,False,False
dense_0_far_07_v1.0_h0.2,dense_0_far_07,5.35,1.0,0.2,json_combined,0,True,True,True,41041,e07f6912fe2e2bcbae588c88df4482065a701d86af8285d84d44b6d0108869d2,71.87389699999969,28.285694999997446,0.7668900000012968,44.530240000000276,0.1654567219999987,False,False,False
dense_0_far_07_v1.0_h0.2,dense_0_far_07,5.35,1.0,0.2,binary_full,1,True,True,True,31524,5f1c94b4f587d9f019340872d5cc749f751b0ca39ae1b506274de611f87db3ec,85.95320399999906,27.002878000001118,0.06466099999968833,44.530240000000276,0.17755098300000013,False,False,False
dense_0_far_07_v1.0_h0.2,dense_0_far_07,5.35,1.0,0.2,binary_combined,2,True,True,True,31524,5f1c94b4f587d9f019340872d5cc749f751b0ca39ae1b506274de611f87db3ec,40.782096999997464,2.717773000000534,0.06589799999900947,44.530240000000276,0.10809600799999729,False,False,False
dense_0_far_07_v1.0_h0.3,dense_0_far_07,5.35,1.0,0.3,binary_full,0,True,False,True,0,,138.6699870000001,0.0011810000017931088,0.00024300000234234176,44.530240000000276,0.2032016510000045,False,False,False
dense_0_far_07_v1.0_h0.3,dense_0_far_07,5.35,1.0,0.3,binary_combined,1,True,False,True,0,,77.82823599999844,0.0009849999997868508,0.0002170000001910921,44.530240000000276,0.14235967799999868,False,False,False
dense_0_far_07_v1.0_h0.3,dense_0_far_07,5.35,1.0,0.3,json_combined,2,True,False,True,0,,128.99347500000147,0.0016179999988708005,0.00028299999854652924,44.530240000000276,0.19352561599999915,False,False,False
dense_0_far_07_v1.0_h0.4,dense_0_far_07,5.35,1.0,0.4,binary_combined,0,True,False,True,0,,90.36798700000048,0.0012239999982455174,0.0003060000004495578,44.530240000000276,0.15489975699999944,False,False,False
dense_0_far_07_v1.0_h0.4,dense_0_far_07,5.35,1.0,0.4,json_combined,1,True,False,True,0,,120.55983499999812,0.0018779999990670149,0.00033799999954453597,44.530240000000276,0.185092290999997,False,False,False
dense_0_far_07_v1.0_h0.4,dense_0_far_07,5.35,1.0,0.4,binary_full,2,True,False,True,0,,110.75777399999964,0.001890999996589926,0.0003020000001185963,44.530240000000276,0.17529020699999662,False,False,False
dense_0_far_08_v0.0_h0.2,dense_0_far_08,5.4,0.0,0.2,json_combined,0,True,True,True,39371,e8090ed1ebd02857744166f257a7608847802ed6e902dd64897b9a1742419a7b,72.17826600000166,15.312977000000672,0.5594699999988961,48.899433999999076,0.1569501470000003,False,False,False
dense_0_far_08_v0.0_h0.2,dense_0_far_08,5.4,0.0,0.2,binary_full,1,True,True,True,30244,8dbd75137e38130e16c7e976692d500faf200bd839bec13813cdae7e75d0116e,121.92042899999933,9.975052999998013,0.061080999998353036,48.899433999999076,0.20085599699999476,False,False,False
dense_0_far_08_v0.0_h0.2,dense_0_far_08,5.4,0.0,0.2,binary_combined,2,True,True,True,30244,8dbd75137e38130e16c7e976692d500faf200bd839bec13813cdae7e75d0116e,65.32787400000117,15.034289999999118,0.07260699999989129,48.899433999999076,0.14933420499999925,False,False,False
dense_0_far_08_v0.0_h0.3,dense_0_far_08,5.4,0.0,0.3,binary_full,0,True,False,True,0,,103.00509500000032,0.0017559999996308306,0.00031399999755876706,48.899433999999076,0.17190659899999658,False,False,False
dense_0_far_08_v0.0_h0.3,dense_0_far_08,5.4,0.0,0.3,binary_combined,1,True,False,True,0,,107.84774200000058,0.0008779999980390585,0.00029699999970489444,48.899433999999076,0.1767483509999974,False,False,False
dense_0_far_08_v0.0_h0.3,dense_0_far_08,5.4,0.0,0.3,json_combined,2,True,False,True,0,,103.8009279999983,0.0019650000027127135,0.0003849999998806197,48.899433999999076,0.17270271199999995,False,False,False
dense_0_far_08_v0.0_h0.4,dense_0_far_08,5.4,0.0,0.4,binary_combined,0,True,False,True,0,,110.28883699999881,0.0009649999981320434,0.00023000000481943061,48.899433999999076,0.17918946600000082,False,False,False
dense_0_far_08_v0.0_h0.4,dense_0_far_08,5.4,0.0,0.4,json_combined,1,True,False,True,0,,115.55386500000253,0.0015880000034940167,0.0002980000033403485,48.899433999999076,0.18445518500000843,False,False,False
dense_0_far_08_v0.0_h0.4,dense_0_far_08,5.4,0.0,0.4,binary_full,2,True,False,True,0,,108.2486939999967,0.002645000002132747,0.0004070000017009079,48.899433999999076,0.1771511799999996,False,False,False
dense_0_far_08_v0.5_h0.2,dense_0_far_08,5.4,0.5,0.2,json_combined,0,True,True,True,40238,73a2c510ec7cc2967e2168b95eb3cc66349d2214892c331341e5842bb755f20b,56.89025599999553,12.161852000005524,0.6463899999999967,48.899433999999076,0.13859793200000012,False,False,False
dense_0_far_08_v0.5_h0.2,dense_0_far_08,5.4,0.5,0.2,binary_full,1,True,True,True,30904,0b748df7a90f00fc345b6ca1d1019ea36e8b5d34a680a0841df7b199e2a1c32c,119.88233200000309,10.695353999999213,0.05627800000240768,48.899433999999076,0.19953339800000378,False,False,False
dense_0_far_08_v0.5_h0.2,dense_0_far_08,5.4,0.5,0.2,binary_combined,2,True,True,True,30904,0b748df7a90f00fc345b6ca1d1019ea36e8b5d34a680a0841df7b199e2a1c32c,42.39754200000334,14.14463500000096,0.06568100000237109,48.899433999999076,0.12550729200000574,False,False,False
dense_0_far_08_v0.5_h0.3,dense_0_far_08,5.4,0.5,0.3,binary_full,0,True,False,True,0,,133.71490100000472,0.002089000005867092,0.0002749999978846063,48.899433999999076,0.20261669900000753,False,False,False
dense_0_far_08_v0.5_h0.3,dense_0_far_08,5.4,0.5,0.3,binary_combined,1,True,False,True,0,,76.27417100000145,0.0016940000051590687,0.00029699999970489444,48.899433999999076,0.14517559600000537,False,False,False
dense_0_far_08_v0.5_h0.3,dense_0_far_08,5.4,0.5,0.3,json_combined,2,True,False,True,0,,130.04037400000357,0.0020519999992529847,0.00035999999425939677,48.899433999999076,0.19894221999999614,False,False,False
dense_0_far_08_v0.5_h0.4,dense_0_far_08,5.4,0.5,0.4,binary_combined,0,True,False,True,0,,78.3087950000052,0.0011469999989799362,0.0002749999978846063,48.899433999999076,0.14720965100000113,False,False,False
dense_0_far_08_v0.5_h0.4,dense_0_far_08,5.4,0.5,0.4,json_combined,1,True,False,True,0,,140.70489899999927,0.0014689999972006262,0.00029299999937393295,48.899433999999076,0.2096060949999949,False,False,False
dense_0_far_08_v0.5_h0.4,dense_0_far_08,5.4,0.5,0.4,binary_full,2,True,False,True,0,,108.26392199999901,0.00231399999961468,0.00030799999706232484,48.899433999999076,0.17716597799999476,False,False,False
dense_0_far_08_v1.0_h0.2,dense_0_far_08,5.4,1.0,0.2,json_combined,0,True,True,True,41041,d46c87229ebcccda74d218d87ac55fd43bb2d65bab671d500337c1cc32069d89,65.55744699999622,10.456279999999651,0.6068640000052028,48.899433999999076,0.14552002500000014,False,False,False
dense_0_far_08_v1.0_h0.2,dense_0_far_08,5.4,1.0,0.2,binary_full,1,True,True,True,31524,c5669e156ac7e9211a8c9af9975f4d7f080279c2fa6dbf5d9c7b36936b467a2c,108.52641700000021,27.16780500000482,0.06039200000174105,48.899433999999076,0.20465404800000583,False,False,False
dense_0_far_08_v1.0_h0.2,dense_0_far_08,5.4,1.0,0.2,binary_combined,2,True,True,True,31524,c5669e156ac7e9211a8c9af9975f4d7f080279c2fa6dbf5d9c7b36936b467a2c,52.222612999997864,2.729000000002202,0.05763899999777777,48.899433999999076,0.12390868599999692,False,False,False
dense_0_far_08_v1.0_h0.3,dense_0_far_08,5.4,1.0,0.3,binary_full,0,True,False,True,0,,121.47848300000419,0.0020399999982601003,0.0003040000038367907,48.899433999999076,0.19038026100000535,False,False,False
dense_0_far_08_v1.0_h0.3,dense_0_far_08,5.4,1.0,0.3,binary_combined,1,True,False,True,0,,94.18458900000104,0.0013400000042906868,0.0003609999978948508,48.899433999999076,0.1630857240000023,False,False,False
dense_0_far_08_v1.0_h0.3,dense_0_far_08,5.4,1.0,0.3,json_combined,2,True,False,True,0,,81.19088500000515,0.0016099999982088775,0.0003090000006977789,48.899433999999076,0.15009223800000313,False,False,False
dense_0_far_08_v1.0_h0.4,dense_0_far_08,5.4,1.0,0.4,binary_combined,0,True,False,True,0,,70.45414400000283,0.0017099999993774873,0.00028499999871201,48.899433999999076,0.13935557299999998,False,False,False
dense_0_far_08_v1.0_h0.4,dense_0_far_08,5.4,1.0,0.4,json_combined,1,True,False,True,0,,77.02789800000431,0.0016249999958972694,0.0002499999993688107,48.899433999999076,0.14592920699999865,False,False,False
dense_0_far_08_v1.0_h0.4,dense_0_far_08,5.4,1.0,0.4,binary_full,2,True,False,True,0,,115.59707100000338,0.0014210000003345158,0.00020299999903272692,48.899433999999076,0.18449812900000181,False,False,False
dense_0_far_09_v0.0_h0.2,dense_0_far_09,5.45,0.0,0.2,json_combined,0,True,True,True,39371,365ca32a3895417d1715ba9879dc66e6b88bf1d03a726ffc2da295592ad5ac73,87.02251799999772,18.513184999996213,0.698104000001365,57.61450700000381,0.1838483139999991,False,False,False
dense_0_far_09_v0.0_h0.2,dense_0_far_09,5.45,0.0,0.2,binary_full,1,True,True,True,30244,42853733349a098ee20159853bb793787f68d8f12b71980303bbbcf785e74831,106.99284200000392,10.31203000000147,0.053110000003187,57.61450700000381,0.19497248900001238,False,False,False
dense_0_far_09_v0.0_h0.2,dense_0_far_09,5.45,0.0,0.2,binary_combined,2,True,True,True,30244,42853733349a098ee20159853bb793787f68d8f12b71980303bbbcf785e74831,39.81629599999792,3.3878410000056647,0.05684999999999718,57.61450700000381,0.1208754940000074,False,False,False
dense_0_far_09_v0.0_h0.3,dense_0_far_09,5.45,0.0,0.3,binary_full,0,True,False,True,0,,82.36380099999963,0.0020940000027280803,0.000294000003009387,57.61450700000381,0.15998069600000916,False,False,False
dense_0_far_09_v0.0_h0.3,dense_0_far_09,5.45,0.0,0.3,binary_combined,1,True,False,True,0,,62.464314999999715,0.0013810000041303283,0.00037600000268867007,57.61450700000381,0.14008057900001034,False,False,False
dense_0_far_09_v0.0_h0.3,dense_0_far_09,5.45,0.0,0.3,json_combined,2,True,False,True,0,,82.31494400000372,0.0019300000033695142,0.0003369999959090819,57.61450700000381,0.1599317180000068,False,False,False
dense_0_far_09_v0.0_h0.4,dense_0_far_09,5.45,0.0,0.4,binary_combined,0,True,False,True,0,,134.73638800000032,0.0008620000002679262,0.00021900000035657285,57.61450700000381,0.21235197600000474,False,False,False
dense_0_far_09_v0.0_h0.4,dense_0_far_09,5.45,0.0,0.4,json_combined,1,True,False,True,0,,110.79808199999519,0.0012060000003089044,0.00022200000415750765,57.61450700000381,0.18841401700000346,False,False,False
dense_0_far_09_v0.0_h0.4,dense_0_far_09,5.45,0.0,0.4,binary_full,2,True,False,True,0,,107.13655699999691,0.0013009999975110986,0.000196000002006258,57.61450700000381,0.18475256100000023,False,False,False
dense_0_far_09_v0.5_h0.2,dense_0_far_09,5.45,0.5,0.2,json_combined,0,True,True,True,40238,4099f571bfadc7af2c7ce5c785ce314ad6168ff8daa56d979a88863cfc9f831a,80.3505630000032,8.557899999999563,0.6708299999971246,57.61450700000381,0.1671938000000037,False,False,False
dense_0_far_09_v0.5_h0.2,dense_0_far_09,5.45,0.5,0.2,binary_full,1,True,True,True,30904,037ddd192d473f246822257c071be93ef4afe8ec8528c48cd4a514f5b3a3ca44,122.07162600000032,10.333226999996725,0.05516099999880453,57.61450700000381,0.21007452099999965,False,False,False
dense_0_far_09_v0.5_h0.2,dense_0_far_09,5.45,0.5,0.2,binary_combined,2,True,True,True,30904,037ddd192d473f246822257c071be93ef4afe8ec8528c48cd4a514f5b3a3ca44,66.59564099999926,14.376296999998317,0.09320600000251034,57.61450700000381,0.1586796510000039,False,False,False
dense_0_far_09_v0.5_h0.3,dense_0_far_09,5.45,0.5,0.3,binary_full,0,True,False,True,0,,70.27703400000007,0.0019869999974275743,0.0003540000008683819,57.61450700000381,0.14789388200000217,False,False,False
dense_0_far_09_v0.5_h0.3,dense_0_far_09,5.45,0.5,0.3,binary_combined,1,True,False,True,0,,64.37358400000193,0.001187000002289551,0.00026999999391819074,57.61450700000381,0.14198954800000194,False,False,False
dense_0_far_09_v0.5_h0.3,dense_0_far_09,5.45,0.5,0.3,json_combined,2,True,False,True,0,,72.34626999999705,0.0017320000011977754,0.00032199999822069003,57.61450700000381,0.14996283100000027,False,False,False
dense_0_far_09_v0.5_h0.4,dense_0_far_09,5.45,0.5,0.4,binary_combined,0,True,False,True,0,,66.09063700000206,0.00144199999851935,0.00028499999871201,57.61450700000381,0.1437068710000031,False,False,False
dense_0_far_09_v0.5_h0.4,dense_0_far_09,5.45,0.5,0.4,json_combined,1,True,False,True,0,,135.921089,0.0017560000031835443,0.00024399999887236845,57.61450700000381,0.21353759600000585,False,False,False
dense_0_far_09_v0.5_h0.4,dense_0_far_09,5.45,0.5,0.4,binary_full,2,True,False,True,0,,127.32656599999359,0.0016110000018443316,0.00016499999588859282,57.61450700000381,0.20494284899999513,False,False,False
dense_0_far_09_v1.0_h0.2,dense_0_far_09,5.45,1.0,0.2,json_combined,0,True,True,True,41041,c7dff67cbea743c554a556f4094ed6a7c5d4f474e94c21c950c8c005b9bd372b,71.91138800000374,18.959457000001123,0.6992100000005053,57.61450700000381,0.16918456200000917,False,False,False
dense_0_far_09_v1.0_h0.2,dense_0_far_09,5.45,1.0,0.2,binary_full,1,True,True,True,31524,5c104baa4c1671bd732111783d13378fe75b74ebe81c2148861823c4e6b49adf,72.12318700000253,22.618741000002274,0.06967899999921201,57.61450700000381,0.17242611400000782,False,False,False
dense_0_far_09_v1.0_h0.2,dense_0_far_09,5.45,1.0,0.2,binary_combined,2,True,True,True,31524,5c104baa4c1671bd732111783d13378fe75b74ebe81c2148861823c4e6b49adf,58.71744299999904,14.372192999999811,0.08267399999795089,57.61450700000381,0.1507868170000006,False,False,False
dense_0_far_09_v1.0_h0.3,dense_0_far_09,5.45,1.0,0.3,binary_full,0,True,False,True,0,,129.64873399999988,0.0018229999980690081,0.00031600000482967516,57.61450700000381,0.20726538000000658,False,False,False
dense_0_far_09_v1.0_h0.3,dense_0_far_09,5.45,1.0,0.3,binary_combined,1,True,False,True,0,,107.95411900000573,0.0014439999986848306,0.0002660000006926566,57.61450700000381,0.1855703360000089,False,False,False
dense_0_far_09_v1.0_h0.3,dense_0_far_09,5.45,1.0,0.3,json_combined,2,True,False,True,0,,108.52124299999844,0.0014499999991812729,0.00031600000482967516,57.61450700000381,0.18613751600000625,False,False,False
dense_0_far_09_v1.0_h0.4,dense_0_far_09,5.45,1.0,0.4,binary_combined,0,True,False,True,0,,101.97686300000441,0.0031450000008703682,0.0003180000049951559,57.61450700000381,0.17959483300001408,False,False,False
dense_0_far_09_v1.0_h0.4,dense_0_far_09,5.45,1.0,0.4,json_combined,1,True,False,True,0,,126.69187000000193,0.0009560000009400937,0.00023499999457499143,57.61450700000381,0.20430756800000124,False,False,False
dense_0_far_09_v1.0_h0.4,dense_0_far_09,5.45,1.0,0.4,binary_full,2,True,False,True,0,,118.42425100000042,0.0015690000054746633,0.00021500000002561137,57.61450700000381,0.19604054200000973,False,False,False
dense_0_free_01_v0.0_h0.2,dense_0_free_01,5.550000000000001,0.0,0.2,json_combined,0,True,False,True,0,,53.34835500000423,0.0015009999998483181,0.0003199999980552093,56.30076599999967,0.1296509420000018,False,False,False
dense_0_free_01_v0.0_h0.2,dense_0_free_01,5.550000000000001,0.0,0.2,binary_full,1,True,False,True,0,,71.17368100000476,0.0019719999997391824,0.0002869999988774907,56.30076599999967,0.14747670600000304,False,False,False
dense_0_free_01_v0.0_h0.2,dense_0_free_01,5.550000000000001,0.0,0.2,binary_combined,2,True,False,True,0,,44.53289499999613,0.0011979999996469815,0.00032799999871713226,56.30076599999967,0.12083518699999417,False,False,False
dense_0_free_01_v0.0_h0.3,dense_0_free_01,5.550000000000001,0.0,0.3,binary_full,0,True,False,True,0,,75.90356000000043,0.0019269999995685794,0.0003159999977242478,56.30076599999967,0.15220656899999738,False,False,False
dense_0_free_01_v0.0_h0.3,dense_0_free_01,5.550000000000001,0.0,0.3,binary_combined,1,True,False,True,0,,51.311550999997735,0.001259999997671457,0.00028299999854652924,56.30076599999967,0.1276138599999936,False,False,False
dense_0_free_01_v0.0_h0.3,dense_0_free_01,5.550000000000001,0.0,0.3,json_combined,2,True,False,True,0,,74.26683999999995,0.0020149999997443047,0.00028200000201650255,56.30076599999967,0.15056990300000136,False,False,False
dense_0_free_01_v0.0_h0.4,dense_0_free_01,5.550000000000001,0.0,0.4,binary_combined,0,True,False,True,0,,64.65639999999695,0.0017019999987155643,0.00030399999673136335,56.30076599999967,0.14095917199999206,False,False,False
dense_0_free_01_v0.0_h0.4,dense_0_free_01,5.550000000000001,0.0,0.4,json_combined,1,True,False,True,0,,79.40636000000012,0.002495000003932546,0.00030799999706232484,56.30076599999967,0.15570992900000077,False,False,False
dense_0_free_01_v0.0_h0.4,dense_0_free_01,5.550000000000001,0.0,0.4,binary_full,2,True,False,True,0,,69.9805100000006,0.0021639999943090515,0.0002660000006926566,56.30076599999967,0.14628370599999527,False,False,False
dense_0_free_01_v0.5_h0.2,dense_0_free_01,5.550000000000001,0.5,0.2,json_combined,0,True,False,True,0,,47.072986000003425,0.001330000003463283,0.0003090000006977789,56.30076599999967,0.12337539100000726,False,False,False
dense_0_free_01_v0.5_h0.2,dense_0_free_01,5.550000000000001,0.5,0.2,binary_full,1,True,False,True,0,,121.28534900000432,0.0023969999958239896,0.00034600000020645894,56.30076599999967,0.197588858,False,False,False
dense_0_free_01_v0.5_h0.2,dense_0_free_01,5.550000000000001,0.5,0.2,binary_combined,2,True,False,True,0,,48.22277299999911,0.0013410000008207135,0.00032700000218710557,56.30076599999967,0.12452520700000179,False,False,False
dense_0_free_01_v0.5_h0.3,dense_0_free_01,5.550000000000001,0.5,0.3,binary_full,0,True,False,True,0,,83.89201800000023,0.002390000005902948,0.00033400000631900184,56.30076599999967,0.16019550800001212,False,False,False
dense_0_free_01_v0.5_h0.3,dense_0_free_01,5.550000000000001,0.5,0.3,binary_combined,1,True,False,True,0,,52.52627099999785,0.0012369999993211422,0.00027800000168554106,56.30076599999967,0.12882855199999851,False,False,False
dense_0_free_01_v0.5_h0.3,dense_0_free_01,5.550000000000001,0.5,0.3,json_combined,2,True,False,True,0,,64.48235999999952,0.0012260000019637118,0.00024799999920332993,56.30076599999967,0.14078460000000034,False,False,False
dense_0_free_01_v0.5_h0.4,dense_0_free_01,5.550000000000001,0.5,0.4,binary_combined,0,True,False,True,0,,109.301710000004,0.0016970000018545761,0.00034600000020645894,56.30076599999967,0.1856045190000057,False,False,False
dense_0_free_01_v0.5_h0.4,dense_0_free_01,5.550000000000001,0.5,0.4,json_combined,1,True,False,True,0,,106.11256600000019,0.0013040000013120334,0.00022999999771400326,56.30076599999967,0.18241486599999887,False,False,False
dense_0_free_01_v0.5_h0.4,dense_0_free_01,5.550000000000001,0.5,0.4,binary_full,2,True,False,True,0,,116.0827929999968,0.001647000004822985,0.00021299999986013063,56.30076599999967,0.19238541900000114,False,False,False
dense_0_free_01_v1.0_h0.2,dense_0_free_01,5.550000000000001,1.0,0.2,json_combined,0,True,False,True,0,,106.67213300000356,0.0029159999996863917,0.00033299999557812043,56.30076599999967,0.18297614799999848,False,False,False
dense_0_free_01_v1.0_h0.2,dense_0_free_01,5.550000000000001,1.0,0.2,binary_full,1,True,False,True,0,,111.90710799999692,0.0014770000049679766,0.0002499999993688107,56.30076599999967,0.18820960100000092,False,False,False
dense_0_free_01_v1.0_h0.2,dense_0_free_01,5.550000000000001,1.0,0.2,binary_combined,2,True,False,True,0,,38.89924699999625,0.0011850000021240703,0.0003159999977242478,56.30076599999967,0.11520151399999577,False,False,False
dense_0_free_01_v1.0_h0.3,dense_0_free_01,5.550000000000001,1.0,0.3,binary_full,0,True,False,True,0,,94.27420200000114,0.0024799999991387267,0.0002880000025129448,56.30076599999967,0.17057773600000245,False,False,False
dense_0_free_01_v1.0_h0.3,dense_0_free_01,5.550000000000001,1.0,0.3,binary_combined,1,True,False,True,0,,66.5524929999961,0.0013699999996674705,0.0002809999983810485,56.30076599999967,0.1428549099999938,False,False,False
dense_0_free_01_v1.0_h0.3,dense_0_free_01,5.550000000000001,1.0,0.3,json_combined,2,True,False,True,0,,149.5840249999958,0.0022469999976237887,0.0003259999985516515,56.30076599999967,0.22588736399999162,False,False,False
dense_0_free_01_v1.0_h0.4,dense_0_free_01,5.550000000000001,1.0,0.4,binary_combined,0,True,False,True,0,,95.12023999999997,0.0019490000013888675,0.00025099999589883737,56.30076599999967,0.1714232059999969,False,False,False
dense_0_free_01_v1.0_h0.4,dense_0_free_01,5.550000000000001,1.0,0.4,json_combined,1,True,False,True,0,,120.64086000000174,0.0017619999965745592,0.0002060000028336617,56.30076599999967,0.1969435940000008,False,False,False
dense_0_free_01_v1.0_h0.4,dense_0_free_01,5.550000000000001,1.0,0.4,binary_full,2,True,False,True,0,,114.09744099999841,0.002055999999583946,0.00020099999886724618,56.30076599999967,0.19040046399999652,False,False,False
dense_0_free_02_v0.0_h0.2,dense_0_free_02,5.6,0.0,0.2,json_combined,0,True,True,True,39372,6c63edb3f9706275456d1854e663c6f290db2f491d9fb880b735ee9e1d7a934f,85.75778299999826,10.783457000002272,0.6741680000033057,54.92483400000481,0.17214024200000863,False,False,False
dense_0_free_02_v0.0_h0.2,dense_0_free_02,5.6,0.0,0.2,binary_full,1,True,True,True,30245,03346d9c0a3d8b69a0942b39149c9301cf3b1f305781f38345e782ccb72cdd8b,121.62627600000064,10.288990999995917,0.057286000000544846,54.92483400000481,0.2068973870000019,False,False,False
dense_0_free_02_v0.0_h0.2,dense_0_free_02,5.6,0.0,0.2,binary_combined,2,True,True,True,30245,03346d9c0a3d8b69a0942b39149c9301cf3b1f305781f38345e782ccb72cdd8b,48.43408199999999,14.086867000003167,0.08943800000338342,54.92483400000481,0.13753522100001134,False,False,False
dense_0_free_02_v0.0_h0.3,dense_0_free_02,5.6,0.0,0.3,binary_full,0,True,True,True,40605,de3e870a4ec235d93efbeba39c729599838185cefd034fd45c6d56719372a390,83.68882500000296,34.94554299999919,0.06549499999408681,54.92483400000481,0.19362469700000104,False,False,False
dense_0_free_02_v0.0_h0.3,dense_0_free_02,5.6,0.0,0.3,binary_combined,1,True,True,True,40605,de3e870a4ec235d93efbeba39c729599838185cefd034fd45c6d56719372a390,49.8311249999972,28.83647499999853,0.07836700000041219,54.92483400000481,0.15367080100000094,False,False,False
dense_0_free_02_v0.0_h0.3,dense_0_free_02,5.6,0.0,0.3,json_combined,2,True,True,True,53046,14f4b6b03d67cd0b12eb6f56abc399e9b327f4eec64e5970918329b360cf5096,85.47831199999933,39.91176699999954,0.5837849999963396,54.92483400000481,0.20089869800000001,False,False,False
dense_0_free_02_v0.0_h0.4,dense_0_free_02,5.6,0.0,0.4,binary_combined,0,True,True,True,53985,54d18b03e01c1acec1b540cbad09fd52b8ea6907af89e8b817b4910ec977b025,84.02057100000349,35.221911000000716,0.06661700000165638,54.92483400000481,0.19423393300001066,False,False,False
dense_0_free_02_v0.0_h0.4,dense_0_free_02,5.6,0.0,0.4,json_combined,1,True,True,True,70693,b03b413404bbfe48d1f11aa2c114c0aeb4545ca4c8e3305d17b701492bd151db,87.13803899999562,35.87654700000087,0.659216999999046,54.92483400000481,0.19859863700000033,False,False,False
dense_0_free_02_v0.0_h0.4,dense_0_free_02,5.6,0.0,0.4,binary_full,2,True,True,True,53985,54d18b03e01c1acec1b540cbad09fd52b8ea6907af89e8b817b4910ec977b025,108.9516340000003,21.70139999999776,0.06341199999582159,54.92483400000481,0.20564127999999868,False,False,False
dense_0_free_02_v0.5_h0.2,dense_0_free_02,5.6,0.5,0.2,json_combined,0,True,True,True,40235,4fae677b4c6e09df2756b3605e7da7b8b81ff1ca918f4da9ae1ee4572f4ea352,74.36344599999956,20.516182999998023,0.7464240000061295,54.92483400000481,0.1705508870000085,False,False,False
dense_0_free_02_v0.5_h0.2,dense_0_free_02,5.6,0.5,0.2,binary_full,1,True,True,True,30905,502e59b76d7d314ea0f93611b57f9eda17888d2ddf41aa34620a9259dcba429f,68.40816000000416,34.7156580000032,0.0809840000002282,54.92483400000481,0.1781296360000124,False,False,False
dense_0_free_02_v0.5_h0.2,dense_0_free_02,5.6,0.5,0.2,binary_combined,2,True,True,True,30905,502e59b76d7d314ea0f93611b57f9eda17888d2ddf41aa34620a9259dcba429f,57.807052999997666,14.91914300000019,0.06999299999677078,54.92483400000481,0.14772102299999942,False,False,False
dense_0_free_02_v0.5_h0.3,dense_0_free_02,5.6,0.5,0.3,binary_full,0,True,True,True,41605,bcc43f450f353b98a6c325b543f41d70d832ff649edbb149dde14c823183d945,82.92315299999586,30.257229999996582,0.0644109999967668,54.92483400000481,0.188169627999994,False,False,False
dense_0_free_02_v0.5_h0.3,dense_0_free_02,5.6,0.5,0.3,binary_combined,1,True,True,True,41605,bcc43f450f353b98a6c325b543f41d70d832ff649edbb149dde14c823183d945,73.48963100000105,45.973259000000155,0.06191300000324418,54.92483400000481,0.19444963700000925,False,False,False
dense_0_free_02_v0.5_h0.3,dense_0_free_02,5.6,0.5,0.3,json_combined,2,True,True,True,54341,08a0f460e5bae984b4359b571ba700936de8fa054cba9b092180e60158659514,63.66294700000452,48.11169700000306,0.5272360000034837,54.92483400000481,0.18722671400001586,False,False,False
dense_0_free_02_v0.5_h0.4,dense_0_free_02,5.6,0.5,0.4,binary_combined,0,True,True,True,55325,59355592a87b8272bf2833ec261a1a49549e57744ff6df87bf4b31a390a71ed8,45.58018599999514,37.89696899999484,0.0729990000039038,54.92483400000481,0.15847498799999868,False,False,False
dense_0_free_02_v0.5_h0.4,dense_0_free_02,5.6,0.5,0.4,json_combined,1,True,True,True,72442,ea66013d35c4a39895bdb4b5a12e5afe434c11bff4ba7b45991c22761460ecd1,96.58703899999921,33.767281999999454,0.6728950000010059,54.92483400000481,0.20595205000000447,False,False,False
dense_0_free_02_v0.5_h0.4,dense_0_free_02,5.6,0.5,0.4,binary_full,2,True,True,True,55325,59355592a87b8272bf2833ec261a1a49549e57744ff6df87bf4b31a390a71ed8,117.0267669999987,20.187638000003005,0.06466199999977107,54.92483400000481,0.21220390100000627,False,False,False
dense_0_free_02_v1.0_h0.2,dense_0_free_02,5.6,1.0,0.2,json_combined,0,True,True,True,41038,c62ab1dac7de13d6fbbeae4f95be22dcbbeb8c960caa855100efdad9fd77da22,92.68121000000207,14.730016999997986,0.7803609999967875,54.92483400000481,0.18311642200000164,False,False,False
dense_0_free_02_v1.0_h0.2,dense_0_free_02,5.6,1.0,0.2,binary_full,1,True,True,True,31525,056c06b391d16fab929b6ad8363027b582b8b9de4b11d072f64f58421d3d5a92,87.80673300000075,20.655643000004886,0.06203499999912765,54.92483400000481,0.18344924500000956,False,False,False
dense_0_free_02_v1.0_h0.2,dense_0_free_02,5.6,1.0,0.2,binary_combined,2,True,True,True,31525,056c06b391d16fab929b6ad8363027b582b8b9de4b11d072f64f58421d3d5a92,53.92658800000305,17.434684000001255,0.08011300000276833,54.92483400000481,0.14636621900001187,False,False,False
dense_0_free_02_v1.0_h0.3,dense_0_free_02,5.6,1.0,0.3,binary_full,0,True,True,True,43145,690e8388e31aec931da6bdcd93a2df7bd600bf38d5fd19a341f1861a585ebca7,80.98181300000107,31.088675999995985,0.07738099999698989,54.92483400000481,0.18707270399999884,False,False,False
dense_0_free_02_v1.0_h0.3,dense_0_free_02,5.6,1.0,0.3,binary_combined,1,True,True,True,43145,690e8388e31aec931da6bdcd93a2df7bd600bf38d5fd19a341f1861a585ebca7,51.924206999999,40.06518199999931,0.09093999999976177,54.92483400000481,0.16700516300000287,False,False,False
dense_0_free_02_v1.0_h0.3,dense_0_free_02,5.6,1.0,0.3,json_combined,2,True,True,True,56354,bf9322ed948335af12056a5c4b11a4339f72a4f150c620388025d9d66a54023b,86.12702799999994,36.18093100000408,0.7934309999981792,54.92483400000481,0.198026224000007,False,False,False
dense_0_free_02_v1.0_h0.4,dense_0_free_02,5.6,1.0,0.4,binary_combined,0,True,True,True,57125,de4d847d7591c0797467cd998e571423aac7556d7decf7f326e44773bd97fe26,58.242660000004776,53.213151000001346,0.08080199999938031,54.92483400000481,0.1864614470000103,False,False,False
dense_0_free_02_v1.0_h0.4,dense_0_free_02,5.6,1.0,0.4,json_combined,1,True,True,True,74790,52cf335ba2fe96a6cac605c20b8249c8e674ee9d42160e94485dc92217068e9d,91.37483199999963,34.95136899999807,0.696111999999971,54.92483400000481,0.20194714700000246,False,False,False
dense_0_free_02_v1.0_h0.4,dense_0_free_02,5.6,1.0,0.4,binary_full,2,True,True,True,57125,de4d847d7591c0797467cd998e571423aac7556d7decf7f326e44773bd97fe26,126.0768129999974,21.908916000001,0.06493899999782116,54.92483400000481,0.22297550200000102,False,False,False
dense_0_free_03_v0.0_h0.2,dense_0_free_03,5.65,0.0,0.2,json_combined,0,True,True,True,39372,99251236d7ccad124af8244055c7214f275175e3e404ea007d5d7b5d06fced35,51.15067700000253,6.923086999996997,0.6704810000002226,43.389707999999416,0.12213395299999917,False,False,False
dense_0_free_03_v0.0_h0.2,dense_0_free_03,5.65,0.0,0.2,binary_full,1,True,True,True,30245,ebc8ef55baa92819726318070372b6340d555a81ab2a039442ce6cd6f7dae406,90.55437100000319,29.958978000003356,0.0905560000035166,43.389707999999416,0.18399361300000946,False,False,False
dense_0_free_03_v0.0_h0.2,dense_0_free_03,5.65,0.0,0.2,binary_combined,2,True,True,True,30245,ebc8ef55baa92819726318070372b6340d555a81ab2a039442ce6cd6f7dae406,36.60160199999751,14.823133999996685,0.09189800000086734,43.389707999999416,0.11490634199999449,False,False,False
dense_0_free_03_v0.0_h0.3,dense_0_free_03,5.65,0.0,0.3,binary_full,0,True,True,True,40605,542131866378ef7d2a1f96922d0c91ac12b0f2424b46dae173dc7c174dece678,144.79377099999624,14.088085999993893,0.061909999999443244,43.389707999999416,0.22233347499998898,False,False,False
dense_0_free_03_v0.0_h0.3,dense_0_free_03,5.65,0.0,0.3,binary_combined,1,True,True,True,40605,542131866378ef7d2a1f96922d0c91ac12b0f2424b46dae173dc7c174dece678,53.84157399999623,4.049333000004651,0.05714099999920563,43.389707999999416,0.1213377559999995,False,False,False
dense_0_free_03_v0.0_h0.3,dense_0_free_03,5.65,0.0,0.3,json_combined,2,True,True,True,53046,e59a8b0ed0ca557b24838d85d15ccc418201e6c1082f4f8d961f01d624ca0bb1,55.170365000002164,9.070287000000121,0.8180709999976443,43.389707999999416,0.12844843099999934,False,False,False
dense_0_free_03_v0.0_h0.4,dense_0_free_03,5.65,0.0,0.4,binary_combined,0,True,True,True,53985,077ed6791a02dd66723231f83962925eb3955e2512f5496fb927cc819bef037a,45.74496099999692,4.756929999999215,0.06395799999836527,43.389707999999416,0.11395555699999392,True,True,False
dense_0_free_03_v0.0_h0.4,dense_0_free_03,5.65,0.0,0.4,json_combined,1,True,True,True,70693,8aea3fd4d69c3578ad8cfbe0689c4a527a2bad576ecb75c867e98760797c7738,61.780212999998696,14.613037000003715,1.2956459999955428,43.389707999999416,0.14107860399999736,False,False,False
dense_0_free_03_v0.0_h0.4,dense_0_free_03,5.65,0.0,0.4,binary_full,2,True,True,True,53985,077ed6791a02dd66723231f83962925eb3955e2512f5496fb927cc819bef037a,84.27437300000662,30.82286200000084,0.06347499999748152,43.389707999999416,0.17855041800000435,False,False,False
dense_0_free_03_v0.5_h0.2,dense_0_free_03,5.65,0.5,0.2,json_combined,0,True,True,True,40235,bab9727eb9a35c4f724208fc9035f4b6c6332f67f2495aaa37a07f1d67574cb7,83.83974699999897,23.627726000000848,0.38943100000210507,43.389707999999416,0.17124661200000132,False,False,False
dense_0_free_03_v0.5_h0.2,dense_0_free_03,5.65,0.5,0.2,binary_full,1,True,True,True,30905,203fed9a4085e16a0da7d1c272d9cc3e3d56caefd9e4d450f7142c52d725593c,117.1412289999978,10.986140999996508,0.06150600000154327,43.389707999999416,0.19157858399999525,False,False,False
dense_0_free_03_v0.5_h0.2,dense_0_free_03,5.65,0.5,0.2,binary_combined,2,True,True,True,30905,203fed9a4085e16a0da7d1c272d9cc3e3d56caefd9e4d450f7142c52d725593c,49.88845799999808,4.169634999996674,0.07108500000185813,43.389707999999416,0.11751888599999603,False,False,False
dense_0_free_03_v0.5_h0.3,dense_0_free_03,5.65,0.5,0.3,binary_full,0,True,True,True,41605,c2f179f9e26fcf334ba4869930bd5b517af0d6cceba26a9dc1e443c35213f141,79.2138520000023,25.51422999999886,0.07754100000312292,43.389707999999416,0.1681953310000037,False,False,False
dense_0_free_03_v0.5_h0.3,dense_0_free_03,5.65,0.5,0.3,binary_combined,1,True,True,True,41605,c2f179f9e26fcf334ba4869930bd5b517af0d6cceba26a9dc1e443c35213f141,72.7797670000001,15.641297000001941,0.081068999996603,43.389707999999416,0.15189184099999806,False,False,False
dense_0_free_03_v0.5_h0.3,dense_0_free_03,5.65,0.5,0.3,json_combined,2,True,True,True,54341,fe5c44e1fb9575be306d216c5bcd6d1348667fea3afcb96bfdc76eb2c000f110,58.795150999998214,14.121787999997082,0.8714310000002001,43.389707999999416,0.1371780779999949,False,False,False
dense_0_free_03_v0.5_h0.4,dense_0_free_03,5.65,0.5,0.4,binary_combined,0,True,True,True,55325,a8e106ffe4fd8bc76c94985ba652fa2af1eb4d896c5040f5d3ef96a56543baa2,68.38804699999912,7.564502000001028,0.14639800000537662,43.389707999999416,0.13948865500000493,False,False,False
dense_0_free_03_v0.5_h0.4,dense_0_free_03,5.65,0.5,0.4,json_combined,1,True,True,True,72442,d91c6e12f51bc0e2cc2f5ca41e98b6d167122a6874f4d81e85e1ff8884127f78,79.70234000000431,13.452872999998533,2.949354999998377,43.389707999999416,0.15949427600000063,False,False,False
dense_0_free_03_v0.5_h0.4,dense_0_free_03,5.65,0.5,0.4,binary_full,2,True,True,True,55325,a8e106ffe4fd8bc76c94985ba652fa2af1eb4d896c5040f5d3ef96a56543baa2,143.11353600000132,20.522871999993697,0.06376500000015994,43.389707999999416,0.22708988099999458,False,False,False
dense_0_free_03_v1.0_h0.2,dense_0_free_03,5.65,1.0,0.2,json_combined,0,True,True,True,41038,6a3f382e07881f48dd6bcaa988a96df313a6dd2fe34e31ca7a0dba6e36410cfd,48.87407999999738,7.381117000001325,0.6917919999978039,43.389707999999416,0.12033669699999593,False,False,False
dense_0_free_03_v1.0_h0.2,dense_0_free_03,5.65,1.0,0.2,binary_full,1,True,True,True,31525,8923ddf2f6785c6c5276145d82732f381643daf5890c6eb76a827547e1bb0a6d,64.42865800000419,33.9189090000005,0.08625100000614339,43.389707999999416,0.16182352600001024,False,False,False
dense_0_free_03_v1.0_h0.2,dense_0_free_03,5.65,1.0,0.2,binary_combined,2,True,True,True,31525,8923ddf2f6785c6c5276145d82732f381643daf5890c6eb76a827547e1bb0a6d,50.11496400000226,3.5170849999985876,0.06815900000134434,43.389707999999416,0.11708991600000161,False,False,False
dense_0_free_03_v1.0_h0.3,dense_0_free_03,5.65,1.0,0.3,binary_full,0,True,True,True,43145,891e2479864f033374da3377c36f63dc4c6f66947bf32a0b3b13d99701973ead,135.55242599999673,14.222648000000504,0.06333299999994324,43.389707999999416,0.21322811499999658,False,False,False
dense_0_free_03_v1.0_h0.3,dense_0_free_03,5.65,1.0,0.3,binary_combined,1,True,True,True,43145,891e2479864f033374da3377c36f63dc4c6f66947bf32a0b3b13d99701973ead,49.09353899999758,11.361462000003542,0.07895500000643096,43.389707999999416,0.12392366400000697,False,False,False
dense_0_free_03_v1.0_h0.3,dense_0_free_03,5.65,1.0,0.3,json_combined,2,True,True,True,56354,581b65b24a96c824487b0352e28875d47dacd5a12a86bdbfe3d0ae0e0c04a935,100.52786600000019,19.777482999998597,1.313840999998206,43.389707999999416,0.1850088979999964,False,False,False
dense_0_free_03_v1.0_h0.4,dense_0_free_03,5.65,1.0,0.4,binary_combined,0,True,True,True,57125,ccb95867eb2a76491954073764d6a8376ed3f1c38d7c0730197b6f3d11078534,44.769306999995706,17.21174100000411,0.08192100000314895,43.389707999999416,0.12545267700000237,False,False,False
dense_0_free_03_v1.0_h0.4,dense_0_free_03,5.65,1.0,0.4,json_combined,1,True,True,True,74790,2182d365a83f141f1eb3aed9683896ecd8307f77ad641291dc46fa3acadd451a,112.6633140000024,8.001268999997535,0.6788110000002234,43.389707999999416,0.18473310199999957,False,False,False
dense_0_free_03_v1.0_h0.4,dense_0_free_03,5.65,1.0,0.4,binary_full,2,True,True,True,57125,ccb95867eb2a76491954073764d6a8376ed3f1c38d7c0730197b6f3d11078534,113.02989999999369,21.673868000000596,0.06261400000084905,43.389707999999416,0.19815608999999454,False,False,False
dense_0_free_04_v0.0_h0.2,dense_0_free_04,5.7,0.0,0.2,json_combined,0,True,True,True,39372,7432247af4bf883ade69ca0a5ad1de18b37267ec5c45745b548c930d1b004097,57.37620999999393,16.489436000000524,0.6732169999992266,70.38995700000328,0.16492881999999695,False,False,False
dense_0_free_04_v0.0_h0.2,dense_0_free_04,5.7,0.0,0.2,binary_full,1,True,True,True,30245,d7564e47c2f9e0c4070a60ba138058a5bd4cd6585f37311d2f9df06fb2153189,91.41579599999972,33.796169000005705,0.0660630000055562,70.38995700000328,0.21566798500001425,False,False,False
dense_0_free_04_v0.0_h0.2,dense_0_free_04,5.7,0.0,0.2,binary_combined,2,True,True,True,30245,d7564e47c2f9e0c4070a60ba138058a5bd4cd6585f37311d2f9df06fb2153189,35.69786100000272,3.4720880000023158,0.059100000001421904,70.38995700000328,0.12961900600000972,False,False,False
dense_0_free_04_v0.0_h0.3,dense_0_free_04,5.7,0.0,0.3,binary_full,0,True,True,True,40605,5be70271e04e3f592d4570fdd2ee1a5a96b1e6a0ddc5c8fc19bb96b18b864a2d,141.08745699999758,15.003557,0.06164599999891607,70.38995700000328,0.24654261699999977,False,False,False
dense_0_free_04_v0.0_h0.3,dense_0_free_04,5.7,0.0,0.3,binary_combined,1,True,True,True,40605,5be70271e04e3f592d4570fdd2ee1a5a96b1e6a0ddc5c8fc19bb96b18b864a2d,42.79778699999781,3.17212099999864,0.06059400000424375,70.38995700000328,0.13642045900000396,False,False,False
dense_0_free_04_v0.0_h0.3,dense_0_free_04,5.7,0.0,0.3,json_combined,2,True,True,True,53046,e143f88941d5353f9bdfa73cf39b8a5514efcc7b13f844d5651bc88ea2295666,60.85795799999971,25.046122999995646,0.8863199999993299,70.38995700000328,0.17718035799999796,False,False,False
dense_0_free_04_v0.0_h0.4,dense_0_free_04,5.7,0.0,0.4,binary_combined,0,True,True,True,53985,76b19108348f9ba3e2dbd5a98dcfcd26763a2fa798305848b6177f6c15443c33,73.85017699999707,15.931934000001036,0.080893999999887,70.38995700000328,0.18025296200000127,False,False,False
dense_0_free_04_v0.0_h0.4,dense_0_free_04,5.7,0.0,0.4,json_combined,1,True,True,True,70693,0fbf041ed7a1596cf3dcb01c85df16a93be2b2a42633080d4e8f2eae85fc6581,73.87607899999438,22.89093000000264,1.2950230000043916,70.38995700000328,0.18845198900000468,False,False,False
dense_0_free_04_v0.0_h0.4,dense_0_free_04,5.7,0.0,0.4,binary_full,2,True,True,True,53985,76b19108348f9ba3e2dbd5a98dcfcd26763a2fa798305848b6177f6c15443c33,102.56864000000121,22.073337999998444,0.0707320000046252,70.38995700000328,0.21510266700000755,False,False,False
dense_0_free_04_v0.5_h0.2,dense_0_free_04,5.7,0.5,0.2,json_combined,0,True,True,True,40235,10e2756a1a86af397de8368b8331f4531a2635dc8e9b6a3b92b56624bd914529,71.96564999999566,27.197366000002887,0.8045699999996714,70.38995700000328,0.1903575430000015,False,False,False
dense_0_free_04_v0.5_h0.2,dense_0_free_04,5.7,0.5,0.2,binary_full,1,True,True,True,30905,48c307b20a120d4e6a60e1c18499ba94133730769e6fb765b8f35976a29727f1,101.40330100000483,14.515942999999254,0.06311899999644766,70.38995700000328,0.2063723200000038,False,False,False
dense_0_free_04_v0.5_h0.2,dense_0_free_04,5.7,0.5,0.2,binary_combined,2,True,True,True,30905,48c307b20a120d4e6a60e1c18499ba94133730769e6fb765b8f35976a29727f1,41.92339000000089,15.205141999999228,0.07509099999936097,70.38995700000328,0.14759358000000275,False,False,False
dense_0_free_04_v0.5_h0.3,dense_0_free_04,5.7,0.5,0.3,binary_full,0,True,True,True,41605,590dfaa324a02f38e3644ccf2d64b72160fc6ebd74a4aa2dd553adb9ae6e86d9,129.88997800000135,16.10128600000138,0.06469999999580978,70.38995700000328,0.2364459210000018,False,False,False
dense_0_free_04_v0.5_h0.3,dense_0_free_04,5.7,0.5,0.3,binary_combined,1,True,True,True,41605,590dfaa324a02f38e3644ccf2d64b72160fc6ebd74a4aa2dd553adb9ae6e86d9,53.686855000002254,3.9373789999999076,0.0750990000000229,70.38995700000328,0.14808929000000545,False,False,False
dense_0_free_04_v0.5_h0.3,dense_0_free_04,5.7,0.5,0.3,json_combined,2,True,True,True,54341,28f6f8466e66272c77f0a1b0f72eeec9d9c981c8d5a8fa51d62f61303a857bb9,81.15379699999892,26.21761600000383,0.9596030000054157,70.38995700000328,0.19872097300001143,False,False,False
dense_0_free_04_v0.5_h0.4,dense_0_free_04,5.7,0.5,0.4,binary_combined,0,True,True,True,55325,da6e1376a8c7e237a8d5068b3119c4d0d1bc440a9e479dc650f135520c2211cc,65.1461960000006,5.21758200000022,0.06225699999617973,70.38995700000328,0.16081599200000027,False,False,False
dense_0_free_04_v0.5_h0.4,dense_0_free_04,5.7,0.5,0.4,json_combined,1,True,True,True,72442,f6906e00912cabf07bc9b70a87413a3b55154551fc61562b5c8636bac5b26efb,96.40096799999753,20.120124999998268,0.8487309999978265,70.38995700000328,0.2077597809999969,False,False,False
dense_0_free_04_v0.5_h0.4,dense_0_free_04,5.7,0.5,0.4,binary_full,2,True,True,True,55325,da6e1376a8c7e237a8d5068b3119c4d0d1bc440a9e479dc650f135520c2211cc,123.59933699999459,20.319892000003392,0.06063000000011698,70.38995700000328,0.23436981600000137,False,False,False
dense_0_free_04_v1.0_h0.2,dense_0_free_04,5.7,1.0,0.2,json_combined,0,True,True,True,41038,0fa7f4c813797ef80ede2a1b72e851fd1073e0ac45f546f7ee7917eeff9b1049,72.07994899999903,19.521748000002503,0.7473820000001297,70.38995700000328,0.18273903600000493,False,False,False
dense_0_free_04_v1.0_h0.2,dense_0_free_04,5.7,1.0,0.2,binary_full,1,True,True,True,31525,991fe878073ea815c77709e2b4d910a11bb4bec607e9492952b0740ecbf89ef7,116.6917409999968,10.718823000004818,0.06161499999990383,70.38995700000328,0.21786213600000479,False,False,False
dense_0_free_04_v1.0_h0.2,dense_0_free_04,5.7,1.0,0.2,binary_combined,2,True,True,True,31525,991fe878073ea815c77709e2b4d910a11bb4bec607e9492952b0740ecbf89ef7,61.655293000001166,3.732970999998031,0.0629299999985733,70.38995700000328,0.15584115100000104,False,False,False
dense_0_free_04_v1.0_h0.3,dense_0_free_04,5.7,1.0,0.3,binary_full,0,True,True,True,43145,734cd8ca0db658ffd8c5149f1ca7ef8d2a8967d3c9472c7b72191c5430484478,100.10536699999761,23.79993800000335,0.06446299999396388,70.38995700000328,0.2143597249999982,False,False,False
dense_0_free_04_v1.0_h0.3,dense_0_free_04,5.7,1.0,0.3,binary_combined,1,True,True,True,43145,734cd8ca0db658ffd8c5149f1ca7ef8d2a8967d3c9472c7b72191c5430484478,60.374711999998,9.227111000001287,0.07577399999547652,70.38995700000328,0.16006755399999803,False,False,False
dense_0_free_04_v1.0_h0.3,dense_0_free_04,5.7,1.0,0.3,json_combined,2,True,True,True,56354,7666e91f9ec27f11672e7f3b38c741d58221ebc975946f2eac7945918944dfe7,95.52719599999904,19.202116999998964,0.9727900000058298,70.38995700000328,0.2060920600000071,False,False,False
dense_0_free_04_v1.0_h0.4,dense_0_free_04,5.7,1.0,0.4,binary_combined,0,True,True,True,57125,6ad22d0f5e67c16ac4c320da796c96038156cf841282e2390ee51640a7a42455,69.00362699999363,5.477913999996531,0.06975999999525584,70.38995700000328,0.16494125799998868,False,False,False
dense_0_free_04_v1.0_h0.4,dense_0_free_04,5.7,1.0,0.4,json_combined,1,True,True,True,74790,a312fe473e97bf872a7550abaf0dc198ba13c0a1c862be22cc8a9e4fc6837871,124.62443399999756,8.49639499999455,0.6670949999971754,70.38995700000328,0.22417788099999256,False,False,False
dense_0_free_04_v1.0_h0.4,dense_0_free_04,5.7,1.0,0.4,binary_full,2,True,True,True,57125,6ad22d0f5e67c16ac4c320da796c96038156cf841282e2390ee51640a7a42455,120.07548799999768,24.160858999998425,0.07762799999966319,70.38995700000328,0.23470393199999903,False,False,False
dense_0_free_05_v0.0_h0.2,dense_0_free_05,5.75,0.0,0.2,json_combined,0,True,True,True,39372,a16886b1cb11acfdc5d8fa166a36c41accb453833f0f0e033a22eca62fbba111,60.550765999998646,17.59257399999825,0.7265549999999621,61.5428179999995,0.16041271299999635,False,False,False
dense_0_free_05_v0.0_h0.2,dense_0_free_05,5.75,0.0,0.2,binary_full,1,True,True,True,30245,51a57951aab633f5922d083cded03f4c808294005ed043207c793e6387c7db13,85.00838900000218,33.281010999999694,0.08242900000254849,61.5428179999995,0.19991464700000391,False,False,False
dense_0_free_05_v0.0_h0.2,dense_0_free_05,5.75,0.0,0.2,binary_combined,2,True,True,True,30245,51a57951aab633f5922d083cded03f4c808294005ed043207c793e6387c7db13,44.80879400000504,5.51310500000568,0.05980700000662864,61.5428179999995,0.13192452400001684,False,False,False
dense_0_free_05_v0.0_h0.3,dense_0_free_05,5.75,0.0,0.3,binary_full,0,True,True,True,40605,70990cd3d56a5c0466819368bc5ce82ec9ed8eac4e7c73cb0d8897d4bf17e68b,121.80430200000103,16.312480999999934,0.06136300000036954,61.5428179999995,0.21972096400000082,False,False,False
dense_0_free_05_v0.0_h0.3,dense_0_free_05,5.75,0.0,0.3,binary_combined,1,True,True,True,40605,70990cd3d56a5c0466819368bc5ce82ec9ed8eac4e7c73cb0d8897d4bf17e68b,71.8057410000057,17.084328999999343,0.07215600000165523,61.5428179999995,0.17050504400000618,False,False,False
dense_0_free_05_v0.0_h0.3,dense_0_free_05,5.75,0.0,0.3,json_combined,2,True,True,True,53046,7d8d2f164f24c50df47ec462afbdb316ca1a32e7ca3ba3dc8433478cc0be12b8,64.88285799999716,21.910931000000744,2.10697300000362,61.5428179999995,0.170443580000001,False,False,False
dense_0_free_05_v0.0_h0.4,dense_0_free_05,5.75,0.0,0.4,binary_combined,0,True,True,True,53985,4621547b455a9e5967f82e1f164fddf9329df93820746f35f64df854aa55e1ae,102.32040900000072,7.578889000001254,0.05762400000008938,61.5428179999995,0.19149974000000156,False,False,False
dense_0_free_05_v0.0_h0.4,dense_0_free_05,5.75,0.0,0.4,json_combined,1,True,True,True,70693,5604a9f778bb67ba2c851a22e970813f5c65ed3b5d4d85d98e094dba6f59d402,113.97025499999813,10.420700000004501,0.6694619999976226,61.5428179999995,0.20660323499999975,False,False,False
dense_0_free_05_v0.0_h0.4,dense_0_free_05,5.75,0.0,0.4,binary_full,2,True,True,True,53985,4621547b455a9e5967f82e1f164fddf9329df93820746f35f64df854aa55e1ae,84.0661629999957,28.952524000004587,0.06550700000218512,61.5428179999995,0.19462701200000196,False,False,False
dense_0_free_05_v0.5_h0.2,dense_0_free_05,5.75,0.5,0.2,json_combined,0,True,True,True,40235,3dd258676a9dcacc45a25656e81fbe742d7b8ca597a2d1a8cb85febb25942046,88.7065370000002,21.313906000003158,0.3983280000028344,61.5428179999995,0.19196158900000568,False,False,False
dense_0_free_05_v0.5_h0.2,dense_0_free_05,5.75,0.5,0.2,binary_full,1,True,True,True,30905,4326b4aa510547414fd187d3d6637faa980f004cedff1d5ffb88af7cb71687a6,103.73256300000122,10.06106399999851,0.05561899999406705,61.5428179999995,0.1953920639999933,False,False,False
dense_0_free_05_v0.5_h0.2,dense_0_free_05,5.75,0.5,0.2,binary_combined,2,True,True,True,30905,4326b4aa510547414fd187d3d6637faa980f004cedff1d5ffb88af7cb71687a6,52.52028700000011,14.345939000001806,0.0731140000027608,61.5428179999995,0.14848215800000417,False,False,False
dense_0_free_05_v0.5_h0.3,dense_0_free_05,5.75,0.5,0.3,binary_full,0,True,True,True,41605,be4ab486dbab3352b212fc8b3574ff7b407caa99220e37c11ee72d501ca358eb,117.87616099999809,14.370890000002134,0.055224999996994484,61.5428179999995,0.2138450939999967,False,False,False
dense_0_free_05_v0.5_h0.3,dense_0_free_05,5.75,0.5,0.3,binary_combined,1,True,True,True,41605,be4ab486dbab3352b212fc8b3574ff7b407caa99220e37c11ee72d501ca358eb,46.07147600000161,9.793375999997522,0.06291999999774589,61.5428179999995,0.13747058999999637,False,False,False
dense_0_free_05_v0.5_h0.3,dense_0_free_05,5.75,0.5,0.3,json_combined,2,True,True,True,54341,db0e1b15be10dcdb7b7d655d70aefeea97afb0809491a06864b285fdee061f8d,90.09935000000269,14.194641999999646,0.9727999999995518,61.5428179999995,0.18680961000000137,False,False,False
dense_0_free_05_v0.5_h0.4,dense_0_free_05,5.75,0.5,0.4,binary_combined,0,True,True,True,55325,cb2c6ce2fb6e08fcd06dfade47a5575f5d8303b7093a2ad06cb84ba3ce2062d5,47.00570300000351,7.835843999998815,0.06753600000308779,61.5428179999995,0.1364519010000049,False,False,False
dense_0_free_05_v0.5_h0.4,dense_0_free_05,5.75,0.5,0.4,json_combined,1,True,True,True,72442,846441a90012352bd3609122c3b2443c962a589b18355fd034faec2c8e5ee409,74.90053699999777,16.62895999999847,2.612307999996233,61.5428179999995,0.17568462299999196,False,False,False
dense_0_free_05_v0.5_h0.4,dense_0_free_05,5.75,0.5,0.4,binary_full,2,True,True,True,55325,cb2c6ce2fb6e08fcd06dfade47a5575f5d8303b7093a2ad06cb84ba3ce2062d5,119.82722600000528,21.58894099999742,0.06640400000179625,61.5428179999995,0.223025389000004,False,False,False
dense_0_free_05_v1.0_h0.2,dense_0_free_05,5.75,1.0,0.2,json_combined,0,True,True,True,41038,f5cd2f104ef866c53d4391347ecafe7f50d282ceeeef1543a5f9e5043f13ec74,76.57568400000514,29.60167700000227,0.8398690000035458,61.5428179999995,0.18856004800001044,False,False,False
dense_0_free_05_v1.0_h0.2,dense_0_free_05,5.75,1.0,0.2,binary_full,1,True,True,True,31525,536fec49e6f07e6bddcbf7518ca9518b7482e5cdafebab6b3bc82e4be561d83a,99.72824799999813,15.672582000000546,0.05801300000030096,61.5428179999995,0.19700166099999847,False,False,False
dense_0_free_05_v1.0_h0.2,dense_0_free_05,5.75,1.0,0.2,binary_combined,2,True,True,True,31525,536fec49e6f07e6bddcbf7518ca9518b7482e5cdafebab6b3bc82e4be561d83a,66.41587499999702,14.82274900000391,0.0661409999977991,61.5428179999995,0.1628475829999982,False,False,False
dense_0_free_05_v1.0_h0.3,dense_0_free_05,5.75,1.0,0.3,binary_full,0,True,True,True,43145,209cfa84377825c832599b57358054c4a8d80e3bf267da2ec10800a572078d6f,116.33613400000087,15.487822000004314,0.06532099999390084,61.5428179999995,0.21343209499999857,False,False,False
dense_0_free_05_v1.0_h0.3,dense_0_free_05,5.75,1.0,0.3,binary_combined,1,True,True,True,43145,209cfa84377825c832599b57358054c4a8d80e3bf267da2ec10800a572078d6f,37.26461500000511,8.596664000002363,0.07681700000006231,61.5428179999995,0.12748091400000702,False,False,False
dense_0_free_05_v1.0_h0.3,dense_0_free_05,5.75,1.0,0.3,json_combined,2,True,True,True,56354,f3a469a3dea9eb564f1dc214b299a5f62fc10a15c58c2c3188e2dba5e5fdb3a8,133.57468600000288,9.236051000002021,0.5061990000001515,61.5428179999995,0.22485975400000455,False,False,False
dense_0_free_05_v1.0_h0.4,dense_0_free_05,5.75,1.0,0.4,binary_combined,0,True,True,True,57125,5cd5da744f502867208276249dce9a9e959137ade504707bbe41302210fe9897,89.42614000000049,16.543084999995017,0.08444600000245828,61.5428179999995,0.18759648899999745,False,False,False
dense_0_free_05_v1.0_h0.4,dense_0_free_05,5.75,1.0,0.4,json_combined,1,True,True,True,74790,b8bc3c4bebe0cad9a0b6a2c0cd4dd15228007f937e9dd5f8222e1e6e59a1112c,106.97004499999707,9.079233000001352,0.7600109999970073,61.5428179999995,0.19835210699999492,False,False,False
dense_0_free_05_v1.0_h0.4,dense_0_free_05,5.75,1.0,0.4,binary_full,2,True,True,True,57125,5cd5da744f502867208276249dce9a9e959137ade504707bbe41302210fe9897,111.58058000000182,20.86069399999957,0.06581699999941293,61.5428179999995,0.2140499090000003,False,False,False
dense_0_free_06_v0.0_h0.2,dense_0_free_06,5.800000000000001,0.0,0.2,json_combined,0,True,False,True,0,,72.11106700000158,0.0015800000028320937,0.0003549999973984086,50.829843000002484,0.1429428450000043,False,False,False
dense_0_free_06_v0.0_h0.2,dense_0_free_06,5.800000000000001,0.0,0.2,binary_full,1,True,False,True,0,,119.14616199999983,0.0021840000030692863,0.0002730000048245529,50.829843000002484,0.1899784620000102,False,False,False
dense_0_free_06_v0.0_h0.2,dense_0_free_06,5.800000000000001,0.0,0.2,binary_combined,2,True,False,True,0,,39.255351000001326,0.0009629999979665627,0.00031099999375783227,50.829843000002484,0.11008646799999554,False,False,False
dense_0_free_06_v0.0_h0.3,dense_0_free_06,5.800000000000001,0.0,0.3,binary_full,0,True,False,True,0,,121.67384500000367,0.0020310000010681506,0.0002879999954075174,50.829843000002484,0.19250600700000262,False,False,False
dense_0_free_06_v0.0_h0.3,dense_0_free_06,5.800000000000001,0.0,0.3,binary_combined,1,True,False,True,0,,42.97332699999856,0.0010400000007848575,0.0003150000011942211,50.829843000002484,0.11380452500000303,False,False,False
dense_0_free_06_v0.0_h0.3,dense_0_free_06,5.800000000000001,0.0,0.3,json_combined,2,True,False,True,0,,101.23539800000003,0.00217699999893739,0.0003359999993790552,50.829843000002484,0.17206775400000082,False,False,False
dense_0_free_06_v0.0_h0.4,dense_0_free_06,5.800000000000001,0.0,0.4,binary_combined,0,True,False,True,0,,94.39936100000068,0.0017739999975674436,0.0003080000041677522,50.829843000002484,0.1652312860000049,False,False,False
dense_0_free_06_v0.0_h0.4,dense_0_free_06,5.800000000000001,0.0,0.4,json_combined,1,True,False,True,0,,127.10360399999843,0.0016919999978881606,0.00024100000217686102,50.829843000002484,0.19793538000000097,False,False,False
dense_0_free_06_v0.0_h0.4,dense_0_free_06,5.800000000000001,0.0,0.4,binary_full,2,True,False,True,0,,112.28300299999461,0.0014959999958819026,0.00022500000085301508,50.829843000002484,0.18311456699999382,False,False,False
dense_0_free_06_v0.5_h0.2,dense_0_free_06,5.800000000000001,0.5,0.2,json_combined,0,True,False,True,0,,43.24662199999807,0.001275999998995303,0.00027299999771912553,50.829843000002484,0.11407801399999727,False,False,False
dense_0_free_06_v0.5_h0.2,dense_0_free_06,5.800000000000001,0.5,0.2,binary_full,1,True,False,True,0,,59.0289009999978,0.0016179999988708005,0.00035200000070290116,50.829843000002484,0.12986071399999985,False,False,False
dense_0_free_06_v0.5_h0.2,dense_0_free_06,5.800000000000001,0.5,0.2,binary_combined,2,True,False,True,0,,40.21727899999661,0.0013109999983385023,0.0002669999972226833,50.829843000002484,0.11104869999999466,False,False,False
dense_0_free_06_v0.5_h0.3,dense_0_free_06,5.800000000000001,0.5,0.3,binary_full,0,True,False,True,0,,97.10038300000434,0.00199200000139399,0.0003120000044987137,50.829843000002484,0.1679325300000127,False,False,False
dense_0_free_06_v0.5_h0.3,dense_0_free_06,5.800000000000001,0.5,0.3,binary_combined,1,True,False,True,0,,75.41850600000544,0.0012980000008155912,0.00031100000086325963,50.829843000002484,0.1462499580000096,False,False,False
dense_0_free_06_v0.5_h0.3,dense_0_free_06,5.800000000000001,0.5,0.3,json_combined,2,True,False,True,0,,98.69417399999492,0.002064000000245869,0.00036799999492131974,50.829843000002484,0.16952644899999256,False,False,False
dense_0_free_06_v0.5_h0.4,dense_0_free_06,5.800000000000001,0.5,0.4,binary_combined,0,True,False,True,0,,114.59135500000173,0.002021000000240747,0.00028499999871201,50.829843000002484,0.18542350400000315,False,False,False
dense_0_free_06_v0.5_h0.4,dense_0_free_06,5.800000000000001,0.5,0.4,json_combined,1,True,False,True,0,,120.48230700000317,0.0016719999962333532,0.00029799999623492113,50.829843000002484,0.19131411999999812,False,False,False
dense_0_free_06_v0.5_h0.4,dense_0_free_06,5.800000000000001,0.5,0.4,binary_full,2,True,False,True,0,,92.69694899999337,0.002043000002061035,0.00040899999476096127,50.829843000002484,0.16352924399999266,False,False,False
dense_0_free_06_v1.0_h0.2,dense_0_free_06,5.800000000000001,1.0,0.2,json_combined,0,True,False,True,0,,87.45449000000605,0.018267000001515044,0.0004200000063292464,50.829843000002484,0.15830302000001636,False,False,False
dense_0_free_06_v1.0_h0.2,dense_0_free_06,5.800000000000001,1.0,0.2,binary_full,1,True,False,True,0,,117.4952100000013,0.002178999999102871,0.0004049999944299998,50.829843000002484,0.1883276369999973,False,False,False
dense_0_free_06_v1.0_h0.2,dense_0_free_06,5.800000000000001,1.0,0.2,binary_combined,2,True,False,True,0,,66.85612399999741,0.0014940000028218492,0.0003050000003668174,50.829843000002484,0.13768776600000307,False,False,False
dense_0_free_06_v1.0_h0.3,dense_0_free_06,5.800000000000001,1.0,0.3,binary_full,0,True,False,True,0,,101.52899400000592,0.002260999998782154,0.0003369999959090819,50.829843000002484,0.1723614350000031,False,False,False
dense_0_free_06_v1.0_h0.3,dense_0_free_06,5.800000000000001,1.0,0.3,binary_combined,1,True,False,True,0,,99.38318399999702,0.00160700000151337,0.00031000000433323294,50.829843000002484,0.17021494400000534,False,False,False
dense_0_free_06_v1.0_h0.3,dense_0_free_06,5.800000000000001,1.0,0.3,json_combined,2,True,False,True,0,,110.64597700000434,0.002310999995813745,0.0003440000000409782,50.829843000002484,0.18147847500000266,False,False,False
dense_0_free_06_v1.0_h0.4,dense_0_free_06,5.800000000000001,1.0,0.4,binary_combined,0,True,False,True,0,,100.65488499999731,0.0018060000002151355,0.00032499999491619747,50.829843000002484,0.1714868589999949,False,False,False
dense_0_free_06_v1.0_h0.4,dense_0_free_06,5.800000000000001,1.0,0.4,json_combined,1,True,False,True,0,,82.31859200000002,0.0025960000016311824,0.00032499999491619747,50.829843000002484,0.15315135599999904,False,False,False
dense_0_free_06_v1.0_h0.4,dense_0_free_06,5.800000000000001,1.0,0.4,binary_full,2,True,False,True,0,,123.29614299999747,0.0021299999986013063,0.0003339999992135745,50.829843000002484,0.19412844999999776,False,False,False
dense_0_free_07_v0.0_h0.2,dense_0_free_07,5.85,0.0,0.2,json_combined,0,True,True,True,39372,16e376e858541930cbe5e74c878ff90da98a40916384c3ea4c66f48fda46f62e,85.33214100000208,20.519575000001566,0.3775399999952356,66.15014399999808,0.19237939999999695,False,False,False
dense_0_free_07_v0.0_h0.2,dense_0_free_07,5.85,0.0,0.2,binary_full,1,True,True,True,30245,b67b83b12e3120fd9c7b680a3794fcb806c6611d50d5875c022d61069d0e0594,112.83672600000472,10.247996999993347,0.07041399999963005,66.15014399999808,0.20930528099999576,False,False,False
dense_0_free_07_v0.0_h0.2,dense_0_free_07,5.85,0.0,0.2,binary_combined,2,True,True,True,30245,b67b83b12e3120fd9c7b680a3794fcb806c6611d50d5875c022d61069d0e0594,37.97353200000231,4.6323560000018915,0.06353300000228046,66.15014399999808,0.12881956500000455,False,False,False
dense_0_free_07_v0.0_h0.3,dense_0_free_07,5.85,0.0,0.3,binary_full,0,True,True,True,40605,3b65b3968285933b300ed759914e9317109a44779526b43f5ac5e1e1b7a77a22,96.07695000000405,35.24247599999342,0.06847599999559861,66.15014399999808,0.21753804599999113,False,False,False
dense_0_free_07_v0.0_h0.3,dense_0_free_07,5.85,0.0,0.3,binary_combined,1,True,True,True,40605,3b65b3968285933b300ed759914e9317109a44779526b43f5ac5e1e1b7a77a22,41.6498169999997,5.060894000003202,0.06036199999925884,66.15014399999808,0.13292121700000023,False,False,False
dense_0_free_07_v0.0_h0.3,dense_0_free_07,5.85,0.0,0.3,json_combined,2,True,True,True,53046,ff7c58cb3c8946c80c90be062874b3cc9809c3d9dacd473b60447f689d2cfcf0,130.6946029999949,5.4867309999977465,0.4893010000017739,66.15014399999808,0.2228207789999925,False,False,False
dense_0_free_07_v0.0_h0.4,dense_0_free_07,5.85,0.0,0.4,binary_combined,0,True,True,True,53985,ae7bf3a5c52807aed1637c8bd352eeaf3ac463aafc581f37edb65dcc85df5050,55.55899000000153,12.33399200000207,0.07605399999732754,66.15014399999808,0.154119179999999,False,False,False
dense_0_free_07_v0.0_h0.4,dense_0_free_07,5.85,0.0,0.4,json_combined,1,True,True,True,70693,231393761c5fc83fdb6cf8516bd1a1fc487296538cdfcf0216be01d31cee48e2,94.8337350000017,13.838362999997855,5.81136999999643,66.15014399999808,0.20063361199999405,False,False,False
dense_0_free_07_v0.0_h0.4,dense_0_free_07,5.85,0.0,0.4,binary_full,2,True,True,True,53985,ae7bf3a5c52807aed1637c8bd352eeaf3ac463aafc581f37edb65dcc85df5050,113.057929,20.05889600000188,0.061124000005463586,66.15014399999808,0.21932809300000541,False,False,False
dense_0_free_07_v0.5_h0.2,dense_0_free_07,5.85,0.5,0.2,json_combined,0,True,True,True,40235,0b5a432aa65e95def3af3db9677429eac20b6081653ff2e77598d93a9ae3c1b5,64.31564300000048,9.621664000000862,0.7747960000017429,66.15014399999808,0.16086224700000115,False,False,False
dense_0_free_07_v0.5_h0.2,dense_0_free_07,5.85,0.5,0.2,binary_full,1,True,True,True,30905,bccd142bcc102c43c392c347c45d00a1207d31ee59d785daae964f898e6e10c8,87.51732700000048,22.573985000001073,0.07634500000364142,66.15014399999808,0.19631780100000326,False,False,False
dense_0_free_07_v0.5_h0.2,dense_0_free_07,5.85,0.5,0.2,binary_combined,2,True,True,True,30905,bccd142bcc102c43c392c347c45d00a1207d31ee59d785daae964f898e6e10c8,50.072158000006084,12.1667630000033,0.08383300000502913,66.15014399999808,0.14847289800001248,False,False,False
dense_0_free_07_v0.5_h0.3,dense_0_free_07,5.85,0.5,0.3,binary_full,0,True,True,True,41605,06a4238282e90e0d0b744a32f860018f57ef8c0b56a472bf3e3b15ad03d994de,139.7720010000043,14.262356000003251,0.06515600000511768,66.15014399999808,0.24024965700001075,False,False,False
dense_0_free_07_v0.5_h0.3,dense_0_free_07,5.85,0.5,0.3,binary_combined,1,True,True,True,41605,06a4238282e90e0d0b744a32f860018f57ef8c0b56a472bf3e3b15ad03d994de,39.128492000003234,4.44593900000001,0.07367999999985386,66.15014399999808,0.12979825500000117,False,False,False
dense_0_free_07_v0.5_h0.3,dense_0_free_07,5.85,0.5,0.3,json_combined,2,True,True,True,54341,c0f8d1ad19606269522c67317848b5f537dd1539e249091c106792a6f9520a03,87.8004090000033,22.416935000002525,1.0138520000069207,66.15014399999808,0.1973813400000108,False,False,False
dense_0_free_07_v0.5_h0.4,dense_0_free_07,5.85,0.5,0.4,binary_combined,0,True,True,True,55325,5ccebde60183016b62753f980c1636e880dd5dab036d28ad10bc91952785e1c5,51.58133399999798,10.225794000000121,0.07395099999740751,66.15014399999808,0.14803122299999358,False,False,False
dense_0_free_07_v0.5_h0.4,dense_0_free_07,5.85,0.5,0.4,json_combined,1,True,True,True,72442,de4f612a66d0df517923fb4d34d2d77ad7ebad26a6fa29c4e8743b6779b9cacb,76.65247400000652,16.914257000003374,2.3732470000012995,66.15014399999808,0.18209012200000926,False,False,False
dense_0_free_07_v0.5_h0.4,dense_0_free_07,5.85,0.5,0.4,binary_full,2,True,True,True,55325,5ccebde60183016b62753f980c1636e880dd5dab036d28ad10bc91952785e1c5,133.84134900000078,20.744755000002613,0.06284599999872853,66.15014399999808,0.24079909400000019,False,False,False
dense_0_free_07_v1.0_h0.2,dense_0_free_07,5.85,1.0,0.2,json_combined,0,True,True,True,41038,48e79b27efc8b4acae696686088ed3286ba186b9882bbc6566434d4ffef1b71a,51.352418999996985,10.639082999993832,2.594418000001042,66.15014399999808,0.15073606399998993,False,False,False
dense_0_free_07_v1.0_h0.2,dense_0_free_07,5.85,1.0,0.2,binary_full,1,True,True,True,31525,5306eac0cf27cb4c203b791ec7c41833a8cd5025da85a67dca89b6d5bd670306,76.94538799999862,24.875437999995142,0.07349700000247594,66.15014399999808,0.1880444669999943,False,False,False
dense_0_free_07_v1.0_h0.2,dense_0_free_07,5.85,1.0,0.2,binary_combined,2,True,True,True,31525,5306eac0cf27cb4c203b791ec7c41833a8cd5025da85a67dca89b6d5bd670306,59.606026999993844,15.54921400000353,0.08424299999632012,66.15014399999808,0.16138962799999176,False,False,False
dense_0_free_07_v1.0_h0.3,dense_0_free_07,5.85,1.0,0.3,binary_full,0,True,True,True,43145,8f78fcc069d7894c232ee49c5e438725b1769846c0696130c2ddbab419e175b9,116.3126659999989,14.762266000005297,0.060337000000743046,66.15014399999808,0.217285413000003,False,False,False
dense_0_free_07_v1.0_h0.3,dense_0_free_07,5.85,1.0,0.3,binary_combined,1,True,True,True,43145,8f78fcc069d7894c232ee49c5e438725b1769846c0696130c2ddbab419e175b9,55.8125850000053,12.333032000000799,0.0666950000010047,66.15014399999808,0.15436245600000517,False,False,False
dense_0_free_07_v1.0_h0.3,dense_0_free_07,5.85,1.0,0.3,json_combined,2,True,True,True,56354,85c0a610686ea8572f617281cb52919663b12433372c74e7faff9b0d681a7fa9,91.82666199999545,15.988611000004482,1.0484450000021184,66.15014399999808,0.19501386200000012,False,False,False
dense_0_free_07_v1.0_h0.4,dense_0_free_07,5.85,1.0,0.4,binary_combined,0,True,True,True,57125,5b8a6bce4e46befe6695c62d4f99f3f7e01000d297de4bc26dcd52757c6be3ec,63.80434200000451,6.099692999995909,8.7328489999976,66.15014399999808,0.1647870279999961,False,False,False
dense_0_free_07_v1.0_h0.4,dense_0_free_07,5.85,1.0,0.4,json_combined,1,True,True,True,74790,db8b1cdabc59ae17c93e41ba68cb0eeebf0d608ddc7dc27be69ef95f50a2280f,113.88260300000042,8.042150000001413,0.7010080000000585,66.15014399999808,0.20877590499999996,False,False,False
dense_0_free_07_v1.0_h0.4,dense_0_free_07,5.85,1.0,0.4,binary_full,2,True,True,True,57125,5b8a6bce4e46befe6695c62d4f99f3f7e01000d297de4bc26dcd52757c6be3ec,115.50090100000432,21.09112400000157,0.06289100000600456,66.15014399999808,0.22280506000000996,False,False,False
dense_0_free_08_v0.0_h0.2,dense_0_free_08,5.9,0.0,0.2,json_combined,0,True,True,True,39372,633a89f33934ff79b98d9594c54502dccc262be5998768ed2c148af289641c65,65.54582899999417,7.181296999995368,0.6451709999950594,45.1322879999978,0.1385045849999824,False,False,False
dense_0_free_08_v0.0_h0.2,dense_0_free_08,5.9,0.0,0.2,binary_full,1,True,True,True,30245,02efbf1e3a7300bbc90e07f07934a7e79044c34e1b8fbedac0c76a42438959b5,62.7008129999993,16.93030300000231,0.06546999999557102,45.1322879999978,0.14482887399999497,False,False,False
dense_0_free_08_v0.0_h0.2,dense_0_free_08,5.9,0.0,0.2,binary_combined,2,True,True,True,30245,02efbf1e3a7300bbc90e07f07934a7e79044c34e1b8fbedac0c76a42438959b5,33.74721199999442,3.150386999998034,0.0618689999996036,45.1322879999978,0.10209175599998986,False,False,False
dense_0_free_08_v0.0_h0.3,dense_0_free_08,5.9,0.0,0.3,binary_full,0,True,True,True,40605,753b10b05b39cd5bf1cac3ab024cc580fa3c23d93c7d623304e0e1339b831340,76.09325600000005,27.83687499999843,0.07217999999653557,45.1322879999978,0.1691345989999928,False,False,False
dense_0_free_08_v0.0_h0.3,dense_0_free_08,5.9,0.0,0.3,binary_combined,1,True,True,True,40605,753b10b05b39cd5bf1cac3ab024cc580fa3c23d93c7d623304e0e1339b831340,68.4326920000018,4.511102999998684,0.06097100000346245,45.1322879999978,0.13813705400000173,False,False,False
dense_0_free_08_v0.0_h0.3,dense_0_free_08,5.9,0.0,0.3,json_combined,2,True,True,True,53046,6c2944390bf5321e3aec2938fc607e25f652af0e58967f282f6a89de89733d98,48.69603500000608,9.318337000003396,0.8662400000005732,45.1322879999978,0.12401290000000785,False,False,False
dense_0_free_08_v0.0_h0.4,dense_0_free_08,5.9,0.0,0.4,binary_combined,0,True,True,True,53985,60ee4e08398f8ca37ee59fcee323429e58c640df2f385ae904878556c47af395,132.46211999999957,7.676255999996329,0.07277299999941533,45.1322879999978,0.2053434369999931,False,False,False
dense_0_free_08_v0.0_h0.4,dense_0_free_08,5.9,0.0,0.4,json_combined,1,True,True,True,70693,1c556fd7c5ddd91f98ccf44c0ff9e3de330e9c79e766ebbf820cd88e9a930201,109.68411700000047,6.896386999997617,0.6410349999939058,45.1322879999978,0.18235382699998978,False,False,False
dense_0_free_08_v0.0_h0.4,dense_0_free_08,5.9,0.0,0.4,binary_full,2,True,True,True,53985,60ee4e08398f8ca37ee59fcee323429e58c640df2f385ae904878556c47af395,118.87495900000289,20.84966099999974,0.07621000000312961,45.1322879999978,0.20493311800000355,False,False,False
dense_0_free_08_v0.5_h0.2,dense_0_free_08,5.9,0.5,0.2,json_combined,0,True,True,True,40235,6b4751472c2bd39464000822658d94bf568c4fe595da76c2b2749a2a767683b5,57.28585300000333,18.287876000002257,0.6918889999951716,45.1322879999978,0.14139790599999855,False,False,False
dense_0_free_08_v0.5_h0.2,dense_0_free_08,5.9,0.5,0.2,binary_full,1,True,True,True,30905,a15a3f3a3c3b997781004d6e032bb80661e43c1a9c16f638ee22849154d731fc,90.9280790000011,20.744999000001485,0.08157299999567158,45.1322879999978,0.17688693899999605,False,False,False
dense_0_free_08_v0.5_h0.2,dense_0_free_08,5.9,0.5,0.2,binary_combined,2,True,True,True,30905,a15a3f3a3c3b997781004d6e032bb80661e43c1a9c16f638ee22849154d731fc,60.97061800000603,16.000802000000647,12.691940000003399,45.1322879999978,0.15479564800000786,False,False,False
dense_0_free_08_v0.5_h0.3,dense_0_free_08,5.9,0.5,0.3,binary_full,0,True,True,True,41605,3b4d73ef31a2cf9512eb4a02c5c4b531afae8dfc4fec4c8b5083e511f61caa54,111.04631199999915,14.609714000002327,0.06369199999767261,45.1322879999978,0.19085200599999694,False,False,False
dense_0_free_08_v0.5_h0.3,dense_0_free_08,5.9,0.5,0.3,binary_combined,1,True,True,True,41605,3b4d73ef31a2cf9512eb4a02c5c4b531afae8dfc4fec4c8b5083e511f61caa54,41.1151500000031,12.633009999994727,0.07615599999866163,45.1322879999978,0.11895660399999429,False,False,False
dense_0_free_08_v0.5_h0.3,dense_0_free_08,5.9,0.5,0.3,json_combined,2,True,True,True,54341,b571b58f8c114a272d28c013011b31fa14b7608584ae12fac775c83c5244480f,78.09630500000253,14.098745000005408,0.8583100000052468,45.1322879999978,0.15818564800001098,False,False,False
dense_0_free_08_v0.5_h0.4,dense_0_free_08,5.9,0.5,0.4,binary_combined,0,True,True,True,55325,580d33355d3a623995b8d5e2d3ce15afcc71bec7cbcc7059cd739359f60a2f27,74.09894499999581,5.139247999998986,0.06344400000557471,45.1322879999978,0.14443392499999816,False,False,False
dense_0_free_08_v0.5_h0.4,dense_0_free_08,5.9,0.5,0.4,json_combined,1,True,True,True,72442,ca0148eb2e2e1dd6cb4ab3027d4aa5447a41409a797bfa994022a4674bcc3291,84.62600699999712,35.189219999999466,1.075593999999569,45.1322879999978,0.18602310899999394,False,False,False
dense_0_free_08_v0.5_h0.4,dense_0_free_08,5.9,0.5,0.4,binary_full,2,True,True,True,55325,580d33355d3a623995b8d5e2d3ce15afcc71bec7cbcc7059cd739359f60a2f27,106.22111299999659,20.840069000001904,0.06375800000313347,45.1322879999978,0.19225722799999942,False,False,False
dense_0_free_08_v1.0_h0.2,dense_0_free_08,5.9,1.0,0.2,json_combined,0,True,True,True,41038,51005520fd7d7746f446f10080f34707f59db63da241fc2430aca4221588aca2,67.38560999999521,8.096481000002598,7.247069000001716,45.1322879999978,0.14786144799999731,False,False,False
dense_0_free_08_v1.0_h0.2,dense_0_free_08,5.9,1.0,0.2,binary_full,1,True,True,True,31525,7654eeb63376868d0d03dfe84d1db86335895effc566ca31533d6df1d29aebf3,91.43582700000508,24.816204999993374,0.07882999999964113,45.1322879999978,0.18146314999999588,False,False,False
dense_0_free_08_v1.0_h0.2,dense_0_free_08,5.9,1.0,0.2,binary_combined,2,True,True,True,31525,7654eeb63376868d0d03dfe84d1db86335895effc566ca31533d6df1d29aebf3,52.82260199999911,13.80307699999861,0.0652969999990205,45.1322879999978,0.13182326399999453,False,False,False
dense_0_free_08_v1.0_h0.3,dense_0_free_08,5.9,1.0,0.3,binary_full,0,True,True,True,43145,e48de066dc8cdbe4c796f4ffa1b5de001de7aed6b48ce871766aeaf8107e362e,100.18302900000009,25.579229000001646,0.06618999999830066,45.1322879999978,0.19096073599999783,False,False,False
dense_0_free_08_v1.0_h0.3,dense_0_free_08,5.9,1.0,0.3,binary_combined,1,True,True,True,43145,e48de066dc8cdbe4c796f4ffa1b5de001de7aed6b48ce871766aeaf8107e362e,40.45194799999763,5.3023959999976,0.08673300000339168,45.1322879999978,0.11097336499999642,False,False,False
dense_0_free_08_v1.0_h0.3,dense_0_free_08,5.9,1.0,0.3,json_combined,2,True,True,True,56354,94771645276db7b2ab9a2ae82070021b9503e32a03b1f3b027e53941fa4ab981,119.07115199999652,32.1078650000004,0.5296710000024518,45.1322879999978,0.21684097599999716,False,False,False
dense_0_free_08_v1.0_h0.4,dense_0_free_08,5.9,1.0,0.4,binary_combined,0,True,True,True,57125,36944f6688a529278cf84221ce4284a80687cd9106630c707834ab93230f15a0,49.288623999999004,12.818399000003922,0.07138800000205947,45.1322879999978,0.12731069900000277,False,False,False
dense_0_free_08_v1.0_h0.4,dense_0_free_08,5.9,1.0,0.4,json_combined,1,True,True,True,74790,0d993fc182cbba5794540a5123c834fcf64920f6fd6e3fa0841521b573775b1e,85.3866810000028,11.752619999995773,1.0903249999998366,45.1322879999978,0.1633619139999962,False,False,False
dense_0_free_08_v1.0_h0.4,dense_0_free_08,5.9,1.0,0.4,binary_full,2,True,True,True,57125,36944f6688a529278cf84221ce4284a80687cd9106630c707834ab93230f15a0,133.166211999999,21.47603400000264,0.06521899999967218,45.1322879999978,0.2198397529999991,False,False,False
dense_0_free_09_v0.0_h0.2,dense_0_free_09,5.95,0.0,0.2,json_combined,0,True,True,True,39372,102dd07bd010411d718c3a945dbd8d591c76e305693317c942cf615ba1e705fd,44.225167999996984,12.300024000005294,0.5742410000024734,48.537170000003016,0.12563660300000776,False,False,False
dense_0_free_09_v0.0_h0.2,dense_0_free_09,5.95,0.0,0.2,binary_full,1,True,True,True,30245,28ab5772f26a7da12f89bbb0966c8d9420a19d8b63e0f2ac8803e36b218fd3f0,118.15270199999617,21.563125000000127,0.058684000002529046,48.537170000003016,0.20831168100000183,False,False,False
dense_0_free_09_v0.0_h0.2,dense_0_free_09,5.95,0.0,0.2,binary_combined,2,True,True,True,30245,28ab5772f26a7da12f89bbb0966c8d9420a19d8b63e0f2ac8803e36b218fd3f0,45.287180000002536,14.525902999999118,0.08351000000317299,48.537170000003016,0.12843376300000783,False,False,False
dense_0_free_09_v0.0_h0.3,dense_0_free_09,5.95,0.0,0.3,binary_full,0,True,True,True,40605,d8ee6b567f8a8e09a0d6096a80cb5643bd7142233d97c13f2615d6e9b4ed3bd6,84.38938599999801,23.770872000000054,0.07265199999295646,48.537170000003016,0.17677007999999403,False,False,False
dense_0_free_09_v0.0_h0.3,dense_0_free_09,5.95,0.0,0.3,binary_combined,1,True,True,True,40605,d8ee6b567f8a8e09a0d6096a80cb5643bd7142233d97c13f2615d6e9b4ed3bd6,41.032464000004154,3.2763040000034493,0.06572100000568071,48.537170000003016,0.1129116590000163,True,True,False
dense_0_free_09_v0.0_h0.3,dense_0_free_09,5.95,0.0,0.3,json_combined,2,True,True,True,53046,c3ba31ce91ca4077bde3edef60e787e5ef7224b8c777c2ab11e81d7d1e198ec4,93.74900600000302,8.341283999996563,0.7263809999997761,48.537170000003016,0.17135384100000237,False,False,False
dense_0_free_09_v0.0_h0.4,dense_0_free_09,5.95,0.0,0.4,binary_combined,0,True,True,True,53985,eac4ed8ae97b18f0ab25abf4a0c7dc9d6bfd6c757c4543314d36829da78ac34e,90.57554699999315,16.303126000003942,0.08114500000289127,48.537170000003016,0.175496988000003,False,False,False
dense_0_free_09_v0.0_h0.4,dense_0_free_09,5.95,0.0,0.4,json_combined,1,True,True,True,70693,bb163a90b9352d54fcfcf3f81b2caaad0f417f681e321e12e71a12a9fc4273d4,113.59251999999742,7.905508999996869,0.6218599999954222,48.537170000003016,0.19065705899999272,False,False,False
dense_0_free_09_v0.0_h0.4,dense_0_free_09,5.95,0.0,0.4,binary_full,2,True,True,True,53985,eac4ed8ae97b18f0ab25abf4a0c7dc9d6bfd6c757c4543314d36829da78ac34e,114.71746200000155,20.151271999999665,0.059393999997325864,48.537170000003016,0.20346529800000154,False,False,False
dense_0_free_09_v0.5_h0.2,dense_0_free_09,5.95,0.5,0.2,json_combined,0,True,True,True,40235,a711aba504eb81bea9539fd4847cfc9ba51c220967f36116b8ce82ffbcd33575,70.44393299999996,17.966510999997354,0.6665860000012458,48.537170000003016,0.15761420000000156,False,False,False
dense_0_free_09_v0.5_h0.2,dense_0_free_09,5.95,0.5,0.2,binary_full,1,True,True,True,30905,1e062c32f099b75a16dd3b446cdcea458ce2dbf2ab9b2a4216422be6d9c41523,107.83113799999455,16.31328699999557,0.05815299999767376,48.537170000003016,0.1927397479999908,False,False,False
dense_0_free_09_v0.5_h0.2,dense_0_free_09,5.95,0.5,0.2,binary_combined,2,True,True,True,30905,1e062c32f099b75a16dd3b446cdcea458ce2dbf2ab9b2a4216422be6d9c41523,35.882459999996286,3.6705700000041475,0.06583700000106774,48.537170000003016,0.10815603700000452,False,False,False
dense_0_free_09_v0.5_h0.3,dense_0_free_09,5.95,0.5,0.3,binary_full,0,True,True,True,41605,101419d4a0fcc19972edf5e368f53b2434a3399f01d616d33a42c5ffc895385d,112.72414700000155,21.27416600000487,0.062075000002437264,48.537170000003016,0.20259755800001186,False,False,False
dense_0_free_09_v0.5_h0.3,dense_0_free_09,5.95,0.5,0.3,binary_combined,1,True,True,True,41605,101419d4a0fcc19972edf5e368f53b2434a3399f01d616d33a42c5ffc895385d,36.80314699999343,10.115032999998164,0.0760850000034452,48.537170000003016,0.11553143499999806,False,False,False
dense_0_free_09_v0.5_h0.3,dense_0_free_09,5.95,0.5,0.3,json_combined,2,True,True,True,54341,93d62a714f0c5e95e469237f61f63abb4d20201ff377b0780b5fc900b0b51a5e,103.10690900000452,17.52241700000212,6.420873999999799,48.537170000003016,0.19558737000000945,False,False,False
dense_0_free_09_v0.5_h0.4,dense_0_free_09,5.95,0.5,0.4,binary_combined,0,True,True,True,55325,9014d7a5d709055d78f6e1abcc5a4aa3726c087c764a2145ca075dab5a9a9dc4,66.9724159999987,6.440333999996994,0.07497600000050397,48.537170000003016,0.1420248959999992,False,False,False
dense_0_free_09_v0.5_h0.4,dense_0_free_09,5.95,0.5,0.4,json_combined,1,True,True,True,72442,60f6eef2a95bb1aeba46b8887f11b6bb6ee33310790d4b4380b03b1978572a4a,68.23409700000127,19.479201999999418,1.2396670000001109,48.537170000003016,0.1574901360000038,False,False,False
dense_0_free_09_v0.5_h0.4,dense_0_free_09,5.95,0.5,0.4,binary_full,2,True,True,True,55325,9014d7a5d709055d78f6e1abcc5a4aa3726c087c764a2145ca075dab5a9a9dc4,127.81216399999806,20.099327000004052,0.06351300000062565,48.537170000003016,0.21651217400000575,False,False,False
dense_0_free_09_v1.0_h0.2,dense_0_free_09,5.95,1.0,0.2,json_combined,0,True,True,True,41038,f447b6cecf0be06c61876293df04607e9d95284c30e8b3f368393156399125ac,46.557591000002674,13.718393999994305,0.6497499999937872,48.537170000003016,0.12946290499999377,False,False,False
dense_0_free_09_v1.0_h0.2,dense_0_free_09,5.95,1.0,0.2,binary_full,1,True,True,True,31525,5e3552a1c8948d6175c7fde8fada12e7f82e65fe9273468addc1e943c5aa0f67,113.73817999999858,18.27808099999828,0.059162999995976406,48.537170000003016,0.20061259399999584,False,False,False
dense_0_free_09_v1.0_h0.2,dense_0_free_09,5.95,1.0,0.2,binary_combined,2,True,True,True,31525,5e3552a1c8948d6175c7fde8fada12e7f82e65fe9273468addc1e943c5aa0f67,32.69490800000341,7.982665999996641,0.0666150000014909,48.537170000003016,0.10928135900000456,False,False,False
dense_0_free_09_v1.0_h0.3,dense_0_free_09,5.95,1.0,0.3,binary_full,0,True,True,True,43145,b555ca1e7546efc691e7fcabff56724ffebcb95e5fec59b94bc5ba2034094990,116.74078000000065,23.3782139999974,0.061224000006632195,48.537170000003016,0.2087173880000077,False,False,False
dense_0_free_09_v1.0_h0.3,dense_0_free_09,5.95,1.0,0.3,binary_combined,1,True,True,True,43145,b555ca1e7546efc691e7fcabff56724ffebcb95e5fec59b94bc5ba2034094990,44.614373000001706,7.162428000000887,0.061279000000524775,48.537170000003016,0.12037525000000614,False,False,False
dense_0_free_09_v1.0_h0.3,dense_0_free_09,5.95,1.0,0.3,json_combined,2,True,True,True,56354,980ca83a4955226bf5ae325915c7d6cccd8f0ba7057ed303aef21b5a43c5a993,104.43076299999632,21.354733999999098,0.9477099999983807,48.537170000003016,0.1952703769999968,False,False,False
dense_0_free_09_v1.0_h0.4,dense_0_free_09,5.95,1.0,0.4,binary_combined,0,True,True,True,57125,723435c0c23481d8c1ac25940d1534670a006a269b78aee7dd2131deabce4898,57.195245999999145,17.830396999997333,0.08071099999540365,48.537170000003016,0.1436435239999949,False,False,False
dense_0_free_09_v1.0_h0.4,dense_0_free_09,5.95,1.0,0.4,json_combined,1,True,True,True,74790,f36877015bc61436a01f54e579eeadefd26fe68d9db78a2d17a4647348255bac,89.29259800000011,18.918751000001066,1.1352770000030432,48.537170000003016,0.17788379600000723,False,False,False
dense_0_free_09_v1.0_h0.4,dense_0_free_09,5.95,1.0,0.4,binary_full,2,True,True,True,57125,723435c0c23481d8c1ac25940d1534670a006a269b78aee7dd2131deabce4898,116.4116890000031,22.132996000003402,0.06407100000416222,48.537170000003016,0.20714592600001366,False,False,False
dense_0_near_00_v0.0_h0.2,dense_0_near_00,6.0,0.0,0.2,json_combined,0,True,False,True,0,,75.3209079999948,0.0018429999997238156,0.0002989999998703752,48.91894599999347,0.14424199599998785,False,False,False
dense_0_near_00_v0.0_h0.2,dense_0_near_00,6.0,0.0,0.2,binary_full,1,True,False,True,0,,75.75856100000067,0.0017299999939268673,0.00031799999788972855,48.91894599999347,0.14467955499998594,False,False,False
dense_0_near_00_v0.0_h0.2,dense_0_near_00,6.0,0.0,0.2,binary_combined,2,True,False,True,0,,66.66904600000123,0.0014229999933945692,0.0004959999984066599,48.91894599999347,0.1355899109999865,False,False,False
dense_0_near_00_v0.0_h0.3,dense_0_near_00,6.0,0.0,0.3,binary_full,0,True,False,True,0,,60.933311999995965,0.001869999998405092,0.0002760000015200603,48.91894599999347,0.12985440399998935,False,False,False
dense_0_near_00_v0.0_h0.3,dense_0_near_00,6.0,0.0,0.3,binary_combined,1,True,False,True,0,,64.50286799999816,0.0015800000028320937,0.00035200000070290116,48.91894599999347,0.13342374599999515,False,False,False
dense_0_near_00_v0.0_h0.3,dense_0_near_00,6.0,0.0,0.3,json_combined,2,True,False,True,0,,105.63621600000062,0.00196599999924274,0.0002909999992084522,48.91894599999347,0.17455741899999253,False,False,False
dense_0_near_00_v0.0_h0.4,dense_0_near_00,6.0,0.0,0.4,binary_combined,0,True,False,True,0,,89.14533200000108,0.001810000000546097,0.0003740000025231893,48.91894599999347,0.1580664619999976,False,False,False
dense_0_near_00_v0.0_h0.4,dense_0_near_00,6.0,0.0,0.4,json_combined,1,True,False,True,0,,120.36990100000367,0.0021869999997647938,0.0002859999952420367,48.91894599999347,0.18929131999999213,False,False,False
dense_0_near_00_v0.0_h0.4,dense_0_near_00,6.0,0.0,0.4,binary_full,2,True,False,True,0,,114.24152099999674,0.0012120000008053466,0.00019800000217173874,48.91894599999347,0.18316187699999317,False,False,False
dense_0_near_00_v0.5_h0.2,dense_0_near_00,6.0,0.5,0.2,json_combined,0,True,False,True,0,,79.91564900000014,0.0017759999977329244,0.0004770000003873065,48.91894599999347,0.14883684799999172,False,False,False
dense_0_near_00_v0.5_h0.2,dense_0_near_00,6.0,0.5,0.2,binary_full,1,True,False,True,0,,60.40146699999838,0.0017400000018596984,0.0003150000011942211,48.91894599999347,0.1293224679999949,False,False,False
dense_0_near_00_v0.5_h0.2,dense_0_near_00,6.0,0.5,0.2,binary_combined,2,True,False,True,0,,57.38527700000162,0.0012859999998227067,0.00031399999755876706,48.91894599999347,0.12630582299999246,False,False,False
dense_0_near_00_v0.5_h0.3,dense_0_near_00,6.0,0.5,0.3,binary_full,0,True,False,True,0,,61.722797000001606,0.001584999999693082,0.0002340000051503921,48.91894599999347,0.1306435619999999,False,False,False
dense_0_near_00_v0.5_h0.3,dense_0_near_00,6.0,0.5,0.3,binary_combined,1,True,False,True,0,,69.73249400000014,0.0015009999998483181,0.0002170000001910921,48.91894599999347,0.13865315799999364,False,False,False
dense_0_near_00_v0.5_h0.3,dense_0_near_00,6.0,0.5,0.3,json_combined,2,True,False,True,0,,83.97154700000442,0.002258999998616673,0.00033500000284902853,48.91894599999347,0.15289308699999934,False,False,False
dense_0_near_00_v0.5_h0.4,dense_0_near_00,6.0,0.5,0.4,binary_combined,0,True,False,True,0,,105.47242100000176,0.003094000000203323,0.0003860000035160738,48.91894599999347,0.17439484699999894,False,False,False
dense_0_near_00_v0.5_h0.4,dense_0_near_00,6.0,0.5,0.4,json_combined,1,True,False,True,0,,133.5300160000017,0.0014539999995122344,0.00020700000646911576,48.91894599999347,0.20245062300000113,False,False,False
dense_0_near_00_v0.5_h0.4,dense_0_near_00,6.0,0.5,0.4,binary_full,2,True,False,True,0,,81.39304699999883,0.002373000000943648,0.0002650000041626299,48.91894599999347,0.1503146309999974,False,False,False
dense_0_near_00_v1.0_h0.2,dense_0_near_00,6.0,1.0,0.2,json_combined,0,True,False,True,0,,118.04550900000521,0.0025209999989783682,0.00026899999738816405,48.91894599999347,0.18696724499999504,False,False,False
dense_0_near_00_v1.0_h0.2,dense_0_near_00,6.0,1.0,0.2,binary_full,1,True,False,True,0,,97.84101300000003,0.0021569999972825826,0.0002949999995394137,48.91894599999347,0.1667624109999903,False,False,False
dense_0_near_00_v1.0_h0.2,dense_0_near_00,6.0,1.0,0.2,binary_combined,2,True,False,True,0,,90.13629199999684,0.0017900000131021443,0.00029900000697580253,48.91894599999347,0.15905732700001038,False,False,False
dense_0_near_00_v1.0_h0.3,dense_0_near_00,6.0,1.0,0.3,binary_full,0,True,False,True,0,,120.33604299999467,0.0021150000009129144,0.00025999999309078703,48.91894599999347,0.18925736399998214,False,False,False
dense_0_near_00_v1.0_h0.3,dense_0_near_00,6.0,1.0,0.3,binary_combined,1,True,False,True,0,,93.10821100000055,0.001995999994619524,0.0003050000003668174,48.91894599999347,0.162029457999989,False,False,False
dense_0_near_00_v1.0_h0.3,dense_0_near_00,6.0,1.0,0.3,json_combined,2,True,False,True,0,,109.33841399999267,0.0016860000044971457,0.0002460000132487039,48.91894599999347,0.17825929200000387,False,False,False
dense_0_near_00_v1.0_h0.4,dense_0_near_00,6.0,1.0,0.4,binary_combined,0,True,False,True,0,,92.29205799999818,0.0021980000042276515,0.0003119999973932863,48.91894599999347,0.16121351399999326,False,False,False
dense_0_near_00_v1.0_h0.4,dense_0_near_00,6.0,1.0,0.4,json_combined,1,True,False,True,0,,121.02022199999851,0.0020340000048690854,0.00022999999771400326,48.91894599999347,0.18994143199999455,False,False,False
dense_0_near_00_v1.0_h0.4,dense_0_near_00,6.0,1.0,0.4,binary_full,2,True,False,True,0,,105.96394799999587,0.0023249999969721102,0.0002510000030042647,48.91894599999347,0.1748854699999893,False,False,False
dense_0_near_01_v0.0_h0.2,dense_0_near_01,6.05,0.0,0.2,json_combined,0,True,False,True,0,,90.68747099999541,0.0016359999932546998,0.0003339999921081471,59.57702500000295,0.1702664659999837,False,False,False
dense_0_near_01_v0.0_h0.2,dense_0_near_01,6.05,0.0,0.2,binary_full,1,True,False,True,0,,104.8040410000084,0.002201000000923159,0.0002590000036661877,59.57702500000295,0.18438352600001592,False,False,False
dense_0_near_01_v0.0_h0.2,dense_0_near_01,6.05,0.0,0.2,binary_combined,2,True,False,True,0,,113.87838800000338,0.001004000012017059,0.00020100000597267353,59.57702500000295,0.1934566180000243,False,False,False
dense_0_near_01_v0.0_h0.3,dense_0_near_01,6.05,0.0,0.3,binary_full,0,True,False,True,0,,111.00449499998888,0.00180099999624872,0.00022599999738304177,59.57702500000295,0.19058354699998545,False,False,False
dense_0_near_01_v0.0_h0.3,dense_0_near_01,6.05,0.0,0.3,binary_combined,1,True,False,True,0,,84.08116000001087,0.0017100000064829146,0.0003789999993841775,59.57702500000295,0.16366027400001967,False,False,False
dense_0_near_01_v0.0_h0.3,dense_0_near_01,6.05,0.0,0.3,json_combined,2,True,False,True,0,,83.83611200000018,0.0015810000064675478,0.0003350000099544559,59.57702500000295,0.16341505300001954,False,False,False
dense_0_near_01_v0.0_h0.4,dense_0_near_01,6.05,0.0,0.4,binary_combined,0,True,False,True,0,,85.46798500000818,0.001905999994278318,0.00028200000201650255,59.57702500000295,0.16504719800000742,False,False,False
dense_0_near_01_v0.0_h0.4,dense_0_near_01,6.05,0.0,0.4,json_combined,1,True,False,True,0,,116.13322499999867,0.00231399999961468,0.000196000002006258,59.57702500000295,0.19571276000000323,False,False,False
dense_0_near_01_v0.0_h0.4,dense_0_near_01,6.05,0.0,0.4,binary_full,2,True,False,True,0,,105.50087100000383,0.002369999990037286,0.00029699999970489444,59.57702500000295,0.1850805629999965,False,False,False
dense_0_near_01_v0.5_h0.2,dense_0_near_01,6.05,0.5,0.2,json_combined,0,True,False,True,0,,115.2441800000048,0.0010170000024345427,0.0002200000039920269,59.57702500000295,0.19482244200001417,False,False,False
dense_0_near_01_v0.5_h0.2,dense_0_near_01,6.05,0.5,0.2,binary_full,1,True,False,True,0,,83.86533099999838,0.0021150000009129144,0.0003610000050002782,59.57702500000295,0.16344483200000723,False,False,False
dense_0_near_01_v0.5_h0.2,dense_0_near_01,6.05,0.5,0.2,binary_combined,2,True,False,True,0,,68.69957199999988,0.001507999996874787,0.00029699999970489444,59.57702500000295,0.1482784019999994,False,False,False
dense_0_near_01_v0.5_h0.3,dense_0_near_01,6.05,0.5,0.3,binary_full,0,True,False,True,0,,85.77828299999624,0.0017429999985552058,0.0002989999927649478,59.57702500000295,0.1653573499999905,False,False,False
dense_0_near_01_v0.5_h0.3,dense_0_near_01,6.05,0.5,0.3,binary_combined,1,True,False,True,0,,88.94176500000128,0.0012930000110600304,0.0003330000026835478,59.57702500000295,0.16852041600001796,False,False,False
dense_0_near_01_v0.5_h0.3,dense_0_near_01,6.05,0.5,0.3,json_combined,2,True,False,True,0,,118.12243999999339,0.001320999999165906,0.0002049999920927803,59.57702500000295,0.19770099099998759,False,False,False
dense_0_near_01_v0.5_h0.4,dense_0_near_01,6.05,0.5,0.4,binary_combined,0,True,False,True,0,,103.03543599999898,0.0017339999942578288,0.0003309999954126397,59.57702500000295,0.1826145259999916,False,False,False
dense_0_near_01_v0.5_h0.4,dense_0_near_01,6.05,0.5,0.4,json_combined,1,True,False,True,0,,118.31124100000068,0.001241000006757531,0.00025999999309078703,59.57702500000295,0.19788976700000346,False,False,False
dense_0_near_01_v0.5_h0.4,dense_0_near_01,6.05,0.5,0.4,binary_full,2,True,False,True,0,,117.95468199998993,0.0014609999965387033,0.0002069999993636884,59.57702500000295,0.19753337499998877,False,False,False
dense_0_near_01_v1.0_h0.2,dense_0_near_01,6.05,1.0,0.2,json_combined,0,True,False,True,0,,79.92579599999772,0.0017309999975623214,0.0003029999930959093,59.57702500000295,0.1595048549999913,False,False,False
dense_0_near_01_v1.0_h0.2,dense_0_near_01,6.05,1.0,0.2,binary_full,1,True,False,True,0,,119.8110990000032,0.002136000006203176,0.00031099999375783227,59.57702500000295,0.1993905710000061,False,False,False
dense_0_near_01_v1.0_h0.2,dense_0_near_01,6.05,1.0,0.2,binary_combined,2,True,False,True,0,,106.50998500000242,0.001049999994506834,0.0002069999993636884,59.57702500000295,0.18608826699999922,False,False,False
dense_0_near_01_v1.0_h0.3,dense_0_near_01,6.05,1.0,0.3,binary_full,0,True,False,True,0,,100.11809600000277,0.002178000002572844,0.0003599999871539694,59.57702500000295,0.17969765899999543,False,False,False
dense_0_near_01_v1.0_h0.3,dense_0_near_01,6.05,1.0,0.3,binary_combined,1,True,False,True,0,,95.48216000000309,0.0019599999916408706,0.00034100000334547076,59.57702500000295,0.17506148600000102,False,False,False
dense_0_near_01_v1.0_h0.3,dense_0_near_01,6.05,1.0,0.3,json_combined,2,True,False,True,0,,103.60395200000028,0.0020219999896653462,0.00028899999904297147,59.57702500000295,0.18318328799999192,False,False,False
dense_0_near_01_v1.0_h0.4,dense_0_near_01,6.05,1.0,0.4,binary_combined,0,True,False,True,0,,81.3562619999999,0.0015070000074501877,0.0002590000036661877,59.57702500000295,0.16093505300001396,False,False,False
dense_0_near_01_v1.0_h0.4,dense_0_near_01,6.05,1.0,0.4,json_combined,1,True,False,True,0,,132.3393750000008,0.0013149999915640365,0.00022800000465394987,59.57702500000295,0.21191794299999997,False,False,False
dense_0_near_01_v1.0_h0.4,dense_0_near_01,6.05,1.0,0.4,binary_full,2,True,False,True,0,,118.07034000000272,0.0013789999968594202,0.00023199999077405664,59.57702500000295,0.1976489759999933,False,False,False
dense_0_near_02_v0.0_h0.2,dense_0_near_02,6.1000000000000005,0.0,0.2,json_combined,0,True,False,True,0,,113.71517799999253,0.0015910000001895241,0.00029799998912949377,48.42182099999803,0.18213888799997988,False,False,False
dense_0_near_02_v0.0_h0.2,dense_0_near_02,6.1000000000000005,0.0,0.2,binary_full,1,True,False,True,0,,104.37478000000056,0.002355999995984348,0.0002529999960643181,48.42182099999803,0.17279920999999063,False,False,False
dense_0_near_02_v0.0_h0.2,dense_0_near_02,6.1000000000000005,0.0,0.2,binary_combined,2,True,False,True,0,,75.89833699999815,0.0015779999955611856,0.00034500000367643224,48.42182099999803,0.1443220809999954,False,False,False
dense_0_near_02_v0.0_h0.3,dense_0_near_02,6.1000000000000005,0.0,0.3,binary_full,0,True,False,True,0,,79.93363199999237,0.0019239999886622172,0.00029500000664484105,48.42182099999803,0.1483576719999857,False,False,False
dense_0_near_02_v0.0_h0.3,dense_0_near_02,6.1000000000000005,0.0,0.3,binary_combined,1,True,False,True,0,,81.1588640000025,0.0011879999988195777,0.0002980000033403485,48.42182099999803,0.14958217100000268,False,False,False
dense_0_near_02_v0.0_h0.3,dense_0_near_02,6.1000000000000005,0.0,0.3,json_combined,2,True,False,True,0,,89.2464090000118,0.0027680000016516715,0.0003809999924442309,48.42182099999803,0.15767137900000391,False,False,False
dense_0_near_02_v0.0_h0.4,dense_0_near_02,6.1000000000000005,0.0,0.4,binary_combined,0,True,False,True,0,,126.10467400000402,0.0012160000011363081,0.00020400000266818097,48.42182099999803,0.19452791500000585,False,False,False
dense_0_near_02_v0.0_h0.4,dense_0_near_02,6.1000000000000005,0.0,0.4,json_combined,1,True,False,True,0,,101.69894199999874,0.002207999997949628,0.00023200000498491136,48.42182099999803,0.1701232029999997,False,False,False
dense_0_near_02_v0.0_h0.4,dense_0_near_02,6.1000000000000005,0.0,0.4,binary_full,2,True,False,True,0,,121.04593899999827,0.0012259999948582845,0.0001679999996895276,48.42182099999803,0.18946915399999084,False,False,False
dense_0_near_02_v0.5_h0.2,dense_0_near_02,6.1000000000000005,0.5,0.2,json_combined,0,True,False,True,0,,117.2334249999949,0.001124999997159648,0.00021699999308566476,48.42182099999803,0.18565658799998316,False,False,False
dense_0_near_02_v0.5_h0.2,dense_0_near_02,6.1000000000000005,0.5,0.2,binary_full,1,True,False,True,0,,85.73911900001008,0.001990000001228509,0.00038199999607968493,48.42182099999803,0.1541633120000054,False,False,False
dense_0_near_02_v0.5_h0.2,dense_0_near_02,6.1000000000000005,0.5,0.2,binary_combined,2,True,False,True,0,,78.1819479999939,0.001964999995607286,0.0003239999983861708,48.42182099999803,0.1466060579999859,False,False,False
dense_0_near_02_v0.5_h0.3,dense_0_near_02,6.1000000000000005,0.5,0.3,binary_full,0,True,False,True,0,,87.62930299999994,0.0024059999930159393,0.0002740000013545796,48.42182099999803,0.15605380399999233,False,False,False
dense_0_near_02_v0.5_h0.3,dense_0_near_02,6.1000000000000005,0.5,0.3,binary_combined,1,True,False,True,0,,105.30556800000568,0.0016120000054797856,0.0002660000006926566,48.42182099999803,0.17372926700000987,False,False,False
dense_0_near_02_v0.5_h0.3,dense_0_near_02,6.1000000000000005,0.5,0.3,json_combined,2,True,False,True,0,,95.44440100000884,0.0016519999945785457,0.00038700000004610047,48.42182099999803,0.16386826100000149,False,False,False
dense_0_near_02_v0.5_h0.4,dense_0_near_02,6.1000000000000005,0.5,0.4,binary_combined,0,True,False,True,0,,101.23745699999631,0.0019040000012182645,0.0003220000053261174,48.42182099999803,0.16966150400000088,False,False,False
dense_0_near_02_v0.5_h0.4,dense_0_near_02,6.1000000000000005,0.5,0.4,json_combined,1,True,False,True,0,,98.7279950000044,0.0016759999965643146,0.0002660000006926566,48.42182099999803,0.16715175799999968,False,False,False
dense_0_near_02_v0.5_h0.4,dense_0_near_02,6.1000000000000005,0.5,0.4,binary_full,2,True,False,True,0,,114.1721990000093,0.0016500000015184924,0.00020600000993908907,48.42182099999803,0.18259587600001878,False,False,False
dense_0_near_02_v1.0_h0.2,dense_0_near_02,6.1000000000000005,1.0,0.2,json_combined,0,True,False,True,0,,111.35855499999536,0.0011310000047615176,0.00019200000167529652,48.42182099999803,0.17978169899999982,False,False,False
dense_0_near_02_v1.0_h0.2,dense_0_near_02,6.1000000000000005,1.0,0.2,binary_full,1,True,False,True,0,,104.19081099999516,0.0023270000042430183,0.0002900000026784255,48.42182099999803,0.1726152490000001,False,False,False
dense_0_near_02_v1.0_h0.2,dense_0_near_02,6.1000000000000005,1.0,0.2,binary_combined,2,True,False,True,0,,96.63708799999426,0.001898999997251849,0.00038700000004610047,48.42182099999803,0.16506119499998959,False,False,False
dense_0_near_02_v1.0_h0.3,dense_0_near_02,6.1000000000000005,1.0,0.3,binary_full,0,True,False,True,0,,84.2654610000011,0.0025969999910557817,0.0003420000069809248,48.42182099999803,0.15269022099999716,False,False,False
dense_0_near_02_v1.0_h0.3,dense_0_near_02,6.1000000000000005,1.0,0.3,binary_combined,1,True,False,True,0,,119.21074300001067,0.0018589999939422341,0.00030200000367130997,48.42182099999803,0.1876347250000063,False,False,False
dense_0_near_02_v1.0_h0.3,dense_0_near_02,6.1000000000000005,1.0,0.3,json_combined,2,True,False,True,0,,86.42675100000474,0.002010999992307916,0.00033199999904809374,48.42182099999803,0.15485091499999412,False,False,False
dense_0_near_02_v1.0_h0.4,dense_0_near_02,6.1000000000000005,1.0,0.4,binary_combined,0,True,False,True,0,,120.20489500000053,0.0011209999968286866,0.00023399999804496474,48.42182099999803,0.18862807099999343,False,False,False
dense_0_near_02_v1.0_h0.4,dense_0_near_02,6.1000000000000005,1.0,0.4,json_combined,1,True,False,True,0,,104.66265099999816,0.0015950000005204856,0.00021900000035657285,48.42182099999803,0.17308628599999706,False,False,False
dense_0_near_02_v1.0_h0.4,dense_0_near_02,6.1000000000000005,1.0,0.4,binary_full,2,True,False,True,0,,100.19751500000496,0.002323000003912057,0.00034299999640552414,48.42182099999803,0.1686220020000033,False,False,False
dense_0_near_03_v0.0_h0.2,dense_0_near_03,6.15,0.0,0.2,json_combined,0,True,False,True,0,,116.7968849999994,0.0015629999978727938,0.0003090000006977789,58.389854999994384,0.19518861199999235,False,False,False
dense_0_near_03_v0.0_h0.2,dense_0_near_03,6.15,0.0,0.2,binary_full,1,True,False,True,0,,61.205381999997144,0.001917000005846603,0.00045800000236795313,58.389854999994384,0.13959761199999973,False,False,False
dense_0_near_03_v0.0_h0.2,dense_0_near_03,6.15,0.0,0.2,binary_combined,2,True,False,True,0,,103.690524000001,0.002299000001926288,0.00029299999937393295,58.389854999994384,0.18208297099999668,False,False,False
dense_0_near_03_v0.0_h0.3,dense_0_near_03,6.15,0.0,0.3,binary_full,0,True,False,True,0,,104.34180500000423,0.001973999999904663,0.0003330000026835478,58.389854999994384,0.1827339670000012,False,False,False
dense_0_near_03_v0.0_h0.3,dense_0_near_03,6.15,0.0,0.3,binary_combined,1,True,False,True,0,,100.53478900000812,0.0016960000124299768,0.0003610000050002782,58.389854999994384,0.17892670100001992,False,False,False
dense_0_near_03_v0.0_h0.3,dense_0_near_03,6.15,0.0,0.3,json_combined,2,True,False,True,0,,120.11599199999523,0.001461000010749558,0.00020800000299914245,58.389854999994384,0.19850751600000335,False,False,False
dense_0_near_03_v0.0_h0.4,dense_0_near_03,6.15,0.0,0.4,binary_combined,0,True,False,True,0,,83.18250100001023,0.0019529999946144017,0.0003209999874798086,58.389854999994384,0.1615746299999867,False,False,False
dense_0_near_03_v0.0_h0.4,dense_0_near_03,6.15,0.0,0.4,json_combined,1,True,False,True,0,,137.02052400000753,0.0014940000028218492,0.0002419999987068877,58.389854999994384,0.21541211500000343,False,False,False
dense_0_near_03_v0.0_h0.4,dense_0_near_03,6.15,0.0,0.4,binary_full,2,True,False,True,0,,113.89716799999405,0.002109999996946499,0.0003419999927700701,58.389854999994384,0.19228947499997814,False,False,False
dense_0_near_03_v0.5_h0.2,dense_0_near_03,6.15,0.5,0.2,json_combined,0,True,False,True,0,,93.99882099999957,0.0029609999927515673,0.00028200000201650255,58.389854999994384,0.1723919189999887,False,False,False
dense_0_near_03_v0.5_h0.2,dense_0_near_03,6.15,0.5,0.2,binary_full,1,True,False,True,0,,76.85174899999936,0.002412000000617809,0.0002989999927649478,58.389854999994384,0.15524431499998712,False,False,False
dense_0_near_03_v0.5_h0.2,dense_0_near_03,6.15,0.5,0.2,binary_combined,2,True,False,True,0,,81.51672300000712,0.00158999999655407,0.00035600000103386265,58.389854999994384,0.15990852399999908,False,False,False
dense_0_near_03_v0.5_h0.3,dense_0_near_03,6.15,0.5,0.3,binary_full,0,True,False,True,0,,61.175881000011145,0.001819000004843474,0.0002900000026784255,58.389854999994384,0.13956784500001304,False,False,False
dense_0_near_03_v0.5_h0.3,dense_0_near_03,6.15,0.5,0.3,binary_combined,1,True,False,True,0,,60.71868699999072,0.0014900000024908877,0.00031300000102874037,58.389854999994384,0.13911034499998862,False,False,False
dense_0_near_03_v0.5_h0.3,dense_0_near_03,6.15,0.5,0.3,json_combined,2,True,False,True,0,,69.40715899999361,0.0018580000045176348,0.00022800000465394987,58.389854999994384,0.14779909999999716,False,False,False
dense_0_near_03_v0.5_h0.4,dense_0_near_03,6.15,0.5,0.4,binary_combined,0,True,False,True,0,,92.66873999999348,0.0021980000042276515,0.00029100000631387957,58.389854999994384,0.1710610839999984,False,False,False
dense_0_near_03_v0.5_h0.4,dense_0_near_03,6.15,0.5,0.4,json_combined,1,True,False,True,0,,136.69886099999928,0.0012799999922208372,0.00022599999738304177,58.389854999994384,0.21509022199998326,False,False,False
dense_0_near_03_v0.5_h0.4,dense_0_near_03,6.15,0.5,0.4,binary_full,2,True,False,True,0,,76.60515499999576,0.002667000003953035,0.0003070000076377255,58.389854999994384,0.15499798400000173,False,False,False
dense_0_near_03_v1.0_h0.2,dense_0_near_03,6.15,1.0,0.2,json_combined,0,True,False,True,0,,105.25445999999761,0.0022779999966360265,0.00026799999375271,58.389854999994384,0.18364686099998237,False,False,False
dense_0_near_03_v1.0_h0.2,dense_0_near_03,6.15,1.0,0.2,binary_full,1,True,False,True,0,,87.99483199999258,0.0025260000029447838,0.0003069999934268708,58.389854999994384,0.16638751999998333,False,False,False
dense_0_near_03_v1.0_h0.2,dense_0_near_03,6.15,1.0,0.2,binary_combined,2,True,False,True,0,,90.12811700000611,0.0020620000071858158,0.00036200000863573223,58.389854999994384,0.1685203960000163,False,False,False
dense_0_near_03_v1.0_h0.3,dense_0_near_03,6.15,1.0,0.3,binary_full,0,True,False,True,0,,113.75936500000705,0.002269000006549504,0.0003239999983861708,58.389854999994384,0.19215181300000636,False,False,False
dense_0_near_03_v1.0_h0.3,dense_0_near_03,6.15,1.0,0.3,binary_combined,1,True,False,True,0,,91.32006899999112,0.002160999997613544,0.000276999998050087,58.389854999994384,0.16971236199998116,False,False,False
dense_0_near_03_v1.0_h0.3,dense_0_near_03,6.15,1.0,0.3,json_combined,2,True,False,True,0,,122.18156499999111,0.00151599999753671,0.00026200000036169513,58.389854999994384,0.20057319799998338,False,False,False
dense_0_near_03_v1.0_h0.4,dense_0_near_03,6.15,1.0,0.4,binary_combined,0,True,False,True,0,,82.93944500000805,0.0018439999962538423,0.00036000000136482413,58.389854999994384,0.16133150400000004,False,False,False
dense_0_near_03_v1.0_h0.4,dense_0_near_03,6.15,1.0,0.4,json_combined,1,True,False,True,0,,120.29005099999779,0.0017319999869869207,0.00025199999242886406,58.389854999994384,0.19868188999997158,False,False,False
dense_0_near_03_v1.0_h0.4,dense_0_near_03,6.15,1.0,0.4,binary_full,2,True,False,True,0,,92.18674199999555,0.002250000008530151,0.0003720000023577086,58.389854999994384,0.1705792190000008,False,False,False
dense_0_near_04_v0.0_h0.2,dense_0_near_04,6.2,0.0,0.2,json_combined,0,True,False,True,0,,88.07684200000665,0.0014000000021496817,0.00029500000664484105,54.97058499999952,0.16304912200001495,False,False,False
dense_0_near_04_v0.0_h0.2,dense_0_near_04,6.2,0.0,0.2,binary_full,1,True,False,True,0,,112.93122499999697,0.002393999992023055,0.00028899999904297147,54.97058499999952,0.18790449299998754,False,False,False
dense_0_near_04_v0.0_h0.2,dense_0_near_04,6.2,0.0,0.2,binary_combined,2,True,False,True,0,,94.38724899999329,0.0016999999985500835,0.00038000000301963155,54.97058499999952,0.16935991399999437,False,False,False
dense_0_near_04_v0.0_h0.3,dense_0_near_04,6.2,0.0,0.3,binary_full,0,True,False,True,0,,82.99156699999344,0.0027520000003278255,0.0003199999980552093,54.97058499999952,0.15796522399999133,False,False,False
dense_0_near_04_v0.0_h0.3,dense_0_near_04,6.2,0.0,0.3,binary_combined,1,True,False,True,0,,123.08546200000592,0.0017739999975674436,0.0002459999990378492,54.97058499999952,0.19805806700000203,False,False,False
dense_0_near_04_v0.0_h0.3,dense_0_near_04,6.2,0.0,0.3,json_combined,2,True,False,True,0,,99.00778599998716,0.0019780000002356246,0.00036299999806033156,54.97058499999952,0.17398071199998497,False,False,False
dense_0_near_04_v0.0_h0.4,dense_0_near_04,6.2,0.0,0.4,binary_combined,0,True,False,True,0,,75.74783200000468,0.002019999996605293,0.0002830000056519566,54.97058499999952,0.15072072000000644,False,False,False
dense_0_near_04_v0.0_h0.4,dense_0_near_04,6.2,0.0,0.4,json_combined,1,True,False,True,0,,85.18705999999554,0.0017090000028474606,0.00031899999441975524,54.97058499999952,0.16015967299999231,False,False,False
dense_0_near_04_v0.0_h0.4,dense_0_near_04,6.2,0.0,0.4,binary_full,2,True,False,True,0,,79.46279299999048,0.0019390000005614638,0.0003740000096286167,54.97058499999952,0.15443569100000018,False,False,False
dense_0_near_04_v0.5_h0.2,dense_0_near_04,6.2,0.5,0.2,json_combined,0,True,False,True,0,,79.20151799999076,0.0020420000055310084,0.0002790000053209951,54.97058499999952,0.15417442400000111,False,False,False
dense_0_near_04_v0.5_h0.2,dense_0_near_04,6.2,0.5,0.2,binary_full,1,True,False,True,0,,62.406585000005066,0.0016520000087894005,0.00026400000763260323,54.97058499999952,0.137379086000021,False,False,False
dense_0_near_04_v0.5_h0.2,dense_0_near_04,6.2,0.5,0.2,binary_combined,2,True,False,True,0,,95.16734299999996,0.0016999999985500835,0.00024899999573335663,54.97058499999952,0.17013987699999375,False,False,False
dense_0_near_04_v0.5_h0.3,dense_0_near_04,6.2,0.5,0.3,binary_full,0,True,False,True,0,,94.42262100000676,0.002315000003250134,0.0003810000066550856,54.97058499999952,0.16939590200001617,False,False,False
dense_0_near_04_v0.5_h0.3,dense_0_near_04,6.2,0.5,0.3,binary_combined,1,True,False,True,0,,68.76470599999607,0.0014559999925722877,0.00025600000697068026,54.97058499999952,0.14373700299999512,False,False,False
dense_0_near_04_v0.5_h0.3,dense_0_near_04,6.2,0.5,0.3,json_combined,2,True,False,True,0,,142.76658300001088,0.0013920000014877587,0.00023399999804496474,54.97058499999952,0.21773879400000992,False,False,False
dense_0_near_04_v0.5_h0.4,dense_0_near_04,6.2,0.5,0.4,binary_combined,0,True,False,True,0,,116.32335599999521,0.0012689999948634068,0.00021300000696555799,54.97058499999952,0.19129542299999655,False,False,False
dense_0_near_04_v0.5_h0.4,dense_0_near_04,6.2,0.5,0.4,json_combined,1,True,False,True,0,,123.65383599998836,0.0013140000021394371,0.00020299999903272692,54.97058499999952,0.19862593799998904,False,False,False
dense_0_near_04_v0.5_h0.4,dense_0_near_04,6.2,0.5,0.4,binary_full,2,True,False,True,0,,113.50042699999108,0.0020569999890085455,0.0003239999983861708,54.97058499999952,0.18847339299997798,False,False,False
dense_0_near_04_v1.0_h0.2,dense_0_near_04,6.2,1.0,0.2,json_combined,0,True,False,True,0,,54.710697000004416,0.0016770000001997687,0.0002920000099493336,54.97058499999952,0.12968325100001407,False,False,False
dense_0_near_04_v1.0_h0.2,dense_0_near_04,6.2,1.0,0.2,binary_full,1,True,False,True,0,,56.75283000000775,0.0018690000018750652,0.0003160000119351025,54.97058499999952,0.13172560000002106,False,False,False
dense_0_near_04_v1.0_h0.2,dense_0_near_04,6.2,1.0,0.2,binary_combined,2,True,False,True,0,,58.80656899999792,0.0014660000005051188,0.0003270000092925329,54.97058499999952,0.13377894700000723,False,False,False
dense_0_near_04_v1.0_h0.3,dense_0_near_04,6.2,1.0,0.3,binary_full,0,True,False,True,0,,57.57469000000981,0.0016890000011926531,0.00026900001159901876,54.97058499999952,0.1325472330000221,False,False,False
dense_0_near_04_v1.0_h0.3,dense_0_near_04,6.2,1.0,0.3,binary_combined,1,True,False,True,0,,63.683862000004865,0.0016389999899502072,0.00027299999771912553,54.97058499999952,0.13865635899999204,False,False,False
dense_0_near_04_v1.0_h0.3,dense_0_near_04,6.2,1.0,0.3,json_combined,2,True,False,True,0,,71.66341699999634,0.0015450000034888944,0.0002570000106061343,54.97058499999952,0.14663580400000994,False,False,False
dense_0_near_04_v1.0_h0.4,dense_0_near_04,6.2,1.0,0.4,binary_combined,0,True,False,True,0,,111.63082800000268,0.0014139999962026195,0.0003220000053261174,54.97058499999952,0.18660314900000372,False,False,False
dense_0_near_04_v1.0_h0.4,dense_0_near_04,6.2,1.0,0.4,json_combined,1,True,False,True,0,,116.85816800000737,0.0011209999968286866,0.0002440000059777958,54.97058499999952,0.19183011800000968,False,False,False
dense_0_near_04_v1.0_h0.4,dense_0_near_04,6.2,1.0,0.4,binary_full,2,True,False,True,0,,103.43828300000268,0.0016579999879695606,0.00023900000201138027,54.97058499999952,0.17841076499999217,False,False,False
dense_0_near_05_v0.0_h0.2,dense_0_near_05,6.25,0.0,0.2,json_combined,0,True,False,True,0,,107.18990499999848,0.0022800000039069346,0.00036299999806033156,66.97659499999986,0.1941691430000003,False,False,False
dense_0_near_05_v0.0_h0.2,dense_0_near_05,6.25,0.0,0.2,binary_full,1,True,False,True,0,,98.69211600000938,0.002031000008173578,0.0003050000003668174,66.97659499999986,0.18567104700001777,False,False,False
dense_0_near_05_v0.0_h0.2,dense_0_near_05,6.25,0.0,0.2,binary_combined,2,True,False,True,0,,86.675213999996,0.0015130000008412026,0.00028200000201650255,66.97659499999986,0.1736536039999987,False,False,False
dense_0_near_05_v0.0_h0.3,dense_0_near_05,6.25,0.0,0.3,binary_full,0,True,False,True,0,,118.29584199999488,0.0022939999979598724,0.0003859999964106464,66.97659499999986,0.2052751169999891,False,False,False
dense_0_near_05_v0.0_h0.3,dense_0_near_05,6.25,0.0,0.3,binary_combined,1,True,False,True,0,,77.3271799999975,0.001525000001834087,0.00030799999706232484,66.97659499999986,0.16430560799999624,False,False,False
dense_0_near_05_v0.0_h0.3,dense_0_near_05,6.25,0.0,0.3,json_combined,2,True,False,True,0,,61.32558799998833,0.0013500000051180905,0.0002719999940836715,66.97659499999986,0.14830380499998738,False,False,False
dense_0_near_05_v0.0_h0.4,dense_0_near_05,6.25,0.0,0.4,binary_combined,0,True,False,True,0,,77.1544170000027,0.002437999995663631,0.0003459999931010316,66.97659499999986,0.1641337959999913,False,False,False
dense_0_near_05_v0.0_h0.4,dense_0_near_05,6.25,0.0,0.4,json_combined,1,True,False,True,0,,148.0558939999952,0.001337000000489752,0.0002109999996946499,66.97659499999986,0.23503403699999523,False,False,False
dense_0_near_05_v0.0_h0.4,dense_0_near_05,6.25,0.0,0.4,binary_full,2,True,False,True,0,,79.66289799999515,0.002429000005577109,0.00026700000432811066,66.97659499999986,0.1666421890000049,False,False,False
dense_0_near_05_v0.5_h0.2,dense_0_near_05,6.25,0.5,0.2,json_combined,0,True,False,True,0,,121.32678900000826,0.0016700000031732998,0.00028399999507655593,66.97659499999986,0.20830533800000636,False,False,False
dense_0_near_05_v0.5_h0.2,dense_0_near_05,6.25,0.5,0.2,binary_full,1,True,False,True,0,,63.94865699999741,0.0021160000045483685,0.0002660000006926566,66.97659499999986,0.1509276340000025,False,False,False
dense_0_near_05_v0.5_h0.2,dense_0_near_05,6.25,0.5,0.2,binary_combined,2,True,False,True,0,,93.00366800000859,0.0022370000039018123,0.00028899999904297147,66.97659499999986,0.17998278900001138,False,False,False
dense_0_near_05_v0.5_h0.3,dense_0_near_05,6.25,0.5,0.3,binary_full,0,True,False,True,0,,111.2080749999933,0.003149000008306757,0.00032599999144622416,66.97659499999986,0.1981881449999929,False,False,False
dense_0_near_05_v0.5_h0.3,dense_0_near_05,6.25,0.5,0.3,binary_combined,1,True,False,True,0,,84.29331400000706,0.001613999998539839,0.00042599999972026126,66.97659499999986,0.17127194900000517,False,False,False
dense_0_near_05_v0.5_h0.3,dense_0_near_05,6.25,0.5,0.3,json_combined,2,True,False,True,0,,120.21475900000667,0.001140999998483494,0.00020199999539727287,66.97659499999986,0.2071926970000004,False,False,False
dense_0_near_05_v0.5_h0.4,dense_0_near_05,6.25,0.5,0.4,binary_combined,0,True,False,True,0,,55.3757419999954,0.0014470000024857654,0.0003480000003719397,66.97659499999986,0.1423541319999981,False,False,False
dense_0_near_05_v0.5_h0.4,dense_0_near_05,6.25,0.5,0.4,json_combined,1,True,False,True,0,,89.5080020000023,0.0025969999910557817,0.00028399999507655593,66.97659499999986,0.1764874779999883,False,False,False
dense_0_near_05_v0.5_h0.4,dense_0_near_05,6.25,0.5,0.4,binary_full,2,True,False,True,0,,118.52119899999991,0.0024169999903733697,0.00046499999939442205,66.97659499999986,0.20550067599998953,False,False,False
dense_0_near_05_v1.0_h0.2,dense_0_near_05,6.25,1.0,0.2,json_combined,0,True,False,True,0,,105.52158400000167,0.0012340000097310622,0.00019899999870176543,66.97659499999986,0.19249961200000995,False,False,False
dense_0_near_05_v1.0_h0.2,dense_0_near_05,6.25,1.0,0.2,binary_full,1,True,False,True,0,,70.5205410000076,0.003099000011275166,0.0003459999931010316,66.97659499999986,0.15750058100001182,False,False,False
dense_0_near_05_v1.0_h0.2,dense_0_near_05,6.25,1.0,0.2,binary_combined,2,True,False,True,0,,106.0299060000034,0.0016479999942475843,0.00026499999705720256,66.97659499999986,0.19300841399999455,False,False,False
dense_0_near_05_v1.0_h0.3,dense_0_near_05,6.25,1.0,0.3,binary_full,0,True,False,True,0,,122.34632400000578,0.0012760000061007304,0.00024899999573335663,66.97659499999986,0.20932444400000746,False,False,False
dense_0_near_05_v1.0_h0.3,dense_0_near_05,6.25,1.0,0.3,binary_combined,1,True,False,True,0,,106.25725500000271,0.0016770000001997687,0.00028600000234746403,66.97659499999986,0.1932358130000051,False,False,False
dense_0_near_05_v1.0_h0.3,dense_0_near_05,6.25,1.0,0.3,json_combined,2,True,False,True,0,,105.47007099999917,0.002340999998295956,0.0002790000053209951,66.97659499999986,0.19244928600000263,False,False,False
dense_0_near_05_v1.0_h0.4,dense_0_near_05,6.25,1.0,0.4,binary_combined,0,True,False,True,0,,94.00600799999381,0.0016550000054849079,0.0003339999921081471,66.97659499999986,0.18098459199999126,False,False,False
dense_0_near_05_v1.0_h0.4,dense_0_near_05,6.25,1.0,0.4,json_combined,1,True,False,True,0,,87.11290599998733,0.002242000007868228,0.00029099999210302485,66.97659499999986,0.17409203399998716,False,False,False
dense_0_near_05_v1.0_h0.4,dense_0_near_05,6.25,1.0,0.4,binary_full,2,True,False,True,0,,133.87053400001037,0.001713000003178422,0.00019799999506631139,66.97659499999986,0.22084904000000846,False,False,False
dense_0_near_06_v0.0_h0.2,dense_0_near_06,6.3,0.0,0.2,json_combined,0,True,False,True,0,,94.8525370000084,0.0029809999944063748,0.0003309999954126397,55.74866200000628,0.17060451100000448,False,False,False
dense_0_near_06_v0.0_h0.2,dense_0_near_06,6.3,0.0,0.2,binary_full,1,True,False,True,0,,101.00200600000164,0.001883999999563457,0.000303000007306764,55.74866200000628,0.17675285500001478,False,False,False
dense_0_near_06_v0.0_h0.2,dense_0_near_06,6.3,0.0,0.2,binary_combined,2,True,False,True,0,,88.21368600000312,0.001956999994945363,0.0002900000026784255,55.74866200000628,0.163964595000007,False,False,False
dense_0_near_06_v0.0_h0.3,dense_0_near_06,6.3,0.0,0.3,binary_full,0,True,False,True,0,,74.55640299998834,0.002121000008514784,0.00032300000896157144,55.74866200000628,0.15030750900001208,False,False,False
dense_0_near_06_v0.0_h0.3,dense_0_near_06,6.3,0.0,0.3,binary_combined,1,True,False,True,0,,60.39484499999048,0.0013180000024703986,0.0003000000106112566,55.74866200000628,0.13614512500000983,False,False,False
dense_0_near_06_v0.0_h0.3,dense_0_near_06,6.3,0.0,0.3,json_combined,2,True,False,True,0,,112.88738700000067,0.0025650000026189446,0.00034699999673648563,55.74866200000628,0.1886389610000063,False,False,False
dense_0_near_06_v0.0_h0.4,dense_0_near_06,6.3,0.0,0.4,binary_combined,0,True,False,True,0,,112.36813000000723,0.0012879999928827601,0.00024300000234234176,55.74866200000628,0.18811832300000872,False,False,False
dense_0_near_06_v0.0_h0.4,dense_0_near_06,6.3,0.0,0.4,json_combined,1,True,False,True,0,,88.30604899999628,0.002195000007532144,0.0002900000026784255,55.74866200000628,0.16405719600001276,False,False,False
dense_0_near_06_v0.0_h0.4,dense_0_near_06,6.3,0.0,0.4,binary_full,2,True,False,True,0,,126.47564200000261,0.0018779999919615875,0.00021600000366106542,55.74866200000628,0.2022263980000045,False,False,False
dense_0_near_06_v0.5_h0.2,dense_0_near_06,6.3,0.5,0.2,json_combined,0,True,False,True,0,,104.70640200000503,0.001311999994868529,0.00023799999837592622,55.74866200000628,0.18045661400000454,False,False,False
dense_0_near_06_v0.5_h0.2,dense_0_near_06,6.3,0.5,0.2,binary_full,1,True,False,True,0,,80.60417500000483,0.0020829999982652225,0.00033199999904809374,55.74866200000628,0.1563552520000084,False,False,False
dense_0_near_06_v0.5_h0.2,dense_0_near_06,6.3,0.5,0.2,binary_combined,2,True,False,True,0,,99.7357720000025,0.0018369999992273733,0.0002959999960694404,55.74866200000628,0.17548656700000406,False,False,False
dense_0_near_06_v0.5_h0.3,dense_0_near_06,6.3,0.5,0.3,binary_full,0,True,False,True,0,,127.03955400000666,0.0019419999972569713,0.0002200000039920269,55.74866200000628,0.20279037800001418,False,False,False
dense_0_near_06_v0.5_h0.3,dense_0_near_06,6.3,0.5,0.3,binary_combined,1,True,False,True,0,,105.53556200000003,0.0011269999902197014,0.00024899999573335663,55.74866200000628,0.18128559999999225,False,False,False
dense_0_near_06_v0.5_h0.3,dense_0_near_06,6.3,0.5,0.3,json_combined,2,True,False,True,0,,112.26626100000203,0.0021240000052102914,0.0002959999960694404,55.74866200000628,0.18801734300000958,False,False,False
dense_0_near_06_v0.5_h0.4,dense_0_near_06,6.3,0.5,0.4,binary_combined,0,True,False,True,0,,114.63232399999868,0.0015349999955560634,0.00022700000101849582,55.74866200000628,0.19038274800000152,False,False,False
dense_0_near_06_v0.5_h0.4,dense_0_near_06,6.3,0.5,0.4,json_combined,1,True,False,True,0,,116.70898399999885,0.00132200000280136,0.00023399999804496474,55.74866200000628,0.19245920200000596,False,False,False
dense_0_near_06_v0.5_h0.4,dense_0_near_06,6.3,0.5,0.4,binary_full,2,True,False,True,0,,87.48988300000349,0.0024729999950068304,0.00026799999375271,55.74866200000628,0.16324128599999851,False,False,False
dense_0_near_06_v1.0_h0.2,dense_0_near_06,6.3,1.0,0.2,json_combined,0,True,False,True,0,,84.99886700001014,0.002398000006564871,0.0005029999954331288,55.74866200000628,0.1607504300000184,False,False,False
dense_0_near_06_v1.0_h0.2,dense_0_near_06,6.3,1.0,0.2,binary_full,1,True,False,True,0,,69.35811399999636,0.002125999998270345,0.0003420000069809248,55.74866200000628,0.14510924400000788,False,False,False
dense_0_near_06_v1.0_h0.2,dense_0_near_06,6.3,1.0,0.2,binary_combined,2,True,False,True,0,,65.56009899999538,0.0018150000045125125,0.00028399999507655593,55.74866200000628,0.14131086000000123,False,False,False
dense_0_near_06_v1.0_h0.3,dense_0_near_06,6.3,1.0,0.3,binary_full,0,True,False,True,0,,120.19707899999332,0.0013389999935498054,0.00021500000002561137,55.74866200000628,0.19594729499999317,False,False,False
dense_0_near_06_v1.0_h0.3,dense_0_near_06,6.3,1.0,0.3,binary_combined,1,True,False,True,0,,110.06626900000072,0.0009950000077196819,0.00023200000498491136,55.74866200000628,0.1858161580000197,False,False,False
dense_0_near_06_v1.0_h0.3,dense_0_near_06,6.3,1.0,0.3,json_combined,2,True,False,True,0,,117.90343799999903,0.0011180000001331791,0.00025399999969977216,55.74866200000628,0.19365347200000513,False,False,False
dense_0_near_06_v1.0_h0.4,dense_0_near_06,6.3,1.0,0.4,binary_combined,0,True,False,True,0,,105.73669299999722,0.0010129999878927265,0.0002219999970520803,55.74866200000628,0.18148658999998843,False,False,False
dense_0_near_06_v1.0_h0.4,dense_0_near_06,6.3,1.0,0.4,json_combined,1,True,False,True,0,,107.05691200000444,0.0014929999991863951,0.0002330000086203654,55.74866200000628,0.18280730000001852,False,False,False
dense_0_near_06_v1.0_h0.4,dense_0_near_06,6.3,1.0,0.4,binary_full,2,True,False,True,0,,105.77693500000862,0.0029580000102669146,0.00022999999771400326,55.74866200000628,0.18152878500002287,False,False,False
dense_0_near_07_v0.0_h0.2,dense_0_near_07,6.3500000000000005,0.0,0.2,json_combined,0,True,False,True,0,,113.23319000000254,0.0014130000067780202,0.00020599999572823435,63.2936489999949,0.19652845799999993,False,False,False
dense_0_near_07_v0.0_h0.2,dense_0_near_07,6.3500000000000005,0.0,0.2,binary_full,1,True,False,True,0,,98.75284199999612,0.0031499999977313564,0.00031300000102874037,63.2936489999949,0.18204995399998977,False,False,False
dense_0_near_07_v0.0_h0.2,dense_0_near_07,6.3500000000000005,0.0,0.2,binary_combined,2,True,False,True,0,,85.91479700000093,0.0020009999985859395,0.000311000007968687,63.2936489999949,0.16921075800000238,False,False,False
dense_0_near_07_v0.0_h0.3,dense_0_near_07,6.3500000000000005,0.0,0.3,binary_full,0,True,False,True,0,,124.468087000011,0.0015189999942322174,0.00025800000003073364,63.2936489999949,0.20776351300000015,False,False,False
dense_0_near_07_v0.0_h0.3,dense_0_near_07,6.3500000000000005,0.0,0.3,binary_combined,1,True,False,True,0,,105.32225400000073,0.0015450000034888944,0.00027599999441463297,63.2936489999949,0.18861772399999352,False,False,False
dense_0_near_07_v0.0_h0.3,dense_0_near_07,6.3500000000000005,0.0,0.3,json_combined,2,True,False,True,0,,101.72808000000089,0.0016569999985449613,0.00030600000400227145,63.2936489999949,0.18502369199999832,False,False,False
dense_0_near_07_v0.0_h0.4,dense_0_near_07,6.3500000000000005,0.0,0.4,binary_combined,0,True,False,True,0,,82.90352500000608,0.0020610000035503617,0.00027799998747468635,63.2936489999949,0.166199512999992,False,False,False
dense_0_near_07_v0.0_h0.4,dense_0_near_07,6.3500000000000005,0.0,0.4,json_combined,1,True,False,True,0,,102.66485900000077,0.0020179999893343847,0.00028000000895644916,63.2936489999949,0.18596080599999396,False,False,False
dense_0_near_07_v0.0_h0.4,dense_0_near_07,6.3500000000000005,0.0,0.4,binary_full,2,True,False,True,0,,78.24365599999794,0.0024999999936881068,0.00035400000797380926,63.2936489999949,0.1615401589999945,False,False,False
dense_0_near_07_v0.5_h0.2,dense_0_near_07,6.3500000000000005,0.5,0.2,json_combined,0,True,False,True,0,,75.7188769999999,0.0017690000078118828,0.0003070000076377255,63.2936489999949,0.15901460200001025,False,False,False
dense_0_near_07_v0.5_h0.2,dense_0_near_07,6.3500000000000005,0.5,0.2,binary_full,1,True,False,True,0,,65.72822400001144,0.0019179999952712024,0.0002459999990378492,63.2936489999949,0.14902403700000064,False,False,False
dense_0_near_07_v0.5_h0.2,dense_0_near_07,6.3500000000000005,0.5,0.2,binary_combined,2,True,False,True,0,,59.032505000004676,0.001669999988962445,0.0003460000073118863,63.2936489999949,0.14232816999999584,False,False,False
dense_0_near_07_v0.5_h0.3,dense_0_near_07,6.3500000000000005,0.5,0.3,binary_full,0,True,False,True,0,,60.07307299999809,0.0016279999925927768,0.00031900000863060995,63.2936489999949,0.1433686689999942,False,False,False
dense_0_near_07_v0.5_h0.3,dense_0_near_07,6.3500000000000005,0.5,0.3,binary_combined,1,True,False,True,0,,56.144824000000426,0.0013449999869408202,0.0002790000053209951,63.2936489999949,0.13944009699998758,False,False,False
dense_0_near_07_v0.5_h0.3,dense_0_near_07,6.3500000000000005,0.5,0.3,json_combined,2,True,False,True,0,,121.82154199999218,0.0011209999968286866,0.00019500001258165867,63.2936489999949,0.20511650699999648,False,False,False
dense_0_near_07_v0.5_h0.4,dense_0_near_07,6.3500000000000005,0.5,0.4,binary_combined,0,True,False,True,0,,90.34601599999803,0.0018239999945990348,0.00026200000036169513,63.2936489999949,0.17364175099998788,False,False,False
dense_0_near_07_v0.5_h0.4,dense_0_near_07,6.3500000000000005,0.5,0.4,json_combined,1,True,False,True,0,,117.17455400000176,0.002167999994640013,0.0002720000082945262,63.2936489999949,0.2004706429999996,False,False,False
dense_0_near_07_v0.5_h0.4,dense_0_near_07,6.3500000000000005,0.5,0.4,binary_full,2,True,False,True,0,,116.14682900000162,0.0015620000084481944,0.0002660000006926566,63.2936489999949,0.19944230600000565,False,False,False
dense_0_near_07_v1.0_h0.2,dense_0_near_07,6.3500000000000005,1.0,0.2,json_combined,0,True,False,True,0,,100.9621759999959,0.001918000009482057,0.0002790000053209951,63.2936489999949,0.1842580220000056,False,False,False
dense_0_near_07_v1.0_h0.2,dense_0_near_07,6.3500000000000005,1.0,0.2,binary_full,1,True,False,True,0,,101.20913599999426,0.0025300000032757453,0.00029100000631387957,63.2936489999949,0.18450560599999874,False,False,False
dense_0_near_07_v1.0_h0.2,dense_0_near_07,6.3500000000000005,1.0,0.2,binary_combined,2,True,False,True,0,,99.06447199999491,0.002003999995281447,0.00029900000697580253,63.2936489999949,0.18236042399999206,False,False,False
dense_0_near_07_v1.0_h0.3,dense_0_near_07,6.3500000000000005,1.0,0.3,binary_full,0,True,False,True,0,,104.28014800000085,0.002641999998331812,0.00039299999343711534,63.2936489999949,0.1875768319999875,False,False,False
dense_0_near_07_v1.0_h0.3,dense_0_near_07,6.3500000000000005,1.0,0.3,binary_combined,1,True,False,True,0,,73.22973300000513,0.0020319999975981773,0.0002919999957384789,63.2936489999949,0.15652570599999335,False,False,False
dense_0_near_07_v1.0_h0.3,dense_0_near_07,6.3500000000000005,1.0,0.3,json_combined,2,True,False,True,0,,105.36112299999445,0.0020530000028884388,0.0003090000006977789,63.2936489999949,0.18865713399999293,False,False,False
dense_0_near_07_v1.0_h0.4,dense_0_near_07,6.3500000000000005,1.0,0.4,binary_combined,0,True,False,True,0,,100.73008800000594,0.002178000002572844,0.00035200000070290116,63.2936489999949,0.1840262670000041,False,False,False
dense_0_near_07_v1.0_h0.4,dense_0_near_07,6.3500000000000005,1.0,0.4,json_combined,1,True,False,True,0,,119.99823700000434,0.0016559999949095072,0.00021200000333010394,63.2936489999949,0.20329375399999747,False,False,False
dense_0_near_07_v1.0_h0.4,dense_0_near_07,6.3500000000000005,1.0,0.4,binary_full,2,True,False,True,0,,112.76638800001137,0.0015630000120836485,0.00017600000035145058,63.2936489999949,0.1960617760000187,False,False,False
dense_0_near_08_v0.0_h0.2,dense_0_near_08,6.4,0.0,0.2,json_combined,0,True,False,True,0,,107.75377100000583,0.0032739999937803077,0.0002460000132487039,57.007671000000926,0.18476496200001377,False,False,False
dense_0_near_08_v0.0_h0.2,dense_0_near_08,6.4,0.0,0.2,binary_full,1,True,False,True,0,,60.60442800000487,0.001998000001890432,0.0002749999907791789,57.007671000000926,0.13761437199999846,False,False,False
dense_0_near_08_v0.0_h0.2,dense_0_near_08,6.4,0.0,0.2,binary_combined,2,True,False,True,0,,122.8681750000078,0.0020909999989271455,0.0003610000050002782,57.007671000000926,0.19987829800001264,False,False,False
dense_0_near_08_v0.0_h0.3,dense_0_near_08,6.4,0.0,0.3,binary_full,0,True,False,True,0,,97.61156800000492,0.002571000010220814,0.0003310000096234944,57.007671000000926,0.17462214100002568,False,False,False
dense_0_near_08_v0.0_h0.3,dense_0_near_08,6.4,0.0,0.3,binary_combined,1,True,False,True,0,,106.69856100000175,0.0016359999932546998,0.00032100000169066334,57.007671000000926,0.1837081889999976,False,False,False
dense_0_near_08_v0.0_h0.3,dense_0_near_08,6.4,0.0,0.3,json_combined,2,True,False,True,0,,114.42342899999858,0.0016110000018443316,0.00019000000861524313,57.007671000000926,0.19143290100000995,False,False,False
dense_0_near_08_v0.0_h0.4,dense_0_near_08,6.4,0.0,0.4,binary_combined,0,True,False,True,0,,110.92776700000684,0.002219000009517913,0.00031000000433323294,57.007671000000926,0.1879379670000216,False,False,False
dense_0_near_08_v0.0_h0.4,dense_0_near_08,6.4,0.0,0.4,json_combined,1,True,False,True,0,,122.86589499998968,0.0013749999965284587,0.0002310000013494573,57.007671000000926,0.19987517199998847,False,False,False
dense_0_near_08_v0.0_h0.4,dense_0_near_08,6.4,0.0,0.4,binary_full,2,True,False,True,0,,79.45349799999235,0.002045000002226516,0.0002960000102802951,57.007671000000926,0.15646351000000577,False,False,False
dense_0_near_08_v0.5_h0.2,dense_0_near_08,6.4,0.5,0.2,json_combined,0,True,False,True,0,,84.7581230000003,0.0019120000018801875,0.0003029999930959093,57.007671000000926,0.1617680089999962,False,False,False
dense_0_near_08_v0.5_h0.2,dense_0_near_08,6.4,0.5,0.2,binary_full,1,True,False,True,0,,62.39616200001308,0.0017619999965745592,0.00026499999705720256,57.007671000000926,0.13940586000000763,False,False,False
dense_0_near_08_v0.5_h0.2,dense_0_near_08,6.4,0.5,0.2,binary_combined,2,True,False,True,0,,57.34624500000507,0.0014219999968645425,0.0003029999930959093,57.007671000000926,0.13435564099999595,False,False,False
dense_0_near_08_v0.5_h0.3,dense_0_near_08,6.4,0.5,0.3,binary_full,0,True,False,True,0,,90.53074499999525,0.0020479999989220232,0.0002789999911101404,57.007671000000926,0.1675407429999862,False,False,False
dense_0_near_08_v0.5_h0.3,dense_0_near_08,6.4,0.5,0.3,binary_combined,1,True,False,True,0,,115.93716700001266,0.0019439999903170246,0.00030799999706232484,57.007671000000926,0.19294709000000096,False,False,False
dense_0_near_08_v0.5_h0.3,dense_0_near_08,6.4,0.5,0.3,json_combined,2,True,False,True,0,,116.8778739999965,0.0009869999928469042,0.00027299999771912553,57.007671000000926,0.19388680499998798,False,False,False
dense_0_near_08_v0.5_h0.4,dense_0_near_08,6.4,0.5,0.4,binary_combined,0,True,False,True,0,,104.51336200000583,0.001436000005128335,0.00018899999076893437,57.007671000000926,0.18152265800000264,False,False,False
dense_0_near_08_v0.5_h0.4,dense_0_near_08,6.4,0.5,0.4,json_combined,1,True,False,True,0,,113.73886199999106,0.0012790000027962378,0.00024700000267330324,57.007671000000926,0.19074805899999744,False,False,False
dense_0_near_08_v0.5_h0.4,dense_0_near_08,6.4,0.5,0.4,binary_full,2,True,False,True,0,,106.86150899999802,0.0022279999996044353,0.00030199998946045525,57.007671000000926,0.183871709999988,False,False,False
dense_0_near_08_v1.0_h0.2,dense_0_near_08,6.4,1.0,0.2,json_combined,0,True,False,True,0,,76.89205599999127,0.0023850000019365325,0.00026799999375271,57.007671000000926,0.15390237999998788,False,False,False
dense_0_near_08_v1.0_h0.2,dense_0_near_08,6.4,1.0,0.2,binary_full,1,True,False,True,0,,73.5015369999985,0.0020719999866969374,0.00028899999904297147,57.007671000000926,0.15051156899998516,False,False,False
dense_0_near_08_v1.0_h0.2,dense_0_near_08,6.4,1.0,0.2,binary_combined,2,True,False,True,0,,114.936876999991,0.0017970000101286132,0.0003119999973932863,57.007671000000926,0.19194665699999944,False,False,False
dense_0_near_08_v1.0_h0.3,dense_0_near_08,6.4,1.0,0.3,binary_full,0,True,False,True,0,,79.70350900001222,0.002061999992974961,0.000365999994755839,57.007671000000926,0.15671360800000086,False,False,False
dense_0_near_08_v1.0_h0.3,dense_0_near_08,6.4,1.0,0.3,binary_combined,1,True,False,True,0,,95.64615900001172,0.0016749999929288606,0.00029100000631387957,57.007671000000926,0.17265579600001188,False,False,False
dense_0_near_08_v1.0_h0.3,dense_0_near_08,6.4,1.0,0.3,json_combined,2,True,False,True,0,,79.37959299999875,0.001720000000204891,0.00029699999970489444,57.007671000000926,0.15638928099999957,False,False,False
dense_0_near_08_v1.0_h0.4,dense_0_near_08,6.4,1.0,0.4,binary_combined,0,True,False,True,0,,64.37270099999637,0.0015009999998483181,0.0002989999927649478,57.007671000000926,0.1413821719999899,False,False,False
dense_0_near_08_v1.0_h0.4,dense_0_near_08,6.4,1.0,0.4,json_combined,1,True,False,True,0,,77.60681599999941,0.001736000001528737,0.00028399999507655593,57.007671000000926,0.15461650699999693,False,False,False
dense_0_near_08_v1.0_h0.4,dense_0_near_08,6.4,1.0,0.4,binary_full,2,True,False,True,0,,103.81263300000398,0.0027200000118909884,0.0003339999921081471,57.007671000000926,0.1808233580000089,False,False,False
dense_0_near_09_v0.0_h0.2,dense_0_near_09,6.45,0.0,0.2,json_combined,0,True,False,True,0,,109.69534800000247,0.001176000012037548,0.00022300000068753434,62.70385699999537,0.19240060400001055,False,False,False
dense_0_near_09_v0.0_h0.2,dense_0_near_09,6.45,0.0,0.2,binary_full,1,True,False,True,0,,104.21778299999573,0.0018449999998892963,0.00016399999935856613,62.70385699999537,0.18692364899999034,False,False,False
dense_0_near_09_v0.0_h0.2,dense_0_near_09,6.45,0.0,0.2,binary_combined,2,True,False,True,0,,109.67948100000058,0.0020030000058568476,0.0003899999967416079,62.70385699999537,0.19238573099999853,False,False,False
dense_0_near_09_v0.0_h0.3,dense_0_near_09,6.45,0.0,0.3,binary_full,0,True,False,True,0,,105.17973800000391,0.0023120000065546265,0.0003250000020216248,62.70385699999537,0.18788623200000784,False,False,False
dense_0_near_09_v0.0_h0.3,dense_0_near_09,6.45,0.0,0.3,binary_combined,1,True,False,True,0,,81.16451600000119,0.0017389999982242443,0.0002900000026784255,62.70385699999537,0.16387040199999744,False,False,False
dense_0_near_09_v0.0_h0.3,dense_0_near_09,6.45,0.0,0.3,json_combined,2,True,False,True,0,,122.53760299999783,0.002225000002908928,0.0002959999960694404,62.70385699999537,0.20524398099999216,False,False,False
dense_0_near_09_v0.0_h0.4,dense_0_near_09,6.45,0.0,0.4,binary_combined,0,True,False,True,0,,81.04782299999158,0.002023000007511655,0.00027099999044821743,62.70385699999537,0.1637539739999849,False,False,False
dense_0_near_09_v0.0_h0.4,dense_0_near_09,6.45,0.0,0.4,json_combined,1,True,False,True,0,,131.71536900000547,0.0012990000044510452,0.00020800000299914245,62.70385699999537,0.21442073300000827,False,False,False
dense_0_near_09_v0.0_h0.4,dense_0_near_09,6.45,0.0,0.4,binary_full,2,True,False,True,0,,78.43087199999843,0.0024319999880617615,0.0002980000033403485,62.70385699999537,0.1611374589999852,False,False,False
dense_0_near_09_v0.5_h0.2,dense_0_near_09,6.45,0.5,0.2,json_combined,0,True,False,True,0,,120.30748299999061,0.0020399999982601003,0.00030600000400227145,62.70385699999537,0.20301368599998823,False,False,False
dense_0_near_09_v0.5_h0.2,dense_0_near_09,6.45,0.5,0.2,binary_full,1,True,False,True,0,,83.32730899999774,0.0024579999973184385,0.00033699998880365456,62.70385699999537,0.16603396099997922,False,False,False
dense_0_near_09_v0.5_h0.2,dense_0_near_09,6.45,0.5,0.2,binary_combined,2,True,False,True,0,,123.69069999999738,0.0009979999902043346,0.0002199999897811722,62.70385699999537,0.20639577499997272,False,False,False
dense_0_near_09_v0.5_h0.3,dense_0_near_09,6.45,0.5,0.3,binary_full,0,True,False,True,0,,110.38327699999684,0.0018610000012131422,0.0002680000079635647,62.70385699999537,0.19308926300000137,False,False,False
dense_0_near_09_v0.5_h0.3,dense_0_near_09,6.45,0.5,0.3,binary_combined,1,True,False,True,0,,107.02665200000183,0.0011089999958358021,0.00025800000003073364,62.70385699999537,0.18973187599999305,False,False,False
dense_0_near_09_v0.5_h0.3,dense_0_near_09,6.45,0.5,0.3,json_combined,2,True,False,True,0,,120.59140600000262,0.001229999995189246,0.00022700000101849582,62.70385699999537,0.20329671999999419,False,False,False
dense_0_near_09_v0.5_h0.4,dense_0_near_09,6.45,0.5,0.4,binary_combined,0,True,False,True,0,,114.83621400000743,0.0010560000021087035,0.00021500000002561137,62.70385699999537,0.19754134200000492,False,False,False
dense_0_near_09_v0.5_h0.4,dense_0_near_09,6.45,0.5,0.4,json_combined,1,True,False,True,0,,119.67058799999108,0.001343999997516221,0.00021299999275470327,62.70385699999537,0.2023760019999767,False,False,False
dense_0_near_09_v0.5_h0.4,dense_0_near_09,6.45,0.5,0.4,binary_full,2,True,False,True,0,,112.78419099998871,0.001754000010123491,0.00020600000993908907,62.70385699999537,0.19549000800000413,False,False,False
dense_0_near_09_v1.0_h0.2,dense_0_near_09,6.45,1.0,0.2,json_combined,0,True,False,True,0,,109.06339899999296,0.0011919999991505392,0.00023699999474047218,62.70385699999537,0.1917686849999822,False,False,False
dense_0_near_09_v1.0_h0.2,dense_0_near_09,6.45,1.0,0.2,binary_full,1,True,False,True,0,,75.02824399999497,0.0024450000069009548,0.0003339999921081471,62.70385699999537,0.15773487999998934,False,False,False
dense_0_near_09_v1.0_h0.2,dense_0_near_09,6.45,1.0,0.2,binary_combined,2,True,False,True,0,,77.05909799999233,0.0015009999998483181,0.000303000007306764,62.70385699999537,0.15976475899999484,False,False,False
dense_0_near_09_v1.0_h0.3,dense_0_near_09,6.45,1.0,0.3,binary_full,0,True,False,True,0,,64.07467199998962,0.0021590000045534907,0.00030600000400227145,62.70385699999537,0.14678099399999353,False,False,False
dense_0_near_09_v1.0_h0.3,dense_0_near_09,6.45,1.0,0.3,binary_combined,1,True,False,True,0,,113.31704100000195,0.0013309999928878824,0.00021399999639015732,62.70385699999537,0.19602244299998658,False,False,False
dense_0_near_09_v1.0_h0.3,dense_0_near_09,6.45,1.0,0.3,json_combined,2,True,False,True,0,,99.58416599999964,0.0021219999979393833,0.0003589999977293701,62.70385699999537,0.18229050399999067,False,False,False
dense_0_near_09_v1.0_h0.4,dense_0_near_09,6.45,1.0,0.4,binary_combined,0,True,False,True,0,,80.2663449999983,0.00187499999526608,0.0003260000056570789,62.70385699999537,0.16297240299999458,False,False,False
dense_0_near_09_v1.0_h0.4,dense_0_near_09,6.45,1.0,0.4,json_combined,1,True,False,True,0,,131.26338299998963,0.0012330000060956081,0.00020000000233721948,62.70385699999537,0.21396867299999342,False,False,False
dense_0_near_09_v1.0_h0.4,dense_0_near_09,6.45,1.0,0.4,binary_full,2,True,False,True,0,,80.2053119999897,0.0022580000091920738,0.000303000007306764,62.70385699999537,0.16291173000000156,False,False,False
dense_1_far_00_v0.0_h0.2,dense_1_far_00,6.5,0.0,0.2,json_combined,0,False,False,True,0,,0.0003700000092976552,0.0014579999998431958,0.0002499999993688107,51.67781999999477,0.07167989800000328,False,False,False
dense_1_far_00_v0.0_h0.2,dense_1_far_00,6.5,0.0,0.2,binary_full,1,False,False,True,0,,0.0001370000006772898,0.0005560000033710821,0.00017799999341150397,51.67781999999477,0.07167869099999223,False,False,False
dense_1_far_00_v0.0_h0.2,dense_1_far_00,6.5,0.0,0.2,binary_combined,2,False,False,True,0,,0.00011000000199601345,0.00038400000335059303,0.00016900000332498166,51.67781999999477,0.07167848300000344,False,False,False
dense_1_far_00_v0.0_h0.3,dense_1_far_00,6.5,0.0,0.3,binary_full,0,False,False,True,0,,0.00016699999605407356,0.00044700000501052273,0.00019000000861524313,51.67781999999477,0.07167862400000445,False,False,False
dense_1_far_00_v0.0_h0.3,dense_1_far_00,6.5,0.0,0.3,binary_combined,1,False,False,True,0,,0.00039700000797893154,0.0009280000057287907,0.0002200000039920269,51.67781999999477,0.07167936500001247,False,False,False
dense_1_far_00_v0.0_h0.3,dense_1_far_00,6.5,0.0,0.3,json_combined,2,False,False,True,0,,0.0001260000033198594,0.0004659999888190214,0.00017499999671599653,51.67781999999477,0.07167858699998363,False,False,False
dense_1_far_00_v0.0_h0.4,dense_1_far_00,6.5,0.0,0.4,binary_combined,0,False,False,True,0,,0.00018999999440438842,0.0004460000013750687,0.00016900000332498166,51.67781999999477,0.07167862499999388,False,False,False
dense_1_far_00_v0.0_h0.4,dense_1_far_00,6.5,0.0,0.4,json_combined,1,False,False,True,0,,0.00010299999075868982,0.00042599999972026126,0.00013399998977092764,51.67781999999477,0.07167848299997502,False,False,False
dense_1_far_00_v0.0_h0.4,dense_1_far_00,6.5,0.0,0.4,binary_full,2,False,False,True,0,,0.00010499999802959792,0.0003570000046693167,0.00013000000365082087,51.67781999999477,0.07167841200000112,False,False,False
dense_1_far_00_v0.5_h0.2,dense_1_far_00,6.5,0.5,0.2,json_combined,0,False,False,True,0,,0.0001939999947353499,0.0004209999957538457,0.00017300000365594315,51.67781999999477,0.07167860799998892,False,False,False
dense_1_far_00_v0.5_h0.2,dense_1_far_00,6.5,0.5,0.2,binary_full,1,False,False,True,0,,9.199999340125942e-05,0.00029299999937393295,0.0001570000023320972,51.67781999999477,0.07167836199998988,False,False,False
dense_1_far_00_v0.5_h0.2,dense_1_far_00,6.5,0.5,0.2,binary_combined,2,False,False,True,0,,9.899999042772833e-05,0.00032100000169066334,0.00014899998745931953,51.67781999999477,0.07167838899997435,False,False,False
dense_1_far_00_v0.5_h0.3,dense_1_far_00,6.5,0.5,0.3,binary_full,0,False,False,True,0,,0.00018600000828428165,0.00039500000070802344,0.0001460000049746668,51.67781999999477,0.07167854700000874,False,False,False
dense_1_far_00_v0.5_h0.3,dense_1_far_00,6.5,0.5,0.3,binary_combined,1,False,False,True,0,,9.999999406318238e-05,0.00030799999706232484,0.00015400000563658978,51.67781999999477,0.07167838199999153,False,False,False
dense_1_far_00_v0.5_h0.3,dense_1_far_00,6.5,0.5,0.3,json_combined,2,False,False,True,0,,9.000000034120603e-05,0.00035600000103386265,0.00012699999274445872,51.67781999999477,0.07167839299998889,False,False,False
dense_1_far_00_v0.5_h0.4,dense_1_far_00,6.5,0.5,0.4,binary_combined,0,False,False,True,0,,0.0001479999980347202,0.0003880000036815545,0.00016199999208765803,51.67781999999477,0.07167851799998858,False,False,False
dense_1_far_00_v0.5_h0.4,dense_1_far_00,6.5,0.5,0.4,json_combined,1,False,False,True,0,,9.600000794307562e-05,0.0003570000046693167,0.0001330000003463283,51.67781999999477,0.07167840600000773,False,False,False
dense_1_far_00_v0.5_h0.4,dense_1_far_00,6.5,0.5,0.4,binary_full,2,False,False,True,0,,9.199999340125942e-05,0.0003399999997100167,0.0001370000006772898,51.67781999999477,0.07167838899998856,False,False,False
dense_1_far_00_v1.0_h0.2,dense_1_far_00,6.5,1.0,0.2,json_combined,0,False,False,True,0,,0.00014900000167017424,0.0004230000030247538,0.0001549999950611891,51.67781999999477,0.07167854699999453,False,False,False
dense_1_far_00_v1.0_h0.2,dense_1_far_00,6.5,1.0,0.2,binary_full,1,False,False,True,0,,0.00010200000133409048,0.0003610000050002782,0.0001479999980347202,51.67781999999477,0.07167843099999914,False,False,False
dense_1_far_00_v1.0_h0.2,dense_1_far_00,6.5,1.0,0.2,binary_combined,2,False,False,True,0,,9.59999937322209e-05,0.00031499999408879376,0.00014300000827915937,51.67781999999477,0.07167837399999087,False,False,False
dense_1_far_00_v1.0_h0.3,dense_1_far_00,6.5,1.0,0.3,binary_full,0,False,False,True,0,,0.00014500000133921276,0.0004329999967467302,0.00015999999902760464,51.67781999999477,0.07167855799999188,False,False,False
dense_1_far_00_v1.0_h0.3,dense_1_far_00,6.5,1.0,0.3,binary_combined,1,False,False,True,0,,0.00011000000199601345,0.00032999999177718564,0.00013999999737279722,51.67781999999477,0.07167839999998592,False,False,False
dense_1_far_00_v1.0_h0.3,dense_1_far_00,6.5,1.0,0.3,json_combined,2,False,False,True,0,,0.00010800000893596007,0.0003509999970674471,0.00011899999208253575,51.67781999999477,0.07167839799999286,False,False,False
dense_1_far_00_v1.0_h0.4,dense_1_far_00,6.5,1.0,0.4,binary_combined,0,False,False,True,0,,0.00013100000728627492,0.00039100000037706195,0.0001720000000204891,51.67781999999477,0.07167851400000246,False,False,False
dense_1_far_00_v1.0_h0.4,dense_1_far_00,6.5,1.0,0.4,json_combined,1,False,False,True,0,,0.00010299999075868982,0.0003880000036815545,0.00012199998877804319,51.67781999999477,0.07167843299997799,False,False,False
dense_1_far_00_v1.0_h0.4,dense_1_far_00,6.5,1.0,0.4,binary_full,2,False,False,True,0,,9.8000001003129e-05,0.0003290000023525863,0.00012000000992884452,51.67781999999477,0.07167836700000806,False,False,False
dense_1_far_01_v0.0_h0.2,dense_1_far_01,6.55,0.0,0.2,json_combined,0,False,False,True,0,,0.00034999999343199306,0.0009130000080403988,0.00022800000465394987,47.293979999992075,0.0672954709999982,False,False,False
dense_1_far_01_v0.0_h0.2,dense_1_far_01,6.55,0.0,0.2,binary_full,1,False,False,True,0,,0.0001220000029888979,0.0005269999974188977,0.00014700000861012086,47.293979999992075,0.0672947760000011,False,False,False
dense_1_far_01_v0.0_h0.2,dense_1_far_01,6.55,0.0,0.2,binary_combined,2,False,False,True,0,,0.00011599999538702832,0.00038200001029053965,0.00016900000332498166,47.293979999992075,0.06729464700000108,False,False,False
dense_1_far_01_v0.0_h0.3,dense_1_far_01,6.55,0.0,0.3,binary_full,0,False,False,True,0,,0.0003199999980552093,0.0006359999957794571,0.00021200000333010394,47.293979999992075,0.06729514799998924,False,False,False
dense_1_far_01_v0.0_h0.3,dense_1_far_01,6.55,0.0,0.3,binary_combined,1,False,False,True,0,,0.00012699999274445872,0.00043200000732213084,0.00017899999704695801,47.293979999992075,0.06729471799998919,False,False,False
dense_1_far_01_v0.0_h0.3,dense_1_far_01,6.55,0.0,0.3,json_combined,2,False,False,True,0,,0.00011699999902248237,0.0003969999937680768,0.00016899998911412695,47.293979999992075,0.06729466299997398,False,False,False
dense_1_far_01_v0.0_h0.4,dense_1_far_01,6.55,0.0,0.4,binary_combined,0,False,False,True,0,,0.00019200000167529652,0.0004070000017009079,0.0001589999953921506,47.293979999992075,0.06729473799999085,False,False,False
dense_1_far_01_v0.0_h0.4,dense_1_far_01,6.55,0.0,0.4,json_combined,1,False,False,True,0,,8.500001058564521e-05,0.0003119999973932863,0.0001260000033198594,47.293979999992075,0.06729450300000338,False,False,False
dense_1_far_01_v0.0_h0.4,dense_1_far_01,6.55,0.0,0.4,binary_full,2,False,False,True,0,,9.700001157852967e-05,0.0003380000066499633,0.00013899999373734317,47.293979999992075,0.06729455400000404,False,False,False
dense_1_far_01_v0.5_h0.2,dense_1_far_01,6.55,0.5,0.2,json_combined,0,False,False,True,0,,0.0001570000023320972,0.00043499998980678356,0.0001659999924186195,47.293979999992075,0.06729473799997664,False,False,False
dense_1_far_01_v0.5_h0.2,dense_1_far_01,6.55,0.5,0.2,binary_full,1,False,False,True,0,,0.00010499999802959792,0.0003399999997100167,0.00014500000133921276,47.293979999992075,0.06729456999999116,False,False,False
dense_1_far_01_v0.5_h0.2,dense_1_far_01,6.55,0.5,0.2,binary_combined,2,False,False,True,0,,9.199999340125942e-05,0.00034300001061637886,0.0001479999980347202,47.293979999992075,0.06729456299999413,False,False,False
dense_1_far_01_v0.5_h0.3,dense_1_far_01,6.55,0.5,0.3,binary_full,0,False,False,True,0,,0.00017600000035145058,0.0004680000103007842,0.0001659999924186195,47.293979999992075,0.06729478999999515,False,False,False
dense_1_far_01_v0.5_h0.3,dense_1_far_01,6.55,0.5,0.3,binary_combined,1,False,False,True,0,,0.00010600000166505197,0.0003370000030145093,0.0001589999953921506,47.293979999992075,0.06729458199999215,False,False,False
dense_1_far_01_v0.5_h0.3,dense_1_far_01,6.55,0.5,0.3,json_combined,2,False,False,True,0,,0.00010999998778515874,0.00035799999409391603,0.00016299999572311208,47.293979999992075,0.06729461099996968,False,False,False
dense_1_far_01_v0.5_h0.4,dense_1_far_01,6.55,0.5,0.4,binary_combined,0,False,False,True,0,,0.0001570000023320972,0.000382999999715139,0.00015400000563658978,47.293979999992075,0.06729467399999976,False,False,False
dense_1_far_01_v0.5_h0.4,dense_1_far_01,6.55,0.5,0.4,json_combined,1,False,False,True,0,,0.00010700000530050602,0.00039500000070802344,0.00016900000332498166,47.293979999992075,0.06729465100000141,False,False,False
dense_1_far_01_v0.5_h0.4,dense_1_far_01,6.55,0.5,0.4,binary_full,2,False,False,True,0,,0.0001000000082740371,0.00034699999673648563,0.00013799999010188913,47.293979999992075,0.06729456499998719,False,False,False
dense_1_far_01_v1.0_h0.2,dense_1_far_01,6.55,1.0,0.2,json_combined,0,False,False,True,0,,0.00017800000762235868,0.00042799999278031464,0.0001459999907638121,47.293979999992075,0.06729473199998325,False,False,False
dense_1_far_01_v1.0_h0.2,dense_1_far_01,6.55,1.0,0.2,binary_full,1,False,False,True,0,,0.00010200000133409048,0.00036899999145134643,0.00017700000398690463,47.293979999992075,0.06729462799998885,False,False,False
dense_1_far_01_v1.0_h0.2,dense_1_far_01,6.55,1.0,0.2,binary_combined,2,False,False,True,0,,0.0001000000082740371,0.00033400000631900184,0.00016000001323845936,47.293979999992075,0.06729457400001991,False,False,False
dense_1_far_01_v1.0_h0.3,dense_1_far_01,6.55,1.0,0.3,binary_full,0,False,False,True,0,,0.0001659999924186195,0.00041699999542288424,0.00017600000035145058,47.293979999992075,0.06729473899998027,False,False,False
dense_1_far_01_v1.0_h0.3,dense_1_far_01,6.55,1.0,0.3,binary_combined,1,False,False,True,0,,0.00010399999439414387,0.00032799999871713226,0.00014900000167017424,47.293979999992075,0.06729456099998686,False,False,False
dense_1_far_01_v1.0_h0.3,dense_1_far_01,6.55,1.0,0.3,json_combined,2,False,False,True,0,,9.099998976580537e-05,0.0003589999977293701,0.00014299999406830466,47.293979999992075,0.06729457299997364,False,False,False
dense_1_far_01_v1.0_h0.4,dense_1_far_01,6.55,1.0,0.4,binary_combined,0,False,False,True,0,,0.00015399999142573506,0.0004009999940990383,0.00016500000299402018,47.293979999992075,0.0672946999999806,False,False,False
dense_1_far_01_v1.0_h0.4,dense_1_far_01,6.55,1.0,0.4,json_combined,1,False,False,True,0,,8.899999670575198e-05,0.00036200000863573223,0.00014999999109477358,47.293979999992075,0.06729458099998852,False,False,False
dense_1_far_01_v1.0_h0.4,dense_1_far_01,6.55,1.0,0.4,binary_full,2,False,False,True,0,,8.70000036456986e-05,0.00031500000829964847,0.0001460000049746668,47.293979999992075,0.067294528000009,False,False,False
dense_1_far_02_v0.0_h0.2,dense_1_far_02,6.6000000000000005,0.0,0.2,json_combined,0,False,False,True,0,,0.00036299999806033156,0.0007459999977754705,0.00025599999275982555,70.03422200000387,0.09003558699999246,False,False,False
dense_1_far_02_v0.0_h0.2,dense_1_far_02,6.6000000000000005,0.0,0.2,binary_full,1,False,False,True,0,,0.00014500000133921276,0.0004660000030298761,0.0001659999924186195,70.03422200000387,0.09003499900000066,False,False,False
dense_1_far_02_v0.0_h0.2,dense_1_far_02,6.6000000000000005,0.0,0.2,binary_combined,2,False,False,True,0,,9.499999009676685e-05,0.0003420000069809248,0.0001549999950611891,70.03422200000387,0.09003481399999601,False,False,False
dense_1_far_02_v0.0_h0.3,dense_1_far_02,6.6000000000000005,0.0,0.3,binary_full,0,False,False,True,0,,0.0002089999924237418,0.0004139999987273768,0.0001679999996895276,70.03422200000387,0.09003501299999471,False,False,False
dense_1_far_02_v0.0_h0.3,dense_1_far_02,6.6000000000000005,0.0,0.3,binary_combined,1,False,False,True,0,,0.0001069999910896513,0.0003509999970674471,0.00013200001092172897,70.03422200000387,0.09003481200000295,False,False,False
dense_1_far_02_v0.0_h0.3,dense_1_far_02,6.6000000000000005,0.0,0.3,json_combined,2,False,False,True,0,,7.899998877292091e-05,0.00037600000268867007,0.00013600001125269046,70.03422200000387,0.09003481300000658,False,False,False
dense_1_far_02_v0.0_h0.4,dense_1_far_02,6.6000000000000005,0.0,0.4,binary_combined,0,False,False,True,0,,0.00016399999935856613,0.0004400000079840538,0.0001220000029888979,70.03422200000387,0.0900349480000142,False,False,False
dense_1_far_02_v0.0_h0.4,dense_1_far_02,6.6000000000000005,0.0,0.4,json_combined,1,False,False,True,0,,9.8000001003129e-05,0.0003339999921081471,0.00013400000398178236,70.03422200000387,0.09003478800000096,False,False,False
dense_1_far_02_v0.0_h0.4,dense_1_far_02,6.6000000000000005,0.0,0.4,binary_full,2,False,False,True,0,,9.900000463858305e-05,0.00034300001061637886,0.0001309999930754202,70.03422200000387,0.0900347950000122,False,False,False
dense_1_far_02_v0.5_h0.2,dense_1_far_02,6.6000000000000005,0.5,0.2,json_combined,0,False,False,True,0,,0.00015800000596755126,0.0004119999914564687,0.00017699998977604992,70.03422200000387,0.09003496899999107,False,False,False
dense_1_far_02_v0.5_h0.2,dense_1_far_02,6.6000000000000005,0.5,0.2,binary_full,1,False,False,True,0,,7.60000062882682e-05,0.0002980000033403485,0.00011800000265793642,70.03422200000387,0.09003471400001616,False,False,False
dense_1_far_02_v0.5_h0.2,dense_1_far_02,6.6000000000000005,0.5,0.2,binary_combined,2,False,False,True,0,,7.699999571286753e-05,0.0003199999980552093,0.00012099999935344385,70.03422200000387,0.09003473999999699,False,False,False
dense_1_far_02_v0.5_h0.3,dense_1_far_02,6.6000000000000005,0.5,0.3,binary_full,0,False,False,True,0,,0.00015599999869664316,0.00037600000268867007,0.00022999999771400326,70.03422200000387,0.09003498400000297,False,False,False
dense_1_far_02_v0.5_h0.3,dense_1_far_02,6.6000000000000005,0.5,0.3,binary_combined,1,False,False,True,0,,9.59999937322209e-05,0.0003509999970674471,0.00014699999439926614,70.03422200000387,0.09003481599998907,False,False,False
dense_1_far_02_v0.5_h0.3,dense_1_far_02,6.6000000000000005,0.5,0.3,json_combined,2,False,False,True,0,,9.699999736767495e-05,0.0003119999973932863,0.00013400000398178236,70.03422200000387,0.09003476500000261,False,False,False
dense_1_far_02_v0.5_h0.4,dense_1_far_02,6.6000000000000005,0.5,0.4,binary_combined,0,False,False,True,0,,0.0001829999973779195,0.0003990000010389849,0.00018199999374246545,70.03422200000387,0.09003498599999603,False,False,False
dense_1_far_02_v0.5_h0.4,dense_1_far_02,6.6000000000000005,0.5,0.4,json_combined,1,False,False,True,0,,0.00010800000893596007,0.00033899999607456266,0.0001460000049746668,70.03422200000387,0.09003481500001385,False,False,False
dense_1_far_02_v0.5_h0.4,dense_1_far_02,6.6000000000000005,0.5,0.4,binary_full,2,False,False,True,0,,0.00010700000530050602,0.0003140000046641944,0.00013399998977092764,70.03422200000387,0.0900347770000036,False,False,False
dense_1_far_02_v1.0_h0.2,dense_1_far_02,6.6000000000000005,1.0,0.2,json_combined,0,False,False,True,0,,0.0001679999996895276,0.0004099999983964153,0.00018800000134433503,70.03422200000387,0.0900349880000033,False,False,False
dense_1_far_02_v1.0_h0.2,dense_1_far_02,6.6000000000000005,1.0,0.2,binary_full,1,False,False,True,0,,9.999999406318238e-05,0.0003240000125970255,0.00013199999671087426,70.03422200000387,0.09003477800000724,False,False,False
dense_1_far_02_v1.0_h0.2,dense_1_far_02,6.6000000000000005,1.0,0.2,binary_combined,2,False,False,True,0,,9.8000001003129e-05,0.0003069999934268708,0.00012900000001536682,70.03422200000387,0.09003475599999831,False,False,False
dense_1_far_02_v1.0_h0.3,dense_1_far_02,6.6000000000000005,1.0,0.3,binary_full,0,False,False,True,0,,0.00014100000100825127,0.0003850000069860471,0.0001549999950611891,70.03422200000387,0.09003490300000692,False,False,False
dense_1_far_02_v1.0_h0.3,dense_1_far_02,6.6000000000000005,1.0,0.3,binary_combined,1,False,False,True,0,,9.500000430762157e-05,0.00034100000334547076,0.00014299999406830466,70.03422200000387,0.09003480100000559,False,False,False
dense_1_far_02_v1.0_h0.3,dense_1_far_02,6.6000000000000005,1.0,0.3,json_combined,2,False,False,True,0,,8.300000331473711e-05,0.0003029999930959093,0.00012499999968440534,70.03422200000387,0.09003473299999996,False,False,False
dense_1_far_02_v1.0_h0.4,dense_1_far_02,6.6000000000000005,1.0,0.4,binary_combined,0,False,False,True,0,,0.00012499999968440534,0.0003729999917823079,0.00016299999572311208,70.03422200000387,0.09003488299999106,False,False,False
dense_1_far_02_v1.0_h0.4,dense_1_far_02,6.6000000000000005,1.0,0.4,json_combined,1,False,False,True,0,,9.899999042772833e-05,0.0003359999993790552,0.0001350000076172364,70.03422200000387,0.09003479200000129,False,False,False
dense_1_far_02_v1.0_h0.4,dense_1_far_02,6.6000000000000005,1.0,0.4,binary_full,2,False,False,True,0,,7.699999571286753e-05,0.00028499999871201,0.00013000000365082087,70.03422200000387,0.09003471400000194,False,False,False
dense_1_far_03_v0.0_h0.2,dense_1_far_03,6.65,0.0,0.2,json_combined,0,False,False,True,0,,0.0003960000043434775,0.0009110000007694907,0.00027100000465907215,50.694569999990335,0.07069614800000011,False,False,False
dense_1_far_03_v0.0_h0.2,dense_1_far_03,6.65,0.0,0.2,binary_full,1,False,False,True,0,,0.0001330000003463283,0.0004460000013750687,0.00015400000563658978,50.694569999990335,0.0706953029999977,False,False,False
dense_1_far_03_v0.0_h0.2,dense_1_far_03,6.65,0.0,0.2,binary_combined,2,False,False,True,0,,9.299999703671347e-05,0.000348999989796539,0.00013100000728627492,50.694569999990335,0.07069514299998446,False,False,False
dense_1_far_03_v0.0_h0.3,dense_1_far_03,6.65,0.0,0.3,binary_full,0,False,False,True,0,,0.0001939999947353499,0.00043000000005122274,0.00018100000431786611,50.694569999990335,0.07069537499998944,False,False,False
dense_1_far_03_v0.0_h0.3,dense_1_far_03,6.65,0.0,0.3,binary_combined,1,False,False,True,0,,0.00012099999935344385,0.00031700000135970186,0.0001439999977037587,50.694569999990335,0.07069515199998876,False,False,False
dense_1_far_03_v0.0_h0.3,dense_1_far_03,6.65,0.0,0.3,json_combined,2,False,False,True,0,,9.500000430762157e-05,0.00038000000301963155,0.00012099999935344385,50.694569999990335,0.07069516599999702,False,False,False
dense_1_far_03_v0.0_h0.4,dense_1_far_03,6.65,0.0,0.4,binary_combined,0,False,False,True,0,,0.00028499999871201,0.000527999986843497,0.00021700000729651947,50.694569999990335,0.07069559999998319,False,False,False
dense_1_far_03_v0.0_h0.4,dense_1_far_03,6.65,0.0,0.4,json_combined,1,False,False,True,0,,0.00012099999935344385,0.0003680000020267471,0.0001479999980347202,50.694569999990335,0.07069520699998975,False,False,False
dense_1_far_03_v0.0_h0.4,dense_1_far_03,6.65,0.0,0.4,binary_full,2,False,False,True,0,,0.00010499999802959792,0.0003500000076428478,0.00013100000728627492,50.694569999990335,0.0706951560000033,False,False,False
dense_1_far_03_v0.5_h0.2,dense_1_far_03,6.65,0.5,0.2,json_combined,0,False,False,True,0,,0.00020400000266818097,0.0003899999967416079,0.0001829999973779195,50.694569999990335,0.07069534699998713,False,False,False
dense_1_far_03_v0.5_h0.2,dense_1_far_03,6.65,0.5,0.2,binary_full,1,False,False,True,0,,0.00010400000860499858,0.0003699999950868005,0.00014699999439926614,50.694569999990335,0.07069519099998843,False,False,False
dense_1_far_03_v0.5_h0.2,dense_1_far_03,6.65,0.5,0.2,binary_combined,2,False,False,True,0,,9.600000794307562e-05,0.0003179999907843012,0.0001309999930754202,50.694569999990335,0.07069511499998214,False,False,False
dense_1_far_03_v0.5_h0.3,dense_1_far_03,6.65,0.5,0.3,binary_full,0,False,False,True,0,,0.00016299999572311208,0.0003510000112783018,0.00017700000398690463,50.694569999990335,0.07069526100000133,False,False,False
dense_1_far_03_v0.5_h0.3,dense_1_far_03,6.65,0.5,0.3,binary_combined,1,False,False,True,0,,0.00010099999769863643,0.0003330000026835478,0.0001370000006772898,50.694569999990335,0.0706951409999914,False,False,False
dense_1_far_03_v0.5_h0.3,dense_1_far_03,6.65,0.5,0.3,json_combined,2,False,False,True,0,,9.59999937322209e-05,0.0003590000119402248,0.00011499999175157427,50.694569999990335,0.07069513999998776,False,False,False
dense_1_far_03_v0.5_h0.4,dense_1_far_03,6.65,0.5,0.4,binary_combined,0,False,False,True,0,,0.00014300000827915937,0.0003660000089666937,0.0001829999973779195,50.694569999990335,0.07069526200000496,False,False,False
dense_1_far_03_v0.5_h0.4,dense_1_far_03,6.65,0.5,0.4,json_combined,1,False,False,True,0,,0.00012900000001536682,0.0003720000023577086,0.0001439999977037587,50.694569999990335,0.07069521499999042,False,False,False
dense_1_far_03_v0.5_h0.4,dense_1_far_03,6.65,0.5,0.4,binary_full,2,False,False,True,0,,0.00010399999439414387,0.0003290000023525863,0.0001439999977037587,50.694569999990335,0.07069514699998479,False,False,False
dense_1_far_03_v1.0_h0.2,dense_1_far_03,6.65,1.0,0.2,json_combined,0,False,False,True,0,,0.0001630000099339668,0.0003570000046693167,0.0001679999996895276,50.694569999990335,0.07069525800000463,False,False,False
dense_1_far_03_v1.0_h0.2,dense_1_far_03,6.65,1.0,0.2,binary_full,1,False,False,True,0,,0.00010800000893596007,0.00034500000367643224,0.00014500000133921276,50.694569999990335,0.07069516800000429,False,False,False
dense_1_far_03_v1.0_h0.2,dense_1_far_03,6.65,1.0,0.2,binary_combined,2,False,False,True,0,,0.00013400000398178236,0.00034299999640552414,0.00014500000133921276,50.694569999990335,0.07069519199999207,False,False,False
dense_1_far_03_v1.0_h0.3,dense_1_far_03,6.65,1.0,0.3,binary_full,0,False,False,True,0,,0.00014299999406830466,0.00034699999673648563,0.00015099999473022763,50.694569999990335,0.07069521099997587,False,False,False
dense_1_far_03_v1.0_h0.3,dense_1_far_03,6.65,1.0,0.3,binary_combined,1,False,False,True,0,,9.299999703671347e-05,0.0003199999980552093,0.0001370000006772898,50.694569999990335,0.07069511999998611,False,False,False
dense_1_far_03_v1.0_h0.3,dense_1_far_03,6.65,1.0,0.3,json_combined,2,False,False,True,0,,8.49999963747905e-05,0.0003330000026835478,0.0001330000003463283,50.694569999990335,0.07069512099998974,False,False,False
dense_1_far_03_v1.0_h0.4,dense_1_far_03,6.65,1.0,0.4,binary_combined,0,False,False,True,0,,0.00015799999175669655,0.00040800000533636194,0.00018800000134433503,50.694569999990335,0.07069532399998878,False,False,False
dense_1_far_03_v1.0_h0.4,dense_1_far_03,6.65,1.0,0.4,json_combined,1,False,False,True,0,,0.00010499999802959792,0.00034299999640552414,0.0001500000053056283,50.694569999990335,0.07069516799999008,False,False,False
dense_1_far_03_v1.0_h0.4,dense_1_far_03,6.65,1.0,0.4,binary_full,2,False,False,True,0,,0.00010799999472510535,0.0003349999957436012,0.00012699999274445872,50.694569999990335,0.07069513999997355,False,False,False
dense_1_far_04_v0.0_h0.2,dense_1_far_04,6.7,0.0,0.2,json_combined,0,False,False,True,0,,0.0002700000010236181,0.0008979999961411522,0.00024300000234234176,48.632939000000874,0.06863435000000039,False,False,False
dense_1_far_04_v0.0_h0.2,dense_1_far_04,6.7,0.0,0.2,binary_full,1,False,False,True,0,,0.00011800000265793642,0.0004159999917874302,0.00015199999836568168,48.632939000000874,0.06863362499999369,False,False,False
dense_1_far_04_v0.0_h0.2,dense_1_far_04,6.7,0.0,0.2,binary_combined,2,False,False,True,0,,7.900000298377563e-05,0.00019899999870176543,0.00015099999473022763,48.632939000000874,0.0686333679999973,False,False,False
dense_1_far_04_v0.0_h0.3,dense_1_far_04,6.7,0.0,0.3,binary_full,0,False,False,True,0,,9.099998976580537e-05,0.00036200000863573223,0.0001659999924186195,48.632939000000874,0.0686335579999917,False,False,False
dense_1_far_04_v0.0_h0.3,dense_1_far_04,6.7,0.0,0.3,binary_combined,1,False,False,True,0,,8.800000728115265e-05,0.00021399999639015732,0.00011000000199601345,48.632939000000874,0.06863335100000655,False,False,False
dense_1_far_04_v0.0_h0.3,dense_1_far_04,6.7,0.0,0.3,json_combined,2,False,False,True,0,,6.499999471998308e-05,0.00030600000400227145,0.0001439999977037587,48.632939000000874,0.0686334539999973,False,False,False
dense_1_far_04_v0.0_h0.4,dense_1_far_04,6.7,0.0,0.4,binary_combined,0,False,False,True,0,,0.00011299999869152089,0.00024099999507143366,0.00019700000564171205,48.632939000000874,0.06863349000000028,False,False,False
dense_1_far_04_v0.0_h0.4,dense_1_far_04,6.7,0.0,0.4,json_combined,1,False,False,True,0,,9.299999703671347e-05,0.0002459999990378492,0.00015100000894108234,48.632939000000874,0.0686334290000059,False,False,False
dense_1_far_04_v0.0_h0.4,dense_1_far_04,6.7,0.0,0.4,binary_full,2,False,False,True,0,,8.899999670575198e-05,0.00019699999143085734,0.00014100000100825127,48.632939000000874,0.06863336599999002,False,False,False
dense_1_far_04_v0.5_h0.2,dense_1_far_04,6.7,0.5,0.2,json_combined,0,False,False,True,0,,0.00010600000166505197,0.0002760000086254877,0.00014299999406830466,48.632939000000874,0.06863346400000524,False,False,False
dense_1_far_04_v0.5_h0.2,dense_1_far_04,6.7,0.5,0.2,binary_full,1,False,False,True,0,,9.100000397666008e-05,0.00024099999507143366,0.00014100000100825127,48.632939000000874,0.06863341200000093,False,False,False
dense_1_far_04_v0.5_h0.2,dense_1_far_04,6.7,0.5,0.2,binary_combined,2,False,False,True,0,,9.099998976580537e-05,0.0002310000013494573,0.00013999999737279722,48.632939000000874,0.06863340099998937,False,False,False
dense_1_far_04_v0.5_h0.3,dense_1_far_04,6.7,0.5,0.3,binary_full,0,False,False,True,0,,8.399999273933645e-05,0.00019899999870176543,0.00013400000398178236,48.632939000000874,0.0686333559999963,False,False,False
dense_1_far_04_v0.5_h0.3,dense_1_far_04,6.7,0.5,0.3,binary_combined,1,False,False,True,0,,8.899999670575198e-05,0.00020000000233721948,0.0001350000076172364,48.632939000000874,0.06863336300000754,False,False,False
dense_1_far_04_v0.5_h0.3,dense_1_far_04,6.7,0.5,0.3,json_combined,2,False,False,True,0,,8.899999670575198e-05,0.0002570000106061343,0.00013800000431274384,48.632939000000874,0.0686334230000125,False,False,False
dense_1_far_04_v0.5_h0.4,dense_1_far_04,6.7,0.5,0.4,binary_combined,0,False,False,True,0,,8.999998613035132e-05,0.00021699999308566476,0.00017499999671599653,48.632939000000874,0.06863342099997681,False,False,False
dense_1_far_04_v0.5_h0.4,dense_1_far_04,6.7,0.5,0.4,json_combined,1,False,False,True,0,,9.000000034120603e-05,0.00022700000101849582,0.00012900000001536682,48.632939000000874,0.06863338500000225,False,False,False
dense_1_far_04_v0.5_h0.4,dense_1_far_04,6.7,0.5,0.4,binary_full,2,False,False,True,0,,9.100000397666008e-05,0.00023799999837592622,0.0001370000006772898,48.632939000000874,0.06863340500000391,False,False,False
dense_1_far_04_v1.0_h0.2,dense_1_far_04,6.7,1.0,0.2,json_combined,0,False,False,True,0,,9.099998976580537e-05,0.00021500000002561137,0.00015600001290749788,48.632939000000874,0.06863340100000358,False,False,False
dense_1_far_04_v1.0_h0.2,dense_1_far_04,6.7,1.0,0.2,binary_full,1,False,False,True,0,,0.00010099999769863643,0.00018699999770888098,0.00011500000596242899,48.632939000000874,0.06863334200000225,False,False,False
dense_1_far_04_v1.0_h0.2,dense_1_far_04,6.7,1.0,0.2,binary_combined,2,False,False,True,0,,9.000000034120603e-05,0.0002549999891243715,0.00011299999869152089,48.632939000000874,0.06863339699998904,False,False,False
dense_1_far_04_v1.0_h0.3,dense_1_far_04,6.7,1.0,0.3,binary_full,0,False,False,True,0,,8.600000001024455e-05,0.00017100001059588976,0.00011900000629339047,48.632939000000874,0.06863331500001778,False,False,False
dense_1_far_04_v1.0_h0.3,dense_1_far_04,6.7,1.0,0.3,binary_combined,1,False,False,True,0,,8.70000036456986e-05,0.00020600000993908907,0.00013800000431274384,48.632939000000874,0.06863337000001878,False,False,False
dense_1_far_04_v1.0_h0.3,dense_1_far_04,6.7,1.0,0.3,json_combined,2,False,False,True,0,,7.900000298377563e-05,0.00022700000101849582,0.00011499999175157427,48.632939000000874,0.06863335999999663,False,False,False
dense_1_far_04_v1.0_h0.4,dense_1_far_04,6.7,1.0,0.4,binary_combined,0,False,False,True,0,,8.800000728115265e-05,0.0002630000039971492,0.00011599999538702832,48.632939000000874,0.06863340600000754,False,False,False
dense_1_far_04_v1.0_h0.4,dense_1_far_04,6.7,1.0,0.4,json_combined,1,False,False,True,0,,0.0001069999910896513,0.00021299999275470327,0.00013999999737279722,48.632939000000874,0.0686333989999821,False,False,False
dense_1_far_04_v1.0_h0.4,dense_1_far_04,6.7,1.0,0.4,binary_full,2,False,False,True,0,,0.00010900001257141412,0.0002829999914411019,0.0001220000029888979,48.632939000000874,0.06863345300000788,False,False,False
dense_1_far_05_v0.0_h0.2,dense_1_far_05,6.75,0.0,0.2,json_combined,0,False,False,True,0,,0.00022099999341662624,0.0005910000027142814,0.00015799999175669655,46.66340600000751,0.0666643759999954,False,False,False
dense_1_far_05_v0.0_h0.2,dense_1_far_05,6.75,0.0,0.2,binary_full,1,False,False,True,0,,9.39999864613128e-05,0.00027399998714372487,0.00010700000530050602,46.66340600000751,0.06666388099998642,False,False,False
dense_1_far_05_v0.0_h0.2,dense_1_far_05,6.75,0.0,0.2,binary_combined,2,False,False,True,0,,8.300000331473711e-05,0.0001309999930754202,8.000000661922968e-05,46.66340600000751,0.06666370000001053,False,False,False
dense_1_far_05_v0.0_h0.3,dense_1_far_05,6.75,0.0,0.3,binary_full,0,False,False,True,0,,8.699998943484388e-05,0.00015400000563658978,9.8000001003129e-05,46.66340600000751,0.06666374500000359,False,False,False
dense_1_far_05_v0.0_h0.3,dense_1_far_05,6.75,0.0,0.3,binary_combined,1,False,False,True,0,,5.9999990753567545e-05,0.0001460000049746668,7.39999990173601e-05,46.66340600000751,0.06666368600000226,False,False,False
dense_1_far_05_v0.0_h0.3,dense_1_far_05,6.75,0.0,0.3,json_combined,2,False,False,True,0,,5.000001124244591e-05,0.0001679999996895276,7.799999934832158e-05,46.66340600000751,0.0666637020000178,False,False,False
dense_1_far_05_v0.0_h0.4,dense_1_far_05,6.75,0.0,0.4,binary_combined,0,False,False,True,0,,8.000000661922968e-05,0.00014200000464370532,0.00011599999538702832,46.66340600000751,0.06666374400001417,False,False,False
dense_1_far_05_v0.0_h0.4,dense_1_far_05,6.75,0.0,0.4,json_combined,1,False,False,True,0,,5.5000000998006726e-05,0.00016600000662947423,9.000000034120603e-05,46.66340600000751,0.06666371700001548,False,False,False
dense_1_far_05_v0.0_h0.4,dense_1_far_05,6.75,0.0,0.4,binary_full,2,False,False,True,0,,5.3999997362552676e-05,0.00015500000927204383,7.500000265281415e-05,46.66340600000751,0.0666636900000168,False,False,False
dense_1_far_05_v0.5_h0.2,dense_1_far_05,6.75,0.5,0.2,json_combined,0,False,False,True,0,,8.500001058564521e-05,0.0001419999904328506,0.00011800000265793642,46.66340600000751,0.06666375100001119,False,False,False
dense_1_far_05_v0.5_h0.2,dense_1_far_05,6.75,0.5,0.2,binary_full,1,False,False,True,0,,5.900000132896821e-05,0.00013999999737279722,7.799999934832158e-05,46.66340600000751,0.06666368300000557,False,False,False
dense_1_far_05_v0.5_h0.2,dense_1_far_05,6.75,0.5,0.2,binary_combined,2,False,False,True,0,,6.600001256629184e-05,0.0001179999884470817,7.799999934832158e-05,46.66340600000751,0.06666366800000788,False,False,False
dense_1_far_05_v0.5_h0.3,dense_1_far_05,6.75,0.5,0.3,binary_full,0,False,False,True,0,,0.0001460000049746668,0.00020799998878828774,7.699999571286753e-05,46.66340600000751,0.06666383699999699,False,False,False
dense_1_far_05_v0.5_h0.3,dense_1_far_05,6.75,0.5,0.3,binary_combined,1,False,False,True,0,,5.6000004633460776e-05,0.00012799999637991277,0.0001000000082740371,46.66340600000751,0.0666636900000168,False,False,False
dense_1_far_05_v0.5_h0.3,dense_1_far_05,6.75,0.5,0.3,json_combined,2,False,False,True,0,,5.3999997362552676e-05,0.00012599998910900467,7.299999538190605e-05,46.66340600000751,0.06666365899998937,False,False,False
dense_1_far_05_v0.5_h0.4,dense_1_far_05,6.75,0.5,0.4,binary_combined,0,False,False,True,0,,8.300000331473711e-05,0.00013899999373734317,8.800000728115265e-05,46.66340600000751,0.06666371600001185,False,False,False
dense_1_far_05_v0.5_h0.4,dense_1_far_05,6.75,0.5,0.4,json_combined,1,False,False,True,0,,5.5000000998006726e-05,0.00014699999439926614,7.39999990173601e-05,46.66340600000751,0.06666368200000193,False,False,False
dense_1_far_05_v0.5_h0.4,dense_1_far_05,6.75,0.5,0.4,binary_full,2,False,False,True,0,,5.300000793795334e-05,0.0001089999983605594,7.200000595730671e-05,46.66340600000751,0.06666364000001977,False,False,False
dense_1_far_05_v1.0_h0.2,dense_1_far_05,6.75,1.0,0.2,json_combined,0,False,False,True,0,,9.500000430762157e-05,0.0001630000099339668,7.699999571286753e-05,46.66340600000751,0.06666374100001747,False,False,False
dense_1_far_05_v1.0_h0.2,dense_1_far_05,6.75,1.0,0.2,binary_full,1,False,False,True,0,,5.699999405806011e-05,0.00011199999505606684,7.200000595730671e-05,46.66340600000751,0.06666364700000259,False,False,False
dense_1_far_05_v1.0_h0.2,dense_1_far_05,6.75,1.0,0.2,binary_combined,2,False,False,True,0,,5.3999997362552676e-05,0.00010400000860499858,7.099998811099795e-05,46.66340600000751,0.0666636350000016,False,False,False
dense_1_far_05_v1.0_h0.3,dense_1_far_05,6.75,1.0,0.3,binary_full,0,False,False,True,0,,7.999999240837496e-05,0.0001570000023320972,7.900000298377563e-05,46.66340600000751,0.06666372200000524,False,False,False
dense_1_far_05_v1.0_h0.3,dense_1_far_05,6.75,1.0,0.3,binary_combined,1,False,False,True,0,,5.3999997362552676e-05,0.00012000000992884452,7.299999538190605e-05,46.66340600000751,0.06666365300001019,False,False,False
dense_1_far_05_v1.0_h0.3,dense_1_far_05,6.75,1.0,0.3,json_combined,2,False,False,True,0,,5.3999997362552676e-05,0.00015199999836568168,9.500000430762157e-05,46.66340600000751,0.06666370700000755,False,False,False
dense_1_far_05_v1.0_h0.4,dense_1_far_05,6.75,1.0,0.4,binary_combined,0,False,False,True,0,,8.099999604382901e-05,0.0001370000006772898,7.999999240837496e-05,46.66340600000751,0.06666370399999665,False,False,False
dense_1_far_05_v1.0_h0.4,dense_1_far_05,6.75,1.0,0.4,json_combined,1,False,False,True,0,,5.599999042260606e-05,0.00013400000398178236,7.39999990173601e-05,46.66340600000751,0.06666367000000094,False,False,False
dense_1_far_05_v1.0_h0.4,dense_1_far_05,6.75,1.0,0.4,binary_full,2,False,False,True,0,,5.300000793795334e-05,0.00011199999505606684,9.400000067216752e-05,46.66340600000751,0.06666366500001118,False,False,False
dense_1_far_06_v0.0_h0.2,dense_1_far_06,6.800000000000001,0.0,0.2,json_combined,0,False,False,True,0,,0.00018699999770888098,0.0005760000050258895,0.00013399998977092764,42.657482999999274,0.06265837999999178,False,False,False
dense_1_far_06_v0.0_h0.2,dense_1_far_06,6.800000000000001,0.0,0.2,binary_full,1,False,False,True,0,,8.600000001024455e-05,0.0002499999993688107,9.699999736767495e-05,42.657482999999274,0.06265791599999603,False,False,False
dense_1_far_06_v0.0_h0.2,dense_1_far_06,6.800000000000001,0.0,0.2,binary_combined,2,False,False,True,0,,6.799999141549051e-05,0.00012900000001536682,8.000000661922968e-05,42.657482999999274,0.06265775999999733,False,False,False
dense_1_far_06_v0.0_h0.3,dense_1_far_06,6.800000000000001,0.0,0.3,binary_full,0,False,False,True,0,,0.00010300000496954453,0.0001679999996895276,9.600000794307562e-05,42.657482999999274,0.06265785000001188,False,False,False
dense_1_far_06_v0.0_h0.3,dense_1_far_06,6.800000000000001,0.0,0.3,binary_combined,1,False,False,True,0,,5.5000000998006726e-05,0.00011800000265793642,7.900000298377563e-05,42.657482999999274,0.06265773500000592,False,False,False
dense_1_far_06_v0.0_h0.3,dense_1_far_06,6.800000000000001,0.0,0.3,json_combined,2,False,False,True,0,,5.200000430249929e-05,0.00014200000464370532,7.700000992372225e-05,42.657482999999274,0.06265775400001815,False,False,False
dense_1_far_06_v0.0_h0.4,dense_1_far_06,6.800000000000001,0.0,0.4,binary_combined,0,False,False,True,0,,9.600000794307562e-05,0.0001390000079481979,9.100000397666008e-05,42.657482999999274,0.06265780900001915,False,False,False
dense_1_far_06_v0.0_h0.4,dense_1_far_06,6.800000000000001,0.0,0.4,json_combined,1,False,False,True,0,,5.199999009164458e-05,0.00013800000431274384,0.00010399999439414387,42.657482999999274,0.06265777699998808,False,False,False
dense_1_far_06_v0.0_h0.4,dense_1_far_06,6.800000000000001,0.0,0.4,binary_full,2,False,False,True,0,,5.199999009164458e-05,0.0001370000006772898,7.39999990173601e-05,42.657482999999274,0.06265774599998906,False,False,False
dense_1_far_06_v0.5_h0.2,dense_1_far_06,6.800000000000001,0.5,0.2,json_combined,0,False,False,True,0,,9.600000794307562e-05,0.00017099999638503505,8.800000728115265e-05,42.657482999999274,0.06265783800001089,False,False,False
dense_1_far_06_v0.5_h0.2,dense_1_far_06,6.800000000000001,0.5,0.2,binary_full,1,False,False,True,0,,5.200000430249929e-05,0.0001260000033198594,8.199999967928306e-05,42.657482999999274,0.06265774300000658,False,False,False
dense_1_far_06_v0.5_h0.2,dense_1_far_06,6.800000000000001,0.5,0.2,binary_combined,2,False,False,True,0,,5.200000430249929e-05,0.00011299999869152089,7.39999990173601e-05,42.657482999999274,0.06265772200000129,False,False,False
dense_1_far_06_v0.5_h0.3,dense_1_far_06,6.800000000000001,0.5,0.3,binary_full,0,False,False,True,0,,7.700000992372225e-05,0.000124000010259806,7.700000992372225e-05,42.657482999999274,0.06265776100002939,False,False,False
dense_1_far_06_v0.5_h0.3,dense_1_far_06,6.800000000000001,0.5,0.3,binary_combined,1,False,False,True,0,,5.699999405806011e-05,0.00013599999704183574,7.500000265281415e-05,42.657482999999274,0.06265775099999303,False,False,False
dense_1_far_06_v0.5_h0.3,dense_1_far_06,6.800000000000001,0.5,0.3,json_combined,2,False,False,True,0,,5.100000066704524e-05,0.0001549999950611891,7.299999538190605e-05,42.657482999999274,0.06265776199999039,False,False,False
dense_1_far_06_v0.5_h0.4,dense_1_far_06,6.800000000000001,0.5,0.4,binary_combined,0,False,False,True,0,,0.00014299999406830466,0.00012999998943996616,7.799999934832158e-05,42.657482999999274,0.06265783399998213,False,False,False
dense_1_far_06_v0.5_h0.4,dense_1_far_06,6.800000000000001,0.5,0.4,json_combined,1,False,False,True,0,,5.5000000998006726e-05,0.0001570000023320972,7.1999991746452e-05,42.657482999999274,0.06265776699999435,False,False,False
dense_1_far_06_v0.5_h0.4,dense_1_far_06,6.800000000000001,0.5,0.4,binary_full,2,False,False,True,0,,5.2999993727098627e-05,0.00011000000199601345,7.300000959276076e-05,42.657482999999274,0.0626577190000046,False,False,False
dense_1_far_06_v1.0_h0.2,dense_1_far_06,6.800000000000001,1.0,0.2,json_combined,0,False,False,True,0,,5.5000000998006726e-05,0.00017899999704695801,7.599999207741348e-05,42.657482999999274,0.0626577929999894,False,False,False
dense_1_far_06_v1.0_h0.2,dense_1_far_06,6.800000000000001,1.0,0.2,binary_full,1,False,False,True,0,,5.6000004633460776e-05,0.00012499999968440534,7.39999990173601e-05,42.657482999999274,0.06265773800000261,False,False,False
dense_1_far_06_v1.0_h0.2,dense_1_far_06,6.800000000000001,1.0,0.2,binary_combined,2,False,False,True,0,,5.2999993727098627e-05,0.00012700000695531344,7.500000265281415e-05,42.657482999999274,0.06265773800000261,False,False,False
dense_1_far_06_v1.0_h0.3,dense_1_far_06,6.800000000000001,1.0,0.3,binary_full,0,False,False,True,0,,7.39999990173601e-05,0.00012199998877804319,7.900000298377563e-05,42.657482999999274,0.06265775799999006,False,False,False
dense_1_far_06_v1.0_h0.3,dense_1_far_06,6.800000000000001,1.0,0.3,binary_combined,1,False,False,True,0,,5.300000793795334e-05,0.0001089999983605594,9.299999703671347e-05,42.657482999999274,0.06265773800000261,False,False,False
dense_1_far_06_v1.0_h0.3,dense_1_far_06,6.800000000000001,1.0,0.3,json_combined,2,False,False,True,0,,5.200000430249929e-05,0.0001370000006772898,7.799999934832158e-05,42.657482999999274,0.0626577500000036,False,False,False
dense_1_far_06_v1.0_h0.4,dense_1_far_06,6.800000000000001,1.0,0.4,binary_combined,0,False,False,True,0,,0.00010799999472510535,0.00014900000167017424,7.500000265281415e-05,42.657482999999274,0.06265781499999833,False,False,False
dense_1_far_06_v1.0_h0.4,dense_1_far_06,6.800000000000001,1.0,0.4,json_combined,1,False,False,True,0,,5.300000793795334e-05,0.0001370000006772898,7.799999934832158e-05,42.657482999999274,0.06265775100000724,False,False,False
dense_1_far_06_v1.0_h0.4,dense_1_far_06,6.800000000000001,1.0,0.4,binary_full,2,False,False,True,0,,5.100000066704524e-05,0.00010099999769863643,7.100000232185266e-05,42.657482999999274,0.06265770599999997,False,False,False
dense_1_far_07_v0.0_h0.2,dense_1_far_07,6.8500000000000005,0.0,0.2,json_combined,0,False,False,True,0,,0.0002240000043229884,0.0006899999931420098,0.00016299999572311208,44.06379399999594,0.06406487099998913,False,False,False
dense_1_far_07_v0.0_h0.2,dense_1_far_07,6.8500000000000005,0.0,0.2,binary_full,1,False,False,True,0,,0.00011500000596242899,0.0003180000049951559,0.00011800000265793642,44.06379399999594,0.06406434500000956,False,False,False
dense_1_far_07_v0.0_h0.2,dense_1_far_07,6.8500000000000005,0.0,0.2,binary_combined,2,False,False,True,0,,5.6000004633460776e-05,0.0001569999881212425,9.099998976580537e-05,44.06379399999594,0.06406409799997846,False,False,False
dense_1_far_07_v0.0_h0.3,dense_1_far_07,6.8500000000000005,0.0,0.3,binary_full,0,False,False,True,0,,0.00012299999241349724,0.00022999999771400326,9.59999937322209e-05,44.06379399999594,0.0640642429999798,False,False,False
dense_1_far_07_v0.0_h0.3,dense_1_far_07,6.8500000000000005,0.0,0.3,binary_combined,1,False,False,True,0,,6.599999835543713e-05,0.00011699999902248237,8.199999967928306e-05,44.06379399999594,0.064064058999993,False,False,False
dense_1_far_07_v0.0_h0.3,dense_1_far_07,6.8500000000000005,0.0,0.3,json_combined,2,False,False,True,0,,5.6000004633460776e-05,0.00017699998977604992,7.699999571286753e-05,44.06379399999594,0.06406410399998606,False,False,False
dense_1_far_07_v0.0_h0.4,dense_1_far_07,6.8500000000000005,0.0,0.4,binary_combined,0,False,False,True,0,,0.00014699999439926614,0.00015199999836568168,9.299999703671347e-05,44.06379399999594,0.06406418599998574,False,False,False
dense_1_far_07_v0.0_h0.4,dense_1_far_07,6.8500000000000005,0.0,0.4,json_combined,1,False,False,True,0,,5.599999042260606e-05,0.00017500001092685125,8.000000661922968e-05,44.06379399999594,0.06406410500000391,False,False,False
dense_1_far_07_v0.0_h0.4,dense_1_far_07,6.8500000000000005,0.0,0.4,binary_full,2,False,False,True,0,,5.7000008268914826e-05,0.00013799999010188913,7.900000298377563e-05,44.06379399999594,0.0640640679999973,False,False,False
dense_1_far_07_v0.5_h0.2,dense_1_far_07,6.8500000000000005,0.5,0.2,json_combined,0,False,False,True,0,,9.700001157852967e-05,0.00018000000068241206,0.00013599999704183574,44.06379399999594,0.06406420700000524,False,False,False
dense_1_far_07_v0.5_h0.2,dense_1_far_07,6.8500000000000005,0.5,0.2,binary_full,1,False,False,True,0,,5.6000004633460776e-05,0.00015599999869664316,8.199999967928306e-05,44.06379399999594,0.06406408799999895,False,False,False
dense_1_far_07_v0.5_h0.2,dense_1_far_07,6.8500000000000005,0.5,0.2,binary_combined,2,False,False,True,0,,8.199999967928306e-05,0.00015300000200113573,7.699999571286753e-05,44.06379399999594,0.06406410599999333,False,False,False
dense_1_far_07_v0.5_h0.3,dense_1_far_07,6.8500000000000005,0.5,0.3,binary_full,0,False,False,True,0,,9.699999736767495e-05,0.0001939999947353499,8.49999963747905e-05,44.06379399999594,0.06406416999998442,False,False,False
dense_1_far_07_v0.5_h0.3,dense_1_far_07,6.8500000000000005,0.5,0.3,binary_combined,1,False,False,True,0,,5.300000793795334e-05,0.0001589999953921506,9.100000397666008e-05,44.06379399999594,0.06406409700000325,False,False,False
dense_1_far_07_v0.5_h0.3,dense_1_far_07,6.8500000000000005,0.5,0.3,json_combined,2,False,False,True,0,,8.29999891038824e-05,0.0001479999980347202,8.100001025468373e-05,44.06379399999594,0.06406410599999333,False,False,False
dense_1_far_07_v0.5_h0.4,dense_1_far_07,6.8500000000000005,0.5,0.4,binary_combined,0,False,False,True,0,,9.100000397666008e-05,0.00014500000133921276,8.400000695019116e-05,44.06379399999594,0.06406411400000821,False,False,False
dense_1_far_07_v0.5_h0.4,dense_1_far_07,6.8500000000000005,0.5,0.4,json_combined,1,False,False,True,0,,5.599999042260606e-05,0.00015599999869664316,8.199999967928306e-05,44.06379399999594,0.06406408799998474,False,False,False
dense_1_far_07_v0.5_h0.4,dense_1_far_07,6.8500000000000005,0.5,0.4,binary_full,2,False,False,True,0,,5.699999405806011e-05,0.00011599999538702832,7.999999240837496e-05,44.06379399999594,0.0640640469999778,False,False,False
dense_1_far_07_v1.0_h0.2,dense_1_far_07,6.8500000000000005,1.0,0.2,json_combined,0,False,False,True,0,,8.000000661922968e-05,0.00015300000200113573,0.00010400000860499858,44.06379399999594,0.06406413100001317,False,False,False
dense_1_far_07_v1.0_h0.2,dense_1_far_07,6.8500000000000005,1.0,0.2,binary_full,1,False,False,True,0,,5.799999769351416e-05,0.00011899999208253575,8.199999967928306e-05,44.06379399999594,0.0640640529999854,False,False,False
dense_1_far_07_v1.0_h0.2,dense_1_far_07,6.8500000000000005,1.0,0.2,binary_combined,2,False,False,True,0,,5.2999993727098627e-05,0.00011899999208253575,7.899998877292091e-05,44.06379399999594,0.06406404499997052,False,False,False
dense_1_far_07_v1.0_h0.3,dense_1_far_07,6.8500000000000005,1.0,0.3,binary_full,0,False,False,True,0,,8.800000728115265e-05,0.00013000000365082087,0.00011399998811612022,44.06379399999594,0.06406412599999499,False,False,False
dense_1_far_07_v1.0_h0.3,dense_1_far_07,6.8500000000000005,1.0,0.3,binary_combined,1,False,False,True,0,,6.199999802447564e-05,0.00013800000431274384,8.399999273933645e-05,44.06379399999594,0.06406407799999102,False,False,False
dense_1_far_07_v1.0_h0.3,dense_1_far_07,6.8500000000000005,1.0,0.3,json_combined,2,False,False,True,0,,5.6000004633460776e-05,0.00013999999737279722,8.29999891038824e-05,44.06379399999594,0.06406407299998705,False,False,False
dense_1_far_07_v1.0_h0.4,dense_1_far_07,6.8500000000000005,1.0,0.4,binary_combined,0,False,False,True,0,,0.00010100001190949115,0.00013399998977092764,8.199999967928306e-05,44.06379399999594,0.0640641109999973,False,False,False
dense_1_far_07_v1.0_h0.4,dense_1_far_07,6.8500000000000005,1.0,0.4,json_combined,1,False,False,True,0,,6.0999994389021595e-05,0.00015099999473022763,7.899998877292091e-05,44.06379399999594,0.06406408499997383,False,False,False
dense_1_far_07_v1.0_h0.4,dense_1_far_07,6.8500000000000005,1.0,0.4,binary_full,2,False,False,True,0,,5.599999042260606e-05,0.00011699999902248237,8.199999967928306e-05,44.06379399999594,0.06406404899998507,False,False,False
dense_1_far_08_v0.0_h0.2,dense_1_far_08,6.9,0.0,0.2,json_combined,0,False,False,True,0,,0.00017300000365594315,0.0005899999990788274,0.00014500000133921276,63.67235999999821,0.08367326800000228,False,False,False
dense_1_far_08_v0.0_h0.2,dense_1_far_08,6.9,0.0,0.2,binary_full,1,False,False,True,0,,8.899999670575198e-05,0.00025800000003073364,7.39999990173601e-05,63.67235999999821,0.08367278099999396,False,False,False
dense_1_far_08_v0.0_h0.2,dense_1_far_08,6.9,0.0,0.2,binary_combined,2,False,False,True,0,,5.699999405806011e-05,0.00014699999439926614,8.099999604382901e-05,63.67235999999821,0.08367264499998271,False,False,False
dense_1_far_08_v0.0_h0.3,dense_1_far_08,6.9,0.0,0.3,binary_full,0,False,False,True,0,,8.600000001024455e-05,0.00020999999605919584,0.00010700000530050602,63.67235999999821,0.08367276299999958,False,False,False
dense_1_far_08_v0.0_h0.3,dense_1_far_08,6.9,0.0,0.3,binary_combined,1,False,False,True,0,,5.2999993727098627e-05,0.00013000000365082087,7.599999207741348e-05,63.67235999999821,0.08367261899998767,False,False,False
dense_1_far_08_v0.0_h0.3,dense_1_far_08,6.9,0.0,0.3,json_combined,2,False,False,True,0,,5.3999997362552676e-05,0.0001549999950611891,7.200000595730671e-05,63.67235999999821,0.08367264099999659,False,False,False
dense_1_far_08_v0.0_h0.4,dense_1_far_08,6.9,0.0,0.4,binary_combined,0,False,False,True,0,,0.00011600000959788304,0.00015100000894108234,8.800000728115265e-05,63.67235999999821,0.08367271500002403,False,False,False
dense_1_far_08_v0.0_h0.4,dense_1_far_08,6.9,0.0,0.4,json_combined,1,False,False,True,0,,5.699999405806011e-05,0.0001549999950611891,9.900000463858305e-05,63.67235999999821,0.08367267099999197,False,False,False
dense_1_far_08_v0.0_h0.4,dense_1_far_08,6.9,0.0,0.4,binary_full,2,False,False,True,0,,5.199999009164458e-05,0.0001589999953921506,7.299999538190605e-05,63.67235999999821,0.08367264399997908,False,False,False
dense_1_far_08_v0.5_h0.2,dense_1_far_08,6.9,0.5,0.2,json_combined,0,False,False,True,0,,8.000000661922968e-05,0.00015999999902760464,8.399999273933645e-05,63.67235999999821,0.0836726839999966,False,False,False
dense_1_far_08_v0.5_h0.2,dense_1_far_08,6.9,0.5,0.2,binary_full,1,False,False,True,0,,5.199999009164458e-05,0.00013800000431274384,7.39999990173601e-05,63.67235999999821,0.08367262399999163,False,False,False
dense_1_far_08_v0.5_h0.2,dense_1_far_08,6.9,0.5,0.2,binary_combined,2,False,False,True,0,,5.100000066704524e-05,0.00011000000199601345,7.100000232185266e-05,63.67235999999821,0.0836725920000032,False,False,False
dense_1_far_08_v0.5_h0.3,dense_1_far_08,6.9,0.5,0.3,binary_full,0,False,False,True,0,,7.799999934832158e-05,0.00019000000861524313,9.900000463858305e-05,63.67235999999821,0.08367272700001081,False,False,False
dense_1_far_08_v0.5_h0.3,dense_1_far_08,6.9,0.5,0.3,binary_combined,1,False,False,True,0,,5.699999405806011e-05,0.00013899999373734317,7.599999207741348e-05,63.67235999999821,0.08367263199997808,False,False,False
dense_1_far_08_v0.5_h0.3,dense_1_far_08,6.9,0.5,0.3,json_combined,2,False,False,True,0,,5.7000008268914826e-05,0.0001390000079481979,7.60000062882682e-05,63.67235999999821,0.08367263200002072,False,False,False
dense_1_far_08_v0.5_h0.4,dense_1_far_08,6.9,0.5,0.4,binary_combined,0,False,False,True,0,,8.399999273933645e-05,0.00013800000431274384,9.000000034120603e-05,63.67235999999821,0.0836726719999956,False,False,False
dense_1_far_08_v0.5_h0.4,dense_1_far_08,6.9,0.5,0.4,json_combined,1,False,False,True,0,,5.300000793795334e-05,0.00014200000464370532,7.699999571286753e-05,63.67235999999821,0.0836726320000065,False,False,False
dense_1_far_08_v0.5_h0.4,dense_1_far_08,6.9,0.5,0.4,binary_full,2,False,False,True,0,,5.3999997362552676e-05,0.00012799999637991277,7.299999538190605e-05,63.67235999999821,0.08367261499998734,False,False,False
dense_1_far_08_v1.0_h0.2,dense_1_far_08,6.9,1.0,0.2,json_combined,0,False,False,True,0,,5.799999769351416e-05,0.0001520000125765364,9.699999736767495e-05,63.67235999999821,0.08367266700000585,False,False,False
dense_1_far_08_v1.0_h0.2,dense_1_far_08,6.9,1.0,0.2,binary_full,1,False,False,True,0,,5.6000004633460776e-05,0.0001330000003463283,7.799999934832158e-05,63.67235999999821,0.08367262700000254,False,False,False
dense_1_far_08_v1.0_h0.2,dense_1_far_08,6.9,1.0,0.2,binary_combined,2,False,False,True,0,,5.199999009164458e-05,0.00012499999968440534,7.699999571286753e-05,63.67235999999821,0.0836726139999837,False,False,False
dense_1_far_08_v1.0_h0.3,dense_1_far_08,6.9,1.0,0.3,binary_full,0,False,False,True,0,,0.00012700000695531344,0.0001370000006772898,0.00010200000133409048,63.67235999999821,0.08367272600000718,False,False,False
dense_1_far_08_v1.0_h0.3,dense_1_far_08,6.9,1.0,0.3,binary_combined,1,False,False,True,0,,4.999999703159119e-05,0.0001260000033198594,8.400000695019116e-05,63.67235999999821,0.08367262000000551,False,False,False
dense_1_far_08_v1.0_h0.3,dense_1_far_08,6.9,1.0,0.3,json_combined,2,False,False,True,0,,7.100000232185266e-05,0.00013899999373734317,0.00010700000530050602,63.67235999999821,0.08367267699999957,False,False,False
dense_1_far_08_v1.0_h0.4,dense_1_far_08,6.9,1.0,0.4,binary_combined,0,False,False,True,0,,7.300000959276076e-05,0.00012300000662435195,0.00010099999769863643,63.67235999999821,0.08367265700001213,False,False,False
dense_1_far_08_v1.0_h0.4,dense_1_far_08,6.9,1.0,0.4,json_combined,1,False,False,True,0,,5.200000430249929e-05,0.0001439999977037587,7.1999991746452e-05,63.67235999999821,0.08367262799999196,False,False,False
dense_1_far_08_v1.0_h0.4,dense_1_far_08,6.9,1.0,0.4,binary_full,2,False,False,True,0,,5.200000430249929e-05,0.00012300000662435195,7.1999991746452e-05,63.67235999999821,0.08367260700000088,False,False,False
dense_1_far_09_v0.0_h0.2,dense_1_far_09,6.95,0.0,0.2,json_combined,0,False,False,True,0,,0.00019300000531075057,0.0006450000000768341,0.00018900000497978908,58.326203000007126,0.0783272300000175,False,False,False
dense_1_far_09_v0.0_h0.2,dense_1_far_09,6.95,0.0,0.2,binary_full,1,False,False,True,0,,8.699998943484388e-05,0.00027500000499003363,9.400000067216752e-05,58.326203000007126,0.07832665900000223,False,False,False
dense_1_far_09_v0.0_h0.2,dense_1_far_09,6.95,0.0,0.2,binary_combined,2,False,False,True,0,,6.0999994389021595e-05,0.00014300000827915937,7.1999991746452e-05,58.326203000007126,0.07832647900000154,False,False,False
dense_1_far_09_v0.0_h0.3,dense_1_far_09,6.95,0.0,0.3,binary_full,0,False,False,True,0,,0.00010700000530050602,0.00020299999903272692,8.500001058564521e-05,58.326203000007126,0.07832659800002205,False,False,False
dense_1_far_09_v0.0_h0.3,dense_1_far_09,6.95,0.0,0.3,binary_combined,1,False,False,True,0,,5.100000066704524e-05,0.00010300000496954453,8.800000728115265e-05,58.326203000007126,0.07832644500002005,False,False,False
dense_1_far_09_v0.0_h0.3,dense_1_far_09,6.95,0.0,0.3,json_combined,2,False,False,True,0,,4.999999703159119e-05,0.00012699999274445872,7.699999571286753e-05,58.326203000007126,0.07832645699999262,False,False,False
dense_1_far_09_v0.0_h0.4,dense_1_far_09,6.95,0.0,0.4,binary_combined,0,False,False,True,0,,0.00012299999241349724,0.00020099999176181882,9.600000794307562e-05,58.326203000007126,0.07832662299999925,False,False,False
dense_1_far_09_v0.0_h0.4,dense_1_far_09,6.95,0.0,0.4,json_combined,1,False,False,True,0,,5.3999997362552676e-05,0.0001479999980347202,7.299999538190605e-05,58.326203000007126,0.07832647799999791,False,False,False
dense_1_far_09_v0.0_h0.4,dense_1_far_09,6.95,0.0,0.4,binary_full,2,False,False,True,0,,5.200000430249929e-05,0.00013199999671087426,7.500000265281415e-05,58.326203000007126,0.0783264620000108,False,False,False
dense_1_far_09_v0.5_h0.2,dense_1_far_09,6.95,0.5,0.2,json_combined,0,False,False,True,0,,0.00010099999769863643,0.00017899999704695801,8.099999604382901e-05,58.326203000007126,0.07832656399999792,False,False,False
dense_1_far_09_v0.5_h0.2,dense_1_far_09,6.95,0.5,0.2,binary_full,1,False,False,True,0,,5.199999009164458e-05,0.00013199999671087426,7.39999990173601e-05,58.326203000007126,0.07832646099999295,False,False,False
dense_1_far_09_v0.5_h0.2,dense_1_far_09,6.95,0.5,0.2,binary_combined,2,False,False,True,0,,4.999999703159119e-05,0.00011499999175157427,7.500000265281415e-05,58.326203000007126,0.07832644299999857,False,False,False
dense_1_far_09_v0.5_h0.3,dense_1_far_09,6.95,0.5,0.3,binary_full,0,False,False,True,0,,8.399999273933645e-05,0.0001610000026630587,0.00010200000133409048,58.326203000007126,0.07832655000000387,False,False,False
dense_1_far_09_v0.5_h0.3,dense_1_far_09,6.95,0.5,0.3,binary_combined,1,False,False,True,0,,5.699999405806011e-05,0.0001350000076172364,8.100001025468373e-05,58.326203000007126,0.07832647600001906,False,False,False
dense_1_far_09_v0.5_h0.3,dense_1_far_09,6.95,0.5,0.3,json_combined,2,False,False,True,0,,5.3999997362552676e-05,0.0001700000069604357,7.39999990173601e-05,58.326203000007126,0.07832650100001047,False,False,False
dense_1_far_09_v0.5_h0.4,dense_1_far_09,6.95,0.5,0.4,binary_combined,0,False,False,True,0,,9.199999340125942e-05,0.0001330000003463283,0.00011000000199601345,58.326203000007126,0.07832653800000287,False,False,False
dense_1_far_09_v0.5_h0.4,dense_1_far_09,6.95,0.5,0.4,json_combined,1,False,False,True,0,,5.100000066704524e-05,0.00018400000101337355,7.699999571286753e-05,58.326203000007126,0.07832651500000452,False,False,False
dense_1_far_09_v0.5_h0.4,dense_1_far_09,6.95,0.5,0.4,binary_full,2,False,False,True,0,,5.200000430249929e-05,0.00013100000728627492,7.200000595730671e-05,58.326203000007126,0.07832645800002468,False,False,False
dense_1_far_09_v1.0_h0.2,dense_1_far_09,6.95,1.0,0.2,json_combined,0,False,False,True,0,,8.399999273933645e-05,0.00014299999406830466,9.300001124756818e-05,58.326203000007126,0.07832652300000519,False,False,False
dense_1_far_09_v1.0_h0.2,dense_1_far_09,6.95,1.0,0.2,binary_full,1,False,False,True,0,,5.599999042260606e-05,0.00010599998745419725,7.799999934832158e-05,58.326203000007126,0.07832644299998436,False,False,False
dense_1_far_09_v1.0_h0.2,dense_1_far_09,6.95,1.0,0.2,binary_combined,2,False,False,True,0,,5.3999997362552676e-05,0.00010399999439414387,9.900000463858305e-05,58.326203000007126,0.07832646000000353,False,False,False
dense_1_far_09_v1.0_h0.3,dense_1_far_09,6.95,1.0,0.3,binary_full,0,False,False,True,0,,8.799999307029793e-05,0.0001199999957179898,9.900000463858305e-05,58.326203000007126,0.07832651000000056,False,False,False
dense_1_far_09_v1.0_h0.3,dense_1_far_09,6.95,1.0,0.3,binary_combined,1,False,False,True,0,,5.8999987118113495e-05,0.0001260000033198594,7.799999934832158e-05,58.326203000007126,0.07832646599999692,False,False,False
dense_1_far_09_v1.0_h0.3,dense_1_far_09,6.95,1.0,0.3,json_combined,2,False,False,True,0,,5.100000066704524e-05,0.00013100000728627492,7.60000062882682e-05,58.326203000007126,0.07832646100002137,False,False,False
dense_1_far_09_v1.0_h0.4,dense_1_far_09,6.95,1.0,0.4,binary_combined,0,False,False,True,0,,9.900000463858305e-05,0.00013000000365082087,8.000000661922968e-05,58.326203000007126,0.07832651200002204,False,False,False
dense_1_far_09_v1.0_h0.4,dense_1_far_09,6.95,1.0,0.4,json_combined,1,False,False,True,0,,5.3999997362552676e-05,0.00014900000167017424,7.599999207741348e-05,58.326203000007126,0.07832648199999824,False,False,False
dense_1_far_09_v1.0_h0.4,dense_1_far_09,6.95,1.0,0.4,binary_full,2,False,False,True,0,,5.9999990753567545e-05,0.00011000000199601345,7.500000265281415e-05,58.326203000007126,0.07832644800000253,False,False,False
dense_1_free_01_v0.0_h0.2,dense_1_free_01,7.050000000000001,0.0,0.2,json_combined,0,False,False,True,0,,0.00019999998812636477,0.000748999994470978,0.00017800000762235868,48.07130399999693,0.06807243099998715,False,False,False
dense_1_free_01_v0.0_h0.2,dense_1_free_01,7.050000000000001,0.0,0.2,binary_full,1,False,False,True,0,,0.00010700000530050602,0.0003349999957436012,9.899999042772833e-05,48.07130399999693,0.0680718449999884,False,False,False
dense_1_free_01_v0.0_h0.2,dense_1_free_01,7.050000000000001,0.0,0.2,binary_combined,2,False,False,True,0,,7.100000232185266e-05,0.00018699999770888098,7.700000992372225e-05,48.07130399999693,0.06807163900000689,False,False,False
dense_1_free_01_v0.0_h0.3,dense_1_free_01,7.050000000000001,0.0,0.3,binary_full,0,False,False,True,0,,0.00010200000133409048,0.0001569999881212425,0.00011899999208253575,48.07130399999693,0.06807168199997847,False,False,False
dense_1_free_01_v0.0_h0.3,dense_1_free_01,7.050000000000001,0.0,0.3,binary_combined,1,False,False,True,0,,5.6000004633460776e-05,0.0001239999960489513,8.399999273933645e-05,48.07130399999693,0.06807156799999035,False,False,False
dense_1_free_01_v0.0_h0.3,dense_1_free_01,7.050000000000001,0.0,0.3,json_combined,2,False,False,True,0,,5.7000008268914826e-05,0.000196000002006258,9.000000034120603e-05,48.07130399999693,0.06807164700000755,False,False,False
dense_1_free_01_v0.0_h0.4,dense_1_free_01,7.050000000000001,0.0,0.4,binary_combined,0,False,False,True,0,,0.00011299999869152089,0.00018899999076893437,8.300000331473711e-05,48.07130399999693,0.06807168899998971,False,False,False
dense_1_free_01_v0.0_h0.4,dense_1_free_01,7.050000000000001,0.0,0.4,json_combined,1,False,False,True,0,,5.599999042260606e-05,0.00015999999902760464,7.799999934832158e-05,48.07130399999693,0.06807159799998573,False,False,False
dense_1_free_01_v0.0_h0.4,dense_1_free_01,7.050000000000001,0.0,0.4,binary_full,2,False,False,True,0,,5.6000004633460776e-05,0.00012799999637991277,8.100001025468373e-05,48.07130399999693,0.0680715690000082,False,False,False
dense_1_free_01_v0.5_h0.2,dense_1_free_01,7.050000000000001,0.5,0.2,json_combined,0,False,False,True,0,,9.600000794307562e-05,0.00016699999605407356,9.100000397666008e-05,48.07130399999693,0.0680716580000049,False,False,False
dense_1_free_01_v0.5_h0.2,dense_1_free_01,7.050000000000001,0.5,0.2,binary_full,1,False,False,True,0,,5.5000000998006726e-05,0.00016399999935856613,7.599999207741348e-05,48.07130399999693,0.06807159899998937,False,False,False
dense_1_free_01_v0.5_h0.2,dense_1_free_01,7.050000000000001,0.5,0.2,binary_combined,2,False,False,True,0,,5.6000004633460776e-05,0.00016900000332498166,9.999999406318238e-05,48.07130399999693,0.06807162899999895,False,False,False
dense_1_free_01_v0.5_h0.3,dense_1_free_01,7.050000000000001,0.5,0.3,binary_full,0,False,False,True,0,,8.099999604382901e-05,0.0001439999977037587,8.300000331473711e-05,48.07130399999693,0.068071611999994,False,False,False
dense_1_free_01_v0.5_h0.3,dense_1_free_01,7.050000000000001,0.5,0.3,binary_combined,1,False,False,True,0,,5.7000008268914826e-05,0.00013199999671087426,7.900000298377563e-05,48.07130399999693,0.0680715720000049,False,False,False
dense_1_free_01_v0.5_h0.3,dense_1_free_01,7.050000000000001,0.5,0.3,json_combined,2,False,False,True,0,,5.300000793795334e-05,0.00015399999142573506,7.700000992372225e-05,48.07130399999693,0.06807158800000622,False,False,False
dense_1_free_01_v0.5_h0.4,dense_1_free_01,7.050000000000001,0.5,0.4,binary_combined,0,False,False,True,0,,9.900000463858305e-05,0.00014700000861012086,0.0001089999983605594,48.07130399999693,0.06807165900000854,False,False,False
dense_1_free_01_v0.5_h0.4,dense_1_free_01,7.050000000000001,0.5,0.4,json_combined,1,False,False,True,0,,5.699999405806011e-05,0.00015300000200113573,8.70000036456986e-05,48.07130399999693,0.06807160099999664,False,False,False
dense_1_free_01_v0.5_h0.4,dense_1_free_01,7.050000000000001,0.5,0.4,binary_full,2,False,False,True,0,,5.3999997362552676e-05,0.0001419999904328506,9.500000430762157e-05,48.07130399999693,0.06807159499998904,False,False,False
dense_1_free_01_v1.0_h0.2,dense_1_free_01,7.050000000000001,1.0,0.2,json_combined,0,False,False,True,0,,9.59999937322209e-05,0.0001720000000204891,8.29999891038824e-05,48.07130399999693,0.06807165499997979,False,False,False
dense_1_free_01_v1.0_h0.2,dense_1_free_01,7.050000000000001,1.0,0.2,binary_full,1,False,False,True,0,,5.5000000998006726e-05,0.00012499999968440534,7.699999571286753e-05,48.07130399999693,0.06807156099999333,False,False,False
dense_1_free_01_v1.0_h0.2,dense_1_free_01,7.050000000000001,1.0,0.2,binary_combined,2,False,False,True,0,,5.300000793795334e-05,0.00013899999373734317,7.999999240837496e-05,48.07130399999693,0.06807157599999102,False,False,False
dense_1_free_01_v1.0_h0.3,dense_1_free_01,7.050000000000001,1.0,0.3,binary_full,0,False,False,True,0,,0.00010099999769863643,0.00012099999935344385,0.00010200000133409048,48.07130399999693,0.06807162799999532,False,False,False
dense_1_free_01_v1.0_h0.3,dense_1_free_01,7.050000000000001,1.0,0.3,binary_combined,1,False,False,True,0,,5.6000004633460776e-05,0.00012499999968440534,7.60000062882682e-05,48.07130399999693,0.06807156100000754,False,False,False
dense_1_free_01_v1.0_h0.3,dense_1_free_01,7.050000000000001,1.0,0.3,json_combined,2,False,False,True,0,,5.199999009164458e-05,0.00014200000464370532,7.599999207741348e-05,48.07130399999693,0.06807157399998374,False,False,False
dense_1_free_01_v1.0_h0.4,dense_1_free_01,7.050000000000001,1.0,0.4,binary_combined,0,False,False,True,0,,9.700001157852967e-05,0.0001590000096030053,7.999999240837496e-05,48.07130399999693,0.06807164000001052,False,False,False
dense_1_free_01_v1.0_h0.4,dense_1_free_01,7.050000000000001,1.0,0.4,json_combined,1,False,False,True,0,,5.2999993727098627e-05,0.0001329999861354736,8.400000695019116e-05,48.07130399999693,0.06807157399998374,False,False,False
dense_1_free_01_v1.0_h0.4,dense_1_free_01,7.050000000000001,1.0,0.4,binary_full,2,False,False,True,0,,6.899999505094456e-05,0.00012299999241349724,7.799999934832158e-05,48.07130399999693,0.06807157399998374,False,False,False
dense_1_free_02_v0.0_h0.2,dense_1_free_02,7.1000000000000005,0.0,0.2,json_combined,0,False,False,True,0,,0.00020400000266818097,0.000642999992805926,0.0001850000046488276,63.022291999999425,0.08302332399999955,False,False,False
dense_1_free_02_v0.0_h0.2,dense_1_free_02,7.1000000000000005,0.0,0.2,binary_full,1,False,False,True,0,,9.000000034120603e-05,0.0002419999987068877,0.00013199999671087426,63.022291999999425,0.08302275599999519,False,False,False
dense_1_free_02_v0.0_h0.2,dense_1_free_02,7.1000000000000005,0.0,0.2,binary_combined,2,False,False,True,0,,9.000000034120603e-05,0.00013600001125269046,7.700000992372225e-05,63.022291999999425,0.08302259500002095,False,False,False
dense_1_free_02_v0.0_h0.3,dense_1_free_02,7.1000000000000005,0.0,0.3,binary_full,0,False,False,True,0,,9.400000067216752e-05,0.0001630000099339668,0.0001110000056314675,63.022291999999425,0.08302266000001567,False,False,False
dense_1_free_02_v0.0_h0.3,dense_1_free_02,7.1000000000000005,0.0,0.3,binary_combined,1,False,False,True,0,,5.5000000998006726e-05,0.00014999999109477358,7.599999207741348e-05,63.022291999999425,0.0830225729999836,False,False,False
dense_1_free_02_v0.0_h0.3,dense_1_free_02,7.1000000000000005,0.0,0.3,json_combined,2,False,False,True,0,,6.599999835543713e-05,0.0001460000049746668,7.500000265281415e-05,63.022291999999425,0.08302257900000541,False,False,False
dense_1_free_02_v0.0_h0.4,dense_1_free_02,7.1000000000000005,0.0,0.4,binary_combined,0,False,False,True,0,,0.0001679999996895276,0.00014899998745931953,8.70000036456986e-05,63.022291999999425,0.08302269599999022,False,False,False
dense_1_free_02_v0.0_h0.4,dense_1_free_02,7.1000000000000005,0.0,0.4,json_combined,1,False,False,True,0,,5.2999993727098627e-05,0.00014900000167017424,8.800000728115265e-05,63.022291999999425,0.08302258200000211,False,False,False
dense_1_free_02_v0.0_h0.4,dense_1_free_02,7.1000000000000005,0.0,0.4,binary_full,2,False,False,True,0,,5.300000793795334e-05,0.0001330000003463283,7.39999990173601e-05,63.022291999999425,0.08302255200000673,False,False,False
dense_1_free_02_v0.5_h0.2,dense_1_free_02,7.1000000000000005,0.5,0.2,json_combined,0,False,False,True,0,,0.00010399999439414387,0.00018800000134433503,8.100001025468373e-05,63.022291999999425,0.08302266500000542,False,False,False
dense_1_free_02_v0.5_h0.2,dense_1_free_02,7.1000000000000005,0.5,0.2,binary_full,1,False,False,True,0,,5.2999993727098627e-05,0.0001349999934063817,7.39999990173601e-05,63.022291999999425,0.08302255399998558,False,False,False
dense_1_free_02_v0.5_h0.2,dense_1_free_02,7.1000000000000005,0.5,0.2,binary_combined,2,False,False,True,0,,5.2999993727098627e-05,0.00010700000530050602,7.500000265281415e-05,63.022291999999425,0.08302252700000111,False,False,False
dense_1_free_02_v0.5_h0.3,dense_1_free_02,7.1000000000000005,0.5,0.3,binary_full,0,False,False,True,0,,0.0001110000056314675,0.00016399999935856613,8.000000661922968e-05,63.022291999999425,0.08302264700001104,False,False,False
dense_1_free_02_v0.5_h0.3,dense_1_free_02,7.1000000000000005,0.5,0.3,binary_combined,1,False,False,True,0,,5.400001157340739e-05,0.0001199999957179898,7.699999571286753e-05,63.022291999999425,0.08302254300000243,False,False,False
dense_1_free_02_v0.5_h0.3,dense_1_free_02,7.1000000000000005,0.5,0.3,json_combined,2,False,False,True,0,,7.100000232185266e-05,0.00014100000100825127,7.599999207741348e-05,63.022291999999425,0.08302257999999484,False,False,False
dense_1_free_02_v0.5_h0.4,dense_1_free_02,7.1000000000000005,0.5,0.4,binary_combined,0,False,False,True,0,,0.00010799999472510535,0.00011900000629339047,0.0001000000082740371,63.022291999999425,0.08302261900000872,False,False,False
dense_1_free_02_v0.5_h0.4,dense_1_free_02,7.1000000000000005,0.5,0.4,json_combined,1,False,False,True,0,,5.5000000998006726e-05,0.00013800000431274384,7.999999240837496e-05,63.022291999999425,0.08302256499999715,False,False,False
dense_1_free_02_v0.5_h0.4,dense_1_free_02,7.1000000000000005,0.5,0.4,binary_full,2,False,False,True,0,,5.3999997362552676e-05,0.00012799999637991277,7.60000062882682e-05,63.022291999999425,0.08302254999999946,False,False,False
dense_1_free_02_v1.0_h0.2,dense_1_free_02,7.1000000000000005,1.0,0.2,json_combined,0,False,False,True,0,,9.899999042772833e-05,0.0001610000026630587,7.999999240837496e-05,63.022291999999425,0.08302263199998493,False,False,False
dense_1_free_02_v1.0_h0.2,dense_1_free_02,7.1000000000000005,1.0,0.2,binary_full,1,False,False,True,0,,5.200000430249929e-05,0.00010499999802959792,7.599999207741348e-05,63.022291999999425,0.08302252499999384,False,False,False
dense_1_free_02_v1.0_h0.2,dense_1_free_02,7.1000000000000005,1.0,0.2,binary_combined,2,False,False,True,0,,5.3999997362552676e-05,0.00012699999274445872,7.900000298377563e-05,63.022291999999425,0.08302255199999252,False,False,False
dense_1_free_02_v1.0_h0.3,dense_1_free_02,7.1000000000000005,1.0,0.3,binary_full,0,False,False,True,0,,0.00012099999935344385,0.0001549999950611891,0.0001239999960489513,63.022291999999425,0.08302269199998989,False,False,False
dense_1_free_02_v1.0_h0.3,dense_1_free_02,7.1000000000000005,1.0,0.3,binary_combined,1,False,False,True,0,,5.699999405806011e-05,0.0001239999960489513,7.60000062882682e-05,63.022291999999425,0.08302254899999582,False,False,False
dense_1_free_02_v1.0_h0.3,dense_1_free_02,7.1000000000000005,1.0,0.3,json_combined,2,False,False,True,0,,9.200000761211413e-05,0.00016199999208765803,7.700000992372225e-05,63.022291999999425,0.08302262300000905,False,False,False
dense_1_free_02_v1.0_h0.4,dense_1_free_02,7.1000000000000005,1.0,0.4,binary_combined,0,False,False,True,0,,0.00011600000959788304,0.00013999999737279722,7.900000298377563e-05,63.022291999999425,0.08302262700000938,False,False,False
dense_1_free_02_v1.0_h0.4,dense_1_free_02,7.1000000000000005,1.0,0.4,json_combined,1,False,False,True,0,,5.3999997362552676e-05,0.0001630000099339668,7.39999990173601e-05,63.022291999999425,0.08302258300000574,False,False,False
dense_1_free_02_v1.0_h0.4,dense_1_free_02,7.1000000000000005,1.0,0.4,binary_full,2,False,False,True,0,,6.499999471998308e-05,0.00013599999704183574,7.499998844195943e-05,63.022291999999425,0.08302256799997963,False,False,False
dense_1_free_03_v0.0_h0.2,dense_1_free_03,7.15,0.0,0.2,json_combined,0,False,False,True,0,,0.00018900000497978908,0.0006030000037071659,0.00016600000662947423,50.73404699999884,0.07073500500001416,False,False,False
dense_1_free_03_v0.0_h0.2,dense_1_free_03,7.15,0.0,0.2,binary_full,1,False,False,True,0,,9.000000034120603e-05,0.00025600000697068026,0.00010400000860499858,50.73404699999884,0.07073449700001476,False,False,False
dense_1_free_03_v0.0_h0.2,dense_1_free_03,7.15,0.0,0.2,binary_combined,2,False,False,True,0,,5.2999993727098627e-05,0.00017700000398690463,8.099999604382901e-05,50.73404699999884,0.0707343579999926,False,False,False
dense_1_free_03_v0.0_h0.3,dense_1_free_03,7.15,0.0,0.3,binary_full,0,False,False,True,0,,9.699999736767495e-05,0.00016500000299402018,0.00011399998811612022,50.73404699999884,0.07073442299998732,False,False,False
dense_1_free_03_v0.0_h0.3,dense_1_free_03,7.15,0.0,0.3,binary_combined,1,False,False,True,0,,5.7000008268914826e-05,0.0001199999957179898,7.60000062882682e-05,50.73404699999884,0.07073430000000912,False,False,False
dense_1_free_03_v0.0_h0.3,dense_1_free_03,7.15,0.0,0.3,json_combined,2,False,False,True,0,,5.400001157340739e-05,0.0001439999977037587,7.60000062882682e-05,50.73404699999884,0.07073432100001441,False,False,False
dense_1_free_03_v0.0_h0.4,dense_1_free_03,7.15,0.0,0.4,binary_combined,0,False,False,True,0,,7.300000959276076e-05,0.00015099999473022763,0.00011800000265793642,50.73404699999884,0.07073438900000582,False,False,False
dense_1_free_03_v0.0_h0.4,dense_1_free_03,7.15,0.0,0.4,json_combined,1,False,False,True,0,,6.30000016599297e-05,0.00013800000431274384,7.299999538190605e-05,50.73404699999884,0.0707343210000002,False,False,False
dense_1_free_03_v0.0_h0.4,dense_1_free_03,7.15,0.0,0.4,binary_full,2,False,False,True,0,,5.300000793795334e-05,0.00013000000365082087,8.49999963747905e-05,50.73404699999884,0.0707343150000068,False,False,False
dense_1_free_03_v0.5_h0.2,dense_1_free_03,7.15,0.5,0.2,json_combined,0,False,False,True,0,,9.8000001003129e-05,0.00015400000563658978,0.00010300000496954453,50.73404699999884,0.07073440200001045,False,False,False
dense_1_free_03_v0.5_h0.2,dense_1_free_03,7.15,0.5,0.2,binary_full,1,False,False,True,0,,5.400001157340739e-05,0.00014900000167017424,7.900000298377563e-05,50.73404699999884,0.07073432900001507,False,False,False
dense_1_free_03_v0.5_h0.2,dense_1_free_03,7.15,0.5,0.2,binary_combined,2,False,False,True,0,,5.400001157340739e-05,0.0001460000049746668,7.500000265281415e-05,50.73404699999884,0.07073432200001804,False,False,False
dense_1_free_03_v0.5_h0.3,dense_1_free_03,7.15,0.5,0.3,binary_full,0,False,False,True,0,,8.100001025468373e-05,0.00012900000001536682,7.799999934832158e-05,50.73404699999884,0.07073433500000846,False,False,False
dense_1_free_03_v0.5_h0.3,dense_1_free_03,7.15,0.5,0.3,binary_combined,1,False,False,True,0,,5.3999997362552676e-05,0.00011899999208253575,7.500000265281415e-05,50.73404699999884,0.07073429499999094,False,False,False
dense_1_free_03_v0.5_h0.3,dense_1_free_03,7.15,0.5,0.3,json_combined,2,False,False,True,0,,7.60000062882682e-05,0.00014100000100825127,7.39999990173601e-05,50.73404699999884,0.07073433800000516,False,False,False
dense_1_free_03_v0.5_h0.4,dense_1_free_03,7.15,0.5,0.4,binary_combined,0,False,False,True,0,,7.900000298377563e-05,0.00018900000497978908,9.500000430762157e-05,50.73404699999884,0.07073441000001111,False,False,False
dense_1_free_03_v0.5_h0.4,dense_1_free_03,7.15,0.5,0.4,json_combined,1,False,False,True,0,,5.300000793795334e-05,0.00014100000100825127,7.39999990173601e-05,50.73404699999884,0.0707343150000068,False,False,False
dense_1_free_03_v0.5_h0.4,dense_1_free_03,7.15,0.5,0.4,binary_full,2,False,False,True,0,,7.100000232185266e-05,0.00011000000199601345,7.500000265281415e-05,50.73404699999884,0.07073430300000581,False,False,False
dense_1_free_03_v1.0_h0.2,dense_1_free_03,7.15,1.0,0.2,json_combined,0,False,False,True,0,,9.59999937322209e-05,0.00014300000827915937,8.000000661922968e-05,50.73404699999884,0.07073436600000747,False,False,False
dense_1_free_03_v1.0_h0.2,dense_1_free_03,7.15,1.0,0.2,binary_full,1,False,False,True,0,,5.2999993727098627e-05,0.00013599999704183574,7.60000062882682e-05,50.73404699999884,0.0707343119999959,False,False,False
dense_1_free_03_v1.0_h0.2,dense_1_free_03,7.15,1.0,0.2,binary_combined,2,False,False,True,0,,5.499998678715201e-05,0.00013199999671087426,7.900000298377563e-05,50.73404699999884,0.07073431299998532,False,False,False
dense_1_free_03_v1.0_h0.3,dense_1_free_03,7.15,1.0,0.3,binary_full,0,False,False,True,0,,0.00014999999109477358,0.00017300000365594315,9.699999736767495e-05,50.73404699999884,0.07073446699999096,False,False,False
dense_1_free_03_v1.0_h0.3,dense_1_free_03,7.15,1.0,0.3,binary_combined,1,False,False,True,0,,5.9999990753567545e-05,0.000124000010259806,0.00010200000133409048,50.73404699999884,0.07073433300000119,False,False,False
dense_1_free_03_v1.0_h0.3,dense_1_free_03,7.15,1.0,0.3,json_combined,2,False,False,True,0,,5.3999997362552676e-05,0.00013599999704183574,7.500000265281415e-05,50.73404699999884,0.0707343119999959,False,False,False
dense_1_free_03_v1.0_h0.4,dense_1_free_03,7.15,1.0,0.4,binary_combined,0,False,False,True,0,,0.00010099999769863643,0.00016499998878316546,8.099999604382901e-05,50.73404699999884,0.07073439399998137,False,False,False
dense_1_free_03_v1.0_h0.4,dense_1_free_03,7.15,1.0,0.4,json_combined,1,False,False,True,0,,5.7000008268914826e-05,0.0001370000006772898,7.799999934832158e-05,50.73404699999884,0.07073431900000714,False,False,False
dense_1_free_03_v1.0_h0.4,dense_1_free_03,7.15,1.0,0.4,binary_full,2,False,False,True,0,,5.2999993727098627e-05,0.00011199999505606684,7.39999990173601e-05,50.73404699999884,0.07073428599998664,False,False,False
dense_1_free_04_v0.0_h0.2,dense_1_free_04,7.2,0.0,0.2,json_combined,0,False,False,True,0,,0.00017099999638503505,0.0006109999901582341,0.00017300000365594315,53.305349999995144,0.07330630499998535,False,False,False
dense_1_free_04_v0.0_h0.2,dense_1_free_04,7.2,0.0,0.2,binary_full,1,False,False,True,0,,8.800000728115265e-05,0.000276999998050087,0.00010399999439414387,53.305349999995144,0.07330581899999487,False,False,False
dense_1_free_04_v0.0_h0.2,dense_1_free_04,7.2,0.0,0.2,binary_combined,2,False,False,True,0,,7.999999240837496e-05,0.0001330000003463283,0.0001089999983605594,53.305349999995144,0.07330567199998626,False,False,False
dense_1_free_04_v0.0_h0.3,dense_1_free_04,7.2,0.0,0.3,binary_full,0,False,False,True,0,,7.999999240837496e-05,0.00014500000133921276,0.00011400000232697494,53.305349999995144,0.07330568899999122,False,False,False
dense_1_free_04_v0.0_h0.3,dense_1_free_04,7.2,0.0,0.3,binary_combined,1,False,False,True,0,,6.30000016599297e-05,0.0001260000033198594,7.900000298377563e-05,53.305349999995144,0.07330561800000311,False,False,False
dense_1_free_04_v0.0_h0.3,dense_1_free_04,7.2,0.0,0.3,json_combined,2,False,False,True,0,,5.300000793795334e-05,0.00013400000398178236,9.400000067216752e-05,53.305349999995144,0.07330563100000774,False,False,False
dense_1_free_04_v0.0_h0.4,dense_1_free_04,7.2,0.0,0.4,binary_combined,0,False,False,True,0,,9.600000794307562e-05,0.00015099999473022763,0.00010799999472510535,53.305349999995144,0.07330570499999255,False,False,False
dense_1_free_04_v0.0_h0.4,dense_1_free_04,7.2,0.0,0.4,json_combined,1,False,False,True,0,,5.5000000998006726e-05,0.00013899999373734317,7.39999990173601e-05,53.305349999995144,0.0733056179999889,False,False,False
dense_1_free_04_v0.0_h0.4,dense_1_free_04,7.2,0.0,0.4,binary_full,2,False,False,True,0,,5.300000793795334e-05,0.00015500000927204383,7.599999207741348e-05,53.305349999995144,0.07330563400000444,False,False,False
dense_1_free_04_v0.5_h0.2,dense_1_free_04,7.2,0.5,0.2,json_combined,0,False,False,True,0,,8.70000036456986e-05,0.00016199999208765803,8.000000661922968e-05,53.305349999995144,0.0733056789999975,False,False,False
dense_1_free_04_v0.5_h0.2,dense_1_free_04,7.2,0.5,0.2,binary_full,1,False,False,True,0,,5.3999997362552676e-05,0.00014699999439926614,0.00010600000166505197,53.305349999995144,0.07330565699998857,False,False,False
dense_1_free_04_v0.5_h0.2,dense_1_free_04,7.2,0.5,0.2,binary_combined,2,False,False,True,0,,5.3999997362552676e-05,0.0001549999950611891,7.999999240837496e-05,53.305349999995144,0.07330563899997998,False,False,False
dense_1_free_04_v0.5_h0.3,dense_1_free_04,7.2,0.5,0.3,binary_full,0,False,False,True,0,,0.00010499999802959792,0.00016699999605407356,0.00010300000496954453,53.305349999995144,0.0733057249999942,False,False,False
dense_1_free_04_v0.5_h0.3,dense_1_free_04,7.2,0.5,0.3,binary_combined,1,False,False,True,0,,5.5000000998006726e-05,0.0001280000105907675,8.000000661922968e-05,53.305349999995144,0.07330561300001336,False,False,False
dense_1_free_04_v0.5_h0.3,dense_1_free_04,7.2,0.5,0.3,json_combined,2,False,False,True,0,,8.199999967928306e-05,0.0001370000006772898,7.900000298377563e-05,53.305349999995144,0.07330564799999849,False,False,False
dense_1_free_04_v0.5_h0.4,dense_1_free_04,7.2,0.5,0.4,binary_combined,0,False,False,True,0,,7.799999934832158e-05,0.000124000010259806,9.200000761211413e-05,53.305349999995144,0.07330564400001237,False,False,False
dense_1_free_04_v0.5_h0.4,dense_1_free_04,7.2,0.5,0.4,json_combined,1,False,False,True,0,,5.200000430249929e-05,0.00016500000299402018,7.60000062882682e-05,53.305349999995144,0.07330564300000873,False,False,False
dense_1_free_04_v0.5_h0.4,dense_1_free_04,7.2,0.5,0.4,binary_full,2,False,False,True,0,,5.599999042260606e-05,0.00011900000629339047,7.299999538190605e-05,53.305349999995144,0.07330559799998725,False,False,False
dense_1_free_04_v1.0_h0.2,dense_1_free_04,7.2,1.0,0.2,json_combined,0,False,False,True,0,,5.799999769351416e-05,0.0002219999970520803,7.60000062882682e-05,53.305349999995144,0.07330570599999618,False,False,False
dense_1_free_04_v1.0_h0.2,dense_1_free_04,7.2,1.0,0.2,binary_full,1,False,False,True,0,,6.50000089308378e-05,0.00012900000001536682,7.39999990173601e-05,53.305349999995144,0.07330561800000311,False,False,False
dense_1_free_04_v1.0_h0.2,dense_1_free_04,7.2,1.0,0.2,binary_combined,2,False,False,True,0,,5.3999997362552676e-05,0.00010099999769863643,7.799999934832158e-05,53.305349999995144,0.07330558299998956,False,False,False
dense_1_free_04_v1.0_h0.3,dense_1_free_04,7.2,1.0,0.3,binary_full,0,False,False,True,0,,6.100000859987631e-05,0.00017600000035145058,0.00010200000133409048,53.305349999995144,0.07330568900000543,False,False,False
dense_1_free_04_v1.0_h0.3,dense_1_free_04,7.2,1.0,0.3,binary_combined,1,False,False,True,0,,5.3999997362552676e-05,0.0001350000076172364,7.900000298377563e-05,53.305349999995144,0.07330561800000311,False,False,False
dense_1_free_04_v1.0_h0.3,dense_1_free_04,7.2,1.0,0.3,json_combined,2,False,False,True,0,,5.3999997362552676e-05,0.00014400001191461342,7.799999934832158e-05,53.305349999995144,0.07330562600000377,False,False,False
dense_1_free_04_v1.0_h0.4,dense_1_free_04,7.2,1.0,0.4,binary_combined,0,False,False,True,0,,8.600000001024455e-05,0.00015099999473022763,0.00010200000133409048,53.305349999995144,0.07330568899999122,False,False,False
dense_1_free_04_v1.0_h0.4,dense_1_free_04,7.2,1.0,0.4,json_combined,1,False,False,True,0,,5.400001157340739e-05,0.00015599999869664316,8.49999963747905e-05,53.305349999995144,0.07330564500000179,False,False,False
dense_1_free_04_v1.0_h0.4,dense_1_free_04,7.2,1.0,0.4,binary_full,2,False,False,True,0,,5.6000004633460776e-05,0.0001260000033198594,8.199999967928306e-05,53.305349999995144,0.07330561400000278,False,False,False
dense_1_free_05_v0.0_h0.2,dense_1_free_05,7.25,0.0,0.2,json_combined,0,False,False,True,0,,0.0001809999901070114,0.0006110000043690889,0.00014900000167017424,73.45538299999532,0.09345632399999147,False,False,False
dense_1_free_05_v0.0_h0.2,dense_1_free_05,7.25,0.0,0.2,binary_full,1,False,False,True,0,,7.39999990173601e-05,0.00025199999242886406,0.00011599999538702832,73.45538299999532,0.09345582499998216,False,False,False
dense_1_free_05_v0.0_h0.2,dense_1_free_05,7.25,0.0,0.2,binary_combined,2,False,False,True,0,,7.100000232185266e-05,0.00013000000365082087,9.199999340125942e-05,73.45538299999532,0.0934556759999947,False,False,False
dense_1_free_05_v0.0_h0.3,dense_1_free_05,7.25,0.0,0.3,binary_full,0,False,False,True,0,,8.099999604382901e-05,0.00015999999902760464,0.00014699999439926614,73.45538299999532,0.0934557709999848,False,False,False
dense_1_free_05_v0.0_h0.3,dense_1_free_05,7.25,0.0,0.3,binary_combined,1,False,False,True,0,,6.400000529538374e-05,0.00011299999869152089,7.799999934832158e-05,73.45538299999532,0.09345563799999866,False,False,False
dense_1_free_05_v0.0_h0.3,dense_1_free_05,7.25,0.0,0.3,json_combined,2,False,False,True,0,,5.3999997362552676e-05,0.00015999999902760464,7.39999990173601e-05,73.45538299999532,0.09345567099999073,False,False,False
dense_1_free_05_v0.0_h0.4,dense_1_free_05,7.25,0.0,0.4,binary_combined,0,False,False,True,0,,0.00010099999769863643,0.00016699999605407356,9.59999937322209e-05,73.45538299999532,0.09345574699998281,False,False,False
dense_1_free_05_v0.0_h0.4,dense_1_free_05,7.25,0.0,0.4,json_combined,1,False,False,True,0,,5.3999997362552676e-05,0.0001459999907638121,7.599999207741348e-05,73.45538299999532,0.09345565899997553,False,False,False
dense_1_free_05_v0.0_h0.4,dense_1_free_05,7.25,0.0,0.4,binary_full,2,False,False,True,0,,6.000000496442226e-05,0.00014500000133921276,7.900000298377563e-05,73.45538299999532,0.09345566700000461,False,False,False
dense_1_free_05_v0.5_h0.2,dense_1_free_05,7.25,0.5,0.2,json_combined,0,False,False,True,0,,8.800000728115265e-05,0.00016399999935856613,8.100001025468373e-05,73.45538299999532,0.09345571600001222,False,False,False
dense_1_free_05_v0.5_h0.2,dense_1_free_05,7.25,0.5,0.2,binary_full,1,False,False,True,0,,7.100000232185266e-05,0.00013800000431274384,9.499999009676685e-05,73.45538299999532,0.09345568699999206,False,False,False
dense_1_free_05_v0.5_h0.2,dense_1_free_05,7.25,0.5,0.2,binary_combined,2,False,False,True,0,,6.30000016599297e-05,0.00010500001224045263,7.499998844195943e-05,73.45538299999532,0.09345562599999767,False,False,False
dense_1_free_05_v0.5_h0.3,dense_1_free_05,7.25,0.5,0.3,binary_full,0,False,False,True,0,,0.0001370000006772898,0.00012900000001536682,0.00010099999769863643,73.45538299999532,0.09345574999999372,False,False,False
dense_1_free_05_v0.5_h0.3,dense_1_free_05,7.25,0.5,0.3,binary_combined,1,False,False,True,0,,5.799999769351416e-05,0.00013100000728627492,8.300000331473711e-05,73.45538299999532,0.09345565500000362,False,False,False
dense_1_free_05_v0.5_h0.3,dense_1_free_05,7.25,0.5,0.3,json_combined,2,False,False,True,0,,5.200000430249929e-05,0.00015599999869664316,8.099999604382901e-05,73.45538299999532,0.09345567199999437,False,False,False
dense_1_free_05_v0.5_h0.4,dense_1_free_05,7.25,0.5,0.4,binary_combined,0,False,False,True,0,,0.00013999999737279722,0.00030399999673136335,0.00014699999439926614,73.45538299999532,0.09345597399998383,False,False,False
dense_1_free_05_v0.5_h0.4,dense_1_free_05,7.25,0.5,0.4,json_combined,1,False,False,True,0,,7.700000992372225e-05,0.00018900000497978908,9.000000034120603e-05,73.45538299999532,0.09345573900001057,False,False,False
dense_1_free_05_v0.5_h0.4,dense_1_free_05,7.25,0.5,0.4,binary_full,2,False,False,True,0,,4.999999703159119e-05,0.00015099999473022763,7.500000265281415e-05,73.45538299999532,0.09345565899998974,False,False,False
dense_1_free_05_v1.0_h0.2,dense_1_free_05,7.25,1.0,0.2,json_combined,0,False,False,True,0,,0.00013999999737279722,0.00016299999572311208,8.199999967928306e-05,73.45538299999532,0.0934557679999881,False,False,False
dense_1_free_05_v1.0_h0.2,dense_1_free_05,7.25,1.0,0.2,binary_full,1,False,False,True,0,,5.9999990753567545e-05,0.00013000000365082087,8.100001025468373e-05,73.45538299999532,0.09345565399999999,False,False,False
dense_1_free_05_v1.0_h0.2,dense_1_free_05,7.25,1.0,0.2,binary_combined,2,False,False,True,0,,6.000000496442226e-05,0.00011199999505606684,7.299999538190605e-05,73.45538299999532,0.09345562799999073,False,False,False
dense_1_free_05_v1.0_h0.3,dense_1_free_05,7.25,1.0,0.3,binary_full,0,False,False,True,0,,9.300001124756818e-05,0.0001370000006772898,0.0001000000082740371,73.45538299999532,0.09345571300001553,False,False,False
dense_1_free_05_v1.0_h0.3,dense_1_free_05,7.25,1.0,0.3,binary_combined,1,False,False,True,0,,5.100000066704524e-05,0.00013399998977092764,7.300000959276076e-05,73.45538299999532,0.09345564099999536,False,False,False
dense_1_free_05_v1.0_h0.3,dense_1_free_05,7.25,1.0,0.3,json_combined,2,False,False,True,0,,5.300000793795334e-05,0.00012700000695531344,0.00011299999869152089,73.45538299999532,0.09345567600000891,False,False,False
dense_1_free_05_v1.0_h0.4,dense_1_free_05,7.25,1.0,0.4,binary_combined,0,False,False,True,0,,9.500000430762157e-05,0.0001199999957179898,0.0001089999983605594,73.45538299999532,0.09345570699999371,False,False,False
dense_1_free_05_v1.0_h0.4,dense_1_free_05,7.25,1.0,0.4,json_combined,1,False,False,True,0,,5.699999405806011e-05,0.0001330000003463283,9.000000034120603e-05,73.45538299999532,0.09345566299999007,False,False,False
dense_1_free_05_v1.0_h0.4,dense_1_free_05,7.25,1.0,0.4,binary_full,2,False,False,True,0,,5.6000004633460776e-05,0.0001089999983605594,7.1999991746452e-05,73.45538299999532,0.09345561999999007,False,False,False
dense_1_free_06_v0.0_h0.2,dense_1_free_06,7.300000000000001,0.0,0.2,json_combined,0,False,False,True,0,,0.00020100000597267353,0.0006239999947865726,0.00019300000531075057,49.695388000003504,0.06969640600000958,False,False,False
dense_1_free_06_v0.0_h0.2,dense_1_free_06,7.300000000000001,0.0,0.2,binary_full,1,False,False,True,0,,9.100000397666008e-05,0.0002609999967262411,0.00010600000166505197,49.695388000003504,0.06969584600000588,False,False,False
dense_1_free_06_v0.0_h0.2,dense_1_free_06,7.300000000000001,0.0,0.2,binary_combined,2,False,False,True,0,,7.200000595730671e-05,0.00015100000894108234,9.999999406318238e-05,49.695388000003504,0.06969571100001247,False,False,False
dense_1_free_06_v0.0_h0.3,dense_1_free_06,7.300000000000001,0.0,0.3,binary_full,0,False,False,True,0,,7.799999934832158e-05,0.00017899999704695801,9.000000034120603e-05,49.695388000003504,0.06969573500000024,False,False,False
dense_1_free_06_v0.0_h0.3,dense_1_free_06,7.300000000000001,0.0,0.3,binary_combined,1,False,False,True,0,,5.900000132896821e-05,0.00012299999241349724,7.39999990173601e-05,49.695388000003504,0.06969564399999627,False,False,False
dense_1_free_06_v0.0_h0.3,dense_1_free_06,7.300000000000001,0.0,0.3,json_combined,2,False,False,True,0,,5.200000430249929e-05,0.0001610000026630587,7.500000265281415e-05,49.695388000003504,0.06969567600001313,False,False,False
dense_1_free_06_v0.0_h0.4,dense_1_free_06,7.300000000000001,0.0,0.4,binary_combined,0,False,False,True,0,,9.8000001003129e-05,0.00015100000894108234,9.000000034120603e-05,49.695388000003504,0.0696957270000138,False,False,False
dense_1_free_06_v0.0_h0.4,dense_1_free_06,7.300000000000001,0.0,0.4,json_combined,1,False,False,True,0,,6.400000529538374e-05,0.0001720000000204891,7.999999240837496e-05,49.695388000003504,0.06969570400000123,False,False,False
dense_1_free_06_v0.0_h0.4,dense_1_free_06,7.300000000000001,0.0,0.4,binary_full,2,False,False,True,0,,5.3999997362552676e-05,0.0001590000096030053,0.00010900001257141412,49.695388000003504,0.06969571000002305,False,False,False
dense_1_free_06_v0.5_h0.2,dense_1_free_06,7.300000000000001,0.5,0.2,json_combined,0,False,False,True,0,,9.8000001003129e-05,0.00016499998878316546,7.999999240837496e-05,49.695388000003504,0.0696957309999857,False,False,False
dense_1_free_06_v0.5_h0.2,dense_1_free_06,7.300000000000001,0.5,0.2,binary_full,1,False,False,True,0,,5.5000000998006726e-05,0.0001590000096030053,7.799999934832158e-05,49.695388000003504,0.06969568000001346,False,False,False
dense_1_free_06_v0.5_h0.2,dense_1_free_06,7.300000000000001,0.5,0.2,binary_combined,2,False,False,True,0,,5.5000000998006726e-05,0.00010300000496954453,0.00010099999769863643,49.695388000003504,0.06969564700000717,False,False,False
dense_1_free_06_v0.5_h0.3,dense_1_free_06,7.300000000000001,0.5,0.3,binary_full,0,False,False,True,0,,5.3999997362552676e-05,0.00013399998977092764,8.400000695019116e-05,49.695388000003504,0.06969565999999759,False,False,False
dense_1_free_06_v0.5_h0.3,dense_1_free_06,7.300000000000001,0.5,0.3,binary_combined,1,False,False,True,0,,5.5000000998006726e-05,0.00012799999637991277,0.00011599999538702832,49.695388000003504,0.06969568699999627,False,False,False
dense_1_free_06_v0.5_h0.3,dense_1_free_06,7.300000000000001,0.5,0.3,json_combined,2,False,False,True,0,,5.2999993727098627e-05,0.00013600001125269046,7.700000992372225e-05,49.695388000003504,0.06969565400001841,False,False,False
dense_1_free_06_v0.5_h0.4,dense_1_free_06,7.300000000000001,0.5,0.4,binary_combined,0,False,False,True,0,,5.7000008268914826e-05,0.0001659999924186195,7.999999240837496e-05,49.695388000003504,0.0696956909999966,False,False,False
dense_1_free_06_v0.5_h0.4,dense_1_free_06,7.300000000000001,0.5,0.4,json_combined,1,False,False,True,0,,5.699999405806011e-05,0.00014200000464370532,7.999999240837496e-05,49.695388000003504,0.06969566699999462,False,False,False
dense_1_free_06_v0.5_h0.4,dense_1_free_06,7.300000000000001,0.5,0.4,binary_full,2,False,False,True,0,,5.400001157340739e-05,0.00012900000001536682,8.199999967928306e-05,49.695388000003504,0.06969565300001478,False,False,False
dense_1_free_06_v1.0_h0.2,dense_1_free_06,7.300000000000001,1.0,0.2,json_combined,0,False,False,True,0,,8.399999273933645e-05,0.00015300000200113573,9.8000001003129e-05,49.695388000003504,0.06969572299999925,False,False,False
dense_1_free_06_v1.0_h0.2,dense_1_free_06,7.300000000000001,1.0,0.2,binary_full,1,False,False,True,0,,5.6000004633460776e-05,0.00012900000001536682,7.500000265281415e-05,49.695388000003504,0.06969564800001081,False,False,False
dense_1_free_06_v1.0_h0.2,dense_1_free_06,7.300000000000001,1.0,0.2,binary_combined,2,False,False,True,0,,5.5000000998006726e-05,0.00010700000530050602,7.799999934832158e-05,49.695388000003504,0.06969562800000915,False,False,False
dense_1_free_06_v1.0_h0.3,dense_1_free_06,7.300000000000001,1.0,0.3,binary_full,0,False,False,True,0,,8.000000661922968e-05,0.00014100000100825127,7.799999934832158e-05,49.695388000003504,0.06969568700001048,False,False,False
dense_1_free_06_v1.0_h0.3,dense_1_free_06,7.300000000000001,1.0,0.3,binary_combined,1,False,False,True,0,,5.100000066704524e-05,0.00014899998745931953,8.100001025468373e-05,49.695388000003504,0.06969566900000189,False,False,False
dense_1_free_06_v1.0_h0.3,dense_1_free_06,7.300000000000001,1.0,0.3,json_combined,2,False,False,True,0,,5.5000000998006726e-05,0.00015400000563658978,7.799999934832158e-05,49.695388000003504,0.06969567500000949,False,False,False
dense_1_free_06_v1.0_h0.4,dense_1_free_06,7.300000000000001,1.0,0.4,binary_combined,0,False,False,True,0,,0.00026000000730164174,0.0008390000090230387,0.00015599999869664316,49.695388000003504,0.06969664300001853,False,False,False
dense_1_free_06_v1.0_h0.4,dense_1_free_06,7.300000000000001,1.0,0.4,json_combined,1,False,False,True,0,,8.800000728115265e-05,0.00024900000994421134,8.600000001024455e-05,49.695388000003504,0.06969581100002074,False,False,False
dense_1_free_06_v1.0_h0.4,dense_1_free_06,7.300000000000001,1.0,0.4,binary_full,2,False,False,True,0,,6.599999835543713e-05,0.00012299999241349724,7.500000265281415e-05,49.695388000003504,0.06969565199999693,False,False,False
dense_1_free_07_v0.0_h0.2,dense_1_free_07,7.3500000000000005,0.0,0.2,json_combined,0,False,False,True,0,,0.0002329999944095107,0.0007070000123121645,0.00018000000068241206,45.67144500000353,0.06567256500001094,False,False,False
dense_1_free_07_v0.0_h0.2,dense_1_free_07,7.3500000000000005,0.0,0.2,binary_full,1,False,False,True,0,,0.00010299999075868982,0.0003159999977242478,0.0001220000029888979,45.67144500000353,0.065671985999995,False,False,False
dense_1_free_07_v0.0_h0.2,dense_1_free_07,7.3500000000000005,0.0,0.2,binary_combined,2,False,False,True,0,,0.0001089999983605594,0.00021500000002561137,9.59999937322209e-05,45.67144500000353,0.06567186499999565,False,False,False
dense_1_free_07_v0.0_h0.3,dense_1_free_07,7.3500000000000005,0.0,0.3,binary_full,0,False,False,True,0,,8.600000001024455e-05,0.00020100000597267353,0.00010399999439414387,45.67144500000353,0.06567183600000391,False,False,False
dense_1_free_07_v0.0_h0.3,dense_1_free_07,7.3500000000000005,0.0,0.3,binary_combined,1,False,False,True,0,,5.200000430249929e-05,0.00013800000431274384,8.49999963747905e-05,45.67144500000353,0.06567172000000852,False,False,False
dense_1_free_07_v0.0_h0.3,dense_1_free_07,7.3500000000000005,0.0,0.3,json_combined,2,False,False,True,0,,5.199999009164458e-05,0.00018699999770888098,7.200000595730671e-05,45.67144500000353,0.06567175599999729,False,False,False
dense_1_free_07_v0.0_h0.4,dense_1_free_07,7.3500000000000005,0.0,0.4,binary_combined,0,False,False,True,0,,0.00015300000200113573,0.00018200000795332016,9.000000034120603e-05,45.67144500000353,0.06567187000001383,False,False,False
dense_1_free_07_v0.0_h0.4,dense_1_free_07,7.3500000000000005,0.0,0.4,json_combined,1,False,False,True,0,,5.200000430249929e-05,0.00014700000861012086,7.60000062882682e-05,45.67144500000353,0.06567172000002273,False,False,False
dense_1_free_07_v0.0_h0.4,dense_1_free_07,7.3500000000000005,0.0,0.4,binary_full,2,False,False,True,0,,5.200000430249929e-05,0.0001500000053056283,7.500000265281415e-05,45.67144500000353,0.0656717220000158,False,False,False
dense_1_free_07_v0.5_h0.2,dense_1_free_07,7.3500000000000005,0.5,0.2,json_combined,0,False,False,True,0,,9.400000067216752e-05,0.00019200000167529652,8.000000661922968e-05,45.67144500000353,0.0656718110000125,False,False,False
dense_1_free_07_v0.5_h0.2,dense_1_free_07,7.3500000000000005,0.5,0.2,binary_full,1,False,False,True,0,,5.3999997362552676e-05,0.00012900000001536682,7.60000062882682e-05,45.67144500000353,0.0656717040000072,False,False,False
dense_1_free_07_v0.5_h0.2,dense_1_free_07,7.3500000000000005,0.5,0.2,binary_combined,2,False,False,True,0,,5.5000000998006726e-05,0.00010499999802959792,7.500000265281415e-05,45.67144500000353,0.06567168000000521,False,False,False
dense_1_free_07_v0.5_h0.3,dense_1_free_07,7.3500000000000005,0.5,0.3,binary_full,0,False,False,True,0,,9.199999340125942e-05,0.000169999992749581,9.8000001003129e-05,45.67144500000353,0.06567180499999069,False,False,False
dense_1_free_07_v0.5_h0.3,dense_1_free_07,7.3500000000000005,0.5,0.3,binary_combined,1,False,False,True,0,,5.6000004633460776e-05,0.00013599999704183574,7.500000265281415e-05,45.67144500000353,0.06567171200000786,False,False,False
dense_1_free_07_v0.5_h0.3,dense_1_free_07,7.3500000000000005,0.5,0.3,json_combined,2,False,False,True,0,,5.300000793795334e-05,0.00015999999902760464,7.999999240837496e-05,45.67144500000353,0.06567173800000291,False,False,False
dense_1_free_07_v0.5_h0.4,dense_1_free_07,7.3500000000000005,0.5,0.4,binary_combined,0,False,False,True,0,,0.00010499999802959792,0.00016200000629851274,8.100001025468373e-05,45.67144500000353,0.06567179300001812,False,False,False
dense_1_free_07_v0.5_h0.4,dense_1_free_07,7.3500000000000005,0.5,0.4,json_combined,1,False,False,True,0,,6.199999802447564e-05,0.00013999999737279722,8.099999604382901e-05,45.67144500000353,0.06567172799999497,False,False,False
dense_1_free_07_v0.5_h0.4,dense_1_free_07,7.3500000000000005,0.5,0.4,binary_full,2,False,False,True,0,,5.300000793795334e-05,0.00012900000001536682,8.000000661922968e-05,45.67144500000353,0.0656717070000181,False,False,False
dense_1_free_07_v1.0_h0.2,dense_1_free_07,7.3500000000000005,1.0,0.2,json_combined,0,False,False,True,0,,9.699999736767495e-05,0.00015100000894108234,7.900000298377563e-05,45.67144500000353,0.06567177200001283,False,False,False
dense_1_free_07_v1.0_h0.2,dense_1_free_07,7.3500000000000005,1.0,0.2,binary_full,1,False,False,True,0,,5.3999997362552676e-05,0.00014200000464370532,0.00011699999902248237,45.67144500000353,0.06567175800000456,False,False,False
dense_1_free_07_v1.0_h0.2,dense_1_free_07,7.3500000000000005,1.0,0.2,binary_combined,2,False,False,True,0,,5.3999997362552676e-05,0.0001239999960489513,7.999999240837496e-05,45.67144500000353,0.06567170299998935,False,False,False
dense_1_free_07_v1.0_h0.3,dense_1_free_07,7.3500000000000005,1.0,0.3,binary_full,0,False,False,True,0,,7.999999240837496e-05,0.00018799998713348032,7.999999240837496e-05,45.67144500000353,0.06567179299997548,False,False,False
dense_1_free_07_v1.0_h0.3,dense_1_free_07,7.3500000000000005,1.0,0.3,binary_combined,1,False,False,True,0,,5.2999993727098627e-05,0.00012900000001536682,7.699999571286753e-05,45.67144500000353,0.06567170399999299,False,False,False
dense_1_free_07_v1.0_h0.3,dense_1_free_07,7.3500000000000005,1.0,0.3,json_combined,2,False,False,True,0,,5.100000066704524e-05,0.0001370000006772898,7.599999207741348e-05,45.67144500000353,0.06567170899999696,False,False,False
dense_1_free_07_v1.0_h0.4,dense_1_free_07,7.3500000000000005,1.0,0.4,binary_combined,0,False,False,True,0,,9.699999736767495e-05,0.00013199999671087426,0.00010200000133409048,45.67144500000353,0.06567177599999895,False,False,False
dense_1_free_07_v1.0_h0.4,dense_1_free_07,7.3500000000000005,1.0,0.4,json_combined,1,False,False,True,0,,5.699999405806011e-05,0.00013999999737279722,8.000000661922968e-05,45.67144500000353,0.06567172200000158,False,False,False
dense_1_free_07_v1.0_h0.4,dense_1_free_07,7.3500000000000005,1.0,0.4,binary_full,2,False,False,True,0,,5.100000066704524e-05,0.00012300000662435195,7.799999934832158e-05,45.67144500000353,0.06567169700001017,False,False,False
dense_1_free_08_v0.0_h0.2,dense_1_free_08,7.4,0.0,0.2,json_combined,0,False,False,True,0,,0.00016200000629851274,0.0006190000050310118,0.00014999999109477358,54.78008199999351,0.07478101299999594,False,False,False
dense_1_free_08_v0.0_h0.2,dense_1_free_08,7.4,0.0,0.2,binary_full,1,False,False,True,0,,9.400000067216752e-05,0.0002510000030042647,8.49999963747905e-05,54.78008199999351,0.07478051199999357,False,False,False
dense_1_free_08_v0.0_h0.2,dense_1_free_08,7.4,0.0,0.2,binary_combined,2,False,False,True,0,,7.100000232185266e-05,0.0001589999953921506,8.300000331473711e-05,54.78008199999351,0.07478039499999455,False,False,False
dense_1_free_08_v0.0_h0.3,dense_1_free_08,7.4,0.0,0.3,binary_full,0,False,False,True,0,,9.999999406318238e-05,0.000196000002006258,0.00010700000530050602,54.78008199999351,0.07478048499999489,False,False,False
dense_1_free_08_v0.0_h0.3,dense_1_free_08,7.4,0.0,0.3,binary_combined,1,False,False,True,0,,5.900000132896821e-05,0.00016299999572311208,8.500001058564521e-05,54.78008199999351,0.07478038900000115,False,False,False
dense_1_free_08_v0.0_h0.3,dense_1_free_08,7.4,0.0,0.3,json_combined,2,False,False,True,0,,5.799999769351416e-05,0.00018900000497978908,8.000000661922968e-05,54.78008199999351,0.07478040900000281,False,False,False
dense_1_free_08_v0.0_h0.4,dense_1_free_08,7.4,0.0,0.4,binary_combined,0,False,False,True,0,,0.00011199999505606684,0.00017300000365594315,0.00010600000166505197,54.78008199999351,0.0747804729999939,False,False,False
dense_1_free_08_v0.0_h0.4,dense_1_free_08,7.4,0.0,0.4,json_combined,1,False,False,True,0,,6.30000016599297e-05,0.0001479999980347202,8.899999670575198e-05,54.78008199999351,0.07478038199998992,False,False,False
dense_1_free_08_v0.0_h0.4,dense_1_free_08,7.4,0.0,0.4,binary_full,2,False,False,True,0,,5.7000008268914826e-05,0.0001439999977037587,8.800000728115265e-05,54.78008199999351,0.07478037100000677,False,False,False
dense_1_free_08_v0.5_h0.2,dense_1_free_08,7.4,0.5,0.2,json_combined,0,False,False,True,0,,0.00012100001356429857,0.00016600000662947423,0.00011199999505606684,54.78008199999351,0.07478048100000877,False,False,False
dense_1_free_08_v0.5_h0.2,dense_1_free_08,7.4,0.5,0.2,binary_full,1,False,False,True,0,,6.800000562634523e-05,0.00015300000200113573,8.800000728115265e-05,54.78008199999351,0.07478039100000843,False,False,False
dense_1_free_08_v0.5_h0.2,dense_1_free_08,7.4,0.5,0.2,binary_combined,2,False,False,True,0,,5.9999990753567545e-05,0.00014699999439926614,8.399999273933645e-05,54.78008199999351,0.07478037299997141,False,False,False
dense_1_free_08_v0.5_h0.3,dense_1_free_08,7.4,0.5,0.3,binary_full,0,False,False,True,0,,8.600000001024455e-05,0.00015199999836568168,0.0001110000056314675,54.78008199999351,0.07478043099999752,False,False,False
dense_1_free_08_v0.5_h0.3,dense_1_free_08,7.4,0.5,0.3,binary_combined,1,False,False,True,0,,6.000000496442226e-05,0.00016399999935856613,7.999999240837496e-05,54.78008199999351,0.07478038599999025,False,False,False
dense_1_free_08_v0.5_h0.3,dense_1_free_08,7.4,0.5,0.3,json_combined,2,False,False,True,0,,5.900000132896821e-05,0.0001460000049746668,8.000000661922968e-05,54.78008199999351,0.07478036700000644,False,False,False
dense_1_free_08_v0.5_h0.4,dense_1_free_08,7.4,0.5,0.4,binary_combined,0,False,False,True,0,,8.49999963747905e-05,0.00019499999837080395,0.00012699999274445872,54.78008199999351,0.074780488999981,False,False,False
dense_1_free_08_v0.5_h0.4,dense_1_free_08,7.4,0.5,0.4,json_combined,1,False,False,True,0,,5.8000011904368876e-05,0.00015099999473022763,8.300000331473711e-05,54.78008199999351,0.07478037400000347,False,False,False
dense_1_free_08_v0.5_h0.4,dense_1_free_08,7.4,0.5,0.4,binary_full,2,False,False,True,0,,5.699999405806011e-05,0.0001239999960489513,8.300000331473711e-05,54.78008199999351,0.07478034599998694,False,False,False
dense_1_free_08_v1.0_h0.2,dense_1_free_08,7.4,1.0,0.2,json_combined,0,False,False,True,0,,0.00025800000003073364,0.0007910000050515009,0.0001390000079481979,54.78008199999351,0.07478127000000655,False,False,False
dense_1_free_08_v1.0_h0.2,dense_1_free_08,7.4,1.0,0.2,binary_full,1,False,False,True,0,,6.599999835543713e-05,0.0002289999940785492,8.70000036456986e-05,54.78008199999351,0.0747804639999896,False,False,False
dense_1_free_08_v1.0_h0.2,dense_1_free_08,7.4,1.0,0.2,binary_combined,2,False,False,True,0,,6.100000859987631e-05,0.00014699999439926614,7.39999990173601e-05,54.78008199999351,0.07478036399999553,False,False,False
dense_1_free_08_v1.0_h0.3,dense_1_free_08,7.4,1.0,0.3,binary_full,0,False,False,True,0,,0.00017500001092685125,0.00038200001029053965,0.00018000000068241206,54.78008199999351,0.07478081900001542,False,False,False
dense_1_free_08_v1.0_h0.3,dense_1_free_08,7.4,1.0,0.3,binary_combined,1,False,False,True,0,,0.00010100001190949115,0.0002089999924237418,9.299999703671347e-05,54.78008199999351,0.07478048499999489,False,False,False
dense_1_free_08_v1.0_h0.3,dense_1_free_08,7.4,1.0,0.3,json_combined,2,False,False,True,0,,6.800000562634523e-05,0.00024700000267330324,8.500001058564521e-05,54.78008199999351,0.0747804820000124,False,False,False
dense_1_free_08_v1.0_h0.4,dense_1_free_08,7.4,1.0,0.4,binary_combined,0,False,False,True,0,,9.000000034120603e-05,0.00017600000035145058,0.00011400000232697494,54.78008199999351,0.07478046199999654,False,False,False
dense_1_free_08_v1.0_h0.4,dense_1_free_08,7.4,1.0,0.4,json_combined,1,False,False,True,0,,5.699999405806011e-05,0.00014400001191461342,7.60000062882682e-05,54.78008199999351,0.07478035900000578,False,False,False
dense_1_free_08_v1.0_h0.4,dense_1_free_08,7.4,1.0,0.4,binary_full,2,False,False,True,0,,5.200000430249929e-05,0.0001089999983605594,7.300000959276076e-05,54.78008199999351,0.07478031600000577,False,False,False
dense_1_free_09_v0.0_h0.2,dense_1_free_09,7.45,0.0,0.2,json_combined,0,False,False,True,0,,0.00020999999605919584,0.00055299999246472,0.00015199999836568168,48.72237400000046,0.06872328899998735,False,False,False
dense_1_free_09_v0.0_h0.2,dense_1_free_09,7.45,0.0,0.2,binary_full,1,False,False,True,0,,9.000000034120603e-05,0.0002520000066397188,9.699999736767495e-05,48.72237400000046,0.06872281300000481,False,False,False
dense_1_free_09_v0.0_h0.2,dense_1_free_09,7.45,0.0,0.2,binary_combined,2,False,False,True,0,,6.799999141549051e-05,0.00016400001356942084,8.29999891038824e-05,48.72237400000046,0.06872268899999455,False,False,False
dense_1_free_09_v0.0_h0.3,dense_1_free_09,7.45,0.0,0.3,binary_full,0,False,False,True,0,,0.00012000000992884452,0.00020100000597267353,0.00011199999505606684,48.72237400000046,0.06872280700001142,False,False,False
dense_1_free_09_v0.0_h0.3,dense_1_free_09,7.45,0.0,0.3,binary_combined,1,False,False,True,0,,7.200000595730671e-05,0.00011699999902248237,9.100000397666008e-05,48.72237400000046,0.06872265400000942,False,False,False
dense_1_free_09_v0.0_h0.3,dense_1_free_09,7.45,0.0,0.3,json_combined,2,False,False,True,0,,5.300000793795334e-05,0.00017300000365594315,7.499998844195943e-05,48.72237400000046,0.0687226750000005,False,False,False
dense_1_free_09_v0.0_h0.4,dense_1_free_09,7.45,0.0,0.4,binary_combined,0,False,False,True,0,,8.899999670575198e-05,0.00021700000729651947,9.999999406318238e-05,48.72237400000046,0.06872277999999853,False,False,False
dense_1_free_09_v0.0_h0.4,dense_1_free_09,7.45,0.0,0.4,json_combined,1,False,False,True,0,,5.7000008268914826e-05,0.00013800000431274384,8.099999604382901e-05,48.72237400000046,0.06872265000000909,False,False,False
dense_1_free_09_v0.0_h0.4,dense_1_free_09,7.45,0.0,0.4,binary_full,2,False,False,True,0,,5.400001157340739e-05,0.0001479999980347202,7.799999934832158e-05,48.72237400000046,0.06872265400000942,False,False,False
dense_1_free_09_v0.5_h0.2,dense_1_free_09,7.45,0.5,0.2,json_combined,0,False,False,True,0,,6.599999835543713e-05,0.00019499999837080395,8.90000109166067e-05,48.72237400000046,0.0687227240000081,False,False,False
dense_1_free_09_v0.5_h0.2,dense_1_free_09,7.45,0.5,0.2,binary_full,1,False,False,True,0,,5.5000000998006726e-05,0.00011699999902248237,7.60000062882682e-05,48.72237400000046,0.06872262200000677,False,False,False
dense_1_free_09_v0.5_h0.2,dense_1_free_09,7.45,0.5,0.2,binary_combined,2,False,False,True,0,,5.200000430249929e-05,0.00012299999241349724,7.500000265281415e-05,48.72237400000046,0.06872262399999983,False,False,False
dense_1_free_09_v0.5_h0.3,dense_1_free_09,7.45,0.5,0.3,binary_full,0,False,False,True,0,,8.100001025468373e-05,0.00018800000134433503,8.199999967928306e-05,48.72237400000046,0.06872272500001174,False,False,False
dense_1_free_09_v0.5_h0.3,dense_1_free_09,7.45,0.5,0.3,binary_combined,1,False,False,True,0,,5.5000000998006726e-05,0.00014100000100825127,8.300000331473711e-05,48.72237400000046,0.06872265300000578,False,False,False
dense_1_free_09_v0.5_h0.3,dense_1_free_09,7.45,0.5,0.3,json_combined,2,False,False,True,0,,8.49999963747905e-05,0.00017300000365594315,0.0001069999910896513,48.72237400000046,0.06872273899999158,False,False,False
dense_1_free_09_v0.5_h0.4,dense_1_free_09,7.45,0.5,0.4,binary_combined,0,False,False,True,0,,8.600000001024455e-05,0.00013100000728627492,7.899998877292091e-05,48.72237400000046,0.06872266999999653,False,False,False
dense_1_free_09_v0.5_h0.4,dense_1_free_09,7.45,0.5,0.4,json_combined,1,False,False,True,0,,6.299998744907498e-05,0.0001370000006772898,8.199999967928306e-05,48.72237400000046,0.06872265599998827,False,False,False
dense_1_free_09_v0.5_h0.4,dense_1_free_09,7.45,0.5,0.4,binary_full,2,False,False,True,0,,5.5000000998006726e-05,0.0001199999957179898,8.099999604382901e-05,48.72237400000046,0.06872262999999322,False,False,False
dense_1_free_09_v1.0_h0.2,dense_1_free_09,7.45,1.0,0.2,json_combined,0,False,False,True,0,,7.999999240837496e-05,0.00020500000630363502,8.199999967928306e-05,48.72237400000046,0.06872274099999885,False,False,False
dense_1_free_09_v1.0_h0.2,dense_1_free_09,7.45,1.0,0.2,binary_full,1,False,False,True,0,,5.199999009164458e-05,0.0001350000076172364,7.599999207741348e-05,48.72237400000046,0.06872263699999025,False,False,False
dense_1_free_09_v1.0_h0.2,dense_1_free_09,7.45,1.0,0.2,binary_combined,2,False,False,True,0,,5.3999997362552676e-05,0.00010799999472510535,7.500000265281415e-05,48.72237400000046,0.0687226109999952,False,False,False
dense_1_free_09_v1.0_h0.3,dense_1_free_09,7.45,1.0,0.3,binary_full,0,False,False,True,0,,8.800000728115265e-05,0.00013400000398178236,8.399999273933645e-05,48.72237400000046,0.06872268000000446,False,False,False
dense_1_free_09_v1.0_h0.3,dense_1_free_09,7.45,1.0,0.3,binary_combined,1,False,False,True,0,,5.3999997362552676e-05,0.00013000000365082087,8.199999967928306e-05,48.72237400000046,0.06872264000000115,False,False,False
dense_1_free_09_v1.0_h0.3,dense_1_free_09,7.45,1.0,0.3,json_combined,2,False,False,True,0,,5.5000000998006726e-05,0.00014999999109477358,7.599999207741348e-05,48.72237400000046,0.06872265499998463,False,False,False
dense_1_free_09_v1.0_h0.4,dense_1_free_09,7.45,1.0,0.4,binary_combined,0,False,False,True,0,,0.00010099999769863643,0.0001459999907638121,0.00010100001190949115,48.72237400000046,0.06872272200000083,False,False,False
dense_1_free_09_v1.0_h0.4,dense_1_free_09,7.45,1.0,0.4,json_combined,1,False,False,True,0,,5.6000004633460776e-05,0.0001370000006772898,7.999999240837496e-05,48.72237400000046,0.06872264699999818,False,False,False
dense_1_free_09_v1.0_h0.4,dense_1_free_09,7.45,1.0,0.4,binary_full,2,False,False,True,0,,5.3999997362552676e-05,0.00011899999208253575,8.000000661922968e-05,48.72237400000046,0.06872262699999653,False,False,False
dense_1_near_00_v0.0_h0.2,dense_1_near_00,7.5,0.0,0.2,json_combined,0,False,False,True,0,,0.0001720000000204891,0.0006280000093283888,0.00017099999638503505,73.73541000000472,0.09373638100001046,False,False,False
dense_1_near_00_v0.0_h0.2,dense_1_near_00,7.5,0.0,0.2,binary_full,1,False,False,True,0,,0.00010399999439414387,0.00027299999771912553,0.00011699999902248237,73.73541000000472,0.09373590399999586,False,False,False
dense_1_near_00_v0.0_h0.2,dense_1_near_00,7.5,0.0,0.2,binary_combined,2,False,False,True,0,,5.799999769351416e-05,0.0001610000026630587,9.200000761211413e-05,73.73541000000472,0.09373572100001269,False,False,False
dense_1_near_00_v0.0_h0.3,dense_1_near_00,7.5,0.0,0.3,binary_full,0,False,False,True,0,,0.00011900000629339047,0.00024099999507143366,9.699999736767495e-05,73.73541000000472,0.09373586700000346,False,False,False
dense_1_near_00_v0.0_h0.3,dense_1_near_00,7.5,0.0,0.3,binary_combined,1,False,False,True,0,,7.100000232185266e-05,0.00014900000167017424,0.00011900000629339047,73.73541000000472,0.09373574900001501,False,False,False
dense_1_near_00_v0.0_h0.3,dense_1_near_00,7.5,0.0,0.3,json_combined,2,False,False,True,0,,5.900000132896821e-05,0.00016699999605407356,8.199999967928306e-05,73.73541000000472,0.09373571800000179,False,False,False
dense_1_near_00_v0.0_h0.4,dense_1_near_00,7.5,0.0,0.4,binary_combined,0,False,False,True,0,,0.00011500000596242899,0.0002179999967211188,0.00012299999241349724,73.73541000000472,0.09373586599999982,False,False,False
dense_1_near_00_v0.0_h0.4,dense_1_near_00,7.5,0.0,0.4,json_combined,1,False,False,True,0,,5.7000008268914826e-05,0.00017499999671599653,8.70000036456986e-05,73.73541000000472,0.09373572900001335,False,False,False
dense_1_near_00_v0.0_h0.4,dense_1_near_00,7.5,0.0,0.4,binary_full,2,False,False,True,0,,5.699999405806011e-05,0.00015800000596755126,8.600000001024455e-05,73.73541000000472,0.09373571100000476,False,False,False
dense_1_near_00_v0.5_h0.2,dense_1_near_00,7.5,0.5,0.2,json_combined,0,False,False,True,0,,0.00016099998845220398,0.0005160000000614673,0.00014900000167017424,73.73541000000472,0.09373623599999491,False,False,False
dense_1_near_00_v0.5_h0.2,dense_1_near_00,7.5,0.5,0.2,binary_full,1,False,False,True,0,,7.200000595730671e-05,0.00017899999704695801,0.00011400000232697494,73.73541000000472,0.09373577500001005,False,False,False
dense_1_near_00_v0.5_h0.2,dense_1_near_00,7.5,0.5,0.2,binary_combined,2,False,False,True,0,,6.299998744907498e-05,0.0001659999924186195,7.500000265281415e-05,73.73541000000472,0.09373571399998724,False,False,False
dense_1_near_00_v0.5_h0.3,dense_1_near_00,7.5,0.5,0.3,binary_full,0,False,False,True,0,,8.099999604382901e-05,0.00016500000299402018,8.799999307029793e-05,73.73541000000472,0.09373574399999683,False,False,False
dense_1_near_00_v0.5_h0.3,dense_1_near_00,7.5,0.5,0.3,binary_combined,1,False,False,True,0,,6.399999108452903e-05,0.00014699999439926614,7.699999571286753e-05,73.73541000000472,0.09373569799998592,False,False,False
dense_1_near_00_v0.5_h0.3,dense_1_near_00,7.5,0.5,0.3,json_combined,2,False,False,True,0,,5.599999042260606e-05,0.00013999999737279722,8.70000036456986e-05,73.73541000000472,0.09373569299999616,False,False,False
dense_1_near_00_v0.5_h0.4,dense_1_near_00,7.5,0.5,0.4,binary_combined,0,False,False,True,0,,0.00011299999869152089,0.00015199999836568168,8.099999604382901e-05,73.73541000000472,0.09373575599999782,False,False,False
dense_1_near_00_v0.5_h0.4,dense_1_near_00,7.5,0.5,0.4,json_combined,1,False,False,True,0,,5.2999993727098627e-05,0.0001460000049746668,7.500000265281415e-05,73.73541000000472,0.09373568400000608,False,False,False
dense_1_near_00_v0.5_h0.4,dense_1_near_00,7.5,0.5,0.4,binary_full,2,False,False,True,0,,5.300000793795334e-05,0.00011499999175157427,0.00010200000133409048,73.73541000000472,0.09373568000000575,False,False,False
dense_1_near_00_v1.0_h0.2,dense_1_near_00,7.5,1.0,0.2,json_combined,0,False,False,True,0,,9.199999340125942e-05,0.00016399999935856613,9.499999009676685e-05,73.73541000000472,0.09373576099998758,False,False,False
dense_1_near_00_v1.0_h0.2,dense_1_near_00,7.5,1.0,0.2,binary_full,1,False,False,True,0,,5.6000004633460776e-05,0.00012099999935344385,0.00010100001190949115,73.73541000000472,0.09373568800002062,False,False,False
dense_1_near_00_v1.0_h0.2,dense_1_near_00,7.5,1.0,0.2,binary_combined,2,False,False,True,0,,6.399999108452903e-05,0.00011499999175157427,7.499998844195943e-05,73.73541000000472,0.093735663999976,False,False,False
dense_1_near_00_v1.0_h0.3,dense_1_near_00,7.5,1.0,0.3,binary_full,0,False,False,True,0,,0.00010600000166505197,0.00016199999208765803,9.900000463858305e-05,73.73541000000472,0.09373577700000311,False,False,False
dense_1_near_00_v1.0_h0.3,dense_1_near_00,7.5,1.0,0.3,binary_combined,1,False,False,True,0,,5.3999997362552676e-05,0.00011299999869152089,7.700000992372225e-05,73.73541000000472,0.0937356540000107,False,False,False
dense_1_near_00_v1.0_h0.3,dense_1_near_00,7.5,1.0,0.3,json_combined,2,False,False,True,0,,5.3999997362552676e-05,0.00014000001158365194,7.699999571286753e-05,73.73541000000472,0.09373568100000938,False,False,False
dense_1_near_00_v1.0_h0.4,dense_1_near_00,7.5,1.0,0.4,binary_combined,0,False,False,True,0,,8.799999307029793e-05,0.00012099999935344385,8.100001025468373e-05,73.73541000000472,0.0937357000000074,False,False,False
dense_1_near_00_v1.0_h0.4,dense_1_near_00,7.5,1.0,0.4,json_combined,1,False,False,True,0,,5.200000430249929e-05,0.0001330000003463283,7.699999571286753e-05,73.73541000000472,0.09373567200000509,False,False,False
dense_1_near_00_v1.0_h0.4,dense_1_near_00,7.5,1.0,0.4,binary_full,2,False,False,True,0,,5.2999993727098627e-05,0.0001309999930754202,7.599999207741348e-05,73.73541000000472,0.0937356699999836,False,False,False
dense_1_near_01_v0.0_h0.2,dense_1_near_01,7.550000000000001,0.0,0.2,json_combined,0,False,False,True,0,,0.0001199999957179898,0.0005330000050207673,0.00013599999704183574,64.60211999999643,0.08460290899999422,False,False,False
dense_1_near_01_v0.0_h0.2,dense_1_near_01,7.550000000000001,0.0,0.2,binary_full,1,False,False,True,0,,7.699999571286753e-05,0.00019700000564171205,9.000000034120603e-05,64.60211999999643,0.08460248399999813,False,False,False
dense_1_near_01_v0.0_h0.2,dense_1_near_01,7.550000000000001,0.0,0.2,binary_combined,2,False,False,True,0,,6.700000199089118e-05,0.00011400000232697494,7.799999934832158e-05,64.60211999999643,0.0846023790000001,False,False,False
dense_1_near_01_v0.0_h0.3,dense_1_near_01,7.550000000000001,0.0,0.3,binary_full,0,False,False,True,0,,9.900000463858305e-05,0.00018699999770888098,9.000000034120603e-05,64.60211999999643,0.08460249599999912,False,False,False
dense_1_near_01_v0.0_h0.3,dense_1_near_01,7.550000000000001,0.0,0.3,binary_combined,1,False,False,True,0,,5.100000066704524e-05,0.00013400000398178236,7.699999571286753e-05,64.60211999999643,0.0846023819999968,False,False,False
dense_1_near_01_v0.0_h0.3,dense_1_near_01,7.550000000000001,0.0,0.3,json_combined,2,False,False,True,0,,5.000001124244591e-05,0.00018600000828428165,7.900000298377563e-05,64.60211999999643,0.08460243500001895,False,False,False
dense_1_near_01_v0.0_h0.4,dense_1_near_01,7.550000000000001,0.0,0.4,binary_combined,0,False,False,True,0,,9.900000463858305e-05,0.0001439999977037587,0.0001089999983605594,64.60211999999643,0.08460247199999714,False,False,False
dense_1_near_01_v0.0_h0.4,dense_1_near_01,7.550000000000001,0.0,0.4,json_combined,1,False,False,True,0,,5.400001157340739e-05,0.00013599999704183574,7.699999571286753e-05,64.60211999999643,0.08460238700000076,False,False,False
dense_1_near_01_v0.0_h0.4,dense_1_near_01,7.550000000000001,0.0,0.4,binary_full,2,False,False,True,0,,5.5000000998006726e-05,0.00013199999671087426,7.39999990173601e-05,64.60211999999643,0.08460238099999316,False,False,False
dense_1_near_01_v0.5_h0.2,dense_1_near_01,7.550000000000001,0.5,0.2,json_combined,0,False,False,True,0,,9.900000463858305e-05,0.00020200000960812758,9.100000397666008e-05,64.60211999999643,0.08460251200001466,False,False,False
dense_1_near_01_v0.5_h0.2,dense_1_near_01,7.550000000000001,0.5,0.2,binary_full,1,False,False,True,0,,5.799999769351416e-05,0.00014500000133921276,7.200000595730671e-05,64.60211999999643,0.08460239500000143,False,False,False
dense_1_near_01_v0.5_h0.2,dense_1_near_01,7.550000000000001,0.5,0.2,binary_combined,2,False,False,True,0,,4.999999703159119e-05,0.00010600000166505197,7.500000265281415e-05,64.60211999999643,0.08460235099999779,False,False,False
dense_1_near_01_v0.5_h0.3,dense_1_near_01,7.550000000000001,0.5,0.3,binary_full,0,False,False,True,0,,0.00011200000926692155,0.00013999999737279722,7.999999240837496e-05,64.60211999999643,0.08460245199999548,False,False,False
dense_1_near_01_v0.5_h0.3,dense_1_near_01,7.550000000000001,0.5,0.3,binary_combined,1,False,False,True,0,,8.300000331473711e-05,0.00012900000001536682,7.999999240837496e-05,64.60211999999643,0.08460241199999217,False,False,False
dense_1_near_01_v0.5_h0.3,dense_1_near_01,7.550000000000001,0.5,0.3,json_combined,2,False,False,True,0,,5.300000793795334e-05,0.00013899999373734317,8.099999604382901e-05,64.60211999999643,0.08460239299999416,False,False,False
dense_1_near_01_v0.5_h0.4,dense_1_near_01,7.550000000000001,0.5,0.4,binary_combined,0,False,False,True,0,,9.900000463858305e-05,0.00012799999637991277,9.8000001003129e-05,64.60211999999643,0.08460244499999846,False,False,False
dense_1_near_01_v0.5_h0.4,dense_1_near_01,7.550000000000001,0.5,0.4,json_combined,1,False,False,True,0,,5.5000000998006726e-05,0.00014100000100825127,7.39999990173601e-05,64.60211999999643,0.08460238999999746,False,False,False
dense_1_near_01_v0.5_h0.4,dense_1_near_01,7.550000000000001,0.5,0.4,binary_full,2,False,False,True,0,,5.100000066704524e-05,0.0001089999983605594,8.400000695019116e-05,64.60211999999643,0.08460236400000241,False,False,False
dense_1_near_01_v1.0_h0.2,dense_1_near_01,7.550000000000001,1.0,0.2,json_combined,0,False,False,True,0,,0.00011800000265793642,0.00014200000464370532,7.799999934832158e-05,64.60211999999643,0.08460245800000309,False,False,False
dense_1_near_01_v1.0_h0.2,dense_1_near_01,7.550000000000001,1.0,0.2,binary_full,1,False,False,True,0,,5.699999405806011e-05,0.00011400000232697494,7.900000298377563e-05,64.60211999999643,0.0846023699999958,False,False,False
dense_1_near_01_v1.0_h0.2,dense_1_near_01,7.550000000000001,1.0,0.2,binary_combined,2,False,False,True,0,,5.200000430249929e-05,0.00010499999802959792,7.599999207741348e-05,64.60211999999643,0.08460235299999085,False,False,False
dense_1_near_01_v1.0_h0.3,dense_1_near_01,7.550000000000001,1.0,0.3,binary_full,0,False,False,True,0,,9.400000067216752e-05,0.0001829999973779195,8.099999604382901e-05,64.60211999999643,0.08460247799999053,False,False,False
dense_1_near_01_v1.0_h0.3,dense_1_near_01,7.550000000000001,1.0,0.3,binary_combined,1,False,False,True,0,,5.799999769351416e-05,0.00013599999704183574,9.099998976580537e-05,64.60211999999643,0.08460240499998094,False,False,False
dense_1_near_01_v1.0_h0.3,dense_1_near_01,7.550000000000001,1.0,0.3,json_combined,2,False,False,True,0,,5.199999009164458e-05,0.00014100000100825127,7.599999207741348e-05,64.60211999999643,0.08460238899997961,False,False,False
dense_1_near_01_v1.0_h0.4,dense_1_near_01,7.550000000000001,1.0,0.4,binary_combined,0,False,False,True,0,,9.400000067216752e-05,0.00012499999968440534,9.900000463858305e-05,64.60211999999643,0.08460243800000143,False,False,False
dense_1_near_01_v1.0_h0.4,dense_1_near_01,7.550000000000001,1.0,0.4,json_combined,1,False,False,True,0,,5.3999997362552676e-05,0.00015099999473022763,7.500000265281415e-05,64.60211999999643,0.08460239999999118,False,False,False
dense_1_near_01_v1.0_h0.4,dense_1_near_01,7.550000000000001,1.0,0.4,binary_full,2,False,False,True,0,,5.099998645619053e-05,0.00012099999935344385,7.60000062882682e-05,64.60211999999643,0.08460236799998853,False,False,False
dense_1_near_02_v0.0_h0.2,dense_1_near_02,7.6000000000000005,0.0,0.2,json_combined,0,False,False,True,0,,0.0002740000013545796,0.0006110000043690889,0.00019200000167529652,57.75668799999778,0.07775776500000518,False,False,False
dense_1_near_02_v0.0_h0.2,dense_1_near_02,7.6000000000000005,0.0,0.2,binary_full,1,False,False,True,0,,0.0001000000082740371,0.0002809999983810485,0.00011600000959788304,57.75668799999778,0.07775718500001404,False,False,False
dense_1_near_02_v0.0_h0.2,dense_1_near_02,7.6000000000000005,0.0,0.2,binary_combined,2,False,False,True,0,,8.399999273933645e-05,0.00017099999638503505,9.400000067216752e-05,57.75668799999778,0.07775703699998758,False,False,False
dense_1_near_02_v0.0_h0.3,dense_1_near_02,7.6000000000000005,0.0,0.3,binary_full,0,False,False,True,0,,9.099998976580537e-05,0.00019200000167529652,9.59999937322209e-05,57.75668799999778,0.07775706699998296,False,False,False
dense_1_near_02_v0.0_h0.3,dense_1_near_02,7.6000000000000005,0.0,0.3,binary_combined,1,False,False,True,0,,5.599999042260606e-05,0.00013800000431274384,0.00013000000365082087,57.75668799999778,0.07775701199999617,False,False,False
dense_1_near_02_v0.0_h0.3,dense_1_near_02,7.6000000000000005,0.0,0.3,json_combined,2,False,False,True,0,,5.799999769351416e-05,0.00016399999935856613,9.400000067216752e-05,57.75668799999778,0.07775700399999551,False,False,False
dense_1_near_02_v0.0_h0.4,dense_1_near_02,7.6000000000000005,0.0,0.4,binary_combined,0,False,False,True,0,,0.00011400000232697494,0.00015400000563658978,9.400000067216752e-05,57.75668799999778,0.07775705000000642,False,False,False
dense_1_near_02_v0.0_h0.4,dense_1_near_02,7.6000000000000005,0.0,0.4,json_combined,1,False,False,True,0,,5.5000000998006726e-05,0.00017300000365594315,7.599999207741348e-05,57.75668799999778,0.07775699199999452,False,False,False
dense_1_near_02_v0.0_h0.4,dense_1_near_02,7.6000000000000005,0.0,0.4,binary_full,2,False,False,True,0,,5.200000430249929e-05,0.00013599999704183574,7.699999571286753e-05,57.75668799999778,0.07775695299999484,False,False,False
dense_1_near_02_v0.5_h0.2,dense_1_near_02,7.6000000000000005,0.5,0.2,json_combined,0,False,False,True,0,,8.800000728115265e-05,0.00018000000068241206,0.00010100001190949115,57.75668799999778,0.07775705700001766,False,False,False
dense_1_near_02_v0.5_h0.2,dense_1_near_02,7.6000000000000005,0.5,0.2,binary_full,1,False,False,True,0,,5.200000430249929e-05,0.00014900000167017424,7.39999990173601e-05,57.75668799999778,0.07775696300000277,False,False,False
dense_1_near_02_v0.5_h0.2,dense_1_near_02,7.6000000000000005,0.5,0.2,binary_combined,2,False,False,True,0,,5.6000004633460776e-05,0.00010300000496954453,7.200000595730671e-05,57.75668799999778,0.07775691900001334,False,False,False
dense_1_near_02_v0.5_h0.3,dense_1_near_02,7.6000000000000005,0.5,0.3,binary_full,0,False,False,True,0,,0.00010800000893596007,0.00016099998845220398,7.999999240837496e-05,57.75668799999778,0.07775703699998758,False,False,False
dense_1_near_02_v0.5_h0.3,dense_1_near_02,7.6000000000000005,0.5,0.3,binary_combined,1,False,False,True,0,,5.2999993727098627e-05,0.00015400000563658978,7.900000298377563e-05,57.75668799999778,0.07775697400000013,False,False,False
dense_1_near_02_v0.5_h0.3,dense_1_near_02,7.6000000000000005,0.5,0.3,json_combined,2,False,False,True,0,,5.3999997362552676e-05,0.0001700000069604357,7.699999571286753e-05,57.75668799999778,0.07775698899999782,False,False,False
dense_1_near_02_v0.5_h0.4,dense_1_near_02,7.6000000000000005,0.5,0.4,binary_combined,0,False,False,True,0,,9.299999703671347e-05,0.0001549999950611891,0.0001089999983605594,57.75668799999778,0.07775704499998824,False,False,False
dense_1_near_02_v0.5_h0.4,dense_1_near_02,7.6000000000000005,0.5,0.4,json_combined,1,False,False,True,0,,6.50000089308378e-05,0.00015599999869664316,7.39999990173601e-05,57.75668799999778,0.07775698300000443,False,False,False
dense_1_near_02_v0.5_h0.4,dense_1_near_02,7.6000000000000005,0.5,0.4,binary_full,2,False,False,True,0,,5.200000430249929e-05,0.0001260000033198594,7.499998844195943e-05,57.75668799999778,0.07775694099999385,False,False,False
dense_1_near_02_v1.0_h0.2,dense_1_near_02,7.6000000000000005,1.0,0.2,json_combined,0,False,False,True,0,,9.200000761211413e-05,0.00015800000596755126,7.799999934832158e-05,57.75668799999778,0.07775701600001071,False,False,False
dense_1_near_02_v1.0_h0.2,dense_1_near_02,7.6000000000000005,1.0,0.2,binary_full,1,False,False,True,0,,8.500001058564521e-05,0.0001460000049746668,0.0006400000103212733,57.75668799999778,0.07775755900002367,False,False,False
dense_1_near_02_v1.0_h0.2,dense_1_near_02,7.6000000000000005,1.0,0.2,binary_combined,2,False,False,True,0,,0.00013400000398178236,0.0008930000063855914,0.00010799999472510535,57.75668799999778,0.07775782300000288,False,False,False
dense_1_near_02_v1.0_h0.3,dense_1_near_02,7.6000000000000005,1.0,0.3,binary_full,0,False,False,True,0,,0.00014299999406830466,0.0002370000089513269,0.00011400000232697494,57.75668799999778,0.07775718200000313,False,False,False
dense_1_near_02_v1.0_h0.3,dense_1_near_02,7.6000000000000005,1.0,0.3,binary_combined,1,False,False,True,0,,7.100000232185266e-05,0.00012199998877804319,7.60000062882682e-05,57.75668799999778,0.07775695699999517,False,False,False
dense_1_near_02_v1.0_h0.3,dense_1_near_02,7.6000000000000005,1.0,0.3,json_combined,2,False,False,True,0,,6.30000016599297e-05,0.0002310000013494573,8.099999604382901e-05,57.75668799999778,0.07775706299999684,False,False,False
dense_1_near_02_v1.0_h0.4,dense_1_near_02,7.6000000000000005,1.0,0.4,binary_combined,0,False,False,True,0,,0.00011599999538702832,0.00015099999473022763,7.999999240837496e-05,57.75668799999778,0.07775703499998031,False,False,False
dense_1_near_02_v1.0_h0.4,dense_1_near_02,7.6000000000000005,1.0,0.4,json_combined,1,False,False,True,0,,5.3999997362552676e-05,0.00016299999572311208,7.900000298377563e-05,57.75668799999778,0.07775698399999385,False,False,False
dense_1_near_02_v1.0_h0.4,dense_1_near_02,7.6000000000000005,1.0,0.4,binary_full,2,False,False,True,0,,6.0999994389021595e-05,0.00013999999737279722,0.00011000000199601345,57.75668799999778,0.07775699899999154,False,False,False
dense_1_near_03_v0.0_h0.2,dense_1_near_03,7.65,0.0,0.2,json_combined,0,False,False,True,0,,0.0001809999901070114,0.0006010000106471125,0.0001610000026630587,51.488871000003655,0.07148981400000708,False,False,False
dense_1_near_03_v0.0_h0.2,dense_1_near_03,7.65,0.0,0.2,binary_full,1,False,False,True,0,,0.00010200000133409048,0.00025399999969977216,0.00012299999241349724,51.488871000003655,0.0714893499999971,False,False,False
dense_1_near_03_v0.0_h0.2,dense_1_near_03,7.65,0.0,0.2,binary_combined,2,False,False,True,0,,6.499999471998308e-05,0.00015400000563658978,7.700000992372225e-05,51.488871000003655,0.07148916700001394,False,False,False
dense_1_near_03_v0.0_h0.3,dense_1_near_03,7.65,0.0,0.3,binary_full,0,False,False,True,0,,0.00011900000629339047,0.00020000000233721948,9.899999042772833e-05,51.488871000003655,0.07148928900000272,False,False,False
dense_1_near_03_v0.0_h0.3,dense_1_near_03,7.65,0.0,0.3,binary_combined,1,False,False,True,0,,6.899999505094456e-05,0.00013599999704183574,9.200000761211413e-05,51.488871000003655,0.07148916800000336,False,False,False
dense_1_near_03_v0.0_h0.3,dense_1_near_03,7.65,0.0,0.3,json_combined,2,False,False,True,0,,6.30000016599297e-05,0.0001610000026630587,8.600000001024455e-05,51.488871000003655,0.07148918100000799,False,False,False
dense_1_near_03_v0.0_h0.4,dense_1_near_03,7.65,0.0,0.4,binary_combined,0,False,False,True,0,,0.00010799999472510535,0.0001419999904328506,8.199999967928306e-05,51.488871000003655,0.0714892029999885,False,False,False
dense_1_near_03_v0.0_h0.4,dense_1_near_03,7.65,0.0,0.4,json_combined,1,False,False,True,0,,5.5000000998006726e-05,0.00017899999704695801,7.39999990173601e-05,51.488871000003655,0.07148917900000072,False,False,False
dense_1_near_03_v0.0_h0.4,dense_1_near_03,7.65,0.0,0.4,binary_full,2,False,False,True,0,,5.3999997362552676e-05,0.0001460000049746668,7.699999571286753e-05,51.488871000003655,0.07148914800000171,False,False,False
dense_1_near_03_v0.5_h0.2,dense_1_near_03,7.65,0.5,0.2,json_combined,0,False,False,True,0,,0.00013199999671087426,0.00016900000332498166,8.199999967928306e-05,51.488871000003655,0.07148925400000337,False,False,False
dense_1_near_03_v0.5_h0.2,dense_1_near_03,7.65,0.5,0.2,binary_full,1,False,False,True,0,,5.200000430249929e-05,0.00011900000629339047,7.699999571286753e-05,51.488871000003655,0.07148911900000997,False,False,False
dense_1_near_03_v0.5_h0.2,dense_1_near_03,7.65,0.5,0.2,binary_combined,2,False,False,True,0,,5.199999009164458e-05,0.00011400000232697494,7.900000298377563e-05,51.488871000003655,0.07148911599999906,False,False,False
dense_1_near_03_v0.5_h0.3,dense_1_near_03,7.65,0.5,0.3,binary_full,0,False,False,True,0,,9.500000430762157e-05,0.00016399999935856613,0.00010400000860499858,51.488871000003655,0.07148923400001593,False,False,False
dense_1_near_03_v0.5_h0.3,dense_1_near_03,7.65,0.5,0.3,binary_combined,1,False,False,True,0,,5.300000793795334e-05,0.00011599999538702832,7.799999934832158e-05,51.488871000003655,0.07148911800000633,False,False,False
dense_1_near_03_v0.5_h0.3,dense_1_near_03,7.65,0.5,0.3,json_combined,2,False,False,True,0,,5.3999997362552676e-05,0.0001370000006772898,7.500000265281415e-05,51.488871000003655,0.07148913700000435,False,False,False
dense_1_near_03_v0.5_h0.4,dense_1_near_03,7.65,0.5,0.4,binary_combined,0,False,False,True,0,,6.799999141549051e-05,0.00013100000728627492,7.699999571286753e-05,51.488871000003655,0.07148914699999807,False,False,False
dense_1_near_03_v0.5_h0.4,dense_1_near_03,7.65,0.5,0.4,json_combined,1,False,False,True,0,,6.900000926179928e-05,0.00014200000464370532,7.699999571286753e-05,51.488871000003655,0.07148915900001328,False,False,False
dense_1_near_03_v0.5_h0.4,dense_1_near_03,7.65,0.5,0.4,binary_full,2,False,False,True,0,,5.799999769351416e-05,0.0001239999960489513,7.799999934832158e-05,51.488871000003655,0.07148913099999675,False,False,False
dense_1_near_03_v1.0_h0.2,dense_1_near_03,7.65,1.0,0.2,json_combined,0,False,False,True,0,,7.39999990173601e-05,0.0001590000096030053,8.49999963747905e-05,51.488871000003655,0.07148918900000865,False,False,False
dense_1_near_03_v1.0_h0.2,dense_1_near_03,7.65,1.0,0.2,binary_full,1,False,False,True,0,,5.2999993727098627e-05,0.0001479999980347202,8.199999967928306e-05,51.488871000003655,0.0714891539999951,False,False,False
dense_1_near_03_v1.0_h0.2,dense_1_near_03,7.65,1.0,0.2,binary_combined,2,False,False,True,0,,5.5000000998006726e-05,0.0001309999930754202,8.199999967928306e-05,51.488871000003655,0.07148913899999741,False,False,False
dense_1_near_03_v1.0_h0.3,dense_1_near_03,7.65,1.0,0.3,binary_full,0,False,False,True,0,,0.00011599999538702832,0.00012700000695531344,7.900000298377563e-05,51.488871000003655,0.07148919300000899,False,False,False
dense_1_near_03_v1.0_h0.3,dense_1_near_03,7.65,1.0,0.3,binary_combined,1,False,False,True,0,,5.199999009164458e-05,0.00010799999472510535,7.700000992372225e-05,51.488871000003655,0.0714891079999984,False,False,False
dense_1_near_03_v1.0_h0.3,dense_1_near_03,7.65,1.0,0.3,json_combined,2,False,False,True,0,,5.2999993727098627e-05,0.00013000000365082087,7.39999990173601e-05,51.488871000003655,0.07148912800000005,False,False,False
dense_1_near_03_v1.0_h0.4,dense_1_near_03,7.65,1.0,0.4,binary_combined,0,False,False,True,0,,8.199999967928306e-05,0.0001309999930754202,9.900000463858305e-05,51.488871000003655,0.07148918300000105,False,False,False
dense_1_near_03_v1.0_h0.4,dense_1_near_03,7.65,1.0,0.4,json_combined,1,False,False,True,0,,8.199999967928306e-05,0.0001479999980347202,7.699999571286753e-05,51.488871000003655,0.07148917799999709,False,False,False
dense_1_near_03_v1.0_h0.4,dense_1_near_03,7.65,1.0,0.4,binary_full,2,False,False,True,0,,5.100000066704524e-05,0.00010800000893596007,8.800000728115265e-05,51.488871000003655,0.07148911800002054,False,False,False
dense_1_near_04_v0.0_h0.2,dense_1_near_04,7.7,0.0,0.2,json_combined,0,False,False,True,0,,0.00020599999572823435,0.0006659999911562409,0.0001549999950611891,62.54730700000266,0.08254833399998461,False,False,False
dense_1_near_04_v0.0_h0.2,dense_1_near_04,7.7,0.0,0.2,binary_full,1,False,False,True,0,,8.70000036456986e-05,0.00021199998911924922,8.600000001024455e-05,62.54730700000266,0.08254769199999544,False,False,False
dense_1_near_04_v0.0_h0.2,dense_1_near_04,7.7,0.0,0.2,binary_combined,2,False,False,True,0,,5.300000793795334e-05,0.00014900000167017424,7.599999207741348e-05,62.54730700000266,0.08254758500000435,False,False,False
dense_1_near_04_v0.0_h0.3,dense_1_near_04,7.7,0.0,0.3,binary_full,0,False,False,True,0,,0.00012000000992884452,0.00013799999010188913,9.200000761211413e-05,62.54730700000266,0.08254765700001031,False,False,False
dense_1_near_04_v0.0_h0.3,dense_1_near_04,7.7,0.0,0.3,binary_combined,1,False,False,True,0,,5.3999997362552676e-05,0.00012599998910900467,7.60000062882682e-05,62.54730700000266,0.08254756299999542,False,False,False
dense_1_near_04_v0.0_h0.3,dense_1_near_04,7.7,0.0,0.3,json_combined,2,False,False,True,0,,5.100000066704524e-05,0.0001479999980347202,8.000000661922968e-05,62.54730700000266,0.08254758600000799,False,False,False
dense_1_near_04_v0.0_h0.4,dense_1_near_04,7.7,0.0,0.4,binary_combined,0,False,False,True,0,,0.00014500000133921276,0.00018100000431786611,8.70000036456986e-05,62.54730700000266,0.08254772000001197,False,False,False
dense_1_near_04_v0.0_h0.4,dense_1_near_04,7.7,0.0,0.4,json_combined,1,False,False,True,0,,5.400001157340739e-05,0.0001370000006772898,8.199999967928306e-05,62.54730700000266,0.0825475800000146,False,False,False
dense_1_near_04_v0.0_h0.4,dense_1_near_04,7.7,0.0,0.4,binary_full,2,False,False,True,0,,7.799999934832158e-05,0.00013399998977092764,7.699999571286753e-05,62.54730700000266,0.0825475959999875,False,False,False
dense_1_near_04_v0.5_h0.2,dense_1_near_04,7.7,0.5,0.2,json_combined,0,False,False,True,0,,6.999999868639861e-05,0.0001439999977037587,0.00011699999902248237,62.54730700000266,0.08254763799999808,False,False,False
dense_1_near_04_v0.5_h0.2,dense_1_near_04,7.7,0.5,0.2,binary_full,1,False,False,True,0,,5.799999769351416e-05,0.00014299999406830466,8.000000661922968e-05,62.54730700000266,0.08254758800000105,False,False,False
dense_1_near_04_v0.5_h0.2,dense_1_near_04,7.7,0.5,0.2,binary_combined,2,False,False,True,0,,5.3999997362552676e-05,0.00013799999010188913,7.699999571286753e-05,62.54730700000266,0.08254757599998584,False,False,False
dense_1_near_04_v0.5_h0.3,dense_1_near_04,7.7,0.5,0.3,binary_full,0,False,False,True,0,,8.49999963747905e-05,0.00018000000068241206,9.8000001003129e-05,62.54730700000266,0.08254767000000073,False,False,False
dense_1_near_04_v0.5_h0.3,dense_1_near_04,7.7,0.5,0.3,binary_combined,1,False,False,True,0,,5.6000004633460776e-05,0.00012799999637991277,9.199999340125942e-05,62.54730700000266,0.08254758299999708,False,False,False
dense_1_near_04_v0.5_h0.3,dense_1_near_04,7.7,0.5,0.3,json_combined,2,False,False,True,0,,5.799999769351416e-05,0.0001330000003463283,7.599999207741348e-05,62.54730700000266,0.08254757399999278,False,False,False
dense_1_near_04_v0.5_h0.4,dense_1_near_04,7.7,0.5,0.4,binary_combined,0,False,False,True,0,,6.000000496442226e-05,0.00015599999869664316,0.00010099999769863643,62.54730700000266,0.08254762400000402,False,False,False
dense_1_near_04_v0.5_h0.4,dense_1_near_04,7.7,0.5,0.4,json_combined,1,False,False,True,0,,5.199999009164458e-05,0.0001570000023320972,7.500000265281415e-05,62.54730700000266,0.08254759099999774,False,False,False
dense_1_near_04_v0.5_h0.4,dense_1_near_04,7.7,0.5,0.4,binary_full,2,False,False,True,0,,5.100000066704524e-05,0.0001479999980347202,8.600000001024455e-05,62.54730700000266,0.08254759200000138,False,False,False
dense_1_near_04_v1.0_h0.2,dense_1_near_04,7.7,1.0,0.2,json_combined,0,False,False,True,0,,7.60000062882682e-05,0.00014200000464370532,0.00010100001190949115,62.54730700000266,0.0825476260000255,False,False,False
dense_1_near_04_v1.0_h0.2,dense_1_near_04,7.7,1.0,0.2,binary_full,1,False,False,True,0,,5.2999993727098627e-05,0.00014899998745931953,9.699999736767495e-05,62.54730700000266,0.08254760599998122,False,False,False
dense_1_near_04_v1.0_h0.2,dense_1_near_04,7.7,1.0,0.2,binary_combined,2,False,False,True,0,,5.400001157340739e-05,0.00012499999968440534,7.39999990173601e-05,62.54730700000266,0.08254756000001294,False,False,False
dense_1_near_04_v1.0_h0.3,dense_1_near_04,7.7,1.0,0.3,binary_full,0,False,False,True,0,,6.30000016599297e-05,0.00013100000728627492,7.900000298377563e-05,62.54730700000266,0.0825475800000146,False,False,False
dense_1_near_04_v1.0_h0.3,dense_1_near_04,7.7,1.0,0.3,binary_combined,1,False,False,True,0,,5.7000008268914826e-05,0.00013000000365082087,8.300000331473711e-05,62.54730700000266,0.0825475770000179,False,False,False
dense_1_near_04_v1.0_h0.3,dense_1_near_04,7.7,1.0,0.3,json_combined,2,False,False,True,0,,6.0999994389021595e-05,0.0001720000000204891,7.599999207741348e-05,62.54730700000266,0.08254761599998915,False,False,False
dense_1_near_04_v1.0_h0.4,dense_1_near_04,7.7,1.0,0.4,binary_combined,0,False,False,True,0,,8.100001025468373e-05,0.00016500000299402018,9.000000034120603e-05,62.54730700000266,0.08254764300001625,False,False,False
dense_1_near_04_v1.0_h0.4,dense_1_near_04,7.7,1.0,0.4,json_combined,1,False,False,True,0,,5.6000004633460776e-05,0.00014299999406830466,7.60000062882682e-05,62.54730700000266,0.08254758200000765,False,False,False
dense_1_near_04_v1.0_h0.4,dense_1_near_04,7.7,1.0,0.4,binary_full,2,False,False,True,0,,5.2999993727098627e-05,0.00011099999142061279,7.299999538190605e-05,62.54730700000266,0.0825475439999832,False,False,False
dense_1_near_05_v0.0_h0.2,dense_1_near_05,7.75,0.0,0.2,json_combined,0,False,False,True,0,,0.00020299999903272692,0.0005999999928008037,0.0001659999924186195,59.670968999995466,0.07967193799997972,False,False,False
dense_1_near_05_v0.0_h0.2,dense_1_near_05,7.75,0.0,0.2,binary_full,1,False,False,True,0,,0.00010300000496954453,0.0002700000010236181,0.0001089999983605594,59.670968999995466,0.07967145099999982,False,False,False
dense_1_near_05_v0.0_h0.2,dense_1_near_05,7.75,0.0,0.2,binary_combined,2,False,False,True,0,,6.599999835543713e-05,0.00011900000629339047,7.200000595730671e-05,59.670968999995466,0.07967122600000608,False,False,False
dense_1_near_05_v0.0_h0.3,dense_1_near_05,7.75,0.0,0.3,binary_full,0,False,False,True,0,,0.00010100001190949115,0.00018799998713348032,8.90000109166067e-05,59.670968999995466,0.07967134700000543,False,False,False
dense_1_near_05_v0.0_h0.3,dense_1_near_05,7.75,0.0,0.3,binary_combined,1,False,False,True,0,,5.5000000998006726e-05,0.00012099999935344385,7.299999538190605e-05,59.670968999995466,0.0796712179999912,False,False,False
dense_1_near_05_v0.0_h0.3,dense_1_near_05,7.75,0.0,0.3,json_combined,2,False,False,True,0,,5.6000004633460776e-05,0.00015300000200113573,7.39999990173601e-05,59.670968999995466,0.07967125200000112,False,False,False
dense_1_near_05_v0.0_h0.4,dense_1_near_05,7.75,0.0,0.4,binary_combined,0,False,False,True,0,,7.60000062882682e-05,0.0001479999980347202,8.70000036456986e-05,59.670968999995466,0.07967128000000344,False,False,False
dense_1_near_05_v0.0_h0.4,dense_1_near_05,7.75,0.0,0.4,json_combined,1,False,False,True,0,,4.900000760699186e-05,0.00014500000133921276,8.800000728115265e-05,59.670968999995466,0.0796712510000117,False,False,False
dense_1_near_05_v0.0_h0.4,dense_1_near_05,7.75,0.0,0.4,binary_full,2,False,False,True,0,,5.100000066704524e-05,0.00011900000629339047,9.100000397666008e-05,59.670968999995466,0.07967123000000641,False,False,False
dense_1_near_05_v0.5_h0.2,dense_1_near_05,7.75,0.5,0.2,json_combined,0,False,False,True,0,,0.0001239999960489513,0.00017300000365594315,8.600000001024455e-05,59.670968999995466,0.07967135199999519,False,False,False
dense_1_near_05_v0.5_h0.2,dense_1_near_05,7.75,0.5,0.2,binary_full,1,False,False,True,0,,5.499998678715201e-05,0.00011399998811612022,8.799999307029793e-05,59.670968999995466,0.07967122599996344,False,False,False
dense_1_near_05_v0.5_h0.2,dense_1_near_05,7.75,0.5,0.2,binary_combined,2,False,False,True,0,,5.200000430249929e-05,0.00010700000530050602,8.399999273933645e-05,59.670968999995466,0.07967121199999781,False,False,False
dense_1_near_05_v0.5_h0.3,dense_1_near_05,7.75,0.5,0.3,binary_full,0,False,False,True,0,,7.299999538190605e-05,0.00013800000431274384,9.100000397666008e-05,59.670968999995466,0.07967127099999914,False,False,False
dense_1_near_05_v0.5_h0.3,dense_1_near_05,7.75,0.5,0.3,binary_combined,1,False,False,True,0,,5.5000000998006726e-05,0.00011400000232697494,9.100000397666008e-05,59.670968999995466,0.07967122900000277,False,False,False
dense_1_near_05_v0.5_h0.3,dense_1_near_05,7.75,0.5,0.3,json_combined,2,False,False,True,0,,5.3999997362552676e-05,0.0001459999907638121,7.39999990173601e-05,59.670968999995466,0.07967124299998261,False,False,False
dense_1_near_05_v0.5_h0.4,dense_1_near_05,7.75,0.5,0.4,binary_combined,0,False,False,True,0,,9.500000430762157e-05,0.00012900000001536682,9.900000463858305e-05,59.670968999995466,0.07967129200000443,False,False,False
dense_1_near_05_v0.5_h0.4,dense_1_near_05,7.75,0.5,0.4,json_combined,1,False,False,True,0,,5.300000793795334e-05,0.00012900000001536682,9.59999937322209e-05,59.670968999995466,0.07967124699999716,False,False,False
dense_1_near_05_v0.5_h0.4,dense_1_near_05,7.75,0.5,0.4,binary_full,2,False,False,True,0,,5.2999993727098627e-05,0.00011299999869152089,7.300000959276076e-05,59.670968999995466,0.07967120799999748,False,False,False
dense_1_near_05_v1.0_h0.2,dense_1_near_05,7.75,1.0,0.2,json_combined,0,False,False,True,0,,0.00010799999472510535,0.00014999999109477358,8.000000661922968e-05,59.670968999995466,0.07967130699998791,False,False,False
dense_1_near_05_v1.0_h0.2,dense_1_near_05,7.75,1.0,0.2,binary_full,1,False,False,True,0,,5.5000000998006726e-05,0.0001370000006772898,7.699999571286753e-05,59.670968999995466,0.07967123799999286,False,False,False
dense_1_near_05_v1.0_h0.2,dense_1_near_05,7.75,1.0,0.2,binary_combined,2,False,False,True,0,,5.5000000998006726e-05,0.00013000000365082087,7.900000298377563e-05,59.670968999995466,0.0796712330000031,False,False,False
dense_1_near_05_v1.0_h0.3,dense_1_near_05,7.75,1.0,0.3,binary_full,0,False,False,True,0,,8.90000109166067e-05,0.0001720000000204891,9.8000001003129e-05,59.670968999995466,0.07967132800000741,False,False,False
dense_1_near_05_v1.0_h0.3,dense_1_near_05,7.75,1.0,0.3,binary_combined,1,False,False,True,0,,5.7000008268914826e-05,0.00012499999968440534,7.899998877292091e-05,59.670968999995466,0.0796712299999922,False,False,False
dense_1_near_05_v1.0_h0.3,dense_1_near_05,7.75,1.0,0.3,json_combined,2,False,False,True,0,,5.6000004633460776e-05,0.00013899999373734317,7.799999934832158e-05,59.670968999995466,0.07967124199999319,False,False,False
dense_1_near_05_v1.0_h0.4,dense_1_near_05,7.75,1.0,0.4,binary_combined,0,False,False,True,0,,8.49999963747905e-05,0.0001179999884470817,7.799999934832158e-05,59.670968999995466,0.07967124999997964,False,False,False
dense_1_near_05_v1.0_h0.4,dense_1_near_05,7.75,1.0,0.4,json_combined,1,False,False,True,0,,5.200000430249929e-05,0.0001549999950611891,8.400000695019116e-05,59.670968999995466,0.07967126000000178,False,False,False
dense_1_near_05_v1.0_h0.4,dense_1_near_05,7.75,1.0,0.4,binary_full,2,False,False,True,0,,5.100000066704524e-05,0.0001439999977037587,7.699999571286753e-05,59.670968999995466,0.07967124099998955,False,False,False
dense_1_near_06_v0.0_h0.2,dense_1_near_06,7.800000000000001,0.0,0.2,json_combined,0,False,False,True,0,,0.00019499999837080395,0.0011870000093949784,0.00016299999572311208,44.827802999989785,0.06482934799999328,False,False,False
dense_1_near_06_v0.0_h0.2,dense_1_near_06,7.800000000000001,0.0,0.2,binary_full,1,False,False,True,0,,9.199999340125942e-05,0.00026200000036169513,0.00012499999968440534,44.827802999989785,0.06482828199998324,False,False,False
dense_1_near_06_v0.0_h0.2,dense_1_near_06,7.800000000000001,0.0,0.2,binary_combined,2,False,False,True,0,,6.499999471998308e-05,0.00014700000861012086,8.799999307029793e-05,44.827802999989785,0.06482810299998619,False,False,False
dense_1_near_06_v0.0_h0.3,dense_1_near_06,7.800000000000001,0.0,0.3,binary_full,0,False,False,True,0,,0.00015099999473022763,0.0001589999953921506,9.700001157852967e-05,44.827802999989785,0.06482820999999149,False,False,False
dense_1_near_06_v0.0_h0.3,dense_1_near_06,7.800000000000001,0.0,0.3,binary_combined,1,False,False,True,0,,5.6000004633460776e-05,0.00014900000167017424,8.300000331473711e-05,44.827802999989785,0.06482809099999941,False,False,False
dense_1_near_06_v0.0_h0.3,dense_1_near_06,7.800000000000001,0.0,0.3,json_combined,2,False,False,True,0,,5.5000000998006726e-05,0.00017899999704695801,8.099999604382901e-05,44.827802999989785,0.06482811799998388,False,False,False
dense_1_near_06_v0.0_h0.4,dense_1_near_06,7.800000000000001,0.0,0.4,binary_combined,0,False,False,True,0,,0.00010299999075868982,0.00012299999241349724,9.900000463858305e-05,44.827802999989785,0.0648281279999776,False,False,False
dense_1_near_06_v0.0_h0.4,dense_1_near_06,7.800000000000001,0.0,0.4,json_combined,1,False,False,True,0,,5.3999997362552676e-05,0.00016500000299402018,9.100000397666008e-05,44.827802999989785,0.06482811299999412,False,False,False
dense_1_near_06_v0.0_h0.4,dense_1_near_06,7.800000000000001,0.0,0.4,binary_full,2,False,False,True,0,,5.100000066704524e-05,0.00012099999935344385,9.699999736767495e-05,44.827802999989785,0.06482807199998718,False,False,False
dense_1_near_06_v0.5_h0.2,dense_1_near_06,7.800000000000001,0.5,0.2,json_combined,0,False,False,True,0,,0.0001069999910896513,0.00018199999374246545,0.00011699999902248237,44.827802999989785,0.06482820899997364,False,False,False
dense_1_near_06_v0.5_h0.2,dense_1_near_06,7.800000000000001,0.5,0.2,binary_full,1,False,False,True,0,,5.6000004633460776e-05,0.0001610000026630587,7.900000298377563e-05,44.827802999989785,0.06482809900000007,False,False,False
dense_1_near_06_v0.5_h0.2,dense_1_near_06,7.800000000000001,0.5,0.2,binary_combined,2,False,False,True,0,,5.2999993727098627e-05,0.0001330000003463283,8.199999967928306e-05,44.827802999989785,0.06482807099998354,False,False,False
dense_1_near_06_v0.5_h0.3,dense_1_near_06,7.800000000000001,0.5,0.3,binary_full,0,False,False,True,0,,0.00027599999441463297,0.0011060000133511494,0.0002179999967211188,44.827802999989785,0.06482940299999428,False,False,False
dense_1_near_06_v0.5_h0.3,dense_1_near_06,7.800000000000001,0.5,0.3,binary_combined,1,False,False,True,0,,6.400000529538374e-05,0.0001610000026630587,8.70000036456986e-05,44.827802999989785,0.0648281150000014,False,False,False
dense_1_near_06_v0.5_h0.3,dense_1_near_06,7.800000000000001,0.5,0.3,json_combined,2,False,False,True,0,,6.700000199089118e-05,0.0002479999920979026,9.499999009676685e-05,44.827802999989785,0.06482821299997397,False,False,False
dense_1_near_06_v0.5_h0.4,dense_1_near_06,7.800000000000001,0.5,0.4,binary_combined,0,False,False,True,0,,7.299999538190605e-05,0.00017799999341150397,0.00011000000199601345,44.827802999989785,0.06482816399998058,False,False,False
dense_1_near_06_v0.5_h0.4,dense_1_near_06,7.800000000000001,0.5,0.4,json_combined,1,False,False,True,0,,6.299998744907498e-05,0.00014299999406830466,7.599999207741348e-05,44.827802999989785,0.06482808499996338,False,False,False
dense_1_near_06_v0.5_h0.4,dense_1_near_06,7.800000000000001,0.5,0.4,binary_full,2,False,False,True,0,,5.9999990753567545e-05,0.00012699999274445872,7.500000265281415e-05,44.827802999989785,0.06482806499997594,False,False,False
dense_1_near_06_v1.0_h0.2,dense_1_near_06,7.800000000000001,1.0,0.2,json_combined,0,False,False,True,0,,8.000000661922968e-05,0.00020100000597267353,8.099999604382901e-05,44.827802999989785,0.06482816499999842,False,False,False
dense_1_near_06_v1.0_h0.2,dense_1_near_06,7.800000000000001,1.0,0.2,binary_full,1,False,False,True,0,,6.400000529538374e-05,0.0001330000003463283,0.00011000000199601345,44.827802999989785,0.06482810999999743,False,False,False
dense_1_near_06_v1.0_h0.2,dense_1_near_06,7.800000000000001,1.0,0.2,binary_combined,2,False,False,True,0,,5.3999997362552676e-05,0.00016800001390038233,8.300000331473711e-05,44.827802999989785,0.06482810800000437,False,False,False
dense_1_near_06_v1.0_h0.3,dense_1_near_06,7.800000000000001,1.0,0.3,binary_full,0,False,False,True,0,,0.00014299999406830466,0.00015400000563658978,8.099999604382901e-05,44.827802999989785,0.06482818099998554,False,False,False
dense_1_near_06_v1.0_h0.3,dense_1_near_06,7.800000000000001,1.0,0.3,binary_combined,1,False,False,True,0,,5.599999042260606e-05,0.00014200000464370532,7.799999934832158e-05,44.827802999989785,0.0648280789999842,False,False,False
dense_1_near_06_v1.0_h0.3,dense_1_near_06,7.800000000000001,1.0,0.3,json_combined,2,False,False,True,0,,5.5000000998006726e-05,0.00013800000431274384,7.39999990173601e-05,44.827802999989785,0.06482806999999412,False,False,False
dense_1_near_06_v1.0_h0.4,dense_1_near_06,7.800000000000001,1.0,0.4,binary_combined,0,False,False,True,0,,9.500000430762157e-05,0.0001549999950611891,0.0001239999960489513,44.827802999989785,0.06482817699998521,False,False,False
dense_1_near_06_v1.0_h0.4,dense_1_near_06,7.800000000000001,1.0,0.4,json_combined,1,False,False,True,0,,5.199999009164458e-05,0.0001589999953921506,7.500000265281415e-05,44.827802999989785,0.06482808899997793,False,False,False
dense_1_near_06_v1.0_h0.4,dense_1_near_06,7.800000000000001,1.0,0.4,binary_full,2,False,False,True,0,,7.299999538190605e-05,0.0001309999930754202,0.0001089999983605594,44.827802999989785,0.06482811599997661,False,False,False
dense_1_near_07_v0.0_h0.2,dense_1_near_07,7.8500000000000005,0.0,0.2,json_combined,0,False,False,True,0,,0.00020200000960812758,0.0006709999951226564,0.00016600000662947423,60.46323799999698,0.08046427700000834,False,False,False
dense_1_near_07_v0.0_h0.2,dense_1_near_07,7.8500000000000005,0.0,0.2,binary_full,1,False,False,True,0,,9.199999340125942e-05,0.00028499999871201,0.00014900000167017424,60.46323799999698,0.08046376399999076,False,False,False
dense_1_near_07_v0.0_h0.2,dense_1_near_07,7.8500000000000005,0.0,0.2,binary_combined,2,False,False,True,0,,8.000000661922968e-05,0.00013800000431274384,8.099999604382901e-05,60.46323799999698,0.08046353700000396,False,False,False
dense_1_near_07_v0.0_h0.3,dense_1_near_07,7.8500000000000005,0.0,0.3,binary_full,0,False,False,True,0,,9.700001157852967e-05,0.00015599999869664316,0.0001089999983605594,60.46323799999698,0.08046360000000562,False,False,False
dense_1_near_07_v0.0_h0.3,dense_1_near_07,7.8500000000000005,0.0,0.3,binary_combined,1,False,False,True,0,,5.799999769351416e-05,0.00011699999902248237,0.0001069999910896513,60.46323799999698,0.08046351999998479,False,False,False
dense_1_near_07_v0.0_h0.3,dense_1_near_07,7.8500000000000005,0.0,0.3,json_combined,2,False,False,True,0,,7.699999571286753e-05,0.00017300000365594315,7.999999240837496e-05,60.46323799999698,0.08046356799998876,False,False,False
dense_1_near_07_v0.0_h0.4,dense_1_near_07,7.8500000000000005,0.0,0.4,binary_combined,0,False,False,True,0,,0.00011599999538702832,0.00013999999737279722,8.49999963747905e-05,60.46323799999698,0.08046357899998612,False,False,False
dense_1_near_07_v0.0_h0.4,dense_1_near_07,7.8500000000000005,0.0,0.4,json_combined,1,False,False,True,0,,5.7000008268914826e-05,0.00015199999836568168,8.300000331473711e-05,60.46323799999698,0.08046353000000693,False,False,False
dense_1_near_07_v0.0_h0.4,dense_1_near_07,7.8500000000000005,0.0,0.4,binary_full,2,False,False,True,0,,5.6000004633460776e-05,0.00012000000992884452,7.900000298377563e-05,60.46323799999698,0.08046349300001453,False,False,False
dense_1_near_07_v0.5_h0.2,dense_1_near_07,7.8500000000000005,0.5,0.2,json_combined,0,False,False,True,0,,0.00010300000496954453,0.00017600000035145058,8.70000036456986e-05,60.46323799999698,0.08046360400000595,False,False,False
dense_1_near_07_v0.5_h0.2,dense_1_near_07,7.8500000000000005,0.5,0.2,binary_full,1,False,False,True,0,,5.900000132896821e-05,0.0001590000096030053,9.100000397666008e-05,60.46323799999698,0.08046354700001189,False,False,False
dense_1_near_07_v0.5_h0.2,dense_1_near_07,7.8500000000000005,0.5,0.2,binary_combined,2,False,False,True,0,,5.3999997362552676e-05,0.00011200000926692155,8.600000001024455e-05,60.46323799999698,0.08046349000000362,False,False,False
dense_1_near_07_v0.5_h0.3,dense_1_near_07,7.8500000000000005,0.5,0.3,binary_full,0,False,False,True,0,,0.00012999998943996616,0.00017099999638503505,0.00010499999802959792,60.46323799999698,0.08046364399998084,False,False,False
dense_1_near_07_v0.5_h0.3,dense_1_near_07,7.8500000000000005,0.5,0.3,binary_combined,1,False,False,True,0,,5.900000132896821e-05,0.00014699999439926614,8.099999604382901e-05,60.46323799999698,0.08046352499998875,False,False,False
dense_1_near_07_v0.5_h0.3,dense_1_near_07,7.8500000000000005,0.5,0.3,json_combined,2,False,False,True,0,,5.7000008268914826e-05,0.0001610000026630587,8.099999604382901e-05,60.46323799999698,0.08046353700000396,False,False,False
dense_1_near_07_v0.5_h0.4,dense_1_near_07,7.8500000000000005,0.5,0.4,binary_combined,0,False,False,True,0,,9.8000001003129e-05,0.00013200001092172897,0.00010500001224045263,60.46323799999698,0.08046357300002115,False,False,False
dense_1_near_07_v0.5_h0.4,dense_1_near_07,7.8500000000000005,0.5,0.4,json_combined,1,False,False,True,0,,5.699999405806011e-05,0.0001589999953921506,0.00012799999637991277,60.46323799999698,0.08046358199998281,False,False,False
dense_1_near_07_v0.5_h0.4,dense_1_near_07,7.8500000000000005,0.5,0.4,binary_full,2,False,False,True,0,,5.900000132896821e-05,0.00013400000398178236,7.500000265281415e-05,60.46323799999698,0.08046350600000494,False,False,False
dense_1_near_07_v1.0_h0.2,dense_1_near_07,7.8500000000000005,1.0,0.2,json_combined,0,False,False,True,0,,8.000000661922968e-05,0.00015099999473022763,0.00010799999472510535,60.46323799999698,0.08046357699999306,False,False,False
dense_1_near_07_v1.0_h0.2,dense_1_near_07,7.8500000000000005,1.0,0.2,binary_full,1,False,False,True,0,,4.999999703159119e-05,0.0001110000056314675,7.299999538190605e-05,60.46323799999698,0.08046347199999503,False,False,False
dense_1_near_07_v1.0_h0.2,dense_1_near_07,7.8500000000000005,1.0,0.2,binary_combined,2,False,False,True,0,,5.300000793795334e-05,0.00010399999439414387,7.400001322821481e-05,60.46323799999698,0.08046346900001254,False,False,False
dense_1_near_07_v1.0_h0.3,dense_1_near_07,7.8500000000000005,1.0,0.3,binary_full,0,False,False,True,0,,9.000000034120603e-05,0.0001630000099339668,0.00010099999769863643,60.46323799999698,0.08046359200000495,False,False,False
dense_1_near_07_v1.0_h0.3,dense_1_near_07,7.8500000000000005,1.0,0.3,binary_combined,1,False,False,True,0,,5.3999997362552676e-05,0.00012799999637991277,7.39999990173601e-05,60.46323799999698,0.08046349399998974,False,False,False
dense_1_near_07_v1.0_h0.3,dense_1_near_07,7.8500000000000005,1.0,0.3,json_combined,2,False,False,True,0,,6.499999471998308e-05,0.0001570000023320972,7.39999990173601e-05,60.46323799999698,0.08046353399999305,False,False,False
dense_1_near_07_v1.0_h0.4,dense_1_near_07,7.8500000000000005,1.0,0.4,binary_combined,0,False,False,True,0,,8.300000331473711e-05,0.0001439999977037587,7.699999571286753e-05,60.46323799999698,0.08046354199999371,False,False,False
dense_1_near_07_v1.0_h0.4,dense_1_near_07,7.8500000000000005,1.0,0.4,json_combined,1,False,False,True,0,,5.2999993727098627e-05,0.0001370000006772898,7.299999538190605e-05,60.46323799999698,0.08046350099998677,False,False,False
dense_1_near_07_v1.0_h0.4,dense_1_near_07,7.8500000000000005,1.0,0.4,binary_full,2,False,False,True,0,,5.300000793795334e-05,0.0001110000056314675,7.39999990173601e-05,60.46323799999698,0.08046347600000957,False,False,False
dense_1_near_08_v0.0_h0.2,dense_1_near_08,7.9,0.0,0.2,json_combined,0,False,False,True,0,,0.00015800000596755126,0.0007170000060341408,0.00014500000133921276,68.33924900000454,0.08834026900001789,False,False,False
dense_1_near_08_v0.0_h0.2,dense_1_near_08,7.9,0.0,0.2,binary_full,1,False,False,True,0,,8.600000001024455e-05,0.00020099999176181882,9.299999703671347e-05,68.33924900000454,0.08833962899999336,False,False,False
dense_1_near_08_v0.0_h0.2,dense_1_near_08,7.9,0.0,0.2,binary_combined,2,False,False,True,0,,5.799999769351416e-05,0.00013400000398178236,7.700000992372225e-05,68.33924900000454,0.08833951800001615,False,False,False
dense_1_near_08_v0.0_h0.3,dense_1_near_08,7.9,0.0,0.3,binary_full,0,False,False,True,0,,0.00015799999175669655,0.0001419999904328506,8.899999670575198e-05,68.33924900000454,0.08833963799998344,False,False,False
dense_1_near_08_v0.0_h0.3,dense_1_near_08,7.9,0.0,0.3,binary_combined,1,False,False,True,0,,4.999999703159119e-05,0.00012700000695531344,7.799999934832158e-05,68.33924900000454,0.08833950400000788,False,False,False
dense_1_near_08_v0.0_h0.3,dense_1_near_08,7.9,0.0,0.3,json_combined,2,False,False,True,0,,5.2999993727098627e-05,0.0001500000053056283,7.699999571286753e-05,68.33924900000454,0.08833952899999929,False,False,False
dense_1_near_08_v0.0_h0.4,dense_1_near_08,7.9,0.0,0.4,binary_combined,0,False,False,True,0,,8.199999967928306e-05,0.00014200000464370532,7.500000265281415e-05,68.33924900000454,0.08833954800001152,False,False,False
dense_1_near_08_v0.0_h0.4,dense_1_near_08,7.9,0.0,0.4,json_combined,1,False,False,True,0,,5.5000000998006726e-05,0.00015599999869664316,7.900000298377563e-05,68.33924900000454,0.08833953900000723,False,False,False
dense_1_near_08_v0.0_h0.4,dense_1_near_08,7.9,0.0,0.4,binary_full,2,False,False,True,0,,5.200000430249929e-05,0.00011099999142061279,7.500000265281415e-05,68.33924900000454,0.08833948700000292,False,False,False
dense_1_near_08_v0.5_h0.2,dense_1_near_08,7.9,0.5,0.2,json_combined,0,False,False,True,0,,9.199999340125942e-05,0.00018400000101337355,7.799999934832158e-05,68.33924900000454,0.08833960299999831,False,False,False
dense_1_near_08_v0.5_h0.2,dense_1_near_08,7.9,0.5,0.2,binary_full,1,False,False,True,0,,5.3999997362552676e-05,0.00014500000133921276,7.699999571286753e-05,68.33924900000454,0.08833952499999896,False,False,False
dense_1_near_08_v0.5_h0.2,dense_1_near_08,7.9,0.5,0.2,binary_combined,2,False,False,True,0,,5.100000066704524e-05,0.0001479999980347202,7.60000062882682e-05,68.33924900000454,0.08833952400000954,False,False,False
dense_1_near_08_v0.5_h0.3,dense_1_near_08,7.9,0.5,0.3,binary_full,0,False,False,True,0,,0.00011599999538702832,0.0001479999980347202,9.59999937322209e-05,68.33924900000454,0.0883396089999917,False,False,False
dense_1_near_08_v0.5_h0.3,dense_1_near_08,7.9,0.5,0.3,binary_combined,1,False,False,True,0,,5.7000008268914826e-05,0.00012799999637991277,9.8000001003129e-05,68.33924900000454,0.0883395320000102,False,False,False
dense_1_near_08_v0.5_h0.3,dense_1_near_08,7.9,0.5,0.3,json_combined,2,False,False,True,0,,5.2999993727098627e-05,0.0001459999907638121,7.300000959276076e-05,68.33924900000454,0.08833952099999863,False,False,False
dense_1_near_08_v0.5_h0.4,dense_1_near_08,7.9,0.5,0.4,binary_combined,0,False,False,True,0,,8.099999604382901e-05,0.00011400000232697494,7.899998877292091e-05,68.33924900000454,0.08833952299999169,False,False,False
dense_1_near_08_v0.5_h0.4,dense_1_near_08,7.9,0.5,0.4,json_combined,1,False,False,True,0,,5.7000008268914826e-05,0.00014900000167017424,7.200000595730671e-05,68.33924900000454,0.08833952700002044,False,False,False
dense_1_near_08_v0.5_h0.4,dense_1_near_08,7.9,0.5,0.4,binary_full,2,False,False,True,0,,4.999999703159119e-05,0.0001220000029888979,7.500000265281415e-05,68.33924900000454,0.08833949600000722,False,False,False
dense_1_near_08_v1.0_h0.2,dense_1_near_08,7.9,1.0,0.2,json_combined,0,False,False,True,0,,7.699999571286753e-05,0.00015100000894108234,8.099999604382901e-05,68.33924900000454,0.08833955800000524,False,False,False
dense_1_near_08_v1.0_h0.2,dense_1_near_08,7.9,1.0,0.2,binary_full,1,False,False,True,0,,5.200000430249929e-05,0.000124000010259806,7.300000959276076e-05,68.33924900000454,0.0883394980000287,False,False,False
dense_1_near_08_v1.0_h0.2,dense_1_near_08,7.9,1.0,0.2,binary_combined,2,False,False,True,0,,5.100000066704524e-05,0.00011000000199601345,7.499998844195943e-05,68.33924900000454,0.08833948499999565,False,False,False
dense_1_near_08_v1.0_h0.3,dense_1_near_08,7.9,1.0,0.3,binary_full,0,False,False,True,0,,5.900000132896821e-05,0.00017499999671599653,7.900000298377563e-05,68.33924900000454,0.08833956200000558,False,False,False
dense_1_near_08_v1.0_h0.3,dense_1_near_08,7.9,1.0,0.3,binary_combined,1,False,False,True,0,,5.2999993727098627e-05,0.00010499999802959792,7.700000992372225e-05,68.33924900000454,0.08833948400000623,False,False,False
dense_1_near_08_v1.0_h0.3,dense_1_near_08,7.9,1.0,0.3,json_combined,2,False,False,True,0,,7.099998811099795e-05,0.00013399998977092764,7.100000232185266e-05,68.33924900000454,0.08833952499998475,False,False,False
dense_1_near_08_v1.0_h0.4,dense_1_near_08,7.9,1.0,0.4,binary_combined,0,False,False,True,0,,0.00011000000199601345,0.0001460000049746668,9.400000067216752e-05,68.33924900000454,0.08833959900001219,False,False,False
dense_1_near_08_v1.0_h0.4,dense_1_near_08,7.9,1.0,0.4,json_combined,1,False,False,True,0,,5.2999993727098627e-05,0.00013899999373734317,9.500000430762157e-05,68.33924900000454,0.08833953599999632,False,False,False
dense_1_near_08_v1.0_h0.4,dense_1_near_08,7.9,1.0,0.4,binary_full,2,False,False,True,0,,5.799999769351416e-05,0.00011500000596242899,8.600000001024455e-05,68.33924900000454,0.08833950800000821,False,False,False
dense_1_near_09_v0.0_h0.2,dense_1_near_09,7.95,0.0,0.2,json_combined,0,False,False,True,0,,0.0002310000013494573,0.0008029999918335307,0.00016499998878316546,38.83432199999959,0.05883552099998156,False,False,False
dense_1_near_09_v0.0_h0.2,dense_1_near_09,7.95,0.0,0.2,binary_full,1,False,False,True,0,,9.900000463858305e-05,0.000276999998050087,0.0001370000006772898,38.83432199999959,0.05883483500000296,False,False,False
dense_1_near_09_v0.0_h0.2,dense_1_near_09,7.95,0.0,0.2,binary_combined,2,False,False,True,0,,5.300000793795334e-05,0.00016399999935856613,8.099999604382901e-05,38.83432199999959,0.05883462000000293,False,False,False
dense_1_near_09_v0.0_h0.3,dense_1_near_09,7.95,0.0,0.3,binary_full,0,False,False,True,0,,0.0001330000003463283,0.00023900000201138027,0.00012699999274445872,38.83432199999959,0.058834820999994694,False,False,False
dense_1_near_09_v0.0_h0.3,dense_1_near_09,7.95,0.0,0.3,binary_combined,1,False,False,True,0,,5.7000008268914826e-05,0.0001370000006772898,8.400000695019116e-05,38.83432199999959,0.05883460000001549,False,False,False
dense_1_near_09_v0.0_h0.3,dense_1_near_09,7.95,0.0,0.3,json_combined,2,False,False,True,0,,5.799999769351416e-05,0.00015399999142573506,8.400000695019116e-05,38.83432199999959,0.05883461799999566,False,False,False
dense_1_near_09_v0.0_h0.4,dense_1_near_09,7.95,0.0,0.4,binary_combined,0,False,False,True,0,,0.0003069999934268708,0.000955000004410067,0.0001939999947353499,38.83432199999959,0.058835777999992164,False,False,False
dense_1_near_09_v0.0_h0.4,dense_1_near_09,7.95,0.0,0.4,json_combined,1,False,False,True,0,,9.600000794307562e-05,0.00025800000003073364,0.00012699999274445872,38.83432199999959,0.05883480300000031,False,False,False
dense_1_near_09_v0.0_h0.4,dense_1_near_09,7.95,0.0,0.4,binary_full,2,False,False,True,0,,9.600000794307562e-05,0.00014300000827915937,7.100000232185266e-05,38.83432199999959,0.058834632000018136,False,False,False
dense_1_near_09_v0.5_h0.2,dense_1_near_09,7.95,0.5,0.2,json_combined,0,False,False,True,0,,0.00010700000530050602,0.00026899999738816405,0.0001220000029888979,38.83432199999959,0.05883482000000527,False,False,False
dense_1_near_09_v0.5_h0.2,dense_1_near_09,7.95,0.5,0.2,binary_full,1,False,False,True,0,,6.800000562634523e-05,0.00014299999406830466,8.90000109166067e-05,38.83432199999959,0.0588346220000102,False,False,False
dense_1_near_09_v0.5_h0.2,dense_1_near_09,7.95,0.5,0.2,binary_combined,2,False,False,True,0,,5.100000066704524e-05,0.00012499999968440534,7.500000265281415e-05,38.83432199999959,0.058834573000002596,False,False,False
dense_1_near_09_v0.5_h0.3,dense_1_near_09,7.95,0.5,0.3,binary_full,0,False,False,True,0,,0.00010400000860499858,0.00012499999968440534,0.00010099999769863643,38.83432199999959,0.05883465200000558,False,False,False
dense_1_near_09_v0.5_h0.3,dense_1_near_09,7.95,0.5,0.3,binary_combined,1,False,False,True,0,,5.200000430249929e-05,0.00013800000431274384,7.799999934832158e-05,38.83432199999959,0.058834590000007556,False,False,False
dense_1_near_09_v0.5_h0.3,dense_1_near_09,7.95,0.5,0.3,json_combined,2,False,False,True,0,,5.199999009164458e-05,0.00015099999473022763,7.699999571286753e-05,38.83432199999959,0.05883460199998013,False,False,False
dense_1_near_09_v0.5_h0.4,dense_1_near_09,7.95,0.5,0.4,binary_combined,0,False,False,True,0,,9.600000794307562e-05,0.00015599999869664316,7.799999934832158e-05,38.83432199999959,0.05883465200000558,False,False,False
dense_1_near_09_v0.5_h0.4,dense_1_near_09,7.95,0.5,0.4,json_combined,1,False,False,True,0,,5.200000430249929e-05,0.0001569999881212425,7.500000265281415e-05,38.83432199999959,0.05883460599999467,False,False,False
dense_1_near_09_v0.5_h0.4,dense_1_near_09,7.95,0.5,0.4,binary_full,2,False,False,True,0,,5.199999009164458e-05,0.0001239999960489513,7.60000062882682e-05,38.83432199999959,0.05883457399999202,False,False,False
dense_1_near_09_v1.0_h0.2,dense_1_near_09,7.95,1.0,0.2,json_combined,0,False,False,True,0,,9.499999009676685e-05,0.00019099999803984247,0.00011299999869152089,38.83432199999959,0.05883472099998642,False,False,False
dense_1_near_09_v1.0_h0.2,dense_1_near_09,7.95,1.0,0.2,binary_full,1,False,False,True,0,,5.200000430249929e-05,0.00012699999274445872,7.60000062882682e-05,38.83432199999959,0.05883457700000293,False,False,False
dense_1_near_09_v1.0_h0.2,dense_1_near_09,7.95,1.0,0.2,binary_combined,2,False,False,True,0,,5.200000430249929e-05,0.00010499999802959792,7.39999990173601e-05,38.83432199999959,0.05883455300000094,False,False,False
dense_1_near_09_v1.0_h0.3,dense_1_near_09,7.95,1.0,0.3,binary_full,0,False,False,True,0,,9.300001124756818e-05,0.000124000010259806,0.00010100001190949115,38.83432199999959,0.05883464000003301,False,False,False
dense_1_near_09_v1.0_h0.3,dense_1_near_09,7.95,1.0,0.3,binary_combined,1,False,False,True,0,,5.599999042260606e-05,0.00011899999208253575,7.599999207741348e-05,38.83432199999959,0.058834572999974175,False,False,False
dense_1_near_09_v1.0_h0.3,dense_1_near_09,7.95,1.0,0.3,json_combined,2,False,False,True,0,,5.200000430249929e-05,0.00013199999671087426,7.300000959276076e-05,38.83432199999959,0.0588345790000102,False,False,False
dense_1_near_09_v1.0_h0.4,dense_1_near_09,7.95,1.0,0.4,binary_combined,0,False,False,True,0,,0.00012499999968440534,0.000169999992749581,7.500000265281415e-05,38.83432199999959,0.05883469199999468,False,False,False
dense_1_near_09_v1.0_h0.4,dense_1_near_09,7.95,1.0,0.4,json_combined,1,False,False,True,0,,5.799999769351416e-05,0.00013199999671087426,7.499998844195943e-05,38.83432199999959,0.05883458699998244,False,False,False
dense_1_near_09_v1.0_h0.4,dense_1_near_09,7.95,1.0,0.4,binary_full,2,False,False,True,0,,5.199999009164458e-05,9.899999042772833e-05,7.39999990173601e-05,38.83432199999959,0.05883454699997913,False,False,False
