id,input_box_m,period_s,mode,byte_identical,geometry_verified,timing_budget_passed,refresh_ms,verify_ms,total_modeled_age_s
base_0_far_00,0.002,0.0,heterogeneous,True,False,False,0.10001000000414706,0.0003530000043383552,0.042515457000011456
base_0_far_00,0.002,0.0,uniform,True,False,False,0.00684199999767543,0.0002800000018510218,0.0424222160000025
base_0_far_00,0.002,0.02,heterogeneous,True,False,False,0.006421999998451611,0.0002709999975536448,0.042421786999998976
base_0_far_00,0.002,0.02,uniform,True,False,False,0.0034740000032229545,0.0001929999982053232,0.0424187610000044
base_0_far_00,0.002,0.05,heterogeneous,True,False,False,0.005690000001834505,0.00035999999425939677,0.042421143999999064
base_0_far_00,0.002,0.05,uniform,True,False,False,0.01229800000146497,0.00033500000284902853,0.042427727000007284
base_0_far_00,0.01,0.0,heterogeneous,True,False,False,0.003567000000259668,0.00023900000201138027,0.04241890000000524
base_0_far_00,0.01,0.0,uniform,True,False,False,0.006951999999671443,0.00031100000086325963,0.042422357000003505
base_0_far_00,0.01,0.02,heterogeneous,True,False,False,0.0031140000018581304,0.00023900000201138027,0.04241844700000684
base_0_far_00,0.01,0.02,uniform,True,False,False,0.0025890000046047135,0.00017300000365594315,0.04241785600001123
base_0_far_00,0.01,0.05,heterogeneous,True,False,False,0.0027979999970284553,0.00018499999754340024,0.04241807699999754
base_0_far_00,0.01,0.05,uniform,True,False,False,0.0031849999970745557,0.00013100000018084756,0.042418410000000226
base_0_far_01,0.002,0.0,heterogeneous,True,False,False,0.003929000001789973,0.000365999994755839,0.03149544699999794
base_0_far_01,0.002,0.0,uniform,True,False,False,0.0024600000045893466,0.0002060000028336617,0.03149381800000882
base_0_far_01,0.002,0.02,heterogeneous,True,False,False,0.002527999996004837,0.00019200000167529652,0.031493871999999076
base_0_far_01,0.002,0.02,uniform,True,False,False,0.0025220000026138223,0.00016700000315950092,0.03149384100000717
base_0_far_01,0.002,0.05,heterogeneous,True,False,False,0.003464000002395551,0.00032000000516063665,0.03149493600000895
base_0_far_01,0.002,0.05,uniform,True,False,False,0.00228799999746343,0.00022799999754852251,0.03149366799999641
base_0_far_01,0.01,0.0,heterogeneous,True,False,False,0.002233000003570851,0.00017600000035145058,0.03149356100000532
base_0_far_01,0.01,0.0,uniform,True,False,False,0.0026539999993246965,0.00020000000233721948,0.03149400600000306
base_0_far_01,0.01,0.02,heterogeneous,True,False,False,0.0028510000049664086,0.00025300000316974547,0.03149425600000953
base_0_far_01,0.01,0.02,uniform,True,False,False,0.002215999998611551,0.00018800000134433503,0.03149355600000135
base_0_far_01,0.01,0.05,heterogeneous,True,False,False,0.0019800000004011054,0.00016500000299402018,0.03149329700000479
base_0_far_01,0.01,0.05,uniform,True,False,False,0.002321000003746576,0.00011600000249245568,0.031493589000007635
base_0_far_02,0.002,0.0,heterogeneous,True,False,False,0.003512999995791688,0.00032400000549159813,0.044820206000001125
base_0_far_02,0.002,0.0,uniform,True,False,False,0.003776999996318864,0.0003180000049951559,0.044820464000001156
base_0_far_02,0.002,0.02,heterogeneous,True,False,False,0.0033970000004046597,0.00030300000020133666,0.04482006900000045
base_0_far_02,0.002,0.02,uniform,True,False,False,0.0037800000001197986,0.0003480000003719397,0.044820497000000334
base_0_far_02,0.002,0.05,heterogeneous,True,False,False,0.0030080000001930784,0.00031100000086325963,0.0448196880000009
base_0_far_02,0.002,0.05,uniform,True,False,False,0.002403000003425859,0.00021500000002561137,0.044818987000003294
base_0_far_02,0.01,0.0,heterogeneous,True,False,False,0.002466999994510388,0.00019400000184077726,0.04481902999999619
base_0_far_02,0.01,0.0,uniform,True,False,False,0.0020980000030590418,0.0001969999985362847,0.04481866400000144
base_0_far_02,0.01,0.02,heterogeneous,True,False,False,0.0026360000049407972,0.00020000000233721948,0.04481920500000712
base_0_far_02,0.01,0.02,uniform,True,False,False,0.0020390000017300736,0.00016700000315950092,0.04481857500000473
base_0_far_02,0.01,0.05,heterogeneous,True,False,False,0.0022450000045637353,0.00015100000183565498,0.04481876500000624
base_0_far_02,0.01,0.05,uniform,True,False,False,0.002246000001093762,0.0001619999991930854,0.04481877700000013
base_0_far_03,0.002,0.0,heterogeneous,True,False,False,0.0035159999995926228,0.0003670000054967204,0.04007046600000351
base_0_far_03,0.002,0.0,uniform,True,False,False,0.0022939999979598724,0.00017699999688147727,0.04006905399999326
base_0_far_03,0.002,0.02,heterogeneous,True,False,False,0.0022820000040724153,0.00020200000250270023,0.040069067000004996
base_0_far_03,0.002,0.02,uniform,True,False,False,0.0023439999949914636,0.00017600000035145058,0.040069102999993764
base_0_far_03,0.002,0.05,heterogeneous,True,False,False,0.0024879999998006497,0.0002039999955627536,0.040069274999993784
base_0_far_03,0.002,0.05,uniform,True,False,False,0.002652000006264643,0.00029399999590395964,0.04006952900000059
base_0_far_03,0.01,0.0,heterogeneous,True,False,False,0.002548000004765072,0.0002170000001910921,0.04006934800000338
base_0_far_03,0.01,0.0,uniform,True,False,False,0.0026399999981663314,0.000231999997879484,0.04006945499999447
base_0_far_03,0.01,0.02,heterogeneous,True,False,False,0.0025300000032757453,0.00022500000085301508,0.04006933800000255
base_0_far_03,0.01,0.02,uniform,True,False,False,0.002447999996491035,0.00017600000035145058,0.04006920699999526
base_0_far_03,0.01,0.05,heterogeneous,True,False,False,0.002473000002112258,0.00021600000366106542,0.040069272000004194
base_0_far_03,0.01,0.05,uniform,True,False,False,0.0023079999991182376,0.00017400000018596984,0.040069064999997725
base_0_far_04,0.002,0.0,heterogeneous,True,False,False,0.0031639999988897216,0.00031100000086325963,0.035837165000000656
base_0_far_04,0.002,0.0,uniform,True,False,False,0.0025200000024483415,0.00021299999986013063,0.03583642300000321
base_0_far_04,0.002,0.02,heterogeneous,True,False,False,0.0032350000012115743,0.00025499999622979885,0.035837179999998345
base_0_far_04,0.002,0.02,uniform,True,False,False,0.0026559999994901773,0.00022599999738304177,0.03583657199999778
base_0_far_04,0.002,0.05,heterogeneous,True,False,False,0.0024679999981458423,0.0002350000016804188,0.03583639300000073
base_0_far_04,0.002,0.05,uniform,True,False,False,0.0023519999956533866,0.0001929999982053232,0.03583623499999476
base_0_far_04,0.01,0.0,heterogeneous,True,False,False,0.0024709999948413497,0.00017800000051693132,0.03583633899999626
base_0_far_04,0.01,0.0,uniform,True,False,False,0.002117000001078395,0.00018000000068241206,0.035835987000002664
base_0_far_04,0.01,0.02,heterogeneous,True,False,False,0.004265000001169028,0.00033199999904809374,0.03583828700000112
base_0_far_04,0.01,0.02,uniform,True,False,False,0.003947999999809326,0.0003580000011993434,0.03583799600000191
base_0_far_04,0.01,0.05,heterogeneous,True,False,False,0.003589999998609983,0.00025700000350070695,0.035837537000003014
base_0_far_04,0.01,0.05,uniform,True,False,False,0.0037670000025968875,0.0002590000036661877,0.035837716000007167
base_0_far_05,0.002,0.0,heterogeneous,True,False,False,0.003544000001909353,0.0003050000003668174,0.038163070000003504
base_0_far_05,0.002,0.0,uniform,True,False,False,0.002261000005887581,0.00020000000233721948,0.03816168200000945
base_0_far_05,0.002,0.02,heterogeneous,True,False,False,0.0023250000040775376,0.00017899999704695801,0.03816172500000235
base_0_far_05,0.002,0.02,uniform,True,False,False,0.002189999996460301,0.00018499999754340024,0.03816159599999523
base_0_far_05,0.002,0.05,heterogeneous,True,False,False,0.002125999998270345,0.00023200000498491136,0.038161579000004484
base_0_far_05,0.002,0.05,uniform,True,False,False,0.002037000001564593,0.00018400000101337355,0.038161442000003806
base_0_far_05,0.01,0.0,heterogeneous,True,False,False,0.002247000004729216,0.0001610000026630587,0.03816162900000862
base_0_far_05,0.01,0.0,uniform,True,False,False,0.003552999999101303,0.0002919999957384789,0.03816306599999607
base_0_far_05,0.01,0.02,heterogeneous,True,False,False,0.002717999997514653,0.0002459999990378492,0.03816218499999778
base_0_far_05,0.01,0.02,uniform,True,False,False,0.0024530000004574504,0.00022999999771400326,0.0381619039999994
base_0_far_05,0.01,0.05,heterogeneous,True,False,False,0.002291000001264365,0.0002069999993636884,0.038161719000001856
base_0_far_05,0.01,0.05,uniform,True,False,False,0.0024289999984716815,0.00016599999952404687,0.038161815999999224
base_0_far_06,0.002,0.0,heterogeneous,True,False,False,0.004230000001825829,0.00036699999839129305,0.0370861759999994
base_0_far_06,0.002,0.0,uniform,True,False,False,0.0030300000020133666,0.00026599999358722926,0.037084874999994785
base_0_far_06,0.002,0.02,heterogeneous,True,False,False,0.0031659999990552024,0.0002989999998703752,0.03708504399999811
base_0_far_06,0.002,0.02,uniform,True,False,False,0.0027290000019775107,0.00023800000548135358,0.037084546000006643
base_0_far_06,0.002,0.05,heterogeneous,True,False,False,0.0027170000009846262,0.00021800000382654616,0.037084514000003996
base_0_far_06,0.002,0.05,uniform,True,False,False,0.002149000003726087,0.0001619999991930854,0.037083890000002104
base_0_far_06,0.01,0.0,heterogeneous,True,False,False,0.0023620000035862176,0.00018499999754340024,0.037084126000000314
base_0_far_06,0.01,0.0,uniform,True,False,False,0.002860999998688385,0.00021500000002561137,0.0370846549999979
base_0_far_06,0.01,0.02,heterogeneous,True,False,False,0.0025050000047599497,0.00017600000035145058,0.037084260000004296
base_0_far_06,0.01,0.02,uniform,True,False,False,0.0025200000024483415,0.00018000000068241206,0.037084279000002315
base_0_far_06,0.01,0.05,heterogeneous,True,False,False,0.0019499999979188942,0.00018799999423890768,0.03708371699999134
base_0_far_06,0.01,0.05,uniform,True,False,False,0.0021439999997596715,0.00018099999721243876,0.03708390399999616
base_0_far_07,0.002,0.0,heterogeneous,True,False,False,0.0036619999974618622,0.00031600000482967516,0.04183372600000411
base_0_far_07,0.002,0.0,uniform,True,False,False,0.002749000003632318,0.0002240000043229884,0.04183272100000977
base_0_far_07,0.002,0.02,heterogeneous,True,False,False,0.002416999997478797,0.0001939999947353499,0.04183235899999403
base_0_far_07,0.002,0.02,uniform,True,False,False,0.002283000000602442,0.00014900000167017424,0.04183218000000409
base_0_far_07,0.002,0.05,heterogeneous,True,False,False,0.0024610000011193733,0.0002109999996946499,0.04183242000000263
base_0_far_07,0.002,0.05,uniform,True,False,False,0.0023619999964807903,0.00018099999721243876,0.04183229099999551
base_0_far_07,0.01,0.0,heterogeneous,True,False,False,0.0022870000009334035,0.00018300000448334686,0.041832218000007235
base_0_far_07,0.01,0.0,uniform,True,False,False,0.002304999995317303,0.00017400000018596984,0.04183222699999732
base_0_far_07,0.01,0.02,heterogeneous,True,False,False,0.002170000001910921,0.00012900000001536682,0.041832047000003744
base_0_far_07,0.01,0.02,uniform,True,False,False,0.0025499999978251253,0.00021900000035657285,0.041832517
base_0_far_07,0.01,0.05,heterogeneous,True,False,False,0.002347999995322425,0.0002069999993636884,0.041832302999996504
base_0_far_07,0.01,0.05,uniform,True,False,False,0.002294999994489899,0.00013400000398178236,0.04183217700000029
base_0_far_08,0.002,0.0,heterogeneous,True,False,False,0.003304000003367946,0.0003339999992135745,0.03754266700000429
base_0_far_08,0.002,0.0,uniform,True,False,False,0.002870000002985762,0.0003050000003668174,0.03754220400000506
base_0_far_08,0.002,0.02,heterogeneous,True,False,False,0.0024279999948362274,0.0001950000054762313,0.03754165200000202
base_0_far_08,0.002,0.02,uniform,True,False,False,0.002453999996987477,0.00020199999539727287,0.03754168499999409
base_0_far_08,0.002,0.05,heterogeneous,True,False,False,0.002448000003596462,0.0002450000025078225,0.03754172200000781
base_0_far_08,0.002,0.05,uniform,True,False,False,0.031239999998433632,0.0002949999995394137,0.03757056399999968
base_0_far_08,0.01,0.0,heterogeneous,True,False,False,0.002564000006088918,0.00020499999919820766,0.037541798000006996
base_0_far_08,0.01,0.0,uniform,True,False,False,0.002160999997613544,0.00012799999637991277,0.0375413179999957
base_0_far_08,0.01,0.02,heterogeneous,True,False,False,0.0023250000040775376,0.00017700000398690463,0.03754153100000977
base_0_far_08,0.01,0.02,uniform,True,False,False,0.0025040000011244956,0.0001360000041472631,0.03754166900000698
base_0_far_08,0.01,0.05,heterogeneous,True,False,False,0.002184999999599313,0.00020400000266818097,0.037541418000003976
base_0_far_08,0.01,0.05,uniform,True,False,False,0.0023999999996249244,0.0002060000028336617,0.03754163500000417
base_0_far_09,0.002,0.0,heterogeneous,True,False,False,0.003147000001035849,0.00028999999557299816,0.041361118999998045
base_0_far_09,0.002,0.0,uniform,True,False,False,0.0024140000007832896,0.00021900000035657285,0.041360315000002576
base_0_far_09,0.002,0.02,heterogeneous,True,False,False,0.0318709999973521,0.0002859999952420367,0.04138983899999403
base_0_far_09,0.002,0.02,uniform,True,False,False,0.002600000001962144,0.00017700000398690463,0.041360459000007385
base_0_far_09,0.002,0.05,heterogeneous,True,False,False,0.0023249999969721102,0.00023600000531587284,0.041360243000003724
base_0_far_09,0.002,0.05,uniform,True,False,False,0.0025159999950119527,0.00018499999754340024,0.04136038299999399
base_0_far_09,0.01,0.0,heterogeneous,True,False,False,0.0022859999972979494,0.00019000000150981577,0.041360158000000244
base_0_far_09,0.01,0.0,uniform,True,False,False,0.0023179999999456413,0.00017700000398690463,0.04136017700000537
base_0_far_09,0.01,0.02,heterogeneous,True,False,False,0.0023720000044136214,0.00016699999605407356,0.041360221000001904
base_0_far_09,0.01,0.02,uniform,True,False,False,0.0021900000035657285,0.00016300000282853944,0.04136003500000783
base_0_far_09,0.01,0.05,heterogeneous,True,False,False,0.002082000001735196,0.00021600000366106542,0.04135998000000683
base_0_far_09,0.01,0.05,uniform,True,False,False,0.0020920000025625995,0.000249000002838784,0.04136002300000684
base_0_free_01,0.002,0.0,heterogeneous,True,False,False,0.003167999999220683,0.0002669999972226833,0.03148322399999558
base_0_free_01,0.002,0.0,uniform,True,False,False,0.0021400000065341374,0.00018699999770888098,0.03148211600000338
base_0_free_01,0.002,0.02,heterogeneous,True,False,False,0.002088000002231638,0.00016900000332498166,0.03148204600000469
base_0_free_01,0.002,0.02,uniform,True,False,False,0.002358000003255256,0.0002060000028336617,0.03148235300000522
base_0_free_01,0.002,0.05,heterogeneous,True,False,False,0.0022870000009334035,0.00016900000332498166,0.03148224500000339
base_0_free_01,0.002,0.05,uniform,True,False,False,0.002897999998197065,0.00026100000383166844,0.03148294800000116
base_0_free_01,0.01,0.0,heterogeneous,True,False,False,0.0024639999978148808,0.00014599999786923945,0.03148239899999482
base_0_free_01,0.01,0.0,uniform,True,False,False,0.0021290000020712796,0.00017700000398690463,0.03148209500000519
base_0_free_01,0.01,0.02,heterogeneous,True,False,False,0.0022930000014298457,0.0001729999965505158,0.031482254999997114
base_0_free_01,0.01,0.02,uniform,True,False,False,0.004654000001380609,0.0003580000011993434,0.031484801000001714
base_0_free_01,0.01,0.05,heterogeneous,True,False,False,0.0022169999951415775,0.0002459999990378492,0.03148225199999331
base_0_free_01,0.01,0.05,uniform,True,False,False,0.002373000000943648,0.00020899999952916914,0.03148237099999961
base_0_free_02,0.002,0.0,heterogeneous,True,False,False,0.003652000003739886,0.0003290000023525863,0.03314774300000643
base_0_free_02,0.002,0.0,uniform,True,False,False,0.0023690000006126866,0.0001729999965505158,0.0331463039999975
base_0_free_02,0.002,0.02,heterogeneous,True,False,False,0.0022709999996095576,0.0001829999973779195,0.03314621599999733
base_0_free_02,0.002,0.02,uniform,True,False,False,0.0022930000014298457,0.0001689999962195543,0.03314622399999799
base_0_free_02,0.002,0.05,heterogeneous,True,False,False,0.0023679999969772325,0.0001969999985362847,0.033146326999995854
base_0_free_02,0.002,0.05,uniform,True,False,False,0.0024750000022777385,0.0001720000000204891,0.03314640900000264
base_0_free_02,0.01,0.0,heterogeneous,True,False,False,0.0020219999967707736,0.00018699999770888098,0.03314597099999482
base_0_free_02,0.01,0.0,uniform,True,False,False,0.002830999996206174,0.0002499999993688107,0.033146842999995915
base_0_free_02,0.01,0.02,heterogeneous,True,False,False,0.0022900000047343383,0.0002109999996946499,0.03314626300000477
base_0_free_02,0.01,0.02,uniform,True,False,False,0.002477999998973246,0.0002039999955627536,0.033146443999994876
base_0_free_02,0.01,0.05,heterogeneous,True,False,False,0.0022580000020866464,0.00021199999622467658,0.03314623199999865
base_0_free_02,0.01,0.05,uniform,True,False,False,0.0020519999992529847,0.0001710000034904624,0.033145985000003084
base_0_free_03,0.002,0.0,heterogeneous,True,False,False,0.0046840000038628204,0.0003169999942542745,0.04232563599999971
base_0_free_03,0.002,0.0,uniform,True,False,False,0.0022810000004369613,0.00022399999721756103,0.042323139999999246
base_0_free_03,0.002,0.02,heterogeneous,True,False,False,0.002260999998782154,0.00019700000564171205,0.042323093000006015
base_0_free_03,0.002,0.02,uniform,True,False,False,0.0023380000016004487,0.000196000002006258,0.0423231690000052
base_0_free_03,0.002,0.05,heterogeneous,True,False,False,0.002471000001946777,0.0002079999958937151,0.04232331399999943
base_0_free_03,0.002,0.05,uniform,True,False,False,0.002292000004899819,0.00017400000018596984,0.04232310100000668
base_0_free_03,0.01,0.0,heterogeneous,True,False,False,0.002412000000617809,0.00018800000134433503,0.04232323500000355
base_0_free_03,0.01,0.0,uniform,True,False,False,0.0024980000006280534,0.00020800000299914245,0.04232334100000522
base_0_free_03,0.01,0.02,heterogeneous,True,False,False,0.0020610000035503617,0.0001820000008478928,0.04232287800000599
base_0_free_03,0.01,0.02,uniform,True,False,False,0.002698000002965273,0.00020800000299914245,0.042323541000007556
base_0_free_03,0.01,0.05,heterogeneous,True,False,False,0.0024339999953326696,0.00019000000150981577,0.042323258999998434
base_0_free_03,0.01,0.05,uniform,True,False,False,0.002386999994996586,0.00019499999837080395,0.04232321699999496
base_0_free_04,0.002,0.0,heterogeneous,True,False,False,0.003241999998238043,0.00033900000317999,0.05929791700000074
base_0_free_04,0.002,0.0,uniform,True,False,False,0.0025079999943500297,0.00022300000068753434,0.05929706699999436
base_0_free_04,0.002,0.02,heterogeneous,True,False,False,0.0023549999994543214,0.00021800000382654616,0.059296909000002604
base_0_free_04,0.002,0.02,uniform,True,False,False,0.0025479999976596446,0.00015599999869664316,0.05929703999999568
base_0_free_04,0.002,0.05,heterogeneous,True,False,False,0.002482000006409635,0.00020100000597267353,0.059297019000011705
base_0_free_04,0.002,0.05,uniform,True,False,False,0.0024160000009487703,0.00015500000216661647,0.05929690700000244
base_0_free_04,0.01,0.0,heterogeneous,True,False,False,0.0021100000040519262,0.00016599999952404687,0.0592966120000029
base_0_free_04,0.01,0.0,uniform,True,False,False,0.002510000001620938,0.0002039999955627536,0.05929704999999651
base_0_free_04,0.01,0.02,heterogeneous,True,False,False,0.0022210000025779664,0.00017600000035145058,0.05929673300000225
base_0_free_04,0.01,0.02,uniform,True,False,False,0.002127000001905799,0.00011499999885700163,0.059296578000000086
base_0_free_04,0.01,0.05,heterogeneous,True,False,False,0.002537999996832241,0.00021999999688659955,0.05929709399999304
base_0_free_04,0.01,0.05,uniform,True,False,False,0.0024349999989681237,0.00018000000068241206,0.059296950999998974
base_0_free_05,0.002,0.0,heterogeneous,True,False,False,0.0033250000015527803,0.00032700000218710557,0.059526082000005406
base_0_free_05,0.002,0.0,uniform,True,False,False,0.00255300000162606,0.000231999997879484,0.05952521500000117
base_0_free_05,0.002,0.02,heterogeneous,True,False,False,0.0024429999996300467,0.00020599999572823435,0.059525078999997025
base_0_free_05,0.002,0.02,uniform,True,False,False,0.0022870000009334035,0.0001720000000204891,0.05952488900000262
base_0_free_05,0.002,0.05,heterogeneous,True,False,False,0.002772000001982633,0.00021900000035657285,0.059525421000004006
base_0_free_05,0.002,0.05,uniform,True,False,False,0.004330999999524465,0.0003220000053261174,0.05952708300000652
base_0_free_05,0.01,0.0,heterogeneous,True,False,False,0.0043750000031650416,0.00029699999970489444,0.059527102000004536
base_0_free_05,0.01,0.0,uniform,True,False,False,0.003800000001774606,0.00032100000169066334,0.05952655100000513
base_0_free_05,0.01,0.02,heterogeneous,True,False,False,0.0033079999965934803,0.0002879999954075174,0.05952602599999367
base_0_free_05,0.01,0.02,uniform,True,False,False,0.002588999997499286,0.0001820000008478928,0.059525201000000014
base_0_free_05,0.01,0.05,heterogeneous,True,False,False,0.0037680000062323415,0.0003090000006977789,0.0595265070000086
base_0_free_05,0.01,0.05,uniform,True,False,False,0.004091000000983058,0.00035299999723292785,0.05952687399999988
base_0_free_06,0.002,0.0,heterogeneous,True,False,False,0.003558999999597745,0.0003019999965658826,0.06876337599999659
base_0_free_06,0.002,0.0,uniform,True,False,False,0.0027959999968629745,0.00020100000597267353,0.06876251200000326
base_0_free_06,0.002,0.02,heterogeneous,True,False,False,0.00240500000359134,0.00017700000398690463,0.068762097000008
base_0_free_06,0.002,0.02,uniform,True,False,False,0.0024960000004625726,0.00017699999688147727,0.06876218799999777
base_0_free_06,0.002,0.05,heterogeneous,True,False,False,0.0024240000016106933,0.00013899999373734317,0.06876207799999577
base_0_free_06,0.002,0.05,uniform,True,False,False,0.0021950000004267167,0.0001579999988621239,0.06876186799999971
base_0_free_06,0.01,0.0,heterogeneous,True,False,False,0.0023909999953275474,0.00020499999919820766,0.06876211099999495
base_0_free_06,0.01,0.0,uniform,True,False,False,0.002401999999790405,0.00019599999490083064,0.06876211299999511
base_0_free_06,0.01,0.02,heterogeneous,True,False,False,0.002073000004543246,0.00018700000481430834,0.06876177500000978
base_0_free_06,0.01,0.02,uniform,True,False,False,0.0022549999982857116,0.00017900000415238537,0.06876194900000286
base_0_free_06,0.01,0.05,heterogeneous,True,False,False,0.004240999999183259,0.0003359999993790552,0.06876409199999899
base_0_free_06,0.01,0.05,uniform,True,False,False,0.0028350000036425627,0.00019800000217173874,0.06876254800000624
base_0_free_07,0.002,0.0,heterogeneous,True,False,False,0.005235000003267487,0.0004060000051708812,0.057161310000009
base_0_free_07,0.002,0.0,uniform,True,False,False,0.00403199999965409,0.0004030000013699464,0.057160104000001585
base_0_free_07,0.002,0.02,heterogeneous,True,False,False,0.003914000004101581,0.00031499999408879376,0.05715989799999875
base_0_free_07,0.002,0.02,uniform,True,False,False,0.002896999994561611,0.0002919999957384789,0.05715885799999086
base_0_free_07,0.002,0.05,heterogeneous,True,False,False,0.0025040000011244956,0.00018899999787436172,0.05715836199999956
base_0_free_07,0.002,0.05,uniform,True,False,False,0.0023700000042481406,0.00018899999787436172,0.057158228000002684
base_0_free_07,0.01,0.0,heterogeneous,True,False,False,0.0021320000058722144,0.0001309999930754202,0.05715793199999951
base_0_free_07,0.01,0.0,uniform,True,False,False,0.002135000002567722,0.00015300000200113573,0.05715795700000513
base_0_free_07,0.01,0.02,heterogeneous,True,False,False,0.0020239999969362543,0.0002200000039920269,0.05715791300000149
base_0_free_07,0.01,0.02,uniform,True,False,False,0.0033889999997427367,0.00030499999326139005,0.057159362999993565
base_0_free_07,0.01,0.05,heterogeneous,True,False,False,0.0020710000043777654,0.00014000000447822458,0.05715788000000942
base_0_free_07,0.01,0.05,uniform,True,False,False,0.0036830000027521237,0.00033299999557812043,0.05715968499999889
base_0_free_08,0.002,0.0,heterogeneous,True,False,False,0.003339999999241172,0.0003930000005425427,0.043370634999999144
base_0_free_08,0.002,0.0,uniform,True,False,False,0.0026230000003124587,0.00012499999968440534,0.04336964999999936
base_0_free_08,0.002,0.02,heterogeneous,True,False,False,0.0026250000004779395,0.00016499999588859282,0.04336969199999573
base_0_free_08,0.002,0.02,uniform,True,False,False,0.002577000003611829,0.00020199999539727287,0.04336968099999837
base_0_free_08,0.002,0.05,heterogeneous,True,False,False,0.002630000004444355,0.00020499999919820766,0.043369737000003
base_0_free_08,0.002,0.05,uniform,True,False,False,0.002416999997478797,0.0001820000008478928,0.04336950099999769
base_0_free_08,0.01,0.0,heterogeneous,True,False,False,0.0023320000011040065,0.0001619999991930854,0.04336939599999966
base_0_free_08,0.01,0.0,uniform,True,False,False,0.002099999996119095,0.00014100000100825127,0.04336914299999649
base_0_free_08,0.01,0.02,heterogeneous,True,False,False,0.002080000001569715,0.00014100000100825127,0.04336912300000194
base_0_free_08,0.01,0.02,uniform,True,False,False,0.002987999998538271,0.0002590000036661877,0.043370149000001565
base_0_free_08,0.01,0.05,heterogeneous,True,False,False,0.002432999998802643,0.00017099999638503505,0.04336950599999455
base_0_free_08,0.01,0.05,uniform,True,False,False,0.0022469999976237887,0.00016399999935856613,0.04336931299999634
base_0_free_09,0.002,0.0,heterogeneous,True,False,False,0.008281999996029299,0.0004009999940990383,0.03812500199999079
base_0_free_09,0.002,0.0,uniform,True,False,False,0.006999999996537554,0.0003330000026835478,0.03812365199999988
base_0_free_09,0.002,0.02,heterogeneous,True,False,False,0.008138000005430968,0.0004420000010441072,0.03812489900000714
base_0_free_09,0.002,0.02,uniform,True,False,False,0.006773000002624485,0.0003239999983861708,0.03812341600000167
base_0_free_09,0.002,0.05,heterogeneous,True,False,False,0.010311000004037396,0.0003580000011993434,0.0381269880000059
base_0_free_09,0.002,0.05,uniform,True,False,False,0.002910999995719976,0.000231999997879484,0.03811946199999426
base_0_free_09,0.01,0.0,heterogeneous,True,False,False,0.003018999997550509,0.00027800000168554106,0.0381196159999999
base_0_free_09,0.01,0.0,uniform,True,False,False,0.0022870000009334035,0.00018800000134433503,0.03811879400000294
base_0_free_09,0.01,0.02,heterogeneous,True,False,False,0.0021520000004215945,0.00021400000349558468,0.03811868500000458
base_0_free_09,0.01,0.02,uniform,True,False,False,0.0023009999949863413,0.00014199999753827797,0.038118761999993186
base_0_free_09,0.01,0.05,heterogeneous,True,False,False,0.0025260000029447838,0.00022999999771400326,0.03811907500000132
base_0_free_09,0.01,0.05,uniform,True,False,False,0.002593000004935675,0.0001619999991930854,0.03811907400000479
base_0_near_00,0.002,0.0,heterogeneous,True,False,False,0.003812999999297517,0.0003859999964106464,0.051939788999995504
base_0_near_00,0.002,0.0,uniform,True,False,False,0.0026539999993246965,0.00018099999721243876,0.05193842499999633
base_0_near_00,0.002,0.02,heterogeneous,True,False,False,0.002397000002929417,0.00022700000101849582,0.05193821400000374
base_0_near_00,0.002,0.02,uniform,True,False,False,0.002539000000467695,0.0001470000015046935,0.05193827600000177
base_0_near_00,0.002,0.05,heterogeneous,True,False,False,0.0022389999969618657,0.00015900000249757795,0.051937987999999255
base_0_near_00,0.002,0.05,uniform,True,False,False,0.0030610000010256044,0.00028600000234746403,0.05193893700000317
base_0_near_00,0.01,0.0,heterogeneous,True,False,False,0.002510000001620938,0.0001610000026630587,0.05193826100000408
base_0_near_00,0.01,0.0,uniform,True,False,False,0.0024679999981458423,0.00016599999952404687,0.051938223999997465
base_0_near_00,0.01,0.02,heterogeneous,True,False,False,0.0022270000030744086,0.00015299999489570837,0.051937969999997766
base_0_near_00,0.01,0.02,uniform,True,False,False,0.0027009999996607803,0.00016900000332498166,0.05193846000000278
base_0_near_00,0.01,0.05,heterogeneous,True,False,False,0.002637000001470824,0.00033100000251806705,0.051938558000003784
base_0_near_00,0.01,0.05,uniform,True,False,False,0.002162000001248998,0.00016299999572311208,0.05193791499999677
base_0_near_01,0.002,0.0,heterogeneous,True,False,False,0.004089999997347604,0.0004130000021973501,0.03943587099999889
base_0_near_01,0.002,0.0,uniform,True,False,False,0.004333999996219973,0.0004270000033557153,0.03943612899999892
base_0_near_01,0.002,0.02,heterogeneous,True,False,False,0.004334999999855427,0.0004439999941041606,0.0394361469999933
base_0_near_01,0.002,0.02,uniform,True,False,False,0.005444999999326683,0.0004480000015405494,0.03943726100000021
base_0_near_01,0.002,0.05,heterogeneous,True,False,False,0.003676999995150254,0.00031000000433323294,0.039435354999998826
base_0_near_01,0.002,0.05,uniform,True,False,False,0.002825000002815159,0.00020599999572823435,0.039434398999997886
base_0_near_01,0.01,0.0,heterogeneous,True,False,False,0.002537000000302214,0.00019899999870176543,0.039434103999998346
base_0_near_01,0.01,0.0,uniform,True,False,False,0.0022040000047240937,0.00019200000167529652,0.03943376400000574
base_0_near_01,0.01,0.02,heterogeneous,True,False,False,0.0025600000057579564,0.000196000002006258,0.039434124000007106
base_0_near_01,0.01,0.02,uniform,True,False,False,0.002382000005241025,0.00018099999721243876,0.039433931000001796
base_0_near_01,0.01,0.05,heterogeneous,True,False,False,0.0022110000017505627,0.00033900000317999,0.03943391800000427
base_0_near_01,0.01,0.05,uniform,True,False,False,0.002334999997799514,0.00021900000035657285,0.0394339219999975
base_0_near_02,0.002,0.0,heterogeneous,True,False,False,0.004010000004939229,0.00031700000135970186,0.036443961000003786
base_0_near_02,0.002,0.0,uniform,True,False,False,0.002846000000999993,0.0002200000039920269,0.03644270000000248
base_0_near_02,0.002,0.02,heterogeneous,True,False,False,0.004103999998505969,0.0003440000000409782,0.036444081999996034
base_0_near_02,0.002,0.02,uniform,True,False,False,0.0034929999941368806,0.0003099999972278056,0.03644343699998885
base_0_near_02,0.002,0.05,heterogeneous,True,False,False,0.002348999998957879,0.00024000000564683432,0.03644222300000209
base_0_near_02,0.002,0.05,uniform,True,False,False,0.0025220000026138223,0.00016700000315950092,0.03644232300000326
base_0_near_02,0.01,0.0,heterogeneous,True,False,False,0.002463000001284854,0.00015900000249757795,0.03644225600000127
base_0_near_02,0.01,0.0,uniform,True,False,False,0.002273999996305065,0.00016499999588859282,0.03644207299998968
base_0_near_02,0.01,0.02,heterogeneous,True,False,False,0.0020620000000803884,0.00015800000596755126,0.036441854000003535
base_0_near_02,0.01,0.02,uniform,True,False,False,0.002360000003420737,0.00021400000349558468,0.0364422080000044
base_0_near_02,0.01,0.05,heterogeneous,True,False,False,0.002567999999314452,0.00018199999374246545,0.036442383999990544
base_0_near_02,0.01,0.05,uniform,True,False,False,0.0022799999968015072,0.00014900000167017424,0.03644206299999596
base_0_near_03,0.002,0.0,heterogeneous,True,False,False,0.003666000004898251,0.00029699999970489444,0.03845164700000624
base_0_near_03,0.002,0.0,uniform,True,False,False,0.002921000003652807,0.00020400000266818097,0.038450809000007954
base_0_near_03,0.002,0.02,heterogeneous,True,False,False,0.0037360000035846497,0.00030300000020133666,0.03845172300000542
base_0_near_03,0.002,0.02,uniform,True,False,False,0.002265999995643142,0.00022399999721756103,0.038450173999994494
base_0_near_03,0.002,0.05,heterogeneous,True,False,False,0.002606000002458586,0.0002069999993636884,0.038450497000003456
base_0_near_03,0.002,0.05,uniform,True,False,False,0.0022639999954776613,0.00013000000365082087,0.03845007800000076
base_0_near_03,0.01,0.0,heterogeneous,True,False,False,0.0025360000037721875,0.00023200000498491136,0.03845045200001039
base_0_near_03,0.01,0.0,uniform,True,False,False,0.0021359999990977485,0.00019400000184077726,0.03845001400000257
base_0_near_03,0.01,0.02,heterogeneous,True,False,False,0.002281999996966988,0.00017300000365594315,0.038450139000002256
base_0_near_03,0.01,0.02,uniform,True,False,False,0.0022210000025779664,0.00021299999986013063,0.03845011800000407
base_0_near_03,0.01,0.05,heterogeneous,True,False,False,0.0022839999971324687,0.0001860000011788543,0.038450153999999945
base_0_near_03,0.01,0.05,uniform,True,False,False,0.002260000002252127,0.00021299999986013063,0.038450157000003746
base_0_near_04,0.002,0.0,heterogeneous,True,False,False,0.00805300000195075,0.00038099999954965824,0.052605875000001565
base_0_near_04,0.002,0.0,uniform,True,False,False,0.00753100000139284,0.0004170000025283116,0.052605389000003985
base_0_near_04,0.002,0.02,heterogeneous,True,False,False,0.0035779999976170984,0.00025899999656076034,0.05260127799999424
base_0_near_04,0.002,0.02,uniform,True,False,False,0.0025559999983215675,0.00019400000184077726,0.052600191000000227
base_0_near_04,0.002,0.05,heterogeneous,True,False,False,0.002257999994981219,0.0001619999991930854,0.05259986099999424
base_0_near_04,0.002,0.05,uniform,True,False,False,0.002064999996775896,0.00016300000282853944,0.05259966899999967
base_0_near_04,0.01,0.0,heterogeneous,True,False,False,0.0025960000016311824,0.00023700000184589953,0.05260027400000354
base_0_near_04,0.01,0.0,uniform,True,False,False,0.0024439999961600734,0.00016499999588859282,0.05260004999999211
base_0_near_04,0.01,0.02,heterogeneous,True,False,False,0.003019000004655936,0.0002800000018510218,0.05260074000000657
base_0_near_04,0.01,0.02,uniform,True,False,False,0.002310999995813745,0.00019200000167529652,0.05259994399999755
base_0_near_04,0.01,0.05,heterogeneous,True,False,False,0.0031280000030164956,0.0002519999995342914,0.052600821000002615
base_0_near_04,0.01,0.05,uniform,True,False,False,0.0034269999957814434,0.00026899999738816405,0.052601136999993234
base_0_near_05,0.002,0.0,heterogeneous,True,False,False,0.0035130000028971153,0.0003880000036815545,0.05142955600000619
base_0_near_05,0.002,0.0,uniform,True,False,False,0.0026599999998211388,0.00023300000151493805,0.05142854800000095
base_0_near_05,0.002,0.02,heterogeneous,True,False,False,0.0026589999961856847,0.00018899999787436172,0.05142850299999367
base_0_near_05,0.002,0.02,uniform,True,False,False,0.002154999997117102,0.0001229999995189246,0.05142793299999625
base_0_near_05,0.002,0.05,heterogeneous,True,False,False,0.0022950000015953265,0.0001679999996895276,0.0514281180000009
base_0_near_05,0.002,0.05,uniform,True,False,False,0.0022810000004369613,0.00020000000233721948,0.051428136000002386
base_0_near_05,0.01,0.0,heterogeneous,True,False,False,0.0039459999996438455,0.0002819999949110752,0.05142988299999417
base_0_near_05,0.01,0.0,uniform,True,False,False,0.003372000001888864,0.00029699999970489444,0.051429324000001206
base_0_near_05,0.01,0.02,heterogeneous,True,False,False,0.003258999996091916,0.0003120000044987137,0.0514292260000002
base_0_near_05,0.01,0.02,uniform,True,False,False,0.002125000001740318,0.0002340000051503921,0.0514280140000065
base_0_near_05,0.01,0.05,heterogeneous,True,False,False,0.0023930000025984555,0.00021600000366106542,0.05142826400000587
base_0_near_05,0.01,0.05,uniform,True,False,False,0.0024310000057425896,0.00018699999770888098,0.051428273000003064
base_0_near_06,0.002,0.0,heterogeneous,True,False,False,0.004159999996034003,0.0003609999978948508,0.037501071999994626
base_0_near_06,0.002,0.0,uniform,True,False,False,0.015103000002625322,0.00032700000218710557,0.03751198100000551
base_0_near_06,0.002,0.02,heterogeneous,True,False,False,0.00410599999867145,0.0003849999998806197,0.03750104199999925
base_0_near_06,0.002,0.02,uniform,True,False,False,0.0035770000010870717,0.00028899999904297147,0.03750041700000083
base_0_near_06,0.002,0.05,heterogeneous,True,False,False,0.004929999995795242,0.0004120000056673234,0.03750189300000216
base_0_near_06,0.002,0.05,uniform,True,False,False,0.0037029999973015038,0.0003230000018561441,0.037500576999999854
base_0_near_06,0.01,0.0,heterogeneous,True,False,False,0.0031820000003790483,0.0002949999995394137,0.037500028000000615
base_0_near_06,0.01,0.0,uniform,True,False,False,0.0036739999984547467,0.00029699999970489444,0.037500521999998856
base_0_near_06,0.01,0.02,heterogeneous,True,False,False,0.004190999995046241,0.0002930000064793603,0.03750103500000222
base_0_near_06,0.01,0.02,uniform,True,False,False,0.004009000001303775,0.00032799999871713226,0.03750088800000072
base_0_near_06,0.01,0.05,heterogeneous,True,False,False,0.003689000003248566,0.0003259999985516515,0.0375005660000025
base_0_near_06,0.01,0.05,uniform,True,False,False,0.0039379999989819225,0.00034199999987549745,0.037500830999999554
base_0_near_07,0.002,0.0,heterogeneous,True,False,False,0.0034820000038848775,0.0002690000044935914,0.038677977000010064
base_0_near_07,0.002,0.0,uniform,True,False,False,0.002815999998517782,0.0002529999960643181,0.03867729499999627
base_0_near_07,0.002,0.02,heterogeneous,True,False,False,0.0024890000034361037,0.0001710000034904624,0.03867688600000861
base_0_near_07,0.002,0.02,uniform,True,False,False,0.002456000004258385,0.00019700000564171205,0.038676879000011585
base_0_near_07,0.002,0.05,heterogeneous,True,False,False,0.0020839999947952492,0.0001860000011788543,0.03867649599999766
base_0_near_07,0.002,0.05,uniform,True,False,False,0.002511000005256392,0.0003190000015251826,0.03867705600000847
base_0_near_07,0.01,0.0,heterogeneous,True,False,False,0.002348999998957879,0.0001330000003463283,0.03867670800000099
base_0_near_07,0.01,0.0,uniform,True,False,False,0.002666000000317581,0.00023300000151493805,0.03867712500000352
base_0_near_07,0.01,0.02,heterogeneous,True,False,False,0.00396699999782868,0.00034600000020645894,0.03867853899999972
base_0_near_07,0.01,0.02,uniform,True,False,False,0.004572999998231353,0.00042299999591932647,0.038679221999995836
base_0_near_07,0.01,0.05,heterogeneous,True,False,False,0.003493000001242308,0.0003630000051657589,0.03867808200000809
base_0_near_07,0.01,0.05,uniform,True,False,False,0.004274000005466405,0.00043099999658124943,0.03867893100000373
base_0_near_08,0.002,0.0,heterogeneous,True,False,False,0.0048469999995859325,0.0004489999980705761,0.0367709099999982
base_0_near_08,0.002,0.0,uniform,True,False,False,0.004439000001354998,0.00036000000136482413,0.03677041300000326
base_0_near_08,0.002,0.02,heterogeneous,True,False,False,0.004378999996390576,0.0002809999983810485,0.036770273999995315
base_0_near_08,0.002,0.02,uniform,True,False,False,0.0040429999970115205,0.00035600000103386265,0.03677001299999859
base_0_near_08,0.002,0.05,heterogeneous,True,False,False,0.004070999999328251,0.00031300000102874037,0.0367699980000009
base_0_near_08,0.002,0.05,uniform,True,False,False,0.0033669999979224485,0.0003050000003668174,0.03676928599999883
base_0_near_08,0.01,0.0,heterogeneous,True,False,False,0.0034199999987549745,0.0002719999940836715,0.03676930599999338
base_0_near_08,0.01,0.0,uniform,True,False,False,0.0037140000017643615,0.0002909999992084522,0.036769619000001516
base_0_near_08,0.01,0.02,heterogeneous,True,False,False,0.0036149999971257785,0.00031000000433323294,0.036769539000002
base_0_near_08,0.01,0.02,uniform,True,False,False,0.0036010000030728406,0.00035200000070290116,0.03676956700000432
base_0_near_08,0.01,0.05,heterogeneous,True,False,False,0.004083000000321135,0.00033799999954453597,0.03677003500000041
base_0_near_08,0.01,0.05,uniform,True,False,False,0.0037189999986253497,0.0003199999980552093,0.036769652999997224
base_0_near_09,0.002,0.0,heterogeneous,True,False,False,0.0036690000015937585,0.00040000000467443897,0.03999988100000394
base_0_near_09,0.002,0.0,uniform,True,False,False,0.008225000001971239,0.0004219999993892998,0.040004458999999035
base_0_near_09,0.002,0.02,heterogeneous,True,False,False,0.007025000002158777,0.00029299999937393295,0.04000312999999921
base_0_near_09,0.002,0.02,uniform,True,False,False,0.004121999999995296,0.0003190000015251826,0.040000252999999195
base_0_near_09,0.002,0.05,heterogeneous,True,False,False,0.0028560000018273968,0.00019499999837080395,0.03999886299999787
base_0_near_09,0.002,0.05,uniform,True,False,False,0.002825000002815159,0.00023099999424402995,0.03999886799999473
base_0_near_09,0.01,0.0,heterogeneous,True,False,False,0.002401999999790405,0.00020499999919820766,0.03999841899999666
base_0_near_09,0.01,0.0,uniform,True,False,False,0.002254000001755685,0.0001089999983605594,0.03999817499999779
base_0_near_09,0.01,0.02,heterogeneous,True,False,False,0.0038490000022761706,0.0002550000033352262,0.039999916000003286
base_0_near_09,0.01,0.02,uniform,True,False,False,0.003235999997741601,0.0002840000021819833,0.0399993319999976
base_0_near_09,0.01,0.05,heterogeneous,True,False,False,0.0032109999992258054,0.0002310000013494573,0.03999925399999825
base_0_near_09,0.01,0.05,uniform,True,False,False,0.013269000000093456,0.00031000000433323294,0.0400093910000021
base_1_far_00,0.002,0.0,heterogeneous,True,False,False,0.010475999999925989,0.0004830000008837487,0.03826622500000497
base_1_far_00,0.002,0.0,uniform,True,False,False,0.00532600000013872,0.0003640000016957856,0.038260956000005994
base_1_far_00,0.002,0.02,heterogeneous,True,False,False,0.004459999999539832,0.0003260000056570789,0.038260052000009356
base_1_far_00,0.002,0.02,uniform,True,False,False,0.0047569999992447265,0.0003080000041677522,0.03826033100000757
base_1_far_00,0.002,0.05,heterogeneous,True,False,False,0.004545999999550077,0.0002830000056519566,0.03826009500000936
base_1_far_00,0.002,0.05,uniform,True,False,False,0.010572000000763637,0.0004349999969122109,0.038266273000001835
base_1_far_00,0.01,0.0,heterogeneous,True,False,False,0.00873599999806629,0.0004380000007131457,0.03826444000000294
base_1_far_00,0.01,0.0,uniform,True,False,False,0.00869000000136566,0.00036299999806033156,0.038264319000003585
base_1_far_00,0.01,0.02,heterogeneous,True,False,False,0.007908999997141564,0.0002869999988774907,0.03826346200000018
base_1_far_00,0.01,0.02,uniform,True,False,False,0.008983000000739594,0.0004219999993892998,0.03826467100000429
base_1_far_00,0.01,0.05,heterogeneous,True,False,False,0.00777900000059617,0.0002909999992084522,0.038263336000003964
base_1_far_00,0.01,0.05,uniform,True,False,False,0.00813799999832554,0.0002869999988774907,0.03826369100000136
base_1_far_01,0.002,0.0,heterogeneous,True,False,False,0.0036519999966344585,0.0003970000008735042,0.03958443199999494
base_1_far_01,0.002,0.0,uniform,True,False,False,0.0031809999967435942,0.00025899999656076034,0.039583822999990734
base_1_far_01,0.002,0.02,heterogeneous,True,False,False,0.0029420000018376413,0.0002760000015200603,0.03958360100000079
base_1_far_01,0.002,0.02,uniform,True,False,False,0.0031179999950836645,0.0002660000006926566,0.039583766999993206
base_1_far_01,0.002,0.05,heterogeneous,True,False,False,0.003560999999763226,0.0003180000049951559,0.03958426200000219
base_1_far_01,0.002,0.05,uniform,True,False,False,0.004234999998686817,0.0003440000000409782,0.03958496199999616
base_1_far_01,0.01,0.0,heterogeneous,True,False,False,0.004494999998883031,0.0003549999973984086,0.03958523299999371
base_1_far_01,0.01,0.0,uniform,True,False,False,0.003261000003362824,0.00034199999987549745,0.03958398600000067
base_1_far_01,0.01,0.02,heterogeneous,True,False,False,0.008398000005627182,0.00043099999658124943,0.03958921199999964
base_1_far_01,0.01,0.02,uniform,True,False,False,0.00705299999737008,0.0004099999983964153,0.039587845999993196
base_1_far_01,0.01,0.05,heterogeneous,True,False,False,0.0072280000011915035,0.00033799999954453597,0.039587948999998165
base_1_far_01,0.01,0.05,uniform,True,False,False,0.004760999999575688,0.0004020000048399197,0.039585546000001845
base_1_far_02,0.002,0.0,heterogeneous,True,False,False,0.008091000005094884,0.0004239999995547805,0.05232338000000823
base_1_far_02,0.002,0.0,uniform,True,False,False,0.0034900000045468005,0.0002989999998703752,0.052318654000008
base_1_far_02,0.002,0.02,heterogeneous,True,False,False,0.0026239999968424854,0.00020099999886724618,0.05231768999999929
base_1_far_02,0.002,0.02,uniform,True,False,False,0.002465000001450335,0.00018400000101337355,0.052317514000006046
base_1_far_02,0.002,0.05,heterogeneous,True,False,False,0.003620000001092194,0.0003159999977242478,0.0523188010000024
base_1_far_02,0.002,0.05,uniform,True,False,False,0.0030980000005342845,0.0002440000059777958,0.052318207000010095
base_1_far_02,0.01,0.0,heterogeneous,True,False,False,0.002455000000622931,0.0002600000001962144,0.0523175800000044
base_1_far_02,0.01,0.0,uniform,True,False,False,0.0032619999998928506,0.00022299999358210698,0.05231834999999706
base_1_far_02,0.01,0.02,heterogeneous,True,False,False,0.0035199999999235843,0.00028999999557299816,0.05231867499999908
base_1_far_02,0.01,0.02,uniform,True,False,False,0.002014000003214278,0.00017700000398690463,0.052317056000010784
base_1_far_02,0.01,0.05,heterogeneous,True,False,False,0.002508000001455457,0.00024700000267330324,0.05231762000000771
base_1_far_02,0.01,0.05,uniform,True,False,False,0.002278000003741454,0.0001679999996895276,0.052317311000007014
base_1_far_03,0.002,0.0,heterogeneous,True,False,False,0.019913000002702574,0.0004989999951021673,0.046626086999996805
base_1_far_03,0.002,0.0,uniform,True,False,False,0.0030980000005342845,0.00021500000002561137,0.04660898799999956
base_1_far_03,0.002,0.02,heterogeneous,True,False,False,0.0032029999985638824,0.0002669999972226833,0.04660914499999479
base_1_far_03,0.002,0.02,uniform,True,False,False,0.0026850000054423617,0.0002310000013494573,0.04660859100000579
base_1_far_03,0.002,0.05,heterogeneous,True,False,False,0.002373000000943648,0.00022599999738304177,0.04660827399999733
base_1_far_03,0.002,0.05,uniform,True,False,False,0.0025430000007986564,0.00024799999920332993,0.046608465999999
base_1_far_03,0.01,0.0,heterogeneous,True,False,False,0.0026599999998211388,0.00021999999688659955,0.04660855499999571
base_1_far_03,0.01,0.0,uniform,True,False,False,0.0023019999986217954,0.0001929999982053232,0.04660816999999583
base_1_far_03,0.01,0.02,heterogeneous,True,False,False,0.0022409999971273464,0.00018400000101337355,0.04660809999999714
base_1_far_03,0.01,0.02,uniform,True,False,False,0.002561000002287983,0.00020499999919820766,0.046608441000000486
base_1_far_03,0.01,0.05,heterogeneous,True,False,False,0.002596999998161209,0.00020300000613815428,0.0466084750000033
base_1_far_03,0.01,0.05,uniform,True,False,False,0.0026989999994952996,0.00019899999870176543,0.0466085729999972
base_1_far_04,0.002,0.0,heterogeneous,True,False,False,0.00470199999824672,0.0002879999954075174,0.04085667699999761
base_1_far_04,0.002,0.0,uniform,True,False,False,0.002946000002168603,0.0002350000016804188,0.0408548680000078
base_1_far_04,0.002,0.02,heterogeneous,True,False,False,0.0025169999986474068,0.00021900000035657285,0.04085442300000296
base_1_far_04,0.002,0.02,uniform,True,False,False,0.0021059999966155374,0.00018800000134433503,0.04085398100000191
base_1_far_04,0.002,0.05,heterogeneous,True,False,False,0.002530999999805772,0.00020000000233721948,0.040854418000006096
base_1_far_04,0.002,0.05,uniform,True,False,False,0.0025070000049254304,0.00022200000415750765,0.040854416000013036
base_1_far_04,0.01,0.0,heterogeneous,True,False,False,0.0023430000055668643,0.0001720000000204891,0.04085420200000954
base_1_far_04,0.01,0.0,uniform,True,False,False,0.00393199999848548,0.00031300000102874037,0.04085593200000347
base_1_far_04,0.01,0.02,heterogeneous,True,False,False,0.008360999999013075,0.0004770000003873065,0.04086052500000335
base_1_far_04,0.01,0.02,uniform,True,False,False,0.007180000004325393,0.0004350000040176383,0.040859302000012296
base_1_far_04,0.01,0.05,heterogeneous,True,False,False,0.007508999999572552,0.0004070000017009079,0.040859603000005226
base_1_far_04,0.01,0.05,uniform,True,False,False,0.006566000003260797,0.0003720000023577086,0.04085862500000957
base_1_far_05,0.002,0.0,heterogeneous,True,False,False,0.0038590000031035743,0.0004219999993892998,0.056426034000001554
base_1_far_05,0.002,0.0,uniform,True,False,False,0.002770999998347179,0.00028299999854652924,0.056424806999995955
base_1_far_05,0.002,0.02,heterogeneous,True,False,False,0.0026850000054423617,0.00025700000350070695,0.056424695000008004
base_1_far_05,0.002,0.02,uniform,True,False,False,0.0026299999973389276,0.00026400000052717587,0.05642464699999693
base_1_far_05,0.002,0.05,heterogeneous,True,False,False,0.0027790000061145292,0.00020099999886724618,0.05642473300000404
base_1_far_05,0.002,0.05,uniform,True,False,False,0.00225099999795475,0.00014300000117373202,0.05642414699999819
base_1_far_05,0.01,0.0,heterogeneous,True,False,False,0.008905000001391272,0.0004629999992289413,0.05643112099999968
base_1_far_05,0.01,0.0,uniform,True,False,False,0.00660499999582953,0.000374999999053216,0.056428732999993944
base_1_far_05,0.01,0.02,heterogeneous,True,False,False,0.007220999997059607,0.00034199999987549745,0.056429315999995996
base_1_far_05,0.01,0.02,uniform,True,False,False,0.00705499999753556,0.0003930000005425427,0.05642920099999714
base_1_far_05,0.01,0.05,heterogeneous,True,False,False,0.006984999998849162,0.0003890000002115812,0.05642912699999812
base_1_far_05,0.01,0.05,uniform,True,False,False,0.007413000005840331,0.00035200000070290116,0.056429518000005605
base_1_far_06,0.002,0.0,heterogeneous,True,False,False,0.003911000000300646,0.00034199999987549745,0.03840350900000232
base_1_far_06,0.002,0.0,uniform,True,False,False,0.0022560000019211657,0.0001829999973779195,0.03840169500000144
base_1_far_06,0.002,0.02,heterogeneous,True,False,False,0.0022279999996044353,0.00017400000018596984,0.038401658000001934
base_1_far_06,0.002,0.02,uniform,True,False,False,0.0022530000052256582,0.00016299999572311208,0.03840167200000309
base_1_far_06,0.002,0.05,heterogeneous,True,False,False,0.004341999996881896,0.0002179999967211188,0.03840381599999575
base_1_far_06,0.002,0.05,uniform,True,False,False,0.004135000004623635,0.00029600000317486774,0.03840368700000994
base_1_far_06,0.01,0.0,heterogeneous,True,False,False,0.0025570000019570216,0.00019999999523179213,0.03840201299999933
base_1_far_06,0.01,0.0,uniform,True,False,False,0.0033410000028766262,0.00026200000036169513,0.03840285900000538
base_1_far_06,0.01,0.02,heterogeneous,True,False,False,0.0032350000012115743,0.00032799999871713226,0.03840281900000207
base_1_far_06,0.01,0.02,uniform,True,False,False,0.003350000000068576,0.0003509999970674471,0.03840295699999928
base_1_far_06,0.01,0.05,heterogeneous,True,False,False,0.0028450000044699664,0.0003359999993790552,0.03840243700000599
base_1_far_06,0.01,0.05,uniform,True,False,False,0.0033150000007253766,0.00032899999524715895,0.038402899999998116
base_1_far_07,0.002,0.0,heterogeneous,True,False,False,0.005137000002264358,0.00036399999459035826,0.043896717999996046
base_1_far_07,0.002,0.0,uniform,True,False,False,0.003000000006636583,0.00026200000036169513,0.04389447900000619
base_1_far_07,0.002,0.02,heterogeneous,True,False,False,0.0022199999989425123,0.0002219999970520803,0.043893658999995186
base_1_far_07,0.002,0.02,uniform,True,False,False,0.002518000002282861,0.00022800000465394987,0.04389396300000613
base_1_far_07,0.002,0.05,heterogeneous,True,False,False,0.002186000003234767,0.00021900000035657285,0.04389362200000278
base_1_far_07,0.002,0.05,uniform,True,False,False,0.0030739999985485156,0.00026400000052717587,0.04389455499999827
base_1_far_07,0.01,0.0,heterogeneous,True,False,False,0.0024330000059080703,0.0001710000034904624,0.04389382100000859
base_1_far_07,0.01,0.0,uniform,True,False,False,0.0023300000009385258,0.00020499999919820766,0.04389375199999933
base_1_far_07,0.01,0.02,heterogeneous,True,False,False,0.002477999998973246,0.00022900000118397656,0.04389392399999935
base_1_far_07,0.01,0.02,uniform,True,False,False,0.008530999998868083,0.0004789999934473599,0.04390022699999151
base_1_far_07,0.01,0.05,heterogeneous,True,False,False,0.008518000001345172,0.0005099999995650251,0.0439002450000001
base_1_far_07,0.01,0.05,uniform,True,False,False,0.007715000002406214,0.00039799999740353087,0.043899329999999
base_1_far_08,0.002,0.0,heterogeneous,True,False,False,0.004355000001510234,0.00045300000550696495,0.05504625600000822
base_1_far_08,0.002,0.0,uniform,True,False,False,0.003298000002871504,0.00026800000085813735,0.05504501400000493
base_1_far_08,0.002,0.02,heterogeneous,True,False,False,0.003605999999933829,0.0003250000020216248,0.055045379000003156
base_1_far_08,0.002,0.02,uniform,True,False,False,0.004495999995413058,0.0003099999972278056,0.05504625399999384
base_1_far_08,0.002,0.05,heterogeneous,True,False,False,0.0035249999967845724,0.0002690000044935914,0.05504524200000248
base_1_far_08,0.002,0.05,uniform,True,False,False,0.0037579999982995105,0.00030700000053229815,0.05504551300000003
base_1_far_08,0.01,0.0,heterogeneous,True,False,False,0.0033889999997427367,0.00027999999474559445,0.05504511699999569
base_1_far_08,0.01,0.0,uniform,True,False,False,0.004056000001639859,0.00031799999788972855,0.05504582200000073
base_1_far_08,0.01,0.02,heterogeneous,True,False,False,0.0036839999992821504,0.00028600000234746403,0.05504541800000283
base_1_far_08,0.01,0.02,uniform,True,False,False,0.003913999996996154,0.00041199999856189606,0.05504577399999676
base_1_far_08,0.01,0.05,heterogeneous,True,False,False,0.0036009999959674133,0.0003290000023525863,0.05504537799999952
base_1_far_08,0.01,0.05,uniform,True,False,False,0.003960000000802211,0.0003099999972278056,0.05504571799999923
base_1_far_09,0.002,0.0,heterogeneous,True,False,False,0.004328000002828958,0.00039100000037706195,0.048284343000002825
base_1_far_09,0.002,0.0,uniform,True,False,False,0.0030949999967333497,0.00025399999969977216,0.04828297299999605
base_1_far_09,0.002,0.02,heterogeneous,True,False,False,0.002851999994391008,0.0002669999972226833,0.04828274299999123
base_1_far_09,0.002,0.02,uniform,True,False,False,0.002633999997669889,0.00021400000349558468,0.048282472000000784
base_1_far_09,0.002,0.05,heterogeneous,True,False,False,0.0034430000042107167,0.0002809999983810485,0.04828334800000221
base_1_far_09,0.002,0.05,uniform,True,False,False,0.002992999995399259,0.00027899999821556776,0.04828289599999323
base_1_far_09,0.01,0.0,heterogeneous,True,False,False,0.0032960000027060232,0.00026499999705720256,0.04828318499999938
base_1_far_09,0.01,0.0,uniform,True,False,False,0.0033080000036989077,0.00024700000267330324,0.04828317900000599
base_1_far_09,0.01,0.02,heterogeneous,True,False,False,0.003034999998874355,0.00029699999970489444,0.0482829559999982
base_1_far_09,0.01,0.02,uniform,True,False,False,0.002858999998522904,0.0002419999987068877,0.04828272499999685
base_1_far_09,0.01,0.05,heterogeneous,True,False,False,0.004490000002022043,0.00033900000317999,0.04828445300000482
base_1_far_09,0.01,0.05,uniform,True,False,False,0.0027310000021429914,0.00030300000020133666,0.04828265800000196
base_1_free_01,0.002,0.0,heterogeneous,True,False,False,0.005340999997827112,0.0003380000066499633,0.03850326300000305
base_1_free_01,0.002,0.0,uniform,True,False,False,0.00415199999537208,0.0003370000030145093,0.03850207299999696
base_1_free_01,0.002,0.02,heterogeneous,True,False,False,0.003925000001459011,0.00033199999904809374,0.03850184099999908
base_1_free_01,0.002,0.02,uniform,True,False,False,0.0037650000024314068,0.00030700000053229815,0.038501656000001536
base_1_free_01,0.002,0.05,heterogeneous,True,False,False,0.004173999997192368,0.00034600000020645894,0.03850210399999597
base_1_free_01,0.002,0.05,uniform,True,False,False,0.0034870000007458657,0.00034100000334547076,0.03850141200000266
base_1_free_01,0.01,0.0,heterogeneous,True,False,False,0.0027170000009846262,0.00027999999474559445,0.0385005809999943
base_1_free_01,0.01,0.0,uniform,True,False,False,0.005137999998794385,0.00030700000053229815,0.0385030289999979
base_1_free_01,0.01,0.02,heterogeneous,True,False,False,0.005285999996829105,0.00034299999640552414,0.03850321299999181
base_1_free_01,0.01,0.02,uniform,True,False,False,0.004892999996286562,0.0003399999997100167,0.03850281699999457
base_1_free_01,0.01,0.05,heterogeneous,True,False,False,0.0033090000002289344,0.0002840000021819833,0.03850117700000098
base_1_free_01,0.01,0.05,uniform,True,False,False,0.0034219999989204553,0.0003010000000358559,0.03850130699999753
base_1_free_02,0.002,0.0,heterogeneous,True,False,False,0.0050499999986186594,0.0004359999934422376,0.04149663399999469
base_1_free_02,0.002,0.0,uniform,True,False,False,0.0037300000030882074,0.00030700000053229815,0.04149518500000625
base_1_free_02,0.002,0.02,heterogeneous,True,False,False,0.003090999996402388,0.00029299999937393295,0.041494531999998405
base_1_free_02,0.002,0.02,uniform,True,False,False,0.0025329999999712527,0.00014900000167017424,0.04149383000000427
base_1_free_02,0.002,0.05,heterogeneous,True,False,False,0.0021819999957983782,0.0001679999996895276,0.041493497999998116
base_1_free_02,0.002,0.05,uniform,True,False,False,0.002430999998637162,0.00019800000217173874,0.04149377700000344
base_1_free_02,0.01,0.0,heterogeneous,True,False,False,0.004946000004224516,0.00029200000284390626,0.0414963860000097
base_1_free_02,0.01,0.0,uniform,True,False,False,0.003462999998760097,0.000329999998882613,0.04149494100000027
base_1_free_02,0.01,0.02,heterogeneous,True,False,False,0.003674000005560174,0.0002779999945801137,0.04149510000000277
base_1_free_02,0.01,0.02,uniform,True,False,False,0.00263599999783537,0.0002419999987068877,0.04149402599999917
base_1_free_02,0.01,0.05,heterogeneous,True,False,False,0.002680000001475946,0.00020299999903272692,0.04149403100000314
base_1_free_02,0.01,0.05,uniform,True,False,False,0.0033669999979224485,0.0003040000038367907,0.04149481900000439
base_1_free_03,0.002,0.0,heterogeneous,True,False,False,0.0031940000013719327,0.0003399999997100167,0.03636293800000388
base_1_free_03,0.002,0.0,uniform,True,False,False,0.0025169999986474068,0.0001439999977037587,0.03636206499999915
base_1_free_03,0.002,0.02,heterogeneous,True,False,False,0.0026109999993195743,0.0002350000016804188,0.0363622500000038
base_1_free_03,0.002,0.02,uniform,True,False,False,0.004654000001380609,0.0003430000035109515,0.03636440100000769
base_1_free_03,0.002,0.05,heterogeneous,True,False,False,0.004429000000527594,0.00041900000269379234,0.03636425200000602
base_1_free_03,0.002,0.05,uniform,True,False,False,0.002786999999671025,0.0002069999993636884,0.036362398000001836
base_1_free_03,0.01,0.0,heterogeneous,True,False,False,0.0023609999999507636,0.00015599999869664316,0.03636192100000145
base_1_free_03,0.01,0.0,uniform,True,False,False,0.0023480000024278525,0.00016099999555763134,0.03636191300000079
base_1_free_03,0.01,0.02,heterogeneous,True,False,False,0.0025670000027844253,0.00023300000151493805,0.0363622040000071
base_1_free_03,0.01,0.02,uniform,True,False,False,0.002207000001419601,0.00019200000167529652,0.036361803000005896
base_1_free_03,0.01,0.05,heterogeneous,True,False,False,0.002360000003420737,0.0003689999985567738,0.03636213300000478
base_1_free_03,0.01,0.05,uniform,True,False,False,0.0021829999994338323,0.0001839999939079462,0.03636177099999614
base_1_free_04,0.002,0.0,heterogeneous,True,False,False,0.003988999999648968,0.0004439999941041606,0.06032994999999318
base_1_free_04,0.002,0.0,uniform,True,False,False,0.002455999997152958,0.0001729999965505158,0.06032814599999313
base_1_free_04,0.002,0.02,heterogeneous,True,False,False,0.002682000001641427,0.00022300000068753434,0.060328422000001755
base_1_free_04,0.002,0.02,uniform,True,False,False,0.004146000001981065,0.0003670000054967204,0.060330030000006904
base_1_free_04,0.002,0.05,heterogeneous,True,False,False,0.0035569999994322643,0.0003159999977242478,0.06032938999999658
base_1_free_04,0.002,0.05,uniform,True,False,False,0.00404099999684604,0.0003399999997100167,0.06032989799999598
base_1_free_04,0.01,0.0,heterogeneous,True,False,False,0.0038180000032639327,0.0003099999972278056,0.06032964499999992
base_1_free_04,0.01,0.0,uniform,True,False,False,0.004516000004173293,0.00030300000020133666,0.0603303360000038
base_1_free_04,0.01,0.02,heterogeneous,True,False,False,0.0033230000013872996,0.0002830000056519566,0.060329123000006465
base_1_free_04,0.01,0.02,uniform,True,False,False,0.005584000000169453,0.0003399999997100167,0.060331440999999306
base_1_free_04,0.01,0.05,heterogeneous,True,False,False,0.003077999998879477,0.0003239999983861708,0.06032891899999669
base_1_free_04,0.01,0.05,uniform,True,False,False,0.0031419999970694334,0.0003050000003668174,0.06032896399999686
base_1_free_05,0.002,0.0,heterogeneous,True,False,False,0.005055999999115102,0.0004179999990583383,0.04816679200000039
base_1_free_05,0.002,0.0,uniform,True,False,False,0.0037230000060617385,0.00026400000052717587,0.048165305000008804
base_1_free_05,0.002,0.02,heterogeneous,True,False,False,0.003694000000109554,0.00032100000169066334,0.048165333000004015
base_1_free_05,0.002,0.02,uniform,True,False,False,0.004078999999990174,0.00033199999904809374,0.04816572900000125
base_1_free_05,0.002,0.05,heterogeneous,True,False,False,0.0032340000046815476,0.0002989999998703752,0.04816485100000677
base_1_free_05,0.002,0.05,uniform,True,False,False,0.0022420000007628005,0.00020499999919820766,0.048163765000002176
base_1_free_05,0.01,0.0,heterogeneous,True,False,False,0.0024549999935175038,0.00015099999473022763,0.04816392399999046
base_1_free_05,0.01,0.0,uniform,True,False,False,0.002320000000111122,0.0001479999980347202,0.04816378600000036
base_1_free_05,0.01,0.02,heterogeneous,True,False,False,0.01843999999806556,0.0003119999973932863,0.048180069999997674
base_1_free_05,0.01,0.02,uniform,True,False,False,0.0035290000042209613,0.00036299999806033156,0.048165210000004496
base_1_free_05,0.01,0.05,heterogeneous,True,False,False,0.0037129999981289075,0.00046099999906346056,0.04816549199999941
base_1_free_05,0.01,0.05,uniform,True,False,False,0.003100999997229792,0.0002970000068103218,0.048164716000006255
base_1_free_06,0.002,0.0,heterogeneous,True,False,False,0.004584000002694211,0.0004170000025283116,0.04965939300000642
base_1_free_06,0.002,0.0,uniform,True,False,False,0.0026810000051114002,0.00022399999721756103,0.04965729700000353
base_1_free_06,0.002,0.02,heterogeneous,True,False,False,0.002332999997634033,0.00015199999836568168,0.0496568769999972
base_1_free_06,0.002,0.02,uniform,True,False,False,0.0023609999999507636,0.0001500000053056283,0.049656903000006455
base_1_free_06,0.002,0.05,heterogeneous,True,False,False,0.002184999999599313,0.0001370000006772898,0.049656714000001476
base_1_free_06,0.002,0.05,uniform,True,False,False,0.004276999995056485,0.00038799999657612716,0.04965905699999283
base_1_free_06,0.01,0.0,heterogeneous,True,False,False,0.002926999997043822,0.00035100000417287447,0.049657670000002416
base_1_free_06,0.01,0.0,uniform,True,False,False,0.002559999998652529,0.00026899999738816405,0.04965722099999724
base_1_free_06,0.01,0.02,heterogeneous,True,False,False,0.002199999997287705,0.00022699999391306847,0.0496568189999924
base_1_free_06,0.01,0.02,uniform,True,False,False,0.002567999999314452,0.0002740000013545796,0.04965723400000187
base_1_free_06,0.01,0.05,heterogeneous,True,False,False,0.0022400000005973197,0.00023599999821044548,0.04965686800000001
base_1_free_06,0.01,0.05,uniform,True,False,False,0.0025490000012950986,0.00025300000316974547,0.049657194000005664
base_1_free_07,0.002,0.0,heterogeneous,True,False,False,0.004279000002327393,0.00041500000236283086,0.0474602990000048
base_1_free_07,0.002,0.0,uniform,True,False,False,0.0024360000026035777,0.00024799999920332993,0.047458289000001916
base_1_free_07,0.002,0.02,heterogeneous,True,False,False,0.002502000000959015,0.00020299999903272692,0.0474583100000001
base_1_free_07,0.002,0.02,uniform,True,False,False,0.002225000002908928,0.00022300000068753434,0.047458053000003705
base_1_free_07,0.002,0.05,heterogeneous,True,False,False,0.0023340000012694873,0.00023700000184589953,0.047458176000003224
base_1_free_07,0.002,0.05,uniform,True,False,False,0.0036499999964689778,0.00036000000136482413,0.04745961499999794
base_1_free_07,0.01,0.0,heterogeneous,True,False,False,0.0032420000053434705,0.00030300000020133666,0.047459150000005654
base_1_free_07,0.01,0.0,uniform,True,False,False,0.003732999999783715,0.00035299999723292785,0.047459690999997126
base_1_free_07,0.01,0.02,heterogeneous,True,False,False,0.0036089999966293362,0.0003010000000358559,0.047459514999996774
base_1_free_07,0.01,0.02,uniform,True,False,False,0.0029389999980367065,0.0002959999960694404,0.047458839999994215
base_1_free_07,0.01,0.05,heterogeneous,True,False,False,0.003257999999561889,0.00036299999806033156,0.04745922599999773
base_1_free_07,0.01,0.05,uniform,True,False,False,0.0035710000005906295,0.0003190000015251826,0.047459495000002225
base_1_free_08,0.002,0.0,heterogeneous,True,False,False,0.005256000001452321,0.0005500000028746399,0.057693573000002094
base_1_free_08,0.002,0.0,uniform,True,False,False,0.008212000004448328,0.0005289999975843784,0.0576965079999998
base_1_free_08,0.002,0.02,heterogeneous,True,False,False,0.004447999998546948,0.00043099999658124943,0.057692645999992895
base_1_free_08,0.002,0.02,uniform,True,False,False,0.0032720000007202543,0.00039100000037706195,0.057691429999998864
base_1_free_08,0.002,0.05,heterogeneous,True,False,False,0.004443000001685959,0.00044000000087862645,0.05769265000000033
base_1_free_08,0.002,0.05,uniform,True,False,False,0.003694000000109554,0.0003490000040073937,0.057691810000001884
base_1_free_08,0.01,0.0,heterogeneous,True,False,False,0.0034569999982636546,0.0003860000035160738,0.057691609999999546
base_1_free_08,0.01,0.0,uniform,True,False,False,0.003415999998424013,0.0003239999983861708,0.05769150699999458
base_1_free_08,0.01,0.02,heterogeneous,True,False,False,0.0035999999994373866,0.0003359999993790552,0.05769170299999658
base_1_free_08,0.01,0.02,uniform,True,False,False,0.002860999998688385,0.00032799999871713226,0.05769095599999517
base_1_free_08,0.01,0.05,heterogeneous,True,False,False,0.003198999998232921,0.00027999999474559445,0.057691245999990745
base_1_free_08,0.01,0.05,uniform,True,False,False,0.003231000000880613,0.0003119999973932863,0.05769130999999604
base_1_free_09,0.002,0.0,heterogeneous,True,False,False,0.036830999995629554,0.0005529999995701473,0.040292192999995965
base_1_free_09,0.002,0.0,uniform,True,False,False,0.003915999997161634,0.0003649999982258123,0.04025908999999615
base_1_free_09,0.002,0.02,heterogeneous,True,False,False,0.0036690000015937585,0.00031899999441975524,0.04025879699999678
base_1_free_09,0.002,0.02,uniform,True,False,False,0.007729000003564579,0.0004620000026989146,0.04026300000000703
base_1_free_09,0.002,0.05,heterogeneous,True,False,False,0.007259999996733768,0.0004380000007131457,0.04026250699999821
base_1_free_09,0.002,0.05,uniform,True,False,False,0.006664000004263926,0.000437000004183119,0.04026191000000921
base_1_free_09,0.01,0.0,heterogeneous,True,False,False,0.0033860000030472293,0.0003859999964106464,0.040258581000000224
base_1_free_09,0.01,0.0,uniform,True,False,False,0.002838999996868097,0.0003540000008683819,0.0402580019999985
base_1_free_09,0.01,0.02,heterogeneous,True,False,False,0.0024590000009538926,0.00022799999754852251,0.04025749599999927
base_1_free_09,0.01,0.02,uniform,True,False,False,0.0031030000045007,0.00034500000367643224,0.04025825700000894
base_1_free_09,0.01,0.05,heterogeneous,True,False,False,0.0025440000044341105,0.00020099999886724618,0.04025755400000407
base_1_free_09,0.01,0.05,uniform,True,False,False,0.0021199999977739026,0.0001850000046488276,0.04025711400000319
base_1_near_00,0.002,0.0,heterogeneous,True,False,False,0.004746000001887296,0.00035500000450383595,0.04641515000000539
base_1_near_00,0.002,0.0,uniform,True,False,False,0.004172000004132315,0.00034199999987549745,0.046414563000003004
base_1_near_00,0.002,0.02,heterogeneous,True,False,False,0.0035199999999235843,0.0003239999983861708,0.046413892999997305
base_1_near_00,0.002,0.02,uniform,True,False,False,0.0036610000009318355,0.0003820000031851123,0.04641409200000311
base_1_near_00,0.002,0.05,heterogeneous,True,False,False,0.003313000000559896,0.00024899999573335663,0.04641361099999529
base_1_near_00,0.002,0.05,uniform,True,False,False,0.002967000000353437,0.0003050000003668174,0.046413320999999716
base_1_near_00,0.01,0.0,heterogeneous,True,False,False,0.0038839999945139425,0.00034600000020645894,0.046414278999993716
base_1_near_00,0.01,0.0,uniform,True,False,False,0.0033260000051882344,0.0003050000003668174,0.04641368000000455
base_1_near_00,0.01,0.02,heterogeneous,True,False,False,0.004193000002317149,0.0002600000001962144,0.04641450200000151
base_1_near_00,0.01,0.02,uniform,True,False,False,0.0033009999995670114,0.0003500000005374204,0.0464136999999991
base_1_near_00,0.01,0.05,heterogeneous,True,False,False,0.003978999998821564,0.00039799999740353087,0.04641442599999522
base_1_near_00,0.01,0.05,uniform,True,False,False,0.004378999996390576,0.0004329999967467302,0.04641486099999213
base_1_near_01,0.002,0.0,heterogeneous,True,False,False,0.00468200000369734,0.0004030000013699464,0.04175680100000222
base_1_near_01,0.002,0.0,uniform,True,False,False,0.004013999998164763,0.0003290000023525863,0.04175605899999767
base_1_near_01,0.002,0.02,heterogeneous,True,False,False,0.0035210000035590383,0.00034199999987549745,0.041755579000000584
base_1_near_01,0.002,0.02,uniform,True,False,False,0.008149000002788398,0.0003430000035109515,0.04176020800000345
base_1_near_01,0.002,0.05,heterogeneous,True,False,False,0.0031739999997171253,0.00029299999937393295,0.04175518299999624
base_1_near_01,0.002,0.05,uniform,True,False,False,0.004516000004173293,0.0003849999998806197,0.0417566170000012
base_1_near_01,0.01,0.0,heterogeneous,True,False,False,0.0031569999947578253,0.00036799999492131974,0.04175524099998683
base_1_near_01,0.01,0.0,uniform,True,False,False,0.003488999993805919,0.0003119999973932863,0.04175551699998835
base_1_near_01,0.01,0.02,heterogeneous,True,False,False,0.0031370000002084453,0.0002629999968917218,0.04175511599999425
base_1_near_01,0.01,0.02,uniform,True,False,False,0.0034349999964433664,0.0003269999950816782,0.041755477999988674
base_1_near_01,0.01,0.05,heterogeneous,True,False,False,0.0037189999986253497,0.0004130000021973501,0.04175584799999797
base_1_near_01,0.01,0.05,uniform,True,False,False,0.003491999997606854,0.0003120000044987137,0.041755519999999255
base_1_near_02,0.002,0.0,heterogeneous,True,False,False,0.008592000000362532,0.0005019999989031021,0.03728151200000028
base_1_near_02,0.002,0.0,uniform,True,False,False,0.006775999999319993,0.00040400000500540045,0.03727959800000534
base_1_near_02,0.002,0.02,heterogeneous,True,False,False,0.007414000002370358,0.00046199999559348726,0.03728029399999898
base_1_near_02,0.002,0.02,uniform,True,False,False,0.006401999996796803,0.00038700000004610047,0.03727920699999786
base_1_near_02,0.002,0.05,heterogeneous,True,False,False,0.006505000001766348,0.00033000000598804036,0.03727925300000877
base_1_near_02,0.002,0.05,uniform,True,False,False,0.006910000003301775,0.0003799999959142042,0.03727970800000023
base_1_near_02,0.01,0.0,heterogeneous,True,False,False,0.006118000001720247,0.00032700000218710557,0.03727886300000492
base_1_near_02,0.01,0.0,uniform,True,False,False,0.006585999997810177,0.00041199999856189606,0.03727941599999739
base_1_near_02,0.01,0.02,heterogeneous,True,False,False,0.005101999995815731,0.0004520000018715109,0.0372779719999987
base_1_near_02,0.01,0.02,uniform,True,False,False,0.004263999997533574,0.00040199999773449235,0.03727708399999628
base_1_near_02,0.01,0.05,heterogeneous,True,False,False,0.0035489999987703413,0.0003580000011993434,0.037276325000000984
base_1_near_02,0.01,0.05,uniform,True,False,False,0.0042149999970320096,0.00036699999839129305,0.03727699999999644
base_1_near_03,0.002,0.0,heterogeneous,True,False,False,0.003153000001532291,0.0003369999959090819,0.037951838999994866
base_1_near_03,0.002,0.0,uniform,True,False,False,0.003366000001392422,0.0003549999973984086,0.037952069999996216
base_1_near_03,0.002,0.02,heterogeneous,True,False,False,0.0038339999974823513,0.00041400000583280416,0.03795259700000074
base_1_near_03,0.002,0.02,uniform,True,False,False,0.0025049999976545223,0.0002529999960643181,0.037951106999991144
base_1_near_03,0.002,0.05,heterogeneous,True,False,False,0.002295999998125353,0.00023399999804496474,0.037950878999993595
base_1_near_03,0.002,0.05,uniform,True,False,False,0.002260000002252127,0.00017300000365594315,0.03795078200000333
base_1_near_03,0.01,0.0,heterogeneous,True,False,False,0.0022319999999353968,0.00021199999622467658,0.037950792999993585
base_1_near_03,0.01,0.0,uniform,True,False,False,0.003214999999556767,0.0002170000001910921,0.03795178099999717
base_1_near_03,0.01,0.02,heterogeneous,True,False,False,0.002733999998838499,0.00024799999920332993,0.03795133099999547
base_1_near_03,0.01,0.02,uniform,True,False,False,0.00259000000113474,0.00030700000053229815,0.03795124599999909
base_1_near_03,0.01,0.05,heterogeneous,True,False,False,0.0031119999945872223,0.0002879999954075174,0.03795174899998742
base_1_near_03,0.01,0.05,uniform,True,False,False,0.0024289999984716815,0.0002609999967262411,0.03795103899999262
base_1_near_04,0.002,0.0,heterogeneous,True,False,False,0.0086339999967322,0.00048500000104922947,0.05867311399999807
base_1_near_04,0.002,0.0,uniform,True,False,False,0.003485000000580385,0.0003259999985516515,0.05866780599999942
base_1_near_04,0.002,0.02,heterogeneous,True,False,False,0.00244200000310002,0.00024100000217686102,0.058666678000005565
base_1_near_04,0.002,0.02,uniform,True,False,False,0.0020760000012387536,0.00022600000448846913,0.058666297000006015
base_1_near_04,0.002,0.05,heterogeneous,True,False,False,0.0022839999971324687,0.0001820000008478928,0.05866646099999827
base_1_near_04,0.002,0.05,uniform,True,False,False,0.00215700000438801,0.0002329999944095107,0.058666384999999086
base_1_near_04,0.01,0.0,heterogeneous,True,False,False,0.0024060000001213666,0.00016500000299402018,0.0586665660000034
base_1_near_04,0.01,0.0,uniform,True,False,False,0.0022270000030744086,0.0001820000008478928,0.05866640400000421
base_1_near_04,0.01,0.02,heterogeneous,True,False,False,0.008088999997823976,0.0005040000061740102,0.058672588000004286
base_1_near_04,0.01,0.02,uniform,True,False,False,0.006630000001450753,0.0004620000026989146,0.05867108700000444
base_1_near_04,0.01,0.05,heterogeneous,True,False,False,0.0071830000010209005,0.00046000000253343387,0.05867163800000384
base_1_near_04,0.01,0.05,uniform,True,False,False,0.006363999993652669,0.00046099999906346056,0.058670819999993004
base_1_near_05,0.002,0.0,heterogeneous,True,False,False,0.005084999997961859,0.0003960000043434775,0.03766892700000256
base_1_near_05,0.002,0.0,uniform,True,False,False,0.005080999997630897,0.00039599999723805013,0.03766892299999512
base_1_near_05,0.002,0.02,heterogeneous,True,False,False,0.0035560000029022376,0.00030700000053229815,0.03766730900000369
base_1_near_05,0.002,0.02,uniform,True,False,False,0.003356000000565018,0.0003369999959090819,0.03766713899999673
base_1_near_05,0.002,0.05,heterogeneous,True,False,False,0.002458000004423866,0.00020000000233721948,0.037666104000007014
base_1_near_05,0.002,0.05,uniform,True,False,False,0.0026169999998160165,0.0002069999993636884,0.03766626999999943
base_1_near_05,0.01,0.0,heterogeneous,True,False,False,0.0021840000030692863,0.00017899999704695801,0.03766580900000037
base_1_near_05,0.01,0.0,uniform,True,False,False,0.0021359999990977485,0.00017300000365594315,0.03766575500000301
base_1_near_05,0.01,0.02,heterogeneous,True,False,False,0.0025029999974890416,0.00023799999837592622,0.03766618699999612
base_1_near_05,0.01,0.02,uniform,True,False,False,0.0019089999980792527,0.00015400000563658978,0.03766550900000397
base_1_near_05,0.01,0.05,heterogeneous,True,False,False,0.002522999999143849,0.0002340000051503921,0.03766620300000455
base_1_near_05,0.01,0.05,uniform,True,False,False,0.0023400000017659295,0.00023899999490595292,0.037666024999996925
base_1_near_06,0.002,0.0,heterogeneous,True,False,False,0.0082290000023022,0.0006249999984220267,0.04285737000000055
base_1_near_06,0.002,0.0,uniform,True,False,False,0.006945000002644974,0.00041199999856189606,0.04285587300000103
base_1_near_06,0.002,0.02,heterogeneous,True,False,False,0.007074000002660341,0.00036699999839129305,0.042855957000000874
base_1_near_06,0.002,0.02,uniform,True,False,False,0.006654000003436522,0.0003490000040073937,0.04285551900000727
base_1_near_06,0.002,0.05,heterogeneous,True,False,False,0.005587000003970388,0.00030200000367130997,0.042854405000007464
base_1_near_06,0.002,0.05,uniform,True,False,False,0.0035999999994373866,0.00038700000004610047,0.042852502999999306
base_1_near_06,0.01,0.0,heterogeneous,True,False,False,0.008047000001454307,0.0004219999993892998,0.042856985000000666
base_1_near_06,0.01,0.0,uniform,True,False,False,0.0030600000044955777,0.00035200000070290116,0.04285192800000502
base_1_near_06,0.01,0.02,heterogeneous,True,False,False,0.002358999999785283,0.0002459999990378492,0.042851120999998646
base_1_near_06,0.01,0.02,uniform,True,False,False,0.0023630000001162443,0.00023600000531587284,0.042851115000005255
base_1_near_06,0.01,0.05,heterogeneous,True,False,False,0.004167000000165899,0.0003930000005425427,0.04285307600000053
base_1_near_06,0.01,0.05,uniform,True,False,False,0.004262000004473521,0.0003090000006977789,0.042853087000004994
base_1_near_07,0.002,0.0,heterogeneous,True,False,False,0.0035030000020697116,0.0003859999964106464,0.038186995000000654
base_1_near_07,0.002,0.0,uniform,True,False,False,0.0022930000014298457,0.00020500000630363502,0.03818560400000991
base_1_near_07,0.002,0.02,heterogeneous,True,False,False,0.0026539999993246965,0.00017899999704695801,0.038185938999998545
base_1_near_07,0.002,0.02,uniform,True,False,False,0.0023539999958188673,0.00019499999837080395,0.03818565499999636
base_1_near_07,0.002,0.05,heterogeneous,True,False,False,0.0024530000004574504,0.0002450000025078225,0.03818580400000514
base_1_near_07,0.002,0.05,uniform,True,False,False,0.0021419999995941907,0.00014999999820020093,0.03818539799999997
base_1_near_07,0.01,0.0,heterogeneous,True,False,False,0.0023159999997801606,0.00016599999952404687,0.03818558800000148
base_1_near_07,0.01,0.0,uniform,True,False,False,0.0020539999994184654,0.0001820000008478928,0.03818534200000244
base_1_near_07,0.01,0.02,heterogeneous,True,False,False,0.00291199999935543,0.0002880000025129448,0.03818630600000404
base_1_near_07,0.01,0.02,uniform,True,False,False,0.004308999997704177,0.0004699999962554102,0.03818788499999613
base_1_near_07,0.01,0.05,heterogeneous,True,False,False,0.0027310000021429914,0.0002499999993688107,0.038186087000003685
base_1_near_07,0.01,0.05,uniform,True,False,False,0.0022939999979598724,0.00020200000250270023,0.038185602000002636
base_1_near_08,0.002,0.0,heterogeneous,True,False,False,0.003457000005369082,0.0003770000063241241,0.03960148800001349
base_1_near_08,0.002,0.0,uniform,True,False,False,0.0025350000001367334,0.00021299999986013063,0.0396004020000018
base_1_near_08,0.002,0.02,heterogeneous,True,False,False,0.0022549999982857116,0.00018000000068241206,0.03960008900000077
base_1_near_08,0.002,0.02,uniform,True,False,False,0.002225000002908928,0.00016299999572311208,0.03960004200000043
base_1_near_08,0.002,0.05,heterogeneous,True,False,False,0.0022790000002714805,0.000231999997879484,0.03960016499999995
base_1_near_08,0.002,0.05,uniform,True,False,False,0.003427000002886871,0.00038099999954965824,0.03960146200000424
base_1_near_08,0.01,0.0,heterogeneous,True,False,False,0.0026559999994901773,0.0002919999957384789,0.03960060199999703
base_1_near_08,0.01,0.0,uniform,True,False,False,0.002149000003726087,0.00021299999986013063,0.039600016000005386
base_1_near_08,0.01,0.02,heterogeneous,True,False,False,0.002430999998637162,0.00030799999706232484,0.0396003929999975
base_1_near_08,0.01,0.02,uniform,True,False,False,0.0022319999999353968,0.00017099999638503505,0.03960005699999812
base_1_near_08,0.01,0.05,heterogeneous,True,False,False,0.008282999999664753,0.0005210000040278828,0.03960645800000549
base_1_near_08,0.01,0.05,uniform,True,False,False,0.006795000004444773,0.0003740000025231893,0.03960482300000877
base_1_near_09,0.002,0.0,heterogeneous,True,False,False,0.005116000004079524,0.0006049999967672193,0.04110203699999858
base_1_near_09,0.002,0.0,uniform,True,False,False,0.0028560000018273968,0.00031799999788972855,0.04109948999999745
base_1_near_09,0.002,0.02,heterogeneous,True,False,False,0.007621999998264073,0.00044000000087862645,0.041104377999996874
base_1_near_09,0.002,0.02,uniform,True,False,False,0.0071990000023447465,0.0004139999987273768,0.041103928999998804
base_1_near_09,0.002,0.05,heterogeneous,True,False,False,0.004551000003516492,0.0004219999993892998,0.04110128900000064
base_1_near_09,0.002,0.05,uniform,True,False,False,0.0029999999995311555,0.0002660000006926566,0.041099581999997956
base_1_near_09,0.01,0.0,heterogeneous,True,False,False,0.003268000000389293,0.0002959999960694404,0.04109987999999419
base_1_near_09,0.01,0.0,uniform,True,False,False,0.002170999998440948,0.00020200000250270023,0.041098688999998675
base_1_near_09,0.01,0.02,heterogeneous,True,False,False,0.003076999995244023,0.00030399999673136335,0.04109969699998971
base_1_near_09,0.01,0.02,uniform,True,False,False,0.0033990000005701404,0.00023499999457499143,0.04109994999999288
base_1_near_09,0.01,0.05,heterogeneous,True,False,False,0.0033459999997376144,0.0002919999957384789,0.04109995399999321
base_1_near_09,0.01,0.05,uniform,True,False,False,0.003586999994809048,0.0004320000002167035,0.04110033499999276
dense_0_far_00,0.002,0.0,heterogeneous,True,True,True,46.83922099999904,5.026307000001395,0.12805341599999706
dense_0_far_00,0.002,0.0,uniform,True,True,True,22.446258999998747,5.506758999999306,0.10414090599999469
dense_0_far_00,0.002,0.02,heterogeneous,True,True,True,23.92760699999741,10.985075999997207,0.11110057099999125
dense_0_far_00,0.002,0.02,uniform,True,True,True,42.760039000000916,8.856032000004177,0.12780395900000172
dense_0_far_00,0.002,0.05,heterogeneous,True,True,True,35.63066700000661,16.77282300000371,0.12859137800000695
dense_0_far_00,0.002,0.05,uniform,True,True,False,76.37829599999435,20.56859999999716,0.17313478399998813
dense_0_far_00,0.01,0.0,heterogeneous,True,True,True,20.746194000004436,5.9513219999942635,0.10288540399999534
dense_0_far_00,0.01,0.0,uniform,True,True,True,28.355408000003024,7.861836000003564,0.11240513200000322
dense_0_far_00,0.01,0.02,heterogeneous,True,True,True,30.999651999998434,11.497370000000728,0.1186849099999958
dense_0_far_00,0.01,0.02,uniform,True,True,True,45.24701800000486,10.49215200000475,0.13192705800000623
dense_0_far_00,0.01,0.05,heterogeneous,True,False,False,0.006680999995012371,0.0005829999949469311,0.0761951519999866
dense_0_far_00,0.01,0.05,uniform,True,False,False,0.004241999995713286,0.00039599999723805013,0.07619252599998959
dense_0_far_01,0.002,0.0,heterogeneous,True,True,True,21.23343099999886,4.022134999999594,0.10588310799999733
dense_0_far_01,0.002,0.0,uniform,True,True,True,20.63235100000327,4.242353999998727,0.10550224700000087
dense_0_far_01,0.002,0.02,heterogeneous,True,True,True,21.95152800000244,10.914384000002997,0.11349345400000431
dense_0_far_01,0.002,0.02,uniform,True,True,True,43.513349999997786,11.390023000004135,0.13553091500000078
dense_0_far_01,0.002,0.05,heterogeneous,True,True,True,32.07680900000298,19.821565999997404,0.13252591699999924
dense_0_far_01,0.002,0.05,uniform,True,True,False,76.80324999999755,24.820413000000485,0.1822512049999969
dense_0_far_01,0.01,0.0,heterogeneous,True,True,True,17.374341000000015,5.895214999995346,0.10389709799999423
dense_0_far_01,0.01,0.0,uniform,True,True,True,23.825473999998792,7.112892999998621,0.11156590899999629
dense_0_far_01,0.01,0.02,heterogeneous,True,False,False,26.519843999999182,0.00045300000550696495,0.10714783900000356
dense_0_far_01,0.01,0.02,uniform,True,True,True,36.863535999998476,10.642990000000907,0.12813406799999824
dense_0_far_01,0.01,0.05,heterogeneous,True,False,False,0.005307000002119366,0.0007330000002525594,0.08063358200000124
dense_0_far_01,0.01,0.05,uniform,True,False,False,0.004781999997760522,0.00041199999856189606,0.0806327359999952
dense_0_far_02,0.002,0.0,heterogeneous,True,True,True,22.9597229999996,6.338347000003353,0.10266354700000278
dense_0_far_02,0.002,0.0,uniform,True,True,True,20.111017999994374,4.303913999997633,0.09778040899999184
dense_0_far_02,0.002,0.02,heterogeneous,True,True,True,27.1030039999971,12.54580599999855,0.11301428699999548
dense_0_far_02,0.002,0.02,uniform,True,True,True,44.58715399999846,8.72974400000004,0.12668237499999832
dense_0_far_02,0.002,0.05,heterogeneous,True,True,True,31.672269999994285,20.036464000000365,0.12507421099999447
dense_0_far_02,0.002,0.05,uniform,True,True,False,79.13322100000642,19.753815000001396,0.17225251300000763
dense_0_far_02,0.01,0.0,heterogeneous,True,True,True,18.855303999998796,4.74199399999975,0.09696277499999838
dense_0_far_02,0.01,0.0,uniform,True,True,True,26.146126000000436,7.040320999998073,0.10655192399999834
dense_0_far_02,0.01,0.02,heterogeneous,True,True,True,24.87367800000584,14.147956000002182,0.11238711100000785
dense_0_far_02,0.01,0.02,uniform,True,True,True,36.3411260000035,9.193727000003094,0.11890033000000642
dense_0_far_02,0.01,0.05,heterogeneous,True,False,False,0.005190999999626911,0.0006409999997458726,0.0733713089999992
dense_0_far_02,0.01,0.05,uniform,True,False,False,0.004893999999922016,0.0004830000008837487,0.07337085400000064
dense_0_far_03,0.002,0.0,heterogeneous,True,True,True,20.003134999996064,5.375768999996922,0.10165796299999073
dense_0_far_03,0.002,0.0,uniform,True,True,True,22.422216000002493,3.582299999997929,0.10228357499999817
dense_0_far_03,0.002,0.02,heterogeneous,True,True,True,23.91294299999913,8.828680999997118,0.109020682999994
dense_0_far_03,0.002,0.02,uniform,True,True,True,42.4272190000039,11.46885200000014,0.13017513000000178
dense_0_far_03,0.002,0.05,heterogeneous,True,True,True,31.134618999999475,18.447178999998926,0.12586085699999613
dense_0_far_03,0.002,0.05,uniform,True,True,False,76.49280100000055,19.002600000000314,0.1717744599999986
dense_0_far_03,0.01,0.0,heterogeneous,True,True,True,19.274138999996637,5.678779999996664,0.10123197799999105
dense_0_far_03,0.01,0.0,uniform,True,True,True,19.47585299999588,4.7635190000008265,0.10051843099999445
dense_0_far_03,0.01,0.02,heterogeneous,True,False,False,21.45070800000326,0.0006270000056929348,0.0977303940000067
dense_0_far_03,0.01,0.02,uniform,True,True,True,34.8217749999975,11.454085000004,0.12255491899999925
dense_0_far_03,0.01,0.05,heterogeneous,True,False,False,0.00398400000278798,0.0004839999974137754,0.07628352699999795
dense_0_far_03,0.01,0.05,uniform,True,False,False,0.003603999999768348,0.0004389999972431724,0.07628310199999476
dense_0_far_04,0.002,0.0,heterogeneous,True,True,True,15.767887000002645,4.247915000000546,0.11364148200000244
dense_0_far_04,0.002,0.0,uniform,True,True,True,19.806647000002897,3.4915700000013317,0.11692389700000348
dense_0_far_04,0.002,0.02,heterogeneous,True,True,True,18.975591000000236,8.48768299999847,0.12108895399999796
dense_0_far_04,0.002,0.02,uniform,True,True,True,33.23758900000229,9.070420999996998,0.13593368999999852
dense_0_far_04,0.002,0.05,heterogeneous,True,True,True,25.712429999998676,15.059416999996245,0.13439752699999416
dense_0_far_04,0.002,0.05,uniform,True,True,False,61.50591499999791,17.1085739999981,0.17224016899999525
dense_0_far_04,0.01,0.0,heterogeneous,True,True,True,15.545081999995602,5.510317999998904,0.11468107999999376
dense_0_far_04,0.01,0.0,uniform,True,True,True,19.15529099999702,4.816136999998832,0.1175971079999951
dense_0_far_04,0.01,0.02,heterogeneous,True,True,True,20.851299000000267,9.01119199999556,0.12348817099999508
dense_0_far_04,0.01,0.02,uniform,True,True,True,30.421116999995945,8.086771999998632,0.13213356899999382
dense_0_far_04,0.01,0.05,heterogeneous,True,False,False,0.00458200000252873,0.0004429999975741339,0.09363070499999936
dense_0_far_04,0.01,0.05,uniform,True,False,False,0.0033729999984188908,0.00036399999459035826,0.09362941699999226
dense_0_far_05,0.002,0.0,heterogeneous,True,True,True,13.886588999994842,3.3749770000000012,0.08137914199999273
dense_0_far_05,0.002,0.0,uniform,True,True,True,16.58814399999642,3.399254999997936,0.08410497499999224
dense_0_far_05,0.002,0.02,heterogeneous,True,True,True,18.657089999997822,7.895703999999171,0.09067036999999488
dense_0_far_05,0.002,0.02,uniform,True,True,True,31.115251999999316,7.800191999997708,0.10303301999999491
dense_0_far_05,0.002,0.05,heterogeneous,True,True,True,24.881286999999475,14.378536000002384,0.10337739899999975
dense_0_far_05,0.002,0.05,uniform,True,True,True,58.443442000005064,17.869219999994357,0.1404302379999973
dense_0_far_05,0.01,0.0,heterogeneous,True,True,True,15.675972000003924,5.887129999997853,0.08568067799999966
dense_0_far_05,0.01,0.0,uniform,True,True,True,21.264678999997955,4.841829000000075,0.09022408399999592
dense_0_far_05,0.01,0.02,heterogeneous,True,True,True,22.191567999996664,8.97931000000085,0.0952884539999954
dense_0_far_05,0.01,0.02,uniform,True,True,True,28.793602000000362,9.109893000001534,0.10202107099999978
dense_0_far_05,0.01,0.05,heterogeneous,True,False,False,0.005668999996544244,0.00040900000186638863,0.0641236539999963
dense_0_far_05,0.01,0.05,uniform,True,False,False,0.004850000003386867,0.00045799999526252577,0.06412288399999654
dense_0_far_06,0.002,0.0,heterogeneous,True,True,True,14.16151899999818,3.4458519999986947,0.09119981299999978
dense_0_far_06,0.002,0.0,uniform,True,True,True,17.484191999997734,3.295811000000981,0.09437244500000162
dense_0_far_06,0.002,0.02,heterogeneous,True,True,True,18.397331999999267,7.576409000002116,0.09956618300000429
dense_0_far_06,0.002,0.02,uniform,True,True,True,31.15770499999826,8.088979000000052,0.11283912600000122
dense_0_far_06,0.002,0.05,heterogeneous,True,True,True,25.37082600000673,14.50337500000387,0.11346664300001351
dense_0_far_06,0.002,0.05,uniform,True,True,False,59.47092299999923,17.75580900000051,0.15081917400000264
dense_0_far_06,0.01,0.0,heterogeneous,True,True,True,16.112147000001187,4.815856000000451,0.09452044500000455
dense_0_far_06,0.01,0.0,uniform,True,True,True,20.053165000000206,4.683458999998891,0.098329066000002
dense_0_far_06,0.01,0.02,heterogeneous,True,False,False,19.50952600000022,0.00038099999954965824,0.09310234900000268
dense_0_far_06,0.01,0.02,uniform,True,True,True,28.66274600000196,8.63348699999733,0.1108886750000022
dense_0_far_06,0.01,0.05,heterogeneous,True,False,False,0.006030000001544522,0.000651999997103303,0.07359912400000156
dense_0_far_06,0.01,0.05,uniform,True,False,False,0.002945000005638576,0.0003699999950868005,0.07359575700000363
dense_0_far_07,0.002,0.0,heterogeneous,True,True,True,14.888374999998177,3.400668000004714,0.08281928300000317
dense_0_far_07,0.002,0.0,uniform,True,True,True,18.533370000000104,3.6244310000057567,0.08668804100000614
dense_0_far_07,0.002,0.02,heterogeneous,True,True,True,18.449980999996285,9.22296299999914,0.0922031839999957
dense_0_far_07,0.002,0.02,uniform,True,True,True,32.182089000002634,8.318371999997964,0.10503070100000088
dense_0_far_07,0.002,0.05,heterogeneous,True,True,True,24.614061999997716,13.780706000005694,0.10292500800000369
dense_0_far_07,0.002,0.05,uniform,True,True,True,61.970913999999766,17.601013000003718,0.14410216700000375
dense_0_far_07,0.01,0.0,heterogeneous,True,True,True,15.56032300000254,5.073351000000059,0.08516391400000288
dense_0_far_07,0.01,0.0,uniform,True,True,True,20.145679999998833,5.541457999996169,0.09021737799999528
dense_0_far_07,0.01,0.02,heterogeneous,True,True,True,20.71348300000153,9.00613700000008,0.09424986000000189
dense_0_far_07,0.01,0.02,uniform,True,True,True,32.76077399999622,8.03162300000082,0.10532263699999732
dense_0_far_07,0.01,0.05,heterogeneous,True,False,False,0.005080999997630897,0.0005829999949469311,0.06453590399999286
dense_0_far_07,0.01,0.05,uniform,True,False,False,0.0027369999955340063,0.00030899999359235153,0.0645332859999894
dense_0_far_08,0.002,0.0,heterogeneous,True,True,True,14.703257000000747,3.50602999999694,0.08710872099999677
dense_0_far_08,0.002,0.0,uniform,True,True,True,17.852760000003798,3.3561239999997383,0.09010831800000262
dense_0_far_08,0.002,0.02,heterogeneous,True,True,True,19.07883500000196,7.988156999999774,0.09596642600000081
dense_0_far_08,0.002,0.02,uniform,True,True,True,35.33111600000183,9.910453999999902,0.11414100400000081
dense_0_far_08,0.002,0.05,heterogeneous,True,True,True,26.214138999996806,14.475681999996937,0.10958925499999282
dense_0_far_08,0.002,0.05,uniform,True,True,True,56.753440999997906,16.792987000002313,0.14244586199999928
dense_0_far_08,0.01,0.0,heterogeneous,True,True,True,16.440490000000807,5.3430399999996325,0.09068296399999952
dense_0_far_08,0.01,0.0,uniform,True,True,True,21.439841000002957,4.79235600000294,0.09513163100000498
dense_0_far_08,0.01,0.02,heterogeneous,True,True,True,21.53096199999993,9.194387000000859,0.09962478299999987
dense_0_far_08,0.01,0.02,uniform,True,True,True,29.206199000000765,8.28955299999734,0.10639518599999719
dense_0_far_08,0.01,0.05,heterogeneous,True,False,False,0.004773000000568572,0.0003939999970725694,0.06890460099999672
dense_0_far_08,0.01,0.05,uniform,True,False,False,0.003274000000885735,0.00037799999574872345,0.06890308599999571
dense_0_far_09,0.002,0.0,heterogeneous,True,True,True,14.396284000000037,3.3941299999966645,0.09540492100000052
dense_0_far_09,0.002,0.0,uniform,True,True,True,16.638975999995864,4.290462000000161,0.09854394499999984
dense_0_far_09,0.002,0.02,heterogeneous,True,True,True,18.932526999996924,7.912809000004017,0.10445984300000476
dense_0_far_09,0.002,0.02,uniform,True,True,True,31.756842999996593,8.601732999999001,0.11797308299999941
dense_0_far_09,0.002,0.05,heterogeneous,True,True,True,26.639901000002908,14.306988000001297,0.11856139600000802
dense_0_far_09,0.002,0.05,uniform,True,True,False,60.57398700000505,17.012059999998996,0.15520055400000785
dense_0_far_09,0.01,0.0,heterogeneous,True,True,True,15.580570999993881,4.80038700000307,0.09799546500000077
dense_0_far_09,0.01,0.0,uniform,True,True,True,21.109461000001772,4.725333000003218,0.1034493010000088
dense_0_far_09,0.01,0.02,heterogeneous,True,True,True,21.806574999999384,8.33154499999722,0.10775262700000042
dense_0_far_09,0.01,0.02,uniform,True,True,True,32.23302900000391,8.845854000000486,0.11869339000000821
dense_0_far_09,0.01,0.05,heterogeneous,True,False,False,0.007813000003409343,0.0006429999999113534,0.07762296300000714
dense_0_far_09,0.01,0.05,uniform,True,False,False,0.003116000002023611,0.0003859999964106464,0.07761800900000225
dense_0_free_01,0.002,0.0,heterogeneous,True,True,True,14.80595200000323,3.282370999997397,0.0943890890000003
dense_0_free_01,0.002,0.0,uniform,True,True,True,18.297992000000818,3.3609259999991536,0.09795968399999964
dense_0_free_01,0.002,0.02,heterogeneous,True,True,True,18.050148000000377,7.990018000000987,0.10234093200000104
dense_0_free_01,0.002,0.02,uniform,True,True,True,29.573342000006164,8.41487499999971,0.11428898300000555
dense_0_free_01,0.002,0.05,heterogeneous,True,True,True,25.232373999998003,13.991138999998043,0.11552427899999572
dense_0_free_01,0.002,0.05,uniform,True,True,True,56.705076000000076,16.52450300000652,0.14953034500000625
dense_0_free_01,0.01,0.0,heterogeneous,True,True,True,15.34761799999984,4.701437999997893,0.0963498219999974
dense_0_free_01,0.01,0.0,uniform,True,True,True,20.761338999996326,4.791479000004983,0.10185358400000098
dense_0_free_01,0.01,0.02,heterogeneous,True,False,False,19.586328000002595,0.0006209999980910652,0.09588771500000036
dense_0_free_01,0.01,0.02,uniform,True,True,True,29.126005999998483,8.768922000001567,0.11419569399999972
dense_0_free_01,0.01,0.05,heterogeneous,True,False,False,0.006791000004113812,0.000427999999885742,0.07630798500000367
dense_0_free_01,0.01,0.05,uniform,True,False,False,0.002756000000658787,0.0003059999968968441,0.07630382799999723
dense_0_free_02,0.002,0.0,heterogeneous,True,True,True,14.770204999997816,3.356717999999148,0.09305175700000178
dense_0_free_02,0.002,0.0,uniform,True,True,True,17.39965600000204,3.2791430000003174,0.09560363300000717
dense_0_free_02,0.002,0.02,heterogeneous,True,True,True,18.313878999997257,7.953510000000108,0.10119222300000218
dense_0_free_02,0.002,0.02,uniform,True,True,True,30.87381899999997,8.083018000000664,0.11388167100000544
dense_0_free_02,0.002,0.05,heterogeneous,True,True,True,26.52242799999982,14.491713999994715,0.11593897599999935
dense_0_free_02,0.002,0.05,uniform,True,True,False,62.847988999997995,17.25530299999889,0.15502812600000168
dense_0_free_02,0.01,0.0,heterogeneous,True,True,True,17.39137100000221,4.880876999997952,0.09719708200000497
dense_0_free_02,0.01,0.0,uniform,True,True,True,21.594630000002724,4.724078999998937,0.10124354300000647
dense_0_free_02,0.01,0.02,heterogeneous,True,True,True,21.768250999997463,9.112518999998542,0.10580560400000082
dense_0_free_02,0.01,0.02,uniform,True,True,True,31.756995000002064,8.880118000000436,0.11556194700000731
dense_0_free_02,0.01,0.05,heterogeneous,True,False,False,0.007230000001356984,0.000481000000718268,0.07493254500000689
dense_0_free_02,0.01,0.05,uniform,True,False,False,0.0029400000016721606,0.0003500000005374204,0.07492812400000702
dense_0_free_03,0.002,0.0,heterogeneous,True,True,True,15.023167999999032,3.3720389999984945,0.08178491499999695
dense_0_free_03,0.002,0.0,uniform,True,True,True,18.47180000000037,3.6940699999945537,0.08555557799999434
dense_0_free_03,0.002,0.02,heterogeneous,True,True,True,18.79021799999947,8.977617999995857,0.09115754399999475
dense_0_free_03,0.002,0.02,uniform,True,True,True,31.68108299999517,8.091760000006332,0.10316255100000092
dense_0_free_03,0.002,0.05,heterogeneous,True,True,True,25.411068000003922,14.4549629999986,0.10325573900000194
dense_0_free_03,0.002,0.05,uniform,True,True,True,67.17308900000063,16.604805000000056,0.1471676020000001
dense_0_free_03,0.01,0.0,heterogeneous,True,True,True,15.913527999998678,4.8548930000009705,0.08415812899999907
dense_0_free_03,0.01,0.0,uniform,True,True,True,20.106116000000895,4.633355999999367,0.08812917999999968
dense_0_free_03,0.01,0.02,heterogeneous,True,True,True,21.534957999996607,9.253859000004638,0.09417852500000067
dense_0_free_03,0.01,0.02,uniform,True,True,True,30.796698999999705,9.254450999996777,0.1034408579999959
dense_0_free_03,0.01,0.05,heterogeneous,True,False,False,0.004846000003055906,0.00045700000583792644,0.06339501100000831
dense_0_free_03,0.01,0.05,uniform,True,False,False,0.0033679999944524752,0.00033299999557812043,0.06339340899998945
dense_0_free_04,0.002,0.0,heterogeneous,True,True,True,15.078170999998974,3.139834999998925,0.10860796300000118
dense_0_free_04,0.002,0.0,uniform,True,True,True,17.705540999997993,3.529903000000445,0.11162540100000172
dense_0_free_04,0.002,0.02,heterogeneous,True,True,True,18.095647000002657,8.154650000001595,0.11664025400000753
dense_0_free_04,0.002,0.02,uniform,True,True,True,31.777861000001906,8.04336600000255,0.13021118400000772
dense_0_free_04,0.002,0.05,heterogeneous,True,True,True,26.034959999996943,16.444397999997307,0.13286931499999752
dense_0_free_04,0.002,0.05,uniform,True,True,False,58.585336000000154,17.512953000000664,0.1664882460000041
dense_0_free_04,0.01,0.0,heterogeneous,True,True,True,15.422991999997748,4.811031000002686,0.11062398000000372
dense_0_free_04,0.01,0.0,uniform,True,True,True,19.823540000004414,5.312497000005578,0.11552599400001327
dense_0_free_04,0.01,0.02,heterogeneous,True,True,True,20.577910999996618,9.293595999999127,0.12026146399999903
dense_0_free_04,0.01,0.02,uniform,True,True,True,30.391856000001383,9.83308599999333,0.13061489899999798
dense_0_free_04,0.01,0.05,heterogeneous,True,False,False,0.004510000003676851,0.0003649999982258123,0.09039483200000518
dense_0_free_04,0.01,0.05,uniform,True,False,False,0.002883000000508673,0.00023900000201138027,0.0903930790000058
dense_0_free_05,0.002,0.0,heterogeneous,True,True,True,14.87000899999913,3.3366850000007275,0.09974951199999936
dense_0_free_05,0.002,0.0,uniform,True,True,True,17.67074199999996,3.410121999998239,0.1026236819999977
dense_0_free_05,0.002,0.02,heterogeneous,True,True,True,18.527867000003084,9.473931999998797,0.10954461700000138
dense_0_free_05,0.002,0.02,uniform,True,True,True,31.404029999997363,8.086566000002904,0.12103341399999977
dense_0_free_05,0.002,0.05,heterogeneous,True,True,True,25.327945000000796,14.90198499999451,0.12177274799999481
dense_0_free_05,0.002,0.05,uniform,True,True,False,65.88834899999796,20.886973999999725,0.16831814099999717
dense_0_free_05,0.01,0.0,heterogeneous,True,True,True,15.489921000003903,5.099739000002046,0.10213247800000545
dense_0_free_05,0.01,0.0,uniform,True,True,True,19.097827999999595,4.654266000002849,0.10529491200000195
dense_0_free_05,0.01,0.02,heterogeneous,True,True,True,20.837200999999084,10.51024699999914,0.11289026599999773
dense_0_free_05,0.01,0.02,uniform,True,True,True,28.983306000000653,8.217166000001441,0.1187432900000016
dense_0_free_05,0.01,0.05,heterogeneous,True,False,False,0.007060000001501976,0.00043600000054766497,0.08155031400000155
dense_0_free_05,0.01,0.05,uniform,True,False,False,0.0032720000007202543,0.0003190000015251826,0.08154640900000175
dense_0_free_06,0.002,0.0,heterogeneous,True,True,True,15.660587999995812,3.7443429999939326,0.09023477399999223
dense_0_free_06,0.002,0.0,uniform,True,True,True,16.75120099999816,3.48270599999978,0.09106375000000043
dense_0_free_06,0.002,0.02,heterogeneous,True,True,True,18.613230999996233,9.363304000004291,0.09880637800000301
dense_0_free_06,0.002,0.02,uniform,True,True,True,32.13594399999664,8.954198000004965,0.1119199850000041
dense_0_free_06,0.002,0.05,heterogeneous,True,True,True,26.031097000000614,15.683604999999545,0.11254454500000265
dense_0_free_06,0.002,0.05,uniform,True,True,True,59.332169999997575,17.33055899999414,0.1474925719999942
dense_0_free_06,0.01,0.0,heterogeneous,True,True,True,15.099616000000537,4.813574000003484,0.09074303300000651
dense_0_free_06,0.01,0.0,uniform,True,True,True,21.896853000001215,5.558849000003363,0.09828554500000707
dense_0_free_06,0.01,0.02,heterogeneous,True,False,False,19.143386999999734,0.0005309999977498592,0.08997376099999997
dense_0_free_06,0.01,0.02,uniform,True,True,True,29.627838999999767,8.381409999998368,0.10883909200000062
dense_0_free_06,0.01,0.05,heterogeneous,True,False,False,0.00651100000226279,0.0004610000061688879,0.07083681500001092
dense_0_free_06,0.01,0.05,uniform,True,False,False,0.0030859999995414,0.0003649999982258123,0.07083329400000025
dense_0_free_07,0.002,0.0,heterogeneous,True,True,True,15.092246000001808,4.1212109999975155,0.1053636009999974
dense_0_free_07,0.002,0.0,uniform,True,True,True,16.8488850000017,3.364691000001585,0.10636372000000137
dense_0_free_07,0.002,0.02,heterogeneous,True,True,True,18.362782000004074,7.846993999997665,0.11235991999999982
dense_0_free_07,0.002,0.02,uniform,True,True,True,30.615414999999757,8.626483999996992,0.12539204299999482
dense_0_free_07,0.002,0.05,heterogeneous,True,True,True,27.074189000003912,14.98945100000526,0.12821378400000724
dense_0_free_07,0.002,0.05,uniform,True,True,False,56.761635999997395,18.259755000002542,0.161171534999998
dense_0_free_07,0.01,0.0,heterogeneous,True,True,True,15.788940000000196,4.958188000003361,0.10689727200000164
dense_0_free_07,0.01,0.0,uniform,True,True,True,19.422104999996748,4.766805999999235,0.11033905499999407
dense_0_free_07,0.01,0.02,heterogeneous,True,True,True,21.234311999997146,10.175527999997769,0.117559983999993
dense_0_free_07,0.01,0.02,uniform,True,True,True,30.66491100000235,8.323393999994266,0.12513844899999468
dense_0_free_07,0.01,0.05,heterogeneous,True,False,False,0.004312000001505112,0.0003970000008735042,0.08615485300000046
dense_0_free_07,0.01,0.05,uniform,True,False,False,0.0030060000000275977,0.00022900000118397656,0.0861533789999993
dense_0_free_08,0.002,0.0,heterogeneous,True,True,True,14.779254000004016,3.318424999996239,0.08322996699999806
dense_0_free_08,0.002,0.0,uniform,True,True,True,18.030361000000994,3.3675959999968086,0.0865302449999956
dense_0_free_08,0.002,0.02,heterogeneous,True,True,True,18.33330799999544,7.969866999999908,0.09143546299999315
dense_0_free_08,0.002,0.02,uniform,True,True,True,30.819518999997797,8.074935999999866,0.10402674299999547
dense_0_free_08,0.002,0.05,heterogeneous,True,True,True,24.75431400000616,14.785305000003746,0.10467190700000771
dense_0_free_08,0.002,0.05,uniform,True,True,True,62.710750999997344,17.437012999998558,0.1452800519999937
dense_0_free_08,0.01,0.0,heterogeneous,True,True,True,15.053866000002358,4.73279700000262,0.08491895100000278
dense_0_free_08,0.01,0.0,uniform,True,True,True,19.85243600000075,4.773937000003059,0.08975866100000161
dense_0_free_08,0.01,0.02,heterogeneous,True,True,True,21.209705000003964,8.872619000001691,0.09521461200000346
dense_0_free_08,0.01,0.02,uniform,True,True,True,30.274703999999986,8.178223999998124,0.10358521599999591
dense_0_free_08,0.01,0.05,heterogeneous,True,False,False,0.005272999999306194,0.000498000005677568,0.06513805900000279
dense_0_free_08,0.01,0.05,uniform,True,False,False,0.003319000001056338,0.00028600000234746403,0.06513589300000121
dense_0_free_09,0.002,0.0,heterogeneous,True,True,True,14.594190000003948,3.5548970000007785,0.08668625700000775
dense_0_free_09,0.002,0.0,uniform,True,True,True,18.126956999999777,3.569547999994427,0.09023367499999722
dense_0_free_09,0.002,0.02,heterogeneous,True,True,True,19.32887299999919,7.7581920000042714,0.09562423500000648
dense_0_free_09,0.002,0.02,uniform,True,True,True,30.58802900000046,9.113326999994342,0.10823852599999782
dense_0_free_09,0.002,0.05,heterogeneous,True,True,True,25.903280999997946,14.742253000001426,0.10918270400000239
dense_0_free_09,0.002,0.05,uniform,True,True,True,59.56481199999786,18.350169000001415,0.14645215100000228
dense_0_free_09,0.01,0.0,heterogeneous,True,True,True,15.197923000002334,6.665006999995171,0.09040010000000052
dense_0_free_09,0.01,0.0,uniform,True,True,True,19.74303600000127,4.873078999999336,0.09315328500000362
dense_0_free_09,0.01,0.02,heterogeneous,True,True,True,20.487441000000217,9.184759000000042,0.09820937000000328
dense_0_free_09,0.01,0.02,uniform,True,True,True,31.0944050000046,9.891041999999572,0.10952261700000719
dense_0_free_09,0.01,0.05,heterogeneous,True,False,False,0.004621000002202891,0.0006380000030503652,0.06854242900000827
dense_0_free_09,0.01,0.05,uniform,True,False,False,0.0032330000010460935,0.00023599999821044548,0.06854063900000228
dense_0_near_00,0.002,0.0,heterogeneous,True,False,False,23.160762000003388,0.00044400000120958794,0.09208015199999807
dense_0_near_00,0.002,0.0,uniform,True,False,False,20.376595000001885,0.0008550000032414573,0.0892963959999986
dense_0_near_00,0.002,0.02,heterogeneous,True,False,False,24.962543000000892,0.0005400000020472362,0.09388202899999641
dense_0_near_00,0.002,0.02,uniform,True,False,False,27.678371999996898,0.0006460000037122882,0.09659796399999408
dense_0_near_00,0.002,0.05,heterogeneous,True,False,False,32.420457999997154,0.0007929999981115543,0.10134019699998874
dense_0_near_00,0.002,0.05,uniform,True,False,False,38.526257999997426,0.0006389999995803919,0.10744584299999048
dense_0_near_00,0.01,0.0,heterogeneous,True,False,False,22.7754659999988,0.00046599999592444874,0.0916948779999882
dense_0_near_00,0.01,0.0,uniform,True,False,False,22.175355000001673,0.000955000004410067,0.09109525599999956
dense_0_near_00,0.01,0.02,heterogeneous,True,False,False,27.724741000000108,0.0005590000000665896,0.09664424599999365
dense_0_near_00,0.01,0.02,uniform,True,False,False,26.97683600000289,0.0006239999947865726,0.09589640599999115
dense_0_near_00,0.01,0.05,heterogeneous,True,False,False,0.005233999999632033,0.0004340000003821842,0.06892461399999349
dense_0_near_00,0.01,0.05,uniform,True,False,False,0.0031490000012013297,0.00036600000186126636,0.06892246099999653
dense_0_near_01,0.002,0.0,heterogeneous,True,False,False,22.508016999999825,0.000518000000226948,0.102085560000003
dense_0_near_01,0.002,0.0,uniform,True,False,False,21.106059000004507,0.0009280000057287907,0.10068401200001319
dense_0_near_01,0.002,0.02,heterogeneous,True,False,False,25.14294800000272,0.0006520000042087304,0.10472062500000988
dense_0_near_01,0.002,0.02,uniform,True,False,False,27.571399999999358,0.0006020000000717118,0.10714902700000238
dense_0_near_01,0.002,0.05,heterogeneous,True,False,False,30.44265500000165,0.0006799999994200334,0.11002036000000402
dense_0_near_01,0.002,0.05,uniform,True,False,False,42.246615999999904,0.0008239999971237921,0.12182446499999998
dense_0_near_01,0.01,0.0,heterogeneous,True,False,False,23.324252000001877,0.0008210000004282847,0.10290209800000526
dense_0_near_01,0.01,0.0,uniform,True,False,False,21.369864000000405,0.0008519999994405225,0.1009477410000028
dense_0_near_01,0.01,0.02,heterogeneous,True,False,False,27.965567000002522,0.0007490000015764053,0.10754334100000705
dense_0_near_01,0.01,0.02,uniform,True,False,False,26.37947800000262,0.0009330000025897789,0.10595743600000816
dense_0_near_01,0.01,0.05,heterogeneous,True,False,False,0.004282999995552927,0.0005369999982463014,0.07958184499999675
dense_0_near_01,0.01,0.05,uniform,True,False,False,0.00571300000018482,0.0004460000013750687,0.07958318400000451
dense_0_near_02,0.002,0.0,heterogeneous,True,False,False,23.262082999998768,0.000526000000888871,0.0916844299999977
dense_0_near_02,0.002,0.0,uniform,True,False,False,20.862100999998745,0.000518000000226948,0.08928443999999701
dense_0_near_02,0.002,0.02,heterogeneous,True,False,False,25.341273000002218,0.0004830000008837487,0.09376357700000114
dense_0_near_02,0.002,0.02,uniform,True,False,False,28.263379000001976,0.0007229999994251557,0.09668592299999944
dense_0_near_02,0.002,0.05,heterogeneous,True,False,False,29.479129999998577,0.0007289999999215979,0.09790167999999654
dense_0_near_02,0.002,0.05,uniform,True,False,False,38.71281700000395,0.0009110000007694907,0.10713554900000276
dense_0_near_02,0.01,0.0,heterogeneous,True,False,False,23.226229000002263,0.0006980000009093601,0.09164874800000121
dense_0_near_02,0.01,0.0,uniform,True,False,False,21.809470000000886,0.0006990000045448141,0.09023199000000347
dense_0_near_02,0.01,0.02,heterogeneous,True,False,False,26.5836230000005,0.000508999995929571,0.09500595299999447
dense_0_near_02,0.01,0.02,uniform,True,False,False,26.80420699999786,0.0008979999961411522,0.09522692599999204
dense_0_near_02,0.01,0.05,heterogeneous,True,False,False,0.0038270000004558824,0.0004709999998908643,0.06842611899999838
dense_0_near_02,0.01,0.05,uniform,True,False,False,0.0032079999954248706,0.0004569999987324991,0.0684254859999922
dense_0_near_03,0.002,0.0,heterogeneous,True,False,False,22.897401000001594,0.0006409999997458726,0.10128789699999573
dense_0_near_03,0.002,0.0,uniform,True,False,False,20.880265999998926,0.0007059999944658557,0.09927082699998778
dense_0_near_03,0.002,0.02,heterogeneous,True,False,False,26.014920999998026,0.0008040000025744121,0.10440557999999499
dense_0_near_03,0.002,0.02,uniform,True,False,False,28.71863899999738,0.000765999999430278,0.1071092599999912
dense_0_near_03,0.002,0.05,heterogeneous,True,False,False,32.309365999999784,0.0008600000001024455,0.11070008099999427
dense_0_near_03,0.002,0.05,uniform,True,False,False,40.31545200000153,0.000864000000433407,0.11870617099999635
dense_0_near_03,0.01,0.0,heterogeneous,True,False,False,23.68168699999984,0.0005730000012249548,0.10207211499999545
dense_0_near_03,0.01,0.0,uniform,True,False,False,22.399155000002224,0.0008060000027398928,0.10078981599999935
dense_0_near_03,0.01,0.02,heterogeneous,True,False,False,27.207226999998113,0.0006420000033813267,0.10559772399999588
dense_0_near_03,0.01,0.02,uniform,True,False,False,27.475371000001303,0.0006409999997458726,0.10586586699999544
dense_0_near_03,0.01,0.05,heterogeneous,True,False,False,0.004310999997869658,0.0006940000005783986,0.07839485999999284
dense_0_near_03,0.01,0.05,uniform,True,False,False,0.00317700000351806,0.0005130000033659599,0.07839354500000127
dense_0_near_04,0.002,0.0,heterogeneous,True,False,False,23.955604999997604,0.00043000000005122274,0.09892661999999718
dense_0_near_04,0.002,0.0,uniform,True,False,False,21.98903800000096,0.0008260000043947002,0.09696044900000488
dense_0_near_04,0.002,0.02,heterogeneous,True,False,False,26.082197999997447,0.0006520000042087304,0.10105343500000118
dense_0_near_04,0.002,0.02,uniform,True,False,False,27.897875000000738,0.001044000001115819,0.10286950400000137
dense_0_near_04,0.002,0.05,heterogeneous,True,False,False,31.30958000000561,0.0010859999974854873,0.10628125100000262
dense_0_near_04,0.002,0.05,uniform,True,False,False,38.726789999998346,0.0012639999980024186,0.11369863899999587
dense_0_near_04,0.01,0.0,heterogeneous,True,False,False,23.04668300000401,0.0005280000010543517,0.09801779600000458
dense_0_near_04,0.01,0.0,uniform,True,False,False,21.828598999995563,0.0009890000001178123,0.0968001729999952
dense_0_near_04,0.01,0.02,heterogeneous,True,False,False,27.132338999997785,0.0007940000017470084,0.10210371799999905
dense_0_near_04,0.01,0.02,uniform,True,False,False,25.990274000001534,0.0008259999972892729,0.10096168499999834
dense_0_near_04,0.01,0.05,heterogeneous,True,False,False,0.004025000002627621,0.0004860000046846835,0.07497509600000683
dense_0_near_04,0.01,0.05,uniform,True,False,False,0.003324999994447353,0.0004460000013750687,0.07497435599999534
dense_0_near_05,0.002,0.0,heterogeneous,True,False,False,24.496839999997633,0.0005779999980859429,0.11147401299999558
dense_0_near_05,0.002,0.0,uniform,True,False,False,21.371193999996763,0.0007279999962861439,0.10834851699999291
dense_0_near_05,0.002,0.02,heterogeneous,True,False,False,25.830142000003775,0.0006539999972687838,0.11280739100000091
dense_0_near_05,0.002,0.02,uniform,True,False,False,27.641238999997597,0.0009179999977959596,0.11461875199999526
dense_0_near_05,0.002,0.05,heterogeneous,True,False,False,32.15918800000139,0.0008000000022434506,0.1191365830000035
dense_0_near_05,0.002,0.05,uniform,True,False,False,38.49238500000496,0.0009030000001075678,0.12546988300000492
dense_0_near_05,0.01,0.0,heterogeneous,True,False,False,22.840510999998287,0.0006480000038777689,0.10981775400000203
dense_0_near_05,0.01,0.0,uniform,True,False,False,22.30605500000138,0.0008099999959654269,0.10928345999999721
dense_0_near_05,0.01,0.02,heterogeneous,True,False,False,26.473590999998464,0.0008689999972943951,0.11345105499999562
dense_0_near_05,0.01,0.02,uniform,True,False,False,26.61997100000235,0.0007820000007541239,0.11359734800000297
dense_0_near_05,0.01,0.05,heterogeneous,True,False,False,0.005594999997526884,0.0005049999955986095,0.08698269499999299
dense_0_near_05,0.01,0.05,uniform,True,False,False,0.0032640000000583314,0.0004179999990583383,0.08698027699999898
dense_0_near_06,0.002,0.0,heterogeneous,True,False,False,23.103390999999363,0.0003230000018561441,0.0988523760000075
dense_0_near_06,0.002,0.0,uniform,True,False,False,21.57422600000558,0.0007419999974445091,0.0973236300000093
dense_0_near_06,0.002,0.02,heterogeneous,True,False,False,24.60630099999861,0.0006480000038777689,0.10035561100000877
dense_0_near_06,0.002,0.02,uniform,True,False,False,28.920501000001764,0.0008949999994456448,0.10467005800000749
dense_0_near_06,0.002,0.05,heterogeneous,True,False,False,32.74430699999442,0.0008259999972892729,0.10849379499999799
dense_0_near_06,0.002,0.05,uniform,True,False,False,42.65858000000122,0.0011599999965028474,0.118408402000004
dense_0_near_06,0.01,0.0,heterogeneous,True,False,False,23.600131000002023,0.0005739999977549815,0.09934936700000606
dense_0_near_06,0.01,0.0,uniform,True,False,False,22.95529399999907,0.0005979999997407504,0.09870455400000509
dense_0_near_06,0.01,0.02,heterogeneous,True,False,False,26.082824999996035,0.0004839999974137754,0.10183197099999973
dense_0_near_06,0.01,0.02,uniform,True,False,False,25.62969300000617,0.0004879999977447369,0.1013788430000102
dense_0_near_06,0.01,0.05,heterogeneous,True,False,False,0.0037579999982995105,0.00048200000435372203,0.07575290200000893
dense_0_near_06,0.01,0.05,uniform,True,False,False,0.0029979999993656747,0.0004520000018715109,0.07575211200000752
dense_0_near_07,0.002,0.0,heterogeneous,True,False,False,22.652273000005607,0.00043099999658124943,0.10594635299999709
dense_0_near_07,0.002,0.0,uniform,True,False,False,21.756138999997177,0.0006190000050310118,0.10505040699999711
dense_0_near_07,0.002,0.02,heterogeneous,True,False,False,26.0513859999989,0.00043000000005122274,0.10934546499999385
dense_0_near_07,0.002,0.02,uniform,True,False,False,27.05625799999467,0.0007339999967825861,0.11035064099998636
dense_0_near_07,0.002,0.05,heterogeneous,True,False,False,32.33785300000136,0.0007430000010799631,0.11563224499999734
dense_0_near_07,0.002,0.05,uniform,True,False,False,39.38313799999804,0.0008459999989440803,0.12267763299999189
dense_0_near_07,0.01,0.0,heterogeneous,True,False,False,23.419305999993867,0.00048599999757925616,0.10671344099998635
dense_0_near_07,0.01,0.0,uniform,True,False,False,21.954110999999443,0.0005509999994046666,0.10524831099999375
dense_0_near_07,0.01,0.02,heterogeneous,True,False,False,25.339648999995745,0.0004819999972482947,0.1086337799999879
dense_0_near_07,0.01,0.02,uniform,True,False,False,26.612528000001134,0.0008700000009298492,0.10990704699999697
dense_0_near_07,0.01,0.05,heterogeneous,True,False,False,0.0043129999980351386,0.00046800000319535684,0.08329842999999613
dense_0_near_07,0.01,0.05,uniform,True,False,False,0.0034870000007458657,0.0005020000060085295,0.08329763800000166
dense_0_near_08,0.002,0.0,heterogeneous,True,False,False,22.60968299999888,0.0005979999997407504,0.09961795199999955
dense_0_near_08,0.002,0.0,uniform,True,False,False,22.235004999998864,0.0007729999964567469,0.09924344899999625
dense_0_near_08,0.002,0.02,heterogeneous,True,False,False,25.42820600000084,0.0006340000027194037,0.10243651100000449
dense_0_near_08,0.002,0.02,uniform,True,False,False,26.7438449999986,0.0008290000010902077,0.10375234500000062
dense_0_near_08,0.002,0.05,heterogeneous,True,False,False,30.005393999999797,0.0006429999999113534,0.10701370800000064
dense_0_near_08,0.002,0.05,uniform,True,False,False,37.61398800000393,0.0008399999984476381,0.1146224990000033
dense_0_near_08,0.01,0.0,heterogeneous,True,False,False,21.96366199999744,0.00047400000369179907,0.09897180700000206
dense_0_near_08,0.01,0.0,uniform,True,False,False,22.41851499999825,0.0008330000014211691,0.0994270190000006
dense_0_near_08,0.01,0.02,heterogeneous,True,False,False,25.315252999995153,0.0006829999961155409,0.1023236069999922
dense_0_near_08,0.01,0.02,uniform,True,False,False,29.13850200000212,0.0006630000015661608,0.10614683600000462
dense_0_near_08,0.01,0.05,heterogeneous,True,False,False,0.006085000002542529,0.0004899999979102176,0.07701424600000138
dense_0_near_08,0.01,0.05,uniform,True,False,False,0.006181000003380177,0.0006069999969327,0.07701445900000124
dense_0_near_09,0.002,0.0,heterogeneous,True,False,False,22.585360000000776,0.0008450000024140536,0.10529006199999856
dense_0_near_09,0.002,0.0,uniform,True,False,False,20.236891999999784,0.0007189999990941942,0.10294146799999425
dense_0_near_09,0.002,0.02,heterogeneous,True,False,False,25.543233999997028,0.0008230000005937654,0.10824791399999299
dense_0_near_09,0.002,0.02,uniform,True,False,False,26.3715789999992,0.0007789999969531891,0.10907621499999152
dense_0_near_09,0.002,0.05,heterogeneous,True,False,False,31.076382000001956,0.0007989999986079965,0.11378103799999593
dense_0_near_09,0.002,0.05,uniform,True,False,False,44.00417400000123,0.0007689999961257854,0.1267087999999927
dense_0_near_09,0.01,0.0,heterogeneous,True,False,False,22.898365999999726,0.0005670000007285125,0.10560278999999582
dense_0_near_09,0.01,0.0,uniform,True,False,False,22.591257000001974,0.0006080000005681541,0.10529572199999791
dense_0_near_09,0.01,0.02,heterogeneous,True,False,False,27.29911699999832,0.0005969999961052963,0.1100035709999898
dense_0_near_09,0.01,0.02,uniform,True,False,False,25.32768999999746,0.0006730000023935645,0.10803221999999522
dense_0_near_09,0.01,0.05,heterogeneous,True,False,False,0.005606999998519768,0.0005959999995752696,0.08271005999999347
dense_0_near_09,0.01,0.05,uniform,True,False,False,0.0029050000023289613,0.0003320000061535211,0.08270709400000385
dense_1_far_00,0.002,0.0,heterogeneous,True,True,True,14.002505000000554,5.353720000002227,0.09103404499999755
dense_1_far_00,0.002,0.0,uniform,True,True,True,18.137986999995803,4.620254000002433,0.09443606099999301
dense_1_far_00,0.002,0.02,heterogeneous,True,True,True,15.845470000002138,5.932004000001712,0.09345529399999862
dense_1_far_00,0.002,0.02,uniform,True,True,True,21.10221400000256,6.0312280000047735,0.0988112620000021
dense_1_far_00,0.002,0.05,heterogeneous,True,False,False,0.009032000001241158,0.0004839999974137754,0.07168733599999343
dense_1_far_00,0.002,0.05,uniform,True,False,False,0.004527000001530723,0.00039400000417799674,0.07168274100000048
dense_1_far_00,0.01,0.0,heterogeneous,True,True,True,15.932326999994473,6.31527000000176,0.093925416999991
dense_1_far_00,0.01,0.0,uniform,True,True,True,20.915300000005743,5.486417000000188,0.0980795370000007
dense_1_far_00,0.01,0.02,heterogeneous,True,False,False,0.0070570000048064685,0.0004700000033608376,0.07168534700000294
dense_1_far_00,0.01,0.02,uniform,True,False,False,0.005358000002786412,0.0004219999993892998,0.07168359999999695
dense_1_far_00,0.01,0.05,heterogeneous,True,False,False,0.003761999998630472,0.00039599999723805013,0.07168197799999064
dense_1_far_00,0.01,0.05,uniform,True,False,False,0.0035009999947988035,0.00032199999822069003,0.07168164299998779
dense_1_far_01,0.002,0.0,heterogeneous,True,True,True,13.173391999998785,3.7448240000017563,0.08421219599999262
dense_1_far_01,0.002,0.0,uniform,True,True,True,18.533171999997933,4.616373000004614,0.09044352499999463
dense_1_far_01,0.002,0.02,heterogeneous,True,True,True,13.922727999997164,5.499563000000762,0.08671627099999
dense_1_far_01,0.002,0.02,uniform,True,True,True,20.32493400000135,5.293283000000315,0.09291219699999374
dense_1_far_01,0.002,0.05,heterogeneous,True,False,False,0.0037900000009472024,0.0003740000025231893,0.06729814399999555
dense_1_far_01,0.002,0.05,uniform,True,False,False,0.0034810000002494235,0.000437000004183119,0.06729789799999651
dense_1_far_01,0.01,0.0,heterogeneous,True,True,True,13.410137000001043,6.071632000001159,0.08677574899999428
dense_1_far_01,0.01,0.0,uniform,True,True,True,20.48724400000168,5.4411850000022355,0.093222408999996
dense_1_far_01,0.01,0.02,heterogeneous,True,False,False,0.004539999999053634,0.00038000000301963155,0.06729889999999415
dense_1_far_01,0.01,0.02,uniform,True,False,False,0.003160999995088787,0.00042299999591932647,0.06729756399998309
dense_1_far_01,0.01,0.05,heterogeneous,True,False,False,0.0048539999966124014,0.0005690000008939933,0.06729940299998959
dense_1_far_01,0.01,0.05,uniform,True,False,False,0.008718000003682391,0.0007180000025641675,0.06730341599999833
dense_1_far_02,0.002,0.0,heterogeneous,True,True,True,17.02210100000201,5.543003000006763,0.11259932600001264
dense_1_far_02,0.002,0.0,uniform,True,True,True,20.03916700000019,4.103161999999827,0.11417655100000389
dense_1_far_02,0.002,0.02,heterogeneous,True,True,True,14.448346999998307,5.494482999999661,0.10997705200000184
dense_1_far_02,0.002,0.02,uniform,True,True,True,19.76600699999409,5.525319000000195,0.11532554799999815
dense_1_far_02,0.002,0.05,heterogeneous,True,False,False,0.0052840000037690515,0.0004910000015456717,0.09003999700000918
dense_1_far_02,0.002,0.05,uniform,True,False,False,0.0036930000035795274,0.00036600000186126636,0.09003828100000931
dense_1_far_02,0.01,0.0,heterogeneous,True,True,True,14.051150999996764,5.28897000000228,0.10937434300000291
dense_1_far_02,0.01,0.0,uniform,True,True,True,19.513337999995883,5.7798509999997805,0.11532741099999953
dense_1_far_02,0.01,0.02,heterogeneous,True,False,False,0.004261999997368093,0.00048200000435372203,0.09003896600000559
dense_1_far_02,0.01,0.02,uniform,True,False,False,0.0032929999989050884,0.00041199999856189606,0.09003792700000134
dense_1_far_02,0.01,0.05,heterogeneous,True,False,False,0.0038730000042619395,0.0004340000003821842,0.09003852900000851
dense_1_far_02,0.01,0.05,uniform,True,False,False,0.003385999995941802,0.0003540000008683819,0.09003796200000068
dense_1_far_03,0.002,0.0,heterogeneous,True,True,True,12.709125999997184,4.122901000002344,0.08752659699998987
dense_1_far_03,0.002,0.0,uniform,True,True,True,17.980413000003637,4.134258999997087,0.09280924199999106
dense_1_far_03,0.002,0.02,heterogeneous,True,True,True,13.831358999993881,5.609112000001915,0.09013504099998614
dense_1_far_03,0.002,0.02,uniform,True,True,True,20.02922700000198,5.403697000005536,0.09612749399999786
dense_1_far_03,0.002,0.05,heterogeneous,True,False,False,0.006151000000897966,0.000561999996762097,0.070701282999988
dense_1_far_03,0.002,0.05,uniform,True,False,False,0.0030690000016875274,0.00044699999790509537,0.07069808599998993
dense_1_far_03,0.01,0.0,heterogeneous,True,True,True,14.208218999996802,5.450704000004691,0.09035349299999183
dense_1_far_03,0.01,0.0,uniform,True,True,True,20.107766000002414,5.5113149999996836,0.09631365099999244
dense_1_far_03,0.01,0.02,heterogeneous,True,False,False,0.006112000001223805,0.00036600000186126636,0.07070104799999342
dense_1_far_03,0.01,0.02,uniform,True,False,False,0.003175999999882606,0.00032100000169066334,0.07069806699999191
dense_1_far_03,0.01,0.05,heterogeneous,True,False,False,0.004161999996199484,0.00038000000301963155,0.07069911199998956
dense_1_far_03,0.01,0.05,uniform,True,False,False,0.0036459999961380163,0.0002709999975536448,0.07069848699998403
dense_1_far_04,0.002,0.0,heterogeneous,True,True,True,12.731232000000148,4.192447000001209,0.08555661800000224
dense_1_far_04,0.002,0.0,uniform,True,True,True,17.51019499999984,4.089225999997836,0.09023235999999855
dense_1_far_04,0.002,0.02,heterogeneous,True,True,True,14.213980999997489,5.4046930000026805,0.08825161300000105
dense_1_far_04,0.002,0.02,uniform,True,True,True,19.65790900000286,5.4416350000039415,0.09373248300000768
dense_1_far_04,0.002,0.05,heterogeneous,True,False,False,0.0047559999956092724,0.000473000000056345,0.06863816799999654
dense_1_far_04,0.002,0.05,uniform,True,False,False,0.003597999999271906,0.00027899999821556776,0.06863681599999837
dense_1_far_04,0.01,0.0,heterogeneous,True,True,True,14.412116999999114,6.16826099999912,0.08921331699999911
dense_1_far_04,0.01,0.0,uniform,True,True,True,18.95585599999805,5.597974000004058,0.09318676900000299
dense_1_far_04,0.01,0.02,heterogeneous,True,False,False,0.004591999996250706,0.0005090000030349984,0.06863804000000016
dense_1_far_04,0.01,0.02,uniform,True,False,False,0.0031430000007048875,0.00039000000384703526,0.06863647200000543
dense_1_far_04,0.01,0.05,heterogeneous,True,False,False,0.0029179999998518724,0.0004310000036866768,0.06863628800000442
dense_1_far_04,0.01,0.05,uniform,True,False,False,0.0026230000003124587,0.00027899999821556776,0.0686358409999994
dense_1_far_05,0.002,0.0,heterogeneous,True,True,True,12.812302999996916,4.140087999999764,0.0836157970000042
dense_1_far_05,0.002,0.0,uniform,True,True,True,17.978276999997433,4.209535000001097,0.08885121800000605
dense_1_far_05,0.002,0.02,heterogeneous,True,True,True,14.053539000002502,5.842724000004296,0.08655966900001431
dense_1_far_05,0.002,0.02,uniform,True,True,True,19.9332920000046,6.192595999998218,0.09278929400001033
dense_1_far_05,0.002,0.05,heterogeneous,True,False,False,0.004754999999079246,0.00045199999476608355,0.06666861300000136
dense_1_far_05,0.002,0.05,uniform,True,False,False,0.002854000001661916,0.0004099999983964153,0.06666667000000757
dense_1_far_05,0.01,0.0,heterogeneous,True,True,True,14.694192000000328,6.049516000004473,0.08740711400001232
dense_1_far_05,0.01,0.0,uniform,True,True,True,22.534364000001972,5.385038000000009,0.0945828080000095
dense_1_far_05,0.01,0.02,heterogeneous,True,False,False,0.004326999999193504,0.00038099999954965824,0.06666811400000626
dense_1_far_05,0.01,0.02,uniform,True,False,False,0.0030229999978814703,0.0003080000041677522,0.06666673700000957
dense_1_far_05,0.01,0.05,heterogeneous,True,False,False,0.004703000001882174,0.00039500000070802344,0.0666685040000101
dense_1_far_05,0.01,0.05,uniform,True,False,False,0.003206999998894844,0.00035399999376295455,0.06666696700000017
dense_1_far_06,0.002,0.0,heterogeneous,True,True,True,12.738369000004468,3.9892659999978264,0.07938511800000157
dense_1_far_06,0.002,0.0,uniform,True,True,True,17.81302199999857,4.10725300000081,0.08457775799999866
dense_1_far_06,0.002,0.02,heterogeneous,True,True,True,14.24631200000448,6.342746000001398,0.08324654100000516
dense_1_far_06,0.002,0.02,uniform,True,True,True,20.915021999996952,5.596764000003418,0.08916926899999965
dense_1_far_06,0.002,0.05,heterogeneous,True,False,False,0.0039990000004763715,0.0003150000011942211,0.06266179700000095
dense_1_far_06,0.002,0.05,uniform,True,False,False,0.003132999999877484,0.0003230000018561441,0.06266093900000101
dense_1_far_06,0.01,0.0,heterogeneous,True,True,True,13.634304999996516,5.726057000003948,0.08201784499999974
dense_1_far_06,0.01,0.0,uniform,True,True,True,24.79392800000113,5.76260199999723,0.09321401299999764
dense_1_far_06,0.01,0.02,heterogeneous,True,False,False,0.00441699999953471,0.0004460000013750687,0.06266234600000019
dense_1_far_06,0.01,0.02,uniform,True,False,False,0.0035629999999287065,0.0003050000003668174,0.06266135099999957
dense_1_far_06,0.01,0.05,heterogeneous,True,False,False,0.0033780000023853063,0.0003339999992135745,0.06266119500000088
dense_1_far_06,0.01,0.05,uniform,True,False,False,0.0035270000040554805,0.00033900000317999,0.06266134900000651
dense_1_far_07,0.002,0.0,heterogeneous,True,True,True,14.003615999996555,4.035297999998022,0.08210270799999052
dense_1_far_07,0.002,0.0,uniform,True,True,True,18.134605000000192,3.9099739999954863,0.08610837299999162
dense_1_far_07,0.002,0.02,heterogeneous,True,True,True,13.830771000002073,6.432328000002485,0.0843268930000005
dense_1_far_07,0.002,0.02,uniform,True,True,True,20.94136499999877,6.522031999999456,0.09152719099999417
dense_1_far_07,0.002,0.05,heterogeneous,True,False,False,0.004520999993928854,0.0004669999995599028,0.06406878199998943
dense_1_far_07,0.002,0.05,uniform,True,False,False,0.0032940000025405425,0.0003330000026835478,0.06406742100000117
dense_1_far_07,0.01,0.0,heterogeneous,True,True,True,13.254949999996768,5.176653999996006,0.08249539799998871
dense_1_far_07,0.01,0.0,uniform,True,True,True,19.408214999998563,5.832937000000982,0.08930494599999549
dense_1_far_07,0.01,0.02,heterogeneous,True,False,False,0.004580999998893276,0.00045099999823605685,0.06406882599999307
dense_1_far_07,0.01,0.02,uniform,True,False,False,0.003182999996909075,0.00028200000201650255,0.06406725899999487
dense_1_far_07,0.01,0.05,heterogeneous,True,False,False,0.00463899999658679,0.0003190000015251826,0.06406875199999405
dense_1_far_07,0.01,0.05,uniform,True,False,False,0.0030560000041646163,0.0003930000005425427,0.06406724300000065
dense_1_far_08,0.002,0.0,heterogeneous,True,True,True,13.123654999994017,4.849970000002202,0.10164598499999443
dense_1_far_08,0.002,0.0,uniform,True,True,True,18.089666999998144,4.059325000000058,0.10582135199999641
dense_1_far_08,0.002,0.02,heterogeneous,True,True,True,13.82534399999713,5.7725659999974255,0.10327026999999277
dense_1_far_08,0.002,0.02,uniform,True,True,True,20.70391500000568,6.215822000001481,0.11059209700000537
dense_1_far_08,0.002,0.05,heterogeneous,True,False,False,0.007508999999572552,0.0003359999993790552,0.08368020499999716
dense_1_far_08,0.002,0.05,uniform,True,False,False,0.0032299999972451587,0.00041100000203186937,0.08367600099999749
dense_1_far_08,0.01,0.0,heterogeneous,True,True,True,13.553919999999664,5.718373999997084,0.10294465399999496
dense_1_far_08,0.01,0.0,uniform,True,True,True,20.532615999997006,5.608810999994773,0.10981378699998999
dense_1_far_08,0.01,0.02,heterogeneous,True,False,False,0.004728999996927996,0.0005810000018868777,0.08367766999999703
dense_1_far_08,0.01,0.02,uniform,True,False,False,0.0032360000048470283,0.00037799999574872345,0.0836759739999988
dense_1_far_08,0.01,0.05,heterogeneous,True,False,False,0.005713999996714847,0.00041999999922381903,0.08367849399999415
dense_1_far_08,0.01,0.05,uniform,True,False,False,0.004340000003821842,0.00045499999856701834,0.0836771550000006
dense_1_far_09,0.002,0.0,heterogeneous,True,True,True,13.08477499999583,4.052970000003597,0.09546394800000656
dense_1_far_09,0.002,0.0,uniform,True,True,True,18.948801000000515,4.042820999998753,0.1013178250000064
dense_1_far_09,0.002,0.02,heterogeneous,True,True,True,15.460881999999287,5.6010369999981435,0.09938812200000456
dense_1_far_09,0.002,0.02,uniform,True,True,True,20.166798000005315,5.549401999999759,0.1040424030000122
dense_1_far_09,0.002,0.05,heterogeneous,True,False,False,0.005911999998886586,0.0005160000000614673,0.07833263100000608
dense_1_far_09,0.002,0.05,uniform,True,False,False,0.003306000003533427,0.00026200000036169513,0.07832977100001103
dense_1_far_09,0.01,0.0,heterogeneous,True,True,True,14.285467000000551,5.437868000001345,0.09804953800000903
dense_1_far_09,0.01,0.0,uniform,True,True,True,19.488056999996672,5.6741260000023885,0.10348838600000619
dense_1_far_09,0.01,0.02,heterogeneous,True,False,False,0.005321999999807758,0.0005639999969275777,0.07833208900000387
dense_1_far_09,0.01,0.02,uniform,True,False,False,0.0038579999994681202,0.00033299999557812043,0.07833039400000218
dense_1_far_09,0.01,0.05,heterogeneous,True,False,False,0.006010999996419741,0.0005890000025488007,0.0783328030000061
dense_1_far_09,0.01,0.05,uniform,True,False,False,0.002795000000332948,0.00028200000201650255,0.07832928000000948
dense_1_free_01,0.002,0.0,heterogeneous,True,True,True,12.990960999999857,4.233511999998996,0.08529577699999578
dense_1_free_01,0.002,0.0,uniform,True,True,True,17.915588000001037,4.170559000002072,0.09015745100000004
dense_1_free_01,0.002,0.02,heterogeneous,True,True,True,14.082123999997975,5.714010999994912,0.08786743899998982
dense_1_free_01,0.002,0.02,uniform,True,True,True,20.53126799999916,5.539290000001529,0.09414186199999762
dense_1_free_01,0.002,0.05,heterogeneous,True,False,False,0.006004999995923299,0.0004809999936128406,0.06807778999998647
dense_1_free_01,0.002,0.05,uniform,True,False,False,0.003338999995605718,0.00033799999954453597,0.06807498099999208
dense_1_free_01,0.01,0.0,heterogeneous,True,True,True,14.168957999999066,6.1789080000025365,0.08841916999999853
dense_1_free_01,0.01,0.0,uniform,True,True,True,21.011534999999526,5.460079000002338,0.0945429179999988
dense_1_free_01,0.01,0.02,heterogeneous,True,False,False,0.004183000001489745,0.0003330000026835478,0.0680758200000011
dense_1_free_01,0.01,0.02,uniform,True,False,False,0.0032299999972451587,0.00025700000350070695,0.06807479099999768
dense_1_free_01,0.01,0.05,heterogeneous,True,False,False,0.0043279999957235304,0.00039100000037706195,0.06807602299999303
dense_1_free_01,0.01,0.05,uniform,True,False,False,0.003859999999633601,0.00034199999987549745,0.06807550599999644
dense_1_free_02,0.002,0.0,heterogeneous,True,True,True,13.213821000000792,4.856191000001786,0.101092304000002
dense_1_free_02,0.002,0.0,uniform,True,True,True,17.94128499999914,4.0978119999977025,0.10506138899999627
dense_1_free_02,0.002,0.02,heterogeneous,True,True,True,14.331939999998156,5.607410999999729,0.10296164299999731
dense_1_free_02,0.002,0.02,uniform,True,True,True,21.586234000004367,5.864432999999281,0.11047295900000308
dense_1_free_02,0.002,0.05,heterogeneous,True,False,False,0.004339000000186388,0.0004340000003821842,0.083027065
dense_1_free_02,0.002,0.05,uniform,True,False,False,0.00325999999972737,0.0003670000054967204,0.08302591900000465
dense_1_free_02,0.01,0.0,heterogeneous,True,True,True,14.587620999996886,5.995907000006184,0.1036058200000025
dense_1_free_02,0.01,0.0,uniform,True,True,True,19.76775400000008,5.449682000005396,0.1082397280000049
dense_1_free_02,0.01,0.02,heterogeneous,True,False,False,0.004818999997269202,0.0003680000020267471,0.08302747899999872
dense_1_free_02,0.01,0.02,uniform,True,False,False,0.003478000003553916,0.00041500000236283086,0.08302618500000535
dense_1_free_02,0.01,0.05,heterogeneous,True,False,False,0.0031239999955801068,0.0003720000023577086,0.08302578799999737
dense_1_free_02,0.01,0.05,uniform,True,False,False,0.003167999999220683,0.0002919999957384789,0.08302575199999439
dense_1_free_03,0.002,0.0,heterogeneous,True,True,True,13.379338000000018,4.18344599999898,0.08829683099999784
dense_1_free_03,0.002,0.0,uniform,True,True,True,18.796525999995595,4.095073999998533,0.09362564699999297
dense_1_free_03,0.002,0.02,heterogeneous,True,True,True,13.923336999994262,6.2238849999971535,0.09088126899999026
dense_1_free_03,0.002,0.02,uniform,True,True,True,20.412332999995897,5.412757999998519,0.09655913799999326
dense_1_free_03,0.002,0.05,heterogeneous,True,False,False,0.004324999999028023,0.00039800000450895823,0.07073877000000238
dense_1_free_03,0.002,0.05,uniform,True,False,False,0.00319699999806744,0.00042200000649472713,0.0707376660000034
dense_1_free_03,0.01,0.0,heterogeneous,True,True,True,14.161346999998159,5.744362000001502,0.0906397559999985
dense_1_free_03,0.01,0.0,uniform,True,True,True,19.201835999993477,5.465302999994037,0.09540118599998636
dense_1_free_03,0.01,0.02,heterogeneous,True,False,False,0.0044970000061539395,0.0004899999979102176,0.0707390340000029
dense_1_free_03,0.01,0.02,uniform,True,False,False,0.003229000000715132,0.0004239999995547805,0.07073769999999911
dense_1_free_03,0.01,0.05,heterogeneous,True,False,False,0.002788000003306479,0.00023499999457499143,0.07073706999999672
dense_1_free_03,0.01,0.05,uniform,True,False,False,0.0027520000003278255,0.00033900000317999,0.07073713800000235
dense_1_free_04,0.002,0.0,heterogeneous,True,True,True,12.669385000002364,4.114551000000688,0.0900892859999982
dense_1_free_04,0.002,0.0,uniform,True,True,True,18.378909999995585,4.259267000001898,0.09594352699999263
dense_1_free_04,0.002,0.02,heterogeneous,True,True,True,13.673203999999828,5.56933099999668,0.09254788499999166
dense_1_free_04,0.002,0.02,uniform,True,True,True,19.75317000000132,5.38472599999551,0.09844324599999198
dense_1_free_04,0.002,0.05,heterogeneous,True,False,False,0.0052830000001335975,0.0005250000043588443,0.07331115799999964
dense_1_free_04,0.002,0.05,uniform,True,False,False,0.0035939999989409444,0.0003729999988877353,0.07330931699999298
dense_1_free_04,0.01,0.0,heterogeneous,True,True,True,14.794306999995399,5.519268999996996,0.09361892599998754
dense_1_free_04,0.01,0.0,uniform,True,True,True,19.786416999998835,5.552082999997765,0.09864384999999175
dense_1_free_04,0.01,0.02,heterogeneous,True,False,False,0.005717000000515782,0.00041900000269379234,0.07331148599999836
dense_1_free_04,0.01,0.02,uniform,True,False,False,0.0029850000018427636,0.0004039999978999731,0.07330873899999489
dense_1_free_04,0.01,0.05,heterogeneous,True,False,False,0.005643000001498422,0.0003589999977293701,0.07331135199999438
dense_1_free_04,0.01,0.05,uniform,True,False,False,0.004108999995366958,0.00035699999756388934,0.07330981599998808
dense_1_free_05,0.002,0.0,heterogeneous,True,True,True,13.077398000000073,7.944667999993271,0.11447744899998867
dense_1_free_05,0.002,0.0,uniform,True,True,True,16.807622999998273,4.202819999996166,0.11446582599998976
dense_1_free_05,0.002,0.02,heterogeneous,True,True,True,13.77262399999779,5.7358350000029645,0.11296384199999608
dense_1_free_05,0.002,0.02,uniform,True,True,True,19.34120199999967,5.798552000001678,0.11859513699999667
dense_1_free_05,0.002,0.05,heterogeneous,True,False,False,0.00460199999707811,0.00039899999393355756,0.09346038399998634
dense_1_free_05,0.002,0.05,uniform,True,False,False,0.0038859999946794233,0.00034199999987549745,0.09345961099998988
dense_1_free_05,0.01,0.0,heterogeneous,True,True,True,14.090445999997314,5.886065000005658,0.1134318939999983
dense_1_free_05,0.01,0.0,uniform,True,True,True,19.676844000002802,5.459163999994132,0.11859139099999226
dense_1_free_05,0.01,0.02,heterogeneous,True,False,False,0.004032999996184117,0.0003530000043383552,0.09345976899999585
dense_1_free_05,0.01,0.02,uniform,True,False,False,0.004062000002136301,0.0004819999972482947,0.09345992699999471
dense_1_free_05,0.01,0.05,heterogeneous,True,False,False,0.0032640000000583314,0.00035699999756388934,0.09345900399999295
dense_1_free_05,0.01,0.05,uniform,True,False,False,0.0030899999998723615,0.00029299999937393295,0.09345876599999457
dense_1_free_06,0.002,0.0,heterogeneous,True,True,True,13.025824999999713,4.048244999999895,0.08676945800000312
dense_1_free_06,0.002,0.0,uniform,True,True,True,18.92435199999909,4.120502999995779,0.09274024299999838
dense_1_free_06,0.002,0.02,heterogeneous,True,True,True,14.136958000001698,6.046048000001747,0.08987839400000695
dense_1_free_06,0.002,0.02,uniform,True,True,True,21.2077170000029,5.5976750000041875,0.0965007800000106
dense_1_free_06,0.002,0.05,heterogeneous,True,False,False,0.005579999999838492,0.0005310000048552865,0.0697014990000082
dense_1_free_06,0.002,0.05,uniform,True,False,False,0.004871999998101728,0.00042599999972026126,0.06970068600000133
dense_1_free_06,0.01,0.0,heterogeneous,True,True,True,14.264756999999406,6.615283999998667,0.09057542900000158
dense_1_free_06,0.01,0.0,uniform,True,True,True,19.451351999997257,5.436928999998258,0.09458366899999902
dense_1_free_06,0.01,0.02,heterogeneous,True,False,False,0.0044720000005327165,0.0006010000035416851,0.06970046100000758
dense_1_free_06,0.01,0.02,uniform,True,False,False,0.0028810000003431924,0.00035100000417287447,0.06969862000000802
dense_1_free_06,0.01,0.05,heterogeneous,True,False,False,0.002592000001300221,0.00023900000201138027,0.06969821900000682
dense_1_free_06,0.01,0.05,uniform,True,False,False,0.0027729999985126597,0.00021299999986013063,0.06969837400000188
dense_1_free_07,0.002,0.0,heterogeneous,True,True,True,13.086697999995067,4.031114000000002,0.0827892569999986
dense_1_free_07,0.002,0.0,uniform,True,True,True,17.60061599999574,4.132228000003124,0.0874042890000024
dense_1_free_07,0.002,0.02,heterogeneous,True,True,True,14.601599000002352,5.413838999999143,0.08568688300000503
dense_1_free_07,0.002,0.02,uniform,True,True,True,20.50338000000096,5.4578599999999255,0.09163268500000442
dense_1_free_07,0.002,0.05,heterogeneous,True,False,False,0.004328000002828958,0.0004239999995547805,0.06567619700000592
dense_1_free_07,0.002,0.05,uniform,True,False,False,0.0029449999985331488,0.0003159999977242478,0.06567470599999979
dense_1_free_07,0.01,0.0,heterogeneous,True,True,True,14.847504000002232,5.671111000005169,0.08619006000001093
dense_1_free_07,0.01,0.0,uniform,True,True,True,21.372710999997935,5.749094000002231,0.0927932500000037
dense_1_free_07,0.01,0.02,heterogeneous,True,False,False,0.003895999995506827,0.0003649999982258123,0.06567570599999727
dense_1_free_07,0.01,0.02,uniform,True,False,False,0.003026999998212432,0.0002980000033403485,0.06567477000000509
dense_1_free_07,0.01,0.05,heterogeneous,True,False,False,0.004792000005693353,0.00046499999939442205,0.06567670200000862
dense_1_free_07,0.01,0.05,uniform,True,False,False,0.0035629999999287065,0.00036299999806033156,0.06567537100000152
dense_1_free_08,0.002,0.0,heterogeneous,True,True,True,12.881235000001823,3.9142399999931854,0.09157555699998852
dense_1_free_08,0.002,0.0,uniform,True,True,True,17.145984000002557,4.165137000001096,0.09609120299999717
dense_1_free_08,0.002,0.02,heterogeneous,True,True,True,14.107276000004276,6.124728999999718,0.09501208699999751
dense_1_free_08,0.002,0.02,uniform,True,True,True,21.47962099999745,5.496710999999266,0.10175641399999023
dense_1_free_08,0.002,0.05,heterogeneous,True,False,False,0.004807000003381745,0.0004239999995547805,0.07478531299999645
dense_1_free_08,0.002,0.05,uniform,True,False,False,0.003347999999903095,0.00040100000120446566,0.07478383099999462
dense_1_free_08,0.01,0.0,heterogeneous,True,True,True,14.586630000003709,5.674718000001633,0.09504142999999886
dense_1_free_08,0.01,0.0,uniform,True,True,True,20.40635900000609,5.322174999996321,0.10050861599999593
dense_1_free_08,0.01,0.02,heterogeneous,True,False,False,0.004498000002683966,0.0004770000003873065,0.07478505699999659
dense_1_free_08,0.01,0.02,uniform,True,False,False,0.0034000000042055945,0.00045000000170603016,0.07478393199999943
dense_1_free_08,0.01,0.05,heterogeneous,True,False,False,0.003098999997064311,0.0003490000040073937,0.07478352999999459
dense_1_free_08,0.01,0.05,uniform,True,False,False,0.00297500000101536,0.0003480000003719397,0.0747834049999949
dense_1_free_09,0.002,0.0,heterogeneous,True,True,True,13.792363000000307,4.277441999995801,0.08679217899999657
dense_1_free_09,0.002,0.0,uniform,True,True,True,17.747549999995726,4.717659000000651,0.09118758299999684
dense_1_free_09,0.002,0.02,heterogeneous,True,True,True,13.868390999995484,5.7558190000008835,0.08834658399999683
dense_1_free_09,0.002,0.02,uniform,True,True,True,21.542236000001935,5.598163000001932,0.09586277300000433
dense_1_free_09,0.002,0.05,heterogeneous,True,False,False,0.004552000000046519,0.0004520000018715109,0.06872737800000238
dense_1_free_09,0.002,0.05,uniform,True,False,False,0.003616999997291259,0.00038300000682056634,0.06872637400000457
dense_1_free_09,0.01,0.0,heterogeneous,True,True,True,14.787798000000407,5.356207999994922,0.08886637999999579
dense_1_free_09,0.01,0.0,uniform,True,True,True,19.022586000005504,5.357570000001033,0.093102530000007
dense_1_free_09,0.01,0.02,heterogeneous,True,False,False,0.0043990000051508105,0.000382999999715139,0.06872715600000533
dense_1_free_09,0.01,0.02,uniform,True,False,False,0.0034660000025610316,0.0004329999967467302,0.06872627299999977
dense_1_free_09,0.01,0.05,heterogeneous,True,False,False,0.004634999996255829,0.0003820000031851123,0.0687273909999999
dense_1_free_09,0.01,0.05,uniform,True,False,False,0.0037010000042414504,0.00036699999839129305,0.0687264420000031
dense_1_near_00,0.002,0.0,heterogeneous,True,False,False,21.576396000000386,0.0005649999934576044,0.11531237099999857
dense_1_near_00,0.002,0.0,uniform,True,False,False,20.29369399999581,0.0006119999937936882,0.11402971599999433
dense_1_near_00,0.002,0.02,heterogeneous,True,False,False,22.137565999997832,0.0006300000023884422,0.11587360600000494
dense_1_near_00,0.002,0.02,uniform,True,False,False,21.167953000002626,0.0007989999986079965,0.11490416200000596
dense_1_near_00,0.002,0.05,heterogeneous,True,False,False,0.004277999998691939,0.000490000005015645,0.09374017800000843
dense_1_near_00,0.002,0.05,uniform,True,False,False,0.002714000004289119,0.0004359999934422376,0.09373856000000245
dense_1_near_00,0.01,0.0,heterogeneous,True,False,False,21.746434000000647,0.0006399999961104186,0.11548248400000148
dense_1_near_00,0.01,0.0,uniform,True,False,False,20.24551899999949,0.0007900000014160469,0.11398171900000563
dense_1_near_00,0.01,0.02,heterogeneous,True,False,False,0.0038049999986355942,0.0005269999974188977,0.09373974200000078
dense_1_near_00,0.01,0.02,uniform,True,False,False,0.002865999995549373,0.0004340000003821842,0.09373871000000066
dense_1_near_00,0.01,0.05,heterogeneous,True,False,False,0.0026589999961856847,0.00047999999708281393,0.09373854899999799
dense_1_near_00,0.01,0.05,uniform,True,False,False,0.0030219999942460163,0.0003120000044987137,0.09373874400000347
dense_1_near_01,0.002,0.0,heterogeneous,True,False,False,21.831235000000504,0.0004420000010441072,0.10643379699999798
dense_1_near_01,0.002,0.0,uniform,True,False,False,20.485061999998777,0.0006520000042087304,0.10508783399999942
dense_1_near_01,0.002,0.02,heterogeneous,True,False,False,21.92992099999458,0.0006169999977601037,0.10653265799998878
dense_1_near_01,0.002,0.02,uniform,True,False,False,21.72463699999838,0.0006529999936333297,0.10632740999998845
dense_1_near_01,0.002,0.05,heterogeneous,True,False,False,0.006188000000406646,0.0008969999996111255,0.08460920499999645
dense_1_near_01,0.002,0.05,uniform,True,False,False,0.003855000002772613,0.0005650000005630318,0.08460653999999977
dense_1_near_01,0.01,0.0,heterogeneous,True,False,False,22.633996000003265,0.0004959999984066599,0.10723661199999811
dense_1_near_01,0.01,0.0,uniform,True,False,False,21.212797999993427,0.0006369999994149111,0.10581555499998928
dense_1_near_01,0.01,0.02,heterogeneous,True,False,False,0.006953000003306897,0.000561999996762097,0.0846096349999965
dense_1_near_01,0.01,0.02,uniform,True,False,False,0.003393999996603725,0.00046800000319535684,0.08460598199999624
dense_1_near_01,0.01,0.05,heterogeneous,True,False,False,0.0032330000010460935,0.0005610000002320703,0.08460591399999771
dense_1_near_01,0.01,0.05,uniform,True,False,False,0.0034049999939611553,0.0005489999992391859,0.08460607399998964
dense_1_near_02,0.002,0.0,heterogeneous,True,False,False,20.222484000001373,0.00044699999790509537,0.09797961899999706
dense_1_near_02,0.002,0.0,uniform,True,False,False,22.070667999997795,0.0007599999989338357,0.09982811599999451
dense_1_near_02,0.002,0.02,heterogeneous,True,False,False,22.513127999999938,0.0004239999995547805,0.10027023999999728
dense_1_near_02,0.002,0.02,uniform,True,False,False,22.16798700000311,0.000659999997765226,0.09992533499999866
dense_1_near_02,0.002,0.05,heterogeneous,True,False,False,0.0057110000000193395,0.00042299999591932647,0.07776282199999372
dense_1_near_02,0.002,0.05,uniform,True,False,False,0.0031739999997171253,0.00035200000070290116,0.0777602139999982
dense_1_near_02,0.01,0.0,heterogeneous,True,False,False,21.13895300000479,0.00058700000238332,0.09889622800000496
dense_1_near_02,0.01,0.0,uniform,True,False,False,21.213087999996105,0.0005830000020523585,0.09897035899999594
dense_1_near_02,0.01,0.02,heterogeneous,True,False,False,0.004124000000160777,0.0003150000011942211,0.07776112699999914
dense_1_near_02,0.01,0.02,uniform,True,False,False,0.003190999997570998,0.0002590000036661877,0.07776013799999902
dense_1_near_02,0.01,0.05,heterogeneous,True,False,False,0.003143999997234914,0.0002550000033352262,0.07776008699999835
dense_1_near_02,0.01,0.05,uniform,True,False,False,0.003395000000239179,0.00033199999904809374,0.07776041499999707
dense_1_near_03,0.002,0.0,heterogeneous,True,False,False,21.955366000000254,0.0005679999972585392,0.09344480500000117
dense_1_near_03,0.002,0.0,uniform,True,False,False,21.631401000000494,0.0007120000020677253,0.09312098400000622
dense_1_near_03,0.002,0.02,heterogeneous,True,False,False,21.843357999998148,0.00036500000533123966,0.09333259400000714
dense_1_near_03,0.002,0.02,uniform,True,False,False,21.64710799999625,0.0008890000060546299,0.09313686800000597
dense_1_near_03,0.002,0.05,heterogeneous,True,False,False,0.004220000000998425,0.0004529999984015376,0.07149354400000306
dense_1_near_03,0.002,0.05,uniform,True,False,False,0.004078999999990174,0.0005490000063446132,0.07149349900001
dense_1_near_03,0.01,0.0,heterogeneous,True,False,False,21.67841600000031,0.0005979999997407504,0.09316788500000371
dense_1_near_03,0.01,0.0,uniform,True,False,False,20.994145000003073,0.0006030000037071659,0.09248361900001044
dense_1_near_03,0.01,0.02,heterogeneous,True,False,False,0.00550000000032469,0.00036000000136482413,0.07149473100000535
dense_1_near_03,0.01,0.02,uniform,True,False,False,0.0030460000033372125,0.00027299999771912553,0.07149219000000472
dense_1_near_03,0.01,0.05,heterogeneous,True,False,False,0.0029640000036579295,0.00031399999755876706,0.07149214900000488
dense_1_near_03,0.01,0.05,uniform,True,False,False,0.0026759999940395574,0.00030399999673136335,0.07149185099999443
dense_1_near_04,0.002,0.0,heterogeneous,True,False,False,22.49875500000087,0.00046899999972538353,0.10504653100000326
dense_1_near_04,0.002,0.0,uniform,True,False,False,20.335541999997986,0.0005429999987427436,0.1028833919999994
dense_1_near_04,0.002,0.02,heterogeneous,True,False,False,21.838944999998944,0.0006749999954536179,0.10438692699999706
dense_1_near_04,0.002,0.02,uniform,True,False,False,21.43096199999661,0.0007580000058737824,0.10397902700000515
dense_1_near_04,0.002,0.05,heterogeneous,True,False,False,0.005847000004166603,0.0005480000027091592,0.08255370200000954
dense_1_near_04,0.002,0.05,uniform,True,False,False,0.0033359999989102107,0.00030700000053229815,0.08255095000000211
dense_1_near_04,0.01,0.0,heterogeneous,True,False,False,21.641058000000157,0.000588000006018774,0.10418895300000884
dense_1_near_04,0.01,0.0,uniform,True,False,False,21.02577700000552,0.0007270000068615445,0.10357381100001505
dense_1_near_04,0.01,0.02,heterogeneous,True,False,False,0.004367000002503119,0.0005959999995752696,0.08255227000000474
dense_1_near_04,0.01,0.02,uniform,True,False,False,0.0028729999996812694,0.0004569999987324991,0.08255063700000108
dense_1_near_04,0.01,0.05,heterogeneous,True,False,False,0.003184000000544529,0.0004380000007131457,0.08255092900000392
dense_1_near_04,0.01,0.05,uniform,True,False,False,0.002981000001511802,0.00034199999987549745,0.08255063000000405
dense_1_near_05,0.002,0.0,heterogeneous,True,False,False,21.426244000004147,0.0005950000030452429,0.10109780800000266
dense_1_near_05,0.002,0.0,uniform,True,False,False,21.04431000000062,0.0006619999979307067,0.10071594099999402
dense_1_near_05,0.002,0.02,heterogeneous,True,False,False,22.147162999999637,0.0006699999985926297,0.1018188019999937
dense_1_near_05,0.002,0.02,uniform,True,False,False,21.561218999998744,0.0005190000038624021,0.10123270699999808
dense_1_near_05,0.002,0.05,heterogeneous,True,False,False,0.004500999999379474,0.0005250000043588443,0.07967599499999921
dense_1_near_05,0.002,0.05,uniform,True,False,False,0.002891000001170596,0.0005420000022127169,0.07967440199999885
dense_1_near_05,0.01,0.0,heterogeneous,True,False,False,21.39745400000237,0.0006859999999164756,0.10106910899999776
dense_1_near_05,0.01,0.0,uniform,True,False,False,22.32162499999646,0.0006799999994200334,0.10199327399999135
dense_1_near_05,0.01,0.02,heterogeneous,True,False,False,0.006350999996129758,0.000481000000718268,0.07967780099999232
dense_1_near_05,0.01,0.02,uniform,True,False,False,0.003216000003192221,0.00038000000301963155,0.07967456500000168
dense_1_near_05,0.01,0.05,heterogeneous,True,False,False,0.0030819999992104385,0.0003349999957436012,0.07967438599999042
dense_1_near_05,0.01,0.05,uniform,True,False,False,0.0039120000039361,0.00028200000201650255,0.07967516300000142
dense_1_near_06,0.002,0.0,heterogeneous,True,False,False,21.879345999998634,0.0007469999943054972,0.08670789599998273
dense_1_near_06,0.002,0.0,uniform,True,False,False,20.401395000000377,0.0005390000055172095,0.08522973699999568
dense_1_near_06,0.002,0.02,heterogeneous,True,False,False,21.777235999998368,0.0005739999977549815,0.08660561299998591
dense_1_near_06,0.002,0.02,uniform,True,False,False,20.94028500000178,0.0007740000000922009,0.08576886199999166
dense_1_near_06,0.002,0.05,heterogeneous,True,False,False,0.005902000005164609,0.0005280000010543517,0.06483423299999601
dense_1_near_06,0.002,0.05,uniform,True,False,False,0.0029829999945718555,0.0006480000038777689,0.06483143399998824
dense_1_near_06,0.01,0.0,heterogeneous,True,False,False,21.160113000000536,0.0006889999966119831,0.08598860499998694
dense_1_near_06,0.01,0.0,uniform,True,False,False,20.924465000000225,0.0005449999989082244,0.08575281299998892
dense_1_near_06,0.01,0.02,heterogeneous,True,False,False,0.00404900000461339,0.00041999999922381903,0.06483227199999363
dense_1_near_06,0.01,0.02,uniform,True,False,False,0.003923999997823557,0.0003490000040073937,0.06483207599999162
dense_1_near_06,0.01,0.05,heterogeneous,True,False,False,0.003010000000358559,0.00035699999756388934,0.06483116999998771
dense_1_near_06,0.01,0.05,uniform,True,False,False,0.0034259999992514167,0.00036799999492131974,0.06483159699998396
dense_1_near_07,0.002,0.0,heterogeneous,True,False,False,22.203722000000425,0.0004870000012147102,0.10266744699999862
dense_1_near_07,0.002,0.0,uniform,True,False,False,21.388311999999132,0.0006759999990890719,0.1018522259999952
dense_1_near_07,0.002,0.02,heterogeneous,True,False,False,22.04546000000107,0.0007849999974496313,0.1025094829999955
dense_1_near_07,0.002,0.02,uniform,True,False,False,21.413319000004094,0.000748999994470978,0.10187730599999555
dense_1_near_07,0.002,0.05,heterogeneous,True,False,False,0.004300000000512227,0.0005479999956037318,0.0804680859999931
dense_1_near_07,0.002,0.05,uniform,True,False,False,0.0033090000002289344,0.0004800000041882413,0.0804670270000014
dense_1_near_07,0.01,0.0,heterogeneous,True,False,False,21.5190230000033,0.0007119999949622979,0.10198297299999524
dense_1_near_07,0.01,0.0,uniform,True,False,False,20.55702399999859,0.0006389999995803919,0.10102090099999515
dense_1_near_07,0.01,0.02,heterogeneous,True,False,False,0.005584000000169453,0.0006409999997458726,0.0804694629999969
dense_1_near_07,0.01,0.02,uniform,True,False,False,0.0032840000017131388,0.0004219999993892998,0.08046694399999808
dense_1_near_07,0.01,0.05,heterogeneous,True,False,False,0.0028269999958752123,0.000382999999715139,0.08046644799999257
dense_1_near_07,0.01,0.05,uniform,True,False,False,0.002724999994541122,0.0003150000011942211,0.08046627799999272
dense_1_near_08,0.002,0.0,heterogeneous,True,False,False,22.175953000001414,0.0005070000028695176,0.11051570900000883
dense_1_near_08,0.002,0.0,uniform,True,False,False,19.886245999998664,0.0005549999997356281,0.10822605000000295
dense_1_near_08,0.002,0.02,heterogeneous,True,False,False,21.253987000001473,0.0007589999952983817,0.10959399500000132
dense_1_near_08,0.002,0.02,uniform,True,False,False,21.124937999999815,0.0007029999977703483,0.10946489000000213
dense_1_near_08,0.002,0.05,heterogeneous,True,False,False,0.0060950000033699325,0.0005580000035365629,0.08834590200001145
dense_1_near_08,0.002,0.05,uniform,True,False,False,0.003134000003512938,0.0004219999993892998,0.08834280500000745
dense_1_near_08,0.01,0.0,heterogeneous,True,False,False,21.637800000000595,0.0006429999999113534,0.10997769200000505
dense_1_near_08,0.01,0.0,uniform,True,False,False,20.622807999998827,0.0008749999977908374,0.10896293200000116
dense_1_near_08,0.01,0.02,heterogeneous,True,False,False,0.004392999997548941,0.0004349999969122109,0.08834407699999901
dense_1_near_08,0.01,0.02,uniform,True,False,False,0.003341999999406653,0.0004270000033557153,0.08834301800000731
dense_1_near_08,0.01,0.05,heterogeneous,True,False,False,0.0029790000013463214,0.000231999997879484,0.08834246000000377
dense_1_near_08,0.01,0.05,uniform,True,False,False,0.0033550000040349914,0.00029299999937393295,0.08834289700000796
dense_1_near_09,0.002,0.0,heterogeneous,True,False,False,21.552116000002286,0.0006450000000768341,0.08038708300000195
dense_1_near_09,0.002,0.0,uniform,True,False,False,20.544538999999418,0.0007350000004180401,0.07937959599999943
dense_1_near_09,0.002,0.02,heterogeneous,True,False,False,21.985804000003384,0.0007009999976048675,0.08082082700000058
dense_1_near_09,0.002,0.02,uniform,True,False,False,21.161235000001,0.0005739999977549815,0.07999613099999835
dense_1_near_09,0.002,0.05,heterogeneous,True,False,False,0.00482100000454011,0.0005419999951072896,0.05883968499999924
dense_1_near_09,0.002,0.05,uniform,True,False,False,0.0034339999999133397,0.00045099999823605685,0.05883820699999774
dense_1_near_09,0.01,0.0,heterogeneous,True,False,False,21.140311000003464,0.0004720000035263183,0.07997510500000658
dense_1_near_09,0.01,0.0,uniform,True,False,False,21.65614800000526,0.0007320000037225327,0.08049120200000857
dense_1_near_09,0.01,0.02,heterogeneous,True,False,False,0.005313999999145835,0.0003540000008683819,0.058839989999999606
dense_1_near_09,0.01,0.02,uniform,True,False,False,0.0031370000002084453,0.0003720000023577086,0.05883783100000216
dense_1_near_09,0.01,0.05,heterogeneous,True,False,False,0.0028859999972041805,0.0003140000046641944,0.05883752200000146
dense_1_near_09,0.01,0.05,uniform,True,False,False,0.002965999996717983,0.0003059999968968441,0.05883759399999321
