id,input_box_m,period_s,mode,byte_identical,geometry_verified,timing_budget_passed,refresh_ms,verify_ms,total_modeled_age_s
base_0_far_00,0.002,0.0,heterogeneous,True,False,False,0.19610000000014338,0.0005259999991125142,0.042611720000002226
base_0_far_00,0.002,0.0,uniform,True,False,False,0.012296999999605873,0.0004120000003382529,0.042427803000002914
base_0_far_00,0.002,0.02,heterogeneous,True,False,False,0.011978999999939788,0.00034600000020645894,0.042427419000003117
base_0_far_00,0.002,0.02,uniform,True,False,False,0.007915999999497103,0.00036800000025039026,0.04242337800000272
base_0_far_00,0.002,0.05,heterogeneous,True,False,False,0.00762200000004043,0.00029500000131577053,0.042423011000004326
base_0_far_00,0.002,0.05,uniform,True,False,False,0.01412599999994768,0.0004469999996814522,0.0424296670000026
base_0_far_00,0.01,0.0,heterogeneous,True,False,False,0.008907999999863137,0.00038999999851796474,0.04242439200000135
base_0_far_00,0.01,0.0,uniform,True,False,False,0.018130000000837754,0.00041899999914107866,0.04243364300000295
base_0_far_00,0.01,0.02,heterogeneous,True,False,False,0.00867899999867916,0.0003409999997927571,0.04242411400000144
base_0_far_00,0.01,0.02,uniform,True,False,False,0.007355999999347773,0.00029599999962215406,0.04242274600000194
base_0_far_00,0.01,0.05,heterogeneous,True,False,False,0.004445000000075083,0.00039299999876618585,0.04241993200000181
base_0_far_00,0.01,0.05,uniform,True,False,False,0.0028759999999294905,0.00018899999965071856,0.04241815900000255
base_0_far_01,0.002,0.0,heterogeneous,True,False,False,0.003181000000296308,0.0003329999991308341,0.03149466600000082
base_0_far_01,0.002,0.0,uniform,True,False,False,0.002212000000056946,0.00023199999965584084,0.03149359600000111
base_0_far_01,0.002,0.02,heterogeneous,True,False,False,0.002382999999994695,0.0002170000001910921,0.03149375200000158
base_0_far_01,0.002,0.02,uniform,True,False,False,0.0021740000004655258,0.0001909999998161993,0.03149351700000168
base_0_far_01,0.002,0.05,heterogeneous,True,False,False,0.0037880000007817216,0.0002649999988335594,0.03149520500000101
base_0_far_01,0.002,0.05,uniform,True,False,False,0.002371999999084551,0.0002329999997385812,0.03149375700000022
base_0_far_01,0.01,0.0,heterogeneous,True,False,False,0.002226999999521695,0.00021600000010835174,0.031493595000001026
base_0_far_01,0.01,0.0,uniform,True,False,False,0.0022110000017505627,0.00022399999899391787,0.03149358700000214
base_0_far_01,0.01,0.02,heterogeneous,True,False,False,0.0020840000001243197,0.0001950000001471608,0.03149343100000167
base_0_far_01,0.01,0.02,uniform,True,False,False,0.002435999999050864,0.0001820000008478928,0.031493770000001295
base_0_far_01,0.01,0.05,heterogeneous,True,False,False,0.002429999998554422,0.0002240000007702747,0.03149380600000072
base_0_far_01,0.01,0.05,uniform,True,False,False,0.0022600000004757703,0.00020599999928094803,0.03149361800000115
base_0_far_02,0.002,0.0,heterogeneous,True,False,False,0.00370099999891238,0.0003740000007468325,0.0448204439999995
base_0_far_02,0.002,0.0,uniform,True,False,False,0.0026589999997383984,0.00026200000036169513,0.04481928999999994
base_0_far_02,0.002,0.02,heterogeneous,True,False,False,0.0024480000000437485,0.0001750000002687102,0.044818992000000155
base_0_far_02,0.002,0.02,uniform,True,False,False,0.002727000000035673,0.00014699999972833666,0.044819242999999606
base_0_far_02,0.002,0.05,heterogeneous,True,False,False,0.004112000000944249,0.0003480000003719397,0.04482082900000116
base_0_far_02,0.002,0.05,uniform,True,False,False,0.003939999999147403,0.0003380000013208928,0.04482064700000031
base_0_far_02,0.01,0.0,heterogeneous,True,False,False,0.0034749999997529812,0.0002789999999919246,0.04482012299999959
base_0_far_02,0.01,0.0,uniform,True,False,False,0.0024789999990559863,0.00022600000093575545,0.044819073999999834
base_0_far_02,0.01,0.02,heterogeneous,True,False,False,0.0023920000007393583,0.00018100000076515244,0.04481894200000135
base_0_far_02,0.01,0.02,uniform,True,False,False,0.0025539999999324436,0.00024300000056598492,0.04481916600000034
base_0_far_02,0.01,0.05,heterogeneous,True,False,False,0.0024160000009487703,0.0001630000010521826,0.04481894800000184
base_0_far_02,0.01,0.05,uniform,True,False,False,0.0026569999995729177,0.00022900000118397656,0.0448192550000006
base_0_far_03,0.002,0.0,heterogeneous,True,False,False,0.003304999999897973,0.000316999999583345,0.0400702049999979
base_0_far_03,0.002,0.0,uniform,True,False,False,0.00233299999941039,0.0001950000001471608,0.04006911099999798
base_0_far_03,0.002,0.02,heterogeneous,True,False,False,0.0024029999998731455,0.00018199999907153597,0.040069167999997365
base_0_far_03,0.002,0.02,uniform,True,False,False,0.0024990000007107938,0.00025300000139338863,0.040069335000000525
base_0_far_03,0.002,0.05,heterogeneous,True,False,False,0.0021070000002509914,0.0002280000011012362,0.04006891799999977
base_0_far_03,0.002,0.05,uniform,True,False,False,0.002308999999200978,0.0001579999988621239,0.040069049999996484
base_0_far_03,0.01,0.0,heterogeneous,True,False,False,0.002501999999182658,0.00019299999998168005,0.040069277999997585
base_0_far_03,0.01,0.0,uniform,True,False,False,0.002365000000281725,0.00020099999886724618,0.04006914899999757
base_0_far_03,0.01,0.02,heterogeneous,True,False,False,0.0026959999992470784,0.00020300000080908376,0.04006948199999848
base_0_far_03,0.01,0.02,uniform,True,False,False,0.002288000001016144,0.00020400000089182413,0.04006907500000033
base_0_far_03,0.01,0.05,heterogeneous,True,False,False,0.002269999999526817,0.00018299999915427634,0.0400690359999971
base_0_far_03,0.01,0.05,uniform,True,False,False,0.002245999999317405,0.00014500000133921276,0.04006897399999908
base_0_far_04,0.002,0.0,heterogeneous,True,False,False,0.004605999999185428,0.00047600000030456613,0.03583877200000039
base_0_far_04,0.002,0.0,uniform,True,False,False,0.0035789999994761956,0.0003500000005374204,0.03583761900000092
base_0_far_04,0.002,0.02,heterogeneous,True,False,False,0.002793000000167467,0.0002569999999479933,0.03583674000000102
base_0_far_04,0.002,0.02,uniform,True,False,False,0.0025089999997618406,0.00018999999973345894,0.0358363890000004
base_0_far_04,0.002,0.05,heterogeneous,True,False,False,0.002100999999754549,0.00019299999998168005,0.03583598400000064
base_0_far_04,0.002,0.05,uniform,True,False,False,0.0022919999995707485,0.00014699999972833666,0.0358361290000002
base_0_far_04,0.01,0.0,heterogeneous,True,False,False,0.0022419999989864436,0.0001720000000204891,0.03583610399999991
base_0_far_04,0.01,0.0,uniform,True,False,False,0.0024140000007832896,0.0001459999996455963,0.03583625000000133
base_0_far_04,0.01,0.02,heterogeneous,True,False,False,0.002362000000033504,0.00024099999862414734,0.03583629299999956
base_0_far_04,0.01,0.02,uniform,True,False,False,0.0023020000003981522,0.00016699999960678724,0.03583615900000091
base_0_far_04,0.01,0.05,heterogeneous,True,False,False,0.002327999998996688,0.00013799999898367332,0.035836155999998884
base_0_far_04,0.01,0.05,uniform,True,False,False,0.002210999999974206,0.00017999999890605523,0.035836080999999784
base_0_far_05,0.002,0.0,heterogeneous,True,False,False,0.003919999999268953,0.00039599999901440697,0.03816353699999951
base_0_far_05,0.002,0.0,uniform,True,False,False,0.0027459999998313833,0.00025399999969977216,0.03816222100000076
base_0_far_05,0.002,0.02,heterogeneous,True,False,False,0.0027779999989263615,0.0002850000004883668,0.03816228400000064
base_0_far_05,0.002,0.02,uniform,True,False,False,0.0029339999993993615,0.0002569999999479933,0.038162412000000576
base_0_far_05,0.002,0.05,heterogeneous,True,False,False,0.0024510000002919696,0.00024300000056598492,0.038161915000002086
base_0_far_05,0.002,0.05,uniform,True,False,False,0.0024629999995084972,0.00016099999911034502,0.03816184499999985
base_0_far_05,0.01,0.0,heterogeneous,True,False,False,0.005544999998718936,0.00037800000107779397,0.038165144000001025
base_0_far_05,0.01,0.0,uniform,True,False,False,0.002904000000469864,0.00025099999945155105,0.03816237600000115
base_0_far_05,0.01,0.02,heterogeneous,True,False,False,0.002413000000700549,0.0002419999987068877,0.038161876000000636
base_0_far_05,0.01,0.02,uniform,True,False,False,0.002789999999919246,0.00025399999969977216,0.03816226500000085
base_0_far_05,0.01,0.05,heterogeneous,True,False,False,0.002847999999389117,0.0002440000006487253,0.038162313000001266
base_0_far_05,0.01,0.05,uniform,True,False,False,0.00259899999832669,0.00017300000010322947,0.03816199299999966
base_0_far_06,0.002,0.0,heterogeneous,True,False,False,0.004884000000870969,0.0003989999992626281,0.03708686199999932
base_0_far_06,0.002,0.0,uniform,True,False,False,0.003666999999651921,0.00031100000086325963,0.0370855569999997
base_0_far_06,0.002,0.02,heterogeneous,True,False,False,0.002555000000015184,0.00015800000063848074,0.03708429199999984
base_0_far_06,0.002,0.02,uniform,True,False,False,0.0024879999998006497,0.0001649999994413065,0.03708423199999843
base_0_far_06,0.002,0.05,heterogeneous,True,False,False,0.002382999999994695,0.0002039999991154673,0.037084165999998295
base_0_far_06,0.002,0.05,uniform,True,False,False,0.0023430000002377938,0.00016999999985500835,0.03708409199999928
base_0_far_06,0.01,0.0,heterogeneous,True,False,False,0.0025529999998497033,0.00020999999961190952,0.037084341999998646
base_0_far_06,0.01,0.0,uniform,True,False,False,0.0020710000008250518,0.0001750000002687102,0.03708382500000028
base_0_far_06,0.01,0.02,heterogeneous,True,False,False,0.002455000000622931,0.00017099999993774873,0.037084204999999745
base_0_far_06,0.01,0.02,uniform,True,False,False,0.002344000000320534,0.00014099999923189444,0.03708406399999874
base_0_far_06,0.01,0.05,heterogeneous,True,False,False,0.0022519999998138474,0.00017300000010322947,0.0370840039999991
base_0_far_06,0.01,0.05,uniform,True,False,False,0.0026730000008967636,0.00021199999977739026,0.03708446399999986
base_0_far_07,0.002,0.0,heterogeneous,True,False,False,0.00395900000071947,0.0003719999988049949,0.04183407900000134
base_0_far_07,0.002,0.0,uniform,True,False,False,0.0047970000007779845,0.00041700000075195476,0.04183496200000335
base_0_far_07,0.002,0.02,heterogeneous,True,False,False,0.0036950000001922945,0.0003369999994617956,0.04183378000000147
base_0_far_07,0.002,0.02,uniform,True,False,False,0.003695999998498678,0.00031899999974882576,0.041833763000000065
base_0_far_07,0.002,0.05,heterogeneous,True,False,False,0.003546000000298477,0.0003080000006150385,0.04183360200000273
base_0_far_07,0.002,0.05,uniform,True,False,False,0.003445000000823484,0.0002919999992911926,0.04183348500000193
base_0_far_07,0.01,0.0,heterogeneous,True,False,False,0.0028630000006302225,0.00021299999986013063,0.04183282400000231
base_0_far_07,0.01,0.0,uniform,True,False,False,0.002190000000013015,0.00020899999952916914,0.04183214700000136
base_0_far_07,0.01,0.02,heterogeneous,True,False,False,0.0036160000007612325,0.00030300000020133666,0.04183366700000278
base_0_far_07,0.01,0.02,uniform,True,False,False,0.003694000000109554,0.0003149999994178643,0.041833757000001345
base_0_far_07,0.01,0.05,heterogeneous,True,False,False,0.0031380000002911856,0.00025999999841985755,0.04183314600000053
base_0_far_07,0.01,0.05,uniform,True,False,False,0.00275599999888243,0.00023999999854140697,0.04183274399999924
base_0_far_08,0.002,0.0,heterogeneous,True,False,False,0.0032970000010124068,0.0002679999990817805,0.0375425940000018
base_0_far_08,0.002,0.0,uniform,True,False,False,0.0026569999995729177,0.0002109999996946499,0.037541897000000976
base_0_far_08,0.002,0.02,heterogeneous,True,False,False,0.002219000000636129,0.00015899999894486427,0.03754140700000129
base_0_far_08,0.002,0.02,uniform,True,False,False,0.003395000000239179,0.0002489999992860703,0.037542673000001234
base_0_far_08,0.002,0.05,heterogeneous,True,False,False,0.0024419999995473063,0.0001679999996895276,0.037541639000000945
base_0_far_08,0.002,0.05,uniform,True,False,False,0.0025560000000979244,0.00016899999977226798,0.03754175400000158
base_0_far_08,0.01,0.0,heterogeneous,True,False,False,0.003948999999892067,0.0003350000010726717,0.03754331300000267
base_0_far_08,0.01,0.0,uniform,True,False,False,0.0027490000000796044,0.00023800000015228306,0.03754201600000194
base_0_far_08,0.01,0.02,heterogeneous,True,False,False,0.002480999999221467,0.00019600000022990116,0.03754170600000116
base_0_far_08,0.01,0.02,uniform,True,False,False,0.002373000000943648,0.0001980000003953819,0.03754160000000305
base_0_far_08,0.01,0.05,heterogeneous,True,False,False,0.0024449999997955274,0.00022399999899391787,0.0375416980000005
base_0_far_08,0.01,0.05,uniform,True,False,False,0.001971000001432799,0.00013599999881819258,0.03754113600000196
base_0_far_09,0.002,0.0,heterogeneous,True,False,False,0.003918000000879829,0.00048699999943835337,0.041362087000001754
base_0_far_09,0.002,0.0,uniform,True,False,False,0.002739999999334941,0.0002299999994903601,0.04136065200000026
base_0_far_09,0.002,0.02,heterogeneous,True,False,False,0.002377999999580993,0.000254000001476129,0.04136031400000249
base_0_far_09,0.002,0.02,uniform,True,False,False,0.002638999999859948,0.00016700000138314408,0.04136048800000268
base_0_far_09,0.002,0.05,heterogeneous,True,False,False,0.0024220000014452125,0.00015100000005929815,0.04136025500000294
base_0_far_09,0.002,0.05,uniform,True,False,False,0.0023819999999119545,0.00014500000133921276,0.04136020900000269
base_0_far_09,0.01,0.0,heterogeneous,True,False,False,0.0048340000002866645,0.00039699999909714734,0.04136291300000082
base_0_far_09,0.01,0.0,uniform,True,False,False,0.003513999999427142,0.0003010000000358559,0.0413614970000009
base_0_far_09,0.01,0.02,heterogeneous,True,False,False,0.00353600000124743,0.00023800000015228306,0.041361456000002836
base_0_far_09,0.01,0.02,uniform,True,False,False,0.0028919999994769796,0.00026400000052717587,0.04136083800000144
base_0_far_09,0.01,0.05,heterogeneous,True,False,False,0.002329999999162169,0.00023800000015228306,0.04136025000000075
base_0_far_09,0.01,0.05,uniform,True,False,False,0.0023190000000283817,0.0001790000005996717,0.041360180000002064
base_0_free_01,0.002,0.0,heterogeneous,True,False,False,0.0037429999988347618,0.00035799999942298655,0.03148388999999739
base_0_free_01,0.002,0.0,uniform,True,False,False,0.0027669999997925743,0.00024399999887236845,0.0314827999999978
base_0_free_01,0.002,0.02,heterogeneous,True,False,False,0.002341000000072313,0.0001809999989887956,0.031482310999998195
base_0_free_01,0.002,0.02,uniform,True,False,False,0.002190000000013015,0.00017099999993774873,0.031482149999999084
base_0_free_01,0.002,0.05,heterogeneous,True,False,False,0.0021329999988495274,0.0001679999996895276,0.03148208999999767
base_0_free_01,0.002,0.05,uniform,True,False,False,0.0030640000012738255,0.000254000001476129,0.031483107000001884
base_0_free_01,0.01,0.0,heterogeneous,True,False,False,0.0024899999999661304,0.00019700000031264153,0.03148247599999941
base_0_free_01,0.01,0.0,uniform,True,False,False,0.002449000000126489,0.00018699999948523782,0.031482424999998745
base_0_free_01,0.01,0.02,heterogeneous,True,False,False,0.0022519999998138474,0.0001679999996895276,0.03148220899999864
base_0_free_01,0.01,0.02,uniform,True,False,False,0.0021570000008352963,0.00016699999960678724,0.031482112999999576
base_0_free_01,0.01,0.05,heterogeneous,True,False,False,0.0024429999996300467,0.00021500000002561137,0.03148244699999879
base_0_free_01,0.01,0.05,uniform,True,False,False,0.002283000000602442,0.00017700000043419095,0.03148224900000017
base_0_free_02,0.002,0.0,heterogeneous,True,False,False,0.003676999998702968,0.00032300000007978724,0.03314776199999912
base_0_free_02,0.002,0.0,uniform,True,False,False,0.002638999999859948,0.00020599999928094803,0.03314660699999948
base_0_free_02,0.002,0.02,heterogeneous,True,False,False,0.002286000000850663,0.00019700000031264153,0.033146245000001504
base_0_free_02,0.002,0.02,uniform,True,False,False,0.002160999999389901,0.00017400000018596984,0.033146096999999916
base_0_free_02,0.002,0.05,heterogeneous,True,False,False,0.0025379999986085977,0.00023900000023502344,0.033146538999999184
base_0_free_02,0.002,0.05,uniform,True,False,False,0.0023980000012358005,0.00018000000068241206,0.03314634000000226
base_0_free_02,0.01,0.0,heterogeneous,True,False,False,0.0026089999991540935,0.00014499999956285592,0.03314651599999906
base_0_free_02,0.01,0.0,uniform,True,False,False,0.0025059999995136195,0.0002400000003177638,0.03314650800000017
base_0_free_02,0.01,0.02,heterogeneous,True,False,False,0.0024160000009487703,0.00020100000064360302,0.03314637900000193
base_0_free_02,0.01,0.02,uniform,True,False,False,0.0033169999991145005,0.00027099999933000163,0.033147349999998785
base_0_free_02,0.01,0.05,heterogeneous,True,False,False,0.002523000000920206,0.00019700000031264153,0.03314648200000157
base_0_free_02,0.01,0.05,uniform,True,False,False,0.002187999999847534,0.000213999999942871,0.03314616400000013
base_0_free_03,0.002,0.0,heterogeneous,True,False,False,0.0034039999992074854,0.00033899999962727634,0.042324378000000426
base_0_free_03,0.002,0.0,uniform,True,False,False,0.0025319999998885123,0.00019600000022990116,0.04232336300000171
base_0_free_03,0.002,0.02,heterogeneous,True,False,False,0.0024029999998731455,0.0001909999998161993,0.04232322900000128
base_0_free_03,0.002,0.02,uniform,True,False,False,0.003054000000446422,0.00017400000018596984,0.042323863000002224
base_0_free_03,0.002,0.05,heterogeneous,True,False,False,0.002539000000467695,0.00022600000093575545,0.042323400000002995
base_0_free_03,0.002,0.05,uniform,True,False,False,0.002529000001416648,0.00021000000138826636,0.042323374000004396
base_0_free_03,0.01,0.0,heterogeneous,True,False,False,0.002862000000547482,0.00019799999861902506,0.04232369500000076
base_0_free_03,0.01,0.0,uniform,True,False,False,0.0043480000009310515,0.0004460000013750687,0.0423254290000039
base_0_free_03,0.01,0.02,heterogeneous,True,False,False,0.006995000001452922,0.00032600000032800835,0.04232795600000337
base_0_free_03,0.01,0.02,uniform,True,False,False,0.0037380000001974167,0.0003060000004495578,0.04232467900000224
base_0_free_03,0.01,0.05,heterogeneous,True,False,False,0.0028130000000459177,0.0002649999988335594,0.04232371300000047
base_0_free_03,0.01,0.05,uniform,True,False,False,0.0024530000004574504,0.00021299999986013063,0.04232330100000191
base_0_free_04,0.002,0.0,heterogeneous,True,False,False,0.00634599999926877,0.00031599999950060464,0.05930099799999809
base_0_free_04,0.002,0.0,uniform,True,False,False,0.002753000000410566,0.000259000000113474,0.05929734799999985
base_0_free_04,0.002,0.02,heterogeneous,True,False,False,0.002639999999942688,0.00020100000064360302,0.05929717699999991
base_0_free_04,0.002,0.02,uniform,True,False,False,0.0021040000000027703,0.00019400000006442042,0.05929663399999939
base_0_free_04,0.002,0.05,heterogeneous,True,False,False,0.0026639999983757434,0.00021300000163648747,0.059297212999999335
base_0_free_04,0.002,0.05,uniform,True,False,False,0.002483999999469688,0.0002759999997437035,0.059297095999998536
base_0_free_04,0.01,0.0,heterogeneous,True,False,False,0.002394000000904839,0.00019000000150981577,0.05929692000000174
base_0_free_04,0.01,0.0,uniform,True,False,False,0.0025699999994799327,0.00023499999990406195,0.05929714099999871
base_0_free_04,0.01,0.02,heterogeneous,True,False,False,0.0028810000003431924,0.00025099999945155105,0.05929746799999912
base_0_free_04,0.01,0.02,uniform,True,False,False,0.002440999999464566,0.00018899999965071856,0.05929696599999844
base_0_free_04,0.01,0.05,heterogeneous,True,False,False,0.0024740000004186413,0.00014099999923189444,0.059296950999998974
base_0_free_04,0.01,0.05,uniform,True,False,False,0.00227800000018874,0.00013500000051180905,0.059296749000000024
base_0_free_05,0.002,0.0,heterogeneous,True,False,False,0.003397999998711043,0.0004080000000072914,0.059526236000000385
base_0_free_05,0.002,0.0,uniform,True,False,False,0.002642000000108169,0.0002920000010675494,0.05952536400000284
base_0_free_05,0.002,0.02,heterogeneous,True,False,False,0.002235000000183618,0.00019599999845354432,0.059524861000000304
base_0_free_05,0.002,0.02,uniform,True,False,False,0.00254399999910504,0.00026400000052717587,0.0595252380000013
base_0_free_05,0.002,0.05,heterogeneous,True,False,False,0.0023469999987923984,0.00019400000006442042,0.05952497100000052
base_0_free_05,0.002,0.05,uniform,True,False,False,0.0027169999992082694,0.0002229999989111775,0.059525369999999786
base_0_free_05,0.01,0.0,heterogeneous,True,False,False,0.0025659999991489713,0.00016599999952404687,0.05952516200000034
base_0_free_05,0.01,0.0,uniform,True,False,False,0.0022840000006851824,0.00014399999948011555,0.05952485800000183
base_0_free_05,0.01,0.02,heterogeneous,True,False,False,0.0023759999994155123,0.00014299999939737518,0.05952494900000048
base_0_free_05,0.01,0.02,uniform,True,False,False,0.0024429999996300467,0.00023000000126671694,0.05952510300000256
base_0_free_05,0.01,0.05,heterogeneous,True,False,False,0.002372999999167291,0.00017400000018596984,0.05952497700000102
base_0_free_05,0.01,0.05,uniform,True,False,False,0.0020309999992917938,0.00018999999973345894,0.05952465100000069
base_0_free_06,0.002,0.0,heterogeneous,True,False,False,0.0032910000005159645,0.00036500000000216914,0.06876317100000094
base_0_free_06,0.002,0.0,uniform,True,False,False,0.0025560000000979244,0.0002170000001910921,0.06876228800000071
base_0_free_06,0.002,0.02,heterogeneous,True,False,False,0.0021439999997596715,0.0001879999995679782,0.06876184699999975
base_0_free_06,0.002,0.02,uniform,True,False,False,0.002643999998497293,0.0001750000002687102,0.06876233399999919
base_0_free_06,0.002,0.05,heterogeneous,True,False,False,0.00239700000115306,0.0002210000005220536,0.0687621330000021
base_0_free_06,0.002,0.05,uniform,True,False,False,0.0023549999994543214,0.0002109999996946499,0.06876208099999957
base_0_free_06,0.01,0.0,heterogeneous,True,False,False,0.002555000000015184,0.00020900000130552598,0.06876227900000174
base_0_free_06,0.01,0.0,uniform,True,False,False,0.0021280000002121824,0.00017099999993774873,0.06876181400000057
base_0_free_06,0.01,0.02,heterogeneous,True,False,False,0.0026269999988670634,0.0001860000011788543,0.06876232800000047
base_0_free_06,0.01,0.02,uniform,True,False,False,0.0033300000001901253,0.0003149999994178643,0.06876316000000003
base_0_free_06,0.01,0.05,heterogeneous,True,False,False,0.0025659999991489713,0.00018000000068241206,0.06876226100000025
base_0_free_06,0.01,0.05,uniform,True,False,False,0.0023369999997413515,0.0001909999998161993,0.06876204299999998
base_0_free_07,0.002,0.0,heterogeneous,True,False,False,0.0032640000000583314,0.00039999999934536845,0.057159332999999965
base_0_free_07,0.002,0.0,uniform,True,False,False,0.00247100000017042,0.00024200000048324455,0.057158382000001215
base_0_free_07,0.002,0.02,heterogeneous,True,False,False,0.002229999999769916,0.0001530000002247789,0.057158052000000556
base_0_free_07,0.002,0.02,uniform,True,False,False,0.0024270000000825576,0.00020199999894998655,0.057158297999999594
base_0_free_07,0.002,0.05,heterogeneous,True,False,False,0.004475999999087321,0.00038099999954965824,0.0571605259999992
base_0_free_07,0.002,0.05,uniform,True,False,False,0.002348999998957879,0.0002389999984586666,0.05715825699999798
base_0_free_07,0.01,0.0,heterogeneous,True,False,False,0.005145000001149924,0.0002689999991645209,0.057161083000000876
base_0_free_07,0.01,0.0,uniform,True,False,False,0.0024930000002143515,0.00024100000040050418,0.057158403000001176
base_0_free_07,0.01,0.02,heterogeneous,True,False,False,0.0025509999996842225,0.00021500000002561137,0.05715843500000027
base_0_free_07,0.01,0.02,uniform,True,False,False,0.0031560000000041555,0.0002659999989162998,0.05715909099999948
base_0_free_07,0.01,0.05,heterogeneous,True,False,False,0.002328000000773045,0.0001969999985362847,0.05715819399999987
base_0_free_07,0.01,0.05,uniform,True,False,False,0.00224100000068006,0.0001790000005996717,0.05715808900000184
base_0_free_08,0.002,0.0,heterogeneous,True,False,False,0.0033669999996988054,0.0004000000011217253,0.04337066900000018
base_0_free_08,0.002,0.0,uniform,True,False,False,0.0022779999984123833,0.00020700000114004524,0.04336938699999891
base_0_free_08,0.002,0.02,heterogeneous,True,False,False,0.002440999999464566,0.0001860000011788543,0.043369529000000004
base_0_free_08,0.002,0.02,uniform,True,False,False,0.002286000000850663,0.00019199999989893968,0.04336938000000011
base_0_free_08,0.002,0.05,heterogeneous,True,False,False,0.0023919999989630014,0.00017300000010322947,0.04336946699999843
base_0_free_08,0.002,0.05,uniform,True,False,False,0.002288000001016144,0.00015700000055574037,0.04336934700000093
base_0_free_08,0.01,0.0,heterogeneous,True,False,False,0.002256000000144809,0.0001720000000204891,0.043369329999999526
base_0_free_08,0.01,0.0,uniform,True,False,False,0.002301000000315412,0.00023399999982132158,0.0433694369999995
base_0_free_08,0.01,0.02,heterogeneous,True,False,False,0.004866999999464383,0.00019799999861902506,0.043371966999997444
base_0_free_08,0.01,0.02,uniform,True,False,False,0.002112999998971077,0.0001579999988621239,0.043369172999997194
base_0_free_08,0.01,0.05,heterogeneous,True,False,False,0.004104000000282326,0.0004629999992289413,0.04337146899999887
base_0_free_08,0.01,0.05,uniform,True,False,False,0.002630999999198025,0.00021000000138826636,0.04336974299999995
base_0_free_09,0.002,0.0,heterogeneous,True,False,False,0.0035760000010043314,0.0003429999999582378,0.038120238000001624
base_0_free_09,0.002,0.0,uniform,True,False,False,0.0026349999995289863,0.00025099999945155105,0.03811920499999964
base_0_free_09,0.002,0.02,heterogeneous,True,False,False,0.00271899999937375,0.00023900000023502344,0.03811927700000027
base_0_free_09,0.002,0.02,uniform,True,False,False,0.002467999999922199,0.00019600000022990116,0.038118983000000814
base_0_free_09,0.002,0.05,heterogeneous,True,False,False,0.002392999999045742,0.00024100000040050418,0.03811895300000011
base_0_free_09,0.002,0.05,uniform,True,False,False,0.002446999999961008,0.00018100000076515244,0.03811894700000139
base_0_free_09,0.01,0.0,heterogeneous,True,False,False,0.002439000001075442,0.00018899999965071856,0.03811894700000139
base_0_free_09,0.01,0.0,uniform,True,False,False,0.0019540000000262125,0.00020799999944642877,0.038118481000000135
base_0_free_09,0.01,0.02,heterogeneous,True,False,False,0.002524000001002946,0.00017899999882331485,0.03811902200000049
base_0_free_09,0.01,0.02,uniform,True,False,False,0.002328000000773045,0.00022099999874569676,0.03811886800000018
base_0_free_09,0.01,0.05,heterogeneous,True,False,False,0.00243400000066174,0.00018199999907153597,0.038118935000000395
base_0_free_09,0.01,0.05,uniform,True,False,False,0.0020230000004062276,0.0001790000005996717,0.03811852100000167
base_0_near_00,0.002,0.0,heterogeneous,True,False,False,0.004165000000000418,0.0003440000000409782,0.05194009899999984
base_0_near_00,0.002,0.0,uniform,True,False,False,0.0032139999994740265,0.00026399999875081903,0.05193906799999802
base_0_near_00,0.002,0.02,heterogeneous,True,False,False,0.0037460000008593397,0.0003109999990869028,0.05193964699999974
base_0_near_00,0.002,0.02,uniform,True,False,False,0.0031820000003790483,0.0002329999997385812,0.05193900499999991
base_0_near_00,0.002,0.05,heterogeneous,True,False,False,0.003294999999070569,0.00025499999978251253,0.05193913999999865
base_0_near_00,0.002,0.05,uniform,True,False,False,0.0034549999998745307,0.00025800000003073364,0.0519393029999997
base_0_near_00,0.01,0.0,heterogeneous,True,False,False,0.004500999999379474,0.0002949999995394137,0.051940385999998714
base_0_near_00,0.01,0.0,uniform,True,False,False,0.0025509999996842225,0.0002210000005220536,0.051938362
base_0_near_00,0.01,0.02,heterogeneous,True,False,False,0.0023210000001938624,0.00018700000126159466,0.05193809800000125
base_0_near_00,0.01,0.02,uniform,True,False,False,0.002290999999488008,0.000156000000473,0.05193803699999976
base_0_near_00,0.01,0.05,heterogeneous,True,False,False,0.0021100000004992125,0.0001489999998938174,0.05193784900000019
base_0_near_00,0.01,0.05,uniform,True,False,False,0.003441999998798906,0.00028800000073658794,0.05193931999999933
base_0_near_01,0.002,0.0,heterogeneous,True,False,False,0.0030839999993759193,0.0002920000010675494,0.039434743999999786
base_0_near_01,0.002,0.0,uniform,True,False,False,0.0025650000008425877,0.0002350000016804188,0.039434168000001865
base_0_near_01,0.002,0.02,heterogeneous,True,False,False,0.0023969999993767033,0.0002170000001910921,0.03943398199999891
base_0_near_01,0.002,0.02,uniform,True,False,False,0.002443999999712787,0.00021600000010835174,0.03943402799999916
base_0_near_01,0.002,0.05,heterogeneous,True,False,False,0.0025669999992317116,0.00022899999940761973,0.03943416399999798
base_0_near_01,0.002,0.05,uniform,True,False,False,0.00220400000117138,0.00017799999874057448,0.039433749999999254
base_0_near_01,0.01,0.0,heterogeneous,True,False,False,0.002478000000749603,0.00019600000022990116,0.03943404200000032
base_0_near_01,0.01,0.0,uniform,True,False,False,0.002172000000300045,0.00013399999865271184,0.039433673999998295
base_0_near_01,0.01,0.02,heterogeneous,True,False,False,0.0027199999994564905,0.0002240000007702747,0.03943431199999957
base_0_near_01,0.01,0.02,uniform,True,False,False,0.002277000000106,0.00018400000101337355,0.03943382900000046
base_0_near_01,0.01,0.05,heterogeneous,True,False,False,0.002323000000359343,0.0001489999998938174,0.039433839999999595
base_0_near_01,0.01,0.05,uniform,True,False,False,0.002135000000791365,0.00016299999927582576,0.03943366599999941
base_0_near_02,0.002,0.0,heterogeneous,True,False,False,0.003148999999424973,0.0003109999990869028,0.036443093999996
base_0_near_02,0.002,0.0,uniform,True,False,False,0.002600000000185787,0.00020899999952916914,0.0364424429999972
base_0_near_02,0.002,0.02,heterogeneous,True,False,False,0.002723999999787452,0.00020000000056086265,0.036442557999997835
base_0_near_02,0.002,0.02,uniform,True,False,False,0.0027199999994564905,0.00020400000089182413,0.036442557999997835
base_0_near_02,0.002,0.05,heterogeneous,True,False,False,0.0025570000001806648,0.00018300000093063318,0.0364423739999986
base_0_near_02,0.002,0.05,uniform,True,False,False,0.0025249999993093297,0.00016500000121766334,0.036442323999998014
base_0_near_02,0.01,0.0,heterogeneous,True,False,False,0.002386000000242916,0.00015200000014203852,0.03644217199999787
base_0_near_02,0.01,0.0,uniform,True,False,False,0.0023099999992837184,0.00018599999940249745,0.03644212999999617
base_0_near_02,0.01,0.02,heterogeneous,True,False,False,0.0024090000003695877,0.0002050000009745645,0.03644224799999883
base_0_near_02,0.01,0.02,uniform,True,False,False,0.0026760000011449847,0.00020900000130552598,0.03644251899999994
base_0_near_02,0.01,0.05,heterogeneous,True,False,False,0.00301200000052404,0.0002659999989162998,0.03644291199999693
base_0_near_02,0.01,0.05,uniform,True,False,False,0.004132999999129083,0.00035799999942298655,0.03644412499999604
base_0_near_03,0.002,0.0,heterogeneous,True,False,False,0.0035819999997244167,0.0003550000009511223,0.03845162100000231
base_0_near_03,0.002,0.0,uniform,True,False,False,0.002729000000201154,0.00024200000048324455,0.03845065500000232
base_0_near_03,0.002,0.02,heterogeneous,True,False,False,0.0023320000011040065,0.00018000000068241206,0.03845019600000342
base_0_near_03,0.002,0.02,uniform,True,False,False,0.002323000000359343,0.00018199999907153597,0.038450189000001064
base_0_near_03,0.002,0.05,heterogeneous,True,False,False,0.0026089999991540935,0.0002210000005220536,0.03845051400000131
base_0_near_03,0.002,0.05,uniform,True,False,False,0.0023499999990406195,0.00014200000109099165,0.038450176000001765
base_0_near_03,0.01,0.0,heterogeneous,True,False,False,0.002373000000943648,0.00015899999894486427,0.03845021600000152
base_0_near_03,0.01,0.0,uniform,True,False,False,0.0023049999988700165,0.00015100000005929815,0.03845014000000056
base_0_near_03,0.01,0.02,heterogeneous,True,False,False,0.002055999999583946,0.00016899999977226798,0.03844990900000099
base_0_near_03,0.01,0.02,uniform,True,False,False,0.0020230000004062276,0.0001530000002247789,0.038449860000002264
base_0_near_03,0.01,0.05,heterogeneous,True,False,False,0.0023979999994594436,0.00021199999977739026,0.03845029400000087
base_0_near_03,0.01,0.05,uniform,True,False,False,0.00235099999912336,0.00017700000043419095,0.03845021200000119
base_0_near_04,0.002,0.0,heterogeneous,True,False,False,0.002999000001224772,0.0002989999998703752,0.05260073900000116
base_0_near_04,0.002,0.0,uniform,True,False,False,0.0023069999990354972,0.00021299999986013063,0.05259996099999896
base_0_near_04,0.002,0.02,heterogeneous,True,False,False,0.0025640000007598474,0.00025399999969977216,0.052600259000000524
base_0_near_04,0.002,0.02,uniform,True,False,False,0.0021419999995941907,0.0001879999995679782,0.052599770999999226
base_0_near_04,0.002,0.05,heterogeneous,True,False,False,0.002515000000258283,0.00018400000101337355,0.052600140000001336
base_0_near_04,0.002,0.05,uniform,True,False,False,0.002260999998782154,0.00012099999935344385,0.0525998229999982
base_0_near_04,0.01,0.0,heterogeneous,True,False,False,0.0021260000000467016,0.00014300000117373202,0.052599710000001285
base_0_near_04,0.01,0.0,uniform,True,False,False,0.002188000001623891,0.0001389999990664137,0.052599768000000754
base_0_near_04,0.01,0.02,heterogeneous,True,False,False,0.0020279999990435726,0.00010300000141683086,0.052599572000000525
base_0_near_04,0.01,0.02,uniform,True,False,False,0.0021330000006258842,0.0001300000000981072,0.05259970400000079
base_0_near_04,0.01,0.05,heterogeneous,True,False,False,0.002907000000718085,0.00018499999931975708,0.0526005330000001
base_0_near_04,0.01,0.05,uniform,True,False,False,0.003708999999574303,0.0001619999991930854,0.05260131199999883
base_0_near_05,0.002,0.0,heterogeneous,True,False,False,0.0035489999987703413,0.0004059999998418107,0.051429609999998224
base_0_near_05,0.002,0.0,uniform,True,False,False,0.0025479999994360014,0.0001679999996895276,0.05142837099999874
base_0_near_05,0.002,0.02,heterogeneous,True,False,False,0.0020260000006544487,0.00016100000088670186,0.05142784200000115
base_0_near_05,0.002,0.02,uniform,True,False,False,0.0020729999992141757,0.0001300000000981072,0.051427857999998924
base_0_near_05,0.002,0.05,heterogeneous,True,False,False,0.002774000000371757,0.0002210000005220536,0.051428650000000506
base_0_near_05,0.002,0.05,uniform,True,False,False,0.002589000001052,0.00020700000114004524,0.051428451000001804
base_0_near_05,0.01,0.0,heterogeneous,True,False,False,0.0023599999998680232,0.00018299999915427634,0.051428197999998634
base_0_near_05,0.01,0.0,uniform,True,False,False,0.0022360000002663583,0.0001720000000204891,0.0514280629999999
base_0_near_05,0.01,0.02,heterogeneous,True,False,False,0.004092999999372182,0.00037100000049861137,0.05143011899999948
base_0_near_05,0.01,0.02,uniform,True,False,False,0.0026139999995677954,0.0001879999995679782,0.05142845699999875
base_0_near_05,0.01,0.05,heterogeneous,True,False,False,0.00335299999854044,0.00034199999987549745,0.05142934999999803
base_0_near_05,0.01,0.05,uniform,True,False,False,0.0024690000000049395,0.00021000000138826636,0.051428334000001005
base_0_near_06,0.002,0.0,heterogeneous,True,False,False,0.00345299999970905,0.00030199999834223945,0.03750030599999875
base_0_near_06,0.002,0.0,uniform,True,False,False,0.0027229999997047116,0.0001909999998161993,0.03749946500000022
base_0_near_06,0.002,0.02,heterogeneous,True,False,False,0.002382999999994695,0.00016599999952404687,0.037499100000000216
base_0_near_06,0.002,0.02,uniform,True,False,False,0.002753000000410566,0.0002779999999091842,0.03749958200000102
base_0_near_06,0.002,0.05,heterogeneous,True,False,False,0.002513000000092802,0.00014799999981107703,0.0374992120000006
base_0_near_06,0.002,0.05,uniform,True,False,False,0.0022030000010886397,0.0001300000000981072,0.037498884000001884
base_0_near_06,0.01,0.0,heterogeneous,True,False,False,0.002671000000731283,0.00025800000003073364,0.03749948000000146
base_0_near_06,0.01,0.0,uniform,True,False,False,0.0023900000005738775,0.00017600000035145058,0.03749911700000162
base_0_near_06,0.01,0.02,heterogeneous,True,False,False,0.0026760000011449847,0.00018000000068241206,0.037499407000002524
base_0_near_06,0.01,0.02,uniform,True,False,False,0.002395999999293963,0.0003229999983034304,0.037499269999998294
base_0_near_06,0.01,0.05,heterogeneous,True,False,False,0.0021280000002121824,0.00014200000109099165,0.037498821000002
base_0_near_06,0.01,0.05,uniform,True,False,False,0.002283000000602442,0.0001679999996895276,0.03749900200000099
base_0_near_07,0.002,0.0,heterogeneous,True,False,False,0.0032039999986466228,0.0004340000003821842,0.038677864000000714
base_0_near_07,0.002,0.0,uniform,True,False,False,0.0024990000007107938,0.00022300000068753434,0.038676948000003084
base_0_near_07,0.002,0.02,heterogeneous,True,False,False,0.002362000000033504,0.0002069999993636884,0.03867679500000108
base_0_near_07,0.002,0.02,uniform,True,False,False,0.00233299999941039,0.00014300000117373202,0.03867670200000227
base_0_near_07,0.002,0.05,heterogeneous,True,False,False,0.0021959999987331003,0.00016899999977226798,0.03867659100000019
base_0_near_07,0.002,0.05,uniform,True,False,False,0.002419999999503375,0.00020400000089182413,0.03867685000000208
base_0_near_07,0.01,0.0,heterogeneous,True,False,False,0.0023920000007393583,0.00018800000134433503,0.03867680600000377
base_0_near_07,0.01,0.0,uniform,True,False,False,0.002751000000245085,0.0002489999992860703,0.038677226000001216
base_0_near_07,0.01,0.02,heterogeneous,True,False,False,0.0024789999990559863,0.0002280000011012362,0.03867693300000184
base_0_near_07,0.01,0.02,uniform,True,False,False,0.0021500000002561137,0.00015899999894486427,0.038676535000000886
base_0_near_07,0.01,0.05,heterogeneous,True,False,False,0.0025590000003461455,0.0002109999996946499,0.038676996000001726
base_0_near_07,0.01,0.05,uniform,True,False,False,0.002660999999903879,0.00024099999862414734,0.03867712800000021
base_0_near_08,0.002,0.0,heterogeneous,True,False,False,0.0033649999995333246,0.00031199999916964316,0.036769290999999246
base_0_near_08,0.002,0.0,uniform,True,False,False,0.0022939999997362293,0.00018700000126159466,0.03676809500000154
base_0_near_08,0.002,0.02,heterogeneous,True,False,False,0.0023870000003256564,0.00016500000121766334,0.03676816600000209
base_0_near_08,0.002,0.02,uniform,True,False,False,0.002123999999881221,0.0001590000007212211,0.036767897000001146
base_0_near_08,0.002,0.05,heterogeneous,True,False,False,0.0022859999990743063,0.00017600000035145058,0.03676807599999997
base_0_near_08,0.002,0.05,uniform,True,False,False,0.0020860000002898005,0.00016299999927582576,0.03676786300000011
base_0_near_08,0.01,0.0,heterogeneous,True,False,False,0.0023300000009385258,0.00020299999903272692,0.036768147000000515
base_0_near_08,0.01,0.0,uniform,True,False,False,0.0024370000009099613,0.00022799999932487935,0.03676827900000078
base_0_near_08,0.01,0.02,heterogeneous,True,False,False,0.002547000001129618,0.000213999999942871,0.036768375000001616
base_0_near_08,0.01,0.02,uniform,True,False,False,0.002513000000092802,0.00023000000126671694,0.0367683570000019
base_0_near_08,0.01,0.05,heterogeneous,True,False,False,0.002322000000276603,0.00020499999919820766,0.03676814100000002
base_0_near_08,0.01,0.05,uniform,True,False,False,0.002192999998484879,0.00016699999960678724,0.036767973999998635
base_0_near_09,0.002,0.0,heterogeneous,True,False,False,0.004252000000093403,0.000370000000415871,0.04000043399999818
base_0_near_09,0.002,0.0,uniform,True,False,False,0.00245200000037471,0.0001860000011788543,0.03999844999999923
base_0_near_09,0.002,0.02,heterogeneous,True,False,False,0.0027669999997925743,0.00014499999956285592,0.03999872399999703
base_0_near_09,0.002,0.02,uniform,True,False,False,0.002392999999045742,0.0001679999996895276,0.03999837299999641
base_0_near_09,0.002,0.05,heterogeneous,True,False,False,0.0022499999996483666,0.00014999999997655777,0.0399982119999973
base_0_near_09,0.002,0.05,uniform,True,False,False,0.002667999998706705,0.00023200000143219768,0.03999871199999781
base_0_near_09,0.01,0.0,heterogeneous,True,False,False,0.0026779999995341086,0.00021600000010835174,0.03999870599999732
base_0_near_09,0.01,0.0,uniform,True,False,False,0.0022079999997259847,0.00018199999907153597,0.03999820199999647
base_0_near_09,0.01,0.02,heterogeneous,True,False,False,0.0025959999998548255,0.0002080000012227856,0.03999861599999875
base_0_near_09,0.01,0.02,uniform,True,False,False,0.002323000000359343,0.0001860000011788543,0.03999832099999921
base_0_near_09,0.01,0.05,heterogeneous,True,False,False,0.002555000000015184,0.00020899999952916914,0.03999857599999722
base_0_near_09,0.01,0.05,uniform,True,False,False,0.0021570000008352963,0.00016599999952404687,0.03999813499999803
base_1_far_00,0.002,0.0,heterogeneous,True,False,False,0.0051059999996994065,0.000382999999715139,0.038260755000003574
base_1_far_00,0.002,0.0,uniform,True,False,False,0.0032910000005159645,0.00018899999965071856,0.038258746000004326
base_1_far_00,0.002,0.02,heterogeneous,True,False,False,0.003367000001475162,0.00016899999977226798,0.03825880200000541
base_1_far_00,0.002,0.02,uniform,True,False,False,0.004166999998389542,0.0003209999999143065,0.03825975400000246
base_1_far_00,0.002,0.05,heterogeneous,True,False,False,0.0027280000001184135,0.00018000000068241206,0.03825817400000496
base_1_far_00,0.002,0.05,uniform,True,False,False,0.003185999998933653,0.00021899999858021602,0.03825867100000167
base_1_far_00,0.01,0.0,heterogeneous,True,False,False,0.0028230000008733214,0.00019900000047812227,0.03825828800000551
base_1_far_00,0.01,0.0,uniform,True,False,False,0.0027649999996270935,0.0001649999994413065,0.03825819600000323
base_1_far_00,0.01,0.02,heterogeneous,True,False,False,0.00499599999947975,0.00021199999977739026,0.03826047400000342
base_1_far_00,0.01,0.02,uniform,True,False,False,0.003132999999877484,0.00021800000027383248,0.03825861700000431
base_1_far_00,0.01,0.05,heterogeneous,True,False,False,0.0026890000004442527,0.00019600000022990116,0.038258151000004834
base_1_far_00,0.01,0.05,uniform,True,False,False,0.0028869999990632778,0.00017700000043419095,0.03825833000000366
base_1_far_01,0.002,0.0,heterogeneous,True,False,False,0.0036140000005957518,0.0004479999997641926,0.03958444499999779
base_1_far_01,0.002,0.0,uniform,True,False,False,0.002658000001432015,0.0002240000007702747,0.03958326499999963
base_1_far_01,0.002,0.02,heterogeneous,True,False,False,0.0022949999998189696,0.0002109999996946499,0.03958288899999694
base_1_far_01,0.002,0.02,uniform,True,False,False,0.0040119999997756395,0.0001950000001471608,0.03958458999999735
base_1_far_01,0.002,0.05,heterogeneous,True,False,False,0.002424999999917077,0.00021899999858021602,0.03958302699999593
base_1_far_01,0.002,0.05,uniform,True,False,False,0.0025089999997618406,0.00018699999948523782,0.039583078999996676
base_1_far_01,0.01,0.0,heterogeneous,True,False,False,0.002305999998952757,0.0001879999995679782,0.03958287699999595
base_1_far_01,0.01,0.0,uniform,True,False,False,0.0024009999997076648,0.00018499999931975708,0.03958296899999646
base_1_far_01,0.01,0.02,heterogeneous,True,False,False,0.002583999998861941,0.00022700000101849582,0.03958319399999731
base_1_far_01,0.01,0.02,uniform,True,False,False,0.0023629999983398875,0.00024900000106242715,0.03958299499999683
base_1_far_01,0.01,0.05,heterogeneous,True,False,False,0.002577999998365499,0.0002210000005220536,0.03958318199999632
base_1_far_01,0.01,0.05,uniform,True,False,False,0.002418000001114251,0.00018999999973345894,0.03958299099999828
base_1_far_02,0.002,0.0,heterogeneous,True,False,False,0.003213000001167643,0.0003559999992575058,0.05231843400000401
base_1_far_02,0.002,0.0,uniform,True,False,False,0.0024640000013675945,0.00019900000047812227,0.05231752800000543
base_1_far_02,0.002,0.02,heterogeneous,True,False,False,0.00247000000008768,0.00046099999906346056,0.052317796000002734
base_1_far_02,0.002,0.02,uniform,True,False,False,0.0026460000004391304,0.0002210000005220536,0.052317732000004544
base_1_far_02,0.002,0.05,heterogeneous,True,False,False,0.0021310000004604035,0.00016699999960678724,0.05231716300000365
base_1_far_02,0.002,0.05,uniform,True,False,False,0.0023470000005687552,0.00014800000158743387,0.05231736000000574
base_1_far_02,0.01,0.0,heterogeneous,True,False,False,0.0023740000010263884,0.00017400000018596984,0.052317413000004795
base_1_far_02,0.01,0.0,uniform,True,False,False,0.002368000000529946,0.00015699999877938353,0.05231739000000289
base_1_far_02,0.01,0.02,heterogeneous,True,False,False,0.001980999998707489,0.0002779999999091842,0.0523171240000022
base_1_far_02,0.01,0.02,uniform,True,False,False,0.002534000000053993,0.0002419999987068877,0.05231764100000234
base_1_far_02,0.01,0.05,heterogeneous,True,False,False,0.0022019999992295425,0.0001649999994413065,0.05231723200000225
base_1_far_02,0.01,0.05,uniform,True,False,False,0.002735000000697596,0.0002170000001910921,0.05231781700000447
base_1_far_03,0.002,0.0,heterogeneous,True,False,False,0.00469300000105477,0.00044700000145780905,0.04661081500000151
base_1_far_03,0.002,0.0,uniform,True,False,False,0.005528000000865063,0.00032900000057622947,0.04661153200000044
base_1_far_03,0.002,0.02,heterogeneous,True,False,False,0.003389999999825477,0.0003429999999582378,0.046609407999998784
base_1_far_03,0.002,0.02,uniform,True,False,False,0.0034810000002494235,0.00028800000073658794,0.046609443999999986
base_1_far_03,0.002,0.05,heterogeneous,True,False,False,0.003501000000127874,0.0002830000003228861,0.04660945899999945
base_1_far_03,0.002,0.05,uniform,True,False,False,0.003811999999214777,0.00028800000073658794,0.04660977499999895
base_1_far_03,0.01,0.0,heterogeneous,True,False,False,0.0030870000014004972,0.00028000000007466497,0.046609042000000475
base_1_far_03,0.01,0.0,uniform,True,False,False,0.003136000000125705,0.00023900000023502344,0.04660904999999936
base_1_far_03,0.01,0.02,heterogeneous,True,False,False,0.003753999999744906,0.0002730000012718392,0.04660970200000002
base_1_far_03,0.01,0.02,uniform,True,False,False,0.002582000000472817,0.00022899999940761973,0.04660848599999888
base_1_far_03,0.01,0.05,heterogeneous,True,False,False,0.002518000000506504,0.00016099999911034502,0.04660835399999862
base_1_far_03,0.01,0.05,uniform,True,False,False,0.0020359999997054956,0.00012499999968440534,0.04660783599999839
base_1_far_04,0.002,0.0,heterogeneous,True,False,False,0.0034099999997039276,0.00038800000012884084,0.040855485000003786
base_1_far_04,0.002,0.0,uniform,True,False,False,0.0023290000008557854,0.00016399999935856613,0.04085418000000417
base_1_far_04,0.002,0.02,heterogeneous,True,False,False,0.0024590000009538926,0.0001679999996895276,0.040854314000004596
base_1_far_04,0.002,0.02,uniform,True,False,False,0.002290999999488008,0.0001769999986578341,0.0408541550000021
base_1_far_04,0.002,0.05,heterogeneous,True,False,False,0.0022649999991131153,0.00022500000085301508,0.04085417700000392
base_1_far_04,0.002,0.05,uniform,True,False,False,0.002076999999545137,0.00016399999935856613,0.040853928000002857
base_1_far_04,0.01,0.0,heterogeneous,True,False,False,0.0020599999999149077,0.00016899999977226798,0.04085391600000364
base_1_far_04,0.01,0.0,uniform,True,False,False,0.001982000000566586,0.0001419999993146348,0.040853811000003834
base_1_far_04,0.01,0.02,heterogeneous,True,False,False,0.004602999998937207,0.0002419999987068877,0.0408565320000016
base_1_far_04,0.01,0.02,uniform,True,False,False,0.0024629999995084972,0.00019700000031264153,0.040854347000003774
base_1_far_04,0.01,0.05,heterogeneous,True,False,False,0.002431000000413519,0.0002170000001910921,0.04085433500000456
base_1_far_04,0.01,0.05,uniform,True,False,False,0.002180000000961968,0.00013100000018084756,0.040853998000005096
base_1_far_05,0.002,0.0,heterogeneous,True,False,False,0.0034840000004976446,0.0002830000003228861,0.05642551999999988
base_1_far_05,0.002,0.0,uniform,True,False,False,0.0022360000002663583,0.00018699999948523782,0.05642417599999881
base_1_far_05,0.002,0.02,heterogeneous,True,False,False,0.002481000000997824,0.00016299999927582576,0.056424396999999335
base_1_far_05,0.002,0.02,uniform,True,False,False,0.002411999998841452,0.00019299999998168005,0.056424357999997884
base_1_far_05,0.002,0.05,heterogeneous,True,False,False,0.0022319999999353968,0.00016299999927582576,0.05642414799999827
base_1_far_05,0.002,0.05,uniform,True,False,False,0.0023369999997413515,0.00013699999890093295,0.056424226999997704
base_1_far_05,0.01,0.0,heterogeneous,True,False,False,0.0024300000003307787,0.00011700000079883921,0.05642430000000019
base_1_far_05,0.01,0.0,uniform,True,False,False,0.0022529999998965877,0.00012900000001536682,0.05642413499999897
base_1_far_05,0.01,0.02,heterogeneous,True,False,False,0.002288000001016144,0.00016100000088670186,0.056424202000000964
base_1_far_05,0.01,0.02,uniform,True,False,False,0.0025560000000979244,0.00021199999977739026,0.05642452099999894
base_1_far_05,0.01,0.05,heterogeneous,True,False,False,0.0026109999993195743,0.00015200000014203852,0.05642451599999852
base_1_far_05,0.01,0.05,uniform,True,False,False,0.002281999998743345,0.00016200000096944223,0.056424196999998774
base_1_far_06,0.002,0.0,heterogeneous,True,False,False,0.003401000000735621,0.0003919999986834455,0.03840304900000156
base_1_far_06,0.002,0.0,uniform,True,False,False,0.002335999999658611,0.00021199999977739026,0.03840180400000158
base_1_far_06,0.002,0.02,heterogeneous,True,False,False,0.002089999998844405,0.0001950000001471608,0.038401541000001135
base_1_far_06,0.002,0.02,uniform,True,False,False,0.0021629999995553817,0.00018300000093063318,0.03840160200000263
base_1_far_06,0.002,0.05,heterogeneous,True,False,False,0.0024239999998343364,0.0002170000001910921,0.03840189700000217
base_1_far_06,0.002,0.05,uniform,True,False,False,0.0022419999989864436,0.00013500000051180905,0.03840163300000164
base_1_far_06,0.01,0.0,heterogeneous,True,False,False,0.0022259999994389545,0.0001419999993146348,0.0384016240000009
base_1_far_06,0.01,0.0,uniform,True,False,False,0.0024480000000437485,0.00017899999882331485,0.03840188300000101
base_1_far_06,0.01,0.02,heterogeneous,True,False,False,0.0024009999997076648,0.00020899999952916914,0.03840186600000138
base_1_far_06,0.01,0.02,uniform,True,False,False,0.0024419999995473063,0.00016899999977226798,0.03840186700000146
base_1_far_06,0.01,0.05,heterogeneous,True,False,False,0.0022899999994052678,0.00023399999982132158,0.03840178000000137
base_1_far_06,0.01,0.05,uniform,True,False,False,0.002366999998670849,0.00019900000047812227,0.03840182200000129
base_1_far_07,0.002,0.0,heterogeneous,True,False,False,0.003557000001208621,0.00041999999922381903,0.043895193999999624
base_1_far_07,0.002,0.0,uniform,True,False,False,0.0029609999998569947,0.0002400000003177638,0.043894417999999366
base_1_far_07,0.002,0.02,heterogeneous,True,False,False,0.0024090000003695877,0.0002039999991154673,0.043893829999998676
base_1_far_07,0.002,0.02,uniform,True,False,False,0.002652999999241956,0.00018300000093063318,0.043894052999999364
base_1_far_07,0.002,0.05,heterogeneous,True,False,False,0.002263999999030375,0.0001459999996455963,0.04389362699999787
base_1_far_07,0.002,0.05,uniform,True,False,False,0.002539000000467695,0.00019700000031264153,0.04389395299999997
base_1_far_07,0.01,0.0,heterogeneous,True,False,False,0.0027679999998753146,0.00018300000093063318,0.043894168
base_1_far_07,0.01,0.0,uniform,True,False,False,0.0023450000004032745,0.00017300000010322947,0.0438937349999997
base_1_far_07,0.01,0.02,heterogeneous,True,False,False,0.002144999999842412,0.00014499999956285592,0.0438935069999986
base_1_far_07,0.01,0.02,uniform,True,False,False,0.0026640000001521003,0.00022000000043931323,0.04389410099999978
base_1_far_07,0.01,0.05,heterogeneous,True,False,False,0.002440999999464566,0.00025399999969977216,0.043893911999998356
base_1_far_07,0.01,0.05,uniform,True,False,False,0.0023240000004420835,0.0001790000005996717,0.04389372000000023
base_1_far_08,0.002,0.0,heterogeneous,True,False,False,0.003749000001107561,0.0003930000005425427,0.05504559000000285
base_1_far_08,0.002,0.0,uniform,True,False,False,0.0024750000005013817,0.00016699999960678724,0.05504409000000131
base_1_far_08,0.002,0.02,heterogeneous,True,False,False,0.0023710000007781673,0.0002350000016804188,0.05504405400000366
base_1_far_08,0.002,0.02,uniform,True,False,False,0.002501999999182658,0.00022199999882843713,0.05504417199999921
base_1_far_08,0.002,0.05,heterogeneous,True,False,False,0.002193000000261236,0.00015700000055574037,0.05504379800000202
base_1_far_08,0.002,0.05,uniform,True,False,False,0.0024060000001213666,0.0001750000002687102,0.05504402900000159
base_1_far_08,0.01,0.0,heterogeneous,True,False,False,0.0022240000010498306,0.0001530000002247789,0.055043825000002475
base_1_far_08,0.01,0.0,uniform,True,False,False,0.0024849999995524286,0.0001790000005996717,0.05504411200000135
base_1_far_08,0.01,0.02,heterogeneous,True,False,False,0.0024050000000386262,0.00021500000002561137,0.055044068000001264
base_1_far_08,0.01,0.02,uniform,True,False,False,0.0026809999997823297,0.00022000000043931323,0.05504434900000142
base_1_far_08,0.01,0.05,heterogeneous,True,False,False,0.002386000000242916,0.0001820000008478928,0.05504401600000229
base_1_far_08,0.01,0.05,uniform,True,False,False,0.0022760000000232594,0.00019700000031264153,0.055043921000001536
base_1_far_09,0.002,0.0,heterogeneous,True,False,False,0.003975000000266959,0.0003510000006201608,0.048283950000000506
base_1_far_09,0.002,0.0,uniform,True,False,False,0.0025650000008425877,0.00023800000015228306,0.04828242700000061
base_1_far_09,0.002,0.02,heterogeneous,True,False,False,0.002708000000239963,0.00019600000022990116,0.04828252800000009
base_1_far_09,0.002,0.02,uniform,True,False,False,0.002555000000015184,0.0003060000004495578,0.04828248500000008
base_1_far_09,0.002,0.05,heterogeneous,True,False,False,0.0026959999992470784,0.0002370000000695427,0.048282556999998935
base_1_far_09,0.002,0.05,uniform,True,False,False,0.0025039999993481388,0.00015200000014203852,0.04828227999999911
base_1_far_09,0.01,0.0,heterogeneous,True,False,False,0.0025780000001418557,0.00013599999881819258,0.04828233799999858
base_1_far_09,0.01,0.0,uniform,True,False,False,0.0022500000014247235,0.00011000000021965661,0.04828198400000126
base_1_far_09,0.01,0.02,heterogeneous,True,False,False,0.0026329999993635056,0.00013799999898367332,0.048282394999997966
base_1_far_09,0.01,0.02,uniform,True,False,False,0.002491000000048871,0.00020000000056086265,0.04828231500000023
base_1_far_09,0.01,0.05,heterogeneous,True,False,False,0.0022150000003051673,0.00018299999915427634,0.04828202199999908
base_1_far_09,0.01,0.05,uniform,True,False,False,0.0020759999994623968,0.00016299999927582576,0.04828186299999836
base_1_free_01,0.002,0.0,heterogeneous,True,False,False,0.003711999999822524,0.0003610000014475645,0.03850165699999984
base_1_free_01,0.002,0.0,uniform,True,False,False,0.0023610000017271204,0.0001720000000204891,0.03850011700000032
base_1_free_01,0.002,0.02,heterogeneous,True,False,False,0.002178999999102871,0.00018100000076515244,0.03849994399999844
base_1_free_01,0.002,0.02,uniform,True,False,False,0.002226999999521695,0.0001750000002687102,0.03849998599999836
base_1_free_01,0.002,0.05,heterogeneous,True,False,False,0.0020799999997933583,0.0001879999995679782,0.03849985199999793
base_1_free_01,0.002,0.05,uniform,True,False,False,0.0027790000007854587,0.000259000000113474,0.03850062199999947
base_1_free_01,0.01,0.0,heterogeneous,True,False,False,0.0026169999998160165,0.00022200000060479397,0.03850042299999899
base_1_free_01,0.01,0.0,uniform,True,False,False,0.002012999999578824,0.0001820000008478928,0.038499778999999
base_1_free_01,0.01,0.02,heterogeneous,True,False,False,0.001913000000186571,0.0001660000013004037,0.03849966300000006
base_1_free_01,0.01,0.02,uniform,True,False,False,0.0019879999992866715,0.00012200000121254106,0.03849969399999907
base_1_free_01,0.01,0.05,heterogeneous,True,False,False,0.0022229999991907334,0.0001489999998938174,0.038499955999997656
base_1_free_01,0.01,0.05,uniform,True,False,False,0.0022760000000232594,0.0002210000005220536,0.03850008099999912
base_1_free_02,0.002,0.0,heterogeneous,True,False,False,0.0033760000004434687,0.0004059999998418107,0.041494930000002914
base_1_free_02,0.002,0.0,uniform,True,False,False,0.0025039999993481388,0.00020300000080908376,0.041493855000002786
base_1_free_02,0.002,0.02,heterogeneous,True,False,False,0.0021040000000027703,0.0001790000005996717,0.04149343100000323
base_1_free_02,0.002,0.02,uniform,True,False,False,0.004335999999938167,0.0003990000010389849,0.041495883000003606
base_1_free_02,0.002,0.05,heterogeneous,True,False,False,0.0036290000000605005,0.0002890000008193283,0.04149506600000351
base_1_free_02,0.002,0.05,uniform,True,False,False,0.0030370000008161924,0.00026200000036169513,0.041494447000003806
base_1_free_02,0.01,0.0,heterogeneous,True,False,False,0.003178000000048087,0.0002869999988774907,0.041494613000001554
base_1_free_02,0.01,0.0,uniform,True,False,False,0.0024290000002480383,0.00018700000126159466,0.04149376400000414
base_1_free_02,0.01,0.02,heterogeneous,True,False,False,0.00254399999910504,0.0001530000002247789,0.04149384500000196
base_1_free_02,0.01,0.02,uniform,True,False,False,0.0023530000010651975,0.00017099999993774873,0.04149367200000363
base_1_free_02,0.01,0.05,heterogeneous,True,False,False,0.002284999998991566,0.00019900000047812227,0.0414936320000021
base_1_free_02,0.01,0.05,uniform,True,False,False,0.005199000000288834,0.00019199999989893968,0.041496539000002816
base_1_free_03,0.002,0.0,heterogeneous,True,False,False,0.004009000001303775,0.0004179999990583383,0.03636383100000316
base_1_free_03,0.002,0.0,uniform,True,False,False,0.0023870000003256564,0.00018000000068241206,0.03636197100000381
base_1_free_03,0.002,0.02,heterogeneous,True,False,False,0.002322000000276603,0.00020199999894998655,0.03636192800000203
base_1_free_03,0.002,0.02,uniform,True,False,False,0.0023979999994594436,0.00023000000126671694,0.03636203200000353
base_1_free_03,0.002,0.05,heterogeneous,True,False,False,0.002238000000431839,0.0001950000001471608,0.03636183700000338
base_1_free_03,0.002,0.05,uniform,True,False,False,0.002592000001300221,0.00023599999998680232,0.03636223200000409
base_1_free_03,0.01,0.0,heterogeneous,True,False,False,0.002487000001494266,0.00018400000101337355,0.03636207500000531
base_1_free_03,0.01,0.0,uniform,True,False,False,0.0024899999999661304,0.0002210000005220536,0.03636211500000329
base_1_free_03,0.01,0.02,heterogeneous,True,False,False,0.0023630000001162443,0.00021600000010835174,0.036361983000003026
base_1_free_03,0.01,0.02,uniform,True,False,False,0.00247100000017042,0.0002299999994903601,0.03636210500000246
base_1_free_03,0.01,0.05,heterogeneous,True,False,False,0.002265000000889472,0.00015700000055574037,0.036361826000004246
base_1_free_03,0.01,0.05,uniform,True,False,False,0.0021940000003439764,0.00016299999927582576,0.03636176100000242
base_1_free_04,0.002,0.0,heterogeneous,True,False,False,0.0037400000003628975,0.0003970000008735042,0.06032965400000066
base_1_free_04,0.002,0.0,uniform,True,False,False,0.0030430000013126346,0.00018699999948523782,0.060328747000000224
base_1_free_04,0.002,0.02,heterogeneous,True,False,False,0.002456999999012055,0.0001619999991930854,0.06032813599999763
base_1_free_04,0.002,0.02,uniform,True,False,False,0.0022889999993225274,0.0001790000005996717,0.06032798499999935
base_1_free_04,0.002,0.05,heterogeneous,True,False,False,0.0024640000013675945,0.00020899999952916914,0.06032819000000032
base_1_free_04,0.002,0.05,uniform,True,False,False,0.002455000000622931,0.00020900000130552598,0.060328181000001355
base_1_free_04,0.01,0.0,heterogeneous,True,False,False,0.0026559999994901773,0.00020300000080908376,0.060328375999999725
base_1_free_04,0.01,0.0,uniform,True,False,False,0.0029850000000664068,0.00017600000035145058,0.060328677999999844
base_1_free_04,0.01,0.02,heterogeneous,True,False,False,0.002237999998655482,0.00017799999874057448,0.06032793299999682
base_1_free_04,0.01,0.02,uniform,True,False,False,0.0023110000011428156,0.0002050000009745645,0.060328033000001544
base_1_free_04,0.01,0.05,heterogeneous,True,False,False,0.0021169999993020383,0.00017800000051693132,0.060327811999999245
base_1_free_04,0.01,0.05,uniform,True,False,False,0.0020650000003286095,0.0001750000002687102,0.060327757000000024
base_1_free_05,0.002,0.0,heterogeneous,True,False,False,0.004890999999673795,0.0004390000007958861,0.048166648000002685
base_1_free_05,0.002,0.0,uniform,True,False,False,0.002642000000108169,0.00020600000105730487,0.04816416600000338
base_1_free_05,0.002,0.02,heterogeneous,True,False,False,0.0021520000004215945,0.00023599999998680232,0.048163706000002623
base_1_free_05,0.002,0.02,uniform,True,False,False,0.002386000000242916,0.00020099999886724618,0.048163905000001325
base_1_free_05,0.002,0.05,heterogeneous,True,False,False,0.0023530000010651975,0.00024500000073146566,0.04816391600000401
base_1_free_05,0.002,0.05,uniform,True,False,False,0.00224100000068006,0.00018999999973345894,0.04816374900000263
base_1_free_05,0.01,0.0,heterogeneous,True,False,False,0.001957999998580817,0.0001950000001471608,0.04816347100000094
base_1_free_05,0.01,0.0,uniform,True,False,False,0.002637000001470824,0.00022000000043931323,0.048164175000004125
base_1_free_05,0.01,0.02,heterogeneous,True,False,False,0.002451999998598353,0.00038800000012884084,0.04816415800000094
base_1_free_05,0.01,0.02,uniform,True,False,False,0.002320000000111122,0.00023599999998680232,0.04816387400000231
base_1_free_05,0.01,0.05,heterogeneous,True,False,False,0.002414999999089673,0.00020899999952916914,0.048163942000000834
base_1_free_05,0.01,0.05,uniform,True,False,False,0.002333000001186747,0.00020899999952916914,0.04816386000000293
base_1_free_06,0.002,0.0,heterogeneous,True,False,False,0.003486999998969509,0.0004510000000124137,0.04965833000000018
base_1_free_06,0.002,0.0,uniform,True,False,False,0.002428000000165298,0.00020999999961190952,0.049657030000000976
base_1_free_06,0.002,0.02,heterogeneous,True,False,False,0.0023690000006126866,0.0002370000000695427,0.04965699800000188
base_1_free_06,0.002,0.02,uniform,True,False,False,0.00338000000077443,0.00044499999951597147,0.04965821700000149
base_1_free_06,0.002,0.05,heterogeneous,True,False,False,0.002926999998820179,0.00031000000078051926,0.0496576290000008
base_1_free_06,0.002,0.05,uniform,True,False,False,0.0033760000004434687,0.00033899999962727634,0.04965810700000127
base_1_free_06,0.01,0.0,heterogeneous,True,False,False,0.002704999999991742,0.00041299999864463643,0.049657509999999835
base_1_free_06,0.01,0.0,uniform,True,False,False,0.0024669999998394587,0.0002329999997385812,0.04965709200000078
base_1_free_06,0.01,0.02,heterogeneous,True,False,False,0.0022550000000620685,0.0001909999998161993,0.04965683800000108
base_1_free_06,0.01,0.02,uniform,True,False,False,0.001937000000395983,0.0001790000005996717,0.049656508000002195
base_1_free_06,0.01,0.05,heterogeneous,True,False,False,0.0023530000010651975,0.0001809999989887956,0.04965692600000125
base_1_free_06,0.01,0.05,uniform,True,False,False,0.002064000000245869,0.00018100000076515244,0.04965663700000221
base_1_free_07,0.002,0.0,heterogeneous,True,False,False,0.003282000001547658,0.00040399999967632994,0.04745929100000133
base_1_free_07,0.002,0.0,uniform,True,False,False,0.0022859999990743063,0.0002400000003177638,0.0474581309999995
base_1_free_07,0.002,0.02,heterogeneous,True,False,False,0.0023640000001989847,0.00018499999931975708,0.04745815399999963
base_1_free_07,0.002,0.02,uniform,True,False,False,0.002501999999182658,0.00020100000064360302,0.047458307999999935
base_1_free_07,0.002,0.05,heterogeneous,True,False,False,0.002312000001225556,0.00024500000073146566,0.047458162000002066
base_1_free_07,0.002,0.05,uniform,True,False,False,0.0027879999997537652,0.00027200000118909884,0.04745866500000105
base_1_free_07,0.01,0.0,heterogeneous,True,False,False,0.0025059999995136195,0.00020100000064360302,0.047458312000000266
base_1_free_07,0.01,0.0,uniform,True,False,False,0.0026959999992470784,0.00021199999977739026,0.04745851299999913
base_1_free_07,0.01,0.02,heterogeneous,True,False,False,0.0022469999994001455,0.00018500000109611392,0.047458037000000605
base_1_free_07,0.01,0.02,uniform,True,False,False,0.0020989999995890685,0.0002170000001910921,0.04745792099999989
base_1_free_07,0.01,0.05,heterogeneous,True,False,False,0.0019160000004347921,0.0001330000003463283,0.04745765400000089
base_1_free_07,0.01,0.05,uniform,True,False,False,0.002226999999521695,0.00015500000039025963,0.04745798700000002
base_1_free_08,0.002,0.0,heterogeneous,True,False,False,0.003634999998780586,0.0004439999994332311,0.05769184599999598
base_1_free_08,0.002,0.0,uniform,True,False,False,0.0043160000000597165,0.0004639999993116817,0.05769254699999714
base_1_free_08,0.002,0.02,heterogeneous,True,False,False,0.0027100000004054436,0.0003270000004107487,0.05769080399999858
base_1_free_08,0.002,0.02,uniform,True,False,False,0.002238000000431839,0.0001909999998161993,0.057690195999998015
base_1_free_08,0.002,0.05,heterogeneous,True,False,False,0.002304000000563633,0.00015500000039025963,0.05769022599999872
base_1_free_08,0.002,0.05,uniform,True,False,False,0.0023369999997413515,0.00022199999882843713,0.057690325999996336
base_1_free_08,0.01,0.0,heterogeneous,True,False,False,0.0023759999994155123,0.00025399999969977216,0.05769039699999688
base_1_free_08,0.01,0.0,uniform,True,False,False,0.002518000000506504,0.00021199999977739026,0.05769049699999805
base_1_free_08,0.01,0.02,heterogeneous,True,False,False,0.0023689999988363297,0.00017700000043419095,0.05769031299999704
base_1_free_08,0.01,0.02,uniform,True,False,False,0.0024800000009150835,0.0001530000002247789,0.057690399999998906
base_1_free_08,0.01,0.05,heterogeneous,True,False,False,0.0026169999998160165,0.00020000000056086265,0.05769058399999814
base_1_free_08,0.01,0.05,uniform,True,False,False,0.0024139999990069327,0.00020599999928094803,0.057690386999996054
base_1_free_09,0.002,0.0,heterogeneous,True,False,False,0.00347199999950476,0.0003689999985567738,0.04025864999999883
base_1_free_09,0.002,0.0,uniform,True,False,False,0.0025539999999324436,0.00023399999982132158,0.04025759700000052
base_1_free_09,0.002,0.02,heterogeneous,True,False,False,0.002312000001225556,0.00015100000005929815,0.04025727200000205
base_1_free_09,0.002,0.02,uniform,True,False,False,0.016430999998817697,0.00022500000085301508,0.040271465000000436
base_1_free_09,0.002,0.05,heterogeneous,True,False,False,0.002582000000472817,0.00019199999989893968,0.04025758300000114
base_1_free_09,0.002,0.05,uniform,True,False,False,0.0023689999988363297,0.0001969999985362847,0.04025737499999814
base_1_free_09,0.01,0.0,heterogeneous,True,False,False,0.004423000000031152,0.0002600000001962144,0.04025949200000099
base_1_free_09,0.01,0.0,uniform,True,False,False,0.0030189999993268657,0.0002500000011451675,0.04025807800000124
base_1_free_09,0.01,0.02,heterogeneous,True,False,False,0.002678999999616849,0.0002229999989111775,0.040257710999999294
base_1_free_09,0.01,0.02,uniform,True,False,False,0.0022729999997750383,0.00018499999931975708,0.04025726699999986
base_1_free_09,0.01,0.05,heterogeneous,True,False,False,0.002353999999371581,0.0001530000002247789,0.04025731600000036
base_1_free_09,0.01,0.05,uniform,True,False,False,0.001859999999354045,0.0001530000002247789,0.040256822000000345
base_1_near_00,0.002,0.0,heterogeneous,True,False,False,0.003245000000262621,0.0005090000012586415,0.04641380300000052
base_1_near_00,0.002,0.0,uniform,True,False,False,0.00235099999912336,0.00024699999912058956,0.04641264699999724
base_1_near_00,0.002,0.02,heterogeneous,True,False,False,0.0021939999985676195,0.00020899999952916914,0.04641245199999709
base_1_near_00,0.002,0.02,uniform,True,False,False,0.002429999998554422,0.00023799999837592622,0.046412716999995926
base_1_near_00,0.002,0.05,heterogeneous,True,False,False,0.0037160000001534854,0.0003470000002891993,0.04641411199999944
base_1_near_00,0.002,0.05,uniform,True,False,False,0.0028450000009172527,0.00026400000052717587,0.04641315800000044
base_1_near_00,0.01,0.0,heterogeneous,True,False,False,0.002550000001377839,0.000267000000775397,0.04641286600000115
base_1_near_00,0.01,0.0,uniform,True,False,False,0.00238799999863204,0.0001679999996895276,0.04641260499999732
base_1_near_00,0.01,0.02,heterogeneous,True,False,False,0.0027660000014861907,0.0002170000001910921,0.04641303200000067
base_1_near_00,0.01,0.02,uniform,True,False,False,0.002264000000806732,0.00020899999952916914,0.04641252199999933
base_1_near_00,0.01,0.05,heterogeneous,True,False,False,0.0037339999998664553,0.0002109999996946499,0.04641399399999856
base_1_near_00,0.01,0.05,uniform,True,False,False,0.002250999999731107,0.00017300000010322947,0.04641247299999883
base_1_near_01,0.002,0.0,heterogeneous,True,False,False,0.003345000001431231,0.0003580000011993434,0.04175541899999978
base_1_near_01,0.002,0.0,uniform,True,False,False,0.0024109999987587116,0.00019299999998168005,0.04175431999999589
base_1_near_01,0.002,0.02,heterogeneous,True,False,False,0.0022709999996095576,0.0001999999987845058,0.04175418699999554
base_1_near_01,0.002,0.02,uniform,True,False,False,0.002657999999655658,0.0002039999991154673,0.04175457799999592
base_1_near_01,0.002,0.05,heterogeneous,True,False,False,0.002541999998939559,0.0001980000003953819,0.041754455999996484
base_1_near_01,0.002,0.05,uniform,True,False,False,0.0023739999992500316,0.00017700000043419095,0.041754266999996834
base_1_near_01,0.01,0.0,heterogeneous,True,False,False,0.0020669999987177334,0.00015200000014203852,0.04175393499999601
base_1_near_01,0.01,0.0,uniform,True,False,False,0.002379999999746474,0.00020799999944642877,0.04175430399999634
base_1_near_01,0.01,0.02,heterogeneous,True,False,False,0.0022579999985339327,0.00016299999927582576,0.04175413699999496
base_1_near_01,0.01,0.02,uniform,True,False,False,0.0024250000016934337,0.0002050000009745645,0.04175434599999982
base_1_near_01,0.01,0.05,heterogeneous,True,False,False,0.0020539999994184654,9.99999993922529e-05,0.04175386999999596
base_1_near_01,0.01,0.05,uniform,True,False,False,0.002166999999886343,0.00017899999882331485,0.04175406199999586
base_1_near_02,0.002,0.0,heterogeneous,True,False,False,0.0033599999991196228,0.0006140000010645963,0.0372763920000012
base_1_near_02,0.002,0.0,uniform,True,False,False,0.002436000000827221,0.0002400000003177638,0.03727509400000216
base_1_near_02,0.002,0.02,heterogeneous,True,False,False,0.0025270000012511673,0.0001649999994413065,0.03727511000000171
base_1_near_02,0.002,0.02,uniform,True,False,False,0.0023769999994982527,0.00016299999927582576,0.03727495799999979
base_1_near_02,0.002,0.05,heterogeneous,True,False,False,0.0024789999990559863,0.00022600000093575545,0.037275123000001006
base_1_near_02,0.002,0.05,uniform,True,False,False,0.00285600000005104,0.00027099999933000163,0.037275545000000396
base_1_near_02,0.01,0.0,heterogeneous,True,False,False,0.0023020000003981522,0.00018499999931975708,0.03727490500000073
base_1_near_02,0.01,0.0,uniform,True,False,False,0.0024320000004962594,0.00015400000030751926,0.03727500400000182
base_1_near_02,0.01,0.02,heterogeneous,True,False,False,0.0022809999986606044,0.00022900000118397656,0.03727492800000086
base_1_near_02,0.01,0.02,uniform,True,False,False,0.0025410000006331757,0.00023499999990406195,0.03727519400000155
base_1_near_02,0.01,0.05,heterogeneous,True,False,False,0.0022529999998965877,0.0002039999991154673,0.03727487500000003
base_1_near_02,0.01,0.05,uniform,True,False,False,0.0018459999999720367,0.00017999999890605523,0.03727444399999989
base_1_near_03,0.002,0.0,heterogeneous,True,False,False,0.0036019999996028673,0.00041000000017277216,0.0379523609999972
base_1_near_03,0.002,0.0,uniform,True,False,False,0.002419999999503375,0.00021199999977739026,0.037950980999996706
base_1_near_03,0.002,0.02,heterogeneous,True,False,False,0.0026360000013880835,0.0002109999996946499,0.03795119599999851
base_1_near_03,0.002,0.02,uniform,True,False,False,0.00231499999969742,0.00014100000100825127,0.03795080499999813
base_1_near_03,0.002,0.05,heterogeneous,True,False,False,0.002260999998782154,0.0002069999993636884,0.03795081699999557
base_1_near_03,0.002,0.05,uniform,True,False,False,0.002132000000543144,0.00016899999977226798,0.03795064999999774
base_1_near_03,0.01,0.0,heterogeneous,True,False,False,0.0022419999989864436,0.00017600000035145058,0.03795076699999676
base_1_near_03,0.01,0.0,uniform,True,False,False,0.00225900000039303,0.00017099999993774873,0.037950778999997756
base_1_near_03,0.01,0.02,heterogeneous,True,False,False,0.002060999999997648,0.00016699999960678724,0.03795057699999703
base_1_near_03,0.01,0.02,uniform,True,False,False,0.002274999999940519,0.00020299999903272692,0.0379508269999964
base_1_near_03,0.01,0.05,heterogeneous,True,False,False,0.002768999999958055,0.00022500000085301508,0.037951342999998236
base_1_near_03,0.01,0.05,uniform,True,False,False,0.002049999999087504,0.00019400000006442042,0.03795059299999658
base_1_near_04,0.002,0.0,heterogeneous,True,False,False,0.04145399999977428,0.0004499999999296733,0.05870589899999999
base_1_near_04,0.002,0.0,uniform,True,False,False,0.0026410000000254286,0.00017299999832687263,0.05866680899999864
base_1_near_04,0.002,0.02,heterogeneous,True,False,False,0.0021969999988158406,0.00021500000002561137,0.05866640699999913
base_1_near_04,0.002,0.02,uniform,True,False,False,0.002322000000276603,0.00018999999973345894,0.0586665070000003
base_1_near_04,0.002,0.05,heterogeneous,True,False,False,0.002221999999107993,0.00020299999903272692,0.05866641999999843
base_1_near_04,0.002,0.05,uniform,True,False,False,0.0021700000001345643,0.0001820000008478928,0.05866634700000127
base_1_near_04,0.01,0.0,heterogeneous,True,False,False,0.0022519999998138474,0.00016400000113492297,0.05866641100000124
base_1_near_04,0.01,0.0,uniform,True,False,False,0.0033889999997427367,0.00029699999970489444,0.058667680999999736
base_1_near_04,0.01,0.02,heterogeneous,True,False,False,0.0036239999996467986,0.00029100000098480905,0.05866791000000092
base_1_near_04,0.01,0.02,uniform,True,False,False,0.004037000000067792,0.00034600000020645894,0.05866837800000056
base_1_near_04,0.01,0.05,heterogeneous,True,False,False,0.0026349999995289863,0.00022900000118397656,0.058666859000001
base_1_near_04,0.01,0.05,uniform,True,False,False,0.0021180000011611355,0.00020499999919820766,0.05866631800000065
base_1_near_05,0.002,0.0,heterogeneous,True,False,False,0.0030340000005679713,0.000370000000415871,0.03766685000000124
base_1_near_05,0.002,0.0,uniform,True,False,False,0.0027300000002838942,0.00025800000003073364,0.03766643400000057
base_1_near_05,0.002,0.02,heterogeneous,True,False,False,0.0023229999985829863,0.00020300000080908376,0.037665971999999645
base_1_near_05,0.002,0.02,uniform,True,False,False,0.002617999999898757,0.00018199999907153597,0.03766624599999922
base_1_near_05,0.002,0.05,heterogeneous,True,False,False,0.002055999999583946,0.00019700000031264153,0.03766569900000015
base_1_near_05,0.002,0.05,uniform,True,False,False,0.002243000000845541,0.0001579999988621239,0.03766584699999996
base_1_near_05,0.01,0.0,heterogeneous,True,False,False,0.0026060000006822293,0.0002449999989551088,0.03766629699999989
base_1_near_05,0.01,0.0,uniform,True,False,False,0.0024090000003695877,0.00022099999874569676,0.03766607599999937
base_1_near_05,0.01,0.02,heterogeneous,True,False,False,0.0020440000003674186,0.0001720000000204891,0.03766566200000064
base_1_near_05,0.01,0.02,uniform,True,False,False,0.0021409999995114504,0.00018599999940249745,0.03766577299999917
base_1_near_05,0.01,0.05,heterogeneous,True,False,False,0.002596999999937566,0.0001649999994413065,0.03766620799999963
base_1_near_05,0.01,0.05,uniform,True,False,False,0.0023999999996249244,0.00018999999973345894,0.03766603599999961
base_1_near_06,0.002,0.0,heterogeneous,True,False,False,0.0028679999992675675,0.0003060000004495578,0.04285168999999954
base_1_near_06,0.002,0.0,uniform,True,False,False,0.0022160000003879077,0.0002229999989111775,0.04285095499999912
base_1_near_06,0.002,0.02,heterogeneous,True,False,False,0.002492000000131611,0.0002459999990378492,0.04285125399999899
base_1_near_06,0.002,0.02,uniform,True,False,False,0.002428000000165298,0.0002480000009796868,0.04285119200000097
base_1_near_06,0.002,0.05,heterogeneous,True,False,False,0.0020490000007811204,0.00019299999998168005,0.042850758000000586
base_1_near_06,0.002,0.05,uniform,True,False,False,0.0025039999993481388,0.0002329999997385812,0.04285125299999891
base_1_near_06,0.01,0.0,heterogeneous,True,False,False,0.002283000000602442,0.00018699999948523782,0.04285098599999991
base_1_near_06,0.01,0.0,uniform,True,False,False,0.002865999999102087,0.0003540000008683819,0.04285173599999979
base_1_near_06,0.01,0.02,heterogeneous,True,False,False,0.002449000000126489,0.00023199999965584084,0.042851196999999605
base_1_near_06,0.01,0.02,uniform,True,False,False,0.002305999998952757,0.00017999999890605523,0.04285100199999768
base_1_near_06,0.01,0.05,heterogeneous,True,False,False,0.0021740000004655258,0.00015700000055574037,0.042850847000000844
base_1_near_06,0.01,0.05,uniform,True,False,False,0.0018900000000598993,0.00016100000088670186,0.04285056700000077
base_1_near_07,0.002,0.0,heterogeneous,True,False,False,0.003642999999442509,0.0003759999991359564,0.03818712500000075
base_1_near_07,0.002,0.0,uniform,True,False,False,0.005530999999336927,0.00031000000078051926,0.03818894700000229
base_1_near_07,0.002,0.02,heterogeneous,True,False,False,0.003638000000805164,0.0003480000003719397,0.03818709200000335
base_1_near_07,0.002,0.02,uniform,True,False,False,0.002569000001173549,0.0002500000011451675,0.03818592500000449
base_1_near_07,0.002,0.05,heterogeneous,True,False,False,0.0024500000002092293,0.00022600000093575545,0.03818578200000332
base_1_near_07,0.002,0.05,uniform,True,False,False,0.002398999999542184,0.0001750000002687102,0.038185680000001984
base_1_near_07,0.01,0.0,heterogeneous,True,False,False,0.0021329999988495274,0.00016899999977226798,0.038185408000000795
base_1_near_07,0.01,0.0,uniform,True,False,False,0.0019360000003132427,0.0001330000003463283,0.03818517500000283
base_1_near_07,0.01,0.02,heterogeneous,True,False,False,0.0020459999987565425,0.0001489999998938174,0.038185301000000824
base_1_near_07,0.01,0.02,uniform,True,False,False,0.0025380000003849545,0.00022900000118397656,0.03818587300000374
base_1_near_07,0.01,0.05,heterogeneous,True,False,False,0.0019279999996513197,0.00015200000014203852,0.03818518600000197
base_1_near_07,0.01,0.05,uniform,True,False,False,0.0023029999987045358,0.0002470000008969464,0.038185656000001775
base_1_near_08,0.002,0.0,heterogeneous,True,False,False,0.0036519999984108154,0.00037799999930143713,0.03960168399999951
base_1_near_08,0.002,0.0,uniform,True,False,False,0.007066999998528445,0.00031100000086325963,0.03960503200000119
base_1_near_08,0.002,0.02,heterogeneous,True,False,False,0.0026119999994023146,0.0001860000011788543,0.03960045200000238
base_1_near_08,0.002,0.02,uniform,True,False,False,0.002382999999994695,0.0001950000001471608,0.03960023200000194
base_1_near_08,0.002,0.05,heterogeneous,True,False,False,0.0023679999987535894,0.0002050000009745645,0.03960022700000153
base_1_near_08,0.002,0.05,uniform,True,False,False,0.002212000000056946,0.0002480000009796868,0.03960011400000284
base_1_near_08,0.01,0.0,heterogeneous,True,False,False,0.0022210000008016095,0.0002120000015537471,0.039600087000004155
base_1_near_08,0.01,0.0,uniform,True,False,False,0.0039029999996387232,0.0003589999995057269,0.039601916000000945
base_1_near_08,0.01,0.02,heterogeneous,True,False,False,0.003956000000471249,0.00032900000057622947,0.03960193900000285
base_1_near_08,0.01,0.02,uniform,True,False,False,0.004264999999392671,0.0003629999998366884,0.03960228200000103
base_1_near_08,0.01,0.05,heterogeneous,True,False,False,0.0030290000001542694,0.00029100000098480905,0.03960097400000294
base_1_near_08,0.01,0.05,uniform,True,False,False,0.002292999999653489,0.00018700000126159466,0.039600134000002715
base_1_near_09,0.002,0.0,heterogeneous,True,False,False,0.0035680000003424084,0.00039500000070802344,0.04110027899999878
base_1_near_09,0.002,0.0,uniform,True,False,False,0.002500000000793534,0.0002210000005220536,0.04109903699999905
base_1_near_09,0.002,0.02,heterogeneous,True,False,False,0.002422999999751596,0.00018100000076515244,0.04109891999999825
base_1_near_09,0.002,0.02,uniform,True,False,False,0.002266999999278596,0.00013900000084277053,0.04109872199999785
base_1_near_09,0.002,0.05,heterogeneous,True,False,False,0.002009999999330603,0.0002069999993636884,0.041098532999996426
base_1_near_09,0.002,0.05,uniform,True,False,False,0.002051000000946601,0.00015700000055574037,0.041098523999999234
base_1_near_09,0.01,0.0,heterogeneous,True,False,False,0.002643999998497293,0.00031299999925238353,0.04109927299999548
base_1_near_09,0.01,0.0,uniform,True,False,False,0.0020990000013654253,0.00022499999907665824,0.041098639999998174
base_1_near_09,0.01,0.02,heterogeneous,True,False,False,0.001976000000070144,0.00014499999956285592,0.041098436999997365
base_1_near_09,0.01,0.02,uniform,True,False,False,0.002098000001282685,0.00016500000121766334,0.04109857900000023
base_1_near_09,0.01,0.05,heterogeneous,True,False,False,0.0024009999997076648,0.00017700000043419095,0.041098893999997874
base_1_near_09,0.01,0.05,uniform,True,False,False,0.002386000000242916,0.000213999999942871,0.04109891599999792
dense_0_far_00,0.002,0.0,heterogeneous,True,True,True,60.63849300000079,4.478273000000144,0.14130465399999756
dense_0_far_00,0.002,0.0,uniform,True,True,True,41.04600199999986,5.777502000000823,0.12301139199999732
dense_0_far_00,0.002,0.02,heterogeneous,True,True,True,55.66704200000139,13.696922999999472,0.14555185299999748
dense_0_far_00,0.002,0.02,uniform,True,True,True,62.59908500000044,10.217857000000663,0.14900482999999773
dense_0_far_00,0.002,0.05,heterogeneous,True,True,False,60.407337000000894,16.8231040000002,0.15341832899999772
dense_0_far_00,0.002,0.05,uniform,True,True,False,97.05764599999966,25.748780999999,0.1989943149999953
dense_0_far_00,0.01,0.0,heterogeneous,True,True,True,42.01171499999923,5.334104999999312,0.12353370799999518
dense_0_far_00,0.01,0.0,uniform,True,True,True,47.164126000000195,4.949923999999939,0.12830193799999676
dense_0_far_00,0.01,0.02,heterogeneous,True,True,True,47.75347699999877,11.843713999999395,0.13578507899999478
dense_0_far_00,0.01,0.02,uniform,True,True,True,59.88453500000013,11.14812700000023,0.14722054999999698
dense_0_far_00,0.01,0.05,heterogeneous,True,False,False,0.007434000000472452,0.013960999998730017,0.07620928299999584
dense_0_far_00,0.01,0.05,uniform,True,False,False,0.004400999999987221,0.0004120000003382529,0.07619270099999696
dense_0_far_01,0.002,0.0,heterogeneous,True,True,True,45.97745800000119,3.9965679999998116,0.13060156799999986
dense_0_far_01,0.002,0.0,uniform,True,True,True,51.21012899999933,5.660922999998874,0.13749859399999706
dense_0_far_01,0.002,0.02,heterogeneous,True,True,True,49.398426999999856,12.287467000000163,0.14231343599999888
dense_0_far_01,0.002,0.02,uniform,True,True,False,70.1126159999994,12.087074000000086,0.16282723199999835
dense_0_far_01,0.002,0.05,heterogeneous,True,True,False,61.275199999998975,18.88406900000028,0.16078681099999811
dense_0_far_01,0.002,0.05,uniform,True,True,False,110.77292800000116,20.42508899999973,0.21182555899999977
dense_0_far_01,0.01,0.0,heterogeneous,True,True,True,48.12966499999938,6.200734000000097,0.13495794099999833
dense_0_far_01,0.01,0.0,uniform,True,True,True,56.690296000001084,6.710899999999853,0.1440287379999998
dense_0_far_01,0.01,0.02,heterogeneous,True,False,False,52.88429199999989,0.0010069999998307821,0.13351284099999858
dense_0_far_01,0.01,0.02,uniform,True,True,False,69.80870200000133,13.247614000000851,0.16368385800000104
dense_0_far_01,0.01,0.05,heterogeneous,True,False,False,0.005849999999085753,0.0005779999998622998,0.08063396999999782
dense_0_far_01,0.01,0.05,uniform,True,False,False,0.004850999999916894,0.0004049999997590703,0.08063279799999855
dense_0_far_02,0.002,0.0,heterogeneous,True,True,True,45.78527099999974,4.68195100000024,0.12383269899999981
dense_0_far_02,0.002,0.0,uniform,True,True,True,49.52339799999983,4.977802000000864,0.1278666770000005
dense_0_far_02,0.002,0.02,heterogeneous,True,True,True,52.727205000000055,10.584356999999045,0.13667703899999892
dense_0_far_02,0.002,0.02,uniform,True,True,False,68.37619199999878,14.201443999999341,0.15594311299999794
dense_0_far_02,0.002,0.05,heterogeneous,True,True,False,59.277151999999944,24.647287000000517,0.15728991600000028
dense_0_far_02,0.002,0.05,uniform,True,True,False,108.64515100000105,22.153246999998544,0.2041638749999994
dense_0_far_02,0.01,0.0,heterogeneous,True,True,True,45.38157899999895,6.307029000000242,0.125054084999999
dense_0_far_02,0.01,0.0,uniform,True,True,True,57.356560000000556,9.026889999999455,0.13974892699999983
dense_0_far_02,0.01,0.02,heterogeneous,True,True,True,55.84703299999916,15.567667999999202,0.14478017799999818
dense_0_far_02,0.01,0.02,uniform,True,True,False,71.11189899999992,14.474376999999095,0.15895175299999884
dense_0_far_02,0.01,0.05,heterogeneous,True,False,False,0.009517000000514031,0.0005030000007621993,0.07337549700000111
dense_0_far_02,0.01,0.05,uniform,True,False,False,0.0052959999994328655,0.00041599999889285755,0.07337118899999816
dense_0_far_03,0.002,0.0,heterogeneous,True,True,True,46.418241999999665,6.412272000000385,0.12910957299999778
dense_0_far_03,0.002,0.0,uniform,True,True,True,49.09902400000021,4.9804149999985725,0.13035849799999652
dense_0_far_03,0.002,0.02,heterogeneous,True,True,True,50.00413700000017,11.665735999999427,0.13794893199999733
dense_0_far_03,0.002,0.02,uniform,True,True,False,73.0769200000001,13.386488000000085,0.16274246699999792
dense_0_far_03,0.002,0.05,heterogeneous,True,True,False,64.92789500000029,20.555684000001406,0.16176263799999943
dense_0_far_03,0.002,0.05,uniform,True,True,False,124.66867500000056,25.69971399999993,0.22664744799999822
dense_0_far_03,0.01,0.0,heterogeneous,True,True,True,47.39133699999876,9.600617999998562,0.13327101399999505
dense_0_far_03,0.01,0.0,uniform,True,True,True,52.40635400000038,9.320758000001206,0.13800617099999932
dense_0_far_03,0.01,0.02,heterogeneous,True,False,False,53.53903099999968,0.0009490000003609111,0.12981903899999778
dense_0_far_03,0.01,0.02,uniform,True,True,False,69.47032399999742,13.020941000000619,0.15877032399999577
dense_0_far_03,0.01,0.05,heterogeneous,True,False,False,0.005787000002754894,0.0007449999976927302,0.0762855909999982
dense_0_far_03,0.01,0.05,uniform,True,False,False,0.004699000001551212,0.0005780000016386566,0.07628433600000094
dense_0_far_04,0.002,0.0,heterogeneous,True,True,True,47.142698999998345,5.091560000000328,0.1458599389999979
dense_0_far_04,0.002,0.0,uniform,True,True,True,47.88435299999705,4.421516000000736,0.14593154899999702
dense_0_far_04,0.002,0.02,heterogeneous,True,True,False,52.531957999999435,12.333393000002246,0.15849103100000092
dense_0_far_04,0.002,0.02,uniform,True,True,False,79.0264460000003,12.30516000000037,0.18495728599999992
dense_0_far_04,0.002,0.05,heterogeneous,True,True,False,55.89456799999937,16.882164000001865,0.16640241200000047
dense_0_far_04,0.002,0.05,uniform,True,True,False,91.85764299999732,20.145301999999532,0.2056286249999961
dense_0_far_04,0.01,0.0,heterogeneous,True,True,True,38.89404699999943,4.946328000002609,0.13746605500000128
dense_0_far_04,0.01,0.0,uniform,True,True,True,41.277948999997705,4.570625999999578,0.13947425499999652
dense_0_far_04,0.01,0.02,heterogeneous,True,True,True,40.71912999999938,8.984745999999433,0.14332955599999805
dense_0_far_04,0.01,0.02,uniform,True,True,False,52.979210000000165,9.044103000000803,0.1556489930000002
dense_0_far_04,0.01,0.05,heterogeneous,True,False,False,0.00434400000060009,0.0006009999999889715,0.09363062499999984
dense_0_far_04,0.01,0.05,uniform,True,False,False,0.0032360000012943146,0.00026400000052717587,0.09362918000000107
dense_0_far_05,0.002,0.0,heterogeneous,True,True,True,36.40270700000059,3.385746999999384,0.10390602999999786
dense_0_far_05,0.002,0.0,uniform,True,True,True,38.29721700000022,3.3859100000022124,0.10580070300000032
dense_0_far_05,0.002,0.02,heterogeneous,True,True,True,40.78996200000162,7.989767999998065,0.11289730599999757
dense_0_far_05,0.002,0.02,uniform,True,True,True,51.19290000000021,8.377078000002314,0.12368755400000041
dense_0_far_05,0.002,0.05,heterogeneous,True,True,True,47.76539199999874,14.46850700000013,0.12635147499999674
dense_0_far_05,0.002,0.05,uniform,True,True,False,80.4828769999979,16.843122000000932,0.1614435749999967
dense_0_far_05,0.01,0.0,heterogeneous,True,True,True,37.69474699999975,4.904698000000707,0.10671702099999834
dense_0_far_05,0.01,0.0,uniform,True,True,True,42.574271999999524,5.014762999998368,0.11170661099999578
dense_0_far_05,0.01,0.02,heterogeneous,True,True,True,42.046031999998235,9.421178000000197,0.11558478599999632
dense_0_far_05,0.01,0.02,uniform,True,True,True,51.987267999997755,8.1468450000024,0.12425168899999804
dense_0_far_05,0.01,0.05,heterogeneous,True,False,False,0.0048550000002478555,0.00038700000004610047,0.06412281799999818
dense_0_far_05,0.01,0.05,uniform,True,False,False,0.004005000000972814,0.0003339999992135745,0.06412191499999807
dense_0_far_06,0.002,0.0,heterogeneous,True,True,True,35.75578200000251,3.5229789999995376,0.11287120300000496
dense_0_far_06,0.002,0.0,uniform,True,True,True,40.756599999998144,3.4768700000000763,0.11782591200000113
dense_0_far_06,0.002,0.02,heterogeneous,True,True,True,40.92582199999839,8.015569000001221,0.12253383300000252
dense_0_far_06,0.002,0.02,uniform,True,True,True,53.26266099999799,9.399883000000386,0.13625498600000127
dense_0_far_06,0.002,0.05,heterogeneous,True,True,True,48.52406200000203,17.250318999998626,0.13936682300000355
dense_0_far_06,0.002,0.05,uniform,True,True,False,80.35115699999906,17.711888999997427,0.17165548799999938
dense_0_far_06,0.01,0.0,heterogeneous,True,True,True,39.297626999999835,5.011240000001749,0.11790130900000449
dense_0_far_06,0.01,0.0,uniform,True,True,True,43.97158700000148,5.51015199999938,0.12307418100000377
dense_0_far_06,0.01,0.02,heterogeneous,True,False,False,41.29971500000096,0.0008200000003455443,0.11489297700000421
dense_0_far_06,0.01,0.02,uniform,True,True,True,50.47530299999892,8.351887999999974,0.13241963300000179
dense_0_far_06,0.01,0.05,heterogeneous,True,False,False,0.005365999999895621,0.0004249999996375209,0.07359823300000244
dense_0_far_06,0.01,0.05,uniform,True,False,False,0.005935999997319641,0.0007229999994251557,0.07359910099999965
dense_0_far_07,0.002,0.0,heterogeneous,True,True,True,36.59512799999831,4.314557999997248,0.10543992599999584
dense_0_far_07,0.002,0.0,uniform,True,True,True,39.340092999999854,3.399025000000222,0.10726935800000036
dense_0_far_07,0.002,0.02,heterogeneous,True,True,True,40.841566000000995,8.702404000000996,0.11407421000000227
dense_0_far_07,0.002,0.02,uniform,True,True,True,56.24804900000058,8.381994000000503,0.12916028300000135
dense_0_far_07,0.002,0.05,heterogeneous,True,True,True,46.19992099999948,14.552941000001596,0.12528310200000134
dense_0_far_07,0.002,0.05,uniform,True,True,False,79.98980700000047,17.486546000000658,0.1620065930000014
dense_0_far_07,0.01,0.0,heterogeneous,True,True,True,30.26054199999706,4.7848110000003885,0.09957559299999773
dense_0_far_07,0.01,0.0,uniform,True,True,True,35.52994700000056,4.642292999999853,0.1047024800000007
dense_0_far_07,0.01,0.02,heterogeneous,True,True,True,38.41605599999909,9.468020999999993,0.11241431699999936
dense_0_far_07,0.01,0.02,uniform,True,True,True,47.38397399999883,7.781130000001468,0.11969534400000058
dense_0_far_07,0.01,0.05,heterogeneous,True,False,False,0.006988999999180123,0.0005300000012198325,0.06453775900000068
dense_0_far_07,0.01,0.05,uniform,True,False,False,0.0028759999999294905,0.0002529999996170318,0.06453336899999983
dense_0_far_08,0.002,0.0,heterogeneous,True,True,True,30.840450999999547,4.252153999999564,0.10399203899999819
dense_0_far_08,0.002,0.0,uniform,True,True,True,34.863245000000376,3.276532999997528,0.10703921199999698
dense_0_far_08,0.002,0.02,heterogeneous,True,True,True,37.173310000000015,7.978474999998042,0.11405121899999714
dense_0_far_08,0.002,0.02,uniform,True,True,True,52.371344000000875,8.121610999999973,0.1293923889999999
dense_0_far_08,0.002,0.05,heterogeneous,True,True,True,44.335552999999805,15.346354999998368,0.12858134199999724
dense_0_far_08,0.002,0.05,uniform,True,True,False,74.39990199999968,17.68381599999813,0.16098315199999688
dense_0_far_08,0.01,0.0,heterogeneous,True,True,True,30.716403999999642,5.549455999997122,0.10516529399999584
dense_0_far_08,0.01,0.0,uniform,True,True,True,40.29907500000007,4.892959000002861,0.11409146800000201
dense_0_far_08,0.01,0.02,heterogeneous,True,True,True,36.80372000000176,9.07006999999993,0.11477322400000077
dense_0_far_08,0.01,0.02,uniform,True,True,True,47.04776099999819,7.834344999999132,0.1237815399999964
dense_0_far_08,0.01,0.05,heterogeneous,True,False,False,0.004493999998800291,0.0005949999994925292,0.06890452299999737
dense_0_far_08,0.01,0.05,uniform,True,False,False,0.0032109999992258054,0.000392999996989829,0.0689030379999953
dense_0_far_09,0.002,0.0,heterogeneous,True,True,True,31.682913000000923,3.3779060000007632,0.1126753260000055
dense_0_far_09,0.002,0.0,uniform,True,True,True,35.34059100000064,3.455852000001869,0.11641095000000633
dense_0_far_09,0.002,0.02,heterogeneous,True,True,True,37.59896999999768,8.294614999996952,0.12350809199999845
dense_0_far_09,0.002,0.02,uniform,True,True,True,47.543360999998896,9.584584999998924,0.13474245300000162
dense_0_far_09,0.002,0.05,heterogeneous,True,True,True,43.61503099999808,14.059426999999403,0.1352889650000013
dense_0_far_09,0.002,0.05,uniform,True,True,False,74.72895700000137,16.03844399999943,0.1683819080000046
dense_0_far_09,0.01,0.0,heterogeneous,True,True,True,31.688465000001997,4.573799000002765,0.11387677100000858
dense_0_far_09,0.01,0.0,uniform,True,True,True,34.1699129999995,6.672160000000815,0.11845658000000413
dense_0_far_09,0.01,0.02,heterogeneous,True,True,True,33.729372999999896,9.14299700000143,0.12048687700000514
dense_0_far_09,0.01,0.02,uniform,True,True,True,44.81937100000266,7.994493999998298,0.13042837200000476
dense_0_far_09,0.01,0.05,heterogeneous,True,False,False,0.005852000001027591,0.00044700000145780905,0.0776208060000063
dense_0_far_09,0.01,0.05,uniform,True,False,False,0.0028000000007466497,0.00028600000234746403,0.07761759300000691
dense_0_free_01,0.002,0.0,heterogeneous,True,True,True,30.0640879999996,4.049960999999769,0.11041481499999904
dense_0_free_01,0.002,0.0,uniform,True,True,True,36.03868999999804,3.579706000000016,0.11591916199999773
dense_0_free_01,0.002,0.02,heterogeneous,True,True,True,37.04762699999975,8.31519100000122,0.12166358400000064
dense_0_free_01,0.002,0.02,uniform,True,True,True,48.29692599999902,8.203396999999057,0.13280108899999774
dense_0_free_01,0.002,0.05,heterogeneous,True,True,True,44.68360399999938,15.035387000001066,0.1360197570000001
dense_0_free_01,0.002,0.05,uniform,True,True,False,76.87804400000076,21.068475999999947,0.17424728600000036
dense_0_free_01,0.01,0.0,heterogeneous,True,True,True,33.40702300000231,4.662653000000461,0.11437044200000245
dense_0_free_01,0.01,0.0,uniform,True,True,True,37.56760499999956,4.8306129999993175,0.11869898399999855
dense_0_free_01,0.01,0.02,heterogeneous,True,False,False,36.71068099999886,0.0009519999970564186,0.11301239899999559
dense_0_free_01,0.01,0.02,uniform,True,True,True,51.853443999998916,8.197028000001438,0.136351238
dense_0_free_01,0.01,0.05,heterogeneous,True,False,False,0.004797000002554341,0.000489000001380191,0.07630605200000361
dense_0_free_01,0.01,0.05,uniform,True,False,False,0.0029099999991899494,0.00029999999995311555,0.07630397599999882
dense_0_free_02,0.002,0.0,heterogeneous,True,True,True,32.63933899999927,4.205199999997689,0.11176937300000177
dense_0_free_02,0.002,0.0,uniform,True,True,True,36.31552299999896,3.4671529999990014,0.11470751000000277
dense_0_free_02,0.002,0.02,heterogeneous,True,True,True,36.72465600000052,9.484676999999664,0.121134167000005
dense_0_free_02,0.002,0.02,uniform,True,True,True,48.84173900000022,7.99992900000035,0.13176650200000536
dense_0_free_02,0.002,0.05,heterogeneous,True,True,True,44.03723500000112,14.831571000001986,0.1337936400000079
dense_0_free_02,0.002,0.05,uniform,True,True,False,79.14034099999867,17.358312999999015,0.17142348800000248
dense_0_free_02,0.01,0.0,heterogeneous,True,True,True,35.39895100000123,4.7858309999995186,0.11510961600000556
dense_0_free_02,0.01,0.0,uniform,True,True,True,40.031659000000275,5.794617999999474,0.12075111100000456
dense_0_free_02,0.01,0.02,heterogeneous,True,True,True,39.184992999999224,9.35283199999759,0.12346265900000163
dense_0_free_02,0.01,0.02,uniform,True,True,True,46.89146200000138,7.763407999998861,0.12957970400000504
dense_0_free_02,0.01,0.05,heterogeneous,True,False,False,0.004884999999177353,0.0003510000006201608,0.07493007000000461
dense_0_free_02,0.01,0.05,uniform,True,False,False,0.004391000000936174,0.0002989999998703752,0.07492952400000562
dense_0_free_03,0.002,0.0,heterogeneous,True,True,True,32.21599700000155,3.4384289999991324,0.0990441340000001
dense_0_free_03,0.002,0.0,uniform,True,True,True,36.734824999999915,3.7523780000014995,0.10387691100000083
dense_0_free_03,0.002,0.02,heterogeneous,True,True,True,37.174452999998664,7.89654099999737,0.10846070199999545
dense_0_free_03,0.002,0.02,uniform,True,True,True,48.512293000001705,9.095778000002497,0.12099777900000362
dense_0_free_03,0.002,0.05,heterogeneous,True,True,True,44.1768900000028,15.254245999997806,0.12282084400000003
dense_0_free_03,0.002,0.05,uniform,True,True,False,80.84028400000065,16.80635900000027,0.16103635100000033
dense_0_free_03,0.01,0.0,heterogeneous,True,True,True,33.846783000001324,4.542682000000298,0.10177917300000104
dense_0_free_03,0.01,0.0,uniform,True,True,True,38.584616000001404,4.577819999997956,0.10655214399999878
dense_0_free_03,0.01,0.02,heterogeneous,True,True,True,38.474512000000516,9.317401000000558,0.1111816210000005
dense_0_free_03,0.01,0.02,uniform,True,True,True,48.83105700000101,7.775079999998269,0.1199958449999987
dense_0_free_03,0.01,0.05,heterogeneous,True,False,False,0.00423300000207405,0.00047600000030456613,0.0633944170000018
dense_0_free_03,0.01,0.05,uniform,True,False,False,0.00318700000079275,0.00036600000186126636,0.06339326100000207
dense_0_free_04,0.002,0.0,heterogeneous,True,True,True,33.357558999998815,3.6104319999985535,0.12735794800000064
dense_0_free_04,0.002,0.0,uniform,True,True,True,37.38613299999827,3.29185500000051,0.13106794500000205
dense_0_free_04,0.002,0.02,heterogeneous,True,True,True,37.40885200000221,7.592855999998704,0.13539166500000419
dense_0_free_04,0.002,0.02,uniform,True,True,True,49.7323050000027,7.8910910000011825,0.14801335300000715
dense_0_free_04,0.002,0.05,heterogeneous,True,True,True,43.217786999999674,14.9395229999989,0.14854726700000184
dense_0_free_04,0.002,0.05,uniform,True,True,False,76.10567200000062,16.647898999998745,0.18314352800000264
dense_0_free_04,0.01,0.0,heterogeneous,True,True,True,34.11157699999734,5.194660000000795,0.1296961940000014
dense_0_free_04,0.01,0.0,uniform,True,True,True,39.008840999997574,4.81540300000205,0.1342142010000029
dense_0_free_04,0.01,0.02,heterogeneous,True,True,True,39.15767800000225,8.947341999999026,0.13849497700000454
dense_0_free_04,0.01,0.02,uniform,True,True,True,49.60494099999835,8.342008999999706,0.14833690700000132
dense_0_free_04,0.01,0.05,heterogeneous,True,False,False,0.004685000000392847,0.0005060000027867773,0.09039514800000646
dense_0_free_04,0.01,0.05,uniform,True,False,False,0.002971999997214425,0.00028899999904297147,0.09039321799999954
dense_0_free_05,0.002,0.0,heterogeneous,True,True,True,33.42245099999985,4.0310029999979236,0.11899627199999728
dense_0_free_05,0.002,0.0,uniform,True,True,True,35.445101000000534,3.376345999999586,0.12036426499999962
dense_0_free_05,0.002,0.02,heterogeneous,True,True,True,37.933728000002276,8.068182999998896,0.12754472900000066
dense_0_free_05,0.002,0.02,uniform,True,True,True,53.619531999999026,8.300912999999355,0.14346326299999787
dense_0_free_05,0.002,0.05,heterogeneous,True,True,True,47.327292000002075,14.718485999999587,0.14358859600000115
dense_0_free_05,0.002,0.05,uniform,True,True,False,85.49697000000123,17.112769000000583,0.1841525570000013
dense_0_free_05,0.01,0.0,heterogeneous,True,True,True,33.916151999999755,5.482437000001283,0.12094140700000054
dense_0_free_05,0.01,0.0,uniform,True,True,True,39.78742099999977,6.088746999999728,0.12741898599999898
dense_0_free_05,0.01,0.02,heterogeneous,True,True,True,39.40278999999691,8.471907000000556,0.12941751499999696
dense_0_free_05,0.01,0.02,uniform,True,True,True,50.042785999998785,7.955787000000214,0.1395413909999985
dense_0_free_05,0.01,0.05,heterogeneous,True,False,False,0.004219000000915685,0.0005799999982514237,0.08154761699999867
dense_0_free_05,0.01,0.05,uniform,True,False,False,0.0026830000017241673,0.00031499999764150743,0.08154581599999887
dense_0_free_06,0.002,0.0,heterogeneous,True,True,True,34.34027700000186,3.7234599999997897,0.10889358000000414
dense_0_free_06,0.002,0.0,uniform,True,True,True,35.910101999999,3.249698000001189,0.10998964300000268
dense_0_free_06,0.002,0.02,heterogeneous,True,True,True,37.80639499999694,8.659337000000988,0.11729557500000042
dense_0_free_06,0.002,0.02,uniform,True,True,True,48.76141500000131,8.614083000001216,0.128205341000005
dense_0_free_06,0.002,0.05,heterogeneous,True,True,True,49.13366099999905,14.319875999998288,0.1342833799999998
dense_0_free_06,0.002,0.05,uniform,True,True,False,76.25992800000247,18.503574000000356,0.1655933450000053
dense_0_free_06,0.01,0.0,heterogeneous,True,True,True,33.312081000001825,4.393099000001399,0.10853502300000571
dense_0_free_06,0.01,0.0,uniform,True,True,True,38.42524999999952,4.7522210000003895,0.1140073140000024
dense_0_free_06,0.01,0.02,heterogeneous,True,False,False,39.15816099999958,0.0010020000011934371,0.10998900600000326
dense_0_free_06,0.01,0.02,uniform,True,True,True,51.81996199999972,8.304154999997593,0.13095395999999979
dense_0_free_06,0.01,0.05,heterogeneous,True,False,False,0.0038959999990595406,0.0003729999988877353,0.07083411200000043
dense_0_free_06,0.01,0.05,uniform,True,False,False,0.0030300000020133666,0.0003180000014424422,0.07083319100000594
dense_0_free_07,0.002,0.0,heterogeneous,True,True,True,37.046131000000315,3.901193000000802,0.1270974679999992
dense_0_free_07,0.002,0.0,uniform,True,True,True,38.32562099999848,3.3517070000002036,0.12782747199999675
dense_0_free_07,0.002,0.02,heterogeneous,True,True,True,38.72124599999793,7.591077000000723,0.13246246699999673
dense_0_free_07,0.002,0.02,uniform,True,True,True,49.84723500000143,8.287484000000234,0.14428486299999974
dense_0_free_07,0.002,0.05,heterogeneous,True,True,True,46.63369200000034,15.010883999998725,0.14779471999999713
dense_0_free_07,0.002,0.05,uniform,True,True,False,78.87451699999914,17.362420999997852,0.18238708199999507
dense_0_free_07,0.01,0.0,heterogeneous,True,True,True,36.191415000001115,5.124684999998408,0.1274662439999976
dense_0_free_07,0.01,0.0,uniform,True,True,True,41.99446100000159,4.7100320000019735,0.13285463700000164
dense_0_free_07,0.01,0.02,heterogeneous,True,True,True,40.5298760000008,9.15910799999864,0.1358391279999975
dense_0_free_07,0.01,0.02,uniform,True,True,True,48.37386499999852,7.823517999998586,0.14234752699999517
dense_0_free_07,0.01,0.05,heterogeneous,True,False,False,0.004299999996959514,0.000427999999885742,0.08615487199999493
dense_0_free_07,0.01,0.05,uniform,True,False,False,0.003401000000735621,0.0003180000014424422,0.08615386300000026
dense_0_free_08,0.002,0.0,heterogeneous,True,True,True,34.69726599999845,4.1048950000011075,0.10393444899999736
dense_0_free_08,0.002,0.0,uniform,True,True,True,38.90891500000038,4.179186000001778,0.10822038899999996
dense_0_free_08,0.002,0.02,heterogeneous,True,True,True,39.35014300000006,7.5545840000010855,0.11203701499999895
dense_0_free_08,0.002,0.02,uniform,True,True,True,52.17457400000214,8.12809099999967,0.1254349529999996
dense_0_free_08,0.002,0.05,heterogeneous,True,True,True,46.62922300000005,13.940461000000681,0.12570197199999852
dense_0_free_08,0.002,0.05,uniform,True,True,False,76.98200800000166,17.890071000000063,0.1600043669999995
dense_0_free_08,0.01,0.0,heterogeneous,True,True,True,36.0502610000033,5.687433999998603,0.10686998299999971
dense_0_free_08,0.01,0.0,uniform,True,True,True,42.6924409999998,5.085729999997568,0.11291045899999518
dense_0_free_08,0.01,0.02,heterogeneous,True,True,True,42.06530300000111,9.415258000000648,0.11661284899999956
dense_0_free_08,0.01,0.02,uniform,True,True,True,51.22651599999983,7.901137000001057,0.1242599409999987
dense_0_free_08,0.01,0.05,heterogeneous,True,False,False,0.0042950000000985256,0.00045799999881523945,0.06513704099999672
dense_0_free_08,0.01,0.05,uniform,True,False,False,0.0030759999987139963,0.00023900000201138027,0.06513560299999853
dense_0_free_09,0.002,0.0,heterogeneous,True,True,True,35.2023509999988,3.156252000000137,0.10689577300000196
dense_0_free_09,0.002,0.0,uniform,True,True,True,38.280982999999935,3.2276170000002935,0.11004577000000325
dense_0_free_09,0.002,0.02,heterogeneous,True,True,True,43.62926900000019,11.422634999998849,0.12358907400000206
dense_0_free_09,0.002,0.02,uniform,True,True,True,50.98852100000073,7.936162000000024,0.12746185300000376
dense_0_free_09,0.002,0.05,heterogeneous,True,True,True,45.93329799999779,14.214171999999081,0.12868463999999988
dense_0_free_09,0.002,0.05,uniform,True,True,False,77.37767300000087,16.361928000002024,0.1622767710000059
dense_0_free_09,0.01,0.0,heterogeneous,True,True,True,35.8142689999994,4.550878999999952,0.10890231800000237
dense_0_free_09,0.01,0.0,uniform,True,True,True,40.810338,4.850316999998938,0.11419782500000196
dense_0_free_09,0.01,0.02,heterogeneous,True,True,True,39.820955999999796,8.628231000002984,0.1169863570000058
dense_0_free_09,0.01,0.02,uniform,True,True,True,51.17474300000069,8.158788999999445,0.12787070200000314
dense_0_free_09,0.01,0.05,heterogeneous,True,False,False,0.006387999999191152,0.000382999999715139,0.06854394100000193
dense_0_free_09,0.01,0.05,uniform,True,False,False,0.0031749999997998657,0.00034600000020645894,0.06854069100000303
dense_0_near_00,0.002,0.0,heterogeneous,True,False,False,34.29704499999886,0.0009150000011004522,0.10321690599999343
dense_0_near_00,0.002,0.0,uniform,True,False,False,32.422041000000235,0.0008269999973720132,0.10134181399999108
dense_0_near_00,0.002,0.02,heterogeneous,True,False,False,37.4196910000002,0.0007449999976927302,0.10633938199999136
dense_0_near_00,0.002,0.02,uniform,True,False,False,37.995327000000856,0.001033000000205675,0.10691530599999453
dense_0_near_00,0.002,0.05,heterogeneous,True,False,False,39.26200200000096,0.000767000003065732,0.1081817149999975
dense_0_near_00,0.002,0.05,uniform,True,False,False,50.18811300000081,0.00088199999837002,0.11910794099999265
dense_0_near_00,0.01,0.0,heterogeneous,True,False,False,34.03451400000179,0.000971999998711226,0.10295443199999398
dense_0_near_00,0.01,0.0,uniform,True,False,False,33.296845999998936,0.0008280000010074673,0.10221661999999342
dense_0_near_00,0.01,0.02,heterogeneous,True,False,False,38.83879400000012,0.0010039999978062042,0.1077587439999914
dense_0_near_00,0.01,0.02,uniform,True,False,False,37.558018999998666,0.0007420000009972227,0.10647770699999314
dense_0_near_00,0.01,0.05,heterogeneous,True,False,False,0.004267000001334509,0.000481000000718268,0.06892369399999553
dense_0_near_00,0.01,0.05,uniform,True,False,False,0.003170999999468904,0.0003640000016957856,0.06892248099999464
dense_0_near_01,0.002,0.0,heterogeneous,True,False,False,33.40950300000145,0.0009080000005212696,0.11298743600000492
dense_0_near_01,0.002,0.0,uniform,True,False,False,32.831074000000626,0.001148999999145417,0.11240924800000272
dense_0_near_01,0.002,0.02,heterogeneous,True,False,False,36.50462599999926,0.0007500000016591457,0.11608240100000387
dense_0_near_01,0.002,0.02,uniform,True,False,False,38.07442700000152,0.0011429999986489747,0.11765259500000312
dense_0_near_01,0.002,0.05,heterogeneous,True,False,False,40.48161100000058,0.0009050000002730485,0.12005954100000381
dense_0_near_01,0.002,0.05,uniform,True,False,False,50.193108000001985,0.0008920000027501374,0.12977102500000767
dense_0_near_01,0.01,0.0,heterogeneous,True,False,False,35.35783699999939,0.0013470000013171557,0.11493620900000366
dense_0_near_01,0.01,0.0,uniform,True,False,False,32.63393599999986,0.0012040000001434237,0.11221216500000296
dense_0_near_01,0.01,0.02,heterogeneous,True,False,False,38.92158299999693,0.0010569999986387302,0.11849966499999852
dense_0_near_01,0.01,0.02,uniform,True,False,False,38.434712000000815,0.0011959999994815007,0.11801293300000325
dense_0_near_01,0.01,0.05,heterogeneous,True,False,False,0.00437100000283408,0.0005079999993995443,0.07958190400000519
dense_0_near_01,0.01,0.05,uniform,True,False,False,0.0033990000005701404,0.00039799999740353087,0.07958082200000093
dense_0_near_02,0.002,0.0,heterogeneous,True,False,False,34.00264300000089,0.0009240000018451155,0.10242538800000077
dense_0_near_02,0.002,0.0,uniform,True,False,False,37.59657400000194,0.0010609999989696917,0.10601945599999894
dense_0_near_02,0.002,0.02,heterogeneous,True,False,False,39.646924000003025,0.001114999999884958,0.10806986000000095
dense_0_near_02,0.002,0.02,uniform,True,False,False,41.75556999999941,0.0010350000003711557,0.11017842599999782
dense_0_near_02,0.002,0.05,heterogeneous,True,False,False,44.30555299999739,0.0010350000003711557,0.1127284089999958
dense_0_near_02,0.002,0.05,uniform,True,False,False,50.75464299999766,0.0012510000004795074,0.11917771499999617
dense_0_near_02,0.01,0.0,heterogeneous,True,False,False,33.97829899999749,0.0007380000006662613,0.1024008579999962
dense_0_near_02,0.01,0.0,uniform,True,False,False,33.863454000002235,0.0009970000007797353,0.10228627200000105
dense_0_near_02,0.01,0.02,heterogeneous,True,False,False,37.01967900000014,0.0008539999996060033,0.10544235399999778
dense_0_near_02,0.01,0.02,uniform,True,False,False,36.52878400000148,0.0008800000017572529,0.10495148500000127
dense_0_near_02,0.01,0.05,heterogeneous,True,False,False,0.0038770000010401873,0.0005290000011370921,0.06842622700000021
dense_0_near_02,0.01,0.05,uniform,True,False,False,0.0035379999978601973,0.00047500000022182576,0.06842583399999612
dense_0_near_03,0.002,0.0,heterogeneous,True,False,False,33.29939900000056,0.0011780000015448877,0.1116904319999965
dense_0_near_03,0.002,0.0,uniform,True,False,False,33.16894099999956,0.0008960000030810988,0.11155969199999703
dense_0_near_03,0.002,0.02,heterogeneous,True,False,False,38.441802999997776,0.0009470000001954304,0.11683260499999236
dense_0_near_03,0.002,0.02,uniform,True,False,False,36.92921000000027,0.001393000001570499,0.11532045799999623
dense_0_near_03,0.002,0.05,heterogeneous,True,False,False,40.766782999998696,0.0008079999993526599,0.11915744599999244
dense_0_near_03,0.002,0.05,uniform,True,False,False,50.84566100000032,0.0013860000009913165,0.12923690199999568
dense_0_near_03,0.01,0.0,heterogeneous,True,False,False,35.19640300000049,0.0009059999968030752,0.11358716399999168
dense_0_near_03,0.01,0.0,uniform,True,False,False,35.17113000000194,0.0009510000005263919,0.11356193599999685
dense_0_near_03,0.01,0.02,heterogeneous,True,False,False,37.827224000000825,0.0009859999998695912,0.11621806499999508
dense_0_near_03,0.01,0.02,uniform,True,False,False,36.896884000000796,0.0008220000005110251,0.1152875609999957
dense_0_near_03,0.01,0.05,heterogeneous,True,False,False,0.0041519999989247935,0.0005290000011370921,0.07839453599999445
dense_0_near_03,0.01,0.05,uniform,True,False,False,0.0031749999997998657,0.0003180000014424422,0.07839334799999563
dense_0_near_04,0.002,0.0,heterogeneous,True,False,False,33.99854999999974,0.0006370000029676248,0.10896977200000223
dense_0_near_04,0.002,0.0,uniform,True,False,False,34.28715800000148,0.0007890000013333065,0.10925853200000234
dense_0_near_04,0.002,0.02,heterogeneous,True,False,False,35.14122200000003,0.0009849999997868508,0.11011279199999933
dense_0_near_04,0.002,0.02,uniform,True,False,False,39.692293000001655,0.0012669999982506397,0.11466414499999943
dense_0_near_04,0.002,0.05,heterogeneous,True,False,False,40.648011999998346,0.0010579999987214705,0.11561965499999659
dense_0_near_04,0.002,0.05,uniform,True,False,False,49.868119000002764,0.0014650000004223784,0.12484016900000271
dense_0_near_04,0.01,0.0,heterogeneous,True,False,False,35.32660999999848,0.0008250000007592462,0.11029801999999876
dense_0_near_04,0.01,0.0,uniform,True,False,False,34.111231000000686,0.001013999998633608,0.10908282999999884
dense_0_near_04,0.01,0.02,heterogeneous,True,False,False,37.935024999999456,0.0008999999998593466,0.11290650999999884
dense_0_near_04,0.01,0.02,uniform,True,False,False,37.17697699999789,0.0010419999973976246,0.11214860399999481
dense_0_near_04,0.01,0.05,heterogeneous,True,False,False,0.004646000000718686,0.0005049999991513232,0.07497573599999939
dense_0_near_04,0.01,0.05,uniform,True,False,False,0.003230999997327899,0.0003449999965710049,0.07497416099999342
dense_0_near_05,0.002,0.0,heterogeneous,True,False,False,34.822063000000014,0.0009630000015192763,0.1217996210000014
dense_0_near_05,0.002,0.0,uniform,True,False,False,32.067536999999646,0.0012490000003140267,0.11904538099999983
dense_0_near_05,0.002,0.02,heterogeneous,True,False,False,36.265273000001486,0.0011739999976612125,0.12324304199999901
dense_0_near_05,0.002,0.02,uniform,True,False,False,39.843079000000614,0.0010490000015295209,0.126820723000002
dense_0_near_05,0.002,0.05,heterogeneous,True,False,False,40.839291000001054,0.0009399999996162478,0.12781682600000052
dense_0_near_05,0.002,0.05,uniform,True,False,False,49.75803600000006,0.0012219999980800367,0.136735852999998
dense_0_near_05,0.01,0.0,heterogeneous,True,False,False,33.63475900000168,0.0009070000004385292,0.12061226100000198
dense_0_near_05,0.01,0.0,uniform,True,False,False,33.32592900000009,0.0010870000011209413,0.12030361100000107
dense_0_near_05,0.01,0.02,heterogeneous,True,False,False,37.88366999999937,0.0010969999983956313,0.12486136199999763
dense_0_near_05,0.01,0.02,uniform,True,False,False,43.21187700000095,0.0012670000018033534,0.1301897390000026
dense_0_near_05,0.01,0.05,heterogeneous,True,False,False,0.0040810000001556546,0.0006400000032158459,0.08698131600000324
dense_0_near_05,0.01,0.05,uniform,True,False,False,0.0028039999975248975,0.0005740000013076951,0.0869799729999987
dense_0_near_06,0.002,0.0,heterogeneous,True,False,False,35.487085000003304,0.0010870000011209413,0.1112368340000107
dense_0_near_06,0.002,0.0,uniform,True,False,False,32.53815300000085,0.000794999998277035,0.1082876100000054
dense_0_near_06,0.002,0.02,heterogeneous,True,False,False,35.47953699999695,0.0009660000017674975,0.111229165000005
dense_0_near_06,0.002,0.02,uniform,True,False,False,39.13999699999948,0.0010870000011209413,0.11488974600000688
dense_0_near_06,0.002,0.05,heterogeneous,True,False,False,41.82693599999965,0.0009450000000299497,0.11757654300000596
dense_0_near_06,0.002,0.05,uniform,True,False,False,49.188249000000184,0.0010949999982301506,0.1249380060000047
dense_0_near_06,0.01,0.0,heterogeneous,True,False,False,33.69645199999738,0.0008939999993629044,0.10944600800000302
dense_0_near_06,0.01,0.0,uniform,True,False,False,32.38689300000175,0.0007500000016591457,0.10813630500000969
dense_0_near_06,0.01,0.02,heterogeneous,True,False,False,37.79852299999931,0.0008280000010074673,0.1135480130000066
dense_0_near_06,0.01,0.02,uniform,True,False,False,36.96729099999985,0.0013649999992537687,0.11271731800000538
dense_0_near_06,0.01,0.05,heterogeneous,True,False,False,0.004045000000729715,0.0005859999987478659,0.07575329300000576
dense_0_near_06,0.01,0.05,uniform,True,False,False,0.0027600000009897485,0.0003930000005425427,0.07575181500000781
dense_0_near_07,0.002,0.0,heterogeneous,True,False,False,39.33730400000002,0.0009769999991249279,0.12263192999999405
dense_0_near_07,0.002,0.0,uniform,True,False,False,30.84951700000005,0.0009199999979614404,0.11414408599999291
dense_0_near_07,0.002,0.02,heterogeneous,True,False,False,36.316330999998314,0.000900999999942087,0.11961088099999316
dense_0_near_07,0.002,0.02,uniform,True,False,False,38.5281329999998,0.0008279999974547536,0.12182260999999216
dense_0_near_07,0.002,0.05,heterogeneous,True,False,False,41.205405999999556,0.0008859999987009815,0.12449994099999316
dense_0_near_07,0.002,0.05,uniform,True,False,False,49.25671500000206,0.001089000001286422,0.13255145299999824
dense_0_near_07,0.01,0.0,heterogeneous,True,False,False,33.9488459999977,0.0007819999972014102,0.1172432769999898
dense_0_near_07,0.01,0.0,uniform,True,False,False,32.641713000000294,0.0007109999984322712,0.11593607299999363
dense_0_near_07,0.01,0.02,heterogeneous,True,False,False,36.45198699999952,0.0007420000009972227,0.11974637799999542
dense_0_near_07,0.01,0.02,uniform,True,False,False,38.48343299999968,0.0007380000006662613,0.12177781999999525
dense_0_near_07,0.01,0.05,heterogeneous,True,False,False,0.004289999999684824,0.0005330000014680536,0.08329847199999606
dense_0_near_07,0.01,0.05,uniform,True,False,False,0.0032640000000583314,0.00039800000095624455,0.08329731099999592
dense_0_near_08,0.002,0.0,heterogeneous,True,False,False,35.350665999999364,0.0010599999988869513,0.11235939699999918
dense_0_near_08,0.002,0.0,uniform,True,False,False,33.14584700000012,0.0013279999997450886,0.11015484600000079
dense_0_near_08,0.002,0.02,heterogeneous,True,False,False,36.50981699999889,0.0012600000012241708,0.11351874800000104
dense_0_near_08,0.002,0.02,uniform,True,False,False,37.344157999999794,0.0009179999977959596,0.11435274699999852
dense_0_near_08,0.002,0.05,heterogeneous,True,False,False,43.03368899999782,0.0008859999987009815,0.12004224599999745
dense_0_near_08,0.002,0.05,uniform,True,False,False,48.34922300000244,0.0010400000007848575,0.12535793400000414
dense_0_near_08,0.01,0.0,heterogeneous,True,False,False,34.02241499999903,0.0006670000018971223,0.11103075300000186
dense_0_near_08,0.01,0.0,uniform,True,False,False,32.36965900000044,0.0006900000002474371,0.10937802000000162
dense_0_near_08,0.01,0.02,heterogeneous,True,False,False,38.47132299999956,0.0007069999981013098,0.11547970099999859
dense_0_near_08,0.01,0.02,uniform,True,False,False,36.20779599999935,0.001201999999977943,0.11321666900000026
dense_0_near_08,0.01,0.05,heterogeneous,True,False,False,0.0037739999996233564,0.0005740000013076951,0.07701201900000186
dense_0_near_08,0.01,0.05,uniform,True,False,False,0.003446000000906224,0.000481000000718268,0.07701159800000255
dense_0_near_09,0.002,0.0,heterogeneous,True,False,False,34.54859300000024,0.0008409999985303784,0.11725329099999414
dense_0_near_09,0.002,0.0,uniform,True,False,False,33.511328999999535,0.0008800000017572529,0.11621606599999666
dense_0_near_09,0.002,0.02,heterogeneous,True,False,False,36.550111000000385,0.0008579999999369647,0.11925482599999569
dense_0_near_09,0.002,0.02,uniform,True,False,False,38.64142200000131,0.0008119999996836214,0.12134609099999637
dense_0_near_09,0.002,0.05,heterogeneous,True,False,False,40.67961299999823,0.0008210000004282847,0.12338429099999403
dense_0_near_09,0.002,0.05,uniform,True,False,False,48.74807199999864,0.0010389999971494035,0.13145296799999115
dense_0_near_09,0.01,0.0,heterogeneous,True,False,False,34.815717000000745,0.0009240000018451155,0.11752049799999796
dense_0_near_09,0.01,0.0,uniform,True,False,False,33.37485800000195,0.0008959999995283852,0.11607961099999685
dense_0_near_09,0.01,0.02,heterogeneous,True,False,False,37.795881000000975,0.0009369999993680267,0.12050067499999571
dense_0_near_09,0.01,0.02,uniform,True,False,False,40.36722399999704,0.0017720000009546766,0.12307285299999336
dense_0_near_09,0.01,0.05,heterogeneous,True,False,False,0.00581300000135343,0.0005029999989858425,0.08271017299999571
dense_0_near_09,0.01,0.05,uniform,True,False,False,0.003229000000715132,0.0004569999987324991,0.08270754299999482
dense_1_far_00,0.002,0.0,heterogeneous,True,True,True,38.29603199999809,4.738350000000224,0.11471220199999309
dense_1_far_00,0.002,0.0,uniform,True,True,True,42.04533800000121,4.165097999997869,0.11788825599999385
dense_1_far_00,0.002,0.02,heterogeneous,True,True,True,40.43554700000129,5.4800330000013275,0.11759339999999739
dense_1_far_00,0.002,0.02,uniform,True,True,True,47.95684200000139,5.3757769999975835,0.12501043899999373
dense_1_far_00,0.002,0.05,heterogeneous,True,False,False,0.007280999998471316,0.0005559999998183685,0.07168565699999306
dense_1_far_00,0.002,0.05,uniform,True,False,False,0.0035459999985221202,0.00033500000284902853,0.07168170099999614
dense_1_far_00,0.01,0.0,heterogeneous,True,True,True,41.63314900000259,5.212499000002424,0.11852346799999978
dense_1_far_00,0.01,0.0,uniform,True,True,True,44.25142899999912,5.3616830000002835,0.12129093199999418
dense_1_far_00,0.01,0.02,heterogeneous,True,False,False,0.005131000001767916,0.0005139999998959865,0.07168346499999644
dense_1_far_00,0.01,0.02,uniform,True,False,False,0.004186999998267993,0.0004480000015405494,0.07168245499999458
dense_1_far_00,0.01,0.05,heterogeneous,True,False,False,0.0034479999975189912,0.00024300000234234176,0.07168151099999463
dense_1_far_00,0.01,0.05,uniform,True,False,False,0.004127000000408998,0.0003220000017734037,0.07168226899999695
dense_1_far_01,0.002,0.0,heterogeneous,True,True,True,36.508765999997195,3.8921839999979113,0.10769492999998719
dense_1_far_01,0.002,0.0,uniform,True,True,True,40.813245000002496,4.126869000000255,0.11223409399999483
dense_1_far_01,0.002,0.02,heterogeneous,True,True,True,38.006469999999126,5.437390999997405,0.11073784099998861
dense_1_far_01,0.002,0.02,uniform,True,True,True,43.86610399999924,5.321445999999952,0.11648152999999127
dense_1_far_01,0.002,0.05,heterogeneous,True,False,False,0.004027999999323129,0.0004639999993116817,0.06729847199999071
dense_1_far_01,0.002,0.05,uniform,True,False,False,0.0029370000014239395,0.00037999999946691787,0.06729729699999297
dense_1_far_01,0.01,0.0,heterogeneous,True,True,True,38.107885999998814,6.206535000000457,0.11160840099999135
dense_1_far_01,0.01,0.0,uniform,True,True,True,44.68538699999769,6.269704000001042,0.11824907099999081
dense_1_far_01,0.01,0.02,heterogeneous,True,False,False,0.003936999998899182,0.0006769999991718123,0.06729859399999015
dense_1_far_01,0.01,0.02,uniform,True,False,False,0.00396899999799416,0.0004350000004649246,0.06729838399999054
dense_1_far_01,0.01,0.05,heterogeneous,True,False,False,0.0031910000011237116,0.0004169999989755979,0.06729758799999218
dense_1_far_01,0.01,0.05,uniform,True,False,False,0.0029039999986935072,0.0003119999973932863,0.06729719599998817
dense_1_far_02,0.002,0.0,heterogeneous,True,True,True,36.53509200000116,4.031627999999898,0.1306009420000049
dense_1_far_02,0.002,0.0,uniform,True,True,True,44.097988000000754,4.167762000001574,0.13829997200000618
dense_1_far_02,0.002,0.02,heterogeneous,True,True,True,38.110452999998046,5.7403620000009425,0.13388503700000284
dense_1_far_02,0.002,0.02,uniform,True,True,True,43.714903999998,5.346589999998486,0.13909571600000034
dense_1_far_02,0.002,0.05,heterogeneous,True,False,False,0.0042130000004192425,0.00047500000022182576,0.09003891000000451
dense_1_far_02,0.002,0.05,uniform,True,False,False,0.0027389999992522007,0.0003180000014424422,0.09003727900000456
dense_1_far_02,0.01,0.0,heterogeneous,True,True,True,38.68340600000053,5.4837100000000305,0.13420133800000442
dense_1_far_02,0.01,0.0,uniform,True,True,True,42.36470800000092,5.513790999998491,0.13791272100000326
dense_1_far_02,0.01,0.02,heterogeneous,True,False,False,0.006271000000168669,0.0005149999999787269,0.09004100800000402
dense_1_far_02,0.01,0.02,uniform,True,False,False,0.004069000002715484,0.0003900000002943216,0.09003868100000688
dense_1_far_02,0.01,0.05,heterogeneous,True,False,False,0.0033760000022198255,0.00040599999806545384,0.09003800400000415
dense_1_far_02,0.01,0.05,uniform,True,False,False,0.002717999997514653,0.0004770000003873065,0.09003741700000177
dense_1_far_03,0.002,0.0,heterogeneous,True,True,True,35.22406000000089,4.1975160000014,0.11011614599999263
dense_1_far_03,0.002,0.0,uniform,True,True,True,43.07051400000006,4.090544000000307,0.1178556279999907
dense_1_far_03,0.002,0.02,heterogeneous,True,True,True,38.08713599999791,5.539543000001146,0.1143212489999894
dense_1_far_03,0.002,0.02,uniform,True,True,True,47.72062800000043,5.59932099999827,0.12401451899998904
dense_1_far_03,0.002,0.05,heterogeneous,True,False,False,0.005211000001281718,0.0005170000001442077,0.07070029799999177
dense_1_far_03,0.002,0.05,uniform,True,False,False,0.008459000000016204,0.000720999999259675,0.07070374999998962
dense_1_far_03,0.01,0.0,heterogeneous,True,True,True,38.56325300000307,9.176115000002483,0.1184339379999959
dense_1_far_03,0.01,0.0,uniform,True,True,True,50.26614799999862,5.949763999996804,0.12691048199998575
dense_1_far_03,0.01,0.02,heterogeneous,True,False,False,0.004510000000124137,0.00038800000012884084,0.07069946799999059
dense_1_far_03,0.01,0.02,uniform,True,False,False,0.00329699999923605,0.00029999999995311555,0.07069816699998953
dense_1_far_03,0.01,0.05,heterogeneous,True,False,False,0.0029820000015945425,0.0003740000025231893,0.07069792599999446
dense_1_far_03,0.01,0.05,uniform,True,False,False,0.0028370000002553297,0.00019799999861902506,0.07069760499998921
dense_1_far_04,0.002,0.0,heterogeneous,True,True,True,38.99859699999908,4.810903999999283,0.11244243999999924
dense_1_far_04,0.002,0.0,uniform,True,True,True,44.22098800000285,4.315053000002678,0.1171689800000064
dense_1_far_04,0.002,0.02,heterogeneous,True,True,True,38.969542000000246,5.753165999998089,0.11335564699999921
dense_1_far_04,0.002,0.02,uniform,True,True,True,47.10484000000292,5.960988999998307,0.12169876800000211
dense_1_far_04,0.002,0.05,heterogeneous,True,False,False,0.004886999999342834,0.00034500000012371856,0.06863817100000034
dense_1_far_04,0.002,0.05,uniform,True,False,False,0.0030590000008601237,0.0002660000006926566,0.06863626400000243
dense_1_far_04,0.01,0.0,heterogeneous,True,True,True,39.179034,5.355626000000058,0.11316759900000094
dense_1_far_04,0.01,0.0,uniform,True,True,True,43.69743999999898,6.12102099999845,0.1184513999999983
dense_1_far_04,0.01,0.02,heterogeneous,True,False,False,0.0040049999974201,0.0004350000004649246,0.06863737899999876
dense_1_far_04,0.01,0.02,uniform,True,False,False,0.0030250000015996648,0.0004179999990583383,0.06863638200000154
dense_1_far_04,0.01,0.05,heterogeneous,True,False,False,0.0027699999982644385,0.00039100000037706195,0.06863609999999952
dense_1_far_04,0.01,0.05,uniform,True,False,False,0.0028470000010827334,0.0003679999984740334,0.06863615400000043
dense_1_far_05,0.002,0.0,heterogeneous,True,True,True,35.98871899999878,4.395026000000968,0.10704715100000727
dense_1_far_05,0.002,0.0,uniform,True,True,True,45.19602199999895,4.573170000000459,0.11643259800000692
dense_1_far_05,0.002,0.02,heterogeneous,True,True,True,40.99849199999994,6.9178530000009175,0.11457975100000838
dense_1_far_05,0.002,0.02,uniform,True,True,True,44.99557199999771,5.502901999999921,0.11716188000000514
dense_1_far_05,0.002,0.05,heterogeneous,True,False,False,0.005075000000687169,0.0005770000015559162,0.06666905800000976
dense_1_far_05,0.002,0.05,uniform,True,False,False,0.0033729999984188908,0.00034500000012371856,0.06666712400000606
dense_1_far_05,0.01,0.0,heterogeneous,True,True,True,40.03289499999951,5.532422000001702,0.11222872300000873
dense_1_far_05,0.01,0.0,uniform,True,True,True,45.23924200000096,5.921413000002929,0.1178240610000114
dense_1_far_05,0.01,0.02,heterogeneous,True,False,False,0.004182000001407005,0.0004950000018766332,0.0666680830000108
dense_1_far_05,0.01,0.02,uniform,True,False,False,0.003231000000880613,0.00035600000103386265,0.06666699300000943
dense_1_far_05,0.01,0.05,heterogeneous,True,False,False,0.0030389999992053163,0.000490999997992958,0.06666693600000471
dense_1_far_05,0.01,0.05,uniform,True,False,False,0.003986999999483487,0.0004450000012923283,0.06666783800000829
dense_1_far_06,0.002,0.0,heterogeneous,True,True,True,37.80016800000041,4.415912000002464,0.10487356300000215
dense_1_far_06,0.002,0.0,uniform,True,True,True,44.27743400000139,4.281791000000368,0.11121670800000104
dense_1_far_06,0.002,0.02,heterogeneous,True,True,True,39.73414900000094,5.50913200000025,0.10790076400000047
dense_1_far_06,0.002,0.02,uniform,True,True,True,48.44762799999813,5.514957999999126,0.11662006899999654
dense_1_far_06,0.002,0.05,heterogeneous,True,False,False,0.015502000003664307,0.0013639999991710283,0.06267434900000211
dense_1_far_06,0.002,0.05,uniform,True,False,False,0.005312999995510381,0.00045099999823605685,0.06266324699999302
dense_1_far_06,0.01,0.0,heterogeneous,True,True,True,39.55677699999427,5.4201690000041935,0.10763442899999774
dense_1_far_06,0.01,0.0,uniform,True,True,True,44.74353700000222,5.98616199999924,0.11338718200000074
dense_1_far_06,0.01,0.02,heterogeneous,True,False,False,0.004261000000838067,0.0005039999990685828,0.06266224799999918
dense_1_far_06,0.01,0.02,uniform,True,False,False,0.003356000000565018,0.0003290000023525863,0.0626611680000022
dense_1_far_06,0.01,0.05,heterogeneous,True,False,False,0.0031360000036784186,0.00037600000268867007,0.06266099500000565
dense_1_far_06,0.01,0.05,uniform,True,False,False,0.002894000004971531,0.0003000000035058292,0.06266067700000776
dense_1_far_07,0.002,0.0,heterogeneous,True,True,True,37.39574800000156,4.375275000001011,0.10583481699999851
dense_1_far_07,0.002,0.0,uniform,True,True,True,41.759990999999275,4.231742999998289,0.1100555279999935
dense_1_far_07,0.002,0.02,heterogeneous,True,True,True,43.52444799999944,5.458826999998223,0.1130470689999936
dense_1_far_07,0.002,0.02,uniform,True,True,True,43.437814999997215,6.15071500000397,0.11365232399999713
dense_1_far_07,0.002,0.05,heterogeneous,True,False,False,0.0037659999989614334,0.000518000000226948,0.06406807799999513
dense_1_far_07,0.002,0.05,uniform,True,False,False,0.002719000001150107,0.000563000000397551,0.06406707599999749
dense_1_far_07,0.01,0.0,heterogeneous,True,True,True,37.603674999999726,5.337791999998842,0.10700526099999451
dense_1_far_07,0.01,0.0,uniform,True,True,True,44.037036999995394,6.008784000002265,0.1141096149999936
dense_1_far_07,0.01,0.02,heterogeneous,True,False,False,0.004137999994213715,0.0005460000025436784,0.0640684779999927
dense_1_far_07,0.01,0.02,uniform,True,False,False,0.003755000001604003,0.00035600000103386265,0.06406790499999858
dense_1_far_07,0.01,0.05,heterogeneous,True,False,False,0.0034569999982636546,0.0003549999973984086,0.0640676059999916
dense_1_far_07,0.01,0.05,uniform,True,False,False,0.00281800000578869,0.0003559999939284353,0.06406696799999566
dense_1_far_08,0.002,0.0,heterogeneous,True,True,True,38.10570600000318,4.255194000002405,0.12603326000000378
dense_1_far_08,0.002,0.0,uniform,True,True,True,46.2112889999986,4.491182000002425,0.13437483099999922
dense_1_far_08,0.002,0.02,heterogeneous,True,True,True,40.89420100000041,5.433518000003801,0.1300000790000024
dense_1_far_08,0.002,0.02,uniform,True,True,True,46.510374000000354,7.011667999996973,0.13719440199999552
dense_1_far_08,0.002,0.05,heterogeneous,True,False,False,0.004224000001329387,0.0006100000007336348,0.08367719400000027
dense_1_far_08,0.002,0.05,uniform,True,False,False,0.003203999995093909,0.00031000000433323294,0.08367587399999764
dense_1_far_08,0.01,0.0,heterogeneous,True,True,True,41.95489699999655,5.421458000000712,0.13104871499999546
dense_1_far_08,0.01,0.0,uniform,True,True,True,45.123981999999785,5.428297000001692,0.13422463899999967
dense_1_far_08,0.01,0.02,heterogeneous,True,False,False,0.005387999998163195,0.0005379999947763281,0.08367828599999115
dense_1_far_08,0.01,0.02,uniform,True,False,False,0.003570000004060603,0.0003990000010389849,0.08367632900000331
dense_1_far_08,0.01,0.05,heterogeneous,True,False,False,0.0026940000026343114,0.000410999994926442,0.08367546499999577
dense_1_far_08,0.01,0.05,uniform,True,False,False,0.0032700000005547736,0.0004349999969122109,0.08367606499999568
dense_1_far_09,0.002,0.0,heterogeneous,True,True,True,36.38269199999655,4.591469999994047,0.11930036499999773
dense_1_far_09,0.002,0.0,uniform,True,True,True,42.420814000003304,4.060135000003129,0.12480715200001356
dense_1_far_09,0.002,0.02,heterogeneous,True,True,True,38.07173899999583,5.590552000001026,0.12198849400000399
dense_1_far_09,0.002,0.02,uniform,True,True,True,45.75988599999903,5.504744999996092,0.12959083400000224
dense_1_far_09,0.002,0.05,heterogeneous,True,False,False,0.004251000000010663,0.0005560000033710821,0.07833101000001051
dense_1_far_09,0.002,0.05,uniform,True,False,False,0.003081000002680412,0.0004289999964157687,0.07832971300000623
dense_1_far_09,0.01,0.0,heterogeneous,True,True,True,37.831418999999755,6.024757999995245,0.12218238000000213
dense_1_far_09,0.01,0.0,uniform,True,True,True,46.99389099999962,5.990774000004251,0.131310868000011
dense_1_far_09,0.01,0.02,heterogeneous,True,False,False,0.00445399999904339,0.0005099999995650251,0.07833116700000574
dense_1_far_09,0.01,0.02,uniform,True,False,False,0.002928000000679276,0.0003050000003668174,0.07832943600000818
dense_1_far_09,0.01,0.05,heterogeneous,True,False,False,0.002888999993899688,0.0003670000054967204,0.07832945900000653
dense_1_far_09,0.01,0.05,uniform,True,False,False,0.0028619999952184116,0.0002880000025129448,0.07832935300000486
dense_1_free_01,0.002,0.0,heterogeneous,True,True,True,36.67988800000188,3.9976640000034536,0.10874885600000227
dense_1_free_01,0.002,0.0,uniform,True,True,True,43.46411200000233,4.273690000005104,0.11580910600000437
dense_1_free_01,0.002,0.02,heterogeneous,True,True,True,39.14253900000375,5.525825999995959,0.11273966899999664
dense_1_free_01,0.002,0.02,uniform,True,True,True,46.921689999997795,5.557929999994826,0.12055092399998955
dense_1_free_01,0.002,0.05,heterogeneous,True,False,False,0.004117000003134308,0.00035799999409391603,0.06807577899999416
dense_1_free_01,0.002,0.05,uniform,True,False,False,0.0034269999957814434,0.0003719999952522812,0.06807510299998797
dense_1_free_01,0.01,0.0,heterogeneous,True,True,True,37.944508000002486,7.003022999995778,0.1130188349999952
dense_1_free_01,0.01,0.0,uniform,True,True,True,43.10842200000309,6.95164799999759,0.11813137399999761
dense_1_free_01,0.01,0.02,heterogeneous,True,False,False,0.004220999997528452,0.0004529999984015376,0.06807597799999286
dense_1_free_01,0.01,0.02,uniform,True,False,False,0.0033009999995670114,0.00042500000319023457,0.06807502999999969
dense_1_free_01,0.01,0.05,heterogeneous,True,False,False,0.0027299999985075374,0.00033500000284902853,0.06807436899999829
dense_1_free_01,0.01,0.05,uniform,True,False,False,0.0027970000004984286,0.00020499999919820766,0.06807430599999663
dense_1_free_02,0.002,0.0,heterogeneous,True,True,True,36.77670900000152,4.487414000003298,0.12428641500000424
dense_1_free_02,0.002,0.0,uniform,True,True,True,44.748547000004635,4.117903000000922,0.13188874200000497
dense_1_free_02,0.002,0.02,heterogeneous,True,True,True,39.853253000003974,5.447478000000672,0.12832302300000406
dense_1_free_02,0.002,0.02,uniform,True,True,True,45.181464000002336,5.890319000002364,0.13409407500000411
dense_1_free_02,0.002,0.05,heterogeneous,True,False,False,0.004844000002890425,0.0005220000005579095,0.08302765800000288
dense_1_free_02,0.002,0.05,uniform,True,False,False,0.00354499999843938,0.0002700000010236181,0.08302610699999889
dense_1_free_02,0.01,0.0,heterogeneous,True,True,True,40.12275600000237,5.420487000002083,0.12856553500000387
dense_1_free_02,0.01,0.0,uniform,True,True,True,46.35299600000309,5.526666999998042,0.13490195500000055
dense_1_free_02,0.01,0.02,heterogeneous,True,False,False,0.004244000002984194,0.0005579999964311355,0.08302709399999884
dense_1_free_02,0.01,0.02,uniform,True,False,False,0.003245000002038978,0.0003370000030145093,0.08302587400000448
dense_1_free_02,0.01,0.05,heterogeneous,True,False,False,0.0030449999997017585,0.0002429999952369144,0.08302557999999437
dense_1_free_02,0.01,0.05,uniform,True,False,False,0.0028469999975300198,0.0002630000039971492,0.08302540200000096
dense_1_free_03,0.002,0.0,heterogeneous,True,True,True,38.55578600000342,4.3915600000019595,0.11368139300000422
dense_1_free_03,0.002,0.0,uniform,True,True,True,47.51593200000315,4.060895999998593,0.12231087500000058
dense_1_free_03,0.002,0.02,heterogeneous,True,True,True,39.87719199999873,6.50898699999658,0.11712022599999415
dense_1_free_03,0.002,0.02,uniform,True,True,True,47.990383000005465,6.104507999999953,0.12482893800000426
dense_1_free_03,0.002,0.05,heterogeneous,True,False,False,0.004709000002378616,0.0005210000040278828,0.07073927700000525
dense_1_free_03,0.002,0.05,uniform,True,False,False,0.0033550000040349914,0.0003449999965710049,0.07073774699999945
dense_1_free_03,0.01,0.0,heterogeneous,True,True,True,40.69337399999995,6.1917179999966265,0.11761913899999542
dense_1_free_03,0.01,0.0,uniform,True,True,True,44.595659999998816,6.050709000000154,0.12138041599999781
dense_1_free_03,0.01,0.02,heterogeneous,True,False,False,0.004210000000171021,0.0005499999957692125,0.07073880699999478
dense_1_free_03,0.01,0.02,uniform,True,False,False,0.003377999995279879,0.0004310000036866768,0.07073785599999781
dense_1_free_03,0.01,0.05,heterogeneous,True,False,False,0.0032700000005547736,0.00036799999492131974,0.07073768499999432
dense_1_free_03,0.01,0.05,uniform,True,False,False,0.003089000003342335,0.00041100000203186937,0.07073754700000422
dense_1_free_04,0.002,0.0,heterogeneous,True,True,True,36.76041700000354,4.241700999997988,0.11430746799999668
dense_1_free_04,0.002,0.0,uniform,True,True,True,43.242734999999755,4.195542000005048,0.12074362699999995
dense_1_free_04,0.002,0.02,heterogeneous,True,True,True,39.61160600000113,6.2150649999992424,0.11913202099999552
dense_1_free_04,0.002,0.02,uniform,True,True,True,44.757382999996764,5.820197999995003,0.12388293099998691
dense_1_free_04,0.002,0.05,heterogeneous,True,False,False,0.005569999999011088,0.00039199999690708864,0.07331131199999107
dense_1_free_04,0.002,0.05,uniform,True,False,False,0.0035190000033935576,0.000418999995588365,0.07330928799999413
dense_1_free_04,0.01,0.0,heterogeneous,True,True,True,40.1010109999973,6.393469000002483,0.11979982999999493
dense_1_free_04,0.01,0.0,uniform,True,True,True,44.94552300000265,5.645543999996505,0.1238964169999943
dense_1_free_04,0.01,0.02,heterogeneous,True,False,False,0.004975999999601299,0.0005579999964311355,0.07331088399999118
dense_1_free_04,0.01,0.02,uniform,True,False,False,0.0035519999954658488,0.00040500000153542715,0.07330930699999215
dense_1_free_04,0.01,0.05,heterogeneous,True,False,False,0.003116000002023611,0.0003309999954126397,0.07330879699999258
dense_1_free_04,0.01,0.05,uniform,True,False,False,0.003079000002514931,0.00038799999657612716,0.07330881699999424
dense_1_free_05,0.002,0.0,heterogeneous,True,True,True,39.50362100000149,4.339559999998244,0.13729856399999504
dense_1_free_05,0.002,0.0,uniform,True,True,True,41.815755999998316,5.720472999996673,0.1409916119999903
dense_1_free_05,0.002,0.02,heterogeneous,True,True,True,39.013857999997015,6.528772999999433,0.13899801399999176
dense_1_free_05,0.002,0.02,uniform,True,True,True,45.85294799999673,5.368734000001041,0.14467706499999308
dense_1_free_05,0.002,0.05,heterogeneous,True,False,False,0.0058990000013636745,0.0006199999944556112,0.09346190199999115
dense_1_free_05,0.002,0.05,uniform,True,False,False,0.0032970000063414773,0.0005489999992391859,0.0934592290000009
dense_1_free_05,0.01,0.0,heterogeneous,True,True,True,38.869250999994165,5.810497999995334,0.1381351319999848
dense_1_free_05,0.01,0.0,uniform,True,True,True,44.185509999998374,5.901931000003913,0.1435428239999976
dense_1_free_05,0.01,0.02,heterogeneous,True,False,False,0.0044880000018565624,0.0003619999944248775,0.09346023299999161
dense_1_free_05,0.01,0.02,uniform,True,False,False,0.0033899999962727634,0.0003229999947507167,0.09345909599998635
dense_1_free_05,0.01,0.05,heterogeneous,True,False,False,0.002574999996340921,0.00026200000036169513,0.09345821999999203
dense_1_free_05,0.01,0.05,uniform,True,False,False,0.002795000000332948,0.00027500000499003363,0.09345845300000065
dense_1_free_06,0.002,0.0,heterogeneous,True,True,True,39.5648200000025,4.991191999998534,0.11425140000000454
dense_1_free_06,0.002,0.0,uniform,True,True,True,43.462372999997,4.027018000002158,0.11718477900000267
dense_1_free_06,0.002,0.02,heterogeneous,True,True,True,38.25167800000173,5.371032999995862,0.1133180990000011
dense_1_free_06,0.002,0.02,uniform,True,True,True,45.150315000000774,6.207319000004929,0.12105302200000921
dense_1_free_06,0.002,0.05,heterogeneous,True,False,False,0.004271999998195497,0.000561999996762097,0.06970022199999847
dense_1_free_06,0.002,0.05,uniform,True,False,False,0.002965000000187956,0.00033799999954453597,0.06969869100000324
dense_1_free_06,0.01,0.0,heterogeneous,True,True,True,37.3978180000023,5.435206999997888,0.1125284130000037
dense_1_free_06,0.01,0.0,uniform,True,True,True,45.36926100000471,6.122346999994477,0.1211869960000027
dense_1_free_06,0.01,0.02,heterogeneous,True,False,False,0.004839999995454036,0.0005839999985823852,0.06970081199999754
dense_1_free_06,0.01,0.02,uniform,True,False,False,0.0038619999997990817,0.0005360000017162747,0.06969978600000502
dense_1_free_06,0.01,0.05,heterogeneous,True,False,False,0.0033429999959366796,0.00046400000286439536,0.06969919500000231
dense_1_free_06,0.01,0.05,uniform,True,False,False,0.0047569999992447265,0.0004349999969122109,0.06970057999999967
dense_1_free_07,0.002,0.0,heterogeneous,True,True,True,37.62709299999756,4.330398000000457,0.10762893600000155
dense_1_free_07,0.002,0.0,uniform,True,True,True,40.649744999996074,4.922237000002383,0.11124342700000199
dense_1_free_07,0.002,0.02,heterogeneous,True,True,True,37.53642100000576,5.7792730000016945,0.10898713900001099
dense_1_free_07,0.002,0.02,uniform,True,True,True,44.57340500000129,5.480876000000023,0.11572572600000484
dense_1_free_07,0.002,0.05,heterogeneous,True,False,False,0.006141000000070562,0.0007699999997612395,0.06567835600000337
dense_1_free_07,0.002,0.05,uniform,True,False,False,0.003997000000310891,0.00039800000450895823,0.06567584000000835
dense_1_free_07,0.01,0.0,heterogeneous,True,True,True,39.59518799999984,6.643045000004122,0.11190967800000749
dense_1_free_07,0.01,0.0,uniform,True,True,True,45.32173300000153,5.539218999999207,0.11653239700000427
dense_1_free_07,0.01,0.02,heterogeneous,True,False,False,0.004128000000491738,0.0006289999987529882,0.06567620200000278
dense_1_free_07,0.01,0.02,uniform,True,False,False,0.0034210000023904286,0.00038199999607968493,0.065675248000002
dense_1_free_07,0.01,0.05,heterogeneous,True,False,False,0.0023430000055668643,0.0002170000001910921,0.06567400500000929
dense_1_free_07,0.01,0.05,uniform,True,False,False,0.002611999995849601,0.00033799999954453597,0.06567439499999893
dense_1_free_08,0.002,0.0,heterogeneous,True,True,True,36.411229000002265,4.2655170000003295,0.11545682799999611
dense_1_free_08,0.002,0.0,uniform,True,True,True,42.47570700000125,3.879392000001758,0.12113518099999653
dense_1_free_08,0.002,0.02,heterogeneous,True,True,True,37.92927800000001,5.503046999997707,0.11821240699999123
dense_1_free_08,0.002,0.02,uniform,True,True,True,44.40519599999959,6.628558000002727,0.12581383599999582
dense_1_free_08,0.002,0.05,heterogeneous,True,False,False,0.011586999995927272,0.00033500000284902853,0.0747920039999923
dense_1_free_08,0.002,0.05,uniform,True,False,False,0.003440000000409782,0.00029999999640040187,0.07478382199999033
dense_1_free_08,0.01,0.0,heterogeneous,True,True,True,40.736564999996006,5.4750050000009765,0.1209916519999905
dense_1_free_08,0.01,0.0,uniform,True,True,True,44.50564100000065,6.171037999997964,0.12545676099999212
dense_1_free_08,0.01,0.02,heterogeneous,True,False,False,0.0042229999976939325,0.0006129999974291422,0.07478491799998864
dense_1_free_08,0.01,0.02,uniform,True,False,False,0.0033600000008959796,0.0003090000006977789,0.07478375099999511
dense_1_free_08,0.01,0.05,heterogeneous,True,False,False,0.0038040000021055675,0.0003509999970674471,0.07478423699999269
dense_1_free_08,0.01,0.05,uniform,True,False,False,0.003108999997891715,0.00028899999904297147,0.07478347999999045
dense_1_free_09,0.002,0.0,heterogeneous,True,True,True,35.88372099999759,5.625251999994418,0.11023134699999247
dense_1_free_09,0.002,0.0,uniform,True,True,True,41.498752999999056,4.237455999998474,0.11445858299999799
dense_1_free_09,0.002,0.02,heterogeneous,True,True,True,42.26146999999969,6.03648300000259,0.11702032700000274
dense_1_free_09,0.002,0.02,uniform,True,True,True,45.555361000005234,5.8836769999999206,0.12016141200000562
dense_1_free_09,0.002,0.05,heterogeneous,True,False,False,0.004119999999829815,0.000526000000888871,0.06872702000000118
dense_1_free_09,0.002,0.05,uniform,True,False,False,0.0030839999993759193,0.00047500000022182576,0.06872593300000006
dense_1_free_09,0.01,0.0,heterogeneous,True,True,True,40.36739600000061,6.910776000005114,0.11600054600000619
dense_1_free_09,0.01,0.0,uniform,True,True,True,46.61488200000008,5.7086250000040195,0.12104588100000456
dense_1_free_09,0.01,0.02,heterogeneous,True,False,False,0.003677999998785708,0.00045300000550696495,0.06872650500000475
dense_1_free_09,0.01,0.02,uniform,True,False,False,0.0034000000042055945,0.00028499999871201,0.06872605900000338
dense_1_free_09,0.01,0.05,heterogeneous,True,False,False,0.0030480000035026933,0.0003259999985516515,0.06872574800000252
dense_1_free_09,0.01,0.05,uniform,True,False,False,0.0027139999971836914,0.00026200000036169513,0.068725349999998
dense_1_near_00,0.002,0.0,heterogeneous,True,False,False,34.17766699999447,0.0010409999973148842,0.1279141179999965
dense_1_near_00,0.002,0.0,uniform,True,False,False,34.32773099999764,0.0008040000025744121,0.12806394500000493
dense_1_near_00,0.002,0.02,heterogeneous,True,False,False,35.04164200000304,0.000759000002403809,0.12877781100001015
dense_1_near_00,0.002,0.02,uniform,True,False,False,37.06354700000247,0.0008449999953086262,0.1307998020000025
dense_1_near_00,0.002,0.05,heterogeneous,True,False,False,0.004652000001215129,0.00046899999972538353,0.09374053100000566
dense_1_near_00,0.002,0.05,uniform,True,False,False,0.0032159999960867935,0.0003719999952522812,0.09373899799999606
dense_1_near_00,0.01,0.0,heterogeneous,True,False,False,36.191090000002646,0.000954000000774613,0.12992745400000813
dense_1_near_00,0.01,0.0,uniform,True,False,False,36.36482200000302,0.001277000002630757,0.13010150900001036
dense_1_near_00,0.01,0.02,heterogeneous,True,False,False,0.00394900000344478,0.000614999997594623,0.09373997400000576
dense_1_near_00,0.01,0.02,uniform,True,False,False,0.0032179999962522743,0.0004620000026989146,0.09373909000000367
dense_1_near_00,0.01,0.05,heterogeneous,True,False,False,0.0027020000032962344,0.000490000005015645,0.09373860200001304
dense_1_near_00,0.01,0.05,uniform,True,False,False,0.00409500000131402,0.0005420000022127169,0.09374004700000825
dense_1_near_01,0.002,0.0,heterogeneous,True,False,False,35.19672200000201,0.0011029999953393599,0.11979994499999379
dense_1_near_01,0.002,0.0,uniform,True,False,False,36.97307899999913,0.0010210000027655042,0.12157621999999833
dense_1_near_01,0.002,0.02,heterogeneous,True,False,False,39.37608799999737,0.0010119999984681272,0.12397921999999227
dense_1_near_01,0.002,0.02,uniform,True,False,False,37.358906999998,0.0011400000019534673,0.12196216699999639
dense_1_near_01,0.002,0.05,heterogeneous,True,False,False,0.004676999999730924,0.0004760000038572798,0.08460727300000002
dense_1_near_01,0.002,0.05,uniform,True,False,False,0.002926999997043822,0.00045300000550696495,0.08460549999999899
dense_1_near_01,0.01,0.0,heterogeneous,True,False,False,36.17656600000174,0.0009350000027552596,0.12077962100000093
dense_1_near_01,0.01,0.0,uniform,True,False,False,36.542603000000895,0.0011509999993108977,0.12114587399999664
dense_1_near_01,0.01,0.02,heterogeneous,True,False,False,0.006704000000468113,0.0005239999936179629,0.08460934799999052
dense_1_near_01,0.01,0.02,uniform,True,False,False,0.003403000000901102,0.0003540000008683819,0.0846058769999982
dense_1_near_01,0.01,0.05,heterogeneous,True,False,False,0.0031730000031870986,0.00046099999906346056,0.08460575399999869
dense_1_near_01,0.01,0.05,uniform,True,False,False,0.003153999998062318,0.0003290000023525863,0.08460560299999685
dense_1_near_02,0.002,0.0,heterogeneous,True,False,False,36.99451700000367,0.0007390000007490016,0.1147519440000022
dense_1_near_02,0.002,0.0,uniform,True,False,False,34.97192599999721,0.0009879999964823583,0.11272960199999148
dense_1_near_02,0.002,0.02,heterogeneous,True,False,False,35.001828999995155,0.0009270000020933367,0.11275944399999503
dense_1_near_02,0.002,0.02,uniform,True,False,False,35.78166799999849,0.0009269999949879093,0.11353928299999126
dense_1_near_02,0.002,0.05,heterogeneous,True,False,False,0.0036809999954812156,0.0004239999995547805,0.07776079299999282
dense_1_near_02,0.002,0.05,uniform,True,False,False,0.003018999997550509,0.00034899999690196637,0.07776005599999224
dense_1_near_02,0.01,0.0,heterogeneous,True,False,False,35.82808399999493,0.0009350000027552596,0.11358570699999547
dense_1_near_02,0.01,0.0,uniform,True,False,False,34.38547300000039,0.000952999997139159,0.11214311399999531
dense_1_near_02,0.01,0.02,heterogeneous,True,False,False,0.004101999998340489,0.0005879999989133466,0.07776137799999504
dense_1_near_02,0.01,0.02,uniform,True,False,False,0.004033999999819571,0.00040100000120446566,0.07776112299999881
dense_1_near_02,0.01,0.05,heterogeneous,True,False,False,0.004025999999157648,0.0004320000002167035,0.07776114599999716
dense_1_near_02,0.01,0.05,uniform,True,False,False,0.004070000002798224,0.00041199999856189606,0.07776116999999914
dense_1_near_03,0.002,0.0,heterogeneous,True,False,False,36.27342300000436,0.0007239999959551824,0.10776301800000397
dense_1_near_03,0.002,0.0,uniform,True,False,False,35.37423000000217,0.0009450000035826633,0.10686404600000941
dense_1_near_03,0.002,0.02,heterogeneous,True,False,False,38.053552999997464,0.0010950000017828643,0.1095435190000029
dense_1_near_03,0.002,0.02,uniform,True,False,False,36.306189999997684,0.0008519999994405225,0.10779591300000078
dense_1_near_03,0.002,0.05,heterogeneous,True,False,False,0.004814999996938241,0.0004420000010441072,0.07149412800000164
dense_1_near_03,0.002,0.05,uniform,True,False,False,0.005727999997873212,0.0005899999990788274,0.07149518900000061
dense_1_near_03,0.01,0.0,heterogeneous,True,False,False,36.033707000001414,0.000819000000262804,0.10752339700000534
dense_1_near_03,0.01,0.0,uniform,True,False,False,37.288439000001006,0.000900999999942087,0.10877821100000461
dense_1_near_03,0.01,0.02,heterogeneous,True,False,False,0.004041000003951467,0.0004839999974137754,0.07149339600000502
dense_1_near_03,0.01,0.02,uniform,True,False,False,0.0034509999977672123,0.00034699999673648563,0.07149266899999816
dense_1_near_03,0.01,0.05,heterogeneous,True,False,False,0.003077999998879477,0.00029600000317486774,0.07149224500000571
dense_1_near_03,0.01,0.05,uniform,True,False,False,0.003016999997385028,0.00030700000053229815,0.07149219500000158
dense_1_near_04,0.002,0.0,heterogeneous,True,False,False,37.444853000003775,0.00066100000140068,0.11999282100000784
dense_1_near_04,0.002,0.0,uniform,True,False,False,35.79636000000619,0.0011110000031067102,0.11834477800001196
dense_1_near_04,0.002,0.02,heterogeneous,True,False,False,36.00039799999877,0.0008439999987785995,0.11854854900000021
dense_1_near_04,0.002,0.02,uniform,True,False,False,37.24628500000193,0.0010660000029361072,0.11979465800000753
dense_1_near_04,0.002,0.05,heterogeneous,True,False,False,0.003919999997492596,0.000365999994755839,0.08255159299999491
dense_1_near_04,0.002,0.05,uniform,True,False,False,0.002902000005633454,0.00029699999970489444,0.082550506000008
dense_1_near_04,0.01,0.0,heterogeneous,True,False,False,36.25550199999594,0.0008740000012608107,0.11880368299999987
dense_1_near_04,0.01,0.0,uniform,True,False,False,35.35869499999933,0.0009309999953188708,0.11790693299999731
dense_1_near_04,0.01,0.02,heterogeneous,True,False,False,0.006292000001906217,0.0006699999985926297,0.08255426900000316
dense_1_near_04,0.01,0.02,uniform,True,False,False,0.0031880000008754905,0.00030300000020133666,0.08255079800000374
dense_1_near_04,0.01,0.05,heterogeneous,True,False,False,0.0028560000018273968,0.00027200000118909884,0.08255043500000568
dense_1_near_04,0.01,0.05,uniform,True,False,False,0.0033990000005701404,0.0003269999950816782,0.08255103299999832
dense_1_near_05,0.002,0.0,heterogeneous,True,False,False,36.6996240000006,0.0012129999973353733,0.1163718059999934
dense_1_near_05,0.002,0.0,uniform,True,False,False,37.62580999999443,0.0010449999976458457,0.11729782399998755
dense_1_near_05,0.002,0.02,heterogeneous,True,False,False,36.39925499999919,0.0010939999981474102,0.1160713179999928
dense_1_near_05,0.002,0.02,uniform,True,False,False,35.41785400000208,0.0011009999951738791,0.11508992399999272
dense_1_near_05,0.002,0.05,heterogeneous,True,False,False,0.004094000004783993,0.0005429999987427436,0.079675605999999
dense_1_near_05,0.002,0.05,uniform,True,False,False,0.0036089999966293362,0.000534000001550794,0.07967511199999365
dense_1_near_05,0.01,0.0,heterogeneous,True,False,False,38.02991499999564,0.0008579999999369647,0.11770174199999105
dense_1_near_05,0.01,0.0,uniform,True,False,False,35.288096000002156,0.0013749999965284587,0.11496043999999415
dense_1_near_05,0.01,0.02,heterogeneous,True,False,False,0.003988999999648968,0.0005329999979153399,0.07967549099999303
dense_1_near_05,0.01,0.02,uniform,True,False,False,0.004109999999002412,0.00040199999773449235,0.07967548099999221
dense_1_near_05,0.01,0.05,heterogeneous,True,False,False,0.0036550000004353933,0.00030799999706232484,0.07967493199999297
dense_1_near_05,0.01,0.05,uniform,True,False,False,0.003941000002782857,0.0003930000005425427,0.0796753029999988
dense_1_near_06,0.002,0.0,heterogeneous,True,False,False,36.45858299999816,0.0008789999981217989,0.10128726499998607
dense_1_near_06,0.002,0.0,uniform,True,False,False,36.70381599999928,0.001201999999977943,0.10153282099998905
dense_1_near_06,0.002,0.02,heterogeneous,True,False,False,36.23044700000122,0.0007189999990941942,0.1010589689999901
dense_1_near_06,0.002,0.02,uniform,True,False,False,35.28621999999615,0.0007819999936486965,0.10011480499997959
dense_1_near_06,0.002,0.05,heterogeneous,True,False,False,0.004449000002182402,0.0004349999969122109,0.06483268699998888
dense_1_near_06,0.002,0.05,uniform,True,False,False,0.003254000006336355,0.00043600000054766497,0.06483149299999667
dense_1_near_06,0.01,0.0,heterogeneous,True,False,False,35.96936400000317,0.0011639999968338088,0.10079833099998979
dense_1_near_06,0.01,0.0,uniform,True,False,False,35.93797099999563,0.0008419999986131188,0.10076661599998403
dense_1_near_06,0.01,0.02,heterogeneous,True,False,False,0.003549999995300368,0.00044300000467956124,0.06483179599998977
dense_1_near_06,0.01,0.02,uniform,True,False,False,0.003169999999386164,0.0002499999993688107,0.06483122299998854
dense_1_near_06,0.01,0.05,heterogeneous,True,False,False,0.003268000000389293,0.0003440000000409782,0.06483141499999022
dense_1_near_06,0.01,0.05,uniform,True,False,False,0.003175999999882606,0.00041800000616376565,0.06483139699999584
dense_1_near_07,0.002,0.0,heterogeneous,True,False,False,37.92929699999803,0.0012369999993211422,0.11839377199999433
dense_1_near_07,0.002,0.0,uniform,True,False,False,35.28791100000461,0.0010580000022741842,0.11575220700000387
dense_1_near_07,0.002,0.02,heterogeneous,True,False,False,37.18943200000524,0.0008670000042343418,0.11765353700000646
dense_1_near_07,0.002,0.02,uniform,True,False,False,37.43012700000037,0.001041999993844911,0.1178944069999912
dense_1_near_07,0.002,0.05,heterogeneous,True,False,False,0.004093000001148539,0.0004319999931112761,0.08046776299999124
dense_1_near_07,0.002,0.05,uniform,True,False,False,0.005148999996151815,0.0007020000012403216,0.08046908899999437
dense_1_near_07,0.01,0.0,heterogeneous,True,False,False,37.788175000002866,0.0010870000011209413,0.11825250000000097
dense_1_near_07,0.01,0.0,uniform,True,False,False,39.023623000005614,0.0009379999994507671,0.11948779900000205
dense_1_near_07,0.01,0.02,heterogeneous,True,False,False,0.0039090000001351655,0.0005549999997356281,0.08046770199999685
dense_1_near_07,0.01,0.02,uniform,True,False,False,0.003188999997405517,0.00037000000219222784,0.08046679699999658
dense_1_near_07,0.01,0.05,heterogeneous,True,False,False,0.0028569999983574235,0.00034600000020645894,0.08046644099999554
dense_1_near_07,0.01,0.05,uniform,True,False,False,0.0032780000012166965,0.00041599999889285755,0.08046693199999709
dense_1_near_08,0.002,0.0,heterogeneous,True,False,False,36.65321999999804,0.0011719999974957318,0.12499364100000009
dense_1_near_08,0.002,0.0,uniform,True,False,False,36.6299209999994,0.0011710000009657051,0.12497034100000491
dense_1_near_08,0.002,0.02,heterogeneous,True,False,False,36.92225800000415,0.0008180000037327773,0.12526232500001241
dense_1_near_08,0.002,0.02,uniform,True,False,False,35.928268999995794,0.0008569999963015107,0.12426837499999664
dense_1_near_08,0.002,0.05,heterogeneous,True,False,False,0.003900000002943216,0.00041999999922381903,0.08834356900000671
dense_1_near_08,0.002,0.05,uniform,True,False,False,0.0034980000052087235,0.0004099999983964153,0.08834315700000815
dense_1_near_08,0.01,0.0,heterogeneous,True,False,False,38.44527000000397,0.0011549999996418592,0.12678567400000815
dense_1_near_08,0.01,0.0,uniform,True,False,False,35.88595699999786,0.0009970000007797353,0.12422620300000319
dense_1_near_08,0.01,0.02,heterogeneous,True,False,False,0.0036270000052240903,0.0005479999956037318,0.08834342400000537
dense_1_near_08,0.01,0.02,uniform,True,False,False,0.0032720000007202543,0.00044400000120958794,0.08834296500000648
dense_1_near_08,0.01,0.05,heterogeneous,True,False,False,0.0031269999993810416,0.0003080000041677522,0.0883426840000081
dense_1_near_08,0.01,0.05,uniform,True,False,False,0.0035939999989409444,0.0003540000008683819,0.08834319700000436
dense_1_near_09,0.002,0.0,heterogeneous,True,False,False,36.876257000002965,0.0008279999974547536,0.09571140700000001
dense_1_near_09,0.002,0.0,uniform,True,False,False,36.02962600000126,0.00119399999931602,0.09486514200000017
dense_1_near_09,0.002,0.02,heterogeneous,True,False,False,34.83871199999555,0.0008359999981166766,0.09367386999999326
dense_1_near_09,0.002,0.02,uniform,True,False,False,36.54796899999724,0.0008470000025795343,0.09538313799999941
dense_1_near_09,0.002,0.05,heterogeneous,True,False,False,0.003942999995842911,0.0004700000033608376,0.058838734999998796
dense_1_near_09,0.002,0.05,uniform,True,False,False,0.003224999993278743,0.00033799999954453597,0.058837884999992415
dense_1_near_09,0.01,0.0,heterogeneous,True,False,False,35.33234300000032,0.0011229999969941673,0.09416778799999691
dense_1_near_09,0.01,0.0,uniform,True,False,False,34.56249999999983,0.0009419999997817285,0.0933977639999992
dense_1_near_09,0.01,0.02,heterogeneous,True,False,False,0.003906999999969685,0.00044099999740865314,0.05883866999999697
dense_1_near_09,0.01,0.02,uniform,True,False,False,0.0032159999960867935,0.000329999998882613,0.05883786799999456
dense_1_near_09,0.01,0.05,heterogeneous,True,False,False,0.003063000001191085,0.0005290000046898058,0.05883791400000547
dense_1_near_09,0.01,0.05,uniform,True,False,False,0.002793000000167467,0.00030300000020133666,0.05883741799999996
